250527-16:37:49,570 nipype.workflow IMPORTANT:
	 Running fMRIPrep version 25.0.0

         License NOTICE ##################################################
         fMRIPrep 25.0.0
         Copyright The NiPreps Developers.
         
         This product includes software developed by
         the NiPreps Community (https://nipreps.org/).
         
         Portions of this software were developed at the Department of
         Psychology at Stanford University, Stanford, CA, US.
         
         This software is also distributed as a Docker container image.
         The bootstrapping file for the image ("Dockerfile") is licensed
         under the MIT License.
         
         This software may be distributed through an add-on package called
         "Docker Wrapper" that is under the BSD 3-clause License.
         #################################################################
250527-17:14:21,868 nipype.workflow IMPORTANT:
	 Building fMRIPrep's workflow:
           * BIDS dataset path: /data.
           * Participant list: ['GEO036'].
           * Run identifier: 20250527-150748_fd78f220-5bcc-4405-93ad-0363d5f36c9c.
           * Output spaces: MNI152NLin2009cAsym:res-native.
           * Pre-run FreeSurfer's SUBJECTS_DIR: /out/sourcedata/freesurfer.
250527-17:14:33,485 nipype.workflow INFO:
	 ANAT Stage 1: Adding template workflow
250527-17:14:42,571 nipype.workflow INFO:
	 ANAT Stage 2: Preparing brain extraction workflow
250527-17:14:42,720 nipype.workflow INFO:
	 ANAT Stage 3: Preparing segmentation workflow
250527-17:14:42,725 nipype.workflow INFO:
	 ANAT Stage 4: Preparing normalization workflow for ['MNI152NLin2009cAsym']
250527-17:14:42,739 nipype.workflow INFO:
	 ANAT Stage 5: Preparing surface reconstruction workflow
250527-17:14:42,757 nipype.workflow INFO:
	 ANAT Stage 6: Preparing mask refinement workflow
250527-17:14:42,760 nipype.workflow INFO:
	 ANAT Stage 7: Creating T2w template
250527-17:14:42,767 nipype.workflow INFO:
	 ANAT Stage 8: Creating GIFTI surfaces for ['white', 'pial', 'midthickness', 'sphere_reg', 'sphere']
250527-17:14:42,781 nipype.workflow INFO:
	 ANAT Stage 8: Creating GIFTI metrics for ['thickness', 'sulc']
250527-17:14:42,787 nipype.workflow INFO:
	 ANAT Stage 8a: Creating cortical ribbon mask
250527-17:14:42,790 nipype.workflow INFO:
	 ANAT Stage 9: Creating fsLR registration sphere
250527-17:14:42,793 nipype.workflow INFO:
	 ANAT Stage 10: Creating MSM-Sulc registration sphere
250527-17:15:19,542 nipype.workflow INFO:
	 No single-band-reference found for sub-GEO036_ses-t2_task-image_run-1_bold.nii.gz.
250527-17:15:19,963 nipype.workflow INFO:
	 Stage 1: Adding HMC boldref workflow
250527-17:15:19,970 nipype.workflow INFO:
	 Stage 2: Adding motion correction workflow
250527-17:15:19,976 nipype.workflow INFO:
	 Stage 3: Adding coregistration boldref workflow
250527-17:15:22,411 nipype.workflow INFO:
	 No single-band-reference found for sub-GEO036_ses-t2_task-image_run-2_bold.nii.gz.
250527-17:15:22,538 nipype.workflow INFO:
	 Stage 1: Adding HMC boldref workflow
250527-17:15:22,545 nipype.workflow INFO:
	 Stage 2: Adding motion correction workflow
250527-17:15:22,548 nipype.workflow INFO:
	 Stage 3: Adding coregistration boldref workflow
250527-17:15:25,341 nipype.workflow INFO:
	 No single-band-reference found for sub-GEO036_ses-t2_task-image_run-3_bold.nii.gz.
250527-17:15:25,480 nipype.workflow INFO:
	 Stage 1: Adding HMC boldref workflow
250527-17:15:25,487 nipype.workflow INFO:
	 Stage 2: Adding motion correction workflow
250527-17:15:25,490 nipype.workflow INFO:
	 Stage 3: Adding coregistration boldref workflow
250527-17:15:29,479 nipype.workflow INFO:
	 No single-band-reference found for sub-GEO036_ses-t2_task-image_run-4_bold.nii.gz.
250527-17:15:29,605 nipype.workflow INFO:
	 Stage 1: Adding HMC boldref workflow
250527-17:15:29,613 nipype.workflow INFO:
	 Stage 2: Adding motion correction workflow
250527-17:15:29,616 nipype.workflow INFO:
	 Stage 3: Adding coregistration boldref workflow
250527-17:15:33,933 nipype.workflow INFO:
	 No single-band-reference found for sub-GEO036_ses-t2_task-image_run-5_bold.nii.gz.
250527-17:15:34,59 nipype.workflow INFO:
	 Stage 1: Adding HMC boldref workflow
250527-17:15:34,65 nipype.workflow INFO:
	 Stage 2: Adding motion correction workflow
250527-17:15:34,69 nipype.workflow INFO:
	 Stage 3: Adding coregistration boldref workflow
250527-17:15:36,450 nipype.workflow INFO:
	 No single-band-reference found for sub-GEO036_ses-t3_task-image_run-1_bold.nii.gz.
250527-17:15:36,573 nipype.workflow INFO:
	 Stage 1: Adding HMC boldref workflow
250527-17:15:36,579 nipype.workflow INFO:
	 Stage 2: Adding motion correction workflow
250527-17:15:36,583 nipype.workflow INFO:
	 Stage 3: Adding coregistration boldref workflow
250527-17:15:38,974 nipype.workflow INFO:
	 No single-band-reference found for sub-GEO036_ses-t3_task-image_run-2_bold.nii.gz.
250527-17:15:39,110 nipype.workflow INFO:
	 Stage 1: Adding HMC boldref workflow
250527-17:15:39,116 nipype.workflow INFO:
	 Stage 2: Adding motion correction workflow
250527-17:15:39,120 nipype.workflow INFO:
	 Stage 3: Adding coregistration boldref workflow
250527-17:15:41,447 nipype.workflow INFO:
	 No single-band-reference found for sub-GEO036_ses-t3_task-image_run-3_bold.nii.gz.
250527-17:15:41,572 nipype.workflow INFO:
	 Stage 1: Adding HMC boldref workflow
250527-17:15:41,578 nipype.workflow INFO:
	 Stage 2: Adding motion correction workflow
250527-17:15:41,582 nipype.workflow INFO:
	 Stage 3: Adding coregistration boldref workflow
250527-17:15:43,907 nipype.workflow INFO:
	 No single-band-reference found for sub-GEO036_ses-t3_task-image_run-4_bold.nii.gz.
250527-17:15:44,31 nipype.workflow INFO:
	 Stage 1: Adding HMC boldref workflow
250527-17:15:44,38 nipype.workflow INFO:
	 Stage 2: Adding motion correction workflow
250527-17:15:44,41 nipype.workflow INFO:
	 Stage 3: Adding coregistration boldref workflow
250527-17:15:46,281 nipype.workflow INFO:
	 No single-band-reference found for sub-GEO036_ses-t3_task-image_run-5_bold.nii.gz.
250527-17:15:46,405 nipype.workflow INFO:
	 Stage 1: Adding HMC boldref workflow
250527-17:15:46,410 nipype.workflow INFO:
	 Stage 2: Adding motion correction workflow
250527-17:15:46,415 nipype.workflow INFO:
	 Stage 3: Adding coregistration boldref workflow
250527-17:15:48,709 nipype.workflow INFO:
	 No single-band-reference found for sub-GEO036_ses-t3_task-retrans_run-1_bold.nii.gz.
250527-17:15:48,831 nipype.workflow INFO:
	 Stage 1: Adding HMC boldref workflow
250527-17:15:48,837 nipype.workflow INFO:
	 Stage 2: Adding motion correction workflow
250527-17:15:48,841 nipype.workflow INFO:
	 Stage 3: Adding coregistration boldref workflow
250527-17:15:56,877 nipype.workflow INFO:
	 fMRIPrep workflow graph with 1955 nodes built successfully.
250527-17:17:06,943 nipype.workflow IMPORTANT:
	 fMRIPrep started!
250527-17:17:26,418 nipype.workflow INFO:
	 [Node] Setting-up "fmriprep_25_0_wf.sub_GEO036_wf.anat_fit_wf.brain_extraction_wf.full_wm" in "/work/fmriprep_25_0_wf/sub_GEO036_wf/anat_fit_wf/brain_extraction_wf/full_wm".
250527-17:17:26,506 nipype.workflow INFO:
	 [Node] Setting-up "fmriprep_25_0_wf.sub_GEO036_wf.anat_fit_wf.brain_extraction_wf.res_tmpl" in "/work/fmriprep_25_0_wf/sub_GEO036_wf/anat_fit_wf/brain_extraction_wf/res_tmpl".
250527-17:17:26,509 nipype.workflow INFO:
	 [Node] Setting-up "fmriprep_25_0_wf.sub_GEO036_wf.anat_fit_wf.brain_extraction_wf.lap_tmpl" in "/work/fmriprep_25_0_wf/sub_GEO036_wf/anat_fit_wf/brain_extraction_wf/lap_tmpl".
250527-17:17:26,553 nipype.workflow INFO:
	 [Node] Setting-up "fmriprep_25_0_wf.sub_GEO036_wf.bold_ses_t2_task_image_run_1_wf.bold_fit_wf.hmc_boldref_wf.validation_and_dummies_wf.val_bold" in "/work/fmriprep_25_0_wf/sub_GEO036_wf/bold_ses_t2_task_image_run_1_wf/bold_fit_wf/hmc_boldref_wf/validation_and_dummies_wf/val_bold".
250527-17:17:26,635 nipype.workflow INFO:
	 [Node] Setting-up "fmriprep_25_0_wf.sub_GEO036_wf.bold_ses_t2_task_image_run_1_wf.bold_fit_wf.hmc_boldref_wf.validation_and_dummies_wf.get_dummy" in "/work/fmriprep_25_0_wf/sub_GEO036_wf/bold_ses_t2_task_image_run_1_wf/bold_fit_wf/hmc_boldref_wf/validation_and_dummies_wf/get_dummy".
250527-17:17:26,884 nipype.workflow INFO:
	 [Node] Executing "res_tmpl" <niworkflows.interfaces.nibabel.RegridToZooms>
250527-17:17:26,885 nipype.workflow INFO:
	 [Node] Executing "full_wm" <nipype.interfaces.utility.wrappers.Function>
250527-17:17:26,944 nipype.workflow INFO:
	 [Node] Executing "lap_tmpl" <nipype.interfaces.ants.utils.ImageMath>
250527-17:17:27,137 nipype.workflow INFO:
	 [Node] Executing "val_bold" <niworkflows.interfaces.header.ValidateImage>
250527-17:17:27,221 nipype.workflow INFO:
	 [Node] Finished "val_bold", elapsed time 0.080893s.
250527-17:17:27,257 nipype.workflow INFO:
	 [Node] Executing "get_dummy" <niworkflows.interfaces.bold.NonsteadyStatesDetector>
250527-17:17:27,531 nipype.workflow INFO:
	 [Node] Setting-up "fmriprep_25_0_wf.sub_GEO036_wf.bidssrc" in "/work/fmriprep_25_0_wf/sub_GEO036_wf/bidssrc".
250527-17:17:27,622 nipype.workflow INFO:
	 [Node] Finished "full_wm", elapsed time 0.734405s.
250527-17:17:27,917 nipype.workflow INFO:
	 [Node] Executing "bidssrc" <niworkflows.interfaces.bids.BIDSDataGrabber>
250527-17:17:27,920 nipype.interface INFO:
	 No "flair" images found for sub-GEO036
250527-17:17:27,920 nipype.interface INFO:
	 No "fmap" images found for sub-GEO036
250527-17:17:27,920 nipype.interface INFO:
	 No "sbref" images found for sub-GEO036
250527-17:17:27,920 nipype.interface INFO:
	 No "roi" images found for sub-GEO036
250527-17:17:27,920 nipype.interface INFO:
	 No "pet" images found for sub-GEO036
250527-17:17:27,920 nipype.interface INFO:
	 No "asl" images found for sub-GEO036
250527-17:17:27,921 nipype.workflow INFO:
	 [Node] Finished "bidssrc", elapsed time 0.000841s.
250527-17:17:28,341 nipype.workflow INFO:
	 [Node] Finished "res_tmpl", elapsed time 1.454926s.
250527-17:17:28,703 nipype.workflow INFO:
	 [Node] Setting-up "fmriprep_25_0_wf.sub_GEO036_wf.bold_ses_t2_task_image_run_1_wf.bold_fit_wf.ds_hmc_boldref_wf.sources" in "/work/fmriprep_25_0_wf/sub_GEO036_wf/bold_ses_t2_task_image_run_1_wf/bold_fit_wf/ds_hmc_boldref_wf/sources".
250527-17:17:28,861 nipype.workflow INFO:
	 [Node] Setting-up "fmriprep_25_0_wf.sub_GEO036_wf.bold_ses_t2_task_image_run_1_wf.bold_fit_wf.ds_hmc_wf.sources" in "/work/fmriprep_25_0_wf/sub_GEO036_wf/bold_ses_t2_task_image_run_1_wf/bold_fit_wf/ds_hmc_wf/sources".
250527-17:17:29,103 nipype.workflow INFO:
	 [Node] Setting-up "fmriprep_25_0_wf.sub_GEO036_wf.bold_ses_t2_task_image_run_1_wf.bold_native_wf.bold_source" in "/work/fmriprep_25_0_wf/sub_GEO036_wf/bold_ses_t2_task_image_run_1_wf/bold_native_wf/bold_source".
250527-17:17:29,104 nipype.workflow INFO:
	 [Node] Setting-up "fmriprep_25_0_wf.sub_GEO036_wf.bold_ses_t2_task_image_run_2_wf.bold_fit_wf.hmc_boldref_wf.validation_and_dummies_wf.get_dummy" in "/work/fmriprep_25_0_wf/sub_GEO036_wf/bold_ses_t2_task_image_run_2_wf/bold_fit_wf/hmc_boldref_wf/validation_and_dummies_wf/get_dummy".
250527-17:17:29,107 nipype.workflow INFO:
	 [Node] Setting-up "fmriprep_25_0_wf.sub_GEO036_wf.bold_ses_t2_task_image_run_2_wf.bold_fit_wf.hmc_boldref_wf.validation_and_dummies_wf.val_bold" in "/work/fmriprep_25_0_wf/sub_GEO036_wf/bold_ses_t2_task_image_run_2_wf/bold_fit_wf/hmc_boldref_wf/validation_and_dummies_wf/val_bold".
250527-17:17:29,503 nipype.workflow INFO:
	 [Node] Executing "sources" <fmriprep.interfaces.bids.BIDSURI>
250527-17:17:29,506 nipype.workflow INFO:
	 [Node] Finished "sources", elapsed time 0.000696s.
250527-17:17:29,692 nipype.workflow INFO:
	 [Node] Executing "sources" <fmriprep.interfaces.bids.BIDSURI>
250527-17:17:29,695 nipype.workflow INFO:
	 [Node] Finished "sources", elapsed time 0.000667s.
250527-17:17:29,703 nipype.workflow INFO:
	 [Node] Executing "bold_source" <nipype.interfaces.utility.base.Select>
250527-17:17:29,704 nipype.workflow INFO:
	 [Node] Finished "bold_source", elapsed time 0.000561s.
250527-17:17:29,871 nipype.workflow INFO:
	 [Node] Executing "get_dummy" <niworkflows.interfaces.bold.NonsteadyStatesDetector>
250527-17:17:29,989 nipype.workflow INFO:
	 [Node] Executing "val_bold" <niworkflows.interfaces.header.ValidateImage>
250527-17:17:30,74 nipype.workflow INFO:
	 [Node] Finished "val_bold", elapsed time 0.084213s.
250527-17:17:30,468 nipype.workflow INFO:
	 [Node] Finished "get_dummy", elapsed time 3.207321s.
250527-17:17:31,74 nipype.workflow INFO:
	 [Node] Setting-up "fmriprep_25_0_wf.sub_GEO036_wf.bold_ses_t2_task_image_run_1_wf.bold_fit_wf.ds_boldmask_wf.sources" in "/work/fmriprep_25_0_wf/sub_GEO036_wf/bold_ses_t2_task_image_run_1_wf/bold_fit_wf/ds_boldmask_wf/sources".
250527-17:17:31,114 nipype.workflow INFO:
	 [Node] Setting-up "fmriprep_25_0_wf.sub_GEO036_wf.bold_ses_t2_task_image_run_2_wf.bold_fit_wf.ds_hmc_boldref_wf.sources" in "/work/fmriprep_25_0_wf/sub_GEO036_wf/bold_ses_t2_task_image_run_2_wf/bold_fit_wf/ds_hmc_boldref_wf/sources".
250527-17:17:31,115 nipype.workflow INFO:
	 [Node] Setting-up "fmriprep_25_0_wf.sub_GEO036_wf.bold_ses_t2_task_image_run_2_wf.bold_fit_wf.ds_hmc_wf.sources" in "/work/fmriprep_25_0_wf/sub_GEO036_wf/bold_ses_t2_task_image_run_2_wf/bold_fit_wf/ds_hmc_wf/sources".
250527-17:17:31,117 nipype.workflow INFO:
	 [Node] Setting-up "fmriprep_25_0_wf.sub_GEO036_wf.bold_ses_t2_task_image_run_2_wf.bold_native_wf.bold_source" in "/work/fmriprep_25_0_wf/sub_GEO036_wf/bold_ses_t2_task_image_run_2_wf/bold_native_wf/bold_source".
250527-17:17:31,584 nipype.workflow INFO:
	 [Node] Executing "sources" <fmriprep.interfaces.bids.BIDSURI>
250527-17:17:31,586 nipype.workflow INFO:
	 [Node] Finished "sources", elapsed time 0.000606s.
250527-17:17:31,880 nipype.workflow INFO:
	 [Node] Executing "sources" <fmriprep.interfaces.bids.BIDSURI>
250527-17:17:31,881 nipype.workflow INFO:
	 [Node] Finished "sources", elapsed time 0.00058s.
250527-17:17:31,896 nipype.workflow INFO:
	 [Node] Executing "sources" <fmriprep.interfaces.bids.BIDSURI>
250527-17:17:31,897 nipype.workflow INFO:
	 [Node] Finished "sources", elapsed time 0.00058s.
250527-17:17:31,930 nipype.workflow INFO:
	 [Node] Executing "bold_source" <nipype.interfaces.utility.base.Select>
250527-17:17:31,932 nipype.workflow INFO:
	 [Node] Finished "bold_source", elapsed time 0.000473s.
250527-17:17:33,78 nipype.workflow INFO:
	 [Node] Setting-up "fmriprep_25_0_wf.sub_GEO036_wf.bold_ses_t2_task_image_run_2_wf.bold_fit_wf.ds_boldmask_wf.sources" in "/work/fmriprep_25_0_wf/sub_GEO036_wf/bold_ses_t2_task_image_run_2_wf/bold_fit_wf/ds_boldmask_wf/sources".
250527-17:17:33,128 nipype.workflow INFO:
	 [Node] Setting-up "fmriprep_25_0_wf.sub_GEO036_wf.bold_ses_t2_task_image_run_3_wf.bold_fit_wf.ds_hmc_boldref_wf.sources" in "/work/fmriprep_25_0_wf/sub_GEO036_wf/bold_ses_t2_task_image_run_3_wf/bold_fit_wf/ds_hmc_boldref_wf/sources".
250527-17:17:33,128 nipype.workflow INFO:
	 [Node] Setting-up "fmriprep_25_0_wf.sub_GEO036_wf.bold_ses_t2_task_image_run_3_wf.bold_fit_wf.ds_boldmask_wf.sources" in "/work/fmriprep_25_0_wf/sub_GEO036_wf/bold_ses_t2_task_image_run_3_wf/bold_fit_wf/ds_boldmask_wf/sources".
250527-17:17:33,129 nipype.workflow INFO:
	 [Node] Setting-up "fmriprep_25_0_wf.sub_GEO036_wf.bold_ses_t2_task_image_run_3_wf.bold_fit_wf.hmc_boldref_wf.validation_and_dummies_wf.get_dummy" in "/work/fmriprep_25_0_wf/sub_GEO036_wf/bold_ses_t2_task_image_run_3_wf/bold_fit_wf/hmc_boldref_wf/validation_and_dummies_wf/get_dummy".
250527-17:17:33,131 nipype.workflow INFO:
	 [Node] Setting-up "fmriprep_25_0_wf.sub_GEO036_wf.bold_ses_t2_task_image_run_3_wf.bold_fit_wf.ds_hmc_wf.sources" in "/work/fmriprep_25_0_wf/sub_GEO036_wf/bold_ses_t2_task_image_run_3_wf/bold_fit_wf/ds_hmc_wf/sources".
250527-17:17:33,132 nipype.workflow INFO:
	 [Node] Setting-up "fmriprep_25_0_wf.sub_GEO036_wf.bold_ses_t2_task_image_run_3_wf.bold_fit_wf.hmc_boldref_wf.validation_and_dummies_wf.val_bold" in "/work/fmriprep_25_0_wf/sub_GEO036_wf/bold_ses_t2_task_image_run_3_wf/bold_fit_wf/hmc_boldref_wf/validation_and_dummies_wf/val_bold".
250527-17:17:33,225 nipype.workflow INFO:
	 [Node] Finished "get_dummy", elapsed time 3.353875s.
250527-17:17:33,787 nipype.workflow INFO:
	 [Node] Executing "sources" <fmriprep.interfaces.bids.BIDSURI>
250527-17:17:33,788 nipype.workflow INFO:
	 [Node] Finished "sources", elapsed time 0.000562s.
250527-17:17:33,874 nipype.workflow INFO:
	 [Node] Executing "sources" <fmriprep.interfaces.bids.BIDSURI>
250527-17:17:33,875 nipype.workflow INFO:
	 [Node] Finished "sources", elapsed time 0.000603s.
250527-17:17:33,955 nipype.workflow INFO:
	 [Node] Executing "val_bold" <niworkflows.interfaces.header.ValidateImage>
250527-17:17:33,989 nipype.workflow INFO:
	 [Node] Executing "sources" <fmriprep.interfaces.bids.BIDSURI>
250527-17:17:33,991 nipype.workflow INFO:
	 [Node] Finished "sources", elapsed time 0.00067s.
250527-17:17:34,13 nipype.workflow INFO:
	 [Node] Executing "get_dummy" <niworkflows.interfaces.bold.NonsteadyStatesDetector>
250527-17:17:34,57 nipype.workflow INFO:
	 [Node] Finished "val_bold", elapsed time 0.100845s.
250527-17:17:34,59 nipype.workflow INFO:
	 [Node] Executing "sources" <fmriprep.interfaces.bids.BIDSURI>
250527-17:17:34,60 nipype.workflow INFO:
	 [Node] Finished "sources", elapsed time 0.000607s.
250527-17:17:35,117 nipype.workflow INFO:
	 [Node] Setting-up "fmriprep_25_0_wf.sub_GEO036_wf.bold_ses_t2_task_image_run_3_wf.bold_native_wf.bold_source" in "/work/fmriprep_25_0_wf/sub_GEO036_wf/bold_ses_t2_task_image_run_3_wf/bold_native_wf/bold_source".
250527-17:17:35,120 nipype.workflow INFO:
	 [Node] Setting-up "fmriprep_25_0_wf.sub_GEO036_wf.bold_ses_t2_task_image_run_4_wf.bold_fit_wf.ds_hmc_boldref_wf.sources" in "/work/fmriprep_25_0_wf/sub_GEO036_wf/bold_ses_t2_task_image_run_4_wf/bold_fit_wf/ds_hmc_boldref_wf/sources".
250527-17:17:35,120 nipype.workflow INFO:
	 [Node] Setting-up "fmriprep_25_0_wf.sub_GEO036_wf.bold_ses_t2_task_image_run_4_wf.bold_fit_wf.ds_boldmask_wf.sources" in "/work/fmriprep_25_0_wf/sub_GEO036_wf/bold_ses_t2_task_image_run_4_wf/bold_fit_wf/ds_boldmask_wf/sources".
250527-17:17:35,120 nipype.workflow INFO:
	 [Node] Setting-up "fmriprep_25_0_wf.sub_GEO036_wf.bold_ses_t2_task_image_run_4_wf.bold_fit_wf.hmc_boldref_wf.validation_and_dummies_wf.get_dummy" in "/work/fmriprep_25_0_wf/sub_GEO036_wf/bold_ses_t2_task_image_run_4_wf/bold_fit_wf/hmc_boldref_wf/validation_and_dummies_wf/get_dummy".
250527-17:17:35,123 nipype.workflow INFO:
	 [Node] Setting-up "fmriprep_25_0_wf.sub_GEO036_wf.bold_ses_t2_task_image_run_4_wf.bold_fit_wf.hmc_boldref_wf.validation_and_dummies_wf.val_bold" in "/work/fmriprep_25_0_wf/sub_GEO036_wf/bold_ses_t2_task_image_run_4_wf/bold_fit_wf/hmc_boldref_wf/validation_and_dummies_wf/val_bold".
250527-17:17:35,953 nipype.workflow INFO:
	 [Node] Executing "sources" <fmriprep.interfaces.bids.BIDSURI>
250527-17:17:35,955 nipype.workflow INFO:
	 [Node] Finished "sources", elapsed time 0.000552s.
250527-17:17:36,337 nipype.workflow INFO:
	 [Node] Executing "bold_source" <nipype.interfaces.utility.base.Select>
250527-17:17:36,338 nipype.workflow INFO:
	 [Node] Finished "bold_source", elapsed time 0.000629s.
250527-17:17:36,475 nipype.workflow INFO:
	 [Node] Executing "val_bold" <niworkflows.interfaces.header.ValidateImage>
250527-17:17:36,549 nipype.workflow INFO:
	 [Node] Finished "val_bold", elapsed time 0.073499s.
250527-17:17:36,596 nipype.workflow INFO:
	 [Node] Executing "sources" <fmriprep.interfaces.bids.BIDSURI>
250527-17:17:36,598 nipype.workflow INFO:
	 [Node] Finished "sources", elapsed time 0.00051s.
250527-17:17:36,685 nipype.workflow INFO:
	 [Node] Executing "get_dummy" <niworkflows.interfaces.bold.NonsteadyStatesDetector>
250527-17:17:37,41 nipype.workflow INFO:
	 [Node] Setting-up "fmriprep_25_0_wf.sub_GEO036_wf.bold_ses_t2_task_image_run_4_wf.bold_fit_wf.ds_hmc_wf.sources" in "/work/fmriprep_25_0_wf/sub_GEO036_wf/bold_ses_t2_task_image_run_4_wf/bold_fit_wf/ds_hmc_wf/sources".
250527-17:17:37,130 nipype.workflow INFO:
	 [Node] Setting-up "fmriprep_25_0_wf.sub_GEO036_wf.bold_ses_t2_task_image_run_4_wf.bold_native_wf.bold_source" in "/work/fmriprep_25_0_wf/sub_GEO036_wf/bold_ses_t2_task_image_run_4_wf/bold_native_wf/bold_source".
250527-17:17:37,132 nipype.workflow INFO:
	 [Node] Setting-up "fmriprep_25_0_wf.sub_GEO036_wf.bold_ses_t2_task_image_run_5_wf.bold_fit_wf.hmc_boldref_wf.validation_and_dummies_wf.get_dummy" in "/work/fmriprep_25_0_wf/sub_GEO036_wf/bold_ses_t2_task_image_run_5_wf/bold_fit_wf/hmc_boldref_wf/validation_and_dummies_wf/get_dummy".
250527-17:17:37,135 nipype.workflow INFO:
	 [Node] Setting-up "fmriprep_25_0_wf.sub_GEO036_wf.bold_ses_t2_task_image_run_5_wf.bold_fit_wf.hmc_boldref_wf.validation_and_dummies_wf.val_bold" in "/work/fmriprep_25_0_wf/sub_GEO036_wf/bold_ses_t2_task_image_run_5_wf/bold_fit_wf/hmc_boldref_wf/validation_and_dummies_wf/val_bold".
250527-17:17:37,197 nipype.workflow INFO:
	 [Node] Finished "get_dummy", elapsed time 3.183077s.
250527-17:17:37,328 nipype.workflow INFO:
	 [Node] Finished "lap_tmpl", elapsed time 10.181336s.
250527-17:17:37,743 nipype.workflow INFO:
	 [Node] Executing "sources" <fmriprep.interfaces.bids.BIDSURI>
250527-17:17:37,744 nipype.workflow INFO:
	 [Node] Finished "sources", elapsed time 0.000552s.
250527-17:17:38,233 nipype.workflow INFO:
	 [Node] Executing "bold_source" <nipype.interfaces.utility.base.Select>
250527-17:17:38,234 nipype.workflow INFO:
	 [Node] Finished "bold_source", elapsed time 0.000548s.
250527-17:17:38,257 nipype.workflow INFO:
	 [Node] Executing "get_dummy" <niworkflows.interfaces.bold.NonsteadyStatesDetector>
250527-17:17:38,280 nipype.workflow INFO:
	 [Node] Executing "val_bold" <niworkflows.interfaces.header.ValidateImage>
250527-17:17:38,425 nipype.workflow INFO:
	 [Node] Finished "val_bold", elapsed time 0.144555s.
250527-17:17:39,126 nipype.workflow INFO:
	 [Node] Setting-up "fmriprep_25_0_wf.sub_GEO036_wf.bold_ses_t2_task_image_run_5_wf.bold_fit_wf.ds_hmc_boldref_wf.sources" in "/work/fmriprep_25_0_wf/sub_GEO036_wf/bold_ses_t2_task_image_run_5_wf/bold_fit_wf/ds_hmc_boldref_wf/sources".
250527-17:17:39,127 nipype.workflow INFO:
	 [Node] Setting-up "fmriprep_25_0_wf.sub_GEO036_wf.bold_ses_t2_task_image_run_5_wf.bold_fit_wf.ds_hmc_wf.sources" in "/work/fmriprep_25_0_wf/sub_GEO036_wf/bold_ses_t2_task_image_run_5_wf/bold_fit_wf/ds_hmc_wf/sources".
250527-17:17:39,128 nipype.workflow INFO:
	 [Node] Setting-up "fmriprep_25_0_wf.sub_GEO036_wf.bold_ses_t2_task_image_run_5_wf.bold_native_wf.bold_source" in "/work/fmriprep_25_0_wf/sub_GEO036_wf/bold_ses_t2_task_image_run_5_wf/bold_native_wf/bold_source".
250527-17:17:39,129 nipype.workflow INFO:
	 [Node] Setting-up "fmriprep_25_0_wf.sub_GEO036_wf.bold_ses_t3_task_image_run_1_wf.bold_fit_wf.hmc_boldref_wf.validation_and_dummies_wf.val_bold" in "/work/fmriprep_25_0_wf/sub_GEO036_wf/bold_ses_t3_task_image_run_1_wf/bold_fit_wf/hmc_boldref_wf/validation_and_dummies_wf/val_bold".
250527-17:17:39,766 nipype.workflow INFO:
	 [Node] Executing "val_bold" <niworkflows.interfaces.header.ValidateImage>
250527-17:17:39,782 nipype.workflow INFO:
	 [Node] Executing "bold_source" <nipype.interfaces.utility.base.Select>
250527-17:17:39,783 nipype.workflow INFO:
	 [Node] Finished "bold_source", elapsed time 0.000504s.
250527-17:17:39,826 nipype.workflow INFO:
	 [Node] Executing "sources" <fmriprep.interfaces.bids.BIDSURI>
250527-17:17:39,830 nipype.workflow INFO:
	 [Node] Finished "sources", elapsed time 0.000537s.
250527-17:17:39,864 nipype.workflow INFO:
	 [Node] Finished "val_bold", elapsed time 0.0973s.
250527-17:17:39,865 nipype.workflow INFO:
	 [Node] Executing "sources" <fmriprep.interfaces.bids.BIDSURI>
250527-17:17:39,866 nipype.workflow INFO:
	 [Node] Finished "sources", elapsed time 0.000617s.
250527-17:17:40,369 nipype.workflow INFO:
	 [Node] Finished "get_dummy", elapsed time 3.682332s.
250527-17:17:41,115 nipype.workflow INFO:
	 [Node] Setting-up "fmriprep_25_0_wf.sub_GEO036_wf.bold_ses_t3_task_image_run_1_wf.bold_fit_wf.hmc_boldref_wf.validation_and_dummies_wf.get_dummy" in "/work/fmriprep_25_0_wf/sub_GEO036_wf/bold_ses_t3_task_image_run_1_wf/bold_fit_wf/hmc_boldref_wf/validation_and_dummies_wf/get_dummy".
250527-17:17:41,115 nipype.workflow INFO:
	 [Node] Setting-up "fmriprep_25_0_wf.sub_GEO036_wf.bold_ses_t3_task_image_run_1_wf.bold_fit_wf.ds_hmc_boldref_wf.sources" in "/work/fmriprep_25_0_wf/sub_GEO036_wf/bold_ses_t3_task_image_run_1_wf/bold_fit_wf/ds_hmc_boldref_wf/sources".
250527-17:17:41,116 nipype.workflow INFO:
	 [Node] Setting-up "fmriprep_25_0_wf.sub_GEO036_wf.bold_ses_t3_task_image_run_1_wf.bold_fit_wf.ds_hmc_wf.sources" in "/work/fmriprep_25_0_wf/sub_GEO036_wf/bold_ses_t3_task_image_run_1_wf/bold_fit_wf/ds_hmc_wf/sources".
250527-17:17:41,116 nipype.workflow INFO:
	 [Node] Setting-up "fmriprep_25_0_wf.sub_GEO036_wf.bold_ses_t3_task_image_run_1_wf.bold_fit_wf.ds_boldmask_wf.sources" in "/work/fmriprep_25_0_wf/sub_GEO036_wf/bold_ses_t3_task_image_run_1_wf/bold_fit_wf/ds_boldmask_wf/sources".
250527-17:17:41,117 nipype.workflow INFO:
	 [Node] Setting-up "fmriprep_25_0_wf.sub_GEO036_wf.bold_ses_t3_task_image_run_1_wf.bold_native_wf.bold_source" in "/work/fmriprep_25_0_wf/sub_GEO036_wf/bold_ses_t3_task_image_run_1_wf/bold_native_wf/bold_source".
250527-17:17:41,121 nipype.workflow INFO:
	 [Node] Setting-up "fmriprep_25_0_wf.sub_GEO036_wf.bold_ses_t3_task_image_run_2_wf.bold_fit_wf.hmc_boldref_wf.validation_and_dummies_wf.val_bold" in "/work/fmriprep_25_0_wf/sub_GEO036_wf/bold_ses_t3_task_image_run_2_wf/bold_fit_wf/hmc_boldref_wf/validation_and_dummies_wf/val_bold".
250527-17:17:41,179 nipype.workflow INFO:
	 [Node] Setting-up "fmriprep_25_0_wf.sub_GEO036_wf.bold_ses_t2_task_image_run_5_wf.bold_fit_wf.ds_boldmask_wf.sources" in "/work/fmriprep_25_0_wf/sub_GEO036_wf/bold_ses_t2_task_image_run_5_wf/bold_fit_wf/ds_boldmask_wf/sources".
250527-17:17:41,515 nipype.workflow INFO:
	 [Node] Finished "get_dummy", elapsed time 3.257987s.
250527-17:17:41,520 nipype.workflow INFO:
	 [Node] Executing "get_dummy" <niworkflows.interfaces.bold.NonsteadyStatesDetector>
250527-17:17:41,620 nipype.workflow INFO:
	 [Node] Executing "bold_source" <nipype.interfaces.utility.base.Select>
250527-17:17:41,621 nipype.workflow INFO:
	 [Node] Finished "bold_source", elapsed time 0.000474s.
250527-17:17:41,666 nipype.workflow INFO:
	 [Node] Executing "sources" <fmriprep.interfaces.bids.BIDSURI>
250527-17:17:41,668 nipype.workflow INFO:
	 [Node] Finished "sources", elapsed time 0.000828s.
250527-17:17:41,691 nipype.workflow INFO:
	 [Node] Executing "sources" <fmriprep.interfaces.bids.BIDSURI>
250527-17:17:41,693 nipype.workflow INFO:
	 [Node] Finished "sources", elapsed time 0.000577s.
250527-17:17:41,707 nipype.workflow INFO:
	 [Node] Executing "sources" <fmriprep.interfaces.bids.BIDSURI>
250527-17:17:41,708 nipype.workflow INFO:
	 [Node] Finished "sources", elapsed time 0.000575s.
250527-17:17:41,721 nipype.workflow INFO:
	 [Node] Executing "sources" <fmriprep.interfaces.bids.BIDSURI>
250527-17:17:41,724 nipype.workflow INFO:
	 [Node] Finished "sources", elapsed time 0.000793s.
250527-17:17:41,773 nipype.workflow INFO:
	 [Node] Executing "val_bold" <niworkflows.interfaces.header.ValidateImage>
250527-17:17:41,882 nipype.workflow INFO:
	 [Node] Finished "val_bold", elapsed time 0.108363s.
250527-17:17:43,120 nipype.workflow INFO:
	 [Node] Setting-up "fmriprep_25_0_wf.sub_GEO036_wf.bold_ses_t3_task_image_run_2_wf.bold_fit_wf.hmc_boldref_wf.validation_and_dummies_wf.get_dummy" in "/work/fmriprep_25_0_wf/sub_GEO036_wf/bold_ses_t3_task_image_run_2_wf/bold_fit_wf/hmc_boldref_wf/validation_and_dummies_wf/get_dummy".
250527-17:17:43,120 nipype.workflow INFO:
	 [Node] Setting-up "fmriprep_25_0_wf.sub_GEO036_wf.bold_ses_t3_task_image_run_2_wf.bold_fit_wf.ds_hmc_boldref_wf.sources" in "/work/fmriprep_25_0_wf/sub_GEO036_wf/bold_ses_t3_task_image_run_2_wf/bold_fit_wf/ds_hmc_boldref_wf/sources".
250527-17:17:43,121 nipype.workflow INFO:
	 [Node] Setting-up "fmriprep_25_0_wf.sub_GEO036_wf.bold_ses_t3_task_image_run_2_wf.bold_fit_wf.ds_hmc_wf.sources" in "/work/fmriprep_25_0_wf/sub_GEO036_wf/bold_ses_t3_task_image_run_2_wf/bold_fit_wf/ds_hmc_wf/sources".
250527-17:17:43,122 nipype.workflow INFO:
	 [Node] Setting-up "fmriprep_25_0_wf.sub_GEO036_wf.bold_ses_t3_task_image_run_2_wf.bold_fit_wf.ds_boldmask_wf.sources" in "/work/fmriprep_25_0_wf/sub_GEO036_wf/bold_ses_t3_task_image_run_2_wf/bold_fit_wf/ds_boldmask_wf/sources".
250527-17:17:43,122 nipype.workflow INFO:
	 [Node] Setting-up "fmriprep_25_0_wf.sub_GEO036_wf.bold_ses_t3_task_image_run_2_wf.bold_native_wf.bold_source" in "/work/fmriprep_25_0_wf/sub_GEO036_wf/bold_ses_t3_task_image_run_2_wf/bold_native_wf/bold_source".
250527-17:17:43,124 nipype.workflow INFO:
	 [Node] Setting-up "fmriprep_25_0_wf.sub_GEO036_wf.bold_ses_t3_task_image_run_3_wf.bold_fit_wf.hmc_boldref_wf.validation_and_dummies_wf.get_dummy" in "/work/fmriprep_25_0_wf/sub_GEO036_wf/bold_ses_t3_task_image_run_3_wf/bold_fit_wf/hmc_boldref_wf/validation_and_dummies_wf/get_dummy".
250527-17:17:43,127 nipype.workflow INFO:
	 [Node] Setting-up "fmriprep_25_0_wf.sub_GEO036_wf.bold_ses_t3_task_image_run_3_wf.bold_fit_wf.hmc_boldref_wf.validation_and_dummies_wf.val_bold" in "/work/fmriprep_25_0_wf/sub_GEO036_wf/bold_ses_t3_task_image_run_3_wf/bold_fit_wf/hmc_boldref_wf/validation_and_dummies_wf/val_bold".
250527-17:17:43,641 nipype.workflow INFO:
	 [Node] Executing "get_dummy" <niworkflows.interfaces.bold.NonsteadyStatesDetector>
250527-17:17:43,691 nipype.workflow INFO:
	 [Node] Executing "sources" <fmriprep.interfaces.bids.BIDSURI>
250527-17:17:43,692 nipype.workflow INFO:
	 [Node] Finished "sources", elapsed time 0.000592s.
250527-17:17:43,700 nipype.workflow INFO:
	 [Node] Executing "bold_source" <nipype.interfaces.utility.base.Select>
250527-17:17:43,701 nipype.workflow INFO:
	 [Node] Finished "bold_source", elapsed time 0.000511s.
250527-17:17:43,701 nipype.workflow INFO:
	 [Node] Executing "sources" <fmriprep.interfaces.bids.BIDSURI>
250527-17:17:43,703 nipype.workflow INFO:
	 [Node] Finished "sources", elapsed time 0.000648s.
250527-17:17:43,738 nipype.workflow INFO:
	 [Node] Executing "sources" <fmriprep.interfaces.bids.BIDSURI>
250527-17:17:43,739 nipype.workflow INFO:
	 [Node] Finished "sources", elapsed time 0.00051s.
250527-17:17:43,774 nipype.workflow INFO:
	 [Node] Executing "get_dummy" <niworkflows.interfaces.bold.NonsteadyStatesDetector>
250527-17:17:43,786 nipype.workflow INFO:
	 [Node] Executing "val_bold" <niworkflows.interfaces.header.ValidateImage>
250527-17:17:43,874 nipype.workflow INFO:
	 [Node] Finished "val_bold", elapsed time 0.087248s.
250527-17:17:44,422 nipype.workflow INFO:
	 [Node] Finished "get_dummy", elapsed time 2.900348s.
250527-17:17:45,126 nipype.workflow INFO:
	 [Node] Setting-up "fmriprep_25_0_wf.sub_GEO036_wf.bold_ses_t3_task_image_run_3_wf.bold_fit_wf.ds_hmc_boldref_wf.sources" in "/work/fmriprep_25_0_wf/sub_GEO036_wf/bold_ses_t3_task_image_run_3_wf/bold_fit_wf/ds_hmc_boldref_wf/sources".
250527-17:17:45,127 nipype.workflow INFO:
	 [Node] Setting-up "fmriprep_25_0_wf.sub_GEO036_wf.bold_ses_t3_task_image_run_3_wf.bold_fit_wf.ds_hmc_wf.sources" in "/work/fmriprep_25_0_wf/sub_GEO036_wf/bold_ses_t3_task_image_run_3_wf/bold_fit_wf/ds_hmc_wf/sources".
250527-17:17:45,127 nipype.workflow INFO:
	 [Node] Setting-up "fmriprep_25_0_wf.sub_GEO036_wf.bold_ses_t3_task_image_run_3_wf.bold_fit_wf.ds_boldmask_wf.sources" in "/work/fmriprep_25_0_wf/sub_GEO036_wf/bold_ses_t3_task_image_run_3_wf/bold_fit_wf/ds_boldmask_wf/sources".
250527-17:17:45,128 nipype.workflow INFO:
	 [Node] Setting-up "fmriprep_25_0_wf.sub_GEO036_wf.bold_ses_t3_task_image_run_3_wf.bold_native_wf.bold_source" in "/work/fmriprep_25_0_wf/sub_GEO036_wf/bold_ses_t3_task_image_run_3_wf/bold_native_wf/bold_source".
250527-17:17:45,129 nipype.workflow INFO:
	 [Node] Setting-up "fmriprep_25_0_wf.sub_GEO036_wf.bold_ses_t3_task_image_run_4_wf.bold_fit_wf.hmc_boldref_wf.validation_and_dummies_wf.val_bold" in "/work/fmriprep_25_0_wf/sub_GEO036_wf/bold_ses_t3_task_image_run_4_wf/bold_fit_wf/hmc_boldref_wf/validation_and_dummies_wf/val_bold".
250527-17:17:45,129 nipype.workflow INFO:
	 [Node] Setting-up "fmriprep_25_0_wf.sub_GEO036_wf.bold_ses_t3_task_image_run_4_wf.bold_fit_wf.hmc_boldref_wf.validation_and_dummies_wf.get_dummy" in "/work/fmriprep_25_0_wf/sub_GEO036_wf/bold_ses_t3_task_image_run_4_wf/bold_fit_wf/hmc_boldref_wf/validation_and_dummies_wf/get_dummy".
250527-17:17:45,393 nipype.workflow INFO:
	 [Node] Executing "bold_source" <nipype.interfaces.utility.base.Select>
250527-17:17:45,394 nipype.workflow INFO:
	 [Node] Finished "bold_source", elapsed time 0.000374s.
250527-17:17:45,492 nipype.workflow INFO:
	 [Node] Executing "sources" <fmriprep.interfaces.bids.BIDSURI>
250527-17:17:45,494 nipype.workflow INFO:
	 [Node] Finished "sources", elapsed time 0.000583s.
250527-17:17:45,605 nipype.workflow INFO:
	 [Node] Executing "sources" <fmriprep.interfaces.bids.BIDSURI>
250527-17:17:45,606 nipype.workflow INFO:
	 [Node] Finished "sources", elapsed time 0.000595s.
250527-17:17:45,608 nipype.workflow INFO:
	 [Node] Executing "sources" <fmriprep.interfaces.bids.BIDSURI>
250527-17:17:45,610 nipype.workflow INFO:
	 [Node] Finished "sources", elapsed time 0.000563s.
250527-17:17:45,774 nipype.workflow INFO:
	 [Node] Executing "val_bold" <niworkflows.interfaces.header.ValidateImage>
250527-17:17:45,877 nipype.workflow INFO:
	 [Node] Finished "val_bold", elapsed time 0.102095s.
250527-17:17:45,901 nipype.workflow INFO:
	 [Node] Executing "get_dummy" <niworkflows.interfaces.bold.NonsteadyStatesDetector>
250527-17:17:46,623 nipype.workflow INFO:
	 [Node] Finished "get_dummy", elapsed time 2.848155s.
250527-17:17:47,141 nipype.workflow INFO:
	 [Node] Setting-up "fmriprep_25_0_wf.sub_GEO036_wf.bold_ses_t3_task_image_run_4_wf.bold_fit_wf.ds_hmc_boldref_wf.sources" in "/work/fmriprep_25_0_wf/sub_GEO036_wf/bold_ses_t3_task_image_run_4_wf/bold_fit_wf/ds_hmc_boldref_wf/sources".
250527-17:17:47,142 nipype.workflow INFO:
	 [Node] Setting-up "fmriprep_25_0_wf.sub_GEO036_wf.bold_ses_t3_task_image_run_4_wf.bold_fit_wf.ds_hmc_wf.sources" in "/work/fmriprep_25_0_wf/sub_GEO036_wf/bold_ses_t3_task_image_run_4_wf/bold_fit_wf/ds_hmc_wf/sources".
250527-17:17:47,172 nipype.workflow INFO:
	 [Node] Setting-up "fmriprep_25_0_wf.sub_GEO036_wf.bold_ses_t3_task_image_run_4_wf.bold_fit_wf.ds_boldmask_wf.sources" in "/work/fmriprep_25_0_wf/sub_GEO036_wf/bold_ses_t3_task_image_run_4_wf/bold_fit_wf/ds_boldmask_wf/sources".
250527-17:17:47,173 nipype.workflow INFO:
	 [Node] Setting-up "fmriprep_25_0_wf.sub_GEO036_wf.bold_ses_t3_task_image_run_4_wf.bold_native_wf.bold_source" in "/work/fmriprep_25_0_wf/sub_GEO036_wf/bold_ses_t3_task_image_run_4_wf/bold_native_wf/bold_source".
250527-17:17:47,174 nipype.workflow INFO:
	 [Node] Setting-up "fmriprep_25_0_wf.sub_GEO036_wf.bold_ses_t3_task_image_run_5_wf.bold_fit_wf.hmc_boldref_wf.validation_and_dummies_wf.val_bold" in "/work/fmriprep_25_0_wf/sub_GEO036_wf/bold_ses_t3_task_image_run_5_wf/bold_fit_wf/hmc_boldref_wf/validation_and_dummies_wf/val_bold".
250527-17:17:47,175 nipype.workflow INFO:
	 [Node] Setting-up "fmriprep_25_0_wf.sub_GEO036_wf.bold_ses_t3_task_image_run_5_wf.bold_fit_wf.hmc_boldref_wf.validation_and_dummies_wf.get_dummy" in "/work/fmriprep_25_0_wf/sub_GEO036_wf/bold_ses_t3_task_image_run_5_wf/bold_fit_wf/hmc_boldref_wf/validation_and_dummies_wf/get_dummy".
250527-17:17:47,358 nipype.workflow INFO:
	 [Node] Finished "get_dummy", elapsed time 3.715804s.
250527-17:17:47,995 nipype.workflow INFO:
	 [Node] Executing "sources" <fmriprep.interfaces.bids.BIDSURI>
250527-17:17:47,996 nipype.workflow INFO:
	 [Node] Finished "sources", elapsed time 0.000555s.
250527-17:17:48,8 nipype.workflow INFO:
	 [Node] Executing "sources" <fmriprep.interfaces.bids.BIDSURI>
250527-17:17:48,10 nipype.workflow INFO:
	 [Node] Finished "sources", elapsed time 0.000601s.
250527-17:17:48,11 nipype.workflow INFO:
	 [Node] Executing "sources" <fmriprep.interfaces.bids.BIDSURI>
250527-17:17:48,13 nipype.workflow INFO:
	 [Node] Finished "sources", elapsed time 0.000582s.
250527-17:17:48,88 nipype.workflow INFO:
	 [Node] Executing "val_bold" <niworkflows.interfaces.header.ValidateImage>
250527-17:17:48,198 nipype.workflow INFO:
	 [Node] Finished "val_bold", elapsed time 0.1085s.
250527-17:17:48,235 nipype.workflow INFO:
	 [Node] Executing "bold_source" <nipype.interfaces.utility.base.Select>
250527-17:17:48,236 nipype.workflow INFO:
	 [Node] Finished "bold_source", elapsed time 0.000412s.
250527-17:17:48,271 nipype.workflow INFO:
	 [Node] Executing "get_dummy" <niworkflows.interfaces.bold.NonsteadyStatesDetector>
250527-17:17:48,740 nipype.workflow INFO:
	 [Node] Finished "get_dummy", elapsed time 2.837735s.
250527-17:17:49,120 nipype.workflow INFO:
	 [Node] Setting-up "fmriprep_25_0_wf.sub_GEO036_wf.bold_ses_t3_task_image_run_5_wf.bold_fit_wf.ds_hmc_boldref_wf.sources" in "/work/fmriprep_25_0_wf/sub_GEO036_wf/bold_ses_t3_task_image_run_5_wf/bold_fit_wf/ds_hmc_boldref_wf/sources".
250527-17:17:49,121 nipype.workflow INFO:
	 [Node] Setting-up "fmriprep_25_0_wf.sub_GEO036_wf.bold_ses_t3_task_image_run_5_wf.bold_fit_wf.ds_hmc_wf.sources" in "/work/fmriprep_25_0_wf/sub_GEO036_wf/bold_ses_t3_task_image_run_5_wf/bold_fit_wf/ds_hmc_wf/sources".
250527-17:17:49,121 nipype.workflow INFO:
	 [Node] Setting-up "fmriprep_25_0_wf.sub_GEO036_wf.bold_ses_t3_task_image_run_5_wf.bold_fit_wf.ds_boldmask_wf.sources" in "/work/fmriprep_25_0_wf/sub_GEO036_wf/bold_ses_t3_task_image_run_5_wf/bold_fit_wf/ds_boldmask_wf/sources".
250527-17:17:49,122 nipype.workflow INFO:
	 [Node] Setting-up "fmriprep_25_0_wf.sub_GEO036_wf.bold_ses_t3_task_image_run_5_wf.bold_native_wf.bold_source" in "/work/fmriprep_25_0_wf/sub_GEO036_wf/bold_ses_t3_task_image_run_5_wf/bold_native_wf/bold_source".
250527-17:17:49,123 nipype.workflow INFO:
	 [Node] Setting-up "fmriprep_25_0_wf.sub_GEO036_wf.bold_ses_t3_task_retrans_run_1_wf.bold_fit_wf.hmc_boldref_wf.validation_and_dummies_wf.get_dummy" in "/work/fmriprep_25_0_wf/sub_GEO036_wf/bold_ses_t3_task_retrans_run_1_wf/bold_fit_wf/hmc_boldref_wf/validation_and_dummies_wf/get_dummy".
250527-17:17:49,127 nipype.workflow INFO:
	 [Node] Setting-up "fmriprep_25_0_wf.sub_GEO036_wf.bold_ses_t3_task_retrans_run_1_wf.bold_fit_wf.hmc_boldref_wf.validation_and_dummies_wf.val_bold" in "/work/fmriprep_25_0_wf/sub_GEO036_wf/bold_ses_t3_task_retrans_run_1_wf/bold_fit_wf/hmc_boldref_wf/validation_and_dummies_wf/val_bold".
250527-17:17:49,925 nipype.workflow INFO:
	 [Node] Executing "bold_source" <nipype.interfaces.utility.base.Select>
250527-17:17:49,927 nipype.workflow INFO:
	 [Node] Finished "bold_source", elapsed time 0.000537s.
250527-17:17:50,61 nipype.workflow INFO:
	 [Node] Executing "sources" <fmriprep.interfaces.bids.BIDSURI>
250527-17:17:50,63 nipype.workflow INFO:
	 [Node] Finished "sources", elapsed time 0.000705s.
250527-17:17:50,71 nipype.workflow INFO:
	 [Node] Executing "sources" <fmriprep.interfaces.bids.BIDSURI>
250527-17:17:50,73 nipype.workflow INFO:
	 [Node] Finished "sources", elapsed time 0.000522s.
250527-17:17:50,167 nipype.workflow INFO:
	 [Node] Executing "get_dummy" <niworkflows.interfaces.bold.NonsteadyStatesDetector>
250527-17:17:50,198 nipype.workflow INFO:
	 [Node] Executing "val_bold" <niworkflows.interfaces.header.ValidateImage>
250527-17:17:50,198 nipype.workflow INFO:
	 [Node] Executing "sources" <fmriprep.interfaces.bids.BIDSURI>
250527-17:17:50,199 nipype.workflow INFO:
	 [Node] Finished "sources", elapsed time 0.000534s.
250527-17:17:50,297 nipype.workflow INFO:
	 [Node] Finished "val_bold", elapsed time 0.098304s.
250527-17:17:51,146 nipype.workflow INFO:
	 [Node] Setting-up "fmriprep_25_0_wf.sub_GEO036_wf.bold_ses_t3_task_retrans_run_1_wf.bold_fit_wf.ds_hmc_wf.sources" in "/work/fmriprep_25_0_wf/sub_GEO036_wf/bold_ses_t3_task_retrans_run_1_wf/bold_fit_wf/ds_hmc_wf/sources".
250527-17:17:51,147 nipype.workflow INFO:
	 [Node] Setting-up "fmriprep_25_0_wf.sub_GEO036_wf.bold_ses_t3_task_retrans_run_1_wf.bold_fit_wf.ds_boldmask_wf.sources" in "/work/fmriprep_25_0_wf/sub_GEO036_wf/bold_ses_t3_task_retrans_run_1_wf/bold_fit_wf/ds_boldmask_wf/sources".
250527-17:17:51,147 nipype.workflow INFO:
	 [Node] Setting-up "fmriprep_25_0_wf.sub_GEO036_wf.bold_ses_t3_task_retrans_run_1_wf.bold_native_wf.bold_source" in "/work/fmriprep_25_0_wf/sub_GEO036_wf/bold_ses_t3_task_retrans_run_1_wf/bold_native_wf/bold_source".
250527-17:17:51,204 nipype.workflow INFO:
	 [Node] Finished "get_dummy", elapsed time 2.9324019999999997s.
250527-17:17:51,754 nipype.workflow INFO:
	 [Node] Executing "bold_source" <nipype.interfaces.utility.base.Select>
250527-17:17:51,755 nipype.workflow INFO:
	 [Node] Finished "bold_source", elapsed time 0.000421s.
250527-17:17:52,125 nipype.workflow INFO:
	 [Node] Executing "sources" <fmriprep.interfaces.bids.BIDSURI>
250527-17:17:52,131 nipype.workflow INFO:
	 [Node] Finished "sources", elapsed time 0.002333s.
250527-17:17:52,171 nipype.workflow INFO:
	 [Node] Executing "sources" <fmriprep.interfaces.bids.BIDSURI>
250527-17:17:52,173 nipype.workflow INFO:
	 [Node] Finished "sources", elapsed time 0.00076s.
250527-17:17:53,78 nipype.workflow INFO:
	 [Node] Setting-up "fmriprep_25_0_wf.sub_GEO036_wf.bold_ses_t3_task_retrans_run_1_wf.bold_fit_wf.ds_hmc_boldref_wf.sources" in "/work/fmriprep_25_0_wf/sub_GEO036_wf/bold_ses_t3_task_retrans_run_1_wf/bold_fit_wf/ds_hmc_boldref_wf/sources".
250527-17:17:53,606 nipype.workflow INFO:
	 [Node] Executing "sources" <fmriprep.interfaces.bids.BIDSURI>
250527-17:17:53,607 nipype.workflow INFO:
	 [Node] Finished "sources", elapsed time 0.000585s.
250527-17:17:53,671 nipype.workflow INFO:
	 [Node] Finished "get_dummy", elapsed time 3.502712s.
250527-17:17:54,627 nipype.workflow INFO:
	 [Node] Setting-up "fmriprep_25_0_wf.sub_GEO036_wf.bids_info" in "/work/fmriprep_25_0_wf/sub_GEO036_wf/bids_info".
250527-17:17:54,631 nipype.workflow INFO:
	 [Node] Setting-up "fmriprep_25_0_wf.sub_GEO036_wf.anat_fit_wf.anat_template_wf.anat_ref_dimensions" in "/work/fmriprep_25_0_wf/sub_GEO036_wf/anat_fit_wf/anat_template_wf/anat_ref_dimensions".
250527-17:17:54,769 nipype.workflow INFO:
	 [Node] Executing "bids_info" <niworkflows.interfaces.bids.BIDSInfo>
250527-17:17:54,777 nipype.workflow INFO:
	 [Node] Finished "bids_info", elapsed time 0.006444s.
250527-17:17:55,29 nipype.workflow INFO:
	 [Node] Setting-up "fmriprep_25_0_wf.sub_GEO036_wf.anat_fit_wf.t2w_template_wf.anat_ref_dimensions" in "/work/fmriprep_25_0_wf/sub_GEO036_wf/anat_fit_wf/t2w_template_wf/anat_ref_dimensions".
250527-17:17:55,448 nipype.workflow INFO:
	 [Node] Executing "anat_ref_dimensions" <niworkflows.interfaces.images.TemplateDimensions>
250527-17:17:55,550 nipype.workflow INFO:
	 [Node] Executing "anat_ref_dimensions" <niworkflows.interfaces.images.TemplateDimensions>
250527-17:17:56,83 nipype.workflow INFO:
	 [Node] Setting-up "fmriprep_25_0_wf.sub_GEO036_wf.anat_fit_wf.brain_extraction_wf.mrg_tmpl" in "/work/fmriprep_25_0_wf/sub_GEO036_wf/anat_fit_wf/brain_extraction_wf/mrg_tmpl".
250527-17:17:56,123 nipype.workflow INFO:
	 [Node] Finished "anat_ref_dimensions", elapsed time 0.673905s.
250527-17:17:56,399 nipype.workflow INFO:
	 [Node] Executing "mrg_tmpl" <nipype.interfaces.utility.base.Merge>
250527-17:17:56,400 nipype.workflow INFO:
	 [Node] Finished "mrg_tmpl", elapsed time 0.000414s.
250527-17:17:57,385 nipype.workflow INFO:
	 [Node] Finished "anat_ref_dimensions", elapsed time 1.833426s.
250527-17:17:59,36 nipype.workflow INFO:
	 [Node] Setting-up "fmriprep_25_0_wf.sub_GEO036_wf.bold_ses_t2_task_image_run_1_wf.bold_native_wf.validate_bold" in "/work/fmriprep_25_0_wf/sub_GEO036_wf/bold_ses_t2_task_image_run_1_wf/bold_native_wf/validate_bold".
250527-17:17:59,38 nipype.workflow INFO:
	 [Node] Setting-up "fmriprep_25_0_wf.sub_GEO036_wf.bold_ses_t2_task_image_run_1_wf.bold_fit_wf.hmc_boldref_wf.gen_avg" in "/work/fmriprep_25_0_wf/sub_GEO036_wf/bold_ses_t2_task_image_run_1_wf/bold_fit_wf/hmc_boldref_wf/gen_avg".
250527-17:17:59,810 nipype.workflow INFO:
	 [Node] Executing "validate_bold" <niworkflows.interfaces.header.ValidateImage>
250527-17:17:59,914 nipype.workflow INFO:
	 [Node] Executing "gen_avg" <niworkflows.interfaces.images.RobustAverage>
250527-17:17:59,923 nipype.workflow INFO:
	 [Node] Finished "validate_bold", elapsed time 0.111313s.
250527-17:18:01,105 nipype.workflow INFO:
	 [Node] Setting-up "fmriprep_25_0_wf.sub_GEO036_wf.bold_ses_t2_task_image_run_2_wf.bold_native_wf.validate_bold" in "/work/fmriprep_25_0_wf/sub_GEO036_wf/bold_ses_t2_task_image_run_2_wf/bold_native_wf/validate_bold".
250527-17:18:01,107 nipype.workflow INFO:
	 [Node] Setting-up "fmriprep_25_0_wf.sub_GEO036_wf.bold_ses_t2_task_image_run_2_wf.bold_fit_wf.hmc_boldref_wf.gen_avg" in "/work/fmriprep_25_0_wf/sub_GEO036_wf/bold_ses_t2_task_image_run_2_wf/bold_fit_wf/hmc_boldref_wf/gen_avg".
250527-17:18:01,353 nipype.workflow INFO:
	 [Node] Executing "gen_avg" <niworkflows.interfaces.images.RobustAverage>
250527-17:18:01,407 nipype.workflow INFO:
	 [Node] Executing "validate_bold" <niworkflows.interfaces.header.ValidateImage>
250527-17:18:01,502 nipype.workflow INFO:
	 [Node] Finished "validate_bold", elapsed time 0.093958s.
250527-17:18:02,968 nipype.workflow INFO:
	 [Node] Setting-up "fmriprep_25_0_wf.sub_GEO036_wf.bold_ses_t2_task_image_run_3_wf.bold_native_wf.validate_bold" in "/work/fmriprep_25_0_wf/sub_GEO036_wf/bold_ses_t2_task_image_run_3_wf/bold_native_wf/validate_bold".
250527-17:18:02,972 nipype.workflow INFO:
	 [Node] Setting-up "fmriprep_25_0_wf.sub_GEO036_wf.bold_ses_t2_task_image_run_3_wf.bold_fit_wf.hmc_boldref_wf.gen_avg" in "/work/fmriprep_25_0_wf/sub_GEO036_wf/bold_ses_t2_task_image_run_3_wf/bold_fit_wf/hmc_boldref_wf/gen_avg".
250527-17:18:03,335 nipype.workflow INFO:
	 [Node] Executing "validate_bold" <niworkflows.interfaces.header.ValidateImage>
250527-17:18:03,357 nipype.workflow INFO:
	 [Node] Executing "gen_avg" <niworkflows.interfaces.images.RobustAverage>
250527-17:18:03,439 nipype.workflow INFO:
	 [Node] Finished "validate_bold", elapsed time 0.102689s.
250527-17:18:03,683 nipype.interface INFO:
	 stderr 2025-05-27T17:18:03.683908:++ 3dvolreg: AFNI version=AFNI_25.0.11 (Mar 24 2025) [64-bit]
250527-17:18:03,684 nipype.interface INFO:
	 stderr 2025-05-27T17:18:03.683908:++ Authored by: RW Cox
250527-17:18:03,687 nipype.interface INFO:
	 stderr 2025-05-27T17:18:03.687561:** AFNI converts NIFTI_datatype=4 (INT16) in file /work/fmriprep_25_0_wf/sub_GEO036_wf/bold_ses_t2_task_image_run_1_wf/bold_fit_wf/hmc_boldref_wf/gen_avg/sub-GEO036_ses-t2_task-image_run-1_bold_sliced.nii.gz to FLOAT32
250527-17:18:03,687 nipype.interface INFO:
	 stderr 2025-05-27T17:18:03.687561:     Warnings of this type will be muted for this session.
250527-17:18:03,687 nipype.interface INFO:
	 stderr 2025-05-27T17:18:03.687561:     Set AFNI_NIFTI_TYPE_WARN to YES to see them all, NO to see none.
250527-17:18:03,689 nipype.interface INFO:
	 stderr 2025-05-27T17:18:03.689029:[7m*+ WARNING:[0m   If you are performing spatial transformations on an oblique dset,
250527-17:18:03,689 nipype.interface INFO:
	 stderr 2025-05-27T17:18:03.689029:  such as /work/fmriprep_25_0_wf/sub_GEO036_wf/bold_ses_t2_task_image_run_1_wf/bold_fit_wf/hmc_boldref_wf/gen_avg/sub-GEO036_ses-t2_task-image_run-1_bold_sliced.nii.gz,
250527-17:18:03,689 nipype.interface INFO:
	 stderr 2025-05-27T17:18:03.689029:  or viewing/combining it with volumes of differing obliquity,
250527-17:18:03,689 nipype.interface INFO:
	 stderr 2025-05-27T17:18:03.689029:  you should consider running: 
250527-17:18:03,689 nipype.interface INFO:
	 stderr 2025-05-27T17:18:03.689029:     3dWarp -deoblique 
250527-17:18:03,689 nipype.interface INFO:
	 stderr 2025-05-27T17:18:03.689029:  on this and  other oblique datasets in the same session.
250527-17:18:03,689 nipype.interface INFO:
	 stderr 2025-05-27T17:18:03.689029: See 3dWarp -help for details.
250527-17:18:03,689 nipype.interface INFO:
	 stderr 2025-05-27T17:18:03.689029:++ Oblique dataset:/work/fmriprep_25_0_wf/sub_GEO036_wf/bold_ses_t2_task_image_run_1_wf/bold_fit_wf/hmc_boldref_wf/gen_avg/sub-GEO036_ses-t2_task-image_run-1_bold_sliced.nii.gz is 35.800007 degrees from plumb.
250527-17:18:03,689 nipype.interface INFO:
	 stderr 2025-05-27T17:18:03.689204:++ Coarse del was 10, replaced with 6
250527-17:18:03,987 nipype.interface INFO:
	 stderr 2025-05-27T17:18:03.987108:++ edt_blur: sigx 2, dx 1, fwhm 4.70964, sfac 2.5, firx 5
250527-17:18:04,649 nipype.workflow INFO:
	 [Node] Setting-up "fmriprep_25_0_wf.sub_GEO036_wf.bold_ses_t2_task_image_run_4_wf.bold_native_wf.validate_bold" in "/work/fmriprep_25_0_wf/sub_GEO036_wf/bold_ses_t2_task_image_run_4_wf/bold_native_wf/validate_bold".
250527-17:18:04,652 nipype.workflow INFO:
	 [Node] Setting-up "fmriprep_25_0_wf.sub_GEO036_wf.bold_ses_t2_task_image_run_4_wf.bold_fit_wf.hmc_boldref_wf.gen_avg" in "/work/fmriprep_25_0_wf/sub_GEO036_wf/bold_ses_t2_task_image_run_4_wf/bold_fit_wf/hmc_boldref_wf/gen_avg".
250527-17:18:04,657 nipype.interface INFO:
	 stderr 2025-05-27T17:18:04.656964:++ 3dvolreg: AFNI version=AFNI_25.0.11 (Mar 24 2025) [64-bit]
250527-17:18:04,657 nipype.interface INFO:
	 stderr 2025-05-27T17:18:04.656964:++ Authored by: RW Cox
250527-17:18:04,659 nipype.interface INFO:
	 stderr 2025-05-27T17:18:04.659842:** AFNI converts NIFTI_datatype=4 (INT16) in file /work/fmriprep_25_0_wf/sub_GEO036_wf/bold_ses_t2_task_image_run_2_wf/bold_fit_wf/hmc_boldref_wf/gen_avg/sub-GEO036_ses-t2_task-image_run-2_bold_sliced.nii.gz to FLOAT32
250527-17:18:04,659 nipype.interface INFO:
	 stderr 2025-05-27T17:18:04.659842:     Warnings of this type will be muted for this session.
250527-17:18:04,659 nipype.interface INFO:
	 stderr 2025-05-27T17:18:04.659842:     Set AFNI_NIFTI_TYPE_WARN to YES to see them all, NO to see none.
250527-17:18:04,661 nipype.interface INFO:
	 stderr 2025-05-27T17:18:04.661319:[7m*+ WARNING:[0m   If you are performing spatial transformations on an oblique dset,
250527-17:18:04,661 nipype.interface INFO:
	 stderr 2025-05-27T17:18:04.661319:  such as /work/fmriprep_25_0_wf/sub_GEO036_wf/bold_ses_t2_task_image_run_2_wf/bold_fit_wf/hmc_boldref_wf/gen_avg/sub-GEO036_ses-t2_task-image_run-2_bold_sliced.nii.gz,
250527-17:18:04,661 nipype.interface INFO:
	 stderr 2025-05-27T17:18:04.661319:  or viewing/combining it with volumes of differing obliquity,
250527-17:18:04,661 nipype.interface INFO:
	 stderr 2025-05-27T17:18:04.661319:  you should consider running: 
250527-17:18:04,661 nipype.interface INFO:
	 stderr 2025-05-27T17:18:04.661319:     3dWarp -deoblique 
250527-17:18:04,661 nipype.interface INFO:
	 stderr 2025-05-27T17:18:04.661319:  on this and  other oblique datasets in the same session.
250527-17:18:04,661 nipype.interface INFO:
	 stderr 2025-05-27T17:18:04.661319: See 3dWarp -help for details.
250527-17:18:04,661 nipype.interface INFO:
	 stderr 2025-05-27T17:18:04.661319:++ Oblique dataset:/work/fmriprep_25_0_wf/sub_GEO036_wf/bold_ses_t2_task_image_run_2_wf/bold_fit_wf/hmc_boldref_wf/gen_avg/sub-GEO036_ses-t2_task-image_run-2_bold_sliced.nii.gz is 35.800007 degrees from plumb.
250527-17:18:04,661 nipype.interface INFO:
	 stderr 2025-05-27T17:18:04.661468:++ Coarse del was 10, replaced with 6
250527-17:18:04,950 nipype.interface INFO:
	 stderr 2025-05-27T17:18:04.950868:++ edt_blur: sigx 2, dx 1, fwhm 4.70964, sfac 2.5, firx 5
250527-17:18:05,91 nipype.workflow INFO:
	 [Node] Executing "validate_bold" <niworkflows.interfaces.header.ValidateImage>
250527-17:18:05,94 nipype.workflow INFO:
	 [Node] Executing "gen_avg" <niworkflows.interfaces.images.RobustAverage>
250527-17:18:05,204 nipype.workflow INFO:
	 [Node] Finished "validate_bold", elapsed time 0.112506s.
250527-17:18:06,794 nipype.workflow INFO:
	 [Node] Setting-up "fmriprep_25_0_wf.sub_GEO036_wf.bold_ses_t2_task_image_run_5_wf.bold_fit_wf.hmc_boldref_wf.gen_avg" in "/work/fmriprep_25_0_wf/sub_GEO036_wf/bold_ses_t2_task_image_run_5_wf/bold_fit_wf/hmc_boldref_wf/gen_avg".
250527-17:18:06,847 nipype.interface INFO:
	 stderr 2025-05-27T17:18:06.847307:++ 3dvolreg: AFNI version=AFNI_25.0.11 (Mar 24 2025) [64-bit]
250527-17:18:06,847 nipype.interface INFO:
	 stderr 2025-05-27T17:18:06.847307:++ Authored by: RW Cox
250527-17:18:06,850 nipype.interface INFO:
	 stderr 2025-05-27T17:18:06.850330:** AFNI converts NIFTI_datatype=4 (INT16) in file /work/fmriprep_25_0_wf/sub_GEO036_wf/bold_ses_t2_task_image_run_3_wf/bold_fit_wf/hmc_boldref_wf/gen_avg/sub-GEO036_ses-t2_task-image_run-3_bold_sliced.nii.gz to FLOAT32
250527-17:18:06,850 nipype.interface INFO:
	 stderr 2025-05-27T17:18:06.850330:     Warnings of this type will be muted for this session.
250527-17:18:06,850 nipype.interface INFO:
	 stderr 2025-05-27T17:18:06.850330:     Set AFNI_NIFTI_TYPE_WARN to YES to see them all, NO to see none.
250527-17:18:06,851 nipype.interface INFO:
	 stderr 2025-05-27T17:18:06.851778:[7m*+ WARNING:[0m   If you are performing spatial transformations on an oblique dset,
250527-17:18:06,851 nipype.interface INFO:
	 stderr 2025-05-27T17:18:06.851778:  such as /work/fmriprep_25_0_wf/sub_GEO036_wf/bold_ses_t2_task_image_run_3_wf/bold_fit_wf/hmc_boldref_wf/gen_avg/sub-GEO036_ses-t2_task-image_run-3_bold_sliced.nii.gz,
250527-17:18:06,851 nipype.interface INFO:
	 stderr 2025-05-27T17:18:06.851778:  or viewing/combining it with volumes of differing obliquity,
250527-17:18:06,851 nipype.interface INFO:
	 stderr 2025-05-27T17:18:06.851778:  you should consider running: 
250527-17:18:06,851 nipype.interface INFO:
	 stderr 2025-05-27T17:18:06.851778:     3dWarp -deoblique 
250527-17:18:06,851 nipype.interface INFO:
	 stderr 2025-05-27T17:18:06.851778:  on this and  other oblique datasets in the same session.
250527-17:18:06,851 nipype.interface INFO:
	 stderr 2025-05-27T17:18:06.851778: See 3dWarp -help for details.
250527-17:18:06,851 nipype.interface INFO:
	 stderr 2025-05-27T17:18:06.851778:++ Oblique dataset:/work/fmriprep_25_0_wf/sub_GEO036_wf/bold_ses_t2_task_image_run_3_wf/bold_fit_wf/hmc_boldref_wf/gen_avg/sub-GEO036_ses-t2_task-image_run-3_bold_sliced.nii.gz is 35.800007 degrees from plumb.
250527-17:18:06,851 nipype.interface INFO:
	 stderr 2025-05-27T17:18:06.851778:++ Coarse del was 10, replaced with 6
250527-17:18:07,145 nipype.interface INFO:
	 stderr 2025-05-27T17:18:07.145839:++ edt_blur: sigx 2, dx 1, fwhm 4.70964, sfac 2.5, firx 5
250527-17:18:07,564 nipype.workflow INFO:
	 [Node] Setting-up "fmriprep_25_0_wf.sub_GEO036_wf.bold_ses_t2_task_image_run_5_wf.bold_native_wf.validate_bold" in "/work/fmriprep_25_0_wf/sub_GEO036_wf/bold_ses_t2_task_image_run_5_wf/bold_native_wf/validate_bold".
250527-17:18:08,360 nipype.workflow INFO:
	 [Node] Executing "gen_avg" <niworkflows.interfaces.images.RobustAverage>
250527-17:18:08,549 nipype.workflow INFO:
	 [Node] Executing "validate_bold" <niworkflows.interfaces.header.ValidateImage>
250527-17:18:08,775 nipype.workflow INFO:
	 [Node] Finished "validate_bold", elapsed time 0.22478s.
250527-17:18:10,227 nipype.interface INFO:
	 stderr 2025-05-27T17:18:10.227410:++ 3dvolreg: AFNI version=AFNI_25.0.11 (Mar 24 2025) [64-bit]
250527-17:18:10,227 nipype.interface INFO:
	 stderr 2025-05-27T17:18:10.227410:++ Authored by: RW Cox
250527-17:18:10,230 nipype.interface INFO:
	 stderr 2025-05-27T17:18:10.230630:** AFNI converts NIFTI_datatype=4 (INT16) in file /work/fmriprep_25_0_wf/sub_GEO036_wf/bold_ses_t2_task_image_run_4_wf/bold_fit_wf/hmc_boldref_wf/gen_avg/sub-GEO036_ses-t2_task-image_run-4_bold_sliced.nii.gz to FLOAT32
250527-17:18:10,230 nipype.interface INFO:
	 stderr 2025-05-27T17:18:10.230630:     Warnings of this type will be muted for this session.
250527-17:18:10,230 nipype.interface INFO:
	 stderr 2025-05-27T17:18:10.230630:     Set AFNI_NIFTI_TYPE_WARN to YES to see them all, NO to see none.
250527-17:18:10,231 nipype.interface INFO:
	 stderr 2025-05-27T17:18:10.231925:[7m*+ WARNING:[0m   If you are performing spatial transformations on an oblique dset,
250527-17:18:10,231 nipype.interface INFO:
	 stderr 2025-05-27T17:18:10.231925:  such as /work/fmriprep_25_0_wf/sub_GEO036_wf/bold_ses_t2_task_image_run_4_wf/bold_fit_wf/hmc_boldref_wf/gen_avg/sub-GEO036_ses-t2_task-image_run-4_bold_sliced.nii.gz,
250527-17:18:10,232 nipype.interface INFO:
	 stderr 2025-05-27T17:18:10.231925:  or viewing/combining it with volumes of differing obliquity,
250527-17:18:10,232 nipype.interface INFO:
	 stderr 2025-05-27T17:18:10.231925:  you should consider running: 
250527-17:18:10,232 nipype.interface INFO:
	 stderr 2025-05-27T17:18:10.231925:     3dWarp -deoblique 
250527-17:18:10,232 nipype.interface INFO:
	 stderr 2025-05-27T17:18:10.231925:  on this and  other oblique datasets in the same session.
250527-17:18:10,232 nipype.interface INFO:
	 stderr 2025-05-27T17:18:10.231925: See 3dWarp -help for details.
250527-17:18:10,232 nipype.interface INFO:
	 stderr 2025-05-27T17:18:10.231925:++ Oblique dataset:/work/fmriprep_25_0_wf/sub_GEO036_wf/bold_ses_t2_task_image_run_4_wf/bold_fit_wf/hmc_boldref_wf/gen_avg/sub-GEO036_ses-t2_task-image_run-4_bold_sliced.nii.gz is 35.800007 degrees from plumb.
250527-17:18:10,232 nipype.interface INFO:
	 stderr 2025-05-27T17:18:10.232085:++ Coarse del was 10, replaced with 6
250527-17:18:10,535 nipype.interface INFO:
	 stderr 2025-05-27T17:18:10.535437:++ edt_blur: sigx 2, dx 1, fwhm 4.70964, sfac 2.5, firx 5
250527-17:18:11,506 nipype.workflow INFO:
	 [Node] Setting-up "fmriprep_25_0_wf.sub_GEO036_wf.bold_ses_t3_task_image_run_1_wf.bold_fit_wf.hmc_boldref_wf.gen_avg" in "/work/fmriprep_25_0_wf/sub_GEO036_wf/bold_ses_t3_task_image_run_1_wf/bold_fit_wf/hmc_boldref_wf/gen_avg".
250527-17:18:11,506 nipype.workflow INFO:
	 [Node] Setting-up "fmriprep_25_0_wf.sub_GEO036_wf.bold_ses_t3_task_image_run_1_wf.bold_native_wf.validate_bold" in "/work/fmriprep_25_0_wf/sub_GEO036_wf/bold_ses_t3_task_image_run_1_wf/bold_native_wf/validate_bold".
250527-17:18:11,867 nipype.workflow INFO:
	 [Node] Executing "gen_avg" <niworkflows.interfaces.images.RobustAverage>
250527-17:18:11,872 nipype.interface INFO:
	 stderr 2025-05-27T17:18:11.872084:++ 3dvolreg: AFNI version=AFNI_25.0.11 (Mar 24 2025) [64-bit]
250527-17:18:11,872 nipype.interface INFO:
	 stderr 2025-05-27T17:18:11.872084:++ Authored by: RW Cox
250527-17:18:11,876 nipype.interface INFO:
	 stderr 2025-05-27T17:18:11.876480:** AFNI converts NIFTI_datatype=4 (INT16) in file /work/fmriprep_25_0_wf/sub_GEO036_wf/bold_ses_t2_task_image_run_5_wf/bold_fit_wf/hmc_boldref_wf/gen_avg/sub-GEO036_ses-t2_task-image_run-5_bold_sliced.nii.gz to FLOAT32
250527-17:18:11,876 nipype.interface INFO:
	 stderr 2025-05-27T17:18:11.876480:     Warnings of this type will be muted for this session.
250527-17:18:11,876 nipype.interface INFO:
	 stderr 2025-05-27T17:18:11.876480:     Set AFNI_NIFTI_TYPE_WARN to YES to see them all, NO to see none.
250527-17:18:11,878 nipype.interface INFO:
	 stderr 2025-05-27T17:18:11.878041:[7m*+ WARNING:[0m   If you are performing spatial transformations on an oblique dset,
250527-17:18:11,878 nipype.interface INFO:
	 stderr 2025-05-27T17:18:11.878041:  such as /work/fmriprep_25_0_wf/sub_GEO036_wf/bold_ses_t2_task_image_run_5_wf/bold_fit_wf/hmc_boldref_wf/gen_avg/sub-GEO036_ses-t2_task-image_run-5_bold_sliced.nii.gz,
250527-17:18:11,878 nipype.interface INFO:
	 stderr 2025-05-27T17:18:11.878041:  or viewing/combining it with volumes of differing obliquity,
250527-17:18:11,878 nipype.interface INFO:
	 stderr 2025-05-27T17:18:11.878041:  you should consider running: 
250527-17:18:11,878 nipype.interface INFO:
	 stderr 2025-05-27T17:18:11.878041:     3dWarp -deoblique 
250527-17:18:11,878 nipype.interface INFO:
	 stderr 2025-05-27T17:18:11.878041:  on this and  other oblique datasets in the same session.
250527-17:18:11,878 nipype.interface INFO:
	 stderr 2025-05-27T17:18:11.878041: See 3dWarp -help for details.
250527-17:18:11,878 nipype.interface INFO:
	 stderr 2025-05-27T17:18:11.878041:++ Oblique dataset:/work/fmriprep_25_0_wf/sub_GEO036_wf/bold_ses_t2_task_image_run_5_wf/bold_fit_wf/hmc_boldref_wf/gen_avg/sub-GEO036_ses-t2_task-image_run-5_bold_sliced.nii.gz is 35.800007 degrees from plumb.
250527-17:18:11,878 nipype.interface INFO:
	 stderr 2025-05-27T17:18:11.878041:++ Coarse del was 10, replaced with 6
250527-17:18:11,921 nipype.workflow INFO:
	 [Node] Executing "validate_bold" <niworkflows.interfaces.header.ValidateImage>
250527-17:18:12,4 nipype.workflow INFO:
	 [Node] Finished "validate_bold", elapsed time 0.082086s.
250527-17:18:12,189 nipype.interface INFO:
	 stderr 2025-05-27T17:18:12.189151:++ edt_blur: sigx 2, dx 1, fwhm 4.70964, sfac 2.5, firx 5
250527-17:18:13,474 nipype.workflow INFO:
	 [Node] Setting-up "fmriprep_25_0_wf.sub_GEO036_wf.bold_ses_t3_task_image_run_2_wf.bold_fit_wf.hmc_boldref_wf.gen_avg" in "/work/fmriprep_25_0_wf/sub_GEO036_wf/bold_ses_t3_task_image_run_2_wf/bold_fit_wf/hmc_boldref_wf/gen_avg".
250527-17:18:13,779 nipype.workflow INFO:
	 [Node] Executing "gen_avg" <niworkflows.interfaces.images.RobustAverage>
250527-17:18:13,839 nipype.workflow INFO:
	 [Node] Setting-up "fmriprep_25_0_wf.sub_GEO036_wf.bold_ses_t3_task_image_run_2_wf.bold_native_wf.validate_bold" in "/work/fmriprep_25_0_wf/sub_GEO036_wf/bold_ses_t3_task_image_run_2_wf/bold_native_wf/validate_bold".
250527-17:18:14,172 nipype.workflow INFO:
	 [Node] Executing "validate_bold" <niworkflows.interfaces.header.ValidateImage>
250527-17:18:14,278 nipype.workflow INFO:
	 [Node] Finished "validate_bold", elapsed time 0.10475s.
250527-17:18:15,415 nipype.interface INFO:
	 stderr 2025-05-27T17:18:15.415248:++ 3dvolreg: AFNI version=AFNI_25.0.11 (Mar 24 2025) [64-bit]
250527-17:18:15,415 nipype.interface INFO:
	 stderr 2025-05-27T17:18:15.415248:++ Authored by: RW Cox
250527-17:18:15,418 nipype.interface INFO:
	 stderr 2025-05-27T17:18:15.418493:** AFNI converts NIFTI_datatype=4 (INT16) in file /work/fmriprep_25_0_wf/sub_GEO036_wf/bold_ses_t3_task_image_run_1_wf/bold_fit_wf/hmc_boldref_wf/gen_avg/sub-GEO036_ses-t3_task-image_run-1_bold_sliced.nii.gz to FLOAT32
250527-17:18:15,418 nipype.interface INFO:
	 stderr 2025-05-27T17:18:15.418493:     Warnings of this type will be muted for this session.
250527-17:18:15,418 nipype.interface INFO:
	 stderr 2025-05-27T17:18:15.418493:     Set AFNI_NIFTI_TYPE_WARN to YES to see them all, NO to see none.
250527-17:18:15,419 nipype.interface INFO:
	 stderr 2025-05-27T17:18:15.419795:[7m*+ WARNING:[0m   If you are performing spatial transformations on an oblique dset,
250527-17:18:15,419 nipype.interface INFO:
	 stderr 2025-05-27T17:18:15.419795:  such as /work/fmriprep_25_0_wf/sub_GEO036_wf/bold_ses_t3_task_image_run_1_wf/bold_fit_wf/hmc_boldref_wf/gen_avg/sub-GEO036_ses-t3_task-image_run-1_bold_sliced.nii.gz,
250527-17:18:15,419 nipype.interface INFO:
	 stderr 2025-05-27T17:18:15.419795:  or viewing/combining it with volumes of differing obliquity,
250527-17:18:15,419 nipype.interface INFO:
	 stderr 2025-05-27T17:18:15.419795:  you should consider running: 
250527-17:18:15,419 nipype.interface INFO:
	 stderr 2025-05-27T17:18:15.419795:     3dWarp -deoblique 
250527-17:18:15,419 nipype.interface INFO:
	 stderr 2025-05-27T17:18:15.419795:  on this and  other oblique datasets in the same session.
250527-17:18:15,419 nipype.interface INFO:
	 stderr 2025-05-27T17:18:15.419795: See 3dWarp -help for details.
250527-17:18:15,419 nipype.interface INFO:
	 stderr 2025-05-27T17:18:15.419795:++ Oblique dataset:/work/fmriprep_25_0_wf/sub_GEO036_wf/bold_ses_t3_task_image_run_1_wf/bold_fit_wf/hmc_boldref_wf/gen_avg/sub-GEO036_ses-t3_task-image_run-1_bold_sliced.nii.gz is 33.699982 degrees from plumb.
250527-17:18:15,419 nipype.interface INFO:
	 stderr 2025-05-27T17:18:15.419970:++ Coarse del was 10, replaced with 6
250527-17:18:15,713 nipype.interface INFO:
	 stderr 2025-05-27T17:18:15.713876:++ edt_blur: sigx 2, dx 1, fwhm 4.70964, sfac 2.5, firx 5
250527-17:18:17,19 nipype.interface INFO:
	 stderr 2025-05-27T17:18:17.019851:++ 3dvolreg: AFNI version=AFNI_25.0.11 (Mar 24 2025) [64-bit]
250527-17:18:17,20 nipype.interface INFO:
	 stderr 2025-05-27T17:18:17.019851:++ Authored by: RW Cox
250527-17:18:17,23 nipype.interface INFO:
	 stderr 2025-05-27T17:18:17.023458:** AFNI converts NIFTI_datatype=4 (INT16) in file /work/fmriprep_25_0_wf/sub_GEO036_wf/bold_ses_t3_task_image_run_2_wf/bold_fit_wf/hmc_boldref_wf/gen_avg/sub-GEO036_ses-t3_task-image_run-2_bold_sliced.nii.gz to FLOAT32
250527-17:18:17,23 nipype.interface INFO:
	 stderr 2025-05-27T17:18:17.023458:     Warnings of this type will be muted for this session.
250527-17:18:17,23 nipype.interface INFO:
	 stderr 2025-05-27T17:18:17.023458:     Set AFNI_NIFTI_TYPE_WARN to YES to see them all, NO to see none.
250527-17:18:17,24 nipype.interface INFO:
	 stderr 2025-05-27T17:18:17.024853:[7m*+ WARNING:[0m   If you are performing spatial transformations on an oblique dset,
250527-17:18:17,24 nipype.interface INFO:
	 stderr 2025-05-27T17:18:17.024853:  such as /work/fmriprep_25_0_wf/sub_GEO036_wf/bold_ses_t3_task_image_run_2_wf/bold_fit_wf/hmc_boldref_wf/gen_avg/sub-GEO036_ses-t3_task-image_run-2_bold_sliced.nii.gz,
250527-17:18:17,24 nipype.interface INFO:
	 stderr 2025-05-27T17:18:17.024853:  or viewing/combining it with volumes of differing obliquity,
250527-17:18:17,24 nipype.interface INFO:
	 stderr 2025-05-27T17:18:17.024853:  you should consider running: 
250527-17:18:17,24 nipype.interface INFO:
	 stderr 2025-05-27T17:18:17.024853:     3dWarp -deoblique 
250527-17:18:17,24 nipype.interface INFO:
	 stderr 2025-05-27T17:18:17.024853:  on this and  other oblique datasets in the same session.
250527-17:18:17,24 nipype.interface INFO:
	 stderr 2025-05-27T17:18:17.024853: See 3dWarp -help for details.
250527-17:18:17,24 nipype.interface INFO:
	 stderr 2025-05-27T17:18:17.024853:++ Oblique dataset:/work/fmriprep_25_0_wf/sub_GEO036_wf/bold_ses_t3_task_image_run_2_wf/bold_fit_wf/hmc_boldref_wf/gen_avg/sub-GEO036_ses-t3_task-image_run-2_bold_sliced.nii.gz is 33.699982 degrees from plumb.
250527-17:18:17,25 nipype.interface INFO:
	 stderr 2025-05-27T17:18:17.024999:++ Coarse del was 10, replaced with 6
250527-17:18:17,334 nipype.interface INFO:
	 stderr 2025-05-27T17:18:17.334873:++ edt_blur: sigx 2, dx 1, fwhm 4.70964, sfac 2.5, firx 5
250527-17:18:17,626 nipype.workflow INFO:
	 [Node] Setting-up "fmriprep_25_0_wf.sub_GEO036_wf.bold_ses_t3_task_image_run_3_wf.bold_fit_wf.hmc_boldref_wf.gen_avg" in "/work/fmriprep_25_0_wf/sub_GEO036_wf/bold_ses_t3_task_image_run_3_wf/bold_fit_wf/hmc_boldref_wf/gen_avg".
250527-17:18:17,929 nipype.workflow INFO:
	 [Node] Executing "gen_avg" <niworkflows.interfaces.images.RobustAverage>
250527-17:18:22,77 nipype.interface INFO:
	 stderr 2025-05-27T17:18:22.077017:++ 3dvolreg: AFNI version=AFNI_25.0.11 (Mar 24 2025) [64-bit]
250527-17:18:22,77 nipype.interface INFO:
	 stderr 2025-05-27T17:18:22.077017:++ Authored by: RW Cox
250527-17:18:22,80 nipype.interface INFO:
	 stderr 2025-05-27T17:18:22.080291:** AFNI converts NIFTI_datatype=4 (INT16) in file /work/fmriprep_25_0_wf/sub_GEO036_wf/bold_ses_t3_task_image_run_3_wf/bold_fit_wf/hmc_boldref_wf/gen_avg/sub-GEO036_ses-t3_task-image_run-3_bold_sliced.nii.gz to FLOAT32
250527-17:18:22,80 nipype.interface INFO:
	 stderr 2025-05-27T17:18:22.080291:     Warnings of this type will be muted for this session.
250527-17:18:22,80 nipype.interface INFO:
	 stderr 2025-05-27T17:18:22.080291:     Set AFNI_NIFTI_TYPE_WARN to YES to see them all, NO to see none.
250527-17:18:22,81 nipype.interface INFO:
	 stderr 2025-05-27T17:18:22.081820:[7m*+ WARNING:[0m   If you are performing spatial transformations on an oblique dset,
250527-17:18:22,81 nipype.interface INFO:
	 stderr 2025-05-27T17:18:22.081820:  such as /work/fmriprep_25_0_wf/sub_GEO036_wf/bold_ses_t3_task_image_run_3_wf/bold_fit_wf/hmc_boldref_wf/gen_avg/sub-GEO036_ses-t3_task-image_run-3_bold_sliced.nii.gz,
250527-17:18:22,81 nipype.interface INFO:
	 stderr 2025-05-27T17:18:22.081820:  or viewing/combining it with volumes of differing obliquity,
250527-17:18:22,81 nipype.interface INFO:
	 stderr 2025-05-27T17:18:22.081820:  you should consider running: 
250527-17:18:22,81 nipype.interface INFO:
	 stderr 2025-05-27T17:18:22.081820:     3dWarp -deoblique 
250527-17:18:22,81 nipype.interface INFO:
	 stderr 2025-05-27T17:18:22.081820:  on this and  other oblique datasets in the same session.
250527-17:18:22,81 nipype.interface INFO:
	 stderr 2025-05-27T17:18:22.081820: See 3dWarp -help for details.
250527-17:18:22,82 nipype.interface INFO:
	 stderr 2025-05-27T17:18:22.081820:++ Oblique dataset:/work/fmriprep_25_0_wf/sub_GEO036_wf/bold_ses_t3_task_image_run_3_wf/bold_fit_wf/hmc_boldref_wf/gen_avg/sub-GEO036_ses-t3_task-image_run-3_bold_sliced.nii.gz is 33.699982 degrees from plumb.
250527-17:18:22,82 nipype.interface INFO:
	 stderr 2025-05-27T17:18:22.081820:++ Coarse del was 10, replaced with 6
250527-17:18:22,397 nipype.interface INFO:
	 stderr 2025-05-27T17:18:22.397023:++ edt_blur: sigx 2, dx 1, fwhm 4.70964, sfac 2.5, firx 5
250527-17:18:27,379 nipype.interface INFO:
	 stderr 2025-05-27T17:18:27.379132:++ Max displacement in automask = 0.75 (mm) at sub-brick 18
250527-17:18:27,379 nipype.interface INFO:
	 stderr 2025-05-27T17:18:27.379132:++ Max delta displ  in automask = 0.47 (mm) at sub-brick 11
250527-17:18:27,575 nipype.interface INFO:
	 stderr 2025-05-27T17:18:27.575108:++ Max displacement in automask = 0.48 (mm) at sub-brick 16
250527-17:18:27,575 nipype.interface INFO:
	 stderr 2025-05-27T17:18:27.575108:++ Max delta displ  in automask = 0.37 (mm) at sub-brick 12
250527-17:18:29,936 nipype.interface INFO:
	 stderr 2025-05-27T17:18:29.936329:++ Max displacement in automask = 0.67 (mm) at sub-brick 6
250527-17:18:29,936 nipype.interface INFO:
	 stderr 2025-05-27T17:18:29.936329:++ Max delta displ  in automask = 0.44 (mm) at sub-brick 9
250527-17:18:30,693 nipype.workflow INFO:
	 [Node] Finished "gen_avg", elapsed time 30.777879s.
250527-17:18:30,785 nipype.workflow INFO:
	 [Node] Finished "gen_avg", elapsed time 29.430669s.
250527-17:18:31,933 nipype.workflow INFO:
	 [Node] Setting-up "fmriprep_25_0_wf.sub_GEO036_wf.bold_ses_t3_task_image_run_3_wf.bold_native_wf.validate_bold" in "/work/fmriprep_25_0_wf/sub_GEO036_wf/bold_ses_t3_task_image_run_3_wf/bold_native_wf/validate_bold".
250527-17:18:32,300 nipype.workflow INFO:
	 [Node] Executing "validate_bold" <niworkflows.interfaces.header.ValidateImage>
250527-17:18:32,387 nipype.workflow INFO:
	 [Node] Finished "validate_bold", elapsed time 0.086187s.
250527-17:18:32,915 nipype.workflow INFO:
	 [Node] Finished "gen_avg", elapsed time 29.556988s.
250527-17:18:33,324 nipype.interface INFO:
	 stderr 2025-05-27T17:18:33.324797:++ Max displacement in automask = 0.60 (mm) at sub-brick 2
250527-17:18:33,324 nipype.interface INFO:
	 stderr 2025-05-27T17:18:33.324797:++ Max delta displ  in automask = 0.54 (mm) at sub-brick 8
250527-17:18:33,517 nipype.workflow INFO:
	 [Node] Setting-up "fmriprep_25_0_wf.sub_GEO036_wf.bold_ses_t3_task_image_run_4_wf.bold_fit_wf.hmc_boldref_wf.gen_avg" in "/work/fmriprep_25_0_wf/sub_GEO036_wf/bold_ses_t3_task_image_run_4_wf/bold_fit_wf/hmc_boldref_wf/gen_avg".
250527-17:18:33,944 nipype.workflow INFO:
	 [Node] Setting-up "fmriprep_25_0_wf.sub_GEO036_wf.bold_ses_t3_task_image_run_4_wf.bold_native_wf.validate_bold" in "/work/fmriprep_25_0_wf/sub_GEO036_wf/bold_ses_t3_task_image_run_4_wf/bold_native_wf/validate_bold".
250527-17:18:34,10 nipype.workflow INFO:
	 [Node] Executing "gen_avg" <niworkflows.interfaces.images.RobustAverage>
250527-17:18:34,308 nipype.workflow INFO:
	 [Node] Executing "validate_bold" <niworkflows.interfaces.header.ValidateImage>
250527-17:18:34,474 nipype.workflow INFO:
	 [Node] Finished "validate_bold", elapsed time 0.163676s.
250527-17:18:35,212 nipype.interface INFO:
	 stderr 2025-05-27T17:18:35.212848:++ Max displacement in automask = 0.65 (mm) at sub-brick 12
250527-17:18:35,213 nipype.interface INFO:
	 stderr 2025-05-27T17:18:35.212848:++ Max delta displ  in automask = 0.60 (mm) at sub-brick 8
250527-17:18:35,775 nipype.workflow INFO:
	 [Node] Setting-up "fmriprep_25_0_wf.sub_GEO036_wf.bold_ses_t3_task_image_run_5_wf.bold_fit_wf.hmc_boldref_wf.gen_avg" in "/work/fmriprep_25_0_wf/sub_GEO036_wf/bold_ses_t3_task_image_run_5_wf/bold_fit_wf/hmc_boldref_wf/gen_avg".
250527-17:18:35,904 nipype.workflow INFO:
	 [Node] Executing "gen_avg" <niworkflows.interfaces.images.RobustAverage>
250527-17:18:36,65 nipype.workflow INFO:
	 [Node] Setting-up "fmriprep_25_0_wf.sub_GEO036_wf.bold_ses_t3_task_image_run_5_wf.bold_native_wf.validate_bold" in "/work/fmriprep_25_0_wf/sub_GEO036_wf/bold_ses_t3_task_image_run_5_wf/bold_native_wf/validate_bold".
250527-17:18:36,352 nipype.workflow INFO:
	 [Node] Finished "gen_avg", elapsed time 31.257783s.
250527-17:18:37,138 nipype.workflow INFO:
	 [Node] Executing "validate_bold" <niworkflows.interfaces.header.ValidateImage>
250527-17:18:37,252 nipype.workflow INFO:
	 [Node] Finished "validate_bold", elapsed time 0.113137s.
250527-17:18:37,596 nipype.interface INFO:
	 stderr 2025-05-27T17:18:37.596506:++ 3dvolreg: AFNI version=AFNI_25.0.11 (Mar 24 2025) [64-bit]
250527-17:18:37,596 nipype.interface INFO:
	 stderr 2025-05-27T17:18:37.596506:++ Authored by: RW Cox
250527-17:18:37,599 nipype.interface INFO:
	 stderr 2025-05-27T17:18:37.599560:** AFNI converts NIFTI_datatype=4 (INT16) in file /work/fmriprep_25_0_wf/sub_GEO036_wf/bold_ses_t3_task_image_run_4_wf/bold_fit_wf/hmc_boldref_wf/gen_avg/sub-GEO036_ses-t3_task-image_run-4_bold_sliced.nii.gz to FLOAT32
250527-17:18:37,599 nipype.interface INFO:
	 stderr 2025-05-27T17:18:37.599560:     Warnings of this type will be muted for this session.
250527-17:18:37,599 nipype.interface INFO:
	 stderr 2025-05-27T17:18:37.599560:     Set AFNI_NIFTI_TYPE_WARN to YES to see them all, NO to see none.
250527-17:18:37,601 nipype.interface INFO:
	 stderr 2025-05-27T17:18:37.601131:[7m*+ WARNING:[0m   If you are performing spatial transformations on an oblique dset,
250527-17:18:37,601 nipype.interface INFO:
	 stderr 2025-05-27T17:18:37.601131:  such as /work/fmriprep_25_0_wf/sub_GEO036_wf/bold_ses_t3_task_image_run_4_wf/bold_fit_wf/hmc_boldref_wf/gen_avg/sub-GEO036_ses-t3_task-image_run-4_bold_sliced.nii.gz,
250527-17:18:37,601 nipype.interface INFO:
	 stderr 2025-05-27T17:18:37.601131:  or viewing/combining it with volumes of differing obliquity,
250527-17:18:37,601 nipype.interface INFO:
	 stderr 2025-05-27T17:18:37.601131:  you should consider running: 
250527-17:18:37,601 nipype.interface INFO:
	 stderr 2025-05-27T17:18:37.601131:     3dWarp -deoblique 
250527-17:18:37,601 nipype.interface INFO:
	 stderr 2025-05-27T17:18:37.601131:  on this and  other oblique datasets in the same session.
250527-17:18:37,601 nipype.interface INFO:
	 stderr 2025-05-27T17:18:37.601131: See 3dWarp -help for details.
250527-17:18:37,601 nipype.interface INFO:
	 stderr 2025-05-27T17:18:37.601131:++ Oblique dataset:/work/fmriprep_25_0_wf/sub_GEO036_wf/bold_ses_t3_task_image_run_4_wf/bold_fit_wf/hmc_boldref_wf/gen_avg/sub-GEO036_ses-t3_task-image_run-4_bold_sliced.nii.gz is 33.699982 degrees from plumb.
250527-17:18:37,601 nipype.interface INFO:
	 stderr 2025-05-27T17:18:37.601298:++ Coarse del was 10, replaced with 6
250527-17:18:37,905 nipype.interface INFO:
	 stderr 2025-05-27T17:18:37.904940:++ edt_blur: sigx 2, dx 1, fwhm 4.70964, sfac 2.5, firx 5
250527-17:18:38,146 nipype.workflow INFO:
	 [Node] Finished "gen_avg", elapsed time 29.78463s.
250527-17:18:38,801 nipype.interface INFO:
	 stderr 2025-05-27T17:18:38.801531:++ Max displacement in automask = 0.64 (mm) at sub-brick 16
250527-17:18:38,801 nipype.interface INFO:
	 stderr 2025-05-27T17:18:38.801531:++ Max delta displ  in automask = 0.53 (mm) at sub-brick 10
250527-17:18:39,152 nipype.interface INFO:
	 stderr 2025-05-27T17:18:39.151960:++ 3dvolreg: AFNI version=AFNI_25.0.11 (Mar 24 2025) [64-bit]
250527-17:18:39,152 nipype.interface INFO:
	 stderr 2025-05-27T17:18:39.151960:++ Authored by: RW Cox
250527-17:18:39,155 nipype.interface INFO:
	 stderr 2025-05-27T17:18:39.155150:** AFNI converts NIFTI_datatype=4 (INT16) in file /work/fmriprep_25_0_wf/sub_GEO036_wf/bold_ses_t3_task_image_run_5_wf/bold_fit_wf/hmc_boldref_wf/gen_avg/sub-GEO036_ses-t3_task-image_run-5_bold_sliced.nii.gz to FLOAT32
250527-17:18:39,155 nipype.interface INFO:
	 stderr 2025-05-27T17:18:39.155150:     Warnings of this type will be muted for this session.
250527-17:18:39,155 nipype.interface INFO:
	 stderr 2025-05-27T17:18:39.155150:     Set AFNI_NIFTI_TYPE_WARN to YES to see them all, NO to see none.
250527-17:18:39,156 nipype.interface INFO:
	 stderr 2025-05-27T17:18:39.156518:[7m*+ WARNING:[0m   If you are performing spatial transformations on an oblique dset,
250527-17:18:39,156 nipype.interface INFO:
	 stderr 2025-05-27T17:18:39.156518:  such as /work/fmriprep_25_0_wf/sub_GEO036_wf/bold_ses_t3_task_image_run_5_wf/bold_fit_wf/hmc_boldref_wf/gen_avg/sub-GEO036_ses-t3_task-image_run-5_bold_sliced.nii.gz,
250527-17:18:39,156 nipype.interface INFO:
	 stderr 2025-05-27T17:18:39.156518:  or viewing/combining it with volumes of differing obliquity,
250527-17:18:39,156 nipype.interface INFO:
	 stderr 2025-05-27T17:18:39.156518:  you should consider running: 
250527-17:18:39,156 nipype.interface INFO:
	 stderr 2025-05-27T17:18:39.156518:     3dWarp -deoblique 
250527-17:18:39,156 nipype.interface INFO:
	 stderr 2025-05-27T17:18:39.156518:  on this and  other oblique datasets in the same session.
250527-17:18:39,156 nipype.interface INFO:
	 stderr 2025-05-27T17:18:39.156518: See 3dWarp -help for details.
250527-17:18:39,156 nipype.interface INFO:
	 stderr 2025-05-27T17:18:39.156518:++ Oblique dataset:/work/fmriprep_25_0_wf/sub_GEO036_wf/bold_ses_t3_task_image_run_5_wf/bold_fit_wf/hmc_boldref_wf/gen_avg/sub-GEO036_ses-t3_task-image_run-5_bold_sliced.nii.gz is 33.699982 degrees from plumb.
250527-17:18:39,156 nipype.interface INFO:
	 stderr 2025-05-27T17:18:39.156648:++ Coarse del was 10, replaced with 6
250527-17:18:39,451 nipype.interface INFO:
	 stderr 2025-05-27T17:18:39.451921:++ edt_blur: sigx 2, dx 1, fwhm 4.70964, sfac 2.5, firx 5
250527-17:18:40,351 nipype.workflow INFO:
	 [Node] Setting-up "fmriprep_25_0_wf.sub_GEO036_wf.bold_ses_t3_task_retrans_run_1_wf.bold_fit_wf.hmc_boldref_wf.gen_avg" in "/work/fmriprep_25_0_wf/sub_GEO036_wf/bold_ses_t3_task_retrans_run_1_wf/bold_fit_wf/hmc_boldref_wf/gen_avg".
250527-17:18:40,353 nipype.workflow INFO:
	 [Node] Setting-up "fmriprep_25_0_wf.sub_GEO036_wf.bold_ses_t3_task_retrans_run_1_wf.bold_native_wf.validate_bold" in "/work/fmriprep_25_0_wf/sub_GEO036_wf/bold_ses_t3_task_retrans_run_1_wf/bold_native_wf/validate_bold".
250527-17:18:40,446 nipype.interface INFO:
	 stderr 2025-05-27T17:18:40.446915:++ Max displacement in automask = 0.50 (mm) at sub-brick 5
250527-17:18:40,447 nipype.interface INFO:
	 stderr 2025-05-27T17:18:40.446915:++ Max delta displ  in automask = 0.49 (mm) at sub-brick 6
250527-17:18:40,907 nipype.workflow INFO:
	 [Node] Executing "validate_bold" <niworkflows.interfaces.header.ValidateImage>
250527-17:18:41,0 nipype.workflow INFO:
	 [Node] Finished "validate_bold", elapsed time 0.09205s.
250527-17:18:41,41 nipype.workflow INFO:
	 [Node] Executing "gen_avg" <niworkflows.interfaces.images.RobustAverage>
250527-17:18:41,944 nipype.workflow INFO:
	 [Node] Finished "gen_avg", elapsed time 30.076269s.
250527-17:18:43,568 nipype.workflow INFO:
	 [Node] Finished "gen_avg", elapsed time 29.788451s.
250527-17:18:44,780 nipype.interface INFO:
	 stderr 2025-05-27T17:18:44.780518:++ 3dvolreg: AFNI version=AFNI_25.0.11 (Mar 24 2025) [64-bit]
250527-17:18:44,780 nipype.interface INFO:
	 stderr 2025-05-27T17:18:44.780518:++ Authored by: RW Cox
250527-17:18:44,784 nipype.interface INFO:
	 stderr 2025-05-27T17:18:44.784050:** AFNI converts NIFTI_datatype=4 (INT16) in file /work/fmriprep_25_0_wf/sub_GEO036_wf/bold_ses_t3_task_retrans_run_1_wf/bold_fit_wf/hmc_boldref_wf/gen_avg/sub-GEO036_ses-t3_task-retrans_run-1_bold_sliced.nii.gz to FLOAT32
250527-17:18:44,784 nipype.interface INFO:
	 stderr 2025-05-27T17:18:44.784050:     Warnings of this type will be muted for this session.
250527-17:18:44,784 nipype.interface INFO:
	 stderr 2025-05-27T17:18:44.784050:     Set AFNI_NIFTI_TYPE_WARN to YES to see them all, NO to see none.
250527-17:18:44,785 nipype.interface INFO:
	 stderr 2025-05-27T17:18:44.785678:[7m*+ WARNING:[0m   If you are performing spatial transformations on an oblique dset,
250527-17:18:44,785 nipype.interface INFO:
	 stderr 2025-05-27T17:18:44.785678:  such as /work/fmriprep_25_0_wf/sub_GEO036_wf/bold_ses_t3_task_retrans_run_1_wf/bold_fit_wf/hmc_boldref_wf/gen_avg/sub-GEO036_ses-t3_task-retrans_run-1_bold_sliced.nii.gz,
250527-17:18:44,785 nipype.interface INFO:
	 stderr 2025-05-27T17:18:44.785678:  or viewing/combining it with volumes of differing obliquity,
250527-17:18:44,785 nipype.interface INFO:
	 stderr 2025-05-27T17:18:44.785678:  you should consider running: 
250527-17:18:44,785 nipype.interface INFO:
	 stderr 2025-05-27T17:18:44.785678:     3dWarp -deoblique 
250527-17:18:44,785 nipype.interface INFO:
	 stderr 2025-05-27T17:18:44.785678:  on this and  other oblique datasets in the same session.
250527-17:18:44,785 nipype.interface INFO:
	 stderr 2025-05-27T17:18:44.785678: See 3dWarp -help for details.
250527-17:18:44,785 nipype.interface INFO:
	 stderr 2025-05-27T17:18:44.785678:++ Oblique dataset:/work/fmriprep_25_0_wf/sub_GEO036_wf/bold_ses_t3_task_retrans_run_1_wf/bold_fit_wf/hmc_boldref_wf/gen_avg/sub-GEO036_ses-t3_task-retrans_run-1_bold_sliced.nii.gz is 33.699982 degrees from plumb.
250527-17:18:44,785 nipype.interface INFO:
	 stderr 2025-05-27T17:18:44.785826:++ Coarse del was 10, replaced with 6
250527-17:18:45,86 nipype.interface INFO:
	 stderr 2025-05-27T17:18:45.086030:++ edt_blur: sigx 2, dx 1, fwhm 4.70964, sfac 2.5, firx 5
250527-17:18:45,388 nipype.interface INFO:
	 stderr 2025-05-27T17:18:45.388678:++ Max displacement in automask = 0.35 (mm) at sub-brick 19
250527-17:18:45,388 nipype.interface INFO:
	 stderr 2025-05-27T17:18:45.388678:++ Max delta displ  in automask = 0.50 (mm) at sub-brick 16
250527-17:18:47,244 nipype.workflow INFO:
	 [Node] Setting-up "fmriprep_25_0_wf.sub_GEO036_wf.anat_fit_wf.fs_isrunning" in "/work/fmriprep_25_0_wf/sub_GEO036_wf/anat_fit_wf/fs_isrunning".
250527-17:18:47,532 nipype.workflow INFO:
	 [Node] Setting-up "fmriprep_25_0_wf.sub_GEO036_wf.anat_fit_wf.ds_t1w_mask_wf.raw_sources" in "/work/fmriprep_25_0_wf/sub_GEO036_wf/anat_fit_wf/ds_t1w_mask_wf/raw_sources".
250527-17:18:47,533 nipype.workflow INFO:
	 [Node] Setting-up "fmriprep_25_0_wf.sub_GEO036_wf.anat_fit_wf.ds_ribbon_mask_wf.raw_sources" in "/work/fmriprep_25_0_wf/sub_GEO036_wf/anat_fit_wf/ds_ribbon_mask_wf/raw_sources".
250527-17:18:47,641 nipype.workflow INFO:
	 [Node] Executing "fs_isrunning" <nipype.interfaces.utility.wrappers.Function>
250527-17:18:47,643 nipype.workflow INFO:
	 [Node] Finished "fs_isrunning", elapsed time 0.000635s.
250527-17:18:48,304 nipype.workflow INFO:
	 [Node] Executing "raw_sources" <nipype.interfaces.utility.wrappers.Function>
250527-17:18:48,306 nipype.workflow INFO:
	 [Node] Finished "raw_sources", elapsed time 0.000925s.
250527-17:18:48,405 nipype.workflow INFO:
	 [Node] Executing "raw_sources" <nipype.interfaces.utility.wrappers.Function>
250527-17:18:48,407 nipype.workflow INFO:
	 [Node] Finished "raw_sources", elapsed time 0.001148s.
250527-17:18:48,577 nipype.workflow INFO:
	 [Node] Finished "gen_avg", elapsed time 30.64734s.
250527-17:18:48,869 nipype.workflow INFO:
	 [Node] Setting-up "fmriprep_25_0_wf.sub_GEO036_wf.bold_ses_t2_task_image_run_1_wf.bold_fit_wf.fmapref_buffer" in "/work/fmriprep_25_0_wf/sub_GEO036_wf/bold_ses_t2_task_image_run_1_wf/bold_fit_wf/fmapref_buffer".
250527-17:18:49,206 nipype.workflow INFO:
	 [Node] Executing "fmapref_buffer" <nipype.interfaces.utility.wrappers.Function>
250527-17:18:49,209 nipype.workflow INFO:
	 [Node] Finished "fmapref_buffer", elapsed time 0.00117s.
250527-17:18:49,984 nipype.interface WARNING:
	 Changing /out/sub-GEO036/ses-t2/func/sub-GEO036_ses-t2_task-image_run-1_desc-hmc_boldref.nii.gz dtype from int16 to float32
250527-17:18:50,670 nipype.workflow INFO:
	 [Node] Setting-up "fmriprep_25_0_wf.sub_GEO036_wf.bold_ses_t2_task_image_run_2_wf.bold_fit_wf.fmapref_buffer" in "/work/fmriprep_25_0_wf/sub_GEO036_wf/bold_ses_t2_task_image_run_2_wf/bold_fit_wf/fmapref_buffer".
250527-17:18:50,712 nipype.workflow INFO:
	 [Node] Setting-up "fmriprep_25_0_wf.sub_GEO036_wf.bold_ses_t2_task_image_run_1_wf.bold_fit_wf.bold_hmc_wf.mcflirt" in "/work/fmriprep_25_0_wf/sub_GEO036_wf/bold_ses_t2_task_image_run_1_wf/bold_fit_wf/bold_hmc_wf/mcflirt".
250527-17:18:50,924 nipype.workflow INFO:
	 [Node] Executing "fmapref_buffer" <nipype.interfaces.utility.wrappers.Function>
250527-17:18:50,926 nipype.workflow INFO:
	 [Node] Finished "fmapref_buffer", elapsed time 0.000797s.
250527-17:18:51,61 nipype.workflow INFO:
	 [Node] Executing "mcflirt" <nipype.interfaces.fsl.preprocess.MCFLIRT>
250527-17:18:51,71 nipype.interface WARNING:
	 Changing /out/sub-GEO036/ses-t2/func/sub-GEO036_ses-t2_task-image_run-2_desc-hmc_boldref.nii.gz dtype from int16 to float32
250527-17:18:52,1 nipype.workflow INFO:
	 [Node] Setting-up "fmriprep_25_0_wf.sub_GEO036_wf.bold_ses_t2_task_image_run_3_wf.bold_fit_wf.fmapref_buffer" in "/work/fmriprep_25_0_wf/sub_GEO036_wf/bold_ses_t2_task_image_run_3_wf/bold_fit_wf/fmapref_buffer".
250527-17:18:52,41 nipype.workflow INFO:
	 [Node] Setting-up "fmriprep_25_0_wf.sub_GEO036_wf.bold_ses_t2_task_image_run_2_wf.bold_fit_wf.bold_hmc_wf.mcflirt" in "/work/fmriprep_25_0_wf/sub_GEO036_wf/bold_ses_t2_task_image_run_2_wf/bold_fit_wf/bold_hmc_wf/mcflirt".
250527-17:18:52,341 nipype.workflow INFO:
	 [Node] Executing "fmapref_buffer" <nipype.interfaces.utility.wrappers.Function>
250527-17:18:52,343 nipype.workflow INFO:
	 [Node] Finished "fmapref_buffer", elapsed time 0.000858s.
250527-17:18:52,531 nipype.workflow INFO:
	 [Node] Executing "mcflirt" <nipype.interfaces.fsl.preprocess.MCFLIRT>
250527-17:18:52,780 nipype.interface WARNING:
	 Changing /out/sub-GEO036/ses-t2/func/sub-GEO036_ses-t2_task-image_run-3_desc-hmc_boldref.nii.gz dtype from int16 to float32
250527-17:18:53,406 nipype.workflow INFO:
	 [Node] Setting-up "fmriprep_25_0_wf.sub_GEO036_wf.bold_ses_t2_task_image_run_4_wf.bold_fit_wf.fmapref_buffer" in "/work/fmriprep_25_0_wf/sub_GEO036_wf/bold_ses_t2_task_image_run_4_wf/bold_fit_wf/fmapref_buffer".
250527-17:18:53,446 nipype.workflow INFO:
	 [Node] Setting-up "fmriprep_25_0_wf.sub_GEO036_wf.bold_ses_t2_task_image_run_3_wf.bold_fit_wf.bold_hmc_wf.mcflirt" in "/work/fmriprep_25_0_wf/sub_GEO036_wf/bold_ses_t2_task_image_run_3_wf/bold_fit_wf/bold_hmc_wf/mcflirt".
250527-17:18:53,710 nipype.workflow INFO:
	 [Node] Executing "fmapref_buffer" <nipype.interfaces.utility.wrappers.Function>
250527-17:18:53,712 nipype.workflow INFO:
	 [Node] Finished "fmapref_buffer", elapsed time 0.000567s.
250527-17:18:53,852 nipype.workflow INFO:
	 [Node] Executing "mcflirt" <nipype.interfaces.fsl.preprocess.MCFLIRT>
250527-17:18:54,989 nipype.interface WARNING:
	 Changing /out/sub-GEO036/ses-t2/func/sub-GEO036_ses-t2_task-image_run-4_desc-hmc_boldref.nii.gz dtype from int16 to float32
250527-17:18:55,614 nipype.workflow INFO:
	 [Node] Setting-up "fmriprep_25_0_wf.sub_GEO036_wf.bold_ses_t2_task_image_run_5_wf.bold_fit_wf.fmapref_buffer" in "/work/fmriprep_25_0_wf/sub_GEO036_wf/bold_ses_t2_task_image_run_5_wf/bold_fit_wf/fmapref_buffer".
250527-17:18:56,323 nipype.workflow INFO:
	 [Node] Executing "fmapref_buffer" <nipype.interfaces.utility.wrappers.Function>
250527-17:18:56,324 nipype.workflow INFO:
	 [Node] Finished "fmapref_buffer", elapsed time 0.000594s.
250527-17:18:56,530 nipype.interface WARNING:
	 Changing /out/sub-GEO036/ses-t2/func/sub-GEO036_ses-t2_task-image_run-5_desc-hmc_boldref.nii.gz dtype from int16 to float32
250527-17:18:57,268 nipype.workflow INFO:
	 [Node] Setting-up "fmriprep_25_0_wf.sub_GEO036_wf.bold_ses_t3_task_image_run_1_wf.bold_fit_wf.fmapref_buffer" in "/work/fmriprep_25_0_wf/sub_GEO036_wf/bold_ses_t3_task_image_run_1_wf/bold_fit_wf/fmapref_buffer".
250527-17:18:57,598 nipype.workflow INFO:
	 [Node] Executing "fmapref_buffer" <nipype.interfaces.utility.wrappers.Function>
250527-17:18:57,600 nipype.workflow INFO:
	 [Node] Finished "fmapref_buffer", elapsed time 0.000831s.
250527-17:18:58,31 nipype.interface WARNING:
	 Changing /out/sub-GEO036/ses-t3/func/sub-GEO036_ses-t3_task-image_run-1_desc-hmc_boldref.nii.gz dtype from int16 to float32
250527-17:18:58,630 nipype.workflow INFO:
	 [Node] Setting-up "fmriprep_25_0_wf.sub_GEO036_wf.bold_ses_t3_task_image_run_2_wf.bold_fit_wf.fmapref_buffer" in "/work/fmriprep_25_0_wf/sub_GEO036_wf/bold_ses_t3_task_image_run_2_wf/bold_fit_wf/fmapref_buffer".
250527-17:18:58,982 nipype.workflow INFO:
	 [Node] Executing "fmapref_buffer" <nipype.interfaces.utility.wrappers.Function>
250527-17:18:58,984 nipype.workflow INFO:
	 [Node] Finished "fmapref_buffer", elapsed time 0.000663s.
250527-17:19:00,74 nipype.interface WARNING:
	 Changing /out/sub-GEO036/ses-t3/func/sub-GEO036_ses-t3_task-image_run-2_desc-hmc_boldref.nii.gz dtype from int16 to float32
250527-17:19:00,639 nipype.interface INFO:
	 stderr 2025-05-27T17:19:00.639562:++ Max displacement in automask = 0.65 (mm) at sub-brick 2
250527-17:19:00,639 nipype.interface INFO:
	 stderr 2025-05-27T17:19:00.639562:++ Max delta displ  in automask = 0.52 (mm) at sub-brick 3
250527-17:19:01,18 nipype.workflow INFO:
	 [Node] Setting-up "fmriprep_25_0_wf.sub_GEO036_wf.bold_ses_t3_task_image_run_3_wf.bold_fit_wf.fmapref_buffer" in "/work/fmriprep_25_0_wf/sub_GEO036_wf/bold_ses_t3_task_image_run_3_wf/bold_fit_wf/fmapref_buffer".
250527-17:19:01,494 nipype.workflow INFO:
	 [Node] Executing "fmapref_buffer" <nipype.interfaces.utility.wrappers.Function>
250527-17:19:01,496 nipype.workflow INFO:
	 [Node] Finished "fmapref_buffer", elapsed time 0.000676s.
250527-17:19:01,599 nipype.interface WARNING:
	 Changing /out/sub-GEO036/ses-t3/func/sub-GEO036_ses-t3_task-image_run-3_desc-hmc_boldref.nii.gz dtype from int16 to float32
250527-17:19:01,702 nipype.interface INFO:
	 stderr 2025-05-27T17:19:01.702670:++ Max displacement in automask = 0.60 (mm) at sub-brick 6
250527-17:19:01,702 nipype.interface INFO:
	 stderr 2025-05-27T17:19:01.702670:++ Max delta displ  in automask = 0.55 (mm) at sub-brick 7
250527-17:19:02,252 nipype.workflow INFO:
	 [Node] Setting-up "fmriprep_25_0_wf.sub_GEO036_wf.anat_fit_wf.register_template_wf.set_reference" in "/work/fmriprep_25_0_wf/sub_GEO036_wf/anat_fit_wf/register_template_wf/_template_MNI152NLin2009cAsym/set_reference".
250527-17:19:02,650 nipype.workflow INFO:
	 [Node] Executing "set_reference" <nipype.interfaces.utility.wrappers.Function>
250527-17:19:02,652 nipype.workflow INFO:
	 [Node] Finished "set_reference", elapsed time 0.000681s.
250527-17:19:03,585 nipype.workflow INFO:
	 [Node] Finished "gen_avg", elapsed time 29.575035s.
250527-17:19:04,330 nipype.workflow INFO:
	 [Node] Setting-up "fmriprep_25_0_wf.sub_GEO036_wf.bold_ses_t2_task_image_run_1_wf.bold_fit_wf.ds_coreg_boldref_wf.sources" in "/work/fmriprep_25_0_wf/sub_GEO036_wf/bold_ses_t2_task_image_run_1_wf/bold_fit_wf/ds_coreg_boldref_wf/sources".
250527-17:19:04,611 nipype.workflow INFO:
	 [Node] Finished "gen_avg", elapsed time 28.706093s.
250527-17:19:04,623 nipype.workflow INFO:
	 [Node] Setting-up "fmriprep_25_0_wf.sub_GEO036_wf.bold_ses_t3_task_image_run_4_wf.bold_fit_wf.fmapref_buffer" in "/work/fmriprep_25_0_wf/sub_GEO036_wf/bold_ses_t3_task_image_run_4_wf/bold_fit_wf/fmapref_buffer".
250527-17:19:04,687 nipype.workflow INFO:
	 [Node] Executing "sources" <fmriprep.interfaces.bids.BIDSURI>
250527-17:19:04,689 nipype.workflow INFO:
	 [Node] Finished "sources", elapsed time 0.000549s.
250527-17:19:04,935 nipype.workflow INFO:
	 [Node] Executing "fmapref_buffer" <nipype.interfaces.utility.wrappers.Function>
250527-17:19:04,937 nipype.workflow INFO:
	 [Node] Finished "fmapref_buffer", elapsed time 0.00063s.
250527-17:19:05,76 nipype.interface WARNING:
	 Changing /out/sub-GEO036/ses-t3/func/sub-GEO036_ses-t3_task-image_run-4_desc-hmc_boldref.nii.gz dtype from int16 to float32
250527-17:19:05,838 nipype.workflow INFO:
	 [Node] Setting-up "fmriprep_25_0_wf.sub_GEO036_wf.bold_ses_t2_task_image_run_2_wf.bold_fit_wf.ds_coreg_boldref_wf.sources" in "/work/fmriprep_25_0_wf/sub_GEO036_wf/bold_ses_t2_task_image_run_2_wf/bold_fit_wf/ds_coreg_boldref_wf/sources".
250527-17:19:06,343 nipype.workflow INFO:
	 [Node] Executing "sources" <fmriprep.interfaces.bids.BIDSURI>
250527-17:19:06,345 nipype.workflow INFO:
	 [Node] Finished "sources", elapsed time 0.00059s.
250527-17:19:06,614 nipype.workflow INFO:
	 [Node] Setting-up "fmriprep_25_0_wf.sub_GEO036_wf.bold_ses_t3_task_image_run_5_wf.bold_fit_wf.fmapref_buffer" in "/work/fmriprep_25_0_wf/sub_GEO036_wf/bold_ses_t3_task_image_run_5_wf/bold_fit_wf/fmapref_buffer".
250527-17:19:07,53 nipype.workflow INFO:
	 [Node] Executing "fmapref_buffer" <nipype.interfaces.utility.wrappers.Function>
250527-17:19:07,54 nipype.workflow INFO:
	 [Node] Finished "fmapref_buffer", elapsed time 0.000576s.
250527-17:19:07,165 nipype.interface WARNING:
	 Changing /out/sub-GEO036/ses-t3/func/sub-GEO036_ses-t3_task-image_run-5_desc-hmc_boldref.nii.gz dtype from int16 to float32
250527-17:19:07,766 nipype.workflow INFO:
	 [Node] Setting-up "fmriprep_25_0_wf.sub_GEO036_wf.bold_ses_t2_task_image_run_3_wf.bold_fit_wf.ds_coreg_boldref_wf.sources" in "/work/fmriprep_25_0_wf/sub_GEO036_wf/bold_ses_t2_task_image_run_3_wf/bold_fit_wf/ds_coreg_boldref_wf/sources".
250527-17:19:07,767 nipype.workflow INFO:
	 [Node] Setting-up "fmriprep_25_0_wf.sub_GEO036_wf.bold_ses_t2_task_image_run_4_wf.bold_fit_wf.ds_coreg_boldref_wf.sources" in "/work/fmriprep_25_0_wf/sub_GEO036_wf/bold_ses_t2_task_image_run_4_wf/bold_fit_wf/ds_coreg_boldref_wf/sources".
250527-17:19:07,843 nipype.interface INFO:
	 stderr 2025-05-27T17:19:07.843194:++ Max displacement in automask = 0.40 (mm) at sub-brick 15
250527-17:19:07,843 nipype.interface INFO:
	 stderr 2025-05-27T17:19:07.843194:++ Max delta displ  in automask = 0.45 (mm) at sub-brick 9
250527-17:19:08,162 nipype.workflow INFO:
	 [Node] Executing "sources" <fmriprep.interfaces.bids.BIDSURI>
250527-17:19:08,163 nipype.workflow INFO:
	 [Node] Finished "sources", elapsed time 0.000661s.
250527-17:19:08,264 nipype.workflow INFO:
	 [Node] Executing "sources" <fmriprep.interfaces.bids.BIDSURI>
250527-17:19:08,265 nipype.workflow INFO:
	 [Node] Finished "sources", elapsed time 0.00052s.
250527-17:19:08,610 nipype.workflow INFO:
	 [Node] Setting-up "fmriprep_25_0_wf.sub_GEO036_wf.bold_ses_t2_task_image_run_5_wf.bold_fit_wf.ds_coreg_boldref_wf.sources" in "/work/fmriprep_25_0_wf/sub_GEO036_wf/bold_ses_t2_task_image_run_5_wf/bold_fit_wf/ds_coreg_boldref_wf/sources".
250527-17:19:08,610 nipype.workflow INFO:
	 [Node] Setting-up "fmriprep_25_0_wf.sub_GEO036_wf.bold_ses_t3_task_image_run_1_wf.bold_fit_wf.ds_coreg_boldref_wf.sources" in "/work/fmriprep_25_0_wf/sub_GEO036_wf/bold_ses_t3_task_image_run_1_wf/bold_fit_wf/ds_coreg_boldref_wf/sources".
250527-17:19:08,611 nipype.workflow INFO:
	 [Node] Setting-up "fmriprep_25_0_wf.sub_GEO036_wf.bold_ses_t3_task_image_run_2_wf.bold_fit_wf.ds_coreg_boldref_wf.sources" in "/work/fmriprep_25_0_wf/sub_GEO036_wf/bold_ses_t3_task_image_run_2_wf/bold_fit_wf/ds_coreg_boldref_wf/sources".
250527-17:19:09,52 nipype.workflow INFO:
	 [Node] Executing "sources" <fmriprep.interfaces.bids.BIDSURI>
250527-17:19:09,54 nipype.workflow INFO:
	 [Node] Finished "sources", elapsed time 0.000477s.
250527-17:19:09,70 nipype.workflow INFO:
	 [Node] Executing "sources" <fmriprep.interfaces.bids.BIDSURI>
250527-17:19:09,71 nipype.workflow INFO:
	 [Node] Finished "sources", elapsed time 0.000535s.
250527-17:19:09,107 nipype.workflow INFO:
	 [Node] Executing "sources" <fmriprep.interfaces.bids.BIDSURI>
250527-17:19:09,108 nipype.workflow INFO:
	 [Node] Finished "sources", elapsed time 0.000563s.
250527-17:19:10,626 nipype.workflow INFO:
	 [Node] Setting-up "fmriprep_25_0_wf.sub_GEO036_wf.bold_ses_t3_task_image_run_3_wf.bold_fit_wf.ds_coreg_boldref_wf.sources" in "/work/fmriprep_25_0_wf/sub_GEO036_wf/bold_ses_t3_task_image_run_3_wf/bold_fit_wf/ds_coreg_boldref_wf/sources".
250527-17:19:10,627 nipype.workflow INFO:
	 [Node] Setting-up "fmriprep_25_0_wf.sub_GEO036_wf.bold_ses_t3_task_image_run_4_wf.bold_fit_wf.ds_coreg_boldref_wf.sources" in "/work/fmriprep_25_0_wf/sub_GEO036_wf/bold_ses_t3_task_image_run_4_wf/bold_fit_wf/ds_coreg_boldref_wf/sources".
250527-17:19:10,627 nipype.workflow INFO:
	 [Node] Setting-up "fmriprep_25_0_wf.sub_GEO036_wf.bold_ses_t3_task_image_run_5_wf.bold_fit_wf.ds_coreg_boldref_wf.sources" in "/work/fmriprep_25_0_wf/sub_GEO036_wf/bold_ses_t3_task_image_run_5_wf/bold_fit_wf/ds_coreg_boldref_wf/sources".
250527-17:19:10,873 nipype.workflow INFO:
	 [Node] Finished "gen_avg", elapsed time 29.830848s.
250527-17:19:10,993 nipype.workflow INFO:
	 [Node] Executing "sources" <fmriprep.interfaces.bids.BIDSURI>
250527-17:19:10,994 nipype.workflow INFO:
	 [Node] Finished "sources", elapsed time 0.000491s.
250527-17:19:11,39 nipype.workflow INFO:
	 [Node] Executing "sources" <fmriprep.interfaces.bids.BIDSURI>
250527-17:19:11,41 nipype.workflow INFO:
	 [Node] Finished "sources", elapsed time 0.000497s.
250527-17:19:11,401 nipype.workflow INFO:
	 [Node] Executing "sources" <fmriprep.interfaces.bids.BIDSURI>
250527-17:19:11,402 nipype.workflow INFO:
	 [Node] Finished "sources", elapsed time 0.000531s.
250527-17:19:12,623 nipype.workflow INFO:
	 [Node] Setting-up "fmriprep_25_0_wf.sub_GEO036_wf.bold_ses_t3_task_retrans_run_1_wf.bold_fit_wf.fmapref_buffer" in "/work/fmriprep_25_0_wf/sub_GEO036_wf/bold_ses_t3_task_retrans_run_1_wf/bold_fit_wf/fmapref_buffer".
250527-17:19:13,61 nipype.interface WARNING:
	 Changing /out/sub-GEO036/ses-t3/func/sub-GEO036_ses-t3_task-retrans_run-1_desc-hmc_boldref.nii.gz dtype from int16 to float32
250527-17:19:14,75 nipype.workflow INFO:
	 [Node] Executing "fmapref_buffer" <nipype.interfaces.utility.wrappers.Function>
250527-17:19:14,77 nipype.workflow INFO:
	 [Node] Finished "fmapref_buffer", elapsed time 0.000878s.
250527-17:19:14,622 nipype.workflow INFO:
	 [Node] Setting-up "fmriprep_25_0_wf.sub_GEO036_wf.bold_ses_t3_task_retrans_run_1_wf.bold_fit_wf.ds_coreg_boldref_wf.sources" in "/work/fmriprep_25_0_wf/sub_GEO036_wf/bold_ses_t3_task_retrans_run_1_wf/bold_fit_wf/ds_coreg_boldref_wf/sources".
250527-17:19:15,338 nipype.workflow INFO:
	 [Node] Executing "sources" <fmriprep.interfaces.bids.BIDSURI>
250527-17:19:15,339 nipype.workflow INFO:
	 [Node] Finished "sources", elapsed time 0.000556s.
250527-17:20:31,410 nipype.workflow INFO:
	 [Node] Finished "mcflirt", elapsed time 100.347568s.
250527-17:20:32,547 nipype.workflow INFO:
	 [Node] Finished "mcflirt", elapsed time 100.015476s.
250527-17:20:32,657 nipype.workflow INFO:
	 [Node] Setting-up "fmriprep_25_0_wf.sub_GEO036_wf.bold_ses_t2_task_image_run_4_wf.bold_fit_wf.bold_hmc_wf.mcflirt" in "/work/fmriprep_25_0_wf/sub_GEO036_wf/bold_ses_t2_task_image_run_4_wf/bold_fit_wf/bold_hmc_wf/mcflirt".
250527-17:20:32,968 nipype.workflow INFO:
	 [Node] Executing "mcflirt" <nipype.interfaces.fsl.preprocess.MCFLIRT>
250527-17:20:34,651 nipype.workflow INFO:
	 [Node] Setting-up "fmriprep_25_0_wf.sub_GEO036_wf.bold_ses_t2_task_image_run_5_wf.bold_fit_wf.bold_hmc_wf.mcflirt" in "/work/fmriprep_25_0_wf/sub_GEO036_wf/bold_ses_t2_task_image_run_5_wf/bold_fit_wf/bold_hmc_wf/mcflirt".
250527-17:20:35,38 nipype.workflow INFO:
	 [Node] Executing "mcflirt" <nipype.interfaces.fsl.preprocess.MCFLIRT>
250527-17:20:37,511 nipype.workflow INFO:
	 [Node] Finished "mcflirt", elapsed time 103.657477s.
250527-17:20:38,667 nipype.workflow INFO:
	 [Node] Setting-up "fmriprep_25_0_wf.sub_GEO036_wf.bold_ses_t3_task_image_run_1_wf.bold_fit_wf.bold_hmc_wf.mcflirt" in "/work/fmriprep_25_0_wf/sub_GEO036_wf/bold_ses_t3_task_image_run_1_wf/bold_fit_wf/bold_hmc_wf/mcflirt".
250527-17:20:38,997 nipype.workflow INFO:
	 [Node] Executing "mcflirt" <nipype.interfaces.fsl.preprocess.MCFLIRT>
250527-17:22:15,935 nipype.workflow INFO:
	 [Node] Finished "mcflirt", elapsed time 100.895106s.
250527-17:22:16,677 nipype.workflow INFO:
	 [Node] Setting-up "fmriprep_25_0_wf.sub_GEO036_wf.bold_ses_t3_task_image_run_2_wf.bold_fit_wf.bold_hmc_wf.mcflirt" in "/work/fmriprep_25_0_wf/sub_GEO036_wf/bold_ses_t3_task_image_run_2_wf/bold_fit_wf/bold_hmc_wf/mcflirt".
250527-17:22:16,892 nipype.workflow INFO:
	 [Node] Executing "mcflirt" <nipype.interfaces.fsl.preprocess.MCFLIRT>
250527-17:22:18,392 nipype.workflow INFO:
	 [Node] Finished "mcflirt", elapsed time 105.422894s.
250527-17:22:20,692 nipype.workflow INFO:
	 [Node] Setting-up "fmriprep_25_0_wf.sub_GEO036_wf.bold_ses_t3_task_image_run_3_wf.bold_fit_wf.bold_hmc_wf.mcflirt" in "/work/fmriprep_25_0_wf/sub_GEO036_wf/bold_ses_t3_task_image_run_3_wf/bold_fit_wf/bold_hmc_wf/mcflirt".
250527-17:22:21,871 nipype.workflow INFO:
	 [Node] Executing "mcflirt" <nipype.interfaces.fsl.preprocess.MCFLIRT>
250527-17:22:24,36 nipype.workflow INFO:
	 [Node] Finished "mcflirt", elapsed time 105.037253s.
250527-17:22:24,650 nipype.workflow INFO:
	 [Node] Setting-up "fmriprep_25_0_wf.sub_GEO036_wf.bold_ses_t3_task_image_run_4_wf.bold_fit_wf.bold_hmc_wf.mcflirt" in "/work/fmriprep_25_0_wf/sub_GEO036_wf/bold_ses_t3_task_image_run_4_wf/bold_fit_wf/bold_hmc_wf/mcflirt".
250527-17:22:25,116 nipype.workflow INFO:
	 [Node] Executing "mcflirt" <nipype.interfaces.fsl.preprocess.MCFLIRT>
250527-17:24:02,875 nipype.workflow INFO:
	 [Node] Finished "mcflirt", elapsed time 105.980754s.
250527-17:24:04,649 nipype.workflow INFO:
	 [Node] Setting-up "fmriprep_25_0_wf.sub_GEO036_wf.bold_ses_t3_task_image_run_5_wf.bold_fit_wf.bold_hmc_wf.mcflirt" in "/work/fmriprep_25_0_wf/sub_GEO036_wf/bold_ses_t3_task_image_run_5_wf/bold_fit_wf/bold_hmc_wf/mcflirt".
250527-17:24:05,514 nipype.workflow INFO:
	 [Node] Finished "mcflirt", elapsed time 103.642292s.
250527-17:24:05,579 nipype.workflow INFO:
	 [Node] Executing "mcflirt" <nipype.interfaces.fsl.preprocess.MCFLIRT>
250527-17:24:06,649 nipype.workflow INFO:
	 [Node] Setting-up "fmriprep_25_0_wf.sub_GEO036_wf.bold_ses_t3_task_retrans_run_1_wf.bold_fit_wf.bold_hmc_wf.mcflirt" in "/work/fmriprep_25_0_wf/sub_GEO036_wf/bold_ses_t3_task_retrans_run_1_wf/bold_fit_wf/bold_hmc_wf/mcflirt".
250527-17:24:07,263 nipype.workflow INFO:
	 [Node] Executing "mcflirt" <nipype.interfaces.fsl.preprocess.MCFLIRT>
250527-17:24:11,947 nipype.workflow INFO:
	 [Node] Finished "mcflirt", elapsed time 106.830121s.
250527-17:25:53,474 nipype.workflow INFO:
	 [Node] Finished "mcflirt", elapsed time 107.89408s.
250527-17:25:54,689 nipype.workflow INFO:
	 [Node] Setting-up "fmriprep_25_0_wf.sub_GEO036_wf.bold_ses_t2_task_image_run_1_wf.bold_fit_wf.enhance_and_skullstrip_bold_wf.init_aff" in "/work/fmriprep_25_0_wf/sub_GEO036_wf/bold_ses_t2_task_image_run_1_wf/bold_fit_wf/enhance_and_skullstrip_bold_wf/init_aff".
250527-17:25:55,442 nipype.workflow INFO:
	 [Node] Executing "init_aff" <nipype.interfaces.ants.utils.AI>
250527-17:26:18,172 nipype.workflow INFO:
	 [Node] Finished "init_aff", elapsed time 22.370866s.
250527-17:26:18,620 nipype.workflow INFO:
	 [Node] Finished "mcflirt", elapsed time 131.355622s.
250527-17:26:20,782 nipype.workflow INFO:
	 [Node] Setting-up "fmriprep_25_0_wf.sub_GEO036_wf.bold_ses_t2_task_image_run_1_wf.bold_fit_wf.bold_hmc_wf.fsl2itk" in "/work/fmriprep_25_0_wf/sub_GEO036_wf/bold_ses_t2_task_image_run_1_wf/bold_fit_wf/bold_hmc_wf/fsl2itk".
250527-17:26:22,426 nipype.workflow INFO:
	 [Node] Executing "fsl2itk" <niworkflows.interfaces.itk.MCFLIRT2ITK>
250527-17:26:22,428 nipype.interface WARNING:
	 Multithreading is deprecated. Remove the num_threads input.
250527-17:26:24,604 nipype.workflow INFO:
	 [Node] Finished "fsl2itk", elapsed time 2.176089s.
250527-17:26:26,674 nipype.workflow INFO:
	 [Node] Setting-up "fmriprep_25_0_wf.sub_GEO036_wf.bold_ses_t2_task_image_run_2_wf.bold_fit_wf.enhance_and_skullstrip_bold_wf.init_aff" in "/work/fmriprep_25_0_wf/sub_GEO036_wf/bold_ses_t2_task_image_run_2_wf/bold_fit_wf/enhance_and_skullstrip_bold_wf/init_aff".
250527-17:26:28,136 nipype.workflow INFO:
	 [Node] Executing "init_aff" <nipype.interfaces.ants.utils.AI>
250527-17:26:30,315 nipype.workflow INFO:
	 [Node] Setting-up "fmriprep_25_0_wf.sub_GEO036_wf.bold_ses_t2_task_image_run_1_wf.bold_confounds_wf.motion_params" in "/work/fmriprep_25_0_wf/sub_GEO036_wf/bold_ses_t2_task_image_run_1_wf/bold_confounds_wf/motion_params".
250527-17:26:30,797 nipype.workflow INFO:
	 [Node] Executing "motion_params" <fmriprep.interfaces.confounds.FSLMotionParams>
250527-17:26:31,434 nipype.workflow INFO:
	 [Node] Finished "motion_params", elapsed time 0.635875s.
250527-17:26:34,54 nipype.workflow INFO:
	 [Node] Setting-up "fmriprep_25_0_wf.sub_GEO036_wf.bold_ses_t2_task_image_run_1_wf.bold_confounds_wf.rmsd" in "/work/fmriprep_25_0_wf/sub_GEO036_wf/bold_ses_t2_task_image_run_1_wf/bold_confounds_wf/rmsd".
250527-17:26:34,479 nipype.workflow INFO:
	 [Node] Executing "rmsd" <fmriprep.interfaces.confounds.FSLRMSDeviation>
250527-17:26:34,682 nipype.workflow INFO:
	 [Node] Finished "rmsd", elapsed time 0.20124s.
250527-17:26:37,965 nipype.workflow INFO:
	 [Node] Setting-up "fmriprep_25_0_wf.sub_GEO036_wf.bold_ses_t2_task_image_run_1_wf.bold_confounds_wf.fdisp" in "/work/fmriprep_25_0_wf/sub_GEO036_wf/bold_ses_t2_task_image_run_1_wf/bold_confounds_wf/fdisp".
250527-17:26:38,409 nipype.workflow INFO:
	 [Node] Executing "fdisp" <fmriprep.interfaces.confounds.FramewiseDisplacement>
250527-17:26:38,553 nipype.workflow INFO:
	 [Node] Finished "fdisp", elapsed time 0.142708s.
250527-17:26:50,652 nipype.workflow INFO:
	 [Node] Finished "init_aff", elapsed time 22.514844s.
250527-17:26:51,168 nipype.workflow INFO:
	 [Node] Setting-up "fmriprep_25_0_wf.sub_GEO036_wf.bold_ses_t2_task_image_run_2_wf.bold_fit_wf.bold_hmc_wf.fsl2itk" in "/work/fmriprep_25_0_wf/sub_GEO036_wf/bold_ses_t2_task_image_run_2_wf/bold_fit_wf/bold_hmc_wf/fsl2itk".
250527-17:26:52,537 nipype.workflow INFO:
	 [Node] Executing "fsl2itk" <niworkflows.interfaces.itk.MCFLIRT2ITK>
250527-17:26:52,539 nipype.interface WARNING:
	 Multithreading is deprecated. Remove the num_threads input.
250527-17:26:55,14 nipype.workflow INFO:
	 [Node] Finished "fsl2itk", elapsed time 2.471695s.
250527-17:26:57,124 nipype.workflow INFO:
	 [Node] Setting-up "fmriprep_25_0_wf.sub_GEO036_wf.bold_ses_t2_task_image_run_3_wf.bold_fit_wf.enhance_and_skullstrip_bold_wf.init_aff" in "/work/fmriprep_25_0_wf/sub_GEO036_wf/bold_ses_t2_task_image_run_3_wf/bold_fit_wf/enhance_and_skullstrip_bold_wf/init_aff".
250527-17:26:57,716 nipype.workflow INFO:
	 [Node] Executing "init_aff" <nipype.interfaces.ants.utils.AI>
250527-17:27:00,1 nipype.workflow INFO:
	 [Node] Setting-up "fmriprep_25_0_wf.sub_GEO036_wf.bold_ses_t2_task_image_run_2_wf.bold_confounds_wf.motion_params" in "/work/fmriprep_25_0_wf/sub_GEO036_wf/bold_ses_t2_task_image_run_2_wf/bold_confounds_wf/motion_params".
250527-17:27:00,811 nipype.workflow INFO:
	 [Node] Executing "motion_params" <fmriprep.interfaces.confounds.FSLMotionParams>
250527-17:27:01,395 nipype.workflow INFO:
	 [Node] Finished "motion_params", elapsed time 0.583007s.
250527-17:27:04,27 nipype.workflow INFO:
	 [Node] Setting-up "fmriprep_25_0_wf.sub_GEO036_wf.bold_ses_t2_task_image_run_2_wf.bold_confounds_wf.rmsd" in "/work/fmriprep_25_0_wf/sub_GEO036_wf/bold_ses_t2_task_image_run_2_wf/bold_confounds_wf/rmsd".
250527-17:27:04,651 nipype.workflow INFO:
	 [Node] Executing "rmsd" <fmriprep.interfaces.confounds.FSLRMSDeviation>
250527-17:27:04,817 nipype.workflow INFO:
	 [Node] Finished "rmsd", elapsed time 0.164422s.
250527-17:27:07,124 nipype.workflow INFO:
	 [Node] Setting-up "fmriprep_25_0_wf.sub_GEO036_wf.bold_ses_t2_task_image_run_2_wf.bold_confounds_wf.fdisp" in "/work/fmriprep_25_0_wf/sub_GEO036_wf/bold_ses_t2_task_image_run_2_wf/bold_confounds_wf/fdisp".
250527-17:27:07,677 nipype.workflow INFO:
	 [Node] Executing "fdisp" <fmriprep.interfaces.confounds.FramewiseDisplacement>
250527-17:27:07,747 nipype.workflow INFO:
	 [Node] Finished "fdisp", elapsed time 0.068087s.
250527-17:27:21,426 nipype.workflow INFO:
	 [Node] Finished "init_aff", elapsed time 23.70762s.
250527-17:27:23,144 nipype.workflow INFO:
	 [Node] Setting-up "fmriprep_25_0_wf.sub_GEO036_wf.bold_ses_t2_task_image_run_3_wf.bold_fit_wf.bold_hmc_wf.fsl2itk" in "/work/fmriprep_25_0_wf/sub_GEO036_wf/bold_ses_t2_task_image_run_3_wf/bold_fit_wf/bold_hmc_wf/fsl2itk".
250527-17:27:24,323 nipype.workflow INFO:
	 [Node] Executing "fsl2itk" <niworkflows.interfaces.itk.MCFLIRT2ITK>
250527-17:27:24,324 nipype.interface WARNING:
	 Multithreading is deprecated. Remove the num_threads input.
250527-17:27:26,494 nipype.workflow INFO:
	 [Node] Finished "fsl2itk", elapsed time 2.169793s.
250527-17:27:27,131 nipype.workflow INFO:
	 [Node] Setting-up "fmriprep_25_0_wf.sub_GEO036_wf.bold_ses_t2_task_image_run_4_wf.bold_fit_wf.enhance_and_skullstrip_bold_wf.init_aff" in "/work/fmriprep_25_0_wf/sub_GEO036_wf/bold_ses_t2_task_image_run_4_wf/bold_fit_wf/enhance_and_skullstrip_bold_wf/init_aff".
250527-17:27:27,744 nipype.workflow INFO:
	 [Node] Executing "init_aff" <nipype.interfaces.ants.utils.AI>
250527-17:27:30,403 nipype.workflow INFO:
	 [Node] Setting-up "fmriprep_25_0_wf.sub_GEO036_wf.bold_ses_t2_task_image_run_3_wf.bold_confounds_wf.motion_params" in "/work/fmriprep_25_0_wf/sub_GEO036_wf/bold_ses_t2_task_image_run_3_wf/bold_confounds_wf/motion_params".
250527-17:27:30,622 nipype.workflow INFO:
	 [Node] Executing "motion_params" <fmriprep.interfaces.confounds.FSLMotionParams>
250527-17:27:30,808 nipype.workflow INFO:
	 [Node] Finished "motion_params", elapsed time 0.185412s.
250527-17:27:32,324 nipype.workflow INFO:
	 [Node] Setting-up "fmriprep_25_0_wf.sub_GEO036_wf.bold_ses_t2_task_image_run_3_wf.bold_confounds_wf.rmsd" in "/work/fmriprep_25_0_wf/sub_GEO036_wf/bold_ses_t2_task_image_run_3_wf/bold_confounds_wf/rmsd".
250527-17:27:32,835 nipype.workflow INFO:
	 [Node] Executing "rmsd" <fmriprep.interfaces.confounds.FSLRMSDeviation>
250527-17:27:32,996 nipype.workflow INFO:
	 [Node] Finished "rmsd", elapsed time 0.160585s.
250527-17:27:35,455 nipype.workflow INFO:
	 [Node] Setting-up "fmriprep_25_0_wf.sub_GEO036_wf.bold_ses_t2_task_image_run_3_wf.bold_confounds_wf.fdisp" in "/work/fmriprep_25_0_wf/sub_GEO036_wf/bold_ses_t2_task_image_run_3_wf/bold_confounds_wf/fdisp".
250527-17:27:35,786 nipype.workflow INFO:
	 [Node] Executing "fdisp" <fmriprep.interfaces.confounds.FramewiseDisplacement>
250527-17:27:35,859 nipype.workflow INFO:
	 [Node] Finished "fdisp", elapsed time 0.07143s.
250527-17:27:52,951 nipype.workflow INFO:
	 [Node] Finished "init_aff", elapsed time 25.0347s.
250527-17:27:53,520 nipype.workflow INFO:
	 [Node] Setting-up "fmriprep_25_0_wf.sub_GEO036_wf.bold_ses_t2_task_image_run_4_wf.bold_fit_wf.bold_hmc_wf.fsl2itk" in "/work/fmriprep_25_0_wf/sub_GEO036_wf/bold_ses_t2_task_image_run_4_wf/bold_fit_wf/bold_hmc_wf/fsl2itk".
250527-17:27:55,160 nipype.workflow INFO:
	 [Node] Executing "fsl2itk" <niworkflows.interfaces.itk.MCFLIRT2ITK>
250527-17:27:55,161 nipype.interface WARNING:
	 Multithreading is deprecated. Remove the num_threads input.
250527-17:27:56,879 nipype.workflow INFO:
	 [Node] Finished "fsl2itk", elapsed time 1.7178740000000001s.
250527-17:27:57,498 nipype.workflow INFO:
	 [Node] Setting-up "fmriprep_25_0_wf.sub_GEO036_wf.bold_ses_t2_task_image_run_5_wf.bold_fit_wf.enhance_and_skullstrip_bold_wf.init_aff" in "/work/fmriprep_25_0_wf/sub_GEO036_wf/bold_ses_t2_task_image_run_5_wf/bold_fit_wf/enhance_and_skullstrip_bold_wf/init_aff".
250527-17:27:57,953 nipype.workflow INFO:
	 [Node] Executing "init_aff" <nipype.interfaces.ants.utils.AI>
250527-17:28:00,411 nipype.workflow INFO:
	 [Node] Setting-up "fmriprep_25_0_wf.sub_GEO036_wf.bold_ses_t2_task_image_run_4_wf.bold_confounds_wf.motion_params" in "/work/fmriprep_25_0_wf/sub_GEO036_wf/bold_ses_t2_task_image_run_4_wf/bold_confounds_wf/motion_params".
250527-17:28:00,878 nipype.workflow INFO:
	 [Node] Executing "motion_params" <fmriprep.interfaces.confounds.FSLMotionParams>
250527-17:28:01,85 nipype.workflow INFO:
	 [Node] Finished "motion_params", elapsed time 0.205728s.
250527-17:28:03,475 nipype.workflow INFO:
	 [Node] Setting-up "fmriprep_25_0_wf.sub_GEO036_wf.bold_ses_t2_task_image_run_4_wf.bold_confounds_wf.rmsd" in "/work/fmriprep_25_0_wf/sub_GEO036_wf/bold_ses_t2_task_image_run_4_wf/bold_confounds_wf/rmsd".
250527-17:28:03,901 nipype.workflow INFO:
	 [Node] Executing "rmsd" <fmriprep.interfaces.confounds.FSLRMSDeviation>
250527-17:28:04,68 nipype.workflow INFO:
	 [Node] Finished "rmsd", elapsed time 0.16595s.
250527-17:28:05,466 nipype.workflow INFO:
	 [Node] Setting-up "fmriprep_25_0_wf.sub_GEO036_wf.bold_ses_t2_task_image_run_4_wf.bold_confounds_wf.fdisp" in "/work/fmriprep_25_0_wf/sub_GEO036_wf/bold_ses_t2_task_image_run_4_wf/bold_confounds_wf/fdisp".
250527-17:28:05,863 nipype.workflow INFO:
	 [Node] Executing "fdisp" <fmriprep.interfaces.confounds.FramewiseDisplacement>
250527-17:28:05,918 nipype.workflow INFO:
	 [Node] Finished "fdisp", elapsed time 0.053232s.
250527-17:28:22,602 nipype.workflow INFO:
	 [Node] Finished "init_aff", elapsed time 24.465909s.
250527-17:28:23,527 nipype.workflow INFO:
	 [Node] Setting-up "fmriprep_25_0_wf.sub_GEO036_wf.bold_ses_t2_task_image_run_5_wf.bold_fit_wf.bold_hmc_wf.fsl2itk" in "/work/fmriprep_25_0_wf/sub_GEO036_wf/bold_ses_t2_task_image_run_5_wf/bold_fit_wf/bold_hmc_wf/fsl2itk".
250527-17:28:25,717 nipype.workflow INFO:
	 [Node] Executing "fsl2itk" <niworkflows.interfaces.itk.MCFLIRT2ITK>
250527-17:28:25,718 nipype.interface WARNING:
	 Multithreading is deprecated. Remove the num_threads input.
250527-17:28:27,534 nipype.workflow INFO:
	 [Node] Finished "fsl2itk", elapsed time 1.8162660000000002s.
250527-17:28:29,536 nipype.workflow INFO:
	 [Node] Setting-up "fmriprep_25_0_wf.sub_GEO036_wf.bold_ses_t3_task_image_run_1_wf.bold_fit_wf.enhance_and_skullstrip_bold_wf.init_aff" in "/work/fmriprep_25_0_wf/sub_GEO036_wf/bold_ses_t3_task_image_run_1_wf/bold_fit_wf/enhance_and_skullstrip_bold_wf/init_aff".
250527-17:28:30,241 nipype.workflow INFO:
	 [Node] Executing "init_aff" <nipype.interfaces.ants.utils.AI>
250527-17:28:31,527 nipype.workflow INFO:
	 [Node] Setting-up "fmriprep_25_0_wf.sub_GEO036_wf.bold_ses_t2_task_image_run_5_wf.bold_confounds_wf.motion_params" in "/work/fmriprep_25_0_wf/sub_GEO036_wf/bold_ses_t2_task_image_run_5_wf/bold_confounds_wf/motion_params".
250527-17:28:31,809 nipype.workflow INFO:
	 [Node] Executing "motion_params" <fmriprep.interfaces.confounds.FSLMotionParams>
250527-17:28:32,4 nipype.workflow INFO:
	 [Node] Finished "motion_params", elapsed time 0.194945s.
250527-17:28:33,511 nipype.workflow INFO:
	 [Node] Setting-up "fmriprep_25_0_wf.sub_GEO036_wf.bold_ses_t2_task_image_run_5_wf.bold_confounds_wf.rmsd" in "/work/fmriprep_25_0_wf/sub_GEO036_wf/bold_ses_t2_task_image_run_5_wf/bold_confounds_wf/rmsd".
250527-17:28:33,771 nipype.workflow INFO:
	 [Node] Executing "rmsd" <fmriprep.interfaces.confounds.FSLRMSDeviation>
250527-17:28:33,921 nipype.workflow INFO:
	 [Node] Finished "rmsd", elapsed time 0.14922s.
250527-17:28:35,475 nipype.workflow INFO:
	 [Node] Setting-up "fmriprep_25_0_wf.sub_GEO036_wf.bold_ses_t2_task_image_run_5_wf.bold_confounds_wf.fdisp" in "/work/fmriprep_25_0_wf/sub_GEO036_wf/bold_ses_t2_task_image_run_5_wf/bold_confounds_wf/fdisp".
250527-17:28:36,88 nipype.workflow INFO:
	 [Node] Executing "fdisp" <fmriprep.interfaces.confounds.FramewiseDisplacement>
250527-17:28:36,174 nipype.workflow INFO:
	 [Node] Finished "fdisp", elapsed time 0.0851s.
250527-17:28:53,906 nipype.workflow INFO:
	 [Node] Finished "init_aff", elapsed time 23.483565s.
250527-17:28:55,470 nipype.workflow INFO:
	 [Node] Setting-up "fmriprep_25_0_wf.sub_GEO036_wf.bold_ses_t3_task_image_run_1_wf.bold_fit_wf.bold_hmc_wf.fsl2itk" in "/work/fmriprep_25_0_wf/sub_GEO036_wf/bold_ses_t3_task_image_run_1_wf/bold_fit_wf/bold_hmc_wf/fsl2itk".
250527-17:28:58,567 nipype.workflow INFO:
	 [Node] Executing "fsl2itk" <niworkflows.interfaces.itk.MCFLIRT2ITK>
250527-17:28:58,568 nipype.interface WARNING:
	 Multithreading is deprecated. Remove the num_threads input.
250527-17:29:00,464 nipype.workflow INFO:
	 [Node] Finished "fsl2itk", elapsed time 1.896082s.
250527-17:29:01,470 nipype.workflow INFO:
	 [Node] Setting-up "fmriprep_25_0_wf.sub_GEO036_wf.bold_ses_t3_task_image_run_2_wf.bold_fit_wf.enhance_and_skullstrip_bold_wf.init_aff" in "/work/fmriprep_25_0_wf/sub_GEO036_wf/bold_ses_t3_task_image_run_2_wf/bold_fit_wf/enhance_and_skullstrip_bold_wf/init_aff".
250527-17:29:01,972 nipype.workflow INFO:
	 [Node] Executing "init_aff" <nipype.interfaces.ants.utils.AI>
250527-17:29:03,497 nipype.workflow INFO:
	 [Node] Setting-up "fmriprep_25_0_wf.sub_GEO036_wf.bold_ses_t3_task_image_run_1_wf.bold_confounds_wf.motion_params" in "/work/fmriprep_25_0_wf/sub_GEO036_wf/bold_ses_t3_task_image_run_1_wf/bold_confounds_wf/motion_params".
250527-17:29:05,257 nipype.workflow INFO:
	 [Node] Executing "motion_params" <fmriprep.interfaces.confounds.FSLMotionParams>
250527-17:29:05,438 nipype.workflow INFO:
	 [Node] Finished "motion_params", elapsed time 0.179581s.
250527-17:29:07,541 nipype.workflow INFO:
	 [Node] Setting-up "fmriprep_25_0_wf.sub_GEO036_wf.bold_ses_t3_task_image_run_1_wf.bold_confounds_wf.rmsd" in "/work/fmriprep_25_0_wf/sub_GEO036_wf/bold_ses_t3_task_image_run_1_wf/bold_confounds_wf/rmsd".
250527-17:29:07,854 nipype.workflow INFO:
	 [Node] Executing "rmsd" <fmriprep.interfaces.confounds.FSLRMSDeviation>
250527-17:29:08,4 nipype.workflow INFO:
	 [Node] Finished "rmsd", elapsed time 0.14887s.
250527-17:29:09,537 nipype.workflow INFO:
	 [Node] Setting-up "fmriprep_25_0_wf.sub_GEO036_wf.bold_ses_t3_task_image_run_1_wf.bold_confounds_wf.fdisp" in "/work/fmriprep_25_0_wf/sub_GEO036_wf/bold_ses_t3_task_image_run_1_wf/bold_confounds_wf/fdisp".
250527-17:29:09,804 nipype.workflow INFO:
	 [Node] Executing "fdisp" <fmriprep.interfaces.confounds.FramewiseDisplacement>
250527-17:29:09,844 nipype.workflow INFO:
	 [Node] Finished "fdisp", elapsed time 0.03908s.
250527-17:29:26,300 nipype.workflow INFO:
	 [Node] Finished "init_aff", elapsed time 24.326916s.
250527-17:29:27,464 nipype.workflow INFO:
	 [Node] Setting-up "fmriprep_25_0_wf.sub_GEO036_wf.bold_ses_t3_task_image_run_2_wf.bold_fit_wf.bold_hmc_wf.fsl2itk" in "/work/fmriprep_25_0_wf/sub_GEO036_wf/bold_ses_t3_task_image_run_2_wf/bold_fit_wf/bold_hmc_wf/fsl2itk".
250527-17:29:28,569 nipype.workflow INFO:
	 [Node] Executing "fsl2itk" <niworkflows.interfaces.itk.MCFLIRT2ITK>
250527-17:29:28,570 nipype.interface WARNING:
	 Multithreading is deprecated. Remove the num_threads input.
250527-17:29:29,981 nipype.workflow INFO:
	 [Node] Finished "fsl2itk", elapsed time 1.410349s.
250527-17:29:31,488 nipype.workflow INFO:
	 [Node] Setting-up "fmriprep_25_0_wf.sub_GEO036_wf.bold_ses_t3_task_image_run_3_wf.bold_fit_wf.enhance_and_skullstrip_bold_wf.init_aff" in "/work/fmriprep_25_0_wf/sub_GEO036_wf/bold_ses_t3_task_image_run_3_wf/bold_fit_wf/enhance_and_skullstrip_bold_wf/init_aff".
250527-17:29:31,898 nipype.workflow INFO:
	 [Node] Executing "init_aff" <nipype.interfaces.ants.utils.AI>
250527-17:29:33,487 nipype.workflow INFO:
	 [Node] Setting-up "fmriprep_25_0_wf.sub_GEO036_wf.bold_ses_t3_task_image_run_2_wf.bold_confounds_wf.motion_params" in "/work/fmriprep_25_0_wf/sub_GEO036_wf/bold_ses_t3_task_image_run_2_wf/bold_confounds_wf/motion_params".
250527-17:29:33,872 nipype.workflow INFO:
	 [Node] Executing "motion_params" <fmriprep.interfaces.confounds.FSLMotionParams>
250527-17:29:34,34 nipype.workflow INFO:
	 [Node] Finished "motion_params", elapsed time 0.160897s.
250527-17:29:35,484 nipype.workflow INFO:
	 [Node] Setting-up "fmriprep_25_0_wf.sub_GEO036_wf.bold_ses_t3_task_image_run_2_wf.bold_confounds_wf.rmsd" in "/work/fmriprep_25_0_wf/sub_GEO036_wf/bold_ses_t3_task_image_run_2_wf/bold_confounds_wf/rmsd".
250527-17:29:35,761 nipype.workflow INFO:
	 [Node] Executing "rmsd" <fmriprep.interfaces.confounds.FSLRMSDeviation>
250527-17:29:35,922 nipype.workflow INFO:
	 [Node] Finished "rmsd", elapsed time 0.160386s.
250527-17:29:37,486 nipype.workflow INFO:
	 [Node] Setting-up "fmriprep_25_0_wf.sub_GEO036_wf.bold_ses_t3_task_image_run_2_wf.bold_confounds_wf.fdisp" in "/work/fmriprep_25_0_wf/sub_GEO036_wf/bold_ses_t3_task_image_run_2_wf/bold_confounds_wf/fdisp".
250527-17:29:37,723 nipype.workflow INFO:
	 [Node] Executing "fdisp" <fmriprep.interfaces.confounds.FramewiseDisplacement>
250527-17:29:37,756 nipype.workflow INFO:
	 [Node] Finished "fdisp", elapsed time 0.032322s.
250527-17:29:55,399 nipype.workflow INFO:
	 [Node] Finished "init_aff", elapsed time 23.499874s.
250527-17:29:57,489 nipype.workflow INFO:
	 [Node] Setting-up "fmriprep_25_0_wf.sub_GEO036_wf.bold_ses_t3_task_image_run_3_wf.bold_fit_wf.bold_hmc_wf.fsl2itk" in "/work/fmriprep_25_0_wf/sub_GEO036_wf/bold_ses_t3_task_image_run_3_wf/bold_fit_wf/bold_hmc_wf/fsl2itk".
250527-17:29:58,786 nipype.workflow INFO:
	 [Node] Executing "fsl2itk" <niworkflows.interfaces.itk.MCFLIRT2ITK>
250527-17:29:58,787 nipype.interface WARNING:
	 Multithreading is deprecated. Remove the num_threads input.
250527-17:30:00,206 nipype.workflow INFO:
	 [Node] Finished "fsl2itk", elapsed time 1.418592s.
250527-17:30:01,510 nipype.workflow INFO:
	 [Node] Setting-up "fmriprep_25_0_wf.sub_GEO036_wf.bold_ses_t3_task_image_run_4_wf.bold_fit_wf.enhance_and_skullstrip_bold_wf.init_aff" in "/work/fmriprep_25_0_wf/sub_GEO036_wf/bold_ses_t3_task_image_run_4_wf/bold_fit_wf/enhance_and_skullstrip_bold_wf/init_aff".
250527-17:30:01,853 nipype.workflow INFO:
	 [Node] Executing "init_aff" <nipype.interfaces.ants.utils.AI>
250527-17:30:03,490 nipype.workflow INFO:
	 [Node] Setting-up "fmriprep_25_0_wf.sub_GEO036_wf.bold_ses_t3_task_image_run_3_wf.bold_confounds_wf.motion_params" in "/work/fmriprep_25_0_wf/sub_GEO036_wf/bold_ses_t3_task_image_run_3_wf/bold_confounds_wf/motion_params".
250527-17:30:03,856 nipype.workflow INFO:
	 [Node] Executing "motion_params" <fmriprep.interfaces.confounds.FSLMotionParams>
250527-17:30:04,75 nipype.workflow INFO:
	 [Node] Finished "motion_params", elapsed time 0.218049s.
250527-17:30:05,497 nipype.workflow INFO:
	 [Node] Setting-up "fmriprep_25_0_wf.sub_GEO036_wf.bold_ses_t3_task_image_run_3_wf.bold_confounds_wf.rmsd" in "/work/fmriprep_25_0_wf/sub_GEO036_wf/bold_ses_t3_task_image_run_3_wf/bold_confounds_wf/rmsd".
250527-17:30:05,867 nipype.workflow INFO:
	 [Node] Executing "rmsd" <fmriprep.interfaces.confounds.FSLRMSDeviation>
250527-17:30:06,10 nipype.workflow INFO:
	 [Node] Finished "rmsd", elapsed time 0.142837s.
250527-17:30:07,491 nipype.workflow INFO:
	 [Node] Setting-up "fmriprep_25_0_wf.sub_GEO036_wf.bold_ses_t3_task_image_run_3_wf.bold_confounds_wf.fdisp" in "/work/fmriprep_25_0_wf/sub_GEO036_wf/bold_ses_t3_task_image_run_3_wf/bold_confounds_wf/fdisp".
250527-17:30:08,16 nipype.workflow INFO:
	 [Node] Executing "fdisp" <fmriprep.interfaces.confounds.FramewiseDisplacement>
250527-17:30:08,52 nipype.workflow INFO:
	 [Node] Finished "fdisp", elapsed time 0.034835s.
250527-17:30:24,664 nipype.workflow INFO:
	 [Node] Finished "init_aff", elapsed time 22.809784s.
250527-17:30:25,489 nipype.workflow INFO:
	 [Node] Setting-up "fmriprep_25_0_wf.sub_GEO036_wf.bold_ses_t3_task_image_run_4_wf.bold_fit_wf.bold_hmc_wf.fsl2itk" in "/work/fmriprep_25_0_wf/sub_GEO036_wf/bold_ses_t3_task_image_run_4_wf/bold_fit_wf/bold_hmc_wf/fsl2itk".
250527-17:30:26,587 nipype.workflow INFO:
	 [Node] Executing "fsl2itk" <niworkflows.interfaces.itk.MCFLIRT2ITK>
250527-17:30:26,588 nipype.interface WARNING:
	 Multithreading is deprecated. Remove the num_threads input.
250527-17:30:27,849 nipype.workflow INFO:
	 [Node] Finished "fsl2itk", elapsed time 1.260759s.
250527-17:30:29,480 nipype.workflow INFO:
	 [Node] Setting-up "fmriprep_25_0_wf.sub_GEO036_wf.bold_ses_t3_task_image_run_5_wf.bold_fit_wf.enhance_and_skullstrip_bold_wf.init_aff" in "/work/fmriprep_25_0_wf/sub_GEO036_wf/bold_ses_t3_task_image_run_5_wf/bold_fit_wf/enhance_and_skullstrip_bold_wf/init_aff".
250527-17:30:30,205 nipype.workflow INFO:
	 [Node] Executing "init_aff" <nipype.interfaces.ants.utils.AI>
250527-17:30:31,558 nipype.workflow INFO:
	 [Node] Setting-up "fmriprep_25_0_wf.sub_GEO036_wf.bold_ses_t3_task_image_run_4_wf.bold_confounds_wf.motion_params" in "/work/fmriprep_25_0_wf/sub_GEO036_wf/bold_ses_t3_task_image_run_4_wf/bold_confounds_wf/motion_params".
250527-17:30:31,964 nipype.workflow INFO:
	 [Node] Executing "motion_params" <fmriprep.interfaces.confounds.FSLMotionParams>
250527-17:30:32,175 nipype.workflow INFO:
	 [Node] Finished "motion_params", elapsed time 0.209773s.
250527-17:30:33,509 nipype.workflow INFO:
	 [Node] Setting-up "fmriprep_25_0_wf.sub_GEO036_wf.bold_ses_t3_task_image_run_4_wf.bold_confounds_wf.rmsd" in "/work/fmriprep_25_0_wf/sub_GEO036_wf/bold_ses_t3_task_image_run_4_wf/bold_confounds_wf/rmsd".
250527-17:30:33,688 nipype.workflow INFO:
	 [Node] Executing "rmsd" <fmriprep.interfaces.confounds.FSLRMSDeviation>
250527-17:30:33,830 nipype.workflow INFO:
	 [Node] Finished "rmsd", elapsed time 0.140366s.
250527-17:30:35,500 nipype.workflow INFO:
	 [Node] Setting-up "fmriprep_25_0_wf.sub_GEO036_wf.bold_ses_t3_task_image_run_4_wf.bold_confounds_wf.fdisp" in "/work/fmriprep_25_0_wf/sub_GEO036_wf/bold_ses_t3_task_image_run_4_wf/bold_confounds_wf/fdisp".
250527-17:30:37,158 nipype.workflow INFO:
	 [Node] Executing "fdisp" <fmriprep.interfaces.confounds.FramewiseDisplacement>
250527-17:30:37,225 nipype.workflow INFO:
	 [Node] Finished "fdisp", elapsed time 0.065829s.
250527-17:30:53,756 nipype.workflow INFO:
	 [Node] Finished "init_aff", elapsed time 23.550737s.
250527-17:30:55,471 nipype.workflow INFO:
	 [Node] Setting-up "fmriprep_25_0_wf.sub_GEO036_wf.bold_ses_t3_task_image_run_5_wf.bold_fit_wf.bold_hmc_wf.fsl2itk" in "/work/fmriprep_25_0_wf/sub_GEO036_wf/bold_ses_t3_task_image_run_5_wf/bold_fit_wf/bold_hmc_wf/fsl2itk".
250527-17:30:56,944 nipype.workflow INFO:
	 [Node] Executing "fsl2itk" <niworkflows.interfaces.itk.MCFLIRT2ITK>
250527-17:30:56,945 nipype.interface WARNING:
	 Multithreading is deprecated. Remove the num_threads input.
250527-17:30:58,316 nipype.workflow INFO:
	 [Node] Finished "fsl2itk", elapsed time 1.371423s.
250527-17:30:59,500 nipype.workflow INFO:
	 [Node] Setting-up "fmriprep_25_0_wf.sub_GEO036_wf.bold_ses_t3_task_retrans_run_1_wf.bold_fit_wf.enhance_and_skullstrip_bold_wf.init_aff" in "/work/fmriprep_25_0_wf/sub_GEO036_wf/bold_ses_t3_task_retrans_run_1_wf/bold_fit_wf/enhance_and_skullstrip_bold_wf/init_aff".
250527-17:31:00,154 nipype.workflow INFO:
	 [Node] Executing "init_aff" <nipype.interfaces.ants.utils.AI>
250527-17:31:01,501 nipype.workflow INFO:
	 [Node] Setting-up "fmriprep_25_0_wf.sub_GEO036_wf.bold_ses_t3_task_image_run_5_wf.bold_confounds_wf.motion_params" in "/work/fmriprep_25_0_wf/sub_GEO036_wf/bold_ses_t3_task_image_run_5_wf/bold_confounds_wf/motion_params".
250527-17:31:01,898 nipype.workflow INFO:
	 [Node] Executing "motion_params" <fmriprep.interfaces.confounds.FSLMotionParams>
250527-17:31:02,118 nipype.workflow INFO:
	 [Node] Finished "motion_params", elapsed time 0.219666s.
250527-17:31:03,565 nipype.workflow INFO:
	 [Node] Setting-up "fmriprep_25_0_wf.sub_GEO036_wf.bold_ses_t3_task_image_run_5_wf.bold_confounds_wf.rmsd" in "/work/fmriprep_25_0_wf/sub_GEO036_wf/bold_ses_t3_task_image_run_5_wf/bold_confounds_wf/rmsd".
250527-17:31:03,915 nipype.workflow INFO:
	 [Node] Executing "rmsd" <fmriprep.interfaces.confounds.FSLRMSDeviation>
250527-17:31:04,53 nipype.workflow INFO:
	 [Node] Finished "rmsd", elapsed time 0.137476s.
250527-17:31:05,567 nipype.workflow INFO:
	 [Node] Setting-up "fmriprep_25_0_wf.sub_GEO036_wf.bold_ses_t3_task_image_run_5_wf.bold_confounds_wf.fdisp" in "/work/fmriprep_25_0_wf/sub_GEO036_wf/bold_ses_t3_task_image_run_5_wf/bold_confounds_wf/fdisp".
250527-17:31:05,789 nipype.workflow INFO:
	 [Node] Executing "fdisp" <fmriprep.interfaces.confounds.FramewiseDisplacement>
250527-17:31:05,851 nipype.workflow INFO:
	 [Node] Finished "fdisp", elapsed time 0.061262s.
250527-17:31:23,142 nipype.workflow INFO:
	 [Node] Finished "init_aff", elapsed time 22.986812s.
250527-17:31:25,482 nipype.workflow INFO:
	 [Node] Setting-up "fmriprep_25_0_wf.sub_GEO036_wf.bold_ses_t3_task_retrans_run_1_wf.bold_fit_wf.bold_hmc_wf.fsl2itk" in "/work/fmriprep_25_0_wf/sub_GEO036_wf/bold_ses_t3_task_retrans_run_1_wf/bold_fit_wf/bold_hmc_wf/fsl2itk".
250527-17:31:26,913 nipype.workflow INFO:
	 [Node] Executing "fsl2itk" <niworkflows.interfaces.itk.MCFLIRT2ITK>
250527-17:31:26,914 nipype.interface WARNING:
	 Multithreading is deprecated. Remove the num_threads input.
250527-17:31:28,287 nipype.workflow INFO:
	 [Node] Finished "fsl2itk", elapsed time 1.37314s.
250527-17:31:29,492 nipype.workflow INFO:
	 [Node] Setting-up "fmriprep_25_0_wf.sub_GEO036_wf.bold_ses_t2_task_image_run_1_wf.bold_fit_wf.enhance_and_skullstrip_bold_wf.norm" in "/work/fmriprep_25_0_wf/sub_GEO036_wf/bold_ses_t2_task_image_run_1_wf/bold_fit_wf/enhance_and_skullstrip_bold_wf/norm".
250527-17:31:30,407 nipype.workflow INFO:
	 [Node] Executing "norm" <niworkflows.interfaces.fixes.FixHeaderRegistration>
250527-17:31:31,763 nipype.workflow INFO:
	 [Node] Setting-up "fmriprep_25_0_wf.sub_GEO036_wf.bold_ses_t3_task_retrans_run_1_wf.bold_confounds_wf.motion_params" in "/work/fmriprep_25_0_wf/sub_GEO036_wf/bold_ses_t3_task_retrans_run_1_wf/bold_confounds_wf/motion_params".
250527-17:31:32,245 nipype.workflow INFO:
	 [Node] Executing "motion_params" <fmriprep.interfaces.confounds.FSLMotionParams>
250527-17:31:32,448 nipype.workflow INFO:
	 [Node] Finished "motion_params", elapsed time 0.201968s.
250527-17:31:32,618 nipype.workflow INFO:
	 [Node] Finished "norm", elapsed time 2.209784s.
250527-17:31:33,743 nipype.workflow INFO:
	 [Node] Setting-up "fmriprep_25_0_wf.sub_GEO036_wf.bold_ses_t2_task_image_run_2_wf.bold_fit_wf.enhance_and_skullstrip_bold_wf.norm" in "/work/fmriprep_25_0_wf/sub_GEO036_wf/bold_ses_t2_task_image_run_2_wf/bold_fit_wf/enhance_and_skullstrip_bold_wf/norm".
250527-17:31:33,745 nipype.workflow INFO:
	 [Node] Setting-up "fmriprep_25_0_wf.sub_GEO036_wf.bold_ses_t2_task_image_run_1_wf.bold_fit_wf.enhance_and_skullstrip_bold_wf.map_brainmask" in "/work/fmriprep_25_0_wf/sub_GEO036_wf/bold_ses_t2_task_image_run_1_wf/bold_fit_wf/enhance_and_skullstrip_bold_wf/map_brainmask".
250527-17:31:34,340 nipype.workflow INFO:
	 [Node] Executing "map_brainmask" <niworkflows.interfaces.fixes.FixHeaderApplyTransforms>
250527-17:31:35,31 nipype.workflow INFO:
	 [Node] Executing "norm" <niworkflows.interfaces.fixes.FixHeaderRegistration>
250527-17:31:35,157 nipype.workflow INFO:
	 [Node] Finished "map_brainmask", elapsed time 0.815875s.
250527-17:31:36,957 nipype.workflow INFO:
	 [Node] Finished "norm", elapsed time 1.722581s.
250527-17:31:37,822 nipype.workflow INFO:
	 [Node] Setting-up "fmriprep_25_0_wf.sub_GEO036_wf.bold_ses_t2_task_image_run_3_wf.bold_fit_wf.enhance_and_skullstrip_bold_wf.norm" in "/work/fmriprep_25_0_wf/sub_GEO036_wf/bold_ses_t2_task_image_run_3_wf/bold_fit_wf/enhance_and_skullstrip_bold_wf/norm".
250527-17:31:37,824 nipype.workflow INFO:
	 [Node] Setting-up "fmriprep_25_0_wf.sub_GEO036_wf.bold_ses_t2_task_image_run_2_wf.bold_fit_wf.enhance_and_skullstrip_bold_wf.map_brainmask" in "/work/fmriprep_25_0_wf/sub_GEO036_wf/bold_ses_t2_task_image_run_2_wf/bold_fit_wf/enhance_and_skullstrip_bold_wf/map_brainmask".
250527-17:31:38,58 nipype.workflow INFO:
	 [Node] Executing "map_brainmask" <niworkflows.interfaces.fixes.FixHeaderApplyTransforms>
250527-17:31:38,108 nipype.workflow INFO:
	 [Node] Executing "norm" <niworkflows.interfaces.fixes.FixHeaderRegistration>
250527-17:31:38,598 nipype.workflow INFO:
	 [Node] Finished "map_brainmask", elapsed time 0.539562s.
250527-17:31:39,513 nipype.workflow INFO:
	 [Node] Finished "norm", elapsed time 1.196255s.
250527-17:31:39,772 nipype.workflow INFO:
	 [Node] Setting-up "fmriprep_25_0_wf.sub_GEO036_wf.bold_ses_t3_task_retrans_run_1_wf.bold_confounds_wf.rmsd" in "/work/fmriprep_25_0_wf/sub_GEO036_wf/bold_ses_t3_task_retrans_run_1_wf/bold_confounds_wf/rmsd".
250527-17:31:40,234 nipype.workflow INFO:
	 [Node] Executing "rmsd" <fmriprep.interfaces.confounds.FSLRMSDeviation>
250527-17:31:40,403 nipype.workflow INFO:
	 [Node] Finished "rmsd", elapsed time 0.167956s.
250527-17:31:41,794 nipype.workflow INFO:
	 [Node] Setting-up "fmriprep_25_0_wf.sub_GEO036_wf.bold_ses_t2_task_image_run_4_wf.bold_fit_wf.enhance_and_skullstrip_bold_wf.norm" in "/work/fmriprep_25_0_wf/sub_GEO036_wf/bold_ses_t2_task_image_run_4_wf/bold_fit_wf/enhance_and_skullstrip_bold_wf/norm".
250527-17:31:41,797 nipype.workflow INFO:
	 [Node] Setting-up "fmriprep_25_0_wf.sub_GEO036_wf.bold_ses_t2_task_image_run_3_wf.bold_fit_wf.enhance_and_skullstrip_bold_wf.map_brainmask" in "/work/fmriprep_25_0_wf/sub_GEO036_wf/bold_ses_t2_task_image_run_3_wf/bold_fit_wf/enhance_and_skullstrip_bold_wf/map_brainmask".
250527-17:31:43,116 nipype.workflow INFO:
	 [Node] Executing "map_brainmask" <niworkflows.interfaces.fixes.FixHeaderApplyTransforms>
250527-17:31:43,590 nipype.workflow INFO:
	 [Node] Executing "norm" <niworkflows.interfaces.fixes.FixHeaderRegistration>
250527-17:31:43,713 nipype.workflow INFO:
	 [Node] Finished "map_brainmask", elapsed time 0.596569s.
250527-17:31:45,632 nipype.workflow INFO:
	 [Node] Finished "norm", elapsed time 1.874203s.
250527-17:31:48,954 nipype.workflow INFO:
	 [Node] Setting-up "fmriprep_25_0_wf.sub_GEO036_wf.bold_ses_t3_task_retrans_run_1_wf.bold_confounds_wf.fdisp" in "/work/fmriprep_25_0_wf/sub_GEO036_wf/bold_ses_t3_task_retrans_run_1_wf/bold_confounds_wf/fdisp".
250527-17:31:49,218 nipype.workflow INFO:
	 [Node] Setting-up "fmriprep_25_0_wf.sub_GEO036_wf.bold_ses_t2_task_image_run_5_wf.bold_fit_wf.enhance_and_skullstrip_bold_wf.norm" in "/work/fmriprep_25_0_wf/sub_GEO036_wf/bold_ses_t2_task_image_run_5_wf/bold_fit_wf/enhance_and_skullstrip_bold_wf/norm".
250527-17:31:49,346 nipype.workflow INFO:
	 [Node] Executing "fdisp" <fmriprep.interfaces.confounds.FramewiseDisplacement>
250527-17:31:49,399 nipype.workflow INFO:
	 [Node] Finished "fdisp", elapsed time 0.052265s.
250527-17:31:49,589 nipype.workflow INFO:
	 [Node] Executing "norm" <niworkflows.interfaces.fixes.FixHeaderRegistration>
250527-17:31:50,373 nipype.workflow INFO:
	 [Node] Finished "norm", elapsed time 0.783706s.
250527-17:31:51,230 nipype.workflow INFO:
	 [Node] Setting-up "fmriprep_25_0_wf.sub_GEO036_wf.bold_ses_t3_task_image_run_1_wf.bold_fit_wf.enhance_and_skullstrip_bold_wf.norm" in "/work/fmriprep_25_0_wf/sub_GEO036_wf/bold_ses_t3_task_image_run_1_wf/bold_fit_wf/enhance_and_skullstrip_bold_wf/norm".
250527-17:31:51,230 nipype.workflow INFO:
	 [Node] Setting-up "fmriprep_25_0_wf.sub_GEO036_wf.bold_ses_t2_task_image_run_4_wf.bold_fit_wf.enhance_and_skullstrip_bold_wf.map_brainmask" in "/work/fmriprep_25_0_wf/sub_GEO036_wf/bold_ses_t2_task_image_run_4_wf/bold_fit_wf/enhance_and_skullstrip_bold_wf/map_brainmask".
250527-17:31:51,548 nipype.workflow INFO:
	 [Node] Executing "norm" <niworkflows.interfaces.fixes.FixHeaderRegistration>
250527-17:31:51,582 nipype.workflow INFO:
	 [Node] Executing "map_brainmask" <niworkflows.interfaces.fixes.FixHeaderApplyTransforms>
250527-17:31:52,142 nipype.workflow INFO:
	 [Node] Finished "norm", elapsed time 0.592658s.
250527-17:31:52,163 nipype.workflow INFO:
	 [Node] Finished "map_brainmask", elapsed time 0.579911s.
250527-17:31:53,239 nipype.workflow INFO:
	 [Node] Setting-up "fmriprep_25_0_wf.sub_GEO036_wf.bold_ses_t3_task_image_run_2_wf.bold_fit_wf.enhance_and_skullstrip_bold_wf.norm" in "/work/fmriprep_25_0_wf/sub_GEO036_wf/bold_ses_t3_task_image_run_2_wf/bold_fit_wf/enhance_and_skullstrip_bold_wf/norm".
250527-17:31:53,242 nipype.workflow INFO:
	 [Node] Setting-up "fmriprep_25_0_wf.sub_GEO036_wf.bold_ses_t2_task_image_run_5_wf.bold_fit_wf.enhance_and_skullstrip_bold_wf.map_brainmask" in "/work/fmriprep_25_0_wf/sub_GEO036_wf/bold_ses_t2_task_image_run_5_wf/bold_fit_wf/enhance_and_skullstrip_bold_wf/map_brainmask".
250527-17:31:53,569 nipype.workflow INFO:
	 [Node] Executing "map_brainmask" <niworkflows.interfaces.fixes.FixHeaderApplyTransforms>
250527-17:31:53,639 nipype.workflow INFO:
	 [Node] Executing "norm" <niworkflows.interfaces.fixes.FixHeaderRegistration>
250527-17:31:54,211 nipype.workflow INFO:
	 [Node] Finished "map_brainmask", elapsed time 0.640912s.
250527-17:31:54,674 nipype.workflow INFO:
	 [Node] Finished "norm", elapsed time 1.034135s.
250527-17:31:55,246 nipype.workflow INFO:
	 [Node] Setting-up "fmriprep_25_0_wf.sub_GEO036_wf.bold_ses_t3_task_image_run_3_wf.bold_fit_wf.enhance_and_skullstrip_bold_wf.norm" in "/work/fmriprep_25_0_wf/sub_GEO036_wf/bold_ses_t3_task_image_run_3_wf/bold_fit_wf/enhance_and_skullstrip_bold_wf/norm".
250527-17:31:55,246 nipype.workflow INFO:
	 [Node] Setting-up "fmriprep_25_0_wf.sub_GEO036_wf.bold_ses_t3_task_image_run_1_wf.bold_fit_wf.enhance_and_skullstrip_bold_wf.map_brainmask" in "/work/fmriprep_25_0_wf/sub_GEO036_wf/bold_ses_t3_task_image_run_1_wf/bold_fit_wf/enhance_and_skullstrip_bold_wf/map_brainmask".
250527-17:31:55,733 nipype.workflow INFO:
	 [Node] Executing "map_brainmask" <niworkflows.interfaces.fixes.FixHeaderApplyTransforms>
250527-17:31:55,787 nipype.workflow INFO:
	 [Node] Executing "norm" <niworkflows.interfaces.fixes.FixHeaderRegistration>
250527-17:31:56,277 nipype.workflow INFO:
	 [Node] Finished "map_brainmask", elapsed time 0.543489s.
250527-17:31:56,474 nipype.workflow INFO:
	 [Node] Finished "norm", elapsed time 0.685653s.
250527-17:31:57,235 nipype.workflow INFO:
	 [Node] Setting-up "fmriprep_25_0_wf.sub_GEO036_wf.bold_ses_t3_task_image_run_4_wf.bold_fit_wf.enhance_and_skullstrip_bold_wf.norm" in "/work/fmriprep_25_0_wf/sub_GEO036_wf/bold_ses_t3_task_image_run_4_wf/bold_fit_wf/enhance_and_skullstrip_bold_wf/norm".
250527-17:31:57,236 nipype.workflow INFO:
	 [Node] Setting-up "fmriprep_25_0_wf.sub_GEO036_wf.bold_ses_t3_task_image_run_2_wf.bold_fit_wf.enhance_and_skullstrip_bold_wf.map_brainmask" in "/work/fmriprep_25_0_wf/sub_GEO036_wf/bold_ses_t3_task_image_run_2_wf/bold_fit_wf/enhance_and_skullstrip_bold_wf/map_brainmask".
250527-17:31:57,560 nipype.workflow INFO:
	 [Node] Executing "map_brainmask" <niworkflows.interfaces.fixes.FixHeaderApplyTransforms>
250527-17:31:57,713 nipype.workflow INFO:
	 [Node] Executing "norm" <niworkflows.interfaces.fixes.FixHeaderRegistration>
250527-17:31:58,170 nipype.workflow INFO:
	 [Node] Finished "map_brainmask", elapsed time 0.609172s.
250527-17:31:58,533 nipype.workflow INFO:
	 [Node] Finished "norm", elapsed time 0.818859s.
250527-17:31:59,233 nipype.workflow INFO:
	 [Node] Setting-up "fmriprep_25_0_wf.sub_GEO036_wf.bold_ses_t3_task_image_run_5_wf.bold_fit_wf.enhance_and_skullstrip_bold_wf.norm" in "/work/fmriprep_25_0_wf/sub_GEO036_wf/bold_ses_t3_task_image_run_5_wf/bold_fit_wf/enhance_and_skullstrip_bold_wf/norm".
250527-17:31:59,234 nipype.workflow INFO:
	 [Node] Setting-up "fmriprep_25_0_wf.sub_GEO036_wf.bold_ses_t3_task_image_run_3_wf.bold_fit_wf.enhance_and_skullstrip_bold_wf.map_brainmask" in "/work/fmriprep_25_0_wf/sub_GEO036_wf/bold_ses_t3_task_image_run_3_wf/bold_fit_wf/enhance_and_skullstrip_bold_wf/map_brainmask".
250527-17:31:59,544 nipype.workflow INFO:
	 [Node] Executing "norm" <niworkflows.interfaces.fixes.FixHeaderRegistration>
250527-17:31:59,627 nipype.workflow INFO:
	 [Node] Executing "map_brainmask" <niworkflows.interfaces.fixes.FixHeaderApplyTransforms>
250527-17:32:00,173 nipype.workflow INFO:
	 [Node] Finished "map_brainmask", elapsed time 0.545375s.
250527-17:32:01,309 nipype.workflow INFO:
	 [Node] Setting-up "fmriprep_25_0_wf.sub_GEO036_wf.bold_ses_t3_task_image_run_4_wf.bold_fit_wf.enhance_and_skullstrip_bold_wf.map_brainmask" in "/work/fmriprep_25_0_wf/sub_GEO036_wf/bold_ses_t3_task_image_run_4_wf/bold_fit_wf/enhance_and_skullstrip_bold_wf/map_brainmask".
250527-17:32:01,708 nipype.workflow INFO:
	 [Node] Executing "map_brainmask" <niworkflows.interfaces.fixes.FixHeaderApplyTransforms>
250527-17:32:01,720 nipype.workflow INFO:
	 [Node] Finished "norm", elapsed time 2.174571s.
250527-17:32:02,435 nipype.workflow INFO:
	 [Node] Finished "map_brainmask", elapsed time 0.725971s.
250527-17:32:03,247 nipype.workflow INFO:
	 [Node] Setting-up "fmriprep_25_0_wf.sub_GEO036_wf.bold_ses_t3_task_retrans_run_1_wf.bold_fit_wf.enhance_and_skullstrip_bold_wf.norm" in "/work/fmriprep_25_0_wf/sub_GEO036_wf/bold_ses_t3_task_retrans_run_1_wf/bold_fit_wf/enhance_and_skullstrip_bold_wf/norm".
250527-17:32:03,247 nipype.workflow INFO:
	 [Node] Setting-up "fmriprep_25_0_wf.sub_GEO036_wf.bold_ses_t3_task_image_run_5_wf.bold_fit_wf.enhance_and_skullstrip_bold_wf.map_brainmask" in "/work/fmriprep_25_0_wf/sub_GEO036_wf/bold_ses_t3_task_image_run_5_wf/bold_fit_wf/enhance_and_skullstrip_bold_wf/map_brainmask".
250527-17:32:03,989 nipype.workflow INFO:
	 [Node] Executing "map_brainmask" <niworkflows.interfaces.fixes.FixHeaderApplyTransforms>
250527-17:32:04,5 nipype.workflow INFO:
	 [Node] Executing "norm" <niworkflows.interfaces.fixes.FixHeaderRegistration>
250527-17:32:04,967 nipype.workflow INFO:
	 [Node] Finished "map_brainmask", elapsed time 0.977217s.
250527-17:32:05,373 nipype.workflow INFO:
	 [Node] Finished "norm", elapsed time 1.366902s.
250527-17:32:07,244 nipype.workflow INFO:
	 [Node] Setting-up "fmriprep_25_0_wf.sub_GEO036_wf.bold_ses_t3_task_retrans_run_1_wf.bold_fit_wf.enhance_and_skullstrip_bold_wf.map_brainmask" in "/work/fmriprep_25_0_wf/sub_GEO036_wf/bold_ses_t3_task_retrans_run_1_wf/bold_fit_wf/enhance_and_skullstrip_bold_wf/map_brainmask".
250527-17:32:07,585 nipype.workflow INFO:
	 [Node] Executing "map_brainmask" <niworkflows.interfaces.fixes.FixHeaderApplyTransforms>
250527-17:32:08,188 nipype.workflow INFO:
	 [Node] Finished "map_brainmask", elapsed time 0.602151s.
250527-17:32:14,971 nipype.workflow INFO:
	 [Node] Setting-up "fmriprep_25_0_wf.sub_GEO036_wf.bold_ses_t2_task_image_run_1_wf.bold_fit_wf.enhance_and_skullstrip_bold_wf.n4_correct" in "/work/fmriprep_25_0_wf/sub_GEO036_wf/bold_ses_t2_task_image_run_1_wf/bold_fit_wf/enhance_and_skullstrip_bold_wf/n4_correct".
250527-17:32:14,972 nipype.workflow INFO:
	 [Node] Setting-up "fmriprep_25_0_wf.sub_GEO036_wf.bold_ses_t2_task_image_run_2_wf.bold_fit_wf.enhance_and_skullstrip_bold_wf.n4_correct" in "/work/fmriprep_25_0_wf/sub_GEO036_wf/bold_ses_t2_task_image_run_2_wf/bold_fit_wf/enhance_and_skullstrip_bold_wf/n4_correct".
250527-17:32:14,973 nipype.workflow INFO:
	 [Node] Setting-up "fmriprep_25_0_wf.sub_GEO036_wf.bold_ses_t2_task_image_run_3_wf.bold_fit_wf.enhance_and_skullstrip_bold_wf.n4_correct" in "/work/fmriprep_25_0_wf/sub_GEO036_wf/bold_ses_t2_task_image_run_3_wf/bold_fit_wf/enhance_and_skullstrip_bold_wf/n4_correct".
250527-17:32:15,396 nipype.workflow INFO:
	 [Node] Executing "n4_correct" <niworkflows.interfaces.fixes.FixN4BiasFieldCorrection>
250527-17:32:15,409 nipype.workflow INFO:
	 [Node] Executing "n4_correct" <niworkflows.interfaces.fixes.FixN4BiasFieldCorrection>
250527-17:32:15,427 nipype.workflow INFO:
	 [Node] Executing "n4_correct" <niworkflows.interfaces.fixes.FixN4BiasFieldCorrection>
250527-17:32:16,833 nipype.workflow INFO:
	 [Node] Setting-up "fmriprep_25_0_wf.sub_GEO036_wf.bold_ses_t2_task_image_run_4_wf.bold_fit_wf.enhance_and_skullstrip_bold_wf.n4_correct" in "/work/fmriprep_25_0_wf/sub_GEO036_wf/bold_ses_t2_task_image_run_4_wf/bold_fit_wf/enhance_and_skullstrip_bold_wf/n4_correct".
250527-17:32:16,834 nipype.workflow INFO:
	 [Node] Setting-up "fmriprep_25_0_wf.sub_GEO036_wf.bold_ses_t2_task_image_run_5_wf.bold_fit_wf.enhance_and_skullstrip_bold_wf.n4_correct" in "/work/fmriprep_25_0_wf/sub_GEO036_wf/bold_ses_t2_task_image_run_5_wf/bold_fit_wf/enhance_and_skullstrip_bold_wf/n4_correct".
250527-17:32:16,835 nipype.workflow INFO:
	 [Node] Setting-up "fmriprep_25_0_wf.sub_GEO036_wf.bold_ses_t3_task_image_run_1_wf.bold_fit_wf.enhance_and_skullstrip_bold_wf.n4_correct" in "/work/fmriprep_25_0_wf/sub_GEO036_wf/bold_ses_t3_task_image_run_1_wf/bold_fit_wf/enhance_and_skullstrip_bold_wf/n4_correct".
250527-17:32:16,836 nipype.workflow INFO:
	 [Node] Setting-up "fmriprep_25_0_wf.sub_GEO036_wf.bold_ses_t3_task_image_run_2_wf.bold_fit_wf.enhance_and_skullstrip_bold_wf.n4_correct" in "/work/fmriprep_25_0_wf/sub_GEO036_wf/bold_ses_t3_task_image_run_2_wf/bold_fit_wf/enhance_and_skullstrip_bold_wf/n4_correct".
250527-17:32:16,836 nipype.workflow INFO:
	 [Node] Setting-up "fmriprep_25_0_wf.sub_GEO036_wf.bold_ses_t3_task_image_run_3_wf.bold_fit_wf.enhance_and_skullstrip_bold_wf.n4_correct" in "/work/fmriprep_25_0_wf/sub_GEO036_wf/bold_ses_t3_task_image_run_3_wf/bold_fit_wf/enhance_and_skullstrip_bold_wf/n4_correct".
250527-17:32:17,648 nipype.workflow INFO:
	 [Node] Executing "n4_correct" <niworkflows.interfaces.fixes.FixN4BiasFieldCorrection>
250527-17:32:17,668 nipype.workflow INFO:
	 [Node] Finished "n4_correct", elapsed time 2.271089s.
250527-17:32:17,921 nipype.workflow INFO:
	 [Node] Finished "n4_correct", elapsed time 2.49354s.
250527-17:32:18,43 nipype.workflow INFO:
	 [Node] Finished "n4_correct", elapsed time 2.633166s.
250527-17:32:18,716 nipype.workflow INFO:
	 [Node] Executing "n4_correct" <niworkflows.interfaces.fixes.FixN4BiasFieldCorrection>
250527-17:32:18,751 nipype.workflow INFO:
	 [Node] Executing "n4_correct" <niworkflows.interfaces.fixes.FixN4BiasFieldCorrection>
250527-17:32:18,759 nipype.workflow INFO:
	 [Node] Executing "n4_correct" <niworkflows.interfaces.fixes.FixN4BiasFieldCorrection>
250527-17:32:18,811 nipype.workflow INFO:
	 [Node] Executing "n4_correct" <niworkflows.interfaces.fixes.FixN4BiasFieldCorrection>
250527-17:32:19,249 nipype.workflow INFO:
	 [Node] Setting-up "fmriprep_25_0_wf.sub_GEO036_wf.bold_ses_t3_task_image_run_4_wf.bold_fit_wf.enhance_and_skullstrip_bold_wf.n4_correct" in "/work/fmriprep_25_0_wf/sub_GEO036_wf/bold_ses_t3_task_image_run_4_wf/bold_fit_wf/enhance_and_skullstrip_bold_wf/n4_correct".
250527-17:32:19,250 nipype.workflow INFO:
	 [Node] Setting-up "fmriprep_25_0_wf.sub_GEO036_wf.bold_ses_t3_task_image_run_5_wf.bold_fit_wf.enhance_and_skullstrip_bold_wf.n4_correct" in "/work/fmriprep_25_0_wf/sub_GEO036_wf/bold_ses_t3_task_image_run_5_wf/bold_fit_wf/enhance_and_skullstrip_bold_wf/n4_correct".
250527-17:32:19,251 nipype.workflow INFO:
	 [Node] Setting-up "fmriprep_25_0_wf.sub_GEO036_wf.bold_ses_t3_task_retrans_run_1_wf.bold_fit_wf.enhance_and_skullstrip_bold_wf.n4_correct" in "/work/fmriprep_25_0_wf/sub_GEO036_wf/bold_ses_t3_task_retrans_run_1_wf/bold_fit_wf/enhance_and_skullstrip_bold_wf/n4_correct".
250527-17:32:20,256 nipype.workflow INFO:
	 [Node] Executing "n4_correct" <niworkflows.interfaces.fixes.FixN4BiasFieldCorrection>
250527-17:32:20,444 nipype.workflow INFO:
	 [Node] Finished "n4_correct", elapsed time 2.79516s.
250527-17:32:20,444 nipype.workflow INFO:
	 [Node] Finished "n4_correct", elapsed time 1.69217s.
250527-17:32:20,880 nipype.workflow INFO:
	 [Node] Finished "n4_correct", elapsed time 2.068668s.
250527-17:32:20,883 nipype.workflow INFO:
	 [Node] Executing "n4_correct" <niworkflows.interfaces.fixes.FixN4BiasFieldCorrection>
250527-17:32:20,908 nipype.workflow INFO:
	 [Node] Finished "n4_correct", elapsed time 2.148238s.
250527-17:32:21,78 nipype.workflow INFO:
	 [Node] Executing "n4_correct" <niworkflows.interfaces.fixes.FixN4BiasFieldCorrection>
250527-17:32:21,262 nipype.workflow INFO:
	 [Node] Setting-up "fmriprep_25_0_wf.sub_GEO036_wf.bold_ses_t2_task_image_run_1_wf.bold_fit_wf.enhance_and_skullstrip_bold_wf.skullstrip_first_pass" in "/work/fmriprep_25_0_wf/sub_GEO036_wf/bold_ses_t2_task_image_run_1_wf/bold_fit_wf/enhance_and_skullstrip_bold_wf/skullstrip_first_pass".
250527-17:32:21,448 nipype.workflow INFO:
	 [Node] Finished "n4_correct", elapsed time 2.730427s.
250527-17:32:21,936 nipype.workflow INFO:
	 [Node] Executing "skullstrip_first_pass" <nipype.interfaces.fsl.preprocess.BET>
250527-17:32:22,200 nipype.interface WARNING:
	 Changing /out/sub-GEO036/ses-t2/func/sub-GEO036_ses-t2_task-image_run-1_desc-coreg_boldref.nii.gz dtype from int16 to float32
250527-17:32:22,470 nipype.workflow INFO:
	 [Node] Finished "n4_correct", elapsed time 2.212468s.
250527-17:32:22,849 nipype.workflow INFO:
	 [Node] Setting-up "fmriprep_25_0_wf.sub_GEO036_wf.bold_ses_t2_task_image_run_2_wf.bold_fit_wf.enhance_and_skullstrip_bold_wf.skullstrip_first_pass" in "/work/fmriprep_25_0_wf/sub_GEO036_wf/bold_ses_t2_task_image_run_2_wf/bold_fit_wf/enhance_and_skullstrip_bold_wf/skullstrip_first_pass".
250527-17:32:23,115 nipype.workflow INFO:
	 [Node] Finished "n4_correct", elapsed time 2.2306s.
250527-17:32:23,297 nipype.workflow INFO:
	 [Node] Finished "skullstrip_first_pass", elapsed time 1.36006s.
250527-17:32:23,347 nipype.workflow INFO:
	 [Node] Finished "n4_correct", elapsed time 2.267755s.
250527-17:32:23,573 nipype.workflow INFO:
	 [Node] Executing "skullstrip_first_pass" <nipype.interfaces.fsl.preprocess.BET>
250527-17:32:23,934 nipype.interface WARNING:
	 Changing /out/sub-GEO036/ses-t2/func/sub-GEO036_ses-t2_task-image_run-2_desc-coreg_boldref.nii.gz dtype from int16 to float32
250527-17:32:24,661 nipype.workflow INFO:
	 [Node] Setting-up "fmriprep_25_0_wf.sub_GEO036_wf.bold_ses_t2_task_image_run_3_wf.bold_fit_wf.enhance_and_skullstrip_bold_wf.skullstrip_first_pass" in "/work/fmriprep_25_0_wf/sub_GEO036_wf/bold_ses_t2_task_image_run_3_wf/bold_fit_wf/enhance_and_skullstrip_bold_wf/skullstrip_first_pass".
250527-17:32:24,937 nipype.workflow INFO:
	 [Node] Finished "skullstrip_first_pass", elapsed time 1.363628s.
250527-17:32:25,128 nipype.workflow INFO:
	 [Node] Executing "skullstrip_first_pass" <nipype.interfaces.fsl.preprocess.BET>
250527-17:32:25,150 nipype.interface WARNING:
	 Changing /out/sub-GEO036/ses-t2/func/sub-GEO036_ses-t2_task-image_run-3_desc-coreg_boldref.nii.gz dtype from int16 to float32
250527-17:32:25,885 nipype.workflow INFO:
	 [Node] Setting-up "fmriprep_25_0_wf.sub_GEO036_wf.bold_ses_t2_task_image_run_4_wf.bold_fit_wf.enhance_and_skullstrip_bold_wf.skullstrip_first_pass" in "/work/fmriprep_25_0_wf/sub_GEO036_wf/bold_ses_t2_task_image_run_4_wf/bold_fit_wf/enhance_and_skullstrip_bold_wf/skullstrip_first_pass".
250527-17:32:26,235 nipype.workflow INFO:
	 [Node] Executing "skullstrip_first_pass" <nipype.interfaces.fsl.preprocess.BET>
250527-17:32:26,412 nipype.workflow INFO:
	 [Node] Finished "skullstrip_first_pass", elapsed time 1.282966s.
250527-17:32:26,492 nipype.interface WARNING:
	 Changing /out/sub-GEO036/ses-t2/func/sub-GEO036_ses-t2_task-image_run-4_desc-coreg_boldref.nii.gz dtype from int16 to float32
250527-17:32:27,188 nipype.workflow INFO:
	 [Node] Setting-up "fmriprep_25_0_wf.sub_GEO036_wf.bold_ses_t2_task_image_run_5_wf.bold_fit_wf.enhance_and_skullstrip_bold_wf.skullstrip_first_pass" in "/work/fmriprep_25_0_wf/sub_GEO036_wf/bold_ses_t2_task_image_run_5_wf/bold_fit_wf/enhance_and_skullstrip_bold_wf/skullstrip_first_pass".
250527-17:32:27,540 nipype.workflow INFO:
	 [Node] Finished "skullstrip_first_pass", elapsed time 1.304996s.
250527-17:32:27,625 nipype.workflow INFO:
	 [Node] Executing "skullstrip_first_pass" <nipype.interfaces.fsl.preprocess.BET>
250527-17:32:27,735 nipype.interface WARNING:
	 Changing /out/sub-GEO036/ses-t2/func/sub-GEO036_ses-t2_task-image_run-5_desc-coreg_boldref.nii.gz dtype from int16 to float32
250527-17:32:28,322 nipype.workflow INFO:
	 [Node] Setting-up "fmriprep_25_0_wf.sub_GEO036_wf.bold_ses_t3_task_image_run_1_wf.bold_fit_wf.enhance_and_skullstrip_bold_wf.skullstrip_first_pass" in "/work/fmriprep_25_0_wf/sub_GEO036_wf/bold_ses_t3_task_image_run_1_wf/bold_fit_wf/enhance_and_skullstrip_bold_wf/skullstrip_first_pass".
250527-17:32:28,672 nipype.workflow INFO:
	 [Node] Executing "skullstrip_first_pass" <nipype.interfaces.fsl.preprocess.BET>
250527-17:32:28,911 nipype.workflow INFO:
	 [Node] Finished "skullstrip_first_pass", elapsed time 1.285383s.
250527-17:32:29,48 nipype.interface WARNING:
	 Changing /out/sub-GEO036/ses-t3/func/sub-GEO036_ses-t3_task-image_run-1_desc-coreg_boldref.nii.gz dtype from int16 to float32
250527-17:32:29,785 nipype.workflow INFO:
	 [Node] Setting-up "fmriprep_25_0_wf.sub_GEO036_wf.bold_ses_t3_task_image_run_2_wf.bold_fit_wf.enhance_and_skullstrip_bold_wf.skullstrip_first_pass" in "/work/fmriprep_25_0_wf/sub_GEO036_wf/bold_ses_t3_task_image_run_2_wf/bold_fit_wf/enhance_and_skullstrip_bold_wf/skullstrip_first_pass".
250527-17:32:29,924 nipype.workflow INFO:
	 [Node] Finished "skullstrip_first_pass", elapsed time 1.251257s.
250527-17:32:30,190 nipype.interface WARNING:
	 Changing /out/sub-GEO036/ses-t3/func/sub-GEO036_ses-t3_task-image_run-2_desc-coreg_boldref.nii.gz dtype from int16 to float32
250527-17:32:30,190 nipype.workflow INFO:
	 [Node] Executing "skullstrip_first_pass" <nipype.interfaces.fsl.preprocess.BET>
250527-17:32:30,804 nipype.workflow INFO:
	 [Node] Setting-up "fmriprep_25_0_wf.sub_GEO036_wf.bold_ses_t3_task_image_run_3_wf.bold_fit_wf.enhance_and_skullstrip_bold_wf.skullstrip_first_pass" in "/work/fmriprep_25_0_wf/sub_GEO036_wf/bold_ses_t3_task_image_run_3_wf/bold_fit_wf/enhance_and_skullstrip_bold_wf/skullstrip_first_pass".
250527-17:32:31,236 nipype.workflow INFO:
	 [Node] Executing "skullstrip_first_pass" <nipype.interfaces.fsl.preprocess.BET>
250527-17:32:31,419 nipype.interface WARNING:
	 Changing /out/sub-GEO036/ses-t3/func/sub-GEO036_ses-t3_task-image_run-3_desc-coreg_boldref.nii.gz dtype from int16 to float32
250527-17:32:31,543 nipype.workflow INFO:
	 [Node] Finished "skullstrip_first_pass", elapsed time 1.352765s.
250527-17:32:32,239 nipype.workflow INFO:
	 [Node] Setting-up "fmriprep_25_0_wf.sub_GEO036_wf.bold_ses_t3_task_image_run_4_wf.bold_fit_wf.enhance_and_skullstrip_bold_wf.skullstrip_first_pass" in "/work/fmriprep_25_0_wf/sub_GEO036_wf/bold_ses_t3_task_image_run_4_wf/bold_fit_wf/enhance_and_skullstrip_bold_wf/skullstrip_first_pass".
250527-17:32:32,564 nipype.interface WARNING:
	 Changing /out/sub-GEO036/ses-t3/func/sub-GEO036_ses-t3_task-image_run-4_desc-coreg_boldref.nii.gz dtype from int16 to float32
250527-17:32:32,678 nipype.workflow INFO:
	 [Node] Executing "skullstrip_first_pass" <nipype.interfaces.fsl.preprocess.BET>
250527-17:32:32,960 nipype.workflow INFO:
	 [Node] Finished "skullstrip_first_pass", elapsed time 1.722438s.
250527-17:32:33,281 nipype.workflow INFO:
	 [Node] Setting-up "fmriprep_25_0_wf.sub_GEO036_wf.bold_ses_t3_task_image_run_5_wf.bold_fit_wf.enhance_and_skullstrip_bold_wf.skullstrip_first_pass" in "/work/fmriprep_25_0_wf/sub_GEO036_wf/bold_ses_t3_task_image_run_5_wf/bold_fit_wf/enhance_and_skullstrip_bold_wf/skullstrip_first_pass".
250527-17:32:33,664 nipype.workflow INFO:
	 [Node] Executing "skullstrip_first_pass" <nipype.interfaces.fsl.preprocess.BET>
250527-17:32:33,776 nipype.interface WARNING:
	 Changing /out/sub-GEO036/ses-t3/func/sub-GEO036_ses-t3_task-image_run-5_desc-coreg_boldref.nii.gz dtype from int16 to float32
250527-17:32:34,15 nipype.workflow INFO:
	 [Node] Finished "skullstrip_first_pass", elapsed time 1.336041s.
250527-17:32:34,496 nipype.workflow INFO:
	 [Node] Setting-up "fmriprep_25_0_wf.sub_GEO036_wf.bold_ses_t3_task_retrans_run_1_wf.bold_fit_wf.enhance_and_skullstrip_bold_wf.skullstrip_first_pass" in "/work/fmriprep_25_0_wf/sub_GEO036_wf/bold_ses_t3_task_retrans_run_1_wf/bold_fit_wf/enhance_and_skullstrip_bold_wf/skullstrip_first_pass".
250527-17:32:34,855 nipype.workflow INFO:
	 [Node] Executing "skullstrip_first_pass" <nipype.interfaces.fsl.preprocess.BET>
250527-17:32:34,896 nipype.interface WARNING:
	 Changing /out/sub-GEO036/ses-t3/func/sub-GEO036_ses-t3_task-retrans_run-1_desc-coreg_boldref.nii.gz dtype from int16 to float32
250527-17:32:34,958 nipype.workflow INFO:
	 [Node] Finished "skullstrip_first_pass", elapsed time 1.292799s.
250527-17:32:35,443 nipype.workflow INFO:
	 [Node] Setting-up "fmriprep_25_0_wf.sub_GEO036_wf.bold_ses_t2_task_image_run_1_wf.bold_fit_wf.enhance_and_skullstrip_bold_wf.first_dilate" in "/work/fmriprep_25_0_wf/sub_GEO036_wf/bold_ses_t2_task_image_run_1_wf/bold_fit_wf/enhance_and_skullstrip_bold_wf/first_dilate".
250527-17:32:35,698 nipype.workflow INFO:
	 [Node] Setting-up "fmriprep_25_0_wf.sub_GEO036_wf.bold_ses_t2_task_image_run_1_wf.bold_fit_wf.ds_boldreg_wf.sources" in "/work/fmriprep_25_0_wf/sub_GEO036_wf/bold_ses_t2_task_image_run_1_wf/bold_fit_wf/ds_boldreg_wf/sources".
250527-17:32:35,703 nipype.workflow INFO:
	 [Node] Setting-up "fmriprep_25_0_wf.sub_GEO036_wf.bold_ses_t2_task_image_run_1_wf.bold_std_wf.gen_ref" in "/work/fmriprep_25_0_wf/sub_GEO036_wf/bold_ses_t2_task_image_run_1_wf/bold_std_wf/_in_tuple_MNI152NLin2009cAsym.resnative/gen_ref".
250527-17:32:35,705 nipype.workflow INFO:
	 [Node] Setting-up "fmriprep_25_0_wf.sub_GEO036_wf.bold_ses_t2_task_image_run_2_wf.bold_fit_wf.enhance_and_skullstrip_bold_wf.first_dilate" in "/work/fmriprep_25_0_wf/sub_GEO036_wf/bold_ses_t2_task_image_run_2_wf/bold_fit_wf/enhance_and_skullstrip_bold_wf/first_dilate".
250527-17:32:35,706 nipype.workflow INFO:
	 [Node] Setting-up "fmriprep_25_0_wf.sub_GEO036_wf.bold_ses_t2_task_image_run_2_wf.bold_fit_wf.ds_boldreg_wf.sources" in "/work/fmriprep_25_0_wf/sub_GEO036_wf/bold_ses_t2_task_image_run_2_wf/bold_fit_wf/ds_boldreg_wf/sources".
250527-17:32:35,710 nipype.workflow INFO:
	 [Node] Setting-up "fmriprep_25_0_wf.sub_GEO036_wf.bold_ses_t2_task_image_run_2_wf.bold_std_wf.gen_ref" in "/work/fmriprep_25_0_wf/sub_GEO036_wf/bold_ses_t2_task_image_run_2_wf/bold_std_wf/_in_tuple_MNI152NLin2009cAsym.resnative/gen_ref".
250527-17:32:35,710 nipype.workflow INFO:
	 [Node] Setting-up "fmriprep_25_0_wf.sub_GEO036_wf.bold_ses_t2_task_image_run_3_wf.bold_fit_wf.enhance_and_skullstrip_bold_wf.first_dilate" in "/work/fmriprep_25_0_wf/sub_GEO036_wf/bold_ses_t2_task_image_run_3_wf/bold_fit_wf/enhance_and_skullstrip_bold_wf/first_dilate".
250527-17:32:36,68 nipype.workflow INFO:
	 [Node] Executing "first_dilate" <niworkflows.interfaces.nibabel.BinaryDilation>
250527-17:32:36,207 nipype.workflow INFO:
	 [Node] Executing "first_dilate" <niworkflows.interfaces.nibabel.BinaryDilation>
250527-17:32:36,228 nipype.workflow INFO:
	 [Node] Executing "first_dilate" <niworkflows.interfaces.nibabel.BinaryDilation>
250527-17:32:36,274 nipype.workflow INFO:
	 [Node] Finished "skullstrip_first_pass", elapsed time 1.418418s.
250527-17:32:36,338 nipype.workflow INFO:
	 [Node] Executing "gen_ref" <niworkflows.interfaces.nibabel.GenerateSamplingReference>
250527-17:32:36,391 nipype.workflow INFO:
	 [Node] Executing "sources" <fmriprep.interfaces.bids.BIDSURI>
250527-17:32:36,392 nipype.workflow INFO:
	 [Node] Finished "sources", elapsed time 0.000524s.
250527-17:32:36,409 nipype.workflow INFO:
	 [Node] Finished "first_dilate", elapsed time 0.340086s.
250527-17:32:36,433 nipype.workflow INFO:
	 [Node] Executing "gen_ref" <niworkflows.interfaces.nibabel.GenerateSamplingReference>
250527-17:32:36,468 nipype.workflow INFO:
	 [Node] Executing "sources" <fmriprep.interfaces.bids.BIDSURI>
250527-17:32:36,469 nipype.workflow INFO:
	 [Node] Finished "sources", elapsed time 0.000528s.
250527-17:32:36,511 nipype.workflow INFO:
	 [Node] Finished "first_dilate", elapsed time 0.303525s.
250527-17:32:36,625 nipype.workflow INFO:
	 [Node] Finished "first_dilate", elapsed time 0.396693s.
250527-17:32:37,331 nipype.workflow INFO:
	 [Node] Finished "gen_ref", elapsed time 0.896911s.
250527-17:32:37,342 nipype.workflow INFO:
	 [Node] Finished "gen_ref", elapsed time 1.003445s.
250527-17:32:37,714 nipype.workflow INFO:
	 [Node] Setting-up "fmriprep_25_0_wf.sub_GEO036_wf.bold_ses_t2_task_image_run_3_wf.bold_fit_wf.ds_boldreg_wf.sources" in "/work/fmriprep_25_0_wf/sub_GEO036_wf/bold_ses_t2_task_image_run_3_wf/bold_fit_wf/ds_boldreg_wf/sources".
250527-17:32:37,716 nipype.workflow INFO:
	 [Node] Setting-up "fmriprep_25_0_wf.sub_GEO036_wf.bold_ses_t2_task_image_run_4_wf.bold_fit_wf.enhance_and_skullstrip_bold_wf.first_dilate" in "/work/fmriprep_25_0_wf/sub_GEO036_wf/bold_ses_t2_task_image_run_4_wf/bold_fit_wf/enhance_and_skullstrip_bold_wf/first_dilate".
250527-17:32:37,717 nipype.workflow INFO:
	 [Node] Setting-up "fmriprep_25_0_wf.sub_GEO036_wf.bold_ses_t2_task_image_run_4_wf.bold_fit_wf.ds_boldreg_wf.sources" in "/work/fmriprep_25_0_wf/sub_GEO036_wf/bold_ses_t2_task_image_run_4_wf/bold_fit_wf/ds_boldreg_wf/sources".
250527-17:32:37,717 nipype.workflow INFO:
	 [Node] Setting-up "fmriprep_25_0_wf.sub_GEO036_wf.bold_ses_t2_task_image_run_4_wf.bold_std_wf.gen_ref" in "/work/fmriprep_25_0_wf/sub_GEO036_wf/bold_ses_t2_task_image_run_4_wf/bold_std_wf/_in_tuple_MNI152NLin2009cAsym.resnative/gen_ref".
250527-17:32:37,717 nipype.workflow INFO:
	 [Node] Setting-up "fmriprep_25_0_wf.sub_GEO036_wf.bold_ses_t2_task_image_run_5_wf.bold_fit_wf.enhance_and_skullstrip_bold_wf.first_dilate" in "/work/fmriprep_25_0_wf/sub_GEO036_wf/bold_ses_t2_task_image_run_5_wf/bold_fit_wf/enhance_and_skullstrip_bold_wf/first_dilate".
250527-17:32:37,718 nipype.workflow INFO:
	 [Node] Setting-up "fmriprep_25_0_wf.sub_GEO036_wf.bold_ses_t2_task_image_run_3_wf.bold_std_wf.gen_ref" in "/work/fmriprep_25_0_wf/sub_GEO036_wf/bold_ses_t2_task_image_run_3_wf/bold_std_wf/_in_tuple_MNI152NLin2009cAsym.resnative/gen_ref".
250527-17:32:38,441 nipype.workflow INFO:
	 [Node] Executing "first_dilate" <niworkflows.interfaces.nibabel.BinaryDilation>
250527-17:32:38,578 nipype.workflow INFO:
	 [Node] Executing "gen_ref" <niworkflows.interfaces.nibabel.GenerateSamplingReference>
250527-17:32:38,654 nipype.workflow INFO:
	 [Node] Executing "gen_ref" <niworkflows.interfaces.nibabel.GenerateSamplingReference>
250527-17:32:38,657 nipype.workflow INFO:
	 [Node] Executing "first_dilate" <niworkflows.interfaces.nibabel.BinaryDilation>
250527-17:32:38,709 nipype.workflow INFO:
	 [Node] Executing "sources" <fmriprep.interfaces.bids.BIDSURI>
250527-17:32:38,710 nipype.workflow INFO:
	 [Node] Finished "sources", elapsed time 0.000557s.
250527-17:32:38,768 nipype.workflow INFO:
	 [Node] Finished "first_dilate", elapsed time 0.325908s.
250527-17:32:38,813 nipype.workflow INFO:
	 [Node] Executing "sources" <fmriprep.interfaces.bids.BIDSURI>
250527-17:32:38,814 nipype.workflow INFO:
	 [Node] Finished "sources", elapsed time 0.000588s.
250527-17:32:38,920 nipype.workflow INFO:
	 [Node] Finished "first_dilate", elapsed time 0.261172s.
250527-17:32:39,418 nipype.workflow INFO:
	 [Node] Finished "gen_ref", elapsed time 0.838824s.
250527-17:32:39,460 nipype.workflow INFO:
	 [Node] Finished "gen_ref", elapsed time 0.805086s.
250527-17:32:39,794 nipype.workflow INFO:
	 [Node] Setting-up "fmriprep_25_0_wf.sub_GEO036_wf.bold_ses_t2_task_image_run_5_wf.bold_fit_wf.ds_boldreg_wf.sources" in "/work/fmriprep_25_0_wf/sub_GEO036_wf/bold_ses_t2_task_image_run_5_wf/bold_fit_wf/ds_boldreg_wf/sources".
250527-17:32:39,794 nipype.workflow INFO:
	 [Node] Setting-up "fmriprep_25_0_wf.sub_GEO036_wf.bold_ses_t2_task_image_run_5_wf.bold_std_wf.gen_ref" in "/work/fmriprep_25_0_wf/sub_GEO036_wf/bold_ses_t2_task_image_run_5_wf/bold_std_wf/_in_tuple_MNI152NLin2009cAsym.resnative/gen_ref".
250527-17:32:39,797 nipype.workflow INFO:
	 [Node] Setting-up "fmriprep_25_0_wf.sub_GEO036_wf.bold_ses_t3_task_image_run_1_wf.bold_fit_wf.ds_boldreg_wf.sources" in "/work/fmriprep_25_0_wf/sub_GEO036_wf/bold_ses_t3_task_image_run_1_wf/bold_fit_wf/ds_boldreg_wf/sources".
250527-17:32:39,797 nipype.workflow INFO:
	 [Node] Setting-up "fmriprep_25_0_wf.sub_GEO036_wf.bold_ses_t3_task_image_run_2_wf.bold_fit_wf.enhance_and_skullstrip_bold_wf.first_dilate" in "/work/fmriprep_25_0_wf/sub_GEO036_wf/bold_ses_t3_task_image_run_2_wf/bold_fit_wf/enhance_and_skullstrip_bold_wf/first_dilate".
250527-17:32:39,799 nipype.workflow INFO:
	 [Node] Setting-up "fmriprep_25_0_wf.sub_GEO036_wf.bold_ses_t3_task_image_run_1_wf.bold_fit_wf.enhance_and_skullstrip_bold_wf.first_dilate" in "/work/fmriprep_25_0_wf/sub_GEO036_wf/bold_ses_t3_task_image_run_1_wf/bold_fit_wf/enhance_and_skullstrip_bold_wf/first_dilate".
250527-17:32:39,801 nipype.workflow INFO:
	 [Node] Setting-up "fmriprep_25_0_wf.sub_GEO036_wf.bold_ses_t3_task_image_run_1_wf.bold_std_wf.gen_ref" in "/work/fmriprep_25_0_wf/sub_GEO036_wf/bold_ses_t3_task_image_run_1_wf/bold_std_wf/_in_tuple_MNI152NLin2009cAsym.resnative/gen_ref".
250527-17:32:40,209 nipype.workflow INFO:
	 [Node] Executing "sources" <fmriprep.interfaces.bids.BIDSURI>
250527-17:32:40,210 nipype.workflow INFO:
	 [Node] Finished "sources", elapsed time 0.000522s.
250527-17:32:40,242 nipype.workflow INFO:
	 [Node] Executing "first_dilate" <niworkflows.interfaces.nibabel.BinaryDilation>
250527-17:32:40,268 nipype.workflow INFO:
	 [Node] Executing "first_dilate" <niworkflows.interfaces.nibabel.BinaryDilation>
250527-17:32:40,427 nipype.workflow INFO:
	 [Node] Executing "gen_ref" <niworkflows.interfaces.nibabel.GenerateSamplingReference>
250527-17:32:40,451 nipype.workflow INFO:
	 [Node] Executing "sources" <fmriprep.interfaces.bids.BIDSURI>
250527-17:32:40,453 nipype.workflow INFO:
	 [Node] Finished "sources", elapsed time 0.000578s.
250527-17:32:40,483 nipype.workflow INFO:
	 [Node] Finished "first_dilate", elapsed time 0.240205s.
250527-17:32:40,494 nipype.workflow INFO:
	 [Node] Executing "gen_ref" <niworkflows.interfaces.nibabel.GenerateSamplingReference>
250527-17:32:40,554 nipype.workflow INFO:
	 [Node] Finished "first_dilate", elapsed time 0.285406s.
250527-17:32:41,175 nipype.workflow INFO:
	 [Node] Finished "gen_ref", elapsed time 0.679178s.
250527-17:32:41,256 nipype.workflow INFO:
	 [Node] Finished "gen_ref", elapsed time 0.827462s.
250527-17:32:41,727 nipype.workflow INFO:
	 [Node] Setting-up "fmriprep_25_0_wf.sub_GEO036_wf.bold_ses_t3_task_image_run_2_wf.bold_fit_wf.ds_boldreg_wf.sources" in "/work/fmriprep_25_0_wf/sub_GEO036_wf/bold_ses_t3_task_image_run_2_wf/bold_fit_wf/ds_boldreg_wf/sources".
250527-17:32:41,730 nipype.workflow INFO:
	 [Node] Setting-up "fmriprep_25_0_wf.sub_GEO036_wf.bold_ses_t2_task_image_run_1_wf.bold_native_wf.boldref_bold" in "/work/fmriprep_25_0_wf/sub_GEO036_wf/bold_ses_t2_task_image_run_1_wf/bold_native_wf/boldref_bold".
250527-17:32:42,46 nipype.workflow INFO:
	 [Node] Executing "boldref_bold" <fmriprep.interfaces.resampling.ResampleSeries>
250527-17:32:42,91 nipype.workflow INFO:
	 [Node] Executing "sources" <fmriprep.interfaces.bids.BIDSURI>
250527-17:32:42,93 nipype.workflow INFO:
	 [Node] Finished "sources", elapsed time 0.000564s.
250527-17:32:43,714 nipype.workflow INFO:
	 [Node] Setting-up "fmriprep_25_0_wf.sub_GEO036_wf.bold_ses_t3_task_image_run_2_wf.bold_std_wf.gen_ref" in "/work/fmriprep_25_0_wf/sub_GEO036_wf/bold_ses_t3_task_image_run_2_wf/bold_std_wf/_in_tuple_MNI152NLin2009cAsym.resnative/gen_ref".
250527-17:32:44,340 nipype.workflow INFO:
	 [Node] Executing "gen_ref" <niworkflows.interfaces.nibabel.GenerateSamplingReference>
250527-17:32:45,181 nipype.workflow INFO:
	 [Node] Finished "gen_ref", elapsed time 0.840342s.
250527-17:32:45,833 nipype.workflow INFO:
	 [Node] Setting-up "fmriprep_25_0_wf.sub_GEO036_wf.bold_ses_t3_task_image_run_3_wf.bold_fit_wf.enhance_and_skullstrip_bold_wf.first_dilate" in "/work/fmriprep_25_0_wf/sub_GEO036_wf/bold_ses_t3_task_image_run_3_wf/bold_fit_wf/enhance_and_skullstrip_bold_wf/first_dilate".
250527-17:32:46,374 nipype.workflow INFO:
	 [Node] Executing "first_dilate" <niworkflows.interfaces.nibabel.BinaryDilation>
250527-17:32:46,660 nipype.workflow INFO:
	 [Node] Finished "first_dilate", elapsed time 0.285191s.
250527-17:32:47,806 nipype.workflow INFO:
	 [Node] Setting-up "fmriprep_25_0_wf.sub_GEO036_wf.bold_ses_t3_task_image_run_3_wf.bold_fit_wf.ds_boldreg_wf.sources" in "/work/fmriprep_25_0_wf/sub_GEO036_wf/bold_ses_t3_task_image_run_3_wf/bold_fit_wf/ds_boldreg_wf/sources".
250527-17:32:48,469 nipype.workflow INFO:
	 [Node] Executing "sources" <fmriprep.interfaces.bids.BIDSURI>
250527-17:32:48,470 nipype.workflow INFO:
	 [Node] Finished "sources", elapsed time 0.000559s.
250527-17:32:49,801 nipype.workflow INFO:
	 [Node] Setting-up "fmriprep_25_0_wf.sub_GEO036_wf.bold_ses_t3_task_image_run_3_wf.bold_std_wf.gen_ref" in "/work/fmriprep_25_0_wf/sub_GEO036_wf/bold_ses_t3_task_image_run_3_wf/bold_std_wf/_in_tuple_MNI152NLin2009cAsym.resnative/gen_ref".
250527-17:32:50,296 nipype.workflow INFO:
	 [Node] Executing "gen_ref" <niworkflows.interfaces.nibabel.GenerateSamplingReference>
250527-17:32:51,105 nipype.workflow INFO:
	 [Node] Finished "gen_ref", elapsed time 0.808484s.
250527-17:32:51,746 nipype.workflow INFO:
	 [Node] Setting-up "fmriprep_25_0_wf.sub_GEO036_wf.bold_ses_t3_task_image_run_4_wf.bold_fit_wf.enhance_and_skullstrip_bold_wf.first_dilate" in "/work/fmriprep_25_0_wf/sub_GEO036_wf/bold_ses_t3_task_image_run_4_wf/bold_fit_wf/enhance_and_skullstrip_bold_wf/first_dilate".
250527-17:32:52,452 nipype.workflow INFO:
	 [Node] Executing "first_dilate" <niworkflows.interfaces.nibabel.BinaryDilation>
250527-17:32:52,869 nipype.workflow INFO:
	 [Node] Finished "first_dilate", elapsed time 0.415388s.
250527-17:32:53,751 nipype.workflow INFO:
	 [Node] Setting-up "fmriprep_25_0_wf.sub_GEO036_wf.bold_ses_t3_task_image_run_4_wf.bold_fit_wf.ds_boldreg_wf.sources" in "/work/fmriprep_25_0_wf/sub_GEO036_wf/bold_ses_t3_task_image_run_4_wf/bold_fit_wf/ds_boldreg_wf/sources".
250527-17:32:54,347 nipype.workflow INFO:
	 [Node] Executing "sources" <fmriprep.interfaces.bids.BIDSURI>
250527-17:32:54,348 nipype.workflow INFO:
	 [Node] Finished "sources", elapsed time 0.000581s.
250527-17:32:55,734 nipype.workflow INFO:
	 [Node] Setting-up "fmriprep_25_0_wf.sub_GEO036_wf.bold_ses_t3_task_image_run_4_wf.bold_std_wf.gen_ref" in "/work/fmriprep_25_0_wf/sub_GEO036_wf/bold_ses_t3_task_image_run_4_wf/bold_std_wf/_in_tuple_MNI152NLin2009cAsym.resnative/gen_ref".
250527-17:32:56,174 nipype.workflow INFO:
	 [Node] Executing "gen_ref" <niworkflows.interfaces.nibabel.GenerateSamplingReference>
250527-17:32:56,879 nipype.workflow INFO:
	 [Node] Finished "gen_ref", elapsed time 0.70451s.
250527-17:32:59,724 nipype.workflow INFO:
	 [Node] Setting-up "fmriprep_25_0_wf.sub_GEO036_wf.bold_ses_t3_task_image_run_5_wf.bold_fit_wf.enhance_and_skullstrip_bold_wf.first_dilate" in "/work/fmriprep_25_0_wf/sub_GEO036_wf/bold_ses_t3_task_image_run_5_wf/bold_fit_wf/enhance_and_skullstrip_bold_wf/first_dilate".
250527-17:33:00,396 nipype.workflow INFO:
	 [Node] Executing "first_dilate" <niworkflows.interfaces.nibabel.BinaryDilation>
250527-17:33:00,771 nipype.workflow INFO:
	 [Node] Finished "first_dilate", elapsed time 0.373888s.
250527-17:33:01,745 nipype.workflow INFO:
	 [Node] Setting-up "fmriprep_25_0_wf.sub_GEO036_wf.bold_ses_t3_task_image_run_5_wf.bold_fit_wf.ds_boldreg_wf.sources" in "/work/fmriprep_25_0_wf/sub_GEO036_wf/bold_ses_t3_task_image_run_5_wf/bold_fit_wf/ds_boldreg_wf/sources".
250527-17:33:03,449 nipype.workflow INFO:
	 [Node] Executing "sources" <fmriprep.interfaces.bids.BIDSURI>
250527-17:33:03,450 nipype.workflow INFO:
	 [Node] Finished "sources", elapsed time 0.000548s.
250527-17:33:07,755 nipype.workflow INFO:
	 [Node] Setting-up "fmriprep_25_0_wf.sub_GEO036_wf.bold_ses_t3_task_image_run_5_wf.bold_std_wf.gen_ref" in "/work/fmriprep_25_0_wf/sub_GEO036_wf/bold_ses_t3_task_image_run_5_wf/bold_std_wf/_in_tuple_MNI152NLin2009cAsym.resnative/gen_ref".
250527-17:33:08,751 nipype.workflow INFO:
	 [Node] Executing "gen_ref" <niworkflows.interfaces.nibabel.GenerateSamplingReference>
250527-17:33:09,629 nipype.workflow INFO:
	 [Node] Finished "gen_ref", elapsed time 0.877121s.
250527-17:33:11,739 nipype.workflow INFO:
	 [Node] Setting-up "fmriprep_25_0_wf.sub_GEO036_wf.bold_ses_t3_task_retrans_run_1_wf.bold_fit_wf.enhance_and_skullstrip_bold_wf.first_dilate" in "/work/fmriprep_25_0_wf/sub_GEO036_wf/bold_ses_t3_task_retrans_run_1_wf/bold_fit_wf/enhance_and_skullstrip_bold_wf/first_dilate".
250527-17:33:13,805 nipype.workflow INFO:
	 [Node] Executing "first_dilate" <niworkflows.interfaces.nibabel.BinaryDilation>
250527-17:33:14,112 nipype.workflow INFO:
	 [Node] Finished "first_dilate", elapsed time 0.305897s.
250527-17:33:15,740 nipype.workflow INFO:
	 [Node] Setting-up "fmriprep_25_0_wf.sub_GEO036_wf.bold_ses_t3_task_retrans_run_1_wf.bold_fit_wf.ds_boldreg_wf.sources" in "/work/fmriprep_25_0_wf/sub_GEO036_wf/bold_ses_t3_task_retrans_run_1_wf/bold_fit_wf/ds_boldreg_wf/sources".
250527-17:33:16,856 nipype.workflow INFO:
	 [Node] Executing "sources" <fmriprep.interfaces.bids.BIDSURI>
250527-17:33:16,858 nipype.workflow INFO:
	 [Node] Finished "sources", elapsed time 0.000634s.
250527-17:33:19,726 nipype.workflow INFO:
	 [Node] Setting-up "fmriprep_25_0_wf.sub_GEO036_wf.bold_ses_t3_task_retrans_run_1_wf.bold_std_wf.gen_ref" in "/work/fmriprep_25_0_wf/sub_GEO036_wf/bold_ses_t3_task_retrans_run_1_wf/bold_std_wf/_in_tuple_MNI152NLin2009cAsym.resnative/gen_ref".
250527-17:33:20,47 nipype.workflow INFO:
	 [Node] Executing "gen_ref" <niworkflows.interfaces.nibabel.GenerateSamplingReference>
250527-17:33:21,523 nipype.workflow INFO:
	 [Node] Finished "gen_ref", elapsed time 1.475852s.
250527-17:33:21,715 nipype.workflow INFO:
	 [Node] Finished "boldref_bold", elapsed time 39.667081s.
250527-17:33:23,738 nipype.workflow INFO:
	 [Node] Setting-up "fmriprep_25_0_wf.sub_GEO036_wf.bold_ses_t2_task_image_run_1_wf.bold_fit_wf.enhance_and_skullstrip_bold_wf.first_mask" in "/work/fmriprep_25_0_wf/sub_GEO036_wf/bold_ses_t2_task_image_run_1_wf/bold_fit_wf/enhance_and_skullstrip_bold_wf/first_mask".
250527-17:33:23,740 nipype.workflow INFO:
	 [Node] Setting-up "fmriprep_25_0_wf.sub_GEO036_wf.bold_ses_t2_task_image_run_2_wf.bold_native_wf.boldref_bold" in "/work/fmriprep_25_0_wf/sub_GEO036_wf/bold_ses_t2_task_image_run_2_wf/bold_native_wf/boldref_bold".
250527-17:33:24,111 nipype.workflow INFO:
	 [Node] Executing "first_mask" <niworkflows.interfaces.nibabel.ApplyMask>
250527-17:33:24,248 nipype.workflow INFO:
	 [Node] Finished "first_mask", elapsed time 0.136029s.
250527-17:33:24,317 nipype.workflow INFO:
	 [Node] Executing "boldref_bold" <fmriprep.interfaces.resampling.ResampleSeries>
250527-17:33:25,718 nipype.workflow INFO:
	 [Node] Setting-up "fmriprep_25_0_wf.sub_GEO036_wf.bold_ses_t2_task_image_run_2_wf.bold_fit_wf.enhance_and_skullstrip_bold_wf.first_mask" in "/work/fmriprep_25_0_wf/sub_GEO036_wf/bold_ses_t2_task_image_run_2_wf/bold_fit_wf/enhance_and_skullstrip_bold_wf/first_mask".
250527-17:33:26,132 nipype.workflow INFO:
	 [Node] Executing "first_mask" <niworkflows.interfaces.nibabel.ApplyMask>
250527-17:33:26,273 nipype.workflow INFO:
	 [Node] Finished "first_mask", elapsed time 0.139684s.
250527-17:33:27,740 nipype.workflow INFO:
	 [Node] Setting-up "fmriprep_25_0_wf.sub_GEO036_wf.bold_ses_t2_task_image_run_3_wf.bold_fit_wf.enhance_and_skullstrip_bold_wf.first_mask" in "/work/fmriprep_25_0_wf/sub_GEO036_wf/bold_ses_t2_task_image_run_3_wf/bold_fit_wf/enhance_and_skullstrip_bold_wf/first_mask".
250527-17:33:28,335 nipype.workflow INFO:
	 [Node] Executing "first_mask" <niworkflows.interfaces.nibabel.ApplyMask>
250527-17:33:28,645 nipype.workflow INFO:
	 [Node] Finished "first_mask", elapsed time 0.309325s.
250527-17:33:29,750 nipype.workflow INFO:
	 [Node] Setting-up "fmriprep_25_0_wf.sub_GEO036_wf.bold_ses_t2_task_image_run_4_wf.bold_fit_wf.enhance_and_skullstrip_bold_wf.first_mask" in "/work/fmriprep_25_0_wf/sub_GEO036_wf/bold_ses_t2_task_image_run_4_wf/bold_fit_wf/enhance_and_skullstrip_bold_wf/first_mask".
250527-17:33:30,264 nipype.workflow INFO:
	 [Node] Executing "first_mask" <niworkflows.interfaces.nibabel.ApplyMask>
250527-17:33:30,368 nipype.workflow INFO:
	 [Node] Finished "first_mask", elapsed time 0.10238s.
250527-17:33:31,762 nipype.workflow INFO:
	 [Node] Setting-up "fmriprep_25_0_wf.sub_GEO036_wf.bold_ses_t2_task_image_run_5_wf.bold_fit_wf.enhance_and_skullstrip_bold_wf.first_mask" in "/work/fmriprep_25_0_wf/sub_GEO036_wf/bold_ses_t2_task_image_run_5_wf/bold_fit_wf/enhance_and_skullstrip_bold_wf/first_mask".
250527-17:33:32,377 nipype.workflow INFO:
	 [Node] Executing "first_mask" <niworkflows.interfaces.nibabel.ApplyMask>
250527-17:33:32,475 nipype.workflow INFO:
	 [Node] Finished "first_mask", elapsed time 0.096955s.
250527-17:33:33,751 nipype.workflow INFO:
	 [Node] Setting-up "fmriprep_25_0_wf.sub_GEO036_wf.bold_ses_t3_task_image_run_1_wf.bold_fit_wf.enhance_and_skullstrip_bold_wf.first_mask" in "/work/fmriprep_25_0_wf/sub_GEO036_wf/bold_ses_t3_task_image_run_1_wf/bold_fit_wf/enhance_and_skullstrip_bold_wf/first_mask".
250527-17:33:34,410 nipype.workflow INFO:
	 [Node] Executing "first_mask" <niworkflows.interfaces.nibabel.ApplyMask>
250527-17:33:34,532 nipype.workflow INFO:
	 [Node] Finished "first_mask", elapsed time 0.120788s.
250527-17:33:35,758 nipype.workflow INFO:
	 [Node] Setting-up "fmriprep_25_0_wf.sub_GEO036_wf.bold_ses_t3_task_image_run_2_wf.bold_fit_wf.enhance_and_skullstrip_bold_wf.first_mask" in "/work/fmriprep_25_0_wf/sub_GEO036_wf/bold_ses_t3_task_image_run_2_wf/bold_fit_wf/enhance_and_skullstrip_bold_wf/first_mask".
250527-17:33:36,134 nipype.workflow INFO:
	 [Node] Executing "first_mask" <niworkflows.interfaces.nibabel.ApplyMask>
250527-17:33:36,266 nipype.workflow INFO:
	 [Node] Finished "first_mask", elapsed time 0.131419s.
250527-17:33:37,738 nipype.workflow INFO:
	 [Node] Setting-up "fmriprep_25_0_wf.sub_GEO036_wf.bold_ses_t3_task_image_run_3_wf.bold_fit_wf.enhance_and_skullstrip_bold_wf.first_mask" in "/work/fmriprep_25_0_wf/sub_GEO036_wf/bold_ses_t3_task_image_run_3_wf/bold_fit_wf/enhance_and_skullstrip_bold_wf/first_mask".
250527-17:33:38,20 nipype.workflow INFO:
	 [Node] Executing "first_mask" <niworkflows.interfaces.nibabel.ApplyMask>
250527-17:33:38,142 nipype.workflow INFO:
	 [Node] Finished "first_mask", elapsed time 0.120747s.
250527-17:33:39,734 nipype.workflow INFO:
	 [Node] Setting-up "fmriprep_25_0_wf.sub_GEO036_wf.bold_ses_t3_task_image_run_4_wf.bold_fit_wf.enhance_and_skullstrip_bold_wf.first_mask" in "/work/fmriprep_25_0_wf/sub_GEO036_wf/bold_ses_t3_task_image_run_4_wf/bold_fit_wf/enhance_and_skullstrip_bold_wf/first_mask".
250527-17:33:40,370 nipype.workflow INFO:
	 [Node] Executing "first_mask" <niworkflows.interfaces.nibabel.ApplyMask>
250527-17:33:40,684 nipype.workflow INFO:
	 [Node] Finished "first_mask", elapsed time 0.313318s.
250527-17:33:41,733 nipype.workflow INFO:
	 [Node] Setting-up "fmriprep_25_0_wf.sub_GEO036_wf.bold_ses_t3_task_image_run_5_wf.bold_fit_wf.enhance_and_skullstrip_bold_wf.first_mask" in "/work/fmriprep_25_0_wf/sub_GEO036_wf/bold_ses_t3_task_image_run_5_wf/bold_fit_wf/enhance_and_skullstrip_bold_wf/first_mask".
250527-17:33:42,132 nipype.workflow INFO:
	 [Node] Executing "first_mask" <niworkflows.interfaces.nibabel.ApplyMask>
250527-17:33:42,216 nipype.workflow INFO:
	 [Node] Finished "first_mask", elapsed time 0.082782s.
250527-17:33:43,751 nipype.workflow INFO:
	 [Node] Setting-up "fmriprep_25_0_wf.sub_GEO036_wf.bold_ses_t3_task_retrans_run_1_wf.bold_fit_wf.enhance_and_skullstrip_bold_wf.first_mask" in "/work/fmriprep_25_0_wf/sub_GEO036_wf/bold_ses_t3_task_retrans_run_1_wf/bold_fit_wf/enhance_and_skullstrip_bold_wf/first_mask".
250527-17:33:44,71 nipype.workflow INFO:
	 [Node] Executing "first_mask" <niworkflows.interfaces.nibabel.ApplyMask>
250527-17:33:44,180 nipype.workflow INFO:
	 [Node] Finished "first_mask", elapsed time 0.107865s.
250527-17:33:45,733 nipype.workflow INFO:
	 [Node] Setting-up "fmriprep_25_0_wf.sub_GEO036_wf.bold_ses_t2_task_image_run_1_wf.bold_fit_wf.enhance_and_skullstrip_bold_wf.unifize" in "/work/fmriprep_25_0_wf/sub_GEO036_wf/bold_ses_t2_task_image_run_1_wf/bold_fit_wf/enhance_and_skullstrip_bold_wf/unifize".
250527-17:33:46,215 nipype.workflow INFO:
	 [Node] Executing "unifize" <nipype.interfaces.afni.utils.Unifize>
250527-17:34:01,388 nipype.workflow INFO:
	 [Node] Finished "boldref_bold", elapsed time 37.068755s.
250527-17:34:03,744 nipype.workflow INFO:
	 [Node] Setting-up "fmriprep_25_0_wf.sub_GEO036_wf.bold_ses_t2_task_image_run_3_wf.bold_native_wf.boldref_bold" in "/work/fmriprep_25_0_wf/sub_GEO036_wf/bold_ses_t2_task_image_run_3_wf/bold_native_wf/boldref_bold".
250527-17:34:04,433 nipype.workflow INFO:
	 [Node] Executing "boldref_bold" <fmriprep.interfaces.resampling.ResampleSeries>
250527-17:34:43,430 nipype.workflow INFO:
	 [Node] Finished "boldref_bold", elapsed time 38.995976s.
250527-17:34:45,749 nipype.workflow INFO:
	 [Node] Setting-up "fmriprep_25_0_wf.sub_GEO036_wf.bold_ses_t2_task_image_run_4_wf.bold_native_wf.boldref_bold" in "/work/fmriprep_25_0_wf/sub_GEO036_wf/bold_ses_t2_task_image_run_4_wf/bold_native_wf/boldref_bold".
250527-17:34:46,243 nipype.workflow INFO:
	 [Node] Executing "boldref_bold" <fmriprep.interfaces.resampling.ResampleSeries>
250527-17:35:23,526 nipype.workflow INFO:
	 [Node] Finished "boldref_bold", elapsed time 37.281615s.
250527-17:35:25,857 nipype.workflow INFO:
	 [Node] Setting-up "fmriprep_25_0_wf.sub_GEO036_wf.bold_ses_t2_task_image_run_5_wf.bold_native_wf.boldref_bold" in "/work/fmriprep_25_0_wf/sub_GEO036_wf/bold_ses_t2_task_image_run_5_wf/bold_native_wf/boldref_bold".
250527-17:35:26,141 nipype.workflow INFO:
	 [Node] Executing "boldref_bold" <fmriprep.interfaces.resampling.ResampleSeries>
250527-17:36:03,441 nipype.workflow INFO:
	 [Node] Finished "boldref_bold", elapsed time 37.299113s.
250527-17:36:05,787 nipype.workflow INFO:
	 [Node] Setting-up "fmriprep_25_0_wf.sub_GEO036_wf.bold_ses_t3_task_image_run_1_wf.bold_native_wf.boldref_bold" in "/work/fmriprep_25_0_wf/sub_GEO036_wf/bold_ses_t3_task_image_run_1_wf/bold_native_wf/boldref_bold".
250527-17:36:06,568 nipype.workflow INFO:
	 [Node] Executing "boldref_bold" <fmriprep.interfaces.resampling.ResampleSeries>
250527-17:36:43,657 nipype.workflow INFO:
	 [Node] Finished "boldref_bold", elapsed time 37.087474s.
250527-17:36:45,803 nipype.workflow INFO:
	 [Node] Setting-up "fmriprep_25_0_wf.sub_GEO036_wf.bold_ses_t3_task_image_run_2_wf.bold_native_wf.boldref_bold" in "/work/fmriprep_25_0_wf/sub_GEO036_wf/bold_ses_t3_task_image_run_2_wf/bold_native_wf/boldref_bold".
250527-17:36:46,84 nipype.workflow INFO:
	 [Node] Executing "boldref_bold" <fmriprep.interfaces.resampling.ResampleSeries>
250527-17:36:50,150 nipype.workflow INFO:
	 [Node] Finished "unifize", elapsed time 183.934995s.
250527-17:36:51,839 nipype.workflow INFO:
	 [Node] Setting-up "fmriprep_25_0_wf.sub_GEO036_wf.bold_ses_t2_task_image_run_2_wf.bold_fit_wf.enhance_and_skullstrip_bold_wf.unifize" in "/work/fmriprep_25_0_wf/sub_GEO036_wf/bold_ses_t2_task_image_run_2_wf/bold_fit_wf/enhance_and_skullstrip_bold_wf/unifize".
250527-17:36:52,312 nipype.workflow INFO:
	 [Node] Executing "unifize" <nipype.interfaces.afni.utils.Unifize>
250527-17:37:23,658 nipype.workflow INFO:
	 [Node] Finished "boldref_bold", elapsed time 37.572079s.
250527-17:37:25,805 nipype.workflow INFO:
	 [Node] Setting-up "fmriprep_25_0_wf.sub_GEO036_wf.bold_ses_t3_task_image_run_3_wf.bold_native_wf.boldref_bold" in "/work/fmriprep_25_0_wf/sub_GEO036_wf/bold_ses_t3_task_image_run_3_wf/bold_native_wf/boldref_bold".
250527-17:37:26,164 nipype.workflow INFO:
	 [Node] Executing "boldref_bold" <fmriprep.interfaces.resampling.ResampleSeries>
250527-17:38:05,843 nipype.workflow INFO:
	 [Node] Finished "boldref_bold", elapsed time 39.677839s.
250527-17:38:07,825 nipype.workflow INFO:
	 [Node] Setting-up "fmriprep_25_0_wf.sub_GEO036_wf.bold_ses_t3_task_image_run_4_wf.bold_native_wf.boldref_bold" in "/work/fmriprep_25_0_wf/sub_GEO036_wf/bold_ses_t3_task_image_run_4_wf/bold_native_wf/boldref_bold".
250527-17:38:09,178 nipype.workflow INFO:
	 [Node] Executing "boldref_bold" <fmriprep.interfaces.resampling.ResampleSeries>
250527-17:38:46,4 nipype.workflow INFO:
	 [Node] Finished "boldref_bold", elapsed time 36.825571s.
250527-17:38:47,852 nipype.workflow INFO:
	 [Node] Setting-up "fmriprep_25_0_wf.sub_GEO036_wf.bold_ses_t3_task_image_run_5_wf.bold_native_wf.boldref_bold" in "/work/fmriprep_25_0_wf/sub_GEO036_wf/bold_ses_t3_task_image_run_5_wf/bold_native_wf/boldref_bold".
250527-17:38:48,584 nipype.workflow INFO:
	 [Node] Executing "boldref_bold" <fmriprep.interfaces.resampling.ResampleSeries>
250527-17:39:27,770 nipype.workflow INFO:
	 [Node] Finished "boldref_bold", elapsed time 39.183106s.
250527-17:39:29,855 nipype.workflow INFO:
	 [Node] Setting-up "fmriprep_25_0_wf.sub_GEO036_wf.bold_ses_t3_task_retrans_run_1_wf.bold_native_wf.boldref_bold" in "/work/fmriprep_25_0_wf/sub_GEO036_wf/bold_ses_t3_task_retrans_run_1_wf/bold_native_wf/boldref_bold".
250527-17:39:30,679 nipype.workflow INFO:
	 [Node] Executing "boldref_bold" <fmriprep.interfaces.resampling.ResampleSeries>
250527-17:39:55,872 nipype.workflow INFO:
	 [Node] Finished "unifize", elapsed time 183.559079s.
250527-17:39:57,870 nipype.workflow INFO:
	 [Node] Setting-up "fmriprep_25_0_wf.sub_GEO036_wf.bold_ses_t2_task_image_run_3_wf.bold_fit_wf.enhance_and_skullstrip_bold_wf.unifize" in "/work/fmriprep_25_0_wf/sub_GEO036_wf/bold_ses_t2_task_image_run_3_wf/bold_fit_wf/enhance_and_skullstrip_bold_wf/unifize".
250527-17:39:58,572 nipype.workflow INFO:
	 [Node] Executing "unifize" <nipype.interfaces.afni.utils.Unifize>
250527-17:40:15,273 nipype.workflow INFO:
	 [Node] Finished "boldref_bold", elapsed time 44.592554s.
250527-17:40:15,894 nipype.workflow INFO:
	 [Node] Setting-up "fmriprep_25_0_wf.sub_GEO036_wf.bold_ses_t2_task_image_run_4_wf.bold_fit_wf.enhance_and_skullstrip_bold_wf.unifize" in "/work/fmriprep_25_0_wf/sub_GEO036_wf/bold_ses_t2_task_image_run_4_wf/bold_fit_wf/enhance_and_skullstrip_bold_wf/unifize".
250527-17:40:15,900 nipype.workflow INFO:
	 [Node] Setting-up "fmriprep_25_0_wf.sub_GEO036_wf.bold_ses_t2_task_image_run_5_wf.bold_fit_wf.enhance_and_skullstrip_bold_wf.unifize" in "/work/fmriprep_25_0_wf/sub_GEO036_wf/bold_ses_t2_task_image_run_5_wf/bold_fit_wf/enhance_and_skullstrip_bold_wf/unifize".
250527-17:40:15,910 nipype.workflow INFO:
	 [Node] Setting-up "fmriprep_25_0_wf.sub_GEO036_wf.bold_ses_t3_task_image_run_1_wf.bold_fit_wf.enhance_and_skullstrip_bold_wf.unifize" in "/work/fmriprep_25_0_wf/sub_GEO036_wf/bold_ses_t3_task_image_run_1_wf/bold_fit_wf/enhance_and_skullstrip_bold_wf/unifize".
250527-17:40:15,923 nipype.workflow INFO:
	 [Node] Setting-up "fmriprep_25_0_wf.sub_GEO036_wf.bold_ses_t3_task_image_run_2_wf.bold_fit_wf.enhance_and_skullstrip_bold_wf.unifize" in "/work/fmriprep_25_0_wf/sub_GEO036_wf/bold_ses_t3_task_image_run_2_wf/bold_fit_wf/enhance_and_skullstrip_bold_wf/unifize".
250527-17:40:15,934 nipype.workflow INFO:
	 [Node] Setting-up "fmriprep_25_0_wf.sub_GEO036_wf.bold_ses_t3_task_image_run_3_wf.bold_fit_wf.enhance_and_skullstrip_bold_wf.unifize" in "/work/fmriprep_25_0_wf/sub_GEO036_wf/bold_ses_t3_task_image_run_3_wf/bold_fit_wf/enhance_and_skullstrip_bold_wf/unifize".
250527-17:40:15,951 nipype.workflow INFO:
	 [Node] Setting-up "fmriprep_25_0_wf.sub_GEO036_wf.bold_ses_t3_task_image_run_4_wf.bold_fit_wf.enhance_and_skullstrip_bold_wf.unifize" in "/work/fmriprep_25_0_wf/sub_GEO036_wf/bold_ses_t3_task_image_run_4_wf/bold_fit_wf/enhance_and_skullstrip_bold_wf/unifize".
250527-17:40:15,963 nipype.workflow INFO:
	 [Node] Setting-up "fmriprep_25_0_wf.sub_GEO036_wf.bold_ses_t3_task_image_run_5_wf.bold_fit_wf.enhance_and_skullstrip_bold_wf.unifize" in "/work/fmriprep_25_0_wf/sub_GEO036_wf/bold_ses_t3_task_image_run_5_wf/bold_fit_wf/enhance_and_skullstrip_bold_wf/unifize".
250527-17:40:16,520 nipype.workflow INFO:
	 [Node] Executing "unifize" <nipype.interfaces.afni.utils.Unifize>
250527-17:40:16,524 nipype.workflow INFO:
	 [Node] Executing "unifize" <nipype.interfaces.afni.utils.Unifize>
250527-17:40:16,629 nipype.workflow INFO:
	 [Node] Executing "unifize" <nipype.interfaces.afni.utils.Unifize>
250527-17:40:16,641 nipype.workflow INFO:
	 [Node] Executing "unifize" <nipype.interfaces.afni.utils.Unifize>
250527-17:40:16,672 nipype.workflow INFO:
	 [Node] Executing "unifize" <nipype.interfaces.afni.utils.Unifize>
250527-17:40:16,689 nipype.workflow INFO:
	 [Node] Executing "unifize" <nipype.interfaces.afni.utils.Unifize>
250527-17:40:16,721 nipype.workflow INFO:
	 [Node] Executing "unifize" <nipype.interfaces.afni.utils.Unifize>
250527-17:43:02,748 nipype.workflow INFO:
	 [Node] Finished "unifize", elapsed time 184.17432s.
250527-17:43:04,113 nipype.workflow INFO:
	 [Node] Setting-up "fmriprep_25_0_wf.sub_GEO036_wf.bold_ses_t3_task_retrans_run_1_wf.bold_fit_wf.enhance_and_skullstrip_bold_wf.unifize" in "/work/fmriprep_25_0_wf/sub_GEO036_wf/bold_ses_t3_task_retrans_run_1_wf/bold_fit_wf/enhance_and_skullstrip_bold_wf/unifize".
250527-17:43:04,694 nipype.workflow INFO:
	 [Node] Executing "unifize" <nipype.interfaces.afni.utils.Unifize>
250527-17:43:20,652 nipype.workflow INFO:
	 [Node] Finished "unifize", elapsed time 184.131081s.
250527-17:43:20,722 nipype.workflow INFO:
	 [Node] Finished "unifize", elapsed time 184.197762s.
250527-17:43:21,852 nipype.workflow INFO:
	 [Node] Finished "unifize", elapsed time 185.130447s.
250527-17:43:22,155 nipype.workflow INFO:
	 [Node] Setting-up "fmriprep_25_0_wf.sub_GEO036_wf.bold_ses_t2_task_image_run_1_wf.bold_fit_wf.enhance_and_skullstrip_bold_wf.fixhdr_unifize" in "/work/fmriprep_25_0_wf/sub_GEO036_wf/bold_ses_t2_task_image_run_1_wf/bold_fit_wf/enhance_and_skullstrip_bold_wf/fixhdr_unifize".
250527-17:43:22,160 nipype.workflow INFO:
	 [Node] Setting-up "fmriprep_25_0_wf.sub_GEO036_wf.bold_ses_t2_task_image_run_2_wf.bold_fit_wf.enhance_and_skullstrip_bold_wf.fixhdr_unifize" in "/work/fmriprep_25_0_wf/sub_GEO036_wf/bold_ses_t2_task_image_run_2_wf/bold_fit_wf/enhance_and_skullstrip_bold_wf/fixhdr_unifize".
250527-17:43:22,627 nipype.workflow INFO:
	 [Node] Executing "fixhdr_unifize" <niworkflows.interfaces.header.CopyXForm>
250527-17:43:22,674 nipype.workflow INFO:
	 [Node] Executing "fixhdr_unifize" <niworkflows.interfaces.header.CopyXForm>
250527-17:43:22,754 nipype.workflow INFO:
	 [Node] Finished "unifize", elapsed time 186.123737s.
250527-17:43:22,755 nipype.workflow INFO:
	 [Node] Finished "fixhdr_unifize", elapsed time 0.127133s.
250527-17:43:22,782 nipype.workflow INFO:
	 [Node] Finished "unifize", elapsed time 186.139881s.
250527-17:43:23,143 nipype.workflow INFO:
	 [Node] Finished "fixhdr_unifize", elapsed time 0.46775s.
250527-17:43:23,241 nipype.workflow INFO:
	 [Node] Finished "unifize", elapsed time 186.551687s.
250527-17:43:24,161 nipype.workflow INFO:
	 [Node] Setting-up "fmriprep_25_0_wf.sub_GEO036_wf.bold_ses_t2_task_image_run_3_wf.bold_fit_wf.enhance_and_skullstrip_bold_wf.fixhdr_unifize" in "/work/fmriprep_25_0_wf/sub_GEO036_wf/bold_ses_t2_task_image_run_3_wf/bold_fit_wf/enhance_and_skullstrip_bold_wf/fixhdr_unifize".
250527-17:43:24,161 nipype.workflow INFO:
	 [Node] Setting-up "fmriprep_25_0_wf.sub_GEO036_wf.bold_ses_t2_task_image_run_4_wf.bold_fit_wf.enhance_and_skullstrip_bold_wf.fixhdr_unifize" in "/work/fmriprep_25_0_wf/sub_GEO036_wf/bold_ses_t2_task_image_run_4_wf/bold_fit_wf/enhance_and_skullstrip_bold_wf/fixhdr_unifize".
250527-17:43:24,162 nipype.workflow INFO:
	 [Node] Setting-up "fmriprep_25_0_wf.sub_GEO036_wf.bold_ses_t2_task_image_run_5_wf.bold_fit_wf.enhance_and_skullstrip_bold_wf.fixhdr_unifize" in "/work/fmriprep_25_0_wf/sub_GEO036_wf/bold_ses_t2_task_image_run_5_wf/bold_fit_wf/enhance_and_skullstrip_bold_wf/fixhdr_unifize".
250527-17:43:24,162 nipype.workflow INFO:
	 [Node] Setting-up "fmriprep_25_0_wf.sub_GEO036_wf.bold_ses_t3_task_image_run_1_wf.bold_fit_wf.enhance_and_skullstrip_bold_wf.fixhdr_unifize" in "/work/fmriprep_25_0_wf/sub_GEO036_wf/bold_ses_t3_task_image_run_1_wf/bold_fit_wf/enhance_and_skullstrip_bold_wf/fixhdr_unifize".
250527-17:43:24,163 nipype.workflow INFO:
	 [Node] Setting-up "fmriprep_25_0_wf.sub_GEO036_wf.bold_ses_t3_task_image_run_2_wf.bold_fit_wf.enhance_and_skullstrip_bold_wf.fixhdr_unifize" in "/work/fmriprep_25_0_wf/sub_GEO036_wf/bold_ses_t3_task_image_run_2_wf/bold_fit_wf/enhance_and_skullstrip_bold_wf/fixhdr_unifize".
250527-17:43:24,164 nipype.workflow INFO:
	 [Node] Setting-up "fmriprep_25_0_wf.sub_GEO036_wf.bold_ses_t3_task_image_run_3_wf.bold_fit_wf.enhance_and_skullstrip_bold_wf.fixhdr_unifize" in "/work/fmriprep_25_0_wf/sub_GEO036_wf/bold_ses_t3_task_image_run_3_wf/bold_fit_wf/enhance_and_skullstrip_bold_wf/fixhdr_unifize".
250527-17:43:24,628 nipype.workflow INFO:
	 [Node] Finished "unifize", elapsed time 187.955948s.
250527-17:43:25,284 nipype.workflow INFO:
	 [Node] Executing "fixhdr_unifize" <niworkflows.interfaces.header.CopyXForm>
250527-17:43:25,305 nipype.workflow INFO:
	 [Node] Executing "fixhdr_unifize" <niworkflows.interfaces.header.CopyXForm>
250527-17:43:25,897 nipype.workflow INFO:
	 [Node] Executing "fixhdr_unifize" <niworkflows.interfaces.header.CopyXForm>
250527-17:43:26,143 nipype.workflow INFO:
	 [Node] Setting-up "fmriprep_25_0_wf.sub_GEO036_wf.bold_ses_t3_task_image_run_4_wf.bold_fit_wf.enhance_and_skullstrip_bold_wf.fixhdr_unifize" in "/work/fmriprep_25_0_wf/sub_GEO036_wf/bold_ses_t3_task_image_run_4_wf/bold_fit_wf/enhance_and_skullstrip_bold_wf/fixhdr_unifize".
250527-17:43:26,178 nipype.workflow INFO:
	 [Node] Finished "fixhdr_unifize", elapsed time 0.872363s.
250527-17:43:26,200 nipype.workflow INFO:
	 [Node] Finished "fixhdr_unifize", elapsed time 0.301981s.
250527-17:43:26,200 nipype.workflow INFO:
	 [Node] Executing "fixhdr_unifize" <niworkflows.interfaces.header.CopyXForm>
250527-17:43:26,284 nipype.workflow INFO:
	 [Node] Executing "fixhdr_unifize" <niworkflows.interfaces.header.CopyXForm>
250527-17:43:26,285 nipype.workflow INFO:
	 [Node] Executing "fixhdr_unifize" <niworkflows.interfaces.header.CopyXForm>
250527-17:43:26,404 nipype.workflow INFO:
	 [Node] Finished "fixhdr_unifize", elapsed time 1.118901s.
250527-17:43:26,755 nipype.workflow INFO:
	 [Node] Finished "fixhdr_unifize", elapsed time 0.469794s.
250527-17:43:26,759 nipype.workflow INFO:
	 [Node] Finished "fixhdr_unifize", elapsed time 0.473842s.
250527-17:43:26,837 nipype.workflow INFO:
	 [Node] Finished "fixhdr_unifize", elapsed time 0.636174s.
250527-17:43:27,684 nipype.workflow INFO:
	 [Node] Executing "fixhdr_unifize" <niworkflows.interfaces.header.CopyXForm>
250527-17:43:27,813 nipype.workflow INFO:
	 [Node] Finished "fixhdr_unifize", elapsed time 0.12763s.
250527-17:43:28,146 nipype.workflow INFO:
	 [Node] Setting-up "fmriprep_25_0_wf.sub_GEO036_wf.bold_ses_t3_task_image_run_5_wf.bold_fit_wf.enhance_and_skullstrip_bold_wf.fixhdr_unifize" in "/work/fmriprep_25_0_wf/sub_GEO036_wf/bold_ses_t3_task_image_run_5_wf/bold_fit_wf/enhance_and_skullstrip_bold_wf/fixhdr_unifize".
250527-17:43:28,147 nipype.workflow INFO:
	 [Node] Setting-up "fmriprep_25_0_wf.sub_GEO036_wf.bold_ses_t2_task_image_run_1_wf.bold_fit_wf.enhance_and_skullstrip_bold_wf.skullstrip_second_pass" in "/work/fmriprep_25_0_wf/sub_GEO036_wf/bold_ses_t2_task_image_run_1_wf/bold_fit_wf/enhance_and_skullstrip_bold_wf/skullstrip_second_pass".
250527-17:43:28,148 nipype.workflow INFO:
	 [Node] Setting-up "fmriprep_25_0_wf.sub_GEO036_wf.bold_ses_t2_task_image_run_2_wf.bold_fit_wf.enhance_and_skullstrip_bold_wf.skullstrip_second_pass" in "/work/fmriprep_25_0_wf/sub_GEO036_wf/bold_ses_t2_task_image_run_2_wf/bold_fit_wf/enhance_and_skullstrip_bold_wf/skullstrip_second_pass".
250527-17:43:28,148 nipype.workflow INFO:
	 [Node] Setting-up "fmriprep_25_0_wf.sub_GEO036_wf.bold_ses_t2_task_image_run_3_wf.bold_fit_wf.enhance_and_skullstrip_bold_wf.skullstrip_second_pass" in "/work/fmriprep_25_0_wf/sub_GEO036_wf/bold_ses_t2_task_image_run_3_wf/bold_fit_wf/enhance_and_skullstrip_bold_wf/skullstrip_second_pass".
250527-17:43:28,149 nipype.workflow INFO:
	 [Node] Setting-up "fmriprep_25_0_wf.sub_GEO036_wf.bold_ses_t2_task_image_run_4_wf.bold_fit_wf.enhance_and_skullstrip_bold_wf.skullstrip_second_pass" in "/work/fmriprep_25_0_wf/sub_GEO036_wf/bold_ses_t2_task_image_run_4_wf/bold_fit_wf/enhance_and_skullstrip_bold_wf/skullstrip_second_pass".
250527-17:43:28,149 nipype.workflow INFO:
	 [Node] Setting-up "fmriprep_25_0_wf.sub_GEO036_wf.bold_ses_t2_task_image_run_5_wf.bold_fit_wf.enhance_and_skullstrip_bold_wf.skullstrip_second_pass" in "/work/fmriprep_25_0_wf/sub_GEO036_wf/bold_ses_t2_task_image_run_5_wf/bold_fit_wf/enhance_and_skullstrip_bold_wf/skullstrip_second_pass".
250527-17:43:28,572 nipype.workflow INFO:
	 [Node] Executing "fixhdr_unifize" <niworkflows.interfaces.header.CopyXForm>
250527-17:43:28,573 nipype.workflow INFO:
	 [Node] Executing "skullstrip_second_pass" <nipype.interfaces.afni.preprocess.Automask>
250527-17:43:28,591 nipype.workflow INFO:
	 [Node] Executing "skullstrip_second_pass" <nipype.interfaces.afni.preprocess.Automask>
250527-17:43:28,669 nipype.workflow INFO:
	 [Node] Finished "fixhdr_unifize", elapsed time 0.096453s.
250527-17:43:28,845 nipype.workflow INFO:
	 [Node] Executing "skullstrip_second_pass" <nipype.interfaces.afni.preprocess.Automask>
250527-17:43:28,851 nipype.workflow INFO:
	 [Node] Executing "skullstrip_second_pass" <nipype.interfaces.afni.preprocess.Automask>
250527-17:43:28,886 nipype.workflow INFO:
	 [Node] Executing "skullstrip_second_pass" <nipype.interfaces.afni.preprocess.Automask>
250527-17:43:29,207 nipype.workflow INFO:
	 [Node] Finished "skullstrip_second_pass", elapsed time 0.615684s.
250527-17:43:29,215 nipype.workflow INFO:
	 [Node] Finished "skullstrip_second_pass", elapsed time 0.64138s.
250527-17:43:29,268 nipype.workflow INFO:
	 [Node] Finished "skullstrip_second_pass", elapsed time 0.422384s.
250527-17:43:29,311 nipype.workflow INFO:
	 [Node] Finished "skullstrip_second_pass", elapsed time 0.458942s.
250527-17:43:29,312 nipype.workflow INFO:
	 [Node] Finished "skullstrip_second_pass", elapsed time 0.425769s.
250527-17:43:30,146 nipype.workflow INFO:
	 [Node] Setting-up "fmriprep_25_0_wf.sub_GEO036_wf.bold_ses_t3_task_image_run_1_wf.bold_fit_wf.enhance_and_skullstrip_bold_wf.skullstrip_second_pass" in "/work/fmriprep_25_0_wf/sub_GEO036_wf/bold_ses_t3_task_image_run_1_wf/bold_fit_wf/enhance_and_skullstrip_bold_wf/skullstrip_second_pass".
250527-17:43:30,147 nipype.workflow INFO:
	 [Node] Setting-up "fmriprep_25_0_wf.sub_GEO036_wf.bold_ses_t3_task_image_run_2_wf.bold_fit_wf.enhance_and_skullstrip_bold_wf.skullstrip_second_pass" in "/work/fmriprep_25_0_wf/sub_GEO036_wf/bold_ses_t3_task_image_run_2_wf/bold_fit_wf/enhance_and_skullstrip_bold_wf/skullstrip_second_pass".
250527-17:43:30,149 nipype.workflow INFO:
	 [Node] Setting-up "fmriprep_25_0_wf.sub_GEO036_wf.bold_ses_t3_task_image_run_4_wf.bold_fit_wf.enhance_and_skullstrip_bold_wf.skullstrip_second_pass" in "/work/fmriprep_25_0_wf/sub_GEO036_wf/bold_ses_t3_task_image_run_4_wf/bold_fit_wf/enhance_and_skullstrip_bold_wf/skullstrip_second_pass".
250527-17:43:30,149 nipype.workflow INFO:
	 [Node] Setting-up "fmriprep_25_0_wf.sub_GEO036_wf.bold_ses_t3_task_image_run_3_wf.bold_fit_wf.enhance_and_skullstrip_bold_wf.skullstrip_second_pass" in "/work/fmriprep_25_0_wf/sub_GEO036_wf/bold_ses_t3_task_image_run_3_wf/bold_fit_wf/enhance_and_skullstrip_bold_wf/skullstrip_second_pass".
250527-17:43:30,150 nipype.workflow INFO:
	 [Node] Setting-up "fmriprep_25_0_wf.sub_GEO036_wf.bold_ses_t3_task_image_run_5_wf.bold_fit_wf.enhance_and_skullstrip_bold_wf.skullstrip_second_pass" in "/work/fmriprep_25_0_wf/sub_GEO036_wf/bold_ses_t3_task_image_run_5_wf/bold_fit_wf/enhance_and_skullstrip_bold_wf/skullstrip_second_pass".
250527-17:43:30,890 nipype.workflow INFO:
	 [Node] Executing "skullstrip_second_pass" <nipype.interfaces.afni.preprocess.Automask>
250527-17:43:30,898 nipype.workflow INFO:
	 [Node] Executing "skullstrip_second_pass" <nipype.interfaces.afni.preprocess.Automask>
250527-17:43:30,914 nipype.workflow INFO:
	 [Node] Executing "skullstrip_second_pass" <nipype.interfaces.afni.preprocess.Automask>
250527-17:43:31,230 nipype.workflow INFO:
	 [Node] Executing "skullstrip_second_pass" <nipype.interfaces.afni.preprocess.Automask>
250527-17:43:31,386 nipype.workflow INFO:
	 [Node] Finished "skullstrip_second_pass", elapsed time 0.471905s.
250527-17:43:31,389 nipype.workflow INFO:
	 [Node] Finished "skullstrip_second_pass", elapsed time 0.489602s.
250527-17:43:31,393 nipype.workflow INFO:
	 [Node] Finished "skullstrip_second_pass", elapsed time 0.502086s.
250527-17:43:31,598 nipype.workflow INFO:
	 [Node] Executing "skullstrip_second_pass" <nipype.interfaces.afni.preprocess.Automask>
250527-17:43:32,141 nipype.workflow INFO:
	 [Node] Setting-up "fmriprep_25_0_wf.sub_GEO036_wf.bold_ses_t2_task_image_run_1_wf.bold_fit_wf.enhance_and_skullstrip_bold_wf.fixhdr_skullstrip2" in "/work/fmriprep_25_0_wf/sub_GEO036_wf/bold_ses_t2_task_image_run_1_wf/bold_fit_wf/enhance_and_skullstrip_bold_wf/fixhdr_skullstrip2".
250527-17:43:32,141 nipype.workflow INFO:
	 [Node] Setting-up "fmriprep_25_0_wf.sub_GEO036_wf.bold_ses_t2_task_image_run_2_wf.bold_fit_wf.enhance_and_skullstrip_bold_wf.fixhdr_skullstrip2" in "/work/fmriprep_25_0_wf/sub_GEO036_wf/bold_ses_t2_task_image_run_2_wf/bold_fit_wf/enhance_and_skullstrip_bold_wf/fixhdr_skullstrip2".
250527-17:43:32,142 nipype.workflow INFO:
	 [Node] Setting-up "fmriprep_25_0_wf.sub_GEO036_wf.bold_ses_t2_task_image_run_3_wf.bold_fit_wf.enhance_and_skullstrip_bold_wf.fixhdr_skullstrip2" in "/work/fmriprep_25_0_wf/sub_GEO036_wf/bold_ses_t2_task_image_run_3_wf/bold_fit_wf/enhance_and_skullstrip_bold_wf/fixhdr_skullstrip2".
250527-17:43:32,218 nipype.workflow INFO:
	 [Node] Finished "skullstrip_second_pass", elapsed time 0.987033s.
250527-17:43:32,345 nipype.workflow INFO:
	 [Node] Finished "skullstrip_second_pass", elapsed time 0.746226s.
250527-17:43:32,616 nipype.workflow INFO:
	 [Node] Executing "fixhdr_skullstrip2" <niworkflows.interfaces.header.CopyXForm>
250527-17:43:32,672 nipype.workflow INFO:
	 [Node] Executing "fixhdr_skullstrip2" <niworkflows.interfaces.header.CopyXForm>
250527-17:43:32,679 nipype.workflow INFO:
	 [Node] Executing "fixhdr_skullstrip2" <niworkflows.interfaces.header.CopyXForm>
250527-17:43:32,729 nipype.workflow INFO:
	 [Node] Finished "fixhdr_skullstrip2", elapsed time 0.112812s.
250527-17:43:32,759 nipype.workflow INFO:
	 [Node] Finished "fixhdr_skullstrip2", elapsed time 0.086523s.
250527-17:43:32,807 nipype.workflow INFO:
	 [Node] Finished "fixhdr_skullstrip2", elapsed time 0.127684s.
250527-17:43:34,152 nipype.workflow INFO:
	 [Node] Setting-up "fmriprep_25_0_wf.sub_GEO036_wf.bold_ses_t2_task_image_run_4_wf.bold_fit_wf.enhance_and_skullstrip_bold_wf.fixhdr_skullstrip2" in "/work/fmriprep_25_0_wf/sub_GEO036_wf/bold_ses_t2_task_image_run_4_wf/bold_fit_wf/enhance_and_skullstrip_bold_wf/fixhdr_skullstrip2".
250527-17:43:34,152 nipype.workflow INFO:
	 [Node] Setting-up "fmriprep_25_0_wf.sub_GEO036_wf.bold_ses_t2_task_image_run_5_wf.bold_fit_wf.enhance_and_skullstrip_bold_wf.fixhdr_skullstrip2" in "/work/fmriprep_25_0_wf/sub_GEO036_wf/bold_ses_t2_task_image_run_5_wf/bold_fit_wf/enhance_and_skullstrip_bold_wf/fixhdr_skullstrip2".
250527-17:43:34,153 nipype.workflow INFO:
	 [Node] Setting-up "fmriprep_25_0_wf.sub_GEO036_wf.bold_ses_t3_task_image_run_1_wf.bold_fit_wf.enhance_and_skullstrip_bold_wf.fixhdr_skullstrip2" in "/work/fmriprep_25_0_wf/sub_GEO036_wf/bold_ses_t3_task_image_run_1_wf/bold_fit_wf/enhance_and_skullstrip_bold_wf/fixhdr_skullstrip2".
250527-17:43:34,154 nipype.workflow INFO:
	 [Node] Setting-up "fmriprep_25_0_wf.sub_GEO036_wf.bold_ses_t3_task_image_run_2_wf.bold_fit_wf.enhance_and_skullstrip_bold_wf.fixhdr_skullstrip2" in "/work/fmriprep_25_0_wf/sub_GEO036_wf/bold_ses_t3_task_image_run_2_wf/bold_fit_wf/enhance_and_skullstrip_bold_wf/fixhdr_skullstrip2".
250527-17:43:34,154 nipype.workflow INFO:
	 [Node] Setting-up "fmriprep_25_0_wf.sub_GEO036_wf.bold_ses_t3_task_image_run_3_wf.bold_fit_wf.enhance_and_skullstrip_bold_wf.fixhdr_skullstrip2" in "/work/fmriprep_25_0_wf/sub_GEO036_wf/bold_ses_t3_task_image_run_3_wf/bold_fit_wf/enhance_and_skullstrip_bold_wf/fixhdr_skullstrip2".
250527-17:43:34,154 nipype.workflow INFO:
	 [Node] Setting-up "fmriprep_25_0_wf.sub_GEO036_wf.bold_ses_t3_task_image_run_4_wf.bold_fit_wf.enhance_and_skullstrip_bold_wf.fixhdr_skullstrip2" in "/work/fmriprep_25_0_wf/sub_GEO036_wf/bold_ses_t3_task_image_run_4_wf/bold_fit_wf/enhance_and_skullstrip_bold_wf/fixhdr_skullstrip2".
250527-17:43:34,155 nipype.workflow INFO:
	 [Node] Setting-up "fmriprep_25_0_wf.sub_GEO036_wf.bold_ses_t3_task_image_run_5_wf.bold_fit_wf.enhance_and_skullstrip_bold_wf.fixhdr_skullstrip2" in "/work/fmriprep_25_0_wf/sub_GEO036_wf/bold_ses_t3_task_image_run_5_wf/bold_fit_wf/enhance_and_skullstrip_bold_wf/fixhdr_skullstrip2".
250527-17:43:34,749 nipype.workflow INFO:
	 [Node] Executing "fixhdr_skullstrip2" <niworkflows.interfaces.header.CopyXForm>
250527-17:43:34,825 nipype.workflow INFO:
	 [Node] Executing "fixhdr_skullstrip2" <niworkflows.interfaces.header.CopyXForm>
250527-17:43:34,825 nipype.workflow INFO:
	 [Node] Finished "fixhdr_skullstrip2", elapsed time 0.075704s.
250527-17:43:34,900 nipype.workflow INFO:
	 [Node] Executing "fixhdr_skullstrip2" <niworkflows.interfaces.header.CopyXForm>
250527-17:43:34,903 nipype.workflow INFO:
	 [Node] Executing "fixhdr_skullstrip2" <niworkflows.interfaces.header.CopyXForm>
250527-17:43:34,926 nipype.workflow INFO:
	 [Node] Executing "fixhdr_skullstrip2" <niworkflows.interfaces.header.CopyXForm>
250527-17:43:34,936 nipype.workflow INFO:
	 [Node] Executing "fixhdr_skullstrip2" <niworkflows.interfaces.header.CopyXForm>
250527-17:43:34,974 nipype.workflow INFO:
	 [Node] Finished "fixhdr_skullstrip2", elapsed time 0.148674s.
250527-17:43:35,14 nipype.workflow INFO:
	 [Node] Executing "fixhdr_skullstrip2" <niworkflows.interfaces.header.CopyXForm>
250527-17:43:35,26 nipype.workflow INFO:
	 [Node] Finished "fixhdr_skullstrip2", elapsed time 0.08948s.
250527-17:43:35,31 nipype.workflow INFO:
	 [Node] Finished "fixhdr_skullstrip2", elapsed time 0.103763s.
250527-17:43:35,81 nipype.workflow INFO:
	 [Node] Finished "fixhdr_skullstrip2", elapsed time 0.180041s.
250527-17:43:35,130 nipype.workflow INFO:
	 [Node] Finished "fixhdr_skullstrip2", elapsed time 0.226212s.
250527-17:43:35,298 nipype.workflow INFO:
	 [Node] Finished "fixhdr_skullstrip2", elapsed time 0.28359s.
250527-17:43:36,147 nipype.workflow INFO:
	 [Node] Setting-up "fmriprep_25_0_wf.sub_GEO036_wf.bold_ses_t2_task_image_run_1_wf.bold_fit_wf.enhance_and_skullstrip_bold_wf.combine_masks" in "/work/fmriprep_25_0_wf/sub_GEO036_wf/bold_ses_t2_task_image_run_1_wf/bold_fit_wf/enhance_and_skullstrip_bold_wf/combine_masks".
250527-17:43:36,147 nipype.workflow INFO:
	 [Node] Setting-up "fmriprep_25_0_wf.sub_GEO036_wf.bold_ses_t2_task_image_run_2_wf.bold_fit_wf.enhance_and_skullstrip_bold_wf.combine_masks" in "/work/fmriprep_25_0_wf/sub_GEO036_wf/bold_ses_t2_task_image_run_2_wf/bold_fit_wf/enhance_and_skullstrip_bold_wf/combine_masks".
250527-17:43:36,148 nipype.workflow INFO:
	 [Node] Setting-up "fmriprep_25_0_wf.sub_GEO036_wf.bold_ses_t2_task_image_run_3_wf.bold_fit_wf.enhance_and_skullstrip_bold_wf.combine_masks" in "/work/fmriprep_25_0_wf/sub_GEO036_wf/bold_ses_t2_task_image_run_3_wf/bold_fit_wf/enhance_and_skullstrip_bold_wf/combine_masks".
250527-17:43:36,148 nipype.workflow INFO:
	 [Node] Setting-up "fmriprep_25_0_wf.sub_GEO036_wf.bold_ses_t2_task_image_run_4_wf.bold_fit_wf.enhance_and_skullstrip_bold_wf.combine_masks" in "/work/fmriprep_25_0_wf/sub_GEO036_wf/bold_ses_t2_task_image_run_4_wf/bold_fit_wf/enhance_and_skullstrip_bold_wf/combine_masks".
250527-17:43:36,149 nipype.workflow INFO:
	 [Node] Setting-up "fmriprep_25_0_wf.sub_GEO036_wf.bold_ses_t2_task_image_run_5_wf.bold_fit_wf.enhance_and_skullstrip_bold_wf.combine_masks" in "/work/fmriprep_25_0_wf/sub_GEO036_wf/bold_ses_t2_task_image_run_5_wf/bold_fit_wf/enhance_and_skullstrip_bold_wf/combine_masks".
250527-17:43:36,149 nipype.workflow INFO:
	 [Node] Setting-up "fmriprep_25_0_wf.sub_GEO036_wf.bold_ses_t3_task_image_run_1_wf.bold_fit_wf.enhance_and_skullstrip_bold_wf.combine_masks" in "/work/fmriprep_25_0_wf/sub_GEO036_wf/bold_ses_t3_task_image_run_1_wf/bold_fit_wf/enhance_and_skullstrip_bold_wf/combine_masks".
250527-17:43:36,149 nipype.workflow INFO:
	 [Node] Setting-up "fmriprep_25_0_wf.sub_GEO036_wf.bold_ses_t3_task_image_run_2_wf.bold_fit_wf.enhance_and_skullstrip_bold_wf.combine_masks" in "/work/fmriprep_25_0_wf/sub_GEO036_wf/bold_ses_t3_task_image_run_2_wf/bold_fit_wf/enhance_and_skullstrip_bold_wf/combine_masks".
250527-17:43:36,617 nipype.workflow INFO:
	 [Node] Executing "combine_masks" <nipype.interfaces.fsl.maths.BinaryMaths>
250527-17:43:36,628 nipype.workflow INFO:
	 [Node] Executing "combine_masks" <nipype.interfaces.fsl.maths.BinaryMaths>
250527-17:43:36,648 nipype.workflow INFO:
	 [Node] Executing "combine_masks" <nipype.interfaces.fsl.maths.BinaryMaths>
250527-17:43:36,665 nipype.workflow INFO:
	 [Node] Executing "combine_masks" <nipype.interfaces.fsl.maths.BinaryMaths>
250527-17:43:36,682 nipype.workflow INFO:
	 [Node] Executing "combine_masks" <nipype.interfaces.fsl.maths.BinaryMaths>
250527-17:43:36,688 nipype.workflow INFO:
	 [Node] Executing "combine_masks" <nipype.interfaces.fsl.maths.BinaryMaths>
250527-17:43:36,695 nipype.workflow INFO:
	 [Node] Executing "combine_masks" <nipype.interfaces.fsl.maths.BinaryMaths>
250527-17:43:37,102 nipype.workflow INFO:
	 [Node] Finished "combine_masks", elapsed time 0.413205s.
250527-17:43:37,108 nipype.workflow INFO:
	 [Node] Finished "combine_masks", elapsed time 0.459039s.
250527-17:43:37,109 nipype.workflow INFO:
	 [Node] Finished "combine_masks", elapsed time 0.491704s.
250527-17:43:37,160 nipype.workflow INFO:
	 [Node] Finished "combine_masks", elapsed time 0.494186s.
250527-17:43:37,161 nipype.workflow INFO:
	 [Node] Finished "combine_masks", elapsed time 0.464639s.
250527-17:43:37,281 nipype.workflow INFO:
	 [Node] Finished "combine_masks", elapsed time 0.651572s.
250527-17:43:37,284 nipype.workflow INFO:
	 [Node] Finished "combine_masks", elapsed time 0.600774s.
250527-17:43:38,144 nipype.workflow INFO:
	 [Node] Setting-up "fmriprep_25_0_wf.sub_GEO036_wf.bold_ses_t3_task_image_run_3_wf.bold_fit_wf.enhance_and_skullstrip_bold_wf.combine_masks" in "/work/fmriprep_25_0_wf/sub_GEO036_wf/bold_ses_t3_task_image_run_3_wf/bold_fit_wf/enhance_and_skullstrip_bold_wf/combine_masks".
250527-17:43:38,144 nipype.workflow INFO:
	 [Node] Setting-up "fmriprep_25_0_wf.sub_GEO036_wf.bold_ses_t3_task_image_run_4_wf.bold_fit_wf.enhance_and_skullstrip_bold_wf.combine_masks" in "/work/fmriprep_25_0_wf/sub_GEO036_wf/bold_ses_t3_task_image_run_4_wf/bold_fit_wf/enhance_and_skullstrip_bold_wf/combine_masks".
250527-17:43:38,145 nipype.workflow INFO:
	 [Node] Setting-up "fmriprep_25_0_wf.sub_GEO036_wf.bold_ses_t3_task_image_run_5_wf.bold_fit_wf.enhance_and_skullstrip_bold_wf.combine_masks" in "/work/fmriprep_25_0_wf/sub_GEO036_wf/bold_ses_t3_task_image_run_5_wf/bold_fit_wf/enhance_and_skullstrip_bold_wf/combine_masks".
250527-17:43:38,145 nipype.workflow INFO:
	 [Node] Setting-up "fmriprep_25_0_wf.sub_GEO036_wf.bold_ses_t2_task_image_run_1_wf.bold_fit_wf.enhance_and_skullstrip_bold_wf.apply_mask" in "/work/fmriprep_25_0_wf/sub_GEO036_wf/bold_ses_t2_task_image_run_1_wf/bold_fit_wf/enhance_and_skullstrip_bold_wf/apply_mask".
250527-17:43:38,957 nipype.workflow INFO:
	 [Node] Executing "combine_masks" <nipype.interfaces.fsl.maths.BinaryMaths>
250527-17:43:38,972 nipype.workflow INFO:
	 [Node] Executing "apply_mask" <niworkflows.interfaces.nibabel.ApplyMask>
250527-17:43:38,982 nipype.workflow INFO:
	 [Node] Executing "combine_masks" <nipype.interfaces.fsl.maths.BinaryMaths>
250527-17:43:39,5 nipype.workflow INFO:
	 [Node] Executing "combine_masks" <nipype.interfaces.fsl.maths.BinaryMaths>
250527-17:43:39,52 nipype.interface WARNING:
	 Changing /out/sub-GEO036/ses-t2/func/sub-GEO036_ses-t2_task-image_run-1_desc-brain_mask.nii.gz dtype from float32 to uint8
250527-17:43:39,225 nipype.workflow INFO:
	 [Node] Finished "apply_mask", elapsed time 0.251694s.
250527-17:43:39,373 nipype.workflow INFO:
	 [Node] Finished "combine_masks", elapsed time 0.390376s.
250527-17:43:39,411 nipype.workflow INFO:
	 [Node] Finished "combine_masks", elapsed time 0.452894s.
250527-17:43:39,420 nipype.workflow INFO:
	 [Node] Finished "combine_masks", elapsed time 0.414889s.
250527-17:43:39,691 nipype.workflow INFO:
	 [Node] Setting-up "fmriprep_25_0_wf.sub_GEO036_wf.bold_ses_t2_task_image_run_2_wf.bold_fit_wf.enhance_and_skullstrip_bold_wf.apply_mask" in "/work/fmriprep_25_0_wf/sub_GEO036_wf/bold_ses_t2_task_image_run_2_wf/bold_fit_wf/enhance_and_skullstrip_bold_wf/apply_mask".
250527-17:43:40,377 nipype.interface WARNING:
	 Changing /out/sub-GEO036/ses-t2/func/sub-GEO036_ses-t2_task-image_run-2_desc-brain_mask.nii.gz dtype from float32 to uint8
250527-17:43:40,410 nipype.workflow INFO:
	 [Node] Executing "apply_mask" <niworkflows.interfaces.nibabel.ApplyMask>
250527-17:43:40,473 nipype.workflow INFO:
	 [Node] Finished "apply_mask", elapsed time 0.062236s.
250527-17:43:41,195 nipype.workflow INFO:
	 [Node] Setting-up "fmriprep_25_0_wf.sub_GEO036_wf.bold_ses_t2_task_image_run_3_wf.bold_fit_wf.enhance_and_skullstrip_bold_wf.apply_mask" in "/work/fmriprep_25_0_wf/sub_GEO036_wf/bold_ses_t2_task_image_run_3_wf/bold_fit_wf/enhance_and_skullstrip_bold_wf/apply_mask".
250527-17:43:41,685 nipype.workflow INFO:
	 [Node] Executing "apply_mask" <niworkflows.interfaces.nibabel.ApplyMask>
250527-17:43:41,813 nipype.workflow INFO:
	 [Node] Finished "apply_mask", elapsed time 0.127551s.
250527-17:43:41,946 nipype.interface WARNING:
	 Changing /out/sub-GEO036/ses-t2/func/sub-GEO036_ses-t2_task-image_run-3_desc-brain_mask.nii.gz dtype from float32 to uint8
250527-17:43:42,644 nipype.workflow INFO:
	 [Node] Setting-up "fmriprep_25_0_wf.sub_GEO036_wf.bold_ses_t2_task_image_run_4_wf.bold_fit_wf.enhance_and_skullstrip_bold_wf.apply_mask" in "/work/fmriprep_25_0_wf/sub_GEO036_wf/bold_ses_t2_task_image_run_4_wf/bold_fit_wf/enhance_and_skullstrip_bold_wf/apply_mask".
250527-17:43:42,913 nipype.workflow INFO:
	 [Node] Executing "apply_mask" <niworkflows.interfaces.nibabel.ApplyMask>
250527-17:43:42,986 nipype.workflow INFO:
	 [Node] Finished "apply_mask", elapsed time 0.07272s.
250527-17:43:43,10 nipype.interface WARNING:
	 Changing /out/sub-GEO036/ses-t2/func/sub-GEO036_ses-t2_task-image_run-4_desc-brain_mask.nii.gz dtype from float32 to uint8
250527-17:43:43,907 nipype.workflow INFO:
	 [Node] Setting-up "fmriprep_25_0_wf.sub_GEO036_wf.bold_ses_t2_task_image_run_5_wf.bold_fit_wf.enhance_and_skullstrip_bold_wf.apply_mask" in "/work/fmriprep_25_0_wf/sub_GEO036_wf/bold_ses_t2_task_image_run_5_wf/bold_fit_wf/enhance_and_skullstrip_bold_wf/apply_mask".
250527-17:43:44,395 nipype.workflow INFO:
	 [Node] Executing "apply_mask" <niworkflows.interfaces.nibabel.ApplyMask>
250527-17:43:44,423 nipype.interface WARNING:
	 Changing /out/sub-GEO036/ses-t2/func/sub-GEO036_ses-t2_task-image_run-5_desc-brain_mask.nii.gz dtype from float32 to uint8
250527-17:43:44,511 nipype.workflow INFO:
	 [Node] Finished "apply_mask", elapsed time 0.115656s.
250527-17:43:45,79 nipype.workflow INFO:
	 [Node] Setting-up "fmriprep_25_0_wf.sub_GEO036_wf.bold_ses_t3_task_image_run_1_wf.bold_fit_wf.enhance_and_skullstrip_bold_wf.apply_mask" in "/work/fmriprep_25_0_wf/sub_GEO036_wf/bold_ses_t3_task_image_run_1_wf/bold_fit_wf/enhance_and_skullstrip_bold_wf/apply_mask".
250527-17:43:45,581 nipype.workflow INFO:
	 [Node] Executing "apply_mask" <niworkflows.interfaces.nibabel.ApplyMask>
250527-17:43:45,615 nipype.interface WARNING:
	 Changing /out/sub-GEO036/ses-t3/func/sub-GEO036_ses-t3_task-image_run-1_desc-brain_mask.nii.gz dtype from float32 to uint8
250527-17:43:45,653 nipype.workflow INFO:
	 [Node] Finished "apply_mask", elapsed time 0.070158s.
250527-17:43:46,158 nipype.workflow INFO:
	 [Node] Setting-up "fmriprep_25_0_wf.sub_GEO036_wf.bold_ses_t3_task_image_run_2_wf.bold_fit_wf.enhance_and_skullstrip_bold_wf.apply_mask" in "/work/fmriprep_25_0_wf/sub_GEO036_wf/bold_ses_t3_task_image_run_2_wf/bold_fit_wf/enhance_and_skullstrip_bold_wf/apply_mask".
250527-17:43:46,574 nipype.workflow INFO:
	 [Node] Executing "apply_mask" <niworkflows.interfaces.nibabel.ApplyMask>
250527-17:43:46,648 nipype.interface WARNING:
	 Changing /out/sub-GEO036/ses-t3/func/sub-GEO036_ses-t3_task-image_run-2_desc-brain_mask.nii.gz dtype from float32 to uint8
250527-17:43:46,660 nipype.workflow INFO:
	 [Node] Finished "apply_mask", elapsed time 0.085105s.
250527-17:43:47,290 nipype.workflow INFO:
	 [Node] Setting-up "fmriprep_25_0_wf.sub_GEO036_wf.bold_ses_t3_task_image_run_3_wf.bold_fit_wf.enhance_and_skullstrip_bold_wf.apply_mask" in "/work/fmriprep_25_0_wf/sub_GEO036_wf/bold_ses_t3_task_image_run_3_wf/bold_fit_wf/enhance_and_skullstrip_bold_wf/apply_mask".
250527-17:43:47,634 nipype.interface WARNING:
	 Changing /out/sub-GEO036/ses-t3/func/sub-GEO036_ses-t3_task-image_run-3_desc-brain_mask.nii.gz dtype from float32 to uint8
250527-17:43:47,707 nipype.workflow INFO:
	 [Node] Executing "apply_mask" <niworkflows.interfaces.nibabel.ApplyMask>
250527-17:43:47,877 nipype.workflow INFO:
	 [Node] Finished "apply_mask", elapsed time 0.169183s.
250527-17:43:48,820 nipype.workflow INFO:
	 [Node] Setting-up "fmriprep_25_0_wf.sub_GEO036_wf.bold_ses_t3_task_image_run_4_wf.bold_fit_wf.enhance_and_skullstrip_bold_wf.apply_mask" in "/work/fmriprep_25_0_wf/sub_GEO036_wf/bold_ses_t3_task_image_run_4_wf/bold_fit_wf/enhance_and_skullstrip_bold_wf/apply_mask".
250527-17:43:49,303 nipype.workflow INFO:
	 [Node] Executing "apply_mask" <niworkflows.interfaces.nibabel.ApplyMask>
250527-17:43:49,433 nipype.workflow INFO:
	 [Node] Finished "apply_mask", elapsed time 0.128611s.
250527-17:43:50,86 nipype.interface WARNING:
	 Changing /out/sub-GEO036/ses-t3/func/sub-GEO036_ses-t3_task-image_run-4_desc-brain_mask.nii.gz dtype from float32 to uint8
250527-17:43:51,42 nipype.workflow INFO:
	 [Node] Setting-up "fmriprep_25_0_wf.sub_GEO036_wf.bold_ses_t3_task_image_run_5_wf.bold_fit_wf.enhance_and_skullstrip_bold_wf.apply_mask" in "/work/fmriprep_25_0_wf/sub_GEO036_wf/bold_ses_t3_task_image_run_5_wf/bold_fit_wf/enhance_and_skullstrip_bold_wf/apply_mask".
250527-17:43:51,503 nipype.workflow INFO:
	 [Node] Executing "apply_mask" <niworkflows.interfaces.nibabel.ApplyMask>
250527-17:43:51,564 nipype.interface WARNING:
	 Changing /out/sub-GEO036/ses-t3/func/sub-GEO036_ses-t3_task-image_run-5_desc-brain_mask.nii.gz dtype from float32 to uint8
250527-17:43:51,618 nipype.workflow INFO:
	 [Node] Finished "apply_mask", elapsed time 0.113776s.
250527-17:43:52,417 nipype.workflow INFO:
	 [Node] Setting-up "fmriprep_25_0_wf.sub_GEO036_wf.bold_ses_t2_task_image_run_1_wf.bold_confounds_wf.dvars" in "/work/fmriprep_25_0_wf/sub_GEO036_wf/bold_ses_t2_task_image_run_1_wf/bold_confounds_wf/dvars".
250527-17:43:52,884 nipype.workflow INFO:
	 [Node] Executing "dvars" <nipype.algorithms.confounds.ComputeDVARS>
250527-17:44:10,332 nipype.workflow INFO:
	 [Node] Finished "dvars", elapsed time 17.446202s.
250527-17:44:10,690 nipype.workflow INFO:
	 [Node] Setting-up "fmriprep_25_0_wf.sub_GEO036_wf.bold_ses_t2_task_image_run_1_wf.bold_confounds_wf.tcompcor" in "/work/fmriprep_25_0_wf/sub_GEO036_wf/bold_ses_t2_task_image_run_1_wf/bold_confounds_wf/tcompcor".
250527-17:44:11,585 nipype.workflow INFO:
	 [Node] Executing "tcompcor" <niworkflows.interfaces.patches.RobustTCompCor>
250527-17:44:21,860 nipype.workflow INFO:
	 [Node] Finished "tcompcor", elapsed time 10.274566s.
250527-17:44:23,360 nipype.workflow INFO:
	 [Node] Setting-up "fmriprep_25_0_wf.sub_GEO036_wf.bold_ses_t2_task_image_run_1_wf.bold_confounds_wf.tcc_metadata_filter" in "/work/fmriprep_25_0_wf/sub_GEO036_wf/bold_ses_t2_task_image_run_1_wf/bold_confounds_wf/tcc_metadata_filter".
250527-17:44:23,371 nipype.workflow INFO:
	 [Node] Setting-up "fmriprep_25_0_wf.sub_GEO036_wf.bold_ses_t2_task_image_run_2_wf.bold_confounds_wf.dvars" in "/work/fmriprep_25_0_wf/sub_GEO036_wf/bold_ses_t2_task_image_run_2_wf/bold_confounds_wf/dvars".
250527-17:44:24,90 nipype.workflow INFO:
	 [Node] Executing "tcc_metadata_filter" <fmriprep.interfaces.confounds.FilterDropped>
250527-17:44:24,201 nipype.workflow INFO:
	 [Node] Finished "tcc_metadata_filter", elapsed time 0.110609s.
250527-17:44:24,272 nipype.workflow INFO:
	 [Node] Executing "dvars" <nipype.algorithms.confounds.ComputeDVARS>
250527-17:44:25,409 nipype.workflow INFO:
	 [Node] Setting-up "fmriprep_25_0_wf.sub_GEO036_wf.bold_ses_t2_task_image_run_1_wf.bold_confounds_wf.tcc_metadata_fmt" in "/work/fmriprep_25_0_wf/sub_GEO036_wf/bold_ses_t2_task_image_run_1_wf/bold_confounds_wf/tcc_metadata_fmt".
250527-17:44:26,173 nipype.workflow INFO:
	 [Node] Executing "tcc_metadata_fmt" <niworkflows.interfaces.utility.TSV2JSON>
250527-17:44:26,190 nipype.workflow INFO:
	 [Node] Finished "tcc_metadata_fmt", elapsed time 0.016089s.
250527-17:44:40,765 nipype.workflow INFO:
	 [Node] Finished "dvars", elapsed time 16.492199s.
250527-17:44:43,349 nipype.workflow INFO:
	 [Node] Setting-up "fmriprep_25_0_wf.sub_GEO036_wf.bold_ses_t2_task_image_run_2_wf.bold_confounds_wf.tcompcor" in "/work/fmriprep_25_0_wf/sub_GEO036_wf/bold_ses_t2_task_image_run_2_wf/bold_confounds_wf/tcompcor".
250527-17:44:44,375 nipype.workflow INFO:
	 [Node] Executing "tcompcor" <niworkflows.interfaces.patches.RobustTCompCor>
250527-17:44:54,660 nipype.workflow INFO:
	 [Node] Finished "tcompcor", elapsed time 10.283928s.
250527-17:44:55,823 nipype.workflow INFO:
	 [Node] Setting-up "fmriprep_25_0_wf.sub_GEO036_wf.bold_ses_t2_task_image_run_3_wf.bold_confounds_wf.dvars" in "/work/fmriprep_25_0_wf/sub_GEO036_wf/bold_ses_t2_task_image_run_3_wf/bold_confounds_wf/dvars".
250527-17:44:55,824 nipype.workflow INFO:
	 [Node] Setting-up "fmriprep_25_0_wf.sub_GEO036_wf.bold_ses_t2_task_image_run_2_wf.bold_confounds_wf.tcc_metadata_filter" in "/work/fmriprep_25_0_wf/sub_GEO036_wf/bold_ses_t2_task_image_run_2_wf/bold_confounds_wf/tcc_metadata_filter".
250527-17:44:56,863 nipype.workflow INFO:
	 [Node] Executing "tcc_metadata_filter" <fmriprep.interfaces.confounds.FilterDropped>
250527-17:44:56,933 nipype.workflow INFO:
	 [Node] Finished "tcc_metadata_filter", elapsed time 0.06933s.
250527-17:44:56,947 nipype.workflow INFO:
	 [Node] Executing "dvars" <nipype.algorithms.confounds.ComputeDVARS>
250527-17:44:57,829 nipype.workflow INFO:
	 [Node] Setting-up "fmriprep_25_0_wf.sub_GEO036_wf.bold_ses_t2_task_image_run_2_wf.bold_confounds_wf.tcc_metadata_fmt" in "/work/fmriprep_25_0_wf/sub_GEO036_wf/bold_ses_t2_task_image_run_2_wf/bold_confounds_wf/tcc_metadata_fmt".
250527-17:44:58,243 nipype.workflow INFO:
	 [Node] Executing "tcc_metadata_fmt" <niworkflows.interfaces.utility.TSV2JSON>
250527-17:44:58,251 nipype.workflow INFO:
	 [Node] Finished "tcc_metadata_fmt", elapsed time 0.006682s.
250527-17:45:12,919 nipype.workflow INFO:
	 [Node] Finished "dvars", elapsed time 15.970385s.
250527-17:45:13,816 nipype.workflow INFO:
	 [Node] Setting-up "fmriprep_25_0_wf.sub_GEO036_wf.bold_ses_t2_task_image_run_3_wf.bold_confounds_wf.tcompcor" in "/work/fmriprep_25_0_wf/sub_GEO036_wf/bold_ses_t2_task_image_run_3_wf/bold_confounds_wf/tcompcor".
250527-17:45:14,523 nipype.workflow INFO:
	 [Node] Executing "tcompcor" <niworkflows.interfaces.patches.RobustTCompCor>
250527-17:45:24,789 nipype.workflow INFO:
	 [Node] Finished "tcompcor", elapsed time 10.264906s.
250527-17:45:26,453 nipype.workflow INFO:
	 [Node] Setting-up "fmriprep_25_0_wf.sub_GEO036_wf.bold_ses_t2_task_image_run_3_wf.bold_confounds_wf.tcc_metadata_filter" in "/work/fmriprep_25_0_wf/sub_GEO036_wf/bold_ses_t2_task_image_run_3_wf/bold_confounds_wf/tcc_metadata_filter".
250527-17:45:26,456 nipype.workflow INFO:
	 [Node] Setting-up "fmriprep_25_0_wf.sub_GEO036_wf.bold_ses_t2_task_image_run_4_wf.bold_confounds_wf.dvars" in "/work/fmriprep_25_0_wf/sub_GEO036_wf/bold_ses_t2_task_image_run_4_wf/bold_confounds_wf/dvars".
250527-17:45:27,698 nipype.workflow INFO:
	 [Node] Executing "tcc_metadata_filter" <fmriprep.interfaces.confounds.FilterDropped>
250527-17:45:27,861 nipype.workflow INFO:
	 [Node] Finished "tcc_metadata_filter", elapsed time 0.161623s.
250527-17:45:27,951 nipype.workflow INFO:
	 [Node] Executing "dvars" <nipype.algorithms.confounds.ComputeDVARS>
250527-17:45:30,474 nipype.workflow INFO:
	 [Node] Setting-up "fmriprep_25_0_wf.sub_GEO036_wf.bold_ses_t2_task_image_run_3_wf.bold_confounds_wf.tcc_metadata_fmt" in "/work/fmriprep_25_0_wf/sub_GEO036_wf/bold_ses_t2_task_image_run_3_wf/bold_confounds_wf/tcc_metadata_fmt".
250527-17:45:30,934 nipype.workflow INFO:
	 [Node] Executing "tcc_metadata_fmt" <niworkflows.interfaces.utility.TSV2JSON>
250527-17:45:30,941 nipype.workflow INFO:
	 [Node] Finished "tcc_metadata_fmt", elapsed time 0.006092s.
250527-17:45:44,837 nipype.workflow INFO:
	 [Node] Finished "dvars", elapsed time 16.885632s.
250527-17:45:46,449 nipype.workflow INFO:
	 [Node] Setting-up "fmriprep_25_0_wf.sub_GEO036_wf.bold_ses_t2_task_image_run_4_wf.bold_confounds_wf.tcompcor" in "/work/fmriprep_25_0_wf/sub_GEO036_wf/bold_ses_t2_task_image_run_4_wf/bold_confounds_wf/tcompcor".
250527-17:45:46,887 nipype.workflow INFO:
	 [Node] Executing "tcompcor" <niworkflows.interfaces.patches.RobustTCompCor>
250527-17:45:57,94 nipype.workflow INFO:
	 [Node] Finished "tcompcor", elapsed time 10.205962s.
250527-17:45:58,442 nipype.workflow INFO:
	 [Node] Setting-up "fmriprep_25_0_wf.sub_GEO036_wf.bold_ses_t2_task_image_run_5_wf.bold_confounds_wf.dvars" in "/work/fmriprep_25_0_wf/sub_GEO036_wf/bold_ses_t2_task_image_run_5_wf/bold_confounds_wf/dvars".
250527-17:45:58,443 nipype.workflow INFO:
	 [Node] Setting-up "fmriprep_25_0_wf.sub_GEO036_wf.bold_ses_t2_task_image_run_4_wf.bold_confounds_wf.tcc_metadata_filter" in "/work/fmriprep_25_0_wf/sub_GEO036_wf/bold_ses_t2_task_image_run_4_wf/bold_confounds_wf/tcc_metadata_filter".
250527-17:45:59,341 nipype.workflow INFO:
	 [Node] Executing "tcc_metadata_filter" <fmriprep.interfaces.confounds.FilterDropped>
250527-17:45:59,349 nipype.workflow INFO:
	 [Node] Executing "dvars" <nipype.algorithms.confounds.ComputeDVARS>
250527-17:45:59,432 nipype.workflow INFO:
	 [Node] Finished "tcc_metadata_filter", elapsed time 0.089874s.
250527-17:46:00,469 nipype.workflow INFO:
	 [Node] Setting-up "fmriprep_25_0_wf.sub_GEO036_wf.bold_ses_t2_task_image_run_4_wf.bold_confounds_wf.tcc_metadata_fmt" in "/work/fmriprep_25_0_wf/sub_GEO036_wf/bold_ses_t2_task_image_run_4_wf/bold_confounds_wf/tcc_metadata_fmt".
250527-17:46:01,71 nipype.workflow INFO:
	 [Node] Executing "tcc_metadata_fmt" <niworkflows.interfaces.utility.TSV2JSON>
250527-17:46:01,77 nipype.workflow INFO:
	 [Node] Finished "tcc_metadata_fmt", elapsed time 0.005023s.
250527-17:46:11,835 nipype.workflow INFO:
	 [Node] Finished "unifize", elapsed time 187.140076s.
250527-17:46:14,448 nipype.workflow INFO:
	 [Node] Setting-up "fmriprep_25_0_wf.sub_GEO036_wf.bold_ses_t3_task_retrans_run_1_wf.bold_fit_wf.enhance_and_skullstrip_bold_wf.fixhdr_unifize" in "/work/fmriprep_25_0_wf/sub_GEO036_wf/bold_ses_t3_task_retrans_run_1_wf/bold_fit_wf/enhance_and_skullstrip_bold_wf/fixhdr_unifize".
250527-17:46:15,321 nipype.workflow INFO:
	 [Node] Finished "dvars", elapsed time 15.971326s.
250527-17:46:15,474 nipype.workflow INFO:
	 [Node] Executing "fixhdr_unifize" <niworkflows.interfaces.header.CopyXForm>
250527-17:46:15,744 nipype.workflow INFO:
	 [Node] Finished "fixhdr_unifize", elapsed time 0.269303s.
250527-17:46:16,454 nipype.workflow INFO:
	 [Node] Setting-up "fmriprep_25_0_wf.sub_GEO036_wf.bold_ses_t3_task_retrans_run_1_wf.bold_fit_wf.enhance_and_skullstrip_bold_wf.skullstrip_second_pass" in "/work/fmriprep_25_0_wf/sub_GEO036_wf/bold_ses_t3_task_retrans_run_1_wf/bold_fit_wf/enhance_and_skullstrip_bold_wf/skullstrip_second_pass".
250527-17:46:16,456 nipype.workflow INFO:
	 [Node] Setting-up "fmriprep_25_0_wf.sub_GEO036_wf.bold_ses_t2_task_image_run_5_wf.bold_confounds_wf.tcompcor" in "/work/fmriprep_25_0_wf/sub_GEO036_wf/bold_ses_t2_task_image_run_5_wf/bold_confounds_wf/tcompcor".
250527-17:46:17,535 nipype.workflow INFO:
	 [Node] Executing "skullstrip_second_pass" <nipype.interfaces.afni.preprocess.Automask>
250527-17:46:17,543 nipype.workflow INFO:
	 [Node] Executing "tcompcor" <niworkflows.interfaces.patches.RobustTCompCor>
250527-17:46:17,933 nipype.workflow INFO:
	 [Node] Finished "skullstrip_second_pass", elapsed time 0.39804s.
250527-17:46:19,368 nipype.workflow INFO:
	 [Node] Setting-up "fmriprep_25_0_wf.sub_GEO036_wf.bold_ses_t3_task_retrans_run_1_wf.bold_fit_wf.enhance_and_skullstrip_bold_wf.fixhdr_skullstrip2" in "/work/fmriprep_25_0_wf/sub_GEO036_wf/bold_ses_t3_task_retrans_run_1_wf/bold_fit_wf/enhance_and_skullstrip_bold_wf/fixhdr_skullstrip2".
250527-17:46:19,992 nipype.workflow INFO:
	 [Node] Executing "fixhdr_skullstrip2" <niworkflows.interfaces.header.CopyXForm>
250527-17:46:20,126 nipype.workflow INFO:
	 [Node] Finished "fixhdr_skullstrip2", elapsed time 0.133058s.
250527-17:46:21,386 nipype.workflow INFO:
	 [Node] Setting-up "fmriprep_25_0_wf.sub_GEO036_wf.bold_ses_t3_task_retrans_run_1_wf.bold_fit_wf.enhance_and_skullstrip_bold_wf.combine_masks" in "/work/fmriprep_25_0_wf/sub_GEO036_wf/bold_ses_t3_task_retrans_run_1_wf/bold_fit_wf/enhance_and_skullstrip_bold_wf/combine_masks".
250527-17:46:21,800 nipype.workflow INFO:
	 [Node] Executing "combine_masks" <nipype.interfaces.fsl.maths.BinaryMaths>
250527-17:46:22,95 nipype.workflow INFO:
	 [Node] Finished "combine_masks", elapsed time 0.294202s.
250527-17:46:23,386 nipype.workflow INFO:
	 [Node] Setting-up "fmriprep_25_0_wf.sub_GEO036_wf.bold_ses_t3_task_retrans_run_1_wf.bold_fit_wf.enhance_and_skullstrip_bold_wf.apply_mask" in "/work/fmriprep_25_0_wf/sub_GEO036_wf/bold_ses_t3_task_retrans_run_1_wf/bold_fit_wf/enhance_and_skullstrip_bold_wf/apply_mask".
250527-17:46:24,20 nipype.workflow INFO:
	 [Node] Executing "apply_mask" <niworkflows.interfaces.nibabel.ApplyMask>
250527-17:46:24,84 nipype.interface WARNING:
	 Changing /out/sub-GEO036/ses-t3/func/sub-GEO036_ses-t3_task-retrans_run-1_desc-brain_mask.nii.gz dtype from float32 to uint8
250527-17:46:24,103 nipype.workflow INFO:
	 [Node] Finished "apply_mask", elapsed time 0.081705s.
250527-17:46:25,417 nipype.workflow INFO:
	 [Node] Setting-up "_denoise0" in "/work/fmriprep_25_0_wf/sub_GEO036_wf/anat_fit_wf/anat_template_wf/denoise/mapflow/_denoise0".
250527-17:46:25,872 nipype.workflow INFO:
	 [Node] Executing "_denoise0" <nipype.interfaces.ants.segmentation.DenoiseImage>
250527-17:46:28,285 nipype.workflow INFO:
	 [Node] Finished "tcompcor", elapsed time 10.740769s.
250527-17:46:29,587 nipype.workflow INFO:
	 [Node] Setting-up "fmriprep_25_0_wf.sub_GEO036_wf.bold_ses_t3_task_image_run_1_wf.bold_confounds_wf.dvars" in "/work/fmriprep_25_0_wf/sub_GEO036_wf/bold_ses_t3_task_image_run_1_wf/bold_confounds_wf/dvars".
250527-17:46:30,869 nipype.workflow INFO:
	 [Node] Executing "dvars" <nipype.algorithms.confounds.ComputeDVARS>
250527-17:46:48,398 nipype.workflow INFO:
	 [Node] Finished "dvars", elapsed time 17.52776s.
250527-17:46:49,398 nipype.workflow INFO:
	 [Node] Setting-up "fmriprep_25_0_wf.sub_GEO036_wf.bold_ses_t3_task_image_run_1_wf.bold_confounds_wf.tcompcor" in "/work/fmriprep_25_0_wf/sub_GEO036_wf/bold_ses_t3_task_image_run_1_wf/bold_confounds_wf/tcompcor".
250527-17:46:49,815 nipype.workflow INFO:
	 [Node] Executing "tcompcor" <niworkflows.interfaces.patches.RobustTCompCor>
250527-17:47:00,51 nipype.workflow INFO:
	 [Node] Finished "tcompcor", elapsed time 10.235164s.
250527-17:47:01,413 nipype.workflow INFO:
	 [Node] Setting-up "fmriprep_25_0_wf.sub_GEO036_wf.bold_ses_t3_task_image_run_2_wf.bold_confounds_wf.dvars" in "/work/fmriprep_25_0_wf/sub_GEO036_wf/bold_ses_t3_task_image_run_2_wf/bold_confounds_wf/dvars".
250527-17:47:02,179 nipype.workflow INFO:
	 [Node] Executing "dvars" <nipype.algorithms.confounds.ComputeDVARS>
250527-17:47:04,497 nipype.workflow INFO:
	 [Node] Finished "_denoise0", elapsed time 38.623979s.
250527-17:47:05,422 nipype.workflow INFO:
	 [Node] Setting-up "fmriprep_25_0_wf.sub_GEO036_wf.bold_ses_t2_task_image_run_5_wf.bold_confounds_wf.tcc_metadata_filter" in "/work/fmriprep_25_0_wf/sub_GEO036_wf/bold_ses_t2_task_image_run_5_wf/bold_confounds_wf/tcc_metadata_filter".
250527-17:47:05,942 nipype.workflow INFO:
	 [Node] Executing "tcc_metadata_filter" <fmriprep.interfaces.confounds.FilterDropped>
250527-17:47:05,994 nipype.workflow INFO:
	 [Node] Finished "tcc_metadata_filter", elapsed time 0.050614s.
250527-17:47:07,399 nipype.workflow INFO:
	 [Node] Setting-up "fmriprep_25_0_wf.sub_GEO036_wf.bold_ses_t3_task_image_run_1_wf.bold_confounds_wf.tcc_metadata_filter" in "/work/fmriprep_25_0_wf/sub_GEO036_wf/bold_ses_t3_task_image_run_1_wf/bold_confounds_wf/tcc_metadata_filter".
250527-17:47:07,665 nipype.workflow INFO:
	 [Node] Executing "tcc_metadata_filter" <fmriprep.interfaces.confounds.FilterDropped>
250527-17:47:07,682 nipype.workflow INFO:
	 [Node] Setting-up "fmriprep_25_0_wf.sub_GEO036_wf.bold_ses_t2_task_image_run_5_wf.bold_confounds_wf.tcc_metadata_fmt" in "/work/fmriprep_25_0_wf/sub_GEO036_wf/bold_ses_t2_task_image_run_5_wf/bold_confounds_wf/tcc_metadata_fmt".
250527-17:47:07,703 nipype.workflow INFO:
	 [Node] Finished "tcc_metadata_filter", elapsed time 0.036944s.
250527-17:47:07,911 nipype.workflow INFO:
	 [Node] Executing "tcc_metadata_fmt" <niworkflows.interfaces.utility.TSV2JSON>
250527-17:47:07,916 nipype.workflow INFO:
	 [Node] Finished "tcc_metadata_fmt", elapsed time 0.004688s.
250527-17:47:09,683 nipype.workflow INFO:
	 [Node] Setting-up "fmriprep_25_0_wf.sub_GEO036_wf.bold_ses_t3_task_image_run_1_wf.bold_confounds_wf.tcc_metadata_fmt" in "/work/fmriprep_25_0_wf/sub_GEO036_wf/bold_ses_t3_task_image_run_1_wf/bold_confounds_wf/tcc_metadata_fmt".
250527-17:47:11,353 nipype.workflow INFO:
	 [Node] Executing "tcc_metadata_fmt" <niworkflows.interfaces.utility.TSV2JSON>
250527-17:47:11,360 nipype.workflow INFO:
	 [Node] Finished "tcc_metadata_fmt", elapsed time 0.005494s.
250527-17:47:13,674 nipype.workflow INFO:
	 [Node] Setting-up "_denoise1" in "/work/fmriprep_25_0_wf/sub_GEO036_wf/anat_fit_wf/anat_template_wf/denoise/mapflow/_denoise1".
250527-17:47:14,48 nipype.workflow INFO:
	 [Node] Executing "_denoise1" <nipype.interfaces.ants.segmentation.DenoiseImage>
250527-17:47:19,968 nipype.workflow INFO:
	 [Node] Finished "dvars", elapsed time 17.77794s.
250527-17:47:21,913 nipype.workflow INFO:
	 [Node] Setting-up "fmriprep_25_0_wf.sub_GEO036_wf.bold_ses_t3_task_image_run_2_wf.bold_confounds_wf.tcompcor" in "/work/fmriprep_25_0_wf/sub_GEO036_wf/bold_ses_t3_task_image_run_2_wf/bold_confounds_wf/tcompcor".
250527-17:47:23,260 nipype.workflow INFO:
	 [Node] Executing "tcompcor" <niworkflows.interfaces.patches.RobustTCompCor>
250527-17:47:34,3 nipype.workflow INFO:
	 [Node] Finished "tcompcor", elapsed time 10.732083s.
250527-17:47:35,712 nipype.workflow INFO:
	 [Node] Setting-up "fmriprep_25_0_wf.sub_GEO036_wf.bold_ses_t3_task_image_run_3_wf.bold_confounds_wf.dvars" in "/work/fmriprep_25_0_wf/sub_GEO036_wf/bold_ses_t3_task_image_run_3_wf/bold_confounds_wf/dvars".
250527-17:47:36,283 nipype.workflow INFO:
	 [Node] Executing "dvars" <nipype.algorithms.confounds.ComputeDVARS>
250527-17:47:52,887 nipype.workflow INFO:
	 [Node] Finished "_denoise1", elapsed time 38.837579s.
250527-17:47:53,53 nipype.workflow INFO:
	 [Node] Finished "dvars", elapsed time 16.769583s.
250527-17:47:53,734 nipype.workflow INFO:
	 [Node] Setting-up "fmriprep_25_0_wf.sub_GEO036_wf.bold_ses_t3_task_image_run_3_wf.bold_confounds_wf.tcompcor" in "/work/fmriprep_25_0_wf/sub_GEO036_wf/bold_ses_t3_task_image_run_3_wf/bold_confounds_wf/tcompcor".
250527-17:47:54,52 nipype.workflow INFO:
	 [Node] Setting-up "_denoise0" in "/work/fmriprep_25_0_wf/sub_GEO036_wf/anat_fit_wf/anat_template_wf/denoise/mapflow/_denoise0".
250527-17:47:54,64 nipype.workflow INFO:
	 [Node] Cached "_denoise0" - collecting precomputed outputs
250527-17:47:54,64 nipype.workflow INFO:
	 [Node] "_denoise0" found cached.
250527-17:47:54,65 nipype.workflow INFO:
	 [Node] Setting-up "_denoise1" in "/work/fmriprep_25_0_wf/sub_GEO036_wf/anat_fit_wf/anat_template_wf/denoise/mapflow/_denoise1".
250527-17:47:54,68 nipype.workflow INFO:
	 [Node] Cached "_denoise1" - collecting precomputed outputs
250527-17:47:54,68 nipype.workflow INFO:
	 [Node] "_denoise1" found cached.
250527-17:47:54,70 nipype.workflow INFO:
	 [Node] Executing "tcompcor" <niworkflows.interfaces.patches.RobustTCompCor>
250527-17:47:58,479 nipype.workflow INFO:
	 [Node] Setting-up "fmriprep_25_0_wf.sub_GEO036_wf.bold_ses_t3_task_image_run_2_wf.bold_confounds_wf.tcc_metadata_filter" in "/work/fmriprep_25_0_wf/sub_GEO036_wf/bold_ses_t3_task_image_run_2_wf/bold_confounds_wf/tcc_metadata_filter".
250527-17:47:59,83 nipype.workflow INFO:
	 [Node] Executing "tcc_metadata_filter" <fmriprep.interfaces.confounds.FilterDropped>
250527-17:47:59,142 nipype.workflow INFO:
	 [Node] Finished "tcc_metadata_filter", elapsed time 0.058472s.
250527-17:48:01,50 nipype.workflow INFO:
	 [Node] Setting-up "fmriprep_25_0_wf.sub_GEO036_wf.bold_ses_t3_task_image_run_2_wf.bold_confounds_wf.tcc_metadata_fmt" in "/work/fmriprep_25_0_wf/sub_GEO036_wf/bold_ses_t3_task_image_run_2_wf/bold_confounds_wf/tcc_metadata_fmt".
250527-17:48:01,51 nipype.workflow INFO:
	 [Node] Setting-up "_anat_conform0" in "/work/fmriprep_25_0_wf/sub_GEO036_wf/anat_fit_wf/anat_template_wf/anat_conform/mapflow/_anat_conform0".
250527-17:48:01,52 nipype.workflow INFO:
	 [Node] Setting-up "_anat_conform1" in "/work/fmriprep_25_0_wf/sub_GEO036_wf/anat_fit_wf/anat_template_wf/anat_conform/mapflow/_anat_conform1".
250527-17:48:01,477 nipype.workflow INFO:
	 [Node] Executing "tcc_metadata_fmt" <niworkflows.interfaces.utility.TSV2JSON>
250527-17:48:01,482 nipype.workflow INFO:
	 [Node] Finished "tcc_metadata_fmt", elapsed time 0.003958s.
250527-17:48:01,517 nipype.workflow INFO:
	 [Node] Executing "_anat_conform0" <niworkflows.interfaces.images.Conform>
250527-17:48:01,571 nipype.workflow INFO:
	 [Node] Executing "_anat_conform1" <niworkflows.interfaces.images.Conform>
250527-17:48:01,685 nipype.workflow INFO:
	 [Node] Finished "_anat_conform0", elapsed time 0.167129s.
250527-17:48:02,32 nipype.workflow INFO:
	 [Node] Finished "_anat_conform1", elapsed time 0.460091s.
250527-17:48:03,759 nipype.workflow INFO:
	 [Node] Setting-up "_anat_conform0" in "/work/fmriprep_25_0_wf/sub_GEO036_wf/anat_fit_wf/anat_template_wf/anat_conform/mapflow/_anat_conform0".
250527-17:48:03,764 nipype.workflow INFO:
	 [Node] Cached "_anat_conform0" - collecting precomputed outputs
250527-17:48:03,764 nipype.workflow INFO:
	 [Node] "_anat_conform0" found cached.
250527-17:48:03,764 nipype.workflow INFO:
	 [Node] Setting-up "_anat_conform1" in "/work/fmriprep_25_0_wf/sub_GEO036_wf/anat_fit_wf/anat_template_wf/anat_conform/mapflow/_anat_conform1".
250527-17:48:03,769 nipype.workflow INFO:
	 [Node] Cached "_anat_conform1" - collecting precomputed outputs
250527-17:48:03,769 nipype.workflow INFO:
	 [Node] "_anat_conform1" found cached.
250527-17:48:04,460 nipype.workflow INFO:
	 [Node] Finished "tcompcor", elapsed time 10.388702s.
250527-17:48:05,440 nipype.workflow INFO:
	 [Node] Setting-up "_denoise0" in "/work/fmriprep_25_0_wf/sub_GEO036_wf/anat_fit_wf/t2w_template_wf/denoise/mapflow/_denoise0".
250527-17:48:06,15 nipype.workflow INFO:
	 [Node] Executing "_denoise0" <nipype.interfaces.ants.segmentation.DenoiseImage>
250527-17:48:07,50 nipype.workflow INFO:
	 [Node] Setting-up "fmriprep_25_0_wf.sub_GEO036_wf.bold_ses_t3_task_image_run_4_wf.bold_confounds_wf.dvars" in "/work/fmriprep_25_0_wf/sub_GEO036_wf/bold_ses_t3_task_image_run_4_wf/bold_confounds_wf/dvars".
250527-17:48:07,873 nipype.workflow INFO:
	 [Node] Executing "dvars" <nipype.algorithms.confounds.ComputeDVARS>
250527-17:48:25,307 nipype.workflow INFO:
	 [Node] Finished "dvars", elapsed time 17.432586s.
250527-17:48:27,40 nipype.workflow INFO:
	 [Node] Setting-up "fmriprep_25_0_wf.sub_GEO036_wf.bold_ses_t3_task_image_run_4_wf.bold_confounds_wf.tcompcor" in "/work/fmriprep_25_0_wf/sub_GEO036_wf/bold_ses_t3_task_image_run_4_wf/bold_confounds_wf/tcompcor".
250527-17:48:27,434 nipype.workflow INFO:
	 [Node] Executing "tcompcor" <niworkflows.interfaces.patches.RobustTCompCor>
250527-17:48:37,642 nipype.workflow INFO:
	 [Node] Finished "tcompcor", elapsed time 10.206466s.
250527-17:48:39,289 nipype.workflow INFO:
	 [Node] Setting-up "fmriprep_25_0_wf.sub_GEO036_wf.bold_ses_t3_task_image_run_5_wf.bold_confounds_wf.dvars" in "/work/fmriprep_25_0_wf/sub_GEO036_wf/bold_ses_t3_task_image_run_5_wf/bold_confounds_wf/dvars".
250527-17:48:39,936 nipype.workflow INFO:
	 [Node] Executing "dvars" <nipype.algorithms.confounds.ComputeDVARS>
250527-17:48:56,805 nipype.workflow INFO:
	 [Node] Finished "dvars", elapsed time 16.867513s.
250527-17:48:59,72 nipype.workflow INFO:
	 [Node] Setting-up "fmriprep_25_0_wf.sub_GEO036_wf.bold_ses_t3_task_image_run_5_wf.bold_confounds_wf.tcompcor" in "/work/fmriprep_25_0_wf/sub_GEO036_wf/bold_ses_t3_task_image_run_5_wf/bold_confounds_wf/tcompcor".
250527-17:48:59,627 nipype.workflow INFO:
	 [Node] Executing "tcompcor" <niworkflows.interfaces.patches.RobustTCompCor>
250527-17:49:05,404 nipype.workflow INFO:
	 [Node] Finished "_denoise0", elapsed time 59.388003s.
250527-17:49:07,74 nipype.workflow INFO:
	 [Node] Setting-up "fmriprep_25_0_wf.sub_GEO036_wf.bold_ses_t3_task_image_run_3_wf.bold_confounds_wf.tcc_metadata_filter" in "/work/fmriprep_25_0_wf/sub_GEO036_wf/bold_ses_t3_task_image_run_3_wf/bold_confounds_wf/tcc_metadata_filter".
250527-17:49:07,535 nipype.workflow INFO:
	 [Node] Executing "tcc_metadata_filter" <fmriprep.interfaces.confounds.FilterDropped>
250527-17:49:07,723 nipype.workflow INFO:
	 [Node] Finished "tcc_metadata_filter", elapsed time 0.186578s.
250527-17:49:09,86 nipype.workflow INFO:
	 [Node] Setting-up "fmriprep_25_0_wf.sub_GEO036_wf.bold_ses_t3_task_image_run_4_wf.bold_confounds_wf.tcc_metadata_filter" in "/work/fmriprep_25_0_wf/sub_GEO036_wf/bold_ses_t3_task_image_run_4_wf/bold_confounds_wf/tcc_metadata_filter".
250527-17:49:09,778 nipype.workflow INFO:
	 [Node] Executing "tcc_metadata_filter" <fmriprep.interfaces.confounds.FilterDropped>
250527-17:49:09,931 nipype.workflow INFO:
	 [Node] Finished "tcc_metadata_filter", elapsed time 0.15232s.
250527-17:49:10,211 nipype.workflow INFO:
	 [Node] Finished "tcompcor", elapsed time 10.582589s.
250527-17:49:11,658 nipype.workflow INFO:
	 [Node] Setting-up "_n4_correct0" in "/work/fmriprep_25_0_wf/sub_GEO036_wf/anat_fit_wf/anat_template_wf/n4_correct/mapflow/_n4_correct0".
250527-17:49:11,659 nipype.workflow INFO:
	 [Node] Setting-up "_n4_correct1" in "/work/fmriprep_25_0_wf/sub_GEO036_wf/anat_fit_wf/anat_template_wf/n4_correct/mapflow/_n4_correct1".
250527-17:49:11,859 nipype.workflow INFO:
	 [Node] Setting-up "_anat_conform_xfm0" in "/work/fmriprep_25_0_wf/sub_GEO036_wf/anat_fit_wf/anat_template_wf/anat_conform_xfm/mapflow/_anat_conform_xfm0".
250527-17:49:11,860 nipype.workflow INFO:
	 [Node] Setting-up "_anat_conform_xfm1" in "/work/fmriprep_25_0_wf/sub_GEO036_wf/anat_fit_wf/anat_template_wf/anat_conform_xfm/mapflow/_anat_conform_xfm1".
250527-17:49:11,957 nipype.workflow INFO:
	 [Node] Setting-up "fmriprep_25_0_wf.sub_GEO036_wf.bold_ses_t3_task_retrans_run_1_wf.bold_confounds_wf.dvars" in "/work/fmriprep_25_0_wf/sub_GEO036_wf/bold_ses_t3_task_retrans_run_1_wf/bold_confounds_wf/dvars".
250527-17:49:11,958 nipype.workflow INFO:
	 [Node] Setting-up "fmriprep_25_0_wf.sub_GEO036_wf.bold_ses_t3_task_image_run_5_wf.bold_confounds_wf.tcc_metadata_filter" in "/work/fmriprep_25_0_wf/sub_GEO036_wf/bold_ses_t3_task_image_run_5_wf/bold_confounds_wf/tcc_metadata_filter".
250527-17:49:11,959 nipype.workflow INFO:
	 [Node] Setting-up "fmriprep_25_0_wf.sub_GEO036_wf.bold_ses_t3_task_image_run_3_wf.bold_confounds_wf.tcc_metadata_fmt" in "/work/fmriprep_25_0_wf/sub_GEO036_wf/bold_ses_t3_task_image_run_3_wf/bold_confounds_wf/tcc_metadata_fmt".
250527-17:49:11,965 nipype.workflow INFO:
	 [Node] Setting-up "fmriprep_25_0_wf.sub_GEO036_wf.bold_ses_t3_task_image_run_4_wf.bold_confounds_wf.tcc_metadata_fmt" in "/work/fmriprep_25_0_wf/sub_GEO036_wf/bold_ses_t3_task_image_run_4_wf/bold_confounds_wf/tcc_metadata_fmt".
250527-17:49:12,503 nipype.workflow INFO:
	 [Node] Executing "_n4_correct1" <nipype.interfaces.ants.segmentation.N4BiasFieldCorrection>
250527-17:49:12,517 nipype.workflow INFO:
	 [Node] Executing "tcc_metadata_fmt" <niworkflows.interfaces.utility.TSV2JSON>
250527-17:49:12,523 nipype.workflow INFO:
	 [Node] Finished "tcc_metadata_fmt", elapsed time 0.005031s.
250527-17:49:12,524 nipype.workflow INFO:
	 [Node] Executing "_anat_conform_xfm0" <niworkflows.interfaces.freesurfer.PatchedLTAConvert>
250527-17:49:12,529 nipype.workflow INFO:
	 [Node] Executing "tcc_metadata_filter" <fmriprep.interfaces.confounds.FilterDropped>
250527-17:49:12,763 nipype.workflow INFO:
	 [Node] Executing "_n4_correct0" <nipype.interfaces.ants.segmentation.N4BiasFieldCorrection>
250527-17:49:13,94 nipype.workflow INFO:
	 [Node] Finished "tcc_metadata_filter", elapsed time 0.563324s.
250527-17:49:13,159 nipype.workflow INFO:
	 [Node] Executing "_anat_conform_xfm1" <niworkflows.interfaces.freesurfer.PatchedLTAConvert>
250527-17:49:13,163 nipype.workflow INFO:
	 [Node] Executing "tcc_metadata_fmt" <niworkflows.interfaces.utility.TSV2JSON>
250527-17:49:13,171 nipype.workflow INFO:
	 [Node] Finished "tcc_metadata_fmt", elapsed time 0.006618s.
250527-17:49:13,179 nipype.workflow INFO:
	 [Node] Executing "dvars" <nipype.algorithms.confounds.ComputeDVARS>
250527-17:49:13,441 nipype.workflow INFO:
	 [Node] Finished "_anat_conform_xfm0", elapsed time 0.91583s.
250527-17:49:13,533 nipype.workflow INFO:
	 [Node] Finished "_anat_conform_xfm1", elapsed time 0.372793s.
250527-17:49:13,961 nipype.workflow INFO:
	 [Node] Setting-up "fmriprep_25_0_wf.sub_GEO036_wf.bold_ses_t3_task_image_run_5_wf.bold_confounds_wf.tcc_metadata_fmt" in "/work/fmriprep_25_0_wf/sub_GEO036_wf/bold_ses_t3_task_image_run_5_wf/bold_confounds_wf/tcc_metadata_fmt".
250527-17:49:14,551 nipype.workflow INFO:
	 [Node] Executing "tcc_metadata_fmt" <niworkflows.interfaces.utility.TSV2JSON>
250527-17:49:14,556 nipype.workflow INFO:
	 [Node] Finished "tcc_metadata_fmt", elapsed time 0.004137s.
250527-17:49:16,413 nipype.workflow INFO:
	 [Node] Setting-up "_anat_conform_xfm0" in "/work/fmriprep_25_0_wf/sub_GEO036_wf/anat_fit_wf/anat_template_wf/anat_conform_xfm/mapflow/_anat_conform_xfm0".
250527-17:49:16,417 nipype.workflow INFO:
	 [Node] Cached "_anat_conform_xfm0" - collecting precomputed outputs
250527-17:49:16,417 nipype.workflow INFO:
	 [Node] "_anat_conform_xfm0" found cached.
250527-17:49:16,418 nipype.workflow INFO:
	 [Node] Setting-up "_anat_conform_xfm1" in "/work/fmriprep_25_0_wf/sub_GEO036_wf/anat_fit_wf/anat_template_wf/anat_conform_xfm/mapflow/_anat_conform_xfm1".
250527-17:49:16,421 nipype.workflow INFO:
	 [Node] Cached "_anat_conform_xfm1" - collecting precomputed outputs
250527-17:49:16,421 nipype.workflow INFO:
	 [Node] "_anat_conform_xfm1" found cached.
250527-17:49:30,792 nipype.workflow INFO:
	 [Node] Finished "dvars", elapsed time 17.611964s.
250527-17:49:31,932 nipype.workflow INFO:
	 [Node] Setting-up "fmriprep_25_0_wf.sub_GEO036_wf.bold_ses_t3_task_retrans_run_1_wf.bold_confounds_wf.tcompcor" in "/work/fmriprep_25_0_wf/sub_GEO036_wf/bold_ses_t3_task_retrans_run_1_wf/bold_confounds_wf/tcompcor".
250527-17:49:32,549 nipype.workflow INFO:
	 [Node] Executing "tcompcor" <niworkflows.interfaces.patches.RobustTCompCor>
250527-17:49:44,360 nipype.workflow INFO:
	 [Node] Finished "tcompcor", elapsed time 11.810021s.
250527-17:49:44,809 nipype.workflow INFO:
	 [Node] Setting-up "fmriprep_25_0_wf.sub_GEO036_wf.bold_ses_t3_task_retrans_run_1_wf.bold_confounds_wf.tcc_metadata_filter" in "/work/fmriprep_25_0_wf/sub_GEO036_wf/bold_ses_t3_task_retrans_run_1_wf/bold_confounds_wf/tcc_metadata_filter".
250527-17:49:45,222 nipype.workflow INFO:
	 [Node] Executing "tcc_metadata_filter" <fmriprep.interfaces.confounds.FilterDropped>
250527-17:49:45,268 nipype.workflow INFO:
	 [Node] Finished "tcc_metadata_filter", elapsed time 0.045095s.
250527-17:49:46,818 nipype.workflow INFO:
	 [Node] Setting-up "fmriprep_25_0_wf.sub_GEO036_wf.bold_ses_t3_task_retrans_run_1_wf.bold_confounds_wf.tcc_metadata_fmt" in "/work/fmriprep_25_0_wf/sub_GEO036_wf/bold_ses_t3_task_retrans_run_1_wf/bold_confounds_wf/tcc_metadata_fmt".
250527-17:49:48,64 nipype.workflow INFO:
	 [Node] Executing "tcc_metadata_fmt" <niworkflows.interfaces.utility.TSV2JSON>
250527-17:49:48,69 nipype.workflow INFO:
	 [Node] Finished "tcc_metadata_fmt", elapsed time 0.004937s.
250527-17:50:13,598 nipype.workflow INFO:
	 [Node] Finished "_n4_correct1", elapsed time 61.093551s.
250527-17:50:13,641 nipype.workflow INFO:
	 [Node] Finished "_n4_correct0", elapsed time 60.876667s.
250527-17:50:14,849 nipype.workflow INFO:
	 [Node] Setting-up "_denoise1" in "/work/fmriprep_25_0_wf/sub_GEO036_wf/anat_fit_wf/t2w_template_wf/denoise/mapflow/_denoise1".
250527-17:50:15,134 nipype.workflow INFO:
	 [Node] Setting-up "_n4_correct0" in "/work/fmriprep_25_0_wf/sub_GEO036_wf/anat_fit_wf/anat_template_wf/n4_correct/mapflow/_n4_correct0".
250527-17:50:15,138 nipype.workflow INFO:
	 [Node] Cached "_n4_correct0" - collecting precomputed outputs
250527-17:50:15,138 nipype.workflow INFO:
	 [Node] "_n4_correct0" found cached.
250527-17:50:15,138 nipype.workflow INFO:
	 [Node] Setting-up "_n4_correct1" in "/work/fmriprep_25_0_wf/sub_GEO036_wf/anat_fit_wf/anat_template_wf/n4_correct/mapflow/_n4_correct1".
250527-17:50:15,145 nipype.workflow INFO:
	 [Node] Cached "_n4_correct1" - collecting precomputed outputs
250527-17:50:15,145 nipype.workflow INFO:
	 [Node] "_n4_correct1" found cached.
250527-17:50:15,250 nipype.workflow INFO:
	 [Node] Executing "_denoise1" <nipype.interfaces.ants.segmentation.DenoiseImage>
250527-17:50:16,852 nipype.workflow INFO:
	 [Node] Setting-up "fmriprep_25_0_wf.sub_GEO036_wf.anat_fit_wf.anat_template_wf.anat_merge" in "/work/fmriprep_25_0_wf/sub_GEO036_wf/anat_fit_wf/anat_template_wf/anat_merge".
250527-17:50:17,418 nipype.workflow INFO:
	 [Node] Executing "anat_merge" <niworkflows.interfaces.freesurfer.StructuralReference>
250527-17:50:58,841 nipype.workflow INFO:
	 [Node] Finished "anat_merge", elapsed time 41.407804s.
250527-17:51:00,887 nipype.workflow INFO:
	 [Node] Setting-up "fmriprep_25_0_wf.sub_GEO036_wf.anat_fit_wf.anat_template_wf.anat_reorient" in "/work/fmriprep_25_0_wf/sub_GEO036_wf/anat_fit_wf/anat_template_wf/anat_reorient".
250527-17:51:01,429 nipype.workflow INFO:
	 [Node] Executing "anat_reorient" <nipype.interfaces.image.Reorient>
250527-17:51:01,575 nipype.workflow INFO:
	 [Node] Finished "anat_reorient", elapsed time 0.144543s.
250527-17:51:08,114 nipype.workflow INFO:
	 [Node] Setting-up "_truncate_images0" in "/work/fmriprep_25_0_wf/sub_GEO036_wf/anat_fit_wf/brain_extraction_wf/truncate_images/mapflow/_truncate_images0".
250527-17:51:08,669 nipype.workflow INFO:
	 [Node] Executing "_truncate_images0" <nipype.interfaces.ants.utils.ImageMath>
250527-17:51:14,648 nipype.workflow INFO:
	 [Node] Finished "_truncate_images0", elapsed time 5.97765s.
250527-17:51:15,301 nipype.workflow INFO:
	 [Node] Finished "_denoise1", elapsed time 60.050723s.
250527-17:51:17,76 nipype.workflow INFO:
	 [Node] Setting-up "fmriprep_25_0_wf.sub_GEO036_wf.anat_fit_wf.surface_recon_wf.recon_config" in "/work/fmriprep_25_0_wf/sub_GEO036_wf/anat_fit_wf/surface_recon_wf/recon_config".
250527-17:51:17,457 nipype.workflow INFO:
	 [Node] Setting-up "_denoise0" in "/work/fmriprep_25_0_wf/sub_GEO036_wf/anat_fit_wf/t2w_template_wf/denoise/mapflow/_denoise0".
250527-17:51:17,468 nipype.workflow INFO:
	 [Node] Cached "_denoise0" - collecting precomputed outputs
250527-17:51:17,468 nipype.workflow INFO:
	 [Node] "_denoise0" found cached.
250527-17:51:17,469 nipype.workflow INFO:
	 [Node] Setting-up "_denoise1" in "/work/fmriprep_25_0_wf/sub_GEO036_wf/anat_fit_wf/t2w_template_wf/denoise/mapflow/_denoise1".
250527-17:51:17,476 nipype.workflow INFO:
	 [Node] Cached "_denoise1" - collecting precomputed outputs
250527-17:51:17,476 nipype.workflow INFO:
	 [Node] "_denoise1" found cached.
250527-17:51:18,103 nipype.workflow INFO:
	 [Node] Executing "recon_config" <niworkflows.interfaces.freesurfer.FSDetectInputs>
250527-17:51:18,223 nipype.workflow INFO:
	 [Node] Finished "recon_config", elapsed time 0.118713s.
250527-17:51:19,72 nipype.workflow INFO:
	 [Node] Setting-up "fmriprep_25_0_wf.sub_GEO036_wf.anat_fit_wf.surface_recon_wf.fov_check" in "/work/fmriprep_25_0_wf/sub_GEO036_wf/anat_fit_wf/surface_recon_wf/fov_check".
250527-17:51:19,731 nipype.workflow INFO:
	 [Node] Setting-up "_inu_n40" in "/work/fmriprep_25_0_wf/sub_GEO036_wf/anat_fit_wf/brain_extraction_wf/inu_n4/mapflow/_inu_n40".
250527-17:51:19,752 nipype.workflow INFO:
	 [Node] Executing "fov_check" <nipype.interfaces.utility.wrappers.Function>
250527-17:51:20,133 nipype.workflow INFO:
	 [Node] Finished "fov_check", elapsed time 0.379472s.
250527-17:51:20,688 nipype.workflow INFO:
	 [Node] Executing "_inu_n40" <nipype.interfaces.ants.segmentation.N4BiasFieldCorrection>
250527-17:51:23,683 nipype.workflow INFO:
	 [Node] Setting-up "_anat_conform0" in "/work/fmriprep_25_0_wf/sub_GEO036_wf/anat_fit_wf/t2w_template_wf/anat_conform/mapflow/_anat_conform0".
250527-17:51:24,217 nipype.workflow INFO:
	 [Node] Executing "_anat_conform0" <niworkflows.interfaces.images.Conform>
250527-17:51:24,416 nipype.workflow INFO:
	 [Node] Finished "_anat_conform0", elapsed time 0.198472s.
250527-17:51:26,938 nipype.workflow INFO:
	 [Node] Setting-up "_anat_conform1" in "/work/fmriprep_25_0_wf/sub_GEO036_wf/anat_fit_wf/t2w_template_wf/anat_conform/mapflow/_anat_conform1".
250527-17:51:27,274 nipype.workflow INFO:
	 [Node] Executing "_anat_conform1" <niworkflows.interfaces.images.Conform>
250527-17:51:27,394 nipype.workflow INFO:
	 [Node] Finished "_anat_conform1", elapsed time 0.119169s.
250527-17:51:28,581 nipype.workflow INFO:
	 [Node] Setting-up "_anat_conform0" in "/work/fmriprep_25_0_wf/sub_GEO036_wf/anat_fit_wf/t2w_template_wf/anat_conform/mapflow/_anat_conform0".
250527-17:51:28,588 nipype.workflow INFO:
	 [Node] Cached "_anat_conform0" - collecting precomputed outputs
250527-17:51:28,588 nipype.workflow INFO:
	 [Node] "_anat_conform0" found cached.
250527-17:51:28,588 nipype.workflow INFO:
	 [Node] Setting-up "_anat_conform1" in "/work/fmriprep_25_0_wf/sub_GEO036_wf/anat_fit_wf/t2w_template_wf/anat_conform/mapflow/_anat_conform1".
250527-17:51:28,592 nipype.workflow INFO:
	 [Node] Cached "_anat_conform1" - collecting precomputed outputs
250527-17:51:28,592 nipype.workflow INFO:
	 [Node] "_anat_conform1" found cached.
250527-17:51:36,400 nipype.workflow INFO:
	 [Node] Finished "_inu_n40", elapsed time 15.711331s.
250527-17:51:41,80 nipype.workflow INFO:
	 [Node] Setting-up "_anat_conform_xfm0" in "/work/fmriprep_25_0_wf/sub_GEO036_wf/anat_fit_wf/t2w_template_wf/anat_conform_xfm/mapflow/_anat_conform_xfm0".
250527-17:51:41,365 nipype.workflow INFO:
	 [Node] Setting-up "fmriprep_25_0_wf.sub_GEO036_wf.anat_fit_wf.surface_recon_wf.autorecon1" in "/work/fmriprep_25_0_wf/sub_GEO036_wf/anat_fit_wf/surface_recon_wf/autorecon1".
250527-17:51:41,818 nipype.workflow INFO:
	 [Node] Executing "_anat_conform_xfm0" <niworkflows.interfaces.freesurfer.PatchedLTAConvert>
250527-17:51:41,902 nipype.workflow INFO:
	 [Node] Executing "autorecon1" <smriprep.interfaces.freesurfer.ReconAll>
250527-17:51:42,31 nipype.workflow INFO:
	 [Node] Finished "_anat_conform_xfm0", elapsed time 0.21291s.
250527-17:51:43,358 nipype.workflow INFO:
	 [Node] Setting-up "fmriprep_25_0_wf.sub_GEO036_wf.anat_fit_wf.brain_extraction_wf.res_target" in "/work/fmriprep_25_0_wf/sub_GEO036_wf/anat_fit_wf/brain_extraction_wf/res_target".
250527-17:51:43,745 nipype.workflow INFO:
	 [Node] Executing "res_target" <niworkflows.interfaces.nibabel.RegridToZooms>
250527-17:51:44,819 nipype.workflow INFO:
	 [Node] Finished "res_target", elapsed time 1.07273s.
250527-17:51:45,376 nipype.workflow INFO:
	 [Node] Setting-up "fmriprep_25_0_wf.sub_GEO036_wf.anat_fit_wf.brain_extraction_wf.lap_target" in "/work/fmriprep_25_0_wf/sub_GEO036_wf/anat_fit_wf/brain_extraction_wf/lap_target".
250527-17:51:45,835 nipype.workflow INFO:
	 [Node] Executing "lap_target" <nipype.interfaces.ants.utils.ImageMath>
250527-17:51:52,940 nipype.workflow INFO:
	 [Node] Finished "lap_target", elapsed time 7.104367s.
250527-17:51:55,357 nipype.workflow INFO:
	 [Node] Setting-up "fmriprep_25_0_wf.sub_GEO036_wf.anat_fit_wf.brain_extraction_wf.mrg_target" in "/work/fmriprep_25_0_wf/sub_GEO036_wf/anat_fit_wf/brain_extraction_wf/mrg_target".
250527-17:51:55,696 nipype.workflow INFO:
	 [Node] Executing "mrg_target" <nipype.interfaces.utility.base.Merge>
250527-17:51:55,697 nipype.workflow INFO:
	 [Node] Finished "mrg_target", elapsed time 0.000394s.
250527-17:51:57,413 nipype.workflow INFO:
	 [Node] Setting-up "_anat_conform_xfm1" in "/work/fmriprep_25_0_wf/sub_GEO036_wf/anat_fit_wf/t2w_template_wf/anat_conform_xfm/mapflow/_anat_conform_xfm1".
250527-17:51:57,865 nipype.workflow INFO:
	 [Node] Executing "_anat_conform_xfm1" <niworkflows.interfaces.freesurfer.PatchedLTAConvert>
250527-17:51:58,220 nipype.workflow INFO:
	 [Node] Finished "_anat_conform_xfm1", elapsed time 0.353593s.
250527-17:51:59,649 nipype.workflow INFO:
	 [Node] Setting-up "_anat_conform_xfm0" in "/work/fmriprep_25_0_wf/sub_GEO036_wf/anat_fit_wf/t2w_template_wf/anat_conform_xfm/mapflow/_anat_conform_xfm0".
250527-17:51:59,653 nipype.workflow INFO:
	 [Node] Cached "_anat_conform_xfm0" - collecting precomputed outputs
250527-17:51:59,653 nipype.workflow INFO:
	 [Node] "_anat_conform_xfm0" found cached.
250527-17:51:59,654 nipype.workflow INFO:
	 [Node] Setting-up "_anat_conform_xfm1" in "/work/fmriprep_25_0_wf/sub_GEO036_wf/anat_fit_wf/t2w_template_wf/anat_conform_xfm/mapflow/_anat_conform_xfm1".
250527-17:51:59,658 nipype.workflow INFO:
	 [Node] Cached "_anat_conform_xfm1" - collecting precomputed outputs
250527-17:51:59,658 nipype.workflow INFO:
	 [Node] "_anat_conform_xfm1" found cached.
250527-17:52:01,376 nipype.workflow INFO:
	 [Node] Setting-up "_n4_correct0" in "/work/fmriprep_25_0_wf/sub_GEO036_wf/anat_fit_wf/t2w_template_wf/n4_correct/mapflow/_n4_correct0".
250527-17:52:01,891 nipype.workflow INFO:
	 [Node] Executing "_n4_correct0" <nipype.interfaces.ants.segmentation.N4BiasFieldCorrection>
250527-17:53:28,279 nipype.workflow INFO:
	 [Node] Finished "_n4_correct0", elapsed time 86.386174s.
250527-17:53:29,456 nipype.workflow INFO:
	 [Node] Setting-up "_n4_correct1" in "/work/fmriprep_25_0_wf/sub_GEO036_wf/anat_fit_wf/t2w_template_wf/n4_correct/mapflow/_n4_correct1".
250527-17:53:30,276 nipype.workflow INFO:
	 [Node] Executing "_n4_correct1" <nipype.interfaces.ants.segmentation.N4BiasFieldCorrection>
250527-17:54:57,126 nipype.workflow INFO:
	 [Node] Finished "_n4_correct1", elapsed time 86.847316s.
250527-17:54:59,897 nipype.workflow INFO:
	 [Node] Setting-up "_n4_correct0" in "/work/fmriprep_25_0_wf/sub_GEO036_wf/anat_fit_wf/t2w_template_wf/n4_correct/mapflow/_n4_correct0".
250527-17:54:59,920 nipype.workflow INFO:
	 [Node] Cached "_n4_correct0" - collecting precomputed outputs
250527-17:54:59,920 nipype.workflow INFO:
	 [Node] "_n4_correct0" found cached.
250527-17:54:59,921 nipype.workflow INFO:
	 [Node] Setting-up "_n4_correct1" in "/work/fmriprep_25_0_wf/sub_GEO036_wf/anat_fit_wf/t2w_template_wf/n4_correct/mapflow/_n4_correct1".
250527-17:54:59,925 nipype.workflow INFO:
	 [Node] Cached "_n4_correct1" - collecting precomputed outputs
250527-17:54:59,925 nipype.workflow INFO:
	 [Node] "_n4_correct1" found cached.
250527-17:55:01,419 nipype.workflow INFO:
	 [Node] Setting-up "fmriprep_25_0_wf.sub_GEO036_wf.anat_fit_wf.t2w_template_wf.anat_merge" in "/work/fmriprep_25_0_wf/sub_GEO036_wf/anat_fit_wf/t2w_template_wf/anat_merge".
250527-17:55:01,930 nipype.workflow INFO:
	 [Node] Executing "anat_merge" <niworkflows.interfaces.freesurfer.StructuralReference>
250527-17:56:03,161 nipype.workflow INFO:
	 [Node] Finished "anat_merge", elapsed time 61.22955s.
250527-17:56:05,387 nipype.workflow INFO:
	 [Node] Setting-up "fmriprep_25_0_wf.sub_GEO036_wf.anat_fit_wf.t2w_template_wf.anat_reorient" in "/work/fmriprep_25_0_wf/sub_GEO036_wf/anat_fit_wf/t2w_template_wf/anat_reorient".
250527-17:56:06,44 nipype.workflow INFO:
	 [Node] Executing "anat_reorient" <nipype.interfaces.image.Reorient>
250527-17:56:06,233 nipype.workflow INFO:
	 [Node] Finished "anat_reorient", elapsed time 0.188563s.
250527-17:58:29,29 nipype.workflow INFO:
	 [Node] Finished "autorecon1", elapsed time 407.119742s.
250527-17:58:31,794 nipype.workflow INFO:
	 [Node] Setting-up "fmriprep_25_0_wf.sub_GEO036_wf.anat_fit_wf.surface_recon_wf.fsnative2t1w_xfm" in "/work/fmriprep_25_0_wf/sub_GEO036_wf/anat_fit_wf/surface_recon_wf/fsnative2t1w_xfm".
250527-17:58:31,817 nipype.workflow INFO:
	 [Node] Setting-up "fmriprep_25_0_wf.sub_GEO036_wf.anat_fit_wf.brain_extraction_wf.init_aff" in "/work/fmriprep_25_0_wf/sub_GEO036_wf/anat_fit_wf/brain_extraction_wf/init_aff".
250527-17:58:32,467 nipype.workflow INFO:
	 [Node] Executing "fsnative2t1w_xfm" <niworkflows.interfaces.freesurfer.PatchedRobustRegister>
250527-17:58:32,647 nipype.workflow INFO:
	 [Node] Executing "init_aff" <nipype.interfaces.ants.utils.AI>
250527-17:58:48,141 nipype.workflow INFO:
	 [Node] Finished "init_aff", elapsed time 15.492669s.
250527-17:58:49,808 nipype.workflow INFO:
	 [Node] Setting-up "fmriprep_25_0_wf.sub_GEO036_wf.anat_fit_wf.brain_extraction_wf.norm" in "/work/fmriprep_25_0_wf/sub_GEO036_wf/anat_fit_wf/brain_extraction_wf/norm".
250527-17:58:50,762 nipype.workflow INFO:
	 [Node] Executing "norm" <niworkflows.interfaces.fixes.FixHeaderRegistration>
250527-17:58:59,451 nipype.workflow INFO:
	 [Node] Finished "fsnative2t1w_xfm", elapsed time 26.982113s.
250527-18:04:05,81 nipype.workflow INFO:
	 [Node] Finished "norm", elapsed time 314.317801s.
250527-18:04:05,954 nipype.workflow INFO:
	 [Node] Setting-up "fmriprep_25_0_wf.sub_GEO036_wf.anat_fit_wf.brain_extraction_wf.map_brainmask" in "/work/fmriprep_25_0_wf/sub_GEO036_wf/anat_fit_wf/brain_extraction_wf/map_brainmask".
250527-18:04:05,954 nipype.workflow INFO:
	 [Node] Setting-up "fmriprep_25_0_wf.sub_GEO036_wf.anat_fit_wf.brain_extraction_wf.map_wmmask" in "/work/fmriprep_25_0_wf/sub_GEO036_wf/anat_fit_wf/brain_extraction_wf/map_wmmask".
250527-18:04:06,981 nipype.workflow INFO:
	 [Node] Executing "map_wmmask" <niworkflows.interfaces.fixes.FixHeaderApplyTransforms>
250527-18:04:07,68 nipype.workflow INFO:
	 [Node] Executing "map_brainmask" <niworkflows.interfaces.fixes.FixHeaderApplyTransforms>
250527-18:04:19,609 nipype.workflow INFO:
	 [Node] Finished "map_brainmask", elapsed time 12.539996s.
250527-18:04:20,582 nipype.workflow INFO:
	 [Node] Finished "map_wmmask", elapsed time 13.600746000000001s.
250527-18:04:21,947 nipype.workflow INFO:
	 [Node] Setting-up "fmriprep_25_0_wf.sub_GEO036_wf.anat_fit_wf.brain_extraction_wf.thr_brainmask" in "/work/fmriprep_25_0_wf/sub_GEO036_wf/anat_fit_wf/brain_extraction_wf/thr_brainmask".
250527-18:04:22,889 nipype.workflow INFO:
	 [Node] Executing "thr_brainmask" <nipype.interfaces.ants.utils.ThresholdImage>
250527-18:04:22,942 nipype.workflow INFO:
	 [Node] Setting-up "_inu_n4_final0" in "/work/fmriprep_25_0_wf/sub_GEO036_wf/anat_fit_wf/brain_extraction_wf/inu_n4_final/mapflow/_inu_n4_final0".
250527-18:04:23,866 nipype.workflow INFO:
	 [Node] Executing "_inu_n4_final0" <nipype.interfaces.ants.segmentation.N4BiasFieldCorrection>
250527-18:04:23,871 nipype.workflow INFO:
	 [Node] Finished "thr_brainmask", elapsed time 0.98156s.
250527-18:04:26,28 nipype.workflow INFO:
	 [Node] Setting-up "fmriprep_25_0_wf.sub_GEO036_wf.anat_fit_wf.brain_extraction_wf.atropos_wf.dil_brainmask" in "/work/fmriprep_25_0_wf/sub_GEO036_wf/anat_fit_wf/brain_extraction_wf/atropos_wf/dil_brainmask".
250527-18:04:26,647 nipype.workflow INFO:
	 [Node] Executing "dil_brainmask" <nipype.interfaces.ants.utils.ImageMath>
250527-18:04:27,661 nipype.workflow INFO:
	 [Node] Finished "dil_brainmask", elapsed time 1.01263s.
250527-18:04:29,965 nipype.workflow INFO:
	 [Node] Setting-up "fmriprep_25_0_wf.sub_GEO036_wf.anat_fit_wf.brain_extraction_wf.atropos_wf.03_pad_mask" in "/work/fmriprep_25_0_wf/sub_GEO036_wf/anat_fit_wf/brain_extraction_wf/atropos_wf/03_pad_mask".
250527-18:04:30,836 nipype.workflow INFO:
	 [Node] Executing "03_pad_mask" <nipype.interfaces.ants.utils.ImageMath>
250527-18:04:31,586 nipype.workflow INFO:
	 [Node] Finished "03_pad_mask", elapsed time 0.748564s.
250527-18:04:33,954 nipype.workflow INFO:
	 [Node] Setting-up "fmriprep_25_0_wf.sub_GEO036_wf.anat_fit_wf.brain_extraction_wf.atropos_wf.get_brainmask" in "/work/fmriprep_25_0_wf/sub_GEO036_wf/anat_fit_wf/brain_extraction_wf/atropos_wf/get_brainmask".
250527-18:04:34,923 nipype.workflow INFO:
	 [Node] Executing "get_brainmask" <nipype.interfaces.ants.utils.ImageMath>
250527-18:04:35,976 nipype.workflow INFO:
	 [Node] Finished "get_brainmask", elapsed time 1.051177s.
250527-18:04:37,663 nipype.workflow INFO:
	 [Node] Finished "_inu_n4_final0", elapsed time 13.795086s.
250527-18:04:39,972 nipype.workflow INFO:
	 [Node] Setting-up "fmriprep_25_0_wf.sub_GEO036_wf.anat_fit_wf.brain_extraction_wf.atropos_wf.01_atropos" in "/work/fmriprep_25_0_wf/sub_GEO036_wf/anat_fit_wf/brain_extraction_wf/atropos_wf/01_atropos".
250527-18:04:40,910 nipype.workflow INFO:
	 [Node] Executing "01_atropos" <nipype.interfaces.ants.segmentation.Atropos>
250527-18:04:41,44 nipype.workflow INFO:
	 [Node] Setting-up "_apply_mask0" in "/work/fmriprep_25_0_wf/sub_GEO036_wf/anat_fit_wf/brain_extraction_wf/apply_mask/mapflow/_apply_mask0".
250527-18:04:41,698 nipype.workflow INFO:
	 [Node] Executing "_apply_mask0" <niworkflows.interfaces.nibabel.ApplyMask>
250527-18:04:42,472 nipype.workflow INFO:
	 [Node] Finished "_apply_mask0", elapsed time 0.772036s.
250527-18:04:59,559 nipype.workflow INFO:
	 [Node] Finished "01_atropos", elapsed time 18.647889s.
250527-18:05:02,12 nipype.workflow INFO:
	 [Node] Setting-up "fmriprep_25_0_wf.sub_GEO036_wf.anat_fit_wf.brain_extraction_wf.atropos_wf.02_pad_segm" in "/work/fmriprep_25_0_wf/sub_GEO036_wf/anat_fit_wf/brain_extraction_wf/atropos_wf/02_pad_segm".
250527-18:05:02,653 nipype.workflow INFO:
	 [Node] Executing "02_pad_segm" <nipype.interfaces.ants.utils.ImageMath>
250527-18:05:03,458 nipype.workflow INFO:
	 [Node] Finished "02_pad_segm", elapsed time 0.802336s.
250527-18:05:07,686 nipype.workflow INFO:
	 [Node] Setting-up "fmriprep_25_0_wf.sub_GEO036_wf.anat_fit_wf.brain_extraction_wf.atropos_wf.04_sel_labels" in "/work/fmriprep_25_0_wf/sub_GEO036_wf/anat_fit_wf/brain_extraction_wf/atropos_wf/04_sel_labels".
250527-18:05:08,652 nipype.workflow INFO:
	 [Node] Executing "04_sel_labels" <nipype.interfaces.utility.wrappers.Function>
250527-18:05:09,240 nipype.workflow INFO:
	 [Node] Finished "04_sel_labels", elapsed time 0.587337s.
250527-18:05:12,206 nipype.workflow INFO:
	 [Node] Setting-up "fmriprep_25_0_wf.sub_GEO036_wf.anat_fit_wf.brain_extraction_wf.atropos_wf.05_get_wm" in "/work/fmriprep_25_0_wf/sub_GEO036_wf/anat_fit_wf/brain_extraction_wf/atropos_wf/05_get_wm".
250527-18:05:12,207 nipype.workflow INFO:
	 [Node] Setting-up "fmriprep_25_0_wf.sub_GEO036_wf.anat_fit_wf.brain_extraction_wf.atropos_wf.06_get_gm" in "/work/fmriprep_25_0_wf/sub_GEO036_wf/anat_fit_wf/brain_extraction_wf/atropos_wf/06_get_gm".
250527-18:05:12,208 nipype.workflow INFO:
	 [Node] Setting-up "fmriprep_25_0_wf.sub_GEO036_wf.anat_fit_wf.brain_extraction_wf.atropos_wf.10_me_csf" in "/work/fmriprep_25_0_wf/sub_GEO036_wf/anat_fit_wf/brain_extraction_wf/atropos_wf/10_me_csf".
250527-18:05:12,208 nipype.workflow INFO:
	 [Node] Setting-up "fmriprep_25_0_wf.sub_GEO036_wf.anat_fit_wf.brain_extraction_wf.atropos_wf.27_depad_csf" in "/work/fmriprep_25_0_wf/sub_GEO036_wf/anat_fit_wf/brain_extraction_wf/atropos_wf/27_depad_csf".
250527-18:05:12,209 nipype.workflow INFO:
	 [Node] Setting-up "fmriprep_25_0_wf.sub_GEO036_wf.anat_fit_wf.brain_extraction_wf.atropos_wf.apply_wm_prior" in "/work/fmriprep_25_0_wf/sub_GEO036_wf/anat_fit_wf/brain_extraction_wf/atropos_wf/apply_wm_prior".
250527-18:05:12,701 nipype.workflow INFO:
	 [Node] Executing "05_get_wm" <nipype.interfaces.ants.utils.ImageMath>
250527-18:05:12,996 nipype.workflow INFO:
	 [Node] Executing "06_get_gm" <nipype.interfaces.ants.utils.ImageMath>
250527-18:05:13,127 nipype.workflow INFO:
	 [Node] Executing "10_me_csf" <nipype.interfaces.ants.utils.ImageMath>
250527-18:05:13,205 nipype.workflow INFO:
	 [Node] Executing "apply_wm_prior" <nipype.interfaces.utility.wrappers.Function>
250527-18:05:13,256 nipype.workflow INFO:
	 [Node] Executing "27_depad_csf" <nipype.interfaces.ants.utils.ImageMath>
250527-18:05:13,820 nipype.workflow INFO:
	 [Node] Finished "27_depad_csf", elapsed time 0.560321s.
250527-18:05:13,919 nipype.workflow INFO:
	 [Node] Finished "05_get_wm", elapsed time 1.215335s.
250527-18:05:13,948 nipype.workflow INFO:
	 [Node] Finished "apply_wm_prior", elapsed time 0.741977s.
250527-18:05:14,198 nipype.workflow INFO:
	 [Node] Finished "06_get_gm", elapsed time 1.200204s.
250527-18:05:15,549 nipype.workflow INFO:
	 [Node] Finished "10_me_csf", elapsed time 2.420714s.
250527-18:05:16,220 nipype.workflow INFO:
	 [Node] Setting-up "fmriprep_25_0_wf.sub_GEO036_wf.anat_fit_wf.brain_extraction_wf.atropos_wf.09_relabel_wm" in "/work/fmriprep_25_0_wf/sub_GEO036_wf/anat_fit_wf/brain_extraction_wf/atropos_wf/09_relabel_wm".
250527-18:05:16,221 nipype.workflow INFO:
	 [Node] Setting-up "fmriprep_25_0_wf.sub_GEO036_wf.anat_fit_wf.brain_extraction_wf.atropos_wf.07_fill_gm" in "/work/fmriprep_25_0_wf/sub_GEO036_wf/anat_fit_wf/brain_extraction_wf/atropos_wf/07_fill_gm".
250527-18:05:17,108 nipype.workflow INFO:
	 [Node] Executing "07_fill_gm" <nipype.interfaces.ants.utils.ImageMath>
250527-18:05:17,508 nipype.workflow INFO:
	 [Node] Executing "09_relabel_wm" <nipype.interfaces.ants.utils.MultiplyImages>
250527-18:05:18,260 nipype.workflow INFO:
	 [Node] Finished "09_relabel_wm", elapsed time 0.750603s.
250527-18:05:20,229 nipype.workflow INFO:
	 [Node] Setting-up "fmriprep_25_0_wf.sub_GEO036_wf.anat_fit_wf.brain_extraction_wf.atropos_wf.26_depad_wm" in "/work/fmriprep_25_0_wf/sub_GEO036_wf/anat_fit_wf/brain_extraction_wf/atropos_wf/26_depad_wm".
250527-18:05:20,893 nipype.workflow INFO:
	 [Node] Executing "26_depad_wm" <nipype.interfaces.ants.utils.ImageMath>
250527-18:05:21,620 nipype.workflow INFO:
	 [Node] Finished "26_depad_wm", elapsed time 0.725635s.
250527-18:05:23,107 nipype.workflow INFO:
	 [Node] Finished "07_fill_gm", elapsed time 5.995885s.
250527-18:05:24,287 nipype.workflow INFO:
	 [Node] Setting-up "fmriprep_25_0_wf.sub_GEO036_wf.anat_fit_wf.brain_extraction_wf.atropos_wf.08_mult_gm" in "/work/fmriprep_25_0_wf/sub_GEO036_wf/anat_fit_wf/brain_extraction_wf/atropos_wf/08_mult_gm".
250527-18:05:24,955 nipype.workflow INFO:
	 [Node] Executing "08_mult_gm" <nipype.interfaces.ants.utils.MultiplyImages>
250527-18:05:25,19 nipype.workflow INFO:
	 [Node] Setting-up "_inu_n4_final0" in "/work/fmriprep_25_0_wf/sub_GEO036_wf/anat_fit_wf/brain_extraction_wf/atropos_wf/inu_n4_final/mapflow/_inu_n4_final0".
250527-18:05:25,493 nipype.workflow INFO:
	 [Node] Executing "_inu_n4_final0" <nipype.interfaces.ants.segmentation.N4BiasFieldCorrection>
250527-18:05:25,806 nipype.workflow INFO:
	 [Node] Finished "08_mult_gm", elapsed time 0.850259s.
250527-18:05:28,305 nipype.workflow INFO:
	 [Node] Setting-up "fmriprep_25_0_wf.sub_GEO036_wf.anat_fit_wf.brain_extraction_wf.atropos_wf.11_add_gm" in "/work/fmriprep_25_0_wf/sub_GEO036_wf/anat_fit_wf/brain_extraction_wf/atropos_wf/11_add_gm".
250527-18:05:28,914 nipype.workflow INFO:
	 [Node] Executing "11_add_gm" <nipype.interfaces.ants.utils.ImageMath>
250527-18:05:30,210 nipype.workflow INFO:
	 [Node] Finished "11_add_gm", elapsed time 1.294756s.
250527-18:05:32,232 nipype.workflow INFO:
	 [Node] Setting-up "fmriprep_25_0_wf.sub_GEO036_wf.anat_fit_wf.brain_extraction_wf.atropos_wf.12_relabel_gm" in "/work/fmriprep_25_0_wf/sub_GEO036_wf/anat_fit_wf/brain_extraction_wf/atropos_wf/12_relabel_gm".
250527-18:05:33,6 nipype.workflow INFO:
	 [Node] Executing "12_relabel_gm" <nipype.interfaces.ants.utils.MultiplyImages>
250527-18:05:33,670 nipype.workflow INFO:
	 [Node] Finished "12_relabel_gm", elapsed time 0.66337s.
250527-18:05:36,222 nipype.workflow INFO:
	 [Node] Setting-up "fmriprep_25_0_wf.sub_GEO036_wf.anat_fit_wf.brain_extraction_wf.atropos_wf.13_add_gm_wm" in "/work/fmriprep_25_0_wf/sub_GEO036_wf/anat_fit_wf/brain_extraction_wf/atropos_wf/13_add_gm_wm".
250527-18:05:36,851 nipype.workflow INFO:
	 [Node] Executing "13_add_gm_wm" <nipype.interfaces.ants.utils.ImageMath>
250527-18:05:38,86 nipype.workflow INFO:
	 [Node] Finished "13_add_gm_wm", elapsed time 1.233265s.
250527-18:05:39,701 nipype.workflow INFO:
	 [Node] Finished "_inu_n4_final0", elapsed time 14.207028s.
250527-18:05:40,304 nipype.workflow INFO:
	 [Node] Setting-up "fmriprep_25_0_wf.sub_GEO036_wf.anat_fit_wf.brain_extraction_wf.atropos_wf.25_depad_gm" in "/work/fmriprep_25_0_wf/sub_GEO036_wf/anat_fit_wf/brain_extraction_wf/atropos_wf/25_depad_gm".
250527-18:05:41,221 nipype.workflow INFO:
	 [Node] Executing "25_depad_gm" <nipype.interfaces.ants.utils.ImageMath>
250527-18:05:41,978 nipype.workflow INFO:
	 [Node] Finished "25_depad_gm", elapsed time 0.756228s.
250527-18:05:42,228 nipype.workflow INFO:
	 [Node] Setting-up "fmriprep_25_0_wf.sub_GEO036_wf.anat_fit_wf.brain_extraction_wf.atropos_wf.14_sel_labels2" in "/work/fmriprep_25_0_wf/sub_GEO036_wf/anat_fit_wf/brain_extraction_wf/atropos_wf/14_sel_labels2".
250527-18:05:42,229 nipype.workflow INFO:
	 [Node] Setting-up "fmriprep_25_0_wf.sub_GEO036_wf.anat_fit_wf.brain_extraction_wf.atropos_wf.24_depad_segm" in "/work/fmriprep_25_0_wf/sub_GEO036_wf/anat_fit_wf/brain_extraction_wf/atropos_wf/24_depad_segm".
250527-18:05:42,836 nipype.workflow INFO:
	 [Node] Executing "24_depad_segm" <nipype.interfaces.ants.utils.ImageMath>
250527-18:05:42,850 nipype.workflow INFO:
	 [Node] Executing "14_sel_labels2" <nipype.interfaces.utility.wrappers.Function>
250527-18:05:43,138 nipype.workflow INFO:
	 [Node] Finished "14_sel_labels2", elapsed time 0.287001s.
250527-18:05:43,596 nipype.workflow INFO:
	 [Node] Finished "24_depad_segm", elapsed time 0.759524s.
250527-18:05:44,224 nipype.workflow INFO:
	 [Node] Setting-up "fmriprep_25_0_wf.sub_GEO036_wf.anat_fit_wf.brain_extraction_wf.atropos_wf.merge_tpms" in "/work/fmriprep_25_0_wf/sub_GEO036_wf/anat_fit_wf/brain_extraction_wf/atropos_wf/merge_tpms".
250527-18:05:44,225 nipype.workflow INFO:
	 [Node] Setting-up "fmriprep_25_0_wf.sub_GEO036_wf.anat_fit_wf.brain_extraction_wf.atropos_wf.15_add_7" in "/work/fmriprep_25_0_wf/sub_GEO036_wf/anat_fit_wf/brain_extraction_wf/atropos_wf/15_add_7".
250527-18:05:44,905 nipype.workflow INFO:
	 [Node] Executing "15_add_7" <nipype.interfaces.ants.utils.ImageMath>
250527-18:05:44,927 nipype.workflow INFO:
	 [Node] Executing "merge_tpms" <nipype.interfaces.utility.base.Merge>
250527-18:05:44,928 nipype.workflow INFO:
	 [Node] Finished "merge_tpms", elapsed time 0.000473s.
250527-18:05:46,360 nipype.workflow INFO:
	 [Node] Finished "15_add_7", elapsed time 1.45441s.
250527-18:05:48,219 nipype.workflow INFO:
	 [Node] Setting-up "fmriprep_25_0_wf.sub_GEO036_wf.anat_fit_wf.brain_extraction_wf.atropos_wf.16_me_7" in "/work/fmriprep_25_0_wf/sub_GEO036_wf/anat_fit_wf/brain_extraction_wf/atropos_wf/16_me_7".
250527-18:05:49,8 nipype.workflow INFO:
	 [Node] Executing "16_me_7" <nipype.interfaces.ants.utils.ImageMath>
250527-18:05:50,942 nipype.workflow INFO:
	 [Node] Finished "16_me_7", elapsed time 1.933135s.
250527-18:05:52,229 nipype.workflow INFO:
	 [Node] Setting-up "fmriprep_25_0_wf.sub_GEO036_wf.anat_fit_wf.brain_extraction_wf.atropos_wf.17_comp_7" in "/work/fmriprep_25_0_wf/sub_GEO036_wf/anat_fit_wf/brain_extraction_wf/atropos_wf/17_comp_7".
250527-18:05:52,828 nipype.workflow INFO:
	 [Node] Executing "17_comp_7" <nipype.interfaces.ants.utils.ImageMath>
250527-18:05:54,122 nipype.workflow INFO:
	 [Node] Finished "17_comp_7", elapsed time 1.293313s.
250527-18:05:56,236 nipype.workflow INFO:
	 [Node] Setting-up "fmriprep_25_0_wf.sub_GEO036_wf.anat_fit_wf.brain_extraction_wf.atropos_wf.18_md_7" in "/work/fmriprep_25_0_wf/sub_GEO036_wf/anat_fit_wf/brain_extraction_wf/atropos_wf/18_md_7".
250527-18:05:56,720 nipype.workflow INFO:
	 [Node] Executing "18_md_7" <nipype.interfaces.ants.utils.ImageMath>
250527-18:05:58,44 nipype.workflow INFO:
	 [Node] Finished "18_md_7", elapsed time 1.322746s.
250527-18:06:00,224 nipype.workflow INFO:
	 [Node] Setting-up "fmriprep_25_0_wf.sub_GEO036_wf.anat_fit_wf.brain_extraction_wf.atropos_wf.19_fill_7" in "/work/fmriprep_25_0_wf/sub_GEO036_wf/anat_fit_wf/brain_extraction_wf/atropos_wf/19_fill_7".
250527-18:06:00,903 nipype.workflow INFO:
	 [Node] Executing "19_fill_7" <nipype.interfaces.ants.utils.ImageMath>
250527-18:06:06,475 nipype.workflow INFO:
	 [Node] Finished "19_fill_7", elapsed time 5.569278s.
250527-18:06:08,227 nipype.workflow INFO:
	 [Node] Setting-up "fmriprep_25_0_wf.sub_GEO036_wf.anat_fit_wf.brain_extraction_wf.atropos_wf.20_add_7_2" in "/work/fmriprep_25_0_wf/sub_GEO036_wf/anat_fit_wf/brain_extraction_wf/atropos_wf/20_add_7_2".
250527-18:06:08,984 nipype.workflow INFO:
	 [Node] Executing "20_add_7_2" <nipype.interfaces.ants.utils.ImageMath>
250527-18:06:10,243 nipype.workflow INFO:
	 [Node] Finished "20_add_7_2", elapsed time 1.2584s.
250527-18:06:12,287 nipype.workflow INFO:
	 [Node] Setting-up "fmriprep_25_0_wf.sub_GEO036_wf.anat_fit_wf.brain_extraction_wf.atropos_wf.21_md_7_2" in "/work/fmriprep_25_0_wf/sub_GEO036_wf/anat_fit_wf/brain_extraction_wf/atropos_wf/21_md_7_2".
250527-18:06:13,129 nipype.workflow INFO:
	 [Node] Executing "21_md_7_2" <nipype.interfaces.ants.utils.ImageMath>
250527-18:06:14,590 nipype.workflow INFO:
	 [Node] Finished "21_md_7_2", elapsed time 1.460023s.
250527-18:06:16,248 nipype.workflow INFO:
	 [Node] Setting-up "fmriprep_25_0_wf.sub_GEO036_wf.anat_fit_wf.brain_extraction_wf.atropos_wf.22_me_7_2" in "/work/fmriprep_25_0_wf/sub_GEO036_wf/anat_fit_wf/brain_extraction_wf/atropos_wf/22_me_7_2".
250527-18:06:16,855 nipype.workflow INFO:
	 [Node] Executing "22_me_7_2" <nipype.interfaces.ants.utils.ImageMath>
250527-18:06:18,733 nipype.workflow INFO:
	 [Node] Finished "22_me_7_2", elapsed time 1.877068s.
250527-18:06:20,246 nipype.workflow INFO:
	 [Node] Setting-up "fmriprep_25_0_wf.sub_GEO036_wf.anat_fit_wf.brain_extraction_wf.atropos_wf.23_depad_mask" in "/work/fmriprep_25_0_wf/sub_GEO036_wf/anat_fit_wf/brain_extraction_wf/atropos_wf/23_depad_mask".
250527-18:06:20,785 nipype.workflow INFO:
	 [Node] Executing "23_depad_mask" <nipype.interfaces.ants.utils.ImageMath>
250527-18:06:21,432 nipype.workflow INFO:
	 [Node] Finished "23_depad_mask", elapsed time 0.645542s.
250527-18:06:22,248 nipype.workflow INFO:
	 [Node] Setting-up "fmriprep_25_0_wf.sub_GEO036_wf.anat_fit_wf.brain_extraction_wf.atropos_wf.msk_conform" in "/work/fmriprep_25_0_wf/sub_GEO036_wf/anat_fit_wf/brain_extraction_wf/atropos_wf/msk_conform".
250527-18:06:22,958 nipype.workflow INFO:
	 [Node] Executing "msk_conform" <nipype.interfaces.utility.wrappers.Function>
250527-18:06:23,168 nipype.workflow INFO:
	 [Node] Finished "msk_conform", elapsed time 0.208107s.
250527-18:06:34,582 nipype.workflow INFO:
	 [Node] Setting-up "_apply_mask0" in "/work/fmriprep_25_0_wf/sub_GEO036_wf/anat_fit_wf/brain_extraction_wf/atropos_wf/apply_mask/mapflow/_apply_mask0".
250527-18:06:35,97 nipype.workflow INFO:
	 [Node] Executing "_apply_mask0" <niworkflows.interfaces.nibabel.ApplyMask>
250527-18:06:35,823 nipype.workflow INFO:
	 [Node] Finished "_apply_mask0", elapsed time 0.724827s.
250527-18:06:37,633 nipype.workflow INFO:
	 [Node] Setting-up "fmriprep_25_0_wf.sub_GEO036_wf.anat_fit_wf.register_template_wf.trunc_mov" in "/work/fmriprep_25_0_wf/sub_GEO036_wf/anat_fit_wf/register_template_wf/_template_MNI152NLin2009cAsym/trunc_mov".
250527-18:06:37,912 nipype.workflow INFO:
	 [Node] Setting-up "fmriprep_25_0_wf.sub_GEO036_wf.anat_fit_wf.surface_recon_wf.skull_strip_extern" in "/work/fmriprep_25_0_wf/sub_GEO036_wf/anat_fit_wf/surface_recon_wf/skull_strip_extern".
250527-18:06:37,913 nipype.workflow INFO:
	 [Node] Setting-up "fmriprep_25_0_wf.sub_GEO036_wf.ds_std_volumes_wf.gen_ref" in "/work/fmriprep_25_0_wf/sub_GEO036_wf/ds_std_volumes_wf/_in_tuple_MNI152NLin2009cAsym.resnative/gen_ref".
250527-18:06:38,287 nipype.workflow INFO:
	 [Node] Executing "trunc_mov" <nipype.interfaces.ants.utils.ImageMath>
250527-18:06:38,769 nipype.workflow INFO:
	 [Node] Executing "skull_strip_extern" <niworkflows.interfaces.freesurfer.FSInjectBrainExtracted>
250527-18:06:39,0 nipype.workflow INFO:
	 [Node] Executing "gen_ref" <niworkflows.interfaces.nibabel.GenerateSamplingReference>
250527-18:06:40,228 nipype.workflow INFO:
	 [Node] Finished "skull_strip_extern", elapsed time 1.457591s.
250527-18:06:40,916 nipype.workflow INFO:
	 [Node] Finished "gen_ref", elapsed time 1.914508s.
250527-18:06:41,900 nipype.workflow INFO:
	 [Node] Setting-up "fmriprep_25_0_wf.sub_GEO036_wf.anat_fit_wf.surface_recon_wf.autorecon_resume_wf.gcareg" in "/work/fmriprep_25_0_wf/sub_GEO036_wf/anat_fit_wf/surface_recon_wf/autorecon_resume_wf/gcareg".
250527-18:06:42,939 nipype.workflow INFO:
	 [Node] Executing "gcareg" <smriprep.interfaces.freesurfer.ReconAll>
250527-18:06:42,947 nipype.interface INFO:
	 resume recon-all : recon-all -openmp 7 -subjid sub-GEO036 -sd /out/sourcedata/freesurfer -gcareg
250527-18:06:42,948 nipype.interface INFO:
	 resume recon-all : recon-all -openmp 7 -subjid sub-GEO036 -sd /out/sourcedata/freesurfer -gcareg
250527-18:06:43,721 nipype.workflow INFO:
	 [Node] Finished "trunc_mov", elapsed time 5.432406s.
250527-18:10:15,60 nipype.workflow INFO:
	 [Node] Finished "gcareg", elapsed time 212.119369s.
250527-18:10:16,15 nipype.workflow INFO:
	 [Node] Setting-up "fmriprep_25_0_wf.sub_GEO036_wf.anat_fit_wf.surface_recon_wf.autorecon_resume_wf.autorecon2_vol" in "/work/fmriprep_25_0_wf/sub_GEO036_wf/anat_fit_wf/surface_recon_wf/autorecon_resume_wf/autorecon2_vol".
250527-18:10:16,802 nipype.workflow INFO:
	 [Node] Executing "autorecon2_vol" <smriprep.interfaces.freesurfer.ReconAll>
250527-18:10:16,805 nipype.interface INFO:
	 resume recon-all : recon-all -autorecon2-volonly -openmp 7 -subjid sub-GEO036 -sd /out/sourcedata/freesurfer -nogcareg
250527-18:10:16,806 nipype.interface INFO:
	 resume recon-all : recon-all -autorecon2-volonly -openmp 7 -subjid sub-GEO036 -sd /out/sourcedata/freesurfer -nogcareg
250527-19:22:50,822 nipype.workflow INFO:
	 [Node] Finished "autorecon2_vol", elapsed time 4354.015099s.
250527-19:22:54,632 nipype.workflow INFO:
	 [Node] Setting-up "_autorecon_surfs0" in "/work/fmriprep_25_0_wf/sub_GEO036_wf/anat_fit_wf/surface_recon_wf/autorecon_resume_wf/autorecon_surfs/mapflow/_autorecon_surfs0".
250527-19:22:55,244 nipype.workflow INFO:
	 [Node] Executing "_autorecon_surfs0" <smriprep.interfaces.freesurfer.ReconAll>
250527-19:22:55,249 nipype.interface INFO:
	 resume recon-all : recon-all -autorecon-hemi lh -noparcstats -noparcstats2 -noparcstats3 -nohyporelabel -nobalabels -lh-only -openmp 7 -subjid sub-GEO036 -sd /out/sourcedata/freesurfer 
250527-19:22:55,250 nipype.interface INFO:
	 resume recon-all : recon-all -autorecon-hemi lh -noparcstats -noparcstats2 -noparcstats3 -nohyporelabel -nobalabels -lh-only -openmp 7 -subjid sub-GEO036 -sd /out/sourcedata/freesurfer 
250527-19:42:42,930 nipype.workflow INFO:
	 [Node] Finished "_autorecon_surfs0", elapsed time 1187.681276s.
250527-19:42:44,809 nipype.workflow INFO:
	 [Node] Setting-up "_autorecon_surfs1" in "/work/fmriprep_25_0_wf/sub_GEO036_wf/anat_fit_wf/surface_recon_wf/autorecon_resume_wf/autorecon_surfs/mapflow/_autorecon_surfs1".
250527-19:42:45,872 nipype.workflow INFO:
	 [Node] Executing "_autorecon_surfs1" <smriprep.interfaces.freesurfer.ReconAll>
250527-19:42:45,877 nipype.interface INFO:
	 resume recon-all : recon-all -autorecon-hemi rh -noparcstats -noparcstats2 -noparcstats3 -nohyporelabel -nobalabels -rh-only -openmp 7 -subjid sub-GEO036 -sd /out/sourcedata/freesurfer 
250527-19:42:45,878 nipype.interface INFO:
	 resume recon-all : recon-all -autorecon-hemi rh -noparcstats -noparcstats2 -noparcstats3 -nohyporelabel -nobalabels -rh-only -openmp 7 -subjid sub-GEO036 -sd /out/sourcedata/freesurfer 
250527-20:02:02,702 nipype.workflow INFO:
	 [Node] Finished "_autorecon_surfs1", elapsed time 1156.823599s.
250527-20:02:06,221 nipype.workflow INFO:
	 [Node] Setting-up "_autorecon_surfs0" in "/work/fmriprep_25_0_wf/sub_GEO036_wf/anat_fit_wf/surface_recon_wf/autorecon_resume_wf/autorecon_surfs/mapflow/_autorecon_surfs0".
250527-20:02:08,265 nipype.workflow INFO:
	 [Node] Executing "_autorecon_surfs0" <smriprep.interfaces.freesurfer.ReconAll>
250527-20:02:08,409 nipype.interface INFO:
	 recon-all complete : Not running
250527-20:02:08,410 nipype.interface INFO:
	 recon-all complete : Not running
250527-20:02:09,25 nipype.workflow INFO:
	 [Node] Finished "_autorecon_surfs0", elapsed time 0.758848s.
250527-20:02:09,227 nipype.workflow INFO:
	 [Node] Setting-up "_autorecon_surfs1" in "/work/fmriprep_25_0_wf/sub_GEO036_wf/anat_fit_wf/surface_recon_wf/autorecon_resume_wf/autorecon_surfs/mapflow/_autorecon_surfs1".
250527-20:02:13,730 nipype.workflow INFO:
	 [Node] Executing "_autorecon_surfs1" <smriprep.interfaces.freesurfer.ReconAll>
250527-20:02:13,778 nipype.interface INFO:
	 recon-all complete : Not running
250527-20:02:13,779 nipype.interface INFO:
	 recon-all complete : Not running
250527-20:02:14,26 nipype.workflow INFO:
	 [Node] Finished "_autorecon_surfs1", elapsed time 0.294756s.
250527-20:02:16,996 nipype.workflow INFO:
	 [Node] Setting-up "fmriprep_25_0_wf.sub_GEO036_wf.anat_fit_wf.surface_recon_wf.autorecon_resume_wf.cortribbon" in "/work/fmriprep_25_0_wf/sub_GEO036_wf/anat_fit_wf/surface_recon_wf/autorecon_resume_wf/cortribbon".
250527-20:02:19,145 nipype.workflow INFO:
	 [Node] Executing "cortribbon" <smriprep.interfaces.freesurfer.ReconAll>
250527-20:02:19,147 nipype.interface INFO:
	 resume recon-all : recon-all -parallel -subjid sub-GEO036 -sd /out/sourcedata/freesurfer -T2pial -cortribbon
250527-20:02:19,147 nipype.interface INFO:
	 resume recon-all : recon-all -parallel -subjid sub-GEO036 -sd /out/sourcedata/freesurfer -T2pial -cortribbon
250527-20:41:23,184 nipype.workflow INFO:
	 [Node] Finished "cortribbon", elapsed time 2344.02867s.
250527-20:41:27,270 nipype.workflow INFO:
	 [Node] Setting-up "_parcstats0" in "/work/fmriprep_25_0_wf/sub_GEO036_wf/anat_fit_wf/surface_recon_wf/autorecon_resume_wf/parcstats/mapflow/_parcstats0".
250527-20:41:27,858 nipype.workflow INFO:
	 [Node] Executing "_parcstats0" <smriprep.interfaces.freesurfer.ReconAll>
250527-20:41:27,861 nipype.interface INFO:
	 resume recon-all : recon-all -autorecon-hemi lh -nohyporelabel -lh-only -openmp 7 -subjid sub-GEO036 -sd /out/sourcedata/freesurfer -notessellate -nosmooth1 -noinflate1 -noqsphere -nofix -nowhite -nosmooth2 -noinflate2 -nocurvHK -nocurvstats -nosphere -nosurfreg -nojacobian_white -noavgcurv -nocortparc -nopial -nocortparc2 -nocortparc3 -nopctsurfcon
250527-20:41:27,862 nipype.interface INFO:
	 resume recon-all : recon-all -autorecon-hemi lh -nohyporelabel -lh-only -openmp 7 -subjid sub-GEO036 -sd /out/sourcedata/freesurfer -notessellate -nosmooth1 -noinflate1 -noqsphere -nofix -nowhite -nosmooth2 -noinflate2 -nocurvHK -nocurvstats -nosphere -nosurfreg -nojacobian_white -noavgcurv -nocortparc -nopial -nocortparc2 -nocortparc3 -nopctsurfcon
250527-20:44:22,11 nipype.workflow INFO:
	 [Node] Finished "_parcstats0", elapsed time 174.151428s.
250527-20:44:23,301 nipype.workflow INFO:
	 [Node] Setting-up "_parcstats1" in "/work/fmriprep_25_0_wf/sub_GEO036_wf/anat_fit_wf/surface_recon_wf/autorecon_resume_wf/parcstats/mapflow/_parcstats1".
250527-20:44:23,868 nipype.workflow INFO:
	 [Node] Executing "_parcstats1" <smriprep.interfaces.freesurfer.ReconAll>
250527-20:44:23,991 nipype.interface INFO:
	 resume recon-all : recon-all -autorecon-hemi rh -nohyporelabel -rh-only -openmp 7 -subjid sub-GEO036 -sd /out/sourcedata/freesurfer -notessellate -nosmooth1 -noinflate1 -noqsphere -nofix -nowhite -nosmooth2 -noinflate2 -nocurvHK -nocurvstats -nosphere -nosurfreg -nojacobian_white -noavgcurv -nocortparc -nopial -nocortparc2 -nocortparc3 -nopctsurfcon
250527-20:44:23,991 nipype.interface INFO:
	 resume recon-all : recon-all -autorecon-hemi rh -nohyporelabel -rh-only -openmp 7 -subjid sub-GEO036 -sd /out/sourcedata/freesurfer -notessellate -nosmooth1 -noinflate1 -noqsphere -nofix -nowhite -nosmooth2 -noinflate2 -nocurvHK -nocurvstats -nosphere -nosurfreg -nojacobian_white -noavgcurv -nocortparc -nopial -nocortparc2 -nocortparc3 -nopctsurfcon
250527-20:47:08,283 nipype.workflow INFO:
	 [Node] Finished "_parcstats1", elapsed time 164.407969s.
250527-20:47:09,698 nipype.workflow INFO:
	 [Node] Setting-up "_parcstats0" in "/work/fmriprep_25_0_wf/sub_GEO036_wf/anat_fit_wf/surface_recon_wf/autorecon_resume_wf/parcstats/mapflow/_parcstats0".
250527-20:47:10,265 nipype.workflow INFO:
	 [Node] Executing "_parcstats0" <smriprep.interfaces.freesurfer.ReconAll>
250527-20:47:10,404 nipype.interface INFO:
	 recon-all complete : Not running
250527-20:47:10,405 nipype.interface INFO:
	 recon-all complete : Not running
250527-20:47:10,579 nipype.workflow INFO:
	 [Node] Finished "_parcstats0", elapsed time 0.313436s.
250527-20:47:10,813 nipype.workflow INFO:
	 [Node] Setting-up "_parcstats1" in "/work/fmriprep_25_0_wf/sub_GEO036_wf/anat_fit_wf/surface_recon_wf/autorecon_resume_wf/parcstats/mapflow/_parcstats1".
250527-20:47:11,480 nipype.workflow INFO:
	 [Node] Executing "_parcstats1" <smriprep.interfaces.freesurfer.ReconAll>
250527-20:47:11,547 nipype.interface INFO:
	 recon-all complete : Not running
250527-20:47:11,547 nipype.interface INFO:
	 recon-all complete : Not running
250527-20:47:11,725 nipype.workflow INFO:
	 [Node] Finished "_parcstats1", elapsed time 0.244346s.
250527-20:47:13,284 nipype.workflow INFO:
	 [Node] Setting-up "fmriprep_25_0_wf.sub_GEO036_wf.anat_fit_wf.surface_recon_wf.autorecon_resume_wf.autorecon3" in "/work/fmriprep_25_0_wf/sub_GEO036_wf/anat_fit_wf/surface_recon_wf/autorecon_resume_wf/autorecon3".
250527-20:47:13,790 nipype.workflow INFO:
	 [Node] Executing "autorecon3" <smriprep.interfaces.freesurfer.ReconAll>
250527-20:47:13,797 nipype.interface INFO:
	 resume recon-all : recon-all -autorecon3 -openmp 7 -subjid sub-GEO036 -sd /out/sourcedata/freesurfer -nosphere -nosurfreg -nojacobian_white -noavgcurv -nocortparc -nopial -noparcstats -nocortparc2 -noparcstats2 -nocortparc3 -noparcstats3 -nopctsurfcon -nocortribbon -nobalabels
250527-20:47:13,797 nipype.interface INFO:
	 resume recon-all : recon-all -autorecon3 -openmp 7 -subjid sub-GEO036 -sd /out/sourcedata/freesurfer -nosphere -nosurfreg -nojacobian_white -noavgcurv -nocortparc -nopial -noparcstats -nocortparc2 -noparcstats2 -nocortparc3 -noparcstats3 -nopctsurfcon -nocortribbon -nobalabels
250527-20:52:29,271 nipype.workflow INFO:
	 [Node] Finished "autorecon3", elapsed time 315.469825s.
250527-20:52:31,376 nipype.workflow INFO:
	 [Node] Setting-up "fmriprep_25_0_wf.sub_GEO036_wf.anat_fit_wf.surface_recon_wf.get_surfaces" in "/work/fmriprep_25_0_wf/sub_GEO036_wf/anat_fit_wf/surface_recon_wf/get_surfaces".
250527-20:52:31,876 nipype.workflow INFO:
	 [Node] Executing "get_surfaces" <niworkflows.interfaces.patches.FreeSurferSource>
250527-20:52:31,894 nipype.workflow INFO:
	 [Node] Finished "get_surfaces", elapsed time 0.017593s.
250527-20:52:35,352 nipype.workflow INFO:
	 [Node] Setting-up "_midthickness0" in "/work/fmriprep_25_0_wf/sub_GEO036_wf/anat_fit_wf/surface_recon_wf/midthickness/mapflow/_midthickness0".
250527-20:52:37,64 nipype.workflow INFO:
	 [Node] Executing "_midthickness0" <smriprep.interfaces.freesurfer.MakeMidthickness>
250527-21:09:57,167 nipype.workflow INFO:
	 [Node] Finished "_midthickness0", elapsed time 1040.101271s.
250527-21:09:59,461 nipype.workflow INFO:
	 [Node] Setting-up "_midthickness1" in "/work/fmriprep_25_0_wf/sub_GEO036_wf/anat_fit_wf/surface_recon_wf/midthickness/mapflow/_midthickness1".
250527-21:10:00,369 nipype.workflow INFO:
	 [Node] Executing "_midthickness1" <smriprep.interfaces.freesurfer.MakeMidthickness>
250527-21:26:54,313 nipype.workflow INFO:
	 [Node] Finished "_midthickness1", elapsed time 1013.93744s.
250527-21:26:56,158 nipype.workflow INFO:
	 [Node] Setting-up "_midthickness0" in "/work/fmriprep_25_0_wf/sub_GEO036_wf/anat_fit_wf/surface_recon_wf/midthickness/mapflow/_midthickness0".
250527-21:26:56,192 nipype.workflow INFO:
	 [Node] Cached "_midthickness0" - collecting precomputed outputs
250527-21:26:56,192 nipype.workflow INFO:
	 [Node] "_midthickness0" found cached.
250527-21:26:56,193 nipype.workflow INFO:
	 [Node] Setting-up "_midthickness1" in "/work/fmriprep_25_0_wf/sub_GEO036_wf/anat_fit_wf/surface_recon_wf/midthickness/mapflow/_midthickness1".
250527-21:26:56,196 nipype.workflow INFO:
	 [Node] Cached "_midthickness1" - collecting precomputed outputs
250527-21:26:56,196 nipype.workflow INFO:
	 [Node] "_midthickness1" found cached.
250527-21:26:57,573 nipype.workflow INFO:
	 [Node] Setting-up "fmriprep_25_0_wf.sub_GEO036_wf.anat_fit_wf.surface_recon_wf.save_midthickness" in "/work/fmriprep_25_0_wf/sub_GEO036_wf/anat_fit_wf/surface_recon_wf/save_midthickness".
250527-21:26:58,211 nipype.workflow INFO:
	 [Node] Executing "save_midthickness" <nipype.interfaces.io.DataSink>
250527-21:26:58,685 nipype.workflow INFO:
	 [Node] Finished "save_midthickness", elapsed time 0.473023s.
250527-21:26:59,581 nipype.workflow INFO:
	 [Node] Setting-up "fmriprep_25_0_wf.sub_GEO036_wf.anat_fit_wf.surface_recon_wf.sync" in "/work/fmriprep_25_0_wf/sub_GEO036_wf/anat_fit_wf/surface_recon_wf/sync".
250527-21:27:00,378 nipype.workflow INFO:
	 [Node] Executing "sync" <nipype.interfaces.utility.wrappers.Function>
250527-21:27:00,380 nipype.workflow INFO:
	 [Node] Finished "sync", elapsed time 0.000928s.
250527-21:27:01,573 nipype.workflow INFO:
	 [Node] Setting-up "fmriprep_25_0_wf.sub_GEO036_wf.anat_fit_wf.bbreg" in "/work/fmriprep_25_0_wf/sub_GEO036_wf/anat_fit_wf/bbreg".
250527-21:27:01,574 nipype.workflow INFO:
	 [Node] Setting-up "fmriprep_25_0_wf.sub_GEO036_wf.anat_fit_wf.gifti_surface_wf.get_surfaces" in "/work/fmriprep_25_0_wf/sub_GEO036_wf/anat_fit_wf/gifti_surface_wf/get_surfaces".
250527-21:27:01,575 nipype.workflow INFO:
	 [Node] Setting-up "fmriprep_25_0_wf.sub_GEO036_wf.anat_fit_wf.gifti_spheres_wf.get_surfaces" in "/work/fmriprep_25_0_wf/sub_GEO036_wf/anat_fit_wf/gifti_spheres_wf/get_surfaces".
250527-21:27:01,576 nipype.workflow INFO:
	 [Node] Setting-up "fmriprep_25_0_wf.sub_GEO036_wf.anat_fit_wf.gifti_morphometrics_wf.get_surfaces" in "/work/fmriprep_25_0_wf/sub_GEO036_wf/anat_fit_wf/gifti_morphometrics_wf/get_surfaces".
250527-21:27:01,576 nipype.workflow INFO:
	 [Node] Setting-up "fmriprep_25_0_wf.sub_GEO036_wf.anat_fit_wf.refinement_wf.segs_to_native_wf_aseg.fs_datasource" in "/work/fmriprep_25_0_wf/sub_GEO036_wf/anat_fit_wf/refinement_wf/segs_to_native_wf_aseg/fs_datasource".
250527-21:27:01,588 nipype.workflow INFO:
	 [Node] Setting-up "fmriprep_25_0_wf.sub_GEO036_wf.anat_fit_wf.anat_reports_wf.recon_report" in "/work/fmriprep_25_0_wf/sub_GEO036_wf/anat_fit_wf/anat_reports_wf/recon_report".
250527-21:27:01,693 nipype.workflow INFO:
	 [Node] Setting-up "fmriprep_25_0_wf.sub_GEO036_wf.bold_ses_t2_task_image_run_2_wf.bold_fit_wf.bold_reg_wf.bbreg_wf.fssource" in "/work/fmriprep_25_0_wf/sub_GEO036_wf/bold_ses_t2_task_image_run_2_wf/bold_fit_wf/bold_reg_wf/bbreg_wf/fssource".
250527-21:27:01,693 nipype.workflow INFO:
	 [Node] Setting-up "fmriprep_25_0_wf.sub_GEO036_wf.bold_ses_t2_task_image_run_1_wf.bold_fit_wf.bold_reg_wf.bbreg_wf.fssource" in "/work/fmriprep_25_0_wf/sub_GEO036_wf/bold_ses_t2_task_image_run_1_wf/bold_fit_wf/bold_reg_wf/bbreg_wf/fssource".
250527-21:27:02,516 nipype.workflow INFO:
	 [Node] Executing "recon_report" <smriprep.interfaces.reports.FSSurfaceReport>
250527-21:27:02,740 nipype.workflow INFO:
	 [Node] Executing "fs_datasource" <niworkflows.interfaces.patches.FreeSurferSource>
250527-21:27:02,796 nipype.workflow INFO:
	 [Node] Executing "fssource" <fmriprep.interfaces.patches.FreeSurferSource>
250527-21:27:02,853 nipype.workflow INFO:
	 [Node] Executing "get_surfaces" <nipype.interfaces.utility.wrappers.Function>
250527-21:27:02,884 nipype.workflow INFO:
	 [Node] Finished "get_surfaces", elapsed time 0.029615s.
250527-21:27:02,914 nipype.workflow INFO:
	 [Node] Executing "get_surfaces" <nipype.interfaces.utility.wrappers.Function>
250527-21:27:02,920 nipype.workflow INFO:
	 [Node] Finished "get_surfaces", elapsed time 0.002935s.
250527-21:27:03,70 nipype.workflow INFO:
	 [Node] Executing "bbreg" <nipype.interfaces.freesurfer.preprocess.BBRegister>
250527-21:27:03,78 nipype.workflow INFO:
	 [Node] Executing "fssource" <fmriprep.interfaces.patches.FreeSurferSource>
250527-21:27:03,90 nipype.workflow INFO:
	 [Node] Executing "get_surfaces" <niworkflows.interfaces.patches.FreeSurferSource>
250527-21:27:03,396 nipype.workflow INFO:
	 [Node] Finished "fssource", elapsed time 0.599039s.
250527-21:27:03,396 nipype.workflow INFO:
	 [Node] Finished "fssource", elapsed time 0.316845s.
250527-21:27:03,396 nipype.workflow INFO:
	 [Node] Finished "get_surfaces", elapsed time 0.30492s.
250527-21:27:03,396 nipype.workflow INFO:
	 [Node] Finished "fs_datasource", elapsed time 0.654514s.
250527-21:27:05,637 nipype.workflow INFO:
	 [Node] Setting-up "fmriprep_25_0_wf.sub_GEO036_wf.bold_ses_t2_task_image_run_3_wf.bold_fit_wf.bold_reg_wf.bbreg_wf.fssource" in "/work/fmriprep_25_0_wf/sub_GEO036_wf/bold_ses_t2_task_image_run_3_wf/bold_fit_wf/bold_reg_wf/bbreg_wf/fssource".
250527-21:27:05,646 nipype.workflow INFO:
	 [Node] Setting-up "fmriprep_25_0_wf.sub_GEO036_wf.bold_ses_t2_task_image_run_4_wf.bold_fit_wf.bold_reg_wf.bbreg_wf.fssource" in "/work/fmriprep_25_0_wf/sub_GEO036_wf/bold_ses_t2_task_image_run_4_wf/bold_fit_wf/bold_reg_wf/bbreg_wf/fssource".
250527-21:27:05,653 nipype.workflow INFO:
	 [Node] Setting-up "fmriprep_25_0_wf.sub_GEO036_wf.bold_ses_t2_task_image_run_5_wf.bold_fit_wf.bold_reg_wf.bbreg_wf.fssource" in "/work/fmriprep_25_0_wf/sub_GEO036_wf/bold_ses_t2_task_image_run_5_wf/bold_fit_wf/bold_reg_wf/bbreg_wf/fssource".
250527-21:27:05,678 nipype.workflow INFO:
	 [Node] Setting-up "fmriprep_25_0_wf.sub_GEO036_wf.bold_ses_t3_task_image_run_1_wf.bold_fit_wf.bold_reg_wf.bbreg_wf.fssource" in "/work/fmriprep_25_0_wf/sub_GEO036_wf/bold_ses_t3_task_image_run_1_wf/bold_fit_wf/bold_reg_wf/bbreg_wf/fssource".
250527-21:27:05,707 nipype.workflow INFO:
	 [Node] Setting-up "fmriprep_25_0_wf.sub_GEO036_wf.bold_ses_t3_task_image_run_2_wf.bold_fit_wf.bold_reg_wf.bbreg_wf.fssource" in "/work/fmriprep_25_0_wf/sub_GEO036_wf/bold_ses_t3_task_image_run_2_wf/bold_fit_wf/bold_reg_wf/bbreg_wf/fssource".
250527-21:27:05,730 nipype.workflow INFO:
	 [Node] Setting-up "fmriprep_25_0_wf.sub_GEO036_wf.bold_ses_t3_task_image_run_3_wf.bold_fit_wf.bold_reg_wf.bbreg_wf.fssource" in "/work/fmriprep_25_0_wf/sub_GEO036_wf/bold_ses_t3_task_image_run_3_wf/bold_fit_wf/bold_reg_wf/bbreg_wf/fssource".
250527-21:27:07,136 nipype.workflow INFO:
	 [Node] Executing "fssource" <fmriprep.interfaces.patches.FreeSurferSource>
250527-21:27:07,148 nipype.workflow INFO:
	 [Node] Executing "fssource" <fmriprep.interfaces.patches.FreeSurferSource>
250527-21:27:07,151 nipype.workflow INFO:
	 [Node] Finished "fssource", elapsed time 0.01429s.
250527-21:27:07,152 nipype.workflow INFO:
	 [Node] Executing "fssource" <fmriprep.interfaces.patches.FreeSurferSource>
250527-21:27:07,153 nipype.workflow INFO:
	 [Node] Executing "fssource" <fmriprep.interfaces.patches.FreeSurferSource>
250527-21:27:07,168 nipype.workflow INFO:
	 [Node] Finished "fssource", elapsed time 0.019439s.
250527-21:27:07,172 nipype.workflow INFO:
	 [Node] Finished "fssource", elapsed time 0.018776s.
250527-21:27:07,173 nipype.workflow INFO:
	 [Node] Finished "fssource", elapsed time 0.020558s.
250527-21:27:07,224 nipype.workflow INFO:
	 [Node] Executing "fssource" <fmriprep.interfaces.patches.FreeSurferSource>
250527-21:27:07,242 nipype.workflow INFO:
	 [Node] Finished "fssource", elapsed time 0.017259s.
250527-21:27:07,394 nipype.workflow INFO:
	 [Node] Executing "fssource" <fmriprep.interfaces.patches.FreeSurferSource>
250527-21:27:07,410 nipype.workflow INFO:
	 [Node] Finished "fssource", elapsed time 0.015106s.
250527-21:27:09,607 nipype.workflow INFO:
	 [Node] Setting-up "fmriprep_25_0_wf.sub_GEO036_wf.bold_ses_t3_task_image_run_4_wf.bold_fit_wf.bold_reg_wf.bbreg_wf.fssource" in "/work/fmriprep_25_0_wf/sub_GEO036_wf/bold_ses_t3_task_image_run_4_wf/bold_fit_wf/bold_reg_wf/bbreg_wf/fssource".
250527-21:27:09,614 nipype.workflow INFO:
	 [Node] Setting-up "fmriprep_25_0_wf.sub_GEO036_wf.bold_ses_t3_task_image_run_5_wf.bold_fit_wf.bold_reg_wf.bbreg_wf.fssource" in "/work/fmriprep_25_0_wf/sub_GEO036_wf/bold_ses_t3_task_image_run_5_wf/bold_fit_wf/bold_reg_wf/bbreg_wf/fssource".
250527-21:27:09,624 nipype.workflow INFO:
	 [Node] Setting-up "fmriprep_25_0_wf.sub_GEO036_wf.bold_ses_t3_task_retrans_run_1_wf.bold_fit_wf.bold_reg_wf.bbreg_wf.fssource" in "/work/fmriprep_25_0_wf/sub_GEO036_wf/bold_ses_t3_task_retrans_run_1_wf/bold_fit_wf/bold_reg_wf/bbreg_wf/fssource".
250527-21:27:10,964 nipype.workflow INFO:
	 [Node] Executing "fssource" <fmriprep.interfaces.patches.FreeSurferSource>
250527-21:27:10,979 nipype.workflow INFO:
	 [Node] Finished "fssource", elapsed time 0.013833s.
250527-21:27:11,64 nipype.workflow INFO:
	 [Node] Executing "fssource" <fmriprep.interfaces.patches.FreeSurferSource>
250527-21:27:11,76 nipype.workflow INFO:
	 [Node] Finished "fssource", elapsed time 0.011107s.
250527-21:27:11,249 nipype.workflow INFO:
	 [Node] Executing "fssource" <fmriprep.interfaces.patches.FreeSurferSource>
250527-21:27:11,262 nipype.workflow INFO:
	 [Node] Finished "fssource", elapsed time 0.012152s.
250527-21:27:18,496 nipype.workflow INFO:
	 [Node] Setting-up "fmriprep_25_0_wf.sub_GEO036_wf.anat_fit_wf.refinement_wf.segs_to_native_wf_aseg.select_seg" in "/work/fmriprep_25_0_wf/sub_GEO036_wf/anat_fit_wf/refinement_wf/segs_to_native_wf_aseg/select_seg".
250527-21:27:19,811 nipype.workflow INFO:
	 [Node] Executing "select_seg" <nipype.interfaces.utility.wrappers.Function>
250527-21:27:19,813 nipype.workflow INFO:
	 [Node] Finished "select_seg", elapsed time 0.000653s.
250527-21:27:20,797 nipype.workflow INFO:
	 [Node] Setting-up "fmriprep_25_0_wf.sub_GEO036_wf.anat_fit_wf.refinement_wf.segs_to_native_wf_aseg.resample" in "/work/fmriprep_25_0_wf/sub_GEO036_wf/anat_fit_wf/refinement_wf/segs_to_native_wf_aseg/resample".
250527-21:27:20,800 nipype.workflow INFO:
	 [Node] Setting-up "_fs2gii0" in "/work/fmriprep_25_0_wf/sub_GEO036_wf/anat_fit_wf/gifti_surface_wf/fs2gii/mapflow/_fs2gii0".
250527-21:27:20,800 nipype.workflow INFO:
	 [Node] Setting-up "_fs2gii1" in "/work/fmriprep_25_0_wf/sub_GEO036_wf/anat_fit_wf/gifti_surface_wf/fs2gii/mapflow/_fs2gii1".
250527-21:27:20,801 nipype.workflow INFO:
	 [Node] Setting-up "_fs2gii2" in "/work/fmriprep_25_0_wf/sub_GEO036_wf/anat_fit_wf/gifti_surface_wf/fs2gii/mapflow/_fs2gii2".
250527-21:27:20,801 nipype.workflow INFO:
	 [Node] Setting-up "_fs2gii3" in "/work/fmriprep_25_0_wf/sub_GEO036_wf/anat_fit_wf/gifti_surface_wf/fs2gii/mapflow/_fs2gii3".
250527-21:27:20,802 nipype.workflow INFO:
	 [Node] Setting-up "_fs2gii4" in "/work/fmriprep_25_0_wf/sub_GEO036_wf/anat_fit_wf/gifti_surface_wf/fs2gii/mapflow/_fs2gii4".
250527-21:27:22,339 nipype.workflow INFO:
	 [Node] Executing "_fs2gii2" <nipype.interfaces.freesurfer.utils.MRIsConvert>
250527-21:27:22,561 nipype.workflow INFO:
	 [Node] Executing "resample" <nipype.interfaces.freesurfer.preprocess.ApplyVolTransform>
250527-21:27:22,647 nipype.workflow INFO:
	 [Node] Executing "_fs2gii3" <nipype.interfaces.freesurfer.utils.MRIsConvert>
250527-21:27:22,681 nipype.workflow INFO:
	 [Node] Executing "_fs2gii0" <nipype.interfaces.freesurfer.utils.MRIsConvert>
250527-21:27:22,696 nipype.workflow INFO:
	 [Node] Executing "_fs2gii1" <nipype.interfaces.freesurfer.utils.MRIsConvert>
250527-21:27:22,823 nipype.workflow INFO:
	 [Node] Executing "_fs2gii4" <nipype.interfaces.freesurfer.utils.MRIsConvert>
250527-21:27:23,874 nipype.workflow INFO:
	 [Node] Finished "_fs2gii2", elapsed time 1.534035s.
250527-21:27:23,996 nipype.workflow INFO:
	 [Node] Finished "_fs2gii3", elapsed time 1.3479269999999999s.
250527-21:27:24,86 nipype.workflow INFO:
	 [Node] Finished "resample", elapsed time 1.5240200000000002s.
250527-21:27:24,193 nipype.workflow INFO:
	 [Node] Finished "_fs2gii0", elapsed time 1.5107270000000002s.
250527-21:27:24,237 nipype.workflow INFO:
	 [Node] Finished "_fs2gii1", elapsed time 1.540421s.
250527-21:27:24,239 nipype.workflow INFO:
	 [Node] Finished "_fs2gii4", elapsed time 1.414949s.
250527-21:27:24,830 nipype.workflow INFO:
	 [Node] Setting-up "_fs2gii5" in "/work/fmriprep_25_0_wf/sub_GEO036_wf/anat_fit_wf/gifti_surface_wf/fs2gii/mapflow/_fs2gii5".
250527-21:27:24,831 nipype.workflow INFO:
	 [Node] Setting-up "_fs2gii0" in "/work/fmriprep_25_0_wf/sub_GEO036_wf/anat_fit_wf/gifti_spheres_wf/fs2gii/mapflow/_fs2gii0".
250527-21:27:25,354 nipype.workflow INFO:
	 [Node] Executing "_fs2gii5" <nipype.interfaces.freesurfer.utils.MRIsConvert>
250527-21:27:25,629 nipype.workflow INFO:
	 [Node] Executing "_fs2gii0" <nipype.interfaces.freesurfer.utils.MRIsConvert>
250527-21:27:26,739 nipype.workflow INFO:
	 [Node] Finished "_fs2gii5", elapsed time 1.382951s.
250527-21:27:26,828 nipype.workflow INFO:
	 [Node] Setting-up "fmriprep_25_0_wf.sub_GEO036_wf.anat_fit_wf.refinement_wf.refine" in "/work/fmriprep_25_0_wf/sub_GEO036_wf/anat_fit_wf/refinement_wf/refine".
250527-21:27:26,829 nipype.workflow INFO:
	 [Node] Setting-up "_fs2gii1" in "/work/fmriprep_25_0_wf/sub_GEO036_wf/anat_fit_wf/gifti_spheres_wf/fs2gii/mapflow/_fs2gii1".
250527-21:27:26,831 nipype.workflow INFO:
	 [Node] Setting-up "_fs2gii2" in "/work/fmriprep_25_0_wf/sub_GEO036_wf/anat_fit_wf/gifti_spheres_wf/fs2gii/mapflow/_fs2gii2".
250527-21:27:26,831 nipype.workflow INFO:
	 [Node] Setting-up "_fs2gii3" in "/work/fmriprep_25_0_wf/sub_GEO036_wf/anat_fit_wf/gifti_spheres_wf/fs2gii/mapflow/_fs2gii3".
250527-21:27:26,874 nipype.workflow INFO:
	 [Node] Finished "_fs2gii0", elapsed time 1.243686s.
250527-21:27:27,390 nipype.workflow INFO:
	 [Node] Executing "_fs2gii2" <nipype.interfaces.freesurfer.utils.MRIsConvert>
250527-21:27:27,402 nipype.workflow INFO:
	 [Node] Executing "_fs2gii1" <nipype.interfaces.freesurfer.utils.MRIsConvert>
250527-21:27:27,877 nipype.workflow INFO:
	 [Node] Finished "recon_report", elapsed time 25.360045s.
250527-21:27:27,918 nipype.workflow INFO:
	 [Node] Executing "refine" <niworkflows.interfaces.freesurfer.RefineBrainMask>
250527-21:27:28,100 nipype.workflow INFO:
	 [Node] Executing "_fs2gii3" <nipype.interfaces.freesurfer.utils.MRIsConvert>
250527-21:27:28,672 nipype.workflow INFO:
	 [Node] Finished "_fs2gii2", elapsed time 1.280604s.
250527-21:27:28,821 nipype.workflow INFO:
	 [Node] Finished "_fs2gii1", elapsed time 1.418711s.
250527-21:27:29,444 nipype.workflow INFO:
	 [Node] Finished "_fs2gii3", elapsed time 1.343063s.
250527-21:27:31,751 nipype.workflow INFO:
	 [Node] Setting-up "_morphs2gii0" in "/work/fmriprep_25_0_wf/sub_GEO036_wf/anat_fit_wf/gifti_morphometrics_wf/morphs2gii/mapflow/_morphs2gii0".
250527-21:27:31,753 nipype.workflow INFO:
	 [Node] Setting-up "_morphs2gii1" in "/work/fmriprep_25_0_wf/sub_GEO036_wf/anat_fit_wf/gifti_morphometrics_wf/morphs2gii/mapflow/_morphs2gii1".
250527-21:27:32,42 nipype.workflow INFO:
	 [Node] Setting-up "_morphs2gii2" in "/work/fmriprep_25_0_wf/sub_GEO036_wf/anat_fit_wf/gifti_morphometrics_wf/morphs2gii/mapflow/_morphs2gii2".
250527-21:27:32,43 nipype.workflow INFO:
	 [Node] Setting-up "_morphs2gii3" in "/work/fmriprep_25_0_wf/sub_GEO036_wf/anat_fit_wf/gifti_morphometrics_wf/morphs2gii/mapflow/_morphs2gii3".
250527-21:27:32,299 nipype.workflow INFO:
	 [Node] Setting-up "_fs2gii0" in "/work/fmriprep_25_0_wf/sub_GEO036_wf/anat_fit_wf/gifti_surface_wf/fs2gii/mapflow/_fs2gii0".
250527-21:27:32,301 nipype.workflow INFO:
	 [Node] Cached "_fs2gii0" - collecting precomputed outputs
250527-21:27:32,302 nipype.workflow INFO:
	 [Node] "_fs2gii0" found cached.
250527-21:27:32,302 nipype.workflow INFO:
	 [Node] Setting-up "_fs2gii1" in "/work/fmriprep_25_0_wf/sub_GEO036_wf/anat_fit_wf/gifti_surface_wf/fs2gii/mapflow/_fs2gii1".
250527-21:27:32,305 nipype.workflow INFO:
	 [Node] Cached "_fs2gii1" - collecting precomputed outputs
250527-21:27:32,305 nipype.workflow INFO:
	 [Node] "_fs2gii1" found cached.
250527-21:27:32,305 nipype.workflow INFO:
	 [Node] Setting-up "_fs2gii2" in "/work/fmriprep_25_0_wf/sub_GEO036_wf/anat_fit_wf/gifti_surface_wf/fs2gii/mapflow/_fs2gii2".
250527-21:27:32,308 nipype.workflow INFO:
	 [Node] Cached "_fs2gii2" - collecting precomputed outputs
250527-21:27:32,308 nipype.workflow INFO:
	 [Node] "_fs2gii2" found cached.
250527-21:27:32,309 nipype.workflow INFO:
	 [Node] Setting-up "_fs2gii3" in "/work/fmriprep_25_0_wf/sub_GEO036_wf/anat_fit_wf/gifti_surface_wf/fs2gii/mapflow/_fs2gii3".
250527-21:27:32,311 nipype.workflow INFO:
	 [Node] Cached "_fs2gii3" - collecting precomputed outputs
250527-21:27:32,311 nipype.workflow INFO:
	 [Node] "_fs2gii3" found cached.
250527-21:27:32,312 nipype.workflow INFO:
	 [Node] Setting-up "_fs2gii4" in "/work/fmriprep_25_0_wf/sub_GEO036_wf/anat_fit_wf/gifti_surface_wf/fs2gii/mapflow/_fs2gii4".
250527-21:27:32,315 nipype.workflow INFO:
	 [Node] Cached "_fs2gii4" - collecting precomputed outputs
250527-21:27:32,315 nipype.workflow INFO:
	 [Node] "_fs2gii4" found cached.
250527-21:27:32,316 nipype.workflow INFO:
	 [Node] Setting-up "_fs2gii5" in "/work/fmriprep_25_0_wf/sub_GEO036_wf/anat_fit_wf/gifti_surface_wf/fs2gii/mapflow/_fs2gii5".
250527-21:27:32,318 nipype.workflow INFO:
	 [Node] Cached "_fs2gii5" - collecting precomputed outputs
250527-21:27:32,318 nipype.workflow INFO:
	 [Node] "_fs2gii5" found cached.
250527-21:27:32,944 nipype.workflow INFO:
	 [Node] Executing "_morphs2gii3" <smriprep.interfaces.freesurfer.MRIsConvertData>
250527-21:27:33,81 nipype.workflow INFO:
	 [Node] Executing "_morphs2gii0" <smriprep.interfaces.freesurfer.MRIsConvertData>
250527-21:27:33,87 nipype.workflow INFO:
	 [Node] Executing "_morphs2gii2" <smriprep.interfaces.freesurfer.MRIsConvertData>
250527-21:27:33,294 nipype.workflow INFO:
	 [Node] Executing "_morphs2gii1" <smriprep.interfaces.freesurfer.MRIsConvertData>
250527-21:27:33,369 nipype.workflow INFO:
	 [Node] Setting-up "_fs2gii0" in "/work/fmriprep_25_0_wf/sub_GEO036_wf/anat_fit_wf/gifti_spheres_wf/fs2gii/mapflow/_fs2gii0".
250527-21:27:33,372 nipype.workflow INFO:
	 [Node] Cached "_fs2gii0" - collecting precomputed outputs
250527-21:27:33,372 nipype.workflow INFO:
	 [Node] "_fs2gii0" found cached.
250527-21:27:33,373 nipype.workflow INFO:
	 [Node] Setting-up "_fs2gii1" in "/work/fmriprep_25_0_wf/sub_GEO036_wf/anat_fit_wf/gifti_spheres_wf/fs2gii/mapflow/_fs2gii1".
250527-21:27:33,376 nipype.workflow INFO:
	 [Node] Cached "_fs2gii1" - collecting precomputed outputs
250527-21:27:33,376 nipype.workflow INFO:
	 [Node] "_fs2gii1" found cached.
250527-21:27:33,377 nipype.workflow INFO:
	 [Node] Setting-up "_fs2gii2" in "/work/fmriprep_25_0_wf/sub_GEO036_wf/anat_fit_wf/gifti_spheres_wf/fs2gii/mapflow/_fs2gii2".
250527-21:27:33,381 nipype.workflow INFO:
	 [Node] Cached "_fs2gii2" - collecting precomputed outputs
250527-21:27:33,381 nipype.workflow INFO:
	 [Node] "_fs2gii2" found cached.
250527-21:27:33,382 nipype.workflow INFO:
	 [Node] Setting-up "_fs2gii3" in "/work/fmriprep_25_0_wf/sub_GEO036_wf/anat_fit_wf/gifti_spheres_wf/fs2gii/mapflow/_fs2gii3".
250527-21:27:33,386 nipype.workflow INFO:
	 [Node] Cached "_fs2gii3" - collecting precomputed outputs
250527-21:27:33,386 nipype.workflow INFO:
	 [Node] "_fs2gii3" found cached.
250527-21:27:33,982 nipype.workflow INFO:
	 [Node] Finished "_morphs2gii3", elapsed time 1.037215s.
250527-21:27:34,40 nipype.workflow INFO:
	 [Node] Finished "_morphs2gii0", elapsed time 0.956832s.
250527-21:27:34,41 nipype.workflow INFO:
	 [Node] Finished "_morphs2gii2", elapsed time 0.952775s.
250527-21:27:34,509 nipype.workflow INFO:
	 [Node] Finished "_morphs2gii1", elapsed time 1.2131669999999999s.
250527-21:27:36,101 nipype.workflow INFO:
	 [Node] Setting-up "_fix_surfs1" in "/work/fmriprep_25_0_wf/sub_GEO036_wf/anat_fit_wf/gifti_surface_wf/fix_surfs/mapflow/_fix_surfs1".
250527-21:27:36,101 nipype.workflow INFO:
	 [Node] Setting-up "_fix_surfs3" in "/work/fmriprep_25_0_wf/sub_GEO036_wf/anat_fit_wf/gifti_surface_wf/fix_surfs/mapflow/_fix_surfs3".
250527-21:27:36,101 nipype.workflow INFO:
	 [Node] Setting-up "_fix_surfs2" in "/work/fmriprep_25_0_wf/sub_GEO036_wf/anat_fit_wf/gifti_surface_wf/fix_surfs/mapflow/_fix_surfs2".
250527-21:27:36,101 nipype.workflow INFO:
	 [Node] Setting-up "_fix_surfs0" in "/work/fmriprep_25_0_wf/sub_GEO036_wf/anat_fit_wf/gifti_surface_wf/fix_surfs/mapflow/_fix_surfs0".
250527-21:27:36,103 nipype.workflow INFO:
	 [Node] Setting-up "_fix_surfs4" in "/work/fmriprep_25_0_wf/sub_GEO036_wf/anat_fit_wf/gifti_surface_wf/fix_surfs/mapflow/_fix_surfs4".
250527-21:27:37,294 nipype.workflow INFO:
	 [Node] Executing "_fix_surfs3" <smriprep.interfaces.surf.NormalizeSurf>
250527-21:27:37,320 nipype.workflow INFO:
	 [Node] Executing "_fix_surfs2" <smriprep.interfaces.surf.NormalizeSurf>
250527-21:27:37,344 nipype.workflow INFO:
	 [Node] Setting-up "_morphs2gii0" in "/work/fmriprep_25_0_wf/sub_GEO036_wf/anat_fit_wf/gifti_morphometrics_wf/morphs2gii/mapflow/_morphs2gii0".
250527-21:27:37,347 nipype.workflow INFO:
	 [Node] Cached "_morphs2gii0" - collecting precomputed outputs
250527-21:27:37,347 nipype.workflow INFO:
	 [Node] "_morphs2gii0" found cached.
250527-21:27:37,348 nipype.workflow INFO:
	 [Node] Setting-up "_morphs2gii1" in "/work/fmriprep_25_0_wf/sub_GEO036_wf/anat_fit_wf/gifti_morphometrics_wf/morphs2gii/mapflow/_morphs2gii1".
250527-21:27:37,351 nipype.workflow INFO:
	 [Node] Cached "_morphs2gii1" - collecting precomputed outputs
250527-21:27:37,351 nipype.workflow INFO:
	 [Node] "_morphs2gii1" found cached.
250527-21:27:37,352 nipype.workflow INFO:
	 [Node] Setting-up "_morphs2gii2" in "/work/fmriprep_25_0_wf/sub_GEO036_wf/anat_fit_wf/gifti_morphometrics_wf/morphs2gii/mapflow/_morphs2gii2".
250527-21:27:37,355 nipype.workflow INFO:
	 [Node] Cached "_morphs2gii2" - collecting precomputed outputs
250527-21:27:37,355 nipype.workflow INFO:
	 [Node] "_morphs2gii2" found cached.
250527-21:27:37,355 nipype.workflow INFO:
	 [Node] Setting-up "_morphs2gii3" in "/work/fmriprep_25_0_wf/sub_GEO036_wf/anat_fit_wf/gifti_morphometrics_wf/morphs2gii/mapflow/_morphs2gii3".
250527-21:27:37,358 nipype.workflow INFO:
	 [Node] Cached "_morphs2gii3" - collecting precomputed outputs
250527-21:27:37,358 nipype.workflow INFO:
	 [Node] "_morphs2gii3" found cached.
250527-21:27:37,641 nipype.workflow INFO:
	 [Node] Executing "_fix_surfs1" <smriprep.interfaces.surf.NormalizeSurf>
250527-21:27:37,670 nipype.workflow INFO:
	 [Node] Executing "_fix_surfs0" <smriprep.interfaces.surf.NormalizeSurf>
250527-21:27:37,919 nipype.workflow INFO:
	 [Node] Finished "_fix_surfs2", elapsed time 0.597785s.
250527-21:27:37,978 nipype.workflow INFO:
	 [Node] Finished "_fix_surfs3", elapsed time 0.682712s.
250527-21:27:38,139 nipype.workflow INFO:
	 [Node] Executing "_fix_surfs4" <smriprep.interfaces.surf.NormalizeSurf>
250527-21:27:38,288 nipype.workflow INFO:
	 [Node] Finished "_fix_surfs1", elapsed time 0.645634s.
250527-21:27:38,375 nipype.workflow INFO:
	 [Node] Finished "_fix_surfs0", elapsed time 0.703463s.
250527-21:27:38,667 nipype.workflow INFO:
	 [Node] Finished "_fix_surfs4", elapsed time 0.527421s.
250527-21:27:41,640 nipype.workflow INFO:
	 [Node] Setting-up "_fix_surfs0" in "/work/fmriprep_25_0_wf/sub_GEO036_wf/anat_fit_wf/gifti_spheres_wf/fix_surfs/mapflow/_fix_surfs0".
250527-21:27:41,641 nipype.workflow INFO:
	 [Node] Setting-up "_fix_surfs5" in "/work/fmriprep_25_0_wf/sub_GEO036_wf/anat_fit_wf/gifti_surface_wf/fix_surfs/mapflow/_fix_surfs5".
250527-21:27:41,641 nipype.workflow INFO:
	 [Node] Setting-up "_fix_surfs1" in "/work/fmriprep_25_0_wf/sub_GEO036_wf/anat_fit_wf/gifti_spheres_wf/fix_surfs/mapflow/_fix_surfs1".
250527-21:27:41,642 nipype.workflow INFO:
	 [Node] Setting-up "_fix_surfs2" in "/work/fmriprep_25_0_wf/sub_GEO036_wf/anat_fit_wf/gifti_spheres_wf/fix_surfs/mapflow/_fix_surfs2".
250527-21:27:41,642 nipype.workflow INFO:
	 [Node] Setting-up "_fix_surfs3" in "/work/fmriprep_25_0_wf/sub_GEO036_wf/anat_fit_wf/gifti_spheres_wf/fix_surfs/mapflow/_fix_surfs3".
250527-21:27:42,356 nipype.workflow INFO:
	 [Node] Executing "_fix_surfs5" <smriprep.interfaces.surf.NormalizeSurf>
250527-21:27:42,425 nipype.workflow INFO:
	 [Node] Executing "_fix_surfs0" <smriprep.interfaces.surf.NormalizeSurf>
250527-21:27:42,674 nipype.workflow INFO:
	 [Node] Executing "_fix_surfs1" <smriprep.interfaces.surf.NormalizeSurf>
250527-21:27:42,682 nipype.workflow INFO:
	 [Node] Executing "_fix_surfs2" <smriprep.interfaces.surf.NormalizeSurf>
250527-21:27:42,716 nipype.workflow INFO:
	 [Node] Executing "_fix_surfs3" <smriprep.interfaces.surf.NormalizeSurf>
250527-21:27:42,909 nipype.workflow INFO:
	 [Node] Finished "_fix_surfs5", elapsed time 0.551587s.
250527-21:27:42,980 nipype.workflow INFO:
	 [Node] Finished "_fix_surfs0", elapsed time 0.554734s.
250527-21:27:43,242 nipype.workflow INFO:
	 [Node] Finished "_fix_surfs3", elapsed time 0.525727s.
250527-21:27:43,263 nipype.workflow INFO:
	 [Node] Finished "_fix_surfs1", elapsed time 0.588408s.
250527-21:27:43,338 nipype.workflow INFO:
	 [Node] Finished "_fix_surfs2", elapsed time 0.655939s.
250527-21:27:44,667 nipype.workflow INFO:
	 [Node] Setting-up "_fix_surfs0" in "/work/fmriprep_25_0_wf/sub_GEO036_wf/anat_fit_wf/gifti_surface_wf/fix_surfs/mapflow/_fix_surfs0".
250527-21:27:44,670 nipype.workflow INFO:
	 [Node] Cached "_fix_surfs0" - collecting precomputed outputs
250527-21:27:44,670 nipype.workflow INFO:
	 [Node] "_fix_surfs0" found cached.
250527-21:27:44,671 nipype.workflow INFO:
	 [Node] Setting-up "_fix_surfs1" in "/work/fmriprep_25_0_wf/sub_GEO036_wf/anat_fit_wf/gifti_surface_wf/fix_surfs/mapflow/_fix_surfs1".
250527-21:27:44,675 nipype.workflow INFO:
	 [Node] Cached "_fix_surfs1" - collecting precomputed outputs
250527-21:27:44,675 nipype.workflow INFO:
	 [Node] "_fix_surfs1" found cached.
250527-21:27:44,676 nipype.workflow INFO:
	 [Node] Setting-up "_fix_surfs2" in "/work/fmriprep_25_0_wf/sub_GEO036_wf/anat_fit_wf/gifti_surface_wf/fix_surfs/mapflow/_fix_surfs2".
250527-21:27:44,678 nipype.workflow INFO:
	 [Node] Cached "_fix_surfs2" - collecting precomputed outputs
250527-21:27:44,679 nipype.workflow INFO:
	 [Node] "_fix_surfs2" found cached.
250527-21:27:44,679 nipype.workflow INFO:
	 [Node] Setting-up "_fix_surfs3" in "/work/fmriprep_25_0_wf/sub_GEO036_wf/anat_fit_wf/gifti_surface_wf/fix_surfs/mapflow/_fix_surfs3".
250527-21:27:44,682 nipype.workflow INFO:
	 [Node] Cached "_fix_surfs3" - collecting precomputed outputs
250527-21:27:44,682 nipype.workflow INFO:
	 [Node] "_fix_surfs3" found cached.
250527-21:27:44,683 nipype.workflow INFO:
	 [Node] Setting-up "_fix_surfs4" in "/work/fmriprep_25_0_wf/sub_GEO036_wf/anat_fit_wf/gifti_surface_wf/fix_surfs/mapflow/_fix_surfs4".
250527-21:27:44,686 nipype.workflow INFO:
	 [Node] Cached "_fix_surfs4" - collecting precomputed outputs
250527-21:27:44,686 nipype.workflow INFO:
	 [Node] "_fix_surfs4" found cached.
250527-21:27:44,686 nipype.workflow INFO:
	 [Node] Setting-up "_fix_surfs5" in "/work/fmriprep_25_0_wf/sub_GEO036_wf/anat_fit_wf/gifti_surface_wf/fix_surfs/mapflow/_fix_surfs5".
250527-21:27:44,689 nipype.workflow INFO:
	 [Node] Cached "_fix_surfs5" - collecting precomputed outputs
250527-21:27:44,689 nipype.workflow INFO:
	 [Node] "_fix_surfs5" found cached.
250527-21:27:44,861 nipype.workflow INFO:
	 [Node] Setting-up "_fix_surfs0" in "/work/fmriprep_25_0_wf/sub_GEO036_wf/anat_fit_wf/gifti_spheres_wf/fix_surfs/mapflow/_fix_surfs0".
250527-21:27:44,864 nipype.workflow INFO:
	 [Node] Cached "_fix_surfs0" - collecting precomputed outputs
250527-21:27:44,864 nipype.workflow INFO:
	 [Node] "_fix_surfs0" found cached.
250527-21:27:44,865 nipype.workflow INFO:
	 [Node] Setting-up "_fix_surfs1" in "/work/fmriprep_25_0_wf/sub_GEO036_wf/anat_fit_wf/gifti_spheres_wf/fix_surfs/mapflow/_fix_surfs1".
250527-21:27:44,868 nipype.workflow INFO:
	 [Node] Cached "_fix_surfs1" - collecting precomputed outputs
250527-21:27:44,868 nipype.workflow INFO:
	 [Node] "_fix_surfs1" found cached.
250527-21:27:44,869 nipype.workflow INFO:
	 [Node] Setting-up "_fix_surfs2" in "/work/fmriprep_25_0_wf/sub_GEO036_wf/anat_fit_wf/gifti_spheres_wf/fix_surfs/mapflow/_fix_surfs2".
250527-21:27:44,871 nipype.workflow INFO:
	 [Node] Cached "_fix_surfs2" - collecting precomputed outputs
250527-21:27:44,871 nipype.workflow INFO:
	 [Node] "_fix_surfs2" found cached.
250527-21:27:44,872 nipype.workflow INFO:
	 [Node] Setting-up "_fix_surfs3" in "/work/fmriprep_25_0_wf/sub_GEO036_wf/anat_fit_wf/gifti_spheres_wf/fix_surfs/mapflow/_fix_surfs3".
250527-21:27:44,875 nipype.workflow INFO:
	 [Node] Cached "_fix_surfs3" - collecting precomputed outputs
250527-21:27:44,875 nipype.workflow INFO:
	 [Node] "_fix_surfs3" found cached.
250527-21:27:48,99 nipype.workflow INFO:
	 [Node] Finished "refine", elapsed time 20.179843s.
250527-21:27:53,356 nipype.workflow INFO:
	 [Node] Setting-up "_invert_sulc0" in "/work/fmriprep_25_0_wf/sub_GEO036_wf/anat_fit_wf/msm_sulc_wf/invert_sulc/mapflow/_invert_sulc0".
250527-21:27:53,356 nipype.workflow INFO:
	 [Node] Setting-up "_invert_sulc1" in "/work/fmriprep_25_0_wf/sub_GEO036_wf/anat_fit_wf/msm_sulc_wf/invert_sulc/mapflow/_invert_sulc1".
250527-21:27:54,418 nipype.workflow INFO:
	 [Node] Executing "_invert_sulc1" <smriprep.interfaces.gifti.MetricMath>
250527-21:27:54,706 nipype.workflow INFO:
	 [Node] Finished "_invert_sulc1", elapsed time 0.286343s.
250527-21:27:54,907 nipype.workflow INFO:
	 [Node] Executing "_invert_sulc0" <smriprep.interfaces.gifti.MetricMath>
250527-21:27:55,98 nipype.workflow INFO:
	 [Node] Finished "_invert_sulc0", elapsed time 0.19028s.
250527-21:28:08,64 nipype.workflow INFO:
	 [Node] Setting-up "fmriprep_25_0_wf.sub_GEO036_wf.anat_fit_wf.applyrefined" in "/work/fmriprep_25_0_wf/sub_GEO036_wf/anat_fit_wf/applyrefined".
250527-21:28:08,632 nipype.workflow INFO:
	 [Node] Executing "applyrefined" <nipype.interfaces.fsl.maths.ApplyMask>
250527-21:28:09,973 nipype.workflow INFO:
	 [Node] Finished "applyrefined", elapsed time 1.340071s.
250527-21:28:10,150 nipype.workflow INFO:
	 [Node] Setting-up "_invert_sulc0" in "/work/fmriprep_25_0_wf/sub_GEO036_wf/anat_fit_wf/msm_sulc_wf/invert_sulc/mapflow/_invert_sulc0".
250527-21:28:10,153 nipype.workflow INFO:
	 [Node] Cached "_invert_sulc0" - collecting precomputed outputs
250527-21:28:10,153 nipype.workflow INFO:
	 [Node] "_invert_sulc0" found cached.
250527-21:28:10,153 nipype.workflow INFO:
	 [Node] Setting-up "_invert_sulc1" in "/work/fmriprep_25_0_wf/sub_GEO036_wf/anat_fit_wf/msm_sulc_wf/invert_sulc/mapflow/_invert_sulc1".
250527-21:28:10,156 nipype.workflow INFO:
	 [Node] Cached "_invert_sulc1" - collecting precomputed outputs
250527-21:28:10,156 nipype.workflow INFO:
	 [Node] "_invert_sulc1" found cached.
250527-21:28:12,238 nipype.workflow INFO:
	 [Node] Setting-up "fmriprep_25_0_wf.sub_GEO036_wf.ds_std_volumes_wf.mask_anat" in "/work/fmriprep_25_0_wf/sub_GEO036_wf/ds_std_volumes_wf/mask_anat".
250527-21:28:12,242 nipype.workflow INFO:
	 [Node] Setting-up "fmriprep_25_0_wf.sub_GEO036_wf.bold_ses_t2_task_image_run_1_wf.bold_anat_wf.gen_ref" in "/work/fmriprep_25_0_wf/sub_GEO036_wf/bold_ses_t2_task_image_run_1_wf/bold_anat_wf/gen_ref".
250527-21:28:12,247 nipype.workflow INFO:
	 [Node] Setting-up "fmriprep_25_0_wf.sub_GEO036_wf.bold_ses_t2_task_image_run_2_wf.bold_anat_wf.gen_ref" in "/work/fmriprep_25_0_wf/sub_GEO036_wf/bold_ses_t2_task_image_run_2_wf/bold_anat_wf/gen_ref".
250527-21:28:12,247 nipype.workflow INFO:
	 [Node] Setting-up "fmriprep_25_0_wf.sub_GEO036_wf.bold_ses_t2_task_image_run_3_wf.bold_anat_wf.gen_ref" in "/work/fmriprep_25_0_wf/sub_GEO036_wf/bold_ses_t2_task_image_run_3_wf/bold_anat_wf/gen_ref".
250527-21:28:12,248 nipype.workflow INFO:
	 [Node] Setting-up "fmriprep_25_0_wf.sub_GEO036_wf.bold_ses_t2_task_image_run_4_wf.bold_anat_wf.gen_ref" in "/work/fmriprep_25_0_wf/sub_GEO036_wf/bold_ses_t2_task_image_run_4_wf/bold_anat_wf/gen_ref".
250527-21:28:12,545 nipype.workflow INFO:
	 [Node] Setting-up "fmriprep_25_0_wf.sub_GEO036_wf.anat_fit_wf.fast" in "/work/fmriprep_25_0_wf/sub_GEO036_wf/anat_fit_wf/fast".
250527-21:28:12,547 nipype.workflow INFO:
	 [Node] Setting-up "fmriprep_25_0_wf.sub_GEO036_wf.bold_ses_t2_task_image_run_5_wf.bold_anat_wf.gen_ref" in "/work/fmriprep_25_0_wf/sub_GEO036_wf/bold_ses_t2_task_image_run_5_wf/bold_anat_wf/gen_ref".
250527-21:28:13,192 nipype.workflow INFO:
	 [Node] Executing "fast" <nipype.interfaces.fsl.preprocess.FAST>
250527-21:28:13,204 nipype.workflow INFO:
	 [Node] Executing "gen_ref" <niworkflows.interfaces.nibabel.GenerateSamplingReference>
250527-21:28:13,275 nipype.workflow INFO:
	 [Node] Executing "gen_ref" <niworkflows.interfaces.nibabel.GenerateSamplingReference>
250527-21:28:13,326 nipype.workflow INFO:
	 [Node] Executing "mask_anat" <niworkflows.interfaces.nibabel.ApplyMask>
250527-21:28:13,342 nipype.workflow INFO:
	 [Node] Executing "gen_ref" <niworkflows.interfaces.nibabel.GenerateSamplingReference>
250527-21:28:13,387 nipype.workflow INFO:
	 [Node] Executing "gen_ref" <niworkflows.interfaces.nibabel.GenerateSamplingReference>
250527-21:28:13,443 nipype.workflow INFO:
	 [Node] Executing "gen_ref" <niworkflows.interfaces.nibabel.GenerateSamplingReference>
250527-21:28:14,49 nipype.workflow INFO:
	 [Node] Finished "mask_anat", elapsed time 0.721938s.
250527-21:28:14,155 nipype.workflow INFO:
	 [Node] Finished "gen_ref", elapsed time 0.949441s.
250527-21:28:14,190 nipype.workflow INFO:
	 [Node] Finished "gen_ref", elapsed time 0.913504s.
250527-21:28:14,312 nipype.workflow INFO:
	 [Node] Finished "gen_ref", elapsed time 0.969076s.
250527-21:28:14,353 nipype.workflow INFO:
	 [Node] Finished "gen_ref", elapsed time 0.964687s.
250527-21:28:14,566 nipype.workflow INFO:
	 [Node] Setting-up "fmriprep_25_0_wf.sub_GEO036_wf.bold_ses_t3_task_image_run_1_wf.bold_anat_wf.gen_ref" in "/work/fmriprep_25_0_wf/sub_GEO036_wf/bold_ses_t3_task_image_run_1_wf/bold_anat_wf/gen_ref".
250527-21:28:14,933 nipype.workflow INFO:
	 [Node] Finished "gen_ref", elapsed time 1.488566s.
250527-21:28:15,189 nipype.workflow INFO:
	 [Node] Executing "gen_ref" <niworkflows.interfaces.nibabel.GenerateSamplingReference>
250527-21:28:16,108 nipype.workflow INFO:
	 [Node] Finished "gen_ref", elapsed time 0.918512s.
250527-21:28:16,555 nipype.workflow INFO:
	 [Node] Setting-up "fmriprep_25_0_wf.sub_GEO036_wf.bold_ses_t3_task_image_run_2_wf.bold_anat_wf.gen_ref" in "/work/fmriprep_25_0_wf/sub_GEO036_wf/bold_ses_t3_task_image_run_2_wf/bold_anat_wf/gen_ref".
250527-21:28:16,559 nipype.workflow INFO:
	 [Node] Setting-up "fmriprep_25_0_wf.sub_GEO036_wf.bold_ses_t3_task_image_run_3_wf.bold_anat_wf.gen_ref" in "/work/fmriprep_25_0_wf/sub_GEO036_wf/bold_ses_t3_task_image_run_3_wf/bold_anat_wf/gen_ref".
250527-21:28:16,563 nipype.workflow INFO:
	 [Node] Setting-up "fmriprep_25_0_wf.sub_GEO036_wf.bold_ses_t3_task_image_run_4_wf.bold_anat_wf.gen_ref" in "/work/fmriprep_25_0_wf/sub_GEO036_wf/bold_ses_t3_task_image_run_4_wf/bold_anat_wf/gen_ref".
250527-21:28:16,566 nipype.workflow INFO:
	 [Node] Setting-up "fmriprep_25_0_wf.sub_GEO036_wf.bold_ses_t3_task_image_run_5_wf.bold_anat_wf.gen_ref" in "/work/fmriprep_25_0_wf/sub_GEO036_wf/bold_ses_t3_task_image_run_5_wf/bold_anat_wf/gen_ref".
250527-21:28:16,567 nipype.workflow INFO:
	 [Node] Setting-up "fmriprep_25_0_wf.sub_GEO036_wf.bold_ses_t3_task_retrans_run_1_wf.bold_anat_wf.gen_ref" in "/work/fmriprep_25_0_wf/sub_GEO036_wf/bold_ses_t3_task_retrans_run_1_wf/bold_anat_wf/gen_ref".
250527-21:28:17,388 nipype.workflow INFO:
	 [Node] Executing "gen_ref" <niworkflows.interfaces.nibabel.GenerateSamplingReference>
250527-21:28:17,401 nipype.workflow INFO:
	 [Node] Executing "gen_ref" <niworkflows.interfaces.nibabel.GenerateSamplingReference>
250527-21:28:17,688 nipype.workflow INFO:
	 [Node] Executing "gen_ref" <niworkflows.interfaces.nibabel.GenerateSamplingReference>
250527-21:28:18,138 nipype.workflow INFO:
	 [Node] Executing "gen_ref" <niworkflows.interfaces.nibabel.GenerateSamplingReference>
250527-21:28:18,351 nipype.workflow INFO:
	 [Node] Finished "gen_ref", elapsed time 0.96149s.
250527-21:28:18,487 nipype.workflow INFO:
	 [Node] Executing "gen_ref" <niworkflows.interfaces.nibabel.GenerateSamplingReference>
250527-21:28:18,549 nipype.workflow INFO:
	 [Node] Finished "gen_ref", elapsed time 1.147544s.
250527-21:28:18,649 nipype.workflow INFO:
	 [Node] Finished "gen_ref", elapsed time 0.960341s.
250527-21:28:19,172 nipype.workflow INFO:
	 [Node] Finished "gen_ref", elapsed time 1.032473s.
250527-21:28:19,517 nipype.workflow INFO:
	 [Node] Finished "gen_ref", elapsed time 1.028805s.
250527-21:28:29,944 nipype.workflow INFO:
	 [Node] Setting-up "_create_wm_distvol0" in "/work/fmriprep_25_0_wf/sub_GEO036_wf/anat_fit_wf/anat_ribbon_wf/create_wm_distvol/mapflow/_create_wm_distvol0".
250527-21:28:30,439 nipype.workflow INFO:
	 [Node] Executing "_create_wm_distvol0" <smriprep.interfaces.workbench.CreateSignedDistanceVolume>
250527-21:28:47,69 nipype.workflow INFO:
	 [Node] Setting-up "_create_wm_distvol1" in "/work/fmriprep_25_0_wf/sub_GEO036_wf/anat_fit_wf/anat_ribbon_wf/create_wm_distvol/mapflow/_create_wm_distvol1".
250527-21:28:47,71 nipype.workflow INFO:
	 [Node] Setting-up "_create_pial_distvol0" in "/work/fmriprep_25_0_wf/sub_GEO036_wf/anat_fit_wf/anat_ribbon_wf/create_pial_distvol/mapflow/_create_pial_distvol0".
250527-21:28:47,72 nipype.workflow INFO:
	 [Node] Setting-up "_create_pial_distvol1" in "/work/fmriprep_25_0_wf/sub_GEO036_wf/anat_fit_wf/anat_ribbon_wf/create_pial_distvol/mapflow/_create_pial_distvol1".
250527-21:28:47,679 nipype.workflow INFO:
	 [Node] Executing "_create_pial_distvol0" <smriprep.interfaces.workbench.CreateSignedDistanceVolume>
250527-21:28:47,809 nipype.workflow INFO:
	 [Node] Executing "_create_wm_distvol1" <smriprep.interfaces.workbench.CreateSignedDistanceVolume>
250527-21:28:48,76 nipype.workflow INFO:
	 [Node] Executing "_create_pial_distvol1" <smriprep.interfaces.workbench.CreateSignedDistanceVolume>
250527-21:28:51,939 nipype.workflow INFO:
	 [Node] Setting-up "_project_unproject0" in "/work/fmriprep_25_0_wf/sub_GEO036_wf/anat_fit_wf/fsLR_reg_wf/project_unproject/mapflow/_project_unproject0".
250527-21:28:51,941 nipype.workflow INFO:
	 [Node] Setting-up "_project_unproject1" in "/work/fmriprep_25_0_wf/sub_GEO036_wf/anat_fit_wf/fsLR_reg_wf/project_unproject/mapflow/_project_unproject1".
250527-21:28:52,379 nipype.workflow INFO:
	 [Node] Executing "_project_unproject1" <smriprep.interfaces.workbench.SurfaceSphereProjectUnproject>
250527-21:28:52,438 nipype.workflow INFO:
	 [Node] Executing "_project_unproject0" <smriprep.interfaces.workbench.SurfaceSphereProjectUnproject>
250527-21:28:53,661 nipype.workflow INFO:
	 [Node] Finished "bbreg", elapsed time 110.589667s.
250527-21:28:55,139 nipype.workflow INFO:
	 [Node] Finished "_project_unproject1", elapsed time 2.568997s.
250527-21:28:55,152 nipype.workflow INFO:
	 [Node] Finished "_project_unproject0", elapsed time 2.526062s.
250527-21:29:04,305 nipype.workflow INFO:
	 [Node] Setting-up "_project_unproject0" in "/work/fmriprep_25_0_wf/sub_GEO036_wf/anat_fit_wf/fsLR_reg_wf/project_unproject/mapflow/_project_unproject0".
250527-21:29:04,308 nipype.workflow INFO:
	 [Node] Cached "_project_unproject0" - collecting precomputed outputs
250527-21:29:04,309 nipype.workflow INFO:
	 [Node] "_project_unproject0" found cached.
250527-21:29:04,309 nipype.workflow INFO:
	 [Node] Setting-up "_project_unproject1" in "/work/fmriprep_25_0_wf/sub_GEO036_wf/anat_fit_wf/fsLR_reg_wf/project_unproject/mapflow/_project_unproject1".
250527-21:29:04,312 nipype.workflow INFO:
	 [Node] Cached "_project_unproject1" - collecting precomputed outputs
250527-21:29:04,312 nipype.workflow INFO:
	 [Node] "_project_unproject1" found cached.
250527-21:29:06,194 nipype.workflow INFO:
	 [Node] Setting-up "fmriprep_25_0_wf.sub_GEO036_wf.anat_fit_wf.t2w_resample" in "/work/fmriprep_25_0_wf/sub_GEO036_wf/anat_fit_wf/t2w_resample".
250527-21:29:07,907 nipype.workflow INFO:
	 [Node] Finished "_create_wm_distvol0", elapsed time 34.451866s.
250527-21:29:08,136 nipype.workflow INFO:
	 [Node] Executing "t2w_resample" <niworkflows.interfaces.fixes.FixHeaderApplyTransforms>
250527-21:29:14,646 nipype.workflow INFO:
	 [Node] Finished "fast", elapsed time 61.452976s.
250527-21:29:17,488 nipype.workflow INFO:
	 [Node] Setting-up "fmriprep_25_0_wf.sub_GEO036_wf.anat_fit_wf.lut_t1w_dseg" in "/work/fmriprep_25_0_wf/sub_GEO036_wf/anat_fit_wf/lut_t1w_dseg".
250527-21:29:18,169 nipype.workflow INFO:
	 [Node] Executing "lut_t1w_dseg" <nipype.interfaces.utility.wrappers.Function>
250527-21:29:18,364 nipype.workflow INFO:
	 [Node] Finished "lut_t1w_dseg", elapsed time 0.19378s.
250527-21:29:18,764 nipype.workflow INFO:
	 [Node] Setting-up "_regress_affine0" in "/work/fmriprep_25_0_wf/sub_GEO036_wf/anat_fit_wf/msm_sulc_wf/regress_affine/mapflow/_regress_affine0".
250527-21:29:18,765 nipype.workflow INFO:
	 [Node] Setting-up "_regress_affine1" in "/work/fmriprep_25_0_wf/sub_GEO036_wf/anat_fit_wf/msm_sulc_wf/regress_affine/mapflow/_regress_affine1".
250527-21:29:19,182 nipype.workflow INFO:
	 [Node] Executing "_regress_affine0" <smriprep.interfaces.workbench.SurfaceAffineRegression>
250527-21:29:19,315 nipype.workflow INFO:
	 [Node] Executing "_regress_affine1" <smriprep.interfaces.workbench.SurfaceAffineRegression>
250527-21:29:19,890 nipype.workflow INFO:
	 [Node] Finished "_regress_affine0", elapsed time 0.488704s.
250527-21:29:20,30 nipype.workflow INFO:
	 [Node] Finished "_regress_affine1", elapsed time 0.507997s.
250527-21:29:22,495 nipype.workflow INFO:
	 [Node] Finished "_create_wm_distvol1", elapsed time 34.506709s.
250527-21:29:27,415 nipype.workflow INFO:
	 [Node] Setting-up "fmriprep_25_0_wf.sub_GEO036_wf.anat_fit_wf.anat_reports_wf.seg_rpt" in "/work/fmriprep_25_0_wf/sub_GEO036_wf/anat_fit_wf/anat_reports_wf/seg_rpt".
250527-21:29:27,422 nipype.workflow INFO:
	 [Node] Setting-up "fmriprep_25_0_wf.sub_GEO036_wf.bold_ses_t2_task_image_run_1_wf.bold_fit_wf.func_fit_reports_wf.t1w_wm" in "/work/fmriprep_25_0_wf/sub_GEO036_wf/bold_ses_t2_task_image_run_1_wf/bold_fit_wf/func_fit_reports_wf/t1w_wm".
250527-21:29:27,432 nipype.workflow INFO:
	 [Node] Setting-up "fmriprep_25_0_wf.sub_GEO036_wf.bold_ses_t2_task_image_run_2_wf.bold_fit_wf.func_fit_reports_wf.t1w_wm" in "/work/fmriprep_25_0_wf/sub_GEO036_wf/bold_ses_t2_task_image_run_2_wf/bold_fit_wf/func_fit_reports_wf/t1w_wm".
250527-21:29:27,671 nipype.workflow INFO:
	 [Node] Setting-up "_create_wm_distvol0" in "/work/fmriprep_25_0_wf/sub_GEO036_wf/anat_fit_wf/anat_ribbon_wf/create_wm_distvol/mapflow/_create_wm_distvol0".
250527-21:29:27,674 nipype.workflow INFO:
	 [Node] Cached "_create_wm_distvol0" - collecting precomputed outputs
250527-21:29:27,674 nipype.workflow INFO:
	 [Node] "_create_wm_distvol0" found cached.
250527-21:29:27,675 nipype.workflow INFO:
	 [Node] Setting-up "_create_wm_distvol1" in "/work/fmriprep_25_0_wf/sub_GEO036_wf/anat_fit_wf/anat_ribbon_wf/create_wm_distvol/mapflow/_create_wm_distvol1".
250527-21:29:27,678 nipype.workflow INFO:
	 [Node] Cached "_create_wm_distvol1" - collecting precomputed outputs
250527-21:29:27,678 nipype.workflow INFO:
	 [Node] "_create_wm_distvol1" found cached.
250527-21:29:27,703 nipype.workflow INFO:
	 [Node] Setting-up "_regress_affine0" in "/work/fmriprep_25_0_wf/sub_GEO036_wf/anat_fit_wf/msm_sulc_wf/regress_affine/mapflow/_regress_affine0".
250527-21:29:27,706 nipype.workflow INFO:
	 [Node] Cached "_regress_affine0" - collecting precomputed outputs
250527-21:29:27,706 nipype.workflow INFO:
	 [Node] "_regress_affine0" found cached.
250527-21:29:27,707 nipype.workflow INFO:
	 [Node] Setting-up "_regress_affine1" in "/work/fmriprep_25_0_wf/sub_GEO036_wf/anat_fit_wf/msm_sulc_wf/regress_affine/mapflow/_regress_affine1".
250527-21:29:27,709 nipype.workflow INFO:
	 [Node] Cached "_regress_affine1" - collecting precomputed outputs
250527-21:29:27,709 nipype.workflow INFO:
	 [Node] "_regress_affine1" found cached.
250527-21:29:27,780 nipype.workflow INFO:
	 [Node] Executing "t1w_wm" <nipype.interfaces.utility.wrappers.Function>
250527-21:29:27,840 nipype.workflow INFO:
	 [Node] Executing "t1w_wm" <nipype.interfaces.utility.wrappers.Function>
250527-21:29:27,881 nipype.workflow INFO:
	 [Node] Finished "t1w_wm", elapsed time 0.09986s.
250527-21:29:27,983 nipype.workflow INFO:
	 [Node] Executing "seg_rpt" <niworkflows.interfaces.reportlets.masks.ROIsPlot>
250527-21:29:27,986 nipype.workflow INFO:
	 [Node] Finished "t1w_wm", elapsed time 0.145445s.
250527-21:29:29,922 nipype.workflow INFO:
	 [Node] Setting-up "fmriprep_25_0_wf.sub_GEO036_wf.bold_ses_t2_task_image_run_3_wf.bold_fit_wf.func_fit_reports_wf.t1w_wm" in "/work/fmriprep_25_0_wf/sub_GEO036_wf/bold_ses_t2_task_image_run_3_wf/bold_fit_wf/func_fit_reports_wf/t1w_wm".
250527-21:29:29,930 nipype.workflow INFO:
	 [Node] Setting-up "fmriprep_25_0_wf.sub_GEO036_wf.bold_ses_t2_task_image_run_4_wf.bold_fit_wf.func_fit_reports_wf.t1w_wm" in "/work/fmriprep_25_0_wf/sub_GEO036_wf/bold_ses_t2_task_image_run_4_wf/bold_fit_wf/func_fit_reports_wf/t1w_wm".
250527-21:29:29,938 nipype.workflow INFO:
	 [Node] Setting-up "fmriprep_25_0_wf.sub_GEO036_wf.bold_ses_t2_task_image_run_5_wf.bold_fit_wf.func_fit_reports_wf.t1w_wm" in "/work/fmriprep_25_0_wf/sub_GEO036_wf/bold_ses_t2_task_image_run_5_wf/bold_fit_wf/func_fit_reports_wf/t1w_wm".
250527-21:29:29,950 nipype.workflow INFO:
	 [Node] Setting-up "fmriprep_25_0_wf.sub_GEO036_wf.bold_ses_t3_task_image_run_1_wf.bold_fit_wf.func_fit_reports_wf.t1w_wm" in "/work/fmriprep_25_0_wf/sub_GEO036_wf/bold_ses_t3_task_image_run_1_wf/bold_fit_wf/func_fit_reports_wf/t1w_wm".
250527-21:29:30,55 nipype.workflow INFO:
	 [Node] Finished "_create_pial_distvol0", elapsed time 42.187904s.
250527-21:29:30,874 nipype.workflow INFO:
	 [Node] Executing "t1w_wm" <nipype.interfaces.utility.wrappers.Function>
250527-21:29:30,966 nipype.workflow INFO:
	 [Node] Executing "t1w_wm" <nipype.interfaces.utility.wrappers.Function>
250527-21:29:31,9 nipype.workflow INFO:
	 [Node] Executing "t1w_wm" <nipype.interfaces.utility.wrappers.Function>
250527-21:29:31,15 nipype.workflow INFO:
	 [Node] Finished "t1w_wm", elapsed time 0.140089s.
250527-21:29:31,26 nipype.workflow INFO:
	 [Node] Executing "t1w_wm" <nipype.interfaces.utility.wrappers.Function>
250527-21:29:31,314 nipype.workflow INFO:
	 [Node] Finished "t1w_wm", elapsed time 0.346804s.
250527-21:29:31,363 nipype.workflow INFO:
	 [Node] Finished "t1w_wm", elapsed time 0.336198s.
250527-21:29:31,432 nipype.workflow INFO:
	 [Node] Setting-up "fmriprep_25_0_wf.sub_GEO036_wf.bold_ses_t3_task_image_run_2_wf.bold_fit_wf.func_fit_reports_wf.t1w_wm" in "/work/fmriprep_25_0_wf/sub_GEO036_wf/bold_ses_t3_task_image_run_2_wf/bold_fit_wf/func_fit_reports_wf/t1w_wm".
250527-21:29:31,447 nipype.workflow INFO:
	 [Node] Finished "t1w_wm", elapsed time 0.432672s.
250527-21:29:31,769 nipype.workflow INFO:
	 [Node] Finished "_create_pial_distvol1", elapsed time 43.490533s.
250527-21:29:32,516 nipype.workflow INFO:
	 [Node] Executing "t1w_wm" <nipype.interfaces.utility.wrappers.Function>
250527-21:29:32,819 nipype.workflow INFO:
	 [Node] Finished "t1w_wm", elapsed time 0.301433s.
250527-21:29:33,417 nipype.workflow INFO:
	 [Node] Setting-up "fmriprep_25_0_wf.sub_GEO036_wf.bold_ses_t3_task_image_run_3_wf.bold_fit_wf.func_fit_reports_wf.t1w_wm" in "/work/fmriprep_25_0_wf/sub_GEO036_wf/bold_ses_t3_task_image_run_3_wf/bold_fit_wf/func_fit_reports_wf/t1w_wm".
250527-21:29:33,429 nipype.workflow INFO:
	 [Node] Setting-up "fmriprep_25_0_wf.sub_GEO036_wf.bold_ses_t3_task_image_run_4_wf.bold_fit_wf.func_fit_reports_wf.t1w_wm" in "/work/fmriprep_25_0_wf/sub_GEO036_wf/bold_ses_t3_task_image_run_4_wf/bold_fit_wf/func_fit_reports_wf/t1w_wm".
250527-21:29:33,435 nipype.workflow INFO:
	 [Node] Setting-up "fmriprep_25_0_wf.sub_GEO036_wf.bold_ses_t3_task_image_run_5_wf.bold_fit_wf.func_fit_reports_wf.t1w_wm" in "/work/fmriprep_25_0_wf/sub_GEO036_wf/bold_ses_t3_task_image_run_5_wf/bold_fit_wf/func_fit_reports_wf/t1w_wm".
250527-21:29:33,443 nipype.workflow INFO:
	 [Node] Setting-up "fmriprep_25_0_wf.sub_GEO036_wf.bold_ses_t3_task_retrans_run_1_wf.bold_fit_wf.func_fit_reports_wf.t1w_wm" in "/work/fmriprep_25_0_wf/sub_GEO036_wf/bold_ses_t3_task_retrans_run_1_wf/bold_fit_wf/func_fit_reports_wf/t1w_wm".
250527-21:29:33,448 nipype.workflow INFO:
	 [Node] Setting-up "fmriprep_25_0_wf.sub_GEO036_wf.bold_ses_t2_task_image_run_1_wf.bold_confounds_wf.acc_masks" in "/work/fmriprep_25_0_wf/sub_GEO036_wf/bold_ses_t2_task_image_run_1_wf/bold_confounds_wf/acc_masks".
250527-21:29:34,282 nipype.workflow INFO:
	 [Node] Finished "t2w_resample", elapsed time 26.144171s.
250527-21:29:34,486 nipype.workflow INFO:
	 [Node] Setting-up "_create_pial_distvol0" in "/work/fmriprep_25_0_wf/sub_GEO036_wf/anat_fit_wf/anat_ribbon_wf/create_pial_distvol/mapflow/_create_pial_distvol0".
250527-21:29:34,489 nipype.workflow INFO:
	 [Node] Cached "_create_pial_distvol0" - collecting precomputed outputs
250527-21:29:34,489 nipype.workflow INFO:
	 [Node] "_create_pial_distvol0" found cached.
250527-21:29:34,490 nipype.workflow INFO:
	 [Node] Setting-up "_create_pial_distvol1" in "/work/fmriprep_25_0_wf/sub_GEO036_wf/anat_fit_wf/anat_ribbon_wf/create_pial_distvol/mapflow/_create_pial_distvol1".
250527-21:29:34,492 nipype.workflow INFO:
	 [Node] Cached "_create_pial_distvol1" - collecting precomputed outputs
250527-21:29:34,492 nipype.workflow INFO:
	 [Node] "_create_pial_distvol1" found cached.
250527-21:29:35,276 nipype.workflow INFO:
	 [Node] Executing "t1w_wm" <nipype.interfaces.utility.wrappers.Function>
250527-21:29:35,283 nipype.workflow INFO:
	 [Node] Executing "t1w_wm" <nipype.interfaces.utility.wrappers.Function>
250527-21:29:35,284 nipype.workflow INFO:
	 [Node] Executing "t1w_wm" <nipype.interfaces.utility.wrappers.Function>
250527-21:29:35,702 nipype.workflow INFO:
	 [Node] Finished "t1w_wm", elapsed time 0.417447s.
250527-21:29:35,712 nipype.workflow INFO:
	 [Node] Finished "t1w_wm", elapsed time 0.42845s.
250527-21:29:35,780 nipype.workflow INFO:
	 [Node] Executing "acc_masks" <fmriprep.interfaces.confounds.aCompCorMasks>
250527-21:29:35,792 nipype.workflow INFO:
	 [Node] Finished "t1w_wm", elapsed time 0.514663s.
250527-21:29:36,133 nipype.workflow INFO:
	 [Node] Executing "t1w_wm" <nipype.interfaces.utility.wrappers.Function>
250527-21:29:36,621 nipype.workflow INFO:
	 [Node] Finished "t1w_wm", elapsed time 0.486429s.
250527-21:29:38,694 nipype.workflow INFO:
	 [Node] Finished "acc_masks", elapsed time 2.913095s.
250527-21:29:39,324 nipype.workflow INFO:
	 [Node] Setting-up "fmriprep_25_0_wf.sub_GEO036_wf.anat_fit_wf.anat_ribbon_wf.make_ribbon" in "/work/fmriprep_25_0_wf/sub_GEO036_wf/anat_fit_wf/anat_ribbon_wf/make_ribbon".
250527-21:29:39,331 nipype.workflow INFO:
	 [Node] Setting-up "fmriprep_25_0_wf.sub_GEO036_wf.bold_ses_t2_task_image_run_2_wf.bold_confounds_wf.acc_masks" in "/work/fmriprep_25_0_wf/sub_GEO036_wf/bold_ses_t2_task_image_run_2_wf/bold_confounds_wf/acc_masks".
250527-21:29:39,633 nipype.workflow INFO:
	 [Node] Setting-up "fmriprep_25_0_wf.sub_GEO036_wf.bold_ses_t2_task_image_run_3_wf.bold_confounds_wf.acc_masks" in "/work/fmriprep_25_0_wf/sub_GEO036_wf/bold_ses_t2_task_image_run_3_wf/bold_confounds_wf/acc_masks".
250527-21:29:39,637 nipype.workflow INFO:
	 [Node] Setting-up "fmriprep_25_0_wf.sub_GEO036_wf.bold_ses_t2_task_image_run_4_wf.bold_confounds_wf.acc_masks" in "/work/fmriprep_25_0_wf/sub_GEO036_wf/bold_ses_t2_task_image_run_4_wf/bold_confounds_wf/acc_masks".
250527-21:29:39,642 nipype.workflow INFO:
	 [Node] Setting-up "fmriprep_25_0_wf.sub_GEO036_wf.bold_ses_t2_task_image_run_5_wf.bold_confounds_wf.acc_masks" in "/work/fmriprep_25_0_wf/sub_GEO036_wf/bold_ses_t2_task_image_run_5_wf/bold_confounds_wf/acc_masks".
250527-21:29:39,648 nipype.workflow INFO:
	 [Node] Setting-up "fmriprep_25_0_wf.sub_GEO036_wf.bold_ses_t3_task_image_run_1_wf.bold_confounds_wf.acc_masks" in "/work/fmriprep_25_0_wf/sub_GEO036_wf/bold_ses_t3_task_image_run_1_wf/bold_confounds_wf/acc_masks".
250527-21:29:39,650 nipype.workflow INFO:
	 [Node] Setting-up "fmriprep_25_0_wf.sub_GEO036_wf.bold_ses_t3_task_image_run_2_wf.bold_confounds_wf.acc_masks" in "/work/fmriprep_25_0_wf/sub_GEO036_wf/bold_ses_t3_task_image_run_2_wf/bold_confounds_wf/acc_masks".
250527-21:29:40,169 nipype.workflow INFO:
	 [Node] Executing "make_ribbon" <smriprep.interfaces.surf.MakeRibbon>
250527-21:29:40,449 nipype.workflow INFO:
	 [Node] Executing "acc_masks" <fmriprep.interfaces.confounds.aCompCorMasks>
250527-21:29:40,693 nipype.workflow INFO:
	 [Node] Executing "acc_masks" <fmriprep.interfaces.confounds.aCompCorMasks>
250527-21:29:40,695 nipype.workflow INFO:
	 [Node] Executing "acc_masks" <fmriprep.interfaces.confounds.aCompCorMasks>
250527-21:29:40,706 nipype.workflow INFO:
	 [Node] Executing "acc_masks" <fmriprep.interfaces.confounds.aCompCorMasks>
250527-21:29:40,739 nipype.workflow INFO:
	 [Node] Executing "acc_masks" <fmriprep.interfaces.confounds.aCompCorMasks>
250527-21:29:40,783 nipype.workflow INFO:
	 [Node] Executing "acc_masks" <fmriprep.interfaces.confounds.aCompCorMasks>
250527-21:29:40,785 nipype.workflow INFO:
	 [Node] Finished "make_ribbon", elapsed time 0.615171s.
250527-21:29:42,212 nipype.workflow INFO:
	 [Node] Finished "seg_rpt", elapsed time 14.228555s.
250527-21:29:43,491 nipype.workflow INFO:
	 [Node] Finished "acc_masks", elapsed time 3.040917s.
250527-21:29:43,922 nipype.workflow INFO:
	 [Node] Finished "acc_masks", elapsed time 3.227311s.
250527-21:29:43,929 nipype.workflow INFO:
	 [Node] Finished "acc_masks", elapsed time 3.222316s.
250527-21:29:44,61 nipype.workflow INFO:
	 [Node] Finished "acc_masks", elapsed time 3.320962s.
250527-21:29:44,97 nipype.workflow INFO:
	 [Node] Finished "acc_masks", elapsed time 3.401146s.
250527-21:29:44,158 nipype.workflow INFO:
	 [Node] Finished "acc_masks", elapsed time 3.374789s.
250527-21:29:44,183 nipype.workflow INFO:
	 [Node] Setting-up "fmriprep_25_0_wf.sub_GEO036_wf.bold_ses_t3_task_image_run_3_wf.bold_confounds_wf.acc_masks" in "/work/fmriprep_25_0_wf/sub_GEO036_wf/bold_ses_t3_task_image_run_3_wf/bold_confounds_wf/acc_masks".
250527-21:29:44,490 nipype.workflow INFO:
	 [Node] Setting-up "fmriprep_25_0_wf.sub_GEO036_wf.bold_ses_t3_task_image_run_4_wf.bold_confounds_wf.acc_masks" in "/work/fmriprep_25_0_wf/sub_GEO036_wf/bold_ses_t3_task_image_run_4_wf/bold_confounds_wf/acc_masks".
250527-21:29:44,497 nipype.workflow INFO:
	 [Node] Setting-up "fmriprep_25_0_wf.sub_GEO036_wf.bold_ses_t3_task_image_run_5_wf.bold_confounds_wf.acc_masks" in "/work/fmriprep_25_0_wf/sub_GEO036_wf/bold_ses_t3_task_image_run_5_wf/bold_confounds_wf/acc_masks".
250527-21:29:44,714 nipype.workflow INFO:
	 [Node] Executing "acc_masks" <fmriprep.interfaces.confounds.aCompCorMasks>
250527-21:29:44,799 nipype.workflow INFO:
	 [Node] Executing "acc_masks" <fmriprep.interfaces.confounds.aCompCorMasks>
250527-21:29:44,889 nipype.workflow INFO:
	 [Node] Executing "acc_masks" <fmriprep.interfaces.confounds.aCompCorMasks>
250527-21:29:46,499 nipype.workflow INFO:
	 [Node] Setting-up "fmriprep_25_0_wf.sub_GEO036_wf.bold_ses_t3_task_retrans_run_1_wf.bold_confounds_wf.acc_masks" in "/work/fmriprep_25_0_wf/sub_GEO036_wf/bold_ses_t3_task_retrans_run_1_wf/bold_confounds_wf/acc_masks".
250527-21:29:47,242 nipype.workflow INFO:
	 [Node] Executing "acc_masks" <fmriprep.interfaces.confounds.aCompCorMasks>
250527-21:29:47,578 nipype.workflow INFO:
	 [Node] Finished "acc_masks", elapsed time 2.862232s.
250527-21:29:47,612 nipype.workflow INFO:
	 [Node] Finished "acc_masks", elapsed time 2.811643s.
250527-21:29:47,732 nipype.workflow INFO:
	 [Node] Setting-up "_apply_surface_affine0" in "/work/fmriprep_25_0_wf/sub_GEO036_wf/anat_fit_wf/msm_sulc_wf/apply_surface_affine/mapflow/_apply_surface_affine0".
250527-21:29:47,734 nipype.workflow INFO:
	 [Node] Setting-up "_apply_surface_affine1" in "/work/fmriprep_25_0_wf/sub_GEO036_wf/anat_fit_wf/msm_sulc_wf/apply_surface_affine/mapflow/_apply_surface_affine1".
250527-21:29:47,850 nipype.workflow INFO:
	 [Node] Finished "acc_masks", elapsed time 2.9593730000000003s.
250527-21:29:48,137 nipype.workflow INFO:
	 [Node] Executing "_apply_surface_affine0" <smriprep.interfaces.workbench.SurfaceApplyAffine>
250527-21:29:48,767 nipype.workflow INFO:
	 [Node] Executing "_apply_surface_affine1" <smriprep.interfaces.workbench.SurfaceApplyAffine>
250527-21:29:49,401 nipype.workflow INFO:
	 [Node] Finished "_apply_surface_affine0", elapsed time 1.069404s.
250527-21:29:49,988 nipype.workflow INFO:
	 [Node] Finished "acc_masks", elapsed time 2.744904s.
250527-21:29:50,95 nipype.workflow INFO:
	 [Node] Finished "_apply_surface_affine1", elapsed time 1.141746s.
250527-21:29:52,498 nipype.workflow INFO:
	 [Node] Setting-up "fmriprep_25_0_wf.sub_GEO036_wf.bold_ses_t2_task_image_run_1_wf.bold_fit_wf.bold_reg_wf.bbreg_wf.mri_coreg" in "/work/fmriprep_25_0_wf/sub_GEO036_wf/bold_ses_t2_task_image_run_1_wf/bold_fit_wf/bold_reg_wf/bbreg_wf/mri_coreg".
250527-21:29:53,38 nipype.workflow INFO:
	 [Node] Setting-up "_apply_surface_affine0" in "/work/fmriprep_25_0_wf/sub_GEO036_wf/anat_fit_wf/msm_sulc_wf/apply_surface_affine/mapflow/_apply_surface_affine0".
250527-21:29:53,41 nipype.workflow INFO:
	 [Node] Cached "_apply_surface_affine0" - collecting precomputed outputs
250527-21:29:53,41 nipype.workflow INFO:
	 [Node] "_apply_surface_affine0" found cached.
250527-21:29:53,42 nipype.workflow INFO:
	 [Node] Setting-up "_apply_surface_affine1" in "/work/fmriprep_25_0_wf/sub_GEO036_wf/anat_fit_wf/msm_sulc_wf/apply_surface_affine/mapflow/_apply_surface_affine1".
250527-21:29:53,45 nipype.workflow INFO:
	 [Node] Cached "_apply_surface_affine1" - collecting precomputed outputs
250527-21:29:53,45 nipype.workflow INFO:
	 [Node] "_apply_surface_affine1" found cached.
250527-21:29:53,767 nipype.workflow INFO:
	 [Node] Executing "mri_coreg" <fmriprep.interfaces.patches.MRICoreg>
250527-21:29:56,494 nipype.workflow INFO:
	 [Node] Setting-up "_modify_sphere0" in "/work/fmriprep_25_0_wf/sub_GEO036_wf/anat_fit_wf/msm_sulc_wf/modify_sphere/mapflow/_modify_sphere0".
250527-21:29:57,253 nipype.workflow INFO:
	 [Node] Executing "_modify_sphere0" <smriprep.interfaces.workbench.SurfaceModifySphere>
250527-21:29:58,731 nipype.workflow INFO:
	 [Node] Finished "_modify_sphere0", elapsed time 1.266624s.
250527-21:30:00,497 nipype.workflow INFO:
	 [Node] Setting-up "_modify_sphere1" in "/work/fmriprep_25_0_wf/sub_GEO036_wf/anat_fit_wf/msm_sulc_wf/modify_sphere/mapflow/_modify_sphere1".
250527-21:30:02,180 nipype.workflow INFO:
	 [Node] Executing "_modify_sphere1" <smriprep.interfaces.workbench.SurfaceModifySphere>
250527-21:30:03,435 nipype.workflow INFO:
	 [Node] Finished "_modify_sphere1", elapsed time 1.066681s.
250527-21:30:04,701 nipype.workflow INFO:
	 [Node] Setting-up "_modify_sphere0" in "/work/fmriprep_25_0_wf/sub_GEO036_wf/anat_fit_wf/msm_sulc_wf/modify_sphere/mapflow/_modify_sphere0".
250527-21:30:04,704 nipype.workflow INFO:
	 [Node] Cached "_modify_sphere0" - collecting precomputed outputs
250527-21:30:04,704 nipype.workflow INFO:
	 [Node] "_modify_sphere0" found cached.
250527-21:30:04,705 nipype.workflow INFO:
	 [Node] Setting-up "_modify_sphere1" in "/work/fmriprep_25_0_wf/sub_GEO036_wf/anat_fit_wf/msm_sulc_wf/modify_sphere/mapflow/_modify_sphere1".
250527-21:30:04,708 nipype.workflow INFO:
	 [Node] Cached "_modify_sphere1" - collecting precomputed outputs
250527-21:30:04,708 nipype.workflow INFO:
	 [Node] "_modify_sphere1" found cached.
250527-21:30:08,503 nipype.workflow INFO:
	 [Node] Setting-up "_msmsulc0" in "/work/fmriprep_25_0_wf/sub_GEO036_wf/anat_fit_wf/msm_sulc_wf/msmsulc/mapflow/_msmsulc0".
250527-21:30:09,52 nipype.workflow INFO:
	 [Node] Executing "_msmsulc0" <smriprep.interfaces.msm.MSM>
250527-21:30:37,470 nipype.workflow INFO:
	 [Node] Finished "mri_coreg", elapsed time 43.695904s.
250527-21:30:38,527 nipype.workflow INFO:
	 [Node] Setting-up "fmriprep_25_0_wf.sub_GEO036_wf.bold_ses_t2_task_image_run_2_wf.bold_fit_wf.bold_reg_wf.bbreg_wf.mri_coreg" in "/work/fmriprep_25_0_wf/sub_GEO036_wf/bold_ses_t2_task_image_run_2_wf/bold_fit_wf/bold_reg_wf/bbreg_wf/mri_coreg".
250527-21:30:40,111 nipype.workflow INFO:
	 [Node] Executing "mri_coreg" <fmriprep.interfaces.patches.MRICoreg>
250527-21:31:23,505 nipype.workflow INFO:
	 [Node] Finished "mri_coreg", elapsed time 43.392925s.
250527-21:31:24,621 nipype.workflow INFO:
	 [Node] Setting-up "fmriprep_25_0_wf.sub_GEO036_wf.bold_ses_t2_task_image_run_3_wf.bold_fit_wf.bold_reg_wf.bbreg_wf.mri_coreg" in "/work/fmriprep_25_0_wf/sub_GEO036_wf/bold_ses_t2_task_image_run_3_wf/bold_fit_wf/bold_reg_wf/bbreg_wf/mri_coreg".
250527-21:31:25,191 nipype.workflow INFO:
	 [Node] Executing "mri_coreg" <fmriprep.interfaces.patches.MRICoreg>
250527-21:32:08,731 nipype.workflow INFO:
	 [Node] Finished "mri_coreg", elapsed time 43.5226s.
250527-21:32:10,545 nipype.workflow INFO:
	 [Node] Setting-up "fmriprep_25_0_wf.sub_GEO036_wf.bold_ses_t2_task_image_run_4_wf.bold_fit_wf.bold_reg_wf.bbreg_wf.mri_coreg" in "/work/fmriprep_25_0_wf/sub_GEO036_wf/bold_ses_t2_task_image_run_4_wf/bold_fit_wf/bold_reg_wf/bbreg_wf/mri_coreg".
250527-21:32:11,650 nipype.workflow INFO:
	 [Node] Executing "mri_coreg" <fmriprep.interfaces.patches.MRICoreg>
250527-21:32:54,975 nipype.workflow INFO:
	 [Node] Finished "mri_coreg", elapsed time 43.324641s.
250527-21:32:56,644 nipype.workflow INFO:
	 [Node] Setting-up "fmriprep_25_0_wf.sub_GEO036_wf.bold_ses_t2_task_image_run_5_wf.bold_fit_wf.bold_reg_wf.bbreg_wf.mri_coreg" in "/work/fmriprep_25_0_wf/sub_GEO036_wf/bold_ses_t2_task_image_run_5_wf/bold_fit_wf/bold_reg_wf/bbreg_wf/mri_coreg".
250527-21:32:57,826 nipype.workflow INFO:
	 [Node] Executing "mri_coreg" <fmriprep.interfaces.patches.MRICoreg>
250527-21:33:41,506 nipype.workflow INFO:
	 [Node] Finished "mri_coreg", elapsed time 43.6695s.
250527-21:33:42,635 nipype.workflow INFO:
	 [Node] Setting-up "fmriprep_25_0_wf.sub_GEO036_wf.bold_ses_t3_task_image_run_1_wf.bold_fit_wf.bold_reg_wf.bbreg_wf.mri_coreg" in "/work/fmriprep_25_0_wf/sub_GEO036_wf/bold_ses_t3_task_image_run_1_wf/bold_fit_wf/bold_reg_wf/bbreg_wf/mri_coreg".
250527-21:33:43,656 nipype.workflow INFO:
	 [Node] Executing "mri_coreg" <fmriprep.interfaces.patches.MRICoreg>
250527-21:34:26,400 nipype.workflow INFO:
	 [Node] Finished "mri_coreg", elapsed time 42.743658s.
250527-21:34:28,571 nipype.workflow INFO:
	 [Node] Setting-up "fmriprep_25_0_wf.sub_GEO036_wf.bold_ses_t3_task_image_run_2_wf.bold_fit_wf.bold_reg_wf.bbreg_wf.mri_coreg" in "/work/fmriprep_25_0_wf/sub_GEO036_wf/bold_ses_t3_task_image_run_2_wf/bold_fit_wf/bold_reg_wf/bbreg_wf/mri_coreg".
250527-21:34:29,620 nipype.workflow INFO:
	 [Node] Executing "mri_coreg" <fmriprep.interfaces.patches.MRICoreg>
250527-21:35:12,702 nipype.workflow INFO:
	 [Node] Finished "mri_coreg", elapsed time 43.074622s.
250527-21:35:14,588 nipype.workflow INFO:
	 [Node] Setting-up "fmriprep_25_0_wf.sub_GEO036_wf.bold_ses_t3_task_image_run_3_wf.bold_fit_wf.bold_reg_wf.bbreg_wf.mri_coreg" in "/work/fmriprep_25_0_wf/sub_GEO036_wf/bold_ses_t3_task_image_run_3_wf/bold_fit_wf/bold_reg_wf/bbreg_wf/mri_coreg".
250527-21:35:15,329 nipype.workflow INFO:
	 [Node] Executing "mri_coreg" <fmriprep.interfaces.patches.MRICoreg>
250527-21:35:58,264 nipype.workflow INFO:
	 [Node] Finished "mri_coreg", elapsed time 42.93496s.
250527-21:36:00,618 nipype.workflow INFO:
	 [Node] Setting-up "fmriprep_25_0_wf.sub_GEO036_wf.bold_ses_t3_task_image_run_4_wf.bold_fit_wf.bold_reg_wf.bbreg_wf.mri_coreg" in "/work/fmriprep_25_0_wf/sub_GEO036_wf/bold_ses_t3_task_image_run_4_wf/bold_fit_wf/bold_reg_wf/bbreg_wf/mri_coreg".
250527-21:36:01,362 nipype.workflow INFO:
	 [Node] Executing "mri_coreg" <fmriprep.interfaces.patches.MRICoreg>
250527-21:36:44,280 nipype.workflow INFO:
	 [Node] Finished "mri_coreg", elapsed time 42.910685s.
250527-21:36:46,582 nipype.workflow INFO:
	 [Node] Setting-up "fmriprep_25_0_wf.sub_GEO036_wf.bold_ses_t3_task_image_run_5_wf.bold_fit_wf.bold_reg_wf.bbreg_wf.mri_coreg" in "/work/fmriprep_25_0_wf/sub_GEO036_wf/bold_ses_t3_task_image_run_5_wf/bold_fit_wf/bold_reg_wf/bbreg_wf/mri_coreg".
250527-21:36:47,873 nipype.workflow INFO:
	 [Node] Executing "mri_coreg" <fmriprep.interfaces.patches.MRICoreg>
250527-21:37:31,191 nipype.workflow INFO:
	 [Node] Finished "mri_coreg", elapsed time 43.31738s.
250527-21:37:32,624 nipype.workflow INFO:
	 [Node] Setting-up "fmriprep_25_0_wf.sub_GEO036_wf.bold_ses_t3_task_retrans_run_1_wf.bold_fit_wf.bold_reg_wf.bbreg_wf.mri_coreg" in "/work/fmriprep_25_0_wf/sub_GEO036_wf/bold_ses_t3_task_retrans_run_1_wf/bold_fit_wf/bold_reg_wf/bbreg_wf/mri_coreg".
250527-21:37:33,189 nipype.workflow INFO:
	 [Node] Executing "mri_coreg" <fmriprep.interfaces.patches.MRICoreg>
250527-21:38:15,622 nipype.workflow INFO:
	 [Node] Finished "mri_coreg", elapsed time 42.423649s.
250527-21:38:16,600 nipype.workflow INFO:
	 [Node] Setting-up "fmriprep_25_0_wf.sub_GEO036_wf.anat_fit_wf.register_template_wf.registration" in "/work/fmriprep_25_0_wf/sub_GEO036_wf/anat_fit_wf/register_template_wf/_template_MNI152NLin2009cAsym/registration".
250527-21:38:17,474 nipype.workflow INFO:
	 [Node] Executing "registration" <niworkflows.interfaces.norm.SpatialNormalization>
250527-21:59:57,104 nipype.workflow INFO:
	 [Node] Finished "registration", elapsed time 1299.629585s.
250527-21:59:59,592 nipype.workflow INFO:
	 [Node] Setting-up "fmriprep_25_0_wf.sub_GEO036_wf.anat_fit_wf.register_template_wf.outputnode" in "/work/fmriprep_25_0_wf/sub_GEO036_wf/anat_fit_wf/register_template_wf/outputnode".
250527-21:59:59,673 nipype.workflow INFO:
	 [Node] Setting-up "_msmsulc1" in "/work/fmriprep_25_0_wf/sub_GEO036_wf/anat_fit_wf/msm_sulc_wf/msmsulc/mapflow/_msmsulc1".
250527-22:00:00,451 nipype.workflow INFO:
	 [Node] Executing "_msmsulc1" <smriprep.interfaces.msm.MSM>
250527-22:00:00,589 nipype.workflow INFO:
	 [Node] Executing "outputnode" <nipype.interfaces.utility.base.IdentityInterface>
250527-22:00:00,603 nipype.workflow INFO:
	 [Node] Finished "outputnode", elapsed time 0.000515s.
250527-22:00:01,613 nipype.workflow INFO:
	 [Node] Setting-up "fmriprep_25_0_wf.sub_GEO036_wf.anat_fit_wf.template_buffer" in "/work/fmriprep_25_0_wf/sub_GEO036_wf/anat_fit_wf/template_buffer".
250527-22:00:02,237 nipype.workflow INFO:
	 [Node] Executing "template_buffer" <nipype.interfaces.utility.base.Merge>
250527-22:00:02,239 nipype.workflow INFO:
	 [Node] Finished "template_buffer", elapsed time 0.000662s.
250527-22:00:12,247 nipype.workflow INFO:
	 [Node] Setting-up "fmriprep_25_0_wf.sub_GEO036_wf.anat_fit_wf.anat2std_buffer" in "/work/fmriprep_25_0_wf/sub_GEO036_wf/anat_fit_wf/anat2std_buffer".
250527-22:00:12,247 nipype.workflow INFO:
	 [Node] Setting-up "fmriprep_25_0_wf.sub_GEO036_wf.anat_fit_wf.std2anat_buffer" in "/work/fmriprep_25_0_wf/sub_GEO036_wf/anat_fit_wf/std2anat_buffer".
250527-22:00:13,0 nipype.workflow INFO:
	 [Node] Executing "anat2std_buffer" <nipype.interfaces.utility.base.Merge>
250527-22:00:13,2 nipype.workflow INFO:
	 [Node] Finished "anat2std_buffer", elapsed time 0.000627s.
250527-22:00:13,29 nipype.workflow INFO:
	 [Node] Executing "std2anat_buffer" <nipype.interfaces.utility.base.Merge>
250527-22:00:13,31 nipype.workflow INFO:
	 [Node] Finished "std2anat_buffer", elapsed time 0.000539s.
250527-22:00:18,985 nipype.workflow INFO:
	 [Node] Setting-up "fmriprep_25_0_wf.sub_GEO036_wf.ds_std_volumes_wf.anat2std_mask" in "/work/fmriprep_25_0_wf/sub_GEO036_wf/ds_std_volumes_wf/_in_tuple_MNI152NLin2009cAsym.resnative/anat2std_mask".
250527-22:00:18,986 nipype.workflow INFO:
	 [Node] Setting-up "fmriprep_25_0_wf.sub_GEO036_wf.ds_std_volumes_wf.anat2std_dseg" in "/work/fmriprep_25_0_wf/sub_GEO036_wf/ds_std_volumes_wf/_in_tuple_MNI152NLin2009cAsym.resnative/anat2std_dseg".
250527-22:00:19,660 nipype.workflow INFO:
	 [Node] Setting-up "fmriprep_25_0_wf.sub_GEO036_wf.ds_std_volumes_wf.anat2std_t1w" in "/work/fmriprep_25_0_wf/sub_GEO036_wf/ds_std_volumes_wf/_in_tuple_MNI152NLin2009cAsym.resnative/anat2std_t1w".
250527-22:00:19,661 nipype.workflow INFO:
	 [Node] Setting-up "fmriprep_25_0_wf.sub_GEO036_wf.anat_fit_wf.anat_reports_wf.t1w_std" in "/work/fmriprep_25_0_wf/sub_GEO036_wf/anat_fit_wf/anat_reports_wf/_in_tuple_MNI152NLin2009cAsym.resnative/t1w_std".
250527-22:00:19,661 nipype.workflow INFO:
	 [Node] Setting-up "fmriprep_25_0_wf.sub_GEO036_wf.anat_fit_wf.anat_reports_wf.mask_std" in "/work/fmriprep_25_0_wf/sub_GEO036_wf/anat_fit_wf/anat_reports_wf/_in_tuple_MNI152NLin2009cAsym.resnative/mask_std".
250527-22:00:20,148 nipype.workflow INFO:
	 [Node] Executing "anat2std_dseg" <niworkflows.interfaces.fixes.FixHeaderApplyTransforms>
250527-22:00:20,276 nipype.workflow INFO:
	 [Node] Executing "anat2std_mask" <niworkflows.interfaces.fixes.FixHeaderApplyTransforms>
250527-22:00:20,525 nipype.workflow INFO:
	 [Node] Executing "anat2std_t1w" <niworkflows.interfaces.fixes.FixHeaderApplyTransforms>
250527-22:00:20,739 nipype.workflow INFO:
	 [Node] Executing "t1w_std" <niworkflows.interfaces.fixes.FixHeaderApplyTransforms>
250527-22:00:20,841 nipype.workflow INFO:
	 [Node] Executing "mask_std" <niworkflows.interfaces.fixes.FixHeaderApplyTransforms>
250527-22:00:20,958 nipype.workflow INFO:
	 [Node] Setting-up "_anat2std_tpms0" in "/work/fmriprep_25_0_wf/sub_GEO036_wf/ds_std_volumes_wf/_in_tuple_MNI152NLin2009cAsym.resnative/anat2std_tpms/mapflow/_anat2std_tpms0".
250527-22:00:22,119 nipype.workflow INFO:
	 [Node] Executing "_anat2std_tpms0" <niworkflows.interfaces.fixes.FixHeaderApplyTransforms>
250527-22:00:34,475 nipype.workflow INFO:
	 [Node] Finished "_anat2std_tpms0", elapsed time 12.355322s.
250527-22:00:37,3 nipype.workflow INFO:
	 [Node] Setting-up "_anat2std_tpms1" in "/work/fmriprep_25_0_wf/sub_GEO036_wf/ds_std_volumes_wf/_in_tuple_MNI152NLin2009cAsym.resnative/anat2std_tpms/mapflow/_anat2std_tpms1".
250527-22:00:37,622 nipype.workflow INFO:
	 [Node] Executing "_anat2std_tpms1" <niworkflows.interfaces.fixes.FixHeaderApplyTransforms>
250527-22:00:50,770 nipype.workflow INFO:
	 [Node] Finished "t1w_std", elapsed time 30.028701s.
250527-22:00:50,787 nipype.workflow INFO:
	 [Node] Finished "_anat2std_tpms1", elapsed time 13.164044s.
250527-22:00:52,37 nipype.workflow INFO:
	 [Node] Finished "anat2std_t1w", elapsed time 31.511161s.
250527-22:00:56,326 nipype.workflow INFO:
	 [Node] Setting-up "_anat2std_tpms2" in "/work/fmriprep_25_0_wf/sub_GEO036_wf/ds_std_volumes_wf/_in_tuple_MNI152NLin2009cAsym.resnative/anat2std_tpms/mapflow/_anat2std_tpms2".
250527-22:00:56,825 nipype.workflow INFO:
	 [Node] Executing "_anat2std_tpms2" <niworkflows.interfaces.fixes.FixHeaderApplyTransforms>
250527-22:01:09,299 nipype.workflow INFO:
	 [Node] Finished "_anat2std_tpms2", elapsed time 12.463735s.
250527-22:01:10,899 nipype.workflow INFO:
	 [Node] Finished "mask_std", elapsed time 50.057189s.
250527-22:01:10,992 nipype.workflow INFO:
	 [Node] Setting-up "_anat2std_tpms0" in "/work/fmriprep_25_0_wf/sub_GEO036_wf/ds_std_volumes_wf/_in_tuple_MNI152NLin2009cAsym.resnative/anat2std_tpms/mapflow/_anat2std_tpms0".
250527-22:01:11,4 nipype.workflow INFO:
	 [Node] Cached "_anat2std_tpms0" - collecting precomputed outputs
250527-22:01:11,5 nipype.workflow INFO:
	 [Node] "_anat2std_tpms0" found cached.
250527-22:01:11,6 nipype.workflow INFO:
	 [Node] Setting-up "_anat2std_tpms1" in "/work/fmriprep_25_0_wf/sub_GEO036_wf/ds_std_volumes_wf/_in_tuple_MNI152NLin2009cAsym.resnative/anat2std_tpms/mapflow/_anat2std_tpms1".
250527-22:01:11,13 nipype.workflow INFO:
	 [Node] Cached "_anat2std_tpms1" - collecting precomputed outputs
250527-22:01:11,13 nipype.workflow INFO:
	 [Node] "_anat2std_tpms1" found cached.
250527-22:01:11,14 nipype.workflow INFO:
	 [Node] Setting-up "_anat2std_tpms2" in "/work/fmriprep_25_0_wf/sub_GEO036_wf/ds_std_volumes_wf/_in_tuple_MNI152NLin2009cAsym.resnative/anat2std_tpms/mapflow/_anat2std_tpms2".
250527-22:01:11,17 nipype.workflow INFO:
	 [Node] Cached "_anat2std_tpms2" - collecting precomputed outputs
250527-22:01:11,17 nipype.workflow INFO:
	 [Node] "_anat2std_tpms2" found cached.
250527-22:01:15,869 nipype.workflow INFO:
	 [Node] Finished "anat2std_mask", elapsed time 55.591569s.
250527-22:01:18,840 nipype.workflow INFO:
	 [Node] Setting-up "fmriprep_25_0_wf.sub_GEO036_wf.anat_fit_wf.anat_reports_wf.norm_msk" in "/work/fmriprep_25_0_wf/sub_GEO036_wf/anat_fit_wf/anat_reports_wf/_in_tuple_MNI152NLin2009cAsym.resnative/norm_msk".
250527-22:01:19,510 nipype.workflow INFO:
	 [Node] Executing "norm_msk" <nipype.interfaces.utility.wrappers.Function>
250527-22:01:19,852 nipype.interface WARNING:
	 Changing /out/sub-GEO036/anat/sub-GEO036_space-MNI152NLin2009cAsym_desc-brain_mask.nii.gz dtype from float64 to uint8
250527-22:01:21,95 nipype.workflow INFO:
	 [Node] Finished "norm_msk", elapsed time 1.583655s.
250527-22:01:23,453 nipype.workflow INFO:
	 [Node] Setting-up "fmriprep_25_0_wf.sub_GEO036_wf.anat_fit_wf.anat_reports_wf.norm_rpt" in "/work/fmriprep_25_0_wf/sub_GEO036_wf/anat_fit_wf/anat_reports_wf/_in_tuple_MNI152NLin2009cAsym.resnative/norm_rpt".
250527-22:01:23,797 nipype.workflow INFO:
	 [Node] Finished "anat2std_dseg", elapsed time 63.647588999999996s.
250527-22:01:23,989 nipype.workflow INFO:
	 [Node] Executing "norm_rpt" <niworkflows.interfaces.reportlets.registration.SimpleBeforeAfterRPT>
250527-22:01:26,775 nipype.interface WARNING:
	 Changing /out/sub-GEO036/anat/sub-GEO036_space-MNI152NLin2009cAsym_dseg.nii.gz dtype from float64 to int16
250527-22:01:41,835 nipype.workflow INFO:
	 [Node] Finished "norm_rpt", elapsed time 17.844649s.
250527-22:02:35,274 nipype.workflow INFO:
	 [Node] Finished "_msmsulc0", elapsed time 1946.206051s.
250527-22:31:34,766 nipype.workflow INFO:
	 [Node] Finished "_msmsulc1", elapsed time 1894.308973s.
250527-22:31:37,667 nipype.workflow INFO:
	 [Node] Setting-up "fmriprep_25_0_wf.sub_GEO036_wf.bold_ses_t2_task_image_run_1_wf.bold_fit_wf.bold_reg_wf.bbreg_wf.bbregister" in "/work/fmriprep_25_0_wf/sub_GEO036_wf/bold_ses_t2_task_image_run_1_wf/bold_fit_wf/bold_reg_wf/bbreg_wf/bbregister".
250527-22:31:38,881 nipype.workflow INFO:
	 [Node] Executing "bbregister" <nipype.interfaces.freesurfer.preprocess.BBRegister>
250527-22:32:07,40 nipype.workflow INFO:
	 [Node] Finished "bbregister", elapsed time 28.15805s.
250527-22:32:09,433 nipype.workflow INFO:
	 [Node] Setting-up "fmriprep_25_0_wf.sub_GEO036_wf.bold_ses_t2_task_image_run_2_wf.bold_fit_wf.bold_reg_wf.bbreg_wf.bbregister" in "/work/fmriprep_25_0_wf/sub_GEO036_wf/bold_ses_t2_task_image_run_2_wf/bold_fit_wf/bold_reg_wf/bbreg_wf/bbregister".
250527-22:32:11,168 nipype.workflow INFO:
	 [Node] Executing "bbregister" <nipype.interfaces.freesurfer.preprocess.BBRegister>
250527-22:32:11,676 nipype.workflow INFO:
	 [Node] Setting-up "fmriprep_25_0_wf.sub_GEO036_wf.bold_ses_t2_task_image_run_1_wf.bold_fit_wf.bold_reg_wf.bbreg_wf.compare_transforms" in "/work/fmriprep_25_0_wf/sub_GEO036_wf/bold_ses_t2_task_image_run_1_wf/bold_fit_wf/bold_reg_wf/bbreg_wf/compare_transforms".
250527-22:32:13,291 nipype.workflow INFO:
	 [Node] Executing "compare_transforms" <nipype.interfaces.utility.wrappers.Function>
250527-22:32:13,343 nipype.workflow INFO:
	 [Node] Finished "compare_transforms", elapsed time 0.05052s.
250527-22:32:29,250 nipype.workflow INFO:
	 [Node] Setting-up "fmriprep_25_0_wf.sub_GEO036_wf.bold_ses_t2_task_image_run_1_wf.bold_fit_wf.bold_reg_wf.bbreg_wf.concat_xfm" in "/work/fmriprep_25_0_wf/sub_GEO036_wf/bold_ses_t2_task_image_run_1_wf/bold_fit_wf/bold_reg_wf/bbreg_wf/concat_xfm".
250527-22:32:30,238 nipype.workflow INFO:
	 [Node] Executing "concat_xfm" <niworkflows.interfaces.nitransforms.ConcatenateXFMs>
250527-22:32:30,373 nipype.workflow INFO:
	 [Node] Finished "concat_xfm", elapsed time 0.133218s.
250527-22:32:33,254 nipype.workflow INFO:
	 [Node] Setting-up "fmriprep_25_0_wf.sub_GEO036_wf.bold_ses_t2_task_image_run_1_wf.bold_fit_wf.func_fit_reports_wf.t1w_boldref" in "/work/fmriprep_25_0_wf/sub_GEO036_wf/bold_ses_t2_task_image_run_1_wf/bold_fit_wf/func_fit_reports_wf/t1w_boldref".
250527-22:32:34,158 nipype.workflow INFO:
	 [Node] Setting-up "fmriprep_25_0_wf.sub_GEO036_wf.bold_ses_t2_task_image_run_1_wf.bold_confounds_wf.t1w_mask_tfm" in "/work/fmriprep_25_0_wf/sub_GEO036_wf/bold_ses_t2_task_image_run_1_wf/bold_confounds_wf/t1w_mask_tfm".
250527-22:32:34,161 nipype.workflow INFO:
	 [Node] Executing "t1w_boldref" <niworkflows.interfaces.fixes.FixHeaderApplyTransforms>
250527-22:32:34,721 nipype.workflow INFO:
	 [Node] Setting-up "fmriprep_25_0_wf.sub_GEO036_wf.bold_ses_t2_task_image_run_1_wf.carpetplot_wf.mrg_xfms" in "/work/fmriprep_25_0_wf/sub_GEO036_wf/bold_ses_t2_task_image_run_1_wf/carpetplot_wf/mrg_xfms".
250527-22:32:35,523 nipype.workflow INFO:
	 [Node] Executing "t1w_mask_tfm" <niworkflows.interfaces.fixes.FixHeaderApplyTransforms>
250527-22:32:35,806 nipype.workflow INFO:
	 [Node] Executing "mrg_xfms" <nipype.interfaces.utility.base.Merge>
250527-22:32:35,808 nipype.workflow INFO:
	 [Node] Finished "mrg_xfms", elapsed time 0.001085s.
250527-22:32:36,75 nipype.workflow INFO:
	 [Node] Setting-up "fmriprep_25_0_wf.sub_GEO036_wf.bold_ses_t2_task_image_run_1_wf.ds_bold_std_wf.sources" in "/work/fmriprep_25_0_wf/sub_GEO036_wf/bold_ses_t2_task_image_run_1_wf/ds_bold_std_wf/_in_tuple_MNI152NLin2009cAsym.resnative/sources".
250527-22:32:36,75 nipype.workflow INFO:
	 [Node] Setting-up "fmriprep_25_0_wf.sub_GEO036_wf.bold_ses_t2_task_image_run_1_wf.ds_bold_std_wf.boldref2target" in "/work/fmriprep_25_0_wf/sub_GEO036_wf/bold_ses_t2_task_image_run_1_wf/ds_bold_std_wf/_in_tuple_MNI152NLin2009cAsym.resnative/boldref2target".
250527-22:32:36,256 nipype.workflow INFO:
	 [Node] Finished "t1w_boldref", elapsed time 2.094179s.
250527-22:32:36,945 nipype.workflow INFO:
	 [Node] Executing "boldref2target" <nipype.interfaces.utility.base.Merge>
250527-22:32:36,947 nipype.workflow INFO:
	 [Node] Finished "boldref2target", elapsed time 0.000488s.
250527-22:32:37,138 nipype.workflow INFO:
	 [Node] Executing "sources" <fmriprep.interfaces.bids.BIDSURI>
250527-22:32:37,140 nipype.workflow INFO:
	 [Node] Finished "sources", elapsed time 0.001079s.
250527-22:32:37,660 nipype.workflow INFO:
	 [Node] Setting-up "fmriprep_25_0_wf.sub_GEO036_wf.bold_ses_t2_task_image_run_1_wf.carpetplot_wf.resample_parc" in "/work/fmriprep_25_0_wf/sub_GEO036_wf/bold_ses_t2_task_image_run_1_wf/carpetplot_wf/resample_parc".
250527-22:32:37,663 nipype.workflow INFO:
	 [Node] Setting-up "_acc_msk_tfm0" in "/work/fmriprep_25_0_wf/sub_GEO036_wf/bold_ses_t2_task_image_run_1_wf/bold_confounds_wf/acc_msk_tfm/mapflow/_acc_msk_tfm0".
250527-22:32:38,122 nipype.workflow INFO:
	 [Node] Finished "t1w_mask_tfm", elapsed time 2.598008s.
250527-22:32:38,329 nipype.workflow INFO:
	 [Node] Executing "resample_parc" <niworkflows.interfaces.fixes.FixHeaderApplyTransforms>
250527-22:32:38,346 nipype.workflow INFO:
	 [Node] Executing "_acc_msk_tfm0" <niworkflows.interfaces.fixes.FixHeaderApplyTransforms>
250527-22:32:38,382 nipype.workflow INFO:
	 [Node] Setting-up "fmriprep_25_0_wf.sub_GEO036_wf.bold_ses_t2_task_image_run_1_wf.bold_fit_wf.func_fit_reports_wf.boldref_wm" in "/work/fmriprep_25_0_wf/sub_GEO036_wf/bold_ses_t2_task_image_run_1_wf/bold_fit_wf/func_fit_reports_wf/boldref_wm".
250527-22:32:38,946 nipype.workflow INFO:
	 [Node] Executing "boldref_wm" <niworkflows.interfaces.fixes.FixHeaderApplyTransforms>
250527-22:32:39,396 nipype.workflow INFO:
	 [Node] Setting-up "fmriprep_25_0_wf.sub_GEO036_wf.bold_ses_t2_task_image_run_1_wf.ds_bold_std_wf.resample_ref" in "/work/fmriprep_25_0_wf/sub_GEO036_wf/bold_ses_t2_task_image_run_1_wf/ds_bold_std_wf/_in_tuple_MNI152NLin2009cAsym.resnative/resample_ref".
250527-22:32:39,397 nipype.workflow INFO:
	 [Node] Setting-up "fmriprep_25_0_wf.sub_GEO036_wf.bold_ses_t2_task_image_run_1_wf.ds_bold_std_wf.resample_mask" in "/work/fmriprep_25_0_wf/sub_GEO036_wf/bold_ses_t2_task_image_run_1_wf/ds_bold_std_wf/_in_tuple_MNI152NLin2009cAsym.resnative/resample_mask".
250527-22:32:39,583 nipype.workflow INFO:
	 [Node] Finished "_acc_msk_tfm0", elapsed time 1.236061s.
250527-22:32:39,626 nipype.workflow INFO:
	 [Node] Finished "boldref_wm", elapsed time 0.679331s.
250527-22:32:39,939 nipype.workflow INFO:
	 [Node] Executing "resample_ref" <niworkflows.interfaces.fixes.FixHeaderApplyTransforms>
250527-22:32:40,52 nipype.workflow INFO:
	 [Node] Executing "resample_mask" <niworkflows.interfaces.fixes.FixHeaderApplyTransforms>
250527-22:32:40,456 nipype.workflow INFO:
	 [Node] Setting-up "fmriprep_25_0_wf.sub_GEO036_wf.bold_ses_t2_task_image_run_1_wf.bold_confounds_wf.union_mask" in "/work/fmriprep_25_0_wf/sub_GEO036_wf/bold_ses_t2_task_image_run_1_wf/bold_confounds_wf/union_mask".
250527-22:32:40,459 nipype.workflow INFO:
	 [Node] Setting-up "_acc_msk_tfm1" in "/work/fmriprep_25_0_wf/sub_GEO036_wf/bold_ses_t2_task_image_run_1_wf/bold_confounds_wf/acc_msk_tfm/mapflow/_acc_msk_tfm1".
250527-22:32:40,460 nipype.workflow INFO:
	 [Node] Setting-up "_acc_msk_tfm2" in "/work/fmriprep_25_0_wf/sub_GEO036_wf/bold_ses_t2_task_image_run_1_wf/bold_confounds_wf/acc_msk_tfm/mapflow/_acc_msk_tfm2".
250527-22:32:40,807 nipype.workflow INFO:
	 [Node] Setting-up "fmriprep_25_0_wf.sub_GEO036_wf.bold_ses_t2_task_image_run_1_wf.bold_fit_wf.func_fit_reports_wf.epi_t1_report" in "/work/fmriprep_25_0_wf/sub_GEO036_wf/bold_ses_t2_task_image_run_1_wf/bold_fit_wf/func_fit_reports_wf/epi_t1_report".
250527-22:32:41,292 nipype.workflow INFO:
	 [Node] Executing "_acc_msk_tfm1" <niworkflows.interfaces.fixes.FixHeaderApplyTransforms>
250527-22:32:41,368 nipype.workflow INFO:
	 [Node] Executing "_acc_msk_tfm2" <niworkflows.interfaces.fixes.FixHeaderApplyTransforms>
250527-22:32:41,380 nipype.workflow INFO:
	 [Node] Executing "union_mask" <nipype.interfaces.utility.wrappers.Function>
250527-22:32:41,405 nipype.workflow INFO:
	 [Node] Executing "epi_t1_report" <nireports.interfaces.reporting.base.SimpleBeforeAfterRPT>
250527-22:32:41,409 nipype.interface INFO:
	 Report - setting before (/out/sub-GEO036/ses-t2/func/sub-GEO036_ses-t2_task-image_run-1_desc-coreg_boldref.nii.gz) and after (/work/fmriprep_25_0_wf/sub_GEO036_wf/bold_ses_t2_task_image_run_1_wf/bold_fit_wf/func_fit_reports_wf/t1w_boldref/sub-GEO036_desc-preproc_T1w_trans.nii.gz) images
250527-22:32:41,409 nipype.interface INFO:
	 Generating visual report
250527-22:32:41,496 nipype.workflow INFO:
	 [Node] Finished "union_mask", elapsed time 0.114219s.
250527-22:32:41,760 nipype.workflow INFO:
	 [Node] Finished "resample_parc", elapsed time 3.42942s.
250527-22:32:42,224 nipype.workflow INFO:
	 [Node] Finished "_acc_msk_tfm1", elapsed time 0.930311s.
250527-22:32:42,387 nipype.workflow INFO:
	 [Node] Setting-up "fmriprep_25_0_wf.sub_GEO036_wf.bold_ses_t2_task_image_run_1_wf.bold_confounds_wf.dilated_mask" in "/work/fmriprep_25_0_wf/sub_GEO036_wf/bold_ses_t2_task_image_run_1_wf/bold_confounds_wf/dilated_mask".
250527-22:32:42,405 nipype.workflow INFO:
	 [Node] Finished "_acc_msk_tfm2", elapsed time 1.035266s.
250527-22:32:42,463 nipype.workflow INFO:
	 [Node] Finished "resample_ref", elapsed time 2.523296s.
250527-22:32:43,40 nipype.workflow INFO:
	 [Node] Executing "dilated_mask" <niworkflows.interfaces.morphology.BinaryDilation>
250527-22:32:43,137 nipype.workflow INFO:
	 [Node] Finished "dilated_mask", elapsed time 0.09653s.
250527-22:32:43,196 nipype.workflow INFO:
	 [Node] Finished "resample_mask", elapsed time 3.142942s.
250527-22:32:44,880 nipype.workflow INFO:
	 [Node] Setting-up "_acc_msk_tfm0" in "/work/fmriprep_25_0_wf/sub_GEO036_wf/bold_ses_t2_task_image_run_1_wf/bold_confounds_wf/acc_msk_tfm/mapflow/_acc_msk_tfm0".
250527-22:32:44,884 nipype.workflow INFO:
	 [Node] Cached "_acc_msk_tfm0" - collecting precomputed outputs
250527-22:32:44,884 nipype.workflow INFO:
	 [Node] "_acc_msk_tfm0" found cached.
250527-22:32:44,884 nipype.workflow INFO:
	 [Node] Setting-up "_acc_msk_tfm1" in "/work/fmriprep_25_0_wf/sub_GEO036_wf/bold_ses_t2_task_image_run_1_wf/bold_confounds_wf/acc_msk_tfm/mapflow/_acc_msk_tfm1".
250527-22:32:44,888 nipype.workflow INFO:
	 [Node] Cached "_acc_msk_tfm1" - collecting precomputed outputs
250527-22:32:44,888 nipype.workflow INFO:
	 [Node] "_acc_msk_tfm1" found cached.
250527-22:32:44,888 nipype.workflow INFO:
	 [Node] Setting-up "_acc_msk_tfm2" in "/work/fmriprep_25_0_wf/sub_GEO036_wf/bold_ses_t2_task_image_run_1_wf/bold_confounds_wf/acc_msk_tfm/mapflow/_acc_msk_tfm2".
250527-22:32:44,892 nipype.workflow INFO:
	 [Node] Cached "_acc_msk_tfm2" - collecting precomputed outputs
250527-22:32:44,892 nipype.workflow INFO:
	 [Node] "_acc_msk_tfm2" found cached.
250527-22:32:46,368 nipype.interface WARNING:
	 Changing /out/sub-GEO036/ses-t2/func/sub-GEO036_ses-t2_task-image_run-1_space-MNI152NLin2009cAsym_desc-brain_mask.nii.gz dtype from float64 to uint8
250527-22:32:47,54 nipype.workflow INFO:
	 [Node] Setting-up "fmriprep_25_0_wf.sub_GEO036_wf.bold_ses_t2_task_image_run_1_wf.bold_confounds_wf.subtract_mask" in "/work/fmriprep_25_0_wf/sub_GEO036_wf/bold_ses_t2_task_image_run_1_wf/bold_confounds_wf/subtract_mask".
250527-22:32:47,765 nipype.workflow INFO:
	 [Node] Executing "subtract_mask" <niworkflows.interfaces.morphology.BinarySubtraction>
250527-22:32:47,833 nipype.workflow INFO:
	 [Node] Finished "subtract_mask", elapsed time 0.06638s.
250527-22:32:48,972 nipype.workflow INFO:
	 [Node] Finished "bbregister", elapsed time 37.802894s.
250527-22:32:49,378 nipype.workflow INFO:
	 [Node] Setting-up "_acc_msk_brain0" in "/work/fmriprep_25_0_wf/sub_GEO036_wf/bold_ses_t2_task_image_run_1_wf/bold_confounds_wf/acc_msk_brain/mapflow/_acc_msk_brain0".
250527-22:32:49,381 nipype.workflow INFO:
	 [Node] Setting-up "_acc_msk_brain1" in "/work/fmriprep_25_0_wf/sub_GEO036_wf/bold_ses_t2_task_image_run_1_wf/bold_confounds_wf/acc_msk_brain/mapflow/_acc_msk_brain1".
250527-22:32:49,382 nipype.workflow INFO:
	 [Node] Setting-up "_acc_msk_brain2" in "/work/fmriprep_25_0_wf/sub_GEO036_wf/bold_ses_t2_task_image_run_1_wf/bold_confounds_wf/acc_msk_brain/mapflow/_acc_msk_brain2".
250527-22:32:49,936 nipype.workflow INFO:
	 [Node] Executing "_acc_msk_brain0" <niworkflows.interfaces.nibabel.ApplyMask>
250527-22:32:50,48 nipype.workflow INFO:
	 [Node] Executing "_acc_msk_brain2" <niworkflows.interfaces.nibabel.ApplyMask>
250527-22:32:50,48 nipype.workflow INFO:
	 [Node] Finished "_acc_msk_brain0", elapsed time 0.110671s.
250527-22:32:50,130 nipype.workflow INFO:
	 [Node] Executing "_acc_msk_brain1" <niworkflows.interfaces.nibabel.ApplyMask>
250527-22:32:50,165 nipype.workflow INFO:
	 [Node] Finished "_acc_msk_brain2", elapsed time 0.116867s.
250527-22:32:50,272 nipype.workflow INFO:
	 [Node] Finished "_acc_msk_brain1", elapsed time 0.141178s.
250527-22:32:51,386 nipype.workflow INFO:
	 [Node] Setting-up "fmriprep_25_0_wf.sub_GEO036_wf.bold_ses_t2_task_image_run_3_wf.bold_fit_wf.bold_reg_wf.bbreg_wf.bbregister" in "/work/fmriprep_25_0_wf/sub_GEO036_wf/bold_ses_t2_task_image_run_3_wf/bold_fit_wf/bold_reg_wf/bbreg_wf/bbregister".
250527-22:32:52,835 nipype.workflow INFO:
	 [Node] Executing "bbregister" <nipype.interfaces.freesurfer.preprocess.BBRegister>
250527-22:32:53,250 nipype.workflow INFO:
	 [Node] Setting-up "_acc_msk_brain0" in "/work/fmriprep_25_0_wf/sub_GEO036_wf/bold_ses_t2_task_image_run_1_wf/bold_confounds_wf/acc_msk_brain/mapflow/_acc_msk_brain0".
250527-22:32:53,254 nipype.workflow INFO:
	 [Node] Cached "_acc_msk_brain0" - collecting precomputed outputs
250527-22:32:53,254 nipype.workflow INFO:
	 [Node] "_acc_msk_brain0" found cached.
250527-22:32:53,255 nipype.workflow INFO:
	 [Node] Setting-up "_acc_msk_brain1" in "/work/fmriprep_25_0_wf/sub_GEO036_wf/bold_ses_t2_task_image_run_1_wf/bold_confounds_wf/acc_msk_brain/mapflow/_acc_msk_brain1".
250527-22:32:53,260 nipype.workflow INFO:
	 [Node] Cached "_acc_msk_brain1" - collecting precomputed outputs
250527-22:32:53,260 nipype.workflow INFO:
	 [Node] "_acc_msk_brain1" found cached.
250527-22:32:53,261 nipype.workflow INFO:
	 [Node] Setting-up "_acc_msk_brain2" in "/work/fmriprep_25_0_wf/sub_GEO036_wf/bold_ses_t2_task_image_run_1_wf/bold_confounds_wf/acc_msk_brain/mapflow/_acc_msk_brain2".
250527-22:32:53,264 nipype.workflow INFO:
	 [Node] Cached "_acc_msk_brain2" - collecting precomputed outputs
250527-22:32:53,264 nipype.workflow INFO:
	 [Node] "_acc_msk_brain2" found cached.
250527-22:32:53,355 nipype.workflow INFO:
	 [Node] Setting-up "fmriprep_25_0_wf.sub_GEO036_wf.bold_ses_t2_task_image_run_2_wf.bold_fit_wf.bold_reg_wf.bbreg_wf.compare_transforms" in "/work/fmriprep_25_0_wf/sub_GEO036_wf/bold_ses_t2_task_image_run_2_wf/bold_fit_wf/bold_reg_wf/bbreg_wf/compare_transforms".
250527-22:32:53,933 nipype.workflow INFO:
	 [Node] Executing "compare_transforms" <nipype.interfaces.utility.wrappers.Function>
250527-22:32:53,945 nipype.workflow INFO:
	 [Node] Finished "compare_transforms", elapsed time 0.011648s.
250527-22:32:56,747 nipype.workflow INFO:
	 [Node] Finished "epi_t1_report", elapsed time 15.340067s.
250527-22:33:01,656 nipype.workflow INFO:
	 [Node] Setting-up "fmriprep_25_0_wf.sub_GEO036_wf.bold_ses_t2_task_image_run_1_wf.bold_fit_wf.func_fit_reports_wf.ds_epi_t1_report" in "/work/fmriprep_25_0_wf/sub_GEO036_wf/bold_ses_t2_task_image_run_1_wf/bold_fit_wf/func_fit_reports_wf/ds_epi_t1_report".
250527-22:33:01,656 nipype.workflow INFO:
	 [Node] Setting-up "_acc_msk_bin0" in "/work/fmriprep_25_0_wf/sub_GEO036_wf/bold_ses_t2_task_image_run_1_wf/bold_confounds_wf/acc_msk_bin/mapflow/_acc_msk_bin0".
250527-22:33:01,656 nipype.workflow INFO:
	 [Node] Setting-up "_acc_msk_bin1" in "/work/fmriprep_25_0_wf/sub_GEO036_wf/bold_ses_t2_task_image_run_1_wf/bold_confounds_wf/acc_msk_bin/mapflow/_acc_msk_bin1".
250527-22:33:01,660 nipype.workflow INFO:
	 [Node] Setting-up "_acc_msk_bin2" in "/work/fmriprep_25_0_wf/sub_GEO036_wf/bold_ses_t2_task_image_run_1_wf/bold_confounds_wf/acc_msk_bin/mapflow/_acc_msk_bin2".
250527-22:33:01,958 nipype.workflow INFO:
	 [Node] Setting-up "fmriprep_25_0_wf.sub_GEO036_wf.bold_ses_t2_task_image_run_2_wf.bold_fit_wf.bold_reg_wf.bbreg_wf.concat_xfm" in "/work/fmriprep_25_0_wf/sub_GEO036_wf/bold_ses_t2_task_image_run_2_wf/bold_fit_wf/bold_reg_wf/bbreg_wf/concat_xfm".
250527-22:33:02,204 nipype.workflow INFO:
	 [Node] Executing "_acc_msk_bin1" <niworkflows.interfaces.nibabel.Binarize>
250527-22:33:02,232 nipype.workflow INFO:
	 [Node] Executing "_acc_msk_bin0" <niworkflows.interfaces.nibabel.Binarize>
250527-22:33:02,294 nipype.workflow INFO:
	 [Node] Executing "_acc_msk_bin2" <niworkflows.interfaces.nibabel.Binarize>
250527-22:33:02,535 nipype.workflow INFO:
	 [Node] Finished "_acc_msk_bin1", elapsed time 0.329835s.
250527-22:33:02,542 nipype.workflow INFO:
	 [Node] Finished "_acc_msk_bin0", elapsed time 0.309369s.
250527-22:33:02,568 nipype.workflow INFO:
	 [Node] Executing "ds_epi_t1_report" <fmriprep.interfaces.DerivativesDataSink>
250527-22:33:02,661 nipype.workflow INFO:
	 [Node] Finished "_acc_msk_bin2", elapsed time 0.365413s.
250527-22:33:02,756 nipype.workflow INFO:
	 [Node] Executing "concat_xfm" <niworkflows.interfaces.nitransforms.ConcatenateXFMs>
250527-22:33:02,893 nipype.workflow INFO:
	 [Node] Finished "ds_epi_t1_report", elapsed time 0.323397s.
250527-22:33:02,900 nipype.workflow INFO:
	 [Node] Finished "concat_xfm", elapsed time 0.142312s.
250527-22:33:05,763 nipype.workflow INFO:
	 [Node] Setting-up "_acc_msk_bin0" in "/work/fmriprep_25_0_wf/sub_GEO036_wf/bold_ses_t2_task_image_run_1_wf/bold_confounds_wf/acc_msk_bin/mapflow/_acc_msk_bin0".
250527-22:33:05,766 nipype.workflow INFO:
	 [Node] Cached "_acc_msk_bin0" - collecting precomputed outputs
250527-22:33:05,767 nipype.workflow INFO:
	 [Node] "_acc_msk_bin0" found cached.
250527-22:33:05,767 nipype.workflow INFO:
	 [Node] Setting-up "_acc_msk_bin1" in "/work/fmriprep_25_0_wf/sub_GEO036_wf/bold_ses_t2_task_image_run_1_wf/bold_confounds_wf/acc_msk_bin/mapflow/_acc_msk_bin1".
250527-22:33:05,771 nipype.workflow INFO:
	 [Node] Cached "_acc_msk_bin1" - collecting precomputed outputs
250527-22:33:05,771 nipype.workflow INFO:
	 [Node] "_acc_msk_bin1" found cached.
250527-22:33:05,771 nipype.workflow INFO:
	 [Node] Setting-up "_acc_msk_bin2" in "/work/fmriprep_25_0_wf/sub_GEO036_wf/bold_ses_t2_task_image_run_1_wf/bold_confounds_wf/acc_msk_bin/mapflow/_acc_msk_bin2".
250527-22:33:05,775 nipype.workflow INFO:
	 [Node] Cached "_acc_msk_bin2" - collecting precomputed outputs
250527-22:33:05,775 nipype.workflow INFO:
	 [Node] "_acc_msk_bin2" found cached.
250527-22:33:05,947 nipype.workflow INFO:
	 [Node] Setting-up "fmriprep_25_0_wf.sub_GEO036_wf.bold_ses_t2_task_image_run_2_wf.bold_fit_wf.func_fit_reports_wf.t1w_boldref" in "/work/fmriprep_25_0_wf/sub_GEO036_wf/bold_ses_t2_task_image_run_2_wf/bold_fit_wf/func_fit_reports_wf/t1w_boldref".
250527-22:33:06,468 nipype.workflow INFO:
	 [Node] Executing "t1w_boldref" <niworkflows.interfaces.fixes.FixHeaderApplyTransforms>
250527-22:33:07,70 nipype.workflow INFO:
	 [Node] Setting-up "fmriprep_25_0_wf.sub_GEO036_wf.bold_ses_t2_task_image_run_2_wf.bold_confounds_wf.t1w_mask_tfm" in "/work/fmriprep_25_0_wf/sub_GEO036_wf/bold_ses_t2_task_image_run_2_wf/bold_confounds_wf/t1w_mask_tfm".
250527-22:33:07,335 nipype.workflow INFO:
	 [Node] Setting-up "fmriprep_25_0_wf.sub_GEO036_wf.bold_ses_t2_task_image_run_2_wf.carpetplot_wf.mrg_xfms" in "/work/fmriprep_25_0_wf/sub_GEO036_wf/bold_ses_t2_task_image_run_2_wf/carpetplot_wf/mrg_xfms".
250527-22:33:07,640 nipype.workflow INFO:
	 [Node] Executing "t1w_mask_tfm" <niworkflows.interfaces.fixes.FixHeaderApplyTransforms>
250527-22:33:07,864 nipype.workflow INFO:
	 [Node] Executing "mrg_xfms" <nipype.interfaces.utility.base.Merge>
250527-22:33:07,865 nipype.workflow INFO:
	 [Node] Finished "mrg_xfms", elapsed time 0.000397s.
250527-22:33:08,284 nipype.workflow INFO:
	 [Node] Finished "t1w_boldref", elapsed time 1.815477s.
250527-22:33:08,573 nipype.workflow INFO:
	 [Node] Setting-up "fmriprep_25_0_wf.sub_GEO036_wf.bold_ses_t2_task_image_run_2_wf.ds_bold_std_wf.boldref2target" in "/work/fmriprep_25_0_wf/sub_GEO036_wf/bold_ses_t2_task_image_run_2_wf/ds_bold_std_wf/_in_tuple_MNI152NLin2009cAsym.resnative/boldref2target".
250527-22:33:08,890 nipype.workflow INFO:
	 [Node] Setting-up "fmriprep_25_0_wf.sub_GEO036_wf.bold_ses_t2_task_image_run_2_wf.bold_fit_wf.func_fit_reports_wf.boldref_wm" in "/work/fmriprep_25_0_wf/sub_GEO036_wf/bold_ses_t2_task_image_run_2_wf/bold_fit_wf/func_fit_reports_wf/boldref_wm".
250527-22:33:08,891 nipype.workflow INFO:
	 [Node] Setting-up "fmriprep_25_0_wf.sub_GEO036_wf.bold_ses_t2_task_image_run_2_wf.ds_bold_std_wf.sources" in "/work/fmriprep_25_0_wf/sub_GEO036_wf/bold_ses_t2_task_image_run_2_wf/ds_bold_std_wf/_in_tuple_MNI152NLin2009cAsym.resnative/sources".
250527-22:33:09,375 nipype.workflow INFO:
	 [Node] Executing "boldref2target" <nipype.interfaces.utility.base.Merge>
250527-22:33:09,377 nipype.workflow INFO:
	 [Node] Finished "boldref2target", elapsed time 0.00047s.
250527-22:33:09,508 nipype.workflow INFO:
	 [Node] Executing "boldref_wm" <niworkflows.interfaces.fixes.FixHeaderApplyTransforms>
250527-22:33:09,518 nipype.workflow INFO:
	 [Node] Executing "sources" <fmriprep.interfaces.bids.BIDSURI>
250527-22:33:09,521 nipype.workflow INFO:
	 [Node] Finished "sources", elapsed time 0.001113s.
250527-22:33:10,77 nipype.workflow INFO:
	 [Node] Setting-up "fmriprep_25_0_wf.sub_GEO036_wf.bold_ses_t2_task_image_run_2_wf.carpetplot_wf.resample_parc" in "/work/fmriprep_25_0_wf/sub_GEO036_wf/bold_ses_t2_task_image_run_2_wf/carpetplot_wf/resample_parc".
250527-22:33:10,79 nipype.workflow INFO:
	 [Node] Setting-up "_acc_msk_tfm0" in "/work/fmriprep_25_0_wf/sub_GEO036_wf/bold_ses_t2_task_image_run_2_wf/bold_confounds_wf/acc_msk_tfm/mapflow/_acc_msk_tfm0".
250527-22:33:10,97 nipype.workflow INFO:
	 [Node] Finished "t1w_mask_tfm", elapsed time 2.454715s.
250527-22:33:10,302 nipype.workflow INFO:
	 [Node] Finished "boldref_wm", elapsed time 0.7933s.
250527-22:33:10,708 nipype.workflow INFO:
	 [Node] Executing "resample_parc" <niworkflows.interfaces.fixes.FixHeaderApplyTransforms>
250527-22:33:10,821 nipype.workflow INFO:
	 [Node] Executing "_acc_msk_tfm0" <niworkflows.interfaces.fixes.FixHeaderApplyTransforms>
250527-22:33:10,951 nipype.workflow INFO:
	 [Node] Setting-up "fmriprep_25_0_wf.sub_GEO036_wf.bold_ses_t2_task_image_run_2_wf.bold_fit_wf.func_fit_reports_wf.epi_t1_report" in "/work/fmriprep_25_0_wf/sub_GEO036_wf/bold_ses_t2_task_image_run_2_wf/bold_fit_wf/func_fit_reports_wf/epi_t1_report".
250527-22:33:10,952 nipype.workflow INFO:
	 [Node] Setting-up "fmriprep_25_0_wf.sub_GEO036_wf.bold_ses_t2_task_image_run_2_wf.bold_confounds_wf.union_mask" in "/work/fmriprep_25_0_wf/sub_GEO036_wf/bold_ses_t2_task_image_run_2_wf/bold_confounds_wf/union_mask".
250527-22:33:11,547 nipype.workflow INFO:
	 [Node] Executing "epi_t1_report" <nireports.interfaces.reporting.base.SimpleBeforeAfterRPT>
250527-22:33:11,549 nipype.interface INFO:
	 Report - setting before (/out/sub-GEO036/ses-t2/func/sub-GEO036_ses-t2_task-image_run-2_desc-coreg_boldref.nii.gz) and after (/work/fmriprep_25_0_wf/sub_GEO036_wf/bold_ses_t2_task_image_run_2_wf/bold_fit_wf/func_fit_reports_wf/t1w_boldref/sub-GEO036_desc-preproc_T1w_trans.nii.gz) images
250527-22:33:11,549 nipype.interface INFO:
	 Generating visual report
250527-22:33:11,590 nipype.workflow INFO:
	 [Node] Executing "union_mask" <nipype.interfaces.utility.wrappers.Function>
250527-22:33:11,718 nipype.workflow INFO:
	 [Node] Finished "union_mask", elapsed time 0.127552s.
250527-22:33:11,758 nipype.workflow INFO:
	 [Node] Finished "_acc_msk_tfm0", elapsed time 0.936434s.
250527-22:33:12,509 nipype.workflow INFO:
	 [Node] Setting-up "fmriprep_25_0_wf.sub_GEO036_wf.bold_ses_t2_task_image_run_2_wf.ds_bold_std_wf.resample_ref" in "/work/fmriprep_25_0_wf/sub_GEO036_wf/bold_ses_t2_task_image_run_2_wf/ds_bold_std_wf/_in_tuple_MNI152NLin2009cAsym.resnative/resample_ref".
250527-22:33:12,510 nipype.workflow INFO:
	 [Node] Setting-up "fmriprep_25_0_wf.sub_GEO036_wf.bold_ses_t2_task_image_run_2_wf.ds_bold_std_wf.resample_mask" in "/work/fmriprep_25_0_wf/sub_GEO036_wf/bold_ses_t2_task_image_run_2_wf/ds_bold_std_wf/_in_tuple_MNI152NLin2009cAsym.resnative/resample_mask".
250527-22:33:13,687 nipype.workflow INFO:
	 [Node] Executing "resample_mask" <niworkflows.interfaces.fixes.FixHeaderApplyTransforms>
250527-22:33:13,742 nipype.workflow INFO:
	 [Node] Executing "resample_ref" <niworkflows.interfaces.fixes.FixHeaderApplyTransforms>
250527-22:33:14,10 nipype.workflow INFO:
	 [Node] Finished "resample_parc", elapsed time 3.301092s.
250527-22:33:16,111 nipype.workflow INFO:
	 [Node] Finished "resample_ref", elapsed time 2.367535s.
250527-22:33:16,511 nipype.workflow INFO:
	 [Node] Setting-up "fmriprep_25_0_wf.sub_GEO036_wf.bold_ses_t2_task_image_run_1_wf.carpetplot_wf.parcels" in "/work/fmriprep_25_0_wf/sub_GEO036_wf/bold_ses_t2_task_image_run_1_wf/carpetplot_wf/parcels".
250527-22:33:16,805 nipype.workflow INFO:
	 [Node] Setting-up "fmriprep_25_0_wf.sub_GEO036_wf.bold_ses_t2_task_image_run_2_wf.bold_confounds_wf.dilated_mask" in "/work/fmriprep_25_0_wf/sub_GEO036_wf/bold_ses_t2_task_image_run_2_wf/bold_confounds_wf/dilated_mask".
250527-22:33:16,806 nipype.workflow INFO:
	 [Node] Setting-up "_acc_msk_tfm1" in "/work/fmriprep_25_0_wf/sub_GEO036_wf/bold_ses_t2_task_image_run_2_wf/bold_confounds_wf/acc_msk_tfm/mapflow/_acc_msk_tfm1".
250527-22:33:16,807 nipype.workflow INFO:
	 [Node] Setting-up "_acc_msk_tfm2" in "/work/fmriprep_25_0_wf/sub_GEO036_wf/bold_ses_t2_task_image_run_2_wf/bold_confounds_wf/acc_msk_tfm/mapflow/_acc_msk_tfm2".
250527-22:33:17,388 nipype.workflow INFO:
	 [Node] Finished "resample_mask", elapsed time 3.700212s.
250527-22:33:18,300 nipype.workflow INFO:
	 [Node] Executing "_acc_msk_tfm1" <niworkflows.interfaces.fixes.FixHeaderApplyTransforms>
250527-22:33:18,768 nipype.workflow INFO:
	 [Node] Executing "dilated_mask" <niworkflows.interfaces.morphology.BinaryDilation>
250527-22:33:18,882 nipype.workflow INFO:
	 [Node] Finished "dilated_mask", elapsed time 0.112847s.
250527-22:33:19,107 nipype.workflow INFO:
	 [Node] Executing "_acc_msk_tfm2" <niworkflows.interfaces.fixes.FixHeaderApplyTransforms>
250527-22:33:19,185 nipype.workflow INFO:
	 [Node] Executing "parcels" <nipype.interfaces.utility.wrappers.Function>
250527-22:33:19,541 nipype.workflow INFO:
	 [Node] Finished "parcels", elapsed time 0.355751s.
250527-22:33:20,298 nipype.workflow INFO:
	 [Node] Finished "_acc_msk_tfm1", elapsed time 1.99749s.
250527-22:33:20,642 nipype.workflow INFO:
	 [Node] Finished "_acc_msk_tfm2", elapsed time 1.533802s.
250527-22:33:22,955 nipype.workflow INFO:
	 [Node] Setting-up "_acc_msk_tfm0" in "/work/fmriprep_25_0_wf/sub_GEO036_wf/bold_ses_t2_task_image_run_2_wf/bold_confounds_wf/acc_msk_tfm/mapflow/_acc_msk_tfm0".
250527-22:33:22,960 nipype.workflow INFO:
	 [Node] Cached "_acc_msk_tfm0" - collecting precomputed outputs
250527-22:33:22,960 nipype.workflow INFO:
	 [Node] "_acc_msk_tfm0" found cached.
250527-22:33:22,961 nipype.workflow INFO:
	 [Node] Setting-up "_acc_msk_tfm1" in "/work/fmriprep_25_0_wf/sub_GEO036_wf/bold_ses_t2_task_image_run_2_wf/bold_confounds_wf/acc_msk_tfm/mapflow/_acc_msk_tfm1".
250527-22:33:22,967 nipype.workflow INFO:
	 [Node] Cached "_acc_msk_tfm1" - collecting precomputed outputs
250527-22:33:22,967 nipype.workflow INFO:
	 [Node] "_acc_msk_tfm1" found cached.
250527-22:33:22,967 nipype.workflow INFO:
	 [Node] Setting-up "_acc_msk_tfm2" in "/work/fmriprep_25_0_wf/sub_GEO036_wf/bold_ses_t2_task_image_run_2_wf/bold_confounds_wf/acc_msk_tfm/mapflow/_acc_msk_tfm2".
250527-22:33:22,971 nipype.workflow INFO:
	 [Node] Cached "_acc_msk_tfm2" - collecting precomputed outputs
250527-22:33:22,971 nipype.workflow INFO:
	 [Node] "_acc_msk_tfm2" found cached.
250527-22:33:23,22 nipype.interface WARNING:
	 Changing /out/sub-GEO036/ses-t2/func/sub-GEO036_ses-t2_task-image_run-2_space-MNI152NLin2009cAsym_desc-brain_mask.nii.gz dtype from float64 to uint8
250527-22:33:23,759 nipype.workflow INFO:
	 [Node] Setting-up "fmriprep_25_0_wf.sub_GEO036_wf.bold_ses_t2_task_image_run_2_wf.bold_confounds_wf.subtract_mask" in "/work/fmriprep_25_0_wf/sub_GEO036_wf/bold_ses_t2_task_image_run_2_wf/bold_confounds_wf/subtract_mask".
250527-22:33:24,433 nipype.workflow INFO:
	 [Node] Executing "subtract_mask" <niworkflows.interfaces.morphology.BinarySubtraction>
250527-22:33:24,699 nipype.workflow INFO:
	 [Node] Finished "subtract_mask", elapsed time 0.264479s.
250527-22:33:26,59 nipype.workflow INFO:
	 [Node] Setting-up "_acc_msk_brain0" in "/work/fmriprep_25_0_wf/sub_GEO036_wf/bold_ses_t2_task_image_run_2_wf/bold_confounds_wf/acc_msk_brain/mapflow/_acc_msk_brain0".
250527-22:33:26,60 nipype.workflow INFO:
	 [Node] Setting-up "_acc_msk_brain1" in "/work/fmriprep_25_0_wf/sub_GEO036_wf/bold_ses_t2_task_image_run_2_wf/bold_confounds_wf/acc_msk_brain/mapflow/_acc_msk_brain1".
250527-22:33:26,60 nipype.workflow INFO:
	 [Node] Setting-up "_acc_msk_brain2" in "/work/fmriprep_25_0_wf/sub_GEO036_wf/bold_ses_t2_task_image_run_2_wf/bold_confounds_wf/acc_msk_brain/mapflow/_acc_msk_brain2".
250527-22:33:26,124 nipype.workflow INFO:
	 [Node] Finished "bbregister", elapsed time 33.288323s.
250527-22:33:27,272 nipype.workflow INFO:
	 [Node] Executing "_acc_msk_brain2" <niworkflows.interfaces.nibabel.ApplyMask>
250527-22:33:27,290 nipype.workflow INFO:
	 [Node] Finished "epi_t1_report", elapsed time 15.741415s.
250527-22:33:27,334 nipype.workflow INFO:
	 [Node] Executing "_acc_msk_brain0" <niworkflows.interfaces.nibabel.ApplyMask>
250527-22:33:27,428 nipype.workflow INFO:
	 [Node] Finished "_acc_msk_brain2", elapsed time 0.153156s.
250527-22:33:27,443 nipype.workflow INFO:
	 [Node] Executing "_acc_msk_brain1" <niworkflows.interfaces.nibabel.ApplyMask>
250527-22:33:27,522 nipype.workflow INFO:
	 [Node] Finished "_acc_msk_brain0", elapsed time 0.187131s.
250527-22:33:27,653 nipype.workflow INFO:
	 [Node] Finished "_acc_msk_brain1", elapsed time 0.208836s.
250527-22:33:28,61 nipype.workflow INFO:
	 [Node] Setting-up "fmriprep_25_0_wf.sub_GEO036_wf.bold_ses_t2_task_image_run_4_wf.bold_fit_wf.bold_reg_wf.bbreg_wf.bbregister" in "/work/fmriprep_25_0_wf/sub_GEO036_wf/bold_ses_t2_task_image_run_4_wf/bold_fit_wf/bold_reg_wf/bbreg_wf/bbregister".
250527-22:33:29,219 nipype.workflow INFO:
	 [Node] Executing "bbregister" <nipype.interfaces.freesurfer.preprocess.BBRegister>
250527-22:33:30,231 nipype.workflow INFO:
	 [Node] Setting-up "fmriprep_25_0_wf.sub_GEO036_wf.bold_ses_t2_task_image_run_2_wf.bold_fit_wf.func_fit_reports_wf.ds_epi_t1_report" in "/work/fmriprep_25_0_wf/sub_GEO036_wf/bold_ses_t2_task_image_run_2_wf/bold_fit_wf/func_fit_reports_wf/ds_epi_t1_report".
250527-22:33:30,549 nipype.workflow INFO:
	 [Node] Setting-up "fmriprep_25_0_wf.sub_GEO036_wf.bold_ses_t2_task_image_run_3_wf.bold_fit_wf.bold_reg_wf.bbreg_wf.compare_transforms" in "/work/fmriprep_25_0_wf/sub_GEO036_wf/bold_ses_t2_task_image_run_3_wf/bold_fit_wf/bold_reg_wf/bbreg_wf/compare_transforms".
250527-22:33:31,401 nipype.workflow INFO:
	 [Node] Executing "ds_epi_t1_report" <fmriprep.interfaces.DerivativesDataSink>
250527-22:33:31,773 nipype.workflow INFO:
	 [Node] Executing "compare_transforms" <nipype.interfaces.utility.wrappers.Function>
250527-22:33:31,783 nipype.workflow INFO:
	 [Node] Finished "ds_epi_t1_report", elapsed time 0.380168s.
250527-22:33:31,791 nipype.workflow INFO:
	 [Node] Finished "compare_transforms", elapsed time 0.016695s.
250527-22:33:31,810 nipype.workflow INFO:
	 [Node] Setting-up "_acc_msk_brain0" in "/work/fmriprep_25_0_wf/sub_GEO036_wf/bold_ses_t2_task_image_run_2_wf/bold_confounds_wf/acc_msk_brain/mapflow/_acc_msk_brain0".
250527-22:33:31,814 nipype.workflow INFO:
	 [Node] Cached "_acc_msk_brain0" - collecting precomputed outputs
250527-22:33:31,814 nipype.workflow INFO:
	 [Node] "_acc_msk_brain0" found cached.
250527-22:33:31,814 nipype.workflow INFO:
	 [Node] Setting-up "_acc_msk_brain1" in "/work/fmriprep_25_0_wf/sub_GEO036_wf/bold_ses_t2_task_image_run_2_wf/bold_confounds_wf/acc_msk_brain/mapflow/_acc_msk_brain1".
250527-22:33:31,819 nipype.workflow INFO:
	 [Node] Cached "_acc_msk_brain1" - collecting precomputed outputs
250527-22:33:31,819 nipype.workflow INFO:
	 [Node] "_acc_msk_brain1" found cached.
250527-22:33:31,820 nipype.workflow INFO:
	 [Node] Setting-up "_acc_msk_brain2" in "/work/fmriprep_25_0_wf/sub_GEO036_wf/bold_ses_t2_task_image_run_2_wf/bold_confounds_wf/acc_msk_brain/mapflow/_acc_msk_brain2".
250527-22:33:31,824 nipype.workflow INFO:
	 [Node] Cached "_acc_msk_brain2" - collecting precomputed outputs
250527-22:33:31,824 nipype.workflow INFO:
	 [Node] "_acc_msk_brain2" found cached.
250527-22:33:40,60 nipype.workflow INFO:
	 [Node] Setting-up "fmriprep_25_0_wf.sub_GEO036_wf.bold_ses_t2_task_image_run_3_wf.bold_fit_wf.bold_reg_wf.bbreg_wf.concat_xfm" in "/work/fmriprep_25_0_wf/sub_GEO036_wf/bold_ses_t2_task_image_run_3_wf/bold_fit_wf/bold_reg_wf/bbreg_wf/concat_xfm".
250527-22:33:40,62 nipype.workflow INFO:
	 [Node] Setting-up "_acc_msk_bin0" in "/work/fmriprep_25_0_wf/sub_GEO036_wf/bold_ses_t2_task_image_run_2_wf/bold_confounds_wf/acc_msk_bin/mapflow/_acc_msk_bin0".
250527-22:33:40,63 nipype.workflow INFO:
	 [Node] Setting-up "_acc_msk_bin1" in "/work/fmriprep_25_0_wf/sub_GEO036_wf/bold_ses_t2_task_image_run_2_wf/bold_confounds_wf/acc_msk_bin/mapflow/_acc_msk_bin1".
250527-22:33:40,63 nipype.workflow INFO:
	 [Node] Setting-up "_acc_msk_bin2" in "/work/fmriprep_25_0_wf/sub_GEO036_wf/bold_ses_t2_task_image_run_2_wf/bold_confounds_wf/acc_msk_bin/mapflow/_acc_msk_bin2".
250527-22:33:41,199 nipype.workflow INFO:
	 [Node] Executing "concat_xfm" <niworkflows.interfaces.nitransforms.ConcatenateXFMs>
250527-22:33:41,400 nipype.workflow INFO:
	 [Node] Executing "_acc_msk_bin0" <niworkflows.interfaces.nibabel.Binarize>
250527-22:33:41,419 nipype.workflow INFO:
	 [Node] Executing "_acc_msk_bin1" <niworkflows.interfaces.nibabel.Binarize>
250527-22:33:41,423 nipype.workflow INFO:
	 [Node] Finished "concat_xfm", elapsed time 0.222982s.
250527-22:33:41,430 nipype.workflow INFO:
	 [Node] Executing "_acc_msk_bin2" <niworkflows.interfaces.nibabel.Binarize>
250527-22:33:41,766 nipype.workflow INFO:
	 [Node] Finished "_acc_msk_bin1", elapsed time 0.346535s.
250527-22:33:41,794 nipype.workflow INFO:
	 [Node] Finished "_acc_msk_bin0", elapsed time 0.392946s.
250527-22:33:41,863 nipype.workflow INFO:
	 [Node] Finished "_acc_msk_bin2", elapsed time 0.432181s.
250527-22:33:46,46 nipype.workflow INFO:
	 [Node] Setting-up "fmriprep_25_0_wf.sub_GEO036_wf.bold_ses_t2_task_image_run_3_wf.bold_fit_wf.func_fit_reports_wf.t1w_boldref" in "/work/fmriprep_25_0_wf/sub_GEO036_wf/bold_ses_t2_task_image_run_3_wf/bold_fit_wf/func_fit_reports_wf/t1w_boldref".
250527-22:33:46,432 nipype.workflow INFO:
	 [Node] Setting-up "_acc_msk_bin0" in "/work/fmriprep_25_0_wf/sub_GEO036_wf/bold_ses_t2_task_image_run_2_wf/bold_confounds_wf/acc_msk_bin/mapflow/_acc_msk_bin0".
250527-22:33:46,436 nipype.workflow INFO:
	 [Node] Cached "_acc_msk_bin0" - collecting precomputed outputs
250527-22:33:46,436 nipype.workflow INFO:
	 [Node] "_acc_msk_bin0" found cached.
250527-22:33:46,436 nipype.workflow INFO:
	 [Node] Setting-up "_acc_msk_bin1" in "/work/fmriprep_25_0_wf/sub_GEO036_wf/bold_ses_t2_task_image_run_2_wf/bold_confounds_wf/acc_msk_bin/mapflow/_acc_msk_bin1".
250527-22:33:46,445 nipype.workflow INFO:
	 [Node] Cached "_acc_msk_bin1" - collecting precomputed outputs
250527-22:33:46,445 nipype.workflow INFO:
	 [Node] "_acc_msk_bin1" found cached.
250527-22:33:46,446 nipype.workflow INFO:
	 [Node] Setting-up "_acc_msk_bin2" in "/work/fmriprep_25_0_wf/sub_GEO036_wf/bold_ses_t2_task_image_run_2_wf/bold_confounds_wf/acc_msk_bin/mapflow/_acc_msk_bin2".
250527-22:33:46,454 nipype.workflow INFO:
	 [Node] Cached "_acc_msk_bin2" - collecting precomputed outputs
250527-22:33:46,454 nipype.workflow INFO:
	 [Node] "_acc_msk_bin2" found cached.
250527-22:33:47,73 nipype.workflow INFO:
	 [Node] Executing "t1w_boldref" <niworkflows.interfaces.fixes.FixHeaderApplyTransforms>
250527-22:33:48,350 nipype.workflow INFO:
	 [Node] Setting-up "fmriprep_25_0_wf.sub_GEO036_wf.bold_ses_t2_task_image_run_3_wf.bold_confounds_wf.t1w_mask_tfm" in "/work/fmriprep_25_0_wf/sub_GEO036_wf/bold_ses_t2_task_image_run_3_wf/bold_confounds_wf/t1w_mask_tfm".
250527-22:33:48,871 nipype.workflow INFO:
	 [Node] Setting-up "fmriprep_25_0_wf.sub_GEO036_wf.bold_ses_t2_task_image_run_3_wf.carpetplot_wf.mrg_xfms" in "/work/fmriprep_25_0_wf/sub_GEO036_wf/bold_ses_t2_task_image_run_3_wf/carpetplot_wf/mrg_xfms".
250527-22:33:48,873 nipype.workflow INFO:
	 [Node] Setting-up "fmriprep_25_0_wf.sub_GEO036_wf.bold_ses_t2_task_image_run_3_wf.ds_bold_std_wf.boldref2target" in "/work/fmriprep_25_0_wf/sub_GEO036_wf/bold_ses_t2_task_image_run_3_wf/ds_bold_std_wf/_in_tuple_MNI152NLin2009cAsym.resnative/boldref2target".
250527-22:33:49,345 nipype.workflow INFO:
	 [Node] Executing "t1w_mask_tfm" <niworkflows.interfaces.fixes.FixHeaderApplyTransforms>
250527-22:33:49,510 nipype.workflow INFO:
	 [Node] Setting-up "fmriprep_25_0_wf.sub_GEO036_wf.bold_ses_t2_task_image_run_3_wf.ds_bold_std_wf.sources" in "/work/fmriprep_25_0_wf/sub_GEO036_wf/bold_ses_t2_task_image_run_3_wf/ds_bold_std_wf/_in_tuple_MNI152NLin2009cAsym.resnative/sources".
250527-22:33:49,512 nipype.workflow INFO:
	 [Node] Setting-up "_acc_msk_tfm0" in "/work/fmriprep_25_0_wf/sub_GEO036_wf/bold_ses_t2_task_image_run_3_wf/bold_confounds_wf/acc_msk_tfm/mapflow/_acc_msk_tfm0".
250527-22:33:49,578 nipype.workflow INFO:
	 [Node] Finished "t1w_boldref", elapsed time 2.504048s.
250527-22:33:50,177 nipype.workflow INFO:
	 [Node] Executing "mrg_xfms" <nipype.interfaces.utility.base.Merge>
250527-22:33:50,179 nipype.workflow INFO:
	 [Node] Finished "mrg_xfms", elapsed time 0.000826s.
250527-22:33:50,631 nipype.workflow INFO:
	 [Node] Executing "boldref2target" <nipype.interfaces.utility.base.Merge>
250527-22:33:50,635 nipype.workflow INFO:
	 [Node] Finished "boldref2target", elapsed time 0.001549s.
250527-22:33:50,735 nipype.workflow INFO:
	 [Node] Executing "_acc_msk_tfm0" <niworkflows.interfaces.fixes.FixHeaderApplyTransforms>
250527-22:33:50,882 nipype.workflow INFO:
	 [Node] Executing "sources" <fmriprep.interfaces.bids.BIDSURI>
250527-22:33:50,884 nipype.workflow INFO:
	 [Node] Finished "sources", elapsed time 0.001008s.
250527-22:33:51,175 nipype.workflow INFO:
	 [Node] Setting-up "fmriprep_25_0_wf.sub_GEO036_wf.bold_ses_t2_task_image_run_3_wf.bold_fit_wf.func_fit_reports_wf.boldref_wm" in "/work/fmriprep_25_0_wf/sub_GEO036_wf/bold_ses_t2_task_image_run_3_wf/bold_fit_wf/func_fit_reports_wf/boldref_wm".
250527-22:33:51,775 nipype.workflow INFO:
	 [Node] Finished "_acc_msk_tfm0", elapsed time 1.038753s.
250527-22:33:51,828 nipype.workflow INFO:
	 [Node] Finished "t1w_mask_tfm", elapsed time 2.482348s.
250527-22:33:51,919 nipype.workflow INFO:
	 [Node] Executing "boldref_wm" <niworkflows.interfaces.fixes.FixHeaderApplyTransforms>
250527-22:33:53,31 nipype.workflow INFO:
	 [Node] Finished "boldref_wm", elapsed time 1.110238s.
250527-22:33:54,610 nipype.workflow INFO:
	 [Node] Setting-up "fmriprep_25_0_wf.sub_GEO036_wf.bold_ses_t2_task_image_run_3_wf.carpetplot_wf.resample_parc" in "/work/fmriprep_25_0_wf/sub_GEO036_wf/bold_ses_t2_task_image_run_3_wf/carpetplot_wf/resample_parc".
250527-22:33:54,915 nipype.workflow INFO:
	 [Node] Setting-up "fmriprep_25_0_wf.sub_GEO036_wf.bold_ses_t2_task_image_run_3_wf.bold_fit_wf.func_fit_reports_wf.epi_t1_report" in "/work/fmriprep_25_0_wf/sub_GEO036_wf/bold_ses_t2_task_image_run_3_wf/bold_fit_wf/func_fit_reports_wf/epi_t1_report".
250527-22:33:54,915 nipype.workflow INFO:
	 [Node] Setting-up "fmriprep_25_0_wf.sub_GEO036_wf.bold_ses_t2_task_image_run_3_wf.bold_confounds_wf.union_mask" in "/work/fmriprep_25_0_wf/sub_GEO036_wf/bold_ses_t2_task_image_run_3_wf/bold_confounds_wf/union_mask".
250527-22:33:54,916 nipype.workflow INFO:
	 [Node] Setting-up "fmriprep_25_0_wf.sub_GEO036_wf.bold_ses_t2_task_image_run_3_wf.ds_bold_std_wf.resample_ref" in "/work/fmriprep_25_0_wf/sub_GEO036_wf/bold_ses_t2_task_image_run_3_wf/ds_bold_std_wf/_in_tuple_MNI152NLin2009cAsym.resnative/resample_ref".
250527-22:33:54,917 nipype.workflow INFO:
	 [Node] Setting-up "fmriprep_25_0_wf.sub_GEO036_wf.bold_ses_t2_task_image_run_3_wf.ds_bold_std_wf.resample_mask" in "/work/fmriprep_25_0_wf/sub_GEO036_wf/bold_ses_t2_task_image_run_3_wf/ds_bold_std_wf/_in_tuple_MNI152NLin2009cAsym.resnative/resample_mask".
250527-22:33:55,992 nipype.workflow INFO:
	 [Node] Executing "resample_parc" <niworkflows.interfaces.fixes.FixHeaderApplyTransforms>
250527-22:33:56,144 nipype.workflow INFO:
	 [Node] Executing "union_mask" <nipype.interfaces.utility.wrappers.Function>
250527-22:33:56,244 nipype.workflow INFO:
	 [Node] Executing "epi_t1_report" <nireports.interfaces.reporting.base.SimpleBeforeAfterRPT>
250527-22:33:56,245 nipype.interface INFO:
	 Report - setting before (/out/sub-GEO036/ses-t2/func/sub-GEO036_ses-t2_task-image_run-3_desc-coreg_boldref.nii.gz) and after (/work/fmriprep_25_0_wf/sub_GEO036_wf/bold_ses_t2_task_image_run_3_wf/bold_fit_wf/func_fit_reports_wf/t1w_boldref/sub-GEO036_desc-preproc_T1w_trans.nii.gz) images
250527-22:33:56,245 nipype.interface INFO:
	 Generating visual report
250527-22:33:56,248 nipype.workflow INFO:
	 [Node] Executing "resample_ref" <niworkflows.interfaces.fixes.FixHeaderApplyTransforms>
250527-22:33:56,363 nipype.workflow INFO:
	 [Node] Executing "resample_mask" <niworkflows.interfaces.fixes.FixHeaderApplyTransforms>
250527-22:33:56,606 nipype.workflow INFO:
	 [Node] Finished "union_mask", elapsed time 0.459254s.
250527-22:33:58,181 nipype.workflow INFO:
	 [Node] Finished "bbregister", elapsed time 28.960665s.
250527-22:33:58,978 nipype.workflow INFO:
	 [Node] Finished "resample_ref", elapsed time 2.728504s.
250527-22:33:59,269 nipype.workflow INFO:
	 [Node] Finished "resample_parc", elapsed time 3.276477s.
250527-22:33:59,677 nipype.workflow INFO:
	 [Node] Finished "resample_mask", elapsed time 3.3130100000000002s.
250527-22:33:59,713 nipype.workflow INFO:
	 [Node] Setting-up "fmriprep_25_0_wf.sub_GEO036_wf.bold_ses_t2_task_image_run_2_wf.carpetplot_wf.parcels" in "/work/fmriprep_25_0_wf/sub_GEO036_wf/bold_ses_t2_task_image_run_2_wf/carpetplot_wf/parcels".
250527-22:33:59,715 nipype.workflow INFO:
	 [Node] Setting-up "_acc_msk_tfm1" in "/work/fmriprep_25_0_wf/sub_GEO036_wf/bold_ses_t2_task_image_run_3_wf/bold_confounds_wf/acc_msk_tfm/mapflow/_acc_msk_tfm1".
250527-22:34:00,30 nipype.workflow INFO:
	 [Node] Setting-up "fmriprep_25_0_wf.sub_GEO036_wf.bold_ses_t2_task_image_run_5_wf.bold_fit_wf.bold_reg_wf.bbreg_wf.bbregister" in "/work/fmriprep_25_0_wf/sub_GEO036_wf/bold_ses_t2_task_image_run_5_wf/bold_fit_wf/bold_reg_wf/bbreg_wf/bbregister".
250527-22:34:00,929 nipype.workflow INFO:
	 [Node] Executing "parcels" <nipype.interfaces.utility.wrappers.Function>
250527-22:34:01,62 nipype.workflow INFO:
	 [Node] Finished "parcels", elapsed time 0.131955s.
250527-22:34:01,93 nipype.workflow INFO:
	 [Node] Executing "_acc_msk_tfm1" <niworkflows.interfaces.fixes.FixHeaderApplyTransforms>
250527-22:34:01,460 nipype.workflow INFO:
	 [Node] Executing "bbregister" <nipype.interfaces.freesurfer.preprocess.BBRegister>
250527-22:34:02,187 nipype.workflow INFO:
	 [Node] Setting-up "fmriprep_25_0_wf.sub_GEO036_wf.bold_ses_t2_task_image_run_3_wf.bold_confounds_wf.dilated_mask" in "/work/fmriprep_25_0_wf/sub_GEO036_wf/bold_ses_t2_task_image_run_3_wf/bold_confounds_wf/dilated_mask".
250527-22:34:02,675 nipype.workflow INFO:
	 [Node] Finished "_acc_msk_tfm1", elapsed time 1.58072s.
250527-22:34:02,942 nipype.workflow INFO:
	 [Node] Executing "dilated_mask" <niworkflows.interfaces.morphology.BinaryDilation>
250527-22:34:03,91 nipype.workflow INFO:
	 [Node] Finished "dilated_mask", elapsed time 0.14709s.
250527-22:34:03,946 nipype.workflow INFO:
	 [Node] Setting-up "_acc_msk_tfm2" in "/work/fmriprep_25_0_wf/sub_GEO036_wf/bold_ses_t2_task_image_run_3_wf/bold_confounds_wf/acc_msk_tfm/mapflow/_acc_msk_tfm2".
250527-22:34:04,258 nipype.workflow INFO:
	 [Node] Setting-up "fmriprep_25_0_wf.sub_GEO036_wf.bold_ses_t2_task_image_run_4_wf.bold_fit_wf.bold_reg_wf.bbreg_wf.compare_transforms" in "/work/fmriprep_25_0_wf/sub_GEO036_wf/bold_ses_t2_task_image_run_4_wf/bold_fit_wf/bold_reg_wf/bbreg_wf/compare_transforms".
250527-22:34:04,689 nipype.workflow INFO:
	 [Node] Executing "_acc_msk_tfm2" <niworkflows.interfaces.fixes.FixHeaderApplyTransforms>
250527-22:34:05,193 nipype.workflow INFO:
	 [Node] Executing "compare_transforms" <nipype.interfaces.utility.wrappers.Function>
250527-22:34:05,206 nipype.workflow INFO:
	 [Node] Finished "compare_transforms", elapsed time 0.011843s.
250527-22:34:05,210 nipype.interface WARNING:
	 Changing /out/sub-GEO036/ses-t2/func/sub-GEO036_ses-t2_task-image_run-3_space-MNI152NLin2009cAsym_desc-brain_mask.nii.gz dtype from float64 to uint8
250527-22:34:05,824 nipype.workflow INFO:
	 [Node] Finished "_acc_msk_tfm2", elapsed time 1.134727s.
250527-22:34:06,497 nipype.workflow INFO:
	 [Node] Setting-up "fmriprep_25_0_wf.sub_GEO036_wf.bold_ses_t2_task_image_run_3_wf.bold_confounds_wf.subtract_mask" in "/work/fmriprep_25_0_wf/sub_GEO036_wf/bold_ses_t2_task_image_run_3_wf/bold_confounds_wf/subtract_mask".
250527-22:34:07,186 nipype.workflow INFO:
	 [Node] Executing "subtract_mask" <niworkflows.interfaces.morphology.BinarySubtraction>
250527-22:34:07,303 nipype.workflow INFO:
	 [Node] Finished "subtract_mask", elapsed time 0.116638s.
250527-22:34:10,279 nipype.workflow INFO:
	 [Node] Setting-up "_acc_msk_tfm0" in "/work/fmriprep_25_0_wf/sub_GEO036_wf/bold_ses_t2_task_image_run_3_wf/bold_confounds_wf/acc_msk_tfm/mapflow/_acc_msk_tfm0".
250527-22:34:10,283 nipype.workflow INFO:
	 [Node] Cached "_acc_msk_tfm0" - collecting precomputed outputs
250527-22:34:10,283 nipype.workflow INFO:
	 [Node] "_acc_msk_tfm0" found cached.
250527-22:34:10,284 nipype.workflow INFO:
	 [Node] Setting-up "_acc_msk_tfm1" in "/work/fmriprep_25_0_wf/sub_GEO036_wf/bold_ses_t2_task_image_run_3_wf/bold_confounds_wf/acc_msk_tfm/mapflow/_acc_msk_tfm1".
250527-22:34:10,287 nipype.workflow INFO:
	 [Node] Cached "_acc_msk_tfm1" - collecting precomputed outputs
250527-22:34:10,288 nipype.workflow INFO:
	 [Node] "_acc_msk_tfm1" found cached.
250527-22:34:10,288 nipype.workflow INFO:
	 [Node] Setting-up "_acc_msk_tfm2" in "/work/fmriprep_25_0_wf/sub_GEO036_wf/bold_ses_t2_task_image_run_3_wf/bold_confounds_wf/acc_msk_tfm/mapflow/_acc_msk_tfm2".
250527-22:34:10,293 nipype.workflow INFO:
	 [Node] Cached "_acc_msk_tfm2" - collecting precomputed outputs
250527-22:34:10,293 nipype.workflow INFO:
	 [Node] "_acc_msk_tfm2" found cached.
250527-22:34:11,705 nipype.workflow INFO:
	 [Node] Finished "epi_t1_report", elapsed time 15.459912s.
250527-22:34:13,997 nipype.workflow INFO:
	 [Node] Setting-up "fmriprep_25_0_wf.sub_GEO036_wf.bold_ses_t2_task_image_run_4_wf.bold_fit_wf.bold_reg_wf.bbreg_wf.concat_xfm" in "/work/fmriprep_25_0_wf/sub_GEO036_wf/bold_ses_t2_task_image_run_4_wf/bold_fit_wf/bold_reg_wf/bbreg_wf/concat_xfm".
250527-22:34:14,425 nipype.workflow INFO:
	 [Node] Setting-up "fmriprep_25_0_wf.sub_GEO036_wf.bold_ses_t2_task_image_run_3_wf.bold_fit_wf.func_fit_reports_wf.ds_epi_t1_report" in "/work/fmriprep_25_0_wf/sub_GEO036_wf/bold_ses_t2_task_image_run_3_wf/bold_fit_wf/func_fit_reports_wf/ds_epi_t1_report".
250527-22:34:15,264 nipype.workflow INFO:
	 [Node] Executing "concat_xfm" <niworkflows.interfaces.nitransforms.ConcatenateXFMs>
250527-22:34:15,624 nipype.workflow INFO:
	 [Node] Finished "concat_xfm", elapsed time 0.35897s.
250527-22:34:15,708 nipype.workflow INFO:
	 [Node] Executing "ds_epi_t1_report" <fmriprep.interfaces.DerivativesDataSink>
250527-22:34:15,978 nipype.workflow INFO:
	 [Node] Setting-up "_acc_msk_brain0" in "/work/fmriprep_25_0_wf/sub_GEO036_wf/bold_ses_t2_task_image_run_3_wf/bold_confounds_wf/acc_msk_brain/mapflow/_acc_msk_brain0".
250527-22:34:15,978 nipype.workflow INFO:
	 [Node] Setting-up "_acc_msk_brain1" in "/work/fmriprep_25_0_wf/sub_GEO036_wf/bold_ses_t2_task_image_run_3_wf/bold_confounds_wf/acc_msk_brain/mapflow/_acc_msk_brain1".
250527-22:34:15,978 nipype.workflow INFO:
	 [Node] Setting-up "_acc_msk_brain2" in "/work/fmriprep_25_0_wf/sub_GEO036_wf/bold_ses_t2_task_image_run_3_wf/bold_confounds_wf/acc_msk_brain/mapflow/_acc_msk_brain2".
250527-22:34:16,266 nipype.workflow INFO:
	 [Node] Finished "ds_epi_t1_report", elapsed time 0.557019s.
250527-22:34:16,960 nipype.workflow INFO:
	 [Node] Executing "_acc_msk_brain0" <niworkflows.interfaces.nibabel.ApplyMask>
250527-22:34:17,98 nipype.workflow INFO:
	 [Node] Finished "_acc_msk_brain0", elapsed time 0.13705s.
250527-22:34:17,101 nipype.workflow INFO:
	 [Node] Executing "_acc_msk_brain1" <niworkflows.interfaces.nibabel.ApplyMask>
250527-22:34:17,298 nipype.workflow INFO:
	 [Node] Finished "_acc_msk_brain1", elapsed time 0.195764s.
250527-22:34:17,352 nipype.workflow INFO:
	 [Node] Executing "_acc_msk_brain2" <niworkflows.interfaces.nibabel.ApplyMask>
250527-22:34:17,508 nipype.workflow INFO:
	 [Node] Finished "_acc_msk_brain2", elapsed time 0.155131s.
250527-22:34:19,978 nipype.workflow INFO:
	 [Node] Setting-up "fmriprep_25_0_wf.sub_GEO036_wf.bold_ses_t2_task_image_run_4_wf.bold_fit_wf.func_fit_reports_wf.t1w_boldref" in "/work/fmriprep_25_0_wf/sub_GEO036_wf/bold_ses_t2_task_image_run_4_wf/bold_fit_wf/func_fit_reports_wf/t1w_boldref".
250527-22:34:20,852 nipype.workflow INFO:
	 [Node] Executing "t1w_boldref" <niworkflows.interfaces.fixes.FixHeaderApplyTransforms>
250527-22:34:21,360 nipype.workflow INFO:
	 [Node] Setting-up "fmriprep_25_0_wf.sub_GEO036_wf.bold_ses_t2_task_image_run_4_wf.bold_confounds_wf.t1w_mask_tfm" in "/work/fmriprep_25_0_wf/sub_GEO036_wf/bold_ses_t2_task_image_run_4_wf/bold_confounds_wf/t1w_mask_tfm".
250527-22:34:21,697 nipype.workflow INFO:
	 [Node] Setting-up "fmriprep_25_0_wf.sub_GEO036_wf.bold_ses_t2_task_image_run_4_wf.carpetplot_wf.mrg_xfms" in "/work/fmriprep_25_0_wf/sub_GEO036_wf/bold_ses_t2_task_image_run_4_wf/carpetplot_wf/mrg_xfms".
250527-22:34:21,698 nipype.workflow INFO:
	 [Node] Setting-up "fmriprep_25_0_wf.sub_GEO036_wf.bold_ses_t2_task_image_run_4_wf.ds_bold_std_wf.sources" in "/work/fmriprep_25_0_wf/sub_GEO036_wf/bold_ses_t2_task_image_run_4_wf/ds_bold_std_wf/_in_tuple_MNI152NLin2009cAsym.resnative/sources".
250527-22:34:22,218 nipype.workflow INFO:
	 [Node] Executing "t1w_mask_tfm" <niworkflows.interfaces.fixes.FixHeaderApplyTransforms>
250527-22:34:22,494 nipype.workflow INFO:
	 [Node] Executing "mrg_xfms" <nipype.interfaces.utility.base.Merge>
250527-22:34:22,497 nipype.workflow INFO:
	 [Node] Finished "mrg_xfms", elapsed time 0.000923s.
250527-22:34:22,641 nipype.workflow INFO:
	 [Node] Executing "sources" <fmriprep.interfaces.bids.BIDSURI>
250527-22:34:22,643 nipype.workflow INFO:
	 [Node] Finished "sources", elapsed time 0.000972s.
250527-22:34:22,649 nipype.workflow INFO:
	 [Node] Finished "t1w_boldref", elapsed time 1.795769s.
250527-22:34:23,157 nipype.workflow INFO:
	 [Node] Setting-up "fmriprep_25_0_wf.sub_GEO036_wf.bold_ses_t2_task_image_run_4_wf.ds_bold_std_wf.boldref2target" in "/work/fmriprep_25_0_wf/sub_GEO036_wf/bold_ses_t2_task_image_run_4_wf/ds_bold_std_wf/_in_tuple_MNI152NLin2009cAsym.resnative/boldref2target".
250527-22:34:23,467 nipype.workflow INFO:
	 [Node] Setting-up "fmriprep_25_0_wf.sub_GEO036_wf.bold_ses_t2_task_image_run_4_wf.bold_fit_wf.func_fit_reports_wf.boldref_wm" in "/work/fmriprep_25_0_wf/sub_GEO036_wf/bold_ses_t2_task_image_run_4_wf/bold_fit_wf/func_fit_reports_wf/boldref_wm".
250527-22:34:23,937 nipype.workflow INFO:
	 [Node] Setting-up "_acc_msk_brain0" in "/work/fmriprep_25_0_wf/sub_GEO036_wf/bold_ses_t2_task_image_run_3_wf/bold_confounds_wf/acc_msk_brain/mapflow/_acc_msk_brain0".
250527-22:34:23,942 nipype.workflow INFO:
	 [Node] Cached "_acc_msk_brain0" - collecting precomputed outputs
250527-22:34:23,942 nipype.workflow INFO:
	 [Node] "_acc_msk_brain0" found cached.
250527-22:34:23,943 nipype.workflow INFO:
	 [Node] Setting-up "_acc_msk_brain1" in "/work/fmriprep_25_0_wf/sub_GEO036_wf/bold_ses_t2_task_image_run_3_wf/bold_confounds_wf/acc_msk_brain/mapflow/_acc_msk_brain1".
250527-22:34:23,947 nipype.workflow INFO:
	 [Node] Cached "_acc_msk_brain1" - collecting precomputed outputs
250527-22:34:23,947 nipype.workflow INFO:
	 [Node] "_acc_msk_brain1" found cached.
250527-22:34:23,947 nipype.workflow INFO:
	 [Node] Setting-up "_acc_msk_brain2" in "/work/fmriprep_25_0_wf/sub_GEO036_wf/bold_ses_t2_task_image_run_3_wf/bold_confounds_wf/acc_msk_brain/mapflow/_acc_msk_brain2".
250527-22:34:23,952 nipype.workflow INFO:
	 [Node] Cached "_acc_msk_brain2" - collecting precomputed outputs
250527-22:34:23,952 nipype.workflow INFO:
	 [Node] "_acc_msk_brain2" found cached.
250527-22:34:24,89 nipype.workflow INFO:
	 [Node] Executing "boldref2target" <nipype.interfaces.utility.base.Merge>
250527-22:34:24,91 nipype.workflow INFO:
	 [Node] Finished "boldref2target", elapsed time 0.00051s.
250527-22:34:24,96 nipype.workflow INFO:
	 [Node] Executing "boldref_wm" <niworkflows.interfaces.fixes.FixHeaderApplyTransforms>
250527-22:34:24,455 nipype.workflow INFO:
	 [Node] Finished "t1w_mask_tfm", elapsed time 2.23655s.
250527-22:34:24,646 nipype.workflow INFO:
	 [Node] Setting-up "fmriprep_25_0_wf.sub_GEO036_wf.bold_ses_t2_task_image_run_4_wf.carpetplot_wf.resample_parc" in "/work/fmriprep_25_0_wf/sub_GEO036_wf/bold_ses_t2_task_image_run_4_wf/carpetplot_wf/resample_parc".
250527-22:34:24,647 nipype.workflow INFO:
	 [Node] Setting-up "_acc_msk_tfm0" in "/work/fmriprep_25_0_wf/sub_GEO036_wf/bold_ses_t2_task_image_run_4_wf/bold_confounds_wf/acc_msk_tfm/mapflow/_acc_msk_tfm0".
250527-22:34:24,684 nipype.workflow INFO:
	 [Node] Finished "boldref_wm", elapsed time 0.586447s.
250527-22:34:25,455 nipype.workflow INFO:
	 [Node] Setting-up "fmriprep_25_0_wf.sub_GEO036_wf.bold_ses_t2_task_image_run_4_wf.bold_confounds_wf.union_mask" in "/work/fmriprep_25_0_wf/sub_GEO036_wf/bold_ses_t2_task_image_run_4_wf/bold_confounds_wf/union_mask".
250527-22:34:25,648 nipype.workflow INFO:
	 [Node] Executing "_acc_msk_tfm0" <niworkflows.interfaces.fixes.FixHeaderApplyTransforms>
250527-22:34:26,219 nipype.workflow INFO:
	 [Node] Executing "resample_parc" <niworkflows.interfaces.fixes.FixHeaderApplyTransforms>
250527-22:34:26,750 nipype.workflow INFO:
	 [Node] Executing "union_mask" <nipype.interfaces.utility.wrappers.Function>
250527-22:34:26,894 nipype.workflow INFO:
	 [Node] Finished "union_mask", elapsed time 0.142207s.
250527-22:34:27,127 nipype.workflow INFO:
	 [Node] Finished "_acc_msk_tfm0", elapsed time 1.4781119999999999s.
250527-22:34:27,467 nipype.workflow INFO:
	 [Node] Setting-up "fmriprep_25_0_wf.sub_GEO036_wf.bold_ses_t2_task_image_run_4_wf.ds_bold_std_wf.resample_ref" in "/work/fmriprep_25_0_wf/sub_GEO036_wf/bold_ses_t2_task_image_run_4_wf/ds_bold_std_wf/_in_tuple_MNI152NLin2009cAsym.resnative/resample_ref".
250527-22:34:27,468 nipype.workflow INFO:
	 [Node] Setting-up "fmriprep_25_0_wf.sub_GEO036_wf.bold_ses_t2_task_image_run_4_wf.ds_bold_std_wf.resample_mask" in "/work/fmriprep_25_0_wf/sub_GEO036_wf/bold_ses_t2_task_image_run_4_wf/ds_bold_std_wf/_in_tuple_MNI152NLin2009cAsym.resnative/resample_mask".
250527-22:34:28,139 nipype.workflow INFO:
	 [Node] Setting-up "fmriprep_25_0_wf.sub_GEO036_wf.bold_ses_t2_task_image_run_4_wf.bold_fit_wf.func_fit_reports_wf.epi_t1_report" in "/work/fmriprep_25_0_wf/sub_GEO036_wf/bold_ses_t2_task_image_run_4_wf/bold_fit_wf/func_fit_reports_wf/epi_t1_report".
250527-22:34:28,141 nipype.workflow INFO:
	 [Node] Setting-up "fmriprep_25_0_wf.sub_GEO036_wf.bold_ses_t2_task_image_run_4_wf.bold_confounds_wf.dilated_mask" in "/work/fmriprep_25_0_wf/sub_GEO036_wf/bold_ses_t2_task_image_run_4_wf/bold_confounds_wf/dilated_mask".
250527-22:34:28,142 nipype.workflow INFO:
	 [Node] Setting-up "_acc_msk_tfm1" in "/work/fmriprep_25_0_wf/sub_GEO036_wf/bold_ses_t2_task_image_run_4_wf/bold_confounds_wf/acc_msk_tfm/mapflow/_acc_msk_tfm1".
250527-22:34:28,142 nipype.workflow INFO:
	 [Node] Setting-up "_acc_msk_tfm2" in "/work/fmriprep_25_0_wf/sub_GEO036_wf/bold_ses_t2_task_image_run_4_wf/bold_confounds_wf/acc_msk_tfm/mapflow/_acc_msk_tfm2".
250527-22:34:28,218 nipype.workflow INFO:
	 [Node] Executing "resample_mask" <niworkflows.interfaces.fixes.FixHeaderApplyTransforms>
250527-22:34:28,276 nipype.workflow INFO:
	 [Node] Executing "resample_ref" <niworkflows.interfaces.fixes.FixHeaderApplyTransforms>
250527-22:34:29,68 nipype.workflow INFO:
	 [Node] Executing "epi_t1_report" <nireports.interfaces.reporting.base.SimpleBeforeAfterRPT>
250527-22:34:29,70 nipype.interface INFO:
	 Report - setting before (/out/sub-GEO036/ses-t2/func/sub-GEO036_ses-t2_task-image_run-4_desc-coreg_boldref.nii.gz) and after (/work/fmriprep_25_0_wf/sub_GEO036_wf/bold_ses_t2_task_image_run_4_wf/bold_fit_wf/func_fit_reports_wf/t1w_boldref/sub-GEO036_desc-preproc_T1w_trans.nii.gz) images
250527-22:34:29,70 nipype.interface INFO:
	 Generating visual report
250527-22:34:29,83 nipype.workflow INFO:
	 [Node] Executing "_acc_msk_tfm2" <niworkflows.interfaces.fixes.FixHeaderApplyTransforms>
250527-22:34:29,159 nipype.workflow INFO:
	 [Node] Executing "dilated_mask" <niworkflows.interfaces.morphology.BinaryDilation>
250527-22:34:29,267 nipype.workflow INFO:
	 [Node] Finished "dilated_mask", elapsed time 0.104597s.
250527-22:34:29,366 nipype.workflow INFO:
	 [Node] Executing "_acc_msk_tfm1" <niworkflows.interfaces.fixes.FixHeaderApplyTransforms>
250527-22:34:29,691 nipype.workflow INFO:
	 [Node] Finished "resample_parc", elapsed time 3.469333s.
250527-22:34:30,48 nipype.workflow INFO:
	 [Node] Finished "_acc_msk_tfm2", elapsed time 0.963447s.
250527-22:34:30,76 nipype.workflow INFO:
	 [Node] Setting-up "fmriprep_25_0_wf.sub_GEO036_wf.bold_ses_t2_task_image_run_4_wf.bold_confounds_wf.subtract_mask" in "/work/fmriprep_25_0_wf/sub_GEO036_wf/bold_ses_t2_task_image_run_4_wf/bold_confounds_wf/subtract_mask".
250527-22:34:30,333 nipype.workflow INFO:
	 [Node] Finished "_acc_msk_tfm1", elapsed time 0.965256s.
250527-22:34:30,660 nipype.workflow INFO:
	 [Node] Executing "subtract_mask" <niworkflows.interfaces.morphology.BinarySubtraction>
250527-22:34:30,731 nipype.workflow INFO:
	 [Node] Finished "subtract_mask", elapsed time 0.070228s.
250527-22:34:31,26 nipype.workflow INFO:
	 [Node] Finished "resample_ref", elapsed time 2.748319s.
250527-22:34:31,412 nipype.workflow INFO:
	 [Node] Finished "resample_mask", elapsed time 3.192726s.
250527-22:34:32,816 nipype.workflow INFO:
	 [Node] Setting-up "_acc_msk_tfm0" in "/work/fmriprep_25_0_wf/sub_GEO036_wf/bold_ses_t2_task_image_run_4_wf/bold_confounds_wf/acc_msk_tfm/mapflow/_acc_msk_tfm0".
250527-22:34:32,820 nipype.workflow INFO:
	 [Node] Cached "_acc_msk_tfm0" - collecting precomputed outputs
250527-22:34:32,820 nipype.workflow INFO:
	 [Node] "_acc_msk_tfm0" found cached.
250527-22:34:32,820 nipype.workflow INFO:
	 [Node] Setting-up "_acc_msk_tfm1" in "/work/fmriprep_25_0_wf/sub_GEO036_wf/bold_ses_t2_task_image_run_4_wf/bold_confounds_wf/acc_msk_tfm/mapflow/_acc_msk_tfm1".
250527-22:34:32,824 nipype.workflow INFO:
	 [Node] Cached "_acc_msk_tfm1" - collecting precomputed outputs
250527-22:34:32,824 nipype.workflow INFO:
	 [Node] "_acc_msk_tfm1" found cached.
250527-22:34:32,824 nipype.workflow INFO:
	 [Node] Setting-up "_acc_msk_tfm2" in "/work/fmriprep_25_0_wf/sub_GEO036_wf/bold_ses_t2_task_image_run_4_wf/bold_confounds_wf/acc_msk_tfm/mapflow/_acc_msk_tfm2".
250527-22:34:32,827 nipype.workflow INFO:
	 [Node] Cached "_acc_msk_tfm2" - collecting precomputed outputs
250527-22:34:32,827 nipype.workflow INFO:
	 [Node] "_acc_msk_tfm2" found cached.
250527-22:34:33,528 nipype.workflow INFO:
	 [Node] Finished "bbregister", elapsed time 32.067048s.
250527-22:34:34,590 nipype.interface WARNING:
	 Changing /out/sub-GEO036/ses-t2/func/sub-GEO036_ses-t2_task-image_run-4_space-MNI152NLin2009cAsym_desc-brain_mask.nii.gz dtype from float64 to uint8
250527-22:34:35,887 nipype.workflow INFO:
	 [Node] Setting-up "_acc_msk_bin0" in "/work/fmriprep_25_0_wf/sub_GEO036_wf/bold_ses_t2_task_image_run_3_wf/bold_confounds_wf/acc_msk_bin/mapflow/_acc_msk_bin0".
250527-22:34:35,888 nipype.workflow INFO:
	 [Node] Setting-up "_acc_msk_bin1" in "/work/fmriprep_25_0_wf/sub_GEO036_wf/bold_ses_t2_task_image_run_3_wf/bold_confounds_wf/acc_msk_bin/mapflow/_acc_msk_bin1".
250527-22:34:35,890 nipype.workflow INFO:
	 [Node] Setting-up "_acc_msk_bin2" in "/work/fmriprep_25_0_wf/sub_GEO036_wf/bold_ses_t2_task_image_run_3_wf/bold_confounds_wf/acc_msk_bin/mapflow/_acc_msk_bin2".
250527-22:34:36,210 nipype.workflow INFO:
	 [Node] Setting-up "fmriprep_25_0_wf.sub_GEO036_wf.bold_ses_t3_task_image_run_1_wf.bold_fit_wf.bold_reg_wf.bbreg_wf.bbregister" in "/work/fmriprep_25_0_wf/sub_GEO036_wf/bold_ses_t3_task_image_run_1_wf/bold_fit_wf/bold_reg_wf/bbreg_wf/bbregister".
250527-22:34:37,440 nipype.workflow INFO:
	 [Node] Executing "_acc_msk_bin0" <niworkflows.interfaces.nibabel.Binarize>
250527-22:34:37,466 nipype.workflow INFO:
	 [Node] Executing "_acc_msk_bin1" <niworkflows.interfaces.nibabel.Binarize>
250527-22:34:37,605 nipype.workflow INFO:
	 [Node] Executing "_acc_msk_bin2" <niworkflows.interfaces.nibabel.Binarize>
250527-22:34:37,775 nipype.workflow INFO:
	 [Node] Executing "bbregister" <nipype.interfaces.freesurfer.preprocess.BBRegister>
250527-22:34:37,788 nipype.workflow INFO:
	 [Node] Finished "_acc_msk_bin0", elapsed time 0.346515s.
250527-22:34:37,788 nipype.workflow INFO:
	 [Node] Finished "_acc_msk_bin1", elapsed time 0.32109s.
250527-22:34:37,912 nipype.workflow INFO:
	 [Node] Finished "_acc_msk_bin2", elapsed time 0.305792s.
250527-22:34:38,591 nipype.workflow INFO:
	 [Node] Setting-up "fmriprep_25_0_wf.sub_GEO036_wf.bold_ses_t2_task_image_run_5_wf.bold_fit_wf.bold_reg_wf.bbreg_wf.compare_transforms" in "/work/fmriprep_25_0_wf/sub_GEO036_wf/bold_ses_t2_task_image_run_5_wf/bold_fit_wf/bold_reg_wf/bbreg_wf/compare_transforms".
250527-22:34:38,593 nipype.workflow INFO:
	 [Node] Setting-up "_acc_msk_brain1" in "/work/fmriprep_25_0_wf/sub_GEO036_wf/bold_ses_t2_task_image_run_4_wf/bold_confounds_wf/acc_msk_brain/mapflow/_acc_msk_brain1".
250527-22:34:38,593 nipype.workflow INFO:
	 [Node] Setting-up "_acc_msk_brain0" in "/work/fmriprep_25_0_wf/sub_GEO036_wf/bold_ses_t2_task_image_run_4_wf/bold_confounds_wf/acc_msk_brain/mapflow/_acc_msk_brain0".
250527-22:34:38,594 nipype.workflow INFO:
	 [Node] Setting-up "_acc_msk_brain2" in "/work/fmriprep_25_0_wf/sub_GEO036_wf/bold_ses_t2_task_image_run_4_wf/bold_confounds_wf/acc_msk_brain/mapflow/_acc_msk_brain2".
250527-22:34:39,194 nipype.workflow INFO:
	 [Node] Setting-up "_acc_msk_bin0" in "/work/fmriprep_25_0_wf/sub_GEO036_wf/bold_ses_t2_task_image_run_3_wf/bold_confounds_wf/acc_msk_bin/mapflow/_acc_msk_bin0".
250527-22:34:39,197 nipype.workflow INFO:
	 [Node] Cached "_acc_msk_bin0" - collecting precomputed outputs
250527-22:34:39,197 nipype.workflow INFO:
	 [Node] "_acc_msk_bin0" found cached.
250527-22:34:39,198 nipype.workflow INFO:
	 [Node] Setting-up "_acc_msk_bin1" in "/work/fmriprep_25_0_wf/sub_GEO036_wf/bold_ses_t2_task_image_run_3_wf/bold_confounds_wf/acc_msk_bin/mapflow/_acc_msk_bin1".
250527-22:34:39,201 nipype.workflow INFO:
	 [Node] Cached "_acc_msk_bin1" - collecting precomputed outputs
250527-22:34:39,201 nipype.workflow INFO:
	 [Node] "_acc_msk_bin1" found cached.
250527-22:34:39,201 nipype.workflow INFO:
	 [Node] Setting-up "_acc_msk_bin2" in "/work/fmriprep_25_0_wf/sub_GEO036_wf/bold_ses_t2_task_image_run_3_wf/bold_confounds_wf/acc_msk_bin/mapflow/_acc_msk_bin2".
250527-22:34:39,204 nipype.workflow INFO:
	 [Node] Cached "_acc_msk_bin2" - collecting precomputed outputs
250527-22:34:39,204 nipype.workflow INFO:
	 [Node] "_acc_msk_bin2" found cached.
250527-22:34:39,495 nipype.workflow INFO:
	 [Node] Executing "compare_transforms" <nipype.interfaces.utility.wrappers.Function>
250527-22:34:39,505 nipype.workflow INFO:
	 [Node] Finished "compare_transforms", elapsed time 0.008699s.
250527-22:34:39,531 nipype.workflow INFO:
	 [Node] Executing "_acc_msk_brain0" <niworkflows.interfaces.nibabel.ApplyMask>
250527-22:34:39,694 nipype.workflow INFO:
	 [Node] Executing "_acc_msk_brain1" <niworkflows.interfaces.nibabel.ApplyMask>
250527-22:34:39,764 nipype.workflow INFO:
	 [Node] Executing "_acc_msk_brain2" <niworkflows.interfaces.nibabel.ApplyMask>
250527-22:34:39,784 nipype.workflow INFO:
	 [Node] Finished "_acc_msk_brain1", elapsed time 0.088686s.
250527-22:34:39,901 nipype.workflow INFO:
	 [Node] Finished "_acc_msk_brain0", elapsed time 0.368098s.
250527-22:34:40,3 nipype.workflow INFO:
	 [Node] Finished "_acc_msk_brain2", elapsed time 0.237737s.
250527-22:34:44,117 nipype.workflow INFO:
	 [Node] Finished "epi_t1_report", elapsed time 15.046985s.
250527-22:34:45,340 nipype.workflow INFO:
	 [Node] Setting-up "fmriprep_25_0_wf.sub_GEO036_wf.bold_ses_t2_task_image_run_3_wf.carpetplot_wf.parcels" in "/work/fmriprep_25_0_wf/sub_GEO036_wf/bold_ses_t2_task_image_run_3_wf/carpetplot_wf/parcels".
250527-22:34:45,676 nipype.workflow INFO:
	 [Node] Executing "parcels" <nipype.interfaces.utility.wrappers.Function>
250527-22:34:45,804 nipype.workflow INFO:
	 [Node] Finished "parcels", elapsed time 0.126934s.
250527-22:34:48,28 nipype.workflow INFO:
	 [Node] Setting-up "fmriprep_25_0_wf.sub_GEO036_wf.bold_ses_t2_task_image_run_4_wf.bold_fit_wf.func_fit_reports_wf.ds_epi_t1_report" in "/work/fmriprep_25_0_wf/sub_GEO036_wf/bold_ses_t2_task_image_run_4_wf/bold_fit_wf/func_fit_reports_wf/ds_epi_t1_report".
250527-22:34:48,330 nipype.workflow INFO:
	 [Node] Setting-up "fmriprep_25_0_wf.sub_GEO036_wf.bold_ses_t2_task_image_run_5_wf.bold_fit_wf.bold_reg_wf.bbreg_wf.concat_xfm" in "/work/fmriprep_25_0_wf/sub_GEO036_wf/bold_ses_t2_task_image_run_5_wf/bold_fit_wf/bold_reg_wf/bbreg_wf/concat_xfm".
250527-22:34:48,807 nipype.workflow INFO:
	 [Node] Setting-up "_acc_msk_brain0" in "/work/fmriprep_25_0_wf/sub_GEO036_wf/bold_ses_t2_task_image_run_4_wf/bold_confounds_wf/acc_msk_brain/mapflow/_acc_msk_brain0".
250527-22:34:48,811 nipype.workflow INFO:
	 [Node] Cached "_acc_msk_brain0" - collecting precomputed outputs
250527-22:34:48,811 nipype.workflow INFO:
	 [Node] "_acc_msk_brain0" found cached.
250527-22:34:48,811 nipype.workflow INFO:
	 [Node] Setting-up "_acc_msk_brain1" in "/work/fmriprep_25_0_wf/sub_GEO036_wf/bold_ses_t2_task_image_run_4_wf/bold_confounds_wf/acc_msk_brain/mapflow/_acc_msk_brain1".
250527-22:34:48,814 nipype.workflow INFO:
	 [Node] Cached "_acc_msk_brain1" - collecting precomputed outputs
250527-22:34:48,814 nipype.workflow INFO:
	 [Node] "_acc_msk_brain1" found cached.
250527-22:34:48,814 nipype.workflow INFO:
	 [Node] Setting-up "_acc_msk_brain2" in "/work/fmriprep_25_0_wf/sub_GEO036_wf/bold_ses_t2_task_image_run_4_wf/bold_confounds_wf/acc_msk_brain/mapflow/_acc_msk_brain2".
250527-22:34:48,817 nipype.workflow INFO:
	 [Node] Cached "_acc_msk_brain2" - collecting precomputed outputs
250527-22:34:48,817 nipype.workflow INFO:
	 [Node] "_acc_msk_brain2" found cached.
250527-22:34:48,934 nipype.workflow INFO:
	 [Node] Executing "ds_epi_t1_report" <fmriprep.interfaces.DerivativesDataSink>
250527-22:34:49,148 nipype.workflow INFO:
	 [Node] Finished "ds_epi_t1_report", elapsed time 0.212366s.
250527-22:34:49,572 nipype.workflow INFO:
	 [Node] Executing "concat_xfm" <niworkflows.interfaces.nitransforms.ConcatenateXFMs>
250527-22:34:49,756 nipype.workflow INFO:
	 [Node] Finished "concat_xfm", elapsed time 0.183302s.
250527-22:34:55,109 nipype.workflow INFO:
	 [Node] Setting-up "_acc_msk_bin0" in "/work/fmriprep_25_0_wf/sub_GEO036_wf/bold_ses_t2_task_image_run_4_wf/bold_confounds_wf/acc_msk_bin/mapflow/_acc_msk_bin0".
250527-22:34:55,110 nipype.workflow INFO:
	 [Node] Setting-up "_acc_msk_bin1" in "/work/fmriprep_25_0_wf/sub_GEO036_wf/bold_ses_t2_task_image_run_4_wf/bold_confounds_wf/acc_msk_bin/mapflow/_acc_msk_bin1".
250527-22:34:55,112 nipype.workflow INFO:
	 [Node] Setting-up "_acc_msk_bin2" in "/work/fmriprep_25_0_wf/sub_GEO036_wf/bold_ses_t2_task_image_run_4_wf/bold_confounds_wf/acc_msk_bin/mapflow/_acc_msk_bin2".
250527-22:34:55,474 nipype.workflow INFO:
	 [Node] Setting-up "fmriprep_25_0_wf.sub_GEO036_wf.bold_ses_t2_task_image_run_5_wf.bold_fit_wf.func_fit_reports_wf.t1w_boldref" in "/work/fmriprep_25_0_wf/sub_GEO036_wf/bold_ses_t2_task_image_run_5_wf/bold_fit_wf/func_fit_reports_wf/t1w_boldref".
250527-22:34:56,826 nipype.workflow INFO:
	 [Node] Executing "_acc_msk_bin1" <niworkflows.interfaces.nibabel.Binarize>
250527-22:34:56,828 nipype.workflow INFO:
	 [Node] Executing "t1w_boldref" <niworkflows.interfaces.fixes.FixHeaderApplyTransforms>
250527-22:34:56,888 nipype.workflow INFO:
	 [Node] Executing "_acc_msk_bin2" <niworkflows.interfaces.nibabel.Binarize>
250527-22:34:57,137 nipype.workflow INFO:
	 [Node] Setting-up "fmriprep_25_0_wf.sub_GEO036_wf.bold_ses_t2_task_image_run_5_wf.bold_confounds_wf.t1w_mask_tfm" in "/work/fmriprep_25_0_wf/sub_GEO036_wf/bold_ses_t2_task_image_run_5_wf/bold_confounds_wf/t1w_mask_tfm".
250527-22:34:57,208 nipype.workflow INFO:
	 [Node] Executing "_acc_msk_bin0" <niworkflows.interfaces.nibabel.Binarize>
250527-22:34:57,314 nipype.workflow INFO:
	 [Node] Finished "_acc_msk_bin1", elapsed time 0.487185s.
250527-22:34:57,406 nipype.workflow INFO:
	 [Node] Finished "_acc_msk_bin2", elapsed time 0.516618s.
250527-22:34:57,726 nipype.workflow INFO:
	 [Node] Finished "_acc_msk_bin0", elapsed time 0.516275s.
250527-22:34:57,859 nipype.workflow INFO:
	 [Node] Setting-up "_acc_msk_tfm0" in "/work/fmriprep_25_0_wf/sub_GEO036_wf/bold_ses_t2_task_image_run_5_wf/bold_confounds_wf/acc_msk_tfm/mapflow/_acc_msk_tfm0".
250527-22:34:58,314 nipype.workflow INFO:
	 [Node] Executing "t1w_mask_tfm" <niworkflows.interfaces.fixes.FixHeaderApplyTransforms>
250527-22:34:58,621 nipype.workflow INFO:
	 [Node] Executing "_acc_msk_tfm0" <niworkflows.interfaces.fixes.FixHeaderApplyTransforms>
250527-22:34:59,115 nipype.workflow INFO:
	 [Node] Finished "t1w_boldref", elapsed time 2.286817s.
250527-22:34:59,671 nipype.workflow INFO:
	 [Node] Finished "_acc_msk_tfm0", elapsed time 1.048929s.
250527-22:34:59,799 nipype.workflow INFO:
	 [Node] Setting-up "fmriprep_25_0_wf.sub_GEO036_wf.bold_ses_t2_task_image_run_5_wf.bold_fit_wf.func_fit_reports_wf.boldref_wm" in "/work/fmriprep_25_0_wf/sub_GEO036_wf/bold_ses_t2_task_image_run_5_wf/bold_fit_wf/func_fit_reports_wf/boldref_wm".
250527-22:34:59,800 nipype.workflow INFO:
	 [Node] Setting-up "fmriprep_25_0_wf.sub_GEO036_wf.bold_ses_t2_task_image_run_5_wf.carpetplot_wf.mrg_xfms" in "/work/fmriprep_25_0_wf/sub_GEO036_wf/bold_ses_t2_task_image_run_5_wf/carpetplot_wf/mrg_xfms".
250527-22:35:00,372 nipype.workflow INFO:
	 [Node] Executing "mrg_xfms" <nipype.interfaces.utility.base.Merge>
250527-22:35:00,373 nipype.workflow INFO:
	 [Node] Finished "mrg_xfms", elapsed time 0.000505s.
250527-22:35:00,413 nipype.workflow INFO:
	 [Node] Executing "boldref_wm" <niworkflows.interfaces.fixes.FixHeaderApplyTransforms>
250527-22:35:00,787 nipype.workflow INFO:
	 [Node] Finished "t1w_mask_tfm", elapsed time 2.471351s.
250527-22:35:01,57 nipype.workflow INFO:
	 [Node] Finished "boldref_wm", elapsed time 0.643628s.
250527-22:35:01,327 nipype.workflow INFO:
	 [Node] Setting-up "fmriprep_25_0_wf.sub_GEO036_wf.bold_ses_t2_task_image_run_5_wf.ds_bold_std_wf.sources" in "/work/fmriprep_25_0_wf/sub_GEO036_wf/bold_ses_t2_task_image_run_5_wf/ds_bold_std_wf/_in_tuple_MNI152NLin2009cAsym.resnative/sources".
250527-22:35:01,328 nipype.workflow INFO:
	 [Node] Setting-up "fmriprep_25_0_wf.sub_GEO036_wf.bold_ses_t2_task_image_run_5_wf.ds_bold_std_wf.boldref2target" in "/work/fmriprep_25_0_wf/sub_GEO036_wf/bold_ses_t2_task_image_run_5_wf/ds_bold_std_wf/_in_tuple_MNI152NLin2009cAsym.resnative/boldref2target".
250527-22:35:01,796 nipype.workflow INFO:
	 [Node] Setting-up "fmriprep_25_0_wf.sub_GEO036_wf.bold_ses_t2_task_image_run_5_wf.bold_fit_wf.func_fit_reports_wf.epi_t1_report" in "/work/fmriprep_25_0_wf/sub_GEO036_wf/bold_ses_t2_task_image_run_5_wf/bold_fit_wf/func_fit_reports_wf/epi_t1_report".
250527-22:35:02,338 nipype.workflow INFO:
	 [Node] Executing "sources" <fmriprep.interfaces.bids.BIDSURI>
250527-22:35:02,341 nipype.workflow INFO:
	 [Node] Finished "sources", elapsed time 0.001386s.
250527-22:35:02,685 nipype.workflow INFO:
	 [Node] Executing "boldref2target" <nipype.interfaces.utility.base.Merge>
250527-22:35:02,687 nipype.workflow INFO:
	 [Node] Finished "boldref2target", elapsed time 0.000639s.
250527-22:35:02,869 nipype.workflow INFO:
	 [Node] Executing "epi_t1_report" <nireports.interfaces.reporting.base.SimpleBeforeAfterRPT>
250527-22:35:02,870 nipype.interface INFO:
	 Report - setting before (/out/sub-GEO036/ses-t2/func/sub-GEO036_ses-t2_task-image_run-5_desc-coreg_boldref.nii.gz) and after (/work/fmriprep_25_0_wf/sub_GEO036_wf/bold_ses_t2_task_image_run_5_wf/bold_fit_wf/func_fit_reports_wf/t1w_boldref/sub-GEO036_desc-preproc_T1w_trans.nii.gz) images
250527-22:35:02,870 nipype.interface INFO:
	 Generating visual report
250527-22:35:03,387 nipype.workflow INFO:
	 [Node] Setting-up "fmriprep_25_0_wf.sub_GEO036_wf.bold_ses_t2_task_image_run_5_wf.bold_confounds_wf.union_mask" in "/work/fmriprep_25_0_wf/sub_GEO036_wf/bold_ses_t2_task_image_run_5_wf/bold_confounds_wf/union_mask".
250527-22:35:03,389 nipype.workflow INFO:
	 [Node] Setting-up "fmriprep_25_0_wf.sub_GEO036_wf.bold_ses_t2_task_image_run_5_wf.carpetplot_wf.resample_parc" in "/work/fmriprep_25_0_wf/sub_GEO036_wf/bold_ses_t2_task_image_run_5_wf/carpetplot_wf/resample_parc".
250527-22:35:04,101 nipype.workflow INFO:
	 [Node] Executing "resample_parc" <niworkflows.interfaces.fixes.FixHeaderApplyTransforms>
250527-22:35:04,366 nipype.workflow INFO:
	 [Node] Executing "union_mask" <nipype.interfaces.utility.wrappers.Function>
250527-22:35:04,520 nipype.workflow INFO:
	 [Node] Finished "union_mask", elapsed time 0.15284s.
250527-22:35:04,813 nipype.workflow INFO:
	 [Node] Setting-up "_acc_msk_tfm1" in "/work/fmriprep_25_0_wf/sub_GEO036_wf/bold_ses_t2_task_image_run_5_wf/bold_confounds_wf/acc_msk_tfm/mapflow/_acc_msk_tfm1".
250527-22:35:05,126 nipype.workflow INFO:
	 [Node] Setting-up "fmriprep_25_0_wf.sub_GEO036_wf.bold_ses_t2_task_image_run_5_wf.ds_bold_std_wf.resample_ref" in "/work/fmriprep_25_0_wf/sub_GEO036_wf/bold_ses_t2_task_image_run_5_wf/ds_bold_std_wf/_in_tuple_MNI152NLin2009cAsym.resnative/resample_ref".
250527-22:35:05,126 nipype.workflow INFO:
	 [Node] Setting-up "fmriprep_25_0_wf.sub_GEO036_wf.bold_ses_t2_task_image_run_5_wf.ds_bold_std_wf.resample_mask" in "/work/fmriprep_25_0_wf/sub_GEO036_wf/bold_ses_t2_task_image_run_5_wf/ds_bold_std_wf/_in_tuple_MNI152NLin2009cAsym.resnative/resample_mask".
250527-22:35:05,513 nipype.workflow INFO:
	 [Node] Setting-up "_acc_msk_bin0" in "/work/fmriprep_25_0_wf/sub_GEO036_wf/bold_ses_t2_task_image_run_4_wf/bold_confounds_wf/acc_msk_bin/mapflow/_acc_msk_bin0".
250527-22:35:05,516 nipype.workflow INFO:
	 [Node] Cached "_acc_msk_bin0" - collecting precomputed outputs
250527-22:35:05,516 nipype.workflow INFO:
	 [Node] "_acc_msk_bin0" found cached.
250527-22:35:05,517 nipype.workflow INFO:
	 [Node] Setting-up "_acc_msk_bin1" in "/work/fmriprep_25_0_wf/sub_GEO036_wf/bold_ses_t2_task_image_run_4_wf/bold_confounds_wf/acc_msk_bin/mapflow/_acc_msk_bin1".
250527-22:35:05,520 nipype.workflow INFO:
	 [Node] Cached "_acc_msk_bin1" - collecting precomputed outputs
250527-22:35:05,520 nipype.workflow INFO:
	 [Node] "_acc_msk_bin1" found cached.
250527-22:35:05,521 nipype.workflow INFO:
	 [Node] Setting-up "_acc_msk_bin2" in "/work/fmriprep_25_0_wf/sub_GEO036_wf/bold_ses_t2_task_image_run_4_wf/bold_confounds_wf/acc_msk_bin/mapflow/_acc_msk_bin2".
250527-22:35:05,523 nipype.workflow INFO:
	 [Node] Cached "_acc_msk_bin2" - collecting precomputed outputs
250527-22:35:05,523 nipype.workflow INFO:
	 [Node] "_acc_msk_bin2" found cached.
250527-22:35:05,913 nipype.workflow INFO:
	 [Node] Executing "_acc_msk_tfm1" <niworkflows.interfaces.fixes.FixHeaderApplyTransforms>
250527-22:35:06,261 nipype.workflow INFO:
	 [Node] Executing "resample_mask" <niworkflows.interfaces.fixes.FixHeaderApplyTransforms>
250527-22:35:06,333 nipype.workflow INFO:
	 [Node] Executing "resample_ref" <niworkflows.interfaces.fixes.FixHeaderApplyTransforms>
250527-22:35:07,124 nipype.workflow INFO:
	 [Node] Setting-up "fmriprep_25_0_wf.sub_GEO036_wf.bold_ses_t2_task_image_run_5_wf.bold_confounds_wf.dilated_mask" in "/work/fmriprep_25_0_wf/sub_GEO036_wf/bold_ses_t2_task_image_run_5_wf/bold_confounds_wf/dilated_mask".
250527-22:35:07,262 nipype.workflow INFO:
	 [Node] Finished "_acc_msk_tfm1", elapsed time 1.348208s.
250527-22:35:07,472 nipype.workflow INFO:
	 [Node] Finished "resample_parc", elapsed time 3.369497s.
250527-22:35:08,158 nipype.workflow INFO:
	 [Node] Finished "bbregister", elapsed time 30.381549s.
250527-22:35:08,231 nipype.workflow INFO:
	 [Node] Executing "dilated_mask" <niworkflows.interfaces.morphology.BinaryDilation>
250527-22:35:08,343 nipype.workflow INFO:
	 [Node] Finished "dilated_mask", elapsed time 0.111081s.
250527-22:35:08,775 nipype.workflow INFO:
	 [Node] Finished "resample_ref", elapsed time 2.4407550000000002s.
250527-22:35:09,753 nipype.workflow INFO:
	 [Node] Finished "resample_mask", elapsed time 3.490744s.
250527-22:35:10,181 nipype.workflow INFO:
	 [Node] Setting-up "fmriprep_25_0_wf.sub_GEO036_wf.bold_ses_t2_task_image_run_4_wf.carpetplot_wf.parcels" in "/work/fmriprep_25_0_wf/sub_GEO036_wf/bold_ses_t2_task_image_run_4_wf/carpetplot_wf/parcels".
250527-22:35:10,515 nipype.workflow INFO:
	 [Node] Setting-up "fmriprep_25_0_wf.sub_GEO036_wf.bold_ses_t3_task_image_run_2_wf.bold_fit_wf.bold_reg_wf.bbreg_wf.bbregister" in "/work/fmriprep_25_0_wf/sub_GEO036_wf/bold_ses_t3_task_image_run_2_wf/bold_fit_wf/bold_reg_wf/bbreg_wf/bbregister".
250527-22:35:11,502 nipype.workflow INFO:
	 [Node] Executing "parcels" <nipype.interfaces.utility.wrappers.Function>
250527-22:35:11,774 nipype.workflow INFO:
	 [Node] Finished "parcels", elapsed time 0.27076s.
250527-22:35:11,907 nipype.workflow INFO:
	 [Node] Executing "bbregister" <nipype.interfaces.freesurfer.preprocess.BBRegister>
250527-22:35:14,358 nipype.interface WARNING:
	 Changing /out/sub-GEO036/ses-t2/func/sub-GEO036_ses-t2_task-image_run-5_space-MNI152NLin2009cAsym_desc-brain_mask.nii.gz dtype from float64 to uint8
250527-22:35:15,245 nipype.workflow INFO:
	 [Node] Setting-up "fmriprep_25_0_wf.sub_GEO036_wf.bold_ses_t2_task_image_run_5_wf.bold_confounds_wf.subtract_mask" in "/work/fmriprep_25_0_wf/sub_GEO036_wf/bold_ses_t2_task_image_run_5_wf/bold_confounds_wf/subtract_mask".
250527-22:35:15,250 nipype.workflow INFO:
	 [Node] Setting-up "_acc_msk_tfm2" in "/work/fmriprep_25_0_wf/sub_GEO036_wf/bold_ses_t2_task_image_run_5_wf/bold_confounds_wf/acc_msk_tfm/mapflow/_acc_msk_tfm2".
250527-22:35:15,544 nipype.workflow INFO:
	 [Node] Setting-up "fmriprep_25_0_wf.sub_GEO036_wf.bold_ses_t3_task_image_run_1_wf.bold_fit_wf.bold_reg_wf.bbreg_wf.compare_transforms" in "/work/fmriprep_25_0_wf/sub_GEO036_wf/bold_ses_t3_task_image_run_1_wf/bold_fit_wf/bold_reg_wf/bbreg_wf/compare_transforms".
250527-22:35:15,941 nipype.workflow INFO:
	 [Node] Executing "_acc_msk_tfm2" <niworkflows.interfaces.fixes.FixHeaderApplyTransforms>
250527-22:35:16,52 nipype.workflow INFO:
	 [Node] Executing "subtract_mask" <niworkflows.interfaces.morphology.BinarySubtraction>
250527-22:35:16,164 nipype.workflow INFO:
	 [Node] Finished "subtract_mask", elapsed time 0.110889s.
250527-22:35:16,370 nipype.workflow INFO:
	 [Node] Executing "compare_transforms" <nipype.interfaces.utility.wrappers.Function>
250527-22:35:16,381 nipype.workflow INFO:
	 [Node] Finished "compare_transforms", elapsed time 0.009052s.
250527-22:35:17,82 nipype.workflow INFO:
	 [Node] Finished "_acc_msk_tfm2", elapsed time 1.140109s.
250527-22:35:18,368 nipype.workflow INFO:
	 [Node] Finished "epi_t1_report", elapsed time 15.498764s.
250527-22:35:23,665 nipype.workflow INFO:
	 [Node] Setting-up "fmriprep_25_0_wf.sub_GEO036_wf.bold_ses_t2_task_image_run_5_wf.bold_fit_wf.func_fit_reports_wf.ds_epi_t1_report" in "/work/fmriprep_25_0_wf/sub_GEO036_wf/bold_ses_t2_task_image_run_5_wf/bold_fit_wf/func_fit_reports_wf/ds_epi_t1_report".
250527-22:35:23,960 nipype.workflow INFO:
	 [Node] Setting-up "fmriprep_25_0_wf.sub_GEO036_wf.bold_ses_t3_task_image_run_1_wf.bold_fit_wf.bold_reg_wf.bbreg_wf.concat_xfm" in "/work/fmriprep_25_0_wf/sub_GEO036_wf/bold_ses_t3_task_image_run_1_wf/bold_fit_wf/bold_reg_wf/bbreg_wf/concat_xfm".
250527-22:35:24,525 nipype.workflow INFO:
	 [Node] Setting-up "_acc_msk_tfm0" in "/work/fmriprep_25_0_wf/sub_GEO036_wf/bold_ses_t2_task_image_run_5_wf/bold_confounds_wf/acc_msk_tfm/mapflow/_acc_msk_tfm0".
250527-22:35:24,528 nipype.workflow INFO:
	 [Node] Cached "_acc_msk_tfm0" - collecting precomputed outputs
250527-22:35:24,529 nipype.workflow INFO:
	 [Node] "_acc_msk_tfm0" found cached.
250527-22:35:24,530 nipype.workflow INFO:
	 [Node] Setting-up "_acc_msk_tfm1" in "/work/fmriprep_25_0_wf/sub_GEO036_wf/bold_ses_t2_task_image_run_5_wf/bold_confounds_wf/acc_msk_tfm/mapflow/_acc_msk_tfm1".
250527-22:35:24,532 nipype.workflow INFO:
	 [Node] Cached "_acc_msk_tfm1" - collecting precomputed outputs
250527-22:35:24,533 nipype.workflow INFO:
	 [Node] "_acc_msk_tfm1" found cached.
250527-22:35:24,533 nipype.workflow INFO:
	 [Node] Setting-up "_acc_msk_tfm2" in "/work/fmriprep_25_0_wf/sub_GEO036_wf/bold_ses_t2_task_image_run_5_wf/bold_confounds_wf/acc_msk_tfm/mapflow/_acc_msk_tfm2".
250527-22:35:24,539 nipype.workflow INFO:
	 [Node] Cached "_acc_msk_tfm2" - collecting precomputed outputs
250527-22:35:24,539 nipype.workflow INFO:
	 [Node] "_acc_msk_tfm2" found cached.
250527-22:35:24,766 nipype.workflow INFO:
	 [Node] Executing "ds_epi_t1_report" <fmriprep.interfaces.DerivativesDataSink>
250527-22:35:24,956 nipype.workflow INFO:
	 [Node] Executing "concat_xfm" <niworkflows.interfaces.nitransforms.ConcatenateXFMs>
250527-22:35:25,147 nipype.workflow INFO:
	 [Node] Finished "concat_xfm", elapsed time 0.189673s.
250527-22:35:25,196 nipype.workflow INFO:
	 [Node] Finished "ds_epi_t1_report", elapsed time 0.428517s.
250527-22:35:28,299 nipype.workflow INFO:
	 [Node] Setting-up "fmriprep_25_0_wf.sub_GEO036_wf.bold_ses_t3_task_image_run_1_wf.bold_fit_wf.func_fit_reports_wf.t1w_boldref" in "/work/fmriprep_25_0_wf/sub_GEO036_wf/bold_ses_t3_task_image_run_1_wf/bold_fit_wf/func_fit_reports_wf/t1w_boldref".
250527-22:35:29,359 nipype.workflow INFO:
	 [Node] Executing "t1w_boldref" <niworkflows.interfaces.fixes.FixHeaderApplyTransforms>
250527-22:35:30,138 nipype.workflow INFO:
	 [Node] Setting-up "fmriprep_25_0_wf.sub_GEO036_wf.bold_ses_t3_task_image_run_1_wf.bold_confounds_wf.t1w_mask_tfm" in "/work/fmriprep_25_0_wf/sub_GEO036_wf/bold_ses_t3_task_image_run_1_wf/bold_confounds_wf/t1w_mask_tfm".
250527-22:35:30,587 nipype.workflow INFO:
	 [Node] Setting-up "fmriprep_25_0_wf.sub_GEO036_wf.bold_ses_t3_task_image_run_1_wf.carpetplot_wf.mrg_xfms" in "/work/fmriprep_25_0_wf/sub_GEO036_wf/bold_ses_t3_task_image_run_1_wf/carpetplot_wf/mrg_xfms".
250527-22:35:30,591 nipype.workflow INFO:
	 [Node] Setting-up "fmriprep_25_0_wf.sub_GEO036_wf.bold_ses_t3_task_image_run_1_wf.ds_bold_std_wf.boldref2target" in "/work/fmriprep_25_0_wf/sub_GEO036_wf/bold_ses_t3_task_image_run_1_wf/ds_bold_std_wf/_in_tuple_MNI152NLin2009cAsym.resnative/boldref2target".
250527-22:35:30,591 nipype.workflow INFO:
	 [Node] Setting-up "fmriprep_25_0_wf.sub_GEO036_wf.bold_ses_t3_task_image_run_1_wf.ds_bold_std_wf.sources" in "/work/fmriprep_25_0_wf/sub_GEO036_wf/bold_ses_t3_task_image_run_1_wf/ds_bold_std_wf/_in_tuple_MNI152NLin2009cAsym.resnative/sources".
250527-22:35:30,901 nipype.workflow INFO:
	 [Node] Setting-up "_acc_msk_tfm0" in "/work/fmriprep_25_0_wf/sub_GEO036_wf/bold_ses_t3_task_image_run_1_wf/bold_confounds_wf/acc_msk_tfm/mapflow/_acc_msk_tfm0".
250527-22:35:31,396 nipype.workflow INFO:
	 [Node] Executing "t1w_mask_tfm" <niworkflows.interfaces.fixes.FixHeaderApplyTransforms>
250527-22:35:31,517 nipype.workflow INFO:
	 [Node] Finished "t1w_boldref", elapsed time 2.157136s.
250527-22:35:31,878 nipype.workflow INFO:
	 [Node] Executing "mrg_xfms" <nipype.interfaces.utility.base.Merge>
250527-22:35:31,879 nipype.workflow INFO:
	 [Node] Finished "mrg_xfms", elapsed time 0.000425s.
250527-22:35:32,100 nipype.workflow INFO:
	 [Node] Executing "sources" <fmriprep.interfaces.bids.BIDSURI>
250527-22:35:32,102 nipype.workflow INFO:
	 [Node] Finished "sources", elapsed time 0.000994s.
250527-22:35:32,163 nipype.workflow INFO:
	 [Node] Executing "boldref2target" <nipype.interfaces.utility.base.Merge>
250527-22:35:32,165 nipype.workflow INFO:
	 [Node] Finished "boldref2target", elapsed time 0.000485s.
250527-22:35:32,205 nipype.workflow INFO:
	 [Node] Executing "_acc_msk_tfm0" <niworkflows.interfaces.fixes.FixHeaderApplyTransforms>
250527-22:35:32,901 nipype.workflow INFO:
	 [Node] Setting-up "fmriprep_25_0_wf.sub_GEO036_wf.bold_ses_t3_task_image_run_1_wf.bold_fit_wf.func_fit_reports_wf.boldref_wm" in "/work/fmriprep_25_0_wf/sub_GEO036_wf/bold_ses_t3_task_image_run_1_wf/bold_fit_wf/func_fit_reports_wf/boldref_wm".
250527-22:35:33,194 nipype.workflow INFO:
	 [Node] Finished "_acc_msk_tfm0", elapsed time 0.988213s.
250527-22:35:33,966 nipype.workflow INFO:
	 [Node] Finished "t1w_mask_tfm", elapsed time 2.568867s.
250527-22:35:34,278 nipype.workflow INFO:
	 [Node] Executing "boldref_wm" <niworkflows.interfaces.fixes.FixHeaderApplyTransforms>
250527-22:35:34,991 nipype.workflow INFO:
	 [Node] Finished "boldref_wm", elapsed time 0.712342s.
250527-22:35:36,829 nipype.workflow INFO:
	 [Node] Setting-up "fmriprep_25_0_wf.sub_GEO036_wf.bold_ses_t3_task_image_run_1_wf.carpetplot_wf.resample_parc" in "/work/fmriprep_25_0_wf/sub_GEO036_wf/bold_ses_t3_task_image_run_1_wf/carpetplot_wf/resample_parc".
250527-22:35:36,829 nipype.workflow INFO:
	 [Node] Setting-up "fmriprep_25_0_wf.sub_GEO036_wf.bold_ses_t3_task_image_run_1_wf.ds_bold_std_wf.resample_ref" in "/work/fmriprep_25_0_wf/sub_GEO036_wf/bold_ses_t3_task_image_run_1_wf/ds_bold_std_wf/_in_tuple_MNI152NLin2009cAsym.resnative/resample_ref".
250527-22:35:36,832 nipype.workflow INFO:
	 [Node] Setting-up "fmriprep_25_0_wf.sub_GEO036_wf.bold_ses_t3_task_image_run_1_wf.ds_bold_std_wf.resample_mask" in "/work/fmriprep_25_0_wf/sub_GEO036_wf/bold_ses_t3_task_image_run_1_wf/ds_bold_std_wf/_in_tuple_MNI152NLin2009cAsym.resnative/resample_mask".
250527-22:35:37,134 nipype.workflow INFO:
	 [Node] Setting-up "fmriprep_25_0_wf.sub_GEO036_wf.bold_ses_t3_task_image_run_1_wf.bold_fit_wf.func_fit_reports_wf.epi_t1_report" in "/work/fmriprep_25_0_wf/sub_GEO036_wf/bold_ses_t3_task_image_run_1_wf/bold_fit_wf/func_fit_reports_wf/epi_t1_report".
250527-22:35:37,135 nipype.workflow INFO:
	 [Node] Setting-up "fmriprep_25_0_wf.sub_GEO036_wf.bold_ses_t3_task_image_run_1_wf.bold_confounds_wf.union_mask" in "/work/fmriprep_25_0_wf/sub_GEO036_wf/bold_ses_t3_task_image_run_1_wf/bold_confounds_wf/union_mask".
250527-22:35:38,26 nipype.workflow INFO:
	 [Node] Executing "resample_mask" <niworkflows.interfaces.fixes.FixHeaderApplyTransforms>
250527-22:35:38,46 nipype.workflow INFO:
	 [Node] Executing "resample_parc" <niworkflows.interfaces.fixes.FixHeaderApplyTransforms>
250527-22:35:38,72 nipype.workflow INFO:
	 [Node] Executing "union_mask" <nipype.interfaces.utility.wrappers.Function>
250527-22:35:39,114 nipype.workflow INFO:
	 [Node] Finished "union_mask", elapsed time 1.040876s.
250527-22:35:39,292 nipype.workflow INFO:
	 [Node] Executing "resample_ref" <niworkflows.interfaces.fixes.FixHeaderApplyTransforms>
250527-22:35:39,324 nipype.workflow INFO:
	 [Node] Executing "epi_t1_report" <nireports.interfaces.reporting.base.SimpleBeforeAfterRPT>
250527-22:35:39,325 nipype.interface INFO:
	 Report - setting before (/out/sub-GEO036/ses-t3/func/sub-GEO036_ses-t3_task-image_run-1_desc-coreg_boldref.nii.gz) and after (/work/fmriprep_25_0_wf/sub_GEO036_wf/bold_ses_t3_task_image_run_1_wf/bold_fit_wf/func_fit_reports_wf/t1w_boldref/sub-GEO036_desc-preproc_T1w_trans.nii.gz) images
250527-22:35:39,325 nipype.interface INFO:
	 Generating visual report
250527-22:35:40,194 nipype.workflow INFO:
	 [Node] Setting-up "_acc_msk_brain0" in "/work/fmriprep_25_0_wf/sub_GEO036_wf/bold_ses_t2_task_image_run_5_wf/bold_confounds_wf/acc_msk_brain/mapflow/_acc_msk_brain0".
250527-22:35:40,195 nipype.workflow INFO:
	 [Node] Setting-up "_acc_msk_brain1" in "/work/fmriprep_25_0_wf/sub_GEO036_wf/bold_ses_t2_task_image_run_5_wf/bold_confounds_wf/acc_msk_brain/mapflow/_acc_msk_brain1".
250527-22:35:40,196 nipype.workflow INFO:
	 [Node] Setting-up "fmriprep_25_0_wf.sub_GEO036_wf.bold_ses_t3_task_image_run_1_wf.bold_confounds_wf.dilated_mask" in "/work/fmriprep_25_0_wf/sub_GEO036_wf/bold_ses_t3_task_image_run_1_wf/bold_confounds_wf/dilated_mask".
250527-22:35:40,617 nipype.workflow INFO:
	 [Node] Finished "bbregister", elapsed time 28.708881s.
250527-22:35:41,8 nipype.workflow INFO:
	 [Node] Executing "_acc_msk_brain0" <niworkflows.interfaces.nibabel.ApplyMask>
250527-22:35:41,25 nipype.workflow INFO:
	 [Node] Executing "dilated_mask" <niworkflows.interfaces.morphology.BinaryDilation>
250527-22:35:41,161 nipype.workflow INFO:
	 [Node] Finished "dilated_mask", elapsed time 0.135011s.
250527-22:35:41,214 nipype.workflow INFO:
	 [Node] Finished "_acc_msk_brain0", elapsed time 0.205123s.
250527-22:35:41,280 nipype.workflow INFO:
	 [Node] Executing "_acc_msk_brain1" <niworkflows.interfaces.nibabel.ApplyMask>
250527-22:35:41,326 nipype.workflow INFO:
	 [Node] Finished "resample_parc", elapsed time 3.278808s.
250527-22:35:41,429 nipype.workflow INFO:
	 [Node] Finished "_acc_msk_brain1", elapsed time 0.147965s.
250527-22:35:41,937 nipype.workflow INFO:
	 [Node] Finished "resample_ref", elapsed time 2.643469s.
250527-22:35:42,219 nipype.workflow INFO:
	 [Node] Setting-up "fmriprep_25_0_wf.sub_GEO036_wf.bold_ses_t3_task_image_run_3_wf.bold_fit_wf.bold_reg_wf.bbreg_wf.bbregister" in "/work/fmriprep_25_0_wf/sub_GEO036_wf/bold_ses_t3_task_image_run_3_wf/bold_fit_wf/bold_reg_wf/bbreg_wf/bbregister".
250527-22:35:42,224 nipype.workflow INFO:
	 [Node] Finished "resample_mask", elapsed time 4.197072s.
250527-22:35:43,203 nipype.workflow INFO:
	 [Node] Executing "bbregister" <nipype.interfaces.freesurfer.preprocess.BBRegister>
250527-22:35:43,555 nipype.workflow INFO:
	 [Node] Setting-up "fmriprep_25_0_wf.sub_GEO036_wf.bold_ses_t3_task_image_run_1_wf.bold_confounds_wf.subtract_mask" in "/work/fmriprep_25_0_wf/sub_GEO036_wf/bold_ses_t3_task_image_run_1_wf/bold_confounds_wf/subtract_mask".
250527-22:35:43,556 nipype.workflow INFO:
	 [Node] Setting-up "_acc_msk_brain2" in "/work/fmriprep_25_0_wf/sub_GEO036_wf/bold_ses_t2_task_image_run_5_wf/bold_confounds_wf/acc_msk_brain/mapflow/_acc_msk_brain2".
250527-22:35:44,206 nipype.workflow INFO:
	 [Node] Setting-up "fmriprep_25_0_wf.sub_GEO036_wf.bold_ses_t3_task_image_run_2_wf.bold_fit_wf.bold_reg_wf.bbreg_wf.compare_transforms" in "/work/fmriprep_25_0_wf/sub_GEO036_wf/bold_ses_t3_task_image_run_2_wf/bold_fit_wf/bold_reg_wf/bbreg_wf/compare_transforms".
250527-22:35:44,516 nipype.workflow INFO:
	 [Node] Executing "_acc_msk_brain2" <niworkflows.interfaces.nibabel.ApplyMask>
250527-22:35:44,674 nipype.workflow INFO:
	 [Node] Finished "_acc_msk_brain2", elapsed time 0.157078s.
250527-22:35:44,739 nipype.workflow INFO:
	 [Node] Executing "subtract_mask" <niworkflows.interfaces.morphology.BinarySubtraction>
250527-22:35:44,891 nipype.workflow INFO:
	 [Node] Finished "subtract_mask", elapsed time 0.151349s.
250527-22:35:45,131 nipype.workflow INFO:
	 [Node] Executing "compare_transforms" <nipype.interfaces.utility.wrappers.Function>
250527-22:35:45,140 nipype.workflow INFO:
	 [Node] Finished "compare_transforms", elapsed time 0.0087s.
250527-22:35:46,666 nipype.interface WARNING:
	 Changing /out/sub-GEO036/ses-t3/func/sub-GEO036_ses-t3_task-image_run-1_space-MNI152NLin2009cAsym_desc-brain_mask.nii.gz dtype from float64 to uint8
250527-22:35:47,542 nipype.workflow INFO:
	 [Node] Setting-up "_acc_msk_tfm1" in "/work/fmriprep_25_0_wf/sub_GEO036_wf/bold_ses_t3_task_image_run_1_wf/bold_confounds_wf/acc_msk_tfm/mapflow/_acc_msk_tfm1".
250527-22:35:47,545 nipype.workflow INFO:
	 [Node] Setting-up "_acc_msk_tfm2" in "/work/fmriprep_25_0_wf/sub_GEO036_wf/bold_ses_t3_task_image_run_1_wf/bold_confounds_wf/acc_msk_tfm/mapflow/_acc_msk_tfm2".
250527-22:35:48,326 nipype.workflow INFO:
	 [Node] Executing "_acc_msk_tfm2" <niworkflows.interfaces.fixes.FixHeaderApplyTransforms>
250527-22:35:48,352 nipype.workflow INFO:
	 [Node] Executing "_acc_msk_tfm1" <niworkflows.interfaces.fixes.FixHeaderApplyTransforms>
250527-22:35:49,576 nipype.workflow INFO:
	 [Node] Finished "_acc_msk_tfm1", elapsed time 1.222596s.
250527-22:35:49,594 nipype.workflow INFO:
	 [Node] Finished "_acc_msk_tfm2", elapsed time 1.267093s.
250527-22:35:51,327 nipype.workflow INFO:
	 [Node] Setting-up "_acc_msk_brain0" in "/work/fmriprep_25_0_wf/sub_GEO036_wf/bold_ses_t2_task_image_run_5_wf/bold_confounds_wf/acc_msk_brain/mapflow/_acc_msk_brain0".
250527-22:35:51,332 nipype.workflow INFO:
	 [Node] Cached "_acc_msk_brain0" - collecting precomputed outputs
250527-22:35:51,332 nipype.workflow INFO:
	 [Node] "_acc_msk_brain0" found cached.
250527-22:35:51,333 nipype.workflow INFO:
	 [Node] Setting-up "_acc_msk_brain1" in "/work/fmriprep_25_0_wf/sub_GEO036_wf/bold_ses_t2_task_image_run_5_wf/bold_confounds_wf/acc_msk_brain/mapflow/_acc_msk_brain1".
250527-22:35:51,338 nipype.workflow INFO:
	 [Node] Cached "_acc_msk_brain1" - collecting precomputed outputs
250527-22:35:51,338 nipype.workflow INFO:
	 [Node] "_acc_msk_brain1" found cached.
250527-22:35:51,338 nipype.workflow INFO:
	 [Node] Setting-up "_acc_msk_brain2" in "/work/fmriprep_25_0_wf/sub_GEO036_wf/bold_ses_t2_task_image_run_5_wf/bold_confounds_wf/acc_msk_brain/mapflow/_acc_msk_brain2".
250527-22:35:51,341 nipype.workflow INFO:
	 [Node] Cached "_acc_msk_brain2" - collecting precomputed outputs
250527-22:35:51,341 nipype.workflow INFO:
	 [Node] "_acc_msk_brain2" found cached.
250527-22:35:54,659 nipype.workflow INFO:
	 [Node] Setting-up "fmriprep_25_0_wf.sub_GEO036_wf.bold_ses_t3_task_image_run_2_wf.bold_fit_wf.bold_reg_wf.bbreg_wf.concat_xfm" in "/work/fmriprep_25_0_wf/sub_GEO036_wf/bold_ses_t3_task_image_run_2_wf/bold_fit_wf/bold_reg_wf/bbreg_wf/concat_xfm".
250527-22:35:54,932 nipype.workflow INFO:
	 [Node] Finished "epi_t1_report", elapsed time 15.607508s.
250527-22:35:55,131 nipype.workflow INFO:
	 [Node] Executing "concat_xfm" <niworkflows.interfaces.nitransforms.ConcatenateXFMs>
250527-22:35:55,162 nipype.workflow INFO:
	 [Node] Setting-up "_acc_msk_tfm0" in "/work/fmriprep_25_0_wf/sub_GEO036_wf/bold_ses_t3_task_image_run_1_wf/bold_confounds_wf/acc_msk_tfm/mapflow/_acc_msk_tfm0".
250527-22:35:55,166 nipype.workflow INFO:
	 [Node] Cached "_acc_msk_tfm0" - collecting precomputed outputs
250527-22:35:55,166 nipype.workflow INFO:
	 [Node] "_acc_msk_tfm0" found cached.
250527-22:35:55,167 nipype.workflow INFO:
	 [Node] Setting-up "_acc_msk_tfm1" in "/work/fmriprep_25_0_wf/sub_GEO036_wf/bold_ses_t3_task_image_run_1_wf/bold_confounds_wf/acc_msk_tfm/mapflow/_acc_msk_tfm1".
250527-22:35:55,169 nipype.workflow INFO:
	 [Node] Cached "_acc_msk_tfm1" - collecting precomputed outputs
250527-22:35:55,169 nipype.workflow INFO:
	 [Node] "_acc_msk_tfm1" found cached.
250527-22:35:55,170 nipype.workflow INFO:
	 [Node] Setting-up "_acc_msk_tfm2" in "/work/fmriprep_25_0_wf/sub_GEO036_wf/bold_ses_t3_task_image_run_1_wf/bold_confounds_wf/acc_msk_tfm/mapflow/_acc_msk_tfm2".
250527-22:35:55,173 nipype.workflow INFO:
	 [Node] Cached "_acc_msk_tfm2" - collecting precomputed outputs
250527-22:35:55,173 nipype.workflow INFO:
	 [Node] "_acc_msk_tfm2" found cached.
250527-22:35:55,576 nipype.workflow INFO:
	 [Node] Finished "concat_xfm", elapsed time 0.443544s.
250527-22:35:58,445 nipype.workflow INFO:
	 [Node] Setting-up "fmriprep_25_0_wf.sub_GEO036_wf.bold_ses_t3_task_image_run_1_wf.bold_fit_wf.func_fit_reports_wf.ds_epi_t1_report" in "/work/fmriprep_25_0_wf/sub_GEO036_wf/bold_ses_t3_task_image_run_1_wf/bold_fit_wf/func_fit_reports_wf/ds_epi_t1_report".
250527-22:35:58,446 nipype.workflow INFO:
	 [Node] Setting-up "_acc_msk_bin0" in "/work/fmriprep_25_0_wf/sub_GEO036_wf/bold_ses_t2_task_image_run_5_wf/bold_confounds_wf/acc_msk_bin/mapflow/_acc_msk_bin0".
250527-22:35:58,447 nipype.workflow INFO:
	 [Node] Setting-up "_acc_msk_bin1" in "/work/fmriprep_25_0_wf/sub_GEO036_wf/bold_ses_t2_task_image_run_5_wf/bold_confounds_wf/acc_msk_bin/mapflow/_acc_msk_bin1".
250527-22:35:58,447 nipype.workflow INFO:
	 [Node] Setting-up "_acc_msk_bin2" in "/work/fmriprep_25_0_wf/sub_GEO036_wf/bold_ses_t2_task_image_run_5_wf/bold_confounds_wf/acc_msk_bin/mapflow/_acc_msk_bin2".
250527-22:35:58,751 nipype.workflow INFO:
	 [Node] Setting-up "fmriprep_25_0_wf.sub_GEO036_wf.bold_ses_t3_task_image_run_2_wf.bold_fit_wf.func_fit_reports_wf.t1w_boldref" in "/work/fmriprep_25_0_wf/sub_GEO036_wf/bold_ses_t3_task_image_run_2_wf/bold_fit_wf/func_fit_reports_wf/t1w_boldref".
250527-22:35:59,384 nipype.workflow INFO:
	 [Node] Executing "_acc_msk_bin0" <niworkflows.interfaces.nibabel.Binarize>
250527-22:35:59,608 nipype.workflow INFO:
	 [Node] Executing "ds_epi_t1_report" <fmriprep.interfaces.DerivativesDataSink>
250527-22:35:59,630 nipype.workflow INFO:
	 [Node] Finished "_acc_msk_bin0", elapsed time 0.244985s.
250527-22:35:59,678 nipype.workflow INFO:
	 [Node] Executing "_acc_msk_bin2" <niworkflows.interfaces.nibabel.Binarize>
250527-22:35:59,782 nipype.workflow INFO:
	 [Node] Executing "_acc_msk_bin1" <niworkflows.interfaces.nibabel.Binarize>
250527-22:35:59,993 nipype.workflow INFO:
	 [Node] Executing "t1w_boldref" <niworkflows.interfaces.fixes.FixHeaderApplyTransforms>
250527-22:36:00,26 nipype.workflow INFO:
	 [Node] Finished "_acc_msk_bin2", elapsed time 0.34639s.
250527-22:36:00,28 nipype.workflow INFO:
	 [Node] Finished "ds_epi_t1_report", elapsed time 0.418802s.
250527-22:36:00,133 nipype.workflow INFO:
	 [Node] Finished "_acc_msk_bin1", elapsed time 0.350029s.
250527-22:36:01,948 nipype.workflow INFO:
	 [Node] Finished "t1w_boldref", elapsed time 1.953227s.
250527-22:36:02,176 nipype.workflow INFO:
	 [Node] Setting-up "fmriprep_25_0_wf.sub_GEO036_wf.bold_ses_t3_task_image_run_2_wf.bold_confounds_wf.t1w_mask_tfm" in "/work/fmriprep_25_0_wf/sub_GEO036_wf/bold_ses_t3_task_image_run_2_wf/bold_confounds_wf/t1w_mask_tfm".
250527-22:36:02,176 nipype.workflow INFO:
	 [Node] Setting-up "fmriprep_25_0_wf.sub_GEO036_wf.bold_ses_t3_task_image_run_2_wf.carpetplot_wf.mrg_xfms" in "/work/fmriprep_25_0_wf/sub_GEO036_wf/bold_ses_t3_task_image_run_2_wf/carpetplot_wf/mrg_xfms".
250527-22:36:02,713 nipype.workflow INFO:
	 [Node] Executing "mrg_xfms" <nipype.interfaces.utility.base.Merge>
250527-22:36:02,714 nipype.workflow INFO:
	 [Node] Finished "mrg_xfms", elapsed time 0.000361s.
250527-22:36:02,883 nipype.workflow INFO:
	 [Node] Executing "t1w_mask_tfm" <niworkflows.interfaces.fixes.FixHeaderApplyTransforms>
250527-22:36:03,505 nipype.workflow INFO:
	 [Node] Setting-up "fmriprep_25_0_wf.sub_GEO036_wf.bold_ses_t3_task_image_run_2_wf.ds_bold_std_wf.boldref2target" in "/work/fmriprep_25_0_wf/sub_GEO036_wf/bold_ses_t3_task_image_run_2_wf/ds_bold_std_wf/_in_tuple_MNI152NLin2009cAsym.resnative/boldref2target".
250527-22:36:03,508 nipype.workflow INFO:
	 [Node] Setting-up "_acc_msk_tfm0" in "/work/fmriprep_25_0_wf/sub_GEO036_wf/bold_ses_t3_task_image_run_2_wf/bold_confounds_wf/acc_msk_tfm/mapflow/_acc_msk_tfm0".
250527-22:36:03,819 nipype.workflow INFO:
	 [Node] Setting-up "fmriprep_25_0_wf.sub_GEO036_wf.bold_ses_t3_task_image_run_2_wf.bold_fit_wf.func_fit_reports_wf.boldref_wm" in "/work/fmriprep_25_0_wf/sub_GEO036_wf/bold_ses_t3_task_image_run_2_wf/bold_fit_wf/func_fit_reports_wf/boldref_wm".
250527-22:36:03,923 nipype.workflow INFO:
	 [Node] Setting-up "fmriprep_25_0_wf.sub_GEO036_wf.bold_ses_t3_task_image_run_2_wf.ds_bold_std_wf.sources" in "/work/fmriprep_25_0_wf/sub_GEO036_wf/bold_ses_t3_task_image_run_2_wf/ds_bold_std_wf/_in_tuple_MNI152NLin2009cAsym.resnative/sources".
250527-22:36:04,153 nipype.workflow INFO:
	 [Node] Executing "_acc_msk_tfm0" <niworkflows.interfaces.fixes.FixHeaderApplyTransforms>
250527-22:36:04,584 nipype.workflow INFO:
	 [Node] Executing "boldref2target" <nipype.interfaces.utility.base.Merge>
250527-22:36:04,585 nipype.workflow INFO:
	 [Node] Finished "boldref2target", elapsed time 0.000368s.
250527-22:36:04,855 nipype.workflow INFO:
	 [Node] Executing "boldref_wm" <niworkflows.interfaces.fixes.FixHeaderApplyTransforms>
250527-22:36:05,39 nipype.workflow INFO:
	 [Node] Executing "sources" <fmriprep.interfaces.bids.BIDSURI>
250527-22:36:05,41 nipype.workflow INFO:
	 [Node] Finished "sources", elapsed time 0.000953s.
250527-22:36:05,360 nipype.workflow INFO:
	 [Node] Finished "_acc_msk_tfm0", elapsed time 1.206472s.
250527-22:36:05,363 nipype.workflow INFO:
	 [Node] Finished "t1w_mask_tfm", elapsed time 2.479096s.
250527-22:36:05,648 nipype.workflow INFO:
	 [Node] Finished "boldref_wm", elapsed time 0.792452s.
250527-22:36:05,829 nipype.workflow INFO:
	 [Node] Setting-up "fmriprep_25_0_wf.sub_GEO036_wf.bold_ses_t3_task_image_run_2_wf.carpetplot_wf.resample_parc" in "/work/fmriprep_25_0_wf/sub_GEO036_wf/bold_ses_t3_task_image_run_2_wf/carpetplot_wf/resample_parc".
250527-22:36:06,135 nipype.workflow INFO:
	 [Node] Setting-up "fmriprep_25_0_wf.sub_GEO036_wf.bold_ses_t3_task_image_run_2_wf.bold_confounds_wf.union_mask" in "/work/fmriprep_25_0_wf/sub_GEO036_wf/bold_ses_t3_task_image_run_2_wf/bold_confounds_wf/union_mask".
250527-22:36:06,760 nipype.workflow INFO:
	 [Node] Executing "resample_parc" <niworkflows.interfaces.fixes.FixHeaderApplyTransforms>
250527-22:36:07,224 nipype.workflow INFO:
	 [Node] Executing "union_mask" <nipype.interfaces.utility.wrappers.Function>
250527-22:36:07,353 nipype.workflow INFO:
	 [Node] Finished "union_mask", elapsed time 0.128681s.
250527-22:36:07,685 nipype.workflow INFO:
	 [Node] Setting-up "fmriprep_25_0_wf.sub_GEO036_wf.bold_ses_t3_task_image_run_2_wf.ds_bold_std_wf.resample_ref" in "/work/fmriprep_25_0_wf/sub_GEO036_wf/bold_ses_t3_task_image_run_2_wf/ds_bold_std_wf/_in_tuple_MNI152NLin2009cAsym.resnative/resample_ref".
250527-22:36:07,686 nipype.workflow INFO:
	 [Node] Setting-up "fmriprep_25_0_wf.sub_GEO036_wf.bold_ses_t3_task_image_run_2_wf.ds_bold_std_wf.resample_mask" in "/work/fmriprep_25_0_wf/sub_GEO036_wf/bold_ses_t3_task_image_run_2_wf/ds_bold_std_wf/_in_tuple_MNI152NLin2009cAsym.resnative/resample_mask".
250527-22:36:07,688 nipype.workflow INFO:
	 [Node] Setting-up "_acc_msk_tfm1" in "/work/fmriprep_25_0_wf/sub_GEO036_wf/bold_ses_t3_task_image_run_2_wf/bold_confounds_wf/acc_msk_tfm/mapflow/_acc_msk_tfm1".
250527-22:36:08,129 nipype.workflow INFO:
	 [Node] Setting-up "fmriprep_25_0_wf.sub_GEO036_wf.bold_ses_t3_task_image_run_2_wf.bold_fit_wf.func_fit_reports_wf.epi_t1_report" in "/work/fmriprep_25_0_wf/sub_GEO036_wf/bold_ses_t3_task_image_run_2_wf/bold_fit_wf/func_fit_reports_wf/epi_t1_report".
250527-22:36:08,131 nipype.workflow INFO:
	 [Node] Setting-up "fmriprep_25_0_wf.sub_GEO036_wf.bold_ses_t3_task_image_run_2_wf.bold_confounds_wf.dilated_mask" in "/work/fmriprep_25_0_wf/sub_GEO036_wf/bold_ses_t3_task_image_run_2_wf/bold_confounds_wf/dilated_mask".
250527-22:36:09,212 nipype.workflow INFO:
	 [Node] Setting-up "_acc_msk_bin0" in "/work/fmriprep_25_0_wf/sub_GEO036_wf/bold_ses_t2_task_image_run_5_wf/bold_confounds_wf/acc_msk_bin/mapflow/_acc_msk_bin0".
250527-22:36:09,215 nipype.workflow INFO:
	 [Node] Cached "_acc_msk_bin0" - collecting precomputed outputs
250527-22:36:09,215 nipype.workflow INFO:
	 [Node] "_acc_msk_bin0" found cached.
250527-22:36:09,215 nipype.workflow INFO:
	 [Node] Setting-up "_acc_msk_bin1" in "/work/fmriprep_25_0_wf/sub_GEO036_wf/bold_ses_t2_task_image_run_5_wf/bold_confounds_wf/acc_msk_bin/mapflow/_acc_msk_bin1".
250527-22:36:09,218 nipype.workflow INFO:
	 [Node] Cached "_acc_msk_bin1" - collecting precomputed outputs
250527-22:36:09,218 nipype.workflow INFO:
	 [Node] "_acc_msk_bin1" found cached.
250527-22:36:09,219 nipype.workflow INFO:
	 [Node] Setting-up "_acc_msk_bin2" in "/work/fmriprep_25_0_wf/sub_GEO036_wf/bold_ses_t2_task_image_run_5_wf/bold_confounds_wf/acc_msk_bin/mapflow/_acc_msk_bin2".
250527-22:36:09,221 nipype.workflow INFO:
	 [Node] Cached "_acc_msk_bin2" - collecting precomputed outputs
250527-22:36:09,221 nipype.workflow INFO:
	 [Node] "_acc_msk_bin2" found cached.
250527-22:36:09,268 nipype.workflow INFO:
	 [Node] Executing "resample_mask" <niworkflows.interfaces.fixes.FixHeaderApplyTransforms>
250527-22:36:09,371 nipype.workflow INFO:
	 [Node] Executing "_acc_msk_tfm1" <niworkflows.interfaces.fixes.FixHeaderApplyTransforms>
250527-22:36:09,399 nipype.workflow INFO:
	 [Node] Executing "resample_ref" <niworkflows.interfaces.fixes.FixHeaderApplyTransforms>
250527-22:36:09,782 nipype.workflow INFO:
	 [Node] Executing "dilated_mask" <niworkflows.interfaces.morphology.BinaryDilation>
250527-22:36:09,881 nipype.workflow INFO:
	 [Node] Executing "epi_t1_report" <nireports.interfaces.reporting.base.SimpleBeforeAfterRPT>
250527-22:36:09,882 nipype.interface INFO:
	 Report - setting before (/out/sub-GEO036/ses-t3/func/sub-GEO036_ses-t3_task-image_run-2_desc-coreg_boldref.nii.gz) and after (/work/fmriprep_25_0_wf/sub_GEO036_wf/bold_ses_t3_task_image_run_2_wf/bold_fit_wf/func_fit_reports_wf/t1w_boldref/sub-GEO036_desc-preproc_T1w_trans.nii.gz) images
250527-22:36:09,882 nipype.interface INFO:
	 Generating visual report
250527-22:36:09,915 nipype.workflow INFO:
	 [Node] Finished "dilated_mask", elapsed time 0.131881s.
250527-22:36:10,58 nipype.workflow INFO:
	 [Node] Finished "resample_parc", elapsed time 3.297358s.
250527-22:36:11,2 nipype.workflow INFO:
	 [Node] Finished "_acc_msk_tfm1", elapsed time 1.629563s.
250527-22:36:12,96 nipype.workflow INFO:
	 [Node] Finished "resample_ref", elapsed time 2.696263s.
250527-22:36:12,706 nipype.workflow INFO:
	 [Node] Finished "resample_mask", elapsed time 3.436896s.
250527-22:36:13,401 nipype.workflow INFO:
	 [Node] Setting-up "fmriprep_25_0_wf.sub_GEO036_wf.bold_ses_t2_task_image_run_5_wf.carpetplot_wf.parcels" in "/work/fmriprep_25_0_wf/sub_GEO036_wf/bold_ses_t2_task_image_run_5_wf/carpetplot_wf/parcels".
250527-22:36:13,961 nipype.workflow INFO:
	 [Node] Executing "parcels" <nipype.interfaces.utility.wrappers.Function>
250527-22:36:14,53 nipype.workflow INFO:
	 [Node] Finished "parcels", elapsed time 0.090696s.
250527-22:36:15,819 nipype.interface WARNING:
	 Changing /out/sub-GEO036/ses-t3/func/sub-GEO036_ses-t3_task-image_run-2_space-MNI152NLin2009cAsym_desc-brain_mask.nii.gz dtype from float64 to uint8
250527-22:36:16,589 nipype.workflow INFO:
	 [Node] Setting-up "fmriprep_25_0_wf.sub_GEO036_wf.bold_ses_t3_task_image_run_2_wf.bold_confounds_wf.subtract_mask" in "/work/fmriprep_25_0_wf/sub_GEO036_wf/bold_ses_t3_task_image_run_2_wf/bold_confounds_wf/subtract_mask".
250527-22:36:16,591 nipype.workflow INFO:
	 [Node] Setting-up "_acc_msk_brain0" in "/work/fmriprep_25_0_wf/sub_GEO036_wf/bold_ses_t3_task_image_run_1_wf/bold_confounds_wf/acc_msk_brain/mapflow/_acc_msk_brain0".
250527-22:36:16,592 nipype.workflow INFO:
	 [Node] Setting-up "_acc_msk_brain1" in "/work/fmriprep_25_0_wf/sub_GEO036_wf/bold_ses_t3_task_image_run_1_wf/bold_confounds_wf/acc_msk_brain/mapflow/_acc_msk_brain1".
250527-22:36:16,592 nipype.workflow INFO:
	 [Node] Setting-up "_acc_msk_brain2" in "/work/fmriprep_25_0_wf/sub_GEO036_wf/bold_ses_t3_task_image_run_1_wf/bold_confounds_wf/acc_msk_brain/mapflow/_acc_msk_brain2".
250527-22:36:16,596 nipype.workflow INFO:
	 [Node] Setting-up "_acc_msk_tfm2" in "/work/fmriprep_25_0_wf/sub_GEO036_wf/bold_ses_t3_task_image_run_2_wf/bold_confounds_wf/acc_msk_tfm/mapflow/_acc_msk_tfm2".
250527-22:36:17,127 nipype.workflow INFO:
	 [Node] Executing "_acc_msk_tfm2" <niworkflows.interfaces.fixes.FixHeaderApplyTransforms>
250527-22:36:17,149 nipype.workflow INFO:
	 [Node] Executing "subtract_mask" <niworkflows.interfaces.morphology.BinarySubtraction>
250527-22:36:17,210 nipype.workflow INFO:
	 [Node] Finished "subtract_mask", elapsed time 0.06003s.
250527-22:36:17,367 nipype.workflow INFO:
	 [Node] Executing "_acc_msk_brain0" <niworkflows.interfaces.nibabel.ApplyMask>
250527-22:36:17,521 nipype.workflow INFO:
	 [Node] Finished "_acc_msk_brain0", elapsed time 0.152934s.
250527-22:36:17,535 nipype.workflow INFO:
	 [Node] Executing "_acc_msk_brain1" <niworkflows.interfaces.nibabel.ApplyMask>
250527-22:36:17,549 nipype.workflow INFO:
	 [Node] Executing "_acc_msk_brain2" <niworkflows.interfaces.nibabel.ApplyMask>
250527-22:36:17,661 nipype.workflow INFO:
	 [Node] Finished "_acc_msk_brain2", elapsed time 0.111375s.
250527-22:36:17,707 nipype.workflow INFO:
	 [Node] Finished "_acc_msk_brain1", elapsed time 0.170647s.
250527-22:36:18,293 nipype.workflow INFO:
	 [Node] Finished "_acc_msk_tfm2", elapsed time 1.165081s.
250527-22:36:18,825 nipype.workflow INFO:
	 [Node] Finished "bbregister", elapsed time 35.621533s.
250527-22:36:19,283 nipype.workflow INFO:
	 [Node] Setting-up "_acc_msk_brain0" in "/work/fmriprep_25_0_wf/sub_GEO036_wf/bold_ses_t3_task_image_run_1_wf/bold_confounds_wf/acc_msk_brain/mapflow/_acc_msk_brain0".
250527-22:36:19,286 nipype.workflow INFO:
	 [Node] Cached "_acc_msk_brain0" - collecting precomputed outputs
250527-22:36:19,286 nipype.workflow INFO:
	 [Node] "_acc_msk_brain0" found cached.
250527-22:36:19,286 nipype.workflow INFO:
	 [Node] Setting-up "_acc_msk_brain1" in "/work/fmriprep_25_0_wf/sub_GEO036_wf/bold_ses_t3_task_image_run_1_wf/bold_confounds_wf/acc_msk_brain/mapflow/_acc_msk_brain1".
250527-22:36:19,289 nipype.workflow INFO:
	 [Node] Cached "_acc_msk_brain1" - collecting precomputed outputs
250527-22:36:19,289 nipype.workflow INFO:
	 [Node] "_acc_msk_brain1" found cached.
250527-22:36:19,290 nipype.workflow INFO:
	 [Node] Setting-up "_acc_msk_brain2" in "/work/fmriprep_25_0_wf/sub_GEO036_wf/bold_ses_t3_task_image_run_1_wf/bold_confounds_wf/acc_msk_brain/mapflow/_acc_msk_brain2".
250527-22:36:19,292 nipype.workflow INFO:
	 [Node] Cached "_acc_msk_brain2" - collecting precomputed outputs
250527-22:36:19,292 nipype.workflow INFO:
	 [Node] "_acc_msk_brain2" found cached.
250527-22:36:20,989 nipype.workflow INFO:
	 [Node] Setting-up "fmriprep_25_0_wf.sub_GEO036_wf.bold_ses_t3_task_image_run_4_wf.bold_fit_wf.bold_reg_wf.bbreg_wf.bbregister" in "/work/fmriprep_25_0_wf/sub_GEO036_wf/bold_ses_t3_task_image_run_4_wf/bold_fit_wf/bold_reg_wf/bbreg_wf/bbregister".
250527-22:36:21,548 nipype.workflow INFO:
	 [Node] Executing "bbregister" <nipype.interfaces.freesurfer.preprocess.BBRegister>
250527-22:36:22,902 nipype.workflow INFO:
	 [Node] Setting-up "_acc_msk_tfm0" in "/work/fmriprep_25_0_wf/sub_GEO036_wf/bold_ses_t3_task_image_run_2_wf/bold_confounds_wf/acc_msk_tfm/mapflow/_acc_msk_tfm0".
250527-22:36:22,905 nipype.workflow INFO:
	 [Node] Cached "_acc_msk_tfm0" - collecting precomputed outputs
250527-22:36:22,905 nipype.workflow INFO:
	 [Node] "_acc_msk_tfm0" found cached.
250527-22:36:22,906 nipype.workflow INFO:
	 [Node] Setting-up "_acc_msk_tfm1" in "/work/fmriprep_25_0_wf/sub_GEO036_wf/bold_ses_t3_task_image_run_2_wf/bold_confounds_wf/acc_msk_tfm/mapflow/_acc_msk_tfm1".
250527-22:36:22,909 nipype.workflow INFO:
	 [Node] Cached "_acc_msk_tfm1" - collecting precomputed outputs
250527-22:36:22,909 nipype.workflow INFO:
	 [Node] "_acc_msk_tfm1" found cached.
250527-22:36:22,910 nipype.workflow INFO:
	 [Node] Setting-up "_acc_msk_tfm2" in "/work/fmriprep_25_0_wf/sub_GEO036_wf/bold_ses_t3_task_image_run_2_wf/bold_confounds_wf/acc_msk_tfm/mapflow/_acc_msk_tfm2".
250527-22:36:22,913 nipype.workflow INFO:
	 [Node] Cached "_acc_msk_tfm2" - collecting precomputed outputs
250527-22:36:22,913 nipype.workflow INFO:
	 [Node] "_acc_msk_tfm2" found cached.
250527-22:36:23,56 nipype.workflow INFO:
	 [Node] Setting-up "fmriprep_25_0_wf.sub_GEO036_wf.bold_ses_t3_task_image_run_3_wf.bold_fit_wf.bold_reg_wf.bbreg_wf.compare_transforms" in "/work/fmriprep_25_0_wf/sub_GEO036_wf/bold_ses_t3_task_image_run_3_wf/bold_fit_wf/bold_reg_wf/bbreg_wf/compare_transforms".
250527-22:36:23,56 nipype.workflow INFO:
	 [Node] Setting-up "_acc_msk_bin0" in "/work/fmriprep_25_0_wf/sub_GEO036_wf/bold_ses_t3_task_image_run_1_wf/bold_confounds_wf/acc_msk_bin/mapflow/_acc_msk_bin0".
250527-22:36:23,57 nipype.workflow INFO:
	 [Node] Setting-up "_acc_msk_bin2" in "/work/fmriprep_25_0_wf/sub_GEO036_wf/bold_ses_t3_task_image_run_1_wf/bold_confounds_wf/acc_msk_bin/mapflow/_acc_msk_bin2".
250527-22:36:23,57 nipype.workflow INFO:
	 [Node] Setting-up "_acc_msk_bin1" in "/work/fmriprep_25_0_wf/sub_GEO036_wf/bold_ses_t3_task_image_run_1_wf/bold_confounds_wf/acc_msk_bin/mapflow/_acc_msk_bin1".
250527-22:36:23,619 nipype.workflow INFO:
	 [Node] Executing "compare_transforms" <nipype.interfaces.utility.wrappers.Function>
250527-22:36:23,627 nipype.workflow INFO:
	 [Node] Finished "compare_transforms", elapsed time 0.007133s.
250527-22:36:23,925 nipype.workflow INFO:
	 [Node] Executing "_acc_msk_bin0" <niworkflows.interfaces.nibabel.Binarize>
250527-22:36:24,453 nipype.workflow INFO:
	 [Node] Finished "_acc_msk_bin0", elapsed time 0.527935s.
250527-22:36:24,458 nipype.workflow INFO:
	 [Node] Executing "_acc_msk_bin1" <niworkflows.interfaces.nibabel.Binarize>
250527-22:36:24,659 nipype.workflow INFO:
	 [Node] Executing "_acc_msk_bin2" <niworkflows.interfaces.nibabel.Binarize>
250527-22:36:25,121 nipype.workflow INFO:
	 [Node] Finished "_acc_msk_bin1", elapsed time 0.662188s.
250527-22:36:25,362 nipype.workflow INFO:
	 [Node] Finished "_acc_msk_bin2", elapsed time 0.701627s.
250527-22:36:25,758 nipype.workflow INFO:
	 [Node] Finished "epi_t1_report", elapsed time 15.87688s.
250527-22:36:31,485 nipype.workflow INFO:
	 [Node] Setting-up "fmriprep_25_0_wf.sub_GEO036_wf.bold_ses_t3_task_image_run_2_wf.bold_fit_wf.func_fit_reports_wf.ds_epi_t1_report" in "/work/fmriprep_25_0_wf/sub_GEO036_wf/bold_ses_t3_task_image_run_2_wf/bold_fit_wf/func_fit_reports_wf/ds_epi_t1_report".
250527-22:36:31,487 nipype.workflow INFO:
	 [Node] Setting-up "_acc_msk_brain0" in "/work/fmriprep_25_0_wf/sub_GEO036_wf/bold_ses_t3_task_image_run_2_wf/bold_confounds_wf/acc_msk_brain/mapflow/_acc_msk_brain0".
250527-22:36:31,488 nipype.workflow INFO:
	 [Node] Setting-up "_acc_msk_brain1" in "/work/fmriprep_25_0_wf/sub_GEO036_wf/bold_ses_t3_task_image_run_2_wf/bold_confounds_wf/acc_msk_brain/mapflow/_acc_msk_brain1".
250527-22:36:31,489 nipype.workflow INFO:
	 [Node] Setting-up "_acc_msk_brain2" in "/work/fmriprep_25_0_wf/sub_GEO036_wf/bold_ses_t3_task_image_run_2_wf/bold_confounds_wf/acc_msk_brain/mapflow/_acc_msk_brain2".
250527-22:36:31,786 nipype.workflow INFO:
	 [Node] Setting-up "fmriprep_25_0_wf.sub_GEO036_wf.bold_ses_t3_task_image_run_3_wf.bold_fit_wf.bold_reg_wf.bbreg_wf.concat_xfm" in "/work/fmriprep_25_0_wf/sub_GEO036_wf/bold_ses_t3_task_image_run_3_wf/bold_fit_wf/bold_reg_wf/bbreg_wf/concat_xfm".
250527-22:36:32,100 nipype.workflow INFO:
	 [Node] Executing "ds_epi_t1_report" <fmriprep.interfaces.DerivativesDataSink>
250527-22:36:32,310 nipype.workflow INFO:
	 [Node] Setting-up "_acc_msk_bin0" in "/work/fmriprep_25_0_wf/sub_GEO036_wf/bold_ses_t3_task_image_run_1_wf/bold_confounds_wf/acc_msk_bin/mapflow/_acc_msk_bin0".
250527-22:36:32,314 nipype.workflow INFO:
	 [Node] Cached "_acc_msk_bin0" - collecting precomputed outputs
250527-22:36:32,314 nipype.workflow INFO:
	 [Node] "_acc_msk_bin0" found cached.
250527-22:36:32,314 nipype.workflow INFO:
	 [Node] Setting-up "_acc_msk_bin1" in "/work/fmriprep_25_0_wf/sub_GEO036_wf/bold_ses_t3_task_image_run_1_wf/bold_confounds_wf/acc_msk_bin/mapflow/_acc_msk_bin1".
250527-22:36:32,317 nipype.workflow INFO:
	 [Node] Cached "_acc_msk_bin1" - collecting precomputed outputs
250527-22:36:32,317 nipype.workflow INFO:
	 [Node] "_acc_msk_bin1" found cached.
250527-22:36:32,318 nipype.workflow INFO:
	 [Node] Setting-up "_acc_msk_bin2" in "/work/fmriprep_25_0_wf/sub_GEO036_wf/bold_ses_t3_task_image_run_1_wf/bold_confounds_wf/acc_msk_bin/mapflow/_acc_msk_bin2".
250527-22:36:32,321 nipype.workflow INFO:
	 [Node] Cached "_acc_msk_bin2" - collecting precomputed outputs
250527-22:36:32,321 nipype.workflow INFO:
	 [Node] "_acc_msk_bin2" found cached.
250527-22:36:32,550 nipype.workflow INFO:
	 [Node] Executing "_acc_msk_brain0" <niworkflows.interfaces.nibabel.ApplyMask>
250527-22:36:32,554 nipype.workflow INFO:
	 [Node] Finished "ds_epi_t1_report", elapsed time 0.453289s.
250527-22:36:32,613 nipype.workflow INFO:
	 [Node] Executing "concat_xfm" <niworkflows.interfaces.nitransforms.ConcatenateXFMs>
250527-22:36:32,646 nipype.workflow INFO:
	 [Node] Executing "_acc_msk_brain2" <niworkflows.interfaces.nibabel.ApplyMask>
250527-22:36:32,654 nipype.workflow INFO:
	 [Node] Finished "_acc_msk_brain0", elapsed time 0.103166s.
250527-22:36:32,721 nipype.workflow INFO:
	 [Node] Executing "_acc_msk_brain1" <niworkflows.interfaces.nibabel.ApplyMask>
250527-22:36:32,741 nipype.workflow INFO:
	 [Node] Finished "concat_xfm", elapsed time 0.126946s.
250527-22:36:32,793 nipype.workflow INFO:
	 [Node] Finished "_acc_msk_brain2", elapsed time 0.1459s.
250527-22:36:32,937 nipype.workflow INFO:
	 [Node] Finished "_acc_msk_brain1", elapsed time 0.21446s.
250527-22:36:35,502 nipype.workflow INFO:
	 [Node] Setting-up "_acc_msk_brain0" in "/work/fmriprep_25_0_wf/sub_GEO036_wf/bold_ses_t3_task_image_run_2_wf/bold_confounds_wf/acc_msk_brain/mapflow/_acc_msk_brain0".
250527-22:36:35,506 nipype.workflow INFO:
	 [Node] Cached "_acc_msk_brain0" - collecting precomputed outputs
250527-22:36:35,506 nipype.workflow INFO:
	 [Node] "_acc_msk_brain0" found cached.
250527-22:36:35,506 nipype.workflow INFO:
	 [Node] Setting-up "_acc_msk_brain1" in "/work/fmriprep_25_0_wf/sub_GEO036_wf/bold_ses_t3_task_image_run_2_wf/bold_confounds_wf/acc_msk_brain/mapflow/_acc_msk_brain1".
250527-22:36:35,509 nipype.workflow INFO:
	 [Node] Cached "_acc_msk_brain1" - collecting precomputed outputs
250527-22:36:35,509 nipype.workflow INFO:
	 [Node] "_acc_msk_brain1" found cached.
250527-22:36:35,509 nipype.workflow INFO:
	 [Node] Setting-up "_acc_msk_brain2" in "/work/fmriprep_25_0_wf/sub_GEO036_wf/bold_ses_t3_task_image_run_2_wf/bold_confounds_wf/acc_msk_brain/mapflow/_acc_msk_brain2".
250527-22:36:35,512 nipype.workflow INFO:
	 [Node] Cached "_acc_msk_brain2" - collecting precomputed outputs
250527-22:36:35,512 nipype.workflow INFO:
	 [Node] "_acc_msk_brain2" found cached.
250527-22:36:40,619 nipype.workflow INFO:
	 [Node] Setting-up "fmriprep_25_0_wf.sub_GEO036_wf.bold_ses_t3_task_image_run_1_wf.carpetplot_wf.parcels" in "/work/fmriprep_25_0_wf/sub_GEO036_wf/bold_ses_t3_task_image_run_1_wf/carpetplot_wf/parcels".
250527-22:36:40,924 nipype.workflow INFO:
	 [Node] Setting-up "fmriprep_25_0_wf.sub_GEO036_wf.bold_ses_t3_task_image_run_3_wf.bold_fit_wf.func_fit_reports_wf.t1w_boldref" in "/work/fmriprep_25_0_wf/sub_GEO036_wf/bold_ses_t3_task_image_run_3_wf/bold_fit_wf/func_fit_reports_wf/t1w_boldref".
250527-22:36:41,531 nipype.workflow INFO:
	 [Node] Executing "parcels" <nipype.interfaces.utility.wrappers.Function>
250527-22:36:41,731 nipype.workflow INFO:
	 [Node] Finished "parcels", elapsed time 0.19835s.
250527-22:36:42,24 nipype.workflow INFO:
	 [Node] Executing "t1w_boldref" <niworkflows.interfaces.fixes.FixHeaderApplyTransforms>
250527-22:36:43,13 nipype.workflow INFO:
	 [Node] Setting-up "fmriprep_25_0_wf.sub_GEO036_wf.bold_ses_t3_task_image_run_3_wf.bold_confounds_wf.t1w_mask_tfm" in "/work/fmriprep_25_0_wf/sub_GEO036_wf/bold_ses_t3_task_image_run_3_wf/bold_confounds_wf/t1w_mask_tfm".
250527-22:36:43,277 nipype.workflow INFO:
	 [Node] Setting-up "fmriprep_25_0_wf.sub_GEO036_wf.bold_ses_t3_task_image_run_3_wf.carpetplot_wf.mrg_xfms" in "/work/fmriprep_25_0_wf/sub_GEO036_wf/bold_ses_t3_task_image_run_3_wf/carpetplot_wf/mrg_xfms".
250527-22:36:43,278 nipype.workflow INFO:
	 [Node] Setting-up "fmriprep_25_0_wf.sub_GEO036_wf.bold_ses_t3_task_image_run_3_wf.ds_bold_std_wf.boldref2target" in "/work/fmriprep_25_0_wf/sub_GEO036_wf/bold_ses_t3_task_image_run_3_wf/ds_bold_std_wf/_in_tuple_MNI152NLin2009cAsym.resnative/boldref2target".
250527-22:36:43,843 nipype.workflow INFO:
	 [Node] Executing "t1w_mask_tfm" <niworkflows.interfaces.fixes.FixHeaderApplyTransforms>
250527-22:36:43,884 nipype.workflow INFO:
	 [Node] Setting-up "fmriprep_25_0_wf.sub_GEO036_wf.bold_ses_t3_task_image_run_3_wf.ds_bold_std_wf.sources" in "/work/fmriprep_25_0_wf/sub_GEO036_wf/bold_ses_t3_task_image_run_3_wf/ds_bold_std_wf/_in_tuple_MNI152NLin2009cAsym.resnative/sources".
250527-22:36:43,899 nipype.workflow INFO:
	 [Node] Setting-up "_acc_msk_tfm0" in "/work/fmriprep_25_0_wf/sub_GEO036_wf/bold_ses_t3_task_image_run_3_wf/bold_confounds_wf/acc_msk_tfm/mapflow/_acc_msk_tfm0".
250527-22:36:44,98 nipype.workflow INFO:
	 [Node] Finished "t1w_boldref", elapsed time 2.072866s.
250527-22:36:44,400 nipype.workflow INFO:
	 [Node] Executing "boldref2target" <nipype.interfaces.utility.base.Merge>
250527-22:36:44,401 nipype.workflow INFO:
	 [Node] Finished "boldref2target", elapsed time 0.000369s.
250527-22:36:44,404 nipype.workflow INFO:
	 [Node] Executing "mrg_xfms" <nipype.interfaces.utility.base.Merge>
250527-22:36:44,405 nipype.workflow INFO:
	 [Node] Finished "mrg_xfms", elapsed time 0.000375s.
250527-22:36:44,747 nipype.workflow INFO:
	 [Node] Executing "sources" <fmriprep.interfaces.bids.BIDSURI>
250527-22:36:44,748 nipype.workflow INFO:
	 [Node] Finished "sources", elapsed time 0.0009s.
250527-22:36:44,795 nipype.workflow INFO:
	 [Node] Executing "_acc_msk_tfm0" <niworkflows.interfaces.fixes.FixHeaderApplyTransforms>
250527-22:36:45,757 nipype.workflow INFO:
	 [Node] Finished "_acc_msk_tfm0", elapsed time 0.960908s.
250527-22:36:45,889 nipype.workflow INFO:
	 [Node] Setting-up "fmriprep_25_0_wf.sub_GEO036_wf.bold_ses_t3_task_image_run_3_wf.bold_fit_wf.func_fit_reports_wf.boldref_wm" in "/work/fmriprep_25_0_wf/sub_GEO036_wf/bold_ses_t3_task_image_run_3_wf/bold_fit_wf/func_fit_reports_wf/boldref_wm".
250527-22:36:45,918 nipype.workflow INFO:
	 [Node] Finished "bbregister", elapsed time 24.368904s.
250527-22:36:46,579 nipype.workflow INFO:
	 [Node] Finished "t1w_mask_tfm", elapsed time 2.734868s.
250527-22:36:46,852 nipype.workflow INFO:
	 [Node] Executing "boldref_wm" <niworkflows.interfaces.fixes.FixHeaderApplyTransforms>
250527-22:36:47,481 nipype.workflow INFO:
	 [Node] Finished "boldref_wm", elapsed time 0.627978s.
250527-22:36:49,223 nipype.workflow INFO:
	 [Node] Setting-up "fmriprep_25_0_wf.sub_GEO036_wf.bold_ses_t3_task_image_run_3_wf.carpetplot_wf.resample_parc" in "/work/fmriprep_25_0_wf/sub_GEO036_wf/bold_ses_t3_task_image_run_3_wf/carpetplot_wf/resample_parc".
250527-22:36:49,224 nipype.workflow INFO:
	 [Node] Setting-up "fmriprep_25_0_wf.sub_GEO036_wf.bold_ses_t3_task_image_run_3_wf.ds_bold_std_wf.resample_ref" in "/work/fmriprep_25_0_wf/sub_GEO036_wf/bold_ses_t3_task_image_run_3_wf/ds_bold_std_wf/_in_tuple_MNI152NLin2009cAsym.resnative/resample_ref".
250527-22:36:49,225 nipype.workflow INFO:
	 [Node] Setting-up "fmriprep_25_0_wf.sub_GEO036_wf.bold_ses_t3_task_image_run_3_wf.ds_bold_std_wf.resample_mask" in "/work/fmriprep_25_0_wf/sub_GEO036_wf/bold_ses_t3_task_image_run_3_wf/ds_bold_std_wf/_in_tuple_MNI152NLin2009cAsym.resnative/resample_mask".
250527-22:36:49,515 nipype.workflow INFO:
	 [Node] Executing "resample_ref" <niworkflows.interfaces.fixes.FixHeaderApplyTransforms>
250527-22:36:49,522 nipype.workflow INFO:
	 [Node] Setting-up "fmriprep_25_0_wf.sub_GEO036_wf.bold_ses_t3_task_image_run_5_wf.bold_fit_wf.bold_reg_wf.bbreg_wf.bbregister" in "/work/fmriprep_25_0_wf/sub_GEO036_wf/bold_ses_t3_task_image_run_5_wf/bold_fit_wf/bold_reg_wf/bbreg_wf/bbregister".
250527-22:36:49,923 nipype.workflow INFO:
	 [Node] Executing "resample_mask" <niworkflows.interfaces.fixes.FixHeaderApplyTransforms>
250527-22:36:49,989 nipype.workflow INFO:
	 [Node] Executing "resample_parc" <niworkflows.interfaces.fixes.FixHeaderApplyTransforms>
250527-22:36:50,199 nipype.workflow INFO:
	 [Node] Executing "bbregister" <nipype.interfaces.freesurfer.preprocess.BBRegister>
250527-22:36:50,786 nipype.workflow INFO:
	 [Node] Setting-up "fmriprep_25_0_wf.sub_GEO036_wf.bold_ses_t3_task_image_run_3_wf.bold_fit_wf.func_fit_reports_wf.epi_t1_report" in "/work/fmriprep_25_0_wf/sub_GEO036_wf/bold_ses_t3_task_image_run_3_wf/bold_fit_wf/func_fit_reports_wf/epi_t1_report".
250527-22:36:50,786 nipype.workflow INFO:
	 [Node] Setting-up "fmriprep_25_0_wf.sub_GEO036_wf.bold_ses_t3_task_image_run_3_wf.bold_confounds_wf.union_mask" in "/work/fmriprep_25_0_wf/sub_GEO036_wf/bold_ses_t3_task_image_run_3_wf/bold_confounds_wf/union_mask".
250527-22:36:51,886 nipype.workflow INFO:
	 [Node] Executing "epi_t1_report" <nireports.interfaces.reporting.base.SimpleBeforeAfterRPT>
250527-22:36:51,887 nipype.interface INFO:
	 Report - setting before (/out/sub-GEO036/ses-t3/func/sub-GEO036_ses-t3_task-image_run-3_desc-coreg_boldref.nii.gz) and after (/work/fmriprep_25_0_wf/sub_GEO036_wf/bold_ses_t3_task_image_run_3_wf/bold_fit_wf/func_fit_reports_wf/t1w_boldref/sub-GEO036_desc-preproc_T1w_trans.nii.gz) images
250527-22:36:51,887 nipype.interface INFO:
	 Generating visual report
250527-22:36:52,25 nipype.workflow INFO:
	 [Node] Finished "resample_ref", elapsed time 2.508841s.
250527-22:36:52,107 nipype.workflow INFO:
	 [Node] Executing "union_mask" <nipype.interfaces.utility.wrappers.Function>
250527-22:36:52,198 nipype.workflow INFO:
	 [Node] Finished "union_mask", elapsed time 0.088142s.
250527-22:36:52,402 nipype.workflow INFO:
	 [Node] Setting-up "_acc_msk_tfm1" in "/work/fmriprep_25_0_wf/sub_GEO036_wf/bold_ses_t3_task_image_run_3_wf/bold_confounds_wf/acc_msk_tfm/mapflow/_acc_msk_tfm1".
250527-22:36:52,403 nipype.workflow INFO:
	 [Node] Setting-up "_acc_msk_tfm2" in "/work/fmriprep_25_0_wf/sub_GEO036_wf/bold_ses_t3_task_image_run_3_wf/bold_confounds_wf/acc_msk_tfm/mapflow/_acc_msk_tfm2".
250527-22:36:52,713 nipype.workflow INFO:
	 [Node] Setting-up "fmriprep_25_0_wf.sub_GEO036_wf.bold_ses_t3_task_image_run_4_wf.bold_fit_wf.bold_reg_wf.bbreg_wf.compare_transforms" in "/work/fmriprep_25_0_wf/sub_GEO036_wf/bold_ses_t3_task_image_run_4_wf/bold_fit_wf/bold_reg_wf/bbreg_wf/compare_transforms".
250527-22:36:52,829 nipype.workflow INFO:
	 [Node] Executing "_acc_msk_tfm1" <niworkflows.interfaces.fixes.FixHeaderApplyTransforms>
250527-22:36:53,287 nipype.workflow INFO:
	 [Node] Executing "_acc_msk_tfm2" <niworkflows.interfaces.fixes.FixHeaderApplyTransforms>
250527-22:36:53,374 nipype.workflow INFO:
	 [Node] Finished "resample_parc", elapsed time 3.384022s.
250527-22:36:53,385 nipype.workflow INFO:
	 [Node] Finished "resample_mask", elapsed time 3.460967s.
250527-22:36:53,529 nipype.workflow INFO:
	 [Node] Executing "compare_transforms" <nipype.interfaces.utility.wrappers.Function>
250527-22:36:53,537 nipype.workflow INFO:
	 [Node] Finished "compare_transforms", elapsed time 0.007012s.
250527-22:36:53,906 nipype.workflow INFO:
	 [Node] Finished "_acc_msk_tfm1", elapsed time 1.076587s.
250527-22:36:54,516 nipype.workflow INFO:
	 [Node] Finished "_acc_msk_tfm2", elapsed time 1.228535s.
250527-22:36:57,444 nipype.workflow INFO:
	 [Node] Setting-up "fmriprep_25_0_wf.sub_GEO036_wf.bold_ses_t3_task_image_run_3_wf.bold_confounds_wf.dilated_mask" in "/work/fmriprep_25_0_wf/sub_GEO036_wf/bold_ses_t3_task_image_run_3_wf/bold_confounds_wf/dilated_mask".
250527-22:36:58,89 nipype.workflow INFO:
	 [Node] Executing "dilated_mask" <niworkflows.interfaces.morphology.BinaryDilation>
250527-22:36:58,168 nipype.workflow INFO:
	 [Node] Finished "dilated_mask", elapsed time 0.078073s.
250527-22:36:59,945 nipype.interface WARNING:
	 Changing /out/sub-GEO036/ses-t3/func/sub-GEO036_ses-t3_task-image_run-3_space-MNI152NLin2009cAsym_desc-brain_mask.nii.gz dtype from float64 to uint8
250527-22:37:00,656 nipype.workflow INFO:
	 [Node] Setting-up "_acc_msk_bin0" in "/work/fmriprep_25_0_wf/sub_GEO036_wf/bold_ses_t3_task_image_run_2_wf/bold_confounds_wf/acc_msk_bin/mapflow/_acc_msk_bin0".
250527-22:37:00,657 nipype.workflow INFO:
	 [Node] Setting-up "_acc_msk_bin1" in "/work/fmriprep_25_0_wf/sub_GEO036_wf/bold_ses_t3_task_image_run_2_wf/bold_confounds_wf/acc_msk_bin/mapflow/_acc_msk_bin1".
250527-22:37:00,658 nipype.workflow INFO:
	 [Node] Setting-up "_acc_msk_bin2" in "/work/fmriprep_25_0_wf/sub_GEO036_wf/bold_ses_t3_task_image_run_2_wf/bold_confounds_wf/acc_msk_bin/mapflow/_acc_msk_bin2".
250527-22:37:01,407 nipype.workflow INFO:
	 [Node] Executing "_acc_msk_bin1" <niworkflows.interfaces.nibabel.Binarize>
250527-22:37:01,441 nipype.workflow INFO:
	 [Node] Executing "_acc_msk_bin0" <niworkflows.interfaces.nibabel.Binarize>
250527-22:37:01,504 nipype.workflow INFO:
	 [Node] Executing "_acc_msk_bin2" <niworkflows.interfaces.nibabel.Binarize>
250527-22:37:01,585 nipype.workflow INFO:
	 [Node] Finished "_acc_msk_bin1", elapsed time 0.17725s.
250527-22:37:01,596 nipype.workflow INFO:
	 [Node] Finished "_acc_msk_bin0", elapsed time 0.153979s.
250527-22:37:01,664 nipype.workflow INFO:
	 [Node] Finished "_acc_msk_bin2", elapsed time 0.159085s.
250527-22:37:04,337 nipype.workflow INFO:
	 [Node] Setting-up "fmriprep_25_0_wf.sub_GEO036_wf.bold_ses_t3_task_image_run_3_wf.bold_confounds_wf.subtract_mask" in "/work/fmriprep_25_0_wf/sub_GEO036_wf/bold_ses_t3_task_image_run_3_wf/bold_confounds_wf/subtract_mask".
250527-22:37:04,641 nipype.workflow INFO:
	 [Node] Executing "subtract_mask" <niworkflows.interfaces.morphology.BinarySubtraction>
250527-22:37:04,652 nipype.workflow INFO:
	 [Node] Setting-up "fmriprep_25_0_wf.sub_GEO036_wf.bold_ses_t3_task_image_run_4_wf.bold_fit_wf.bold_reg_wf.bbreg_wf.concat_xfm" in "/work/fmriprep_25_0_wf/sub_GEO036_wf/bold_ses_t3_task_image_run_4_wf/bold_fit_wf/bold_reg_wf/bbreg_wf/concat_xfm".
250527-22:37:04,753 nipype.workflow INFO:
	 [Node] Finished "subtract_mask", elapsed time 0.110968s.
250527-22:37:04,850 nipype.workflow INFO:
	 [Node] Setting-up "_acc_msk_tfm0" in "/work/fmriprep_25_0_wf/sub_GEO036_wf/bold_ses_t3_task_image_run_3_wf/bold_confounds_wf/acc_msk_tfm/mapflow/_acc_msk_tfm0".
250527-22:37:04,853 nipype.workflow INFO:
	 [Node] Cached "_acc_msk_tfm0" - collecting precomputed outputs
250527-22:37:04,853 nipype.workflow INFO:
	 [Node] "_acc_msk_tfm0" found cached.
250527-22:37:04,854 nipype.workflow INFO:
	 [Node] Setting-up "_acc_msk_tfm1" in "/work/fmriprep_25_0_wf/sub_GEO036_wf/bold_ses_t3_task_image_run_3_wf/bold_confounds_wf/acc_msk_tfm/mapflow/_acc_msk_tfm1".
250527-22:37:04,856 nipype.workflow INFO:
	 [Node] Cached "_acc_msk_tfm1" - collecting precomputed outputs
250527-22:37:04,857 nipype.workflow INFO:
	 [Node] "_acc_msk_tfm1" found cached.
250527-22:37:04,857 nipype.workflow INFO:
	 [Node] Setting-up "_acc_msk_tfm2" in "/work/fmriprep_25_0_wf/sub_GEO036_wf/bold_ses_t3_task_image_run_3_wf/bold_confounds_wf/acc_msk_tfm/mapflow/_acc_msk_tfm2".
250527-22:37:04,860 nipype.workflow INFO:
	 [Node] Cached "_acc_msk_tfm2" - collecting precomputed outputs
250527-22:37:04,860 nipype.workflow INFO:
	 [Node] "_acc_msk_tfm2" found cached.
250527-22:37:05,141 nipype.workflow INFO:
	 [Node] Setting-up "_acc_msk_bin0" in "/work/fmriprep_25_0_wf/sub_GEO036_wf/bold_ses_t3_task_image_run_2_wf/bold_confounds_wf/acc_msk_bin/mapflow/_acc_msk_bin0".
250527-22:37:05,144 nipype.workflow INFO:
	 [Node] Cached "_acc_msk_bin0" - collecting precomputed outputs
250527-22:37:05,144 nipype.workflow INFO:
	 [Node] "_acc_msk_bin0" found cached.
250527-22:37:05,144 nipype.workflow INFO:
	 [Node] Setting-up "_acc_msk_bin1" in "/work/fmriprep_25_0_wf/sub_GEO036_wf/bold_ses_t3_task_image_run_2_wf/bold_confounds_wf/acc_msk_bin/mapflow/_acc_msk_bin1".
250527-22:37:05,147 nipype.workflow INFO:
	 [Node] Cached "_acc_msk_bin1" - collecting precomputed outputs
250527-22:37:05,148 nipype.workflow INFO:
	 [Node] "_acc_msk_bin1" found cached.
250527-22:37:05,148 nipype.workflow INFO:
	 [Node] Setting-up "_acc_msk_bin2" in "/work/fmriprep_25_0_wf/sub_GEO036_wf/bold_ses_t3_task_image_run_2_wf/bold_confounds_wf/acc_msk_bin/mapflow/_acc_msk_bin2".
250527-22:37:05,151 nipype.workflow INFO:
	 [Node] Cached "_acc_msk_bin2" - collecting precomputed outputs
250527-22:37:05,151 nipype.workflow INFO:
	 [Node] "_acc_msk_bin2" found cached.
250527-22:37:05,273 nipype.workflow INFO:
	 [Node] Executing "concat_xfm" <niworkflows.interfaces.nitransforms.ConcatenateXFMs>
250527-22:37:05,366 nipype.workflow INFO:
	 [Node] Finished "concat_xfm", elapsed time 0.092104s.
250527-22:37:07,480 nipype.workflow INFO:
	 [Node] Finished "epi_t1_report", elapsed time 15.592904s.
250527-22:37:10,969 nipype.workflow INFO:
	 [Node] Setting-up "fmriprep_25_0_wf.sub_GEO036_wf.bold_ses_t3_task_image_run_2_wf.carpetplot_wf.parcels" in "/work/fmriprep_25_0_wf/sub_GEO036_wf/bold_ses_t3_task_image_run_2_wf/carpetplot_wf/parcels".
250527-22:37:11,272 nipype.workflow INFO:
	 [Node] Setting-up "fmriprep_25_0_wf.sub_GEO036_wf.bold_ses_t3_task_image_run_4_wf.bold_fit_wf.func_fit_reports_wf.t1w_boldref" in "/work/fmriprep_25_0_wf/sub_GEO036_wf/bold_ses_t3_task_image_run_4_wf/bold_fit_wf/func_fit_reports_wf/t1w_boldref".
250527-22:37:11,519 nipype.workflow INFO:
	 [Node] Executing "parcels" <nipype.interfaces.utility.wrappers.Function>
250527-22:37:11,590 nipype.workflow INFO:
	 [Node] Finished "parcels", elapsed time 0.069528s.
250527-22:37:11,985 nipype.workflow INFO:
	 [Node] Executing "t1w_boldref" <niworkflows.interfaces.fixes.FixHeaderApplyTransforms>
250527-22:37:12,118 nipype.workflow INFO:
	 [Node] Setting-up "fmriprep_25_0_wf.sub_GEO036_wf.bold_ses_t3_task_image_run_4_wf.bold_confounds_wf.t1w_mask_tfm" in "/work/fmriprep_25_0_wf/sub_GEO036_wf/bold_ses_t3_task_image_run_4_wf/bold_confounds_wf/t1w_mask_tfm".
250527-22:37:13,211 nipype.workflow INFO:
	 [Node] Executing "t1w_mask_tfm" <niworkflows.interfaces.fixes.FixHeaderApplyTransforms>
250527-22:37:13,648 nipype.workflow INFO:
	 [Node] Setting-up "fmriprep_25_0_wf.sub_GEO036_wf.bold_ses_t3_task_image_run_4_wf.carpetplot_wf.mrg_xfms" in "/work/fmriprep_25_0_wf/sub_GEO036_wf/bold_ses_t3_task_image_run_4_wf/carpetplot_wf/mrg_xfms".
250527-22:37:13,649 nipype.workflow INFO:
	 [Node] Setting-up "fmriprep_25_0_wf.sub_GEO036_wf.bold_ses_t3_task_image_run_4_wf.ds_bold_std_wf.boldref2target" in "/work/fmriprep_25_0_wf/sub_GEO036_wf/bold_ses_t3_task_image_run_4_wf/ds_bold_std_wf/_in_tuple_MNI152NLin2009cAsym.resnative/boldref2target".
250527-22:37:14,272 nipype.workflow INFO:
	 [Node] Finished "t1w_boldref", elapsed time 2.285853s.
250527-22:37:15,690 nipype.workflow INFO:
	 [Node] Finished "t1w_mask_tfm", elapsed time 2.4783049999999998s.
250527-22:37:15,692 nipype.workflow INFO:
	 [Node] Executing "mrg_xfms" <nipype.interfaces.utility.base.Merge>
250527-22:37:15,693 nipype.workflow INFO:
	 [Node] Finished "mrg_xfms", elapsed time 0.000381s.
250527-22:37:15,894 nipype.workflow INFO:
	 [Node] Executing "boldref2target" <nipype.interfaces.utility.base.Merge>
250527-22:37:15,896 nipype.workflow INFO:
	 [Node] Finished "boldref2target", elapsed time 0.000353s.
250527-22:37:16,92 nipype.workflow INFO:
	 [Node] Setting-up "fmriprep_25_0_wf.sub_GEO036_wf.bold_ses_t3_task_image_run_4_wf.ds_bold_std_wf.sources" in "/work/fmriprep_25_0_wf/sub_GEO036_wf/bold_ses_t3_task_image_run_4_wf/ds_bold_std_wf/_in_tuple_MNI152NLin2009cAsym.resnative/sources".
250527-22:37:16,99 nipype.workflow INFO:
	 [Node] Setting-up "_acc_msk_tfm0" in "/work/fmriprep_25_0_wf/sub_GEO036_wf/bold_ses_t3_task_image_run_4_wf/bold_confounds_wf/acc_msk_tfm/mapflow/_acc_msk_tfm0".
250527-22:37:16,103 nipype.workflow INFO:
	 [Node] Finished "bbregister", elapsed time 25.903199s.
250527-22:37:16,408 nipype.workflow INFO:
	 [Node] Setting-up "fmriprep_25_0_wf.sub_GEO036_wf.bold_ses_t3_task_image_run_4_wf.bold_fit_wf.func_fit_reports_wf.boldref_wm" in "/work/fmriprep_25_0_wf/sub_GEO036_wf/bold_ses_t3_task_image_run_4_wf/bold_fit_wf/func_fit_reports_wf/boldref_wm".
250527-22:37:16,730 nipype.workflow INFO:
	 [Node] Executing "_acc_msk_tfm0" <niworkflows.interfaces.fixes.FixHeaderApplyTransforms>
250527-22:37:16,732 nipype.workflow INFO:
	 [Node] Executing "sources" <fmriprep.interfaces.bids.BIDSURI>
250527-22:37:16,734 nipype.workflow INFO:
	 [Node] Finished "sources", elapsed time 0.000999s.
250527-22:37:16,982 nipype.workflow INFO:
	 [Node] Executing "boldref_wm" <niworkflows.interfaces.fixes.FixHeaderApplyTransforms>
250527-22:37:17,598 nipype.workflow INFO:
	 [Node] Finished "boldref_wm", elapsed time 0.614466s.
250527-22:37:17,618 nipype.workflow INFO:
	 [Node] Finished "_acc_msk_tfm0", elapsed time 0.886865s.
250527-22:37:17,814 nipype.workflow INFO:
	 [Node] Setting-up "fmriprep_25_0_wf.sub_GEO036_wf.bold_ses_t3_task_image_run_4_wf.bold_confounds_wf.union_mask" in "/work/fmriprep_25_0_wf/sub_GEO036_wf/bold_ses_t3_task_image_run_4_wf/bold_confounds_wf/union_mask".
250527-22:37:17,815 nipype.workflow INFO:
	 [Node] Setting-up "fmriprep_25_0_wf.sub_GEO036_wf.bold_ses_t3_task_image_run_4_wf.carpetplot_wf.resample_parc" in "/work/fmriprep_25_0_wf/sub_GEO036_wf/bold_ses_t3_task_image_run_4_wf/carpetplot_wf/resample_parc".
250527-22:37:18,415 nipype.workflow INFO:
	 [Node] Setting-up "fmriprep_25_0_wf.sub_GEO036_wf.bold_ses_t3_task_retrans_run_1_wf.bold_fit_wf.bold_reg_wf.bbreg_wf.bbregister" in "/work/fmriprep_25_0_wf/sub_GEO036_wf/bold_ses_t3_task_retrans_run_1_wf/bold_fit_wf/bold_reg_wf/bbreg_wf/bbregister".
250527-22:37:18,743 nipype.workflow INFO:
	 [Node] Executing "resample_parc" <niworkflows.interfaces.fixes.FixHeaderApplyTransforms>
250527-22:37:18,757 nipype.workflow INFO:
	 [Node] Executing "union_mask" <nipype.interfaces.utility.wrappers.Function>
250527-22:37:19,118 nipype.workflow INFO:
	 [Node] Finished "union_mask", elapsed time 0.359785s.
250527-22:37:19,437 nipype.workflow INFO:
	 [Node] Executing "bbregister" <nipype.interfaces.freesurfer.preprocess.BBRegister>
250527-22:37:19,818 nipype.workflow INFO:
	 [Node] Setting-up "fmriprep_25_0_wf.sub_GEO036_wf.bold_ses_t3_task_image_run_4_wf.ds_bold_std_wf.resample_ref" in "/work/fmriprep_25_0_wf/sub_GEO036_wf/bold_ses_t3_task_image_run_4_wf/ds_bold_std_wf/_in_tuple_MNI152NLin2009cAsym.resnative/resample_ref".
250527-22:37:19,819 nipype.workflow INFO:
	 [Node] Setting-up "fmriprep_25_0_wf.sub_GEO036_wf.bold_ses_t3_task_image_run_4_wf.ds_bold_std_wf.resample_mask" in "/work/fmriprep_25_0_wf/sub_GEO036_wf/bold_ses_t3_task_image_run_4_wf/ds_bold_std_wf/_in_tuple_MNI152NLin2009cAsym.resnative/resample_mask".
250527-22:37:19,824 nipype.workflow INFO:
	 [Node] Setting-up "fmriprep_25_0_wf.sub_GEO036_wf.bold_ses_t3_task_image_run_4_wf.bold_fit_wf.func_fit_reports_wf.epi_t1_report" in "/work/fmriprep_25_0_wf/sub_GEO036_wf/bold_ses_t3_task_image_run_4_wf/bold_fit_wf/func_fit_reports_wf/epi_t1_report".
250527-22:37:20,515 nipype.workflow INFO:
	 [Node] Executing "epi_t1_report" <nireports.interfaces.reporting.base.SimpleBeforeAfterRPT>
250527-22:37:20,515 nipype.workflow INFO:
	 [Node] Executing "resample_mask" <niworkflows.interfaces.fixes.FixHeaderApplyTransforms>
250527-22:37:20,516 nipype.interface INFO:
	 Report - setting before (/out/sub-GEO036/ses-t3/func/sub-GEO036_ses-t3_task-image_run-4_desc-coreg_boldref.nii.gz) and after (/work/fmriprep_25_0_wf/sub_GEO036_wf/bold_ses_t3_task_image_run_4_wf/bold_fit_wf/func_fit_reports_wf/t1w_boldref/sub-GEO036_desc-preproc_T1w_trans.nii.gz) images
250527-22:37:20,516 nipype.interface INFO:
	 Generating visual report
250527-22:37:20,516 nipype.workflow INFO:
	 [Node] Executing "resample_ref" <niworkflows.interfaces.fixes.FixHeaderApplyTransforms>
250527-22:37:21,349 nipype.workflow INFO:
	 [Node] Setting-up "fmriprep_25_0_wf.sub_GEO036_wf.bold_ses_t3_task_image_run_3_wf.bold_fit_wf.func_fit_reports_wf.ds_epi_t1_report" in "/work/fmriprep_25_0_wf/sub_GEO036_wf/bold_ses_t3_task_image_run_3_wf/bold_fit_wf/func_fit_reports_wf/ds_epi_t1_report".
250527-22:37:21,350 nipype.workflow INFO:
	 [Node] Setting-up "_acc_msk_brain0" in "/work/fmriprep_25_0_wf/sub_GEO036_wf/bold_ses_t3_task_image_run_3_wf/bold_confounds_wf/acc_msk_brain/mapflow/_acc_msk_brain0".
250527-22:37:21,703 nipype.workflow INFO:
	 [Node] Setting-up "fmriprep_25_0_wf.sub_GEO036_wf.bold_ses_t3_task_image_run_5_wf.bold_fit_wf.bold_reg_wf.bbreg_wf.compare_transforms" in "/work/fmriprep_25_0_wf/sub_GEO036_wf/bold_ses_t3_task_image_run_5_wf/bold_fit_wf/bold_reg_wf/bbreg_wf/compare_transforms".
250527-22:37:22,624 nipype.workflow INFO:
	 [Node] Executing "ds_epi_t1_report" <fmriprep.interfaces.DerivativesDataSink>
250527-22:37:22,760 nipype.workflow INFO:
	 [Node] Executing "_acc_msk_brain0" <niworkflows.interfaces.nibabel.ApplyMask>
250527-22:37:22,773 nipype.workflow INFO:
	 [Node] Executing "compare_transforms" <nipype.interfaces.utility.wrappers.Function>
250527-22:37:22,794 nipype.workflow INFO:
	 [Node] Finished "compare_transforms", elapsed time 0.01988s.
250527-22:37:22,827 nipype.workflow INFO:
	 [Node] Finished "resample_parc", elapsed time 4.083664s.
250527-22:37:22,889 nipype.workflow INFO:
	 [Node] Finished "ds_epi_t1_report", elapsed time 0.26364s.
250527-22:37:22,900 nipype.workflow INFO:
	 [Node] Finished "_acc_msk_brain0", elapsed time 0.139109s.
250527-22:37:22,908 nipype.workflow INFO:
	 [Node] Finished "resample_ref", elapsed time 2.390859s.
250527-22:37:23,713 nipype.workflow INFO:
	 [Node] Finished "resample_mask", elapsed time 3.196819s.
250527-22:37:25,520 nipype.workflow INFO:
	 [Node] Setting-up "fmriprep_25_0_wf.sub_GEO036_wf.bold_ses_t3_task_image_run_4_wf.bold_confounds_wf.dilated_mask" in "/work/fmriprep_25_0_wf/sub_GEO036_wf/bold_ses_t3_task_image_run_4_wf/bold_confounds_wf/dilated_mask".
250527-22:37:26,440 nipype.workflow INFO:
	 [Node] Executing "dilated_mask" <niworkflows.interfaces.morphology.BinaryDilation>
250527-22:37:26,511 nipype.workflow INFO:
	 [Node] Finished "dilated_mask", elapsed time 0.069831s.
250527-22:37:27,454 nipype.workflow INFO:
	 [Node] Setting-up "_acc_msk_brain1" in "/work/fmriprep_25_0_wf/sub_GEO036_wf/bold_ses_t3_task_image_run_3_wf/bold_confounds_wf/acc_msk_brain/mapflow/_acc_msk_brain1".
250527-22:37:27,454 nipype.workflow INFO:
	 [Node] Setting-up "_acc_msk_brain2" in "/work/fmriprep_25_0_wf/sub_GEO036_wf/bold_ses_t3_task_image_run_3_wf/bold_confounds_wf/acc_msk_brain/mapflow/_acc_msk_brain2".
250527-22:37:27,457 nipype.workflow INFO:
	 [Node] Setting-up "_acc_msk_tfm1" in "/work/fmriprep_25_0_wf/sub_GEO036_wf/bold_ses_t3_task_image_run_4_wf/bold_confounds_wf/acc_msk_tfm/mapflow/_acc_msk_tfm1".
250527-22:37:27,462 nipype.workflow INFO:
	 [Node] Setting-up "_acc_msk_tfm2" in "/work/fmriprep_25_0_wf/sub_GEO036_wf/bold_ses_t3_task_image_run_4_wf/bold_confounds_wf/acc_msk_tfm/mapflow/_acc_msk_tfm2".
250527-22:37:28,611 nipype.workflow INFO:
	 [Node] Executing "_acc_msk_tfm1" <niworkflows.interfaces.fixes.FixHeaderApplyTransforms>
250527-22:37:28,638 nipype.workflow INFO:
	 [Node] Executing "_acc_msk_brain2" <niworkflows.interfaces.nibabel.ApplyMask>
250527-22:37:28,654 nipype.workflow INFO:
	 [Node] Executing "_acc_msk_tfm2" <niworkflows.interfaces.fixes.FixHeaderApplyTransforms>
250527-22:37:28,780 nipype.workflow INFO:
	 [Node] Finished "_acc_msk_brain2", elapsed time 0.140245s.
250527-22:37:28,892 nipype.workflow INFO:
	 [Node] Executing "_acc_msk_brain1" <niworkflows.interfaces.nibabel.ApplyMask>
250527-22:37:28,999 nipype.workflow INFO:
	 [Node] Finished "_acc_msk_brain1", elapsed time 0.106114s.
250527-22:37:29,638 nipype.workflow INFO:
	 [Node] Finished "_acc_msk_tfm1", elapsed time 1.026326s.
250527-22:37:29,739 nipype.workflow INFO:
	 [Node] Finished "_acc_msk_tfm2", elapsed time 1.083858s.
250527-22:37:30,813 nipype.interface WARNING:
	 Changing /out/sub-GEO036/ses-t3/func/sub-GEO036_ses-t3_task-image_run-4_space-MNI152NLin2009cAsym_desc-brain_mask.nii.gz dtype from float64 to uint8
250527-22:37:31,566 nipype.workflow INFO:
	 [Node] Setting-up "fmriprep_25_0_wf.sub_GEO036_wf.bold_ses_t3_task_image_run_4_wf.bold_confounds_wf.subtract_mask" in "/work/fmriprep_25_0_wf/sub_GEO036_wf/bold_ses_t3_task_image_run_4_wf/bold_confounds_wf/subtract_mask".
250527-22:37:31,869 nipype.workflow INFO:
	 [Node] Setting-up "fmriprep_25_0_wf.sub_GEO036_wf.bold_ses_t3_task_image_run_5_wf.bold_fit_wf.bold_reg_wf.bbreg_wf.concat_xfm" in "/work/fmriprep_25_0_wf/sub_GEO036_wf/bold_ses_t3_task_image_run_5_wf/bold_fit_wf/bold_reg_wf/bbreg_wf/concat_xfm".
250527-22:37:31,976 nipype.workflow INFO:
	 [Node] Executing "subtract_mask" <niworkflows.interfaces.morphology.BinarySubtraction>
250527-22:37:32,56 nipype.workflow INFO:
	 [Node] Finished "subtract_mask", elapsed time 0.079027s.
250527-22:37:32,234 nipype.workflow INFO:
	 [Node] Setting-up "_acc_msk_tfm0" in "/work/fmriprep_25_0_wf/sub_GEO036_wf/bold_ses_t3_task_image_run_4_wf/bold_confounds_wf/acc_msk_tfm/mapflow/_acc_msk_tfm0".
250527-22:37:32,237 nipype.workflow INFO:
	 [Node] Cached "_acc_msk_tfm0" - collecting precomputed outputs
250527-22:37:32,237 nipype.workflow INFO:
	 [Node] "_acc_msk_tfm0" found cached.
250527-22:37:32,238 nipype.workflow INFO:
	 [Node] Setting-up "_acc_msk_tfm1" in "/work/fmriprep_25_0_wf/sub_GEO036_wf/bold_ses_t3_task_image_run_4_wf/bold_confounds_wf/acc_msk_tfm/mapflow/_acc_msk_tfm1".
250527-22:37:32,240 nipype.workflow INFO:
	 [Node] Cached "_acc_msk_tfm1" - collecting precomputed outputs
250527-22:37:32,240 nipype.workflow INFO:
	 [Node] "_acc_msk_tfm1" found cached.
250527-22:37:32,241 nipype.workflow INFO:
	 [Node] Setting-up "_acc_msk_tfm2" in "/work/fmriprep_25_0_wf/sub_GEO036_wf/bold_ses_t3_task_image_run_4_wf/bold_confounds_wf/acc_msk_tfm/mapflow/_acc_msk_tfm2".
250527-22:37:32,244 nipype.workflow INFO:
	 [Node] Cached "_acc_msk_tfm2" - collecting precomputed outputs
250527-22:37:32,244 nipype.workflow INFO:
	 [Node] "_acc_msk_tfm2" found cached.
250527-22:37:32,328 nipype.workflow INFO:
	 [Node] Executing "concat_xfm" <niworkflows.interfaces.nitransforms.ConcatenateXFMs>
250527-22:37:32,397 nipype.workflow INFO:
	 [Node] Setting-up "_acc_msk_brain0" in "/work/fmriprep_25_0_wf/sub_GEO036_wf/bold_ses_t3_task_image_run_3_wf/bold_confounds_wf/acc_msk_brain/mapflow/_acc_msk_brain0".
250527-22:37:32,400 nipype.workflow INFO:
	 [Node] Cached "_acc_msk_brain0" - collecting precomputed outputs
250527-22:37:32,400 nipype.workflow INFO:
	 [Node] "_acc_msk_brain0" found cached.
250527-22:37:32,401 nipype.workflow INFO:
	 [Node] Setting-up "_acc_msk_brain1" in "/work/fmriprep_25_0_wf/sub_GEO036_wf/bold_ses_t3_task_image_run_3_wf/bold_confounds_wf/acc_msk_brain/mapflow/_acc_msk_brain1".
250527-22:37:32,404 nipype.workflow INFO:
	 [Node] Cached "_acc_msk_brain1" - collecting precomputed outputs
250527-22:37:32,404 nipype.workflow INFO:
	 [Node] "_acc_msk_brain1" found cached.
250527-22:37:32,404 nipype.workflow INFO:
	 [Node] Setting-up "_acc_msk_brain2" in "/work/fmriprep_25_0_wf/sub_GEO036_wf/bold_ses_t3_task_image_run_3_wf/bold_confounds_wf/acc_msk_brain/mapflow/_acc_msk_brain2".
250527-22:37:32,407 nipype.workflow INFO:
	 [Node] Cached "_acc_msk_brain2" - collecting precomputed outputs
250527-22:37:32,407 nipype.workflow INFO:
	 [Node] "_acc_msk_brain2" found cached.
250527-22:37:32,492 nipype.workflow INFO:
	 [Node] Finished "concat_xfm", elapsed time 0.162725s.
250527-22:37:35,742 nipype.workflow INFO:
	 [Node] Finished "epi_t1_report", elapsed time 15.226321s.
250527-22:37:35,851 nipype.workflow INFO:
	 [Node] Setting-up "fmriprep_25_0_wf.sub_GEO036_wf.bold_ses_t3_task_image_run_5_wf.bold_fit_wf.func_fit_reports_wf.t1w_boldref" in "/work/fmriprep_25_0_wf/sub_GEO036_wf/bold_ses_t3_task_image_run_5_wf/bold_fit_wf/func_fit_reports_wf/t1w_boldref".
250527-22:37:36,178 nipype.workflow INFO:
	 [Node] Executing "t1w_boldref" <niworkflows.interfaces.fixes.FixHeaderApplyTransforms>
250527-22:37:36,841 nipype.workflow INFO:
	 [Node] Setting-up "fmriprep_25_0_wf.sub_GEO036_wf.bold_ses_t3_task_image_run_5_wf.bold_confounds_wf.t1w_mask_tfm" in "/work/fmriprep_25_0_wf/sub_GEO036_wf/bold_ses_t3_task_image_run_5_wf/bold_confounds_wf/t1w_mask_tfm".
250527-22:37:37,362 nipype.workflow INFO:
	 [Node] Setting-up "fmriprep_25_0_wf.sub_GEO036_wf.bold_ses_t3_task_image_run_5_wf.carpetplot_wf.mrg_xfms" in "/work/fmriprep_25_0_wf/sub_GEO036_wf/bold_ses_t3_task_image_run_5_wf/carpetplot_wf/mrg_xfms".
250527-22:37:37,590 nipype.workflow INFO:
	 [Node] Executing "t1w_mask_tfm" <niworkflows.interfaces.fixes.FixHeaderApplyTransforms>
250527-22:37:37,813 nipype.workflow INFO:
	 [Node] Executing "mrg_xfms" <nipype.interfaces.utility.base.Merge>
250527-22:37:37,814 nipype.workflow INFO:
	 [Node] Finished "mrg_xfms", elapsed time 0.000403s.
250527-22:37:38,65 nipype.workflow INFO:
	 [Node] Finished "t1w_boldref", elapsed time 1.885743s.
250527-22:37:38,211 nipype.workflow INFO:
	 [Node] Setting-up "fmriprep_25_0_wf.sub_GEO036_wf.bold_ses_t3_task_image_run_5_wf.ds_bold_std_wf.boldref2target" in "/work/fmriprep_25_0_wf/sub_GEO036_wf/bold_ses_t3_task_image_run_5_wf/ds_bold_std_wf/_in_tuple_MNI152NLin2009cAsym.resnative/boldref2target".
250527-22:37:38,211 nipype.workflow INFO:
	 [Node] Setting-up "fmriprep_25_0_wf.sub_GEO036_wf.bold_ses_t3_task_image_run_5_wf.ds_bold_std_wf.sources" in "/work/fmriprep_25_0_wf/sub_GEO036_wf/bold_ses_t3_task_image_run_5_wf/ds_bold_std_wf/_in_tuple_MNI152NLin2009cAsym.resnative/sources".
250527-22:37:38,510 nipype.workflow INFO:
	 [Node] Setting-up "fmriprep_25_0_wf.sub_GEO036_wf.bold_ses_t3_task_image_run_5_wf.bold_fit_wf.func_fit_reports_wf.boldref_wm" in "/work/fmriprep_25_0_wf/sub_GEO036_wf/bold_ses_t3_task_image_run_5_wf/bold_fit_wf/func_fit_reports_wf/boldref_wm".
250527-22:37:38,781 nipype.workflow INFO:
	 [Node] Executing "boldref2target" <nipype.interfaces.utility.base.Merge>
250527-22:37:38,782 nipype.workflow INFO:
	 [Node] Finished "boldref2target", elapsed time 0.000359s.
250527-22:37:38,812 nipype.workflow INFO:
	 [Node] Executing "sources" <fmriprep.interfaces.bids.BIDSURI>
250527-22:37:38,814 nipype.workflow INFO:
	 [Node] Finished "sources", elapsed time 0.001136s.
250527-22:37:39,262 nipype.workflow INFO:
	 [Node] Executing "boldref_wm" <niworkflows.interfaces.fixes.FixHeaderApplyTransforms>
250527-22:37:39,521 nipype.workflow INFO:
	 [Node] Setting-up "fmriprep_25_0_wf.sub_GEO036_wf.bold_ses_t3_task_image_run_5_wf.carpetplot_wf.resample_parc" in "/work/fmriprep_25_0_wf/sub_GEO036_wf/bold_ses_t3_task_image_run_5_wf/carpetplot_wf/resample_parc".
250527-22:37:39,522 nipype.workflow INFO:
	 [Node] Setting-up "_acc_msk_tfm0" in "/work/fmriprep_25_0_wf/sub_GEO036_wf/bold_ses_t3_task_image_run_5_wf/bold_confounds_wf/acc_msk_tfm/mapflow/_acc_msk_tfm0".
250527-22:37:39,821 nipype.workflow INFO:
	 [Node] Executing "resample_parc" <niworkflows.interfaces.fixes.FixHeaderApplyTransforms>
250527-22:37:40,48 nipype.workflow INFO:
	 [Node] Finished "t1w_mask_tfm", elapsed time 2.457075s.
250527-22:37:40,59 nipype.workflow INFO:
	 [Node] Finished "boldref_wm", elapsed time 0.796406s.
250527-22:37:40,145 nipype.workflow INFO:
	 [Node] Executing "_acc_msk_tfm0" <niworkflows.interfaces.fixes.FixHeaderApplyTransforms>
250527-22:37:41,350 nipype.workflow INFO:
	 [Node] Finished "_acc_msk_tfm0", elapsed time 1.204043s.
250527-22:37:41,645 nipype.workflow INFO:
	 [Node] Finished "bbregister", elapsed time 22.207347s.
250527-22:37:41,919 nipype.workflow INFO:
	 [Node] Setting-up "fmriprep_25_0_wf.sub_GEO036_wf.bold_ses_t3_task_image_run_5_wf.ds_bold_std_wf.resample_ref" in "/work/fmriprep_25_0_wf/sub_GEO036_wf/bold_ses_t3_task_image_run_5_wf/ds_bold_std_wf/_in_tuple_MNI152NLin2009cAsym.resnative/resample_ref".
250527-22:37:41,920 nipype.workflow INFO:
	 [Node] Setting-up "fmriprep_25_0_wf.sub_GEO036_wf.bold_ses_t3_task_image_run_5_wf.ds_bold_std_wf.resample_mask" in "/work/fmriprep_25_0_wf/sub_GEO036_wf/bold_ses_t3_task_image_run_5_wf/ds_bold_std_wf/_in_tuple_MNI152NLin2009cAsym.resnative/resample_mask".
250527-22:37:42,444 nipype.workflow INFO:
	 [Node] Executing "resample_mask" <niworkflows.interfaces.fixes.FixHeaderApplyTransforms>
250527-22:37:42,623 nipype.workflow INFO:
	 [Node] Executing "resample_ref" <niworkflows.interfaces.fixes.FixHeaderApplyTransforms>
250527-22:37:43,435 nipype.workflow INFO:
	 [Node] Setting-up "fmriprep_25_0_wf.sub_GEO036_wf.bold_ses_t3_task_image_run_5_wf.bold_fit_wf.func_fit_reports_wf.epi_t1_report" in "/work/fmriprep_25_0_wf/sub_GEO036_wf/bold_ses_t3_task_image_run_5_wf/bold_fit_wf/func_fit_reports_wf/epi_t1_report".
250527-22:37:43,437 nipype.workflow INFO:
	 [Node] Setting-up "fmriprep_25_0_wf.sub_GEO036_wf.bold_ses_t3_task_image_run_5_wf.bold_confounds_wf.union_mask" in "/work/fmriprep_25_0_wf/sub_GEO036_wf/bold_ses_t3_task_image_run_5_wf/bold_confounds_wf/union_mask".
250527-22:37:43,438 nipype.workflow INFO:
	 [Node] Setting-up "fmriprep_25_0_wf.sub_GEO036_wf.bold_ses_t3_task_image_run_4_wf.bold_fit_wf.func_fit_reports_wf.ds_epi_t1_report" in "/work/fmriprep_25_0_wf/sub_GEO036_wf/bold_ses_t3_task_image_run_4_wf/bold_fit_wf/func_fit_reports_wf/ds_epi_t1_report".
250527-22:37:43,456 nipype.workflow INFO:
	 [Node] Setting-up "fmriprep_25_0_wf.sub_GEO036_wf.bold_ses_t2_task_image_run_1_wf.bold_confounds_wf.acompcor" in "/work/fmriprep_25_0_wf/sub_GEO036_wf/bold_ses_t2_task_image_run_1_wf/bold_confounds_wf/acompcor".
250527-22:37:43,546 nipype.workflow INFO:
	 [Node] Finished "resample_parc", elapsed time 3.723462s.
250527-22:37:43,745 nipype.workflow INFO:
	 [Node] Setting-up "_msmsulc0" in "/work/fmriprep_25_0_wf/sub_GEO036_wf/anat_fit_wf/msm_sulc_wf/msmsulc/mapflow/_msmsulc0".
250527-22:37:43,765 nipype.workflow INFO:
	 [Node] Cached "_msmsulc0" - collecting precomputed outputs
250527-22:37:43,765 nipype.workflow INFO:
	 [Node] "_msmsulc0" found cached.
250527-22:37:43,770 nipype.workflow INFO:
	 [Node] Setting-up "_msmsulc1" in "/work/fmriprep_25_0_wf/sub_GEO036_wf/anat_fit_wf/msm_sulc_wf/msmsulc/mapflow/_msmsulc1".
250527-22:37:43,788 nipype.workflow INFO:
	 [Node] Cached "_msmsulc1" - collecting precomputed outputs
250527-22:37:43,788 nipype.workflow INFO:
	 [Node] "_msmsulc1" found cached.
250527-22:37:43,848 nipype.workflow INFO:
	 [Node] Executing "epi_t1_report" <nireports.interfaces.reporting.base.SimpleBeforeAfterRPT>
250527-22:37:43,849 nipype.interface INFO:
	 Report - setting before (/out/sub-GEO036/ses-t3/func/sub-GEO036_ses-t3_task-image_run-5_desc-coreg_boldref.nii.gz) and after (/work/fmriprep_25_0_wf/sub_GEO036_wf/bold_ses_t3_task_image_run_5_wf/bold_fit_wf/func_fit_reports_wf/t1w_boldref/sub-GEO036_desc-preproc_T1w_trans.nii.gz) images
250527-22:37:43,849 nipype.interface INFO:
	 Generating visual report
250527-22:37:43,902 nipype.workflow INFO:
	 [Node] Executing "union_mask" <nipype.interfaces.utility.wrappers.Function>
250527-22:37:43,954 nipype.workflow INFO:
	 [Node] Executing "acompcor" <niworkflows.interfaces.patches.RobustACompCor>
250527-22:37:43,975 nipype.workflow INFO:
	 [Node] Finished "union_mask", elapsed time 0.072401s.
250527-22:37:44,213 nipype.workflow INFO:
	 [Node] Executing "ds_epi_t1_report" <fmriprep.interfaces.DerivativesDataSink>
250527-22:37:44,528 nipype.workflow INFO:
	 [Node] Setting-up "fmriprep_25_0_wf.sub_GEO036_wf.bold_ses_t3_task_retrans_run_1_wf.bold_fit_wf.bold_reg_wf.bbreg_wf.compare_transforms" in "/work/fmriprep_25_0_wf/sub_GEO036_wf/bold_ses_t3_task_retrans_run_1_wf/bold_fit_wf/bold_reg_wf/bbreg_wf/compare_transforms".
250527-22:37:44,631 nipype.workflow INFO:
	 [Node] Finished "ds_epi_t1_report", elapsed time 0.416902s.
250527-22:37:44,857 nipype.workflow INFO:
	 [Node] Setting-up "_acc_msk_brain0" in "/work/fmriprep_25_0_wf/sub_GEO036_wf/bold_ses_t3_task_image_run_4_wf/bold_confounds_wf/acc_msk_brain/mapflow/_acc_msk_brain0".
250527-22:37:44,881 nipype.workflow INFO:
	 [Node] Executing "compare_transforms" <nipype.interfaces.utility.wrappers.Function>
250527-22:37:44,892 nipype.workflow INFO:
	 [Node] Finished "compare_transforms", elapsed time 0.009521s.
250527-22:37:45,78 nipype.workflow INFO:
	 [Node] Finished "resample_ref", elapsed time 2.454403s.
250527-22:37:45,423 nipype.workflow INFO:
	 [Node] Executing "_acc_msk_brain0" <niworkflows.interfaces.nibabel.ApplyMask>
250527-22:37:45,550 nipype.workflow INFO:
	 [Node] Finished "_acc_msk_brain0", elapsed time 0.125964s.
250527-22:37:45,744 nipype.workflow INFO:
	 [Node] Finished "resample_mask", elapsed time 3.298357s.
250527-22:37:49,990 nipype.workflow INFO:
	 [Node] Setting-up "fmriprep_25_0_wf.sub_GEO036_wf.bold_ses_t3_task_image_run_5_wf.bold_confounds_wf.dilated_mask" in "/work/fmriprep_25_0_wf/sub_GEO036_wf/bold_ses_t3_task_image_run_5_wf/bold_confounds_wf/dilated_mask".
250527-22:37:50,263 nipype.workflow INFO:
	 [Node] Executing "dilated_mask" <niworkflows.interfaces.morphology.BinaryDilation>
250527-22:37:50,341 nipype.workflow INFO:
	 [Node] Finished "dilated_mask", elapsed time 0.077192s.
250527-22:37:51,634 nipype.workflow INFO:
	 [Node] Finished "acompcor", elapsed time 7.678367s.
250527-22:37:52,134 nipype.interface WARNING:
	 Changing /out/sub-GEO036/ses-t3/func/sub-GEO036_ses-t3_task-image_run-5_space-MNI152NLin2009cAsym_desc-brain_mask.nii.gz dtype from float64 to uint8
250527-22:37:52,770 nipype.workflow INFO:
	 [Node] Setting-up "_acc_msk_brain1" in "/work/fmriprep_25_0_wf/sub_GEO036_wf/bold_ses_t3_task_image_run_4_wf/bold_confounds_wf/acc_msk_brain/mapflow/_acc_msk_brain1".
250527-22:37:52,771 nipype.workflow INFO:
	 [Node] Setting-up "_acc_msk_brain2" in "/work/fmriprep_25_0_wf/sub_GEO036_wf/bold_ses_t3_task_image_run_4_wf/bold_confounds_wf/acc_msk_brain/mapflow/_acc_msk_brain2".
250527-22:37:52,771 nipype.workflow INFO:
	 [Node] Setting-up "_acc_msk_bin0" in "/work/fmriprep_25_0_wf/sub_GEO036_wf/bold_ses_t3_task_image_run_3_wf/bold_confounds_wf/acc_msk_bin/mapflow/_acc_msk_bin0".
250527-22:37:52,772 nipype.workflow INFO:
	 [Node] Setting-up "_acc_msk_bin1" in "/work/fmriprep_25_0_wf/sub_GEO036_wf/bold_ses_t3_task_image_run_3_wf/bold_confounds_wf/acc_msk_bin/mapflow/_acc_msk_bin1".
250527-22:37:52,773 nipype.workflow INFO:
	 [Node] Setting-up "_acc_msk_bin2" in "/work/fmriprep_25_0_wf/sub_GEO036_wf/bold_ses_t3_task_image_run_3_wf/bold_confounds_wf/acc_msk_bin/mapflow/_acc_msk_bin2".
250527-22:37:53,778 nipype.workflow INFO:
	 [Node] Executing "_acc_msk_brain2" <niworkflows.interfaces.nibabel.ApplyMask>
250527-22:37:54,113 nipype.workflow INFO:
	 [Node] Finished "_acc_msk_brain2", elapsed time 0.333556s.
250527-22:37:54,138 nipype.workflow INFO:
	 [Node] Executing "_acc_msk_brain1" <niworkflows.interfaces.nibabel.ApplyMask>
250527-22:37:54,187 nipype.workflow INFO:
	 [Node] Executing "_acc_msk_bin0" <niworkflows.interfaces.nibabel.Binarize>
250527-22:37:54,251 nipype.workflow INFO:
	 [Node] Executing "_acc_msk_bin2" <niworkflows.interfaces.nibabel.Binarize>
250527-22:37:54,274 nipype.workflow INFO:
	 [Node] Finished "_acc_msk_brain1", elapsed time 0.135738s.
250527-22:37:54,381 nipype.workflow INFO:
	 [Node] Finished "_acc_msk_bin0", elapsed time 0.193291s.
250527-22:37:54,472 nipype.workflow INFO:
	 [Node] Finished "_acc_msk_bin2", elapsed time 0.220561s.
250527-22:37:54,525 nipype.workflow INFO:
	 [Node] Executing "_acc_msk_bin1" <niworkflows.interfaces.nibabel.Binarize>
250527-22:37:54,912 nipype.workflow INFO:
	 [Node] Finished "_acc_msk_bin1", elapsed time 0.386702s.
250527-22:37:55,932 nipype.workflow INFO:
	 [Node] Setting-up "fmriprep_25_0_wf.sub_GEO036_wf.bold_ses_t2_task_image_run_2_wf.bold_confounds_wf.acompcor" in "/work/fmriprep_25_0_wf/sub_GEO036_wf/bold_ses_t2_task_image_run_2_wf/bold_confounds_wf/acompcor".
250527-22:37:55,934 nipype.workflow INFO:
	 [Node] Setting-up "fmriprep_25_0_wf.sub_GEO036_wf.bold_ses_t3_task_image_run_5_wf.bold_confounds_wf.subtract_mask" in "/work/fmriprep_25_0_wf/sub_GEO036_wf/bold_ses_t3_task_image_run_5_wf/bold_confounds_wf/subtract_mask".
250527-22:37:56,168 nipype.workflow INFO:
	 [Node] Executing "subtract_mask" <niworkflows.interfaces.morphology.BinarySubtraction>
250527-22:37:56,222 nipype.workflow INFO:
	 [Node] Setting-up "fmriprep_25_0_wf.sub_GEO036_wf.bold_ses_t3_task_retrans_run_1_wf.bold_fit_wf.bold_reg_wf.bbreg_wf.concat_xfm" in "/work/fmriprep_25_0_wf/sub_GEO036_wf/bold_ses_t3_task_retrans_run_1_wf/bold_fit_wf/bold_reg_wf/bbreg_wf/concat_xfm".
250527-22:37:56,224 nipype.workflow INFO:
	 [Node] Setting-up "fmriprep_25_0_wf.sub_GEO036_wf.bold_ses_t2_task_image_run_1_wf.bold_confounds_wf.rename_acompcor" in "/work/fmriprep_25_0_wf/sub_GEO036_wf/bold_ses_t2_task_image_run_1_wf/bold_confounds_wf/rename_acompcor".
250527-22:37:56,226 nipype.workflow INFO:
	 [Node] Setting-up "_acc_msk_tfm1" in "/work/fmriprep_25_0_wf/sub_GEO036_wf/bold_ses_t3_task_image_run_5_wf/bold_confounds_wf/acc_msk_tfm/mapflow/_acc_msk_tfm1".
250527-22:37:56,236 nipype.workflow INFO:
	 [Node] Finished "subtract_mask", elapsed time 0.06789s.
250527-22:37:56,522 nipype.workflow INFO:
	 [Node] Executing "acompcor" <niworkflows.interfaces.patches.RobustACompCor>
250527-22:37:56,900 nipype.workflow INFO:
	 [Node] Executing "concat_xfm" <niworkflows.interfaces.nitransforms.ConcatenateXFMs>
250527-22:37:56,906 nipype.workflow INFO:
	 [Node] Setting-up "_acc_msk_bin0" in "/work/fmriprep_25_0_wf/sub_GEO036_wf/bold_ses_t3_task_image_run_3_wf/bold_confounds_wf/acc_msk_bin/mapflow/_acc_msk_bin0".
250527-22:37:56,907 nipype.workflow INFO:
	 [Node] Setting-up "_acc_msk_brain0" in "/work/fmriprep_25_0_wf/sub_GEO036_wf/bold_ses_t3_task_image_run_4_wf/bold_confounds_wf/acc_msk_brain/mapflow/_acc_msk_brain0".
250527-22:37:56,909 nipype.workflow INFO:
	 [Node] Cached "_acc_msk_bin0" - collecting precomputed outputs
250527-22:37:56,909 nipype.workflow INFO:
	 [Node] "_acc_msk_bin0" found cached.
250527-22:37:56,909 nipype.workflow INFO:
	 [Node] Setting-up "_acc_msk_bin1" in "/work/fmriprep_25_0_wf/sub_GEO036_wf/bold_ses_t3_task_image_run_3_wf/bold_confounds_wf/acc_msk_bin/mapflow/_acc_msk_bin1".
250527-22:37:56,910 nipype.workflow INFO:
	 [Node] Cached "_acc_msk_brain0" - collecting precomputed outputs
250527-22:37:56,911 nipype.workflow INFO:
	 [Node] "_acc_msk_brain0" found cached.
250527-22:37:56,911 nipype.workflow INFO:
	 [Node] Setting-up "_acc_msk_brain1" in "/work/fmriprep_25_0_wf/sub_GEO036_wf/bold_ses_t3_task_image_run_4_wf/bold_confounds_wf/acc_msk_brain/mapflow/_acc_msk_brain1".
250527-22:37:56,912 nipype.workflow INFO:
	 [Node] Cached "_acc_msk_bin1" - collecting precomputed outputs
250527-22:37:56,912 nipype.workflow INFO:
	 [Node] "_acc_msk_bin1" found cached.
250527-22:37:56,913 nipype.workflow INFO:
	 [Node] Setting-up "_acc_msk_bin2" in "/work/fmriprep_25_0_wf/sub_GEO036_wf/bold_ses_t3_task_image_run_3_wf/bold_confounds_wf/acc_msk_bin/mapflow/_acc_msk_bin2".
250527-22:37:56,914 nipype.workflow INFO:
	 [Node] Cached "_acc_msk_brain1" - collecting precomputed outputs
250527-22:37:56,914 nipype.workflow INFO:
	 [Node] "_acc_msk_brain1" found cached.
250527-22:37:56,914 nipype.workflow INFO:
	 [Node] Setting-up "_acc_msk_brain2" in "/work/fmriprep_25_0_wf/sub_GEO036_wf/bold_ses_t3_task_image_run_4_wf/bold_confounds_wf/acc_msk_brain/mapflow/_acc_msk_brain2".
250527-22:37:56,915 nipype.workflow INFO:
	 [Node] Cached "_acc_msk_bin2" - collecting precomputed outputs
250527-22:37:56,915 nipype.workflow INFO:
	 [Node] "_acc_msk_bin2" found cached.
250527-22:37:56,917 nipype.workflow INFO:
	 [Node] Cached "_acc_msk_brain2" - collecting precomputed outputs
250527-22:37:56,917 nipype.workflow INFO:
	 [Node] "_acc_msk_brain2" found cached.
250527-22:37:57,12 nipype.workflow INFO:
	 [Node] Executing "rename_acompcor" <fmriprep.interfaces.confounds.RenameACompCor>
250527-22:37:57,152 nipype.workflow INFO:
	 [Node] Executing "_acc_msk_tfm1" <niworkflows.interfaces.fixes.FixHeaderApplyTransforms>
250527-22:37:57,173 nipype.workflow INFO:
	 [Node] Finished "concat_xfm", elapsed time 0.272362s.
250527-22:37:57,709 nipype.workflow INFO:
	 [Node] Finished "rename_acompcor", elapsed time 0.695716s.
250527-22:37:58,413 nipype.workflow INFO:
	 [Node] Finished "_acc_msk_tfm1", elapsed time 1.259689s.
250527-22:37:59,38 nipype.workflow INFO:
	 [Node] Finished "epi_t1_report", elapsed time 15.188636s.
250527-22:38:01,734 nipype.workflow INFO:
	 [Node] Setting-up "fmriprep_25_0_wf.sub_GEO036_wf.bold_ses_t3_task_image_run_3_wf.carpetplot_wf.parcels" in "/work/fmriprep_25_0_wf/sub_GEO036_wf/bold_ses_t3_task_image_run_3_wf/carpetplot_wf/parcels".
250527-22:38:01,736 nipype.workflow INFO:
	 [Node] Setting-up "_acc_msk_tfm2" in "/work/fmriprep_25_0_wf/sub_GEO036_wf/bold_ses_t3_task_image_run_5_wf/bold_confounds_wf/acc_msk_tfm/mapflow/_acc_msk_tfm2".
250527-22:38:01,873 nipype.workflow INFO:
	 [Node] Finished "acompcor", elapsed time 5.350085s.
250527-22:38:02,342 nipype.workflow INFO:
	 [Node] Executing "_acc_msk_tfm2" <niworkflows.interfaces.fixes.FixHeaderApplyTransforms>
250527-22:38:02,415 nipype.workflow INFO:
	 [Node] Executing "parcels" <nipype.interfaces.utility.wrappers.Function>
250527-22:38:02,506 nipype.workflow INFO:
	 [Node] Finished "parcels", elapsed time 0.089492s.
250527-22:38:03,274 nipype.workflow INFO:
	 [Node] Finished "_acc_msk_tfm2", elapsed time 0.93073s.
250527-22:38:04,979 nipype.workflow INFO:
	 [Node] Setting-up "fmriprep_25_0_wf.sub_GEO036_wf.bold_ses_t3_task_retrans_run_1_wf.bold_fit_wf.func_fit_reports_wf.t1w_boldref" in "/work/fmriprep_25_0_wf/sub_GEO036_wf/bold_ses_t3_task_retrans_run_1_wf/bold_fit_wf/func_fit_reports_wf/t1w_boldref".
250527-22:38:04,980 nipype.workflow INFO:
	 [Node] Setting-up "fmriprep_25_0_wf.sub_GEO036_wf.bold_ses_t3_task_retrans_run_1_wf.bold_fit_wf.func_fit_reports_wf.boldref_wm" in "/work/fmriprep_25_0_wf/sub_GEO036_wf/bold_ses_t3_task_retrans_run_1_wf/bold_fit_wf/func_fit_reports_wf/boldref_wm".
250527-22:38:06,107 nipype.workflow INFO:
	 [Node] Setting-up "_acc_msk_tfm0" in "/work/fmriprep_25_0_wf/sub_GEO036_wf/bold_ses_t3_task_image_run_5_wf/bold_confounds_wf/acc_msk_tfm/mapflow/_acc_msk_tfm0".
250527-22:38:06,110 nipype.workflow INFO:
	 [Node] Cached "_acc_msk_tfm0" - collecting precomputed outputs
250527-22:38:06,110 nipype.workflow INFO:
	 [Node] "_acc_msk_tfm0" found cached.
250527-22:38:06,111 nipype.workflow INFO:
	 [Node] Setting-up "_acc_msk_tfm1" in "/work/fmriprep_25_0_wf/sub_GEO036_wf/bold_ses_t3_task_image_run_5_wf/bold_confounds_wf/acc_msk_tfm/mapflow/_acc_msk_tfm1".
250527-22:38:06,114 nipype.workflow INFO:
	 [Node] Cached "_acc_msk_tfm1" - collecting precomputed outputs
250527-22:38:06,114 nipype.workflow INFO:
	 [Node] "_acc_msk_tfm1" found cached.
250527-22:38:06,115 nipype.workflow INFO:
	 [Node] Setting-up "_acc_msk_tfm2" in "/work/fmriprep_25_0_wf/sub_GEO036_wf/bold_ses_t3_task_image_run_5_wf/bold_confounds_wf/acc_msk_tfm/mapflow/_acc_msk_tfm2".
250527-22:38:06,118 nipype.workflow INFO:
	 [Node] Cached "_acc_msk_tfm2" - collecting precomputed outputs
250527-22:38:06,118 nipype.workflow INFO:
	 [Node] "_acc_msk_tfm2" found cached.
250527-22:38:06,279 nipype.workflow INFO:
	 [Node] Executing "t1w_boldref" <niworkflows.interfaces.fixes.FixHeaderApplyTransforms>
250527-22:38:06,454 nipype.workflow INFO:
	 [Node] Executing "boldref_wm" <niworkflows.interfaces.fixes.FixHeaderApplyTransforms>
250527-22:38:07,5 nipype.workflow INFO:
	 [Node] Setting-up "fmriprep_25_0_wf.sub_GEO036_wf.bold_ses_t3_task_retrans_run_1_wf.bold_confounds_wf.t1w_mask_tfm" in "/work/fmriprep_25_0_wf/sub_GEO036_wf/bold_ses_t3_task_retrans_run_1_wf/bold_confounds_wf/t1w_mask_tfm".
250527-22:38:07,211 nipype.workflow INFO:
	 [Node] Setting-up "fmriprep_25_0_wf.sub_GEO036_wf.bold_ses_t3_task_retrans_run_1_wf.carpetplot_wf.mrg_xfms" in "/work/fmriprep_25_0_wf/sub_GEO036_wf/bold_ses_t3_task_retrans_run_1_wf/carpetplot_wf/mrg_xfms".
250527-22:38:07,212 nipype.workflow INFO:
	 [Node] Setting-up "fmriprep_25_0_wf.sub_GEO036_wf.bold_ses_t3_task_retrans_run_1_wf.ds_bold_std_wf.boldref2target" in "/work/fmriprep_25_0_wf/sub_GEO036_wf/bold_ses_t3_task_retrans_run_1_wf/ds_bold_std_wf/_in_tuple_MNI152NLin2009cAsym.resnative/boldref2target".
250527-22:38:07,212 nipype.workflow INFO:
	 [Node] Setting-up "fmriprep_25_0_wf.sub_GEO036_wf.bold_ses_t3_task_retrans_run_1_wf.ds_bold_std_wf.sources" in "/work/fmriprep_25_0_wf/sub_GEO036_wf/bold_ses_t3_task_retrans_run_1_wf/ds_bold_std_wf/_in_tuple_MNI152NLin2009cAsym.resnative/sources".
250527-22:38:07,266 nipype.workflow INFO:
	 [Node] Finished "boldref_wm", elapsed time 0.811492s.
250527-22:38:07,696 nipype.workflow INFO:
	 [Node] Executing "t1w_mask_tfm" <niworkflows.interfaces.fixes.FixHeaderApplyTransforms>
250527-22:38:08,79 nipype.workflow INFO:
	 [Node] Executing "mrg_xfms" <nipype.interfaces.utility.base.Merge>
250527-22:38:08,80 nipype.workflow INFO:
	 [Node] Finished "mrg_xfms", elapsed time 0.000404s.
250527-22:38:08,243 nipype.workflow INFO:
	 [Node] Executing "sources" <fmriprep.interfaces.bids.BIDSURI>
250527-22:38:08,245 nipype.workflow INFO:
	 [Node] Finished "sources", elapsed time 0.000946s.
250527-22:38:08,247 nipype.workflow INFO:
	 [Node] Executing "boldref2target" <nipype.interfaces.utility.base.Merge>
250527-22:38:08,249 nipype.workflow INFO:
	 [Node] Finished "boldref2target", elapsed time 0.000547s.
250527-22:38:08,511 nipype.workflow INFO:
	 [Node] Finished "t1w_boldref", elapsed time 2.231562s.
250527-22:38:10,214 nipype.workflow INFO:
	 [Node] Finished "t1w_mask_tfm", elapsed time 2.517152s.
250527-22:38:12,10 nipype.workflow INFO:
	 [Node] Setting-up "fmriprep_25_0_wf.sub_GEO036_wf.bold_ses_t3_task_image_run_5_wf.bold_fit_wf.func_fit_reports_wf.ds_epi_t1_report" in "/work/fmriprep_25_0_wf/sub_GEO036_wf/bold_ses_t3_task_image_run_5_wf/bold_fit_wf/func_fit_reports_wf/ds_epi_t1_report".
250527-22:38:12,383 nipype.workflow INFO:
	 [Node] Executing "ds_epi_t1_report" <fmriprep.interfaces.DerivativesDataSink>
250527-22:38:12,466 nipype.workflow INFO:
	 [Node] Setting-up "fmriprep_25_0_wf.sub_GEO036_wf.bold_ses_t3_task_retrans_run_1_wf.bold_fit_wf.func_fit_reports_wf.epi_t1_report" in "/work/fmriprep_25_0_wf/sub_GEO036_wf/bold_ses_t3_task_retrans_run_1_wf/bold_fit_wf/func_fit_reports_wf/epi_t1_report".
250527-22:38:12,784 nipype.workflow INFO:
	 [Node] Finished "ds_epi_t1_report", elapsed time 0.39963s.
250527-22:38:13,416 nipype.workflow INFO:
	 [Node] Executing "epi_t1_report" <nireports.interfaces.reporting.base.SimpleBeforeAfterRPT>
250527-22:38:13,418 nipype.interface INFO:
	 Report - setting before (/out/sub-GEO036/ses-t3/func/sub-GEO036_ses-t3_task-retrans_run-1_desc-coreg_boldref.nii.gz) and after (/work/fmriprep_25_0_wf/sub_GEO036_wf/bold_ses_t3_task_retrans_run_1_wf/bold_fit_wf/func_fit_reports_wf/t1w_boldref/sub-GEO036_desc-preproc_T1w_trans.nii.gz) images
250527-22:38:13,418 nipype.interface INFO:
	 Generating visual report
250527-22:38:14,366 nipype.workflow INFO:
	 [Node] Setting-up "fmriprep_25_0_wf.sub_GEO036_wf.bold_ses_t3_task_retrans_run_1_wf.bold_confounds_wf.union_mask" in "/work/fmriprep_25_0_wf/sub_GEO036_wf/bold_ses_t3_task_retrans_run_1_wf/bold_confounds_wf/union_mask".
250527-22:38:14,366 nipype.workflow INFO:
	 [Node] Setting-up "fmriprep_25_0_wf.sub_GEO036_wf.bold_ses_t3_task_retrans_run_1_wf.carpetplot_wf.resample_parc" in "/work/fmriprep_25_0_wf/sub_GEO036_wf/bold_ses_t3_task_retrans_run_1_wf/carpetplot_wf/resample_parc".
250527-22:38:14,367 nipype.workflow INFO:
	 [Node] Setting-up "fmriprep_25_0_wf.sub_GEO036_wf.bold_ses_t3_task_retrans_run_1_wf.ds_bold_std_wf.resample_ref" in "/work/fmriprep_25_0_wf/sub_GEO036_wf/bold_ses_t3_task_retrans_run_1_wf/ds_bold_std_wf/_in_tuple_MNI152NLin2009cAsym.resnative/resample_ref".
250527-22:38:14,367 nipype.workflow INFO:
	 [Node] Setting-up "fmriprep_25_0_wf.sub_GEO036_wf.bold_ses_t3_task_retrans_run_1_wf.ds_bold_std_wf.resample_mask" in "/work/fmriprep_25_0_wf/sub_GEO036_wf/bold_ses_t3_task_retrans_run_1_wf/ds_bold_std_wf/_in_tuple_MNI152NLin2009cAsym.resnative/resample_mask".
250527-22:38:15,251 nipype.workflow INFO:
	 [Node] Executing "resample_ref" <niworkflows.interfaces.fixes.FixHeaderApplyTransforms>
250527-22:38:15,405 nipype.workflow INFO:
	 [Node] Executing "union_mask" <nipype.interfaces.utility.wrappers.Function>
250527-22:38:15,494 nipype.workflow INFO:
	 [Node] Executing "resample_mask" <niworkflows.interfaces.fixes.FixHeaderApplyTransforms>
250527-22:38:15,522 nipype.workflow INFO:
	 [Node] Executing "resample_parc" <niworkflows.interfaces.fixes.FixHeaderApplyTransforms>
250527-22:38:15,613 nipype.workflow INFO:
	 [Node] Finished "union_mask", elapsed time 0.20678s.
250527-22:38:16,219 nipype.workflow INFO:
	 [Node] Setting-up "fmriprep_25_0_wf.sub_GEO036_wf.bold_ses_t2_task_image_run_3_wf.bold_confounds_wf.acompcor" in "/work/fmriprep_25_0_wf/sub_GEO036_wf/bold_ses_t2_task_image_run_3_wf/bold_confounds_wf/acompcor".
250527-22:38:16,220 nipype.workflow INFO:
	 [Node] Setting-up "fmriprep_25_0_wf.sub_GEO036_wf.bold_ses_t2_task_image_run_2_wf.bold_confounds_wf.rename_acompcor" in "/work/fmriprep_25_0_wf/sub_GEO036_wf/bold_ses_t2_task_image_run_2_wf/bold_confounds_wf/rename_acompcor".
250527-22:38:16,534 nipype.workflow INFO:
	 [Node] Setting-up "fmriprep_25_0_wf.sub_GEO036_wf.bold_ses_t3_task_retrans_run_1_wf.bold_confounds_wf.dilated_mask" in "/work/fmriprep_25_0_wf/sub_GEO036_wf/bold_ses_t3_task_retrans_run_1_wf/bold_confounds_wf/dilated_mask".
250527-22:38:16,535 nipype.workflow INFO:
	 [Node] Setting-up "fmriprep_25_0_wf.sub_GEO036_wf.bold_ses_t2_task_image_run_1_wf.bold_confounds_wf.acc_metadata_filter" in "/work/fmriprep_25_0_wf/sub_GEO036_wf/bold_ses_t2_task_image_run_1_wf/bold_confounds_wf/acc_metadata_filter".
250527-22:38:16,746 nipype.workflow INFO:
	 [Node] Executing "acompcor" <niworkflows.interfaces.patches.RobustACompCor>
250527-22:38:16,873 nipype.workflow INFO:
	 [Node] Executing "rename_acompcor" <fmriprep.interfaces.confounds.RenameACompCor>
250527-22:38:17,104 nipype.workflow INFO:
	 [Node] Executing "acc_metadata_filter" <fmriprep.interfaces.confounds.FilterDropped>
250527-22:38:17,104 nipype.workflow INFO:
	 [Node] Executing "dilated_mask" <niworkflows.interfaces.morphology.BinaryDilation>
250527-22:38:17,104 nipype.workflow INFO:
	 [Node] Finished "rename_acompcor", elapsed time 0.230373s.
250527-22:38:17,550 nipype.workflow INFO:
	 [Node] Finished "dilated_mask", elapsed time 0.445424s.
250527-22:38:17,726 nipype.workflow INFO:
	 [Node] Finished "acc_metadata_filter", elapsed time 0.620859s.
250527-22:38:17,797 nipype.workflow INFO:
	 [Node] Finished "resample_ref", elapsed time 2.544872s.
250527-22:38:19,86 nipype.workflow INFO:
	 [Node] Finished "resample_mask", elapsed time 3.59107s.
250527-22:38:20,146 nipype.workflow INFO:
	 [Node] Finished "resample_parc", elapsed time 4.62233s.
250527-22:38:20,552 nipype.workflow INFO:
	 [Node] Setting-up "_acc_msk_bin0" in "/work/fmriprep_25_0_wf/sub_GEO036_wf/bold_ses_t3_task_image_run_4_wf/bold_confounds_wf/acc_msk_bin/mapflow/_acc_msk_bin0".
250527-22:38:21,908 nipype.interface WARNING:
	 Changing /out/sub-GEO036/ses-t3/func/sub-GEO036_ses-t3_task-retrans_run-1_space-MNI152NLin2009cAsym_desc-brain_mask.nii.gz dtype from float64 to uint8
250527-22:38:22,314 nipype.workflow INFO:
	 [Node] Executing "_acc_msk_bin0" <niworkflows.interfaces.nibabel.Binarize>
250527-22:38:22,514 nipype.workflow INFO:
	 [Node] Finished "acompcor", elapsed time 5.766264s.
250527-22:38:22,608 nipype.workflow INFO:
	 [Node] Finished "_acc_msk_bin0", elapsed time 0.292982s.
250527-22:38:22,919 nipype.workflow INFO:
	 [Node] Setting-up "fmriprep_25_0_wf.sub_GEO036_wf.bold_ses_t3_task_retrans_run_1_wf.bold_confounds_wf.subtract_mask" in "/work/fmriprep_25_0_wf/sub_GEO036_wf/bold_ses_t3_task_retrans_run_1_wf/bold_confounds_wf/subtract_mask".
250527-22:38:22,919 nipype.workflow INFO:
	 [Node] Setting-up "fmriprep_25_0_wf.sub_GEO036_wf.bold_ses_t2_task_image_run_2_wf.bold_confounds_wf.acc_metadata_filter" in "/work/fmriprep_25_0_wf/sub_GEO036_wf/bold_ses_t2_task_image_run_2_wf/bold_confounds_wf/acc_metadata_filter".
250527-22:38:22,920 nipype.workflow INFO:
	 [Node] Setting-up "fmriprep_25_0_wf.sub_GEO036_wf.bold_ses_t2_task_image_run_1_wf.bold_confounds_wf.acc_metadata_fmt" in "/work/fmriprep_25_0_wf/sub_GEO036_wf/bold_ses_t2_task_image_run_1_wf/bold_confounds_wf/acc_metadata_fmt".
250527-22:38:22,924 nipype.workflow INFO:
	 [Node] Setting-up "_acc_msk_bin1" in "/work/fmriprep_25_0_wf/sub_GEO036_wf/bold_ses_t3_task_image_run_4_wf/bold_confounds_wf/acc_msk_bin/mapflow/_acc_msk_bin1".
250527-22:38:23,250 nipype.workflow INFO:
	 [Node] Setting-up "fmriprep_25_0_wf.sub_GEO036_wf.bold_ses_t2_task_image_run_4_wf.bold_confounds_wf.acompcor" in "/work/fmriprep_25_0_wf/sub_GEO036_wf/bold_ses_t2_task_image_run_4_wf/bold_confounds_wf/acompcor".
250527-22:38:23,251 nipype.workflow INFO:
	 [Node] Setting-up "fmriprep_25_0_wf.sub_GEO036_wf.bold_ses_t2_task_image_run_3_wf.bold_confounds_wf.rename_acompcor" in "/work/fmriprep_25_0_wf/sub_GEO036_wf/bold_ses_t2_task_image_run_3_wf/bold_confounds_wf/rename_acompcor".
250527-22:38:23,253 nipype.workflow INFO:
	 [Node] Setting-up "_acc_msk_bin2" in "/work/fmriprep_25_0_wf/sub_GEO036_wf/bold_ses_t3_task_image_run_4_wf/bold_confounds_wf/acc_msk_bin/mapflow/_acc_msk_bin2".
250527-22:38:24,424 nipype.workflow INFO:
	 [Node] Executing "acc_metadata_filter" <fmriprep.interfaces.confounds.FilterDropped>
250527-22:38:24,465 nipype.workflow INFO:
	 [Node] Executing "subtract_mask" <niworkflows.interfaces.morphology.BinarySubtraction>
250527-22:38:24,492 nipype.workflow INFO:
	 [Node] Executing "acc_metadata_fmt" <niworkflows.interfaces.utility.TSV2JSON>
250527-22:38:24,508 nipype.workflow INFO:
	 [Node] Finished "acc_metadata_fmt", elapsed time 0.014287s.
250527-22:38:24,513 nipype.workflow INFO:
	 [Node] Executing "_acc_msk_bin1" <niworkflows.interfaces.nibabel.Binarize>
250527-22:38:24,687 nipype.workflow INFO:
	 [Node] Finished "subtract_mask", elapsed time 0.220006s.
250527-22:38:24,752 nipype.workflow INFO:
	 [Node] Finished "acc_metadata_filter", elapsed time 0.326722s.
250527-22:38:25,129 nipype.workflow INFO:
	 [Node] Executing "acompcor" <niworkflows.interfaces.patches.RobustACompCor>
250527-22:38:25,139 nipype.workflow INFO:
	 [Node] Finished "_acc_msk_bin1", elapsed time 0.622199s.
250527-22:38:25,176 nipype.workflow INFO:
	 [Node] Executing "_acc_msk_bin2" <niworkflows.interfaces.nibabel.Binarize>
250527-22:38:25,350 nipype.workflow INFO:
	 [Node] Finished "_acc_msk_bin2", elapsed time 0.172745s.
250527-22:38:25,459 nipype.workflow INFO:
	 [Node] Executing "rename_acompcor" <fmriprep.interfaces.confounds.RenameACompCor>
250527-22:38:25,963 nipype.workflow INFO:
	 [Node] Finished "rename_acompcor", elapsed time 0.503824s.
250527-22:38:27,246 nipype.workflow INFO:
	 [Node] Setting-up "fmriprep_25_0_wf.sub_GEO036_wf.bold_ses_t2_task_image_run_3_wf.bold_confounds_wf.acc_metadata_filter" in "/work/fmriprep_25_0_wf/sub_GEO036_wf/bold_ses_t2_task_image_run_3_wf/bold_confounds_wf/acc_metadata_filter".
250527-22:38:27,247 nipype.workflow INFO:
	 [Node] Setting-up "fmriprep_25_0_wf.sub_GEO036_wf.bold_ses_t2_task_image_run_2_wf.bold_confounds_wf.acc_metadata_fmt" in "/work/fmriprep_25_0_wf/sub_GEO036_wf/bold_ses_t2_task_image_run_2_wf/bold_confounds_wf/acc_metadata_fmt".
250527-22:38:27,250 nipype.workflow INFO:
	 [Node] Setting-up "_acc_msk_tfm0" in "/work/fmriprep_25_0_wf/sub_GEO036_wf/bold_ses_t3_task_retrans_run_1_wf/bold_confounds_wf/acc_msk_tfm/mapflow/_acc_msk_tfm0".
250527-22:38:27,250 nipype.workflow INFO:
	 [Node] Setting-up "_acc_msk_tfm1" in "/work/fmriprep_25_0_wf/sub_GEO036_wf/bold_ses_t3_task_retrans_run_1_wf/bold_confounds_wf/acc_msk_tfm/mapflow/_acc_msk_tfm1".
250527-22:38:27,251 nipype.workflow INFO:
	 [Node] Setting-up "_acc_msk_tfm2" in "/work/fmriprep_25_0_wf/sub_GEO036_wf/bold_ses_t3_task_retrans_run_1_wf/bold_confounds_wf/acc_msk_tfm/mapflow/_acc_msk_tfm2".
250527-22:38:29,129 nipype.workflow INFO:
	 [Node] Finished "epi_t1_report", elapsed time 15.711503s.
250527-22:38:29,141 nipype.workflow INFO:
	 [Node] Executing "acc_metadata_fmt" <niworkflows.interfaces.utility.TSV2JSON>
250527-22:38:29,147 nipype.workflow INFO:
	 [Node] Setting-up "_acc_msk_bin0" in "/work/fmriprep_25_0_wf/sub_GEO036_wf/bold_ses_t3_task_image_run_4_wf/bold_confounds_wf/acc_msk_bin/mapflow/_acc_msk_bin0".
250527-22:38:29,149 nipype.workflow INFO:
	 [Node] Finished "acc_metadata_fmt", elapsed time 0.007287s.
250527-22:38:29,151 nipype.workflow INFO:
	 [Node] Cached "_acc_msk_bin0" - collecting precomputed outputs
250527-22:38:29,151 nipype.workflow INFO:
	 [Node] "_acc_msk_bin0" found cached.
250527-22:38:29,151 nipype.workflow INFO:
	 [Node] Setting-up "_acc_msk_bin1" in "/work/fmriprep_25_0_wf/sub_GEO036_wf/bold_ses_t3_task_image_run_4_wf/bold_confounds_wf/acc_msk_bin/mapflow/_acc_msk_bin1".
250527-22:38:29,154 nipype.workflow INFO:
	 [Node] Cached "_acc_msk_bin1" - collecting precomputed outputs
250527-22:38:29,154 nipype.workflow INFO:
	 [Node] "_acc_msk_bin1" found cached.
250527-22:38:29,155 nipype.workflow INFO:
	 [Node] Setting-up "_acc_msk_bin2" in "/work/fmriprep_25_0_wf/sub_GEO036_wf/bold_ses_t3_task_image_run_4_wf/bold_confounds_wf/acc_msk_bin/mapflow/_acc_msk_bin2".
250527-22:38:29,157 nipype.workflow INFO:
	 [Node] Cached "_acc_msk_bin2" - collecting precomputed outputs
250527-22:38:29,157 nipype.workflow INFO:
	 [Node] "_acc_msk_bin2" found cached.
250527-22:38:29,175 nipype.workflow INFO:
	 [Node] Executing "acc_metadata_filter" <fmriprep.interfaces.confounds.FilterDropped>
250527-22:38:29,413 nipype.workflow INFO:
	 [Node] Finished "acc_metadata_filter", elapsed time 0.237177s.
250527-22:38:29,449 nipype.workflow INFO:
	 [Node] Executing "_acc_msk_tfm1" <niworkflows.interfaces.fixes.FixHeaderApplyTransforms>
250527-22:38:29,543 nipype.workflow INFO:
	 [Node] Executing "_acc_msk_tfm0" <niworkflows.interfaces.fixes.FixHeaderApplyTransforms>
250527-22:38:30,329 nipype.workflow INFO:
	 [Node] Executing "_acc_msk_tfm2" <niworkflows.interfaces.fixes.FixHeaderApplyTransforms>
250527-22:38:30,873 nipype.workflow INFO:
	 [Node] Finished "_acc_msk_tfm1", elapsed time 1.423318s.
250527-22:38:31,223 nipype.workflow INFO:
	 [Node] Setting-up "fmriprep_25_0_wf.sub_GEO036_wf.bold_ses_t3_task_retrans_run_1_wf.bold_fit_wf.func_fit_reports_wf.ds_epi_t1_report" in "/work/fmriprep_25_0_wf/sub_GEO036_wf/bold_ses_t3_task_retrans_run_1_wf/bold_fit_wf/func_fit_reports_wf/ds_epi_t1_report".
250527-22:38:32,149 nipype.workflow INFO:
	 [Node] Finished "_acc_msk_tfm0", elapsed time 2.605851s.
250527-22:38:32,592 nipype.workflow INFO:
	 [Node] Finished "_acc_msk_tfm2", elapsed time 2.262172s.
250527-22:38:32,784 nipype.workflow INFO:
	 [Node] Finished "acompcor", elapsed time 7.654115s.
250527-22:38:33,313 nipype.workflow INFO:
	 [Node] Executing "ds_epi_t1_report" <fmriprep.interfaces.DerivativesDataSink>
250527-22:38:33,667 nipype.workflow INFO:
	 [Node] Finished "ds_epi_t1_report", elapsed time 0.352512s.
250527-22:38:35,210 nipype.workflow INFO:
	 [Node] Setting-up "fmriprep_25_0_wf.sub_GEO036_wf.bold_ses_t3_task_image_run_4_wf.carpetplot_wf.parcels" in "/work/fmriprep_25_0_wf/sub_GEO036_wf/bold_ses_t3_task_image_run_4_wf/carpetplot_wf/parcels".
250527-22:38:35,211 nipype.workflow INFO:
	 [Node] Setting-up "fmriprep_25_0_wf.sub_GEO036_wf.bold_ses_t2_task_image_run_3_wf.bold_confounds_wf.acc_metadata_fmt" in "/work/fmriprep_25_0_wf/sub_GEO036_wf/bold_ses_t2_task_image_run_3_wf/bold_confounds_wf/acc_metadata_fmt".
250527-22:38:35,213 nipype.workflow INFO:
	 [Node] Setting-up "_acc_msk_brain0" in "/work/fmriprep_25_0_wf/sub_GEO036_wf/bold_ses_t3_task_image_run_5_wf/bold_confounds_wf/acc_msk_brain/mapflow/_acc_msk_brain0".
250527-22:38:35,505 nipype.workflow INFO:
	 [Node] Setting-up "fmriprep_25_0_wf.sub_GEO036_wf.bold_ses_t2_task_image_run_5_wf.bold_confounds_wf.acompcor" in "/work/fmriprep_25_0_wf/sub_GEO036_wf/bold_ses_t2_task_image_run_5_wf/bold_confounds_wf/acompcor".
250527-22:38:35,506 nipype.workflow INFO:
	 [Node] Setting-up "fmriprep_25_0_wf.sub_GEO036_wf.bold_ses_t2_task_image_run_4_wf.bold_confounds_wf.rename_acompcor" in "/work/fmriprep_25_0_wf/sub_GEO036_wf/bold_ses_t2_task_image_run_4_wf/bold_confounds_wf/rename_acompcor".
250527-22:38:35,507 nipype.workflow INFO:
	 [Node] Setting-up "_acc_msk_brain1" in "/work/fmriprep_25_0_wf/sub_GEO036_wf/bold_ses_t3_task_image_run_5_wf/bold_confounds_wf/acc_msk_brain/mapflow/_acc_msk_brain1".
250527-22:38:35,508 nipype.workflow INFO:
	 [Node] Setting-up "_acc_msk_brain2" in "/work/fmriprep_25_0_wf/sub_GEO036_wf/bold_ses_t3_task_image_run_5_wf/bold_confounds_wf/acc_msk_brain/mapflow/_acc_msk_brain2".
250527-22:38:36,275 nipype.workflow INFO:
	 [Node] Executing "parcels" <nipype.interfaces.utility.wrappers.Function>
250527-22:38:36,395 nipype.workflow INFO:
	 [Node] Executing "acc_metadata_fmt" <niworkflows.interfaces.utility.TSV2JSON>
250527-22:38:36,404 nipype.workflow INFO:
	 [Node] Finished "acc_metadata_fmt", elapsed time 0.00768s.
250527-22:38:36,451 nipype.workflow INFO:
	 [Node] Finished "parcels", elapsed time 0.175677s.
250527-22:38:36,538 nipype.workflow INFO:
	 [Node] Executing "_acc_msk_brain0" <niworkflows.interfaces.nibabel.ApplyMask>
250527-22:38:36,573 nipype.workflow INFO:
	 [Node] Setting-up "_acc_msk_tfm0" in "/work/fmriprep_25_0_wf/sub_GEO036_wf/bold_ses_t3_task_retrans_run_1_wf/bold_confounds_wf/acc_msk_tfm/mapflow/_acc_msk_tfm0".
250527-22:38:36,576 nipype.workflow INFO:
	 [Node] Cached "_acc_msk_tfm0" - collecting precomputed outputs
250527-22:38:36,576 nipype.workflow INFO:
	 [Node] "_acc_msk_tfm0" found cached.
250527-22:38:36,577 nipype.workflow INFO:
	 [Node] Setting-up "_acc_msk_tfm1" in "/work/fmriprep_25_0_wf/sub_GEO036_wf/bold_ses_t3_task_retrans_run_1_wf/bold_confounds_wf/acc_msk_tfm/mapflow/_acc_msk_tfm1".
250527-22:38:36,579 nipype.workflow INFO:
	 [Node] Cached "_acc_msk_tfm1" - collecting precomputed outputs
250527-22:38:36,579 nipype.workflow INFO:
	 [Node] "_acc_msk_tfm1" found cached.
250527-22:38:36,580 nipype.workflow INFO:
	 [Node] Setting-up "_acc_msk_tfm2" in "/work/fmriprep_25_0_wf/sub_GEO036_wf/bold_ses_t3_task_retrans_run_1_wf/bold_confounds_wf/acc_msk_tfm/mapflow/_acc_msk_tfm2".
250527-22:38:36,583 nipype.workflow INFO:
	 [Node] Cached "_acc_msk_tfm2" - collecting precomputed outputs
250527-22:38:36,583 nipype.workflow INFO:
	 [Node] "_acc_msk_tfm2" found cached.
250527-22:38:36,674 nipype.workflow INFO:
	 [Node] Executing "rename_acompcor" <fmriprep.interfaces.confounds.RenameACompCor>
250527-22:38:36,685 nipype.workflow INFO:
	 [Node] Finished "_acc_msk_brain0", elapsed time 0.146063s.
250527-22:38:36,752 nipype.workflow INFO:
	 [Node] Executing "_acc_msk_brain1" <niworkflows.interfaces.nibabel.ApplyMask>
250527-22:38:36,826 nipype.workflow INFO:
	 [Node] Executing "_acc_msk_brain2" <niworkflows.interfaces.nibabel.ApplyMask>
250527-22:38:36,851 nipype.workflow INFO:
	 [Node] Finished "_acc_msk_brain1", elapsed time 0.096966s.
250527-22:38:36,960 nipype.workflow INFO:
	 [Node] Finished "_acc_msk_brain2", elapsed time 0.131846s.
250527-22:38:36,975 nipype.workflow INFO:
	 [Node] Finished "rename_acompcor", elapsed time 0.29834s.
250527-22:38:37,70 nipype.workflow INFO:
	 [Node] Executing "acompcor" <niworkflows.interfaces.patches.RobustACompCor>
250527-22:38:38,363 nipype.workflow INFO:
	 [Node] Setting-up "_acc_msk_brain0" in "/work/fmriprep_25_0_wf/sub_GEO036_wf/bold_ses_t3_task_image_run_5_wf/bold_confounds_wf/acc_msk_brain/mapflow/_acc_msk_brain0".
250527-22:38:38,367 nipype.workflow INFO:
	 [Node] Cached "_acc_msk_brain0" - collecting precomputed outputs
250527-22:38:38,367 nipype.workflow INFO:
	 [Node] "_acc_msk_brain0" found cached.
250527-22:38:38,367 nipype.workflow INFO:
	 [Node] Setting-up "_acc_msk_brain1" in "/work/fmriprep_25_0_wf/sub_GEO036_wf/bold_ses_t3_task_image_run_5_wf/bold_confounds_wf/acc_msk_brain/mapflow/_acc_msk_brain1".
250527-22:38:38,372 nipype.workflow INFO:
	 [Node] Cached "_acc_msk_brain1" - collecting precomputed outputs
250527-22:38:38,372 nipype.workflow INFO:
	 [Node] "_acc_msk_brain1" found cached.
250527-22:38:38,372 nipype.workflow INFO:
	 [Node] Setting-up "_acc_msk_brain2" in "/work/fmriprep_25_0_wf/sub_GEO036_wf/bold_ses_t3_task_image_run_5_wf/bold_confounds_wf/acc_msk_brain/mapflow/_acc_msk_brain2".
250527-22:38:38,375 nipype.workflow INFO:
	 [Node] Cached "_acc_msk_brain2" - collecting precomputed outputs
250527-22:38:38,375 nipype.workflow INFO:
	 [Node] "_acc_msk_brain2" found cached.
250527-22:38:39,532 nipype.workflow INFO:
	 [Node] Setting-up "fmriprep_25_0_wf.sub_GEO036_wf.bold_ses_t2_task_image_run_1_wf.bold_anat_wf.resample" in "/work/fmriprep_25_0_wf/sub_GEO036_wf/bold_ses_t2_task_image_run_1_wf/bold_anat_wf/resample".
250527-22:38:40,306 nipype.workflow INFO:
	 [Node] Executing "resample" <fmriprep.interfaces.resampling.ResampleSeries>
250527-22:38:42,424 nipype.workflow INFO:
	 [Node] Finished "acompcor", elapsed time 5.353119s.
250527-22:38:43,533 nipype.workflow INFO:
	 [Node] Setting-up "fmriprep_25_0_wf.sub_GEO036_wf.bold_ses_t3_task_image_run_1_wf.bold_confounds_wf.acompcor" in "/work/fmriprep_25_0_wf/sub_GEO036_wf/bold_ses_t3_task_image_run_1_wf/bold_confounds_wf/acompcor".
250527-22:38:44,695 nipype.workflow INFO:
	 [Node] Executing "acompcor" <niworkflows.interfaces.patches.RobustACompCor>
250527-22:38:50,88 nipype.workflow INFO:
	 [Node] Finished "acompcor", elapsed time 5.390587s.
250527-22:38:51,535 nipype.workflow INFO:
	 [Node] Setting-up "fmriprep_25_0_wf.sub_GEO036_wf.bold_ses_t3_task_image_run_2_wf.bold_confounds_wf.acompcor" in "/work/fmriprep_25_0_wf/sub_GEO036_wf/bold_ses_t3_task_image_run_2_wf/bold_confounds_wf/acompcor".
250527-22:38:52,9 nipype.workflow INFO:
	 [Node] Executing "acompcor" <niworkflows.interfaces.patches.RobustACompCor>
250527-22:38:58,54 nipype.workflow INFO:
	 [Node] Finished "acompcor", elapsed time 6.043497s.
250527-22:38:58,674 nipype.workflow INFO:
	 [Node] Finished "resample", elapsed time 18.366697s.
250527-22:38:59,524 nipype.workflow INFO:
	 [Node] Setting-up "fmriprep_25_0_wf.sub_GEO036_wf.bold_ses_t2_task_image_run_1_wf.bold_std_wf.resample" in "/work/fmriprep_25_0_wf/sub_GEO036_wf/bold_ses_t2_task_image_run_1_wf/bold_std_wf/_in_tuple_MNI152NLin2009cAsym.resnative/resample".
250527-22:38:59,529 nipype.workflow INFO:
	 [Node] Setting-up "fmriprep_25_0_wf.sub_GEO036_wf.bold_ses_t3_task_image_run_3_wf.bold_confounds_wf.acompcor" in "/work/fmriprep_25_0_wf/sub_GEO036_wf/bold_ses_t3_task_image_run_3_wf/bold_confounds_wf/acompcor".
250527-22:39:00,207 nipype.workflow INFO:
	 [Node] Executing "acompcor" <niworkflows.interfaces.patches.RobustACompCor>
250527-22:39:00,424 nipype.workflow INFO:
	 [Node] Executing "resample" <fmriprep.interfaces.resampling.ResampleSeries>
250527-22:39:10,154 nipype.workflow INFO:
	 [Node] Finished "acompcor", elapsed time 9.945493s.
250527-22:39:11,603 nipype.workflow INFO:
	 [Node] Setting-up "fmriprep_25_0_wf.sub_GEO036_wf.bold_ses_t3_task_image_run_4_wf.bold_confounds_wf.acompcor" in "/work/fmriprep_25_0_wf/sub_GEO036_wf/bold_ses_t3_task_image_run_4_wf/bold_confounds_wf/acompcor".
250527-22:39:12,806 nipype.workflow INFO:
	 [Node] Executing "acompcor" <niworkflows.interfaces.patches.RobustACompCor>
250527-22:39:22,647 nipype.workflow INFO:
	 [Node] Finished "acompcor", elapsed time 9.833147s.
250527-22:39:23,529 nipype.workflow INFO:
	 [Node] Setting-up "fmriprep_25_0_wf.sub_GEO036_wf.bold_ses_t2_task_image_run_1_wf.bold_confounds_wf.crowncompcor" in "/work/fmriprep_25_0_wf/sub_GEO036_wf/bold_ses_t2_task_image_run_1_wf/bold_confounds_wf/crowncompcor".
250527-22:39:24,170 nipype.workflow INFO:
	 [Node] Executing "crowncompcor" <niworkflows.interfaces.patches.RobustACompCor>
250527-22:39:32,378 nipype.workflow INFO:
	 [Node] Finished "crowncompcor", elapsed time 8.207235s.
250527-22:39:33,507 nipype.workflow INFO:
	 [Node] Finished "resample", elapsed time 33.081829s.
250527-22:39:33,537 nipype.workflow INFO:
	 [Node] Setting-up "fmriprep_25_0_wf.sub_GEO036_wf.bold_ses_t2_task_image_run_1_wf.bold_confounds_wf.signals" in "/work/fmriprep_25_0_wf/sub_GEO036_wf/bold_ses_t2_task_image_run_1_wf/bold_confounds_wf/signals".
250527-22:39:33,903 nipype.workflow INFO:
	 [Node] Executing "signals" <niworkflows.interfaces.images.SignalExtraction>
250527-22:39:35,547 nipype.workflow INFO:
	 [Node] Setting-up "fmriprep_25_0_wf.sub_GEO036_wf.bold_ses_t2_task_image_run_2_wf.bold_anat_wf.resample" in "/work/fmriprep_25_0_wf/sub_GEO036_wf/bold_ses_t2_task_image_run_2_wf/bold_anat_wf/resample".
250527-22:39:36,415 nipype.workflow INFO:
	 [Node] Executing "resample" <fmriprep.interfaces.resampling.ResampleSeries>
250527-22:39:39,706 nipype.workflow INFO:
	 [Node] Finished "signals", elapsed time 5.801799s.
250527-22:39:41,552 nipype.workflow INFO:
	 [Node] Setting-up "fmriprep_25_0_wf.sub_GEO036_wf.bold_ses_t2_task_image_run_1_wf.ds_bold_std_wf.ds_bold" in "/work/fmriprep_25_0_wf/sub_GEO036_wf/bold_ses_t2_task_image_run_1_wf/ds_bold_std_wf/_in_tuple_MNI152NLin2009cAsym.resnative/ds_bold".
250527-22:39:42,473 nipype.workflow INFO:
	 [Node] Executing "ds_bold" <fmriprep.interfaces.DerivativesDataSink>
250527-22:39:54,466 nipype.workflow INFO:
	 [Node] Finished "resample", elapsed time 18.049955s.
250527-22:39:55,551 nipype.workflow INFO:
	 [Node] Setting-up "fmriprep_25_0_wf.sub_GEO036_wf.bold_ses_t2_task_image_run_2_wf.bold_std_wf.resample" in "/work/fmriprep_25_0_wf/sub_GEO036_wf/bold_ses_t2_task_image_run_2_wf/bold_std_wf/_in_tuple_MNI152NLin2009cAsym.resnative/resample".
250527-22:39:56,488 nipype.workflow INFO:
	 [Node] Executing "resample" <fmriprep.interfaces.resampling.ResampleSeries>
250527-22:40:09,635 nipype.workflow INFO:
	 [Node] Finished "ds_bold", elapsed time 27.160272s.
250527-22:40:11,576 nipype.workflow INFO:
	 [Node] Setting-up "fmriprep_25_0_wf.sub_GEO036_wf.bold_ses_t2_task_image_run_2_wf.bold_confounds_wf.crowncompcor" in "/work/fmriprep_25_0_wf/sub_GEO036_wf/bold_ses_t2_task_image_run_2_wf/bold_confounds_wf/crowncompcor".
250527-22:40:12,312 nipype.workflow INFO:
	 [Node] Executing "crowncompcor" <niworkflows.interfaces.patches.RobustACompCor>
250527-22:40:19,517 nipype.workflow INFO:
	 [Node] Finished "crowncompcor", elapsed time 7.204079s.
250527-22:40:21,554 nipype.workflow INFO:
	 [Node] Setting-up "fmriprep_25_0_wf.sub_GEO036_wf.bold_ses_t2_task_image_run_2_wf.bold_confounds_wf.signals" in "/work/fmriprep_25_0_wf/sub_GEO036_wf/bold_ses_t2_task_image_run_2_wf/bold_confounds_wf/signals".
250527-22:40:22,554 nipype.workflow INFO:
	 [Node] Executing "signals" <niworkflows.interfaces.images.SignalExtraction>
250527-22:40:28,812 nipype.workflow INFO:
	 [Node] Finished "signals", elapsed time 6.256117s.
250527-22:40:28,929 nipype.workflow INFO:
	 [Node] Finished "resample", elapsed time 32.440834s.
250527-22:40:29,594 nipype.workflow INFO:
	 [Node] Setting-up "fmriprep_25_0_wf.sub_GEO036_wf.bold_ses_t2_task_image_run_3_wf.bold_anat_wf.resample" in "/work/fmriprep_25_0_wf/sub_GEO036_wf/bold_ses_t2_task_image_run_3_wf/bold_anat_wf/resample".
250527-22:40:29,617 nipype.workflow INFO:
	 [Node] Setting-up "fmriprep_25_0_wf.sub_GEO036_wf.bold_ses_t2_task_image_run_2_wf.ds_bold_std_wf.ds_bold" in "/work/fmriprep_25_0_wf/sub_GEO036_wf/bold_ses_t2_task_image_run_2_wf/ds_bold_std_wf/_in_tuple_MNI152NLin2009cAsym.resnative/ds_bold".
250527-22:40:30,207 nipype.workflow INFO:
	 [Node] Executing "resample" <fmriprep.interfaces.resampling.ResampleSeries>
250527-22:40:30,255 nipype.workflow INFO:
	 [Node] Executing "ds_bold" <fmriprep.interfaces.DerivativesDataSink>
250527-22:40:48,881 nipype.workflow INFO:
	 [Node] Finished "resample", elapsed time 18.672832s.
250527-22:40:51,609 nipype.workflow INFO:
	 [Node] Setting-up "fmriprep_25_0_wf.sub_GEO036_wf.bold_ses_t2_task_image_run_3_wf.bold_std_wf.resample" in "/work/fmriprep_25_0_wf/sub_GEO036_wf/bold_ses_t2_task_image_run_3_wf/bold_std_wf/_in_tuple_MNI152NLin2009cAsym.resnative/resample".
250527-22:40:54,479 nipype.workflow INFO:
	 [Node] Executing "resample" <fmriprep.interfaces.resampling.ResampleSeries>
250527-22:40:57,733 nipype.workflow INFO:
	 [Node] Finished "ds_bold", elapsed time 27.476153s.
250527-22:40:59,570 nipype.workflow INFO:
	 [Node] Setting-up "fmriprep_25_0_wf.sub_GEO036_wf.bold_ses_t2_task_image_run_3_wf.bold_confounds_wf.crowncompcor" in "/work/fmriprep_25_0_wf/sub_GEO036_wf/bold_ses_t2_task_image_run_3_wf/bold_confounds_wf/crowncompcor".
250527-22:41:00,397 nipype.workflow INFO:
	 [Node] Executing "crowncompcor" <niworkflows.interfaces.patches.RobustACompCor>
250527-22:41:07,647 nipype.workflow INFO:
	 [Node] Finished "crowncompcor", elapsed time 7.24875s.
250527-22:41:09,572 nipype.workflow INFO:
	 [Node] Setting-up "fmriprep_25_0_wf.sub_GEO036_wf.bold_ses_t2_task_image_run_3_wf.bold_confounds_wf.signals" in "/work/fmriprep_25_0_wf/sub_GEO036_wf/bold_ses_t2_task_image_run_3_wf/bold_confounds_wf/signals".
250527-22:41:10,905 nipype.workflow INFO:
	 [Node] Executing "signals" <niworkflows.interfaces.images.SignalExtraction>
250527-22:41:16,751 nipype.workflow INFO:
	 [Node] Finished "signals", elapsed time 5.836476s.
250527-22:41:19,581 nipype.workflow INFO:
	 [Node] Setting-up "fmriprep_25_0_wf.sub_GEO036_wf.bold_ses_t2_task_image_run_4_wf.bold_confounds_wf.crowncompcor" in "/work/fmriprep_25_0_wf/sub_GEO036_wf/bold_ses_t2_task_image_run_4_wf/bold_confounds_wf/crowncompcor".
250527-22:41:20,287 nipype.workflow INFO:
	 [Node] Executing "crowncompcor" <niworkflows.interfaces.patches.RobustACompCor>
250527-22:41:27,9 nipype.workflow INFO:
	 [Node] Finished "resample", elapsed time 32.529196s.
250527-22:41:27,714 nipype.workflow INFO:
	 [Node] Finished "crowncompcor", elapsed time 7.425783s.
250527-22:41:29,582 nipype.workflow INFO:
	 [Node] Setting-up "fmriprep_25_0_wf.sub_GEO036_wf.bold_ses_t2_task_image_run_4_wf.bold_anat_wf.resample" in "/work/fmriprep_25_0_wf/sub_GEO036_wf/bold_ses_t2_task_image_run_4_wf/bold_anat_wf/resample".
250527-22:41:29,593 nipype.workflow INFO:
	 [Node] Setting-up "fmriprep_25_0_wf.sub_GEO036_wf.bold_ses_t2_task_image_run_3_wf.ds_bold_std_wf.ds_bold" in "/work/fmriprep_25_0_wf/sub_GEO036_wf/bold_ses_t2_task_image_run_3_wf/ds_bold_std_wf/_in_tuple_MNI152NLin2009cAsym.resnative/ds_bold".
250527-22:41:30,481 nipype.workflow INFO:
	 [Node] Executing "ds_bold" <fmriprep.interfaces.DerivativesDataSink>
250527-22:41:30,993 nipype.workflow INFO:
	 [Node] Executing "resample" <fmriprep.interfaces.resampling.ResampleSeries>
250527-22:41:49,272 nipype.workflow INFO:
	 [Node] Finished "resample", elapsed time 18.277454s.
250527-22:41:51,588 nipype.workflow INFO:
	 [Node] Setting-up "fmriprep_25_0_wf.sub_GEO036_wf.bold_ses_t2_task_image_run_4_wf.bold_std_wf.resample" in "/work/fmriprep_25_0_wf/sub_GEO036_wf/bold_ses_t2_task_image_run_4_wf/bold_std_wf/_in_tuple_MNI152NLin2009cAsym.resnative/resample".
250527-22:41:53,550 nipype.workflow INFO:
	 [Node] Executing "resample" <fmriprep.interfaces.resampling.ResampleSeries>
250527-22:41:56,548 nipype.workflow INFO:
	 [Node] Finished "ds_bold", elapsed time 26.066345s.
250527-22:41:57,573 nipype.workflow INFO:
	 [Node] Setting-up "fmriprep_25_0_wf.sub_GEO036_wf.bold_ses_t2_task_image_run_4_wf.bold_confounds_wf.signals" in "/work/fmriprep_25_0_wf/sub_GEO036_wf/bold_ses_t2_task_image_run_4_wf/bold_confounds_wf/signals".
250527-22:41:58,360 nipype.workflow INFO:
	 [Node] Executing "signals" <niworkflows.interfaces.images.SignalExtraction>
250527-22:42:04,148 nipype.workflow INFO:
	 [Node] Finished "signals", elapsed time 5.7871179999999995s.
250527-22:42:05,610 nipype.workflow INFO:
	 [Node] Setting-up "fmriprep_25_0_wf.sub_GEO036_wf.bold_ses_t2_task_image_run_5_wf.bold_confounds_wf.crowncompcor" in "/work/fmriprep_25_0_wf/sub_GEO036_wf/bold_ses_t2_task_image_run_5_wf/bold_confounds_wf/crowncompcor".
250527-22:42:06,536 nipype.workflow INFO:
	 [Node] Executing "crowncompcor" <niworkflows.interfaces.patches.RobustACompCor>
250527-22:42:14,754 nipype.workflow INFO:
	 [Node] Finished "crowncompcor", elapsed time 8.216397s.
250527-22:42:17,574 nipype.workflow INFO:
	 [Node] Setting-up "fmriprep_25_0_wf.sub_GEO036_wf.bold_ses_t2_task_image_run_5_wf.bold_confounds_wf.rename_acompcor" in "/work/fmriprep_25_0_wf/sub_GEO036_wf/bold_ses_t2_task_image_run_5_wf/bold_confounds_wf/rename_acompcor".
250527-22:42:19,449 nipype.workflow INFO:
	 [Node] Executing "rename_acompcor" <fmriprep.interfaces.confounds.RenameACompCor>
250527-22:42:20,53 nipype.workflow INFO:
	 [Node] Finished "rename_acompcor", elapsed time 0.603131s.
250527-22:42:21,576 nipype.workflow INFO:
	 [Node] Setting-up "fmriprep_25_0_wf.sub_GEO036_wf.bold_ses_t2_task_image_run_5_wf.bold_confounds_wf.signals" in "/work/fmriprep_25_0_wf/sub_GEO036_wf/bold_ses_t2_task_image_run_5_wf/bold_confounds_wf/signals".
250527-22:42:22,319 nipype.workflow INFO:
	 [Node] Executing "signals" <niworkflows.interfaces.images.SignalExtraction>
250527-22:42:27,831 nipype.workflow INFO:
	 [Node] Finished "resample", elapsed time 34.279546s.
250527-22:42:28,551 nipype.workflow INFO:
	 [Node] Finished "signals", elapsed time 6.230636s.
250527-22:42:29,580 nipype.workflow INFO:
	 [Node] Setting-up "fmriprep_25_0_wf.sub_GEO036_wf.bold_ses_t2_task_image_run_5_wf.bold_anat_wf.resample" in "/work/fmriprep_25_0_wf/sub_GEO036_wf/bold_ses_t2_task_image_run_5_wf/bold_anat_wf/resample".
250527-22:42:29,587 nipype.workflow INFO:
	 [Node] Setting-up "fmriprep_25_0_wf.sub_GEO036_wf.bold_ses_t2_task_image_run_4_wf.ds_bold_std_wf.ds_bold" in "/work/fmriprep_25_0_wf/sub_GEO036_wf/bold_ses_t2_task_image_run_4_wf/ds_bold_std_wf/_in_tuple_MNI152NLin2009cAsym.resnative/ds_bold".
250527-22:42:30,930 nipype.workflow INFO:
	 [Node] Executing "ds_bold" <fmriprep.interfaces.DerivativesDataSink>
250527-22:42:31,479 nipype.workflow INFO:
	 [Node] Executing "resample" <fmriprep.interfaces.resampling.ResampleSeries>
250527-22:42:49,232 nipype.workflow INFO:
	 [Node] Finished "resample", elapsed time 17.752083s.
250527-22:42:51,591 nipype.workflow INFO:
	 [Node] Setting-up "fmriprep_25_0_wf.sub_GEO036_wf.bold_ses_t2_task_image_run_5_wf.bold_std_wf.resample" in "/work/fmriprep_25_0_wf/sub_GEO036_wf/bold_ses_t2_task_image_run_5_wf/bold_std_wf/_in_tuple_MNI152NLin2009cAsym.resnative/resample".
250527-22:42:52,199 nipype.workflow INFO:
	 [Node] Executing "resample" <fmriprep.interfaces.resampling.ResampleSeries>
250527-22:42:57,502 nipype.workflow INFO:
	 [Node] Finished "ds_bold", elapsed time 26.571155s.
250527-22:42:59,630 nipype.workflow INFO:
	 [Node] Setting-up "fmriprep_25_0_wf.sub_GEO036_wf.bold_ses_t3_task_image_run_1_wf.bold_confounds_wf.crowncompcor" in "/work/fmriprep_25_0_wf/sub_GEO036_wf/bold_ses_t3_task_image_run_1_wf/bold_confounds_wf/crowncompcor".
250527-22:43:01,164 nipype.workflow INFO:
	 [Node] Executing "crowncompcor" <niworkflows.interfaces.patches.RobustACompCor>
250527-22:43:08,474 nipype.workflow INFO:
	 [Node] Finished "crowncompcor", elapsed time 7.309104s.
250527-22:43:09,595 nipype.workflow INFO:
	 [Node] Setting-up "fmriprep_25_0_wf.sub_GEO036_wf.bold_ses_t3_task_image_run_1_wf.bold_confounds_wf.rename_acompcor" in "/work/fmriprep_25_0_wf/sub_GEO036_wf/bold_ses_t3_task_image_run_1_wf/bold_confounds_wf/rename_acompcor".
250527-22:43:10,173 nipype.workflow INFO:
	 [Node] Executing "rename_acompcor" <fmriprep.interfaces.confounds.RenameACompCor>
250527-22:43:10,366 nipype.workflow INFO:
	 [Node] Finished "rename_acompcor", elapsed time 0.192425s.
250527-22:43:11,602 nipype.workflow INFO:
	 [Node] Setting-up "fmriprep_25_0_wf.sub_GEO036_wf.bold_ses_t3_task_image_run_1_wf.bold_confounds_wf.signals" in "/work/fmriprep_25_0_wf/sub_GEO036_wf/bold_ses_t3_task_image_run_1_wf/bold_confounds_wf/signals".
250527-22:43:12,452 nipype.workflow INFO:
	 [Node] Executing "signals" <niworkflows.interfaces.images.SignalExtraction>
250527-22:43:18,174 nipype.workflow INFO:
	 [Node] Finished "signals", elapsed time 5.721637s.
250527-22:43:19,694 nipype.workflow INFO:
	 [Node] Setting-up "fmriprep_25_0_wf.sub_GEO036_wf.bold_ses_t3_task_image_run_2_wf.bold_confounds_wf.crowncompcor" in "/work/fmriprep_25_0_wf/sub_GEO036_wf/bold_ses_t3_task_image_run_2_wf/bold_confounds_wf/crowncompcor".
250527-22:43:20,135 nipype.workflow INFO:
	 [Node] Executing "crowncompcor" <niworkflows.interfaces.patches.RobustACompCor>
250527-22:43:24,488 nipype.workflow INFO:
	 [Node] Finished "resample", elapsed time 32.288102s.
250527-22:43:25,619 nipype.workflow INFO:
	 [Node] Setting-up "fmriprep_25_0_wf.sub_GEO036_wf.bold_ses_t3_task_image_run_1_wf.bold_anat_wf.resample" in "/work/fmriprep_25_0_wf/sub_GEO036_wf/bold_ses_t3_task_image_run_1_wf/bold_anat_wf/resample".
250527-22:43:26,220 nipype.workflow INFO:
	 [Node] Executing "resample" <fmriprep.interfaces.resampling.ResampleSeries>
250527-22:43:27,882 nipype.workflow INFO:
	 [Node] Finished "crowncompcor", elapsed time 7.745125s.
250527-22:43:29,760 nipype.workflow INFO:
	 [Node] Setting-up "fmriprep_25_0_wf.sub_GEO036_wf.bold_ses_t2_task_image_run_5_wf.ds_bold_std_wf.ds_bold" in "/work/fmriprep_25_0_wf/sub_GEO036_wf/bold_ses_t2_task_image_run_5_wf/ds_bold_std_wf/_in_tuple_MNI152NLin2009cAsym.resnative/ds_bold".
250527-22:43:30,533 nipype.workflow INFO:
	 [Node] Executing "ds_bold" <fmriprep.interfaces.DerivativesDataSink>
250527-22:43:44,580 nipype.workflow INFO:
	 [Node] Finished "resample", elapsed time 18.358624s.
250527-22:43:45,618 nipype.workflow INFO:
	 [Node] Setting-up "fmriprep_25_0_wf.sub_GEO036_wf.bold_ses_t3_task_image_run_1_wf.bold_std_wf.resample" in "/work/fmriprep_25_0_wf/sub_GEO036_wf/bold_ses_t3_task_image_run_1_wf/bold_std_wf/_in_tuple_MNI152NLin2009cAsym.resnative/resample".
250527-22:43:47,225 nipype.workflow INFO:
	 [Node] Executing "resample" <fmriprep.interfaces.resampling.ResampleSeries>
250527-22:43:56,148 nipype.workflow INFO:
	 [Node] Finished "ds_bold", elapsed time 25.610133s.
250527-22:43:57,629 nipype.workflow INFO:
	 [Node] Setting-up "fmriprep_25_0_wf.sub_GEO036_wf.bold_ses_t3_task_image_run_2_wf.bold_confounds_wf.rename_acompcor" in "/work/fmriprep_25_0_wf/sub_GEO036_wf/bold_ses_t3_task_image_run_2_wf/bold_confounds_wf/rename_acompcor".
250527-22:43:59,731 nipype.workflow INFO:
	 [Node] Executing "rename_acompcor" <fmriprep.interfaces.confounds.RenameACompCor>
250527-22:44:00,81 nipype.workflow INFO:
	 [Node] Finished "rename_acompcor", elapsed time 0.349575s.
250527-22:44:01,617 nipype.workflow INFO:
	 [Node] Setting-up "fmriprep_25_0_wf.sub_GEO036_wf.bold_ses_t3_task_image_run_2_wf.bold_confounds_wf.signals" in "/work/fmriprep_25_0_wf/sub_GEO036_wf/bold_ses_t3_task_image_run_2_wf/bold_confounds_wf/signals".
250527-22:44:02,567 nipype.workflow INFO:
	 [Node] Executing "signals" <niworkflows.interfaces.images.SignalExtraction>
250527-22:44:08,637 nipype.workflow INFO:
	 [Node] Finished "signals", elapsed time 6.06915s.
250527-22:44:09,622 nipype.workflow INFO:
	 [Node] Setting-up "fmriprep_25_0_wf.sub_GEO036_wf.bold_ses_t3_task_image_run_3_wf.bold_confounds_wf.crowncompcor" in "/work/fmriprep_25_0_wf/sub_GEO036_wf/bold_ses_t3_task_image_run_3_wf/bold_confounds_wf/crowncompcor".
250527-22:44:10,612 nipype.workflow INFO:
	 [Node] Executing "crowncompcor" <niworkflows.interfaces.patches.RobustACompCor>
250527-22:44:21,169 nipype.workflow INFO:
	 [Node] Finished "resample", elapsed time 33.942287s.
250527-22:44:22,373 nipype.workflow INFO:
	 [Node] Finished "crowncompcor", elapsed time 11.760302s.
250527-22:44:23,632 nipype.workflow INFO:
	 [Node] Setting-up "fmriprep_25_0_wf.sub_GEO036_wf.bold_ses_t3_task_image_run_2_wf.bold_anat_wf.resample" in "/work/fmriprep_25_0_wf/sub_GEO036_wf/bold_ses_t3_task_image_run_2_wf/bold_anat_wf/resample".
250527-22:44:24,835 nipype.workflow INFO:
	 [Node] Executing "resample" <fmriprep.interfaces.resampling.ResampleSeries>
250527-22:44:25,625 nipype.workflow INFO:
	 [Node] Setting-up "fmriprep_25_0_wf.sub_GEO036_wf.bold_ses_t3_task_image_run_1_wf.ds_bold_std_wf.ds_bold" in "/work/fmriprep_25_0_wf/sub_GEO036_wf/bold_ses_t3_task_image_run_1_wf/ds_bold_std_wf/_in_tuple_MNI152NLin2009cAsym.resnative/ds_bold".
250527-22:44:26,376 nipype.workflow INFO:
	 [Node] Executing "ds_bold" <fmriprep.interfaces.DerivativesDataSink>
250527-22:44:44,277 nipype.workflow INFO:
	 [Node] Finished "resample", elapsed time 19.441535000000002s.
250527-22:44:45,671 nipype.workflow INFO:
	 [Node] Setting-up "fmriprep_25_0_wf.sub_GEO036_wf.bold_ses_t3_task_image_run_2_wf.bold_std_wf.resample" in "/work/fmriprep_25_0_wf/sub_GEO036_wf/bold_ses_t3_task_image_run_2_wf/bold_std_wf/_in_tuple_MNI152NLin2009cAsym.resnative/resample".
250527-22:44:47,643 nipype.workflow INFO:
	 [Node] Executing "resample" <fmriprep.interfaces.resampling.ResampleSeries>
250527-22:44:53,595 nipype.workflow INFO:
	 [Node] Finished "ds_bold", elapsed time 27.217587s.
250527-22:44:55,642 nipype.workflow INFO:
	 [Node] Setting-up "fmriprep_25_0_wf.sub_GEO036_wf.bold_ses_t3_task_image_run_3_wf.bold_confounds_wf.rename_acompcor" in "/work/fmriprep_25_0_wf/sub_GEO036_wf/bold_ses_t3_task_image_run_3_wf/bold_confounds_wf/rename_acompcor".
250527-22:44:56,224 nipype.workflow INFO:
	 [Node] Executing "rename_acompcor" <fmriprep.interfaces.confounds.RenameACompCor>
250527-22:44:56,499 nipype.workflow INFO:
	 [Node] Finished "rename_acompcor", elapsed time 0.27417s.
250527-22:44:57,641 nipype.workflow INFO:
	 [Node] Setting-up "fmriprep_25_0_wf.sub_GEO036_wf.bold_ses_t3_task_image_run_3_wf.bold_confounds_wf.signals" in "/work/fmriprep_25_0_wf/sub_GEO036_wf/bold_ses_t3_task_image_run_3_wf/bold_confounds_wf/signals".
250527-22:44:58,269 nipype.workflow INFO:
	 [Node] Executing "signals" <niworkflows.interfaces.images.SignalExtraction>
250527-22:45:04,511 nipype.workflow INFO:
	 [Node] Finished "signals", elapsed time 6.241331s.
250527-22:45:05,653 nipype.workflow INFO:
	 [Node] Setting-up "fmriprep_25_0_wf.sub_GEO036_wf.bold_ses_t3_task_image_run_4_wf.bold_confounds_wf.crowncompcor" in "/work/fmriprep_25_0_wf/sub_GEO036_wf/bold_ses_t3_task_image_run_4_wf/bold_confounds_wf/crowncompcor".
250527-22:45:06,296 nipype.workflow INFO:
	 [Node] Executing "crowncompcor" <niworkflows.interfaces.patches.RobustACompCor>
250527-22:45:17,971 nipype.workflow INFO:
	 [Node] Finished "crowncompcor", elapsed time 11.673908s.
250527-22:45:19,663 nipype.workflow INFO:
	 [Node] Setting-up "fmriprep_25_0_wf.sub_GEO036_wf.bold_ses_t3_task_image_run_4_wf.bold_confounds_wf.rename_acompcor" in "/work/fmriprep_25_0_wf/sub_GEO036_wf/bold_ses_t3_task_image_run_4_wf/bold_confounds_wf/rename_acompcor".
250527-22:45:20,423 nipype.workflow INFO:
	 [Node] Executing "rename_acompcor" <fmriprep.interfaces.confounds.RenameACompCor>
250527-22:45:21,911 nipype.workflow INFO:
	 [Node] Finished "rename_acompcor", elapsed time 1.480176s.
250527-22:45:22,264 nipype.workflow INFO:
	 [Node] Finished "resample", elapsed time 34.62018s.
250527-22:45:23,657 nipype.workflow INFO:
	 [Node] Setting-up "fmriprep_25_0_wf.sub_GEO036_wf.bold_ses_t3_task_image_run_3_wf.bold_anat_wf.resample" in "/work/fmriprep_25_0_wf/sub_GEO036_wf/bold_ses_t3_task_image_run_3_wf/bold_anat_wf/resample".
250527-22:45:23,672 nipype.workflow INFO:
	 [Node] Setting-up "fmriprep_25_0_wf.sub_GEO036_wf.bold_ses_t3_task_image_run_2_wf.ds_bold_std_wf.ds_bold" in "/work/fmriprep_25_0_wf/sub_GEO036_wf/bold_ses_t3_task_image_run_2_wf/ds_bold_std_wf/_in_tuple_MNI152NLin2009cAsym.resnative/ds_bold".
250527-22:45:24,582 nipype.workflow INFO:
	 [Node] Executing "ds_bold" <fmriprep.interfaces.DerivativesDataSink>
250527-22:45:24,649 nipype.workflow INFO:
	 [Node] Executing "resample" <fmriprep.interfaces.resampling.ResampleSeries>
250527-22:45:44,197 nipype.workflow INFO:
	 [Node] Finished "resample", elapsed time 19.546897s.
250527-22:45:45,658 nipype.workflow INFO:
	 [Node] Setting-up "fmriprep_25_0_wf.sub_GEO036_wf.bold_ses_t3_task_image_run_3_wf.bold_std_wf.resample" in "/work/fmriprep_25_0_wf/sub_GEO036_wf/bold_ses_t3_task_image_run_3_wf/bold_std_wf/_in_tuple_MNI152NLin2009cAsym.resnative/resample".
250527-22:45:46,198 nipype.workflow INFO:
	 [Node] Executing "resample" <fmriprep.interfaces.resampling.ResampleSeries>
250527-22:45:52,69 nipype.workflow INFO:
	 [Node] Finished "ds_bold", elapsed time 27.485456s.
250527-22:45:53,666 nipype.workflow INFO:
	 [Node] Setting-up "fmriprep_25_0_wf.sub_GEO036_wf.bold_ses_t3_task_image_run_4_wf.bold_confounds_wf.signals" in "/work/fmriprep_25_0_wf/sub_GEO036_wf/bold_ses_t3_task_image_run_4_wf/bold_confounds_wf/signals".
250527-22:45:54,351 nipype.workflow INFO:
	 [Node] Executing "signals" <niworkflows.interfaces.images.SignalExtraction>
250527-22:46:00,375 nipype.workflow INFO:
	 [Node] Finished "signals", elapsed time 6.022912s.
250527-22:46:01,655 nipype.workflow INFO:
	 [Node] Setting-up "fmriprep_25_0_wf.sub_GEO036_wf.bold_ses_t3_task_image_run_5_wf.bold_confounds_wf.crowncompcor" in "/work/fmriprep_25_0_wf/sub_GEO036_wf/bold_ses_t3_task_image_run_5_wf/bold_confounds_wf/crowncompcor".
250527-22:46:02,694 nipype.workflow INFO:
	 [Node] Executing "crowncompcor" <niworkflows.interfaces.patches.RobustACompCor>
250527-22:46:13,971 nipype.workflow INFO:
	 [Node] Finished "crowncompcor", elapsed time 11.275661s.
250527-22:46:15,667 nipype.workflow INFO:
	 [Node] Setting-up "fmriprep_25_0_wf.sub_GEO036_wf.bold_ses_t2_task_image_run_1_wf.bold_confounds_wf.crowncc_metadata_fmt" in "/work/fmriprep_25_0_wf/sub_GEO036_wf/bold_ses_t2_task_image_run_1_wf/bold_confounds_wf/crowncc_metadata_fmt".
250527-22:46:16,480 nipype.workflow INFO:
	 [Node] Executing "crowncc_metadata_fmt" <niworkflows.interfaces.utility.TSV2JSON>
250527-22:46:16,755 nipype.workflow INFO:
	 [Node] Finished "crowncc_metadata_fmt", elapsed time 0.272789s.
250527-22:46:18,586 nipype.workflow INFO:
	 [Node] Setting-up "fmriprep_25_0_wf.sub_GEO036_wf.bold_ses_t2_task_image_run_1_wf.bold_confounds_wf.rois_plot" in "/work/fmriprep_25_0_wf/sub_GEO036_wf/bold_ses_t2_task_image_run_1_wf/bold_confounds_wf/rois_plot".
250527-22:46:20,164 nipype.workflow INFO:
	 [Node] Executing "rois_plot" <niworkflows.interfaces.reportlets.masks.ROIsPlot>
250527-22:46:20,661 nipype.workflow INFO:
	 [Node] Finished "resample", elapsed time 34.461448s.
250527-22:46:21,674 nipype.workflow INFO:
	 [Node] Setting-up "fmriprep_25_0_wf.sub_GEO036_wf.bold_ses_t3_task_image_run_4_wf.bold_anat_wf.resample" in "/work/fmriprep_25_0_wf/sub_GEO036_wf/bold_ses_t3_task_image_run_4_wf/bold_anat_wf/resample".
250527-22:46:22,742 nipype.workflow INFO:
	 [Node] Executing "resample" <fmriprep.interfaces.resampling.ResampleSeries>
250527-22:46:38,456 nipype.workflow INFO:
	 [Node] Finished "rois_plot", elapsed time 18.290155s.
250527-22:46:39,674 nipype.workflow INFO:
	 [Node] Setting-up "fmriprep_25_0_wf.sub_GEO036_wf.bold_ses_t3_task_image_run_3_wf.ds_bold_std_wf.ds_bold" in "/work/fmriprep_25_0_wf/sub_GEO036_wf/bold_ses_t3_task_image_run_3_wf/ds_bold_std_wf/_in_tuple_MNI152NLin2009cAsym.resnative/ds_bold".
250527-22:46:40,357 nipype.workflow INFO:
	 [Node] Executing "ds_bold" <fmriprep.interfaces.DerivativesDataSink>
250527-22:46:41,826 nipype.workflow INFO:
	 [Node] Finished "resample", elapsed time 19.082451s.
250527-22:46:43,905 nipype.workflow INFO:
	 [Node] Setting-up "fmriprep_25_0_wf.sub_GEO036_wf.bold_ses_t3_task_image_run_4_wf.bold_std_wf.resample" in "/work/fmriprep_25_0_wf/sub_GEO036_wf/bold_ses_t3_task_image_run_4_wf/bold_std_wf/_in_tuple_MNI152NLin2009cAsym.resnative/resample".
250527-22:46:44,694 nipype.workflow INFO:
	 [Node] Executing "resample" <fmriprep.interfaces.resampling.ResampleSeries>
250527-22:47:07,195 nipype.workflow INFO:
	 [Node] Finished "ds_bold", elapsed time 26.837267s.
250527-22:47:11,598 nipype.workflow INFO:
	 [Node] Setting-up "fmriprep_25_0_wf.sub_GEO036_wf.bold_ses_t2_task_image_run_2_wf.bold_confounds_wf.crowncc_metadata_fmt" in "/work/fmriprep_25_0_wf/sub_GEO036_wf/bold_ses_t2_task_image_run_2_wf/bold_confounds_wf/crowncc_metadata_fmt".
250527-22:47:11,929 nipype.workflow INFO:
	 [Node] Executing "crowncc_metadata_fmt" <niworkflows.interfaces.utility.TSV2JSON>
250527-22:47:11,941 nipype.workflow INFO:
	 [Node] Finished "crowncc_metadata_fmt", elapsed time 0.010762s.
250527-22:47:15,386 nipype.workflow INFO:
	 [Node] Setting-up "fmriprep_25_0_wf.sub_GEO036_wf.bold_ses_t2_task_image_run_2_wf.bold_confounds_wf.rois_plot" in "/work/fmriprep_25_0_wf/sub_GEO036_wf/bold_ses_t2_task_image_run_2_wf/bold_confounds_wf/rois_plot".
250527-22:47:16,664 nipype.workflow INFO:
	 [Node] Executing "rois_plot" <niworkflows.interfaces.reportlets.masks.ROIsPlot>
250527-22:47:19,873 nipype.workflow INFO:
	 [Node] Finished "resample", elapsed time 35.177771s.
250527-22:47:21,952 nipype.workflow INFO:
	 [Node] Setting-up "fmriprep_25_0_wf.sub_GEO036_wf.bold_ses_t3_task_image_run_5_wf.bold_anat_wf.resample" in "/work/fmriprep_25_0_wf/sub_GEO036_wf/bold_ses_t3_task_image_run_5_wf/bold_anat_wf/resample".
250527-22:47:22,559 nipype.workflow INFO:
	 [Node] Executing "resample" <fmriprep.interfaces.resampling.ResampleSeries>
250527-22:47:33,379 nipype.workflow INFO:
	 [Node] Finished "rois_plot", elapsed time 16.713702s.
250527-22:47:35,913 nipype.workflow INFO:
	 [Node] Setting-up "fmriprep_25_0_wf.sub_GEO036_wf.bold_ses_t3_task_image_run_4_wf.ds_bold_std_wf.ds_bold" in "/work/fmriprep_25_0_wf/sub_GEO036_wf/bold_ses_t3_task_image_run_4_wf/ds_bold_std_wf/_in_tuple_MNI152NLin2009cAsym.resnative/ds_bold".
250527-22:47:36,795 nipype.workflow INFO:
	 [Node] Executing "ds_bold" <fmriprep.interfaces.DerivativesDataSink>
250527-22:47:42,295 nipype.workflow INFO:
	 [Node] Finished "resample", elapsed time 19.735241s.
250527-22:47:43,926 nipype.workflow INFO:
	 [Node] Setting-up "fmriprep_25_0_wf.sub_GEO036_wf.bold_ses_t3_task_image_run_5_wf.bold_std_wf.resample" in "/work/fmriprep_25_0_wf/sub_GEO036_wf/bold_ses_t3_task_image_run_5_wf/bold_std_wf/_in_tuple_MNI152NLin2009cAsym.resnative/resample".
250527-22:47:44,669 nipype.workflow INFO:
	 [Node] Executing "resample" <fmriprep.interfaces.resampling.ResampleSeries>
250527-22:48:05,640 nipype.workflow INFO:
	 [Node] Finished "ds_bold", elapsed time 28.843784s.
250527-22:48:09,535 nipype.workflow INFO:
	 [Node] Setting-up "fmriprep_25_0_wf.sub_GEO036_wf.bold_ses_t2_task_image_run_3_wf.bold_confounds_wf.crowncc_metadata_fmt" in "/work/fmriprep_25_0_wf/sub_GEO036_wf/bold_ses_t2_task_image_run_3_wf/bold_confounds_wf/crowncc_metadata_fmt".
250527-22:48:09,859 nipype.workflow INFO:
	 [Node] Executing "crowncc_metadata_fmt" <niworkflows.interfaces.utility.TSV2JSON>
250527-22:48:09,878 nipype.workflow INFO:
	 [Node] Finished "crowncc_metadata_fmt", elapsed time 0.018026s.
250527-22:48:13,209 nipype.workflow INFO:
	 [Node] Setting-up "fmriprep_25_0_wf.sub_GEO036_wf.bold_ses_t2_task_image_run_3_wf.bold_confounds_wf.rois_plot" in "/work/fmriprep_25_0_wf/sub_GEO036_wf/bold_ses_t2_task_image_run_3_wf/bold_confounds_wf/rois_plot".
250527-22:48:14,816 nipype.workflow INFO:
	 [Node] Executing "rois_plot" <niworkflows.interfaces.reportlets.masks.ROIsPlot>
250527-22:48:20,848 nipype.workflow INFO:
	 [Node] Finished "resample", elapsed time 36.178051s.
250527-22:48:21,952 nipype.workflow INFO:
	 [Node] Setting-up "fmriprep_25_0_wf.sub_GEO036_wf.bold_ses_t3_task_image_run_5_wf.ds_bold_std_wf.ds_bold" in "/work/fmriprep_25_0_wf/sub_GEO036_wf/bold_ses_t3_task_image_run_5_wf/ds_bold_std_wf/_in_tuple_MNI152NLin2009cAsym.resnative/ds_bold".
250527-22:48:22,938 nipype.workflow INFO:
	 [Node] Executing "ds_bold" <fmriprep.interfaces.DerivativesDataSink>
250527-22:48:24,49 nipype.workflow INFO:
	 [Node] Setting-up "fmriprep_25_0_wf.sub_GEO036_wf.bold_ses_t2_task_image_run_4_wf.bold_confounds_wf.crowncc_metadata_fmt" in "/work/fmriprep_25_0_wf/sub_GEO036_wf/bold_ses_t2_task_image_run_4_wf/bold_confounds_wf/crowncc_metadata_fmt".
250527-22:48:25,324 nipype.workflow INFO:
	 [Node] Executing "crowncc_metadata_fmt" <niworkflows.interfaces.utility.TSV2JSON>
250527-22:48:25,351 nipype.workflow INFO:
	 [Node] Finished "crowncc_metadata_fmt", elapsed time 0.026185s.
250527-22:48:26,617 nipype.workflow INFO:
	 [Node] Setting-up "fmriprep_25_0_wf.sub_GEO036_wf.bold_ses_t2_task_image_run_4_wf.bold_confounds_wf.acc_metadata_filter" in "/work/fmriprep_25_0_wf/sub_GEO036_wf/bold_ses_t2_task_image_run_4_wf/bold_confounds_wf/acc_metadata_filter".
250527-22:48:27,849 nipype.workflow INFO:
	 [Node] Executing "acc_metadata_filter" <fmriprep.interfaces.confounds.FilterDropped>
250527-22:48:27,977 nipype.workflow INFO:
	 [Node] Finished "acc_metadata_filter", elapsed time 0.126082s.
250527-22:48:29,780 nipype.workflow INFO:
	 [Node] Setting-up "fmriprep_25_0_wf.sub_GEO036_wf.bold_ses_t2_task_image_run_5_wf.bold_confounds_wf.crowncc_metadata_fmt" in "/work/fmriprep_25_0_wf/sub_GEO036_wf/bold_ses_t2_task_image_run_5_wf/bold_confounds_wf/crowncc_metadata_fmt".
250527-22:48:32,41 nipype.workflow INFO:
	 [Node] Executing "crowncc_metadata_fmt" <niworkflows.interfaces.utility.TSV2JSON>
250527-22:48:32,64 nipype.workflow INFO:
	 [Node] Finished "crowncc_metadata_fmt", elapsed time 0.02177s.
250527-22:48:32,141 nipype.workflow INFO:
	 [Node] Finished "rois_plot", elapsed time 17.32397s.
250527-22:48:32,304 nipype.workflow INFO:
	 [Node] Setting-up "fmriprep_25_0_wf.sub_GEO036_wf.bold_ses_t2_task_image_run_5_wf.bold_confounds_wf.acc_metadata_filter" in "/work/fmriprep_25_0_wf/sub_GEO036_wf/bold_ses_t2_task_image_run_5_wf/bold_confounds_wf/acc_metadata_filter".
250527-22:48:33,497 nipype.workflow INFO:
	 [Node] Executing "acc_metadata_filter" <fmriprep.interfaces.confounds.FilterDropped>
250527-22:48:33,691 nipype.workflow INFO:
	 [Node] Finished "acc_metadata_filter", elapsed time 0.192494s.
250527-22:48:34,919 nipype.workflow INFO:
	 [Node] Setting-up "fmriprep_25_0_wf.sub_GEO036_wf.bold_ses_t3_task_image_run_1_wf.bold_confounds_wf.crowncc_metadata_fmt" in "/work/fmriprep_25_0_wf/sub_GEO036_wf/bold_ses_t3_task_image_run_1_wf/bold_confounds_wf/crowncc_metadata_fmt".
250527-22:48:36,242 nipype.workflow INFO:
	 [Node] Executing "crowncc_metadata_fmt" <niworkflows.interfaces.utility.TSV2JSON>
250527-22:48:36,252 nipype.workflow INFO:
	 [Node] Finished "crowncc_metadata_fmt", elapsed time 0.008163s.
250527-22:48:37,80 nipype.workflow INFO:
	 [Node] Setting-up "fmriprep_25_0_wf.sub_GEO036_wf.bold_ses_t3_task_image_run_1_wf.bold_confounds_wf.acc_metadata_filter" in "/work/fmriprep_25_0_wf/sub_GEO036_wf/bold_ses_t3_task_image_run_1_wf/bold_confounds_wf/acc_metadata_filter".
250527-22:48:37,465 nipype.workflow INFO:
	 [Node] Setting-up "fmriprep_25_0_wf.sub_GEO036_wf.bold_ses_t3_task_retrans_run_1_wf.bold_confounds_wf.crowncompcor" in "/work/fmriprep_25_0_wf/sub_GEO036_wf/bold_ses_t3_task_retrans_run_1_wf/bold_confounds_wf/crowncompcor".
250527-22:48:39,35 nipype.workflow INFO:
	 [Node] Executing "acc_metadata_filter" <fmriprep.interfaces.confounds.FilterDropped>
250527-22:48:39,185 nipype.workflow INFO:
	 [Node] Finished "acc_metadata_filter", elapsed time 0.149297s.
250527-22:48:39,240 nipype.workflow INFO:
	 [Node] Executing "crowncompcor" <niworkflows.interfaces.patches.RobustACompCor>
250527-22:48:40,776 nipype.workflow INFO:
	 [Node] Setting-up "fmriprep_25_0_wf.sub_GEO036_wf.bold_ses_t3_task_image_run_2_wf.bold_confounds_wf.crowncc_metadata_fmt" in "/work/fmriprep_25_0_wf/sub_GEO036_wf/bold_ses_t3_task_image_run_2_wf/bold_confounds_wf/crowncc_metadata_fmt".
250527-22:48:41,685 nipype.workflow INFO:
	 [Node] Executing "crowncc_metadata_fmt" <niworkflows.interfaces.utility.TSV2JSON>
250527-22:48:41,705 nipype.workflow INFO:
	 [Node] Finished "crowncc_metadata_fmt", elapsed time 0.018931s.
250527-22:48:42,690 nipype.workflow INFO:
	 [Node] Setting-up "fmriprep_25_0_wf.sub_GEO036_wf.bold_ses_t3_task_image_run_2_wf.bold_confounds_wf.acc_metadata_filter" in "/work/fmriprep_25_0_wf/sub_GEO036_wf/bold_ses_t3_task_image_run_2_wf/bold_confounds_wf/acc_metadata_filter".
250527-22:48:43,505 nipype.workflow INFO:
	 [Node] Executing "acc_metadata_filter" <fmriprep.interfaces.confounds.FilterDropped>
250527-22:48:43,589 nipype.workflow INFO:
	 [Node] Finished "acc_metadata_filter", elapsed time 0.082553s.
250527-22:48:46,89 nipype.workflow INFO:
	 [Node] Setting-up "fmriprep_25_0_wf.sub_GEO036_wf.bold_ses_t3_task_image_run_3_wf.bold_confounds_wf.crowncc_metadata_fmt" in "/work/fmriprep_25_0_wf/sub_GEO036_wf/bold_ses_t3_task_image_run_3_wf/bold_confounds_wf/crowncc_metadata_fmt".
250527-22:48:46,737 nipype.workflow INFO:
	 [Node] Executing "crowncc_metadata_fmt" <niworkflows.interfaces.utility.TSV2JSON>
250527-22:48:46,748 nipype.workflow INFO:
	 [Node] Finished "crowncc_metadata_fmt", elapsed time 0.01022s.
250527-22:48:47,280 nipype.workflow INFO:
	 [Node] Setting-up "fmriprep_25_0_wf.sub_GEO036_wf.bold_ses_t3_task_image_run_3_wf.bold_confounds_wf.acc_metadata_filter" in "/work/fmriprep_25_0_wf/sub_GEO036_wf/bold_ses_t3_task_image_run_3_wf/bold_confounds_wf/acc_metadata_filter".
250527-22:48:48,789 nipype.workflow INFO:
	 [Node] Executing "acc_metadata_filter" <fmriprep.interfaces.confounds.FilterDropped>
250527-22:48:48,879 nipype.workflow INFO:
	 [Node] Finished "acc_metadata_filter", elapsed time 0.088766s.
250527-22:48:50,427 nipype.workflow INFO:
	 [Node] Finished "ds_bold", elapsed time 27.487774s.
250527-22:48:51,342 nipype.workflow INFO:
	 [Node] Setting-up "fmriprep_25_0_wf.sub_GEO036_wf.bold_ses_t3_task_image_run_4_wf.bold_confounds_wf.crowncc_metadata_fmt" in "/work/fmriprep_25_0_wf/sub_GEO036_wf/bold_ses_t3_task_image_run_4_wf/bold_confounds_wf/crowncc_metadata_fmt".
250527-22:48:52,688 nipype.workflow INFO:
	 [Node] Executing "crowncc_metadata_fmt" <niworkflows.interfaces.utility.TSV2JSON>
250527-22:48:52,711 nipype.workflow INFO:
	 [Node] Finished "crowncc_metadata_fmt", elapsed time 0.021945s.
250527-22:48:53,262 nipype.workflow INFO:
	 [Node] Setting-up "fmriprep_25_0_wf.sub_GEO036_wf.bold_ses_t3_task_image_run_4_wf.bold_confounds_wf.acc_metadata_filter" in "/work/fmriprep_25_0_wf/sub_GEO036_wf/bold_ses_t3_task_image_run_4_wf/bold_confounds_wf/acc_metadata_filter".
250527-22:48:53,877 nipype.workflow INFO:
	 [Node] Finished "crowncompcor", elapsed time 14.635233s.
250527-22:48:54,154 nipype.workflow INFO:
	 [Node] Executing "acc_metadata_filter" <fmriprep.interfaces.confounds.FilterDropped>
250527-22:48:54,283 nipype.workflow INFO:
	 [Node] Finished "acc_metadata_filter", elapsed time 0.127773s.
250527-22:48:55,246 nipype.workflow INFO:
	 [Node] Setting-up "fmriprep_25_0_wf.sub_GEO036_wf.bold_ses_t3_task_image_run_5_wf.bold_confounds_wf.crowncc_metadata_fmt" in "/work/fmriprep_25_0_wf/sub_GEO036_wf/bold_ses_t3_task_image_run_5_wf/bold_confounds_wf/crowncc_metadata_fmt".
250527-22:48:55,265 nipype.workflow INFO:
	 [Node] Setting-up "fmriprep_25_0_wf.sub_GEO036_wf.bold_ses_t2_task_image_run_1_wf.bold_confounds_wf.compcor_plot" in "/work/fmriprep_25_0_wf/sub_GEO036_wf/bold_ses_t2_task_image_run_1_wf/bold_confounds_wf/compcor_plot".
250527-22:48:56,106 nipype.workflow INFO:
	 [Node] Executing "crowncc_metadata_fmt" <niworkflows.interfaces.utility.TSV2JSON>
250527-22:48:56,125 nipype.workflow INFO:
	 [Node] Finished "crowncc_metadata_fmt", elapsed time 0.018426s.
250527-22:48:56,277 nipype.workflow INFO:
	 [Node] Executing "compcor_plot" <nireports.interfaces.nuisance.CompCorVariancePlot>
250527-22:48:57,227 nipype.workflow INFO:
	 [Node] Finished "compcor_plot", elapsed time 0.949368s.
250527-22:48:58,436 nipype.workflow INFO:
	 [Node] Setting-up "fmriprep_25_0_wf.sub_GEO036_wf.bold_ses_t2_task_image_run_1_wf.bold_confounds_wf.conf_corr_plot" in "/work/fmriprep_25_0_wf/sub_GEO036_wf/bold_ses_t2_task_image_run_1_wf/bold_confounds_wf/conf_corr_plot".
250527-22:48:58,443 nipype.workflow INFO:
	 [Node] Setting-up "fmriprep_25_0_wf.sub_GEO036_wf.bold_ses_t2_task_image_run_2_wf.bold_confounds_wf.compcor_plot" in "/work/fmriprep_25_0_wf/sub_GEO036_wf/bold_ses_t2_task_image_run_2_wf/bold_confounds_wf/compcor_plot".
250527-22:48:58,497 nipype.workflow INFO:
	 [Node] Setting-up "fmriprep_25_0_wf.sub_GEO036_wf.bold_ses_t2_task_image_run_1_wf.bold_confounds_wf.model_expansion" in "/work/fmriprep_25_0_wf/sub_GEO036_wf/bold_ses_t2_task_image_run_1_wf/bold_confounds_wf/model_expansion".
250527-22:48:58,762 nipype.workflow INFO:
	 [Node] Setting-up "fmriprep_25_0_wf.sub_GEO036_wf.bold_ses_t3_task_retrans_run_1_wf.bold_confounds_wf.crowncc_metadata_fmt" in "/work/fmriprep_25_0_wf/sub_GEO036_wf/bold_ses_t3_task_retrans_run_1_wf/bold_confounds_wf/crowncc_metadata_fmt".
250527-22:48:58,764 nipype.workflow INFO:
	 [Node] Setting-up "fmriprep_25_0_wf.sub_GEO036_wf.bold_ses_t2_task_image_run_4_wf.bold_confounds_wf.rois_plot" in "/work/fmriprep_25_0_wf/sub_GEO036_wf/bold_ses_t2_task_image_run_4_wf/bold_confounds_wf/rois_plot".
250527-22:48:59,330 nipype.workflow INFO:
	 [Node] Executing "model_expansion" <niworkflows.interfaces.confounds.ExpandModel>
250527-22:48:59,466 nipype.workflow INFO:
	 [Node] Executing "crowncc_metadata_fmt" <niworkflows.interfaces.utility.TSV2JSON>
250527-22:48:59,474 nipype.workflow INFO:
	 [Node] Finished "crowncc_metadata_fmt", elapsed time 0.007081s.
250527-22:48:59,557 nipype.workflow INFO:
	 [Node] Executing "rois_plot" <niworkflows.interfaces.reportlets.masks.ROIsPlot>
250527-22:48:59,682 nipype.workflow INFO:
	 [Node] Executing "compcor_plot" <nireports.interfaces.nuisance.CompCorVariancePlot>
250527-22:48:59,694 nipype.workflow INFO:
	 [Node] Executing "conf_corr_plot" <nireports.interfaces.nuisance.ConfoundsCorrelationPlot>
250527-22:48:59,771 nipype.workflow INFO:
	 [Node] Finished "model_expansion", elapsed time 0.440181s.
250527-22:49:00,161 nipype.workflow INFO:
	 [Node] Finished "compcor_plot", elapsed time 0.478189s.
250527-22:49:00,548 nipype.workflow INFO:
	 [Node] Setting-up "fmriprep_25_0_wf.sub_GEO036_wf.bold_ses_t2_task_image_run_2_wf.bold_confounds_wf.model_expansion" in "/work/fmriprep_25_0_wf/sub_GEO036_wf/bold_ses_t2_task_image_run_2_wf/bold_confounds_wf/model_expansion".
250527-22:49:00,552 nipype.workflow INFO:
	 [Node] Setting-up "fmriprep_25_0_wf.sub_GEO036_wf.bold_ses_t2_task_image_run_2_wf.bold_confounds_wf.conf_corr_plot" in "/work/fmriprep_25_0_wf/sub_GEO036_wf/bold_ses_t2_task_image_run_2_wf/bold_confounds_wf/conf_corr_plot".
250527-22:49:00,555 nipype.workflow INFO:
	 [Node] Setting-up "fmriprep_25_0_wf.sub_GEO036_wf.bold_ses_t2_task_image_run_3_wf.bold_confounds_wf.compcor_plot" in "/work/fmriprep_25_0_wf/sub_GEO036_wf/bold_ses_t2_task_image_run_3_wf/bold_confounds_wf/compcor_plot".
250527-22:49:00,684 nipype.workflow INFO:
	 [Node] Finished "conf_corr_plot", elapsed time 0.98491s.
250527-22:49:01,357 nipype.workflow INFO:
	 [Node] Executing "compcor_plot" <nireports.interfaces.nuisance.CompCorVariancePlot>
250527-22:49:01,472 nipype.workflow INFO:
	 [Node] Executing "model_expansion" <niworkflows.interfaces.confounds.ExpandModel>
250527-22:49:01,550 nipype.workflow INFO:
	 [Node] Executing "conf_corr_plot" <nireports.interfaces.nuisance.ConfoundsCorrelationPlot>
250527-22:49:01,785 nipype.workflow INFO:
	 [Node] Finished "compcor_plot", elapsed time 0.426281s.
250527-22:49:01,869 nipype.workflow INFO:
	 [Node] Finished "model_expansion", elapsed time 0.395587s.
250527-22:49:02,637 nipype.workflow INFO:
	 [Node] Finished "conf_corr_plot", elapsed time 1.085752s.
250527-22:49:03,182 nipype.workflow INFO:
	 [Node] Setting-up "fmriprep_25_0_wf.sub_GEO036_wf.bold_ses_t2_task_image_run_3_wf.bold_confounds_wf.conf_corr_plot" in "/work/fmriprep_25_0_wf/sub_GEO036_wf/bold_ses_t2_task_image_run_3_wf/bold_confounds_wf/conf_corr_plot".
250527-22:49:03,182 nipype.workflow INFO:
	 [Node] Setting-up "fmriprep_25_0_wf.sub_GEO036_wf.bold_ses_t2_task_image_run_3_wf.bold_confounds_wf.model_expansion" in "/work/fmriprep_25_0_wf/sub_GEO036_wf/bold_ses_t2_task_image_run_3_wf/bold_confounds_wf/model_expansion".
250527-22:49:03,184 nipype.workflow INFO:
	 [Node] Setting-up "fmriprep_25_0_wf.sub_GEO036_wf.bold_ses_t2_task_image_run_4_wf.bold_confounds_wf.compcor_plot" in "/work/fmriprep_25_0_wf/sub_GEO036_wf/bold_ses_t2_task_image_run_4_wf/bold_confounds_wf/compcor_plot".
250527-22:49:03,493 nipype.workflow INFO:
	 [Node] Setting-up "fmriprep_25_0_wf.sub_GEO036_wf.bold_ses_t2_task_image_run_4_wf.bold_confounds_wf.acc_metadata_fmt" in "/work/fmriprep_25_0_wf/sub_GEO036_wf/bold_ses_t2_task_image_run_4_wf/bold_confounds_wf/acc_metadata_fmt".
250527-22:49:03,495 nipype.workflow INFO:
	 [Node] Setting-up "fmriprep_25_0_wf.sub_GEO036_wf.bold_ses_t2_task_image_run_4_wf.bold_confounds_wf.model_expansion" in "/work/fmriprep_25_0_wf/sub_GEO036_wf/bold_ses_t2_task_image_run_4_wf/bold_confounds_wf/model_expansion".
250527-22:49:03,495 nipype.workflow INFO:
	 [Node] Setting-up "fmriprep_25_0_wf.sub_GEO036_wf.bold_ses_t2_task_image_run_4_wf.bold_confounds_wf.conf_corr_plot" in "/work/fmriprep_25_0_wf/sub_GEO036_wf/bold_ses_t2_task_image_run_4_wf/bold_confounds_wf/conf_corr_plot".
250527-22:49:03,495 nipype.workflow INFO:
	 [Node] Setting-up "fmriprep_25_0_wf.sub_GEO036_wf.bold_ses_t2_task_image_run_5_wf.bold_confounds_wf.compcor_plot" in "/work/fmriprep_25_0_wf/sub_GEO036_wf/bold_ses_t2_task_image_run_5_wf/bold_confounds_wf/compcor_plot".
250527-22:49:04,535 nipype.workflow INFO:
	 [Node] Executing "acc_metadata_fmt" <niworkflows.interfaces.utility.TSV2JSON>
250527-22:49:04,541 nipype.workflow INFO:
	 [Node] Executing "model_expansion" <niworkflows.interfaces.confounds.ExpandModel>
250527-22:49:04,543 nipype.workflow INFO:
	 [Node] Finished "acc_metadata_fmt", elapsed time 0.007135s.
250527-22:49:04,546 nipype.workflow INFO:
	 [Node] Executing "model_expansion" <niworkflows.interfaces.confounds.ExpandModel>
250527-22:49:04,583 nipype.workflow INFO:
	 [Node] Executing "compcor_plot" <nireports.interfaces.nuisance.CompCorVariancePlot>
250527-22:49:04,670 nipype.workflow INFO:
	 [Node] Executing "compcor_plot" <nireports.interfaces.nuisance.CompCorVariancePlot>
250527-22:49:04,699 nipype.workflow INFO:
	 [Node] Executing "conf_corr_plot" <nireports.interfaces.nuisance.ConfoundsCorrelationPlot>
250527-22:49:04,735 nipype.workflow INFO:
	 [Node] Executing "conf_corr_plot" <nireports.interfaces.nuisance.ConfoundsCorrelationPlot>
250527-22:49:04,894 nipype.workflow INFO:
	 [Node] Finished "model_expansion", elapsed time 0.352404s.
250527-22:49:04,900 nipype.workflow INFO:
	 [Node] Finished "model_expansion", elapsed time 0.351581s.
250527-22:49:04,963 nipype.workflow INFO:
	 [Node] Finished "compcor_plot", elapsed time 0.379061s.
250527-22:49:05,275 nipype.workflow INFO:
	 [Node] Finished "compcor_plot", elapsed time 0.603632s.
250527-22:49:05,499 nipype.workflow INFO:
	 [Node] Setting-up "fmriprep_25_0_wf.sub_GEO036_wf.bold_ses_t2_task_image_run_5_wf.bold_confounds_wf.acc_metadata_fmt" in "/work/fmriprep_25_0_wf/sub_GEO036_wf/bold_ses_t2_task_image_run_5_wf/bold_confounds_wf/acc_metadata_fmt".
250527-22:49:05,501 nipype.workflow INFO:
	 [Node] Setting-up "fmriprep_25_0_wf.sub_GEO036_wf.bold_ses_t2_task_image_run_5_wf.bold_confounds_wf.model_expansion" in "/work/fmriprep_25_0_wf/sub_GEO036_wf/bold_ses_t2_task_image_run_5_wf/bold_confounds_wf/model_expansion".
250527-22:49:05,774 nipype.workflow INFO:
	 [Node] Finished "conf_corr_plot", elapsed time 1.037934s.
250527-22:49:05,868 nipype.workflow INFO:
	 [Node] Finished "conf_corr_plot", elapsed time 1.168086s.
250527-22:49:06,455 nipype.workflow INFO:
	 [Node] Executing "acc_metadata_fmt" <niworkflows.interfaces.utility.TSV2JSON>
250527-22:49:06,463 nipype.workflow INFO:
	 [Node] Finished "acc_metadata_fmt", elapsed time 0.006717s.
250527-22:49:06,782 nipype.workflow INFO:
	 [Node] Executing "model_expansion" <niworkflows.interfaces.confounds.ExpandModel>
250527-22:49:07,32 nipype.workflow INFO:
	 [Node] Finished "model_expansion", elapsed time 0.249318s.
250527-22:49:07,500 nipype.workflow INFO:
	 [Node] Setting-up "fmriprep_25_0_wf.sub_GEO036_wf.bold_ses_t2_task_image_run_5_wf.bold_confounds_wf.conf_corr_plot" in "/work/fmriprep_25_0_wf/sub_GEO036_wf/bold_ses_t2_task_image_run_5_wf/bold_confounds_wf/conf_corr_plot".
250527-22:49:07,500 nipype.workflow INFO:
	 [Node] Setting-up "fmriprep_25_0_wf.sub_GEO036_wf.bold_ses_t3_task_image_run_1_wf.bold_confounds_wf.compcor_plot" in "/work/fmriprep_25_0_wf/sub_GEO036_wf/bold_ses_t3_task_image_run_1_wf/bold_confounds_wf/compcor_plot".
250527-22:49:07,501 nipype.workflow INFO:
	 [Node] Setting-up "fmriprep_25_0_wf.sub_GEO036_wf.bold_ses_t3_task_image_run_1_wf.bold_confounds_wf.acc_metadata_fmt" in "/work/fmriprep_25_0_wf/sub_GEO036_wf/bold_ses_t3_task_image_run_1_wf/bold_confounds_wf/acc_metadata_fmt".
250527-22:49:07,502 nipype.workflow INFO:
	 [Node] Setting-up "fmriprep_25_0_wf.sub_GEO036_wf.bold_ses_t3_task_image_run_1_wf.bold_confounds_wf.model_expansion" in "/work/fmriprep_25_0_wf/sub_GEO036_wf/bold_ses_t3_task_image_run_1_wf/bold_confounds_wf/model_expansion".
250527-22:49:07,502 nipype.workflow INFO:
	 [Node] Setting-up "fmriprep_25_0_wf.sub_GEO036_wf.bold_ses_t3_task_image_run_1_wf.bold_confounds_wf.conf_corr_plot" in "/work/fmriprep_25_0_wf/sub_GEO036_wf/bold_ses_t3_task_image_run_1_wf/bold_confounds_wf/conf_corr_plot".
250527-22:49:07,503 nipype.workflow INFO:
	 [Node] Setting-up "fmriprep_25_0_wf.sub_GEO036_wf.bold_ses_t3_task_image_run_2_wf.bold_confounds_wf.compcor_plot" in "/work/fmriprep_25_0_wf/sub_GEO036_wf/bold_ses_t3_task_image_run_2_wf/bold_confounds_wf/compcor_plot".
250527-22:49:08,624 nipype.workflow INFO:
	 [Node] Executing "compcor_plot" <nireports.interfaces.nuisance.CompCorVariancePlot>
250527-22:49:08,742 nipype.workflow INFO:
	 [Node] Executing "conf_corr_plot" <nireports.interfaces.nuisance.ConfoundsCorrelationPlot>
250527-22:49:08,750 nipype.workflow INFO:
	 [Node] Executing "model_expansion" <niworkflows.interfaces.confounds.ExpandModel>
250527-22:49:08,786 nipype.workflow INFO:
	 [Node] Executing "acc_metadata_fmt" <niworkflows.interfaces.utility.TSV2JSON>
250527-22:49:08,788 nipype.workflow INFO:
	 [Node] Executing "compcor_plot" <nireports.interfaces.nuisance.CompCorVariancePlot>
250527-22:49:08,795 nipype.workflow INFO:
	 [Node] Finished "acc_metadata_fmt", elapsed time 0.0071s.
250527-22:49:08,884 nipype.workflow INFO:
	 [Node] Executing "conf_corr_plot" <nireports.interfaces.nuisance.ConfoundsCorrelationPlot>
250527-22:49:09,0 nipype.workflow INFO:
	 [Node] Finished "compcor_plot", elapsed time 0.375202s.
250527-22:49:09,13 nipype.workflow INFO:
	 [Node] Finished "model_expansion", elapsed time 0.261891s.
250527-22:49:09,224 nipype.workflow INFO:
	 [Node] Finished "compcor_plot", elapsed time 0.434788s.
250527-22:49:09,499 nipype.workflow INFO:
	 [Node] Setting-up "fmriprep_25_0_wf.sub_GEO036_wf.bold_ses_t3_task_image_run_2_wf.bold_confounds_wf.acc_metadata_fmt" in "/work/fmriprep_25_0_wf/sub_GEO036_wf/bold_ses_t3_task_image_run_2_wf/bold_confounds_wf/acc_metadata_fmt".
250527-22:49:09,501 nipype.workflow INFO:
	 [Node] Setting-up "fmriprep_25_0_wf.sub_GEO036_wf.bold_ses_t3_task_image_run_2_wf.bold_confounds_wf.model_expansion" in "/work/fmriprep_25_0_wf/sub_GEO036_wf/bold_ses_t3_task_image_run_2_wf/bold_confounds_wf/model_expansion".
250527-22:49:09,647 nipype.workflow INFO:
	 [Node] Finished "conf_corr_plot", elapsed time 0.903347s.
250527-22:49:09,685 nipype.workflow INFO:
	 [Node] Finished "conf_corr_plot", elapsed time 0.80045s.
250527-22:49:10,380 nipype.workflow INFO:
	 [Node] Executing "model_expansion" <niworkflows.interfaces.confounds.ExpandModel>
250527-22:49:10,667 nipype.workflow INFO:
	 [Node] Finished "model_expansion", elapsed time 0.285088s.
250527-22:49:10,672 nipype.workflow INFO:
	 [Node] Executing "acc_metadata_fmt" <niworkflows.interfaces.utility.TSV2JSON>
250527-22:49:10,680 nipype.workflow INFO:
	 [Node] Finished "acc_metadata_fmt", elapsed time 0.006731s.
250527-22:49:11,527 nipype.workflow INFO:
	 [Node] Setting-up "fmriprep_25_0_wf.sub_GEO036_wf.bold_ses_t3_task_image_run_2_wf.bold_confounds_wf.conf_corr_plot" in "/work/fmriprep_25_0_wf/sub_GEO036_wf/bold_ses_t3_task_image_run_2_wf/bold_confounds_wf/conf_corr_plot".
250527-22:49:11,528 nipype.workflow INFO:
	 [Node] Setting-up "fmriprep_25_0_wf.sub_GEO036_wf.bold_ses_t3_task_image_run_3_wf.bold_confounds_wf.compcor_plot" in "/work/fmriprep_25_0_wf/sub_GEO036_wf/bold_ses_t3_task_image_run_3_wf/bold_confounds_wf/compcor_plot".
250527-22:49:11,529 nipype.workflow INFO:
	 [Node] Setting-up "fmriprep_25_0_wf.sub_GEO036_wf.bold_ses_t3_task_image_run_3_wf.bold_confounds_wf.acc_metadata_fmt" in "/work/fmriprep_25_0_wf/sub_GEO036_wf/bold_ses_t3_task_image_run_3_wf/bold_confounds_wf/acc_metadata_fmt".
250527-22:49:11,531 nipype.workflow INFO:
	 [Node] Setting-up "fmriprep_25_0_wf.sub_GEO036_wf.bold_ses_t3_task_image_run_3_wf.bold_confounds_wf.model_expansion" in "/work/fmriprep_25_0_wf/sub_GEO036_wf/bold_ses_t3_task_image_run_3_wf/bold_confounds_wf/model_expansion".
250527-22:49:11,531 nipype.workflow INFO:
	 [Node] Setting-up "fmriprep_25_0_wf.sub_GEO036_wf.bold_ses_t3_task_image_run_3_wf.bold_confounds_wf.conf_corr_plot" in "/work/fmriprep_25_0_wf/sub_GEO036_wf/bold_ses_t3_task_image_run_3_wf/bold_confounds_wf/conf_corr_plot".
250527-22:49:11,531 nipype.workflow INFO:
	 [Node] Setting-up "fmriprep_25_0_wf.sub_GEO036_wf.bold_ses_t3_task_image_run_4_wf.bold_confounds_wf.compcor_plot" in "/work/fmriprep_25_0_wf/sub_GEO036_wf/bold_ses_t3_task_image_run_4_wf/bold_confounds_wf/compcor_plot".
250527-22:49:12,48 nipype.workflow INFO:
	 [Node] Executing "compcor_plot" <nireports.interfaces.nuisance.CompCorVariancePlot>
250527-22:49:12,389 nipype.workflow INFO:
	 [Node] Finished "compcor_plot", elapsed time 0.339421s.
250527-22:49:12,544 nipype.workflow INFO:
	 [Node] Executing "acc_metadata_fmt" <niworkflows.interfaces.utility.TSV2JSON>
250527-22:49:12,555 nipype.workflow INFO:
	 [Node] Finished "acc_metadata_fmt", elapsed time 0.010127s.
250527-22:49:12,596 nipype.workflow INFO:
	 [Node] Executing "model_expansion" <niworkflows.interfaces.confounds.ExpandModel>
250527-22:49:12,692 nipype.workflow INFO:
	 [Node] Executing "conf_corr_plot" <nireports.interfaces.nuisance.ConfoundsCorrelationPlot>
250527-22:49:12,727 nipype.workflow INFO:
	 [Node] Executing "compcor_plot" <nireports.interfaces.nuisance.CompCorVariancePlot>
250527-22:49:12,764 nipype.workflow INFO:
	 [Node] Executing "conf_corr_plot" <nireports.interfaces.nuisance.ConfoundsCorrelationPlot>
250527-22:49:12,902 nipype.workflow INFO:
	 [Node] Finished "model_expansion", elapsed time 0.305081s.
250527-22:49:13,234 nipype.workflow INFO:
	 [Node] Finished "compcor_plot", elapsed time 0.505405s.
250527-22:49:13,507 nipype.workflow INFO:
	 [Node] Setting-up "fmriprep_25_0_wf.sub_GEO036_wf.bold_ses_t3_task_image_run_4_wf.bold_confounds_wf.acc_metadata_fmt" in "/work/fmriprep_25_0_wf/sub_GEO036_wf/bold_ses_t3_task_image_run_4_wf/bold_confounds_wf/acc_metadata_fmt".
250527-22:49:13,507 nipype.workflow INFO:
	 [Node] Setting-up "fmriprep_25_0_wf.sub_GEO036_wf.bold_ses_t3_task_image_run_4_wf.bold_confounds_wf.model_expansion" in "/work/fmriprep_25_0_wf/sub_GEO036_wf/bold_ses_t3_task_image_run_4_wf/bold_confounds_wf/model_expansion".
250527-22:49:13,508 nipype.workflow INFO:
	 [Node] Setting-up "fmriprep_25_0_wf.sub_GEO036_wf.bold_ses_t3_task_image_run_4_wf.bold_confounds_wf.conf_corr_plot" in "/work/fmriprep_25_0_wf/sub_GEO036_wf/bold_ses_t3_task_image_run_4_wf/bold_confounds_wf/conf_corr_plot".
250527-22:49:13,517 nipype.workflow INFO:
	 [Node] Finished "conf_corr_plot", elapsed time 0.824039s.
250527-22:49:13,601 nipype.workflow INFO:
	 [Node] Finished "conf_corr_plot", elapsed time 0.835891s.
250527-22:49:14,622 nipype.workflow INFO:
	 [Node] Executing "acc_metadata_fmt" <niworkflows.interfaces.utility.TSV2JSON>
250527-22:49:14,631 nipype.workflow INFO:
	 [Node] Finished "acc_metadata_fmt", elapsed time 0.007251s.
250527-22:49:14,652 nipype.workflow INFO:
	 [Node] Finished "rois_plot", elapsed time 15.093891s.
250527-22:49:14,913 nipype.workflow INFO:
	 [Node] Executing "model_expansion" <niworkflows.interfaces.confounds.ExpandModel>
250527-22:49:15,435 nipype.workflow INFO:
	 [Node] Executing "conf_corr_plot" <nireports.interfaces.nuisance.ConfoundsCorrelationPlot>
250527-22:49:15,477 nipype.workflow INFO:
	 [Node] Finished "model_expansion", elapsed time 0.561835s.
250527-22:49:16,290 nipype.workflow INFO:
	 [Node] Finished "conf_corr_plot", elapsed time 0.853616s.
250527-22:49:19,675 nipype.workflow INFO:
	 [Node] Setting-up "fmriprep_25_0_wf.sub_GEO036_wf.bold_ses_t2_task_image_run_1_wf.bold_confounds_wf.spike_regressors" in "/work/fmriprep_25_0_wf/sub_GEO036_wf/bold_ses_t2_task_image_run_1_wf/bold_confounds_wf/spike_regressors".
250527-22:49:20,623 nipype.workflow INFO:
	 [Node] Executing "spike_regressors" <niworkflows.interfaces.confounds.SpikeRegressors>
250527-22:49:21,9 nipype.workflow INFO:
	 [Node] Finished "spike_regressors", elapsed time 0.384899s.
250527-22:49:25,723 nipype.workflow INFO:
	 [Node] Setting-up "fmriprep_25_0_wf.sub_GEO036_wf.bold_ses_t2_task_image_run_2_wf.bold_confounds_wf.spike_regressors" in "/work/fmriprep_25_0_wf/sub_GEO036_wf/bold_ses_t2_task_image_run_2_wf/bold_confounds_wf/spike_regressors".
250527-22:49:27,787 nipype.workflow INFO:
	 [Node] Executing "spike_regressors" <niworkflows.interfaces.confounds.SpikeRegressors>
250527-22:49:27,932 nipype.workflow INFO:
	 [Node] Finished "spike_regressors", elapsed time 0.144562s.
250527-22:49:33,629 nipype.workflow INFO:
	 [Node] Setting-up "fmriprep_25_0_wf.sub_GEO036_wf.bold_ses_t2_task_image_run_3_wf.bold_confounds_wf.spike_regressors" in "/work/fmriprep_25_0_wf/sub_GEO036_wf/bold_ses_t2_task_image_run_3_wf/bold_confounds_wf/spike_regressors".
250527-22:49:34,660 nipype.workflow INFO:
	 [Node] Executing "spike_regressors" <niworkflows.interfaces.confounds.SpikeRegressors>
250527-22:49:34,911 nipype.workflow INFO:
	 [Node] Finished "spike_regressors", elapsed time 0.250269s.
250527-22:49:38,808 nipype.workflow INFO:
	 [Node] Setting-up "fmriprep_25_0_wf.sub_GEO036_wf.bold_ses_t2_task_image_run_4_wf.bold_confounds_wf.spike_regressors" in "/work/fmriprep_25_0_wf/sub_GEO036_wf/bold_ses_t2_task_image_run_4_wf/bold_confounds_wf/spike_regressors".
250527-22:49:39,108 nipype.workflow INFO:
	 [Node] Setting-up "fmriprep_25_0_wf.sub_GEO036_wf.bold_ses_t3_task_retrans_run_1_wf.bold_anat_wf.resample" in "/work/fmriprep_25_0_wf/sub_GEO036_wf/bold_ses_t3_task_retrans_run_1_wf/bold_anat_wf/resample".
250527-22:49:39,688 nipype.workflow INFO:
	 [Node] Executing "spike_regressors" <niworkflows.interfaces.confounds.SpikeRegressors>
250527-22:49:39,905 nipype.workflow INFO:
	 [Node] Finished "spike_regressors", elapsed time 0.21515s.
250527-22:49:39,983 nipype.workflow INFO:
	 [Node] Executing "resample" <fmriprep.interfaces.resampling.ResampleSeries>
250527-22:49:48,34 nipype.workflow INFO:
	 [Node] Setting-up "fmriprep_25_0_wf.sub_GEO036_wf.bold_ses_t2_task_image_run_5_wf.bold_confounds_wf.spike_regressors" in "/work/fmriprep_25_0_wf/sub_GEO036_wf/bold_ses_t2_task_image_run_5_wf/bold_confounds_wf/spike_regressors".
250527-22:49:49,515 nipype.workflow INFO:
	 [Node] Executing "spike_regressors" <niworkflows.interfaces.confounds.SpikeRegressors>
250527-22:49:49,777 nipype.workflow INFO:
	 [Node] Finished "spike_regressors", elapsed time 0.261596s.
250527-22:49:57,748 nipype.workflow INFO:
	 [Node] Setting-up "fmriprep_25_0_wf.sub_GEO036_wf.bold_ses_t3_task_image_run_1_wf.bold_confounds_wf.spike_regressors" in "/work/fmriprep_25_0_wf/sub_GEO036_wf/bold_ses_t3_task_image_run_1_wf/bold_confounds_wf/spike_regressors".
250527-22:49:58,541 nipype.workflow INFO:
	 [Node] Executing "spike_regressors" <niworkflows.interfaces.confounds.SpikeRegressors>
250527-22:49:58,763 nipype.workflow INFO:
	 [Node] Finished "spike_regressors", elapsed time 0.221149s.
250527-22:50:02,360 nipype.workflow INFO:
	 [Node] Finished "resample", elapsed time 22.375732s.
250527-22:50:07,463 nipype.workflow INFO:
	 [Node] Setting-up "fmriprep_25_0_wf.sub_GEO036_wf.bold_ses_t3_task_image_run_2_wf.bold_confounds_wf.spike_regressors" in "/work/fmriprep_25_0_wf/sub_GEO036_wf/bold_ses_t3_task_image_run_2_wf/bold_confounds_wf/spike_regressors".
250527-22:50:07,769 nipype.workflow INFO:
	 [Node] Setting-up "fmriprep_25_0_wf.sub_GEO036_wf.bold_ses_t3_task_retrans_run_1_wf.bold_std_wf.resample" in "/work/fmriprep_25_0_wf/sub_GEO036_wf/bold_ses_t3_task_retrans_run_1_wf/bold_std_wf/_in_tuple_MNI152NLin2009cAsym.resnative/resample".
250527-22:50:08,837 nipype.workflow INFO:
	 [Node] Executing "spike_regressors" <niworkflows.interfaces.confounds.SpikeRegressors>
250527-22:50:08,882 nipype.workflow INFO:
	 [Node] Executing "resample" <fmriprep.interfaces.resampling.ResampleSeries>
250527-22:50:09,217 nipype.workflow INFO:
	 [Node] Finished "spike_regressors", elapsed time 0.377476s.
250527-22:50:19,675 nipype.workflow INFO:
	 [Node] Setting-up "fmriprep_25_0_wf.sub_GEO036_wf.bold_ses_t3_task_image_run_3_wf.bold_confounds_wf.spike_regressors" in "/work/fmriprep_25_0_wf/sub_GEO036_wf/bold_ses_t3_task_image_run_3_wf/bold_confounds_wf/spike_regressors".
250527-22:50:20,444 nipype.workflow INFO:
	 [Node] Executing "spike_regressors" <niworkflows.interfaces.confounds.SpikeRegressors>
250527-22:50:20,657 nipype.workflow INFO:
	 [Node] Finished "spike_regressors", elapsed time 0.211653s.
250527-22:50:28,996 nipype.workflow INFO:
	 [Node] Setting-up "fmriprep_25_0_wf.sub_GEO036_wf.bold_ses_t3_task_image_run_4_wf.bold_confounds_wf.spike_regressors" in "/work/fmriprep_25_0_wf/sub_GEO036_wf/bold_ses_t3_task_image_run_4_wf/bold_confounds_wf/spike_regressors".
250527-22:50:29,807 nipype.workflow INFO:
	 [Node] Executing "spike_regressors" <niworkflows.interfaces.confounds.SpikeRegressors>
250527-22:50:30,84 nipype.workflow INFO:
	 [Node] Finished "spike_regressors", elapsed time 0.274942s.
250527-22:50:35,12 nipype.workflow INFO:
	 [Node] Setting-up "fmriprep_25_0_wf.sub_GEO036_wf.bold_ses_t2_task_image_run_1_wf.carpetplot_wf.conf_plot" in "/work/fmriprep_25_0_wf/sub_GEO036_wf/bold_ses_t2_task_image_run_1_wf/carpetplot_wf/conf_plot".
250527-22:50:36,166 nipype.workflow INFO:
	 [Node] Executing "conf_plot" <fmriprep.interfaces.confounds.FMRISummary>
250527-22:50:47,784 nipype.workflow INFO:
	 [Node] Finished "conf_plot", elapsed time 11.616739s.
250527-22:50:49,180 nipype.workflow INFO:
	 [Node] Finished "resample", elapsed time 40.29774s.
250527-22:50:51,589 nipype.workflow INFO:
	 [Node] Setting-up "fmriprep_25_0_wf.sub_GEO036_wf.bold_ses_t2_task_image_run_2_wf.carpetplot_wf.conf_plot" in "/work/fmriprep_25_0_wf/sub_GEO036_wf/bold_ses_t2_task_image_run_2_wf/carpetplot_wf/conf_plot".
250527-22:50:51,912 nipype.workflow INFO:
	 [Node] Setting-up "fmriprep_25_0_wf.sub_GEO036_wf.bold_ses_t3_task_retrans_run_1_wf.ds_bold_std_wf.ds_bold" in "/work/fmriprep_25_0_wf/sub_GEO036_wf/bold_ses_t3_task_retrans_run_1_wf/ds_bold_std_wf/_in_tuple_MNI152NLin2009cAsym.resnative/ds_bold".
250527-22:50:51,915 nipype.workflow INFO:
	 [Node] Setting-up "fmriprep_25_0_wf.sub_GEO036_wf.bold_ses_t2_task_image_run_5_wf.bold_confounds_wf.rois_plot" in "/work/fmriprep_25_0_wf/sub_GEO036_wf/bold_ses_t2_task_image_run_5_wf/bold_confounds_wf/rois_plot".
250527-22:50:53,931 nipype.workflow INFO:
	 [Node] Executing "conf_plot" <fmriprep.interfaces.confounds.FMRISummary>
250527-22:50:53,939 nipype.workflow INFO:
	 [Node] Executing "ds_bold" <fmriprep.interfaces.DerivativesDataSink>
250527-22:50:54,235 nipype.workflow INFO:
	 [Node] Executing "rois_plot" <niworkflows.interfaces.reportlets.masks.ROIsPlot>
250527-22:51:04,89 nipype.workflow INFO:
	 [Node] Finished "conf_plot", elapsed time 10.156733s.
250527-22:51:06,196 nipype.workflow INFO:
	 [Node] Setting-up "fmriprep_25_0_wf.sub_GEO036_wf.bold_ses_t2_task_image_run_3_wf.carpetplot_wf.conf_plot" in "/work/fmriprep_25_0_wf/sub_GEO036_wf/bold_ses_t2_task_image_run_3_wf/carpetplot_wf/conf_plot".
250527-22:51:07,857 nipype.workflow INFO:
	 [Node] Executing "conf_plot" <fmriprep.interfaces.confounds.FMRISummary>
250527-22:51:09,574 nipype.workflow INFO:
	 [Node] Finished "rois_plot", elapsed time 15.338219s.
250527-22:51:12,704 nipype.workflow INFO:
	 [Node] Setting-up "fmriprep_25_0_wf.sub_GEO036_wf.bold_ses_t3_task_image_run_1_wf.bold_confounds_wf.rois_plot" in "/work/fmriprep_25_0_wf/sub_GEO036_wf/bold_ses_t3_task_image_run_1_wf/bold_confounds_wf/rois_plot".
250527-22:51:14,345 nipype.workflow INFO:
	 [Node] Executing "rois_plot" <niworkflows.interfaces.reportlets.masks.ROIsPlot>
250527-22:51:18,963 nipype.workflow INFO:
	 [Node] Finished "conf_plot", elapsed time 11.10568s.
250527-22:51:22,754 nipype.workflow INFO:
	 [Node] Setting-up "fmriprep_25_0_wf.sub_GEO036_wf.bold_ses_t2_task_image_run_4_wf.carpetplot_wf.conf_plot" in "/work/fmriprep_25_0_wf/sub_GEO036_wf/bold_ses_t2_task_image_run_4_wf/carpetplot_wf/conf_plot".
250527-22:51:23,975 nipype.workflow INFO:
	 [Node] Executing "conf_plot" <fmriprep.interfaces.confounds.FMRISummary>
250527-22:51:25,804 nipype.workflow INFO:
	 [Node] Finished "ds_bold", elapsed time 31.863593s.
250527-22:51:29,385 nipype.workflow INFO:
	 [Node] Finished "rois_plot", elapsed time 15.038937s.
250527-22:51:30,984 nipype.workflow INFO:
	 [Node] Setting-up "fmriprep_25_0_wf.sub_GEO036_wf.bold_ses_t3_task_image_run_2_wf.bold_confounds_wf.rois_plot" in "/work/fmriprep_25_0_wf/sub_GEO036_wf/bold_ses_t3_task_image_run_2_wf/bold_confounds_wf/rois_plot".
250527-22:51:32,731 nipype.workflow INFO:
	 [Node] Executing "rois_plot" <niworkflows.interfaces.reportlets.masks.ROIsPlot>
250527-22:51:34,585 nipype.workflow INFO:
	 [Node] Finished "conf_plot", elapsed time 10.609302s.
250527-22:51:37,822 nipype.workflow INFO:
	 [Node] Setting-up "fmriprep_25_0_wf.sub_GEO036_wf.bold_ses_t2_task_image_run_5_wf.carpetplot_wf.conf_plot" in "/work/fmriprep_25_0_wf/sub_GEO036_wf/bold_ses_t2_task_image_run_5_wf/carpetplot_wf/conf_plot".
250527-22:51:38,787 nipype.workflow INFO:
	 [Node] Executing "conf_plot" <fmriprep.interfaces.confounds.FMRISummary>
250527-22:51:48,965 nipype.workflow INFO:
	 [Node] Finished "rois_plot", elapsed time 16.232293s.
250527-22:51:48,984 nipype.workflow INFO:
	 [Node] Finished "conf_plot", elapsed time 10.195544s.
250527-22:51:50,926 nipype.workflow INFO:
	 [Node] Setting-up "fmriprep_25_0_wf.sub_GEO036_wf.bold_ses_t3_task_image_run_3_wf.bold_confounds_wf.rois_plot" in "/work/fmriprep_25_0_wf/sub_GEO036_wf/bold_ses_t3_task_image_run_3_wf/bold_confounds_wf/rois_plot".
250527-22:51:51,526 nipype.workflow INFO:
	 [Node] Executing "rois_plot" <niworkflows.interfaces.reportlets.masks.ROIsPlot>
250527-22:51:54,157 nipype.workflow INFO:
	 [Node] Setting-up "fmriprep_25_0_wf.sub_GEO036_wf.bold_ses_t3_task_image_run_1_wf.carpetplot_wf.conf_plot" in "/work/fmriprep_25_0_wf/sub_GEO036_wf/bold_ses_t3_task_image_run_1_wf/carpetplot_wf/conf_plot".
250527-22:51:55,692 nipype.workflow INFO:
	 [Node] Executing "conf_plot" <fmriprep.interfaces.confounds.FMRISummary>
250527-22:52:05,635 nipype.workflow INFO:
	 [Node] Finished "conf_plot", elapsed time 9.941726s.
250527-22:52:07,591 nipype.workflow INFO:
	 [Node] Finished "rois_plot", elapsed time 16.06429s.
250527-22:52:08,741 nipype.workflow INFO:
	 [Node] Setting-up "fmriprep_25_0_wf.sub_GEO036_wf.bold_ses_t3_task_image_run_2_wf.carpetplot_wf.conf_plot" in "/work/fmriprep_25_0_wf/sub_GEO036_wf/bold_ses_t3_task_image_run_2_wf/carpetplot_wf/conf_plot".
250527-22:52:10,247 nipype.workflow INFO:
	 [Node] Executing "conf_plot" <fmriprep.interfaces.confounds.FMRISummary>
250527-22:52:11,585 nipype.workflow INFO:
	 [Node] Setting-up "fmriprep_25_0_wf.sub_GEO036_wf.bold_ses_t3_task_image_run_4_wf.bold_confounds_wf.rois_plot" in "/work/fmriprep_25_0_wf/sub_GEO036_wf/bold_ses_t3_task_image_run_4_wf/bold_confounds_wf/rois_plot".
250527-22:52:12,421 nipype.workflow INFO:
	 [Node] Executing "rois_plot" <niworkflows.interfaces.reportlets.masks.ROIsPlot>
250527-22:52:20,81 nipype.workflow INFO:
	 [Node] Finished "conf_plot", elapsed time 9.833117s.
250527-22:52:23,952 nipype.workflow INFO:
	 [Node] Setting-up "fmriprep_25_0_wf.sub_GEO036_wf.bold_ses_t3_task_image_run_3_wf.carpetplot_wf.conf_plot" in "/work/fmriprep_25_0_wf/sub_GEO036_wf/bold_ses_t3_task_image_run_3_wf/carpetplot_wf/conf_plot".
250527-22:52:25,85 nipype.workflow INFO:
	 [Node] Executing "conf_plot" <fmriprep.interfaces.confounds.FMRISummary>
250527-22:52:27,339 nipype.workflow INFO:
	 [Node] Finished "rois_plot", elapsed time 14.917139s.
250527-22:52:31,831 nipype.workflow INFO:
	 [Node] Setting-up "fmriprep_25_0_wf.sub_GEO036_wf.bold_ses_t3_task_image_run_4_wf.carpetplot_wf.conf_plot" in "/work/fmriprep_25_0_wf/sub_GEO036_wf/bold_ses_t3_task_image_run_4_wf/carpetplot_wf/conf_plot".
250527-22:52:31,881 nipype.workflow INFO:
	 [Node] Setting-up "_acc_msk_brain0" in "/work/fmriprep_25_0_wf/sub_GEO036_wf/bold_ses_t3_task_retrans_run_1_wf/bold_confounds_wf/acc_msk_brain/mapflow/_acc_msk_brain0".
250527-22:52:31,889 nipype.workflow INFO:
	 [Node] Setting-up "_acc_msk_brain1" in "/work/fmriprep_25_0_wf/sub_GEO036_wf/bold_ses_t3_task_retrans_run_1_wf/bold_confounds_wf/acc_msk_brain/mapflow/_acc_msk_brain1".
250527-22:52:31,905 nipype.workflow INFO:
	 [Node] Setting-up "_acc_msk_brain2" in "/work/fmriprep_25_0_wf/sub_GEO036_wf/bold_ses_t3_task_retrans_run_1_wf/bold_confounds_wf/acc_msk_brain/mapflow/_acc_msk_brain2".
250527-22:52:31,940 nipype.workflow INFO:
	 [Node] Setting-up "_acc_msk_bin0" in "/work/fmriprep_25_0_wf/sub_GEO036_wf/bold_ses_t3_task_image_run_5_wf/bold_confounds_wf/acc_msk_bin/mapflow/_acc_msk_bin0".
250527-22:52:31,948 nipype.workflow INFO:
	 [Node] Setting-up "_acc_msk_bin1" in "/work/fmriprep_25_0_wf/sub_GEO036_wf/bold_ses_t3_task_image_run_5_wf/bold_confounds_wf/acc_msk_bin/mapflow/_acc_msk_bin1".
250527-22:52:31,956 nipype.workflow INFO:
	 [Node] Setting-up "_acc_msk_bin2" in "/work/fmriprep_25_0_wf/sub_GEO036_wf/bold_ses_t3_task_image_run_5_wf/bold_confounds_wf/acc_msk_bin/mapflow/_acc_msk_bin2".
250527-22:52:32,919 nipype.workflow INFO:
	 [Node] Executing "_acc_msk_bin0" <niworkflows.interfaces.nibabel.Binarize>
250527-22:52:32,929 nipype.workflow INFO:
	 [Node] Executing "conf_plot" <fmriprep.interfaces.confounds.FMRISummary>
250527-22:52:32,972 nipype.workflow INFO:
	 [Node] Executing "_acc_msk_brain1" <niworkflows.interfaces.nibabel.ApplyMask>
250527-22:52:33,156 nipype.workflow INFO:
	 [Node] Executing "_acc_msk_bin1" <niworkflows.interfaces.nibabel.Binarize>
250527-22:52:33,241 nipype.workflow INFO:
	 [Node] Finished "_acc_msk_bin0", elapsed time 0.320925s.
250527-22:52:33,278 nipype.workflow INFO:
	 [Node] Finished "_acc_msk_brain1", elapsed time 0.304457s.
250527-22:52:33,293 nipype.workflow INFO:
	 [Node] Executing "_acc_msk_bin2" <niworkflows.interfaces.nibabel.Binarize>
250527-22:52:33,299 nipype.workflow INFO:
	 [Node] Executing "_acc_msk_brain0" <niworkflows.interfaces.nibabel.ApplyMask>
250527-22:52:33,566 nipype.workflow INFO:
	 [Node] Finished "_acc_msk_bin1", elapsed time 0.409196s.
250527-22:52:33,583 nipype.workflow INFO:
	 [Node] Finished "_acc_msk_bin2", elapsed time 0.288689s.
250527-22:52:33,622 nipype.workflow INFO:
	 [Node] Finished "_acc_msk_brain0", elapsed time 0.321518s.
250527-22:52:33,705 nipype.workflow INFO:
	 [Node] Executing "_acc_msk_brain2" <niworkflows.interfaces.nibabel.ApplyMask>
250527-22:52:33,887 nipype.workflow INFO:
	 [Node] Finished "_acc_msk_brain2", elapsed time 0.181154s.
250527-22:52:35,55 nipype.workflow INFO:
	 [Node] Finished "conf_plot", elapsed time 9.968606s.
250527-22:52:37,455 nipype.workflow INFO:
	 [Node] Setting-up "_acc_msk_bin0" in "/work/fmriprep_25_0_wf/sub_GEO036_wf/bold_ses_t3_task_image_run_5_wf/bold_confounds_wf/acc_msk_bin/mapflow/_acc_msk_bin0".
250527-22:52:37,460 nipype.workflow INFO:
	 [Node] Cached "_acc_msk_bin0" - collecting precomputed outputs
250527-22:52:37,460 nipype.workflow INFO:
	 [Node] "_acc_msk_bin0" found cached.
250527-22:52:37,461 nipype.workflow INFO:
	 [Node] Setting-up "_acc_msk_bin1" in "/work/fmriprep_25_0_wf/sub_GEO036_wf/bold_ses_t3_task_image_run_5_wf/bold_confounds_wf/acc_msk_bin/mapflow/_acc_msk_bin1".
250527-22:52:37,465 nipype.workflow INFO:
	 [Node] Cached "_acc_msk_bin1" - collecting precomputed outputs
250527-22:52:37,465 nipype.workflow INFO:
	 [Node] "_acc_msk_bin1" found cached.
250527-22:52:37,465 nipype.workflow INFO:
	 [Node] Setting-up "_acc_msk_bin2" in "/work/fmriprep_25_0_wf/sub_GEO036_wf/bold_ses_t3_task_image_run_5_wf/bold_confounds_wf/acc_msk_bin/mapflow/_acc_msk_bin2".
250527-22:52:37,470 nipype.workflow INFO:
	 [Node] Cached "_acc_msk_bin2" - collecting precomputed outputs
250527-22:52:37,470 nipype.workflow INFO:
	 [Node] "_acc_msk_bin2" found cached.
250527-22:52:37,549 nipype.workflow INFO:
	 [Node] Setting-up "_acc_msk_brain0" in "/work/fmriprep_25_0_wf/sub_GEO036_wf/bold_ses_t3_task_retrans_run_1_wf/bold_confounds_wf/acc_msk_brain/mapflow/_acc_msk_brain0".
250527-22:52:37,553 nipype.workflow INFO:
	 [Node] Cached "_acc_msk_brain0" - collecting precomputed outputs
250527-22:52:37,553 nipype.workflow INFO:
	 [Node] "_acc_msk_brain0" found cached.
250527-22:52:37,553 nipype.workflow INFO:
	 [Node] Setting-up "_acc_msk_brain1" in "/work/fmriprep_25_0_wf/sub_GEO036_wf/bold_ses_t3_task_retrans_run_1_wf/bold_confounds_wf/acc_msk_brain/mapflow/_acc_msk_brain1".
250527-22:52:37,559 nipype.workflow INFO:
	 [Node] Cached "_acc_msk_brain1" - collecting precomputed outputs
250527-22:52:37,559 nipype.workflow INFO:
	 [Node] "_acc_msk_brain1" found cached.
250527-22:52:37,559 nipype.workflow INFO:
	 [Node] Setting-up "_acc_msk_brain2" in "/work/fmriprep_25_0_wf/sub_GEO036_wf/bold_ses_t3_task_retrans_run_1_wf/bold_confounds_wf/acc_msk_brain/mapflow/_acc_msk_brain2".
250527-22:52:37,563 nipype.workflow INFO:
	 [Node] Cached "_acc_msk_brain2" - collecting precomputed outputs
250527-22:52:37,563 nipype.workflow INFO:
	 [Node] "_acc_msk_brain2" found cached.
250527-22:52:39,586 nipype.workflow INFO:
	 [Node] Setting-up "fmriprep_25_0_wf.sub_GEO036_wf.bold_ses_t3_task_image_run_5_wf.bold_confounds_wf.acompcor" in "/work/fmriprep_25_0_wf/sub_GEO036_wf/bold_ses_t3_task_image_run_5_wf/bold_confounds_wf/acompcor".
250527-22:52:40,408 nipype.workflow INFO:
	 [Node] Executing "acompcor" <niworkflows.interfaces.patches.RobustACompCor>
250527-22:52:42,766 nipype.workflow INFO:
	 [Node] Finished "conf_plot", elapsed time 9.835711s.
250527-22:52:45,797 nipype.workflow INFO:
	 [Node] Setting-up "fmriprep_25_0_wf.sub_GEO036_wf.bold_ses_t3_task_image_run_5_wf.carpetplot_wf.parcels" in "/work/fmriprep_25_0_wf/sub_GEO036_wf/bold_ses_t3_task_image_run_5_wf/carpetplot_wf/parcels".
250527-22:52:47,72 nipype.workflow INFO:
	 [Node] Executing "parcels" <nipype.interfaces.utility.wrappers.Function>
250527-22:52:47,273 nipype.workflow INFO:
	 [Node] Finished "parcels", elapsed time 0.200156s.
250527-22:52:47,868 nipype.workflow INFO:
	 [Node] Setting-up "_acc_msk_bin0" in "/work/fmriprep_25_0_wf/sub_GEO036_wf/bold_ses_t3_task_retrans_run_1_wf/bold_confounds_wf/acc_msk_bin/mapflow/_acc_msk_bin0".
250527-22:52:47,869 nipype.workflow INFO:
	 [Node] Setting-up "_acc_msk_bin1" in "/work/fmriprep_25_0_wf/sub_GEO036_wf/bold_ses_t3_task_retrans_run_1_wf/bold_confounds_wf/acc_msk_bin/mapflow/_acc_msk_bin1".
250527-22:52:47,873 nipype.workflow INFO:
	 [Node] Setting-up "_acc_msk_bin2" in "/work/fmriprep_25_0_wf/sub_GEO036_wf/bold_ses_t3_task_retrans_run_1_wf/bold_confounds_wf/acc_msk_bin/mapflow/_acc_msk_bin2".
250527-22:52:49,286 nipype.workflow INFO:
	 [Node] Executing "_acc_msk_bin0" <niworkflows.interfaces.nibabel.Binarize>
250527-22:52:49,394 nipype.workflow INFO:
	 [Node] Executing "_acc_msk_bin1" <niworkflows.interfaces.nibabel.Binarize>
250527-22:52:49,500 nipype.workflow INFO:
	 [Node] Finished "_acc_msk_bin0", elapsed time 0.212877s.
250527-22:52:49,593 nipype.workflow INFO:
	 [Node] Finished "_acc_msk_bin1", elapsed time 0.19713s.
250527-22:52:49,595 nipype.workflow INFO:
	 [Node] Executing "_acc_msk_bin2" <niworkflows.interfaces.nibabel.Binarize>
250527-22:52:50,8 nipype.workflow INFO:
	 [Node] Finished "_acc_msk_bin2", elapsed time 0.411755s.
250527-22:52:50,165 nipype.workflow INFO:
	 [Node] Finished "acompcor", elapsed time 9.755425s.
250527-22:52:52,189 nipype.workflow INFO:
	 [Node] Setting-up "fmriprep_25_0_wf.sub_GEO036_wf.bold_ses_t3_task_image_run_5_wf.bold_confounds_wf.rename_acompcor" in "/work/fmriprep_25_0_wf/sub_GEO036_wf/bold_ses_t3_task_image_run_5_wf/bold_confounds_wf/rename_acompcor".
250527-22:52:52,189 nipype.workflow INFO:
	 [Node] Setting-up "fmriprep_25_0_wf.sub_GEO036_wf.bold_ses_t3_task_image_run_5_wf.bold_confounds_wf.signals" in "/work/fmriprep_25_0_wf/sub_GEO036_wf/bold_ses_t3_task_image_run_5_wf/bold_confounds_wf/signals".
250527-22:52:54,320 nipype.workflow INFO:
	 [Node] Setting-up "_acc_msk_bin0" in "/work/fmriprep_25_0_wf/sub_GEO036_wf/bold_ses_t3_task_retrans_run_1_wf/bold_confounds_wf/acc_msk_bin/mapflow/_acc_msk_bin0".
250527-22:52:54,323 nipype.workflow INFO:
	 [Node] Cached "_acc_msk_bin0" - collecting precomputed outputs
250527-22:52:54,323 nipype.workflow INFO:
	 [Node] "_acc_msk_bin0" found cached.
250527-22:52:54,323 nipype.workflow INFO:
	 [Node] Setting-up "_acc_msk_bin1" in "/work/fmriprep_25_0_wf/sub_GEO036_wf/bold_ses_t3_task_retrans_run_1_wf/bold_confounds_wf/acc_msk_bin/mapflow/_acc_msk_bin1".
250527-22:52:54,326 nipype.workflow INFO:
	 [Node] Cached "_acc_msk_bin1" - collecting precomputed outputs
250527-22:52:54,326 nipype.workflow INFO:
	 [Node] "_acc_msk_bin1" found cached.
250527-22:52:54,327 nipype.workflow INFO:
	 [Node] Setting-up "_acc_msk_bin2" in "/work/fmriprep_25_0_wf/sub_GEO036_wf/bold_ses_t3_task_retrans_run_1_wf/bold_confounds_wf/acc_msk_bin/mapflow/_acc_msk_bin2".
250527-22:52:54,330 nipype.workflow INFO:
	 [Node] Cached "_acc_msk_bin2" - collecting precomputed outputs
250527-22:52:54,330 nipype.workflow INFO:
	 [Node] "_acc_msk_bin2" found cached.
250527-22:52:54,541 nipype.workflow INFO:
	 [Node] Executing "rename_acompcor" <fmriprep.interfaces.confounds.RenameACompCor>
250527-22:52:54,974 nipype.workflow INFO:
	 [Node] Finished "rename_acompcor", elapsed time 0.431615s.
250527-22:52:55,113 nipype.workflow INFO:
	 [Node] Executing "signals" <niworkflows.interfaces.images.SignalExtraction>
250527-22:52:58,474 nipype.workflow INFO:
	 [Node] Setting-up "fmriprep_25_0_wf.sub_GEO036_wf.bold_ses_t3_task_retrans_run_1_wf.carpetplot_wf.parcels" in "/work/fmriprep_25_0_wf/sub_GEO036_wf/bold_ses_t3_task_retrans_run_1_wf/carpetplot_wf/parcels".
250527-22:52:58,475 nipype.workflow INFO:
	 [Node] Setting-up "fmriprep_25_0_wf.sub_GEO036_wf.bold_ses_t3_task_image_run_5_wf.bold_confounds_wf.acc_metadata_filter" in "/work/fmriprep_25_0_wf/sub_GEO036_wf/bold_ses_t3_task_image_run_5_wf/bold_confounds_wf/acc_metadata_filter".
250527-22:52:58,476 nipype.workflow INFO:
	 [Node] Setting-up "fmriprep_25_0_wf.sub_GEO036_wf.bold_ses_t3_task_image_run_5_wf.bold_confounds_wf.compcor_plot" in "/work/fmriprep_25_0_wf/sub_GEO036_wf/bold_ses_t3_task_image_run_5_wf/bold_confounds_wf/compcor_plot".
250527-22:52:59,285 nipype.workflow INFO:
	 [Node] Executing "compcor_plot" <nireports.interfaces.nuisance.CompCorVariancePlot>
250527-22:52:59,318 nipype.workflow INFO:
	 [Node] Executing "acc_metadata_filter" <fmriprep.interfaces.confounds.FilterDropped>
250527-22:52:59,407 nipype.workflow INFO:
	 [Node] Executing "parcels" <nipype.interfaces.utility.wrappers.Function>
250527-22:52:59,621 nipype.workflow INFO:
	 [Node] Finished "acc_metadata_filter", elapsed time 0.301281s.
250527-22:52:59,692 nipype.workflow INFO:
	 [Node] Finished "parcels", elapsed time 0.283606s.
250527-22:52:59,753 nipype.workflow INFO:
	 [Node] Finished "compcor_plot", elapsed time 0.466495s.
250527-22:53:00,815 nipype.workflow INFO:
	 [Node] Setting-up "fmriprep_25_0_wf.sub_GEO036_wf.bold_ses_t3_task_image_run_5_wf.bold_confounds_wf.acc_metadata_fmt" in "/work/fmriprep_25_0_wf/sub_GEO036_wf/bold_ses_t3_task_image_run_5_wf/bold_confounds_wf/acc_metadata_fmt".
250527-22:53:00,913 nipype.workflow INFO:
	 [Node] Finished "signals", elapsed time 5.799682s.
250527-22:53:01,689 nipype.workflow INFO:
	 [Node] Executing "acc_metadata_fmt" <niworkflows.interfaces.utility.TSV2JSON>
250527-22:53:01,698 nipype.workflow INFO:
	 [Node] Finished "acc_metadata_fmt", elapsed time 0.007344s.
250527-22:53:03,373 nipype.workflow INFO:
	 [Node] Setting-up "fmriprep_25_0_wf.sub_GEO036_wf.bold_ses_t3_task_retrans_run_1_wf.bold_confounds_wf.acompcor" in "/work/fmriprep_25_0_wf/sub_GEO036_wf/bold_ses_t3_task_retrans_run_1_wf/bold_confounds_wf/acompcor".
250527-22:53:04,332 nipype.workflow INFO:
	 [Node] Executing "acompcor" <niworkflows.interfaces.patches.RobustACompCor>
250527-22:53:06,967 nipype.workflow INFO:
	 [Node] Setting-up "fmriprep_25_0_wf.sub_GEO036_wf.bold_ses_t3_task_image_run_5_wf.bold_confounds_wf.model_expansion" in "/work/fmriprep_25_0_wf/sub_GEO036_wf/bold_ses_t3_task_image_run_5_wf/bold_confounds_wf/model_expansion".
250527-22:53:06,968 nipype.workflow INFO:
	 [Node] Setting-up "fmriprep_25_0_wf.sub_GEO036_wf.bold_ses_t3_task_image_run_5_wf.bold_confounds_wf.conf_corr_plot" in "/work/fmriprep_25_0_wf/sub_GEO036_wf/bold_ses_t3_task_image_run_5_wf/bold_confounds_wf/conf_corr_plot".
250527-22:53:08,131 nipype.workflow INFO:
	 [Node] Executing "conf_corr_plot" <nireports.interfaces.nuisance.ConfoundsCorrelationPlot>
250527-22:53:08,253 nipype.workflow INFO:
	 [Node] Executing "model_expansion" <niworkflows.interfaces.confounds.ExpandModel>
250527-22:53:08,510 nipype.workflow INFO:
	 [Node] Finished "model_expansion", elapsed time 0.256082s.
250527-22:53:08,900 nipype.workflow INFO:
	 [Node] Finished "conf_corr_plot", elapsed time 0.768374s.
250527-22:53:09,136 nipype.workflow INFO:
	 [Node] Setting-up "fmriprep_25_0_wf.sub_GEO036_wf.bold_ses_t3_task_image_run_5_wf.bold_confounds_wf.spike_regressors" in "/work/fmriprep_25_0_wf/sub_GEO036_wf/bold_ses_t3_task_image_run_5_wf/bold_confounds_wf/spike_regressors".
250527-22:53:09,711 nipype.workflow INFO:
	 [Node] Executing "spike_regressors" <niworkflows.interfaces.confounds.SpikeRegressors>
250527-22:53:09,945 nipype.workflow INFO:
	 [Node] Finished "spike_regressors", elapsed time 0.233089s.
250527-22:53:15,678 nipype.workflow INFO:
	 [Node] Finished "acompcor", elapsed time 11.344422s.
250527-22:53:17,98 nipype.workflow INFO:
	 [Node] Setting-up "fmriprep_25_0_wf.sub_GEO036_wf.bold_ses_t3_task_retrans_run_1_wf.bold_confounds_wf.rename_acompcor" in "/work/fmriprep_25_0_wf/sub_GEO036_wf/bold_ses_t3_task_retrans_run_1_wf/bold_confounds_wf/rename_acompcor".
250527-22:53:17,99 nipype.workflow INFO:
	 [Node] Setting-up "fmriprep_25_0_wf.sub_GEO036_wf.bold_ses_t3_task_retrans_run_1_wf.bold_confounds_wf.signals" in "/work/fmriprep_25_0_wf/sub_GEO036_wf/bold_ses_t3_task_retrans_run_1_wf/bold_confounds_wf/signals".
250527-22:53:17,808 nipype.workflow INFO:
	 [Node] Executing "rename_acompcor" <fmriprep.interfaces.confounds.RenameACompCor>
250527-22:53:18,76 nipype.workflow INFO:
	 [Node] Executing "signals" <niworkflows.interfaces.images.SignalExtraction>
250527-22:53:18,272 nipype.workflow INFO:
	 [Node] Finished "rename_acompcor", elapsed time 0.462807s.
250527-22:53:19,196 nipype.workflow INFO:
	 [Node] Setting-up "fmriprep_25_0_wf.sub_GEO036_wf.bold_ses_t3_task_retrans_run_1_wf.bold_confounds_wf.acc_metadata_filter" in "/work/fmriprep_25_0_wf/sub_GEO036_wf/bold_ses_t3_task_retrans_run_1_wf/bold_confounds_wf/acc_metadata_filter".
250527-22:53:19,197 nipype.workflow INFO:
	 [Node] Setting-up "fmriprep_25_0_wf.sub_GEO036_wf.bold_ses_t3_task_retrans_run_1_wf.bold_confounds_wf.compcor_plot" in "/work/fmriprep_25_0_wf/sub_GEO036_wf/bold_ses_t3_task_retrans_run_1_wf/bold_confounds_wf/compcor_plot".
250527-22:53:20,728 nipype.workflow INFO:
	 [Node] Executing "acc_metadata_filter" <fmriprep.interfaces.confounds.FilterDropped>
250527-22:53:20,733 nipype.workflow INFO:
	 [Node] Executing "compcor_plot" <nireports.interfaces.nuisance.CompCorVariancePlot>
250527-22:53:20,842 nipype.workflow INFO:
	 [Node] Finished "acc_metadata_filter", elapsed time 0.11259s.
250527-22:53:21,87 nipype.workflow INFO:
	 [Node] Finished "compcor_plot", elapsed time 0.353007s.
250527-22:53:23,207 nipype.workflow INFO:
	 [Node] Setting-up "fmriprep_25_0_wf.sub_GEO036_wf.bold_ses_t3_task_retrans_run_1_wf.bold_confounds_wf.acc_metadata_fmt" in "/work/fmriprep_25_0_wf/sub_GEO036_wf/bold_ses_t3_task_retrans_run_1_wf/bold_confounds_wf/acc_metadata_fmt".
250527-22:53:24,520 nipype.workflow INFO:
	 [Node] Executing "acc_metadata_fmt" <niworkflows.interfaces.utility.TSV2JSON>
250527-22:53:24,528 nipype.workflow INFO:
	 [Node] Finished "acc_metadata_fmt", elapsed time 0.007397s.
250527-22:53:24,823 nipype.workflow INFO:
	 [Node] Finished "signals", elapsed time 6.746057s.
250527-22:53:26,52 nipype.workflow INFO:
	 [Node] Setting-up "fmriprep_25_0_wf.sub_GEO036_wf.bold_ses_t3_task_image_run_5_wf.bold_confounds_wf.rois_plot" in "/work/fmriprep_25_0_wf/sub_GEO036_wf/bold_ses_t3_task_image_run_5_wf/bold_confounds_wf/rois_plot".
250527-22:53:26,712 nipype.workflow INFO:
	 [Node] Executing "rois_plot" <niworkflows.interfaces.reportlets.masks.ROIsPlot>
250527-22:53:29,401 nipype.workflow INFO:
	 [Node] Setting-up "fmriprep_25_0_wf.sub_GEO036_wf.bold_ses_t3_task_image_run_5_wf.carpetplot_wf.conf_plot" in "/work/fmriprep_25_0_wf/sub_GEO036_wf/bold_ses_t3_task_image_run_5_wf/carpetplot_wf/conf_plot".
250527-22:53:30,316 nipype.workflow INFO:
	 [Node] Executing "conf_plot" <fmriprep.interfaces.confounds.FMRISummary>
250527-22:53:40,172 nipype.workflow INFO:
	 [Node] Finished "conf_plot", elapsed time 9.855197s.
250527-22:53:41,737 nipype.workflow INFO:
	 [Node] Setting-up "fmriprep_25_0_wf.sub_GEO036_wf.bold_ses_t3_task_retrans_run_1_wf.bold_confounds_wf.model_expansion" in "/work/fmriprep_25_0_wf/sub_GEO036_wf/bold_ses_t3_task_retrans_run_1_wf/bold_confounds_wf/model_expansion".
250527-22:53:41,737 nipype.workflow INFO:
	 [Node] Setting-up "fmriprep_25_0_wf.sub_GEO036_wf.bold_ses_t3_task_retrans_run_1_wf.bold_confounds_wf.conf_corr_plot" in "/work/fmriprep_25_0_wf/sub_GEO036_wf/bold_ses_t3_task_retrans_run_1_wf/bold_confounds_wf/conf_corr_plot".
250527-22:53:42,627 nipype.workflow INFO:
	 [Node] Executing "model_expansion" <niworkflows.interfaces.confounds.ExpandModel>
250527-22:53:42,892 nipype.workflow INFO:
	 [Node] Executing "conf_corr_plot" <nireports.interfaces.nuisance.ConfoundsCorrelationPlot>
250527-22:53:43,42 nipype.workflow INFO:
	 [Node] Finished "model_expansion", elapsed time 0.414201s.
250527-22:53:43,147 nipype.workflow INFO:
	 [Node] Finished "rois_plot", elapsed time 16.432774s.
250527-22:53:43,988 nipype.workflow INFO:
	 [Node] Finished "conf_corr_plot", elapsed time 1.0953330000000001s.
250527-22:53:50,67 nipype.workflow INFO:
	 [Node] Setting-up "fmriprep_25_0_wf.sub_GEO036_wf.bold_ses_t3_task_retrans_run_1_wf.bold_confounds_wf.rois_plot" in "/work/fmriprep_25_0_wf/sub_GEO036_wf/bold_ses_t3_task_retrans_run_1_wf/bold_confounds_wf/rois_plot".
250527-22:53:51,190 nipype.workflow INFO:
	 [Node] Executing "rois_plot" <niworkflows.interfaces.reportlets.masks.ROIsPlot>
250527-22:53:52,957 nipype.workflow INFO:
	 [Node] Setting-up "fmriprep_25_0_wf.sub_GEO036_wf.bold_ses_t3_task_retrans_run_1_wf.bold_confounds_wf.spike_regressors" in "/work/fmriprep_25_0_wf/sub_GEO036_wf/bold_ses_t3_task_retrans_run_1_wf/bold_confounds_wf/spike_regressors".
250527-22:53:54,248 nipype.workflow INFO:
	 [Node] Executing "spike_regressors" <niworkflows.interfaces.confounds.SpikeRegressors>
250527-22:53:54,567 nipype.workflow INFO:
	 [Node] Finished "spike_regressors", elapsed time 0.317144s.
250527-22:54:08,920 nipype.workflow INFO:
	 [Node] Finished "rois_plot", elapsed time 17.72844s.
250527-22:54:11,999 nipype.workflow INFO:
	 [Node] Setting-up "fmriprep_25_0_wf.sub_GEO036_wf.bold_ses_t3_task_retrans_run_1_wf.carpetplot_wf.conf_plot" in "/work/fmriprep_25_0_wf/sub_GEO036_wf/bold_ses_t3_task_retrans_run_1_wf/carpetplot_wf/conf_plot".
250527-22:54:12,742 nipype.workflow INFO:
	 [Node] Executing "conf_plot" <fmriprep.interfaces.confounds.FMRISummary>
250527-22:54:24,980 nipype.workflow INFO:
	 [Node] Finished "conf_plot", elapsed time 12.236973s.
250527-22:54:28,199 nipype.workflow IMPORTANT:
	 fMRIPrep finished successfully!
250527-22:54:28,244 nipype.workflow IMPORTANT:
	 Works derived from this fMRIPrep execution should include the boilerplate text found in <OUTPUT_PATH>/logs/CITATION.md.
