250528-03:14:52,278 nipype.workflow IMPORTANT:
	 Running fMRIPrep version 25.0.0

         License NOTICE ##################################################
         fMRIPrep 25.0.0
         Copyright The NiPreps Developers.
         
         This product includes software developed by
         the NiPreps Community (https://nipreps.org/).
         
         Portions of this software were developed at the Department of
         Psychology at Stanford University, Stanford, CA, US.
         
         This software is also distributed as a Docker container image.
         The bootstrapping file for the image ("Dockerfile") is licensed
         under the MIT License.
         
         This software may be distributed through an add-on package called
         "Docker Wrapper" that is under the BSD 3-clause License.
         #################################################################
250528-03:59:37,720 nipype.workflow IMPORTANT:
	 Building fMRIPrep's workflow:
           * BIDS dataset path: /data.
           * Participant list: ['GEO073'].
           * Run identifier: 20250528-011109_4d2c9d52-8e5f-4b2c-bde3-98bf82aeca34.
           * Output spaces: MNI152NLin2009cAsym:res-native.
           * Pre-run FreeSurfer's SUBJECTS_DIR: /out/sourcedata/freesurfer.
250528-03:59:57,92 nipype.workflow INFO:
	 ANAT Stage 1: Adding template workflow
250528-04:00:05,278 nipype.workflow INFO:
	 ANAT Stage 2: Preparing brain extraction workflow
250528-04:00:05,482 nipype.workflow INFO:
	 ANAT Stage 3: Preparing segmentation workflow
250528-04:00:05,486 nipype.workflow INFO:
	 ANAT Stage 4: Preparing normalization workflow for ['MNI152NLin2009cAsym']
250528-04:00:05,511 nipype.workflow INFO:
	 ANAT Stage 5: Preparing surface reconstruction workflow
250528-04:00:05,530 nipype.workflow INFO:
	 ANAT Stage 6: Preparing mask refinement workflow
250528-04:00:05,533 nipype.workflow INFO:
	 ANAT Stage 7: Creating T2w template
250528-04:00:05,537 nipype.workflow INFO:
	 ANAT Stage 8: Creating GIFTI surfaces for ['white', 'pial', 'midthickness', 'sphere_reg', 'sphere']
250528-04:00:05,552 nipype.workflow INFO:
	 ANAT Stage 8: Creating GIFTI metrics for ['thickness', 'sulc']
250528-04:00:05,558 nipype.workflow INFO:
	 ANAT Stage 8a: Creating cortical ribbon mask
250528-04:00:05,561 nipype.workflow INFO:
	 ANAT Stage 9: Creating fsLR registration sphere
250528-04:00:05,565 nipype.workflow INFO:
	 ANAT Stage 10: Creating MSM-Sulc registration sphere
250528-04:00:41,360 nipype.workflow INFO:
	 No single-band-reference found for sub-GEO073_ses-t2_task-image_run-1_bold.nii.gz.
250528-04:00:41,532 nipype.workflow INFO:
	 Stage 1: Adding HMC boldref workflow
250528-04:00:41,540 nipype.workflow INFO:
	 Stage 2: Adding motion correction workflow
250528-04:00:41,545 nipype.workflow INFO:
	 Stage 3: Adding coregistration boldref workflow
250528-04:00:45,705 nipype.workflow INFO:
	 No single-band-reference found for sub-GEO073_ses-t2_task-image_run-2_bold.nii.gz.
250528-04:00:45,820 nipype.workflow INFO:
	 Stage 1: Adding HMC boldref workflow
250528-04:00:45,827 nipype.workflow INFO:
	 Stage 2: Adding motion correction workflow
250528-04:00:45,831 nipype.workflow INFO:
	 Stage 3: Adding coregistration boldref workflow
250528-04:00:50,65 nipype.workflow INFO:
	 No single-band-reference found for sub-GEO073_ses-t2_task-image_run-3_bold.nii.gz.
250528-04:00:50,186 nipype.workflow INFO:
	 Stage 1: Adding HMC boldref workflow
250528-04:00:50,192 nipype.workflow INFO:
	 Stage 2: Adding motion correction workflow
250528-04:00:50,195 nipype.workflow INFO:
	 Stage 3: Adding coregistration boldref workflow
250528-04:00:54,880 nipype.workflow INFO:
	 No single-band-reference found for sub-GEO073_ses-t2_task-image_run-4_bold.nii.gz.
250528-04:00:54,992 nipype.workflow INFO:
	 Stage 1: Adding HMC boldref workflow
250528-04:00:54,998 nipype.workflow INFO:
	 Stage 2: Adding motion correction workflow
250528-04:00:55,1 nipype.workflow INFO:
	 Stage 3: Adding coregistration boldref workflow
250528-04:00:59,158 nipype.workflow INFO:
	 No single-band-reference found for sub-GEO073_ses-t2_task-image_run-5_bold.nii.gz.
250528-04:00:59,269 nipype.workflow INFO:
	 Stage 1: Adding HMC boldref workflow
250528-04:00:59,275 nipype.workflow INFO:
	 Stage 2: Adding motion correction workflow
250528-04:00:59,279 nipype.workflow INFO:
	 Stage 3: Adding coregistration boldref workflow
250528-04:01:09,123 nipype.workflow INFO:
	 fMRIPrep workflow graph with 1026 nodes built successfully.
250528-04:02:17,241 nipype.workflow IMPORTANT:
	 fMRIPrep started!
250528-04:02:32,193 nipype.workflow INFO:
	 [Node] Setting-up "fmriprep_25_0_wf.sub_GEO073_wf.anat_fit_wf.brain_extraction_wf.full_wm" in "/work/fmriprep_25_0_wf/sub_GEO073_wf/anat_fit_wf/brain_extraction_wf/full_wm".
250528-04:02:32,235 nipype.workflow INFO:
	 [Node] Setting-up "fmriprep_25_0_wf.sub_GEO073_wf.anat_fit_wf.brain_extraction_wf.res_tmpl" in "/work/fmriprep_25_0_wf/sub_GEO073_wf/anat_fit_wf/brain_extraction_wf/res_tmpl".
250528-04:02:32,240 nipype.workflow INFO:
	 [Node] Setting-up "fmriprep_25_0_wf.sub_GEO073_wf.anat_fit_wf.brain_extraction_wf.lap_tmpl" in "/work/fmriprep_25_0_wf/sub_GEO073_wf/anat_fit_wf/brain_extraction_wf/lap_tmpl".
250528-04:02:32,340 nipype.workflow INFO:
	 [Node] Setting-up "fmriprep_25_0_wf.sub_GEO073_wf.bold_ses_t2_task_image_run_1_wf.bold_fit_wf.hmc_boldref_wf.validation_and_dummies_wf.get_dummy" in "/work/fmriprep_25_0_wf/sub_GEO073_wf/bold_ses_t2_task_image_run_1_wf/bold_fit_wf/hmc_boldref_wf/validation_and_dummies_wf/get_dummy".
250528-04:02:32,346 nipype.workflow INFO:
	 [Node] Setting-up "fmriprep_25_0_wf.sub_GEO073_wf.bold_ses_t2_task_image_run_1_wf.bold_fit_wf.hmc_boldref_wf.validation_and_dummies_wf.val_bold" in "/work/fmriprep_25_0_wf/sub_GEO073_wf/bold_ses_t2_task_image_run_1_wf/bold_fit_wf/hmc_boldref_wf/validation_and_dummies_wf/val_bold".
250528-04:02:32,359 nipype.workflow INFO:
	 [Node] Executing "full_wm" <nipype.interfaces.utility.wrappers.Function>
250528-04:02:32,408 nipype.workflow INFO:
	 [Node] Executing "res_tmpl" <niworkflows.interfaces.nibabel.RegridToZooms>
250528-04:02:32,417 nipype.workflow INFO:
	 [Node] Executing "lap_tmpl" <nipype.interfaces.ants.utils.ImageMath>
250528-04:02:32,582 nipype.workflow INFO:
	 [Node] Executing "get_dummy" <niworkflows.interfaces.bold.NonsteadyStatesDetector>
250528-04:02:32,589 nipype.workflow INFO:
	 [Node] Executing "val_bold" <niworkflows.interfaces.header.ValidateImage>
250528-04:02:32,715 nipype.workflow INFO:
	 [Node] Finished "val_bold", elapsed time 0.12094s.
250528-04:02:33,752 nipype.workflow INFO:
	 [Node] Finished "full_wm", elapsed time 1.390646s.
250528-04:02:34,101 nipype.workflow INFO:
	 [Node] Finished "res_tmpl", elapsed time 1.6905109999999999s.
250528-04:02:34,194 nipype.workflow INFO:
	 [Node] Setting-up "fmriprep_25_0_wf.sub_GEO073_wf.bidssrc" in "/work/fmriprep_25_0_wf/sub_GEO073_wf/bidssrc".
250528-04:02:34,309 nipype.workflow INFO:
	 [Node] Setting-up "fmriprep_25_0_wf.sub_GEO073_wf.bold_ses_t2_task_image_run_1_wf.bold_native_wf.bold_source" in "/work/fmriprep_25_0_wf/sub_GEO073_wf/bold_ses_t2_task_image_run_1_wf/bold_native_wf/bold_source".
250528-04:02:34,362 nipype.workflow INFO:
	 [Node] Setting-up "fmriprep_25_0_wf.sub_GEO073_wf.bold_ses_t2_task_image_run_1_wf.bold_fit_wf.ds_hmc_boldref_wf.sources" in "/work/fmriprep_25_0_wf/sub_GEO073_wf/bold_ses_t2_task_image_run_1_wf/bold_fit_wf/ds_hmc_boldref_wf/sources".
250528-04:02:34,424 nipype.workflow INFO:
	 [Node] Setting-up "fmriprep_25_0_wf.sub_GEO073_wf.bold_ses_t2_task_image_run_1_wf.bold_fit_wf.ds_hmc_wf.sources" in "/work/fmriprep_25_0_wf/sub_GEO073_wf/bold_ses_t2_task_image_run_1_wf/bold_fit_wf/ds_hmc_wf/sources".
250528-04:02:34,426 nipype.workflow INFO:
	 [Node] Executing "bidssrc" <niworkflows.interfaces.bids.BIDSDataGrabber>
250528-04:02:34,429 nipype.interface INFO:
	 No "flair" images found for sub-GEO073
250528-04:02:34,429 nipype.interface INFO:
	 No "fmap" images found for sub-GEO073
250528-04:02:34,429 nipype.interface INFO:
	 No "sbref" images found for sub-GEO073
250528-04:02:34,429 nipype.interface INFO:
	 No "roi" images found for sub-GEO073
250528-04:02:34,429 nipype.interface INFO:
	 No "pet" images found for sub-GEO073
250528-04:02:34,429 nipype.interface INFO:
	 No "asl" images found for sub-GEO073
250528-04:02:34,430 nipype.workflow INFO:
	 [Node] Finished "bidssrc", elapsed time 0.001111s.
250528-04:02:34,561 nipype.workflow INFO:
	 [Node] Executing "bold_source" <nipype.interfaces.utility.base.Select>
250528-04:02:34,563 nipype.workflow INFO:
	 [Node] Finished "bold_source", elapsed time 0.00063s.
250528-04:02:34,627 nipype.workflow INFO:
	 [Node] Executing "sources" <fmriprep.interfaces.bids.BIDSURI>
250528-04:02:34,631 nipype.workflow INFO:
	 [Node] Finished "sources", elapsed time 0.000758s.
250528-04:02:34,681 nipype.workflow INFO:
	 [Node] Executing "sources" <fmriprep.interfaces.bids.BIDSURI>
250528-04:02:34,685 nipype.workflow INFO:
	 [Node] Finished "sources", elapsed time 0.000833s.
250528-04:02:35,473 nipype.workflow INFO:
	 [Node] Finished "get_dummy", elapsed time 2.8881959999999998s.
250528-04:02:36,252 nipype.workflow INFO:
	 [Node] Setting-up "fmriprep_25_0_wf.sub_GEO073_wf.bold_ses_t2_task_image_run_1_wf.bold_fit_wf.ds_boldmask_wf.sources" in "/work/fmriprep_25_0_wf/sub_GEO073_wf/bold_ses_t2_task_image_run_1_wf/bold_fit_wf/ds_boldmask_wf/sources".
250528-04:02:36,277 nipype.workflow INFO:
	 [Node] Setting-up "fmriprep_25_0_wf.sub_GEO073_wf.bold_ses_t2_task_image_run_2_wf.bold_fit_wf.ds_boldmask_wf.sources" in "/work/fmriprep_25_0_wf/sub_GEO073_wf/bold_ses_t2_task_image_run_2_wf/bold_fit_wf/ds_boldmask_wf/sources".
250528-04:02:36,277 nipype.workflow INFO:
	 [Node] Setting-up "fmriprep_25_0_wf.sub_GEO073_wf.bold_ses_t2_task_image_run_2_wf.bold_fit_wf.ds_hmc_wf.sources" in "/work/fmriprep_25_0_wf/sub_GEO073_wf/bold_ses_t2_task_image_run_2_wf/bold_fit_wf/ds_hmc_wf/sources".
250528-04:02:36,277 nipype.workflow INFO:
	 [Node] Setting-up "fmriprep_25_0_wf.sub_GEO073_wf.bold_ses_t2_task_image_run_2_wf.bold_fit_wf.hmc_boldref_wf.validation_and_dummies_wf.get_dummy" in "/work/fmriprep_25_0_wf/sub_GEO073_wf/bold_ses_t2_task_image_run_2_wf/bold_fit_wf/hmc_boldref_wf/validation_and_dummies_wf/get_dummy".
250528-04:02:36,278 nipype.workflow INFO:
	 [Node] Setting-up "fmriprep_25_0_wf.sub_GEO073_wf.bold_ses_t2_task_image_run_2_wf.bold_native_wf.bold_source" in "/work/fmriprep_25_0_wf/sub_GEO073_wf/bold_ses_t2_task_image_run_2_wf/bold_native_wf/bold_source".
250528-04:02:36,280 nipype.workflow INFO:
	 [Node] Setting-up "fmriprep_25_0_wf.sub_GEO073_wf.bold_ses_t2_task_image_run_2_wf.bold_fit_wf.hmc_boldref_wf.validation_and_dummies_wf.val_bold" in "/work/fmriprep_25_0_wf/sub_GEO073_wf/bold_ses_t2_task_image_run_2_wf/bold_fit_wf/hmc_boldref_wf/validation_and_dummies_wf/val_bold".
250528-04:02:36,435 nipype.workflow INFO:
	 [Node] Executing "sources" <fmriprep.interfaces.bids.BIDSURI>
250528-04:02:36,437 nipype.workflow INFO:
	 [Node] Finished "sources", elapsed time 0.000722s.
250528-04:02:36,461 nipype.workflow INFO:
	 [Node] Executing "bold_source" <nipype.interfaces.utility.base.Select>
250528-04:02:36,463 nipype.workflow INFO:
	 [Node] Finished "bold_source", elapsed time 0.000839s.
250528-04:02:36,502 nipype.workflow INFO:
	 [Node] Executing "sources" <fmriprep.interfaces.bids.BIDSURI>
250528-04:02:36,504 nipype.workflow INFO:
	 [Node] Finished "sources", elapsed time 0.000725s.
250528-04:02:36,522 nipype.workflow INFO:
	 [Node] Executing "val_bold" <niworkflows.interfaces.header.ValidateImage>
250528-04:02:36,545 nipype.workflow INFO:
	 [Node] Executing "get_dummy" <niworkflows.interfaces.bold.NonsteadyStatesDetector>
250528-04:02:36,570 nipype.workflow INFO:
	 [Node] Executing "sources" <fmriprep.interfaces.bids.BIDSURI>
250528-04:02:36,572 nipype.workflow INFO:
	 [Node] Finished "sources", elapsed time 0.000627s.
250528-04:02:36,607 nipype.workflow INFO:
	 [Node] Finished "val_bold", elapsed time 0.083664s.
250528-04:02:38,227 nipype.workflow INFO:
	 [Node] Setting-up "fmriprep_25_0_wf.sub_GEO073_wf.bold_ses_t2_task_image_run_3_wf.bold_fit_wf.hmc_boldref_wf.validation_and_dummies_wf.val_bold" in "/work/fmriprep_25_0_wf/sub_GEO073_wf/bold_ses_t2_task_image_run_3_wf/bold_fit_wf/hmc_boldref_wf/validation_and_dummies_wf/val_bold".
250528-04:02:38,227 nipype.workflow INFO:
	 [Node] Setting-up "fmriprep_25_0_wf.sub_GEO073_wf.bold_ses_t2_task_image_run_3_wf.bold_fit_wf.hmc_boldref_wf.validation_and_dummies_wf.get_dummy" in "/work/fmriprep_25_0_wf/sub_GEO073_wf/bold_ses_t2_task_image_run_3_wf/bold_fit_wf/hmc_boldref_wf/validation_and_dummies_wf/get_dummy".
250528-04:02:38,228 nipype.workflow INFO:
	 [Node] Setting-up "fmriprep_25_0_wf.sub_GEO073_wf.bold_ses_t2_task_image_run_3_wf.bold_fit_wf.ds_hmc_boldref_wf.sources" in "/work/fmriprep_25_0_wf/sub_GEO073_wf/bold_ses_t2_task_image_run_3_wf/bold_fit_wf/ds_hmc_boldref_wf/sources".
250528-04:02:38,228 nipype.workflow INFO:
	 [Node] Setting-up "fmriprep_25_0_wf.sub_GEO073_wf.bold_ses_t2_task_image_run_3_wf.bold_fit_wf.ds_boldmask_wf.sources" in "/work/fmriprep_25_0_wf/sub_GEO073_wf/bold_ses_t2_task_image_run_3_wf/bold_fit_wf/ds_boldmask_wf/sources".
250528-04:02:38,354 nipype.workflow INFO:
	 [Node] Setting-up "fmriprep_25_0_wf.sub_GEO073_wf.bold_ses_t2_task_image_run_2_wf.bold_fit_wf.ds_hmc_boldref_wf.sources" in "/work/fmriprep_25_0_wf/sub_GEO073_wf/bold_ses_t2_task_image_run_2_wf/bold_fit_wf/ds_hmc_boldref_wf/sources".
250528-04:02:38,415 nipype.workflow INFO:
	 [Node] Executing "val_bold" <niworkflows.interfaces.header.ValidateImage>
250528-04:02:38,417 nipype.workflow INFO:
	 [Node] Executing "sources" <fmriprep.interfaces.bids.BIDSURI>
250528-04:02:38,418 nipype.workflow INFO:
	 [Node] Finished "sources", elapsed time 0.000591s.
250528-04:02:38,425 nipype.workflow INFO:
	 [Node] Executing "get_dummy" <niworkflows.interfaces.bold.NonsteadyStatesDetector>
250528-04:02:38,439 nipype.workflow INFO:
	 [Node] Executing "sources" <fmriprep.interfaces.bids.BIDSURI>
250528-04:02:38,441 nipype.workflow INFO:
	 [Node] Finished "sources", elapsed time 0.00072s.
250528-04:02:38,491 nipype.workflow INFO:
	 [Node] Finished "val_bold", elapsed time 0.075481s.
250528-04:02:38,958 nipype.workflow INFO:
	 [Node] Executing "sources" <fmriprep.interfaces.bids.BIDSURI>
250528-04:02:38,960 nipype.workflow INFO:
	 [Node] Finished "sources", elapsed time 0.00085s.
250528-04:02:40,195 nipype.workflow INFO:
	 [Node] Setting-up "fmriprep_25_0_wf.sub_GEO073_wf.bold_ses_t2_task_image_run_3_wf.bold_fit_wf.ds_hmc_wf.sources" in "/work/fmriprep_25_0_wf/sub_GEO073_wf/bold_ses_t2_task_image_run_3_wf/bold_fit_wf/ds_hmc_wf/sources".
250528-04:02:40,231 nipype.workflow INFO:
	 [Node] Setting-up "fmriprep_25_0_wf.sub_GEO073_wf.bold_ses_t2_task_image_run_3_wf.bold_native_wf.bold_source" in "/work/fmriprep_25_0_wf/sub_GEO073_wf/bold_ses_t2_task_image_run_3_wf/bold_native_wf/bold_source".
250528-04:02:40,232 nipype.workflow INFO:
	 [Node] Setting-up "fmriprep_25_0_wf.sub_GEO073_wf.bold_ses_t2_task_image_run_4_wf.bold_fit_wf.ds_hmc_boldref_wf.sources" in "/work/fmriprep_25_0_wf/sub_GEO073_wf/bold_ses_t2_task_image_run_4_wf/bold_fit_wf/ds_hmc_boldref_wf/sources".
250528-04:02:40,233 nipype.workflow INFO:
	 [Node] Setting-up "fmriprep_25_0_wf.sub_GEO073_wf.bold_ses_t2_task_image_run_4_wf.bold_fit_wf.hmc_boldref_wf.validation_and_dummies_wf.get_dummy" in "/work/fmriprep_25_0_wf/sub_GEO073_wf/bold_ses_t2_task_image_run_4_wf/bold_fit_wf/hmc_boldref_wf/validation_and_dummies_wf/get_dummy".
250528-04:02:40,236 nipype.workflow INFO:
	 [Node] Setting-up "fmriprep_25_0_wf.sub_GEO073_wf.bold_ses_t2_task_image_run_4_wf.bold_fit_wf.hmc_boldref_wf.validation_and_dummies_wf.val_bold" in "/work/fmriprep_25_0_wf/sub_GEO073_wf/bold_ses_t2_task_image_run_4_wf/bold_fit_wf/hmc_boldref_wf/validation_and_dummies_wf/val_bold".
250528-04:02:40,403 nipype.workflow INFO:
	 [Node] Executing "bold_source" <nipype.interfaces.utility.base.Select>
250528-04:02:40,405 nipype.workflow INFO:
	 [Node] Finished "bold_source", elapsed time 0.00068s.
250528-04:02:40,412 nipype.workflow INFO:
	 [Node] Executing "sources" <fmriprep.interfaces.bids.BIDSURI>
250528-04:02:40,414 nipype.workflow INFO:
	 [Node] Finished "sources", elapsed time 0.000753s.
250528-04:02:40,442 nipype.workflow INFO:
	 [Node] Executing "get_dummy" <niworkflows.interfaces.bold.NonsteadyStatesDetector>
250528-04:02:40,450 nipype.workflow INFO:
	 [Node] Executing "sources" <fmriprep.interfaces.bids.BIDSURI>
250528-04:02:40,451 nipype.workflow INFO:
	 [Node] Finished "sources", elapsed time 0.000672s.
250528-04:02:40,456 nipype.workflow INFO:
	 [Node] Executing "val_bold" <niworkflows.interfaces.header.ValidateImage>
250528-04:02:40,540 nipype.workflow INFO:
	 [Node] Finished "val_bold", elapsed time 0.083045s.
250528-04:02:40,629 nipype.workflow INFO:
	 [Node] Finished "get_dummy", elapsed time 4.082744s.
250528-04:02:41,845 nipype.workflow INFO:
	 [Node] Finished "get_dummy", elapsed time 3.419313s.
250528-04:02:42,238 nipype.workflow INFO:
	 [Node] Setting-up "fmriprep_25_0_wf.sub_GEO073_wf.bold_ses_t2_task_image_run_4_wf.bold_fit_wf.ds_hmc_wf.sources" in "/work/fmriprep_25_0_wf/sub_GEO073_wf/bold_ses_t2_task_image_run_4_wf/bold_fit_wf/ds_hmc_wf/sources".
250528-04:02:42,239 nipype.workflow INFO:
	 [Node] Setting-up "fmriprep_25_0_wf.sub_GEO073_wf.bold_ses_t2_task_image_run_4_wf.bold_fit_wf.ds_boldmask_wf.sources" in "/work/fmriprep_25_0_wf/sub_GEO073_wf/bold_ses_t2_task_image_run_4_wf/bold_fit_wf/ds_boldmask_wf/sources".
250528-04:02:42,240 nipype.workflow INFO:
	 [Node] Setting-up "fmriprep_25_0_wf.sub_GEO073_wf.bold_ses_t2_task_image_run_4_wf.bold_native_wf.bold_source" in "/work/fmriprep_25_0_wf/sub_GEO073_wf/bold_ses_t2_task_image_run_4_wf/bold_native_wf/bold_source".
250528-04:02:42,241 nipype.workflow INFO:
	 [Node] Setting-up "fmriprep_25_0_wf.sub_GEO073_wf.bold_ses_t2_task_image_run_5_wf.bold_fit_wf.hmc_boldref_wf.validation_and_dummies_wf.val_bold" in "/work/fmriprep_25_0_wf/sub_GEO073_wf/bold_ses_t2_task_image_run_5_wf/bold_fit_wf/hmc_boldref_wf/validation_and_dummies_wf/val_bold".
250528-04:02:42,242 nipype.workflow INFO:
	 [Node] Setting-up "fmriprep_25_0_wf.sub_GEO073_wf.bold_ses_t2_task_image_run_5_wf.bold_fit_wf.hmc_boldref_wf.validation_and_dummies_wf.get_dummy" in "/work/fmriprep_25_0_wf/sub_GEO073_wf/bold_ses_t2_task_image_run_5_wf/bold_fit_wf/hmc_boldref_wf/validation_and_dummies_wf/get_dummy".
250528-04:02:42,409 nipype.workflow INFO:
	 [Node] Finished "lap_tmpl", elapsed time 9.670422s.
250528-04:02:42,502 nipype.workflow INFO:
	 [Node] Executing "bold_source" <nipype.interfaces.utility.base.Select>
250528-04:02:42,504 nipype.workflow INFO:
	 [Node] Finished "bold_source", elapsed time 0.000954s.
250528-04:02:42,527 nipype.workflow INFO:
	 [Node] Executing "sources" <fmriprep.interfaces.bids.BIDSURI>
250528-04:02:42,529 nipype.workflow INFO:
	 [Node] Finished "sources", elapsed time 0.000807s.
250528-04:02:42,536 nipype.workflow INFO:
	 [Node] Executing "val_bold" <niworkflows.interfaces.header.ValidateImage>
250528-04:02:42,538 nipype.workflow INFO:
	 [Node] Executing "sources" <fmriprep.interfaces.bids.BIDSURI>
250528-04:02:42,541 nipype.workflow INFO:
	 [Node] Finished "sources", elapsed time 0.000871s.
250528-04:02:42,560 nipype.workflow INFO:
	 [Node] Executing "get_dummy" <niworkflows.interfaces.bold.NonsteadyStatesDetector>
250528-04:02:42,625 nipype.workflow INFO:
	 [Node] Finished "val_bold", elapsed time 0.087007s.
250528-04:02:43,646 nipype.workflow INFO:
	 [Node] Finished "get_dummy", elapsed time 3.202898s.
250528-04:02:44,163 nipype.workflow INFO:
	 [Node] Setting-up "fmriprep_25_0_wf.sub_GEO073_wf.bold_ses_t2_task_image_run_5_wf.bold_fit_wf.ds_hmc_boldref_wf.sources" in "/work/fmriprep_25_0_wf/sub_GEO073_wf/bold_ses_t2_task_image_run_5_wf/bold_fit_wf/ds_hmc_boldref_wf/sources".
250528-04:02:44,282 nipype.workflow INFO:
	 [Node] Setting-up "fmriprep_25_0_wf.sub_GEO073_wf.bold_ses_t2_task_image_run_5_wf.bold_fit_wf.ds_boldmask_wf.sources" in "/work/fmriprep_25_0_wf/sub_GEO073_wf/bold_ses_t2_task_image_run_5_wf/bold_fit_wf/ds_boldmask_wf/sources".
250528-04:02:44,291 nipype.workflow INFO:
	 [Node] Setting-up "fmriprep_25_0_wf.sub_GEO073_wf.bold_ses_t2_task_image_run_5_wf.bold_native_wf.bold_source" in "/work/fmriprep_25_0_wf/sub_GEO073_wf/bold_ses_t2_task_image_run_5_wf/bold_native_wf/bold_source".
250528-04:02:44,418 nipype.workflow INFO:
	 [Node] Executing "sources" <fmriprep.interfaces.bids.BIDSURI>
250528-04:02:44,420 nipype.workflow INFO:
	 [Node] Finished "sources", elapsed time 0.000813s.
250528-04:02:44,467 nipype.workflow INFO:
	 [Node] Executing "bold_source" <nipype.interfaces.utility.base.Select>
250528-04:02:44,468 nipype.workflow INFO:
	 [Node] Executing "sources" <fmriprep.interfaces.bids.BIDSURI>
250528-04:02:44,469 nipype.workflow INFO:
	 [Node] Finished "bold_source", elapsed time 0.000564s.
250528-04:02:44,470 nipype.workflow INFO:
	 [Node] Finished "sources", elapsed time 0.000597s.
250528-04:02:45,470 nipype.workflow INFO:
	 [Node] Finished "get_dummy", elapsed time 2.909558s.
250528-04:02:45,781 nipype.workflow INFO:
	 [Node] Setting-up "fmriprep_25_0_wf.sub_GEO073_wf.bids_info" in "/work/fmriprep_25_0_wf/sub_GEO073_wf/bids_info".
250528-04:02:45,785 nipype.workflow INFO:
	 [Node] Setting-up "fmriprep_25_0_wf.sub_GEO073_wf.anat_fit_wf.anat_template_wf.anat_ref_dimensions" in "/work/fmriprep_25_0_wf/sub_GEO073_wf/anat_fit_wf/anat_template_wf/anat_ref_dimensions".
250528-04:02:45,787 nipype.workflow INFO:
	 [Node] Setting-up "fmriprep_25_0_wf.sub_GEO073_wf.anat_fit_wf.t2w_template_wf.anat_ref_dimensions" in "/work/fmriprep_25_0_wf/sub_GEO073_wf/anat_fit_wf/t2w_template_wf/anat_ref_dimensions".
250528-04:02:45,946 nipype.workflow INFO:
	 [Node] Executing "anat_ref_dimensions" <niworkflows.interfaces.images.TemplateDimensions>
250528-04:02:45,948 nipype.workflow INFO:
	 [Node] Executing "bids_info" <niworkflows.interfaces.bids.BIDSInfo>
250528-04:02:45,956 nipype.workflow INFO:
	 [Node] Finished "bids_info", elapsed time 0.00701s.
250528-04:02:45,963 nipype.workflow INFO:
	 [Node] Executing "anat_ref_dimensions" <niworkflows.interfaces.images.TemplateDimensions>
250528-04:02:46,255 nipype.workflow INFO:
	 [Node] Finished "anat_ref_dimensions", elapsed time 0.308111s.
250528-04:02:46,262 nipype.workflow INFO:
	 [Node] Setting-up "fmriprep_25_0_wf.sub_GEO073_wf.bold_ses_t2_task_image_run_5_wf.bold_fit_wf.ds_hmc_wf.sources" in "/work/fmriprep_25_0_wf/sub_GEO073_wf/bold_ses_t2_task_image_run_5_wf/bold_fit_wf/ds_hmc_wf/sources".
250528-04:02:46,445 nipype.workflow INFO:
	 [Node] Executing "sources" <fmriprep.interfaces.bids.BIDSURI>
250528-04:02:46,446 nipype.workflow INFO:
	 [Node] Finished "sources", elapsed time 0.000696s.
250528-04:02:46,512 nipype.workflow INFO:
	 [Node] Finished "anat_ref_dimensions", elapsed time 0.548266s.
250528-04:02:46,827 nipype.workflow INFO:
	 [Node] Setting-up "fmriprep_25_0_wf.sub_GEO073_wf.anat_fit_wf.brain_extraction_wf.mrg_tmpl" in "/work/fmriprep_25_0_wf/sub_GEO073_wf/anat_fit_wf/brain_extraction_wf/mrg_tmpl".
250528-04:02:47,162 nipype.workflow INFO:
	 [Node] Executing "mrg_tmpl" <nipype.interfaces.utility.base.Merge>
250528-04:02:47,164 nipype.workflow INFO:
	 [Node] Finished "mrg_tmpl", elapsed time 0.000743s.
250528-04:02:47,985 nipype.workflow INFO:
	 [Node] Setting-up "fmriprep_25_0_wf.sub_GEO073_wf.bold_ses_t2_task_image_run_1_wf.bold_native_wf.validate_bold" in "/work/fmriprep_25_0_wf/sub_GEO073_wf/bold_ses_t2_task_image_run_1_wf/bold_native_wf/validate_bold".
250528-04:02:47,985 nipype.workflow INFO:
	 [Node] Setting-up "fmriprep_25_0_wf.sub_GEO073_wf.bold_ses_t2_task_image_run_1_wf.bold_fit_wf.hmc_boldref_wf.gen_avg" in "/work/fmriprep_25_0_wf/sub_GEO073_wf/bold_ses_t2_task_image_run_1_wf/bold_fit_wf/hmc_boldref_wf/gen_avg".
250528-04:02:48,124 nipype.workflow INFO:
	 [Node] Executing "gen_avg" <niworkflows.interfaces.images.RobustAverage>
250528-04:02:48,125 nipype.workflow INFO:
	 [Node] Executing "validate_bold" <niworkflows.interfaces.header.ValidateImage>
250528-04:02:48,202 nipype.workflow INFO:
	 [Node] Finished "validate_bold", elapsed time 0.075788s.
250528-04:02:48,930 nipype.workflow INFO:
	 [Node] Setting-up "fmriprep_25_0_wf.sub_GEO073_wf.bold_ses_t2_task_image_run_2_wf.bold_fit_wf.hmc_boldref_wf.gen_avg" in "/work/fmriprep_25_0_wf/sub_GEO073_wf/bold_ses_t2_task_image_run_2_wf/bold_fit_wf/hmc_boldref_wf/gen_avg".
250528-04:02:49,53 nipype.workflow INFO:
	 [Node] Executing "gen_avg" <niworkflows.interfaces.images.RobustAverage>
250528-04:02:49,190 nipype.workflow INFO:
	 [Node] Setting-up "fmriprep_25_0_wf.sub_GEO073_wf.bold_ses_t2_task_image_run_2_wf.bold_native_wf.validate_bold" in "/work/fmriprep_25_0_wf/sub_GEO073_wf/bold_ses_t2_task_image_run_2_wf/bold_native_wf/validate_bold".
250528-04:02:49,322 nipype.workflow INFO:
	 [Node] Executing "validate_bold" <niworkflows.interfaces.header.ValidateImage>
250528-04:02:49,408 nipype.workflow INFO:
	 [Node] Finished "validate_bold", elapsed time 0.084359s.
250528-04:02:50,138 nipype.workflow INFO:
	 [Node] Setting-up "fmriprep_25_0_wf.sub_GEO073_wf.bold_ses_t2_task_image_run_3_wf.bold_fit_wf.hmc_boldref_wf.gen_avg" in "/work/fmriprep_25_0_wf/sub_GEO073_wf/bold_ses_t2_task_image_run_3_wf/bold_fit_wf/hmc_boldref_wf/gen_avg".
250528-04:02:50,144 nipype.workflow INFO:
	 [Node] Setting-up "fmriprep_25_0_wf.sub_GEO073_wf.bold_ses_t2_task_image_run_3_wf.bold_native_wf.validate_bold" in "/work/fmriprep_25_0_wf/sub_GEO073_wf/bold_ses_t2_task_image_run_3_wf/bold_native_wf/validate_bold".
250528-04:02:50,252 nipype.workflow INFO:
	 [Node] Executing "gen_avg" <niworkflows.interfaces.images.RobustAverage>
250528-04:02:50,255 nipype.workflow INFO:
	 [Node] Executing "validate_bold" <niworkflows.interfaces.header.ValidateImage>
250528-04:02:50,333 nipype.workflow INFO:
	 [Node] Finished "validate_bold", elapsed time 0.076253s.
250528-04:02:51,98 nipype.workflow INFO:
	 [Node] Setting-up "fmriprep_25_0_wf.sub_GEO073_wf.bold_ses_t2_task_image_run_4_wf.bold_fit_wf.hmc_boldref_wf.gen_avg" in "/work/fmriprep_25_0_wf/sub_GEO073_wf/bold_ses_t2_task_image_run_4_wf/bold_fit_wf/hmc_boldref_wf/gen_avg".
250528-04:02:51,102 nipype.workflow INFO:
	 [Node] Setting-up "fmriprep_25_0_wf.sub_GEO073_wf.bold_ses_t2_task_image_run_4_wf.bold_native_wf.validate_bold" in "/work/fmriprep_25_0_wf/sub_GEO073_wf/bold_ses_t2_task_image_run_4_wf/bold_native_wf/validate_bold".
250528-04:02:51,240 nipype.workflow INFO:
	 [Node] Executing "gen_avg" <niworkflows.interfaces.images.RobustAverage>
250528-04:02:51,246 nipype.workflow INFO:
	 [Node] Executing "validate_bold" <niworkflows.interfaces.header.ValidateImage>
250528-04:02:51,322 nipype.workflow INFO:
	 [Node] Finished "validate_bold", elapsed time 0.075511s.
250528-04:02:51,674 nipype.interface INFO:
	 stderr 2025-05-28T04:02:51.674771:++ 3dvolreg: AFNI version=AFNI_25.0.11 (Mar 24 2025) [64-bit]
250528-04:02:51,674 nipype.interface INFO:
	 stderr 2025-05-28T04:02:51.674771:++ Authored by: RW Cox
250528-04:02:51,678 nipype.interface INFO:
	 stderr 2025-05-28T04:02:51.678693:** AFNI converts NIFTI_datatype=512 (UINT16) in file /work/fmriprep_25_0_wf/sub_GEO073_wf/bold_ses_t2_task_image_run_1_wf/bold_fit_wf/hmc_boldref_wf/gen_avg/sub-GEO073_ses-t2_task-image_run-1_bold_sliced.nii.gz to FLOAT32
250528-04:02:51,678 nipype.interface INFO:
	 stderr 2025-05-28T04:02:51.678693:     Warnings of this type will be muted for this session.
250528-04:02:51,678 nipype.interface INFO:
	 stderr 2025-05-28T04:02:51.678693:     Set AFNI_NIFTI_TYPE_WARN to YES to see them all, NO to see none.
250528-04:02:51,680 nipype.interface INFO:
	 stderr 2025-05-28T04:02:51.680941:[7m*+ WARNING:[0m   If you are performing spatial transformations on an oblique dset,
250528-04:02:51,681 nipype.interface INFO:
	 stderr 2025-05-28T04:02:51.680941:  such as /work/fmriprep_25_0_wf/sub_GEO073_wf/bold_ses_t2_task_image_run_1_wf/bold_fit_wf/hmc_boldref_wf/gen_avg/sub-GEO073_ses-t2_task-image_run-1_bold_sliced.nii.gz,
250528-04:02:51,681 nipype.interface INFO:
	 stderr 2025-05-28T04:02:51.680941:  or viewing/combining it with volumes of differing obliquity,
250528-04:02:51,681 nipype.interface INFO:
	 stderr 2025-05-28T04:02:51.680941:  you should consider running: 
250528-04:02:51,681 nipype.interface INFO:
	 stderr 2025-05-28T04:02:51.680941:     3dWarp -deoblique 
250528-04:02:51,681 nipype.interface INFO:
	 stderr 2025-05-28T04:02:51.680941:  on this and  other oblique datasets in the same session.
250528-04:02:51,681 nipype.interface INFO:
	 stderr 2025-05-28T04:02:51.680941: See 3dWarp -help for details.
250528-04:02:51,681 nipype.interface INFO:
	 stderr 2025-05-28T04:02:51.680941:++ Oblique dataset:/work/fmriprep_25_0_wf/sub_GEO073_wf/bold_ses_t2_task_image_run_1_wf/bold_fit_wf/hmc_boldref_wf/gen_avg/sub-GEO073_ses-t2_task-image_run-1_bold_sliced.nii.gz is 36.800030 degrees from plumb.
250528-04:02:51,681 nipype.interface INFO:
	 stderr 2025-05-28T04:02:51.681158:++ Coarse del was 10, replaced with 6
250528-04:02:52,9 nipype.interface INFO:
	 stderr 2025-05-28T04:02:52.009887:++ edt_blur: sigx 2, dx 1, fwhm 4.70964, sfac 2.5, firx 5
250528-04:02:52,40 nipype.workflow INFO:
	 [Node] Setting-up "fmriprep_25_0_wf.sub_GEO073_wf.bold_ses_t2_task_image_run_5_wf.bold_fit_wf.hmc_boldref_wf.gen_avg" in "/work/fmriprep_25_0_wf/sub_GEO073_wf/bold_ses_t2_task_image_run_5_wf/bold_fit_wf/hmc_boldref_wf/gen_avg".
250528-04:02:52,203 nipype.workflow INFO:
	 [Node] Executing "gen_avg" <niworkflows.interfaces.images.RobustAverage>
250528-04:02:52,322 nipype.workflow INFO:
	 [Node] Setting-up "fmriprep_25_0_wf.sub_GEO073_wf.bold_ses_t2_task_image_run_5_wf.bold_native_wf.validate_bold" in "/work/fmriprep_25_0_wf/sub_GEO073_wf/bold_ses_t2_task_image_run_5_wf/bold_native_wf/validate_bold".
250528-04:02:52,327 nipype.interface INFO:
	 stderr 2025-05-28T04:02:52.327610:++ 3dvolreg: AFNI version=AFNI_25.0.11 (Mar 24 2025) [64-bit]
250528-04:02:52,327 nipype.interface INFO:
	 stderr 2025-05-28T04:02:52.327610:++ Authored by: RW Cox
250528-04:02:52,331 nipype.interface INFO:
	 stderr 2025-05-28T04:02:52.331277:** AFNI converts NIFTI_datatype=512 (UINT16) in file /work/fmriprep_25_0_wf/sub_GEO073_wf/bold_ses_t2_task_image_run_2_wf/bold_fit_wf/hmc_boldref_wf/gen_avg/sub-GEO073_ses-t2_task-image_run-2_bold_sliced.nii.gz to FLOAT32
250528-04:02:52,331 nipype.interface INFO:
	 stderr 2025-05-28T04:02:52.331277:     Warnings of this type will be muted for this session.
250528-04:02:52,331 nipype.interface INFO:
	 stderr 2025-05-28T04:02:52.331277:     Set AFNI_NIFTI_TYPE_WARN to YES to see them all, NO to see none.
250528-04:02:52,333 nipype.interface INFO:
	 stderr 2025-05-28T04:02:52.333303:[7m*+ WARNING:[0m   If you are performing spatial transformations on an oblique dset,
250528-04:02:52,333 nipype.interface INFO:
	 stderr 2025-05-28T04:02:52.333303:  such as /work/fmriprep_25_0_wf/sub_GEO073_wf/bold_ses_t2_task_image_run_2_wf/bold_fit_wf/hmc_boldref_wf/gen_avg/sub-GEO073_ses-t2_task-image_run-2_bold_sliced.nii.gz,
250528-04:02:52,333 nipype.interface INFO:
	 stderr 2025-05-28T04:02:52.333303:  or viewing/combining it with volumes of differing obliquity,
250528-04:02:52,333 nipype.interface INFO:
	 stderr 2025-05-28T04:02:52.333303:  you should consider running: 
250528-04:02:52,333 nipype.interface INFO:
	 stderr 2025-05-28T04:02:52.333303:     3dWarp -deoblique 
250528-04:02:52,333 nipype.interface INFO:
	 stderr 2025-05-28T04:02:52.333303:  on this and  other oblique datasets in the same session.
250528-04:02:52,333 nipype.interface INFO:
	 stderr 2025-05-28T04:02:52.333303: See 3dWarp -help for details.
250528-04:02:52,333 nipype.interface INFO:
	 stderr 2025-05-28T04:02:52.333303:++ Oblique dataset:/work/fmriprep_25_0_wf/sub_GEO073_wf/bold_ses_t2_task_image_run_2_wf/bold_fit_wf/hmc_boldref_wf/gen_avg/sub-GEO073_ses-t2_task-image_run-2_bold_sliced.nii.gz is 36.800030 degrees from plumb.
250528-04:02:52,333 nipype.interface INFO:
	 stderr 2025-05-28T04:02:52.333303:++ Coarse del was 10, replaced with 6
250528-04:02:52,440 nipype.workflow INFO:
	 [Node] Executing "validate_bold" <niworkflows.interfaces.header.ValidateImage>
250528-04:02:52,527 nipype.workflow INFO:
	 [Node] Finished "validate_bold", elapsed time 0.086025s.
250528-04:02:52,649 nipype.interface INFO:
	 stderr 2025-05-28T04:02:52.649816:++ edt_blur: sigx 2, dx 1, fwhm 4.70964, sfac 2.5, firx 5
250528-04:02:53,500 nipype.interface INFO:
	 stderr 2025-05-28T04:02:53.500571:++ 3dvolreg: AFNI version=AFNI_25.0.11 (Mar 24 2025) [64-bit]
250528-04:02:53,500 nipype.interface INFO:
	 stderr 2025-05-28T04:02:53.500571:++ Authored by: RW Cox
250528-04:02:53,504 nipype.interface INFO:
	 stderr 2025-05-28T04:02:53.504523:** AFNI converts NIFTI_datatype=512 (UINT16) in file /work/fmriprep_25_0_wf/sub_GEO073_wf/bold_ses_t2_task_image_run_3_wf/bold_fit_wf/hmc_boldref_wf/gen_avg/sub-GEO073_ses-t2_task-image_run-3_bold_sliced.nii.gz to FLOAT32
250528-04:02:53,504 nipype.interface INFO:
	 stderr 2025-05-28T04:02:53.504523:     Warnings of this type will be muted for this session.
250528-04:02:53,504 nipype.interface INFO:
	 stderr 2025-05-28T04:02:53.504523:     Set AFNI_NIFTI_TYPE_WARN to YES to see them all, NO to see none.
250528-04:02:53,506 nipype.interface INFO:
	 stderr 2025-05-28T04:02:53.506816:[7m*+ WARNING:[0m   If you are performing spatial transformations on an oblique dset,
250528-04:02:53,507 nipype.interface INFO:
	 stderr 2025-05-28T04:02:53.506816:  such as /work/fmriprep_25_0_wf/sub_GEO073_wf/bold_ses_t2_task_image_run_3_wf/bold_fit_wf/hmc_boldref_wf/gen_avg/sub-GEO073_ses-t2_task-image_run-3_bold_sliced.nii.gz,
250528-04:02:53,507 nipype.interface INFO:
	 stderr 2025-05-28T04:02:53.506816:  or viewing/combining it with volumes of differing obliquity,
250528-04:02:53,507 nipype.interface INFO:
	 stderr 2025-05-28T04:02:53.506816:  you should consider running: 
250528-04:02:53,507 nipype.interface INFO:
	 stderr 2025-05-28T04:02:53.506816:     3dWarp -deoblique 
250528-04:02:53,507 nipype.interface INFO:
	 stderr 2025-05-28T04:02:53.506816:  on this and  other oblique datasets in the same session.
250528-04:02:53,507 nipype.interface INFO:
	 stderr 2025-05-28T04:02:53.506816: See 3dWarp -help for details.
250528-04:02:53,507 nipype.interface INFO:
	 stderr 2025-05-28T04:02:53.506816:++ Oblique dataset:/work/fmriprep_25_0_wf/sub_GEO073_wf/bold_ses_t2_task_image_run_3_wf/bold_fit_wf/hmc_boldref_wf/gen_avg/sub-GEO073_ses-t2_task-image_run-3_bold_sliced.nii.gz is 36.800030 degrees from plumb.
250528-04:02:53,507 nipype.interface INFO:
	 stderr 2025-05-28T04:02:53.506816:++ Coarse del was 10, replaced with 6
250528-04:02:53,649 nipype.interface INFO:
	 stderr 2025-05-28T04:02:53.649090:++ 3dvolreg: AFNI version=AFNI_25.0.11 (Mar 24 2025) [64-bit]
250528-04:02:53,649 nipype.interface INFO:
	 stderr 2025-05-28T04:02:53.649090:++ Authored by: RW Cox
250528-04:02:53,653 nipype.interface INFO:
	 stderr 2025-05-28T04:02:53.653154:** AFNI converts NIFTI_datatype=512 (UINT16) in file /work/fmriprep_25_0_wf/sub_GEO073_wf/bold_ses_t2_task_image_run_4_wf/bold_fit_wf/hmc_boldref_wf/gen_avg/sub-GEO073_ses-t2_task-image_run-4_bold_sliced.nii.gz to FLOAT32
250528-04:02:53,653 nipype.interface INFO:
	 stderr 2025-05-28T04:02:53.653154:     Warnings of this type will be muted for this session.
250528-04:02:53,653 nipype.interface INFO:
	 stderr 2025-05-28T04:02:53.653154:     Set AFNI_NIFTI_TYPE_WARN to YES to see them all, NO to see none.
250528-04:02:53,655 nipype.interface INFO:
	 stderr 2025-05-28T04:02:53.655716:[7m*+ WARNING:[0m   If you are performing spatial transformations on an oblique dset,
250528-04:02:53,655 nipype.interface INFO:
	 stderr 2025-05-28T04:02:53.655716:  such as /work/fmriprep_25_0_wf/sub_GEO073_wf/bold_ses_t2_task_image_run_4_wf/bold_fit_wf/hmc_boldref_wf/gen_avg/sub-GEO073_ses-t2_task-image_run-4_bold_sliced.nii.gz,
250528-04:02:53,655 nipype.interface INFO:
	 stderr 2025-05-28T04:02:53.655716:  or viewing/combining it with volumes of differing obliquity,
250528-04:02:53,655 nipype.interface INFO:
	 stderr 2025-05-28T04:02:53.655716:  you should consider running: 
250528-04:02:53,655 nipype.interface INFO:
	 stderr 2025-05-28T04:02:53.655716:     3dWarp -deoblique 
250528-04:02:53,655 nipype.interface INFO:
	 stderr 2025-05-28T04:02:53.655716:  on this and  other oblique datasets in the same session.
250528-04:02:53,655 nipype.interface INFO:
	 stderr 2025-05-28T04:02:53.655716: See 3dWarp -help for details.
250528-04:02:53,655 nipype.interface INFO:
	 stderr 2025-05-28T04:02:53.655716:++ Oblique dataset:/work/fmriprep_25_0_wf/sub_GEO073_wf/bold_ses_t2_task_image_run_4_wf/bold_fit_wf/hmc_boldref_wf/gen_avg/sub-GEO073_ses-t2_task-image_run-4_bold_sliced.nii.gz is 36.800030 degrees from plumb.
250528-04:02:53,655 nipype.interface INFO:
	 stderr 2025-05-28T04:02:53.655716:++ Coarse del was 10, replaced with 6
250528-04:02:53,750 nipype.interface INFO:
	 stderr 2025-05-28T04:02:53.750584:++ edt_blur: sigx 2, dx 1, fwhm 4.70964, sfac 2.5, firx 5
250528-04:02:53,807 nipype.interface INFO:
	 stderr 2025-05-28T04:02:53.807055:++ edt_blur: sigx 2, dx 1, fwhm 4.70964, sfac 2.5, firx 5
250528-04:02:54,649 nipype.interface INFO:
	 stderr 2025-05-28T04:02:54.649002:++ 3dvolreg: AFNI version=AFNI_25.0.11 (Mar 24 2025) [64-bit]
250528-04:02:54,649 nipype.interface INFO:
	 stderr 2025-05-28T04:02:54.649002:++ Authored by: RW Cox
250528-04:02:54,654 nipype.interface INFO:
	 stderr 2025-05-28T04:02:54.654061:** AFNI converts NIFTI_datatype=512 (UINT16) in file /work/fmriprep_25_0_wf/sub_GEO073_wf/bold_ses_t2_task_image_run_5_wf/bold_fit_wf/hmc_boldref_wf/gen_avg/sub-GEO073_ses-t2_task-image_run-5_bold_sliced.nii.gz to FLOAT32
250528-04:02:54,654 nipype.interface INFO:
	 stderr 2025-05-28T04:02:54.654061:     Warnings of this type will be muted for this session.
250528-04:02:54,654 nipype.interface INFO:
	 stderr 2025-05-28T04:02:54.654061:     Set AFNI_NIFTI_TYPE_WARN to YES to see them all, NO to see none.
250528-04:02:54,655 nipype.interface INFO:
	 stderr 2025-05-28T04:02:54.655787:[7m*+ WARNING:[0m   If you are performing spatial transformations on an oblique dset,
250528-04:02:54,655 nipype.interface INFO:
	 stderr 2025-05-28T04:02:54.655787:  such as /work/fmriprep_25_0_wf/sub_GEO073_wf/bold_ses_t2_task_image_run_5_wf/bold_fit_wf/hmc_boldref_wf/gen_avg/sub-GEO073_ses-t2_task-image_run-5_bold_sliced.nii.gz,
250528-04:02:54,655 nipype.interface INFO:
	 stderr 2025-05-28T04:02:54.655787:  or viewing/combining it with volumes of differing obliquity,
250528-04:02:54,655 nipype.interface INFO:
	 stderr 2025-05-28T04:02:54.655787:  you should consider running: 
250528-04:02:54,655 nipype.interface INFO:
	 stderr 2025-05-28T04:02:54.655787:     3dWarp -deoblique 
250528-04:02:54,655 nipype.interface INFO:
	 stderr 2025-05-28T04:02:54.655787:  on this and  other oblique datasets in the same session.
250528-04:02:54,655 nipype.interface INFO:
	 stderr 2025-05-28T04:02:54.655787: See 3dWarp -help for details.
250528-04:02:54,655 nipype.interface INFO:
	 stderr 2025-05-28T04:02:54.655787:++ Oblique dataset:/work/fmriprep_25_0_wf/sub_GEO073_wf/bold_ses_t2_task_image_run_5_wf/bold_fit_wf/hmc_boldref_wf/gen_avg/sub-GEO073_ses-t2_task-image_run-5_bold_sliced.nii.gz is 36.800030 degrees from plumb.
250528-04:02:54,655 nipype.interface INFO:
	 stderr 2025-05-28T04:02:54.655787:++ Coarse del was 10, replaced with 6
250528-04:02:54,748 nipype.interface INFO:
	 stderr 2025-05-28T04:02:54.748003:++ edt_blur: sigx 2, dx 1, fwhm 4.70964, sfac 2.5, firx 5
250528-04:02:56,292 nipype.workflow INFO:
	 [Node] Setting-up "fmriprep_25_0_wf.sub_GEO073_wf.anat_fit_wf.fs_isrunning" in "/work/fmriprep_25_0_wf/sub_GEO073_wf/anat_fit_wf/fs_isrunning".
250528-04:02:56,295 nipype.workflow INFO:
	 [Node] Setting-up "fmriprep_25_0_wf.sub_GEO073_wf.anat_fit_wf.ds_t1w_mask_wf.raw_sources" in "/work/fmriprep_25_0_wf/sub_GEO073_wf/anat_fit_wf/ds_t1w_mask_wf/raw_sources".
250528-04:02:56,399 nipype.interface INFO:
	 stderr 2025-05-28T04:02:56.399393:++ Max displacement in automask = 0.14 (mm) at sub-brick 1
250528-04:02:56,399 nipype.interface INFO:
	 stderr 2025-05-28T04:02:56.399393:++ Max delta displ  in automask = 0.14 (mm) at sub-brick 1
250528-04:02:56,432 nipype.workflow INFO:
	 [Node] Executing "fs_isrunning" <nipype.interfaces.utility.wrappers.Function>
250528-04:02:56,434 nipype.workflow INFO:
	 [Node] Finished "fs_isrunning", elapsed time 0.000938s.
250528-04:02:56,448 nipype.workflow INFO:
	 [Node] Executing "raw_sources" <nipype.interfaces.utility.wrappers.Function>
250528-04:02:56,451 nipype.workflow INFO:
	 [Node] Finished "raw_sources", elapsed time 0.001458s.
250528-04:02:56,569 nipype.workflow INFO:
	 [Node] Setting-up "fmriprep_25_0_wf.sub_GEO073_wf.anat_fit_wf.ds_ribbon_mask_wf.raw_sources" in "/work/fmriprep_25_0_wf/sub_GEO073_wf/anat_fit_wf/ds_ribbon_mask_wf/raw_sources".
250528-04:02:56,714 nipype.workflow INFO:
	 [Node] Executing "raw_sources" <nipype.interfaces.utility.wrappers.Function>
250528-04:02:56,716 nipype.workflow INFO:
	 [Node] Finished "raw_sources", elapsed time 0.000784s.
250528-04:02:56,972 nipype.workflow INFO:
	 [Node] Finished "gen_avg", elapsed time 5.731136s.
250528-04:02:57,379 nipype.interface INFO:
	 stderr 2025-05-28T04:02:57.379334:++ Max displacement in automask = 0.38 (mm) at sub-brick 1
250528-04:02:57,379 nipype.interface INFO:
	 stderr 2025-05-28T04:02:57.379334:++ Max delta displ  in automask = 0.38 (mm) at sub-brick 1
250528-04:02:58,10 nipype.workflow INFO:
	 [Node] Finished "gen_avg", elapsed time 5.805627s.
250528-04:02:59,27 nipype.workflow INFO:
	 [Node] Setting-up "fmriprep_25_0_wf.sub_GEO073_wf.bold_ses_t2_task_image_run_4_wf.bold_fit_wf.fmapref_buffer" in "/work/fmriprep_25_0_wf/sub_GEO073_wf/bold_ses_t2_task_image_run_4_wf/bold_fit_wf/fmapref_buffer".
250528-04:02:59,219 nipype.workflow INFO:
	 [Node] Executing "fmapref_buffer" <nipype.interfaces.utility.wrappers.Function>
250528-04:02:59,221 nipype.workflow INFO:
	 [Node] Finished "fmapref_buffer", elapsed time 0.00089s.
250528-04:02:59,319 nipype.interface WARNING:
	 Changing /out/sub-GEO073/ses-t2/func/sub-GEO073_ses-t2_task-image_run-4_desc-hmc_boldref.nii.gz dtype from uint16 to float32
250528-04:02:59,810 nipype.workflow INFO:
	 [Node] Setting-up "fmriprep_25_0_wf.sub_GEO073_wf.bold_ses_t2_task_image_run_5_wf.bold_fit_wf.fmapref_buffer" in "/work/fmriprep_25_0_wf/sub_GEO073_wf/bold_ses_t2_task_image_run_5_wf/bold_fit_wf/fmapref_buffer".
250528-04:02:59,854 nipype.workflow INFO:
	 [Node] Setting-up "fmriprep_25_0_wf.sub_GEO073_wf.bold_ses_t2_task_image_run_4_wf.bold_fit_wf.bold_hmc_wf.mcflirt" in "/work/fmriprep_25_0_wf/sub_GEO073_wf/bold_ses_t2_task_image_run_4_wf/bold_fit_wf/bold_hmc_wf/mcflirt".
250528-04:03:00,20 nipype.workflow INFO:
	 [Node] Executing "fmapref_buffer" <nipype.interfaces.utility.wrappers.Function>
250528-04:03:00,23 nipype.workflow INFO:
	 [Node] Finished "fmapref_buffer", elapsed time 0.001029s.
250528-04:03:00,71 nipype.interface WARNING:
	 Changing /out/sub-GEO073/ses-t2/func/sub-GEO073_ses-t2_task-image_run-5_desc-hmc_boldref.nii.gz dtype from uint16 to float32
250528-04:03:00,116 nipype.workflow INFO:
	 [Node] Executing "mcflirt" <nipype.interfaces.fsl.preprocess.MCFLIRT>
250528-04:03:00,565 nipype.workflow INFO:
	 [Node] Setting-up "fmriprep_25_0_wf.sub_GEO073_wf.anat_fit_wf.register_template_wf.set_reference" in "/work/fmriprep_25_0_wf/sub_GEO073_wf/anat_fit_wf/register_template_wf/_template_MNI152NLin2009cAsym/set_reference".
250528-04:03:00,608 nipype.workflow INFO:
	 [Node] Setting-up "fmriprep_25_0_wf.sub_GEO073_wf.bold_ses_t2_task_image_run_5_wf.bold_fit_wf.bold_hmc_wf.mcflirt" in "/work/fmriprep_25_0_wf/sub_GEO073_wf/bold_ses_t2_task_image_run_5_wf/bold_fit_wf/bold_hmc_wf/mcflirt".
250528-04:03:00,726 nipype.workflow INFO:
	 [Node] Executing "set_reference" <nipype.interfaces.utility.wrappers.Function>
250528-04:03:00,728 nipype.workflow INFO:
	 [Node] Finished "set_reference", elapsed time 0.00084s.
250528-04:03:00,785 nipype.workflow INFO:
	 [Node] Executing "mcflirt" <nipype.interfaces.fsl.preprocess.MCFLIRT>
250528-04:03:02,252 nipype.workflow INFO:
	 [Node] Setting-up "fmriprep_25_0_wf.sub_GEO073_wf.bold_ses_t2_task_image_run_4_wf.bold_fit_wf.ds_coreg_boldref_wf.sources" in "/work/fmriprep_25_0_wf/sub_GEO073_wf/bold_ses_t2_task_image_run_4_wf/bold_fit_wf/ds_coreg_boldref_wf/sources".
250528-04:03:02,253 nipype.workflow INFO:
	 [Node] Setting-up "fmriprep_25_0_wf.sub_GEO073_wf.bold_ses_t2_task_image_run_5_wf.bold_fit_wf.ds_coreg_boldref_wf.sources" in "/work/fmriprep_25_0_wf/sub_GEO073_wf/bold_ses_t2_task_image_run_5_wf/bold_fit_wf/ds_coreg_boldref_wf/sources".
250528-04:03:02,418 nipype.workflow INFO:
	 [Node] Executing "sources" <fmriprep.interfaces.bids.BIDSURI>
250528-04:03:02,420 nipype.workflow INFO:
	 [Node] Finished "sources", elapsed time 0.000801s.
250528-04:03:02,438 nipype.workflow INFO:
	 [Node] Executing "sources" <fmriprep.interfaces.bids.BIDSURI>
250528-04:03:02,440 nipype.workflow INFO:
	 [Node] Finished "sources", elapsed time 0.000758s.
250528-04:03:15,595 nipype.interface INFO:
	 stderr 2025-05-28T04:03:15.595912:++ Max displacement in automask = 0.47 (mm) at sub-brick 2
250528-04:03:15,596 nipype.interface INFO:
	 stderr 2025-05-28T04:03:15.595912:++ Max delta displ  in automask = 0.57 (mm) at sub-brick 3
250528-04:03:15,872 nipype.interface INFO:
	 stderr 2025-05-28T04:03:15.872585:++ Max displacement in automask = 0.89 (mm) at sub-brick 13
250528-04:03:15,872 nipype.interface INFO:
	 stderr 2025-05-28T04:03:15.872585:++ Max delta displ  in automask = 0.61 (mm) at sub-brick 5
250528-04:03:17,464 nipype.interface INFO:
	 stderr 2025-05-28T04:03:17.464250:++ Max displacement in automask = 0.53 (mm) at sub-brick 15
250528-04:03:17,464 nipype.interface INFO:
	 stderr 2025-05-28T04:03:17.464250:++ Max delta displ  in automask = 0.43 (mm) at sub-brick 3
250528-04:03:18,253 nipype.workflow INFO:
	 [Node] Finished "gen_avg", elapsed time 30.127394s.
250528-04:03:18,519 nipype.workflow INFO:
	 [Node] Finished "gen_avg", elapsed time 29.465322s.
250528-04:03:18,817 nipype.workflow INFO:
	 [Node] Setting-up "fmriprep_25_0_wf.sub_GEO073_wf.bold_ses_t2_task_image_run_1_wf.bold_fit_wf.fmapref_buffer" in "/work/fmriprep_25_0_wf/sub_GEO073_wf/bold_ses_t2_task_image_run_1_wf/bold_fit_wf/fmapref_buffer".
250528-04:03:19,42 nipype.workflow INFO:
	 [Node] Executing "fmapref_buffer" <nipype.interfaces.utility.wrappers.Function>
250528-04:03:19,44 nipype.workflow INFO:
	 [Node] Finished "fmapref_buffer", elapsed time 0.000978s.
250528-04:03:19,114 nipype.interface WARNING:
	 Changing /out/sub-GEO073/ses-t2/func/sub-GEO073_ses-t2_task-image_run-1_desc-hmc_boldref.nii.gz dtype from uint16 to float32
250528-04:03:19,623 nipype.workflow INFO:
	 [Node] Setting-up "fmriprep_25_0_wf.sub_GEO073_wf.bold_ses_t2_task_image_run_1_wf.bold_fit_wf.bold_hmc_wf.mcflirt" in "/work/fmriprep_25_0_wf/sub_GEO073_wf/bold_ses_t2_task_image_run_1_wf/bold_fit_wf/bold_hmc_wf/mcflirt".
250528-04:03:19,793 nipype.workflow INFO:
	 [Node] Executing "mcflirt" <nipype.interfaces.fsl.preprocess.MCFLIRT>
250528-04:03:20,137 nipype.workflow INFO:
	 [Node] Finished "gen_avg", elapsed time 29.883674s.
250528-04:03:20,810 nipype.workflow INFO:
	 [Node] Setting-up "fmriprep_25_0_wf.sub_GEO073_wf.bold_ses_t2_task_image_run_2_wf.bold_fit_wf.fmapref_buffer" in "/work/fmriprep_25_0_wf/sub_GEO073_wf/bold_ses_t2_task_image_run_2_wf/bold_fit_wf/fmapref_buffer".
250528-04:03:20,939 nipype.workflow INFO:
	 [Node] Executing "fmapref_buffer" <nipype.interfaces.utility.wrappers.Function>
250528-04:03:20,941 nipype.workflow INFO:
	 [Node] Finished "fmapref_buffer", elapsed time 0.000996s.
250528-04:03:21,0 nipype.interface WARNING:
	 Changing /out/sub-GEO073/ses-t2/func/sub-GEO073_ses-t2_task-image_run-2_desc-hmc_boldref.nii.gz dtype from uint16 to float32
250528-04:03:21,466 nipype.workflow INFO:
	 [Node] Setting-up "fmriprep_25_0_wf.sub_GEO073_wf.bold_ses_t2_task_image_run_3_wf.bold_fit_wf.fmapref_buffer" in "/work/fmriprep_25_0_wf/sub_GEO073_wf/bold_ses_t2_task_image_run_3_wf/bold_fit_wf/fmapref_buffer".
250528-04:03:21,596 nipype.workflow INFO:
	 [Node] Executing "fmapref_buffer" <nipype.interfaces.utility.wrappers.Function>
250528-04:03:21,598 nipype.workflow INFO:
	 [Node] Finished "fmapref_buffer", elapsed time 0.000978s.
250528-04:03:21,645 nipype.interface WARNING:
	 Changing /out/sub-GEO073/ses-t2/func/sub-GEO073_ses-t2_task-image_run-3_desc-hmc_boldref.nii.gz dtype from uint16 to float32
250528-04:03:22,138 nipype.workflow INFO:
	 [Node] Setting-up "fmriprep_25_0_wf.sub_GEO073_wf.bold_ses_t2_task_image_run_1_wf.bold_fit_wf.ds_coreg_boldref_wf.sources" in "/work/fmriprep_25_0_wf/sub_GEO073_wf/bold_ses_t2_task_image_run_1_wf/bold_fit_wf/ds_coreg_boldref_wf/sources".
250528-04:03:22,358 nipype.workflow INFO:
	 [Node] Executing "sources" <fmriprep.interfaces.bids.BIDSURI>
250528-04:03:22,361 nipype.workflow INFO:
	 [Node] Finished "sources", elapsed time 0.000779s.
250528-04:03:22,808 nipype.workflow INFO:
	 [Node] Setting-up "fmriprep_25_0_wf.sub_GEO073_wf.bold_ses_t2_task_image_run_2_wf.bold_fit_wf.ds_coreg_boldref_wf.sources" in "/work/fmriprep_25_0_wf/sub_GEO073_wf/bold_ses_t2_task_image_run_2_wf/bold_fit_wf/ds_coreg_boldref_wf/sources".
250528-04:03:22,808 nipype.workflow INFO:
	 [Node] Setting-up "fmriprep_25_0_wf.sub_GEO073_wf.bold_ses_t2_task_image_run_3_wf.bold_fit_wf.ds_coreg_boldref_wf.sources" in "/work/fmriprep_25_0_wf/sub_GEO073_wf/bold_ses_t2_task_image_run_3_wf/bold_fit_wf/ds_coreg_boldref_wf/sources".
250528-04:03:23,14 nipype.workflow INFO:
	 [Node] Executing "sources" <fmriprep.interfaces.bids.BIDSURI>
250528-04:03:23,15 nipype.workflow INFO:
	 [Node] Executing "sources" <fmriprep.interfaces.bids.BIDSURI>
250528-04:03:23,15 nipype.workflow INFO:
	 [Node] Finished "sources", elapsed time 0.000639s.
250528-04:03:23,17 nipype.workflow INFO:
	 [Node] Finished "sources", elapsed time 0.000832s.
250528-04:05:41,125 nipype.workflow INFO:
	 [Node] Finished "mcflirt", elapsed time 160.331878s.
250528-04:05:42,185 nipype.workflow INFO:
	 [Node] Finished "mcflirt", elapsed time 162.067241s.
250528-04:05:42,869 nipype.workflow INFO:
	 [Node] Setting-up "fmriprep_25_0_wf.sub_GEO073_wf.bold_ses_t2_task_image_run_2_wf.bold_fit_wf.bold_hmc_wf.mcflirt" in "/work/fmriprep_25_0_wf/sub_GEO073_wf/bold_ses_t2_task_image_run_2_wf/bold_fit_wf/bold_hmc_wf/mcflirt".
250528-04:05:43,113 nipype.workflow INFO:
	 [Node] Executing "mcflirt" <nipype.interfaces.fsl.preprocess.MCFLIRT>
250528-04:05:44,873 nipype.workflow INFO:
	 [Node] Setting-up "fmriprep_25_0_wf.sub_GEO073_wf.bold_ses_t2_task_image_run_3_wf.bold_fit_wf.bold_hmc_wf.mcflirt" in "/work/fmriprep_25_0_wf/sub_GEO073_wf/bold_ses_t2_task_image_run_3_wf/bold_fit_wf/bold_hmc_wf/mcflirt".
250528-04:05:45,122 nipype.workflow INFO:
	 [Node] Executing "mcflirt" <nipype.interfaces.fsl.preprocess.MCFLIRT>
250528-04:06:00,659 nipype.workflow INFO:
	 [Node] Finished "mcflirt", elapsed time 160.865843s.
250528-04:08:20,376 nipype.workflow INFO:
	 [Node] Finished "mcflirt", elapsed time 157.254783s.
250528-04:08:21,26 nipype.workflow INFO:
	 [Node] Setting-up "_denoise0" in "/work/fmriprep_25_0_wf/sub_GEO073_wf/anat_fit_wf/anat_template_wf/denoise/mapflow/_denoise0".
250528-04:08:21,173 nipype.workflow INFO:
	 [Node] Executing "_denoise0" <nipype.interfaces.ants.segmentation.DenoiseImage>
250528-04:08:21,678 nipype.workflow INFO:
	 [Node] Finished "mcflirt", elapsed time 156.555024s.
250528-04:08:57,378 nipype.workflow INFO:
	 [Node] Finished "_denoise0", elapsed time 35.613987s.
250528-04:08:59,19 nipype.workflow INFO:
	 [Node] Setting-up "_denoise0" in "/work/fmriprep_25_0_wf/sub_GEO073_wf/anat_fit_wf/t2w_template_wf/denoise/mapflow/_denoise0".
250528-04:08:59,29 nipype.workflow INFO:
	 [Node] Setting-up "_anat_conform0" in "/work/fmriprep_25_0_wf/sub_GEO073_wf/anat_fit_wf/anat_template_wf/anat_conform/mapflow/_anat_conform0".
250528-04:08:59,171 nipype.workflow INFO:
	 [Node] Executing "_denoise0" <nipype.interfaces.ants.segmentation.DenoiseImage>
250528-04:08:59,180 nipype.workflow INFO:
	 [Node] Executing "_anat_conform0" <niworkflows.interfaces.images.Conform>
250528-04:08:59,324 nipype.workflow INFO:
	 [Node] Finished "_anat_conform0", elapsed time 0.142308s.
250528-04:09:01,56 nipype.workflow INFO:
	 [Node] Setting-up "fmriprep_25_0_wf.sub_GEO073_wf.anat_fit_wf.anat_template_wf.get1st" in "/work/fmriprep_25_0_wf/sub_GEO073_wf/anat_fit_wf/anat_template_wf/get1st".
250528-04:09:01,621 nipype.workflow INFO:
	 [Node] Executing "get1st" <nipype.interfaces.utility.base.Select>
250528-04:09:01,643 nipype.workflow INFO:
	 [Node] Finished "get1st", elapsed time 0.011029s.
250528-04:09:05,958 nipype.workflow INFO:
	 [Node] Setting-up "_truncate_images0" in "/work/fmriprep_25_0_wf/sub_GEO073_wf/anat_fit_wf/brain_extraction_wf/truncate_images/mapflow/_truncate_images0".
250528-04:09:06,547 nipype.workflow INFO:
	 [Node] Executing "_truncate_images0" <nipype.interfaces.ants.utils.ImageMath>
250528-04:09:13,99 nipype.workflow INFO:
	 [Node] Finished "_truncate_images0", elapsed time 6.165244s.
250528-04:09:15,557 nipype.workflow INFO:
	 [Node] Setting-up "fmriprep_25_0_wf.sub_GEO073_wf.anat_fit_wf.surface_recon_wf.recon_config" in "/work/fmriprep_25_0_wf/sub_GEO073_wf/anat_fit_wf/surface_recon_wf/recon_config".
250528-04:09:15,720 nipype.workflow INFO:
	 [Node] Executing "recon_config" <niworkflows.interfaces.freesurfer.FSDetectInputs>
250528-04:09:15,838 nipype.workflow INFO:
	 [Node] Finished "recon_config", elapsed time 0.116885s.
250528-04:09:16,852 nipype.workflow INFO:
	 [Node] Setting-up "fmriprep_25_0_wf.sub_GEO073_wf.anat_fit_wf.surface_recon_wf.fov_check" in "/work/fmriprep_25_0_wf/sub_GEO073_wf/anat_fit_wf/surface_recon_wf/fov_check".
250528-04:09:16,994 nipype.workflow INFO:
	 [Node] Executing "fov_check" <nipype.interfaces.utility.wrappers.Function>
250528-04:09:17,370 nipype.workflow INFO:
	 [Node] Finished "fov_check", elapsed time 0.374557s.
250528-04:09:54,379 nipype.workflow INFO:
	 [Node] Finished "_denoise0", elapsed time 55.02109s.
250528-04:09:54,942 nipype.workflow INFO:
	 [Node] Setting-up "fmriprep_25_0_wf.sub_GEO073_wf.bold_ses_t2_task_image_run_1_wf.bold_fit_wf.enhance_and_skullstrip_bold_wf.init_aff" in "/work/fmriprep_25_0_wf/sub_GEO073_wf/bold_ses_t2_task_image_run_1_wf/bold_fit_wf/enhance_and_skullstrip_bold_wf/init_aff".
250528-04:09:55,73 nipype.workflow INFO:
	 [Node] Setting-up "_anat_conform0" in "/work/fmriprep_25_0_wf/sub_GEO073_wf/anat_fit_wf/t2w_template_wf/anat_conform/mapflow/_anat_conform0".
250528-04:09:55,148 nipype.workflow INFO:
	 [Node] Executing "init_aff" <nipype.interfaces.ants.utils.AI>
250528-04:09:55,232 nipype.workflow INFO:
	 [Node] Executing "_anat_conform0" <niworkflows.interfaces.images.Conform>
250528-04:09:55,381 nipype.workflow INFO:
	 [Node] Finished "_anat_conform0", elapsed time 0.147638s.
250528-04:09:56,904 nipype.workflow INFO:
	 [Node] Setting-up "fmriprep_25_0_wf.sub_GEO073_wf.anat_fit_wf.t2w_template_wf.get1st" in "/work/fmriprep_25_0_wf/sub_GEO073_wf/anat_fit_wf/t2w_template_wf/get1st".
250528-04:09:57,223 nipype.workflow INFO:
	 [Node] Executing "get1st" <nipype.interfaces.utility.base.Select>
250528-04:09:57,225 nipype.workflow INFO:
	 [Node] Finished "get1st", elapsed time 0.001619s.
250528-04:10:19,581 nipype.workflow INFO:
	 [Node] Finished "init_aff", elapsed time 24.431872s.
250528-04:10:21,137 nipype.workflow INFO:
	 [Node] Setting-up "fmriprep_25_0_wf.sub_GEO073_wf.bold_ses_t2_task_image_run_1_wf.bold_fit_wf.bold_hmc_wf.fsl2itk" in "/work/fmriprep_25_0_wf/sub_GEO073_wf/bold_ses_t2_task_image_run_1_wf/bold_fit_wf/bold_hmc_wf/fsl2itk".
250528-04:10:22,714 nipype.workflow INFO:
	 [Node] Executing "fsl2itk" <niworkflows.interfaces.itk.MCFLIRT2ITK>
250528-04:10:22,715 nipype.interface WARNING:
	 Multithreading is deprecated. Remove the num_threads input.
250528-04:10:24,767 nipype.workflow INFO:
	 [Node] Finished "fsl2itk", elapsed time 2.052251s.
250528-04:10:26,903 nipype.workflow INFO:
	 [Node] Setting-up "fmriprep_25_0_wf.sub_GEO073_wf.bold_ses_t2_task_image_run_2_wf.bold_fit_wf.enhance_and_skullstrip_bold_wf.init_aff" in "/work/fmriprep_25_0_wf/sub_GEO073_wf/bold_ses_t2_task_image_run_2_wf/bold_fit_wf/enhance_and_skullstrip_bold_wf/init_aff".
250528-04:10:27,108 nipype.workflow INFO:
	 [Node] Executing "init_aff" <nipype.interfaces.ants.utils.AI>
250528-04:10:29,677 nipype.workflow INFO:
	 [Node] Setting-up "fmriprep_25_0_wf.sub_GEO073_wf.bold_ses_t2_task_image_run_1_wf.bold_confounds_wf.motion_params" in "/work/fmriprep_25_0_wf/sub_GEO073_wf/bold_ses_t2_task_image_run_1_wf/bold_confounds_wf/motion_params".
250528-04:10:29,844 nipype.workflow INFO:
	 [Node] Executing "motion_params" <fmriprep.interfaces.confounds.FSLMotionParams>
250528-04:10:30,97 nipype.workflow INFO:
	 [Node] Finished "motion_params", elapsed time 0.250697s.
250528-04:10:31,876 nipype.workflow INFO:
	 [Node] Setting-up "fmriprep_25_0_wf.sub_GEO073_wf.bold_ses_t2_task_image_run_1_wf.bold_confounds_wf.rmsd" in "/work/fmriprep_25_0_wf/sub_GEO073_wf/bold_ses_t2_task_image_run_1_wf/bold_confounds_wf/rmsd".
250528-04:10:31,996 nipype.workflow INFO:
	 [Node] Executing "rmsd" <fmriprep.interfaces.confounds.FSLRMSDeviation>
250528-04:10:32,134 nipype.workflow INFO:
	 [Node] Finished "rmsd", elapsed time 0.137242s.
250528-04:10:33,813 nipype.workflow INFO:
	 [Node] Setting-up "fmriprep_25_0_wf.sub_GEO073_wf.bold_ses_t2_task_image_run_1_wf.bold_confounds_wf.fdisp" in "/work/fmriprep_25_0_wf/sub_GEO073_wf/bold_ses_t2_task_image_run_1_wf/bold_confounds_wf/fdisp".
250528-04:10:33,961 nipype.workflow INFO:
	 [Node] Executing "fdisp" <fmriprep.interfaces.confounds.FramewiseDisplacement>
250528-04:10:33,990 nipype.workflow INFO:
	 [Node] Finished "fdisp", elapsed time 0.028236s.
250528-04:10:52,149 nipype.workflow INFO:
	 [Node] Finished "init_aff", elapsed time 25.040677s.
250528-04:10:52,974 nipype.workflow INFO:
	 [Node] Setting-up "fmriprep_25_0_wf.sub_GEO073_wf.bold_ses_t2_task_image_run_2_wf.bold_fit_wf.bold_hmc_wf.fsl2itk" in "/work/fmriprep_25_0_wf/sub_GEO073_wf/bold_ses_t2_task_image_run_2_wf/bold_fit_wf/bold_hmc_wf/fsl2itk".
250528-04:10:54,190 nipype.workflow INFO:
	 [Node] Executing "fsl2itk" <niworkflows.interfaces.itk.MCFLIRT2ITK>
250528-04:10:54,192 nipype.interface WARNING:
	 Multithreading is deprecated. Remove the num_threads input.
250528-04:10:55,733 nipype.workflow INFO:
	 [Node] Finished "fsl2itk", elapsed time 1.5368140000000001s.
250528-04:10:56,956 nipype.workflow INFO:
	 [Node] Setting-up "fmriprep_25_0_wf.sub_GEO073_wf.bold_ses_t2_task_image_run_3_wf.bold_fit_wf.enhance_and_skullstrip_bold_wf.init_aff" in "/work/fmriprep_25_0_wf/sub_GEO073_wf/bold_ses_t2_task_image_run_3_wf/bold_fit_wf/enhance_and_skullstrip_bold_wf/init_aff".
250528-04:10:57,101 nipype.workflow INFO:
	 [Node] Executing "init_aff" <nipype.interfaces.ants.utils.AI>
250528-04:10:59,787 nipype.workflow INFO:
	 [Node] Setting-up "fmriprep_25_0_wf.sub_GEO073_wf.bold_ses_t2_task_image_run_2_wf.bold_confounds_wf.motion_params" in "/work/fmriprep_25_0_wf/sub_GEO073_wf/bold_ses_t2_task_image_run_2_wf/bold_confounds_wf/motion_params".
250528-04:10:59,915 nipype.workflow INFO:
	 [Node] Executing "motion_params" <fmriprep.interfaces.confounds.FSLMotionParams>
250528-04:11:00,89 nipype.workflow INFO:
	 [Node] Finished "motion_params", elapsed time 0.172837s.
250528-04:11:01,910 nipype.workflow INFO:
	 [Node] Setting-up "fmriprep_25_0_wf.sub_GEO073_wf.bold_ses_t2_task_image_run_2_wf.bold_confounds_wf.rmsd" in "/work/fmriprep_25_0_wf/sub_GEO073_wf/bold_ses_t2_task_image_run_2_wf/bold_confounds_wf/rmsd".
250528-04:11:02,65 nipype.workflow INFO:
	 [Node] Executing "rmsd" <fmriprep.interfaces.confounds.FSLRMSDeviation>
250528-04:11:02,219 nipype.workflow INFO:
	 [Node] Finished "rmsd", elapsed time 0.152032s.
250528-04:11:02,973 nipype.workflow INFO:
	 [Node] Setting-up "fmriprep_25_0_wf.sub_GEO073_wf.bold_ses_t2_task_image_run_2_wf.bold_confounds_wf.fdisp" in "/work/fmriprep_25_0_wf/sub_GEO073_wf/bold_ses_t2_task_image_run_2_wf/bold_confounds_wf/fdisp".
250528-04:11:03,117 nipype.workflow INFO:
	 [Node] Executing "fdisp" <fmriprep.interfaces.confounds.FramewiseDisplacement>
250528-04:11:03,148 nipype.workflow INFO:
	 [Node] Finished "fdisp", elapsed time 0.029535s.
250528-04:11:21,628 nipype.workflow INFO:
	 [Node] Finished "init_aff", elapsed time 24.312438s.
250528-04:11:22,932 nipype.workflow INFO:
	 [Node] Setting-up "fmriprep_25_0_wf.sub_GEO073_wf.bold_ses_t2_task_image_run_3_wf.bold_fit_wf.bold_hmc_wf.fsl2itk" in "/work/fmriprep_25_0_wf/sub_GEO073_wf/bold_ses_t2_task_image_run_3_wf/bold_fit_wf/bold_hmc_wf/fsl2itk".
250528-04:11:24,258 nipype.workflow INFO:
	 [Node] Executing "fsl2itk" <niworkflows.interfaces.itk.MCFLIRT2ITK>
250528-04:11:24,260 nipype.interface WARNING:
	 Multithreading is deprecated. Remove the num_threads input.
250528-04:11:25,769 nipype.workflow INFO:
	 [Node] Finished "fsl2itk", elapsed time 1.510041s.
250528-04:11:26,930 nipype.workflow INFO:
	 [Node] Setting-up "fmriprep_25_0_wf.sub_GEO073_wf.bold_ses_t2_task_image_run_4_wf.bold_fit_wf.enhance_and_skullstrip_bold_wf.init_aff" in "/work/fmriprep_25_0_wf/sub_GEO073_wf/bold_ses_t2_task_image_run_4_wf/bold_fit_wf/enhance_and_skullstrip_bold_wf/init_aff".
250528-04:11:27,147 nipype.workflow INFO:
	 [Node] Executing "init_aff" <nipype.interfaces.ants.utils.AI>
250528-04:11:29,805 nipype.workflow INFO:
	 [Node] Setting-up "fmriprep_25_0_wf.sub_GEO073_wf.bold_ses_t2_task_image_run_3_wf.bold_confounds_wf.motion_params" in "/work/fmriprep_25_0_wf/sub_GEO073_wf/bold_ses_t2_task_image_run_3_wf/bold_confounds_wf/motion_params".
250528-04:11:29,969 nipype.workflow INFO:
	 [Node] Executing "motion_params" <fmriprep.interfaces.confounds.FSLMotionParams>
250528-04:11:30,135 nipype.workflow INFO:
	 [Node] Finished "motion_params", elapsed time 0.165361s.
250528-04:11:31,886 nipype.workflow INFO:
	 [Node] Setting-up "fmriprep_25_0_wf.sub_GEO073_wf.bold_ses_t2_task_image_run_3_wf.bold_confounds_wf.rmsd" in "/work/fmriprep_25_0_wf/sub_GEO073_wf/bold_ses_t2_task_image_run_3_wf/bold_confounds_wf/rmsd".
250528-04:11:32,37 nipype.workflow INFO:
	 [Node] Executing "rmsd" <fmriprep.interfaces.confounds.FSLRMSDeviation>
250528-04:11:32,171 nipype.workflow INFO:
	 [Node] Finished "rmsd", elapsed time 0.132601s.
250528-04:11:32,921 nipype.workflow INFO:
	 [Node] Setting-up "fmriprep_25_0_wf.sub_GEO073_wf.bold_ses_t2_task_image_run_3_wf.bold_confounds_wf.fdisp" in "/work/fmriprep_25_0_wf/sub_GEO073_wf/bold_ses_t2_task_image_run_3_wf/bold_confounds_wf/fdisp".
250528-04:11:33,71 nipype.workflow INFO:
	 [Node] Executing "fdisp" <fmriprep.interfaces.confounds.FramewiseDisplacement>
250528-04:11:33,95 nipype.workflow INFO:
	 [Node] Finished "fdisp", elapsed time 0.022883s.
250528-04:11:51,342 nipype.workflow INFO:
	 [Node] Finished "init_aff", elapsed time 24.193552s.
250528-04:11:52,903 nipype.workflow INFO:
	 [Node] Setting-up "fmriprep_25_0_wf.sub_GEO073_wf.bold_ses_t2_task_image_run_4_wf.bold_fit_wf.bold_hmc_wf.fsl2itk" in "/work/fmriprep_25_0_wf/sub_GEO073_wf/bold_ses_t2_task_image_run_4_wf/bold_fit_wf/bold_hmc_wf/fsl2itk".
250528-04:11:53,988 nipype.workflow INFO:
	 [Node] Executing "fsl2itk" <niworkflows.interfaces.itk.MCFLIRT2ITK>
250528-04:11:53,989 nipype.interface WARNING:
	 Multithreading is deprecated. Remove the num_threads input.
250528-04:11:55,543 nipype.workflow INFO:
	 [Node] Finished "fsl2itk", elapsed time 1.554655s.
250528-04:11:56,920 nipype.workflow INFO:
	 [Node] Setting-up "fmriprep_25_0_wf.sub_GEO073_wf.bold_ses_t2_task_image_run_5_wf.bold_fit_wf.enhance_and_skullstrip_bold_wf.init_aff" in "/work/fmriprep_25_0_wf/sub_GEO073_wf/bold_ses_t2_task_image_run_5_wf/bold_fit_wf/enhance_and_skullstrip_bold_wf/init_aff".
250528-04:11:57,154 nipype.workflow INFO:
	 [Node] Executing "init_aff" <nipype.interfaces.ants.utils.AI>
250528-04:11:59,800 nipype.workflow INFO:
	 [Node] Setting-up "fmriprep_25_0_wf.sub_GEO073_wf.bold_ses_t2_task_image_run_4_wf.bold_confounds_wf.motion_params" in "/work/fmriprep_25_0_wf/sub_GEO073_wf/bold_ses_t2_task_image_run_4_wf/bold_confounds_wf/motion_params".
250528-04:11:59,934 nipype.workflow INFO:
	 [Node] Executing "motion_params" <fmriprep.interfaces.confounds.FSLMotionParams>
250528-04:12:00,102 nipype.workflow INFO:
	 [Node] Finished "motion_params", elapsed time 0.167015s.
250528-04:12:00,924 nipype.workflow INFO:
	 [Node] Setting-up "fmriprep_25_0_wf.sub_GEO073_wf.bold_ses_t2_task_image_run_4_wf.bold_confounds_wf.rmsd" in "/work/fmriprep_25_0_wf/sub_GEO073_wf/bold_ses_t2_task_image_run_4_wf/bold_confounds_wf/rmsd".
250528-04:12:01,52 nipype.workflow INFO:
	 [Node] Executing "rmsd" <fmriprep.interfaces.confounds.FSLRMSDeviation>
250528-04:12:01,242 nipype.workflow INFO:
	 [Node] Finished "rmsd", elapsed time 0.188423s.
250528-04:12:02,929 nipype.workflow INFO:
	 [Node] Setting-up "fmriprep_25_0_wf.sub_GEO073_wf.bold_ses_t2_task_image_run_4_wf.bold_confounds_wf.fdisp" in "/work/fmriprep_25_0_wf/sub_GEO073_wf/bold_ses_t2_task_image_run_4_wf/bold_confounds_wf/fdisp".
250528-04:12:03,77 nipype.workflow INFO:
	 [Node] Executing "fdisp" <fmriprep.interfaces.confounds.FramewiseDisplacement>
250528-04:12:03,109 nipype.workflow INFO:
	 [Node] Finished "fdisp", elapsed time 0.030512s.
250528-04:12:21,423 nipype.workflow INFO:
	 [Node] Finished "init_aff", elapsed time 24.067031s.
250528-04:12:22,926 nipype.workflow INFO:
	 [Node] Setting-up "fmriprep_25_0_wf.sub_GEO073_wf.bold_ses_t2_task_image_run_5_wf.bold_fit_wf.bold_hmc_wf.fsl2itk" in "/work/fmriprep_25_0_wf/sub_GEO073_wf/bold_ses_t2_task_image_run_5_wf/bold_fit_wf/bold_hmc_wf/fsl2itk".
250528-04:12:23,933 nipype.workflow INFO:
	 [Node] Executing "fsl2itk" <niworkflows.interfaces.itk.MCFLIRT2ITK>
250528-04:12:23,934 nipype.interface WARNING:
	 Multithreading is deprecated. Remove the num_threads input.
250528-04:12:25,408 nipype.workflow INFO:
	 [Node] Finished "fsl2itk", elapsed time 1.4735260000000001s.
250528-04:12:26,930 nipype.workflow INFO:
	 [Node] Setting-up "fmriprep_25_0_wf.sub_GEO073_wf.bold_ses_t2_task_image_run_1_wf.bold_fit_wf.enhance_and_skullstrip_bold_wf.norm" in "/work/fmriprep_25_0_wf/sub_GEO073_wf/bold_ses_t2_task_image_run_1_wf/bold_fit_wf/enhance_and_skullstrip_bold_wf/norm".
250528-04:12:27,89 nipype.workflow INFO:
	 [Node] Executing "norm" <niworkflows.interfaces.fixes.FixHeaderRegistration>
250528-04:12:28,375 nipype.workflow INFO:
	 [Node] Finished "norm", elapsed time 1.285209s.
250528-04:12:28,961 nipype.workflow INFO:
	 [Node] Setting-up "fmriprep_25_0_wf.sub_GEO073_wf.bold_ses_t2_task_image_run_2_wf.bold_fit_wf.enhance_and_skullstrip_bold_wf.norm" in "/work/fmriprep_25_0_wf/sub_GEO073_wf/bold_ses_t2_task_image_run_2_wf/bold_fit_wf/enhance_and_skullstrip_bold_wf/norm".
250528-04:12:28,964 nipype.workflow INFO:
	 [Node] Setting-up "fmriprep_25_0_wf.sub_GEO073_wf.bold_ses_t2_task_image_run_1_wf.bold_fit_wf.enhance_and_skullstrip_bold_wf.map_brainmask" in "/work/fmriprep_25_0_wf/sub_GEO073_wf/bold_ses_t2_task_image_run_1_wf/bold_fit_wf/enhance_and_skullstrip_bold_wf/map_brainmask".
250528-04:12:29,67 nipype.workflow INFO:
	 [Node] Executing "map_brainmask" <niworkflows.interfaces.fixes.FixHeaderApplyTransforms>
250528-04:12:29,79 nipype.workflow INFO:
	 [Node] Executing "norm" <niworkflows.interfaces.fixes.FixHeaderRegistration>
250528-04:12:29,656 nipype.workflow INFO:
	 [Node] Finished "norm", elapsed time 0.575756s.
250528-04:12:30,50 nipype.workflow INFO:
	 [Node] Finished "map_brainmask", elapsed time 0.781623s.
250528-04:12:30,926 nipype.workflow INFO:
	 [Node] Setting-up "fmriprep_25_0_wf.sub_GEO073_wf.bold_ses_t2_task_image_run_2_wf.bold_fit_wf.enhance_and_skullstrip_bold_wf.map_brainmask" in "/work/fmriprep_25_0_wf/sub_GEO073_wf/bold_ses_t2_task_image_run_2_wf/bold_fit_wf/enhance_and_skullstrip_bold_wf/map_brainmask".
250528-04:12:30,926 nipype.workflow INFO:
	 [Node] Setting-up "fmriprep_25_0_wf.sub_GEO073_wf.bold_ses_t2_task_image_run_3_wf.bold_fit_wf.enhance_and_skullstrip_bold_wf.norm" in "/work/fmriprep_25_0_wf/sub_GEO073_wf/bold_ses_t2_task_image_run_3_wf/bold_fit_wf/enhance_and_skullstrip_bold_wf/norm".
250528-04:12:31,23 nipype.workflow INFO:
	 [Node] Executing "map_brainmask" <niworkflows.interfaces.fixes.FixHeaderApplyTransforms>
250528-04:12:31,58 nipype.workflow INFO:
	 [Node] Executing "norm" <niworkflows.interfaces.fixes.FixHeaderRegistration>
250528-04:12:31,581 nipype.workflow INFO:
	 [Node] Finished "map_brainmask", elapsed time 0.556864s.
250528-04:12:31,701 nipype.workflow INFO:
	 [Node] Finished "norm", elapsed time 0.642423s.
250528-04:12:32,918 nipype.workflow INFO:
	 [Node] Setting-up "fmriprep_25_0_wf.sub_GEO073_wf.bold_ses_t2_task_image_run_3_wf.bold_fit_wf.enhance_and_skullstrip_bold_wf.map_brainmask" in "/work/fmriprep_25_0_wf/sub_GEO073_wf/bold_ses_t2_task_image_run_3_wf/bold_fit_wf/enhance_and_skullstrip_bold_wf/map_brainmask".
250528-04:12:32,918 nipype.workflow INFO:
	 [Node] Setting-up "fmriprep_25_0_wf.sub_GEO073_wf.bold_ses_t2_task_image_run_4_wf.bold_fit_wf.enhance_and_skullstrip_bold_wf.norm" in "/work/fmriprep_25_0_wf/sub_GEO073_wf/bold_ses_t2_task_image_run_4_wf/bold_fit_wf/enhance_and_skullstrip_bold_wf/norm".
250528-04:12:33,27 nipype.workflow INFO:
	 [Node] Executing "map_brainmask" <niworkflows.interfaces.fixes.FixHeaderApplyTransforms>
250528-04:12:33,37 nipype.workflow INFO:
	 [Node] Executing "norm" <niworkflows.interfaces.fixes.FixHeaderRegistration>
250528-04:12:33,560 nipype.workflow INFO:
	 [Node] Finished "norm", elapsed time 0.521378s.
250528-04:12:33,570 nipype.workflow INFO:
	 [Node] Finished "map_brainmask", elapsed time 0.542148s.
250528-04:12:34,914 nipype.workflow INFO:
	 [Node] Setting-up "fmriprep_25_0_wf.sub_GEO073_wf.bold_ses_t2_task_image_run_5_wf.bold_fit_wf.enhance_and_skullstrip_bold_wf.norm" in "/work/fmriprep_25_0_wf/sub_GEO073_wf/bold_ses_t2_task_image_run_5_wf/bold_fit_wf/enhance_and_skullstrip_bold_wf/norm".
250528-04:12:34,915 nipype.workflow INFO:
	 [Node] Setting-up "fmriprep_25_0_wf.sub_GEO073_wf.bold_ses_t2_task_image_run_4_wf.bold_fit_wf.enhance_and_skullstrip_bold_wf.map_brainmask" in "/work/fmriprep_25_0_wf/sub_GEO073_wf/bold_ses_t2_task_image_run_4_wf/bold_fit_wf/enhance_and_skullstrip_bold_wf/map_brainmask".
250528-04:12:35,24 nipype.workflow INFO:
	 [Node] Executing "map_brainmask" <niworkflows.interfaces.fixes.FixHeaderApplyTransforms>
250528-04:12:35,25 nipype.workflow INFO:
	 [Node] Executing "norm" <niworkflows.interfaces.fixes.FixHeaderRegistration>
250528-04:12:35,491 nipype.workflow INFO:
	 [Node] Finished "map_brainmask", elapsed time 0.465982s.
250528-04:12:35,839 nipype.workflow INFO:
	 [Node] Finished "norm", elapsed time 0.631322s.
250528-04:12:36,918 nipype.workflow INFO:
	 [Node] Setting-up "fmriprep_25_0_wf.sub_GEO073_wf.bold_ses_t2_task_image_run_5_wf.bold_fit_wf.enhance_and_skullstrip_bold_wf.map_brainmask" in "/work/fmriprep_25_0_wf/sub_GEO073_wf/bold_ses_t2_task_image_run_5_wf/bold_fit_wf/enhance_and_skullstrip_bold_wf/map_brainmask".
250528-04:12:36,919 nipype.workflow INFO:
	 [Node] Setting-up "fmriprep_25_0_wf.sub_GEO073_wf.bold_ses_t2_task_image_run_5_wf.bold_confounds_wf.motion_params" in "/work/fmriprep_25_0_wf/sub_GEO073_wf/bold_ses_t2_task_image_run_5_wf/bold_confounds_wf/motion_params".
250528-04:12:36,919 nipype.workflow INFO:
	 [Node] Setting-up "fmriprep_25_0_wf.sub_GEO073_wf.bold_ses_t2_task_image_run_5_wf.bold_confounds_wf.rmsd" in "/work/fmriprep_25_0_wf/sub_GEO073_wf/bold_ses_t2_task_image_run_5_wf/bold_confounds_wf/rmsd".
250528-04:12:37,31 nipype.workflow INFO:
	 [Node] Executing "map_brainmask" <niworkflows.interfaces.fixes.FixHeaderApplyTransforms>
250528-04:12:37,41 nipype.workflow INFO:
	 [Node] Executing "motion_params" <fmriprep.interfaces.confounds.FSLMotionParams>
250528-04:12:37,58 nipype.workflow INFO:
	 [Node] Executing "rmsd" <fmriprep.interfaces.confounds.FSLRMSDeviation>
250528-04:12:37,186 nipype.workflow INFO:
	 [Node] Finished "rmsd", elapsed time 0.126924s.
250528-04:12:37,200 nipype.workflow INFO:
	 [Node] Finished "motion_params", elapsed time 0.158152s.
250528-04:12:37,569 nipype.workflow INFO:
	 [Node] Finished "map_brainmask", elapsed time 0.537224s.
250528-04:12:39,494 nipype.workflow INFO:
	 [Node] Setting-up "fmriprep_25_0_wf.sub_GEO073_wf.bold_ses_t2_task_image_run_5_wf.bold_confounds_wf.fdisp" in "/work/fmriprep_25_0_wf/sub_GEO073_wf/bold_ses_t2_task_image_run_5_wf/bold_confounds_wf/fdisp".
250528-04:12:39,596 nipype.workflow INFO:
	 [Node] Executing "fdisp" <fmriprep.interfaces.confounds.FramewiseDisplacement>
250528-04:12:39,630 nipype.workflow INFO:
	 [Node] Setting-up "_inu_n40" in "/work/fmriprep_25_0_wf/sub_GEO073_wf/anat_fit_wf/brain_extraction_wf/inu_n4/mapflow/_inu_n40".
250528-04:12:39,642 nipype.workflow INFO:
	 [Node] Finished "fdisp", elapsed time 0.044533s.
250528-04:12:39,761 nipype.workflow INFO:
	 [Node] Executing "_inu_n40" <nipype.interfaces.ants.segmentation.N4BiasFieldCorrection>
250528-04:12:41,40 nipype.workflow INFO:
	 [Node] Setting-up "fmriprep_25_0_wf.sub_GEO073_wf.bold_ses_t2_task_image_run_1_wf.bold_fit_wf.enhance_and_skullstrip_bold_wf.n4_correct" in "/work/fmriprep_25_0_wf/sub_GEO073_wf/bold_ses_t2_task_image_run_1_wf/bold_fit_wf/enhance_and_skullstrip_bold_wf/n4_correct".
250528-04:12:41,167 nipype.workflow INFO:
	 [Node] Executing "n4_correct" <niworkflows.interfaces.fixes.FixN4BiasFieldCorrection>
250528-04:12:42,552 nipype.workflow INFO:
	 [Node] Finished "n4_correct", elapsed time 1.383403s.
250528-04:12:43,93 nipype.workflow INFO:
	 [Node] Setting-up "fmriprep_25_0_wf.sub_GEO073_wf.bold_ses_t2_task_image_run_2_wf.bold_fit_wf.enhance_and_skullstrip_bold_wf.n4_correct" in "/work/fmriprep_25_0_wf/sub_GEO073_wf/bold_ses_t2_task_image_run_2_wf/bold_fit_wf/enhance_and_skullstrip_bold_wf/n4_correct".
250528-04:12:43,475 nipype.workflow INFO:
	 [Node] Executing "n4_correct" <niworkflows.interfaces.fixes.FixN4BiasFieldCorrection>
250528-04:12:45,674 nipype.workflow INFO:
	 [Node] Finished "n4_correct", elapsed time 2.198312s.
250528-04:12:47,48 nipype.workflow INFO:
	 [Node] Setting-up "fmriprep_25_0_wf.sub_GEO073_wf.bold_ses_t2_task_image_run_3_wf.bold_fit_wf.enhance_and_skullstrip_bold_wf.n4_correct" in "/work/fmriprep_25_0_wf/sub_GEO073_wf/bold_ses_t2_task_image_run_3_wf/bold_fit_wf/enhance_and_skullstrip_bold_wf/n4_correct".
250528-04:12:47,174 nipype.workflow INFO:
	 [Node] Executing "n4_correct" <niworkflows.interfaces.fixes.FixN4BiasFieldCorrection>
250528-04:12:49,436 nipype.workflow INFO:
	 [Node] Finished "n4_correct", elapsed time 2.261079s.
250528-04:12:51,41 nipype.workflow INFO:
	 [Node] Setting-up "fmriprep_25_0_wf.sub_GEO073_wf.bold_ses_t2_task_image_run_4_wf.bold_fit_wf.enhance_and_skullstrip_bold_wf.n4_correct" in "/work/fmriprep_25_0_wf/sub_GEO073_wf/bold_ses_t2_task_image_run_4_wf/bold_fit_wf/enhance_and_skullstrip_bold_wf/n4_correct".
250528-04:12:51,144 nipype.workflow INFO:
	 [Node] Executing "n4_correct" <niworkflows.interfaces.fixes.FixN4BiasFieldCorrection>
250528-04:12:52,449 nipype.workflow INFO:
	 [Node] Finished "n4_correct", elapsed time 1.304311s.
250528-04:12:53,43 nipype.workflow INFO:
	 [Node] Setting-up "fmriprep_25_0_wf.sub_GEO073_wf.bold_ses_t2_task_image_run_5_wf.bold_fit_wf.enhance_and_skullstrip_bold_wf.n4_correct" in "/work/fmriprep_25_0_wf/sub_GEO073_wf/bold_ses_t2_task_image_run_5_wf/bold_fit_wf/enhance_and_skullstrip_bold_wf/n4_correct".
250528-04:12:53,193 nipype.workflow INFO:
	 [Node] Executing "n4_correct" <niworkflows.interfaces.fixes.FixN4BiasFieldCorrection>
250528-04:12:54,486 nipype.workflow INFO:
	 [Node] Finished "_inu_n40", elapsed time 14.723924s.
250528-04:12:55,163 nipype.workflow INFO:
	 [Node] Setting-up "fmriprep_25_0_wf.sub_GEO073_wf.anat_fit_wf.surface_recon_wf.autorecon1" in "/work/fmriprep_25_0_wf/sub_GEO073_wf/anat_fit_wf/surface_recon_wf/autorecon1".
250528-04:12:55,261 nipype.workflow INFO:
	 [Node] Finished "n4_correct", elapsed time 2.067362s.
250528-04:12:55,377 nipype.workflow INFO:
	 [Node] Executing "autorecon1" <smriprep.interfaces.freesurfer.ReconAll>
250528-04:12:57,60 nipype.workflow INFO:
	 [Node] Setting-up "fmriprep_25_0_wf.sub_GEO073_wf.anat_fit_wf.brain_extraction_wf.res_target" in "/work/fmriprep_25_0_wf/sub_GEO073_wf/anat_fit_wf/brain_extraction_wf/res_target".
250528-04:12:57,178 nipype.workflow INFO:
	 [Node] Executing "res_target" <niworkflows.interfaces.nibabel.RegridToZooms>
250528-04:12:58,35 nipype.workflow INFO:
	 [Node] Finished "res_target", elapsed time 0.855995s.
250528-04:12:59,62 nipype.workflow INFO:
	 [Node] Setting-up "fmriprep_25_0_wf.sub_GEO073_wf.anat_fit_wf.brain_extraction_wf.lap_target" in "/work/fmriprep_25_0_wf/sub_GEO073_wf/anat_fit_wf/brain_extraction_wf/lap_target".
250528-04:12:59,173 nipype.workflow INFO:
	 [Node] Executing "lap_target" <nipype.interfaces.ants.utils.ImageMath>
250528-04:13:05,767 nipype.workflow INFO:
	 [Node] Finished "lap_target", elapsed time 6.592832s.
250528-04:13:07,111 nipype.workflow INFO:
	 [Node] Setting-up "fmriprep_25_0_wf.sub_GEO073_wf.bold_ses_t2_task_image_run_1_wf.bold_fit_wf.enhance_and_skullstrip_bold_wf.skullstrip_first_pass" in "/work/fmriprep_25_0_wf/sub_GEO073_wf/bold_ses_t2_task_image_run_1_wf/bold_fit_wf/enhance_and_skullstrip_bold_wf/skullstrip_first_pass".
250528-04:13:07,226 nipype.workflow INFO:
	 [Node] Executing "skullstrip_first_pass" <nipype.interfaces.fsl.preprocess.BET>
250528-04:13:08,569 nipype.workflow INFO:
	 [Node] Finished "skullstrip_first_pass", elapsed time 1.342095s.
250528-04:13:09,210 nipype.interface WARNING:
	 Changing /out/sub-GEO073/ses-t2/func/sub-GEO073_ses-t2_task-image_run-1_desc-coreg_boldref.nii.gz dtype from uint16 to float32
250528-04:13:09,634 nipype.workflow INFO:
	 [Node] Setting-up "fmriprep_25_0_wf.sub_GEO073_wf.bold_ses_t2_task_image_run_2_wf.bold_fit_wf.enhance_and_skullstrip_bold_wf.skullstrip_first_pass" in "/work/fmriprep_25_0_wf/sub_GEO073_wf/bold_ses_t2_task_image_run_2_wf/bold_fit_wf/enhance_and_skullstrip_bold_wf/skullstrip_first_pass".
250528-04:13:09,776 nipype.workflow INFO:
	 [Node] Executing "skullstrip_first_pass" <nipype.interfaces.fsl.preprocess.BET>
250528-04:13:10,950 nipype.workflow INFO:
	 [Node] Finished "skullstrip_first_pass", elapsed time 1.1724809999999999s.
250528-04:13:13,218 nipype.interface WARNING:
	 Changing /out/sub-GEO073/ses-t2/func/sub-GEO073_ses-t2_task-image_run-2_desc-coreg_boldref.nii.gz dtype from uint16 to float32
250528-04:13:13,950 nipype.workflow INFO:
	 [Node] Setting-up "fmriprep_25_0_wf.sub_GEO073_wf.bold_ses_t2_task_image_run_3_wf.bold_fit_wf.enhance_and_skullstrip_bold_wf.skullstrip_first_pass" in "/work/fmriprep_25_0_wf/sub_GEO073_wf/bold_ses_t2_task_image_run_3_wf/bold_fit_wf/enhance_and_skullstrip_bold_wf/skullstrip_first_pass".
250528-04:13:14,53 nipype.workflow INFO:
	 [Node] Executing "skullstrip_first_pass" <nipype.interfaces.fsl.preprocess.BET>
250528-04:13:15,244 nipype.workflow INFO:
	 [Node] Finished "skullstrip_first_pass", elapsed time 1.19045s.
250528-04:13:17,196 nipype.interface WARNING:
	 Changing /out/sub-GEO073/ses-t2/func/sub-GEO073_ses-t2_task-image_run-3_desc-coreg_boldref.nii.gz dtype from uint16 to float32
250528-04:13:17,622 nipype.workflow INFO:
	 [Node] Setting-up "fmriprep_25_0_wf.sub_GEO073_wf.bold_ses_t2_task_image_run_4_wf.bold_fit_wf.enhance_and_skullstrip_bold_wf.skullstrip_first_pass" in "/work/fmriprep_25_0_wf/sub_GEO073_wf/bold_ses_t2_task_image_run_4_wf/bold_fit_wf/enhance_and_skullstrip_bold_wf/skullstrip_first_pass".
250528-04:13:18,302 nipype.workflow INFO:
	 [Node] Executing "skullstrip_first_pass" <nipype.interfaces.fsl.preprocess.BET>
250528-04:13:19,481 nipype.workflow INFO:
	 [Node] Finished "skullstrip_first_pass", elapsed time 1.178496s.
250528-04:13:21,223 nipype.interface WARNING:
	 Changing /out/sub-GEO073/ses-t2/func/sub-GEO073_ses-t2_task-image_run-4_desc-coreg_boldref.nii.gz dtype from uint16 to float32
250528-04:13:21,649 nipype.workflow INFO:
	 [Node] Setting-up "fmriprep_25_0_wf.sub_GEO073_wf.bold_ses_t2_task_image_run_5_wf.bold_fit_wf.enhance_and_skullstrip_bold_wf.skullstrip_first_pass" in "/work/fmriprep_25_0_wf/sub_GEO073_wf/bold_ses_t2_task_image_run_5_wf/bold_fit_wf/enhance_and_skullstrip_bold_wf/skullstrip_first_pass".
250528-04:13:21,884 nipype.workflow INFO:
	 [Node] Executing "skullstrip_first_pass" <nipype.interfaces.fsl.preprocess.BET>
250528-04:13:23,101 nipype.workflow INFO:
	 [Node] Finished "skullstrip_first_pass", elapsed time 1.216474s.
250528-04:13:25,281 nipype.interface WARNING:
	 Changing /out/sub-GEO073/ses-t2/func/sub-GEO073_ses-t2_task-image_run-5_desc-coreg_boldref.nii.gz dtype from uint16 to float32
250528-04:13:25,711 nipype.workflow INFO:
	 [Node] Setting-up "fmriprep_25_0_wf.sub_GEO073_wf.anat_fit_wf.brain_extraction_wf.mrg_target" in "/work/fmriprep_25_0_wf/sub_GEO073_wf/anat_fit_wf/brain_extraction_wf/mrg_target".
250528-04:13:25,820 nipype.workflow INFO:
	 [Node] Executing "mrg_target" <nipype.interfaces.utility.base.Merge>
250528-04:13:25,821 nipype.workflow INFO:
	 [Node] Finished "mrg_target", elapsed time 0.000439s.
250528-04:13:27,62 nipype.workflow INFO:
	 [Node] Setting-up "fmriprep_25_0_wf.sub_GEO073_wf.bold_ses_t2_task_image_run_1_wf.bold_fit_wf.enhance_and_skullstrip_bold_wf.first_dilate" in "/work/fmriprep_25_0_wf/sub_GEO073_wf/bold_ses_t2_task_image_run_1_wf/bold_fit_wf/enhance_and_skullstrip_bold_wf/first_dilate".
250528-04:13:27,236 nipype.workflow INFO:
	 [Node] Executing "first_dilate" <niworkflows.interfaces.nibabel.BinaryDilation>
250528-04:13:27,943 nipype.workflow INFO:
	 [Node] Finished "first_dilate", elapsed time 0.705709s.
250528-04:13:29,63 nipype.workflow INFO:
	 [Node] Setting-up "fmriprep_25_0_wf.sub_GEO073_wf.bold_ses_t2_task_image_run_1_wf.bold_fit_wf.ds_boldreg_wf.sources" in "/work/fmriprep_25_0_wf/sub_GEO073_wf/bold_ses_t2_task_image_run_1_wf/bold_fit_wf/ds_boldreg_wf/sources".
250528-04:13:29,201 nipype.workflow INFO:
	 [Node] Executing "sources" <fmriprep.interfaces.bids.BIDSURI>
250528-04:13:29,203 nipype.workflow INFO:
	 [Node] Finished "sources", elapsed time 0.000677s.
250528-04:13:31,82 nipype.workflow INFO:
	 [Node] Setting-up "fmriprep_25_0_wf.sub_GEO073_wf.bold_ses_t2_task_image_run_1_wf.bold_std_wf.gen_ref" in "/work/fmriprep_25_0_wf/sub_GEO073_wf/bold_ses_t2_task_image_run_1_wf/bold_std_wf/_in_tuple_MNI152NLin2009cAsym.resnative/gen_ref".
250528-04:13:31,354 nipype.workflow INFO:
	 [Node] Executing "gen_ref" <niworkflows.interfaces.nibabel.GenerateSamplingReference>
250528-04:13:32,462 nipype.workflow INFO:
	 [Node] Finished "gen_ref", elapsed time 1.107163s.
250528-04:13:33,95 nipype.workflow INFO:
	 [Node] Setting-up "fmriprep_25_0_wf.sub_GEO073_wf.bold_ses_t2_task_image_run_2_wf.bold_fit_wf.enhance_and_skullstrip_bold_wf.first_dilate" in "/work/fmriprep_25_0_wf/sub_GEO073_wf/bold_ses_t2_task_image_run_2_wf/bold_fit_wf/enhance_and_skullstrip_bold_wf/first_dilate".
250528-04:13:33,228 nipype.workflow INFO:
	 [Node] Executing "first_dilate" <niworkflows.interfaces.nibabel.BinaryDilation>
250528-04:13:33,502 nipype.workflow INFO:
	 [Node] Finished "first_dilate", elapsed time 0.273125s.
250528-04:13:35,57 nipype.workflow INFO:
	 [Node] Setting-up "fmriprep_25_0_wf.sub_GEO073_wf.bold_ses_t2_task_image_run_2_wf.bold_fit_wf.ds_boldreg_wf.sources" in "/work/fmriprep_25_0_wf/sub_GEO073_wf/bold_ses_t2_task_image_run_2_wf/bold_fit_wf/ds_boldreg_wf/sources".
250528-04:13:35,199 nipype.workflow INFO:
	 [Node] Executing "sources" <fmriprep.interfaces.bids.BIDSURI>
250528-04:13:35,200 nipype.workflow INFO:
	 [Node] Finished "sources", elapsed time 0.000683s.
250528-04:13:37,67 nipype.workflow INFO:
	 [Node] Setting-up "fmriprep_25_0_wf.sub_GEO073_wf.bold_ses_t2_task_image_run_2_wf.bold_std_wf.gen_ref" in "/work/fmriprep_25_0_wf/sub_GEO073_wf/bold_ses_t2_task_image_run_2_wf/bold_std_wf/_in_tuple_MNI152NLin2009cAsym.resnative/gen_ref".
250528-04:13:37,209 nipype.workflow INFO:
	 [Node] Executing "gen_ref" <niworkflows.interfaces.nibabel.GenerateSamplingReference>
250528-04:13:38,14 nipype.workflow INFO:
	 [Node] Finished "gen_ref", elapsed time 0.804335s.
250528-04:13:39,107 nipype.workflow INFO:
	 [Node] Setting-up "fmriprep_25_0_wf.sub_GEO073_wf.bold_ses_t2_task_image_run_3_wf.bold_fit_wf.enhance_and_skullstrip_bold_wf.first_dilate" in "/work/fmriprep_25_0_wf/sub_GEO073_wf/bold_ses_t2_task_image_run_3_wf/bold_fit_wf/enhance_and_skullstrip_bold_wf/first_dilate".
250528-04:13:39,272 nipype.workflow INFO:
	 [Node] Executing "first_dilate" <niworkflows.interfaces.nibabel.BinaryDilation>
250528-04:13:39,585 nipype.workflow INFO:
	 [Node] Finished "first_dilate", elapsed time 0.311591s.
250528-04:13:41,85 nipype.workflow INFO:
	 [Node] Setting-up "fmriprep_25_0_wf.sub_GEO073_wf.bold_ses_t2_task_image_run_3_wf.bold_fit_wf.ds_boldreg_wf.sources" in "/work/fmriprep_25_0_wf/sub_GEO073_wf/bold_ses_t2_task_image_run_3_wf/bold_fit_wf/ds_boldreg_wf/sources".
250528-04:13:41,408 nipype.workflow INFO:
	 [Node] Executing "sources" <fmriprep.interfaces.bids.BIDSURI>
250528-04:13:41,410 nipype.workflow INFO:
	 [Node] Finished "sources", elapsed time 0.000549s.
250528-04:13:43,84 nipype.workflow INFO:
	 [Node] Setting-up "fmriprep_25_0_wf.sub_GEO073_wf.bold_ses_t2_task_image_run_3_wf.bold_std_wf.gen_ref" in "/work/fmriprep_25_0_wf/sub_GEO073_wf/bold_ses_t2_task_image_run_3_wf/bold_std_wf/_in_tuple_MNI152NLin2009cAsym.resnative/gen_ref".
250528-04:13:43,216 nipype.workflow INFO:
	 [Node] Executing "gen_ref" <niworkflows.interfaces.nibabel.GenerateSamplingReference>
250528-04:13:43,999 nipype.workflow INFO:
	 [Node] Finished "gen_ref", elapsed time 0.78145s.
250528-04:13:45,70 nipype.workflow INFO:
	 [Node] Setting-up "fmriprep_25_0_wf.sub_GEO073_wf.bold_ses_t2_task_image_run_4_wf.bold_fit_wf.enhance_and_skullstrip_bold_wf.first_dilate" in "/work/fmriprep_25_0_wf/sub_GEO073_wf/bold_ses_t2_task_image_run_4_wf/bold_fit_wf/enhance_and_skullstrip_bold_wf/first_dilate".
250528-04:13:45,177 nipype.workflow INFO:
	 [Node] Executing "first_dilate" <niworkflows.interfaces.nibabel.BinaryDilation>
250528-04:13:45,422 nipype.workflow INFO:
	 [Node] Finished "first_dilate", elapsed time 0.244298s.
250528-04:13:47,47 nipype.workflow INFO:
	 [Node] Setting-up "fmriprep_25_0_wf.sub_GEO073_wf.bold_ses_t2_task_image_run_4_wf.bold_fit_wf.ds_boldreg_wf.sources" in "/work/fmriprep_25_0_wf/sub_GEO073_wf/bold_ses_t2_task_image_run_4_wf/bold_fit_wf/ds_boldreg_wf/sources".
250528-04:13:47,179 nipype.workflow INFO:
	 [Node] Executing "sources" <fmriprep.interfaces.bids.BIDSURI>
250528-04:13:47,181 nipype.workflow INFO:
	 [Node] Finished "sources", elapsed time 0.000628s.
250528-04:13:49,49 nipype.workflow INFO:
	 [Node] Setting-up "fmriprep_25_0_wf.sub_GEO073_wf.bold_ses_t2_task_image_run_4_wf.bold_std_wf.gen_ref" in "/work/fmriprep_25_0_wf/sub_GEO073_wf/bold_ses_t2_task_image_run_4_wf/bold_std_wf/_in_tuple_MNI152NLin2009cAsym.resnative/gen_ref".
250528-04:13:49,175 nipype.workflow INFO:
	 [Node] Executing "gen_ref" <niworkflows.interfaces.nibabel.GenerateSamplingReference>
250528-04:13:49,958 nipype.workflow INFO:
	 [Node] Finished "gen_ref", elapsed time 0.782787s.
250528-04:13:51,56 nipype.workflow INFO:
	 [Node] Setting-up "fmriprep_25_0_wf.sub_GEO073_wf.bold_ses_t2_task_image_run_5_wf.bold_fit_wf.enhance_and_skullstrip_bold_wf.first_dilate" in "/work/fmriprep_25_0_wf/sub_GEO073_wf/bold_ses_t2_task_image_run_5_wf/bold_fit_wf/enhance_and_skullstrip_bold_wf/first_dilate".
250528-04:13:51,156 nipype.workflow INFO:
	 [Node] Executing "first_dilate" <niworkflows.interfaces.nibabel.BinaryDilation>
250528-04:13:51,413 nipype.workflow INFO:
	 [Node] Finished "first_dilate", elapsed time 0.255341s.
250528-04:13:53,48 nipype.workflow INFO:
	 [Node] Setting-up "fmriprep_25_0_wf.sub_GEO073_wf.bold_ses_t2_task_image_run_5_wf.bold_fit_wf.ds_boldreg_wf.sources" in "/work/fmriprep_25_0_wf/sub_GEO073_wf/bold_ses_t2_task_image_run_5_wf/bold_fit_wf/ds_boldreg_wf/sources".
250528-04:13:53,188 nipype.workflow INFO:
	 [Node] Executing "sources" <fmriprep.interfaces.bids.BIDSURI>
250528-04:13:53,190 nipype.workflow INFO:
	 [Node] Finished "sources", elapsed time 0.000601s.
250528-04:13:55,73 nipype.workflow INFO:
	 [Node] Setting-up "fmriprep_25_0_wf.sub_GEO073_wf.bold_ses_t2_task_image_run_5_wf.bold_std_wf.gen_ref" in "/work/fmriprep_25_0_wf/sub_GEO073_wf/bold_ses_t2_task_image_run_5_wf/bold_std_wf/_in_tuple_MNI152NLin2009cAsym.resnative/gen_ref".
250528-04:13:55,201 nipype.workflow INFO:
	 [Node] Executing "gen_ref" <niworkflows.interfaces.nibabel.GenerateSamplingReference>
250528-04:13:55,989 nipype.workflow INFO:
	 [Node] Finished "gen_ref", elapsed time 0.786327s.
250528-04:13:57,63 nipype.workflow INFO:
	 [Node] Setting-up "fmriprep_25_0_wf.sub_GEO073_wf.bold_ses_t2_task_image_run_1_wf.bold_fit_wf.enhance_and_skullstrip_bold_wf.first_mask" in "/work/fmriprep_25_0_wf/sub_GEO073_wf/bold_ses_t2_task_image_run_1_wf/bold_fit_wf/enhance_and_skullstrip_bold_wf/first_mask".
250528-04:13:57,176 nipype.workflow INFO:
	 [Node] Executing "first_mask" <niworkflows.interfaces.nibabel.ApplyMask>
250528-04:13:57,247 nipype.workflow INFO:
	 [Node] Finished "first_mask", elapsed time 0.069904s.
250528-04:13:59,47 nipype.workflow INFO:
	 [Node] Setting-up "fmriprep_25_0_wf.sub_GEO073_wf.bold_ses_t2_task_image_run_2_wf.bold_fit_wf.enhance_and_skullstrip_bold_wf.first_mask" in "/work/fmriprep_25_0_wf/sub_GEO073_wf/bold_ses_t2_task_image_run_2_wf/bold_fit_wf/enhance_and_skullstrip_bold_wf/first_mask".
250528-04:13:59,156 nipype.workflow INFO:
	 [Node] Executing "first_mask" <niworkflows.interfaces.nibabel.ApplyMask>
250528-04:13:59,233 nipype.workflow INFO:
	 [Node] Finished "first_mask", elapsed time 0.075787s.
250528-04:14:01,78 nipype.workflow INFO:
	 [Node] Setting-up "fmriprep_25_0_wf.sub_GEO073_wf.bold_ses_t2_task_image_run_3_wf.bold_fit_wf.enhance_and_skullstrip_bold_wf.first_mask" in "/work/fmriprep_25_0_wf/sub_GEO073_wf/bold_ses_t2_task_image_run_3_wf/bold_fit_wf/enhance_and_skullstrip_bold_wf/first_mask".
250528-04:14:01,189 nipype.workflow INFO:
	 [Node] Executing "first_mask" <niworkflows.interfaces.nibabel.ApplyMask>
250528-04:14:01,259 nipype.workflow INFO:
	 [Node] Finished "first_mask", elapsed time 0.069593s.
250528-04:14:03,53 nipype.workflow INFO:
	 [Node] Setting-up "fmriprep_25_0_wf.sub_GEO073_wf.bold_ses_t2_task_image_run_4_wf.bold_fit_wf.enhance_and_skullstrip_bold_wf.first_mask" in "/work/fmriprep_25_0_wf/sub_GEO073_wf/bold_ses_t2_task_image_run_4_wf/bold_fit_wf/enhance_and_skullstrip_bold_wf/first_mask".
250528-04:14:03,197 nipype.workflow INFO:
	 [Node] Executing "first_mask" <niworkflows.interfaces.nibabel.ApplyMask>
250528-04:14:03,267 nipype.workflow INFO:
	 [Node] Finished "first_mask", elapsed time 0.069331s.
250528-04:14:05,46 nipype.workflow INFO:
	 [Node] Setting-up "fmriprep_25_0_wf.sub_GEO073_wf.bold_ses_t2_task_image_run_5_wf.bold_fit_wf.enhance_and_skullstrip_bold_wf.first_mask" in "/work/fmriprep_25_0_wf/sub_GEO073_wf/bold_ses_t2_task_image_run_5_wf/bold_fit_wf/enhance_and_skullstrip_bold_wf/first_mask".
250528-04:14:05,170 nipype.workflow INFO:
	 [Node] Executing "first_mask" <niworkflows.interfaces.nibabel.ApplyMask>
250528-04:14:05,239 nipype.workflow INFO:
	 [Node] Finished "first_mask", elapsed time 0.068883s.
250528-04:14:07,47 nipype.workflow INFO:
	 [Node] Setting-up "fmriprep_25_0_wf.sub_GEO073_wf.bold_ses_t2_task_image_run_1_wf.bold_fit_wf.enhance_and_skullstrip_bold_wf.unifize" in "/work/fmriprep_25_0_wf/sub_GEO073_wf/bold_ses_t2_task_image_run_1_wf/bold_fit_wf/enhance_and_skullstrip_bold_wf/unifize".
250528-04:14:07,172 nipype.workflow INFO:
	 [Node] Executing "unifize" <nipype.interfaces.afni.utils.Unifize>
250528-04:17:31,439 nipype.workflow INFO:
	 [Node] Finished "unifize", elapsed time 204.265839s.
250528-04:17:33,143 nipype.workflow INFO:
	 [Node] Setting-up "fmriprep_25_0_wf.sub_GEO073_wf.bold_ses_t2_task_image_run_2_wf.bold_fit_wf.enhance_and_skullstrip_bold_wf.unifize" in "/work/fmriprep_25_0_wf/sub_GEO073_wf/bold_ses_t2_task_image_run_2_wf/bold_fit_wf/enhance_and_skullstrip_bold_wf/unifize".
250528-04:17:33,361 nipype.workflow INFO:
	 [Node] Executing "unifize" <nipype.interfaces.afni.utils.Unifize>
250528-04:19:31,503 nipype.workflow INFO:
	 [Node] Finished "autorecon1", elapsed time 396.118605s.
250528-04:19:33,100 nipype.workflow INFO:
	 [Node] Setting-up "fmriprep_25_0_wf.sub_GEO073_wf.bold_ses_t2_task_image_run_3_wf.bold_fit_wf.enhance_and_skullstrip_bold_wf.unifize" in "/work/fmriprep_25_0_wf/sub_GEO073_wf/bold_ses_t2_task_image_run_3_wf/bold_fit_wf/enhance_and_skullstrip_bold_wf/unifize".
250528-04:19:33,141 nipype.workflow INFO:
	 [Node] Setting-up "fmriprep_25_0_wf.sub_GEO073_wf.anat_fit_wf.surface_recon_wf.fsnative2t1w_xfm" in "/work/fmriprep_25_0_wf/sub_GEO073_wf/anat_fit_wf/surface_recon_wf/fsnative2t1w_xfm".
250528-04:19:33,144 nipype.workflow INFO:
	 [Node] Setting-up "fmriprep_25_0_wf.sub_GEO073_wf.bold_ses_t2_task_image_run_4_wf.bold_fit_wf.enhance_and_skullstrip_bold_wf.unifize" in "/work/fmriprep_25_0_wf/sub_GEO073_wf/bold_ses_t2_task_image_run_4_wf/bold_fit_wf/enhance_and_skullstrip_bold_wf/unifize".
250528-04:19:33,154 nipype.workflow INFO:
	 [Node] Setting-up "fmriprep_25_0_wf.sub_GEO073_wf.bold_ses_t2_task_image_run_1_wf.bold_fit_wf.enhance_and_skullstrip_bold_wf.fixhdr_unifize" in "/work/fmriprep_25_0_wf/sub_GEO073_wf/bold_ses_t2_task_image_run_1_wf/bold_fit_wf/enhance_and_skullstrip_bold_wf/fixhdr_unifize".
250528-04:19:33,165 nipype.workflow INFO:
	 [Node] Setting-up "fmriprep_25_0_wf.sub_GEO073_wf.bold_ses_t2_task_image_run_5_wf.bold_fit_wf.enhance_and_skullstrip_bold_wf.unifize" in "/work/fmriprep_25_0_wf/sub_GEO073_wf/bold_ses_t2_task_image_run_5_wf/bold_fit_wf/enhance_and_skullstrip_bold_wf/unifize".
250528-04:19:33,315 nipype.workflow INFO:
	 [Node] Executing "unifize" <nipype.interfaces.afni.utils.Unifize>
250528-04:19:33,329 nipype.workflow INFO:
	 [Node] Executing "fsnative2t1w_xfm" <niworkflows.interfaces.freesurfer.PatchedRobustRegister>
250528-04:19:33,339 nipype.workflow INFO:
	 [Node] Executing "fixhdr_unifize" <niworkflows.interfaces.header.CopyXForm>
250528-04:19:33,362 nipype.workflow INFO:
	 [Node] Executing "unifize" <nipype.interfaces.afni.utils.Unifize>
250528-04:19:33,370 nipype.workflow INFO:
	 [Node] Executing "unifize" <nipype.interfaces.afni.utils.Unifize>
250528-04:19:33,467 nipype.workflow INFO:
	 [Node] Finished "fixhdr_unifize", elapsed time 0.126529s.
250528-04:19:35,87 nipype.workflow INFO:
	 [Node] Setting-up "fmriprep_25_0_wf.sub_GEO073_wf.bold_ses_t2_task_image_run_1_wf.bold_fit_wf.enhance_and_skullstrip_bold_wf.skullstrip_second_pass" in "/work/fmriprep_25_0_wf/sub_GEO073_wf/bold_ses_t2_task_image_run_1_wf/bold_fit_wf/enhance_and_skullstrip_bold_wf/skullstrip_second_pass".
250528-04:19:35,237 nipype.workflow INFO:
	 [Node] Executing "skullstrip_second_pass" <nipype.interfaces.afni.preprocess.Automask>
250528-04:19:35,686 nipype.workflow INFO:
	 [Node] Finished "skullstrip_second_pass", elapsed time 0.447729s.
250528-04:19:37,103 nipype.workflow INFO:
	 [Node] Setting-up "fmriprep_25_0_wf.sub_GEO073_wf.bold_ses_t2_task_image_run_1_wf.bold_fit_wf.enhance_and_skullstrip_bold_wf.fixhdr_skullstrip2" in "/work/fmriprep_25_0_wf/sub_GEO073_wf/bold_ses_t2_task_image_run_1_wf/bold_fit_wf/enhance_and_skullstrip_bold_wf/fixhdr_skullstrip2".
250528-04:19:37,277 nipype.workflow INFO:
	 [Node] Executing "fixhdr_skullstrip2" <niworkflows.interfaces.header.CopyXForm>
250528-04:19:37,353 nipype.workflow INFO:
	 [Node] Finished "fixhdr_skullstrip2", elapsed time 0.074628s.
250528-04:19:39,93 nipype.workflow INFO:
	 [Node] Setting-up "fmriprep_25_0_wf.sub_GEO073_wf.bold_ses_t2_task_image_run_1_wf.bold_fit_wf.enhance_and_skullstrip_bold_wf.combine_masks" in "/work/fmriprep_25_0_wf/sub_GEO073_wf/bold_ses_t2_task_image_run_1_wf/bold_fit_wf/enhance_and_skullstrip_bold_wf/combine_masks".
250528-04:19:39,249 nipype.workflow INFO:
	 [Node] Executing "combine_masks" <nipype.interfaces.fsl.maths.BinaryMaths>
250528-04:19:39,477 nipype.workflow INFO:
	 [Node] Finished "combine_masks", elapsed time 0.227431s.
250528-04:19:41,85 nipype.workflow INFO:
	 [Node] Setting-up "fmriprep_25_0_wf.sub_GEO073_wf.bold_ses_t2_task_image_run_1_wf.bold_fit_wf.enhance_and_skullstrip_bold_wf.apply_mask" in "/work/fmriprep_25_0_wf/sub_GEO073_wf/bold_ses_t2_task_image_run_1_wf/bold_fit_wf/enhance_and_skullstrip_bold_wf/apply_mask".
250528-04:19:41,219 nipype.workflow INFO:
	 [Node] Executing "apply_mask" <niworkflows.interfaces.nibabel.ApplyMask>
250528-04:19:41,294 nipype.workflow INFO:
	 [Node] Finished "apply_mask", elapsed time 0.07409s.
250528-04:19:41,311 nipype.interface WARNING:
	 Changing /out/sub-GEO073/ses-t2/func/sub-GEO073_ses-t2_task-image_run-1_desc-brain_mask.nii.gz dtype from float32 to uint8
250528-04:20:05,337 nipype.workflow INFO:
	 [Node] Finished "fsnative2t1w_xfm", elapsed time 32.006165s.
250528-04:21:02,431 nipype.workflow INFO:
	 [Node] Finished "unifize", elapsed time 209.06871s.
250528-04:21:03,97 nipype.workflow INFO:
	 [Node] Setting-up "fmriprep_25_0_wf.sub_GEO073_wf.bold_ses_t2_task_image_run_2_wf.bold_fit_wf.enhance_and_skullstrip_bold_wf.fixhdr_unifize" in "/work/fmriprep_25_0_wf/sub_GEO073_wf/bold_ses_t2_task_image_run_2_wf/bold_fit_wf/enhance_and_skullstrip_bold_wf/fixhdr_unifize".
250528-04:21:03,409 nipype.workflow INFO:
	 [Node] Executing "fixhdr_unifize" <niworkflows.interfaces.header.CopyXForm>
250528-04:21:03,530 nipype.workflow INFO:
	 [Node] Finished "fixhdr_unifize", elapsed time 0.119403s.
250528-04:21:05,121 nipype.workflow INFO:
	 [Node] Setting-up "fmriprep_25_0_wf.sub_GEO073_wf.bold_ses_t2_task_image_run_2_wf.bold_fit_wf.enhance_and_skullstrip_bold_wf.skullstrip_second_pass" in "/work/fmriprep_25_0_wf/sub_GEO073_wf/bold_ses_t2_task_image_run_2_wf/bold_fit_wf/enhance_and_skullstrip_bold_wf/skullstrip_second_pass".
250528-04:21:05,319 nipype.workflow INFO:
	 [Node] Executing "skullstrip_second_pass" <nipype.interfaces.afni.preprocess.Automask>
250528-04:21:05,683 nipype.workflow INFO:
	 [Node] Finished "skullstrip_second_pass", elapsed time 0.363155s.
250528-04:21:07,143 nipype.workflow INFO:
	 [Node] Setting-up "fmriprep_25_0_wf.sub_GEO073_wf.bold_ses_t2_task_image_run_2_wf.bold_fit_wf.enhance_and_skullstrip_bold_wf.fixhdr_skullstrip2" in "/work/fmriprep_25_0_wf/sub_GEO073_wf/bold_ses_t2_task_image_run_2_wf/bold_fit_wf/enhance_and_skullstrip_bold_wf/fixhdr_skullstrip2".
250528-04:21:07,291 nipype.workflow INFO:
	 [Node] Executing "fixhdr_skullstrip2" <niworkflows.interfaces.header.CopyXForm>
250528-04:21:07,349 nipype.workflow INFO:
	 [Node] Finished "fixhdr_skullstrip2", elapsed time 0.056452s.
250528-04:21:09,148 nipype.workflow INFO:
	 [Node] Setting-up "fmriprep_25_0_wf.sub_GEO073_wf.bold_ses_t2_task_image_run_2_wf.bold_fit_wf.enhance_and_skullstrip_bold_wf.combine_masks" in "/work/fmriprep_25_0_wf/sub_GEO073_wf/bold_ses_t2_task_image_run_2_wf/bold_fit_wf/enhance_and_skullstrip_bold_wf/combine_masks".
250528-04:21:09,293 nipype.workflow INFO:
	 [Node] Executing "combine_masks" <nipype.interfaces.fsl.maths.BinaryMaths>
250528-04:21:09,512 nipype.workflow INFO:
	 [Node] Finished "combine_masks", elapsed time 0.217252s.
250528-04:21:11,152 nipype.workflow INFO:
	 [Node] Setting-up "fmriprep_25_0_wf.sub_GEO073_wf.bold_ses_t2_task_image_run_2_wf.bold_fit_wf.enhance_and_skullstrip_bold_wf.apply_mask" in "/work/fmriprep_25_0_wf/sub_GEO073_wf/bold_ses_t2_task_image_run_2_wf/bold_fit_wf/enhance_and_skullstrip_bold_wf/apply_mask".
250528-04:21:11,356 nipype.workflow INFO:
	 [Node] Executing "apply_mask" <niworkflows.interfaces.nibabel.ApplyMask>
250528-04:21:11,426 nipype.workflow INFO:
	 [Node] Finished "apply_mask", elapsed time 0.06865s.
250528-04:21:11,426 nipype.interface WARNING:
	 Changing /out/sub-GEO073/ses-t2/func/sub-GEO073_ses-t2_task-image_run-2_desc-brain_mask.nii.gz dtype from float32 to uint8
250528-04:23:01,260 nipype.workflow INFO:
	 [Node] Finished "unifize", elapsed time 207.889533s.
250528-04:23:01,408 nipype.workflow INFO:
	 [Node] Finished "unifize", elapsed time 208.092556s.
250528-04:23:01,624 nipype.workflow INFO:
	 [Node] Finished "unifize", elapsed time 208.260896s.
250528-04:23:03,154 nipype.workflow INFO:
	 [Node] Setting-up "fmriprep_25_0_wf.sub_GEO073_wf.anat_fit_wf.brain_extraction_wf.init_aff" in "/work/fmriprep_25_0_wf/sub_GEO073_wf/anat_fit_wf/brain_extraction_wf/init_aff".
250528-04:23:03,155 nipype.workflow INFO:
	 [Node] Setting-up "fmriprep_25_0_wf.sub_GEO073_wf.bold_ses_t2_task_image_run_3_wf.bold_fit_wf.enhance_and_skullstrip_bold_wf.fixhdr_unifize" in "/work/fmriprep_25_0_wf/sub_GEO073_wf/bold_ses_t2_task_image_run_3_wf/bold_fit_wf/enhance_and_skullstrip_bold_wf/fixhdr_unifize".
250528-04:23:03,393 nipype.workflow INFO:
	 [Node] Executing "fixhdr_unifize" <niworkflows.interfaces.header.CopyXForm>
250528-04:23:03,435 nipype.workflow INFO:
	 [Node] Executing "init_aff" <nipype.interfaces.ants.utils.AI>
250528-04:23:03,503 nipype.workflow INFO:
	 [Node] Finished "fixhdr_unifize", elapsed time 0.109573s.
250528-04:23:05,133 nipype.workflow INFO:
	 [Node] Setting-up "fmriprep_25_0_wf.sub_GEO073_wf.bold_ses_t2_task_image_run_4_wf.bold_fit_wf.enhance_and_skullstrip_bold_wf.fixhdr_unifize" in "/work/fmriprep_25_0_wf/sub_GEO073_wf/bold_ses_t2_task_image_run_4_wf/bold_fit_wf/enhance_and_skullstrip_bold_wf/fixhdr_unifize".
250528-04:23:05,441 nipype.workflow INFO:
	 [Node] Executing "fixhdr_unifize" <niworkflows.interfaces.header.CopyXForm>
250528-04:23:05,535 nipype.workflow INFO:
	 [Node] Finished "fixhdr_unifize", elapsed time 0.092989s.
250528-04:23:07,131 nipype.workflow INFO:
	 [Node] Setting-up "fmriprep_25_0_wf.sub_GEO073_wf.bold_ses_t2_task_image_run_5_wf.bold_fit_wf.enhance_and_skullstrip_bold_wf.fixhdr_unifize" in "/work/fmriprep_25_0_wf/sub_GEO073_wf/bold_ses_t2_task_image_run_5_wf/bold_fit_wf/enhance_and_skullstrip_bold_wf/fixhdr_unifize".
250528-04:23:07,279 nipype.workflow INFO:
	 [Node] Executing "fixhdr_unifize" <niworkflows.interfaces.header.CopyXForm>
250528-04:23:07,369 nipype.workflow INFO:
	 [Node] Finished "fixhdr_unifize", elapsed time 0.089239s.
250528-04:23:09,134 nipype.workflow INFO:
	 [Node] Setting-up "fmriprep_25_0_wf.sub_GEO073_wf.bold_ses_t2_task_image_run_3_wf.bold_fit_wf.enhance_and_skullstrip_bold_wf.skullstrip_second_pass" in "/work/fmriprep_25_0_wf/sub_GEO073_wf/bold_ses_t2_task_image_run_3_wf/bold_fit_wf/enhance_and_skullstrip_bold_wf/skullstrip_second_pass".
250528-04:23:09,326 nipype.workflow INFO:
	 [Node] Executing "skullstrip_second_pass" <nipype.interfaces.afni.preprocess.Automask>
250528-04:23:09,732 nipype.workflow INFO:
	 [Node] Finished "skullstrip_second_pass", elapsed time 0.405328s.
250528-04:23:11,127 nipype.workflow INFO:
	 [Node] Setting-up "fmriprep_25_0_wf.sub_GEO073_wf.bold_ses_t2_task_image_run_4_wf.bold_fit_wf.enhance_and_skullstrip_bold_wf.skullstrip_second_pass" in "/work/fmriprep_25_0_wf/sub_GEO073_wf/bold_ses_t2_task_image_run_4_wf/bold_fit_wf/enhance_and_skullstrip_bold_wf/skullstrip_second_pass".
250528-04:23:11,292 nipype.workflow INFO:
	 [Node] Executing "skullstrip_second_pass" <nipype.interfaces.afni.preprocess.Automask>
250528-04:23:11,675 nipype.workflow INFO:
	 [Node] Finished "skullstrip_second_pass", elapsed time 0.382281s.
250528-04:23:13,130 nipype.workflow INFO:
	 [Node] Setting-up "fmriprep_25_0_wf.sub_GEO073_wf.bold_ses_t2_task_image_run_5_wf.bold_fit_wf.enhance_and_skullstrip_bold_wf.skullstrip_second_pass" in "/work/fmriprep_25_0_wf/sub_GEO073_wf/bold_ses_t2_task_image_run_5_wf/bold_fit_wf/enhance_and_skullstrip_bold_wf/skullstrip_second_pass".
250528-04:23:13,319 nipype.workflow INFO:
	 [Node] Executing "skullstrip_second_pass" <nipype.interfaces.afni.preprocess.Automask>
250528-04:23:13,737 nipype.workflow INFO:
	 [Node] Finished "skullstrip_second_pass", elapsed time 0.417117s.
250528-04:23:15,126 nipype.workflow INFO:
	 [Node] Setting-up "fmriprep_25_0_wf.sub_GEO073_wf.bold_ses_t2_task_image_run_3_wf.bold_fit_wf.enhance_and_skullstrip_bold_wf.fixhdr_skullstrip2" in "/work/fmriprep_25_0_wf/sub_GEO073_wf/bold_ses_t2_task_image_run_3_wf/bold_fit_wf/enhance_and_skullstrip_bold_wf/fixhdr_skullstrip2".
250528-04:23:15,556 nipype.workflow INFO:
	 [Node] Executing "fixhdr_skullstrip2" <niworkflows.interfaces.header.CopyXForm>
250528-04:23:15,651 nipype.workflow INFO:
	 [Node] Finished "fixhdr_skullstrip2", elapsed time 0.093073s.
250528-04:23:17,129 nipype.workflow INFO:
	 [Node] Setting-up "fmriprep_25_0_wf.sub_GEO073_wf.bold_ses_t2_task_image_run_4_wf.bold_fit_wf.enhance_and_skullstrip_bold_wf.fixhdr_skullstrip2" in "/work/fmriprep_25_0_wf/sub_GEO073_wf/bold_ses_t2_task_image_run_4_wf/bold_fit_wf/enhance_and_skullstrip_bold_wf/fixhdr_skullstrip2".
250528-04:23:17,327 nipype.workflow INFO:
	 [Node] Finished "init_aff", elapsed time 13.890755s.
250528-04:23:17,433 nipype.workflow INFO:
	 [Node] Executing "fixhdr_skullstrip2" <niworkflows.interfaces.header.CopyXForm>
250528-04:23:17,546 nipype.workflow INFO:
	 [Node] Finished "fixhdr_skullstrip2", elapsed time 0.112285s.
250528-04:23:19,136 nipype.workflow INFO:
	 [Node] Setting-up "fmriprep_25_0_wf.sub_GEO073_wf.bold_ses_t2_task_image_run_5_wf.bold_fit_wf.enhance_and_skullstrip_bold_wf.fixhdr_skullstrip2" in "/work/fmriprep_25_0_wf/sub_GEO073_wf/bold_ses_t2_task_image_run_5_wf/bold_fit_wf/enhance_and_skullstrip_bold_wf/fixhdr_skullstrip2".
250528-04:23:19,141 nipype.workflow INFO:
	 [Node] Setting-up "fmriprep_25_0_wf.sub_GEO073_wf.bold_ses_t2_task_image_run_1_wf.bold_native_wf.boldref_bold" in "/work/fmriprep_25_0_wf/sub_GEO073_wf/bold_ses_t2_task_image_run_1_wf/bold_native_wf/boldref_bold".
250528-04:23:19,302 nipype.workflow INFO:
	 [Node] Executing "fixhdr_skullstrip2" <niworkflows.interfaces.header.CopyXForm>
250528-04:23:19,387 nipype.workflow INFO:
	 [Node] Finished "fixhdr_skullstrip2", elapsed time 0.084802s.
250528-04:23:19,420 nipype.workflow INFO:
	 [Node] Executing "boldref_bold" <fmriprep.interfaces.resampling.ResampleSeries>
250528-04:23:21,132 nipype.workflow INFO:
	 [Node] Setting-up "fmriprep_25_0_wf.sub_GEO073_wf.bold_ses_t2_task_image_run_3_wf.bold_fit_wf.enhance_and_skullstrip_bold_wf.combine_masks" in "/work/fmriprep_25_0_wf/sub_GEO073_wf/bold_ses_t2_task_image_run_3_wf/bold_fit_wf/enhance_and_skullstrip_bold_wf/combine_masks".
250528-04:23:21,330 nipype.workflow INFO:
	 [Node] Executing "combine_masks" <nipype.interfaces.fsl.maths.BinaryMaths>
250528-04:23:21,579 nipype.workflow INFO:
	 [Node] Finished "combine_masks", elapsed time 0.247721s.
250528-04:23:23,157 nipype.workflow INFO:
	 [Node] Setting-up "fmriprep_25_0_wf.sub_GEO073_wf.bold_ses_t2_task_image_run_4_wf.bold_fit_wf.enhance_and_skullstrip_bold_wf.combine_masks" in "/work/fmriprep_25_0_wf/sub_GEO073_wf/bold_ses_t2_task_image_run_4_wf/bold_fit_wf/enhance_and_skullstrip_bold_wf/combine_masks".
250528-04:23:23,343 nipype.workflow INFO:
	 [Node] Executing "combine_masks" <nipype.interfaces.fsl.maths.BinaryMaths>
250528-04:23:23,540 nipype.workflow INFO:
	 [Node] Finished "combine_masks", elapsed time 0.196309s.
250528-04:23:25,132 nipype.workflow INFO:
	 [Node] Setting-up "fmriprep_25_0_wf.sub_GEO073_wf.bold_ses_t2_task_image_run_5_wf.bold_fit_wf.enhance_and_skullstrip_bold_wf.combine_masks" in "/work/fmriprep_25_0_wf/sub_GEO073_wf/bold_ses_t2_task_image_run_5_wf/bold_fit_wf/enhance_and_skullstrip_bold_wf/combine_masks".
250528-04:23:25,318 nipype.workflow INFO:
	 [Node] Executing "combine_masks" <nipype.interfaces.fsl.maths.BinaryMaths>
250528-04:23:25,564 nipype.workflow INFO:
	 [Node] Finished "combine_masks", elapsed time 0.241419s.
250528-04:23:27,132 nipype.workflow INFO:
	 [Node] Setting-up "fmriprep_25_0_wf.sub_GEO073_wf.bold_ses_t2_task_image_run_3_wf.bold_fit_wf.enhance_and_skullstrip_bold_wf.apply_mask" in "/work/fmriprep_25_0_wf/sub_GEO073_wf/bold_ses_t2_task_image_run_3_wf/bold_fit_wf/enhance_and_skullstrip_bold_wf/apply_mask".
250528-04:23:27,404 nipype.workflow INFO:
	 [Node] Executing "apply_mask" <niworkflows.interfaces.nibabel.ApplyMask>
250528-04:23:27,519 nipype.workflow INFO:
	 [Node] Finished "apply_mask", elapsed time 0.113531s.
250528-04:23:29,609 nipype.interface WARNING:
	 Changing /out/sub-GEO073/ses-t2/func/sub-GEO073_ses-t2_task-image_run-3_desc-brain_mask.nii.gz dtype from float32 to uint8
250528-04:23:30,154 nipype.workflow INFO:
	 [Node] Setting-up "fmriprep_25_0_wf.sub_GEO073_wf.bold_ses_t2_task_image_run_4_wf.bold_fit_wf.enhance_and_skullstrip_bold_wf.apply_mask" in "/work/fmriprep_25_0_wf/sub_GEO073_wf/bold_ses_t2_task_image_run_4_wf/bold_fit_wf/enhance_and_skullstrip_bold_wf/apply_mask".
250528-04:23:30,304 nipype.workflow INFO:
	 [Node] Executing "apply_mask" <niworkflows.interfaces.nibabel.ApplyMask>
250528-04:23:30,411 nipype.workflow INFO:
	 [Node] Finished "apply_mask", elapsed time 0.10636s.
250528-04:23:31,502 nipype.interface WARNING:
	 Changing /out/sub-GEO073/ses-t2/func/sub-GEO073_ses-t2_task-image_run-4_desc-brain_mask.nii.gz dtype from float32 to uint8
250528-04:23:32,42 nipype.workflow INFO:
	 [Node] Setting-up "fmriprep_25_0_wf.sub_GEO073_wf.bold_ses_t2_task_image_run_5_wf.bold_fit_wf.enhance_and_skullstrip_bold_wf.apply_mask" in "/work/fmriprep_25_0_wf/sub_GEO073_wf/bold_ses_t2_task_image_run_5_wf/bold_fit_wf/enhance_and_skullstrip_bold_wf/apply_mask".
250528-04:23:32,313 nipype.workflow INFO:
	 [Node] Executing "apply_mask" <niworkflows.interfaces.nibabel.ApplyMask>
250528-04:23:32,447 nipype.workflow INFO:
	 [Node] Finished "apply_mask", elapsed time 0.133014s.
250528-04:23:33,484 nipype.interface WARNING:
	 Changing /out/sub-GEO073/ses-t2/func/sub-GEO073_ses-t2_task-image_run-5_desc-brain_mask.nii.gz dtype from float32 to uint8
250528-04:23:57,785 nipype.workflow INFO:
	 [Node] Finished "boldref_bold", elapsed time 38.363252s.
250528-04:23:59,151 nipype.workflow INFO:
	 [Node] Setting-up "fmriprep_25_0_wf.sub_GEO073_wf.bold_ses_t2_task_image_run_2_wf.bold_native_wf.boldref_bold" in "/work/fmriprep_25_0_wf/sub_GEO073_wf/bold_ses_t2_task_image_run_2_wf/bold_native_wf/boldref_bold".
250528-04:23:59,156 nipype.workflow INFO:
	 [Node] Setting-up "fmriprep_25_0_wf.sub_GEO073_wf.bold_ses_t2_task_image_run_1_wf.bold_confounds_wf.dvars" in "/work/fmriprep_25_0_wf/sub_GEO073_wf/bold_ses_t2_task_image_run_1_wf/bold_confounds_wf/dvars".
250528-04:23:59,459 nipype.workflow INFO:
	 [Node] Executing "dvars" <nipype.algorithms.confounds.ComputeDVARS>
250528-04:23:59,468 nipype.workflow INFO:
	 [Node] Executing "boldref_bold" <fmriprep.interfaces.resampling.ResampleSeries>
250528-04:24:18,178 nipype.workflow INFO:
	 [Node] Finished "dvars", elapsed time 18.709718s.
250528-04:24:19,149 nipype.workflow INFO:
	 [Node] Setting-up "fmriprep_25_0_wf.sub_GEO073_wf.bold_ses_t2_task_image_run_1_wf.bold_confounds_wf.tcompcor" in "/work/fmriprep_25_0_wf/sub_GEO073_wf/bold_ses_t2_task_image_run_1_wf/bold_confounds_wf/tcompcor".
250528-04:24:19,437 nipype.workflow INFO:
	 [Node] Executing "tcompcor" <niworkflows.interfaces.patches.RobustTCompCor>
250528-04:24:29,858 nipype.workflow INFO:
	 [Node] Finished "tcompcor", elapsed time 10.420479s.
250528-04:24:32,852 nipype.workflow INFO:
	 [Node] Setting-up "fmriprep_25_0_wf.sub_GEO073_wf.bold_ses_t2_task_image_run_1_wf.bold_confounds_wf.tcc_metadata_filter" in "/work/fmriprep_25_0_wf/sub_GEO073_wf/bold_ses_t2_task_image_run_1_wf/bold_confounds_wf/tcc_metadata_filter".
250528-04:24:33,20 nipype.workflow INFO:
	 [Node] Executing "tcc_metadata_filter" <fmriprep.interfaces.confounds.FilterDropped>
250528-04:24:33,70 nipype.workflow INFO:
	 [Node] Finished "tcc_metadata_filter", elapsed time 0.04876s.
250528-04:24:35,146 nipype.workflow INFO:
	 [Node] Setting-up "fmriprep_25_0_wf.sub_GEO073_wf.bold_ses_t2_task_image_run_1_wf.bold_confounds_wf.tcc_metadata_fmt" in "/work/fmriprep_25_0_wf/sub_GEO073_wf/bold_ses_t2_task_image_run_1_wf/bold_confounds_wf/tcc_metadata_fmt".
250528-04:24:35,347 nipype.workflow INFO:
	 [Node] Executing "tcc_metadata_fmt" <niworkflows.interfaces.utility.TSV2JSON>
250528-04:24:35,354 nipype.workflow INFO:
	 [Node] Finished "tcc_metadata_fmt", elapsed time 0.006232s.
250528-04:24:37,638 nipype.workflow INFO:
	 [Node] Finished "boldref_bold", elapsed time 38.169244s.
250528-04:24:39,188 nipype.workflow INFO:
	 [Node] Setting-up "fmriprep_25_0_wf.sub_GEO073_wf.bold_ses_t2_task_image_run_3_wf.bold_native_wf.boldref_bold" in "/work/fmriprep_25_0_wf/sub_GEO073_wf/bold_ses_t2_task_image_run_3_wf/bold_native_wf/boldref_bold".
250528-04:24:39,190 nipype.workflow INFO:
	 [Node] Setting-up "fmriprep_25_0_wf.sub_GEO073_wf.bold_ses_t2_task_image_run_2_wf.bold_confounds_wf.dvars" in "/work/fmriprep_25_0_wf/sub_GEO073_wf/bold_ses_t2_task_image_run_2_wf/bold_confounds_wf/dvars".
250528-04:24:39,403 nipype.workflow INFO:
	 [Node] Executing "dvars" <nipype.algorithms.confounds.ComputeDVARS>
250528-04:24:39,471 nipype.workflow INFO:
	 [Node] Executing "boldref_bold" <fmriprep.interfaces.resampling.ResampleSeries>
250528-04:24:57,810 nipype.workflow INFO:
	 [Node] Finished "dvars", elapsed time 18.406238s.
250528-04:24:59,155 nipype.workflow INFO:
	 [Node] Setting-up "fmriprep_25_0_wf.sub_GEO073_wf.bold_ses_t2_task_image_run_2_wf.bold_confounds_wf.tcompcor" in "/work/fmriprep_25_0_wf/sub_GEO073_wf/bold_ses_t2_task_image_run_2_wf/bold_confounds_wf/tcompcor".
250528-04:24:59,364 nipype.workflow INFO:
	 [Node] Executing "tcompcor" <niworkflows.interfaces.patches.RobustTCompCor>
250528-04:25:09,597 nipype.workflow INFO:
	 [Node] Finished "tcompcor", elapsed time 10.232453s.
250528-04:25:12,607 nipype.workflow INFO:
	 [Node] Setting-up "fmriprep_25_0_wf.sub_GEO073_wf.bold_ses_t2_task_image_run_2_wf.bold_confounds_wf.tcc_metadata_filter" in "/work/fmriprep_25_0_wf/sub_GEO073_wf/bold_ses_t2_task_image_run_2_wf/bold_confounds_wf/tcc_metadata_filter".
250528-04:25:12,739 nipype.workflow INFO:
	 [Node] Executing "tcc_metadata_filter" <fmriprep.interfaces.confounds.FilterDropped>
250528-04:25:12,781 nipype.workflow INFO:
	 [Node] Finished "tcc_metadata_filter", elapsed time 0.0417s.
250528-04:25:13,141 nipype.workflow INFO:
	 [Node] Setting-up "fmriprep_25_0_wf.sub_GEO073_wf.bold_ses_t2_task_image_run_2_wf.bold_confounds_wf.tcc_metadata_fmt" in "/work/fmriprep_25_0_wf/sub_GEO073_wf/bold_ses_t2_task_image_run_2_wf/bold_confounds_wf/tcc_metadata_fmt".
250528-04:25:13,355 nipype.workflow INFO:
	 [Node] Executing "tcc_metadata_fmt" <niworkflows.interfaces.utility.TSV2JSON>
250528-04:25:13,363 nipype.workflow INFO:
	 [Node] Finished "tcc_metadata_fmt", elapsed time 0.006676s.
250528-04:25:17,80 nipype.workflow INFO:
	 [Node] Finished "boldref_bold", elapsed time 37.597351s.
250528-04:25:19,153 nipype.workflow INFO:
	 [Node] Setting-up "fmriprep_25_0_wf.sub_GEO073_wf.bold_ses_t2_task_image_run_3_wf.bold_confounds_wf.dvars" in "/work/fmriprep_25_0_wf/sub_GEO073_wf/bold_ses_t2_task_image_run_3_wf/bold_confounds_wf/dvars".
250528-04:25:19,154 nipype.workflow INFO:
	 [Node] Setting-up "fmriprep_25_0_wf.sub_GEO073_wf.bold_ses_t2_task_image_run_4_wf.bold_native_wf.boldref_bold" in "/work/fmriprep_25_0_wf/sub_GEO073_wf/bold_ses_t2_task_image_run_4_wf/bold_native_wf/boldref_bold".
250528-04:25:19,410 nipype.workflow INFO:
	 [Node] Executing "dvars" <nipype.algorithms.confounds.ComputeDVARS>
250528-04:25:19,500 nipype.workflow INFO:
	 [Node] Executing "boldref_bold" <fmriprep.interfaces.resampling.ResampleSeries>
250528-04:25:37,285 nipype.workflow INFO:
	 [Node] Finished "dvars", elapsed time 17.87376s.
250528-04:25:39,218 nipype.workflow INFO:
	 [Node] Setting-up "fmriprep_25_0_wf.sub_GEO073_wf.bold_ses_t2_task_image_run_3_wf.bold_confounds_wf.tcompcor" in "/work/fmriprep_25_0_wf/sub_GEO073_wf/bold_ses_t2_task_image_run_3_wf/bold_confounds_wf/tcompcor".
250528-04:25:39,461 nipype.workflow INFO:
	 [Node] Executing "tcompcor" <niworkflows.interfaces.patches.RobustTCompCor>
250528-04:25:49,688 nipype.workflow INFO:
	 [Node] Finished "tcompcor", elapsed time 10.226412s.
250528-04:25:52,75 nipype.workflow INFO:
	 [Node] Setting-up "fmriprep_25_0_wf.sub_GEO073_wf.bold_ses_t2_task_image_run_3_wf.bold_confounds_wf.tcc_metadata_filter" in "/work/fmriprep_25_0_wf/sub_GEO073_wf/bold_ses_t2_task_image_run_3_wf/bold_confounds_wf/tcc_metadata_filter".
250528-04:25:52,679 nipype.workflow INFO:
	 [Node] Executing "tcc_metadata_filter" <fmriprep.interfaces.confounds.FilterDropped>
250528-04:25:52,716 nipype.workflow INFO:
	 [Node] Finished "tcc_metadata_filter", elapsed time 0.036529s.
250528-04:25:53,165 nipype.workflow INFO:
	 [Node] Setting-up "fmriprep_25_0_wf.sub_GEO073_wf.bold_ses_t2_task_image_run_3_wf.bold_confounds_wf.tcc_metadata_fmt" in "/work/fmriprep_25_0_wf/sub_GEO073_wf/bold_ses_t2_task_image_run_3_wf/bold_confounds_wf/tcc_metadata_fmt".
250528-04:25:53,334 nipype.workflow INFO:
	 [Node] Executing "tcc_metadata_fmt" <niworkflows.interfaces.utility.TSV2JSON>
250528-04:25:53,341 nipype.workflow INFO:
	 [Node] Finished "tcc_metadata_fmt", elapsed time 0.006066s.
250528-04:25:58,140 nipype.workflow INFO:
	 [Node] Finished "boldref_bold", elapsed time 38.636461s.
250528-04:25:59,150 nipype.workflow INFO:
	 [Node] Setting-up "fmriprep_25_0_wf.sub_GEO073_wf.bold_ses_t2_task_image_run_5_wf.bold_native_wf.boldref_bold" in "/work/fmriprep_25_0_wf/sub_GEO073_wf/bold_ses_t2_task_image_run_5_wf/bold_native_wf/boldref_bold".
250528-04:25:59,154 nipype.workflow INFO:
	 [Node] Setting-up "fmriprep_25_0_wf.sub_GEO073_wf.bold_ses_t2_task_image_run_4_wf.bold_confounds_wf.dvars" in "/work/fmriprep_25_0_wf/sub_GEO073_wf/bold_ses_t2_task_image_run_4_wf/bold_confounds_wf/dvars".
250528-04:25:59,349 nipype.workflow INFO:
	 [Node] Executing "dvars" <nipype.algorithms.confounds.ComputeDVARS>
250528-04:25:59,502 nipype.workflow INFO:
	 [Node] Executing "boldref_bold" <fmriprep.interfaces.resampling.ResampleSeries>
250528-04:26:17,649 nipype.workflow INFO:
	 [Node] Finished "dvars", elapsed time 18.298579s.
250528-04:26:19,214 nipype.workflow INFO:
	 [Node] Setting-up "fmriprep_25_0_wf.sub_GEO073_wf.bold_ses_t2_task_image_run_4_wf.bold_confounds_wf.tcompcor" in "/work/fmriprep_25_0_wf/sub_GEO073_wf/bold_ses_t2_task_image_run_4_wf/bold_confounds_wf/tcompcor".
250528-04:26:19,526 nipype.workflow INFO:
	 [Node] Executing "tcompcor" <niworkflows.interfaces.patches.RobustTCompCor>
250528-04:26:29,912 nipype.workflow INFO:
	 [Node] Finished "tcompcor", elapsed time 10.385137s.
250528-04:26:32,403 nipype.workflow INFO:
	 [Node] Setting-up "fmriprep_25_0_wf.sub_GEO073_wf.bold_ses_t2_task_image_run_4_wf.bold_confounds_wf.tcc_metadata_filter" in "/work/fmriprep_25_0_wf/sub_GEO073_wf/bold_ses_t2_task_image_run_4_wf/bold_confounds_wf/tcc_metadata_filter".
250528-04:26:32,629 nipype.workflow INFO:
	 [Node] Executing "tcc_metadata_filter" <fmriprep.interfaces.confounds.FilterDropped>
250528-04:26:32,708 nipype.workflow INFO:
	 [Node] Finished "tcc_metadata_filter", elapsed time 0.077586s.
250528-04:26:33,181 nipype.workflow INFO:
	 [Node] Setting-up "fmriprep_25_0_wf.sub_GEO073_wf.bold_ses_t2_task_image_run_4_wf.bold_confounds_wf.tcc_metadata_fmt" in "/work/fmriprep_25_0_wf/sub_GEO073_wf/bold_ses_t2_task_image_run_4_wf/bold_confounds_wf/tcc_metadata_fmt".
250528-04:26:33,366 nipype.workflow INFO:
	 [Node] Executing "tcc_metadata_fmt" <niworkflows.interfaces.utility.TSV2JSON>
250528-04:26:33,374 nipype.workflow INFO:
	 [Node] Finished "tcc_metadata_fmt", elapsed time 0.00717s.
250528-04:26:37,841 nipype.workflow INFO:
	 [Node] Finished "boldref_bold", elapsed time 38.335963s.
250528-04:26:39,210 nipype.workflow INFO:
	 [Node] Setting-up "fmriprep_25_0_wf.sub_GEO073_wf.anat_fit_wf.brain_extraction_wf.norm" in "/work/fmriprep_25_0_wf/sub_GEO073_wf/anat_fit_wf/brain_extraction_wf/norm".
250528-04:26:39,215 nipype.workflow INFO:
	 [Node] Setting-up "fmriprep_25_0_wf.sub_GEO073_wf.bold_ses_t2_task_image_run_5_wf.bold_confounds_wf.dvars" in "/work/fmriprep_25_0_wf/sub_GEO073_wf/bold_ses_t2_task_image_run_5_wf/bold_confounds_wf/dvars".
250528-04:26:39,451 nipype.workflow INFO:
	 [Node] Executing "dvars" <nipype.algorithms.confounds.ComputeDVARS>
250528-04:26:39,491 nipype.workflow INFO:
	 [Node] Executing "norm" <niworkflows.interfaces.fixes.FixHeaderRegistration>
250528-04:26:57,771 nipype.workflow INFO:
	 [Node] Finished "dvars", elapsed time 18.318931s.
250528-04:26:59,190 nipype.workflow INFO:
	 [Node] Setting-up "fmriprep_25_0_wf.sub_GEO073_wf.bold_ses_t2_task_image_run_5_wf.bold_confounds_wf.tcompcor" in "/work/fmriprep_25_0_wf/sub_GEO073_wf/bold_ses_t2_task_image_run_5_wf/bold_confounds_wf/tcompcor".
250528-04:26:59,371 nipype.workflow INFO:
	 [Node] Executing "tcompcor" <niworkflows.interfaces.patches.RobustTCompCor>
250528-04:27:09,656 nipype.workflow INFO:
	 [Node] Finished "tcompcor", elapsed time 10.283704s.
250528-04:27:12,233 nipype.workflow INFO:
	 [Node] Setting-up "fmriprep_25_0_wf.sub_GEO073_wf.bold_ses_t2_task_image_run_5_wf.bold_confounds_wf.tcc_metadata_filter" in "/work/fmriprep_25_0_wf/sub_GEO073_wf/bold_ses_t2_task_image_run_5_wf/bold_confounds_wf/tcc_metadata_filter".
250528-04:27:12,388 nipype.workflow INFO:
	 [Node] Executing "tcc_metadata_filter" <fmriprep.interfaces.confounds.FilterDropped>
250528-04:27:12,411 nipype.workflow INFO:
	 [Node] Finished "tcc_metadata_filter", elapsed time 0.021776s.
250528-04:27:13,204 nipype.workflow INFO:
	 [Node] Setting-up "fmriprep_25_0_wf.sub_GEO073_wf.bold_ses_t2_task_image_run_5_wf.bold_confounds_wf.tcc_metadata_fmt" in "/work/fmriprep_25_0_wf/sub_GEO073_wf/bold_ses_t2_task_image_run_5_wf/bold_confounds_wf/tcc_metadata_fmt".
250528-04:27:13,370 nipype.workflow INFO:
	 [Node] Executing "tcc_metadata_fmt" <niworkflows.interfaces.utility.TSV2JSON>
250528-04:27:13,389 nipype.workflow INFO:
	 [Node] Finished "tcc_metadata_fmt", elapsed time 0.01793s.
250528-04:32:03,599 nipype.workflow INFO:
	 [Node] Finished "norm", elapsed time 324.106995s.
250528-04:32:05,333 nipype.workflow INFO:
	 [Node] Setting-up "fmriprep_25_0_wf.sub_GEO073_wf.anat_fit_wf.brain_extraction_wf.map_brainmask" in "/work/fmriprep_25_0_wf/sub_GEO073_wf/anat_fit_wf/brain_extraction_wf/map_brainmask".
250528-04:32:05,334 nipype.workflow INFO:
	 [Node] Setting-up "fmriprep_25_0_wf.sub_GEO073_wf.anat_fit_wf.brain_extraction_wf.map_wmmask" in "/work/fmriprep_25_0_wf/sub_GEO073_wf/anat_fit_wf/brain_extraction_wf/map_wmmask".
250528-04:32:05,534 nipype.workflow INFO:
	 [Node] Executing "map_wmmask" <niworkflows.interfaces.fixes.FixHeaderApplyTransforms>
250528-04:32:05,540 nipype.workflow INFO:
	 [Node] Executing "map_brainmask" <niworkflows.interfaces.fixes.FixHeaderApplyTransforms>
250528-04:32:17,847 nipype.workflow INFO:
	 [Node] Finished "map_brainmask", elapsed time 12.305733s.
250528-04:32:18,44 nipype.workflow INFO:
	 [Node] Finished "map_wmmask", elapsed time 12.508607s.
250528-04:32:19,380 nipype.workflow INFO:
	 [Node] Setting-up "fmriprep_25_0_wf.sub_GEO073_wf.anat_fit_wf.brain_extraction_wf.thr_brainmask" in "/work/fmriprep_25_0_wf/sub_GEO073_wf/anat_fit_wf/brain_extraction_wf/thr_brainmask".
250528-04:32:19,587 nipype.workflow INFO:
	 [Node] Executing "thr_brainmask" <nipype.interfaces.ants.utils.ThresholdImage>
250528-04:32:19,613 nipype.workflow INFO:
	 [Node] Setting-up "_inu_n4_final0" in "/work/fmriprep_25_0_wf/sub_GEO073_wf/anat_fit_wf/brain_extraction_wf/inu_n4_final/mapflow/_inu_n4_final0".
250528-04:32:19,764 nipype.workflow INFO:
	 [Node] Executing "_inu_n4_final0" <nipype.interfaces.ants.segmentation.N4BiasFieldCorrection>
250528-04:32:20,385 nipype.workflow INFO:
	 [Node] Finished "thr_brainmask", elapsed time 0.796642s.
250528-04:32:21,347 nipype.workflow INFO:
	 [Node] Setting-up "fmriprep_25_0_wf.sub_GEO073_wf.anat_fit_wf.brain_extraction_wf.atropos_wf.dil_brainmask" in "/work/fmriprep_25_0_wf/sub_GEO073_wf/anat_fit_wf/brain_extraction_wf/atropos_wf/dil_brainmask".
250528-04:32:21,508 nipype.workflow INFO:
	 [Node] Executing "dil_brainmask" <nipype.interfaces.ants.utils.ImageMath>
250528-04:32:22,423 nipype.workflow INFO:
	 [Node] Finished "dil_brainmask", elapsed time 0.912603s.
250528-04:32:23,340 nipype.workflow INFO:
	 [Node] Setting-up "fmriprep_25_0_wf.sub_GEO073_wf.anat_fit_wf.brain_extraction_wf.atropos_wf.03_pad_mask" in "/work/fmriprep_25_0_wf/sub_GEO073_wf/anat_fit_wf/brain_extraction_wf/atropos_wf/03_pad_mask".
250528-04:32:23,494 nipype.workflow INFO:
	 [Node] Executing "03_pad_mask" <nipype.interfaces.ants.utils.ImageMath>
250528-04:32:24,100 nipype.workflow INFO:
	 [Node] Finished "03_pad_mask", elapsed time 0.605101s.
250528-04:32:25,342 nipype.workflow INFO:
	 [Node] Setting-up "fmriprep_25_0_wf.sub_GEO073_wf.anat_fit_wf.brain_extraction_wf.atropos_wf.get_brainmask" in "/work/fmriprep_25_0_wf/sub_GEO073_wf/anat_fit_wf/brain_extraction_wf/atropos_wf/get_brainmask".
250528-04:32:25,462 nipype.workflow INFO:
	 [Node] Executing "get_brainmask" <nipype.interfaces.ants.utils.ImageMath>
250528-04:32:26,352 nipype.workflow INFO:
	 [Node] Finished "get_brainmask", elapsed time 0.888629s.
250528-04:32:31,924 nipype.workflow INFO:
	 [Node] Finished "_inu_n4_final0", elapsed time 12.158799s.
250528-04:32:33,350 nipype.workflow INFO:
	 [Node] Setting-up "fmriprep_25_0_wf.sub_GEO073_wf.anat_fit_wf.brain_extraction_wf.atropos_wf.01_atropos" in "/work/fmriprep_25_0_wf/sub_GEO073_wf/anat_fit_wf/brain_extraction_wf/atropos_wf/01_atropos".
250528-04:32:33,465 nipype.workflow INFO:
	 [Node] Setting-up "_apply_mask0" in "/work/fmriprep_25_0_wf/sub_GEO073_wf/anat_fit_wf/brain_extraction_wf/apply_mask/mapflow/_apply_mask0".
250528-04:32:33,469 nipype.workflow INFO:
	 [Node] Executing "01_atropos" <nipype.interfaces.ants.segmentation.Atropos>
250528-04:32:33,618 nipype.workflow INFO:
	 [Node] Executing "_apply_mask0" <niworkflows.interfaces.nibabel.ApplyMask>
250528-04:32:34,339 nipype.workflow INFO:
	 [Node] Finished "_apply_mask0", elapsed time 0.720099s.
250528-04:32:58,503 nipype.workflow INFO:
	 [Node] Finished "01_atropos", elapsed time 25.033381s.
250528-04:32:59,320 nipype.workflow INFO:
	 [Node] Setting-up "fmriprep_25_0_wf.sub_GEO073_wf.anat_fit_wf.brain_extraction_wf.atropos_wf.02_pad_segm" in "/work/fmriprep_25_0_wf/sub_GEO073_wf/anat_fit_wf/brain_extraction_wf/atropos_wf/02_pad_segm".
250528-04:32:59,465 nipype.workflow INFO:
	 [Node] Executing "02_pad_segm" <nipype.interfaces.ants.utils.ImageMath>
250528-04:33:00,118 nipype.workflow INFO:
	 [Node] Finished "02_pad_segm", elapsed time 0.65143s.
250528-04:33:01,337 nipype.workflow INFO:
	 [Node] Setting-up "fmriprep_25_0_wf.sub_GEO073_wf.anat_fit_wf.brain_extraction_wf.atropos_wf.04_sel_labels" in "/work/fmriprep_25_0_wf/sub_GEO073_wf/anat_fit_wf/brain_extraction_wf/atropos_wf/04_sel_labels".
250528-04:33:01,678 nipype.workflow INFO:
	 [Node] Executing "04_sel_labels" <nipype.interfaces.utility.wrappers.Function>
250528-04:33:01,917 nipype.workflow INFO:
	 [Node] Finished "04_sel_labels", elapsed time 0.238604s.
250528-04:33:04,133 nipype.workflow INFO:
	 [Node] Setting-up "fmriprep_25_0_wf.sub_GEO073_wf.anat_fit_wf.brain_extraction_wf.atropos_wf.05_get_wm" in "/work/fmriprep_25_0_wf/sub_GEO073_wf/anat_fit_wf/brain_extraction_wf/atropos_wf/05_get_wm".
250528-04:33:04,134 nipype.workflow INFO:
	 [Node] Setting-up "fmriprep_25_0_wf.sub_GEO073_wf.anat_fit_wf.brain_extraction_wf.atropos_wf.06_get_gm" in "/work/fmriprep_25_0_wf/sub_GEO073_wf/anat_fit_wf/brain_extraction_wf/atropos_wf/06_get_gm".
250528-04:33:04,134 nipype.workflow INFO:
	 [Node] Setting-up "fmriprep_25_0_wf.sub_GEO073_wf.anat_fit_wf.brain_extraction_wf.atropos_wf.10_me_csf" in "/work/fmriprep_25_0_wf/sub_GEO073_wf/anat_fit_wf/brain_extraction_wf/atropos_wf/10_me_csf".
250528-04:33:04,135 nipype.workflow INFO:
	 [Node] Setting-up "fmriprep_25_0_wf.sub_GEO073_wf.anat_fit_wf.brain_extraction_wf.atropos_wf.27_depad_csf" in "/work/fmriprep_25_0_wf/sub_GEO073_wf/anat_fit_wf/brain_extraction_wf/atropos_wf/27_depad_csf".
250528-04:33:04,265 nipype.workflow INFO:
	 [Node] Executing "06_get_gm" <nipype.interfaces.ants.utils.ImageMath>
250528-04:33:04,266 nipype.workflow INFO:
	 [Node] Executing "05_get_wm" <nipype.interfaces.ants.utils.ImageMath>
250528-04:33:04,297 nipype.workflow INFO:
	 [Node] Executing "27_depad_csf" <nipype.interfaces.ants.utils.ImageMath>
250528-04:33:04,298 nipype.workflow INFO:
	 [Node] Executing "10_me_csf" <nipype.interfaces.ants.utils.ImageMath>
250528-04:33:04,831 nipype.workflow INFO:
	 [Node] Finished "27_depad_csf", elapsed time 0.532836s.
250528-04:33:05,282 nipype.workflow INFO:
	 [Node] Finished "05_get_wm", elapsed time 1.015099s.
250528-04:33:05,387 nipype.workflow INFO:
	 [Node] Finished "06_get_gm", elapsed time 1.121428s.
250528-04:33:06,145 nipype.workflow INFO:
	 [Node] Setting-up "fmriprep_25_0_wf.sub_GEO073_wf.anat_fit_wf.brain_extraction_wf.atropos_wf.09_relabel_wm" in "/work/fmriprep_25_0_wf/sub_GEO073_wf/anat_fit_wf/brain_extraction_wf/atropos_wf/09_relabel_wm".
250528-04:33:06,146 nipype.workflow INFO:
	 [Node] Setting-up "fmriprep_25_0_wf.sub_GEO073_wf.anat_fit_wf.brain_extraction_wf.atropos_wf.07_fill_gm" in "/work/fmriprep_25_0_wf/sub_GEO073_wf/anat_fit_wf/brain_extraction_wf/atropos_wf/07_fill_gm".
250528-04:33:06,270 nipype.workflow INFO:
	 [Node] Executing "07_fill_gm" <nipype.interfaces.ants.utils.ImageMath>
250528-04:33:06,271 nipype.workflow INFO:
	 [Node] Executing "09_relabel_wm" <nipype.interfaces.ants.utils.MultiplyImages>
250528-04:33:06,577 nipype.workflow INFO:
	 [Node] Finished "10_me_csf", elapsed time 2.278567s.
250528-04:33:06,842 nipype.workflow INFO:
	 [Node] Finished "09_relabel_wm", elapsed time 0.570233s.
250528-04:33:08,150 nipype.workflow INFO:
	 [Node] Setting-up "fmriprep_25_0_wf.sub_GEO073_wf.anat_fit_wf.brain_extraction_wf.atropos_wf.26_depad_wm" in "/work/fmriprep_25_0_wf/sub_GEO073_wf/anat_fit_wf/brain_extraction_wf/atropos_wf/26_depad_wm".
250528-04:33:08,151 nipype.workflow INFO:
	 [Node] Setting-up "fmriprep_25_0_wf.sub_GEO073_wf.anat_fit_wf.brain_extraction_wf.atropos_wf.apply_wm_prior" in "/work/fmriprep_25_0_wf/sub_GEO073_wf/anat_fit_wf/brain_extraction_wf/atropos_wf/apply_wm_prior".
250528-04:33:08,256 nipype.workflow INFO:
	 [Node] Executing "26_depad_wm" <nipype.interfaces.ants.utils.ImageMath>
250528-04:33:08,262 nipype.workflow INFO:
	 [Node] Executing "apply_wm_prior" <nipype.interfaces.utility.wrappers.Function>
250528-04:33:08,846 nipype.workflow INFO:
	 [Node] Finished "26_depad_wm", elapsed time 0.589714s.
250528-04:33:08,899 nipype.workflow INFO:
	 [Node] Finished "apply_wm_prior", elapsed time 0.635142s.
250528-04:33:10,277 nipype.workflow INFO:
	 [Node] Setting-up "_inu_n4_final0" in "/work/fmriprep_25_0_wf/sub_GEO073_wf/anat_fit_wf/brain_extraction_wf/atropos_wf/inu_n4_final/mapflow/_inu_n4_final0".
250528-04:33:10,397 nipype.workflow INFO:
	 [Node] Executing "_inu_n4_final0" <nipype.interfaces.ants.segmentation.N4BiasFieldCorrection>
250528-04:33:12,63 nipype.workflow INFO:
	 [Node] Finished "07_fill_gm", elapsed time 5.791355s.
250528-04:33:14,158 nipype.workflow INFO:
	 [Node] Setting-up "fmriprep_25_0_wf.sub_GEO073_wf.anat_fit_wf.brain_extraction_wf.atropos_wf.08_mult_gm" in "/work/fmriprep_25_0_wf/sub_GEO073_wf/anat_fit_wf/brain_extraction_wf/atropos_wf/08_mult_gm".
250528-04:33:14,309 nipype.workflow INFO:
	 [Node] Executing "08_mult_gm" <nipype.interfaces.ants.utils.MultiplyImages>
250528-04:33:15,102 nipype.workflow INFO:
	 [Node] Finished "08_mult_gm", elapsed time 0.792008s.
250528-04:33:16,140 nipype.workflow INFO:
	 [Node] Setting-up "fmriprep_25_0_wf.sub_GEO073_wf.anat_fit_wf.brain_extraction_wf.atropos_wf.11_add_gm" in "/work/fmriprep_25_0_wf/sub_GEO073_wf/anat_fit_wf/brain_extraction_wf/atropos_wf/11_add_gm".
250528-04:33:16,266 nipype.workflow INFO:
	 [Node] Executing "11_add_gm" <nipype.interfaces.ants.utils.ImageMath>
250528-04:33:17,330 nipype.workflow INFO:
	 [Node] Finished "11_add_gm", elapsed time 1.062873s.
250528-04:33:18,146 nipype.workflow INFO:
	 [Node] Setting-up "fmriprep_25_0_wf.sub_GEO073_wf.anat_fit_wf.brain_extraction_wf.atropos_wf.12_relabel_gm" in "/work/fmriprep_25_0_wf/sub_GEO073_wf/anat_fit_wf/brain_extraction_wf/atropos_wf/12_relabel_gm".
250528-04:33:18,276 nipype.workflow INFO:
	 [Node] Executing "12_relabel_gm" <nipype.interfaces.ants.utils.MultiplyImages>
250528-04:33:18,859 nipype.workflow INFO:
	 [Node] Finished "12_relabel_gm", elapsed time 0.582376s.
250528-04:33:20,138 nipype.workflow INFO:
	 [Node] Setting-up "fmriprep_25_0_wf.sub_GEO073_wf.anat_fit_wf.brain_extraction_wf.atropos_wf.13_add_gm_wm" in "/work/fmriprep_25_0_wf/sub_GEO073_wf/anat_fit_wf/brain_extraction_wf/atropos_wf/13_add_gm_wm".
250528-04:33:20,277 nipype.workflow INFO:
	 [Node] Executing "13_add_gm_wm" <nipype.interfaces.ants.utils.ImageMath>
250528-04:33:21,412 nipype.workflow INFO:
	 [Node] Finished "13_add_gm_wm", elapsed time 1.134165s.
250528-04:33:22,157 nipype.workflow INFO:
	 [Node] Setting-up "fmriprep_25_0_wf.sub_GEO073_wf.anat_fit_wf.brain_extraction_wf.atropos_wf.25_depad_gm" in "/work/fmriprep_25_0_wf/sub_GEO073_wf/anat_fit_wf/brain_extraction_wf/atropos_wf/25_depad_gm".
250528-04:33:22,283 nipype.workflow INFO:
	 [Node] Executing "25_depad_gm" <nipype.interfaces.ants.utils.ImageMath>
250528-04:33:22,670 nipype.workflow INFO:
	 [Node] Finished "_inu_n4_final0", elapsed time 12.271632s.
250528-04:33:22,904 nipype.workflow INFO:
	 [Node] Finished "25_depad_gm", elapsed time 0.620202s.
250528-04:33:24,156 nipype.workflow INFO:
	 [Node] Setting-up "fmriprep_25_0_wf.sub_GEO073_wf.anat_fit_wf.brain_extraction_wf.atropos_wf.14_sel_labels2" in "/work/fmriprep_25_0_wf/sub_GEO073_wf/anat_fit_wf/brain_extraction_wf/atropos_wf/14_sel_labels2".
250528-04:33:24,157 nipype.workflow INFO:
	 [Node] Setting-up "fmriprep_25_0_wf.sub_GEO073_wf.anat_fit_wf.brain_extraction_wf.atropos_wf.24_depad_segm" in "/work/fmriprep_25_0_wf/sub_GEO073_wf/anat_fit_wf/brain_extraction_wf/atropos_wf/24_depad_segm".
250528-04:33:24,158 nipype.workflow INFO:
	 [Node] Setting-up "fmriprep_25_0_wf.sub_GEO073_wf.anat_fit_wf.brain_extraction_wf.atropos_wf.merge_tpms" in "/work/fmriprep_25_0_wf/sub_GEO073_wf/anat_fit_wf/brain_extraction_wf/atropos_wf/merge_tpms".
250528-04:33:24,266 nipype.workflow INFO:
	 [Node] Executing "14_sel_labels2" <nipype.interfaces.utility.wrappers.Function>
250528-04:33:24,291 nipype.workflow INFO:
	 [Node] Executing "24_depad_segm" <nipype.interfaces.ants.utils.ImageMath>
250528-04:33:24,292 nipype.workflow INFO:
	 [Node] Executing "merge_tpms" <nipype.interfaces.utility.base.Merge>
250528-04:33:24,293 nipype.workflow INFO:
	 [Node] Finished "merge_tpms", elapsed time 0.000435s.
250528-04:33:24,458 nipype.workflow INFO:
	 [Node] Finished "14_sel_labels2", elapsed time 0.190885s.
250528-04:33:24,908 nipype.workflow INFO:
	 [Node] Finished "24_depad_segm", elapsed time 0.61575s.
250528-04:33:26,140 nipype.workflow INFO:
	 [Node] Setting-up "fmriprep_25_0_wf.sub_GEO073_wf.anat_fit_wf.brain_extraction_wf.atropos_wf.15_add_7" in "/work/fmriprep_25_0_wf/sub_GEO073_wf/anat_fit_wf/brain_extraction_wf/atropos_wf/15_add_7".
250528-04:33:26,254 nipype.workflow INFO:
	 [Node] Executing "15_add_7" <nipype.interfaces.ants.utils.ImageMath>
250528-04:33:27,193 nipype.workflow INFO:
	 [Node] Finished "15_add_7", elapsed time 0.937764s.
250528-04:33:28,137 nipype.workflow INFO:
	 [Node] Setting-up "fmriprep_25_0_wf.sub_GEO073_wf.anat_fit_wf.brain_extraction_wf.atropos_wf.16_me_7" in "/work/fmriprep_25_0_wf/sub_GEO073_wf/anat_fit_wf/brain_extraction_wf/atropos_wf/16_me_7".
250528-04:33:28,258 nipype.workflow INFO:
	 [Node] Executing "16_me_7" <nipype.interfaces.ants.utils.ImageMath>
250528-04:33:29,959 nipype.workflow INFO:
	 [Node] Finished "16_me_7", elapsed time 1.699797s.
250528-04:33:32,145 nipype.workflow INFO:
	 [Node] Setting-up "fmriprep_25_0_wf.sub_GEO073_wf.anat_fit_wf.brain_extraction_wf.atropos_wf.17_comp_7" in "/work/fmriprep_25_0_wf/sub_GEO073_wf/anat_fit_wf/brain_extraction_wf/atropos_wf/17_comp_7".
250528-04:33:32,262 nipype.workflow INFO:
	 [Node] Executing "17_comp_7" <nipype.interfaces.ants.utils.ImageMath>
250528-04:33:33,317 nipype.workflow INFO:
	 [Node] Finished "17_comp_7", elapsed time 1.05405s.
250528-04:33:34,156 nipype.workflow INFO:
	 [Node] Setting-up "fmriprep_25_0_wf.sub_GEO073_wf.anat_fit_wf.brain_extraction_wf.atropos_wf.18_md_7" in "/work/fmriprep_25_0_wf/sub_GEO073_wf/anat_fit_wf/brain_extraction_wf/atropos_wf/18_md_7".
250528-04:33:34,310 nipype.workflow INFO:
	 [Node] Executing "18_md_7" <nipype.interfaces.ants.utils.ImageMath>
250528-04:33:35,375 nipype.workflow INFO:
	 [Node] Finished "18_md_7", elapsed time 1.063927s.
250528-04:33:36,144 nipype.workflow INFO:
	 [Node] Setting-up "fmriprep_25_0_wf.sub_GEO073_wf.anat_fit_wf.brain_extraction_wf.atropos_wf.19_fill_7" in "/work/fmriprep_25_0_wf/sub_GEO073_wf/anat_fit_wf/brain_extraction_wf/atropos_wf/19_fill_7".
250528-04:33:36,263 nipype.workflow INFO:
	 [Node] Executing "19_fill_7" <nipype.interfaces.ants.utils.ImageMath>
250528-04:33:41,522 nipype.workflow INFO:
	 [Node] Finished "19_fill_7", elapsed time 5.257629s.
250528-04:33:42,141 nipype.workflow INFO:
	 [Node] Setting-up "fmriprep_25_0_wf.sub_GEO073_wf.anat_fit_wf.brain_extraction_wf.atropos_wf.20_add_7_2" in "/work/fmriprep_25_0_wf/sub_GEO073_wf/anat_fit_wf/brain_extraction_wf/atropos_wf/20_add_7_2".
250528-04:33:42,284 nipype.workflow INFO:
	 [Node] Executing "20_add_7_2" <nipype.interfaces.ants.utils.ImageMath>
250528-04:33:43,294 nipype.workflow INFO:
	 [Node] Finished "20_add_7_2", elapsed time 1.009222s.
250528-04:33:44,146 nipype.workflow INFO:
	 [Node] Setting-up "fmriprep_25_0_wf.sub_GEO073_wf.anat_fit_wf.brain_extraction_wf.atropos_wf.21_md_7_2" in "/work/fmriprep_25_0_wf/sub_GEO073_wf/anat_fit_wf/brain_extraction_wf/atropos_wf/21_md_7_2".
250528-04:33:44,389 nipype.workflow INFO:
	 [Node] Executing "21_md_7_2" <nipype.interfaces.ants.utils.ImageMath>
250528-04:33:45,522 nipype.workflow INFO:
	 [Node] Finished "21_md_7_2", elapsed time 1.1326640000000001s.
250528-04:33:46,159 nipype.workflow INFO:
	 [Node] Setting-up "fmriprep_25_0_wf.sub_GEO073_wf.anat_fit_wf.brain_extraction_wf.atropos_wf.22_me_7_2" in "/work/fmriprep_25_0_wf/sub_GEO073_wf/anat_fit_wf/brain_extraction_wf/atropos_wf/22_me_7_2".
250528-04:33:46,273 nipype.workflow INFO:
	 [Node] Executing "22_me_7_2" <nipype.interfaces.ants.utils.ImageMath>
250528-04:33:47,996 nipype.workflow INFO:
	 [Node] Finished "22_me_7_2", elapsed time 1.7218149999999999s.
250528-04:33:50,146 nipype.workflow INFO:
	 [Node] Setting-up "fmriprep_25_0_wf.sub_GEO073_wf.anat_fit_wf.brain_extraction_wf.atropos_wf.23_depad_mask" in "/work/fmriprep_25_0_wf/sub_GEO073_wf/anat_fit_wf/brain_extraction_wf/atropos_wf/23_depad_mask".
250528-04:33:50,263 nipype.workflow INFO:
	 [Node] Executing "23_depad_mask" <nipype.interfaces.ants.utils.ImageMath>
250528-04:33:50,798 nipype.workflow INFO:
	 [Node] Finished "23_depad_mask", elapsed time 0.533983s.
250528-04:33:52,142 nipype.workflow INFO:
	 [Node] Setting-up "fmriprep_25_0_wf.sub_GEO073_wf.anat_fit_wf.brain_extraction_wf.atropos_wf.msk_conform" in "/work/fmriprep_25_0_wf/sub_GEO073_wf/anat_fit_wf/brain_extraction_wf/atropos_wf/msk_conform".
250528-04:33:52,257 nipype.workflow INFO:
	 [Node] Executing "msk_conform" <nipype.interfaces.utility.wrappers.Function>
250528-04:33:52,429 nipype.workflow INFO:
	 [Node] Finished "msk_conform", elapsed time 0.17037s.
250528-04:34:00,35 nipype.workflow INFO:
	 [Node] Setting-up "_apply_mask0" in "/work/fmriprep_25_0_wf/sub_GEO073_wf/anat_fit_wf/brain_extraction_wf/atropos_wf/apply_mask/mapflow/_apply_mask0".
250528-04:34:00,157 nipype.workflow INFO:
	 [Node] Executing "_apply_mask0" <niworkflows.interfaces.nibabel.ApplyMask>
250528-04:34:00,832 nipype.workflow INFO:
	 [Node] Finished "_apply_mask0", elapsed time 0.673496s.
250528-04:34:04,72 nipype.workflow INFO:
	 [Node] Setting-up "fmriprep_25_0_wf.sub_GEO073_wf.anat_fit_wf.register_template_wf.trunc_mov" in "/work/fmriprep_25_0_wf/sub_GEO073_wf/anat_fit_wf/register_template_wf/_template_MNI152NLin2009cAsym/trunc_mov".
250528-04:34:04,183 nipype.workflow INFO:
	 [Node] Executing "trunc_mov" <nipype.interfaces.ants.utils.ImageMath>
250528-04:34:04,328 nipype.workflow INFO:
	 [Node] Setting-up "fmriprep_25_0_wf.sub_GEO073_wf.anat_fit_wf.surface_recon_wf.skull_strip_extern" in "/work/fmriprep_25_0_wf/sub_GEO073_wf/anat_fit_wf/surface_recon_wf/skull_strip_extern".
250528-04:34:04,328 nipype.workflow INFO:
	 [Node] Setting-up "fmriprep_25_0_wf.sub_GEO073_wf.ds_std_volumes_wf.gen_ref" in "/work/fmriprep_25_0_wf/sub_GEO073_wf/ds_std_volumes_wf/_in_tuple_MNI152NLin2009cAsym.resnative/gen_ref".
250528-04:34:04,914 nipype.workflow INFO:
	 [Node] Executing "gen_ref" <niworkflows.interfaces.nibabel.GenerateSamplingReference>
250528-04:34:04,942 nipype.workflow INFO:
	 [Node] Executing "skull_strip_extern" <niworkflows.interfaces.freesurfer.FSInjectBrainExtracted>
250528-04:34:05,923 nipype.workflow INFO:
	 [Node] Finished "skull_strip_extern", elapsed time 0.980612s.
250528-04:34:06,189 nipype.workflow INFO:
	 [Node] Finished "gen_ref", elapsed time 1.273177s.
250528-04:34:08,306 nipype.workflow INFO:
	 [Node] Setting-up "fmriprep_25_0_wf.sub_GEO073_wf.anat_fit_wf.surface_recon_wf.autorecon_resume_wf.gcareg" in "/work/fmriprep_25_0_wf/sub_GEO073_wf/anat_fit_wf/surface_recon_wf/autorecon_resume_wf/gcareg".
250528-04:34:08,431 nipype.workflow INFO:
	 [Node] Finished "trunc_mov", elapsed time 4.247334s.
250528-04:34:08,479 nipype.workflow INFO:
	 [Node] Executing "gcareg" <smriprep.interfaces.freesurfer.ReconAll>
250528-04:34:08,485 nipype.interface INFO:
	 resume recon-all : recon-all -openmp 7 -subjid sub-GEO073 -sd /out/sourcedata/freesurfer -gcareg
250528-04:34:08,486 nipype.interface INFO:
	 resume recon-all : recon-all -openmp 7 -subjid sub-GEO073 -sd /out/sourcedata/freesurfer -gcareg
250528-04:36:01,173 nipype.workflow INFO:
	 [Node] Finished "gcareg", elapsed time 112.692122s.
250528-04:36:02,410 nipype.workflow INFO:
	 [Node] Setting-up "fmriprep_25_0_wf.sub_GEO073_wf.anat_fit_wf.surface_recon_wf.autorecon_resume_wf.autorecon2_vol" in "/work/fmriprep_25_0_wf/sub_GEO073_wf/anat_fit_wf/surface_recon_wf/autorecon_resume_wf/autorecon2_vol".
250528-04:36:02,657 nipype.workflow INFO:
	 [Node] Executing "autorecon2_vol" <smriprep.interfaces.freesurfer.ReconAll>
250528-04:36:02,661 nipype.interface INFO:
	 resume recon-all : recon-all -autorecon2-volonly -openmp 7 -subjid sub-GEO073 -sd /out/sourcedata/freesurfer -nogcareg
250528-04:36:02,661 nipype.interface INFO:
	 resume recon-all : recon-all -autorecon2-volonly -openmp 7 -subjid sub-GEO073 -sd /out/sourcedata/freesurfer -nogcareg
250528-05:47:53,764 nipype.workflow INFO:
	 [Node] Finished "autorecon2_vol", elapsed time 4311.098707s.
250528-05:47:57,23 nipype.workflow INFO:
	 [Node] Setting-up "_autorecon_surfs0" in "/work/fmriprep_25_0_wf/sub_GEO073_wf/anat_fit_wf/surface_recon_wf/autorecon_resume_wf/autorecon_surfs/mapflow/_autorecon_surfs0".
250528-05:47:57,242 nipype.workflow INFO:
	 [Node] Executing "_autorecon_surfs0" <smriprep.interfaces.freesurfer.ReconAll>
250528-05:47:57,251 nipype.interface INFO:
	 resume recon-all : recon-all -autorecon-hemi lh -noparcstats -noparcstats2 -noparcstats3 -nohyporelabel -nobalabels -lh-only -openmp 7 -subjid sub-GEO073 -sd /out/sourcedata/freesurfer 
250528-05:47:57,252 nipype.interface INFO:
	 resume recon-all : recon-all -autorecon-hemi lh -noparcstats -noparcstats2 -noparcstats3 -nohyporelabel -nobalabels -lh-only -openmp 7 -subjid sub-GEO073 -sd /out/sourcedata/freesurfer 
250528-06:08:20,415 nipype.workflow INFO:
	 [Node] Finished "_autorecon_surfs0", elapsed time 1223.171079s.
250528-06:08:21,154 nipype.workflow INFO:
	 [Node] Setting-up "_autorecon_surfs1" in "/work/fmriprep_25_0_wf/sub_GEO073_wf/anat_fit_wf/surface_recon_wf/autorecon_resume_wf/autorecon_surfs/mapflow/_autorecon_surfs1".
250528-06:08:21,360 nipype.workflow INFO:
	 [Node] Executing "_autorecon_surfs1" <smriprep.interfaces.freesurfer.ReconAll>
250528-06:08:21,369 nipype.interface INFO:
	 resume recon-all : recon-all -autorecon-hemi rh -noparcstats -noparcstats2 -noparcstats3 -nohyporelabel -nobalabels -rh-only -openmp 7 -subjid sub-GEO073 -sd /out/sourcedata/freesurfer 
250528-06:08:21,369 nipype.interface INFO:
	 resume recon-all : recon-all -autorecon-hemi rh -noparcstats -noparcstats2 -noparcstats3 -nohyporelabel -nobalabels -rh-only -openmp 7 -subjid sub-GEO073 -sd /out/sourcedata/freesurfer 
250528-06:28:50,543 nipype.workflow INFO:
	 [Node] Finished "_autorecon_surfs1", elapsed time 1229.179322s.
250528-06:28:51,645 nipype.workflow INFO:
	 [Node] Setting-up "_autorecon_surfs0" in "/work/fmriprep_25_0_wf/sub_GEO073_wf/anat_fit_wf/surface_recon_wf/autorecon_resume_wf/autorecon_surfs/mapflow/_autorecon_surfs0".
250528-06:28:52,4 nipype.workflow INFO:
	 [Node] Executing "_autorecon_surfs0" <smriprep.interfaces.freesurfer.ReconAll>
250528-06:28:52,169 nipype.interface INFO:
	 recon-all complete : Not running
250528-06:28:52,170 nipype.interface INFO:
	 recon-all complete : Not running
250528-06:28:52,340 nipype.workflow INFO:
	 [Node] Finished "_autorecon_surfs0", elapsed time 0.335413s.
250528-06:28:52,762 nipype.workflow INFO:
	 [Node] Setting-up "_autorecon_surfs1" in "/work/fmriprep_25_0_wf/sub_GEO073_wf/anat_fit_wf/surface_recon_wf/autorecon_resume_wf/autorecon_surfs/mapflow/_autorecon_surfs1".
250528-06:28:53,149 nipype.workflow INFO:
	 [Node] Executing "_autorecon_surfs1" <smriprep.interfaces.freesurfer.ReconAll>
250528-06:28:53,216 nipype.interface INFO:
	 recon-all complete : Not running
250528-06:28:53,217 nipype.interface INFO:
	 recon-all complete : Not running
250528-06:28:53,366 nipype.workflow INFO:
	 [Node] Finished "_autorecon_surfs1", elapsed time 0.214751s.
250528-06:28:55,373 nipype.workflow INFO:
	 [Node] Setting-up "fmriprep_25_0_wf.sub_GEO073_wf.anat_fit_wf.surface_recon_wf.autorecon_resume_wf.cortribbon" in "/work/fmriprep_25_0_wf/sub_GEO073_wf/anat_fit_wf/surface_recon_wf/autorecon_resume_wf/cortribbon".
250528-06:28:55,556 nipype.workflow INFO:
	 [Node] Executing "cortribbon" <smriprep.interfaces.freesurfer.ReconAll>
250528-06:28:55,558 nipype.interface INFO:
	 resume recon-all : recon-all -parallel -subjid sub-GEO073 -sd /out/sourcedata/freesurfer -T2pial -cortribbon
250528-06:28:55,559 nipype.interface INFO:
	 resume recon-all : recon-all -parallel -subjid sub-GEO073 -sd /out/sourcedata/freesurfer -T2pial -cortribbon
250528-07:10:11,903 nipype.workflow INFO:
	 [Node] Finished "cortribbon", elapsed time 2476.337821s.
250528-07:10:15,695 nipype.workflow INFO:
	 [Node] Setting-up "_parcstats0" in "/work/fmriprep_25_0_wf/sub_GEO073_wf/anat_fit_wf/surface_recon_wf/autorecon_resume_wf/parcstats/mapflow/_parcstats0".
250528-07:10:15,966 nipype.workflow INFO:
	 [Node] Executing "_parcstats0" <smriprep.interfaces.freesurfer.ReconAll>
250528-07:10:15,970 nipype.interface INFO:
	 resume recon-all : recon-all -autorecon-hemi lh -nohyporelabel -lh-only -openmp 7 -subjid sub-GEO073 -sd /out/sourcedata/freesurfer -notessellate -nosmooth1 -noinflate1 -noqsphere -nofix -nowhite -nosmooth2 -noinflate2 -nocurvHK -nocurvstats -nosphere -nosurfreg -nojacobian_white -noavgcurv -nocortparc -nopial -nocortparc2 -nocortparc3 -nopctsurfcon
250528-07:10:15,971 nipype.interface INFO:
	 resume recon-all : recon-all -autorecon-hemi lh -nohyporelabel -lh-only -openmp 7 -subjid sub-GEO073 -sd /out/sourcedata/freesurfer -notessellate -nosmooth1 -noinflate1 -noqsphere -nofix -nowhite -nosmooth2 -noinflate2 -nocurvHK -nocurvstats -nosphere -nosurfreg -nojacobian_white -noavgcurv -nocortparc -nopial -nocortparc2 -nocortparc3 -nopctsurfcon
250528-07:13:10,702 nipype.workflow INFO:
	 [Node] Finished "_parcstats0", elapsed time 174.73068s.
250528-07:13:11,667 nipype.workflow INFO:
	 [Node] Setting-up "_parcstats1" in "/work/fmriprep_25_0_wf/sub_GEO073_wf/anat_fit_wf/surface_recon_wf/autorecon_resume_wf/parcstats/mapflow/_parcstats1".
250528-07:13:11,868 nipype.workflow INFO:
	 [Node] Executing "_parcstats1" <smriprep.interfaces.freesurfer.ReconAll>
250528-07:13:12,59 nipype.interface INFO:
	 resume recon-all : recon-all -autorecon-hemi rh -nohyporelabel -rh-only -openmp 7 -subjid sub-GEO073 -sd /out/sourcedata/freesurfer -notessellate -nosmooth1 -noinflate1 -noqsphere -nofix -nowhite -nosmooth2 -noinflate2 -nocurvHK -nocurvstats -nosphere -nosurfreg -nojacobian_white -noavgcurv -nocortparc -nopial -nocortparc2 -nocortparc3 -nopctsurfcon
250528-07:13:12,60 nipype.interface INFO:
	 resume recon-all : recon-all -autorecon-hemi rh -nohyporelabel -rh-only -openmp 7 -subjid sub-GEO073 -sd /out/sourcedata/freesurfer -notessellate -nosmooth1 -noinflate1 -noqsphere -nofix -nowhite -nosmooth2 -noinflate2 -nocurvHK -nocurvstats -nosphere -nosurfreg -nojacobian_white -noavgcurv -nocortparc -nopial -nocortparc2 -nocortparc3 -nopctsurfcon
250528-07:16:07,701 nipype.workflow INFO:
	 [Node] Finished "_parcstats1", elapsed time 175.83131s.
250528-07:16:09,771 nipype.workflow INFO:
	 [Node] Setting-up "_parcstats0" in "/work/fmriprep_25_0_wf/sub_GEO073_wf/anat_fit_wf/surface_recon_wf/autorecon_resume_wf/parcstats/mapflow/_parcstats0".
250528-07:16:10,52 nipype.workflow INFO:
	 [Node] Executing "_parcstats0" <smriprep.interfaces.freesurfer.ReconAll>
250528-07:16:10,255 nipype.interface INFO:
	 recon-all complete : Not running
250528-07:16:10,255 nipype.interface INFO:
	 recon-all complete : Not running
250528-07:16:10,451 nipype.workflow INFO:
	 [Node] Finished "_parcstats0", elapsed time 0.397242s.
250528-07:16:10,531 nipype.workflow INFO:
	 [Node] Setting-up "_parcstats1" in "/work/fmriprep_25_0_wf/sub_GEO073_wf/anat_fit_wf/surface_recon_wf/autorecon_resume_wf/parcstats/mapflow/_parcstats1".
250528-07:16:10,776 nipype.workflow INFO:
	 [Node] Executing "_parcstats1" <smriprep.interfaces.freesurfer.ReconAll>
250528-07:16:10,848 nipype.interface INFO:
	 recon-all complete : Not running
250528-07:16:10,849 nipype.interface INFO:
	 recon-all complete : Not running
250528-07:16:11,26 nipype.workflow INFO:
	 [Node] Finished "_parcstats1", elapsed time 0.249008s.
250528-07:16:11,647 nipype.workflow INFO:
	 [Node] Setting-up "fmriprep_25_0_wf.sub_GEO073_wf.anat_fit_wf.surface_recon_wf.autorecon_resume_wf.autorecon3" in "/work/fmriprep_25_0_wf/sub_GEO073_wf/anat_fit_wf/surface_recon_wf/autorecon_resume_wf/autorecon3".
250528-07:16:11,816 nipype.workflow INFO:
	 [Node] Executing "autorecon3" <smriprep.interfaces.freesurfer.ReconAll>
250528-07:16:11,824 nipype.interface INFO:
	 resume recon-all : recon-all -autorecon3 -openmp 7 -subjid sub-GEO073 -sd /out/sourcedata/freesurfer -nosphere -nosurfreg -nojacobian_white -noavgcurv -nocortparc -nopial -noparcstats -nocortparc2 -noparcstats2 -nocortparc3 -noparcstats3 -nopctsurfcon -nocortribbon -nobalabels
250528-07:16:11,825 nipype.interface INFO:
	 resume recon-all : recon-all -autorecon3 -openmp 7 -subjid sub-GEO073 -sd /out/sourcedata/freesurfer -nosphere -nosurfreg -nojacobian_white -noavgcurv -nocortparc -nopial -noparcstats -nocortparc2 -noparcstats2 -nocortparc3 -noparcstats3 -nopctsurfcon -nocortribbon -nobalabels
250528-07:21:36,561 nipype.workflow INFO:
	 [Node] Finished "autorecon3", elapsed time 324.743237s.
250528-07:21:37,717 nipype.workflow INFO:
	 [Node] Setting-up "fmriprep_25_0_wf.sub_GEO073_wf.anat_fit_wf.surface_recon_wf.get_surfaces" in "/work/fmriprep_25_0_wf/sub_GEO073_wf/anat_fit_wf/surface_recon_wf/get_surfaces".
250528-07:21:38,31 nipype.workflow INFO:
	 [Node] Executing "get_surfaces" <niworkflows.interfaces.patches.FreeSurferSource>
250528-07:21:38,47 nipype.workflow INFO:
	 [Node] Finished "get_surfaces", elapsed time 0.015195s.
250528-07:21:41,717 nipype.workflow INFO:
	 [Node] Setting-up "_midthickness0" in "/work/fmriprep_25_0_wf/sub_GEO073_wf/anat_fit_wf/surface_recon_wf/midthickness/mapflow/_midthickness0".
250528-07:21:42,218 nipype.workflow INFO:
	 [Node] Executing "_midthickness0" <smriprep.interfaces.freesurfer.MakeMidthickness>
250528-07:41:50,217 nipype.workflow INFO:
	 [Node] Finished "_midthickness0", elapsed time 1207.971798s.
250528-07:41:51,867 nipype.workflow INFO:
	 [Node] Setting-up "_midthickness1" in "/work/fmriprep_25_0_wf/sub_GEO073_wf/anat_fit_wf/surface_recon_wf/midthickness/mapflow/_midthickness1".
250528-07:41:52,569 nipype.workflow INFO:
	 [Node] Executing "_midthickness1" <smriprep.interfaces.freesurfer.MakeMidthickness>
250528-08:00:18,434 nipype.workflow INFO:
	 [Node] Finished "_midthickness1", elapsed time 1105.747761s.
250528-08:00:22,54 nipype.workflow INFO:
	 [Node] Setting-up "_midthickness0" in "/work/fmriprep_25_0_wf/sub_GEO073_wf/anat_fit_wf/surface_recon_wf/midthickness/mapflow/_midthickness0".
250528-08:00:22,97 nipype.workflow INFO:
	 [Node] Cached "_midthickness0" - collecting precomputed outputs
250528-08:00:22,97 nipype.workflow INFO:
	 [Node] "_midthickness0" found cached.
250528-08:00:22,98 nipype.workflow INFO:
	 [Node] Setting-up "_midthickness1" in "/work/fmriprep_25_0_wf/sub_GEO073_wf/anat_fit_wf/surface_recon_wf/midthickness/mapflow/_midthickness1".
250528-08:00:22,103 nipype.workflow INFO:
	 [Node] Cached "_midthickness1" - collecting precomputed outputs
250528-08:00:22,103 nipype.workflow INFO:
	 [Node] "_midthickness1" found cached.
250528-08:00:23,953 nipype.workflow INFO:
	 [Node] Setting-up "fmriprep_25_0_wf.sub_GEO073_wf.anat_fit_wf.surface_recon_wf.save_midthickness" in "/work/fmriprep_25_0_wf/sub_GEO073_wf/anat_fit_wf/surface_recon_wf/save_midthickness".
250528-08:00:24,779 nipype.workflow INFO:
	 [Node] Executing "save_midthickness" <nipype.interfaces.io.DataSink>
250528-08:00:25,467 nipype.workflow INFO:
	 [Node] Finished "save_midthickness", elapsed time 0.687048s.
250528-08:00:25,954 nipype.workflow INFO:
	 [Node] Setting-up "fmriprep_25_0_wf.sub_GEO073_wf.anat_fit_wf.surface_recon_wf.sync" in "/work/fmriprep_25_0_wf/sub_GEO073_wf/anat_fit_wf/surface_recon_wf/sync".
250528-08:00:27,196 nipype.workflow INFO:
	 [Node] Executing "sync" <nipype.interfaces.utility.wrappers.Function>
250528-08:00:27,198 nipype.workflow INFO:
	 [Node] Finished "sync", elapsed time 0.000992s.
250528-08:00:29,958 nipype.workflow INFO:
	 [Node] Setting-up "fmriprep_25_0_wf.sub_GEO073_wf.anat_fit_wf.bbreg" in "/work/fmriprep_25_0_wf/sub_GEO073_wf/anat_fit_wf/bbreg".
250528-08:00:29,959 nipype.workflow INFO:
	 [Node] Setting-up "fmriprep_25_0_wf.sub_GEO073_wf.anat_fit_wf.gifti_surface_wf.get_surfaces" in "/work/fmriprep_25_0_wf/sub_GEO073_wf/anat_fit_wf/gifti_surface_wf/get_surfaces".
250528-08:00:29,961 nipype.workflow INFO:
	 [Node] Setting-up "fmriprep_25_0_wf.sub_GEO073_wf.anat_fit_wf.gifti_spheres_wf.get_surfaces" in "/work/fmriprep_25_0_wf/sub_GEO073_wf/anat_fit_wf/gifti_spheres_wf/get_surfaces".
250528-08:00:29,962 nipype.workflow INFO:
	 [Node] Setting-up "fmriprep_25_0_wf.sub_GEO073_wf.anat_fit_wf.gifti_morphometrics_wf.get_surfaces" in "/work/fmriprep_25_0_wf/sub_GEO073_wf/anat_fit_wf/gifti_morphometrics_wf/get_surfaces".
250528-08:00:29,962 nipype.workflow INFO:
	 [Node] Setting-up "fmriprep_25_0_wf.sub_GEO073_wf.anat_fit_wf.refinement_wf.segs_to_native_wf_aseg.fs_datasource" in "/work/fmriprep_25_0_wf/sub_GEO073_wf/anat_fit_wf/refinement_wf/segs_to_native_wf_aseg/fs_datasource".
250528-08:00:29,985 nipype.workflow INFO:
	 [Node] Setting-up "fmriprep_25_0_wf.sub_GEO073_wf.bold_ses_t2_task_image_run_1_wf.bold_fit_wf.bold_reg_wf.bbreg_wf.fssource" in "/work/fmriprep_25_0_wf/sub_GEO073_wf/bold_ses_t2_task_image_run_1_wf/bold_fit_wf/bold_reg_wf/bbreg_wf/fssource".
250528-08:00:29,998 nipype.workflow INFO:
	 [Node] Setting-up "fmriprep_25_0_wf.sub_GEO073_wf.bold_ses_t2_task_image_run_2_wf.bold_fit_wf.bold_reg_wf.bbreg_wf.fssource" in "/work/fmriprep_25_0_wf/sub_GEO073_wf/bold_ses_t2_task_image_run_2_wf/bold_fit_wf/bold_reg_wf/bbreg_wf/fssource".
250528-08:00:29,999 nipype.workflow INFO:
	 [Node] Setting-up "fmriprep_25_0_wf.sub_GEO073_wf.anat_fit_wf.anat_reports_wf.recon_report" in "/work/fmriprep_25_0_wf/sub_GEO073_wf/anat_fit_wf/anat_reports_wf/recon_report".
250528-08:00:31,322 nipype.workflow INFO:
	 [Node] Executing "get_surfaces" <niworkflows.interfaces.patches.FreeSurferSource>
250528-08:00:31,364 nipype.workflow INFO:
	 [Node] Executing "fssource" <fmriprep.interfaces.patches.FreeSurferSource>
250528-08:00:31,551 nipype.workflow INFO:
	 [Node] Executing "bbreg" <nipype.interfaces.freesurfer.preprocess.BBRegister>
250528-08:00:31,568 nipype.workflow INFO:
	 [Node] Executing "get_surfaces" <nipype.interfaces.utility.wrappers.Function>
250528-08:00:31,572 nipype.workflow INFO:
	 [Node] Finished "get_surfaces", elapsed time 0.003032s.
250528-08:00:31,594 nipype.workflow INFO:
	 [Node] Executing "recon_report" <smriprep.interfaces.reports.FSSurfaceReport>
250528-08:00:31,855 nipype.workflow INFO:
	 [Node] Executing "fssource" <fmriprep.interfaces.patches.FreeSurferSource>
250528-08:00:31,973 nipype.workflow INFO:
	 [Node] Finished "fssource", elapsed time 0.608144s.
250528-08:00:31,973 nipype.workflow INFO:
	 [Node] Finished "get_surfaces", elapsed time 0.650312s.
250528-08:00:31,974 nipype.workflow INFO:
	 [Node] Finished "fssource", elapsed time 0.116759s.
250528-08:00:31,992 nipype.workflow INFO:
	 [Node] Setting-up "fmriprep_25_0_wf.sub_GEO073_wf.bold_ses_t2_task_image_run_3_wf.bold_fit_wf.bold_reg_wf.bbreg_wf.fssource" in "/work/fmriprep_25_0_wf/sub_GEO073_wf/bold_ses_t2_task_image_run_3_wf/bold_fit_wf/bold_reg_wf/bbreg_wf/fssource".
250528-08:00:32,183 nipype.workflow INFO:
	 [Node] Executing "fs_datasource" <niworkflows.interfaces.patches.FreeSurferSource>
250528-08:00:32,207 nipype.workflow INFO:
	 [Node] Finished "fs_datasource", elapsed time 0.022879s.
250528-08:00:32,498 nipype.workflow INFO:
	 [Node] Executing "get_surfaces" <nipype.interfaces.utility.wrappers.Function>
250528-08:00:32,501 nipype.workflow INFO:
	 [Node] Finished "get_surfaces", elapsed time 0.002177s.
250528-08:00:33,969 nipype.workflow INFO:
	 [Node] Setting-up "fmriprep_25_0_wf.sub_GEO073_wf.bold_ses_t2_task_image_run_4_wf.bold_fit_wf.bold_reg_wf.bbreg_wf.fssource" in "/work/fmriprep_25_0_wf/sub_GEO073_wf/bold_ses_t2_task_image_run_4_wf/bold_fit_wf/bold_reg_wf/bbreg_wf/fssource".
250528-08:00:33,983 nipype.workflow INFO:
	 [Node] Setting-up "fmriprep_25_0_wf.sub_GEO073_wf.bold_ses_t2_task_image_run_5_wf.bold_fit_wf.bold_reg_wf.bbreg_wf.fssource" in "/work/fmriprep_25_0_wf/sub_GEO073_wf/bold_ses_t2_task_image_run_5_wf/bold_fit_wf/bold_reg_wf/bbreg_wf/fssource".
250528-08:00:34,797 nipype.workflow INFO:
	 [Node] Executing "fssource" <fmriprep.interfaces.patches.FreeSurferSource>
250528-08:00:34,812 nipype.workflow INFO:
	 [Node] Finished "fssource", elapsed time 0.014741s.
250528-08:00:35,34 nipype.workflow INFO:
	 [Node] Executing "fssource" <fmriprep.interfaces.patches.FreeSurferSource>
250528-08:00:35,50 nipype.workflow INFO:
	 [Node] Finished "fssource", elapsed time 0.014259s.
250528-08:00:35,95 nipype.workflow INFO:
	 [Node] Executing "fssource" <fmriprep.interfaces.patches.FreeSurferSource>
250528-08:00:35,110 nipype.workflow INFO:
	 [Node] Finished "fssource", elapsed time 0.014102s.
250528-08:00:41,363 nipype.workflow INFO:
	 [Node] Setting-up "fmriprep_25_0_wf.sub_GEO073_wf.anat_fit_wf.refinement_wf.segs_to_native_wf_aseg.select_seg" in "/work/fmriprep_25_0_wf/sub_GEO073_wf/anat_fit_wf/refinement_wf/segs_to_native_wf_aseg/select_seg".
250528-08:00:41,853 nipype.workflow INFO:
	 [Node] Executing "select_seg" <nipype.interfaces.utility.wrappers.Function>
250528-08:00:41,855 nipype.workflow INFO:
	 [Node] Finished "select_seg", elapsed time 0.000754s.
250528-08:00:43,627 nipype.workflow INFO:
	 [Node] Setting-up "fmriprep_25_0_wf.sub_GEO073_wf.anat_fit_wf.refinement_wf.segs_to_native_wf_aseg.resample" in "/work/fmriprep_25_0_wf/sub_GEO073_wf/anat_fit_wf/refinement_wf/segs_to_native_wf_aseg/resample".
250528-08:00:43,628 nipype.workflow INFO:
	 [Node] Setting-up "_fs2gii0" in "/work/fmriprep_25_0_wf/sub_GEO073_wf/anat_fit_wf/gifti_surface_wf/fs2gii/mapflow/_fs2gii0".
250528-08:00:43,628 nipype.workflow INFO:
	 [Node] Setting-up "_fs2gii1" in "/work/fmriprep_25_0_wf/sub_GEO073_wf/anat_fit_wf/gifti_surface_wf/fs2gii/mapflow/_fs2gii1".
250528-08:00:43,629 nipype.workflow INFO:
	 [Node] Setting-up "_fs2gii2" in "/work/fmriprep_25_0_wf/sub_GEO073_wf/anat_fit_wf/gifti_surface_wf/fs2gii/mapflow/_fs2gii2".
250528-08:00:43,630 nipype.workflow INFO:
	 [Node] Setting-up "_fs2gii3" in "/work/fmriprep_25_0_wf/sub_GEO073_wf/anat_fit_wf/gifti_surface_wf/fs2gii/mapflow/_fs2gii3".
250528-08:00:43,630 nipype.workflow INFO:
	 [Node] Setting-up "_fs2gii4" in "/work/fmriprep_25_0_wf/sub_GEO073_wf/anat_fit_wf/gifti_surface_wf/fs2gii/mapflow/_fs2gii4".
250528-08:00:45,368 nipype.workflow INFO:
	 [Node] Executing "_fs2gii0" <nipype.interfaces.freesurfer.utils.MRIsConvert>
250528-08:00:45,531 nipype.workflow INFO:
	 [Node] Executing "_fs2gii2" <nipype.interfaces.freesurfer.utils.MRIsConvert>
250528-08:00:45,842 nipype.workflow INFO:
	 [Node] Executing "_fs2gii1" <nipype.interfaces.freesurfer.utils.MRIsConvert>
250528-08:00:45,945 nipype.workflow INFO:
	 [Node] Executing "resample" <nipype.interfaces.freesurfer.preprocess.ApplyVolTransform>
250528-08:00:46,596 nipype.workflow INFO:
	 [Node] Executing "_fs2gii3" <nipype.interfaces.freesurfer.utils.MRIsConvert>
250528-08:00:46,614 nipype.workflow INFO:
	 [Node] Executing "_fs2gii4" <nipype.interfaces.freesurfer.utils.MRIsConvert>
250528-08:00:47,219 nipype.workflow INFO:
	 [Node] Finished "_fs2gii0", elapsed time 1.850347s.
250528-08:00:47,351 nipype.workflow INFO:
	 [Node] Finished "_fs2gii2", elapsed time 1.819108s.
250528-08:00:47,891 nipype.workflow INFO:
	 [Node] Finished "resample", elapsed time 1.9451209999999999s.
250528-08:00:48,82 nipype.workflow INFO:
	 [Node] Finished "_fs2gii1", elapsed time 2.239074s.
250528-08:00:48,230 nipype.workflow INFO:
	 [Node] Finished "_fs2gii4", elapsed time 1.614805s.
250528-08:00:48,390 nipype.workflow INFO:
	 [Node] Finished "_fs2gii3", elapsed time 1.792432s.
250528-08:00:49,617 nipype.workflow INFO:
	 [Node] Setting-up "fmriprep_25_0_wf.sub_GEO073_wf.anat_fit_wf.refinement_wf.refine" in "/work/fmriprep_25_0_wf/sub_GEO073_wf/anat_fit_wf/refinement_wf/refine".
250528-08:00:49,618 nipype.workflow INFO:
	 [Node] Setting-up "_fs2gii5" in "/work/fmriprep_25_0_wf/sub_GEO073_wf/anat_fit_wf/gifti_surface_wf/fs2gii/mapflow/_fs2gii5".
250528-08:00:49,621 nipype.workflow INFO:
	 [Node] Setting-up "_fs2gii0" in "/work/fmriprep_25_0_wf/sub_GEO073_wf/anat_fit_wf/gifti_spheres_wf/fs2gii/mapflow/_fs2gii0".
250528-08:00:49,621 nipype.workflow INFO:
	 [Node] Setting-up "_fs2gii1" in "/work/fmriprep_25_0_wf/sub_GEO073_wf/anat_fit_wf/gifti_spheres_wf/fs2gii/mapflow/_fs2gii1".
250528-08:00:49,621 nipype.workflow INFO:
	 [Node] Setting-up "_fs2gii2" in "/work/fmriprep_25_0_wf/sub_GEO073_wf/anat_fit_wf/gifti_spheres_wf/fs2gii/mapflow/_fs2gii2".
250528-08:00:49,622 nipype.workflow INFO:
	 [Node] Setting-up "_fs2gii3" in "/work/fmriprep_25_0_wf/sub_GEO073_wf/anat_fit_wf/gifti_spheres_wf/fs2gii/mapflow/_fs2gii3".
250528-08:00:50,315 nipype.workflow INFO:
	 [Node] Executing "_fs2gii5" <nipype.interfaces.freesurfer.utils.MRIsConvert>
250528-08:00:50,400 nipype.workflow INFO:
	 [Node] Executing "refine" <niworkflows.interfaces.freesurfer.RefineBrainMask>
250528-08:00:50,508 nipype.workflow INFO:
	 [Node] Executing "_fs2gii2" <nipype.interfaces.freesurfer.utils.MRIsConvert>
250528-08:00:50,617 nipype.workflow INFO:
	 [Node] Executing "_fs2gii1" <nipype.interfaces.freesurfer.utils.MRIsConvert>
250528-08:00:50,662 nipype.workflow INFO:
	 [Node] Executing "_fs2gii0" <nipype.interfaces.freesurfer.utils.MRIsConvert>
250528-08:00:50,671 nipype.workflow INFO:
	 [Node] Executing "_fs2gii3" <nipype.interfaces.freesurfer.utils.MRIsConvert>
250528-08:00:51,765 nipype.workflow INFO:
	 [Node] Finished "_fs2gii5", elapsed time 1.448384s.
250528-08:00:52,80 nipype.workflow INFO:
	 [Node] Finished "_fs2gii2", elapsed time 1.571026s.
250528-08:00:52,324 nipype.workflow INFO:
	 [Node] Finished "_fs2gii3", elapsed time 1.651452s.
250528-08:00:52,359 nipype.workflow INFO:
	 [Node] Finished "_fs2gii1", elapsed time 1.7408350000000001s.
250528-08:00:52,422 nipype.workflow INFO:
	 [Node] Finished "_fs2gii0", elapsed time 1.7569569999999999s.
250528-08:00:53,632 nipype.workflow INFO:
	 [Node] Setting-up "_morphs2gii0" in "/work/fmriprep_25_0_wf/sub_GEO073_wf/anat_fit_wf/gifti_morphometrics_wf/morphs2gii/mapflow/_morphs2gii0".
250528-08:00:53,632 nipype.workflow INFO:
	 [Node] Setting-up "_morphs2gii1" in "/work/fmriprep_25_0_wf/sub_GEO073_wf/anat_fit_wf/gifti_morphometrics_wf/morphs2gii/mapflow/_morphs2gii1".
250528-08:00:53,633 nipype.workflow INFO:
	 [Node] Setting-up "_morphs2gii2" in "/work/fmriprep_25_0_wf/sub_GEO073_wf/anat_fit_wf/gifti_morphometrics_wf/morphs2gii/mapflow/_morphs2gii2".
250528-08:00:54,115 nipype.workflow INFO:
	 [Node] Finished "recon_report", elapsed time 22.519678s.
250528-08:00:54,364 nipype.workflow INFO:
	 [Node] Setting-up "_fs2gii0" in "/work/fmriprep_25_0_wf/sub_GEO073_wf/anat_fit_wf/gifti_surface_wf/fs2gii/mapflow/_fs2gii0".
250528-08:00:54,368 nipype.workflow INFO:
	 [Node] Cached "_fs2gii0" - collecting precomputed outputs
250528-08:00:54,368 nipype.workflow INFO:
	 [Node] "_fs2gii0" found cached.
250528-08:00:54,369 nipype.workflow INFO:
	 [Node] Setting-up "_fs2gii1" in "/work/fmriprep_25_0_wf/sub_GEO073_wf/anat_fit_wf/gifti_surface_wf/fs2gii/mapflow/_fs2gii1".
250528-08:00:54,378 nipype.workflow INFO:
	 [Node] Cached "_fs2gii1" - collecting precomputed outputs
250528-08:00:54,378 nipype.workflow INFO:
	 [Node] "_fs2gii1" found cached.
250528-08:00:54,380 nipype.workflow INFO:
	 [Node] Setting-up "_fs2gii2" in "/work/fmriprep_25_0_wf/sub_GEO073_wf/anat_fit_wf/gifti_surface_wf/fs2gii/mapflow/_fs2gii2".
250528-08:00:54,384 nipype.workflow INFO:
	 [Node] Cached "_fs2gii2" - collecting precomputed outputs
250528-08:00:54,384 nipype.workflow INFO:
	 [Node] "_fs2gii2" found cached.
250528-08:00:54,385 nipype.workflow INFO:
	 [Node] Setting-up "_fs2gii3" in "/work/fmriprep_25_0_wf/sub_GEO073_wf/anat_fit_wf/gifti_surface_wf/fs2gii/mapflow/_fs2gii3".
250528-08:00:54,390 nipype.workflow INFO:
	 [Node] Cached "_fs2gii3" - collecting precomputed outputs
250528-08:00:54,390 nipype.workflow INFO:
	 [Node] "_fs2gii3" found cached.
250528-08:00:54,391 nipype.workflow INFO:
	 [Node] Setting-up "_fs2gii4" in "/work/fmriprep_25_0_wf/sub_GEO073_wf/anat_fit_wf/gifti_surface_wf/fs2gii/mapflow/_fs2gii4".
250528-08:00:54,396 nipype.workflow INFO:
	 [Node] Cached "_fs2gii4" - collecting precomputed outputs
250528-08:00:54,396 nipype.workflow INFO:
	 [Node] "_fs2gii4" found cached.
250528-08:00:54,396 nipype.workflow INFO:
	 [Node] Setting-up "_fs2gii5" in "/work/fmriprep_25_0_wf/sub_GEO073_wf/anat_fit_wf/gifti_surface_wf/fs2gii/mapflow/_fs2gii5".
250528-08:00:54,401 nipype.workflow INFO:
	 [Node] Cached "_fs2gii5" - collecting precomputed outputs
250528-08:00:54,401 nipype.workflow INFO:
	 [Node] "_fs2gii5" found cached.
250528-08:00:54,604 nipype.workflow INFO:
	 [Node] Setting-up "_fs2gii0" in "/work/fmriprep_25_0_wf/sub_GEO073_wf/anat_fit_wf/gifti_spheres_wf/fs2gii/mapflow/_fs2gii0".
250528-08:00:54,608 nipype.workflow INFO:
	 [Node] Cached "_fs2gii0" - collecting precomputed outputs
250528-08:00:54,608 nipype.workflow INFO:
	 [Node] "_fs2gii0" found cached.
250528-08:00:54,609 nipype.workflow INFO:
	 [Node] Setting-up "_fs2gii1" in "/work/fmriprep_25_0_wf/sub_GEO073_wf/anat_fit_wf/gifti_spheres_wf/fs2gii/mapflow/_fs2gii1".
250528-08:00:54,613 nipype.workflow INFO:
	 [Node] Cached "_fs2gii1" - collecting precomputed outputs
250528-08:00:54,613 nipype.workflow INFO:
	 [Node] "_fs2gii1" found cached.
250528-08:00:54,614 nipype.workflow INFO:
	 [Node] Setting-up "_fs2gii2" in "/work/fmriprep_25_0_wf/sub_GEO073_wf/anat_fit_wf/gifti_spheres_wf/fs2gii/mapflow/_fs2gii2".
250528-08:00:54,618 nipype.workflow INFO:
	 [Node] Cached "_fs2gii2" - collecting precomputed outputs
250528-08:00:54,618 nipype.workflow INFO:
	 [Node] "_fs2gii2" found cached.
250528-08:00:54,619 nipype.workflow INFO:
	 [Node] Setting-up "_fs2gii3" in "/work/fmriprep_25_0_wf/sub_GEO073_wf/anat_fit_wf/gifti_spheres_wf/fs2gii/mapflow/_fs2gii3".
250528-08:00:54,623 nipype.workflow INFO:
	 [Node] Cached "_fs2gii3" - collecting precomputed outputs
250528-08:00:54,623 nipype.workflow INFO:
	 [Node] "_fs2gii3" found cached.
250528-08:00:55,252 nipype.workflow INFO:
	 [Node] Executing "_morphs2gii2" <smriprep.interfaces.freesurfer.MRIsConvertData>
250528-08:00:55,848 nipype.workflow INFO:
	 [Node] Executing "_morphs2gii0" <smriprep.interfaces.freesurfer.MRIsConvertData>
250528-08:00:56,628 nipype.workflow INFO:
	 [Node] Finished "_morphs2gii2", elapsed time 1.37432s.
250528-08:00:57,196 nipype.workflow INFO:
	 [Node] Executing "_morphs2gii1" <smriprep.interfaces.freesurfer.MRIsConvertData>
250528-08:00:57,329 nipype.workflow INFO:
	 [Node] Finished "_morphs2gii0", elapsed time 1.479713s.
250528-08:00:58,370 nipype.workflow INFO:
	 [Node] Finished "_morphs2gii1", elapsed time 1.172979s.
250528-08:00:58,654 nipype.workflow INFO:
	 [Node] Setting-up "_morphs2gii3" in "/work/fmriprep_25_0_wf/sub_GEO073_wf/anat_fit_wf/gifti_morphometrics_wf/morphs2gii/mapflow/_morphs2gii3".
250528-08:00:58,885 nipype.workflow INFO:
	 [Node] Setting-up "_fix_surfs2" in "/work/fmriprep_25_0_wf/sub_GEO073_wf/anat_fit_wf/gifti_surface_wf/fix_surfs/mapflow/_fix_surfs2".
250528-08:00:58,885 nipype.workflow INFO:
	 [Node] Setting-up "_fix_surfs1" in "/work/fmriprep_25_0_wf/sub_GEO073_wf/anat_fit_wf/gifti_surface_wf/fix_surfs/mapflow/_fix_surfs1".
250528-08:00:58,885 nipype.workflow INFO:
	 [Node] Setting-up "_fix_surfs0" in "/work/fmriprep_25_0_wf/sub_GEO073_wf/anat_fit_wf/gifti_surface_wf/fix_surfs/mapflow/_fix_surfs0".
250528-08:00:58,886 nipype.workflow INFO:
	 [Node] Setting-up "_fix_surfs3" in "/work/fmriprep_25_0_wf/sub_GEO073_wf/anat_fit_wf/gifti_surface_wf/fix_surfs/mapflow/_fix_surfs3".
250528-08:00:58,887 nipype.workflow INFO:
	 [Node] Setting-up "_fix_surfs4" in "/work/fmriprep_25_0_wf/sub_GEO073_wf/anat_fit_wf/gifti_surface_wf/fix_surfs/mapflow/_fix_surfs4".
250528-08:00:59,669 nipype.workflow INFO:
	 [Node] Executing "_fix_surfs2" <smriprep.interfaces.surf.NormalizeSurf>
250528-08:00:59,762 nipype.workflow INFO:
	 [Node] Executing "_fix_surfs3" <smriprep.interfaces.surf.NormalizeSurf>
250528-08:01:00,598 nipype.workflow INFO:
	 [Node] Executing "_morphs2gii3" <smriprep.interfaces.freesurfer.MRIsConvertData>
250528-08:01:01,477 nipype.workflow INFO:
	 [Node] Finished "_fix_surfs2", elapsed time 1.806308s.
250528-08:01:01,485 nipype.workflow INFO:
	 [Node] Finished "_fix_surfs3", elapsed time 1.722299s.
250528-08:01:01,595 nipype.workflow INFO:
	 [Node] Executing "_fix_surfs1" <smriprep.interfaces.surf.NormalizeSurf>
250528-08:01:01,981 nipype.workflow INFO:
	 [Node] Executing "_fix_surfs4" <smriprep.interfaces.surf.NormalizeSurf>
250528-08:01:02,47 nipype.workflow INFO:
	 [Node] Executing "_fix_surfs0" <smriprep.interfaces.surf.NormalizeSurf>
250528-08:01:02,442 nipype.workflow INFO:
	 [Node] Finished "_fix_surfs1", elapsed time 0.845299s.
250528-08:01:02,740 nipype.workflow INFO:
	 [Node] Finished "_fix_surfs4", elapsed time 0.757187s.
250528-08:01:02,811 nipype.workflow INFO:
	 [Node] Finished "_fix_surfs0", elapsed time 0.763045s.
250528-08:01:02,893 nipype.workflow INFO:
	 [Node] Finished "_morphs2gii3", elapsed time 2.292789s.
250528-08:01:02,931 nipype.workflow INFO:
	 [Node] Setting-up "_fix_surfs5" in "/work/fmriprep_25_0_wf/sub_GEO073_wf/anat_fit_wf/gifti_surface_wf/fix_surfs/mapflow/_fix_surfs5".
250528-08:01:02,933 nipype.workflow INFO:
	 [Node] Setting-up "_fix_surfs0" in "/work/fmriprep_25_0_wf/sub_GEO073_wf/anat_fit_wf/gifti_spheres_wf/fix_surfs/mapflow/_fix_surfs0".
250528-08:01:03,401 nipype.workflow INFO:
	 [Node] Executing "_fix_surfs5" <smriprep.interfaces.surf.NormalizeSurf>
250528-08:01:04,24 nipype.workflow INFO:
	 [Node] Executing "_fix_surfs0" <smriprep.interfaces.surf.NormalizeSurf>
250528-08:01:04,74 nipype.workflow INFO:
	 [Node] Finished "_fix_surfs5", elapsed time 0.671772s.
250528-08:01:04,895 nipype.workflow INFO:
	 [Node] Finished "_fix_surfs0", elapsed time 0.859627s.
250528-08:01:04,923 nipype.workflow INFO:
	 [Node] Setting-up "_fix_surfs1" in "/work/fmriprep_25_0_wf/sub_GEO073_wf/anat_fit_wf/gifti_spheres_wf/fix_surfs/mapflow/_fix_surfs1".
250528-08:01:04,924 nipype.workflow INFO:
	 [Node] Setting-up "_fix_surfs2" in "/work/fmriprep_25_0_wf/sub_GEO073_wf/anat_fit_wf/gifti_spheres_wf/fix_surfs/mapflow/_fix_surfs2".
250528-08:01:04,998 nipype.workflow INFO:
	 [Node] Setting-up "_fix_surfs3" in "/work/fmriprep_25_0_wf/sub_GEO073_wf/anat_fit_wf/gifti_spheres_wf/fix_surfs/mapflow/_fix_surfs3".
250528-08:01:05,129 nipype.workflow INFO:
	 [Node] Setting-up "_fix_surfs0" in "/work/fmriprep_25_0_wf/sub_GEO073_wf/anat_fit_wf/gifti_surface_wf/fix_surfs/mapflow/_fix_surfs0".
250528-08:01:05,135 nipype.workflow INFO:
	 [Node] Cached "_fix_surfs0" - collecting precomputed outputs
250528-08:01:05,135 nipype.workflow INFO:
	 [Node] "_fix_surfs0" found cached.
250528-08:01:05,135 nipype.workflow INFO:
	 [Node] Setting-up "_fix_surfs1" in "/work/fmriprep_25_0_wf/sub_GEO073_wf/anat_fit_wf/gifti_surface_wf/fix_surfs/mapflow/_fix_surfs1".
250528-08:01:05,143 nipype.workflow INFO:
	 [Node] Cached "_fix_surfs1" - collecting precomputed outputs
250528-08:01:05,143 nipype.workflow INFO:
	 [Node] "_fix_surfs1" found cached.
250528-08:01:05,146 nipype.workflow INFO:
	 [Node] Setting-up "_fix_surfs2" in "/work/fmriprep_25_0_wf/sub_GEO073_wf/anat_fit_wf/gifti_surface_wf/fix_surfs/mapflow/_fix_surfs2".
250528-08:01:05,150 nipype.workflow INFO:
	 [Node] Cached "_fix_surfs2" - collecting precomputed outputs
250528-08:01:05,150 nipype.workflow INFO:
	 [Node] "_fix_surfs2" found cached.
250528-08:01:05,151 nipype.workflow INFO:
	 [Node] Setting-up "_fix_surfs3" in "/work/fmriprep_25_0_wf/sub_GEO073_wf/anat_fit_wf/gifti_surface_wf/fix_surfs/mapflow/_fix_surfs3".
250528-08:01:05,155 nipype.workflow INFO:
	 [Node] Cached "_fix_surfs3" - collecting precomputed outputs
250528-08:01:05,155 nipype.workflow INFO:
	 [Node] "_fix_surfs3" found cached.
250528-08:01:05,155 nipype.workflow INFO:
	 [Node] Setting-up "_fix_surfs4" in "/work/fmriprep_25_0_wf/sub_GEO073_wf/anat_fit_wf/gifti_surface_wf/fix_surfs/mapflow/_fix_surfs4".
250528-08:01:05,159 nipype.workflow INFO:
	 [Node] Cached "_fix_surfs4" - collecting precomputed outputs
250528-08:01:05,159 nipype.workflow INFO:
	 [Node] "_fix_surfs4" found cached.
250528-08:01:05,159 nipype.workflow INFO:
	 [Node] Setting-up "_fix_surfs5" in "/work/fmriprep_25_0_wf/sub_GEO073_wf/anat_fit_wf/gifti_surface_wf/fix_surfs/mapflow/_fix_surfs5".
250528-08:01:05,164 nipype.workflow INFO:
	 [Node] Cached "_fix_surfs5" - collecting precomputed outputs
250528-08:01:05,164 nipype.workflow INFO:
	 [Node] "_fix_surfs5" found cached.
250528-08:01:05,605 nipype.workflow INFO:
	 [Node] Executing "_fix_surfs1" <smriprep.interfaces.surf.NormalizeSurf>
250528-08:01:05,636 nipype.workflow INFO:
	 [Node] Setting-up "_morphs2gii0" in "/work/fmriprep_25_0_wf/sub_GEO073_wf/anat_fit_wf/gifti_morphometrics_wf/morphs2gii/mapflow/_morphs2gii0".
250528-08:01:05,640 nipype.workflow INFO:
	 [Node] Cached "_morphs2gii0" - collecting precomputed outputs
250528-08:01:05,640 nipype.workflow INFO:
	 [Node] "_morphs2gii0" found cached.
250528-08:01:05,641 nipype.workflow INFO:
	 [Node] Setting-up "_morphs2gii1" in "/work/fmriprep_25_0_wf/sub_GEO073_wf/anat_fit_wf/gifti_morphometrics_wf/morphs2gii/mapflow/_morphs2gii1".
250528-08:01:05,646 nipype.workflow INFO:
	 [Node] Cached "_morphs2gii1" - collecting precomputed outputs
250528-08:01:05,646 nipype.workflow INFO:
	 [Node] "_morphs2gii1" found cached.
250528-08:01:05,647 nipype.workflow INFO:
	 [Node] Setting-up "_morphs2gii2" in "/work/fmriprep_25_0_wf/sub_GEO073_wf/anat_fit_wf/gifti_morphometrics_wf/morphs2gii/mapflow/_morphs2gii2".
250528-08:01:05,652 nipype.workflow INFO:
	 [Node] Cached "_morphs2gii2" - collecting precomputed outputs
250528-08:01:05,652 nipype.workflow INFO:
	 [Node] "_morphs2gii2" found cached.
250528-08:01:05,652 nipype.workflow INFO:
	 [Node] Setting-up "_morphs2gii3" in "/work/fmriprep_25_0_wf/sub_GEO073_wf/anat_fit_wf/gifti_morphometrics_wf/morphs2gii/mapflow/_morphs2gii3".
250528-08:01:05,672 nipype.workflow INFO:
	 [Node] Cached "_morphs2gii3" - collecting precomputed outputs
250528-08:01:05,672 nipype.workflow INFO:
	 [Node] "_morphs2gii3" found cached.
250528-08:01:05,980 nipype.workflow INFO:
	 [Node] Executing "_fix_surfs2" <smriprep.interfaces.surf.NormalizeSurf>
250528-08:01:06,291 nipype.workflow INFO:
	 [Node] Finished "_fix_surfs1", elapsed time 0.685358s.
250528-08:01:06,302 nipype.workflow INFO:
	 [Node] Executing "_fix_surfs3" <smriprep.interfaces.surf.NormalizeSurf>
250528-08:01:06,577 nipype.workflow INFO:
	 [Node] Finished "_fix_surfs2", elapsed time 0.59566s.
250528-08:01:06,935 nipype.workflow INFO:
	 [Node] Finished "_fix_surfs3", elapsed time 0.632103s.
250528-08:01:11,331 nipype.workflow INFO:
	 [Node] Finished "refine", elapsed time 20.930002s.
250528-08:01:11,691 nipype.workflow INFO:
	 [Node] Setting-up "_fix_surfs0" in "/work/fmriprep_25_0_wf/sub_GEO073_wf/anat_fit_wf/gifti_spheres_wf/fix_surfs/mapflow/_fix_surfs0".
250528-08:01:11,696 nipype.workflow INFO:
	 [Node] Cached "_fix_surfs0" - collecting precomputed outputs
250528-08:01:11,696 nipype.workflow INFO:
	 [Node] "_fix_surfs0" found cached.
250528-08:01:11,696 nipype.workflow INFO:
	 [Node] Setting-up "_fix_surfs1" in "/work/fmriprep_25_0_wf/sub_GEO073_wf/anat_fit_wf/gifti_spheres_wf/fix_surfs/mapflow/_fix_surfs1".
250528-08:01:11,702 nipype.workflow INFO:
	 [Node] Cached "_fix_surfs1" - collecting precomputed outputs
250528-08:01:11,702 nipype.workflow INFO:
	 [Node] "_fix_surfs1" found cached.
250528-08:01:11,702 nipype.workflow INFO:
	 [Node] Setting-up "_fix_surfs2" in "/work/fmriprep_25_0_wf/sub_GEO073_wf/anat_fit_wf/gifti_spheres_wf/fix_surfs/mapflow/_fix_surfs2".
250528-08:01:11,706 nipype.workflow INFO:
	 [Node] Cached "_fix_surfs2" - collecting precomputed outputs
250528-08:01:11,706 nipype.workflow INFO:
	 [Node] "_fix_surfs2" found cached.
250528-08:01:11,707 nipype.workflow INFO:
	 [Node] Setting-up "_fix_surfs3" in "/work/fmriprep_25_0_wf/sub_GEO073_wf/anat_fit_wf/gifti_spheres_wf/fix_surfs/mapflow/_fix_surfs3".
250528-08:01:11,718 nipype.workflow INFO:
	 [Node] Cached "_fix_surfs3" - collecting precomputed outputs
250528-08:01:11,718 nipype.workflow INFO:
	 [Node] "_fix_surfs3" found cached.
250528-08:01:14,744 nipype.workflow INFO:
	 [Node] Setting-up "fmriprep_25_0_wf.sub_GEO073_wf.bold_ses_t2_task_image_run_1_wf.bold_fit_wf.bold_reg_wf.bbreg_wf.mri_coreg" in "/work/fmriprep_25_0_wf/sub_GEO073_wf/bold_ses_t2_task_image_run_1_wf/bold_fit_wf/bold_reg_wf/bbreg_wf/mri_coreg".
250528-08:01:15,572 nipype.workflow INFO:
	 [Node] Executing "mri_coreg" <fmriprep.interfaces.patches.MRICoreg>
250528-08:01:55,276 nipype.workflow INFO:
	 [Node] Finished "mri_coreg", elapsed time 39.695741s.
250528-08:01:56,781 nipype.workflow INFO:
	 [Node] Setting-up "fmriprep_25_0_wf.sub_GEO073_wf.bold_ses_t2_task_image_run_2_wf.bold_fit_wf.bold_reg_wf.bbreg_wf.mri_coreg" in "/work/fmriprep_25_0_wf/sub_GEO073_wf/bold_ses_t2_task_image_run_2_wf/bold_fit_wf/bold_reg_wf/bbreg_wf/mri_coreg".
250528-08:01:58,511 nipype.workflow INFO:
	 [Node] Executing "mri_coreg" <fmriprep.interfaces.patches.MRICoreg>
250528-08:02:30,758 nipype.workflow INFO:
	 [Node] Finished "bbreg", elapsed time 119.206086s.
250528-08:02:37,510 nipype.workflow INFO:
	 [Node] Setting-up "fmriprep_25_0_wf.sub_GEO073_wf.anat_fit_wf.applyrefined" in "/work/fmriprep_25_0_wf/sub_GEO073_wf/anat_fit_wf/applyrefined".
250528-08:02:38,340 nipype.workflow INFO:
	 [Node] Finished "mri_coreg", elapsed time 39.827934s.
250528-08:02:39,760 nipype.workflow INFO:
	 [Node] Executing "applyrefined" <nipype.interfaces.fsl.maths.ApplyMask>
250528-08:02:39,788 nipype.workflow INFO:
	 [Node] Setting-up "fmriprep_25_0_wf.sub_GEO073_wf.bold_ses_t2_task_image_run_3_wf.bold_fit_wf.bold_reg_wf.bbreg_wf.mri_coreg" in "/work/fmriprep_25_0_wf/sub_GEO073_wf/bold_ses_t2_task_image_run_3_wf/bold_fit_wf/bold_reg_wf/bbreg_wf/mri_coreg".
250528-08:02:41,483 nipype.workflow INFO:
	 [Node] Executing "mri_coreg" <fmriprep.interfaces.patches.MRICoreg>
250528-08:02:41,538 nipype.workflow INFO:
	 [Node] Finished "applyrefined", elapsed time 1.7774s.
250528-08:02:47,53 nipype.workflow INFO:
	 [Node] Setting-up "fmriprep_25_0_wf.sub_GEO073_wf.anat_fit_wf.fast" in "/work/fmriprep_25_0_wf/sub_GEO073_wf/anat_fit_wf/fast".
250528-08:02:47,669 nipype.workflow INFO:
	 [Node] Executing "fast" <nipype.interfaces.fsl.preprocess.FAST>
250528-08:03:21,55 nipype.workflow INFO:
	 [Node] Finished "mri_coreg", elapsed time 39.570972s.
250528-08:03:23,341 nipype.workflow INFO:
	 [Node] Setting-up "fmriprep_25_0_wf.sub_GEO073_wf.bold_ses_t2_task_image_run_4_wf.bold_fit_wf.bold_reg_wf.bbreg_wf.mri_coreg" in "/work/fmriprep_25_0_wf/sub_GEO073_wf/bold_ses_t2_task_image_run_4_wf/bold_fit_wf/bold_reg_wf/bbreg_wf/mri_coreg".
250528-08:03:24,190 nipype.workflow INFO:
	 [Node] Executing "mri_coreg" <fmriprep.interfaces.patches.MRICoreg>
250528-08:03:56,271 nipype.workflow INFO:
	 [Node] Finished "fast", elapsed time 68.601726s.
250528-08:03:59,315 nipype.workflow INFO:
	 [Node] Setting-up "fmriprep_25_0_wf.sub_GEO073_wf.anat_fit_wf.t2w_resample" in "/work/fmriprep_25_0_wf/sub_GEO073_wf/anat_fit_wf/t2w_resample".
250528-08:04:00,62 nipype.workflow INFO:
	 [Node] Executing "t2w_resample" <niworkflows.interfaces.fixes.FixHeaderApplyTransforms>
250528-08:04:04,521 nipype.workflow INFO:
	 [Node] Finished "mri_coreg", elapsed time 40.329659s.
250528-08:04:07,320 nipype.workflow INFO:
	 [Node] Setting-up "fmriprep_25_0_wf.sub_GEO073_wf.bold_ses_t2_task_image_run_5_wf.bold_fit_wf.bold_reg_wf.bbreg_wf.mri_coreg" in "/work/fmriprep_25_0_wf/sub_GEO073_wf/bold_ses_t2_task_image_run_5_wf/bold_fit_wf/bold_reg_wf/bbreg_wf/mri_coreg".
250528-08:04:08,900 nipype.workflow INFO:
	 [Node] Executing "mri_coreg" <fmriprep.interfaces.patches.MRICoreg>
250528-08:04:27,329 nipype.workflow INFO:
	 [Node] Finished "t2w_resample", elapsed time 27.265142s.
250528-08:04:33,614 nipype.workflow INFO:
	 [Node] Setting-up "fmriprep_25_0_wf.sub_GEO073_wf.ds_std_volumes_wf.mask_anat" in "/work/fmriprep_25_0_wf/sub_GEO073_wf/ds_std_volumes_wf/mask_anat".
250528-08:04:34,159 nipype.workflow INFO:
	 [Node] Executing "mask_anat" <niworkflows.interfaces.nibabel.ApplyMask>
250528-08:04:34,942 nipype.workflow INFO:
	 [Node] Finished "mask_anat", elapsed time 0.781875s.
250528-08:04:37,855 nipype.workflow INFO:
	 [Node] Setting-up "fmriprep_25_0_wf.sub_GEO073_wf.bold_ses_t2_task_image_run_1_wf.bold_anat_wf.gen_ref" in "/work/fmriprep_25_0_wf/sub_GEO073_wf/bold_ses_t2_task_image_run_1_wf/bold_anat_wf/gen_ref".
250528-08:04:38,412 nipype.workflow INFO:
	 [Node] Executing "gen_ref" <niworkflows.interfaces.nibabel.GenerateSamplingReference>
250528-08:04:39,714 nipype.workflow INFO:
	 [Node] Finished "gen_ref", elapsed time 1.300619s.
250528-08:04:41,876 nipype.workflow INFO:
	 [Node] Setting-up "fmriprep_25_0_wf.sub_GEO073_wf.bold_ses_t2_task_image_run_2_wf.bold_anat_wf.gen_ref" in "/work/fmriprep_25_0_wf/sub_GEO073_wf/bold_ses_t2_task_image_run_2_wf/bold_anat_wf/gen_ref".
250528-08:04:43,157 nipype.workflow INFO:
	 [Node] Executing "gen_ref" <niworkflows.interfaces.nibabel.GenerateSamplingReference>
250528-08:04:44,256 nipype.workflow INFO:
	 [Node] Finished "gen_ref", elapsed time 1.097845s.
250528-08:04:45,905 nipype.workflow INFO:
	 [Node] Setting-up "fmriprep_25_0_wf.sub_GEO073_wf.bold_ses_t2_task_image_run_3_wf.bold_anat_wf.gen_ref" in "/work/fmriprep_25_0_wf/sub_GEO073_wf/bold_ses_t2_task_image_run_3_wf/bold_anat_wf/gen_ref".
250528-08:04:48,959 nipype.workflow INFO:
	 [Node] Executing "gen_ref" <niworkflows.interfaces.nibabel.GenerateSamplingReference>
250528-08:04:49,203 nipype.workflow INFO:
	 [Node] Finished "mri_coreg", elapsed time 40.30153s.
250528-08:04:49,834 nipype.workflow INFO:
	 [Node] Finished "gen_ref", elapsed time 0.87343s.
250528-08:04:51,919 nipype.workflow INFO:
	 [Node] Setting-up "fmriprep_25_0_wf.sub_GEO073_wf.bold_ses_t2_task_image_run_1_wf.bold_fit_wf.bold_reg_wf.bbreg_wf.bbregister" in "/work/fmriprep_25_0_wf/sub_GEO073_wf/bold_ses_t2_task_image_run_1_wf/bold_fit_wf/bold_reg_wf/bbreg_wf/bbregister".
250528-08:04:51,927 nipype.workflow INFO:
	 [Node] Setting-up "fmriprep_25_0_wf.sub_GEO073_wf.bold_ses_t2_task_image_run_4_wf.bold_anat_wf.gen_ref" in "/work/fmriprep_25_0_wf/sub_GEO073_wf/bold_ses_t2_task_image_run_4_wf/bold_anat_wf/gen_ref".
250528-08:04:51,928 nipype.workflow INFO:
	 [Node] Setting-up "fmriprep_25_0_wf.sub_GEO073_wf.bold_ses_t2_task_image_run_5_wf.bold_anat_wf.gen_ref" in "/work/fmriprep_25_0_wf/sub_GEO073_wf/bold_ses_t2_task_image_run_5_wf/bold_anat_wf/gen_ref".
250528-08:04:51,928 nipype.workflow INFO:
	 [Node] Setting-up "fmriprep_25_0_wf.sub_GEO073_wf.anat_fit_wf.lut_t1w_dseg" in "/work/fmriprep_25_0_wf/sub_GEO073_wf/anat_fit_wf/lut_t1w_dseg".
250528-08:04:53,386 nipype.workflow INFO:
	 [Node] Executing "gen_ref" <niworkflows.interfaces.nibabel.GenerateSamplingReference>
250528-08:04:53,406 nipype.workflow INFO:
	 [Node] Executing "gen_ref" <niworkflows.interfaces.nibabel.GenerateSamplingReference>
250528-08:04:53,603 nipype.workflow INFO:
	 [Node] Executing "bbregister" <nipype.interfaces.freesurfer.preprocess.BBRegister>
250528-08:04:53,681 nipype.workflow INFO:
	 [Node] Executing "lut_t1w_dseg" <nipype.interfaces.utility.wrappers.Function>
250528-08:04:54,102 nipype.workflow INFO:
	 [Node] Finished "lut_t1w_dseg", elapsed time 0.419763s.
250528-08:04:54,305 nipype.workflow INFO:
	 [Node] Finished "gen_ref", elapsed time 0.897302s.
250528-08:04:54,355 nipype.workflow INFO:
	 [Node] Finished "gen_ref", elapsed time 0.968008s.
250528-08:05:02,510 nipype.workflow INFO:
	 [Node] Setting-up "_invert_sulc0" in "/work/fmriprep_25_0_wf/sub_GEO073_wf/anat_fit_wf/msm_sulc_wf/invert_sulc/mapflow/_invert_sulc0".
250528-08:05:02,510 nipype.workflow INFO:
	 [Node] Setting-up "_invert_sulc1" in "/work/fmriprep_25_0_wf/sub_GEO073_wf/anat_fit_wf/msm_sulc_wf/invert_sulc/mapflow/_invert_sulc1".
250528-08:05:03,171 nipype.workflow INFO:
	 [Node] Executing "_invert_sulc0" <smriprep.interfaces.gifti.MetricMath>
250528-08:05:03,316 nipype.workflow INFO:
	 [Node] Finished "_invert_sulc0", elapsed time 0.143932s.
250528-08:05:03,365 nipype.workflow INFO:
	 [Node] Executing "_invert_sulc1" <smriprep.interfaces.gifti.MetricMath>
250528-08:05:03,536 nipype.workflow INFO:
	 [Node] Finished "_invert_sulc1", elapsed time 0.169566s.
250528-08:05:16,282 nipype.workflow INFO:
	 [Node] Setting-up "_create_wm_distvol0" in "/work/fmriprep_25_0_wf/sub_GEO073_wf/anat_fit_wf/anat_ribbon_wf/create_wm_distvol/mapflow/_create_wm_distvol0".
250528-08:05:16,282 nipype.workflow INFO:
	 [Node] Setting-up "_create_wm_distvol1" in "/work/fmriprep_25_0_wf/sub_GEO073_wf/anat_fit_wf/anat_ribbon_wf/create_wm_distvol/mapflow/_create_wm_distvol1".
250528-08:05:17,638 nipype.workflow INFO:
	 [Node] Executing "_create_wm_distvol1" <smriprep.interfaces.workbench.CreateSignedDistanceVolume>
250528-08:05:18,336 nipype.workflow INFO:
	 [Node] Executing "_create_wm_distvol0" <smriprep.interfaces.workbench.CreateSignedDistanceVolume>
250528-08:05:19,994 nipype.workflow INFO:
	 [Node] Finished "bbregister", elapsed time 26.390608s.
250528-08:05:27,898 nipype.workflow INFO:
	 [Node] Setting-up "_invert_sulc0" in "/work/fmriprep_25_0_wf/sub_GEO073_wf/anat_fit_wf/msm_sulc_wf/invert_sulc/mapflow/_invert_sulc0".
250528-08:05:27,903 nipype.workflow INFO:
	 [Node] Cached "_invert_sulc0" - collecting precomputed outputs
250528-08:05:27,903 nipype.workflow INFO:
	 [Node] "_invert_sulc0" found cached.
250528-08:05:27,904 nipype.workflow INFO:
	 [Node] Setting-up "_invert_sulc1" in "/work/fmriprep_25_0_wf/sub_GEO073_wf/anat_fit_wf/msm_sulc_wf/invert_sulc/mapflow/_invert_sulc1".
250528-08:05:27,909 nipype.workflow INFO:
	 [Node] Cached "_invert_sulc1" - collecting precomputed outputs
250528-08:05:27,909 nipype.workflow INFO:
	 [Node] "_invert_sulc1" found cached.
250528-08:05:57,864 nipype.workflow INFO:
	 [Node] Finished "_create_wm_distvol1", elapsed time 38.439935s.
250528-08:05:58,300 nipype.workflow INFO:
	 [Node] Finished "_create_wm_distvol0", elapsed time 38.904244s.
250528-08:05:58,616 nipype.workflow INFO:
	 [Node] Setting-up "_create_pial_distvol0" in "/work/fmriprep_25_0_wf/sub_GEO073_wf/anat_fit_wf/anat_ribbon_wf/create_pial_distvol/mapflow/_create_pial_distvol0".
250528-08:05:58,616 nipype.workflow INFO:
	 [Node] Setting-up "_create_pial_distvol1" in "/work/fmriprep_25_0_wf/sub_GEO073_wf/anat_fit_wf/anat_ribbon_wf/create_pial_distvol/mapflow/_create_pial_distvol1".
250528-08:05:59,237 nipype.workflow INFO:
	 [Node] Executing "_create_pial_distvol0" <smriprep.interfaces.workbench.CreateSignedDistanceVolume>
250528-08:05:59,309 nipype.workflow INFO:
	 [Node] Executing "_create_pial_distvol1" <smriprep.interfaces.workbench.CreateSignedDistanceVolume>
250528-08:06:06,743 nipype.workflow INFO:
	 [Node] Setting-up "_project_unproject0" in "/work/fmriprep_25_0_wf/sub_GEO073_wf/anat_fit_wf/fsLR_reg_wf/project_unproject/mapflow/_project_unproject0".
250528-08:06:06,743 nipype.workflow INFO:
	 [Node] Setting-up "_project_unproject1" in "/work/fmriprep_25_0_wf/sub_GEO073_wf/anat_fit_wf/fsLR_reg_wf/project_unproject/mapflow/_project_unproject1".
250528-08:06:07,47 nipype.workflow INFO:
	 [Node] Setting-up "fmriprep_25_0_wf.sub_GEO073_wf.bold_ses_t2_task_image_run_2_wf.bold_fit_wf.bold_reg_wf.bbreg_wf.bbregister" in "/work/fmriprep_25_0_wf/sub_GEO073_wf/bold_ses_t2_task_image_run_2_wf/bold_fit_wf/bold_reg_wf/bbreg_wf/bbregister".
250528-08:06:07,413 nipype.workflow INFO:
	 [Node] Executing "_project_unproject0" <smriprep.interfaces.workbench.SurfaceSphereProjectUnproject>
250528-08:06:07,485 nipype.workflow INFO:
	 [Node] Executing "_project_unproject1" <smriprep.interfaces.workbench.SurfaceSphereProjectUnproject>
250528-08:06:09,408 nipype.workflow INFO:
	 [Node] Executing "bbregister" <nipype.interfaces.freesurfer.preprocess.BBRegister>
250528-08:06:09,914 nipype.workflow INFO:
	 [Node] Setting-up "_create_wm_distvol0" in "/work/fmriprep_25_0_wf/sub_GEO073_wf/anat_fit_wf/anat_ribbon_wf/create_wm_distvol/mapflow/_create_wm_distvol0".
250528-08:06:09,918 nipype.workflow INFO:
	 [Node] Cached "_create_wm_distvol0" - collecting precomputed outputs
250528-08:06:09,919 nipype.workflow INFO:
	 [Node] "_create_wm_distvol0" found cached.
250528-08:06:09,919 nipype.workflow INFO:
	 [Node] Setting-up "_create_wm_distvol1" in "/work/fmriprep_25_0_wf/sub_GEO073_wf/anat_fit_wf/anat_ribbon_wf/create_wm_distvol/mapflow/_create_wm_distvol1".
250528-08:06:09,929 nipype.workflow INFO:
	 [Node] Cached "_create_wm_distvol1" - collecting precomputed outputs
250528-08:06:09,929 nipype.workflow INFO:
	 [Node] "_create_wm_distvol1" found cached.
250528-08:06:10,727 nipype.workflow INFO:
	 [Node] Finished "_project_unproject0", elapsed time 3.136755s.
250528-08:06:10,735 nipype.workflow INFO:
	 [Node] Finished "_project_unproject1", elapsed time 3.069658s.
250528-08:06:22,103 nipype.workflow INFO:
	 [Node] Setting-up "fmriprep_25_0_wf.sub_GEO073_wf.anat_fit_wf.anat_reports_wf.seg_rpt" in "/work/fmriprep_25_0_wf/sub_GEO073_wf/anat_fit_wf/anat_reports_wf/seg_rpt".
250528-08:06:22,110 nipype.workflow INFO:
	 [Node] Setting-up "fmriprep_25_0_wf.sub_GEO073_wf.bold_ses_t2_task_image_run_1_wf.bold_fit_wf.func_fit_reports_wf.t1w_wm" in "/work/fmriprep_25_0_wf/sub_GEO073_wf/bold_ses_t2_task_image_run_1_wf/bold_fit_wf/func_fit_reports_wf/t1w_wm".
250528-08:06:22,376 nipype.workflow INFO:
	 [Node] Setting-up "fmriprep_25_0_wf.sub_GEO073_wf.bold_ses_t2_task_image_run_1_wf.bold_fit_wf.bold_reg_wf.bbreg_wf.compare_transforms" in "/work/fmriprep_25_0_wf/sub_GEO073_wf/bold_ses_t2_task_image_run_1_wf/bold_fit_wf/bold_reg_wf/bbreg_wf/compare_transforms".
250528-08:06:22,384 nipype.workflow INFO:
	 [Node] Setting-up "fmriprep_25_0_wf.sub_GEO073_wf.bold_ses_t2_task_image_run_2_wf.bold_fit_wf.func_fit_reports_wf.t1w_wm" in "/work/fmriprep_25_0_wf/sub_GEO073_wf/bold_ses_t2_task_image_run_2_wf/bold_fit_wf/func_fit_reports_wf/t1w_wm".
250528-08:06:23,636 nipype.workflow INFO:
	 [Node] Setting-up "_project_unproject0" in "/work/fmriprep_25_0_wf/sub_GEO073_wf/anat_fit_wf/fsLR_reg_wf/project_unproject/mapflow/_project_unproject0".
250528-08:06:23,643 nipype.workflow INFO:
	 [Node] Cached "_project_unproject0" - collecting precomputed outputs
250528-08:06:23,643 nipype.workflow INFO:
	 [Node] "_project_unproject0" found cached.
250528-08:06:23,644 nipype.workflow INFO:
	 [Node] Setting-up "_project_unproject1" in "/work/fmriprep_25_0_wf/sub_GEO073_wf/anat_fit_wf/fsLR_reg_wf/project_unproject/mapflow/_project_unproject1".
250528-08:06:23,651 nipype.workflow INFO:
	 [Node] Cached "_project_unproject1" - collecting precomputed outputs
250528-08:06:23,651 nipype.workflow INFO:
	 [Node] "_project_unproject1" found cached.
250528-08:06:24,45 nipype.workflow INFO:
	 [Node] Executing "t1w_wm" <nipype.interfaces.utility.wrappers.Function>
250528-08:06:24,168 nipype.workflow INFO:
	 [Node] Finished "t1w_wm", elapsed time 0.122696s.
250528-08:06:24,578 nipype.workflow INFO:
	 [Node] Executing "t1w_wm" <nipype.interfaces.utility.wrappers.Function>
250528-08:06:24,784 nipype.workflow INFO:
	 [Node] Finished "t1w_wm", elapsed time 0.20476s.
250528-08:06:25,128 nipype.workflow INFO:
	 [Node] Executing "compare_transforms" <nipype.interfaces.utility.wrappers.Function>
250528-08:06:25,154 nipype.workflow INFO:
	 [Node] Finished "compare_transforms", elapsed time 0.024158s.
250528-08:06:25,697 nipype.workflow INFO:
	 [Node] Setting-up "fmriprep_25_0_wf.sub_GEO073_wf.bold_ses_t2_task_image_run_3_wf.bold_fit_wf.func_fit_reports_wf.t1w_wm" in "/work/fmriprep_25_0_wf/sub_GEO073_wf/bold_ses_t2_task_image_run_3_wf/bold_fit_wf/func_fit_reports_wf/t1w_wm".
250528-08:06:26,46 nipype.workflow INFO:
	 [Node] Executing "seg_rpt" <niworkflows.interfaces.reportlets.masks.ROIsPlot>
250528-08:06:28,573 nipype.workflow INFO:
	 [Node] Executing "t1w_wm" <nipype.interfaces.utility.wrappers.Function>
250528-08:06:29,48 nipype.workflow INFO:
	 [Node] Finished "t1w_wm", elapsed time 0.464175s.
250528-08:06:32,979 nipype.workflow INFO:
	 [Node] Setting-up "fmriprep_25_0_wf.sub_GEO073_wf.bold_ses_t2_task_image_run_4_wf.bold_fit_wf.func_fit_reports_wf.t1w_wm" in "/work/fmriprep_25_0_wf/sub_GEO073_wf/bold_ses_t2_task_image_run_4_wf/bold_fit_wf/func_fit_reports_wf/t1w_wm".
250528-08:06:32,997 nipype.workflow INFO:
	 [Node] Setting-up "fmriprep_25_0_wf.sub_GEO073_wf.bold_ses_t2_task_image_run_5_wf.bold_fit_wf.func_fit_reports_wf.t1w_wm" in "/work/fmriprep_25_0_wf/sub_GEO073_wf/bold_ses_t2_task_image_run_5_wf/bold_fit_wf/func_fit_reports_wf/t1w_wm".
250528-08:06:33,6 nipype.workflow INFO:
	 [Node] Setting-up "fmriprep_25_0_wf.sub_GEO073_wf.bold_ses_t2_task_image_run_1_wf.bold_confounds_wf.acc_masks" in "/work/fmriprep_25_0_wf/sub_GEO073_wf/bold_ses_t2_task_image_run_1_wf/bold_confounds_wf/acc_masks".
250528-08:06:33,946 nipype.workflow INFO:
	 [Node] Executing "t1w_wm" <nipype.interfaces.utility.wrappers.Function>
250528-08:06:33,963 nipype.workflow INFO:
	 [Node] Executing "t1w_wm" <nipype.interfaces.utility.wrappers.Function>
250528-08:06:34,70 nipype.workflow INFO:
	 [Node] Finished "t1w_wm", elapsed time 0.122778s.
250528-08:06:34,187 nipype.workflow INFO:
	 [Node] Finished "t1w_wm", elapsed time 0.222796s.
250528-08:06:34,218 nipype.workflow INFO:
	 [Node] Executing "acc_masks" <fmriprep.interfaces.confounds.aCompCorMasks>
250528-08:06:37,538 nipype.workflow INFO:
	 [Node] Finished "acc_masks", elapsed time 3.318567s.
250528-08:06:37,572 nipype.workflow INFO:
	 [Node] Setting-up "fmriprep_25_0_wf.sub_GEO073_wf.bold_ses_t2_task_image_run_2_wf.bold_confounds_wf.acc_masks" in "/work/fmriprep_25_0_wf/sub_GEO073_wf/bold_ses_t2_task_image_run_2_wf/bold_confounds_wf/acc_masks".
250528-08:06:37,832 nipype.workflow INFO:
	 [Node] Setting-up "fmriprep_25_0_wf.sub_GEO073_wf.bold_ses_t2_task_image_run_1_wf.bold_fit_wf.bold_reg_wf.bbreg_wf.concat_xfm" in "/work/fmriprep_25_0_wf/sub_GEO073_wf/bold_ses_t2_task_image_run_1_wf/bold_fit_wf/bold_reg_wf/bbreg_wf/concat_xfm".
250528-08:06:37,847 nipype.workflow INFO:
	 [Node] Setting-up "fmriprep_25_0_wf.sub_GEO073_wf.bold_ses_t2_task_image_run_3_wf.bold_confounds_wf.acc_masks" in "/work/fmriprep_25_0_wf/sub_GEO073_wf/bold_ses_t2_task_image_run_3_wf/bold_confounds_wf/acc_masks".
250528-08:06:38,603 nipype.workflow INFO:
	 [Node] Executing "acc_masks" <fmriprep.interfaces.confounds.aCompCorMasks>
250528-08:06:38,695 nipype.workflow INFO:
	 [Node] Executing "concat_xfm" <niworkflows.interfaces.nitransforms.ConcatenateXFMs>
250528-08:06:38,813 nipype.workflow INFO:
	 [Node] Finished "concat_xfm", elapsed time 0.116816s.
250528-08:06:38,983 nipype.workflow INFO:
	 [Node] Executing "acc_masks" <fmriprep.interfaces.confounds.aCompCorMasks>
250528-08:06:39,875 nipype.workflow INFO:
	 [Node] Setting-up "fmriprep_25_0_wf.sub_GEO073_wf.bold_ses_t2_task_image_run_4_wf.bold_confounds_wf.acc_masks" in "/work/fmriprep_25_0_wf/sub_GEO073_wf/bold_ses_t2_task_image_run_4_wf/bold_confounds_wf/acc_masks".
250528-08:06:39,885 nipype.workflow INFO:
	 [Node] Setting-up "fmriprep_25_0_wf.sub_GEO073_wf.bold_ses_t2_task_image_run_5_wf.bold_confounds_wf.acc_masks" in "/work/fmriprep_25_0_wf/sub_GEO073_wf/bold_ses_t2_task_image_run_5_wf/bold_confounds_wf/acc_masks".
250528-08:06:40,511 nipype.workflow INFO:
	 [Node] Executing "acc_masks" <fmriprep.interfaces.confounds.aCompCorMasks>
250528-08:06:40,687 nipype.workflow INFO:
	 [Node] Executing "acc_masks" <fmriprep.interfaces.confounds.aCompCorMasks>
250528-08:06:40,807 nipype.workflow INFO:
	 [Node] Finished "seg_rpt", elapsed time 14.760211s.
250528-08:06:41,733 nipype.workflow INFO:
	 [Node] Finished "acc_masks", elapsed time 3.128942s.
250528-08:06:41,955 nipype.workflow INFO:
	 [Node] Finished "bbregister", elapsed time 32.545813s.
250528-08:06:42,165 nipype.workflow INFO:
	 [Node] Finished "acc_masks", elapsed time 3.180553s.
250528-08:06:43,529 nipype.workflow INFO:
	 [Node] Finished "acc_masks", elapsed time 3.016931s.
250528-08:06:44,68 nipype.workflow INFO:
	 [Node] Finished "acc_masks", elapsed time 3.3795669999999998s.
250528-08:06:46,406 nipype.workflow INFO:
	 [Node] Finished "_create_pial_distvol1", elapsed time 46.92133s.
250528-08:06:48,99 nipype.workflow INFO:
	 [Node] Finished "_create_pial_distvol0", elapsed time 48.675007s.
250528-08:06:52,675 nipype.workflow INFO:
	 [Node] Setting-up "fmriprep_25_0_wf.sub_GEO073_wf.bold_ses_t2_task_image_run_3_wf.bold_fit_wf.bold_reg_wf.bbreg_wf.bbregister" in "/work/fmriprep_25_0_wf/sub_GEO073_wf/bold_ses_t2_task_image_run_3_wf/bold_fit_wf/bold_reg_wf/bbreg_wf/bbregister".
250528-08:06:54,214 nipype.workflow INFO:
	 [Node] Executing "bbregister" <nipype.interfaces.freesurfer.preprocess.BBRegister>
250528-08:06:55,421 nipype.workflow INFO:
	 [Node] Setting-up "_create_pial_distvol0" in "/work/fmriprep_25_0_wf/sub_GEO073_wf/anat_fit_wf/anat_ribbon_wf/create_pial_distvol/mapflow/_create_pial_distvol0".
250528-08:06:55,427 nipype.workflow INFO:
	 [Node] Cached "_create_pial_distvol0" - collecting precomputed outputs
250528-08:06:55,427 nipype.workflow INFO:
	 [Node] "_create_pial_distvol0" found cached.
250528-08:06:55,427 nipype.workflow INFO:
	 [Node] Setting-up "_create_pial_distvol1" in "/work/fmriprep_25_0_wf/sub_GEO073_wf/anat_fit_wf/anat_ribbon_wf/create_pial_distvol/mapflow/_create_pial_distvol1".
250528-08:06:55,435 nipype.workflow INFO:
	 [Node] Cached "_create_pial_distvol1" - collecting precomputed outputs
250528-08:06:55,435 nipype.workflow INFO:
	 [Node] "_create_pial_distvol1" found cached.
250528-08:06:59,293 nipype.workflow INFO:
	 [Node] Setting-up "fmriprep_25_0_wf.sub_GEO073_wf.bold_ses_t2_task_image_run_1_wf.bold_fit_wf.func_fit_reports_wf.t1w_boldref" in "/work/fmriprep_25_0_wf/sub_GEO073_wf/bold_ses_t2_task_image_run_1_wf/bold_fit_wf/func_fit_reports_wf/t1w_boldref".
250528-08:07:00,462 nipype.workflow INFO:
	 [Node] Executing "t1w_boldref" <niworkflows.interfaces.fixes.FixHeaderApplyTransforms>
250528-08:07:01,273 nipype.workflow INFO:
	 [Node] Setting-up "fmriprep_25_0_wf.sub_GEO073_wf.bold_ses_t2_task_image_run_1_wf.bold_confounds_wf.t1w_mask_tfm" in "/work/fmriprep_25_0_wf/sub_GEO073_wf/bold_ses_t2_task_image_run_1_wf/bold_confounds_wf/t1w_mask_tfm".
250528-08:07:02,248 nipype.workflow INFO:
	 [Node] Setting-up "fmriprep_25_0_wf.sub_GEO073_wf.bold_ses_t2_task_image_run_2_wf.bold_fit_wf.bold_reg_wf.bbreg_wf.compare_transforms" in "/work/fmriprep_25_0_wf/sub_GEO073_wf/bold_ses_t2_task_image_run_2_wf/bold_fit_wf/bold_reg_wf/bbreg_wf/compare_transforms".
250528-08:07:02,250 nipype.workflow INFO:
	 [Node] Setting-up "fmriprep_25_0_wf.sub_GEO073_wf.anat_fit_wf.anat_ribbon_wf.make_ribbon" in "/work/fmriprep_25_0_wf/sub_GEO073_wf/anat_fit_wf/anat_ribbon_wf/make_ribbon".
250528-08:07:02,594 nipype.workflow INFO:
	 [Node] Finished "t1w_boldref", elapsed time 2.130555s.
250528-08:07:02,897 nipype.workflow INFO:
	 [Node] Executing "t1w_mask_tfm" <niworkflows.interfaces.fixes.FixHeaderApplyTransforms>
250528-08:07:03,213 nipype.workflow INFO:
	 [Node] Executing "make_ribbon" <smriprep.interfaces.surf.MakeRibbon>
250528-08:07:03,594 nipype.workflow INFO:
	 [Node] Executing "compare_transforms" <nipype.interfaces.utility.wrappers.Function>
250528-08:07:03,611 nipype.workflow INFO:
	 [Node] Finished "compare_transforms", elapsed time 0.01455s.
250528-08:07:03,799 nipype.workflow INFO:
	 [Node] Finished "make_ribbon", elapsed time 0.584453s.
250528-08:07:04,340 nipype.workflow INFO:
	 [Node] Setting-up "_acc_msk_tfm0" in "/work/fmriprep_25_0_wf/sub_GEO073_wf/bold_ses_t2_task_image_run_1_wf/bold_confounds_wf/acc_msk_tfm/mapflow/_acc_msk_tfm0".
250528-08:07:04,340 nipype.workflow INFO:
	 [Node] Setting-up "_acc_msk_tfm1" in "/work/fmriprep_25_0_wf/sub_GEO073_wf/bold_ses_t2_task_image_run_1_wf/bold_confounds_wf/acc_msk_tfm/mapflow/_acc_msk_tfm1".
250528-08:07:04,341 nipype.workflow INFO:
	 [Node] Setting-up "_acc_msk_tfm2" in "/work/fmriprep_25_0_wf/sub_GEO073_wf/bold_ses_t2_task_image_run_1_wf/bold_confounds_wf/acc_msk_tfm/mapflow/_acc_msk_tfm2".
250528-08:07:05,378 nipype.workflow INFO:
	 [Node] Finished "t1w_mask_tfm", elapsed time 2.477554s.
250528-08:07:05,643 nipype.workflow INFO:
	 [Node] Executing "_acc_msk_tfm0" <niworkflows.interfaces.fixes.FixHeaderApplyTransforms>
250528-08:07:05,852 nipype.workflow INFO:
	 [Node] Executing "_acc_msk_tfm2" <niworkflows.interfaces.fixes.FixHeaderApplyTransforms>
250528-08:07:06,227 nipype.workflow INFO:
	 [Node] Executing "_acc_msk_tfm1" <niworkflows.interfaces.fixes.FixHeaderApplyTransforms>
250528-08:07:06,634 nipype.workflow INFO:
	 [Node] Finished "_acc_msk_tfm0", elapsed time 0.990005s.
250528-08:07:06,866 nipype.workflow INFO:
	 [Node] Finished "_acc_msk_tfm2", elapsed time 1.012903s.
250528-08:07:07,408 nipype.workflow INFO:
	 [Node] Finished "_acc_msk_tfm1", elapsed time 1.179422s.
250528-08:07:10,648 nipype.workflow INFO:
	 [Node] Setting-up "fmriprep_25_0_wf.sub_GEO073_wf.bold_ses_t2_task_image_run_1_wf.bold_fit_wf.func_fit_reports_wf.boldref_wm" in "/work/fmriprep_25_0_wf/sub_GEO073_wf/bold_ses_t2_task_image_run_1_wf/bold_fit_wf/func_fit_reports_wf/boldref_wm".
250528-08:07:10,653 nipype.workflow INFO:
	 [Node] Setting-up "_regress_affine0" in "/work/fmriprep_25_0_wf/sub_GEO073_wf/anat_fit_wf/msm_sulc_wf/regress_affine/mapflow/_regress_affine0".
250528-08:07:10,655 nipype.workflow INFO:
	 [Node] Setting-up "_regress_affine1" in "/work/fmriprep_25_0_wf/sub_GEO073_wf/anat_fit_wf/msm_sulc_wf/regress_affine/mapflow/_regress_affine1".
250528-08:07:11,419 nipype.workflow INFO:
	 [Node] Executing "_regress_affine0" <smriprep.interfaces.workbench.SurfaceAffineRegression>
250528-08:07:11,548 nipype.workflow INFO:
	 [Node] Executing "_regress_affine1" <smriprep.interfaces.workbench.SurfaceAffineRegression>
250528-08:07:11,597 nipype.workflow INFO:
	 [Node] Executing "boldref_wm" <niworkflows.interfaces.fixes.FixHeaderApplyTransforms>
250528-08:07:12,157 nipype.workflow INFO:
	 [Node] Finished "_regress_affine0", elapsed time 0.548149s.
250528-08:07:12,196 nipype.workflow INFO:
	 [Node] Finished "boldref_wm", elapsed time 0.597612s.
250528-08:07:12,321 nipype.workflow INFO:
	 [Node] Finished "_regress_affine1", elapsed time 0.599673s.
250528-08:07:14,84 nipype.workflow INFO:
	 [Node] Setting-up "fmriprep_25_0_wf.sub_GEO073_wf.bold_ses_t2_task_image_run_1_wf.bold_confounds_wf.union_mask" in "/work/fmriprep_25_0_wf/sub_GEO073_wf/bold_ses_t2_task_image_run_1_wf/bold_confounds_wf/union_mask".
250528-08:07:14,338 nipype.workflow INFO:
	 [Node] Setting-up "fmriprep_25_0_wf.sub_GEO073_wf.bold_ses_t2_task_image_run_2_wf.bold_fit_wf.bold_reg_wf.bbreg_wf.concat_xfm" in "/work/fmriprep_25_0_wf/sub_GEO073_wf/bold_ses_t2_task_image_run_2_wf/bold_fit_wf/bold_reg_wf/bbreg_wf/concat_xfm".
250528-08:07:14,590 nipype.workflow INFO:
	 [Node] Setting-up "_acc_msk_tfm0" in "/work/fmriprep_25_0_wf/sub_GEO073_wf/bold_ses_t2_task_image_run_1_wf/bold_confounds_wf/acc_msk_tfm/mapflow/_acc_msk_tfm0".
250528-08:07:14,600 nipype.workflow INFO:
	 [Node] Cached "_acc_msk_tfm0" - collecting precomputed outputs
250528-08:07:14,600 nipype.workflow INFO:
	 [Node] "_acc_msk_tfm0" found cached.
250528-08:07:14,601 nipype.workflow INFO:
	 [Node] Setting-up "_acc_msk_tfm1" in "/work/fmriprep_25_0_wf/sub_GEO073_wf/bold_ses_t2_task_image_run_1_wf/bold_confounds_wf/acc_msk_tfm/mapflow/_acc_msk_tfm1".
250528-08:07:14,611 nipype.workflow INFO:
	 [Node] Cached "_acc_msk_tfm1" - collecting precomputed outputs
250528-08:07:14,611 nipype.workflow INFO:
	 [Node] "_acc_msk_tfm1" found cached.
250528-08:07:14,611 nipype.workflow INFO:
	 [Node] Setting-up "_acc_msk_tfm2" in "/work/fmriprep_25_0_wf/sub_GEO073_wf/bold_ses_t2_task_image_run_1_wf/bold_confounds_wf/acc_msk_tfm/mapflow/_acc_msk_tfm2".
250528-08:07:14,619 nipype.workflow INFO:
	 [Node] Setting-up "fmriprep_25_0_wf.sub_GEO073_wf.bold_ses_t2_task_image_run_1_wf.bold_fit_wf.func_fit_reports_wf.epi_t1_report" in "/work/fmriprep_25_0_wf/sub_GEO073_wf/bold_ses_t2_task_image_run_1_wf/bold_fit_wf/func_fit_reports_wf/epi_t1_report".
250528-08:07:14,634 nipype.workflow INFO:
	 [Node] Cached "_acc_msk_tfm2" - collecting precomputed outputs
250528-08:07:14,634 nipype.workflow INFO:
	 [Node] "_acc_msk_tfm2" found cached.
250528-08:07:14,758 nipype.workflow INFO:
	 [Node] Executing "union_mask" <nipype.interfaces.utility.wrappers.Function>
250528-08:07:14,771 nipype.workflow INFO:
	 [Node] Executing "concat_xfm" <niworkflows.interfaces.nitransforms.ConcatenateXFMs>
250528-08:07:14,861 nipype.workflow INFO:
	 [Node] Finished "union_mask", elapsed time 0.102082s.
250528-08:07:14,933 nipype.workflow INFO:
	 [Node] Finished "concat_xfm", elapsed time 0.160541s.
250528-08:07:15,53 nipype.workflow INFO:
	 [Node] Setting-up "_regress_affine0" in "/work/fmriprep_25_0_wf/sub_GEO073_wf/anat_fit_wf/msm_sulc_wf/regress_affine/mapflow/_regress_affine0".
250528-08:07:15,59 nipype.workflow INFO:
	 [Node] Cached "_regress_affine0" - collecting precomputed outputs
250528-08:07:15,59 nipype.workflow INFO:
	 [Node] "_regress_affine0" found cached.
250528-08:07:15,60 nipype.workflow INFO:
	 [Node] Setting-up "_regress_affine1" in "/work/fmriprep_25_0_wf/sub_GEO073_wf/anat_fit_wf/msm_sulc_wf/regress_affine/mapflow/_regress_affine1".
250528-08:07:15,66 nipype.workflow INFO:
	 [Node] Cached "_regress_affine1" - collecting precomputed outputs
250528-08:07:15,66 nipype.workflow INFO:
	 [Node] "_regress_affine1" found cached.
250528-08:07:15,778 nipype.workflow INFO:
	 [Node] Executing "epi_t1_report" <nireports.interfaces.reporting.base.SimpleBeforeAfterRPT>
250528-08:07:15,779 nipype.interface INFO:
	 Report - setting before (/out/sub-GEO073/ses-t2/func/sub-GEO073_ses-t2_task-image_run-1_desc-coreg_boldref.nii.gz) and after (/work/fmriprep_25_0_wf/sub_GEO073_wf/bold_ses_t2_task_image_run_1_wf/bold_fit_wf/func_fit_reports_wf/t1w_boldref/sub-GEO073_ses-t2_desc-preproc_T1w_trans.nii.gz) images
250528-08:07:15,779 nipype.interface INFO:
	 Generating visual report
250528-08:07:18,562 nipype.workflow INFO:
	 [Node] Setting-up "fmriprep_25_0_wf.sub_GEO073_wf.bold_ses_t2_task_image_run_1_wf.bold_confounds_wf.dilated_mask" in "/work/fmriprep_25_0_wf/sub_GEO073_wf/bold_ses_t2_task_image_run_1_wf/bold_confounds_wf/dilated_mask".
250528-08:07:18,788 nipype.workflow INFO:
	 [Node] Setting-up "fmriprep_25_0_wf.sub_GEO073_wf.bold_ses_t2_task_image_run_2_wf.bold_fit_wf.func_fit_reports_wf.t1w_boldref" in "/work/fmriprep_25_0_wf/sub_GEO073_wf/bold_ses_t2_task_image_run_2_wf/bold_fit_wf/func_fit_reports_wf/t1w_boldref".
250528-08:07:19,412 nipype.workflow INFO:
	 [Node] Executing "t1w_boldref" <niworkflows.interfaces.fixes.FixHeaderApplyTransforms>
250528-08:07:19,430 nipype.workflow INFO:
	 [Node] Executing "dilated_mask" <niworkflows.interfaces.morphology.BinaryDilation>
250528-08:07:19,539 nipype.workflow INFO:
	 [Node] Finished "dilated_mask", elapsed time 0.107859s.
250528-08:07:20,39 nipype.workflow INFO:
	 [Node] Setting-up "fmriprep_25_0_wf.sub_GEO073_wf.bold_ses_t2_task_image_run_2_wf.bold_confounds_wf.t1w_mask_tfm" in "/work/fmriprep_25_0_wf/sub_GEO073_wf/bold_ses_t2_task_image_run_2_wf/bold_confounds_wf/t1w_mask_tfm".
250528-08:07:20,221 nipype.workflow INFO:
	 [Node] Setting-up "_apply_surface_affine0" in "/work/fmriprep_25_0_wf/sub_GEO073_wf/anat_fit_wf/msm_sulc_wf/apply_surface_affine/mapflow/_apply_surface_affine0".
250528-08:07:20,222 nipype.workflow INFO:
	 [Node] Setting-up "_apply_surface_affine1" in "/work/fmriprep_25_0_wf/sub_GEO073_wf/anat_fit_wf/msm_sulc_wf/apply_surface_affine/mapflow/_apply_surface_affine1".
250528-08:07:20,782 nipype.workflow INFO:
	 [Node] Executing "t1w_mask_tfm" <niworkflows.interfaces.fixes.FixHeaderApplyTransforms>
250528-08:07:20,822 nipype.workflow INFO:
	 [Node] Executing "_apply_surface_affine0" <smriprep.interfaces.workbench.SurfaceApplyAffine>
250528-08:07:21,60 nipype.workflow INFO:
	 [Node] Executing "_apply_surface_affine1" <smriprep.interfaces.workbench.SurfaceApplyAffine>
250528-08:07:21,120 nipype.workflow INFO:
	 [Node] Finished "t1w_boldref", elapsed time 1.706814s.
250528-08:07:21,764 nipype.workflow INFO:
	 [Node] Setting-up "fmriprep_25_0_wf.sub_GEO073_wf.bold_ses_t2_task_image_run_1_wf.bold_confounds_wf.subtract_mask" in "/work/fmriprep_25_0_wf/sub_GEO073_wf/bold_ses_t2_task_image_run_1_wf/bold_confounds_wf/subtract_mask".
250528-08:07:22,55 nipype.workflow INFO:
	 [Node] Finished "_apply_surface_affine0", elapsed time 1.023048s.
250528-08:07:22,223 nipype.workflow INFO:
	 [Node] Finished "_apply_surface_affine1", elapsed time 0.964836s.
250528-08:07:22,304 nipype.workflow INFO:
	 [Node] Executing "subtract_mask" <niworkflows.interfaces.morphology.BinarySubtraction>
250528-08:07:22,399 nipype.workflow INFO:
	 [Node] Finished "subtract_mask", elapsed time 0.094604s.
250528-08:07:22,803 nipype.workflow INFO:
	 [Node] Setting-up "fmriprep_25_0_wf.sub_GEO073_wf.bold_ses_t2_task_image_run_2_wf.bold_fit_wf.func_fit_reports_wf.boldref_wm" in "/work/fmriprep_25_0_wf/sub_GEO073_wf/bold_ses_t2_task_image_run_2_wf/bold_fit_wf/func_fit_reports_wf/boldref_wm".
250528-08:07:22,805 nipype.workflow INFO:
	 [Node] Setting-up "_acc_msk_brain0" in "/work/fmriprep_25_0_wf/sub_GEO073_wf/bold_ses_t2_task_image_run_1_wf/bold_confounds_wf/acc_msk_brain/mapflow/_acc_msk_brain0".
250528-08:07:23,283 nipype.workflow INFO:
	 [Node] Finished "t1w_mask_tfm", elapsed time 2.498821s.
250528-08:07:23,342 nipype.workflow INFO:
	 [Node] Setting-up "_apply_surface_affine0" in "/work/fmriprep_25_0_wf/sub_GEO073_wf/anat_fit_wf/msm_sulc_wf/apply_surface_affine/mapflow/_apply_surface_affine0".
250528-08:07:23,347 nipype.workflow INFO:
	 [Node] Cached "_apply_surface_affine0" - collecting precomputed outputs
250528-08:07:23,347 nipype.workflow INFO:
	 [Node] "_apply_surface_affine0" found cached.
250528-08:07:23,348 nipype.workflow INFO:
	 [Node] Setting-up "_apply_surface_affine1" in "/work/fmriprep_25_0_wf/sub_GEO073_wf/anat_fit_wf/msm_sulc_wf/apply_surface_affine/mapflow/_apply_surface_affine1".
250528-08:07:23,353 nipype.workflow INFO:
	 [Node] Cached "_apply_surface_affine1" - collecting precomputed outputs
250528-08:07:23,353 nipype.workflow INFO:
	 [Node] "_apply_surface_affine1" found cached.
250528-08:07:23,372 nipype.workflow INFO:
	 [Node] Executing "boldref_wm" <niworkflows.interfaces.fixes.FixHeaderApplyTransforms>
250528-08:07:23,410 nipype.workflow INFO:
	 [Node] Executing "_acc_msk_brain0" <niworkflows.interfaces.nibabel.ApplyMask>
250528-08:07:23,473 nipype.workflow INFO:
	 [Node] Finished "bbregister", elapsed time 29.258485s.
250528-08:07:23,569 nipype.workflow INFO:
	 [Node] Finished "_acc_msk_brain0", elapsed time 0.158267s.
250528-08:07:23,967 nipype.workflow INFO:
	 [Node] Finished "boldref_wm", elapsed time 0.594077s.
250528-08:07:24,815 nipype.workflow INFO:
	 [Node] Setting-up "fmriprep_25_0_wf.sub_GEO073_wf.bold_ses_t2_task_image_run_4_wf.bold_fit_wf.bold_reg_wf.bbreg_wf.bbregister" in "/work/fmriprep_25_0_wf/sub_GEO073_wf/bold_ses_t2_task_image_run_4_wf/bold_fit_wf/bold_reg_wf/bbreg_wf/bbregister".
250528-08:07:26,881 nipype.workflow INFO:
	 [Node] Setting-up "fmriprep_25_0_wf.sub_GEO073_wf.bold_ses_t2_task_image_run_2_wf.bold_confounds_wf.union_mask" in "/work/fmriprep_25_0_wf/sub_GEO073_wf/bold_ses_t2_task_image_run_2_wf/bold_confounds_wf/union_mask".
250528-08:07:26,882 nipype.workflow INFO:
	 [Node] Setting-up "_acc_msk_brain1" in "/work/fmriprep_25_0_wf/sub_GEO073_wf/bold_ses_t2_task_image_run_1_wf/bold_confounds_wf/acc_msk_brain/mapflow/_acc_msk_brain1".
250528-08:07:26,884 nipype.workflow INFO:
	 [Node] Setting-up "_acc_msk_brain2" in "/work/fmriprep_25_0_wf/sub_GEO073_wf/bold_ses_t2_task_image_run_1_wf/bold_confounds_wf/acc_msk_brain/mapflow/_acc_msk_brain2".
250528-08:07:26,887 nipype.workflow INFO:
	 [Node] Setting-up "_acc_msk_tfm0" in "/work/fmriprep_25_0_wf/sub_GEO073_wf/bold_ses_t2_task_image_run_2_wf/bold_confounds_wf/acc_msk_tfm/mapflow/_acc_msk_tfm0".
250528-08:07:26,888 nipype.workflow INFO:
	 [Node] Setting-up "_acc_msk_tfm1" in "/work/fmriprep_25_0_wf/sub_GEO073_wf/bold_ses_t2_task_image_run_2_wf/bold_confounds_wf/acc_msk_tfm/mapflow/_acc_msk_tfm1".
250528-08:07:27,27 nipype.workflow INFO:
	 [Node] Executing "bbregister" <nipype.interfaces.freesurfer.preprocess.BBRegister>
250528-08:07:27,127 nipype.workflow INFO:
	 [Node] Setting-up "fmriprep_25_0_wf.sub_GEO073_wf.bold_ses_t2_task_image_run_2_wf.bold_fit_wf.func_fit_reports_wf.epi_t1_report" in "/work/fmriprep_25_0_wf/sub_GEO073_wf/bold_ses_t2_task_image_run_2_wf/bold_fit_wf/func_fit_reports_wf/epi_t1_report".
250528-08:07:28,178 nipype.workflow INFO:
	 [Node] Executing "_acc_msk_brain2" <niworkflows.interfaces.nibabel.ApplyMask>
250528-08:07:28,426 nipype.workflow INFO:
	 [Node] Finished "_acc_msk_brain2", elapsed time 0.246979s.
250528-08:07:28,426 nipype.workflow INFO:
	 [Node] Executing "epi_t1_report" <nireports.interfaces.reporting.base.SimpleBeforeAfterRPT>
250528-08:07:28,428 nipype.interface INFO:
	 Report - setting before (/out/sub-GEO073/ses-t2/func/sub-GEO073_ses-t2_task-image_run-2_desc-coreg_boldref.nii.gz) and after (/work/fmriprep_25_0_wf/sub_GEO073_wf/bold_ses_t2_task_image_run_2_wf/bold_fit_wf/func_fit_reports_wf/t1w_boldref/sub-GEO073_ses-t2_desc-preproc_T1w_trans.nii.gz) images
250528-08:07:28,428 nipype.interface INFO:
	 Generating visual report
250528-08:07:29,29 nipype.workflow INFO:
	 [Node] Executing "_acc_msk_tfm1" <niworkflows.interfaces.fixes.FixHeaderApplyTransforms>
250528-08:07:29,110 nipype.workflow INFO:
	 [Node] Executing "_acc_msk_brain1" <niworkflows.interfaces.nibabel.ApplyMask>
250528-08:07:29,149 nipype.workflow INFO:
	 [Node] Setting-up "fmriprep_25_0_wf.sub_GEO073_wf.bold_ses_t2_task_image_run_3_wf.bold_fit_wf.bold_reg_wf.bbreg_wf.compare_transforms" in "/work/fmriprep_25_0_wf/sub_GEO073_wf/bold_ses_t2_task_image_run_3_wf/bold_fit_wf/bold_reg_wf/bbreg_wf/compare_transforms".
250528-08:07:29,204 nipype.workflow INFO:
	 [Node] Finished "_acc_msk_brain1", elapsed time 0.092148s.
250528-08:07:29,309 nipype.workflow INFO:
	 [Node] Executing "union_mask" <nipype.interfaces.utility.wrappers.Function>
250528-08:07:29,392 nipype.workflow INFO:
	 [Node] Finished "union_mask", elapsed time 0.082156s.
250528-08:07:29,447 nipype.workflow INFO:
	 [Node] Executing "_acc_msk_tfm0" <niworkflows.interfaces.fixes.FixHeaderApplyTransforms>
250528-08:07:30,503 nipype.workflow INFO:
	 [Node] Finished "_acc_msk_tfm1", elapsed time 1.471927s.
250528-08:07:31,36 nipype.workflow INFO:
	 [Node] Executing "compare_transforms" <nipype.interfaces.utility.wrappers.Function>
250528-08:07:31,50 nipype.workflow INFO:
	 [Node] Finished "compare_transforms", elapsed time 0.013363s.
250528-08:07:31,141 nipype.workflow INFO:
	 [Node] Finished "_acc_msk_tfm0", elapsed time 1.692348s.
250528-08:07:31,183 nipype.workflow INFO:
	 [Node] Setting-up "fmriprep_25_0_wf.sub_GEO073_wf.bold_ses_t2_task_image_run_2_wf.bold_confounds_wf.dilated_mask" in "/work/fmriprep_25_0_wf/sub_GEO073_wf/bold_ses_t2_task_image_run_2_wf/bold_confounds_wf/dilated_mask".
250528-08:07:31,343 nipype.workflow INFO:
	 [Node] Finished "epi_t1_report", elapsed time 15.564058s.
250528-08:07:32,614 nipype.workflow INFO:
	 [Node] Executing "dilated_mask" <niworkflows.interfaces.morphology.BinaryDilation>
250528-08:07:32,796 nipype.workflow INFO:
	 [Node] Finished "dilated_mask", elapsed time 0.180888s.
250528-08:07:33,172 nipype.workflow INFO:
	 [Node] Setting-up "_acc_msk_brain0" in "/work/fmriprep_25_0_wf/sub_GEO073_wf/bold_ses_t2_task_image_run_1_wf/bold_confounds_wf/acc_msk_brain/mapflow/_acc_msk_brain0".
250528-08:07:33,177 nipype.workflow INFO:
	 [Node] Cached "_acc_msk_brain0" - collecting precomputed outputs
250528-08:07:33,177 nipype.workflow INFO:
	 [Node] "_acc_msk_brain0" found cached.
250528-08:07:33,177 nipype.workflow INFO:
	 [Node] Setting-up "_acc_msk_brain1" in "/work/fmriprep_25_0_wf/sub_GEO073_wf/bold_ses_t2_task_image_run_1_wf/bold_confounds_wf/acc_msk_brain/mapflow/_acc_msk_brain1".
250528-08:07:33,183 nipype.workflow INFO:
	 [Node] Cached "_acc_msk_brain1" - collecting precomputed outputs
250528-08:07:33,183 nipype.workflow INFO:
	 [Node] "_acc_msk_brain1" found cached.
250528-08:07:33,184 nipype.workflow INFO:
	 [Node] Setting-up "_acc_msk_brain2" in "/work/fmriprep_25_0_wf/sub_GEO073_wf/bold_ses_t2_task_image_run_1_wf/bold_confounds_wf/acc_msk_brain/mapflow/_acc_msk_brain2".
250528-08:07:33,199 nipype.workflow INFO:
	 [Node] Cached "_acc_msk_brain2" - collecting precomputed outputs
250528-08:07:33,199 nipype.workflow INFO:
	 [Node] "_acc_msk_brain2" found cached.
250528-08:07:37,583 nipype.workflow INFO:
	 [Node] Setting-up "fmriprep_25_0_wf.sub_GEO073_wf.bold_ses_t2_task_image_run_1_wf.bold_fit_wf.func_fit_reports_wf.ds_epi_t1_report" in "/work/fmriprep_25_0_wf/sub_GEO073_wf/bold_ses_t2_task_image_run_1_wf/bold_fit_wf/func_fit_reports_wf/ds_epi_t1_report".
250528-08:07:37,591 nipype.workflow INFO:
	 [Node] Setting-up "_acc_msk_tfm2" in "/work/fmriprep_25_0_wf/sub_GEO073_wf/bold_ses_t2_task_image_run_2_wf/bold_confounds_wf/acc_msk_tfm/mapflow/_acc_msk_tfm2".
250528-08:07:37,593 nipype.workflow INFO:
	 [Node] Setting-up "_modify_sphere0" in "/work/fmriprep_25_0_wf/sub_GEO073_wf/anat_fit_wf/msm_sulc_wf/modify_sphere/mapflow/_modify_sphere0".
250528-08:07:37,594 nipype.workflow INFO:
	 [Node] Setting-up "_modify_sphere1" in "/work/fmriprep_25_0_wf/sub_GEO073_wf/anat_fit_wf/msm_sulc_wf/modify_sphere/mapflow/_modify_sphere1".
250528-08:07:38,239 nipype.workflow INFO:
	 [Node] Executing "_modify_sphere0" <smriprep.interfaces.workbench.SurfaceModifySphere>
250528-08:07:38,915 nipype.workflow INFO:
	 [Node] Executing "ds_epi_t1_report" <fmriprep.interfaces.DerivativesDataSink>
250528-08:07:39,246 nipype.workflow INFO:
	 [Node] Executing "_acc_msk_tfm2" <niworkflows.interfaces.fixes.FixHeaderApplyTransforms>
250528-08:07:39,259 nipype.workflow INFO:
	 [Node] Executing "_modify_sphere1" <smriprep.interfaces.workbench.SurfaceModifySphere>
250528-08:07:39,600 nipype.workflow INFO:
	 [Node] Finished "ds_epi_t1_report", elapsed time 0.684103s.
250528-08:07:39,998 nipype.workflow INFO:
	 [Node] Finished "_modify_sphere0", elapsed time 1.555117s.
250528-08:07:40,118 nipype.workflow INFO:
	 [Node] Finished "_acc_msk_tfm2", elapsed time 0.869957s.
250528-08:07:40,432 nipype.workflow INFO:
	 [Node] Finished "_modify_sphere1", elapsed time 0.976022s.
250528-08:07:43,754 nipype.workflow INFO:
	 [Node] Finished "epi_t1_report", elapsed time 15.325961s.
250528-08:07:44,617 nipype.workflow INFO:
	 [Node] Setting-up "fmriprep_25_0_wf.sub_GEO073_wf.bold_ses_t2_task_image_run_2_wf.bold_confounds_wf.subtract_mask" in "/work/fmriprep_25_0_wf/sub_GEO073_wf/bold_ses_t2_task_image_run_2_wf/bold_confounds_wf/subtract_mask".
250528-08:07:44,903 nipype.workflow INFO:
	 [Node] Setting-up "fmriprep_25_0_wf.sub_GEO073_wf.bold_ses_t2_task_image_run_3_wf.bold_fit_wf.bold_reg_wf.bbreg_wf.concat_xfm" in "/work/fmriprep_25_0_wf/sub_GEO073_wf/bold_ses_t2_task_image_run_3_wf/bold_fit_wf/bold_reg_wf/bbreg_wf/concat_xfm".
250528-08:07:44,920 nipype.workflow INFO:
	 [Node] Setting-up "fmriprep_25_0_wf.sub_GEO073_wf.bold_ses_t2_task_image_run_2_wf.bold_fit_wf.func_fit_reports_wf.ds_epi_t1_report" in "/work/fmriprep_25_0_wf/sub_GEO073_wf/bold_ses_t2_task_image_run_2_wf/bold_fit_wf/func_fit_reports_wf/ds_epi_t1_report".
250528-08:07:44,922 nipype.workflow INFO:
	 [Node] Setting-up "_acc_msk_bin0" in "/work/fmriprep_25_0_wf/sub_GEO073_wf/bold_ses_t2_task_image_run_1_wf/bold_confounds_wf/acc_msk_bin/mapflow/_acc_msk_bin0".
250528-08:07:44,922 nipype.workflow INFO:
	 [Node] Setting-up "_acc_msk_bin1" in "/work/fmriprep_25_0_wf/sub_GEO073_wf/bold_ses_t2_task_image_run_1_wf/bold_confounds_wf/acc_msk_bin/mapflow/_acc_msk_bin1".
250528-08:07:45,220 nipype.workflow INFO:
	 [Node] Setting-up "_acc_msk_tfm0" in "/work/fmriprep_25_0_wf/sub_GEO073_wf/bold_ses_t2_task_image_run_2_wf/bold_confounds_wf/acc_msk_tfm/mapflow/_acc_msk_tfm0".
250528-08:07:45,226 nipype.workflow INFO:
	 [Node] Cached "_acc_msk_tfm0" - collecting precomputed outputs
250528-08:07:45,226 nipype.workflow INFO:
	 [Node] "_acc_msk_tfm0" found cached.
250528-08:07:45,227 nipype.workflow INFO:
	 [Node] Setting-up "_acc_msk_tfm1" in "/work/fmriprep_25_0_wf/sub_GEO073_wf/bold_ses_t2_task_image_run_2_wf/bold_confounds_wf/acc_msk_tfm/mapflow/_acc_msk_tfm1".
250528-08:07:45,232 nipype.workflow INFO:
	 [Node] Cached "_acc_msk_tfm1" - collecting precomputed outputs
250528-08:07:45,232 nipype.workflow INFO:
	 [Node] "_acc_msk_tfm1" found cached.
250528-08:07:45,233 nipype.workflow INFO:
	 [Node] Setting-up "_acc_msk_tfm2" in "/work/fmriprep_25_0_wf/sub_GEO073_wf/bold_ses_t2_task_image_run_2_wf/bold_confounds_wf/acc_msk_tfm/mapflow/_acc_msk_tfm2".
250528-08:07:45,237 nipype.workflow INFO:
	 [Node] Cached "_acc_msk_tfm2" - collecting precomputed outputs
250528-08:07:45,237 nipype.workflow INFO:
	 [Node] "_acc_msk_tfm2" found cached.
250528-08:07:45,412 nipype.workflow INFO:
	 [Node] Executing "subtract_mask" <niworkflows.interfaces.morphology.BinarySubtraction>
250528-08:07:45,429 nipype.workflow INFO:
	 [Node] Setting-up "_modify_sphere0" in "/work/fmriprep_25_0_wf/sub_GEO073_wf/anat_fit_wf/msm_sulc_wf/modify_sphere/mapflow/_modify_sphere0".
250528-08:07:45,434 nipype.workflow INFO:
	 [Node] Cached "_modify_sphere0" - collecting precomputed outputs
250528-08:07:45,434 nipype.workflow INFO:
	 [Node] "_modify_sphere0" found cached.
250528-08:07:45,434 nipype.workflow INFO:
	 [Node] Setting-up "_modify_sphere1" in "/work/fmriprep_25_0_wf/sub_GEO073_wf/anat_fit_wf/msm_sulc_wf/modify_sphere/mapflow/_modify_sphere1".
250528-08:07:45,439 nipype.workflow INFO:
	 [Node] Cached "_modify_sphere1" - collecting precomputed outputs
250528-08:07:45,439 nipype.workflow INFO:
	 [Node] "_modify_sphere1" found cached.
250528-08:07:45,481 nipype.workflow INFO:
	 [Node] Finished "subtract_mask", elapsed time 0.068386s.
250528-08:07:45,522 nipype.workflow INFO:
	 [Node] Executing "_acc_msk_bin1" <niworkflows.interfaces.nibabel.Binarize>
250528-08:07:45,535 nipype.workflow INFO:
	 [Node] Executing "_acc_msk_bin0" <niworkflows.interfaces.nibabel.Binarize>
250528-08:07:45,586 nipype.workflow INFO:
	 [Node] Executing "ds_epi_t1_report" <fmriprep.interfaces.DerivativesDataSink>
250528-08:07:45,599 nipype.workflow INFO:
	 [Node] Executing "concat_xfm" <niworkflows.interfaces.nitransforms.ConcatenateXFMs>
250528-08:07:45,706 nipype.workflow INFO:
	 [Node] Finished "_acc_msk_bin1", elapsed time 0.182906s.
250528-08:07:45,750 nipype.workflow INFO:
	 [Node] Finished "ds_epi_t1_report", elapsed time 0.16159s.
250528-08:07:45,776 nipype.workflow INFO:
	 [Node] Finished "_acc_msk_bin0", elapsed time 0.240237s.
250528-08:07:45,805 nipype.workflow INFO:
	 [Node] Finished "concat_xfm", elapsed time 0.205092s.
250528-08:07:49,1 nipype.workflow INFO:
	 [Node] Setting-up "_acc_msk_bin2" in "/work/fmriprep_25_0_wf/sub_GEO073_wf/bold_ses_t2_task_image_run_1_wf/bold_confounds_wf/acc_msk_bin/mapflow/_acc_msk_bin2".
250528-08:07:49,267 nipype.workflow INFO:
	 [Node] Setting-up "fmriprep_25_0_wf.sub_GEO073_wf.bold_ses_t2_task_image_run_3_wf.bold_fit_wf.func_fit_reports_wf.t1w_boldref" in "/work/fmriprep_25_0_wf/sub_GEO073_wf/bold_ses_t2_task_image_run_3_wf/bold_fit_wf/func_fit_reports_wf/t1w_boldref".
250528-08:07:50,343 nipype.workflow INFO:
	 [Node] Executing "_acc_msk_bin2" <niworkflows.interfaces.nibabel.Binarize>
250528-08:07:50,432 nipype.workflow INFO:
	 [Node] Finished "_acc_msk_bin2", elapsed time 0.087855s.
250528-08:07:50,665 nipype.workflow INFO:
	 [Node] Setting-up "fmriprep_25_0_wf.sub_GEO073_wf.bold_ses_t2_task_image_run_3_wf.bold_confounds_wf.t1w_mask_tfm" in "/work/fmriprep_25_0_wf/sub_GEO073_wf/bold_ses_t2_task_image_run_3_wf/bold_confounds_wf/t1w_mask_tfm".
250528-08:07:51,161 nipype.workflow INFO:
	 [Node] Setting-up "_acc_msk_brain0" in "/work/fmriprep_25_0_wf/sub_GEO073_wf/bold_ses_t2_task_image_run_2_wf/bold_confounds_wf/acc_msk_brain/mapflow/_acc_msk_brain0".
250528-08:07:51,161 nipype.workflow INFO:
	 [Node] Setting-up "_acc_msk_brain1" in "/work/fmriprep_25_0_wf/sub_GEO073_wf/bold_ses_t2_task_image_run_2_wf/bold_confounds_wf/acc_msk_brain/mapflow/_acc_msk_brain1".
250528-08:07:51,742 nipype.workflow INFO:
	 [Node] Executing "t1w_boldref" <niworkflows.interfaces.fixes.FixHeaderApplyTransforms>
250528-08:07:52,856 nipype.workflow INFO:
	 [Node] Executing "t1w_mask_tfm" <niworkflows.interfaces.fixes.FixHeaderApplyTransforms>
250528-08:07:53,226 nipype.workflow INFO:
	 [Node] Executing "_acc_msk_brain1" <niworkflows.interfaces.nibabel.ApplyMask>
250528-08:07:53,569 nipype.workflow INFO:
	 [Node] Finished "_acc_msk_brain1", elapsed time 0.341488s.
250528-08:07:53,570 nipype.workflow INFO:
	 [Node] Setting-up "_acc_msk_tfm0" in "/work/fmriprep_25_0_wf/sub_GEO073_wf/bold_ses_t2_task_image_run_3_wf/bold_confounds_wf/acc_msk_tfm/mapflow/_acc_msk_tfm0".
250528-08:07:53,663 nipype.workflow INFO:
	 [Node] Executing "_acc_msk_brain0" <niworkflows.interfaces.nibabel.ApplyMask>
250528-08:07:54,16 nipype.workflow INFO:
	 [Node] Finished "t1w_boldref", elapsed time 2.272093s.
250528-08:07:54,248 nipype.workflow INFO:
	 [Node] Finished "_acc_msk_brain0", elapsed time 0.583443s.
250528-08:07:54,387 nipype.workflow INFO:
	 [Node] Setting-up "_acc_msk_bin0" in "/work/fmriprep_25_0_wf/sub_GEO073_wf/bold_ses_t2_task_image_run_1_wf/bold_confounds_wf/acc_msk_bin/mapflow/_acc_msk_bin0".
250528-08:07:54,392 nipype.workflow INFO:
	 [Node] Cached "_acc_msk_bin0" - collecting precomputed outputs
250528-08:07:54,392 nipype.workflow INFO:
	 [Node] "_acc_msk_bin0" found cached.
250528-08:07:54,392 nipype.workflow INFO:
	 [Node] Setting-up "_acc_msk_bin1" in "/work/fmriprep_25_0_wf/sub_GEO073_wf/bold_ses_t2_task_image_run_1_wf/bold_confounds_wf/acc_msk_bin/mapflow/_acc_msk_bin1".
250528-08:07:54,396 nipype.workflow INFO:
	 [Node] Cached "_acc_msk_bin1" - collecting precomputed outputs
250528-08:07:54,396 nipype.workflow INFO:
	 [Node] "_acc_msk_bin1" found cached.
250528-08:07:54,397 nipype.workflow INFO:
	 [Node] Setting-up "_acc_msk_bin2" in "/work/fmriprep_25_0_wf/sub_GEO073_wf/bold_ses_t2_task_image_run_1_wf/bold_confounds_wf/acc_msk_bin/mapflow/_acc_msk_bin2".
250528-08:07:54,401 nipype.workflow INFO:
	 [Node] Cached "_acc_msk_bin2" - collecting precomputed outputs
250528-08:07:54,401 nipype.workflow INFO:
	 [Node] "_acc_msk_bin2" found cached.
250528-08:07:55,239 nipype.workflow INFO:
	 [Node] Executing "_acc_msk_tfm0" <niworkflows.interfaces.fixes.FixHeaderApplyTransforms>
250528-08:07:55,385 nipype.workflow INFO:
	 [Node] Finished "t1w_mask_tfm", elapsed time 2.5279439999999997s.
250528-08:07:55,824 nipype.workflow INFO:
	 [Node] Setting-up "fmriprep_25_0_wf.sub_GEO073_wf.bold_ses_t2_task_image_run_3_wf.bold_fit_wf.func_fit_reports_wf.boldref_wm" in "/work/fmriprep_25_0_wf/sub_GEO073_wf/bold_ses_t2_task_image_run_3_wf/bold_fit_wf/func_fit_reports_wf/boldref_wm".
250528-08:07:56,809 nipype.workflow INFO:
	 [Node] Finished "_acc_msk_tfm0", elapsed time 1.568837s.
250528-08:07:57,347 nipype.workflow INFO:
	 [Node] Executing "boldref_wm" <niworkflows.interfaces.fixes.FixHeaderApplyTransforms>
250528-08:07:58,43 nipype.workflow INFO:
	 [Node] Finished "boldref_wm", elapsed time 0.694634s.
250528-08:07:59,204 nipype.workflow INFO:
	 [Node] Setting-up "_acc_msk_brain2" in "/work/fmriprep_25_0_wf/sub_GEO073_wf/bold_ses_t2_task_image_run_2_wf/bold_confounds_wf/acc_msk_brain/mapflow/_acc_msk_brain2".
250528-08:07:59,205 nipype.workflow INFO:
	 [Node] Setting-up "_acc_msk_tfm1" in "/work/fmriprep_25_0_wf/sub_GEO073_wf/bold_ses_t2_task_image_run_3_wf/bold_confounds_wf/acc_msk_tfm/mapflow/_acc_msk_tfm1".
250528-08:07:59,206 nipype.workflow INFO:
	 [Node] Setting-up "_acc_msk_tfm2" in "/work/fmriprep_25_0_wf/sub_GEO073_wf/bold_ses_t2_task_image_run_3_wf/bold_confounds_wf/acc_msk_tfm/mapflow/_acc_msk_tfm2".
250528-08:07:59,457 nipype.workflow INFO:
	 [Node] Setting-up "fmriprep_25_0_wf.sub_GEO073_wf.bold_ses_t2_task_image_run_3_wf.bold_fit_wf.func_fit_reports_wf.epi_t1_report" in "/work/fmriprep_25_0_wf/sub_GEO073_wf/bold_ses_t2_task_image_run_3_wf/bold_fit_wf/func_fit_reports_wf/epi_t1_report".
250528-08:07:59,457 nipype.workflow INFO:
	 [Node] Setting-up "fmriprep_25_0_wf.sub_GEO073_wf.bold_ses_t2_task_image_run_3_wf.bold_confounds_wf.union_mask" in "/work/fmriprep_25_0_wf/sub_GEO073_wf/bold_ses_t2_task_image_run_3_wf/bold_confounds_wf/union_mask".
250528-08:08:00,44 nipype.workflow INFO:
	 [Node] Executing "_acc_msk_tfm1" <niworkflows.interfaces.fixes.FixHeaderApplyTransforms>
250528-08:08:00,206 nipype.workflow INFO:
	 [Node] Executing "_acc_msk_brain2" <niworkflows.interfaces.nibabel.ApplyMask>
250528-08:08:00,246 nipype.workflow INFO:
	 [Node] Executing "union_mask" <nipype.interfaces.utility.wrappers.Function>
250528-08:08:00,256 nipype.workflow INFO:
	 [Node] Executing "_acc_msk_tfm2" <niworkflows.interfaces.fixes.FixHeaderApplyTransforms>
250528-08:08:00,307 nipype.workflow INFO:
	 [Node] Finished "_acc_msk_brain2", elapsed time 0.09979s.
250528-08:08:00,318 nipype.workflow INFO:
	 [Node] Finished "union_mask", elapsed time 0.070937s.
250528-08:08:00,325 nipype.workflow INFO:
	 [Node] Executing "epi_t1_report" <nireports.interfaces.reporting.base.SimpleBeforeAfterRPT>
250528-08:08:00,326 nipype.interface INFO:
	 Report - setting before (/out/sub-GEO073/ses-t2/func/sub-GEO073_ses-t2_task-image_run-3_desc-coreg_boldref.nii.gz) and after (/work/fmriprep_25_0_wf/sub_GEO073_wf/bold_ses_t2_task_image_run_3_wf/bold_fit_wf/func_fit_reports_wf/t1w_boldref/sub-GEO073_ses-t2_desc-preproc_T1w_trans.nii.gz) images
250528-08:08:00,326 nipype.interface INFO:
	 Generating visual report
250528-08:08:00,855 nipype.workflow INFO:
	 [Node] Finished "bbregister", elapsed time 33.827514s.
250528-08:08:00,969 nipype.workflow INFO:
	 [Node] Finished "_acc_msk_tfm1", elapsed time 0.924271s.
250528-08:08:01,111 nipype.workflow INFO:
	 [Node] Finished "_acc_msk_tfm2", elapsed time 0.854019s.
250528-08:08:01,463 nipype.workflow INFO:
	 [Node] Setting-up "fmriprep_25_0_wf.sub_GEO073_wf.bold_ses_t2_task_image_run_3_wf.bold_confounds_wf.dilated_mask" in "/work/fmriprep_25_0_wf/sub_GEO073_wf/bold_ses_t2_task_image_run_3_wf/bold_confounds_wf/dilated_mask".
250528-08:08:02,579 nipype.workflow INFO:
	 [Node] Setting-up "_acc_msk_brain0" in "/work/fmriprep_25_0_wf/sub_GEO073_wf/bold_ses_t2_task_image_run_2_wf/bold_confounds_wf/acc_msk_brain/mapflow/_acc_msk_brain0".
250528-08:08:02,585 nipype.workflow INFO:
	 [Node] Cached "_acc_msk_brain0" - collecting precomputed outputs
250528-08:08:02,585 nipype.workflow INFO:
	 [Node] "_acc_msk_brain0" found cached.
250528-08:08:02,586 nipype.workflow INFO:
	 [Node] Setting-up "_acc_msk_brain1" in "/work/fmriprep_25_0_wf/sub_GEO073_wf/bold_ses_t2_task_image_run_2_wf/bold_confounds_wf/acc_msk_brain/mapflow/_acc_msk_brain1".
250528-08:08:02,596 nipype.workflow INFO:
	 [Node] Cached "_acc_msk_brain1" - collecting precomputed outputs
250528-08:08:02,596 nipype.workflow INFO:
	 [Node] "_acc_msk_brain1" found cached.
250528-08:08:02,596 nipype.workflow INFO:
	 [Node] Setting-up "_acc_msk_brain2" in "/work/fmriprep_25_0_wf/sub_GEO073_wf/bold_ses_t2_task_image_run_2_wf/bold_confounds_wf/acc_msk_brain/mapflow/_acc_msk_brain2".
250528-08:08:02,601 nipype.workflow INFO:
	 [Node] Cached "_acc_msk_brain2" - collecting precomputed outputs
250528-08:08:02,601 nipype.workflow INFO:
	 [Node] "_acc_msk_brain2" found cached.
250528-08:08:02,609 nipype.workflow INFO:
	 [Node] Executing "dilated_mask" <niworkflows.interfaces.morphology.BinaryDilation>
250528-08:08:03,407 nipype.workflow INFO:
	 [Node] Finished "dilated_mask", elapsed time 0.797134s.
250528-08:08:03,484 nipype.workflow INFO:
	 [Node] Setting-up "fmriprep_25_0_wf.sub_GEO073_wf.bold_ses_t2_task_image_run_5_wf.bold_fit_wf.bold_reg_wf.bbreg_wf.bbregister" in "/work/fmriprep_25_0_wf/sub_GEO073_wf/bold_ses_t2_task_image_run_5_wf/bold_fit_wf/bold_reg_wf/bbreg_wf/bbregister".
250528-08:08:05,337 nipype.workflow INFO:
	 [Node] Executing "bbregister" <nipype.interfaces.freesurfer.preprocess.BBRegister>
250528-08:08:05,443 nipype.workflow INFO:
	 [Node] Setting-up "fmriprep_25_0_wf.sub_GEO073_wf.bold_ses_t2_task_image_run_4_wf.bold_fit_wf.bold_reg_wf.bbreg_wf.compare_transforms" in "/work/fmriprep_25_0_wf/sub_GEO073_wf/bold_ses_t2_task_image_run_4_wf/bold_fit_wf/bold_reg_wf/bbreg_wf/compare_transforms".
250528-08:08:05,717 nipype.workflow INFO:
	 [Node] Setting-up "fmriprep_25_0_wf.sub_GEO073_wf.bold_ses_t2_task_image_run_3_wf.bold_confounds_wf.subtract_mask" in "/work/fmriprep_25_0_wf/sub_GEO073_wf/bold_ses_t2_task_image_run_3_wf/bold_confounds_wf/subtract_mask".
250528-08:08:05,724 nipype.workflow INFO:
	 [Node] Setting-up "_acc_msk_tfm0" in "/work/fmriprep_25_0_wf/sub_GEO073_wf/bold_ses_t2_task_image_run_3_wf/bold_confounds_wf/acc_msk_tfm/mapflow/_acc_msk_tfm0".
250528-08:08:05,728 nipype.workflow INFO:
	 [Node] Cached "_acc_msk_tfm0" - collecting precomputed outputs
250528-08:08:05,729 nipype.workflow INFO:
	 [Node] "_acc_msk_tfm0" found cached.
250528-08:08:05,729 nipype.workflow INFO:
	 [Node] Setting-up "_acc_msk_tfm1" in "/work/fmriprep_25_0_wf/sub_GEO073_wf/bold_ses_t2_task_image_run_3_wf/bold_confounds_wf/acc_msk_tfm/mapflow/_acc_msk_tfm1".
250528-08:08:05,737 nipype.workflow INFO:
	 [Node] Cached "_acc_msk_tfm1" - collecting precomputed outputs
250528-08:08:05,737 nipype.workflow INFO:
	 [Node] "_acc_msk_tfm1" found cached.
250528-08:08:05,738 nipype.workflow INFO:
	 [Node] Setting-up "_acc_msk_tfm2" in "/work/fmriprep_25_0_wf/sub_GEO073_wf/bold_ses_t2_task_image_run_3_wf/bold_confounds_wf/acc_msk_tfm/mapflow/_acc_msk_tfm2".
250528-08:08:05,743 nipype.workflow INFO:
	 [Node] Cached "_acc_msk_tfm2" - collecting precomputed outputs
250528-08:08:05,743 nipype.workflow INFO:
	 [Node] "_acc_msk_tfm2" found cached.
250528-08:08:05,989 nipype.workflow INFO:
	 [Node] Executing "compare_transforms" <nipype.interfaces.utility.wrappers.Function>
250528-08:08:06,2 nipype.workflow INFO:
	 [Node] Finished "compare_transforms", elapsed time 0.011266s.
250528-08:08:06,219 nipype.workflow INFO:
	 [Node] Executing "subtract_mask" <niworkflows.interfaces.morphology.BinarySubtraction>
250528-08:08:06,333 nipype.workflow INFO:
	 [Node] Finished "subtract_mask", elapsed time 0.1127s.
250528-08:08:10,647 nipype.workflow INFO:
	 [Node] Setting-up "_acc_msk_bin0" in "/work/fmriprep_25_0_wf/sub_GEO073_wf/bold_ses_t2_task_image_run_2_wf/bold_confounds_wf/acc_msk_bin/mapflow/_acc_msk_bin0".
250528-08:08:10,649 nipype.workflow INFO:
	 [Node] Setting-up "_acc_msk_bin1" in "/work/fmriprep_25_0_wf/sub_GEO073_wf/bold_ses_t2_task_image_run_2_wf/bold_confounds_wf/acc_msk_bin/mapflow/_acc_msk_bin1".
250528-08:08:10,650 nipype.workflow INFO:
	 [Node] Setting-up "_acc_msk_bin2" in "/work/fmriprep_25_0_wf/sub_GEO073_wf/bold_ses_t2_task_image_run_2_wf/bold_confounds_wf/acc_msk_bin/mapflow/_acc_msk_bin2".
250528-08:08:11,481 nipype.workflow INFO:
	 [Node] Executing "_acc_msk_bin1" <niworkflows.interfaces.nibabel.Binarize>
250528-08:08:11,767 nipype.workflow INFO:
	 [Node] Finished "_acc_msk_bin1", elapsed time 0.284944s.
250528-08:08:12,324 nipype.workflow INFO:
	 [Node] Executing "_acc_msk_bin0" <niworkflows.interfaces.nibabel.Binarize>
250528-08:08:12,342 nipype.workflow INFO:
	 [Node] Executing "_acc_msk_bin2" <niworkflows.interfaces.nibabel.Binarize>
250528-08:08:12,907 nipype.workflow INFO:
	 [Node] Finished "_acc_msk_bin2", elapsed time 0.55952s.
250528-08:08:13,338 nipype.workflow INFO:
	 [Node] Finished "_acc_msk_bin0", elapsed time 1.01279s.
250528-08:08:15,392 nipype.workflow INFO:
	 [Node] Finished "epi_t1_report", elapsed time 15.066165s.
250528-08:08:15,687 nipype.workflow INFO:
	 [Node] Setting-up "_acc_msk_brain0" in "/work/fmriprep_25_0_wf/sub_GEO073_wf/bold_ses_t2_task_image_run_3_wf/bold_confounds_wf/acc_msk_brain/mapflow/_acc_msk_brain0".
250528-08:08:15,688 nipype.workflow INFO:
	 [Node] Setting-up "_acc_msk_brain1" in "/work/fmriprep_25_0_wf/sub_GEO073_wf/bold_ses_t2_task_image_run_3_wf/bold_confounds_wf/acc_msk_brain/mapflow/_acc_msk_brain1".
250528-08:08:15,689 nipype.workflow INFO:
	 [Node] Setting-up "_acc_msk_brain2" in "/work/fmriprep_25_0_wf/sub_GEO073_wf/bold_ses_t2_task_image_run_3_wf/bold_confounds_wf/acc_msk_brain/mapflow/_acc_msk_brain2".
250528-08:08:15,938 nipype.workflow INFO:
	 [Node] Setting-up "fmriprep_25_0_wf.sub_GEO073_wf.bold_ses_t2_task_image_run_4_wf.bold_fit_wf.bold_reg_wf.bbreg_wf.concat_xfm" in "/work/fmriprep_25_0_wf/sub_GEO073_wf/bold_ses_t2_task_image_run_4_wf/bold_fit_wf/bold_reg_wf/bbreg_wf/concat_xfm".
250528-08:08:15,942 nipype.workflow INFO:
	 [Node] Setting-up "fmriprep_25_0_wf.sub_GEO073_wf.bold_ses_t2_task_image_run_3_wf.bold_fit_wf.func_fit_reports_wf.ds_epi_t1_report" in "/work/fmriprep_25_0_wf/sub_GEO073_wf/bold_ses_t2_task_image_run_3_wf/bold_fit_wf/func_fit_reports_wf/ds_epi_t1_report".
250528-08:08:16,259 nipype.workflow INFO:
	 [Node] Setting-up "_acc_msk_bin0" in "/work/fmriprep_25_0_wf/sub_GEO073_wf/bold_ses_t2_task_image_run_2_wf/bold_confounds_wf/acc_msk_bin/mapflow/_acc_msk_bin0".
250528-08:08:16,266 nipype.workflow INFO:
	 [Node] Cached "_acc_msk_bin0" - collecting precomputed outputs
250528-08:08:16,266 nipype.workflow INFO:
	 [Node] "_acc_msk_bin0" found cached.
250528-08:08:16,266 nipype.workflow INFO:
	 [Node] Setting-up "_acc_msk_bin1" in "/work/fmriprep_25_0_wf/sub_GEO073_wf/bold_ses_t2_task_image_run_2_wf/bold_confounds_wf/acc_msk_bin/mapflow/_acc_msk_bin1".
250528-08:08:16,272 nipype.workflow INFO:
	 [Node] Cached "_acc_msk_bin1" - collecting precomputed outputs
250528-08:08:16,272 nipype.workflow INFO:
	 [Node] "_acc_msk_bin1" found cached.
250528-08:08:16,272 nipype.workflow INFO:
	 [Node] Setting-up "_acc_msk_bin2" in "/work/fmriprep_25_0_wf/sub_GEO073_wf/bold_ses_t2_task_image_run_2_wf/bold_confounds_wf/acc_msk_bin/mapflow/_acc_msk_bin2".
250528-08:08:16,277 nipype.workflow INFO:
	 [Node] Cached "_acc_msk_bin2" - collecting precomputed outputs
250528-08:08:16,277 nipype.workflow INFO:
	 [Node] "_acc_msk_bin2" found cached.
250528-08:08:16,451 nipype.workflow INFO:
	 [Node] Executing "_acc_msk_brain0" <niworkflows.interfaces.nibabel.ApplyMask>
250528-08:08:16,634 nipype.workflow INFO:
	 [Node] Finished "_acc_msk_brain0", elapsed time 0.181993s.
250528-08:08:17,120 nipype.workflow INFO:
	 [Node] Executing "_acc_msk_brain2" <niworkflows.interfaces.nibabel.ApplyMask>
250528-08:08:17,182 nipype.workflow INFO:
	 [Node] Executing "_acc_msk_brain1" <niworkflows.interfaces.nibabel.ApplyMask>
250528-08:08:17,228 nipype.workflow INFO:
	 [Node] Finished "_acc_msk_brain2", elapsed time 0.106275s.
250528-08:08:17,404 nipype.workflow INFO:
	 [Node] Executing "concat_xfm" <niworkflows.interfaces.nitransforms.ConcatenateXFMs>
250528-08:08:17,482 nipype.workflow INFO:
	 [Node] Finished "concat_xfm", elapsed time 0.076565s.
250528-08:08:17,809 nipype.workflow INFO:
	 [Node] Finished "_acc_msk_brain1", elapsed time 0.624908s.
250528-08:08:18,153 nipype.workflow INFO:
	 [Node] Executing "ds_epi_t1_report" <fmriprep.interfaces.DerivativesDataSink>
250528-08:08:18,397 nipype.workflow INFO:
	 [Node] Finished "ds_epi_t1_report", elapsed time 0.242906s.
250528-08:08:23,907 nipype.workflow INFO:
	 [Node] Setting-up "fmriprep_25_0_wf.sub_GEO073_wf.bold_ses_t2_task_image_run_4_wf.bold_fit_wf.func_fit_reports_wf.t1w_boldref" in "/work/fmriprep_25_0_wf/sub_GEO073_wf/bold_ses_t2_task_image_run_4_wf/bold_fit_wf/func_fit_reports_wf/t1w_boldref".
250528-08:08:23,983 nipype.workflow INFO:
	 [Node] Setting-up "_acc_msk_brain0" in "/work/fmriprep_25_0_wf/sub_GEO073_wf/bold_ses_t2_task_image_run_3_wf/bold_confounds_wf/acc_msk_brain/mapflow/_acc_msk_brain0".
250528-08:08:23,988 nipype.workflow INFO:
	 [Node] Cached "_acc_msk_brain0" - collecting precomputed outputs
250528-08:08:23,988 nipype.workflow INFO:
	 [Node] "_acc_msk_brain0" found cached.
250528-08:08:23,989 nipype.workflow INFO:
	 [Node] Setting-up "_acc_msk_brain1" in "/work/fmriprep_25_0_wf/sub_GEO073_wf/bold_ses_t2_task_image_run_3_wf/bold_confounds_wf/acc_msk_brain/mapflow/_acc_msk_brain1".
250528-08:08:23,993 nipype.workflow INFO:
	 [Node] Cached "_acc_msk_brain1" - collecting precomputed outputs
250528-08:08:23,993 nipype.workflow INFO:
	 [Node] "_acc_msk_brain1" found cached.
250528-08:08:23,993 nipype.workflow INFO:
	 [Node] Setting-up "_acc_msk_brain2" in "/work/fmriprep_25_0_wf/sub_GEO073_wf/bold_ses_t2_task_image_run_3_wf/bold_confounds_wf/acc_msk_brain/mapflow/_acc_msk_brain2".
250528-08:08:23,998 nipype.workflow INFO:
	 [Node] Cached "_acc_msk_brain2" - collecting precomputed outputs
250528-08:08:23,998 nipype.workflow INFO:
	 [Node] "_acc_msk_brain2" found cached.
250528-08:08:24,648 nipype.workflow INFO:
	 [Node] Executing "t1w_boldref" <niworkflows.interfaces.fixes.FixHeaderApplyTransforms>
250528-08:08:26,125 nipype.workflow INFO:
	 [Node] Setting-up "fmriprep_25_0_wf.sub_GEO073_wf.bold_ses_t2_task_image_run_4_wf.bold_confounds_wf.t1w_mask_tfm" in "/work/fmriprep_25_0_wf/sub_GEO073_wf/bold_ses_t2_task_image_run_4_wf/bold_confounds_wf/t1w_mask_tfm".
250528-08:08:27,91 nipype.workflow INFO:
	 [Node] Finished "t1w_boldref", elapsed time 2.4418670000000002s.
250528-08:08:27,797 nipype.workflow INFO:
	 [Node] Executing "t1w_mask_tfm" <niworkflows.interfaces.fixes.FixHeaderApplyTransforms>
250528-08:08:29,150 nipype.workflow INFO:
	 [Node] Setting-up "_acc_msk_tfm0" in "/work/fmriprep_25_0_wf/sub_GEO073_wf/bold_ses_t2_task_image_run_4_wf/bold_confounds_wf/acc_msk_tfm/mapflow/_acc_msk_tfm0".
250528-08:08:29,151 nipype.workflow INFO:
	 [Node] Setting-up "_acc_msk_tfm1" in "/work/fmriprep_25_0_wf/sub_GEO073_wf/bold_ses_t2_task_image_run_4_wf/bold_confounds_wf/acc_msk_tfm/mapflow/_acc_msk_tfm1".
250528-08:08:29,388 nipype.workflow INFO:
	 [Node] Setting-up "_acc_msk_tfm2" in "/work/fmriprep_25_0_wf/sub_GEO073_wf/bold_ses_t2_task_image_run_4_wf/bold_confounds_wf/acc_msk_tfm/mapflow/_acc_msk_tfm2".
250528-08:08:29,389 nipype.workflow INFO:
	 [Node] Setting-up "fmriprep_25_0_wf.sub_GEO073_wf.bold_ses_t2_task_image_run_4_wf.bold_fit_wf.func_fit_reports_wf.boldref_wm" in "/work/fmriprep_25_0_wf/sub_GEO073_wf/bold_ses_t2_task_image_run_4_wf/bold_fit_wf/func_fit_reports_wf/boldref_wm".
250528-08:08:29,390 nipype.workflow INFO:
	 [Node] Setting-up "_acc_msk_bin0" in "/work/fmriprep_25_0_wf/sub_GEO073_wf/bold_ses_t2_task_image_run_3_wf/bold_confounds_wf/acc_msk_bin/mapflow/_acc_msk_bin0".
250528-08:08:29,390 nipype.workflow INFO:
	 [Node] Setting-up "_acc_msk_bin1" in "/work/fmriprep_25_0_wf/sub_GEO073_wf/bold_ses_t2_task_image_run_3_wf/bold_confounds_wf/acc_msk_bin/mapflow/_acc_msk_bin1".
250528-08:08:30,271 nipype.workflow INFO:
	 [Node] Finished "t1w_mask_tfm", elapsed time 2.472785s.
250528-08:08:30,732 nipype.workflow INFO:
	 [Node] Finished "bbregister", elapsed time 25.393366s.
250528-08:08:30,741 nipype.workflow INFO:
	 [Node] Executing "_acc_msk_tfm2" <niworkflows.interfaces.fixes.FixHeaderApplyTransforms>
250528-08:08:30,754 nipype.workflow INFO:
	 [Node] Executing "_acc_msk_bin0" <niworkflows.interfaces.nibabel.Binarize>
250528-08:08:30,770 nipype.workflow INFO:
	 [Node] Executing "_acc_msk_tfm1" <niworkflows.interfaces.fixes.FixHeaderApplyTransforms>
250528-08:08:31,140 nipype.workflow INFO:
	 [Node] Executing "boldref_wm" <niworkflows.interfaces.fixes.FixHeaderApplyTransforms>
250528-08:08:31,281 nipype.workflow INFO:
	 [Node] Finished "_acc_msk_bin0", elapsed time 0.52583s.
250528-08:08:31,376 nipype.workflow INFO:
	 [Node] Executing "_acc_msk_tfm0" <niworkflows.interfaces.fixes.FixHeaderApplyTransforms>
250528-08:08:31,407 nipype.workflow INFO:
	 [Node] Setting-up "fmriprep_25_0_wf.sub_GEO073_wf.bold_ses_t2_task_image_run_4_wf.bold_confounds_wf.union_mask" in "/work/fmriprep_25_0_wf/sub_GEO073_wf/bold_ses_t2_task_image_run_4_wf/bold_confounds_wf/union_mask".
250528-08:08:31,543 nipype.workflow INFO:
	 [Node] Executing "_acc_msk_bin1" <niworkflows.interfaces.nibabel.Binarize>
250528-08:08:31,840 nipype.workflow INFO:
	 [Node] Finished "_acc_msk_tfm2", elapsed time 1.097944s.
250528-08:08:31,954 nipype.workflow INFO:
	 [Node] Finished "_acc_msk_bin1", elapsed time 0.410058s.
250528-08:08:32,192 nipype.workflow INFO:
	 [Node] Finished "_acc_msk_tfm1", elapsed time 1.421188s.
250528-08:08:32,256 nipype.workflow INFO:
	 [Node] Finished "boldref_wm", elapsed time 1.114859s.
250528-08:08:32,559 nipype.workflow INFO:
	 [Node] Executing "union_mask" <nipype.interfaces.utility.wrappers.Function>
250528-08:08:32,573 nipype.workflow INFO:
	 [Node] Finished "_acc_msk_tfm0", elapsed time 1.195733s.
250528-08:08:32,657 nipype.workflow INFO:
	 [Node] Finished "union_mask", elapsed time 0.097388s.
250528-08:08:35,363 nipype.workflow INFO:
	 [Node] Setting-up "fmriprep_25_0_wf.sub_GEO073_wf.anat_fit_wf.register_template_wf.registration" in "/work/fmriprep_25_0_wf/sub_GEO073_wf/anat_fit_wf/register_template_wf/_template_MNI152NLin2009cAsym/registration".
250528-08:08:35,591 nipype.workflow INFO:
	 [Node] Setting-up "fmriprep_25_0_wf.sub_GEO073_wf.bold_ses_t2_task_image_run_5_wf.bold_fit_wf.bold_reg_wf.bbreg_wf.compare_transforms" in "/work/fmriprep_25_0_wf/sub_GEO073_wf/bold_ses_t2_task_image_run_5_wf/bold_fit_wf/bold_reg_wf/bbreg_wf/compare_transforms".
250528-08:08:36,281 nipype.workflow INFO:
	 [Node] Executing "compare_transforms" <nipype.interfaces.utility.wrappers.Function>
250528-08:08:36,299 nipype.workflow INFO:
	 [Node] Finished "compare_transforms", elapsed time 0.017097s.
250528-08:08:38,721 nipype.workflow INFO:
	 [Node] Executing "registration" <niworkflows.interfaces.norm.SpatialNormalization>
250528-08:08:43,761 nipype.workflow INFO:
	 [Node] Setting-up "_acc_msk_tfm0" in "/work/fmriprep_25_0_wf/sub_GEO073_wf/bold_ses_t2_task_image_run_4_wf/bold_confounds_wf/acc_msk_tfm/mapflow/_acc_msk_tfm0".
250528-08:08:43,765 nipype.workflow INFO:
	 [Node] Cached "_acc_msk_tfm0" - collecting precomputed outputs
250528-08:08:43,766 nipype.workflow INFO:
	 [Node] "_acc_msk_tfm0" found cached.
250528-08:08:43,766 nipype.workflow INFO:
	 [Node] Setting-up "_acc_msk_tfm1" in "/work/fmriprep_25_0_wf/sub_GEO073_wf/bold_ses_t2_task_image_run_4_wf/bold_confounds_wf/acc_msk_tfm/mapflow/_acc_msk_tfm1".
250528-08:08:43,777 nipype.workflow INFO:
	 [Node] Cached "_acc_msk_tfm1" - collecting precomputed outputs
250528-08:08:43,777 nipype.workflow INFO:
	 [Node] "_acc_msk_tfm1" found cached.
250528-08:08:43,778 nipype.workflow INFO:
	 [Node] Setting-up "_acc_msk_tfm2" in "/work/fmriprep_25_0_wf/sub_GEO073_wf/bold_ses_t2_task_image_run_4_wf/bold_confounds_wf/acc_msk_tfm/mapflow/_acc_msk_tfm2".
250528-08:08:43,783 nipype.workflow INFO:
	 [Node] Cached "_acc_msk_tfm2" - collecting precomputed outputs
250528-08:08:43,783 nipype.workflow INFO:
	 [Node] "_acc_msk_tfm2" found cached.
250528-08:08:48,620 nipype.workflow INFO:
	 [Node] Setting-up "fmriprep_25_0_wf.sub_GEO073_wf.bold_ses_t2_task_image_run_4_wf.bold_fit_wf.func_fit_reports_wf.epi_t1_report" in "/work/fmriprep_25_0_wf/sub_GEO073_wf/bold_ses_t2_task_image_run_4_wf/bold_fit_wf/func_fit_reports_wf/epi_t1_report".
250528-08:08:50,527 nipype.workflow INFO:
	 [Node] Executing "epi_t1_report" <nireports.interfaces.reporting.base.SimpleBeforeAfterRPT>
250528-08:08:50,529 nipype.interface INFO:
	 Report - setting before (/out/sub-GEO073/ses-t2/func/sub-GEO073_ses-t2_task-image_run-4_desc-coreg_boldref.nii.gz) and after (/work/fmriprep_25_0_wf/sub_GEO073_wf/bold_ses_t2_task_image_run_4_wf/bold_fit_wf/func_fit_reports_wf/t1w_boldref/sub-GEO073_ses-t2_desc-preproc_T1w_trans.nii.gz) images
250528-08:08:50,530 nipype.interface INFO:
	 Generating visual report
250528-08:09:07,659 nipype.workflow INFO:
	 [Node] Finished "epi_t1_report", elapsed time 17.130073s.
250528-08:09:09,53 nipype.workflow INFO:
	 [Node] Setting-up "fmriprep_25_0_wf.sub_GEO073_wf.bold_ses_t2_task_image_run_5_wf.bold_fit_wf.bold_reg_wf.bbreg_wf.concat_xfm" in "/work/fmriprep_25_0_wf/sub_GEO073_wf/bold_ses_t2_task_image_run_5_wf/bold_fit_wf/bold_reg_wf/bbreg_wf/concat_xfm".
250528-08:09:09,604 nipype.workflow INFO:
	 [Node] Executing "concat_xfm" <niworkflows.interfaces.nitransforms.ConcatenateXFMs>
250528-08:09:10,585 nipype.workflow INFO:
	 [Node] Finished "concat_xfm", elapsed time 0.979086s.
250528-08:09:12,972 nipype.workflow INFO:
	 [Node] Setting-up "fmriprep_25_0_wf.sub_GEO073_wf.bold_ses_t2_task_image_run_4_wf.bold_fit_wf.func_fit_reports_wf.ds_epi_t1_report" in "/work/fmriprep_25_0_wf/sub_GEO073_wf/bold_ses_t2_task_image_run_4_wf/bold_fit_wf/func_fit_reports_wf/ds_epi_t1_report".
250528-08:09:15,350 nipype.workflow INFO:
	 [Node] Executing "ds_epi_t1_report" <fmriprep.interfaces.DerivativesDataSink>
250528-08:09:15,570 nipype.workflow INFO:
	 [Node] Finished "ds_epi_t1_report", elapsed time 0.218993s.
250528-08:09:17,230 nipype.workflow INFO:
	 [Node] Setting-up "fmriprep_25_0_wf.sub_GEO073_wf.bold_ses_t2_task_image_run_5_wf.bold_fit_wf.func_fit_reports_wf.t1w_boldref" in "/work/fmriprep_25_0_wf/sub_GEO073_wf/bold_ses_t2_task_image_run_5_wf/bold_fit_wf/func_fit_reports_wf/t1w_boldref".
250528-08:09:17,800 nipype.workflow INFO:
	 [Node] Executing "t1w_boldref" <niworkflows.interfaces.fixes.FixHeaderApplyTransforms>
250528-08:09:19,751 nipype.workflow INFO:
	 [Node] Finished "t1w_boldref", elapsed time 1.949737s.
250528-08:09:21,282 nipype.workflow INFO:
	 [Node] Setting-up "fmriprep_25_0_wf.sub_GEO073_wf.bold_ses_t2_task_image_run_5_wf.bold_fit_wf.func_fit_reports_wf.boldref_wm" in "/work/fmriprep_25_0_wf/sub_GEO073_wf/bold_ses_t2_task_image_run_5_wf/bold_fit_wf/func_fit_reports_wf/boldref_wm".
250528-08:09:22,967 nipype.workflow INFO:
	 [Node] Executing "boldref_wm" <niworkflows.interfaces.fixes.FixHeaderApplyTransforms>
250528-08:09:23,956 nipype.workflow INFO:
	 [Node] Finished "boldref_wm", elapsed time 0.98799s.
250528-08:09:28,787 nipype.workflow INFO:
	 [Node] Setting-up "fmriprep_25_0_wf.sub_GEO073_wf.bold_ses_t2_task_image_run_5_wf.bold_confounds_wf.t1w_mask_tfm" in "/work/fmriprep_25_0_wf/sub_GEO073_wf/bold_ses_t2_task_image_run_5_wf/bold_confounds_wf/t1w_mask_tfm".
250528-08:09:30,603 nipype.workflow INFO:
	 [Node] Executing "t1w_mask_tfm" <niworkflows.interfaces.fixes.FixHeaderApplyTransforms>
250528-08:09:33,420 nipype.workflow INFO:
	 [Node] Finished "t1w_mask_tfm", elapsed time 2.816058s.
250528-08:09:35,54 nipype.workflow INFO:
	 [Node] Setting-up "fmriprep_25_0_wf.sub_GEO073_wf.bold_ses_t2_task_image_run_5_wf.bold_fit_wf.func_fit_reports_wf.epi_t1_report" in "/work/fmriprep_25_0_wf/sub_GEO073_wf/bold_ses_t2_task_image_run_5_wf/bold_fit_wf/func_fit_reports_wf/epi_t1_report".
250528-08:09:35,675 nipype.workflow INFO:
	 [Node] Executing "epi_t1_report" <nireports.interfaces.reporting.base.SimpleBeforeAfterRPT>
250528-08:09:35,676 nipype.interface INFO:
	 Report - setting before (/out/sub-GEO073/ses-t2/func/sub-GEO073_ses-t2_task-image_run-5_desc-coreg_boldref.nii.gz) and after (/work/fmriprep_25_0_wf/sub_GEO073_wf/bold_ses_t2_task_image_run_5_wf/bold_fit_wf/func_fit_reports_wf/t1w_boldref/sub-GEO073_ses-t2_desc-preproc_T1w_trans.nii.gz) images
250528-08:09:35,676 nipype.interface INFO:
	 Generating visual report
250528-08:09:52,191 nipype.workflow INFO:
	 [Node] Finished "epi_t1_report", elapsed time 16.515274s.
250528-08:09:54,396 nipype.workflow INFO:
	 [Node] Setting-up "fmriprep_25_0_wf.sub_GEO073_wf.bold_ses_t2_task_image_run_5_wf.bold_confounds_wf.union_mask" in "/work/fmriprep_25_0_wf/sub_GEO073_wf/bold_ses_t2_task_image_run_5_wf/bold_confounds_wf/union_mask".
250528-08:09:55,129 nipype.workflow INFO:
	 [Node] Executing "union_mask" <nipype.interfaces.utility.wrappers.Function>
250528-08:09:55,193 nipype.workflow INFO:
	 [Node] Finished "union_mask", elapsed time 0.062862s.
250528-08:09:57,95 nipype.workflow INFO:
	 [Node] Setting-up "fmriprep_25_0_wf.sub_GEO073_wf.bold_ses_t2_task_image_run_4_wf.bold_confounds_wf.dilated_mask" in "/work/fmriprep_25_0_wf/sub_GEO073_wf/bold_ses_t2_task_image_run_4_wf/bold_confounds_wf/dilated_mask".
250528-08:09:58,292 nipype.workflow INFO:
	 [Node] Executing "dilated_mask" <niworkflows.interfaces.morphology.BinaryDilation>
250528-08:09:58,501 nipype.workflow INFO:
	 [Node] Finished "dilated_mask", elapsed time 0.208033s.
250528-08:09:59,114 nipype.workflow INFO:
	 [Node] Setting-up "fmriprep_25_0_wf.sub_GEO073_wf.bold_ses_t2_task_image_run_5_wf.bold_fit_wf.func_fit_reports_wf.ds_epi_t1_report" in "/work/fmriprep_25_0_wf/sub_GEO073_wf/bold_ses_t2_task_image_run_5_wf/bold_fit_wf/func_fit_reports_wf/ds_epi_t1_report".
250528-08:10:00,442 nipype.workflow INFO:
	 [Node] Executing "ds_epi_t1_report" <fmriprep.interfaces.DerivativesDataSink>
250528-08:10:01,494 nipype.workflow INFO:
	 [Node] Finished "ds_epi_t1_report", elapsed time 1.051112s.
250528-08:10:03,140 nipype.workflow INFO:
	 [Node] Setting-up "fmriprep_25_0_wf.sub_GEO073_wf.bold_ses_t2_task_image_run_5_wf.bold_confounds_wf.dilated_mask" in "/work/fmriprep_25_0_wf/sub_GEO073_wf/bold_ses_t2_task_image_run_5_wf/bold_confounds_wf/dilated_mask".
250528-08:10:04,104 nipype.workflow INFO:
	 [Node] Executing "dilated_mask" <niworkflows.interfaces.morphology.BinaryDilation>
250528-08:10:04,282 nipype.workflow INFO:
	 [Node] Finished "dilated_mask", elapsed time 0.176089s.
250528-08:10:07,116 nipype.workflow INFO:
	 [Node] Setting-up "fmriprep_25_0_wf.sub_GEO073_wf.bold_ses_t2_task_image_run_1_wf.bold_confounds_wf.acompcor" in "/work/fmriprep_25_0_wf/sub_GEO073_wf/bold_ses_t2_task_image_run_1_wf/bold_confounds_wf/acompcor".
250528-08:10:07,935 nipype.workflow INFO:
	 [Node] Executing "acompcor" <niworkflows.interfaces.patches.RobustACompCor>
250528-08:10:13,603 nipype.workflow INFO:
	 [Node] Finished "acompcor", elapsed time 5.665336s.
250528-08:10:15,97 nipype.workflow INFO:
	 [Node] Setting-up "fmriprep_25_0_wf.sub_GEO073_wf.bold_ses_t2_task_image_run_2_wf.bold_confounds_wf.acompcor" in "/work/fmriprep_25_0_wf/sub_GEO073_wf/bold_ses_t2_task_image_run_2_wf/bold_confounds_wf/acompcor".
250528-08:10:15,483 nipype.workflow INFO:
	 [Node] Executing "acompcor" <niworkflows.interfaces.patches.RobustACompCor>
250528-08:10:25,8 nipype.workflow INFO:
	 [Node] Finished "acompcor", elapsed time 9.523363s.
250528-08:10:27,58 nipype.workflow INFO:
	 [Node] Setting-up "fmriprep_25_0_wf.sub_GEO073_wf.bold_ses_t2_task_image_run_4_wf.bold_confounds_wf.subtract_mask" in "/work/fmriprep_25_0_wf/sub_GEO073_wf/bold_ses_t2_task_image_run_4_wf/bold_confounds_wf/subtract_mask".
250528-08:10:27,201 nipype.workflow INFO:
	 [Node] Executing "subtract_mask" <niworkflows.interfaces.morphology.BinarySubtraction>
250528-08:10:27,292 nipype.workflow INFO:
	 [Node] Finished "subtract_mask", elapsed time 0.086368s.
250528-08:10:29,59 nipype.workflow INFO:
	 [Node] Setting-up "fmriprep_25_0_wf.sub_GEO073_wf.bold_ses_t2_task_image_run_5_wf.bold_confounds_wf.subtract_mask" in "/work/fmriprep_25_0_wf/sub_GEO073_wf/bold_ses_t2_task_image_run_5_wf/bold_confounds_wf/subtract_mask".
250528-08:10:29,227 nipype.workflow INFO:
	 [Node] Executing "subtract_mask" <niworkflows.interfaces.morphology.BinarySubtraction>
250528-08:10:29,338 nipype.workflow INFO:
	 [Node] Finished "subtract_mask", elapsed time 0.110346s.
250528-08:10:31,76 nipype.workflow INFO:
	 [Node] Setting-up "fmriprep_25_0_wf.sub_GEO073_wf.bold_ses_t2_task_image_run_1_wf.bold_confounds_wf.crowncompcor" in "/work/fmriprep_25_0_wf/sub_GEO073_wf/bold_ses_t2_task_image_run_1_wf/bold_confounds_wf/crowncompcor".
250528-08:10:31,296 nipype.workflow INFO:
	 [Node] Executing "crowncompcor" <niworkflows.interfaces.patches.RobustACompCor>
250528-08:10:38,471 nipype.workflow INFO:
	 [Node] Finished "crowncompcor", elapsed time 7.174105s.
250528-08:10:39,74 nipype.workflow INFO:
	 [Node] Setting-up "fmriprep_25_0_wf.sub_GEO073_wf.bold_ses_t2_task_image_run_1_wf.bold_confounds_wf.rename_acompcor" in "/work/fmriprep_25_0_wf/sub_GEO073_wf/bold_ses_t2_task_image_run_1_wf/bold_confounds_wf/rename_acompcor".
250528-08:10:39,262 nipype.workflow INFO:
	 [Node] Executing "rename_acompcor" <fmriprep.interfaces.confounds.RenameACompCor>
250528-08:10:39,475 nipype.workflow INFO:
	 [Node] Finished "rename_acompcor", elapsed time 0.211174s.
250528-08:10:41,98 nipype.workflow INFO:
	 [Node] Setting-up "fmriprep_25_0_wf.sub_GEO073_wf.bold_ses_t2_task_image_run_1_wf.bold_confounds_wf.signals" in "/work/fmriprep_25_0_wf/sub_GEO073_wf/bold_ses_t2_task_image_run_1_wf/bold_confounds_wf/signals".
250528-08:10:41,341 nipype.workflow INFO:
	 [Node] Executing "signals" <niworkflows.interfaces.images.SignalExtraction>
250528-08:10:47,333 nipype.workflow INFO:
	 [Node] Finished "signals", elapsed time 5.990907s.
250528-08:10:49,189 nipype.workflow INFO:
	 [Node] Setting-up "fmriprep_25_0_wf.sub_GEO073_wf.bold_ses_t2_task_image_run_2_wf.bold_confounds_wf.crowncompcor" in "/work/fmriprep_25_0_wf/sub_GEO073_wf/bold_ses_t2_task_image_run_2_wf/bold_confounds_wf/crowncompcor".
250528-08:10:49,749 nipype.workflow INFO:
	 [Node] Executing "crowncompcor" <niworkflows.interfaces.patches.RobustACompCor>
250528-08:11:01,89 nipype.workflow INFO:
	 [Node] Finished "crowncompcor", elapsed time 11.335274s.
250528-08:11:03,134 nipype.workflow INFO:
	 [Node] Setting-up "fmriprep_25_0_wf.sub_GEO073_wf.bold_ses_t2_task_image_run_2_wf.bold_confounds_wf.rename_acompcor" in "/work/fmriprep_25_0_wf/sub_GEO073_wf/bold_ses_t2_task_image_run_2_wf/bold_confounds_wf/rename_acompcor".
250528-08:11:03,387 nipype.workflow INFO:
	 [Node] Executing "rename_acompcor" <fmriprep.interfaces.confounds.RenameACompCor>
250528-08:11:03,616 nipype.workflow INFO:
	 [Node] Finished "rename_acompcor", elapsed time 0.227649s.
250528-08:11:05,182 nipype.workflow INFO:
	 [Node] Setting-up "fmriprep_25_0_wf.sub_GEO073_wf.bold_ses_t2_task_image_run_2_wf.bold_confounds_wf.signals" in "/work/fmriprep_25_0_wf/sub_GEO073_wf/bold_ses_t2_task_image_run_2_wf/bold_confounds_wf/signals".
250528-08:11:05,459 nipype.workflow INFO:
	 [Node] Executing "signals" <niworkflows.interfaces.images.SignalExtraction>
250528-08:11:11,353 nipype.workflow INFO:
	 [Node] Finished "signals", elapsed time 5.893319s.
250528-08:11:13,200 nipype.workflow INFO:
	 [Node] Setting-up "fmriprep_25_0_wf.sub_GEO073_wf.bold_ses_t2_task_image_run_3_wf.bold_confounds_wf.crowncompcor" in "/work/fmriprep_25_0_wf/sub_GEO073_wf/bold_ses_t2_task_image_run_3_wf/bold_confounds_wf/crowncompcor".
250528-08:11:13,469 nipype.workflow INFO:
	 [Node] Executing "crowncompcor" <niworkflows.interfaces.patches.RobustACompCor>
250528-08:11:21,205 nipype.workflow INFO:
	 [Node] Finished "crowncompcor", elapsed time 7.7341180000000005s.
250528-08:11:23,147 nipype.workflow INFO:
	 [Node] Setting-up "fmriprep_25_0_wf.sub_GEO073_wf.bold_ses_t2_task_image_run_4_wf.bold_confounds_wf.crowncompcor" in "/work/fmriprep_25_0_wf/sub_GEO073_wf/bold_ses_t2_task_image_run_4_wf/bold_confounds_wf/crowncompcor".
250528-08:11:23,379 nipype.workflow INFO:
	 [Node] Executing "crowncompcor" <niworkflows.interfaces.patches.RobustACompCor>
250528-08:11:35,68 nipype.workflow INFO:
	 [Node] Finished "crowncompcor", elapsed time 11.677996s.
250528-08:11:37,202 nipype.workflow INFO:
	 [Node] Setting-up "fmriprep_25_0_wf.sub_GEO073_wf.bold_ses_t2_task_image_run_5_wf.bold_confounds_wf.crowncompcor" in "/work/fmriprep_25_0_wf/sub_GEO073_wf/bold_ses_t2_task_image_run_5_wf/bold_confounds_wf/crowncompcor".
250528-08:11:37,428 nipype.workflow INFO:
	 [Node] Executing "crowncompcor" <niworkflows.interfaces.patches.RobustACompCor>
250528-08:11:48,920 nipype.workflow INFO:
	 [Node] Finished "crowncompcor", elapsed time 11.490189s.
250528-08:11:51,236 nipype.workflow INFO:
	 [Node] Setting-up "fmriprep_25_0_wf.sub_GEO073_wf.bold_ses_t2_task_image_run_1_wf.bold_confounds_wf.crowncc_metadata_fmt" in "/work/fmriprep_25_0_wf/sub_GEO073_wf/bold_ses_t2_task_image_run_1_wf/bold_confounds_wf/crowncc_metadata_fmt".
250528-08:11:51,690 nipype.workflow INFO:
	 [Node] Executing "crowncc_metadata_fmt" <niworkflows.interfaces.utility.TSV2JSON>
250528-08:11:51,756 nipype.workflow INFO:
	 [Node] Finished "crowncc_metadata_fmt", elapsed time 0.065734s.
250528-08:11:53,639 nipype.workflow INFO:
	 [Node] Setting-up "fmriprep_25_0_wf.sub_GEO073_wf.bold_ses_t2_task_image_run_1_wf.bold_confounds_wf.rois_plot" in "/work/fmriprep_25_0_wf/sub_GEO073_wf/bold_ses_t2_task_image_run_1_wf/bold_confounds_wf/rois_plot".
250528-08:11:53,903 nipype.workflow INFO:
	 [Node] Executing "rois_plot" <niworkflows.interfaces.reportlets.masks.ROIsPlot>
250528-08:12:10,0 nipype.workflow INFO:
	 [Node] Finished "rois_plot", elapsed time 16.095636s.
250528-08:12:11,155 nipype.workflow INFO:
	 [Node] Setting-up "fmriprep_25_0_wf.sub_GEO073_wf.bold_ses_t2_task_image_run_1_wf.bold_confounds_wf.acc_metadata_filter" in "/work/fmriprep_25_0_wf/sub_GEO073_wf/bold_ses_t2_task_image_run_1_wf/bold_confounds_wf/acc_metadata_filter".
250528-08:12:11,321 nipype.workflow INFO:
	 [Node] Executing "acc_metadata_filter" <fmriprep.interfaces.confounds.FilterDropped>
250528-08:12:11,348 nipype.workflow INFO:
	 [Node] Finished "acc_metadata_filter", elapsed time 0.026174s.
250528-08:12:14,429 nipype.workflow INFO:
	 [Node] Setting-up "fmriprep_25_0_wf.sub_GEO073_wf.bold_ses_t2_task_image_run_2_wf.bold_confounds_wf.crowncc_metadata_fmt" in "/work/fmriprep_25_0_wf/sub_GEO073_wf/bold_ses_t2_task_image_run_2_wf/bold_confounds_wf/crowncc_metadata_fmt".
250528-08:12:14,605 nipype.workflow INFO:
	 [Node] Executing "crowncc_metadata_fmt" <niworkflows.interfaces.utility.TSV2JSON>
250528-08:12:14,619 nipype.workflow INFO:
	 [Node] Finished "crowncc_metadata_fmt", elapsed time 0.012285s.
250528-08:12:15,800 nipype.workflow INFO:
	 [Node] Setting-up "fmriprep_25_0_wf.sub_GEO073_wf.bold_ses_t2_task_image_run_2_wf.bold_confounds_wf.rois_plot" in "/work/fmriprep_25_0_wf/sub_GEO073_wf/bold_ses_t2_task_image_run_2_wf/bold_confounds_wf/rois_plot".
250528-08:12:16,90 nipype.workflow INFO:
	 [Node] Executing "rois_plot" <niworkflows.interfaces.reportlets.masks.ROIsPlot>
250528-08:12:31,599 nipype.workflow INFO:
	 [Node] Finished "rois_plot", elapsed time 15.508692s.
250528-08:12:33,189 nipype.workflow INFO:
	 [Node] Setting-up "fmriprep_25_0_wf.sub_GEO073_wf.bold_ses_t2_task_image_run_2_wf.bold_confounds_wf.acc_metadata_filter" in "/work/fmriprep_25_0_wf/sub_GEO073_wf/bold_ses_t2_task_image_run_2_wf/bold_confounds_wf/acc_metadata_filter".
250528-08:12:33,422 nipype.workflow INFO:
	 [Node] Executing "acc_metadata_filter" <fmriprep.interfaces.confounds.FilterDropped>
250528-08:12:33,458 nipype.workflow INFO:
	 [Node] Finished "acc_metadata_filter", elapsed time 0.035108s.
250528-08:12:36,478 nipype.workflow INFO:
	 [Node] Setting-up "fmriprep_25_0_wf.sub_GEO073_wf.bold_ses_t2_task_image_run_3_wf.bold_confounds_wf.crowncc_metadata_fmt" in "/work/fmriprep_25_0_wf/sub_GEO073_wf/bold_ses_t2_task_image_run_3_wf/bold_confounds_wf/crowncc_metadata_fmt".
250528-08:12:36,686 nipype.workflow INFO:
	 [Node] Executing "crowncc_metadata_fmt" <niworkflows.interfaces.utility.TSV2JSON>
250528-08:12:36,696 nipype.workflow INFO:
	 [Node] Finished "crowncc_metadata_fmt", elapsed time 0.008354s.
250528-08:12:37,228 nipype.workflow INFO:
	 [Node] Setting-up "fmriprep_25_0_wf.sub_GEO073_wf.bold_ses_t2_task_image_run_4_wf.bold_confounds_wf.crowncc_metadata_fmt" in "/work/fmriprep_25_0_wf/sub_GEO073_wf/bold_ses_t2_task_image_run_4_wf/bold_confounds_wf/crowncc_metadata_fmt".
250528-08:12:37,405 nipype.workflow INFO:
	 [Node] Executing "crowncc_metadata_fmt" <niworkflows.interfaces.utility.TSV2JSON>
250528-08:12:37,413 nipype.workflow INFO:
	 [Node] Finished "crowncc_metadata_fmt", elapsed time 0.00736s.
250528-08:12:39,212 nipype.workflow INFO:
	 [Node] Setting-up "fmriprep_25_0_wf.sub_GEO073_wf.bold_ses_t2_task_image_run_5_wf.bold_confounds_wf.crowncc_metadata_fmt" in "/work/fmriprep_25_0_wf/sub_GEO073_wf/bold_ses_t2_task_image_run_5_wf/bold_confounds_wf/crowncc_metadata_fmt".
250528-08:12:39,383 nipype.workflow INFO:
	 [Node] Executing "crowncc_metadata_fmt" <niworkflows.interfaces.utility.TSV2JSON>
250528-08:12:39,393 nipype.workflow INFO:
	 [Node] Finished "crowncc_metadata_fmt", elapsed time 0.008416s.
250528-08:12:41,214 nipype.workflow INFO:
	 [Node] Setting-up "fmriprep_25_0_wf.sub_GEO073_wf.bold_ses_t2_task_image_run_1_wf.bold_confounds_wf.compcor_plot" in "/work/fmriprep_25_0_wf/sub_GEO073_wf/bold_ses_t2_task_image_run_1_wf/bold_confounds_wf/compcor_plot".
250528-08:12:41,411 nipype.workflow INFO:
	 [Node] Executing "compcor_plot" <nireports.interfaces.nuisance.CompCorVariancePlot>
250528-08:12:41,917 nipype.workflow INFO:
	 [Node] Finished "compcor_plot", elapsed time 0.505113s.
250528-08:12:43,745 nipype.workflow INFO:
	 [Node] Setting-up "fmriprep_25_0_wf.sub_GEO073_wf.bold_ses_t2_task_image_run_1_wf.bold_confounds_wf.acc_metadata_fmt" in "/work/fmriprep_25_0_wf/sub_GEO073_wf/bold_ses_t2_task_image_run_1_wf/bold_confounds_wf/acc_metadata_fmt".
250528-08:12:43,893 nipype.workflow INFO:
	 [Node] Executing "acc_metadata_fmt" <niworkflows.interfaces.utility.TSV2JSON>
250528-08:12:43,903 nipype.workflow INFO:
	 [Node] Finished "acc_metadata_fmt", elapsed time 0.008463s.
250528-08:12:45,236 nipype.workflow INFO:
	 [Node] Setting-up "fmriprep_25_0_wf.sub_GEO073_wf.bold_ses_t2_task_image_run_1_wf.bold_confounds_wf.model_expansion" in "/work/fmriprep_25_0_wf/sub_GEO073_wf/bold_ses_t2_task_image_run_1_wf/bold_confounds_wf/model_expansion".
250528-08:12:45,395 nipype.workflow INFO:
	 [Node] Executing "model_expansion" <niworkflows.interfaces.confounds.ExpandModel>
250528-08:12:45,579 nipype.workflow INFO:
	 [Node] Finished "model_expansion", elapsed time 0.182732s.
250528-08:12:47,580 nipype.workflow INFO:
	 [Node] Setting-up "fmriprep_25_0_wf.sub_GEO073_wf.bold_ses_t2_task_image_run_1_wf.bold_confounds_wf.conf_corr_plot" in "/work/fmriprep_25_0_wf/sub_GEO073_wf/bold_ses_t2_task_image_run_1_wf/bold_confounds_wf/conf_corr_plot".
250528-08:12:47,886 nipype.workflow INFO:
	 [Node] Executing "conf_corr_plot" <nireports.interfaces.nuisance.ConfoundsCorrelationPlot>
250528-08:12:48,933 nipype.workflow INFO:
	 [Node] Finished "conf_corr_plot", elapsed time 1.046058s.
250528-08:12:51,190 nipype.workflow INFO:
	 [Node] Setting-up "fmriprep_25_0_wf.sub_GEO073_wf.bold_ses_t2_task_image_run_2_wf.bold_confounds_wf.compcor_plot" in "/work/fmriprep_25_0_wf/sub_GEO073_wf/bold_ses_t2_task_image_run_2_wf/bold_confounds_wf/compcor_plot".
250528-08:12:51,354 nipype.workflow INFO:
	 [Node] Executing "compcor_plot" <nireports.interfaces.nuisance.CompCorVariancePlot>
250528-08:12:51,639 nipype.workflow INFO:
	 [Node] Finished "compcor_plot", elapsed time 0.283935s.
250528-08:12:53,980 nipype.workflow INFO:
	 [Node] Setting-up "fmriprep_25_0_wf.sub_GEO073_wf.bold_ses_t2_task_image_run_2_wf.bold_confounds_wf.acc_metadata_fmt" in "/work/fmriprep_25_0_wf/sub_GEO073_wf/bold_ses_t2_task_image_run_2_wf/bold_confounds_wf/acc_metadata_fmt".
250528-08:12:54,124 nipype.workflow INFO:
	 [Node] Executing "acc_metadata_fmt" <niworkflows.interfaces.utility.TSV2JSON>
250528-08:12:54,133 nipype.workflow INFO:
	 [Node] Finished "acc_metadata_fmt", elapsed time 0.00829s.
250528-08:12:55,203 nipype.workflow INFO:
	 [Node] Setting-up "fmriprep_25_0_wf.sub_GEO073_wf.bold_ses_t2_task_image_run_2_wf.bold_confounds_wf.model_expansion" in "/work/fmriprep_25_0_wf/sub_GEO073_wf/bold_ses_t2_task_image_run_2_wf/bold_confounds_wf/model_expansion".
250528-08:12:55,357 nipype.workflow INFO:
	 [Node] Executing "model_expansion" <niworkflows.interfaces.confounds.ExpandModel>
250528-08:12:55,535 nipype.workflow INFO:
	 [Node] Finished "model_expansion", elapsed time 0.17597s.
250528-08:12:57,246 nipype.workflow INFO:
	 [Node] Setting-up "fmriprep_25_0_wf.sub_GEO073_wf.bold_ses_t2_task_image_run_2_wf.bold_confounds_wf.conf_corr_plot" in "/work/fmriprep_25_0_wf/sub_GEO073_wf/bold_ses_t2_task_image_run_2_wf/bold_confounds_wf/conf_corr_plot".
250528-08:12:57,459 nipype.workflow INFO:
	 [Node] Executing "conf_corr_plot" <nireports.interfaces.nuisance.ConfoundsCorrelationPlot>
250528-08:12:58,272 nipype.workflow INFO:
	 [Node] Finished "conf_corr_plot", elapsed time 0.812208s.
250528-08:13:00,574 nipype.workflow INFO:
	 [Node] Setting-up "fmriprep_25_0_wf.sub_GEO073_wf.bold_ses_t2_task_image_run_1_wf.bold_confounds_wf.spike_regressors" in "/work/fmriprep_25_0_wf/sub_GEO073_wf/bold_ses_t2_task_image_run_1_wf/bold_confounds_wf/spike_regressors".
250528-08:13:00,716 nipype.workflow INFO:
	 [Node] Executing "spike_regressors" <niworkflows.interfaces.confounds.SpikeRegressors>
250528-08:13:00,866 nipype.workflow INFO:
	 [Node] Finished "spike_regressors", elapsed time 0.149523s.
250528-08:13:03,456 nipype.workflow INFO:
	 [Node] Setting-up "fmriprep_25_0_wf.sub_GEO073_wf.bold_ses_t2_task_image_run_2_wf.bold_confounds_wf.spike_regressors" in "/work/fmriprep_25_0_wf/sub_GEO073_wf/bold_ses_t2_task_image_run_2_wf/bold_confounds_wf/spike_regressors".
250528-08:13:03,608 nipype.workflow INFO:
	 [Node] Executing "spike_regressors" <niworkflows.interfaces.confounds.SpikeRegressors>
250528-08:13:03,760 nipype.workflow INFO:
	 [Node] Finished "spike_regressors", elapsed time 0.151781s.
250528-08:13:07,707 nipype.workflow INFO:
	 [Node] Setting-up "_msmsulc0" in "/work/fmriprep_25_0_wf/sub_GEO073_wf/anat_fit_wf/msm_sulc_wf/msmsulc/mapflow/_msmsulc0".
250528-08:13:08,254 nipype.workflow INFO:
	 [Node] Executing "_msmsulc0" <smriprep.interfaces.msm.MSM>
250528-08:30:13,457 nipype.workflow INFO:
	 [Node] Finished "registration", elapsed time 1294.734427s.
250528-08:30:14,634 nipype.workflow INFO:
	 [Node] Setting-up "fmriprep_25_0_wf.sub_GEO073_wf.anat_fit_wf.register_template_wf.outputnode" in "/work/fmriprep_25_0_wf/sub_GEO073_wf/anat_fit_wf/register_template_wf/outputnode".
250528-08:30:15,7 nipype.workflow INFO:
	 [Node] Executing "outputnode" <nipype.interfaces.utility.base.IdentityInterface>
250528-08:30:15,9 nipype.workflow INFO:
	 [Node] Finished "outputnode", elapsed time 0.000724s.
250528-08:30:17,156 nipype.workflow INFO:
	 [Node] Setting-up "_msmsulc1" in "/work/fmriprep_25_0_wf/sub_GEO073_wf/anat_fit_wf/msm_sulc_wf/msmsulc/mapflow/_msmsulc1".
250528-08:30:17,223 nipype.workflow INFO:
	 [Node] Setting-up "_acc_msk_bin2" in "/work/fmriprep_25_0_wf/sub_GEO073_wf/bold_ses_t2_task_image_run_3_wf/bold_confounds_wf/acc_msk_bin/mapflow/_acc_msk_bin2".
250528-08:30:17,310 nipype.workflow INFO:
	 [Node] Setting-up "_acc_msk_brain0" in "/work/fmriprep_25_0_wf/sub_GEO073_wf/bold_ses_t2_task_image_run_4_wf/bold_confounds_wf/acc_msk_brain/mapflow/_acc_msk_brain0".
250528-08:30:17,328 nipype.workflow INFO:
	 [Node] Setting-up "_acc_msk_brain1" in "/work/fmriprep_25_0_wf/sub_GEO073_wf/bold_ses_t2_task_image_run_4_wf/bold_confounds_wf/acc_msk_brain/mapflow/_acc_msk_brain1".
250528-08:30:17,356 nipype.workflow INFO:
	 [Node] Executing "_msmsulc1" <smriprep.interfaces.msm.MSM>
250528-08:30:17,359 nipype.workflow INFO:
	 [Node] Setting-up "_acc_msk_brain2" in "/work/fmriprep_25_0_wf/sub_GEO073_wf/bold_ses_t2_task_image_run_4_wf/bold_confounds_wf/acc_msk_brain/mapflow/_acc_msk_brain2".
250528-08:30:17,422 nipype.workflow INFO:
	 [Node] Executing "_acc_msk_bin2" <niworkflows.interfaces.nibabel.Binarize>
250528-08:30:17,426 nipype.workflow INFO:
	 [Node] Setting-up "_acc_msk_tfm0" in "/work/fmriprep_25_0_wf/sub_GEO073_wf/bold_ses_t2_task_image_run_5_wf/bold_confounds_wf/acc_msk_tfm/mapflow/_acc_msk_tfm0".
250528-08:30:17,582 nipype.workflow INFO:
	 [Node] Finished "_acc_msk_bin2", elapsed time 0.159588s.
250528-08:30:17,693 nipype.workflow INFO:
	 [Node] Setting-up "fmriprep_25_0_wf.sub_GEO073_wf.anat_fit_wf.template_buffer" in "/work/fmriprep_25_0_wf/sub_GEO073_wf/anat_fit_wf/template_buffer".
250528-08:30:17,706 nipype.workflow INFO:
	 [Node] Executing "_acc_msk_brain0" <niworkflows.interfaces.nibabel.ApplyMask>
250528-08:30:17,807 nipype.workflow INFO:
	 [Node] Executing "_acc_msk_brain1" <niworkflows.interfaces.nibabel.ApplyMask>
250528-08:30:17,842 nipype.workflow INFO:
	 [Node] Executing "_acc_msk_brain2" <niworkflows.interfaces.nibabel.ApplyMask>
250528-08:30:17,869 nipype.workflow INFO:
	 [Node] Finished "_acc_msk_brain0", elapsed time 0.161939s.
250528-08:30:17,903 nipype.workflow INFO:
	 [Node] Executing "_acc_msk_tfm0" <niworkflows.interfaces.fixes.FixHeaderApplyTransforms>
250528-08:30:17,924 nipype.workflow INFO:
	 [Node] Finished "_acc_msk_brain1", elapsed time 0.116331s.
250528-08:30:17,952 nipype.workflow INFO:
	 [Node] Executing "template_buffer" <nipype.interfaces.utility.base.Merge>
250528-08:30:17,953 nipype.workflow INFO:
	 [Node] Finished "template_buffer", elapsed time 0.000575s.
250528-08:30:17,977 nipype.workflow INFO:
	 [Node] Finished "_acc_msk_brain2", elapsed time 0.134256s.
250528-08:30:19,455 nipype.workflow INFO:
	 [Node] Finished "_acc_msk_tfm0", elapsed time 1.550656s.
250528-08:30:24,714 nipype.workflow INFO:
	 [Node] Setting-up "_acc_msk_tfm1" in "/work/fmriprep_25_0_wf/sub_GEO073_wf/bold_ses_t2_task_image_run_5_wf/bold_confounds_wf/acc_msk_tfm/mapflow/_acc_msk_tfm1".
250528-08:30:24,724 nipype.workflow INFO:
	 [Node] Setting-up "_acc_msk_tfm2" in "/work/fmriprep_25_0_wf/sub_GEO073_wf/bold_ses_t2_task_image_run_5_wf/bold_confounds_wf/acc_msk_tfm/mapflow/_acc_msk_tfm2".
250528-08:30:24,878 nipype.workflow INFO:
	 [Node] Setting-up "_acc_msk_brain0" in "/work/fmriprep_25_0_wf/sub_GEO073_wf/bold_ses_t2_task_image_run_4_wf/bold_confounds_wf/acc_msk_brain/mapflow/_acc_msk_brain0".
250528-08:30:24,883 nipype.workflow INFO:
	 [Node] Cached "_acc_msk_brain0" - collecting precomputed outputs
250528-08:30:24,883 nipype.workflow INFO:
	 [Node] "_acc_msk_brain0" found cached.
250528-08:30:24,883 nipype.workflow INFO:
	 [Node] Setting-up "_acc_msk_bin0" in "/work/fmriprep_25_0_wf/sub_GEO073_wf/bold_ses_t2_task_image_run_3_wf/bold_confounds_wf/acc_msk_bin/mapflow/_acc_msk_bin0".
250528-08:30:24,883 nipype.workflow INFO:
	 [Node] Setting-up "_acc_msk_brain1" in "/work/fmriprep_25_0_wf/sub_GEO073_wf/bold_ses_t2_task_image_run_4_wf/bold_confounds_wf/acc_msk_brain/mapflow/_acc_msk_brain1".
250528-08:30:24,889 nipype.workflow INFO:
	 [Node] Cached "_acc_msk_brain1" - collecting precomputed outputs
250528-08:30:24,889 nipype.workflow INFO:
	 [Node] "_acc_msk_brain1" found cached.
250528-08:30:24,889 nipype.workflow INFO:
	 [Node] Setting-up "_acc_msk_brain2" in "/work/fmriprep_25_0_wf/sub_GEO073_wf/bold_ses_t2_task_image_run_4_wf/bold_confounds_wf/acc_msk_brain/mapflow/_acc_msk_brain2".
250528-08:30:24,896 nipype.workflow INFO:
	 [Node] Cached "_acc_msk_brain2" - collecting precomputed outputs
250528-08:30:24,896 nipype.workflow INFO:
	 [Node] "_acc_msk_brain2" found cached.
250528-08:30:24,907 nipype.workflow INFO:
	 [Node] Cached "_acc_msk_bin0" - collecting precomputed outputs
250528-08:30:24,907 nipype.workflow INFO:
	 [Node] "_acc_msk_bin0" found cached.
250528-08:30:24,914 nipype.workflow INFO:
	 [Node] Setting-up "_acc_msk_bin1" in "/work/fmriprep_25_0_wf/sub_GEO073_wf/bold_ses_t2_task_image_run_3_wf/bold_confounds_wf/acc_msk_bin/mapflow/_acc_msk_bin1".
250528-08:30:24,929 nipype.workflow INFO:
	 [Node] Executing "_acc_msk_tfm1" <niworkflows.interfaces.fixes.FixHeaderApplyTransforms>
250528-08:30:24,943 nipype.workflow INFO:
	 [Node] Executing "_acc_msk_tfm2" <niworkflows.interfaces.fixes.FixHeaderApplyTransforms>
250528-08:30:24,949 nipype.workflow INFO:
	 [Node] Cached "_acc_msk_bin1" - collecting precomputed outputs
250528-08:30:24,949 nipype.workflow INFO:
	 [Node] "_acc_msk_bin1" found cached.
250528-08:30:24,949 nipype.workflow INFO:
	 [Node] Setting-up "_acc_msk_bin2" in "/work/fmriprep_25_0_wf/sub_GEO073_wf/bold_ses_t2_task_image_run_3_wf/bold_confounds_wf/acc_msk_bin/mapflow/_acc_msk_bin2".
250528-08:30:24,955 nipype.workflow INFO:
	 [Node] Cached "_acc_msk_bin2" - collecting precomputed outputs
250528-08:30:24,956 nipype.workflow INFO:
	 [Node] "_acc_msk_bin2" found cached.
250528-08:30:24,965 nipype.workflow INFO:
	 [Node] Setting-up "fmriprep_25_0_wf.sub_GEO073_wf.anat_fit_wf.anat2std_buffer" in "/work/fmriprep_25_0_wf/sub_GEO073_wf/anat_fit_wf/anat2std_buffer".
250528-08:30:24,966 nipype.workflow INFO:
	 [Node] Setting-up "fmriprep_25_0_wf.sub_GEO073_wf.anat_fit_wf.std2anat_buffer" in "/work/fmriprep_25_0_wf/sub_GEO073_wf/anat_fit_wf/std2anat_buffer".
250528-08:30:25,220 nipype.workflow INFO:
	 [Node] Executing "std2anat_buffer" <nipype.interfaces.utility.base.Merge>
250528-08:30:25,222 nipype.workflow INFO:
	 [Node] Finished "std2anat_buffer", elapsed time 0.00056s.
250528-08:30:25,238 nipype.workflow INFO:
	 [Node] Executing "anat2std_buffer" <nipype.interfaces.utility.base.Merge>
250528-08:30:25,240 nipype.workflow INFO:
	 [Node] Finished "anat2std_buffer", elapsed time 0.000647s.
250528-08:30:25,825 nipype.workflow INFO:
	 [Node] Finished "_acc_msk_tfm2", elapsed time 0.880636s.
250528-08:30:25,846 nipype.workflow INFO:
	 [Node] Finished "_acc_msk_tfm1", elapsed time 0.91562s.
250528-08:30:29,296 nipype.workflow INFO:
	 [Node] Setting-up "fmriprep_25_0_wf.sub_GEO073_wf.bold_ses_t2_task_image_run_3_wf.bold_confounds_wf.acompcor" in "/work/fmriprep_25_0_wf/sub_GEO073_wf/bold_ses_t2_task_image_run_3_wf/bold_confounds_wf/acompcor".
250528-08:30:29,359 nipype.workflow INFO:
	 [Node] Setting-up "_acc_msk_tfm0" in "/work/fmriprep_25_0_wf/sub_GEO073_wf/bold_ses_t2_task_image_run_5_wf/bold_confounds_wf/acc_msk_tfm/mapflow/_acc_msk_tfm0".
250528-08:30:29,364 nipype.workflow INFO:
	 [Node] Cached "_acc_msk_tfm0" - collecting precomputed outputs
250528-08:30:29,364 nipype.workflow INFO:
	 [Node] "_acc_msk_tfm0" found cached.
250528-08:30:29,365 nipype.workflow INFO:
	 [Node] Setting-up "_acc_msk_tfm1" in "/work/fmriprep_25_0_wf/sub_GEO073_wf/bold_ses_t2_task_image_run_5_wf/bold_confounds_wf/acc_msk_tfm/mapflow/_acc_msk_tfm1".
250528-08:30:29,370 nipype.workflow INFO:
	 [Node] Cached "_acc_msk_tfm1" - collecting precomputed outputs
250528-08:30:29,370 nipype.workflow INFO:
	 [Node] "_acc_msk_tfm1" found cached.
250528-08:30:29,371 nipype.workflow INFO:
	 [Node] Setting-up "_acc_msk_tfm2" in "/work/fmriprep_25_0_wf/sub_GEO073_wf/bold_ses_t2_task_image_run_5_wf/bold_confounds_wf/acc_msk_tfm/mapflow/_acc_msk_tfm2".
250528-08:30:29,376 nipype.workflow INFO:
	 [Node] Cached "_acc_msk_tfm2" - collecting precomputed outputs
250528-08:30:29,376 nipype.workflow INFO:
	 [Node] "_acc_msk_tfm2" found cached.
250528-08:30:29,572 nipype.workflow INFO:
	 [Node] Executing "acompcor" <niworkflows.interfaces.patches.RobustACompCor>
250528-08:30:30,760 nipype.workflow INFO:
	 [Node] Setting-up "fmriprep_25_0_wf.sub_GEO073_wf.ds_std_volumes_wf.anat2std_mask" in "/work/fmriprep_25_0_wf/sub_GEO073_wf/ds_std_volumes_wf/_in_tuple_MNI152NLin2009cAsym.resnative/anat2std_mask".
250528-08:30:30,762 nipype.workflow INFO:
	 [Node] Setting-up "fmriprep_25_0_wf.sub_GEO073_wf.ds_std_volumes_wf.anat2std_dseg" in "/work/fmriprep_25_0_wf/sub_GEO073_wf/ds_std_volumes_wf/_in_tuple_MNI152NLin2009cAsym.resnative/anat2std_dseg".
250528-08:30:30,944 nipype.workflow INFO:
	 [Node] Setting-up "fmriprep_25_0_wf.sub_GEO073_wf.ds_std_volumes_wf.anat2std_t1w" in "/work/fmriprep_25_0_wf/sub_GEO073_wf/ds_std_volumes_wf/_in_tuple_MNI152NLin2009cAsym.resnative/anat2std_t1w".
250528-08:30:31,6 nipype.workflow INFO:
	 [Node] Executing "anat2std_dseg" <niworkflows.interfaces.fixes.FixHeaderApplyTransforms>
250528-08:30:31,78 nipype.workflow INFO:
	 [Node] Executing "anat2std_mask" <niworkflows.interfaces.fixes.FixHeaderApplyTransforms>
250528-08:30:31,288 nipype.workflow INFO:
	 [Node] Executing "anat2std_t1w" <niworkflows.interfaces.fixes.FixHeaderApplyTransforms>
250528-08:30:35,91 nipype.workflow INFO:
	 [Node] Finished "acompcor", elapsed time 5.518272s.
250528-08:30:36,755 nipype.workflow INFO:
	 [Node] Setting-up "fmriprep_25_0_wf.sub_GEO073_wf.anat_fit_wf.anat_reports_wf.t1w_std" in "/work/fmriprep_25_0_wf/sub_GEO073_wf/anat_fit_wf/anat_reports_wf/_in_tuple_MNI152NLin2009cAsym.resnative/t1w_std".
250528-08:30:36,755 nipype.workflow INFO:
	 [Node] Setting-up "fmriprep_25_0_wf.sub_GEO073_wf.anat_fit_wf.anat_reports_wf.mask_std" in "/work/fmriprep_25_0_wf/sub_GEO073_wf/anat_fit_wf/anat_reports_wf/_in_tuple_MNI152NLin2009cAsym.resnative/mask_std".
250528-08:30:36,756 nipype.workflow INFO:
	 [Node] Setting-up "fmriprep_25_0_wf.sub_GEO073_wf.bold_ses_t2_task_image_run_1_wf.carpetplot_wf.mrg_xfms" in "/work/fmriprep_25_0_wf/sub_GEO073_wf/bold_ses_t2_task_image_run_1_wf/carpetplot_wf/mrg_xfms".
250528-08:30:37,61 nipype.workflow INFO:
	 [Node] Executing "mrg_xfms" <nipype.interfaces.utility.base.Merge>
250528-08:30:37,63 nipype.workflow INFO:
	 [Node] Finished "mrg_xfms", elapsed time 0.00055s.
250528-08:30:37,87 nipype.workflow INFO:
	 [Node] Executing "mask_std" <niworkflows.interfaces.fixes.FixHeaderApplyTransforms>
250528-08:30:37,150 nipype.workflow INFO:
	 [Node] Executing "t1w_std" <niworkflows.interfaces.fixes.FixHeaderApplyTransforms>
250528-08:30:38,784 nipype.workflow INFO:
	 [Node] Setting-up "fmriprep_25_0_wf.sub_GEO073_wf.bold_ses_t2_task_image_run_1_wf.ds_bold_std_wf.sources" in "/work/fmriprep_25_0_wf/sub_GEO073_wf/bold_ses_t2_task_image_run_1_wf/ds_bold_std_wf/_in_tuple_MNI152NLin2009cAsym.resnative/sources".
250528-08:30:39,136 nipype.workflow INFO:
	 [Node] Executing "sources" <fmriprep.interfaces.bids.BIDSURI>
250528-08:30:39,139 nipype.workflow INFO:
	 [Node] Finished "sources", elapsed time 0.001199s.
250528-08:30:40,766 nipype.workflow INFO:
	 [Node] Setting-up "fmriprep_25_0_wf.sub_GEO073_wf.bold_ses_t2_task_image_run_1_wf.ds_bold_std_wf.boldref2target" in "/work/fmriprep_25_0_wf/sub_GEO073_wf/bold_ses_t2_task_image_run_1_wf/ds_bold_std_wf/_in_tuple_MNI152NLin2009cAsym.resnative/boldref2target".
250528-08:30:40,952 nipype.workflow INFO:
	 [Node] Executing "boldref2target" <nipype.interfaces.utility.base.Merge>
250528-08:30:40,954 nipype.workflow INFO:
	 [Node] Finished "boldref2target", elapsed time 0.000619s.
250528-08:30:43,311 nipype.workflow INFO:
	 [Node] Setting-up "fmriprep_25_0_wf.sub_GEO073_wf.bold_ses_t2_task_image_run_2_wf.carpetplot_wf.mrg_xfms" in "/work/fmriprep_25_0_wf/sub_GEO073_wf/bold_ses_t2_task_image_run_2_wf/carpetplot_wf/mrg_xfms".
250528-08:30:43,558 nipype.workflow INFO:
	 [Node] Executing "mrg_xfms" <nipype.interfaces.utility.base.Merge>
250528-08:30:43,560 nipype.workflow INFO:
	 [Node] Finished "mrg_xfms", elapsed time 0.00078s.
250528-08:30:45,320 nipype.workflow INFO:
	 [Node] Setting-up "fmriprep_25_0_wf.sub_GEO073_wf.bold_ses_t2_task_image_run_2_wf.ds_bold_std_wf.sources" in "/work/fmriprep_25_0_wf/sub_GEO073_wf/bold_ses_t2_task_image_run_2_wf/ds_bold_std_wf/_in_tuple_MNI152NLin2009cAsym.resnative/sources".
250528-08:30:45,878 nipype.workflow INFO:
	 [Node] Executing "sources" <fmriprep.interfaces.bids.BIDSURI>
250528-08:30:45,880 nipype.workflow INFO:
	 [Node] Finished "sources", elapsed time 0.001214s.
250528-08:30:46,738 nipype.workflow INFO:
	 [Node] Setting-up "fmriprep_25_0_wf.sub_GEO073_wf.bold_ses_t2_task_image_run_2_wf.ds_bold_std_wf.boldref2target" in "/work/fmriprep_25_0_wf/sub_GEO073_wf/bold_ses_t2_task_image_run_2_wf/ds_bold_std_wf/_in_tuple_MNI152NLin2009cAsym.resnative/boldref2target".
250528-08:30:46,917 nipype.workflow INFO:
	 [Node] Executing "boldref2target" <nipype.interfaces.utility.base.Merge>
250528-08:30:46,919 nipype.workflow INFO:
	 [Node] Finished "boldref2target", elapsed time 0.000668s.
250528-08:30:48,740 nipype.workflow INFO:
	 [Node] Setting-up "fmriprep_25_0_wf.sub_GEO073_wf.bold_ses_t2_task_image_run_3_wf.carpetplot_wf.mrg_xfms" in "/work/fmriprep_25_0_wf/sub_GEO073_wf/bold_ses_t2_task_image_run_3_wf/carpetplot_wf/mrg_xfms".
250528-08:30:48,964 nipype.workflow INFO:
	 [Node] Executing "mrg_xfms" <nipype.interfaces.utility.base.Merge>
250528-08:30:48,966 nipype.workflow INFO:
	 [Node] Finished "mrg_xfms", elapsed time 0.000471s.
250528-08:30:50,770 nipype.workflow INFO:
	 [Node] Setting-up "fmriprep_25_0_wf.sub_GEO073_wf.bold_ses_t2_task_image_run_3_wf.ds_bold_std_wf.boldref2target" in "/work/fmriprep_25_0_wf/sub_GEO073_wf/bold_ses_t2_task_image_run_3_wf/ds_bold_std_wf/_in_tuple_MNI152NLin2009cAsym.resnative/boldref2target".
250528-08:30:50,997 nipype.workflow INFO:
	 [Node] Executing "boldref2target" <nipype.interfaces.utility.base.Merge>
250528-08:30:50,998 nipype.workflow INFO:
	 [Node] Finished "boldref2target", elapsed time 0.000596s.
250528-08:30:53,286 nipype.workflow INFO:
	 [Node] Setting-up "fmriprep_25_0_wf.sub_GEO073_wf.bold_ses_t2_task_image_run_3_wf.ds_bold_std_wf.sources" in "/work/fmriprep_25_0_wf/sub_GEO073_wf/bold_ses_t2_task_image_run_3_wf/ds_bold_std_wf/_in_tuple_MNI152NLin2009cAsym.resnative/sources".
250528-08:30:53,593 nipype.workflow INFO:
	 [Node] Executing "sources" <fmriprep.interfaces.bids.BIDSURI>
250528-08:30:53,596 nipype.workflow INFO:
	 [Node] Finished "sources", elapsed time 0.001522s.
250528-08:30:54,753 nipype.workflow INFO:
	 [Node] Setting-up "fmriprep_25_0_wf.sub_GEO073_wf.bold_ses_t2_task_image_run_4_wf.carpetplot_wf.mrg_xfms" in "/work/fmriprep_25_0_wf/sub_GEO073_wf/bold_ses_t2_task_image_run_4_wf/carpetplot_wf/mrg_xfms".
250528-08:30:55,17 nipype.workflow INFO:
	 [Node] Executing "mrg_xfms" <nipype.interfaces.utility.base.Merge>
250528-08:30:55,19 nipype.workflow INFO:
	 [Node] Finished "mrg_xfms", elapsed time 0.000705s.
250528-08:30:57,337 nipype.workflow INFO:
	 [Node] Setting-up "fmriprep_25_0_wf.sub_GEO073_wf.bold_ses_t2_task_image_run_4_wf.ds_bold_std_wf.boldref2target" in "/work/fmriprep_25_0_wf/sub_GEO073_wf/bold_ses_t2_task_image_run_4_wf/ds_bold_std_wf/_in_tuple_MNI152NLin2009cAsym.resnative/boldref2target".
250528-08:30:57,512 nipype.workflow INFO:
	 [Node] Executing "boldref2target" <nipype.interfaces.utility.base.Merge>
250528-08:30:57,514 nipype.workflow INFO:
	 [Node] Finished "boldref2target", elapsed time 0.000604s.
250528-08:30:58,750 nipype.workflow INFO:
	 [Node] Setting-up "fmriprep_25_0_wf.sub_GEO073_wf.bold_ses_t2_task_image_run_4_wf.ds_bold_std_wf.sources" in "/work/fmriprep_25_0_wf/sub_GEO073_wf/bold_ses_t2_task_image_run_4_wf/ds_bold_std_wf/_in_tuple_MNI152NLin2009cAsym.resnative/sources".
250528-08:30:58,981 nipype.workflow INFO:
	 [Node] Executing "sources" <fmriprep.interfaces.bids.BIDSURI>
250528-08:30:58,983 nipype.workflow INFO:
	 [Node] Finished "sources", elapsed time 0.001288s.
250528-08:31:00,744 nipype.workflow INFO:
	 [Node] Setting-up "fmriprep_25_0_wf.sub_GEO073_wf.bold_ses_t2_task_image_run_5_wf.carpetplot_wf.mrg_xfms" in "/work/fmriprep_25_0_wf/sub_GEO073_wf/bold_ses_t2_task_image_run_5_wf/carpetplot_wf/mrg_xfms".
250528-08:31:00,985 nipype.workflow INFO:
	 [Node] Executing "mrg_xfms" <nipype.interfaces.utility.base.Merge>
250528-08:31:00,986 nipype.workflow INFO:
	 [Node] Finished "mrg_xfms", elapsed time 0.000525s.
250528-08:31:01,12 nipype.workflow INFO:
	 [Node] Finished "anat2std_t1w", elapsed time 29.7231s.
250528-08:31:02,801 nipype.workflow INFO:
	 [Node] Setting-up "fmriprep_25_0_wf.sub_GEO073_wf.bold_ses_t2_task_image_run_5_wf.ds_bold_std_wf.boldref2target" in "/work/fmriprep_25_0_wf/sub_GEO073_wf/bold_ses_t2_task_image_run_5_wf/ds_bold_std_wf/_in_tuple_MNI152NLin2009cAsym.resnative/boldref2target".
250528-08:31:03,109 nipype.workflow INFO:
	 [Node] Executing "boldref2target" <nipype.interfaces.utility.base.Merge>
250528-08:31:03,112 nipype.workflow INFO:
	 [Node] Finished "boldref2target", elapsed time 0.001068s.
250528-08:31:03,394 nipype.workflow INFO:
	 [Node] Setting-up "fmriprep_25_0_wf.sub_GEO073_wf.bold_ses_t2_task_image_run_5_wf.ds_bold_std_wf.sources" in "/work/fmriprep_25_0_wf/sub_GEO073_wf/bold_ses_t2_task_image_run_5_wf/ds_bold_std_wf/_in_tuple_MNI152NLin2009cAsym.resnative/sources".
250528-08:31:03,633 nipype.workflow INFO:
	 [Node] Executing "sources" <fmriprep.interfaces.bids.BIDSURI>
250528-08:31:03,635 nipype.workflow INFO:
	 [Node] Finished "sources", elapsed time 0.001091s.
250528-08:31:05,620 nipype.workflow INFO:
	 [Node] Finished "t1w_std", elapsed time 28.467568s.
250528-08:31:06,722 nipype.workflow INFO:
	 [Node] Setting-up "fmriprep_25_0_wf.sub_GEO073_wf.bold_ses_t2_task_image_run_1_wf.carpetplot_wf.resample_parc" in "/work/fmriprep_25_0_wf/sub_GEO073_wf/bold_ses_t2_task_image_run_1_wf/carpetplot_wf/resample_parc".
250528-08:31:06,724 nipype.workflow INFO:
	 [Node] Setting-up "fmriprep_25_0_wf.sub_GEO073_wf.bold_ses_t2_task_image_run_1_wf.ds_bold_std_wf.resample_ref" in "/work/fmriprep_25_0_wf/sub_GEO073_wf/bold_ses_t2_task_image_run_1_wf/ds_bold_std_wf/_in_tuple_MNI152NLin2009cAsym.resnative/resample_ref".
250528-08:31:06,949 nipype.workflow INFO:
	 [Node] Executing "resample_parc" <niworkflows.interfaces.fixes.FixHeaderApplyTransforms>
250528-08:31:06,997 nipype.workflow INFO:
	 [Node] Executing "resample_ref" <niworkflows.interfaces.fixes.FixHeaderApplyTransforms>
250528-08:31:07,4 nipype.workflow INFO:
	 [Node] Setting-up "fmriprep_25_0_wf.sub_GEO073_wf.bold_ses_t2_task_image_run_1_wf.ds_bold_std_wf.resample_mask" in "/work/fmriprep_25_0_wf/sub_GEO073_wf/bold_ses_t2_task_image_run_1_wf/ds_bold_std_wf/_in_tuple_MNI152NLin2009cAsym.resnative/resample_mask".
250528-08:31:07,203 nipype.workflow INFO:
	 [Node] Executing "resample_mask" <niworkflows.interfaces.fixes.FixHeaderApplyTransforms>
250528-08:31:09,606 nipype.workflow INFO:
	 [Node] Finished "resample_ref", elapsed time 2.608529s.
250528-08:31:10,488 nipype.workflow INFO:
	 [Node] Finished "resample_parc", elapsed time 3.53707s.
250528-08:31:10,981 nipype.workflow INFO:
	 [Node] Finished "resample_mask", elapsed time 3.777074s.
250528-08:31:11,601 nipype.workflow INFO:
	 [Node] Setting-up "fmriprep_25_0_wf.sub_GEO073_wf.bold_ses_t2_task_image_run_2_wf.carpetplot_wf.resample_parc" in "/work/fmriprep_25_0_wf/sub_GEO073_wf/bold_ses_t2_task_image_run_2_wf/carpetplot_wf/resample_parc".
250528-08:31:11,882 nipype.workflow INFO:
	 [Node] Executing "resample_parc" <niworkflows.interfaces.fixes.FixHeaderApplyTransforms>
250528-08:31:12,251 nipype.workflow INFO:
	 [Node] Setting-up "fmriprep_25_0_wf.sub_GEO073_wf.bold_ses_t2_task_image_run_2_wf.ds_bold_std_wf.resample_ref" in "/work/fmriprep_25_0_wf/sub_GEO073_wf/bold_ses_t2_task_image_run_2_wf/ds_bold_std_wf/_in_tuple_MNI152NLin2009cAsym.resnative/resample_ref".
250528-08:31:12,753 nipype.workflow INFO:
	 [Node] Executing "resample_ref" <niworkflows.interfaces.fixes.FixHeaderApplyTransforms>
250528-08:31:13,22 nipype.workflow INFO:
	 [Node] Setting-up "fmriprep_25_0_wf.sub_GEO073_wf.bold_ses_t2_task_image_run_2_wf.ds_bold_std_wf.resample_mask" in "/work/fmriprep_25_0_wf/sub_GEO073_wf/bold_ses_t2_task_image_run_2_wf/ds_bold_std_wf/_in_tuple_MNI152NLin2009cAsym.resnative/resample_mask".
250528-08:31:13,324 nipype.workflow INFO:
	 [Node] Executing "resample_mask" <niworkflows.interfaces.fixes.FixHeaderApplyTransforms>
250528-08:31:15,269 nipype.workflow INFO:
	 [Node] Finished "resample_parc", elapsed time 3.379249s.
250528-08:31:15,304 nipype.workflow INFO:
	 [Node] Finished "resample_ref", elapsed time 2.55015s.
250528-08:31:16,499 nipype.workflow INFO:
	 [Node] Finished "resample_mask", elapsed time 3.172948s.
250528-08:31:17,44 nipype.workflow INFO:
	 [Node] Setting-up "fmriprep_25_0_wf.sub_GEO073_wf.bold_ses_t2_task_image_run_3_wf.carpetplot_wf.resample_parc" in "/work/fmriprep_25_0_wf/sub_GEO073_wf/bold_ses_t2_task_image_run_3_wf/carpetplot_wf/resample_parc".
250528-08:31:17,44 nipype.workflow INFO:
	 [Node] Setting-up "fmriprep_25_0_wf.sub_GEO073_wf.bold_ses_t2_task_image_run_3_wf.ds_bold_std_wf.resample_ref" in "/work/fmriprep_25_0_wf/sub_GEO073_wf/bold_ses_t2_task_image_run_3_wf/ds_bold_std_wf/_in_tuple_MNI152NLin2009cAsym.resnative/resample_ref".
250528-08:31:17,45 nipype.workflow INFO:
	 [Node] Setting-up "fmriprep_25_0_wf.sub_GEO073_wf.bold_ses_t2_task_image_run_3_wf.ds_bold_std_wf.resample_mask" in "/work/fmriprep_25_0_wf/sub_GEO073_wf/bold_ses_t2_task_image_run_3_wf/ds_bold_std_wf/_in_tuple_MNI152NLin2009cAsym.resnative/resample_mask".
250528-08:31:17,326 nipype.workflow INFO:
	 [Node] Executing "resample_parc" <niworkflows.interfaces.fixes.FixHeaderApplyTransforms>
250528-08:31:17,336 nipype.workflow INFO:
	 [Node] Executing "resample_mask" <niworkflows.interfaces.fixes.FixHeaderApplyTransforms>
250528-08:31:17,369 nipype.workflow INFO:
	 [Node] Executing "resample_ref" <niworkflows.interfaces.fixes.FixHeaderApplyTransforms>
250528-08:31:20,257 nipype.workflow INFO:
	 [Node] Finished "resample_ref", elapsed time 2.8871599999999997s.
250528-08:31:20,636 nipype.workflow INFO:
	 [Node] Finished "resample_mask", elapsed time 3.298708s.
250528-08:31:20,738 nipype.workflow INFO:
	 [Node] Finished "resample_parc", elapsed time 3.410692s.
250528-08:31:21,565 nipype.workflow INFO:
	 [Node] Setting-up "fmriprep_25_0_wf.sub_GEO073_wf.bold_ses_t2_task_image_run_4_wf.carpetplot_wf.resample_parc" in "/work/fmriprep_25_0_wf/sub_GEO073_wf/bold_ses_t2_task_image_run_4_wf/carpetplot_wf/resample_parc".
250528-08:31:21,789 nipype.workflow INFO:
	 [Node] Executing "resample_parc" <niworkflows.interfaces.fixes.FixHeaderApplyTransforms>
250528-08:31:22,197 nipype.workflow INFO:
	 [Node] Setting-up "fmriprep_25_0_wf.sub_GEO073_wf.bold_ses_t2_task_image_run_4_wf.ds_bold_std_wf.resample_ref" in "/work/fmriprep_25_0_wf/sub_GEO073_wf/bold_ses_t2_task_image_run_4_wf/ds_bold_std_wf/_in_tuple_MNI152NLin2009cAsym.resnative/resample_ref".
250528-08:31:22,618 nipype.workflow INFO:
	 [Node] Executing "resample_ref" <niworkflows.interfaces.fixes.FixHeaderApplyTransforms>
250528-08:31:22,992 nipype.workflow INFO:
	 [Node] Setting-up "fmriprep_25_0_wf.sub_GEO073_wf.bold_ses_t2_task_image_run_4_wf.ds_bold_std_wf.resample_mask" in "/work/fmriprep_25_0_wf/sub_GEO073_wf/bold_ses_t2_task_image_run_4_wf/ds_bold_std_wf/_in_tuple_MNI152NLin2009cAsym.resnative/resample_mask".
250528-08:31:23,467 nipype.workflow INFO:
	 [Node] Executing "resample_mask" <niworkflows.interfaces.fixes.FixHeaderApplyTransforms>
250528-08:31:23,681 nipype.workflow INFO:
	 [Node] Finished "mask_std", elapsed time 46.591998s.
250528-08:31:24,398 nipype.workflow INFO:
	 [Node] Finished "anat2std_mask", elapsed time 53.318964s.
250528-08:31:25,86 nipype.workflow INFO:
	 [Node] Finished "resample_parc", elapsed time 3.295387s.
250528-08:31:25,298 nipype.interface WARNING:
	 Changing /out/sub-GEO073/ses-t2/anat/sub-GEO073_ses-t2_space-MNI152NLin2009cAsym_desc-brain_mask.nii.gz dtype from float64 to uint8
250528-08:31:25,479 nipype.workflow INFO:
	 [Node] Finished "resample_ref", elapsed time 2.8599639999999997s.
250528-08:31:26,298 nipype.workflow INFO:
	 [Node] Setting-up "fmriprep_25_0_wf.sub_GEO073_wf.anat_fit_wf.anat_reports_wf.norm_msk" in "/work/fmriprep_25_0_wf/sub_GEO073_wf/anat_fit_wf/anat_reports_wf/_in_tuple_MNI152NLin2009cAsym.resnative/norm_msk".
250528-08:31:26,300 nipype.workflow INFO:
	 [Node] Setting-up "fmriprep_25_0_wf.sub_GEO073_wf.bold_ses_t2_task_image_run_5_wf.carpetplot_wf.resample_parc" in "/work/fmriprep_25_0_wf/sub_GEO073_wf/bold_ses_t2_task_image_run_5_wf/carpetplot_wf/resample_parc".
250528-08:31:26,508 nipype.workflow INFO:
	 [Node] Executing "norm_msk" <nipype.interfaces.utility.wrappers.Function>
250528-08:31:26,521 nipype.workflow INFO:
	 [Node] Executing "resample_parc" <niworkflows.interfaces.fixes.FixHeaderApplyTransforms>
250528-08:31:26,623 nipype.workflow INFO:
	 [Node] Finished "resample_mask", elapsed time 3.139782s.
250528-08:31:27,18 nipype.workflow INFO:
	 [Node] Setting-up "fmriprep_25_0_wf.sub_GEO073_wf.bold_ses_t2_task_image_run_5_wf.ds_bold_std_wf.resample_ref" in "/work/fmriprep_25_0_wf/sub_GEO073_wf/bold_ses_t2_task_image_run_5_wf/ds_bold_std_wf/_in_tuple_MNI152NLin2009cAsym.resnative/resample_ref".
250528-08:31:27,19 nipype.workflow INFO:
	 [Node] Setting-up "fmriprep_25_0_wf.sub_GEO073_wf.bold_ses_t2_task_image_run_5_wf.ds_bold_std_wf.resample_mask" in "/work/fmriprep_25_0_wf/sub_GEO073_wf/bold_ses_t2_task_image_run_5_wf/ds_bold_std_wf/_in_tuple_MNI152NLin2009cAsym.resnative/resample_mask".
250528-08:31:27,384 nipype.workflow INFO:
	 [Node] Executing "resample_mask" <niworkflows.interfaces.fixes.FixHeaderApplyTransforms>
250528-08:31:27,447 nipype.workflow INFO:
	 [Node] Executing "resample_ref" <niworkflows.interfaces.fixes.FixHeaderApplyTransforms>
250528-08:31:28,62 nipype.workflow INFO:
	 [Node] Finished "norm_msk", elapsed time 1.552756s.
250528-08:31:28,881 nipype.interface WARNING:
	 Changing /out/sub-GEO073/ses-t2/func/sub-GEO073_ses-t2_task-image_run-1_space-MNI152NLin2009cAsym_desc-brain_mask.nii.gz dtype from float64 to uint8
250528-08:31:29,780 nipype.workflow INFO:
	 [Node] Finished "resample_ref", elapsed time 2.329017s.
250528-08:31:29,922 nipype.workflow INFO:
	 [Node] Finished "resample_parc", elapsed time 3.400119s.
250528-08:31:30,532 nipype.workflow INFO:
	 [Node] Finished "resample_mask", elapsed time 3.146519s.
250528-08:31:30,537 nipype.interface WARNING:
	 Changing /out/sub-GEO073/ses-t2/func/sub-GEO073_ses-t2_task-image_run-2_space-MNI152NLin2009cAsym_desc-brain_mask.nii.gz dtype from float64 to uint8
250528-08:31:31,214 nipype.workflow INFO:
	 [Node] Finished "anat2std_dseg", elapsed time 60.206575s.
250528-08:31:32,2 nipype.interface WARNING:
	 Changing /out/sub-GEO073/ses-t2/func/sub-GEO073_ses-t2_task-image_run-3_space-MNI152NLin2009cAsym_desc-brain_mask.nii.gz dtype from float64 to uint8
250528-08:31:33,648 nipype.interface WARNING:
	 Changing /out/sub-GEO073/ses-t2/func/sub-GEO073_ses-t2_task-image_run-4_space-MNI152NLin2009cAsym_desc-brain_mask.nii.gz dtype from float64 to uint8
250528-08:31:34,408 nipype.workflow INFO:
	 [Node] Setting-up "fmriprep_25_0_wf.sub_GEO073_wf.bold_ses_t2_task_image_run_1_wf.carpetplot_wf.parcels" in "/work/fmriprep_25_0_wf/sub_GEO073_wf/bold_ses_t2_task_image_run_1_wf/carpetplot_wf/parcels".
250528-08:31:34,660 nipype.interface WARNING:
	 Changing /out/sub-GEO073/ses-t2/anat/sub-GEO073_ses-t2_space-MNI152NLin2009cAsym_dseg.nii.gz dtype from float64 to int16
250528-08:31:34,700 nipype.workflow INFO:
	 [Node] Executing "parcels" <nipype.interfaces.utility.wrappers.Function>
250528-08:31:34,787 nipype.workflow INFO:
	 [Node] Finished "parcels", elapsed time 0.086218s.
250528-08:31:36,852 nipype.workflow INFO:
	 [Node] Setting-up "fmriprep_25_0_wf.sub_GEO073_wf.anat_fit_wf.anat_reports_wf.norm_rpt" in "/work/fmriprep_25_0_wf/sub_GEO073_wf/anat_fit_wf/anat_reports_wf/_in_tuple_MNI152NLin2009cAsym.resnative/norm_rpt".
250528-08:31:37,248 nipype.workflow INFO:
	 [Node] Executing "norm_rpt" <niworkflows.interfaces.reportlets.registration.SimpleBeforeAfterRPT>
250528-08:31:38,99 nipype.interface WARNING:
	 Changing /out/sub-GEO073/ses-t2/func/sub-GEO073_ses-t2_task-image_run-5_space-MNI152NLin2009cAsym_desc-brain_mask.nii.gz dtype from float64 to uint8
250528-08:31:38,537 nipype.workflow INFO:
	 [Node] Setting-up "fmriprep_25_0_wf.sub_GEO073_wf.bold_ses_t2_task_image_run_2_wf.carpetplot_wf.parcels" in "/work/fmriprep_25_0_wf/sub_GEO073_wf/bold_ses_t2_task_image_run_2_wf/carpetplot_wf/parcels".
250528-08:31:38,538 nipype.workflow INFO:
	 [Node] Setting-up "fmriprep_25_0_wf.sub_GEO073_wf.bold_ses_t2_task_image_run_3_wf.carpetplot_wf.parcels" in "/work/fmriprep_25_0_wf/sub_GEO073_wf/bold_ses_t2_task_image_run_3_wf/carpetplot_wf/parcels".
250528-08:31:38,544 nipype.workflow INFO:
	 [Node] Setting-up "fmriprep_25_0_wf.sub_GEO073_wf.bold_ses_t2_task_image_run_3_wf.bold_confounds_wf.rename_acompcor" in "/work/fmriprep_25_0_wf/sub_GEO073_wf/bold_ses_t2_task_image_run_3_wf/bold_confounds_wf/rename_acompcor".
250528-08:31:38,785 nipype.workflow INFO:
	 [Node] Executing "parcels" <nipype.interfaces.utility.wrappers.Function>
250528-08:31:38,810 nipype.workflow INFO:
	 [Node] Executing "rename_acompcor" <fmriprep.interfaces.confounds.RenameACompCor>
250528-08:31:38,835 nipype.workflow INFO:
	 [Node] Executing "parcels" <nipype.interfaces.utility.wrappers.Function>
250528-08:31:38,862 nipype.workflow INFO:
	 [Node] Finished "parcels", elapsed time 0.075629s.
250528-08:31:38,911 nipype.workflow INFO:
	 [Node] Finished "parcels", elapsed time 0.074517s.
250528-08:31:38,990 nipype.workflow INFO:
	 [Node] Finished "rename_acompcor", elapsed time 0.178802s.
250528-08:31:39,317 nipype.workflow INFO:
	 [Node] Setting-up "_acc_msk_bin0" in "/work/fmriprep_25_0_wf/sub_GEO073_wf/bold_ses_t2_task_image_run_4_wf/bold_confounds_wf/acc_msk_bin/mapflow/_acc_msk_bin0".
250528-08:31:39,519 nipype.workflow INFO:
	 [Node] Executing "_acc_msk_bin0" <niworkflows.interfaces.nibabel.Binarize>
250528-08:31:39,588 nipype.workflow INFO:
	 [Node] Setting-up "fmriprep_25_0_wf.sub_GEO073_wf.bold_ses_t2_task_image_run_3_wf.bold_confounds_wf.signals" in "/work/fmriprep_25_0_wf/sub_GEO073_wf/bold_ses_t2_task_image_run_3_wf/bold_confounds_wf/signals".
250528-08:31:39,588 nipype.workflow INFO:
	 [Node] Setting-up "fmriprep_25_0_wf.sub_GEO073_wf.bold_ses_t2_task_image_run_3_wf.bold_confounds_wf.acc_metadata_filter" in "/work/fmriprep_25_0_wf/sub_GEO073_wf/bold_ses_t2_task_image_run_3_wf/bold_confounds_wf/acc_metadata_filter".
250528-08:31:39,614 nipype.workflow INFO:
	 [Node] Finished "_acc_msk_bin0", elapsed time 0.094035s.
250528-08:31:39,751 nipype.workflow INFO:
	 [Node] Executing "acc_metadata_filter" <fmriprep.interfaces.confounds.FilterDropped>
250528-08:31:39,774 nipype.workflow INFO:
	 [Node] Finished "acc_metadata_filter", elapsed time 0.021759s.
250528-08:31:39,817 nipype.workflow INFO:
	 [Node] Executing "signals" <niworkflows.interfaces.images.SignalExtraction>
250528-08:31:41,569 nipype.workflow INFO:
	 [Node] Setting-up "fmriprep_25_0_wf.sub_GEO073_wf.bold_ses_t2_task_image_run_3_wf.bold_confounds_wf.compcor_plot" in "/work/fmriprep_25_0_wf/sub_GEO073_wf/bold_ses_t2_task_image_run_3_wf/bold_confounds_wf/compcor_plot".
250528-08:31:41,570 nipype.workflow INFO:
	 [Node] Setting-up "fmriprep_25_0_wf.sub_GEO073_wf.bold_ses_t2_task_image_run_3_wf.bold_confounds_wf.acc_metadata_fmt" in "/work/fmriprep_25_0_wf/sub_GEO073_wf/bold_ses_t2_task_image_run_3_wf/bold_confounds_wf/acc_metadata_fmt".
250528-08:31:41,741 nipype.workflow INFO:
	 [Node] Executing "compcor_plot" <nireports.interfaces.nuisance.CompCorVariancePlot>
250528-08:31:41,761 nipype.workflow INFO:
	 [Node] Executing "acc_metadata_fmt" <niworkflows.interfaces.utility.TSV2JSON>
250528-08:31:41,770 nipype.workflow INFO:
	 [Node] Finished "acc_metadata_fmt", elapsed time 0.007923s.
250528-08:31:42,9 nipype.workflow INFO:
	 [Node] Finished "compcor_plot", elapsed time 0.265793s.
250528-08:31:44,892 nipype.workflow INFO:
	 [Node] Setting-up "_acc_msk_bin1" in "/work/fmriprep_25_0_wf/sub_GEO073_wf/bold_ses_t2_task_image_run_4_wf/bold_confounds_wf/acc_msk_bin/mapflow/_acc_msk_bin1".
250528-08:31:44,899 nipype.workflow INFO:
	 [Node] Setting-up "_acc_msk_bin2" in "/work/fmriprep_25_0_wf/sub_GEO073_wf/bold_ses_t2_task_image_run_4_wf/bold_confounds_wf/acc_msk_bin/mapflow/_acc_msk_bin2".
250528-08:31:45,145 nipype.workflow INFO:
	 [Node] Executing "_acc_msk_bin1" <niworkflows.interfaces.nibabel.Binarize>
250528-08:31:45,166 nipype.workflow INFO:
	 [Node] Executing "_acc_msk_bin2" <niworkflows.interfaces.nibabel.Binarize>
250528-08:31:45,231 nipype.workflow INFO:
	 [Node] Finished "_acc_msk_bin1", elapsed time 0.084431s.
250528-08:31:45,247 nipype.workflow INFO:
	 [Node] Finished "_acc_msk_bin2", elapsed time 0.079929s.
250528-08:31:45,633 nipype.workflow INFO:
	 [Node] Finished "signals", elapsed time 5.815366s.
250528-08:31:47,591 nipype.workflow INFO:
	 [Node] Setting-up "fmriprep_25_0_wf.sub_GEO073_wf.bold_ses_t2_task_image_run_3_wf.bold_confounds_wf.rois_plot" in "/work/fmriprep_25_0_wf/sub_GEO073_wf/bold_ses_t2_task_image_run_3_wf/bold_confounds_wf/rois_plot".
250528-08:31:47,733 nipype.workflow INFO:
	 [Node] Setting-up "_acc_msk_bin0" in "/work/fmriprep_25_0_wf/sub_GEO073_wf/bold_ses_t2_task_image_run_4_wf/bold_confounds_wf/acc_msk_bin/mapflow/_acc_msk_bin0".
250528-08:31:47,738 nipype.workflow INFO:
	 [Node] Cached "_acc_msk_bin0" - collecting precomputed outputs
250528-08:31:47,738 nipype.workflow INFO:
	 [Node] "_acc_msk_bin0" found cached.
250528-08:31:47,738 nipype.workflow INFO:
	 [Node] Setting-up "_acc_msk_bin1" in "/work/fmriprep_25_0_wf/sub_GEO073_wf/bold_ses_t2_task_image_run_4_wf/bold_confounds_wf/acc_msk_bin/mapflow/_acc_msk_bin1".
250528-08:31:47,743 nipype.workflow INFO:
	 [Node] Cached "_acc_msk_bin1" - collecting precomputed outputs
250528-08:31:47,743 nipype.workflow INFO:
	 [Node] "_acc_msk_bin1" found cached.
250528-08:31:47,743 nipype.workflow INFO:
	 [Node] Setting-up "_acc_msk_bin2" in "/work/fmriprep_25_0_wf/sub_GEO073_wf/bold_ses_t2_task_image_run_4_wf/bold_confounds_wf/acc_msk_bin/mapflow/_acc_msk_bin2".
250528-08:31:47,749 nipype.workflow INFO:
	 [Node] Cached "_acc_msk_bin2" - collecting precomputed outputs
250528-08:31:47,749 nipype.workflow INFO:
	 [Node] "_acc_msk_bin2" found cached.
250528-08:31:47,823 nipype.workflow INFO:
	 [Node] Executing "rois_plot" <niworkflows.interfaces.reportlets.masks.ROIsPlot>
250528-08:31:49,279 nipype.workflow INFO:
	 [Node] Setting-up "_anat2std_tpms0" in "/work/fmriprep_25_0_wf/sub_GEO073_wf/ds_std_volumes_wf/_in_tuple_MNI152NLin2009cAsym.resnative/anat2std_tpms/mapflow/_anat2std_tpms0".
250528-08:31:49,478 nipype.workflow INFO:
	 [Node] Executing "_anat2std_tpms0" <niworkflows.interfaces.fixes.FixHeaderApplyTransforms>
250528-08:31:50,807 nipype.workflow INFO:
	 [Node] Setting-up "fmriprep_25_0_wf.sub_GEO073_wf.bold_ses_t2_task_image_run_4_wf.carpetplot_wf.parcels" in "/work/fmriprep_25_0_wf/sub_GEO073_wf/bold_ses_t2_task_image_run_4_wf/carpetplot_wf/parcels".
250528-08:31:51,9 nipype.workflow INFO:
	 [Node] Executing "parcels" <nipype.interfaces.utility.wrappers.Function>
250528-08:31:51,88 nipype.workflow INFO:
	 [Node] Finished "parcels", elapsed time 0.077977s.
250528-08:31:51,599 nipype.workflow INFO:
	 [Node] Setting-up "fmriprep_25_0_wf.sub_GEO073_wf.bold_ses_t2_task_image_run_3_wf.bold_confounds_wf.model_expansion" in "/work/fmriprep_25_0_wf/sub_GEO073_wf/bold_ses_t2_task_image_run_3_wf/bold_confounds_wf/model_expansion".
250528-08:31:51,812 nipype.workflow INFO:
	 [Node] Executing "model_expansion" <niworkflows.interfaces.confounds.ExpandModel>
250528-08:31:52,10 nipype.workflow INFO:
	 [Node] Finished "model_expansion", elapsed time 0.196744s.
250528-08:31:53,588 nipype.workflow INFO:
	 [Node] Setting-up "fmriprep_25_0_wf.sub_GEO073_wf.bold_ses_t2_task_image_run_3_wf.bold_confounds_wf.conf_corr_plot" in "/work/fmriprep_25_0_wf/sub_GEO073_wf/bold_ses_t2_task_image_run_3_wf/bold_confounds_wf/conf_corr_plot".
250528-08:31:53,923 nipype.workflow INFO:
	 [Node] Executing "conf_corr_plot" <nireports.interfaces.nuisance.ConfoundsCorrelationPlot>
250528-08:31:54,782 nipype.workflow INFO:
	 [Node] Finished "conf_corr_plot", elapsed time 0.858025s.
250528-08:31:55,161 nipype.workflow INFO:
	 [Node] Finished "norm_rpt", elapsed time 17.911502s.
250528-08:31:56,234 nipype.workflow INFO:
	 [Node] Setting-up "fmriprep_25_0_wf.sub_GEO073_wf.bold_ses_t2_task_image_run_3_wf.bold_confounds_wf.spike_regressors" in "/work/fmriprep_25_0_wf/sub_GEO073_wf/bold_ses_t2_task_image_run_3_wf/bold_confounds_wf/spike_regressors".
250528-08:31:56,423 nipype.workflow INFO:
	 [Node] Executing "spike_regressors" <niworkflows.interfaces.confounds.SpikeRegressors>
250528-08:31:56,593 nipype.workflow INFO:
	 [Node] Finished "spike_regressors", elapsed time 0.168707s.
250528-08:31:56,918 nipype.workflow INFO:
	 [Node] Setting-up "_anat2std_tpms1" in "/work/fmriprep_25_0_wf/sub_GEO073_wf/ds_std_volumes_wf/_in_tuple_MNI152NLin2009cAsym.resnative/anat2std_tpms/mapflow/_anat2std_tpms1".
250528-08:31:57,199 nipype.workflow INFO:
	 [Node] Executing "_anat2std_tpms1" <niworkflows.interfaces.fixes.FixHeaderApplyTransforms>
250528-08:31:58,604 nipype.workflow INFO:
	 [Node] Setting-up "_anat2std_tpms2" in "/work/fmriprep_25_0_wf/sub_GEO073_wf/ds_std_volumes_wf/_in_tuple_MNI152NLin2009cAsym.resnative/anat2std_tpms/mapflow/_anat2std_tpms2".
250528-08:31:58,832 nipype.workflow INFO:
	 [Node] Executing "_anat2std_tpms2" <niworkflows.interfaces.fixes.FixHeaderApplyTransforms>
250528-08:32:01,129 nipype.workflow INFO:
	 [Node] Finished "_anat2std_tpms0", elapsed time 11.649188s.
250528-08:32:01,658 nipype.workflow INFO:
	 [Node] Setting-up "_acc_msk_brain0" in "/work/fmriprep_25_0_wf/sub_GEO073_wf/bold_ses_t2_task_image_run_5_wf/bold_confounds_wf/acc_msk_brain/mapflow/_acc_msk_brain0".
250528-08:32:01,976 nipype.workflow INFO:
	 [Node] Executing "_acc_msk_brain0" <niworkflows.interfaces.nibabel.ApplyMask>
250528-08:32:02,106 nipype.workflow INFO:
	 [Node] Finished "_acc_msk_brain0", elapsed time 0.128466s.
250528-08:32:03,34 nipype.workflow INFO:
	 [Node] Finished "rois_plot", elapsed time 15.209883s.
250528-08:32:03,640 nipype.workflow INFO:
	 [Node] Setting-up "fmriprep_25_0_wf.sub_GEO073_wf.bold_ses_t2_task_image_run_4_wf.bold_confounds_wf.acompcor" in "/work/fmriprep_25_0_wf/sub_GEO073_wf/bold_ses_t2_task_image_run_4_wf/bold_confounds_wf/acompcor".
250528-08:32:03,909 nipype.workflow INFO:
	 [Node] Executing "acompcor" <niworkflows.interfaces.patches.RobustACompCor>
250528-08:32:04,287 nipype.workflow INFO:
	 [Node] Setting-up "_acc_msk_brain1" in "/work/fmriprep_25_0_wf/sub_GEO073_wf/bold_ses_t2_task_image_run_5_wf/bold_confounds_wf/acc_msk_brain/mapflow/_acc_msk_brain1".
250528-08:32:04,457 nipype.workflow INFO:
	 [Node] Executing "_acc_msk_brain1" <niworkflows.interfaces.nibabel.ApplyMask>
250528-08:32:04,534 nipype.workflow INFO:
	 [Node] Finished "_acc_msk_brain1", elapsed time 0.076225s.
250528-08:32:05,621 nipype.workflow INFO:
	 [Node] Setting-up "_acc_msk_brain2" in "/work/fmriprep_25_0_wf/sub_GEO073_wf/bold_ses_t2_task_image_run_5_wf/bold_confounds_wf/acc_msk_brain/mapflow/_acc_msk_brain2".
250528-08:32:05,788 nipype.workflow INFO:
	 [Node] Executing "_acc_msk_brain2" <niworkflows.interfaces.nibabel.ApplyMask>
250528-08:32:05,876 nipype.workflow INFO:
	 [Node] Finished "_acc_msk_brain2", elapsed time 0.086777s.
250528-08:32:07,817 nipype.workflow INFO:
	 [Node] Setting-up "_acc_msk_brain0" in "/work/fmriprep_25_0_wf/sub_GEO073_wf/bold_ses_t2_task_image_run_5_wf/bold_confounds_wf/acc_msk_brain/mapflow/_acc_msk_brain0".
250528-08:32:07,824 nipype.workflow INFO:
	 [Node] Cached "_acc_msk_brain0" - collecting precomputed outputs
250528-08:32:07,824 nipype.workflow INFO:
	 [Node] "_acc_msk_brain0" found cached.
250528-08:32:07,825 nipype.workflow INFO:
	 [Node] Setting-up "_acc_msk_brain1" in "/work/fmriprep_25_0_wf/sub_GEO073_wf/bold_ses_t2_task_image_run_5_wf/bold_confounds_wf/acc_msk_brain/mapflow/_acc_msk_brain1".
250528-08:32:07,833 nipype.workflow INFO:
	 [Node] Cached "_acc_msk_brain1" - collecting precomputed outputs
250528-08:32:07,833 nipype.workflow INFO:
	 [Node] "_acc_msk_brain1" found cached.
250528-08:32:07,833 nipype.workflow INFO:
	 [Node] Setting-up "_acc_msk_brain2" in "/work/fmriprep_25_0_wf/sub_GEO073_wf/bold_ses_t2_task_image_run_5_wf/bold_confounds_wf/acc_msk_brain/mapflow/_acc_msk_brain2".
250528-08:32:07,838 nipype.workflow INFO:
	 [Node] Cached "_acc_msk_brain2" - collecting precomputed outputs
250528-08:32:07,838 nipype.workflow INFO:
	 [Node] "_acc_msk_brain2" found cached.
250528-08:32:08,879 nipype.workflow INFO:
	 [Node] Finished "_anat2std_tpms1", elapsed time 11.678109s.
250528-08:32:10,192 nipype.workflow INFO:
	 [Node] Finished "_anat2std_tpms2", elapsed time 11.358838s.
250528-08:32:11,583 nipype.workflow INFO:
	 [Node] Setting-up "_acc_msk_bin0" in "/work/fmriprep_25_0_wf/sub_GEO073_wf/bold_ses_t2_task_image_run_5_wf/bold_confounds_wf/acc_msk_bin/mapflow/_acc_msk_bin0".
250528-08:32:11,584 nipype.workflow INFO:
	 [Node] Setting-up "_acc_msk_bin1" in "/work/fmriprep_25_0_wf/sub_GEO073_wf/bold_ses_t2_task_image_run_5_wf/bold_confounds_wf/acc_msk_bin/mapflow/_acc_msk_bin1".
250528-08:32:11,778 nipype.workflow INFO:
	 [Node] Setting-up "_anat2std_tpms0" in "/work/fmriprep_25_0_wf/sub_GEO073_wf/ds_std_volumes_wf/_in_tuple_MNI152NLin2009cAsym.resnative/anat2std_tpms/mapflow/_anat2std_tpms0".
250528-08:32:11,782 nipype.workflow INFO:
	 [Node] Cached "_anat2std_tpms0" - collecting precomputed outputs
250528-08:32:11,782 nipype.workflow INFO:
	 [Node] "_anat2std_tpms0" found cached.
250528-08:32:11,783 nipype.workflow INFO:
	 [Node] Setting-up "_anat2std_tpms1" in "/work/fmriprep_25_0_wf/sub_GEO073_wf/ds_std_volumes_wf/_in_tuple_MNI152NLin2009cAsym.resnative/anat2std_tpms/mapflow/_anat2std_tpms1".
250528-08:32:11,787 nipype.workflow INFO:
	 [Node] Cached "_anat2std_tpms1" - collecting precomputed outputs
250528-08:32:11,787 nipype.workflow INFO:
	 [Node] "_anat2std_tpms1" found cached.
250528-08:32:11,788 nipype.workflow INFO:
	 [Node] Setting-up "_anat2std_tpms2" in "/work/fmriprep_25_0_wf/sub_GEO073_wf/ds_std_volumes_wf/_in_tuple_MNI152NLin2009cAsym.resnative/anat2std_tpms/mapflow/_anat2std_tpms2".
250528-08:32:11,792 nipype.workflow INFO:
	 [Node] Cached "_anat2std_tpms2" - collecting precomputed outputs
250528-08:32:11,792 nipype.workflow INFO:
	 [Node] "_anat2std_tpms2" found cached.
250528-08:32:11,814 nipype.workflow INFO:
	 [Node] Executing "_acc_msk_bin0" <niworkflows.interfaces.nibabel.Binarize>
250528-08:32:11,855 nipype.workflow INFO:
	 [Node] Executing "_acc_msk_bin1" <niworkflows.interfaces.nibabel.Binarize>
250528-08:32:11,943 nipype.workflow INFO:
	 [Node] Finished "_acc_msk_bin0", elapsed time 0.127829s.
250528-08:32:11,979 nipype.workflow INFO:
	 [Node] Finished "_acc_msk_bin1", elapsed time 0.12288s.
250528-08:32:13,583 nipype.workflow INFO:
	 [Node] Finished "acompcor", elapsed time 9.673175s.
250528-08:32:17,846 nipype.workflow INFO:
	 [Node] Setting-up "_acc_msk_bin2" in "/work/fmriprep_25_0_wf/sub_GEO073_wf/bold_ses_t2_task_image_run_5_wf/bold_confounds_wf/acc_msk_bin/mapflow/_acc_msk_bin2".
250528-08:32:18,102 nipype.workflow INFO:
	 [Node] Executing "_acc_msk_bin2" <niworkflows.interfaces.nibabel.Binarize>
250528-08:32:18,102 nipype.workflow INFO:
	 [Node] Setting-up "fmriprep_25_0_wf.sub_GEO073_wf.bold_ses_t2_task_image_run_4_wf.bold_confounds_wf.rename_acompcor" in "/work/fmriprep_25_0_wf/sub_GEO073_wf/bold_ses_t2_task_image_run_4_wf/bold_confounds_wf/rename_acompcor".
250528-08:32:18,103 nipype.workflow INFO:
	 [Node] Setting-up "fmriprep_25_0_wf.sub_GEO073_wf.bold_ses_t2_task_image_run_4_wf.bold_confounds_wf.signals" in "/work/fmriprep_25_0_wf/sub_GEO073_wf/bold_ses_t2_task_image_run_4_wf/bold_confounds_wf/signals".
250528-08:32:18,226 nipype.workflow INFO:
	 [Node] Finished "_acc_msk_bin2", elapsed time 0.12266s.
250528-08:32:18,294 nipype.workflow INFO:
	 [Node] Executing "rename_acompcor" <fmriprep.interfaces.confounds.RenameACompCor>
250528-08:32:18,379 nipype.workflow INFO:
	 [Node] Executing "signals" <niworkflows.interfaces.images.SignalExtraction>
250528-08:32:18,490 nipype.workflow INFO:
	 [Node] Finished "rename_acompcor", elapsed time 0.194236s.
250528-08:32:20,99 nipype.workflow INFO:
	 [Node] Setting-up "fmriprep_25_0_wf.sub_GEO073_wf.bold_ses_t2_task_image_run_4_wf.bold_confounds_wf.acc_metadata_filter" in "/work/fmriprep_25_0_wf/sub_GEO073_wf/bold_ses_t2_task_image_run_4_wf/bold_confounds_wf/acc_metadata_filter".
250528-08:32:20,100 nipype.workflow INFO:
	 [Node] Setting-up "fmriprep_25_0_wf.sub_GEO073_wf.bold_ses_t2_task_image_run_4_wf.bold_confounds_wf.compcor_plot" in "/work/fmriprep_25_0_wf/sub_GEO073_wf/bold_ses_t2_task_image_run_4_wf/bold_confounds_wf/compcor_plot".
250528-08:32:20,321 nipype.workflow INFO:
	 [Node] Executing "acc_metadata_filter" <fmriprep.interfaces.confounds.FilterDropped>
250528-08:32:20,326 nipype.workflow INFO:
	 [Node] Setting-up "_acc_msk_bin0" in "/work/fmriprep_25_0_wf/sub_GEO073_wf/bold_ses_t2_task_image_run_5_wf/bold_confounds_wf/acc_msk_bin/mapflow/_acc_msk_bin0".
250528-08:32:20,331 nipype.workflow INFO:
	 [Node] Cached "_acc_msk_bin0" - collecting precomputed outputs
250528-08:32:20,331 nipype.workflow INFO:
	 [Node] "_acc_msk_bin0" found cached.
250528-08:32:20,332 nipype.workflow INFO:
	 [Node] Setting-up "_acc_msk_bin1" in "/work/fmriprep_25_0_wf/sub_GEO073_wf/bold_ses_t2_task_image_run_5_wf/bold_confounds_wf/acc_msk_bin/mapflow/_acc_msk_bin1".
250528-08:32:20,336 nipype.workflow INFO:
	 [Node] Cached "_acc_msk_bin1" - collecting precomputed outputs
250528-08:32:20,336 nipype.workflow INFO:
	 [Node] "_acc_msk_bin1" found cached.
250528-08:32:20,336 nipype.workflow INFO:
	 [Node] Setting-up "_acc_msk_bin2" in "/work/fmriprep_25_0_wf/sub_GEO073_wf/bold_ses_t2_task_image_run_5_wf/bold_confounds_wf/acc_msk_bin/mapflow/_acc_msk_bin2".
250528-08:32:20,342 nipype.workflow INFO:
	 [Node] Cached "_acc_msk_bin2" - collecting precomputed outputs
250528-08:32:20,342 nipype.workflow INFO:
	 [Node] "_acc_msk_bin2" found cached.
250528-08:32:20,350 nipype.workflow INFO:
	 [Node] Finished "acc_metadata_filter", elapsed time 0.028181s.
250528-08:32:20,373 nipype.workflow INFO:
	 [Node] Executing "compcor_plot" <nireports.interfaces.nuisance.CompCorVariancePlot>
250528-08:32:20,624 nipype.workflow INFO:
	 [Node] Finished "compcor_plot", elapsed time 0.250649s.
250528-08:32:23,216 nipype.workflow INFO:
	 [Node] Setting-up "fmriprep_25_0_wf.sub_GEO073_wf.bold_ses_t2_task_image_run_5_wf.carpetplot_wf.parcels" in "/work/fmriprep_25_0_wf/sub_GEO073_wf/bold_ses_t2_task_image_run_5_wf/carpetplot_wf/parcels".
250528-08:32:23,217 nipype.workflow INFO:
	 [Node] Setting-up "fmriprep_25_0_wf.sub_GEO073_wf.bold_ses_t2_task_image_run_4_wf.bold_confounds_wf.acc_metadata_fmt" in "/work/fmriprep_25_0_wf/sub_GEO073_wf/bold_ses_t2_task_image_run_4_wf/bold_confounds_wf/acc_metadata_fmt".
250528-08:32:23,376 nipype.workflow INFO:
	 [Node] Executing "parcels" <nipype.interfaces.utility.wrappers.Function>
250528-08:32:23,377 nipype.workflow INFO:
	 [Node] Executing "acc_metadata_fmt" <niworkflows.interfaces.utility.TSV2JSON>
250528-08:32:23,386 nipype.workflow INFO:
	 [Node] Finished "acc_metadata_fmt", elapsed time 0.007676s.
250528-08:32:23,445 nipype.workflow INFO:
	 [Node] Finished "parcels", elapsed time 0.068097s.
250528-08:32:24,187 nipype.workflow INFO:
	 [Node] Finished "signals", elapsed time 5.805769s.
250528-08:32:26,106 nipype.workflow INFO:
	 [Node] Setting-up "fmriprep_25_0_wf.sub_GEO073_wf.bold_ses_t2_task_image_run_5_wf.bold_confounds_wf.acompcor" in "/work/fmriprep_25_0_wf/sub_GEO073_wf/bold_ses_t2_task_image_run_5_wf/bold_confounds_wf/acompcor".
250528-08:32:26,416 nipype.workflow INFO:
	 [Node] Executing "acompcor" <niworkflows.interfaces.patches.RobustACompCor>
250528-08:32:28,105 nipype.workflow INFO:
	 [Node] Setting-up "fmriprep_25_0_wf.sub_GEO073_wf.bold_ses_t2_task_image_run_4_wf.bold_confounds_wf.model_expansion" in "/work/fmriprep_25_0_wf/sub_GEO073_wf/bold_ses_t2_task_image_run_4_wf/bold_confounds_wf/model_expansion".
250528-08:32:28,106 nipype.workflow INFO:
	 [Node] Setting-up "fmriprep_25_0_wf.sub_GEO073_wf.bold_ses_t2_task_image_run_4_wf.bold_confounds_wf.conf_corr_plot" in "/work/fmriprep_25_0_wf/sub_GEO073_wf/bold_ses_t2_task_image_run_4_wf/bold_confounds_wf/conf_corr_plot".
250528-08:32:28,349 nipype.workflow INFO:
	 [Node] Executing "conf_corr_plot" <nireports.interfaces.nuisance.ConfoundsCorrelationPlot>
250528-08:32:28,389 nipype.workflow INFO:
	 [Node] Executing "model_expansion" <niworkflows.interfaces.confounds.ExpandModel>
250528-08:32:28,595 nipype.workflow INFO:
	 [Node] Finished "model_expansion", elapsed time 0.205136s.
250528-08:32:29,184 nipype.workflow INFO:
	 [Node] Finished "conf_corr_plot", elapsed time 0.833709s.
250528-08:32:30,104 nipype.workflow INFO:
	 [Node] Setting-up "fmriprep_25_0_wf.sub_GEO073_wf.bold_ses_t2_task_image_run_4_wf.bold_confounds_wf.spike_regressors" in "/work/fmriprep_25_0_wf/sub_GEO073_wf/bold_ses_t2_task_image_run_4_wf/bold_confounds_wf/spike_regressors".
250528-08:32:30,303 nipype.workflow INFO:
	 [Node] Executing "spike_regressors" <niworkflows.interfaces.confounds.SpikeRegressors>
250528-08:32:30,463 nipype.workflow INFO:
	 [Node] Finished "spike_regressors", elapsed time 0.158403s.
250528-08:32:35,962 nipype.workflow INFO:
	 [Node] Finished "acompcor", elapsed time 9.54508s.
250528-08:32:38,148 nipype.workflow INFO:
	 [Node] Setting-up "fmriprep_25_0_wf.sub_GEO073_wf.bold_ses_t2_task_image_run_5_wf.bold_confounds_wf.rename_acompcor" in "/work/fmriprep_25_0_wf/sub_GEO073_wf/bold_ses_t2_task_image_run_5_wf/bold_confounds_wf/rename_acompcor".
250528-08:32:38,148 nipype.workflow INFO:
	 [Node] Setting-up "fmriprep_25_0_wf.sub_GEO073_wf.bold_ses_t2_task_image_run_5_wf.bold_confounds_wf.signals" in "/work/fmriprep_25_0_wf/sub_GEO073_wf/bold_ses_t2_task_image_run_5_wf/bold_confounds_wf/signals".
250528-08:32:38,389 nipype.workflow INFO:
	 [Node] Executing "rename_acompcor" <fmriprep.interfaces.confounds.RenameACompCor>
250528-08:32:38,398 nipype.workflow INFO:
	 [Node] Executing "signals" <niworkflows.interfaces.images.SignalExtraction>
250528-08:32:38,562 nipype.workflow INFO:
	 [Node] Finished "rename_acompcor", elapsed time 0.172295s.
250528-08:32:40,109 nipype.workflow INFO:
	 [Node] Setting-up "fmriprep_25_0_wf.sub_GEO073_wf.bold_ses_t2_task_image_run_5_wf.bold_confounds_wf.acc_metadata_filter" in "/work/fmriprep_25_0_wf/sub_GEO073_wf/bold_ses_t2_task_image_run_5_wf/bold_confounds_wf/acc_metadata_filter".
250528-08:32:40,110 nipype.workflow INFO:
	 [Node] Setting-up "fmriprep_25_0_wf.sub_GEO073_wf.bold_ses_t2_task_image_run_5_wf.bold_confounds_wf.compcor_plot" in "/work/fmriprep_25_0_wf/sub_GEO073_wf/bold_ses_t2_task_image_run_5_wf/bold_confounds_wf/compcor_plot".
250528-08:32:40,276 nipype.workflow INFO:
	 [Node] Executing "compcor_plot" <nireports.interfaces.nuisance.CompCorVariancePlot>
250528-08:32:40,322 nipype.workflow INFO:
	 [Node] Executing "acc_metadata_filter" <fmriprep.interfaces.confounds.FilterDropped>
250528-08:32:40,350 nipype.workflow INFO:
	 [Node] Finished "acc_metadata_filter", elapsed time 0.02698s.
250528-08:32:40,522 nipype.workflow INFO:
	 [Node] Finished "compcor_plot", elapsed time 0.244833s.
250528-08:32:42,107 nipype.workflow INFO:
	 [Node] Setting-up "fmriprep_25_0_wf.sub_GEO073_wf.bold_ses_t2_task_image_run_5_wf.bold_confounds_wf.acc_metadata_fmt" in "/work/fmriprep_25_0_wf/sub_GEO073_wf/bold_ses_t2_task_image_run_5_wf/bold_confounds_wf/acc_metadata_fmt".
250528-08:32:42,340 nipype.workflow INFO:
	 [Node] Executing "acc_metadata_fmt" <niworkflows.interfaces.utility.TSV2JSON>
250528-08:32:42,353 nipype.workflow INFO:
	 [Node] Finished "acc_metadata_fmt", elapsed time 0.010989s.
250528-08:32:44,271 nipype.workflow INFO:
	 [Node] Finished "signals", elapsed time 5.871048s.
250528-08:32:46,156 nipype.workflow INFO:
	 [Node] Setting-up "fmriprep_25_0_wf.sub_GEO073_wf.bold_ses_t2_task_image_run_4_wf.bold_confounds_wf.rois_plot" in "/work/fmriprep_25_0_wf/sub_GEO073_wf/bold_ses_t2_task_image_run_4_wf/bold_confounds_wf/rois_plot".
250528-08:32:46,423 nipype.workflow INFO:
	 [Node] Executing "rois_plot" <niworkflows.interfaces.reportlets.masks.ROIsPlot>
250528-08:32:48,234 nipype.workflow INFO:
	 [Node] Setting-up "fmriprep_25_0_wf.sub_GEO073_wf.bold_ses_t2_task_image_run_5_wf.bold_confounds_wf.model_expansion" in "/work/fmriprep_25_0_wf/sub_GEO073_wf/bold_ses_t2_task_image_run_5_wf/bold_confounds_wf/model_expansion".
250528-08:32:48,240 nipype.workflow INFO:
	 [Node] Setting-up "fmriprep_25_0_wf.sub_GEO073_wf.bold_ses_t2_task_image_run_5_wf.bold_confounds_wf.conf_corr_plot" in "/work/fmriprep_25_0_wf/sub_GEO073_wf/bold_ses_t2_task_image_run_5_wf/bold_confounds_wf/conf_corr_plot".
250528-08:32:48,405 nipype.workflow INFO:
	 [Node] Executing "model_expansion" <niworkflows.interfaces.confounds.ExpandModel>
250528-08:32:48,412 nipype.workflow INFO:
	 [Node] Executing "conf_corr_plot" <nireports.interfaces.nuisance.ConfoundsCorrelationPlot>
250528-08:32:48,586 nipype.workflow INFO:
	 [Node] Finished "model_expansion", elapsed time 0.180213s.
250528-08:32:49,408 nipype.workflow INFO:
	 [Node] Finished "conf_corr_plot", elapsed time 0.994512s.
250528-08:32:50,228 nipype.workflow INFO:
	 [Node] Setting-up "fmriprep_25_0_wf.sub_GEO073_wf.bold_ses_t2_task_image_run_5_wf.bold_confounds_wf.spike_regressors" in "/work/fmriprep_25_0_wf/sub_GEO073_wf/bold_ses_t2_task_image_run_5_wf/bold_confounds_wf/spike_regressors".
250528-08:32:50,463 nipype.workflow INFO:
	 [Node] Executing "spike_regressors" <niworkflows.interfaces.confounds.SpikeRegressors>
250528-08:32:50,626 nipype.workflow INFO:
	 [Node] Finished "spike_regressors", elapsed time 0.161409s.
250528-08:33:00,841 nipype.workflow INFO:
	 [Node] Finished "rois_plot", elapsed time 14.416767s.
250528-08:33:02,229 nipype.workflow INFO:
	 [Node] Setting-up "fmriprep_25_0_wf.sub_GEO073_wf.bold_ses_t2_task_image_run_5_wf.bold_confounds_wf.rois_plot" in "/work/fmriprep_25_0_wf/sub_GEO073_wf/bold_ses_t2_task_image_run_5_wf/bold_confounds_wf/rois_plot".
250528-08:33:02,436 nipype.workflow INFO:
	 [Node] Executing "rois_plot" <niworkflows.interfaces.reportlets.masks.ROIsPlot>
250528-08:33:16,894 nipype.workflow INFO:
	 [Node] Finished "rois_plot", elapsed time 14.457141s.
250528-08:33:18,787 nipype.workflow INFO:
	 [Node] Setting-up "fmriprep_25_0_wf.sub_GEO073_wf.bold_ses_t2_task_image_run_1_wf.carpetplot_wf.conf_plot" in "/work/fmriprep_25_0_wf/sub_GEO073_wf/bold_ses_t2_task_image_run_1_wf/carpetplot_wf/conf_plot".
250528-08:33:18,794 nipype.workflow INFO:
	 [Node] Setting-up "fmriprep_25_0_wf.sub_GEO073_wf.bold_ses_t2_task_image_run_2_wf.carpetplot_wf.conf_plot" in "/work/fmriprep_25_0_wf/sub_GEO073_wf/bold_ses_t2_task_image_run_2_wf/carpetplot_wf/conf_plot".
250528-08:33:18,986 nipype.workflow INFO:
	 [Node] Executing "conf_plot" <fmriprep.interfaces.confounds.FMRISummary>
250528-08:33:19,24 nipype.workflow INFO:
	 [Node] Executing "conf_plot" <fmriprep.interfaces.confounds.FMRISummary>
250528-08:33:29,304 nipype.workflow INFO:
	 [Node] Finished "conf_plot", elapsed time 10.316288s.
250528-08:33:29,622 nipype.workflow INFO:
	 [Node] Finished "conf_plot", elapsed time 10.597447s.
250528-08:33:30,300 nipype.workflow INFO:
	 [Node] Setting-up "fmriprep_25_0_wf.sub_GEO073_wf.bold_ses_t2_task_image_run_3_wf.carpetplot_wf.conf_plot" in "/work/fmriprep_25_0_wf/sub_GEO073_wf/bold_ses_t2_task_image_run_3_wf/carpetplot_wf/conf_plot".
250528-08:33:30,304 nipype.workflow INFO:
	 [Node] Setting-up "fmriprep_25_0_wf.sub_GEO073_wf.bold_ses_t2_task_image_run_4_wf.carpetplot_wf.conf_plot" in "/work/fmriprep_25_0_wf/sub_GEO073_wf/bold_ses_t2_task_image_run_4_wf/carpetplot_wf/conf_plot".
250528-08:33:30,477 nipype.workflow INFO:
	 [Node] Executing "conf_plot" <fmriprep.interfaces.confounds.FMRISummary>
250528-08:33:30,492 nipype.workflow INFO:
	 [Node] Executing "conf_plot" <fmriprep.interfaces.confounds.FMRISummary>
250528-08:33:40,927 nipype.workflow INFO:
	 [Node] Finished "conf_plot", elapsed time 10.434307s.
250528-08:33:41,33 nipype.workflow INFO:
	 [Node] Finished "conf_plot", elapsed time 10.555418s.
250528-08:33:42,233 nipype.workflow INFO:
	 [Node] Setting-up "fmriprep_25_0_wf.sub_GEO073_wf.bold_ses_t2_task_image_run_5_wf.carpetplot_wf.conf_plot" in "/work/fmriprep_25_0_wf/sub_GEO073_wf/bold_ses_t2_task_image_run_5_wf/carpetplot_wf/conf_plot".
250528-08:33:42,396 nipype.workflow INFO:
	 [Node] Executing "conf_plot" <fmriprep.interfaces.confounds.FMRISummary>
250528-08:33:52,439 nipype.workflow INFO:
	 [Node] Finished "conf_plot", elapsed time 10.042853s.
250528-08:45:35,843 nipype.workflow INFO:
	 [Node] Finished "_msmsulc0", elapsed time 1947.578103s.
250528-08:45:38,295 nipype.workflow INFO:
	 [Node] Setting-up "fmriprep_25_0_wf.sub_GEO073_wf.bold_ses_t2_task_image_run_1_wf.bold_anat_wf.resample" in "/work/fmriprep_25_0_wf/sub_GEO073_wf/bold_ses_t2_task_image_run_1_wf/bold_anat_wf/resample".
250528-08:45:38,569 nipype.workflow INFO:
	 [Node] Executing "resample" <fmriprep.interfaces.resampling.ResampleSeries>
250528-08:45:58,573 nipype.workflow INFO:
	 [Node] Finished "resample", elapsed time 20.002668s.
250528-08:46:00,304 nipype.workflow INFO:
	 [Node] Setting-up "fmriprep_25_0_wf.sub_GEO073_wf.bold_ses_t2_task_image_run_1_wf.bold_std_wf.resample" in "/work/fmriprep_25_0_wf/sub_GEO073_wf/bold_ses_t2_task_image_run_1_wf/bold_std_wf/_in_tuple_MNI152NLin2009cAsym.resnative/resample".
250528-08:46:00,471 nipype.workflow INFO:
	 [Node] Executing "resample" <fmriprep.interfaces.resampling.ResampleSeries>
250528-08:46:32,841 nipype.workflow INFO:
	 [Node] Finished "resample", elapsed time 32.369304s.
250528-08:46:34,342 nipype.workflow INFO:
	 [Node] Setting-up "fmriprep_25_0_wf.sub_GEO073_wf.bold_ses_t2_task_image_run_2_wf.bold_anat_wf.resample" in "/work/fmriprep_25_0_wf/sub_GEO073_wf/bold_ses_t2_task_image_run_2_wf/bold_anat_wf/resample".
250528-08:46:34,535 nipype.workflow INFO:
	 [Node] Executing "resample" <fmriprep.interfaces.resampling.ResampleSeries>
250528-08:46:54,464 nipype.workflow INFO:
	 [Node] Finished "resample", elapsed time 19.920659s.
250528-08:46:56,322 nipype.workflow INFO:
	 [Node] Setting-up "fmriprep_25_0_wf.sub_GEO073_wf.bold_ses_t2_task_image_run_2_wf.bold_std_wf.resample" in "/work/fmriprep_25_0_wf/sub_GEO073_wf/bold_ses_t2_task_image_run_2_wf/bold_std_wf/_in_tuple_MNI152NLin2009cAsym.resnative/resample".
250528-08:46:56,512 nipype.workflow INFO:
	 [Node] Executing "resample" <fmriprep.interfaces.resampling.ResampleSeries>
250528-08:47:28,517 nipype.workflow INFO:
	 [Node] Finished "resample", elapsed time 32.003806s.
250528-08:47:30,363 nipype.workflow INFO:
	 [Node] Setting-up "fmriprep_25_0_wf.sub_GEO073_wf.bold_ses_t2_task_image_run_3_wf.bold_anat_wf.resample" in "/work/fmriprep_25_0_wf/sub_GEO073_wf/bold_ses_t2_task_image_run_3_wf/bold_anat_wf/resample".
250528-08:47:30,672 nipype.workflow INFO:
	 [Node] Executing "resample" <fmriprep.interfaces.resampling.ResampleSeries>
250528-08:47:51,96 nipype.workflow INFO:
	 [Node] Finished "resample", elapsed time 20.423012s.
250528-08:47:52,366 nipype.workflow INFO:
	 [Node] Setting-up "fmriprep_25_0_wf.sub_GEO073_wf.bold_ses_t2_task_image_run_3_wf.bold_std_wf.resample" in "/work/fmriprep_25_0_wf/sub_GEO073_wf/bold_ses_t2_task_image_run_3_wf/bold_std_wf/_in_tuple_MNI152NLin2009cAsym.resnative/resample".
250528-08:47:52,591 nipype.workflow INFO:
	 [Node] Executing "resample" <fmriprep.interfaces.resampling.ResampleSeries>
250528-08:48:24,585 nipype.workflow INFO:
	 [Node] Finished "resample", elapsed time 31.982853s.
250528-08:48:26,401 nipype.workflow INFO:
	 [Node] Setting-up "fmriprep_25_0_wf.sub_GEO073_wf.bold_ses_t2_task_image_run_4_wf.bold_anat_wf.resample" in "/work/fmriprep_25_0_wf/sub_GEO073_wf/bold_ses_t2_task_image_run_4_wf/bold_anat_wf/resample".
250528-08:48:26,659 nipype.workflow INFO:
	 [Node] Executing "resample" <fmriprep.interfaces.resampling.ResampleSeries>
250528-08:48:46,461 nipype.workflow INFO:
	 [Node] Finished "resample", elapsed time 19.800658s.
250528-08:48:48,390 nipype.workflow INFO:
	 [Node] Setting-up "fmriprep_25_0_wf.sub_GEO073_wf.bold_ses_t2_task_image_run_4_wf.bold_std_wf.resample" in "/work/fmriprep_25_0_wf/sub_GEO073_wf/bold_ses_t2_task_image_run_4_wf/bold_std_wf/_in_tuple_MNI152NLin2009cAsym.resnative/resample".
250528-08:48:48,641 nipype.workflow INFO:
	 [Node] Executing "resample" <fmriprep.interfaces.resampling.ResampleSeries>
250528-08:49:20,191 nipype.workflow INFO:
	 [Node] Finished "resample", elapsed time 31.549339s.
250528-08:49:22,439 nipype.workflow INFO:
	 [Node] Setting-up "fmriprep_25_0_wf.sub_GEO073_wf.bold_ses_t2_task_image_run_5_wf.bold_anat_wf.resample" in "/work/fmriprep_25_0_wf/sub_GEO073_wf/bold_ses_t2_task_image_run_5_wf/bold_anat_wf/resample".
250528-08:49:22,645 nipype.workflow INFO:
	 [Node] Executing "resample" <fmriprep.interfaces.resampling.ResampleSeries>
250528-08:49:41,987 nipype.workflow INFO:
	 [Node] Finished "resample", elapsed time 19.334676s.
250528-08:49:42,392 nipype.workflow INFO:
	 [Node] Setting-up "fmriprep_25_0_wf.sub_GEO073_wf.bold_ses_t2_task_image_run_5_wf.bold_std_wf.resample" in "/work/fmriprep_25_0_wf/sub_GEO073_wf/bold_ses_t2_task_image_run_5_wf/bold_std_wf/_in_tuple_MNI152NLin2009cAsym.resnative/resample".
250528-08:49:42,607 nipype.workflow INFO:
	 [Node] Executing "resample" <fmriprep.interfaces.resampling.ResampleSeries>
250528-08:50:14,256 nipype.workflow INFO:
	 [Node] Finished "resample", elapsed time 31.647529s.
250528-08:50:16,408 nipype.workflow INFO:
	 [Node] Setting-up "fmriprep_25_0_wf.sub_GEO073_wf.bold_ses_t2_task_image_run_1_wf.ds_bold_std_wf.ds_bold" in "/work/fmriprep_25_0_wf/sub_GEO073_wf/bold_ses_t2_task_image_run_1_wf/ds_bold_std_wf/_in_tuple_MNI152NLin2009cAsym.resnative/ds_bold".
250528-08:50:16,422 nipype.workflow INFO:
	 [Node] Setting-up "fmriprep_25_0_wf.sub_GEO073_wf.bold_ses_t2_task_image_run_2_wf.ds_bold_std_wf.ds_bold" in "/work/fmriprep_25_0_wf/sub_GEO073_wf/bold_ses_t2_task_image_run_2_wf/ds_bold_std_wf/_in_tuple_MNI152NLin2009cAsym.resnative/ds_bold".
250528-08:50:16,441 nipype.workflow INFO:
	 [Node] Setting-up "fmriprep_25_0_wf.sub_GEO073_wf.bold_ses_t2_task_image_run_3_wf.ds_bold_std_wf.ds_bold" in "/work/fmriprep_25_0_wf/sub_GEO073_wf/bold_ses_t2_task_image_run_3_wf/ds_bold_std_wf/_in_tuple_MNI152NLin2009cAsym.resnative/ds_bold".
250528-08:50:16,460 nipype.workflow INFO:
	 [Node] Setting-up "fmriprep_25_0_wf.sub_GEO073_wf.bold_ses_t2_task_image_run_4_wf.ds_bold_std_wf.ds_bold" in "/work/fmriprep_25_0_wf/sub_GEO073_wf/bold_ses_t2_task_image_run_4_wf/ds_bold_std_wf/_in_tuple_MNI152NLin2009cAsym.resnative/ds_bold".
250528-08:50:16,473 nipype.workflow INFO:
	 [Node] Setting-up "fmriprep_25_0_wf.sub_GEO073_wf.bold_ses_t2_task_image_run_5_wf.ds_bold_std_wf.ds_bold" in "/work/fmriprep_25_0_wf/sub_GEO073_wf/bold_ses_t2_task_image_run_5_wf/ds_bold_std_wf/_in_tuple_MNI152NLin2009cAsym.resnative/ds_bold".
250528-08:50:16,619 nipype.workflow INFO:
	 [Node] Executing "ds_bold" <fmriprep.interfaces.DerivativesDataSink>
250528-08:50:16,621 nipype.workflow INFO:
	 [Node] Executing "ds_bold" <fmriprep.interfaces.DerivativesDataSink>
250528-08:50:16,839 nipype.workflow INFO:
	 [Node] Executing "ds_bold" <fmriprep.interfaces.DerivativesDataSink>
250528-08:50:16,858 nipype.workflow INFO:
	 [Node] Executing "ds_bold" <fmriprep.interfaces.DerivativesDataSink>
250528-08:50:16,872 nipype.workflow INFO:
	 [Node] Executing "ds_bold" <fmriprep.interfaces.DerivativesDataSink>
250528-08:50:41,932 nipype.workflow INFO:
	 [Node] Finished "ds_bold", elapsed time 25.311562s.
250528-08:50:42,411 nipype.workflow INFO:
	 [Node] Finished "ds_bold", elapsed time 25.782728s.
250528-08:50:42,886 nipype.workflow INFO:
	 [Node] Finished "ds_bold", elapsed time 26.045379s.
250528-08:50:43,514 nipype.workflow INFO:
	 [Node] Finished "ds_bold", elapsed time 26.640811s.
250528-08:50:44,52 nipype.workflow INFO:
	 [Node] Finished "ds_bold", elapsed time 27.193412s.
250528-09:02:09,380 nipype.workflow INFO:
	 [Node] Finished "_msmsulc1", elapsed time 1912.018024s.
250528-09:02:10,637 nipype.workflow INFO:
	 [Node] Setting-up "_msmsulc0" in "/work/fmriprep_25_0_wf/sub_GEO073_wf/anat_fit_wf/msm_sulc_wf/msmsulc/mapflow/_msmsulc0".
250528-09:02:10,661 nipype.workflow INFO:
	 [Node] Cached "_msmsulc0" - collecting precomputed outputs
250528-09:02:10,661 nipype.workflow INFO:
	 [Node] "_msmsulc0" found cached.
250528-09:02:10,662 nipype.workflow INFO:
	 [Node] Setting-up "_msmsulc1" in "/work/fmriprep_25_0_wf/sub_GEO073_wf/anat_fit_wf/msm_sulc_wf/msmsulc/mapflow/_msmsulc1".
250528-09:02:10,674 nipype.workflow INFO:
	 [Node] Cached "_msmsulc1" - collecting precomputed outputs
250528-09:02:10,674 nipype.workflow INFO:
	 [Node] "_msmsulc1" found cached.
250528-09:02:18,554 nipype.workflow IMPORTANT:
	 fMRIPrep finished successfully!
250528-09:02:18,650 nipype.workflow IMPORTANT:
	 Works derived from this fMRIPrep execution should include the boilerplate text found in <OUTPUT_PATH>/logs/CITATION.md.
