250527-23:57:13,299 nipype.workflow IMPORTANT:
	 Running fMRIPrep version 25.0.0

         License NOTICE ##################################################
         fMRIPrep 25.0.0
         Copyright The NiPreps Developers.
         
         This product includes software developed by
         the NiPreps Community (https://nipreps.org/).
         
         Portions of this software were developed at the Department of
         Psychology at Stanford University, Stanford, CA, US.
         
         This software is also distributed as a Docker container image.
         The bootstrapping file for the image ("Dockerfile") is licensed
         under the MIT License.
         
         This software may be distributed through an add-on package called
         "Docker Wrapper" that is under the BSD 3-clause License.
         #################################################################
250528-00:26:31,264 nipype.workflow IMPORTANT:
	 Building fMRIPrep's workflow:
           * BIDS dataset path: /data.
           * Participant list: ['GEO061'].
           * Run identifier: 20250527-223832_fd0eddd5-e6f6-4bac-97ec-ec0781e8cb83.
           * Output spaces: MNI152NLin2009cAsym:res-native.
           * Pre-run FreeSurfer's SUBJECTS_DIR: /out/sourcedata/freesurfer.
250528-00:26:43,385 nipype.workflow INFO:
	 ANAT Stage 1: Adding template workflow
250528-00:26:51,681 nipype.workflow INFO:
	 ANAT Stage 2: Preparing brain extraction workflow
250528-00:26:51,859 nipype.workflow INFO:
	 ANAT Stage 3: Preparing segmentation workflow
250528-00:26:51,864 nipype.workflow INFO:
	 ANAT Stage 4: Preparing normalization workflow for ['MNI152NLin2009cAsym']
250528-00:26:51,884 nipype.workflow INFO:
	 ANAT Stage 5: Preparing surface reconstruction workflow
250528-00:26:51,903 nipype.workflow INFO:
	 ANAT Stage 6: Preparing mask refinement workflow
250528-00:26:51,905 nipype.workflow INFO:
	 ANAT Stage 7: Creating T2w template
250528-00:26:51,912 nipype.workflow INFO:
	 ANAT Stage 8: Creating GIFTI surfaces for ['white', 'pial', 'midthickness', 'sphere_reg', 'sphere']
250528-00:26:51,927 nipype.workflow INFO:
	 ANAT Stage 8: Creating GIFTI metrics for ['thickness', 'sulc']
250528-00:26:51,933 nipype.workflow INFO:
	 ANAT Stage 8a: Creating cortical ribbon mask
250528-00:26:51,936 nipype.workflow INFO:
	 ANAT Stage 9: Creating fsLR registration sphere
250528-00:26:51,940 nipype.workflow INFO:
	 ANAT Stage 10: Creating MSM-Sulc registration sphere
250528-00:27:43,750 nipype.workflow INFO:
	 No single-band-reference found for sub-GEO061_ses-t2_task-image_run-1_bold.nii.gz.
250528-00:27:43,930 nipype.workflow INFO:
	 Stage 1: Adding HMC boldref workflow
250528-00:27:43,938 nipype.workflow INFO:
	 Stage 2: Adding motion correction workflow
250528-00:27:43,944 nipype.workflow INFO:
	 Stage 3: Adding coregistration boldref workflow
250528-00:27:49,98 nipype.workflow INFO:
	 No single-band-reference found for sub-GEO061_ses-t2_task-image_run-2_bold.nii.gz.
250528-00:27:49,209 nipype.workflow INFO:
	 Stage 1: Adding HMC boldref workflow
250528-00:27:49,215 nipype.workflow INFO:
	 Stage 2: Adding motion correction workflow
250528-00:27:49,219 nipype.workflow INFO:
	 Stage 3: Adding coregistration boldref workflow
250528-00:27:54,582 nipype.workflow INFO:
	 No single-band-reference found for sub-GEO061_ses-t2_task-image_run-3_bold.nii.gz.
250528-00:27:54,701 nipype.workflow INFO:
	 Stage 1: Adding HMC boldref workflow
250528-00:27:54,707 nipype.workflow INFO:
	 Stage 2: Adding motion correction workflow
250528-00:27:54,710 nipype.workflow INFO:
	 Stage 3: Adding coregistration boldref workflow
250528-00:27:58,854 nipype.workflow INFO:
	 No single-band-reference found for sub-GEO061_ses-t2_task-image_run-4_bold.nii.gz.
250528-00:27:58,970 nipype.workflow INFO:
	 Stage 1: Adding HMC boldref workflow
250528-00:27:58,976 nipype.workflow INFO:
	 Stage 2: Adding motion correction workflow
250528-00:27:58,979 nipype.workflow INFO:
	 Stage 3: Adding coregistration boldref workflow
250528-00:28:03,294 nipype.workflow INFO:
	 No single-band-reference found for sub-GEO061_ses-t2_task-image_run-5_bold.nii.gz.
250528-00:28:03,404 nipype.workflow INFO:
	 Stage 1: Adding HMC boldref workflow
250528-00:28:03,410 nipype.workflow INFO:
	 Stage 2: Adding motion correction workflow
250528-00:28:03,414 nipype.workflow INFO:
	 Stage 3: Adding coregistration boldref workflow
250528-00:28:07,701 nipype.workflow INFO:
	 No single-band-reference found for sub-GEO061_ses-t3_task-image_run-1_bold.nii.gz.
250528-00:28:07,817 nipype.workflow INFO:
	 Stage 1: Adding HMC boldref workflow
250528-00:28:07,823 nipype.workflow INFO:
	 Stage 2: Adding motion correction workflow
250528-00:28:07,827 nipype.workflow INFO:
	 Stage 3: Adding coregistration boldref workflow
250528-00:28:12,41 nipype.workflow INFO:
	 No single-band-reference found for sub-GEO061_ses-t3_task-image_run-2_bold.nii.gz.
250528-00:28:12,151 nipype.workflow INFO:
	 Stage 1: Adding HMC boldref workflow
250528-00:28:12,157 nipype.workflow INFO:
	 Stage 2: Adding motion correction workflow
250528-00:28:12,160 nipype.workflow INFO:
	 Stage 3: Adding coregistration boldref workflow
250528-00:28:16,335 nipype.workflow INFO:
	 No single-band-reference found for sub-GEO061_ses-t3_task-image_run-3_bold.nii.gz.
250528-00:28:16,462 nipype.workflow INFO:
	 Stage 1: Adding HMC boldref workflow
250528-00:28:16,469 nipype.workflow INFO:
	 Stage 2: Adding motion correction workflow
250528-00:28:16,473 nipype.workflow INFO:
	 Stage 3: Adding coregistration boldref workflow
250528-00:28:21,114 nipype.workflow INFO:
	 No single-band-reference found for sub-GEO061_ses-t3_task-image_run-4_bold.nii.gz.
250528-00:28:21,232 nipype.workflow INFO:
	 Stage 1: Adding HMC boldref workflow
250528-00:28:21,238 nipype.workflow INFO:
	 Stage 2: Adding motion correction workflow
250528-00:28:21,241 nipype.workflow INFO:
	 Stage 3: Adding coregistration boldref workflow
250528-00:28:26,206 nipype.workflow INFO:
	 No single-band-reference found for sub-GEO061_ses-t3_task-image_run-5_bold.nii.gz.
250528-00:28:26,324 nipype.workflow INFO:
	 Stage 1: Adding HMC boldref workflow
250528-00:28:26,331 nipype.workflow INFO:
	 Stage 2: Adding motion correction workflow
250528-00:28:26,335 nipype.workflow INFO:
	 Stage 3: Adding coregistration boldref workflow
250528-00:28:30,296 nipype.workflow INFO:
	 No single-band-reference found for sub-GEO061_ses-t3_task-retrans_run-1_bold.nii.gz.
250528-00:28:30,404 nipype.workflow INFO:
	 Stage 1: Adding HMC boldref workflow
250528-00:28:30,410 nipype.workflow INFO:
	 Stage 2: Adding motion correction workflow
250528-00:28:30,413 nipype.workflow INFO:
	 Stage 3: Adding coregistration boldref workflow
250528-00:28:40,555 nipype.workflow INFO:
	 fMRIPrep workflow graph with 1955 nodes built successfully.
250528-00:30:18,162 nipype.workflow IMPORTANT:
	 fMRIPrep started!
250528-00:30:37,552 nipype.workflow INFO:
	 [Node] Setting-up "fmriprep_25_0_wf.sub_GEO061_wf.anat_fit_wf.brain_extraction_wf.full_wm" in "/work/fmriprep_25_0_wf/sub_GEO061_wf/anat_fit_wf/brain_extraction_wf/full_wm".
250528-00:30:37,603 nipype.workflow INFO:
	 [Node] Setting-up "fmriprep_25_0_wf.sub_GEO061_wf.anat_fit_wf.brain_extraction_wf.res_tmpl" in "/work/fmriprep_25_0_wf/sub_GEO061_wf/anat_fit_wf/brain_extraction_wf/res_tmpl".
250528-00:30:37,609 nipype.workflow INFO:
	 [Node] Setting-up "fmriprep_25_0_wf.sub_GEO061_wf.anat_fit_wf.brain_extraction_wf.lap_tmpl" in "/work/fmriprep_25_0_wf/sub_GEO061_wf/anat_fit_wf/brain_extraction_wf/lap_tmpl".
250528-00:30:37,689 nipype.workflow INFO:
	 [Node] Setting-up "fmriprep_25_0_wf.sub_GEO061_wf.bold_ses_t2_task_image_run_1_wf.bold_fit_wf.hmc_boldref_wf.validation_and_dummies_wf.val_bold" in "/work/fmriprep_25_0_wf/sub_GEO061_wf/bold_ses_t2_task_image_run_1_wf/bold_fit_wf/hmc_boldref_wf/validation_and_dummies_wf/val_bold".
250528-00:30:37,716 nipype.workflow INFO:
	 [Node] Setting-up "fmriprep_25_0_wf.sub_GEO061_wf.bold_ses_t2_task_image_run_1_wf.bold_fit_wf.hmc_boldref_wf.validation_and_dummies_wf.get_dummy" in "/work/fmriprep_25_0_wf/sub_GEO061_wf/bold_ses_t2_task_image_run_1_wf/bold_fit_wf/hmc_boldref_wf/validation_and_dummies_wf/get_dummy".
250528-00:30:38,124 nipype.workflow INFO:
	 [Node] Executing "full_wm" <nipype.interfaces.utility.wrappers.Function>
250528-00:30:38,203 nipype.workflow INFO:
	 [Node] Executing "res_tmpl" <niworkflows.interfaces.nibabel.RegridToZooms>
250528-00:30:38,297 nipype.workflow INFO:
	 [Node] Executing "lap_tmpl" <nipype.interfaces.ants.utils.ImageMath>
250528-00:30:38,715 nipype.workflow INFO:
	 [Node] Executing "val_bold" <niworkflows.interfaces.header.ValidateImage>
250528-00:30:38,832 nipype.workflow INFO:
	 [Node] Setting-up "fmriprep_25_0_wf.sub_GEO061_wf.bidssrc" in "/work/fmriprep_25_0_wf/sub_GEO061_wf/bidssrc".
250528-00:30:39,68 nipype.workflow INFO:
	 [Node] Executing "get_dummy" <niworkflows.interfaces.bold.NonsteadyStatesDetector>
250528-00:30:39,114 nipype.workflow INFO:
	 [Node] Finished "val_bold", elapsed time 0.395616s.
250528-00:30:39,123 nipype.workflow INFO:
	 [Node] Executing "bidssrc" <niworkflows.interfaces.bids.BIDSDataGrabber>
250528-00:30:39,126 nipype.interface INFO:
	 No "flair" images found for sub-GEO061
250528-00:30:39,126 nipype.interface INFO:
	 No "fmap" images found for sub-GEO061
250528-00:30:39,126 nipype.interface INFO:
	 No "sbref" images found for sub-GEO061
250528-00:30:39,126 nipype.interface INFO:
	 No "roi" images found for sub-GEO061
250528-00:30:39,126 nipype.interface INFO:
	 No "pet" images found for sub-GEO061
250528-00:30:39,126 nipype.interface INFO:
	 No "asl" images found for sub-GEO061
250528-00:30:39,127 nipype.workflow INFO:
	 [Node] Finished "bidssrc", elapsed time 0.000952s.
250528-00:30:39,371 nipype.workflow INFO:
	 [Node] Finished "full_wm", elapsed time 1.243644s.
250528-00:30:39,729 nipype.workflow INFO:
	 [Node] Finished "res_tmpl", elapsed time 1.523156s.
250528-00:30:39,737 nipype.workflow INFO:
	 [Node] Setting-up "fmriprep_25_0_wf.sub_GEO061_wf.bold_ses_t2_task_image_run_1_wf.bold_fit_wf.ds_hmc_wf.sources" in "/work/fmriprep_25_0_wf/sub_GEO061_wf/bold_ses_t2_task_image_run_1_wf/bold_fit_wf/ds_hmc_wf/sources".
250528-00:30:39,775 nipype.workflow INFO:
	 [Node] Setting-up "fmriprep_25_0_wf.sub_GEO061_wf.bold_ses_t2_task_image_run_1_wf.bold_fit_wf.ds_hmc_boldref_wf.sources" in "/work/fmriprep_25_0_wf/sub_GEO061_wf/bold_ses_t2_task_image_run_1_wf/bold_fit_wf/ds_hmc_boldref_wf/sources".
250528-00:30:40,238 nipype.workflow INFO:
	 [Node] Setting-up "fmriprep_25_0_wf.sub_GEO061_wf.bold_ses_t2_task_image_run_1_wf.bold_native_wf.bold_source" in "/work/fmriprep_25_0_wf/sub_GEO061_wf/bold_ses_t2_task_image_run_1_wf/bold_native_wf/bold_source".
250528-00:30:40,239 nipype.workflow INFO:
	 [Node] Setting-up "fmriprep_25_0_wf.sub_GEO061_wf.bold_ses_t2_task_image_run_1_wf.bold_fit_wf.ds_boldmask_wf.sources" in "/work/fmriprep_25_0_wf/sub_GEO061_wf/bold_ses_t2_task_image_run_1_wf/bold_fit_wf/ds_boldmask_wf/sources".
250528-00:30:40,305 nipype.workflow INFO:
	 [Node] Setting-up "fmriprep_25_0_wf.sub_GEO061_wf.bold_ses_t2_task_image_run_2_wf.bold_fit_wf.hmc_boldref_wf.validation_and_dummies_wf.val_bold" in "/work/fmriprep_25_0_wf/sub_GEO061_wf/bold_ses_t2_task_image_run_2_wf/bold_fit_wf/hmc_boldref_wf/validation_and_dummies_wf/val_bold".
250528-00:30:40,777 nipype.workflow INFO:
	 [Node] Executing "sources" <fmriprep.interfaces.bids.BIDSURI>
250528-00:30:40,781 nipype.workflow INFO:
	 [Node] Finished "sources", elapsed time 0.00073s.
250528-00:30:40,869 nipype.workflow INFO:
	 [Node] Executing "sources" <fmriprep.interfaces.bids.BIDSURI>
250528-00:30:40,875 nipype.workflow INFO:
	 [Node] Finished "sources", elapsed time 0.003347s.
250528-00:30:40,914 nipype.workflow INFO:
	 [Node] Executing "sources" <fmriprep.interfaces.bids.BIDSURI>
250528-00:30:40,916 nipype.workflow INFO:
	 [Node] Finished "sources", elapsed time 0.000604s.
250528-00:30:40,997 nipype.workflow INFO:
	 [Node] Executing "bold_source" <nipype.interfaces.utility.base.Select>
250528-00:30:40,998 nipype.workflow INFO:
	 [Node] Finished "bold_source", elapsed time 0.000579s.
250528-00:30:41,156 nipype.workflow INFO:
	 [Node] Executing "val_bold" <niworkflows.interfaces.header.ValidateImage>
250528-00:30:41,260 nipype.workflow INFO:
	 [Node] Finished "val_bold", elapsed time 0.102824s.
250528-00:30:41,984 nipype.workflow INFO:
	 [Node] Finished "get_dummy", elapsed time 2.912805s.
250528-00:30:42,213 nipype.workflow INFO:
	 [Node] Setting-up "fmriprep_25_0_wf.sub_GEO061_wf.bold_ses_t2_task_image_run_2_wf.bold_fit_wf.ds_hmc_boldref_wf.sources" in "/work/fmriprep_25_0_wf/sub_GEO061_wf/bold_ses_t2_task_image_run_2_wf/bold_fit_wf/ds_hmc_boldref_wf/sources".
250528-00:30:42,213 nipype.workflow INFO:
	 [Node] Setting-up "fmriprep_25_0_wf.sub_GEO061_wf.bold_ses_t2_task_image_run_2_wf.bold_fit_wf.hmc_boldref_wf.validation_and_dummies_wf.get_dummy" in "/work/fmriprep_25_0_wf/sub_GEO061_wf/bold_ses_t2_task_image_run_2_wf/bold_fit_wf/hmc_boldref_wf/validation_and_dummies_wf/get_dummy".
250528-00:30:42,213 nipype.workflow INFO:
	 [Node] Setting-up "fmriprep_25_0_wf.sub_GEO061_wf.bold_ses_t2_task_image_run_2_wf.bold_fit_wf.ds_hmc_wf.sources" in "/work/fmriprep_25_0_wf/sub_GEO061_wf/bold_ses_t2_task_image_run_2_wf/bold_fit_wf/ds_hmc_wf/sources".
250528-00:30:42,214 nipype.workflow INFO:
	 [Node] Setting-up "fmriprep_25_0_wf.sub_GEO061_wf.bold_ses_t2_task_image_run_2_wf.bold_fit_wf.ds_boldmask_wf.sources" in "/work/fmriprep_25_0_wf/sub_GEO061_wf/bold_ses_t2_task_image_run_2_wf/bold_fit_wf/ds_boldmask_wf/sources".
250528-00:30:42,214 nipype.workflow INFO:
	 [Node] Setting-up "fmriprep_25_0_wf.sub_GEO061_wf.bold_ses_t2_task_image_run_2_wf.bold_native_wf.bold_source" in "/work/fmriprep_25_0_wf/sub_GEO061_wf/bold_ses_t2_task_image_run_2_wf/bold_native_wf/bold_source".
250528-00:30:42,215 nipype.workflow INFO:
	 [Node] Setting-up "fmriprep_25_0_wf.sub_GEO061_wf.bold_ses_t2_task_image_run_3_wf.bold_fit_wf.hmc_boldref_wf.validation_and_dummies_wf.val_bold" in "/work/fmriprep_25_0_wf/sub_GEO061_wf/bold_ses_t2_task_image_run_3_wf/bold_fit_wf/hmc_boldref_wf/validation_and_dummies_wf/val_bold".
250528-00:30:43,541 nipype.workflow INFO:
	 [Node] Executing "sources" <fmriprep.interfaces.bids.BIDSURI>
250528-00:30:43,543 nipype.workflow INFO:
	 [Node] Finished "sources", elapsed time 0.000927s.
250528-00:30:44,195 nipype.workflow INFO:
	 [Node] Executing "get_dummy" <niworkflows.interfaces.bold.NonsteadyStatesDetector>
250528-00:30:44,221 nipype.workflow INFO:
	 [Node] Setting-up "fmriprep_25_0_wf.sub_GEO061_wf.bold_ses_t2_task_image_run_3_wf.bold_fit_wf.hmc_boldref_wf.validation_and_dummies_wf.get_dummy" in "/work/fmriprep_25_0_wf/sub_GEO061_wf/bold_ses_t2_task_image_run_3_wf/bold_fit_wf/hmc_boldref_wf/validation_and_dummies_wf/get_dummy".
250528-00:30:44,791 nipype.workflow INFO:
	 [Node] Executing "sources" <fmriprep.interfaces.bids.BIDSURI>
250528-00:30:44,793 nipype.workflow INFO:
	 [Node] Finished "sources", elapsed time 0.000594s.
250528-00:30:44,836 nipype.workflow INFO:
	 [Node] Executing "bold_source" <nipype.interfaces.utility.base.Select>
250528-00:30:44,852 nipype.workflow INFO:
	 [Node] Finished "bold_source", elapsed time 0.000533s.
250528-00:30:45,246 nipype.workflow INFO:
	 [Node] Executing "sources" <fmriprep.interfaces.bids.BIDSURI>
250528-00:30:45,247 nipype.workflow INFO:
	 [Node] Finished "sources", elapsed time 0.000637s.
250528-00:30:45,263 nipype.workflow INFO:
	 [Node] Executing "val_bold" <niworkflows.interfaces.header.ValidateImage>
250528-00:30:45,545 nipype.workflow INFO:
	 [Node] Finished "val_bold", elapsed time 0.280618s.
250528-00:30:45,602 nipype.workflow INFO:
	 [Node] Executing "get_dummy" <niworkflows.interfaces.bold.NonsteadyStatesDetector>
250528-00:30:46,224 nipype.workflow INFO:
	 [Node] Setting-up "fmriprep_25_0_wf.sub_GEO061_wf.bold_ses_t2_task_image_run_3_wf.bold_fit_wf.ds_hmc_boldref_wf.sources" in "/work/fmriprep_25_0_wf/sub_GEO061_wf/bold_ses_t2_task_image_run_3_wf/bold_fit_wf/ds_hmc_boldref_wf/sources".
250528-00:30:46,226 nipype.workflow INFO:
	 [Node] Setting-up "fmriprep_25_0_wf.sub_GEO061_wf.bold_ses_t2_task_image_run_3_wf.bold_fit_wf.ds_hmc_wf.sources" in "/work/fmriprep_25_0_wf/sub_GEO061_wf/bold_ses_t2_task_image_run_3_wf/bold_fit_wf/ds_hmc_wf/sources".
250528-00:30:46,227 nipype.workflow INFO:
	 [Node] Setting-up "fmriprep_25_0_wf.sub_GEO061_wf.bold_ses_t2_task_image_run_3_wf.bold_native_wf.bold_source" in "/work/fmriprep_25_0_wf/sub_GEO061_wf/bold_ses_t2_task_image_run_3_wf/bold_native_wf/bold_source".
250528-00:30:46,257 nipype.workflow INFO:
	 [Node] Setting-up "fmriprep_25_0_wf.sub_GEO061_wf.bold_ses_t2_task_image_run_4_wf.bold_fit_wf.hmc_boldref_wf.validation_and_dummies_wf.val_bold" in "/work/fmriprep_25_0_wf/sub_GEO061_wf/bold_ses_t2_task_image_run_4_wf/bold_fit_wf/hmc_boldref_wf/validation_and_dummies_wf/val_bold".
250528-00:30:47,61 nipype.workflow INFO:
	 [Node] Finished "get_dummy", elapsed time 2.864227s.
250528-00:30:47,635 nipype.workflow INFO:
	 [Node] Executing "sources" <fmriprep.interfaces.bids.BIDSURI>
250528-00:30:47,638 nipype.workflow INFO:
	 [Node] Finished "sources", elapsed time 0.000994s.
250528-00:30:47,701 nipype.workflow INFO:
	 [Node] Executing "bold_source" <nipype.interfaces.utility.base.Select>
250528-00:30:47,703 nipype.workflow INFO:
	 [Node] Finished "bold_source", elapsed time 0.000613s.
250528-00:30:47,788 nipype.workflow INFO:
	 [Node] Executing "sources" <fmriprep.interfaces.bids.BIDSURI>
250528-00:30:47,790 nipype.workflow INFO:
	 [Node] Finished "sources", elapsed time 0.00068s.
250528-00:30:47,971 nipype.workflow INFO:
	 [Node] Executing "val_bold" <niworkflows.interfaces.header.ValidateImage>
250528-00:30:48,84 nipype.workflow INFO:
	 [Node] Finished "val_bold", elapsed time 0.11135s.
250528-00:30:48,230 nipype.workflow INFO:
	 [Node] Setting-up "fmriprep_25_0_wf.sub_GEO061_wf.bold_ses_t2_task_image_run_4_wf.bold_fit_wf.hmc_boldref_wf.validation_and_dummies_wf.get_dummy" in "/work/fmriprep_25_0_wf/sub_GEO061_wf/bold_ses_t2_task_image_run_4_wf/bold_fit_wf/hmc_boldref_wf/validation_and_dummies_wf/get_dummy".
250528-00:30:48,232 nipype.workflow INFO:
	 [Node] Setting-up "fmriprep_25_0_wf.sub_GEO061_wf.bold_ses_t2_task_image_run_4_wf.bold_fit_wf.ds_hmc_boldref_wf.sources" in "/work/fmriprep_25_0_wf/sub_GEO061_wf/bold_ses_t2_task_image_run_4_wf/bold_fit_wf/ds_hmc_boldref_wf/sources".
250528-00:30:48,258 nipype.workflow INFO:
	 [Node] Setting-up "fmriprep_25_0_wf.sub_GEO061_wf.bold_ses_t2_task_image_run_3_wf.bold_fit_wf.ds_boldmask_wf.sources" in "/work/fmriprep_25_0_wf/sub_GEO061_wf/bold_ses_t2_task_image_run_3_wf/bold_fit_wf/ds_boldmask_wf/sources".
250528-00:30:48,628 nipype.workflow INFO:
	 [Node] Finished "get_dummy", elapsed time 3.024793s.
250528-00:30:48,717 nipype.workflow INFO:
	 [Node] Executing "sources" <fmriprep.interfaces.bids.BIDSURI>
250528-00:30:48,719 nipype.workflow INFO:
	 [Node] Finished "sources", elapsed time 0.000646s.
250528-00:30:48,730 nipype.workflow INFO:
	 [Node] Executing "get_dummy" <niworkflows.interfaces.bold.NonsteadyStatesDetector>
250528-00:30:48,823 nipype.workflow INFO:
	 [Node] Executing "sources" <fmriprep.interfaces.bids.BIDSURI>
250528-00:30:48,824 nipype.workflow INFO:
	 [Node] Finished "sources", elapsed time 0.000625s.
250528-00:30:49,600 nipype.workflow INFO:
	 [Node] Finished "lap_tmpl", elapsed time 10.962908s.
250528-00:30:50,239 nipype.workflow INFO:
	 [Node] Setting-up "fmriprep_25_0_wf.sub_GEO061_wf.bold_ses_t2_task_image_run_4_wf.bold_fit_wf.ds_hmc_wf.sources" in "/work/fmriprep_25_0_wf/sub_GEO061_wf/bold_ses_t2_task_image_run_4_wf/bold_fit_wf/ds_hmc_wf/sources".
250528-00:30:50,239 nipype.workflow INFO:
	 [Node] Setting-up "fmriprep_25_0_wf.sub_GEO061_wf.bold_ses_t2_task_image_run_4_wf.bold_fit_wf.ds_boldmask_wf.sources" in "/work/fmriprep_25_0_wf/sub_GEO061_wf/bold_ses_t2_task_image_run_4_wf/bold_fit_wf/ds_boldmask_wf/sources".
250528-00:30:50,241 nipype.workflow INFO:
	 [Node] Setting-up "fmriprep_25_0_wf.sub_GEO061_wf.bold_ses_t2_task_image_run_4_wf.bold_native_wf.bold_source" in "/work/fmriprep_25_0_wf/sub_GEO061_wf/bold_ses_t2_task_image_run_4_wf/bold_native_wf/bold_source".
250528-00:30:50,243 nipype.workflow INFO:
	 [Node] Setting-up "fmriprep_25_0_wf.sub_GEO061_wf.bold_ses_t2_task_image_run_5_wf.bold_fit_wf.ds_hmc_boldref_wf.sources" in "/work/fmriprep_25_0_wf/sub_GEO061_wf/bold_ses_t2_task_image_run_5_wf/bold_fit_wf/ds_hmc_boldref_wf/sources".
250528-00:30:50,243 nipype.workflow INFO:
	 [Node] Setting-up "fmriprep_25_0_wf.sub_GEO061_wf.bold_ses_t2_task_image_run_5_wf.bold_fit_wf.hmc_boldref_wf.validation_and_dummies_wf.get_dummy" in "/work/fmriprep_25_0_wf/sub_GEO061_wf/bold_ses_t2_task_image_run_5_wf/bold_fit_wf/hmc_boldref_wf/validation_and_dummies_wf/get_dummy".
250528-00:30:50,246 nipype.workflow INFO:
	 [Node] Setting-up "fmriprep_25_0_wf.sub_GEO061_wf.bold_ses_t2_task_image_run_5_wf.bold_fit_wf.hmc_boldref_wf.validation_and_dummies_wf.val_bold" in "/work/fmriprep_25_0_wf/sub_GEO061_wf/bold_ses_t2_task_image_run_5_wf/bold_fit_wf/hmc_boldref_wf/validation_and_dummies_wf/val_bold".
250528-00:30:50,944 nipype.workflow INFO:
	 [Node] Executing "bold_source" <nipype.interfaces.utility.base.Select>
250528-00:30:50,946 nipype.workflow INFO:
	 [Node] Finished "bold_source", elapsed time 0.000784s.
250528-00:30:51,2 nipype.workflow INFO:
	 [Node] Executing "sources" <fmriprep.interfaces.bids.BIDSURI>
250528-00:30:51,3 nipype.workflow INFO:
	 [Node] Finished "sources", elapsed time 0.000551s.
250528-00:30:51,70 nipype.workflow INFO:
	 [Node] Executing "sources" <fmriprep.interfaces.bids.BIDSURI>
250528-00:30:51,71 nipype.workflow INFO:
	 [Node] Finished "sources", elapsed time 0.000577s.
250528-00:30:51,189 nipype.workflow INFO:
	 [Node] Executing "val_bold" <niworkflows.interfaces.header.ValidateImage>
250528-00:30:51,270 nipype.workflow INFO:
	 [Node] Finished "val_bold", elapsed time 0.078962s.
250528-00:30:51,328 nipype.workflow INFO:
	 [Node] Executing "get_dummy" <niworkflows.interfaces.bold.NonsteadyStatesDetector>
250528-00:30:51,458 nipype.workflow INFO:
	 [Node] Executing "sources" <fmriprep.interfaces.bids.BIDSURI>
250528-00:30:51,460 nipype.workflow INFO:
	 [Node] Finished "sources", elapsed time 0.000843s.
250528-00:30:51,659 nipype.workflow INFO:
	 [Node] Finished "get_dummy", elapsed time 2.927768s.
250528-00:30:52,230 nipype.workflow INFO:
	 [Node] Setting-up "fmriprep_25_0_wf.sub_GEO061_wf.bold_ses_t2_task_image_run_5_wf.bold_native_wf.bold_source" in "/work/fmriprep_25_0_wf/sub_GEO061_wf/bold_ses_t2_task_image_run_5_wf/bold_native_wf/bold_source".
250528-00:30:52,231 nipype.workflow INFO:
	 [Node] Setting-up "fmriprep_25_0_wf.sub_GEO061_wf.bold_ses_t3_task_image_run_1_wf.bold_fit_wf.hmc_boldref_wf.validation_and_dummies_wf.val_bold" in "/work/fmriprep_25_0_wf/sub_GEO061_wf/bold_ses_t3_task_image_run_1_wf/bold_fit_wf/hmc_boldref_wf/validation_and_dummies_wf/val_bold".
250528-00:30:52,232 nipype.workflow INFO:
	 [Node] Setting-up "fmriprep_25_0_wf.sub_GEO061_wf.bold_ses_t3_task_image_run_1_wf.bold_fit_wf.hmc_boldref_wf.validation_and_dummies_wf.get_dummy" in "/work/fmriprep_25_0_wf/sub_GEO061_wf/bold_ses_t3_task_image_run_1_wf/bold_fit_wf/hmc_boldref_wf/validation_and_dummies_wf/get_dummy".
250528-00:30:52,232 nipype.workflow INFO:
	 [Node] Setting-up "fmriprep_25_0_wf.sub_GEO061_wf.bold_ses_t3_task_image_run_1_wf.bold_fit_wf.ds_hmc_boldref_wf.sources" in "/work/fmriprep_25_0_wf/sub_GEO061_wf/bold_ses_t3_task_image_run_1_wf/bold_fit_wf/ds_hmc_boldref_wf/sources".
250528-00:30:52,365 nipype.workflow INFO:
	 [Node] Setting-up "fmriprep_25_0_wf.sub_GEO061_wf.bold_ses_t2_task_image_run_5_wf.bold_fit_wf.ds_hmc_wf.sources" in "/work/fmriprep_25_0_wf/sub_GEO061_wf/bold_ses_t2_task_image_run_5_wf/bold_fit_wf/ds_hmc_wf/sources".
250528-00:30:52,770 nipype.workflow INFO:
	 [Node] Executing "bold_source" <nipype.interfaces.utility.base.Select>
250528-00:30:52,772 nipype.workflow INFO:
	 [Node] Finished "bold_source", elapsed time 0.000724s.
250528-00:30:53,165 nipype.workflow INFO:
	 [Node] Executing "sources" <fmriprep.interfaces.bids.BIDSURI>
250528-00:30:53,167 nipype.workflow INFO:
	 [Node] Finished "sources", elapsed time 0.00062s.
250528-00:30:53,178 nipype.workflow INFO:
	 [Node] Executing "get_dummy" <niworkflows.interfaces.bold.NonsteadyStatesDetector>
250528-00:30:53,210 nipype.workflow INFO:
	 [Node] Executing "val_bold" <niworkflows.interfaces.header.ValidateImage>
250528-00:30:53,288 nipype.workflow INFO:
	 [Node] Executing "sources" <fmriprep.interfaces.bids.BIDSURI>
250528-00:30:53,290 nipype.workflow INFO:
	 [Node] Finished "sources", elapsed time 0.000579s.
250528-00:30:53,337 nipype.workflow INFO:
	 [Node] Finished "val_bold", elapsed time 0.125319s.
250528-00:30:54,225 nipype.workflow INFO:
	 [Node] Setting-up "fmriprep_25_0_wf.sub_GEO061_wf.bold_ses_t3_task_image_run_1_wf.bold_fit_wf.ds_hmc_wf.sources" in "/work/fmriprep_25_0_wf/sub_GEO061_wf/bold_ses_t3_task_image_run_1_wf/bold_fit_wf/ds_hmc_wf/sources".
250528-00:30:54,227 nipype.workflow INFO:
	 [Node] Setting-up "fmriprep_25_0_wf.sub_GEO061_wf.bold_ses_t3_task_image_run_1_wf.bold_fit_wf.ds_boldmask_wf.sources" in "/work/fmriprep_25_0_wf/sub_GEO061_wf/bold_ses_t3_task_image_run_1_wf/bold_fit_wf/ds_boldmask_wf/sources".
250528-00:30:54,228 nipype.workflow INFO:
	 [Node] Setting-up "fmriprep_25_0_wf.sub_GEO061_wf.bold_ses_t3_task_image_run_1_wf.bold_native_wf.bold_source" in "/work/fmriprep_25_0_wf/sub_GEO061_wf/bold_ses_t3_task_image_run_1_wf/bold_native_wf/bold_source".
250528-00:30:54,233 nipype.workflow INFO:
	 [Node] Finished "get_dummy", elapsed time 2.90424s.
250528-00:30:54,235 nipype.workflow INFO:
	 [Node] Setting-up "fmriprep_25_0_wf.sub_GEO061_wf.bold_ses_t3_task_image_run_2_wf.bold_fit_wf.hmc_boldref_wf.validation_and_dummies_wf.get_dummy" in "/work/fmriprep_25_0_wf/sub_GEO061_wf/bold_ses_t3_task_image_run_2_wf/bold_fit_wf/hmc_boldref_wf/validation_and_dummies_wf/get_dummy".
250528-00:30:54,239 nipype.workflow INFO:
	 [Node] Setting-up "fmriprep_25_0_wf.sub_GEO061_wf.bold_ses_t3_task_image_run_2_wf.bold_fit_wf.hmc_boldref_wf.validation_and_dummies_wf.val_bold" in "/work/fmriprep_25_0_wf/sub_GEO061_wf/bold_ses_t3_task_image_run_2_wf/bold_fit_wf/hmc_boldref_wf/validation_and_dummies_wf/val_bold".
250528-00:30:54,333 nipype.workflow INFO:
	 [Node] Setting-up "fmriprep_25_0_wf.sub_GEO061_wf.bold_ses_t2_task_image_run_5_wf.bold_fit_wf.ds_boldmask_wf.sources" in "/work/fmriprep_25_0_wf/sub_GEO061_wf/bold_ses_t2_task_image_run_5_wf/bold_fit_wf/ds_boldmask_wf/sources".
250528-00:30:55,5 nipype.workflow INFO:
	 [Node] Executing "sources" <fmriprep.interfaces.bids.BIDSURI>
250528-00:30:55,7 nipype.workflow INFO:
	 [Node] Finished "sources", elapsed time 0.000563s.
250528-00:30:55,17 nipype.workflow INFO:
	 [Node] Executing "bold_source" <nipype.interfaces.utility.base.Select>
250528-00:30:55,18 nipype.workflow INFO:
	 [Node] Finished "bold_source", elapsed time 0.000473s.
250528-00:30:55,136 nipype.workflow INFO:
	 [Node] Executing "sources" <fmriprep.interfaces.bids.BIDSURI>
250528-00:30:55,138 nipype.workflow INFO:
	 [Node] Finished "sources", elapsed time 0.00067s.
250528-00:30:55,203 nipype.workflow INFO:
	 [Node] Executing "get_dummy" <niworkflows.interfaces.bold.NonsteadyStatesDetector>
250528-00:30:55,216 nipype.workflow INFO:
	 [Node] Executing "sources" <fmriprep.interfaces.bids.BIDSURI>
250528-00:30:55,217 nipype.workflow INFO:
	 [Node] Finished "sources", elapsed time 0.000578s.
250528-00:30:55,264 nipype.workflow INFO:
	 [Node] Executing "val_bold" <niworkflows.interfaces.header.ValidateImage>
250528-00:30:55,383 nipype.workflow INFO:
	 [Node] Finished "val_bold", elapsed time 0.117999s.
250528-00:30:56,69 nipype.workflow INFO:
	 [Node] Finished "get_dummy", elapsed time 2.8899749999999997s.
250528-00:30:56,256 nipype.workflow INFO:
	 [Node] Setting-up "fmriprep_25_0_wf.sub_GEO061_wf.bold_ses_t3_task_image_run_2_wf.bold_fit_wf.ds_hmc_boldref_wf.sources" in "/work/fmriprep_25_0_wf/sub_GEO061_wf/bold_ses_t3_task_image_run_2_wf/bold_fit_wf/ds_hmc_boldref_wf/sources".
250528-00:30:56,257 nipype.workflow INFO:
	 [Node] Setting-up "fmriprep_25_0_wf.sub_GEO061_wf.bold_ses_t3_task_image_run_2_wf.bold_fit_wf.ds_hmc_wf.sources" in "/work/fmriprep_25_0_wf/sub_GEO061_wf/bold_ses_t3_task_image_run_2_wf/bold_fit_wf/ds_hmc_wf/sources".
250528-00:30:56,257 nipype.workflow INFO:
	 [Node] Setting-up "fmriprep_25_0_wf.sub_GEO061_wf.bold_ses_t3_task_image_run_2_wf.bold_fit_wf.ds_boldmask_wf.sources" in "/work/fmriprep_25_0_wf/sub_GEO061_wf/bold_ses_t3_task_image_run_2_wf/bold_fit_wf/ds_boldmask_wf/sources".
250528-00:30:56,258 nipype.workflow INFO:
	 [Node] Setting-up "fmriprep_25_0_wf.sub_GEO061_wf.bold_ses_t3_task_image_run_2_wf.bold_native_wf.bold_source" in "/work/fmriprep_25_0_wf/sub_GEO061_wf/bold_ses_t3_task_image_run_2_wf/bold_native_wf/bold_source".
250528-00:30:56,259 nipype.workflow INFO:
	 [Node] Setting-up "fmriprep_25_0_wf.sub_GEO061_wf.bold_ses_t3_task_image_run_3_wf.bold_fit_wf.hmc_boldref_wf.validation_and_dummies_wf.val_bold" in "/work/fmriprep_25_0_wf/sub_GEO061_wf/bold_ses_t3_task_image_run_3_wf/bold_fit_wf/hmc_boldref_wf/validation_and_dummies_wf/val_bold".
250528-00:30:56,260 nipype.workflow INFO:
	 [Node] Setting-up "fmriprep_25_0_wf.sub_GEO061_wf.bold_ses_t3_task_image_run_3_wf.bold_fit_wf.hmc_boldref_wf.validation_and_dummies_wf.get_dummy" in "/work/fmriprep_25_0_wf/sub_GEO061_wf/bold_ses_t3_task_image_run_3_wf/bold_fit_wf/hmc_boldref_wf/validation_and_dummies_wf/get_dummy".
250528-00:30:58,70 nipype.workflow INFO:
	 [Node] Finished "get_dummy", elapsed time 2.8657019999999997s.
250528-00:30:58,527 nipype.workflow INFO:
	 [Node] Executing "bold_source" <nipype.interfaces.utility.base.Select>
250528-00:30:58,529 nipype.workflow INFO:
	 [Node] Finished "bold_source", elapsed time 0.000454s.
250528-00:30:58,793 nipype.workflow INFO:
	 [Node] Executing "sources" <fmriprep.interfaces.bids.BIDSURI>
250528-00:30:58,795 nipype.workflow INFO:
	 [Node] Finished "sources", elapsed time 0.000854s.
250528-00:30:58,846 nipype.workflow INFO:
	 [Node] Executing "sources" <fmriprep.interfaces.bids.BIDSURI>
250528-00:30:58,847 nipype.workflow INFO:
	 [Node] Finished "sources", elapsed time 0.000525s.
250528-00:30:59,201 nipype.workflow INFO:
	 [Node] Executing "sources" <fmriprep.interfaces.bids.BIDSURI>
250528-00:30:59,203 nipype.workflow INFO:
	 [Node] Finished "sources", elapsed time 0.000628s.
250528-00:30:59,228 nipype.workflow INFO:
	 [Node] Executing "get_dummy" <niworkflows.interfaces.bold.NonsteadyStatesDetector>
250528-00:30:59,430 nipype.workflow INFO:
	 [Node] Executing "val_bold" <niworkflows.interfaces.header.ValidateImage>
250528-00:30:59,508 nipype.workflow INFO:
	 [Node] Finished "val_bold", elapsed time 0.077187s.
250528-00:31:00,217 nipype.workflow INFO:
	 [Node] Setting-up "fmriprep_25_0_wf.sub_GEO061_wf.bold_ses_t3_task_image_run_3_wf.bold_fit_wf.ds_hmc_boldref_wf.sources" in "/work/fmriprep_25_0_wf/sub_GEO061_wf/bold_ses_t3_task_image_run_3_wf/bold_fit_wf/ds_hmc_boldref_wf/sources".
250528-00:31:00,245 nipype.workflow INFO:
	 [Node] Setting-up "fmriprep_25_0_wf.sub_GEO061_wf.bold_ses_t3_task_image_run_3_wf.bold_fit_wf.ds_hmc_wf.sources" in "/work/fmriprep_25_0_wf/sub_GEO061_wf/bold_ses_t3_task_image_run_3_wf/bold_fit_wf/ds_hmc_wf/sources".
250528-00:31:00,247 nipype.workflow INFO:
	 [Node] Setting-up "fmriprep_25_0_wf.sub_GEO061_wf.bold_ses_t3_task_image_run_3_wf.bold_native_wf.bold_source" in "/work/fmriprep_25_0_wf/sub_GEO061_wf/bold_ses_t3_task_image_run_3_wf/bold_native_wf/bold_source".
250528-00:31:00,249 nipype.workflow INFO:
	 [Node] Setting-up "fmriprep_25_0_wf.sub_GEO061_wf.bold_ses_t3_task_image_run_4_wf.bold_fit_wf.ds_hmc_boldref_wf.sources" in "/work/fmriprep_25_0_wf/sub_GEO061_wf/bold_ses_t3_task_image_run_4_wf/bold_fit_wf/ds_hmc_boldref_wf/sources".
250528-00:31:00,250 nipype.workflow INFO:
	 [Node] Setting-up "fmriprep_25_0_wf.sub_GEO061_wf.bold_ses_t3_task_image_run_4_wf.bold_fit_wf.hmc_boldref_wf.validation_and_dummies_wf.get_dummy" in "/work/fmriprep_25_0_wf/sub_GEO061_wf/bold_ses_t3_task_image_run_4_wf/bold_fit_wf/hmc_boldref_wf/validation_and_dummies_wf/get_dummy".
250528-00:31:00,252 nipype.workflow INFO:
	 [Node] Setting-up "fmriprep_25_0_wf.sub_GEO061_wf.bold_ses_t3_task_image_run_4_wf.bold_fit_wf.hmc_boldref_wf.validation_and_dummies_wf.val_bold" in "/work/fmriprep_25_0_wf/sub_GEO061_wf/bold_ses_t3_task_image_run_4_wf/bold_fit_wf/hmc_boldref_wf/validation_and_dummies_wf/val_bold".
250528-00:31:01,441 nipype.workflow INFO:
	 [Node] Executing "sources" <fmriprep.interfaces.bids.BIDSURI>
250528-00:31:01,442 nipype.workflow INFO:
	 [Node] Finished "sources", elapsed time 0.000658s.
250528-00:31:01,466 nipype.workflow INFO:
	 [Node] Executing "sources" <fmriprep.interfaces.bids.BIDSURI>
250528-00:31:01,468 nipype.workflow INFO:
	 [Node] Finished "sources", elapsed time 0.000508s.
250528-00:31:01,491 nipype.workflow INFO:
	 [Node] Executing "bold_source" <nipype.interfaces.utility.base.Select>
250528-00:31:01,493 nipype.workflow INFO:
	 [Node] Finished "bold_source", elapsed time 0.000756s.
250528-00:31:01,523 nipype.workflow INFO:
	 [Node] Executing "sources" <fmriprep.interfaces.bids.BIDSURI>
250528-00:31:01,525 nipype.workflow INFO:
	 [Node] Finished "sources", elapsed time 0.000569s.
250528-00:31:01,679 nipype.workflow INFO:
	 [Node] Executing "val_bold" <niworkflows.interfaces.header.ValidateImage>
250528-00:31:01,736 nipype.workflow INFO:
	 [Node] Executing "get_dummy" <niworkflows.interfaces.bold.NonsteadyStatesDetector>
250528-00:31:01,788 nipype.workflow INFO:
	 [Node] Finished "val_bold", elapsed time 0.108538s.
250528-00:31:02,164 nipype.workflow INFO:
	 [Node] Finished "get_dummy", elapsed time 2.935717s.
250528-00:31:02,247 nipype.workflow INFO:
	 [Node] Setting-up "fmriprep_25_0_wf.sub_GEO061_wf.bold_ses_t3_task_image_run_4_wf.bold_fit_wf.ds_hmc_wf.sources" in "/work/fmriprep_25_0_wf/sub_GEO061_wf/bold_ses_t3_task_image_run_4_wf/bold_fit_wf/ds_hmc_wf/sources".
250528-00:31:02,249 nipype.workflow INFO:
	 [Node] Setting-up "fmriprep_25_0_wf.sub_GEO061_wf.bold_ses_t3_task_image_run_4_wf.bold_fit_wf.ds_boldmask_wf.sources" in "/work/fmriprep_25_0_wf/sub_GEO061_wf/bold_ses_t3_task_image_run_4_wf/bold_fit_wf/ds_boldmask_wf/sources".
250528-00:31:02,249 nipype.workflow INFO:
	 [Node] Setting-up "fmriprep_25_0_wf.sub_GEO061_wf.bold_ses_t3_task_image_run_4_wf.bold_native_wf.bold_source" in "/work/fmriprep_25_0_wf/sub_GEO061_wf/bold_ses_t3_task_image_run_4_wf/bold_native_wf/bold_source".
250528-00:31:02,250 nipype.workflow INFO:
	 [Node] Setting-up "fmriprep_25_0_wf.sub_GEO061_wf.bold_ses_t3_task_image_run_5_wf.bold_fit_wf.hmc_boldref_wf.validation_and_dummies_wf.val_bold" in "/work/fmriprep_25_0_wf/sub_GEO061_wf/bold_ses_t3_task_image_run_5_wf/bold_fit_wf/hmc_boldref_wf/validation_and_dummies_wf/val_bold".
250528-00:31:02,312 nipype.workflow INFO:
	 [Node] Setting-up "fmriprep_25_0_wf.sub_GEO061_wf.bold_ses_t3_task_image_run_3_wf.bold_fit_wf.ds_boldmask_wf.sources" in "/work/fmriprep_25_0_wf/sub_GEO061_wf/bold_ses_t3_task_image_run_3_wf/bold_fit_wf/ds_boldmask_wf/sources".
250528-00:31:02,786 nipype.workflow INFO:
	 [Node] Executing "sources" <fmriprep.interfaces.bids.BIDSURI>
250528-00:31:02,788 nipype.workflow INFO:
	 [Node] Finished "sources", elapsed time 0.000589s.
250528-00:31:02,800 nipype.workflow INFO:
	 [Node] Executing "bold_source" <nipype.interfaces.utility.base.Select>
250528-00:31:02,805 nipype.workflow INFO:
	 [Node] Finished "bold_source", elapsed time 0.000513s.
250528-00:31:02,810 nipype.workflow INFO:
	 [Node] Executing "val_bold" <niworkflows.interfaces.header.ValidateImage>
250528-00:31:02,852 nipype.workflow INFO:
	 [Node] Executing "sources" <fmriprep.interfaces.bids.BIDSURI>
250528-00:31:02,854 nipype.workflow INFO:
	 [Node] Finished "sources", elapsed time 0.00072s.
250528-00:31:02,947 nipype.workflow INFO:
	 [Node] Executing "sources" <fmriprep.interfaces.bids.BIDSURI>
250528-00:31:02,949 nipype.workflow INFO:
	 [Node] Finished "val_bold", elapsed time 0.137847s.
250528-00:31:02,949 nipype.workflow INFO:
	 [Node] Finished "sources", elapsed time 0.000897s.
250528-00:31:04,223 nipype.workflow INFO:
	 [Node] Setting-up "fmriprep_25_0_wf.sub_GEO061_wf.bold_ses_t3_task_image_run_5_wf.bold_fit_wf.hmc_boldref_wf.validation_and_dummies_wf.get_dummy" in "/work/fmriprep_25_0_wf/sub_GEO061_wf/bold_ses_t3_task_image_run_5_wf/bold_fit_wf/hmc_boldref_wf/validation_and_dummies_wf/get_dummy".
250528-00:31:04,223 nipype.workflow INFO:
	 [Node] Setting-up "fmriprep_25_0_wf.sub_GEO061_wf.bold_ses_t3_task_image_run_5_wf.bold_fit_wf.ds_hmc_boldref_wf.sources" in "/work/fmriprep_25_0_wf/sub_GEO061_wf/bold_ses_t3_task_image_run_5_wf/bold_fit_wf/ds_hmc_boldref_wf/sources".
250528-00:31:04,224 nipype.workflow INFO:
	 [Node] Setting-up "fmriprep_25_0_wf.sub_GEO061_wf.bold_ses_t3_task_image_run_5_wf.bold_fit_wf.ds_hmc_wf.sources" in "/work/fmriprep_25_0_wf/sub_GEO061_wf/bold_ses_t3_task_image_run_5_wf/bold_fit_wf/ds_hmc_wf/sources".
250528-00:31:04,225 nipype.workflow INFO:
	 [Node] Setting-up "fmriprep_25_0_wf.sub_GEO061_wf.bold_ses_t3_task_image_run_5_wf.bold_fit_wf.ds_boldmask_wf.sources" in "/work/fmriprep_25_0_wf/sub_GEO061_wf/bold_ses_t3_task_image_run_5_wf/bold_fit_wf/ds_boldmask_wf/sources".
250528-00:31:04,227 nipype.workflow INFO:
	 [Node] Setting-up "fmriprep_25_0_wf.sub_GEO061_wf.bold_ses_t3_task_image_run_5_wf.bold_native_wf.bold_source" in "/work/fmriprep_25_0_wf/sub_GEO061_wf/bold_ses_t3_task_image_run_5_wf/bold_native_wf/bold_source".
250528-00:31:04,228 nipype.workflow INFO:
	 [Node] Setting-up "fmriprep_25_0_wf.sub_GEO061_wf.bold_ses_t3_task_retrans_run_1_wf.bold_fit_wf.hmc_boldref_wf.validation_and_dummies_wf.val_bold" in "/work/fmriprep_25_0_wf/sub_GEO061_wf/bold_ses_t3_task_retrans_run_1_wf/bold_fit_wf/hmc_boldref_wf/validation_and_dummies_wf/val_bold".
250528-00:31:04,228 nipype.workflow INFO:
	 [Node] Setting-up "fmriprep_25_0_wf.sub_GEO061_wf.bold_ses_t3_task_retrans_run_1_wf.bold_fit_wf.hmc_boldref_wf.validation_and_dummies_wf.get_dummy" in "/work/fmriprep_25_0_wf/sub_GEO061_wf/bold_ses_t3_task_retrans_run_1_wf/bold_fit_wf/hmc_boldref_wf/validation_and_dummies_wf/get_dummy".
250528-00:31:04,661 nipype.workflow INFO:
	 [Node] Executing "get_dummy" <niworkflows.interfaces.bold.NonsteadyStatesDetector>
250528-00:31:04,673 nipype.workflow INFO:
	 [Node] Finished "get_dummy", elapsed time 2.936039s.
250528-00:31:04,757 nipype.workflow INFO:
	 [Node] Executing "sources" <fmriprep.interfaces.bids.BIDSURI>
250528-00:31:04,758 nipype.workflow INFO:
	 [Node] Executing "bold_source" <nipype.interfaces.utility.base.Select>
250528-00:31:04,759 nipype.workflow INFO:
	 [Node] Finished "sources", elapsed time 0.000662s.
250528-00:31:04,759 nipype.workflow INFO:
	 [Node] Finished "bold_source", elapsed time 0.000583s.
250528-00:31:04,813 nipype.workflow INFO:
	 [Node] Executing "val_bold" <niworkflows.interfaces.header.ValidateImage>
250528-00:31:04,903 nipype.workflow INFO:
	 [Node] Executing "sources" <fmriprep.interfaces.bids.BIDSURI>
250528-00:31:04,904 nipype.workflow INFO:
	 [Node] Finished "sources", elapsed time 0.000673s.
250528-00:31:04,941 nipype.workflow INFO:
	 [Node] Executing "get_dummy" <niworkflows.interfaces.bold.NonsteadyStatesDetector>
250528-00:31:04,944 nipype.workflow INFO:
	 [Node] Finished "val_bold", elapsed time 0.130183s.
250528-00:31:04,970 nipype.workflow INFO:
	 [Node] Executing "sources" <fmriprep.interfaces.bids.BIDSURI>
250528-00:31:04,974 nipype.workflow INFO:
	 [Node] Finished "sources", elapsed time 0.00094s.
250528-00:31:06,235 nipype.workflow INFO:
	 [Node] Setting-up "fmriprep_25_0_wf.sub_GEO061_wf.bold_ses_t3_task_retrans_run_1_wf.bold_fit_wf.ds_hmc_boldref_wf.sources" in "/work/fmriprep_25_0_wf/sub_GEO061_wf/bold_ses_t3_task_retrans_run_1_wf/bold_fit_wf/ds_hmc_boldref_wf/sources".
250528-00:31:06,237 nipype.workflow INFO:
	 [Node] Setting-up "fmriprep_25_0_wf.sub_GEO061_wf.bold_ses_t3_task_retrans_run_1_wf.bold_fit_wf.ds_hmc_wf.sources" in "/work/fmriprep_25_0_wf/sub_GEO061_wf/bold_ses_t3_task_retrans_run_1_wf/bold_fit_wf/ds_hmc_wf/sources".
250528-00:31:06,268 nipype.workflow INFO:
	 [Node] Setting-up "fmriprep_25_0_wf.sub_GEO061_wf.bold_ses_t3_task_retrans_run_1_wf.bold_fit_wf.ds_boldmask_wf.sources" in "/work/fmriprep_25_0_wf/sub_GEO061_wf/bold_ses_t3_task_retrans_run_1_wf/bold_fit_wf/ds_boldmask_wf/sources".
250528-00:31:06,268 nipype.workflow INFO:
	 [Node] Setting-up "fmriprep_25_0_wf.sub_GEO061_wf.bold_ses_t3_task_retrans_run_1_wf.bold_native_wf.bold_source" in "/work/fmriprep_25_0_wf/sub_GEO061_wf/bold_ses_t3_task_retrans_run_1_wf/bold_native_wf/bold_source".
250528-00:31:07,688 nipype.workflow INFO:
	 [Node] Finished "get_dummy", elapsed time 3.025185s.
250528-00:31:08,453 nipype.workflow INFO:
	 [Node] Finished "get_dummy", elapsed time 3.510847s.
250528-00:31:08,590 nipype.workflow INFO:
	 [Node] Executing "sources" <fmriprep.interfaces.bids.BIDSURI>
250528-00:31:08,591 nipype.workflow INFO:
	 [Node] Finished "sources", elapsed time 0.000564s.
250528-00:31:08,650 nipype.workflow INFO:
	 [Node] Executing "sources" <fmriprep.interfaces.bids.BIDSURI>
250528-00:31:08,651 nipype.workflow INFO:
	 [Node] Finished "sources", elapsed time 0.000611s.
250528-00:31:08,747 nipype.workflow INFO:
	 [Node] Executing "sources" <fmriprep.interfaces.bids.BIDSURI>
250528-00:31:08,749 nipype.workflow INFO:
	 [Node] Finished "sources", elapsed time 0.000699s.
250528-00:31:08,863 nipype.workflow INFO:
	 [Node] Executing "bold_source" <nipype.interfaces.utility.base.Select>
250528-00:31:08,865 nipype.workflow INFO:
	 [Node] Finished "bold_source", elapsed time 0.000526s.
250528-00:31:11,300 nipype.workflow INFO:
	 [Node] Setting-up "fmriprep_25_0_wf.sub_GEO061_wf.bids_info" in "/work/fmriprep_25_0_wf/sub_GEO061_wf/bids_info".
250528-00:31:11,304 nipype.workflow INFO:
	 [Node] Setting-up "fmriprep_25_0_wf.sub_GEO061_wf.anat_fit_wf.anat_template_wf.anat_ref_dimensions" in "/work/fmriprep_25_0_wf/sub_GEO061_wf/anat_fit_wf/anat_template_wf/anat_ref_dimensions".
250528-00:31:11,560 nipype.workflow INFO:
	 [Node] Setting-up "fmriprep_25_0_wf.sub_GEO061_wf.anat_fit_wf.t2w_template_wf.anat_ref_dimensions" in "/work/fmriprep_25_0_wf/sub_GEO061_wf/anat_fit_wf/t2w_template_wf/anat_ref_dimensions".
250528-00:31:11,657 nipype.workflow INFO:
	 [Node] Executing "bids_info" <niworkflows.interfaces.bids.BIDSInfo>
250528-00:31:11,665 nipype.workflow INFO:
	 [Node] Finished "bids_info", elapsed time 0.00644s.
250528-00:31:11,858 nipype.workflow INFO:
	 [Node] Executing "anat_ref_dimensions" <niworkflows.interfaces.images.TemplateDimensions>
250528-00:31:12,89 nipype.workflow INFO:
	 [Node] Executing "anat_ref_dimensions" <niworkflows.interfaces.images.TemplateDimensions>
250528-00:31:12,448 nipype.workflow INFO:
	 [Node] Finished "anat_ref_dimensions", elapsed time 0.589123s.
250528-00:31:12,700 nipype.workflow INFO:
	 [Node] Finished "anat_ref_dimensions", elapsed time 0.609746s.
250528-00:31:12,865 nipype.workflow INFO:
	 [Node] Setting-up "fmriprep_25_0_wf.sub_GEO061_wf.anat_fit_wf.brain_extraction_wf.mrg_tmpl" in "/work/fmriprep_25_0_wf/sub_GEO061_wf/anat_fit_wf/brain_extraction_wf/mrg_tmpl".
250528-00:31:13,397 nipype.workflow INFO:
	 [Node] Executing "mrg_tmpl" <nipype.interfaces.utility.base.Merge>
250528-00:31:13,399 nipype.workflow INFO:
	 [Node] Finished "mrg_tmpl", elapsed time 0.000711s.
250528-00:31:15,113 nipype.workflow INFO:
	 [Node] Setting-up "fmriprep_25_0_wf.sub_GEO061_wf.bold_ses_t2_task_image_run_1_wf.bold_native_wf.validate_bold" in "/work/fmriprep_25_0_wf/sub_GEO061_wf/bold_ses_t2_task_image_run_1_wf/bold_native_wf/validate_bold".
250528-00:31:15,115 nipype.workflow INFO:
	 [Node] Setting-up "fmriprep_25_0_wf.sub_GEO061_wf.bold_ses_t2_task_image_run_1_wf.bold_fit_wf.hmc_boldref_wf.gen_avg" in "/work/fmriprep_25_0_wf/sub_GEO061_wf/bold_ses_t2_task_image_run_1_wf/bold_fit_wf/hmc_boldref_wf/gen_avg".
250528-00:31:15,510 nipype.workflow INFO:
	 [Node] Executing "validate_bold" <niworkflows.interfaces.header.ValidateImage>
250528-00:31:15,631 nipype.workflow INFO:
	 [Node] Finished "validate_bold", elapsed time 0.119912s.
250528-00:31:15,646 nipype.workflow INFO:
	 [Node] Executing "gen_avg" <niworkflows.interfaces.images.RobustAverage>
250528-00:31:17,159 nipype.workflow INFO:
	 [Node] Setting-up "fmriprep_25_0_wf.sub_GEO061_wf.bold_ses_t2_task_image_run_2_wf.bold_fit_wf.hmc_boldref_wf.gen_avg" in "/work/fmriprep_25_0_wf/sub_GEO061_wf/bold_ses_t2_task_image_run_2_wf/bold_fit_wf/hmc_boldref_wf/gen_avg".
250528-00:31:17,160 nipype.workflow INFO:
	 [Node] Setting-up "fmriprep_25_0_wf.sub_GEO061_wf.bold_ses_t2_task_image_run_2_wf.bold_native_wf.validate_bold" in "/work/fmriprep_25_0_wf/sub_GEO061_wf/bold_ses_t2_task_image_run_2_wf/bold_native_wf/validate_bold".
250528-00:31:17,460 nipype.workflow INFO:
	 [Node] Executing "gen_avg" <niworkflows.interfaces.images.RobustAverage>
250528-00:31:17,855 nipype.workflow INFO:
	 [Node] Executing "validate_bold" <niworkflows.interfaces.header.ValidateImage>
250528-00:31:17,979 nipype.workflow INFO:
	 [Node] Finished "validate_bold", elapsed time 0.122994s.
250528-00:31:19,697 nipype.workflow INFO:
	 [Node] Setting-up "fmriprep_25_0_wf.sub_GEO061_wf.bold_ses_t2_task_image_run_3_wf.bold_native_wf.validate_bold" in "/work/fmriprep_25_0_wf/sub_GEO061_wf/bold_ses_t2_task_image_run_3_wf/bold_native_wf/validate_bold".
250528-00:31:19,700 nipype.workflow INFO:
	 [Node] Setting-up "fmriprep_25_0_wf.sub_GEO061_wf.bold_ses_t2_task_image_run_3_wf.bold_fit_wf.hmc_boldref_wf.gen_avg" in "/work/fmriprep_25_0_wf/sub_GEO061_wf/bold_ses_t2_task_image_run_3_wf/bold_fit_wf/hmc_boldref_wf/gen_avg".
250528-00:31:19,848 nipype.interface INFO:
	 stderr 2025-05-28T00:31:19.848631:++ 3dvolreg: AFNI version=AFNI_25.0.11 (Mar 24 2025) [64-bit]
250528-00:31:19,848 nipype.interface INFO:
	 stderr 2025-05-28T00:31:19.848631:++ Authored by: RW Cox
250528-00:31:19,909 nipype.interface INFO:
	 stderr 2025-05-28T00:31:19.909236:** AFNI converts NIFTI_datatype=512 (UINT16) in file /work/fmriprep_25_0_wf/sub_GEO061_wf/bold_ses_t2_task_image_run_1_wf/bold_fit_wf/hmc_boldref_wf/gen_avg/sub-GEO061_ses-t2_task-image_run-1_bold_sliced.nii.gz to FLOAT32
250528-00:31:19,909 nipype.interface INFO:
	 stderr 2025-05-28T00:31:19.909236:     Warnings of this type will be muted for this session.
250528-00:31:19,909 nipype.interface INFO:
	 stderr 2025-05-28T00:31:19.909236:     Set AFNI_NIFTI_TYPE_WARN to YES to see them all, NO to see none.
250528-00:31:19,910 nipype.interface INFO:
	 stderr 2025-05-28T00:31:19.910907:[7m*+ WARNING:[0m   If you are performing spatial transformations on an oblique dset,
250528-00:31:19,910 nipype.interface INFO:
	 stderr 2025-05-28T00:31:19.910907:  such as /work/fmriprep_25_0_wf/sub_GEO061_wf/bold_ses_t2_task_image_run_1_wf/bold_fit_wf/hmc_boldref_wf/gen_avg/sub-GEO061_ses-t2_task-image_run-1_bold_sliced.nii.gz,
250528-00:31:19,910 nipype.interface INFO:
	 stderr 2025-05-28T00:31:19.910907:  or viewing/combining it with volumes of differing obliquity,
250528-00:31:19,910 nipype.interface INFO:
	 stderr 2025-05-28T00:31:19.910907:  you should consider running: 
250528-00:31:19,910 nipype.interface INFO:
	 stderr 2025-05-28T00:31:19.910907:     3dWarp -deoblique 
250528-00:31:19,911 nipype.interface INFO:
	 stderr 2025-05-28T00:31:19.910907:  on this and  other oblique datasets in the same session.
250528-00:31:19,911 nipype.interface INFO:
	 stderr 2025-05-28T00:31:19.910907: See 3dWarp -help for details.
250528-00:31:19,911 nipype.interface INFO:
	 stderr 2025-05-28T00:31:19.910907:++ Oblique dataset:/work/fmriprep_25_0_wf/sub_GEO061_wf/bold_ses_t2_task_image_run_1_wf/bold_fit_wf/hmc_boldref_wf/gen_avg/sub-GEO061_ses-t2_task-image_run-1_bold_sliced.nii.gz is 33.900002 degrees from plumb.
250528-00:31:19,911 nipype.interface INFO:
	 stderr 2025-05-28T00:31:19.911041:++ Coarse del was 10, replaced with 6
250528-00:31:20,224 nipype.interface INFO:
	 stderr 2025-05-28T00:31:20.224205:++ edt_blur: sigx 2, dx 1, fwhm 4.70964, sfac 2.5, firx 5
250528-00:31:20,529 nipype.workflow INFO:
	 [Node] Executing "gen_avg" <niworkflows.interfaces.images.RobustAverage>
250528-00:31:20,636 nipype.workflow INFO:
	 [Node] Executing "validate_bold" <niworkflows.interfaces.header.ValidateImage>
250528-00:31:20,747 nipype.workflow INFO:
	 [Node] Finished "validate_bold", elapsed time 0.109508s.
250528-00:31:21,514 nipype.interface INFO:
	 stderr 2025-05-28T00:31:21.514055:++ 3dvolreg: AFNI version=AFNI_25.0.11 (Mar 24 2025) [64-bit]
250528-00:31:21,514 nipype.interface INFO:
	 stderr 2025-05-28T00:31:21.514055:++ Authored by: RW Cox
250528-00:31:21,519 nipype.interface INFO:
	 stderr 2025-05-28T00:31:21.519496:** AFNI converts NIFTI_datatype=512 (UINT16) in file /work/fmriprep_25_0_wf/sub_GEO061_wf/bold_ses_t2_task_image_run_2_wf/bold_fit_wf/hmc_boldref_wf/gen_avg/sub-GEO061_ses-t2_task-image_run-2_bold_sliced.nii.gz to FLOAT32
250528-00:31:21,519 nipype.interface INFO:
	 stderr 2025-05-28T00:31:21.519496:     Warnings of this type will be muted for this session.
250528-00:31:21,519 nipype.interface INFO:
	 stderr 2025-05-28T00:31:21.519496:     Set AFNI_NIFTI_TYPE_WARN to YES to see them all, NO to see none.
250528-00:31:21,521 nipype.interface INFO:
	 stderr 2025-05-28T00:31:21.521098:[7m*+ WARNING:[0m   If you are performing spatial transformations on an oblique dset,
250528-00:31:21,521 nipype.interface INFO:
	 stderr 2025-05-28T00:31:21.521098:  such as /work/fmriprep_25_0_wf/sub_GEO061_wf/bold_ses_t2_task_image_run_2_wf/bold_fit_wf/hmc_boldref_wf/gen_avg/sub-GEO061_ses-t2_task-image_run-2_bold_sliced.nii.gz,
250528-00:31:21,521 nipype.interface INFO:
	 stderr 2025-05-28T00:31:21.521098:  or viewing/combining it with volumes of differing obliquity,
250528-00:31:21,521 nipype.interface INFO:
	 stderr 2025-05-28T00:31:21.521098:  you should consider running: 
250528-00:31:21,521 nipype.interface INFO:
	 stderr 2025-05-28T00:31:21.521098:     3dWarp -deoblique 
250528-00:31:21,521 nipype.interface INFO:
	 stderr 2025-05-28T00:31:21.521098:  on this and  other oblique datasets in the same session.
250528-00:31:21,521 nipype.interface INFO:
	 stderr 2025-05-28T00:31:21.521098: See 3dWarp -help for details.
250528-00:31:21,521 nipype.interface INFO:
	 stderr 2025-05-28T00:31:21.521098:++ Oblique dataset:/work/fmriprep_25_0_wf/sub_GEO061_wf/bold_ses_t2_task_image_run_2_wf/bold_fit_wf/hmc_boldref_wf/gen_avg/sub-GEO061_ses-t2_task-image_run-2_bold_sliced.nii.gz is 33.900002 degrees from plumb.
250528-00:31:21,521 nipype.interface INFO:
	 stderr 2025-05-28T00:31:21.521261:++ Coarse del was 10, replaced with 6
250528-00:31:21,826 nipype.interface INFO:
	 stderr 2025-05-28T00:31:21.826790:++ edt_blur: sigx 2, dx 1, fwhm 4.70964, sfac 2.5, firx 5
250528-00:31:22,320 nipype.workflow INFO:
	 [Node] Setting-up "fmriprep_25_0_wf.sub_GEO061_wf.bold_ses_t2_task_image_run_4_wf.bold_fit_wf.hmc_boldref_wf.gen_avg" in "/work/fmriprep_25_0_wf/sub_GEO061_wf/bold_ses_t2_task_image_run_4_wf/bold_fit_wf/hmc_boldref_wf/gen_avg".
250528-00:31:22,324 nipype.workflow INFO:
	 [Node] Setting-up "fmriprep_25_0_wf.sub_GEO061_wf.bold_ses_t2_task_image_run_4_wf.bold_native_wf.validate_bold" in "/work/fmriprep_25_0_wf/sub_GEO061_wf/bold_ses_t2_task_image_run_4_wf/bold_native_wf/validate_bold".
250528-00:31:23,275 nipype.workflow INFO:
	 [Node] Executing "validate_bold" <niworkflows.interfaces.header.ValidateImage>
250528-00:31:23,324 nipype.workflow INFO:
	 [Node] Executing "gen_avg" <niworkflows.interfaces.images.RobustAverage>
250528-00:31:23,406 nipype.workflow INFO:
	 [Node] Finished "validate_bold", elapsed time 0.13054s.
250528-00:31:24,24 nipype.interface INFO:
	 stderr 2025-05-28T00:31:24.024116:++ 3dvolreg: AFNI version=AFNI_25.0.11 (Mar 24 2025) [64-bit]
250528-00:31:24,24 nipype.interface INFO:
	 stderr 2025-05-28T00:31:24.024116:++ Authored by: RW Cox
250528-00:31:24,28 nipype.interface INFO:
	 stderr 2025-05-28T00:31:24.028522:** AFNI converts NIFTI_datatype=512 (UINT16) in file /work/fmriprep_25_0_wf/sub_GEO061_wf/bold_ses_t2_task_image_run_3_wf/bold_fit_wf/hmc_boldref_wf/gen_avg/sub-GEO061_ses-t2_task-image_run-3_bold_sliced.nii.gz to FLOAT32
250528-00:31:24,28 nipype.interface INFO:
	 stderr 2025-05-28T00:31:24.028522:     Warnings of this type will be muted for this session.
250528-00:31:24,28 nipype.interface INFO:
	 stderr 2025-05-28T00:31:24.028522:     Set AFNI_NIFTI_TYPE_WARN to YES to see them all, NO to see none.
250528-00:31:24,30 nipype.interface INFO:
	 stderr 2025-05-28T00:31:24.030857:[7m*+ WARNING:[0m   If you are performing spatial transformations on an oblique dset,
250528-00:31:24,30 nipype.interface INFO:
	 stderr 2025-05-28T00:31:24.030857:  such as /work/fmriprep_25_0_wf/sub_GEO061_wf/bold_ses_t2_task_image_run_3_wf/bold_fit_wf/hmc_boldref_wf/gen_avg/sub-GEO061_ses-t2_task-image_run-3_bold_sliced.nii.gz,
250528-00:31:24,30 nipype.interface INFO:
	 stderr 2025-05-28T00:31:24.030857:  or viewing/combining it with volumes of differing obliquity,
250528-00:31:24,30 nipype.interface INFO:
	 stderr 2025-05-28T00:31:24.030857:  you should consider running: 
250528-00:31:24,30 nipype.interface INFO:
	 stderr 2025-05-28T00:31:24.030857:     3dWarp -deoblique 
250528-00:31:24,30 nipype.interface INFO:
	 stderr 2025-05-28T00:31:24.030857:  on this and  other oblique datasets in the same session.
250528-00:31:24,30 nipype.interface INFO:
	 stderr 2025-05-28T00:31:24.030857: See 3dWarp -help for details.
250528-00:31:24,31 nipype.interface INFO:
	 stderr 2025-05-28T00:31:24.030857:++ Oblique dataset:/work/fmriprep_25_0_wf/sub_GEO061_wf/bold_ses_t2_task_image_run_3_wf/bold_fit_wf/hmc_boldref_wf/gen_avg/sub-GEO061_ses-t2_task-image_run-3_bold_sliced.nii.gz is 33.900002 degrees from plumb.
250528-00:31:24,31 nipype.interface INFO:
	 stderr 2025-05-28T00:31:24.031027:++ Coarse del was 10, replaced with 6
250528-00:31:24,336 nipype.interface INFO:
	 stderr 2025-05-28T00:31:24.336363:++ edt_blur: sigx 2, dx 1, fwhm 4.70964, sfac 2.5, firx 5
250528-00:31:24,699 nipype.workflow INFO:
	 [Node] Setting-up "fmriprep_25_0_wf.sub_GEO061_wf.bold_ses_t2_task_image_run_5_wf.bold_fit_wf.hmc_boldref_wf.gen_avg" in "/work/fmriprep_25_0_wf/sub_GEO061_wf/bold_ses_t2_task_image_run_5_wf/bold_fit_wf/hmc_boldref_wf/gen_avg".
250528-00:31:25,326 nipype.workflow INFO:
	 [Node] Executing "gen_avg" <niworkflows.interfaces.images.RobustAverage>
250528-00:31:25,516 nipype.workflow INFO:
	 [Node] Setting-up "fmriprep_25_0_wf.sub_GEO061_wf.bold_ses_t2_task_image_run_5_wf.bold_native_wf.validate_bold" in "/work/fmriprep_25_0_wf/sub_GEO061_wf/bold_ses_t2_task_image_run_5_wf/bold_native_wf/validate_bold".
250528-00:31:26,3 nipype.workflow INFO:
	 [Node] Executing "validate_bold" <niworkflows.interfaces.header.ValidateImage>
250528-00:31:26,111 nipype.workflow INFO:
	 [Node] Finished "validate_bold", elapsed time 0.106967s.
250528-00:31:26,761 nipype.interface INFO:
	 stderr 2025-05-28T00:31:26.761151:++ 3dvolreg: AFNI version=AFNI_25.0.11 (Mar 24 2025) [64-bit]
250528-00:31:26,761 nipype.interface INFO:
	 stderr 2025-05-28T00:31:26.761151:++ Authored by: RW Cox
250528-00:31:26,766 nipype.interface INFO:
	 stderr 2025-05-28T00:31:26.766744:** AFNI converts NIFTI_datatype=512 (UINT16) in file /work/fmriprep_25_0_wf/sub_GEO061_wf/bold_ses_t2_task_image_run_4_wf/bold_fit_wf/hmc_boldref_wf/gen_avg/sub-GEO061_ses-t2_task-image_run-4_bold_sliced.nii.gz to FLOAT32
250528-00:31:26,766 nipype.interface INFO:
	 stderr 2025-05-28T00:31:26.766744:     Warnings of this type will be muted for this session.
250528-00:31:26,766 nipype.interface INFO:
	 stderr 2025-05-28T00:31:26.766744:     Set AFNI_NIFTI_TYPE_WARN to YES to see them all, NO to see none.
250528-00:31:26,768 nipype.interface INFO:
	 stderr 2025-05-28T00:31:26.768208:[7m*+ WARNING:[0m   If you are performing spatial transformations on an oblique dset,
250528-00:31:26,768 nipype.interface INFO:
	 stderr 2025-05-28T00:31:26.768208:  such as /work/fmriprep_25_0_wf/sub_GEO061_wf/bold_ses_t2_task_image_run_4_wf/bold_fit_wf/hmc_boldref_wf/gen_avg/sub-GEO061_ses-t2_task-image_run-4_bold_sliced.nii.gz,
250528-00:31:26,768 nipype.interface INFO:
	 stderr 2025-05-28T00:31:26.768208:  or viewing/combining it with volumes of differing obliquity,
250528-00:31:26,768 nipype.interface INFO:
	 stderr 2025-05-28T00:31:26.768208:  you should consider running: 
250528-00:31:26,768 nipype.interface INFO:
	 stderr 2025-05-28T00:31:26.768208:     3dWarp -deoblique 
250528-00:31:26,768 nipype.interface INFO:
	 stderr 2025-05-28T00:31:26.768208:  on this and  other oblique datasets in the same session.
250528-00:31:26,768 nipype.interface INFO:
	 stderr 2025-05-28T00:31:26.768208: See 3dWarp -help for details.
250528-00:31:26,768 nipype.interface INFO:
	 stderr 2025-05-28T00:31:26.768208:++ Oblique dataset:/work/fmriprep_25_0_wf/sub_GEO061_wf/bold_ses_t2_task_image_run_4_wf/bold_fit_wf/hmc_boldref_wf/gen_avg/sub-GEO061_ses-t2_task-image_run-4_bold_sliced.nii.gz is 33.900002 degrees from plumb.
250528-00:31:26,768 nipype.interface INFO:
	 stderr 2025-05-28T00:31:26.768370:++ Coarse del was 10, replaced with 6
250528-00:31:27,79 nipype.interface INFO:
	 stderr 2025-05-28T00:31:27.079465:++ edt_blur: sigx 2, dx 1, fwhm 4.70964, sfac 2.5, firx 5
250528-00:31:28,355 nipype.workflow INFO:
	 [Node] Setting-up "fmriprep_25_0_wf.sub_GEO061_wf.bold_ses_t3_task_image_run_1_wf.bold_fit_wf.hmc_boldref_wf.gen_avg" in "/work/fmriprep_25_0_wf/sub_GEO061_wf/bold_ses_t3_task_image_run_1_wf/bold_fit_wf/hmc_boldref_wf/gen_avg".
250528-00:31:28,356 nipype.workflow INFO:
	 [Node] Setting-up "fmriprep_25_0_wf.sub_GEO061_wf.bold_ses_t3_task_image_run_1_wf.bold_native_wf.validate_bold" in "/work/fmriprep_25_0_wf/sub_GEO061_wf/bold_ses_t3_task_image_run_1_wf/bold_native_wf/validate_bold".
250528-00:31:28,784 nipype.workflow INFO:
	 [Node] Executing "gen_avg" <niworkflows.interfaces.images.RobustAverage>
250528-00:31:28,844 nipype.workflow INFO:
	 [Node] Executing "validate_bold" <niworkflows.interfaces.header.ValidateImage>
250528-00:31:28,926 nipype.interface INFO:
	 stderr 2025-05-28T00:31:28.926383:++ 3dvolreg: AFNI version=AFNI_25.0.11 (Mar 24 2025) [64-bit]
250528-00:31:28,926 nipype.interface INFO:
	 stderr 2025-05-28T00:31:28.926383:++ Authored by: RW Cox
250528-00:31:28,930 nipype.interface INFO:
	 stderr 2025-05-28T00:31:28.929982:** AFNI converts NIFTI_datatype=512 (UINT16) in file /work/fmriprep_25_0_wf/sub_GEO061_wf/bold_ses_t2_task_image_run_5_wf/bold_fit_wf/hmc_boldref_wf/gen_avg/sub-GEO061_ses-t2_task-image_run-5_bold_sliced.nii.gz to FLOAT32
250528-00:31:28,930 nipype.interface INFO:
	 stderr 2025-05-28T00:31:28.929982:     Warnings of this type will be muted for this session.
250528-00:31:28,930 nipype.interface INFO:
	 stderr 2025-05-28T00:31:28.929982:     Set AFNI_NIFTI_TYPE_WARN to YES to see them all, NO to see none.
250528-00:31:28,931 nipype.interface INFO:
	 stderr 2025-05-28T00:31:28.931479:[7m*+ WARNING:[0m   If you are performing spatial transformations on an oblique dset,
250528-00:31:28,931 nipype.interface INFO:
	 stderr 2025-05-28T00:31:28.931479:  such as /work/fmriprep_25_0_wf/sub_GEO061_wf/bold_ses_t2_task_image_run_5_wf/bold_fit_wf/hmc_boldref_wf/gen_avg/sub-GEO061_ses-t2_task-image_run-5_bold_sliced.nii.gz,
250528-00:31:28,931 nipype.interface INFO:
	 stderr 2025-05-28T00:31:28.931479:  or viewing/combining it with volumes of differing obliquity,
250528-00:31:28,931 nipype.interface INFO:
	 stderr 2025-05-28T00:31:28.931479:  you should consider running: 
250528-00:31:28,931 nipype.interface INFO:
	 stderr 2025-05-28T00:31:28.931479:     3dWarp -deoblique 
250528-00:31:28,931 nipype.interface INFO:
	 stderr 2025-05-28T00:31:28.931479:  on this and  other oblique datasets in the same session.
250528-00:31:28,931 nipype.interface INFO:
	 stderr 2025-05-28T00:31:28.931479: See 3dWarp -help for details.
250528-00:31:28,931 nipype.interface INFO:
	 stderr 2025-05-28T00:31:28.931479:++ Oblique dataset:/work/fmriprep_25_0_wf/sub_GEO061_wf/bold_ses_t2_task_image_run_5_wf/bold_fit_wf/hmc_boldref_wf/gen_avg/sub-GEO061_ses-t2_task-image_run-5_bold_sliced.nii.gz is 33.900002 degrees from plumb.
250528-00:31:28,931 nipype.interface INFO:
	 stderr 2025-05-28T00:31:28.931654:++ Coarse del was 10, replaced with 6
250528-00:31:28,952 nipype.workflow INFO:
	 [Node] Finished "validate_bold", elapsed time 0.10624s.
250528-00:31:29,242 nipype.interface INFO:
	 stderr 2025-05-28T00:31:29.242929:++ edt_blur: sigx 2, dx 1, fwhm 4.70964, sfac 2.5, firx 5
250528-00:31:31,608 nipype.workflow INFO:
	 [Node] Setting-up "fmriprep_25_0_wf.sub_GEO061_wf.bold_ses_t3_task_image_run_2_wf.bold_fit_wf.hmc_boldref_wf.gen_avg" in "/work/fmriprep_25_0_wf/sub_GEO061_wf/bold_ses_t3_task_image_run_2_wf/bold_fit_wf/hmc_boldref_wf/gen_avg".
250528-00:31:31,960 nipype.workflow INFO:
	 [Node] Setting-up "fmriprep_25_0_wf.sub_GEO061_wf.bold_ses_t3_task_image_run_2_wf.bold_native_wf.validate_bold" in "/work/fmriprep_25_0_wf/sub_GEO061_wf/bold_ses_t3_task_image_run_2_wf/bold_native_wf/validate_bold".
250528-00:31:32,527 nipype.workflow INFO:
	 [Node] Executing "validate_bold" <niworkflows.interfaces.header.ValidateImage>
250528-00:31:32,563 nipype.workflow INFO:
	 [Node] Executing "gen_avg" <niworkflows.interfaces.images.RobustAverage>
250528-00:31:32,676 nipype.workflow INFO:
	 [Node] Finished "validate_bold", elapsed time 0.147741s.
250528-00:31:33,478 nipype.interface INFO:
	 stderr 2025-05-28T00:31:33.478389:++ 3dvolreg: AFNI version=AFNI_25.0.11 (Mar 24 2025) [64-bit]
250528-00:31:33,478 nipype.interface INFO:
	 stderr 2025-05-28T00:31:33.478389:++ Authored by: RW Cox
250528-00:31:33,482 nipype.interface INFO:
	 stderr 2025-05-28T00:31:33.482187:** AFNI converts NIFTI_datatype=512 (UINT16) in file /work/fmriprep_25_0_wf/sub_GEO061_wf/bold_ses_t3_task_image_run_1_wf/bold_fit_wf/hmc_boldref_wf/gen_avg/sub-GEO061_ses-t3_task-image_run-1_bold_sliced.nii.gz to FLOAT32
250528-00:31:33,482 nipype.interface INFO:
	 stderr 2025-05-28T00:31:33.482187:     Warnings of this type will be muted for this session.
250528-00:31:33,482 nipype.interface INFO:
	 stderr 2025-05-28T00:31:33.482187:     Set AFNI_NIFTI_TYPE_WARN to YES to see them all, NO to see none.
250528-00:31:33,484 nipype.interface INFO:
	 stderr 2025-05-28T00:31:33.484441:[7m*+ WARNING:[0m   If you are performing spatial transformations on an oblique dset,
250528-00:31:33,484 nipype.interface INFO:
	 stderr 2025-05-28T00:31:33.484441:  such as /work/fmriprep_25_0_wf/sub_GEO061_wf/bold_ses_t3_task_image_run_1_wf/bold_fit_wf/hmc_boldref_wf/gen_avg/sub-GEO061_ses-t3_task-image_run-1_bold_sliced.nii.gz,
250528-00:31:33,484 nipype.interface INFO:
	 stderr 2025-05-28T00:31:33.484441:  or viewing/combining it with volumes of differing obliquity,
250528-00:31:33,484 nipype.interface INFO:
	 stderr 2025-05-28T00:31:33.484441:  you should consider running: 
250528-00:31:33,484 nipype.interface INFO:
	 stderr 2025-05-28T00:31:33.484441:     3dWarp -deoblique 
250528-00:31:33,484 nipype.interface INFO:
	 stderr 2025-05-28T00:31:33.484441:  on this and  other oblique datasets in the same session.
250528-00:31:33,484 nipype.interface INFO:
	 stderr 2025-05-28T00:31:33.484441: See 3dWarp -help for details.
250528-00:31:33,484 nipype.interface INFO:
	 stderr 2025-05-28T00:31:33.484441:++ Oblique dataset:/work/fmriprep_25_0_wf/sub_GEO061_wf/bold_ses_t3_task_image_run_1_wf/bold_fit_wf/hmc_boldref_wf/gen_avg/sub-GEO061_ses-t3_task-image_run-1_bold_sliced.nii.gz is 41.799980 degrees from plumb.
250528-00:31:33,484 nipype.interface INFO:
	 stderr 2025-05-28T00:31:33.484441:++ Coarse del was 10, replaced with 6
250528-00:31:33,808 nipype.interface INFO:
	 stderr 2025-05-28T00:31:33.808743:++ edt_blur: sigx 2, dx 1, fwhm 4.70964, sfac 2.5, firx 5
250528-00:31:36,181 nipype.interface INFO:
	 stderr 2025-05-28T00:31:36.181172:++ 3dvolreg: AFNI version=AFNI_25.0.11 (Mar 24 2025) [64-bit]
250528-00:31:36,181 nipype.interface INFO:
	 stderr 2025-05-28T00:31:36.181172:++ Authored by: RW Cox
250528-00:31:36,186 nipype.interface INFO:
	 stderr 2025-05-28T00:31:36.186059:** AFNI converts NIFTI_datatype=512 (UINT16) in file /work/fmriprep_25_0_wf/sub_GEO061_wf/bold_ses_t3_task_image_run_2_wf/bold_fit_wf/hmc_boldref_wf/gen_avg/sub-GEO061_ses-t3_task-image_run-2_bold_sliced.nii.gz to FLOAT32
250528-00:31:36,186 nipype.interface INFO:
	 stderr 2025-05-28T00:31:36.186059:     Warnings of this type will be muted for this session.
250528-00:31:36,186 nipype.interface INFO:
	 stderr 2025-05-28T00:31:36.186059:     Set AFNI_NIFTI_TYPE_WARN to YES to see them all, NO to see none.
250528-00:31:36,188 nipype.interface INFO:
	 stderr 2025-05-28T00:31:36.188503:[7m*+ WARNING:[0m   If you are performing spatial transformations on an oblique dset,
250528-00:31:36,188 nipype.interface INFO:
	 stderr 2025-05-28T00:31:36.188503:  such as /work/fmriprep_25_0_wf/sub_GEO061_wf/bold_ses_t3_task_image_run_2_wf/bold_fit_wf/hmc_boldref_wf/gen_avg/sub-GEO061_ses-t3_task-image_run-2_bold_sliced.nii.gz,
250528-00:31:36,188 nipype.interface INFO:
	 stderr 2025-05-28T00:31:36.188503:  or viewing/combining it with volumes of differing obliquity,
250528-00:31:36,188 nipype.interface INFO:
	 stderr 2025-05-28T00:31:36.188503:  you should consider running: 
250528-00:31:36,188 nipype.interface INFO:
	 stderr 2025-05-28T00:31:36.188503:     3dWarp -deoblique 
250528-00:31:36,188 nipype.interface INFO:
	 stderr 2025-05-28T00:31:36.188503:  on this and  other oblique datasets in the same session.
250528-00:31:36,188 nipype.interface INFO:
	 stderr 2025-05-28T00:31:36.188503: See 3dWarp -help for details.
250528-00:31:36,188 nipype.interface INFO:
	 stderr 2025-05-28T00:31:36.188503:++ Oblique dataset:/work/fmriprep_25_0_wf/sub_GEO061_wf/bold_ses_t3_task_image_run_2_wf/bold_fit_wf/hmc_boldref_wf/gen_avg/sub-GEO061_ses-t3_task-image_run-2_bold_sliced.nii.gz is 41.799980 degrees from plumb.
250528-00:31:36,188 nipype.interface INFO:
	 stderr 2025-05-28T00:31:36.188503:++ Coarse del was 10, replaced with 6
250528-00:31:36,388 nipype.workflow INFO:
	 [Node] Setting-up "fmriprep_25_0_wf.sub_GEO061_wf.bold_ses_t3_task_image_run_3_wf.bold_fit_wf.hmc_boldref_wf.gen_avg" in "/work/fmriprep_25_0_wf/sub_GEO061_wf/bold_ses_t3_task_image_run_3_wf/bold_fit_wf/hmc_boldref_wf/gen_avg".
250528-00:31:36,521 nipype.interface INFO:
	 stderr 2025-05-28T00:31:36.521743:++ edt_blur: sigx 2, dx 1, fwhm 4.70964, sfac 2.5, firx 5
250528-00:31:37,663 nipype.workflow INFO:
	 [Node] Executing "gen_avg" <niworkflows.interfaces.images.RobustAverage>
250528-00:31:41,841 nipype.interface INFO:
	 stderr 2025-05-28T00:31:41.841050:++ 3dvolreg: AFNI version=AFNI_25.0.11 (Mar 24 2025) [64-bit]
250528-00:31:41,841 nipype.interface INFO:
	 stderr 2025-05-28T00:31:41.841050:++ Authored by: RW Cox
250528-00:31:41,845 nipype.interface INFO:
	 stderr 2025-05-28T00:31:41.845368:** AFNI converts NIFTI_datatype=512 (UINT16) in file /work/fmriprep_25_0_wf/sub_GEO061_wf/bold_ses_t3_task_image_run_3_wf/bold_fit_wf/hmc_boldref_wf/gen_avg/sub-GEO061_ses-t3_task-image_run-3_bold_sliced.nii.gz to FLOAT32
250528-00:31:41,845 nipype.interface INFO:
	 stderr 2025-05-28T00:31:41.845368:     Warnings of this type will be muted for this session.
250528-00:31:41,845 nipype.interface INFO:
	 stderr 2025-05-28T00:31:41.845368:     Set AFNI_NIFTI_TYPE_WARN to YES to see them all, NO to see none.
250528-00:31:41,847 nipype.interface INFO:
	 stderr 2025-05-28T00:31:41.847718:[7m*+ WARNING:[0m   If you are performing spatial transformations on an oblique dset,
250528-00:31:41,847 nipype.interface INFO:
	 stderr 2025-05-28T00:31:41.847718:  such as /work/fmriprep_25_0_wf/sub_GEO061_wf/bold_ses_t3_task_image_run_3_wf/bold_fit_wf/hmc_boldref_wf/gen_avg/sub-GEO061_ses-t3_task-image_run-3_bold_sliced.nii.gz,
250528-00:31:41,847 nipype.interface INFO:
	 stderr 2025-05-28T00:31:41.847718:  or viewing/combining it with volumes of differing obliquity,
250528-00:31:41,847 nipype.interface INFO:
	 stderr 2025-05-28T00:31:41.847718:  you should consider running: 
250528-00:31:41,847 nipype.interface INFO:
	 stderr 2025-05-28T00:31:41.847718:     3dWarp -deoblique 
250528-00:31:41,847 nipype.interface INFO:
	 stderr 2025-05-28T00:31:41.847718:  on this and  other oblique datasets in the same session.
250528-00:31:41,847 nipype.interface INFO:
	 stderr 2025-05-28T00:31:41.847718: See 3dWarp -help for details.
250528-00:31:41,847 nipype.interface INFO:
	 stderr 2025-05-28T00:31:41.847718:++ Oblique dataset:/work/fmriprep_25_0_wf/sub_GEO061_wf/bold_ses_t3_task_image_run_3_wf/bold_fit_wf/hmc_boldref_wf/gen_avg/sub-GEO061_ses-t3_task-image_run-3_bold_sliced.nii.gz is 41.799980 degrees from plumb.
250528-00:31:41,847 nipype.interface INFO:
	 stderr 2025-05-28T00:31:41.847718:++ Coarse del was 10, replaced with 6
250528-00:31:42,176 nipype.interface INFO:
	 stderr 2025-05-28T00:31:42.176756:++ edt_blur: sigx 2, dx 1, fwhm 4.70964, sfac 2.5, firx 5
250528-00:31:43,670 nipype.interface INFO:
	 stderr 2025-05-28T00:31:43.670134:++ Max displacement in automask = 0.26 (mm) at sub-brick 13
250528-00:31:43,670 nipype.interface INFO:
	 stderr 2025-05-28T00:31:43.670134:++ Max delta displ  in automask = 0.30 (mm) at sub-brick 4
250528-00:31:45,154 nipype.interface INFO:
	 stderr 2025-05-28T00:31:45.154220:++ Max displacement in automask = 0.27 (mm) at sub-brick 19
250528-00:31:45,154 nipype.interface INFO:
	 stderr 2025-05-28T00:31:45.154220:++ Max delta displ  in automask = 0.31 (mm) at sub-brick 19
250528-00:31:47,0 nipype.workflow INFO:
	 [Node] Finished "gen_avg", elapsed time 31.352438s.
250528-00:31:47,893 nipype.interface INFO:
	 stderr 2025-05-28T00:31:47.893631:++ Max displacement in automask = 0.30 (mm) at sub-brick 5
250528-00:31:47,893 nipype.interface INFO:
	 stderr 2025-05-28T00:31:47.893631:++ Max delta displ  in automask = 0.24 (mm) at sub-brick 5
250528-00:31:48,765 nipype.workflow INFO:
	 [Node] Setting-up "fmriprep_25_0_wf.sub_GEO061_wf.bold_ses_t3_task_image_run_3_wf.bold_native_wf.validate_bold" in "/work/fmriprep_25_0_wf/sub_GEO061_wf/bold_ses_t3_task_image_run_3_wf/bold_native_wf/validate_bold".
250528-00:31:49,141 nipype.workflow INFO:
	 [Node] Finished "gen_avg", elapsed time 31.680394s.
250528-00:31:50,354 nipype.workflow INFO:
	 [Node] Executing "validate_bold" <niworkflows.interfaces.header.ValidateImage>
250528-00:31:50,524 nipype.workflow INFO:
	 [Node] Finished "validate_bold", elapsed time 0.169008s.
250528-00:31:50,727 nipype.interface INFO:
	 stderr 2025-05-28T00:31:50.727606:++ Max displacement in automask = 0.70 (mm) at sub-brick 17
250528-00:31:50,727 nipype.interface INFO:
	 stderr 2025-05-28T00:31:50.727606:++ Max delta displ  in automask = 0.26 (mm) at sub-brick 1
250528-00:31:51,608 nipype.workflow INFO:
	 [Node] Finished "gen_avg", elapsed time 31.0781s.
250528-00:31:52,980 nipype.interface INFO:
	 stderr 2025-05-28T00:31:52.980675:++ Max displacement in automask = 0.31 (mm) at sub-brick 8
250528-00:31:52,980 nipype.interface INFO:
	 stderr 2025-05-28T00:31:52.980675:++ Max delta displ  in automask = 0.27 (mm) at sub-brick 5
250528-00:31:54,537 nipype.workflow INFO:
	 [Node] Finished "gen_avg", elapsed time 31.212391s.
250528-00:31:55,58 nipype.workflow INFO:
	 [Node] Setting-up "fmriprep_25_0_wf.sub_GEO061_wf.bold_ses_t3_task_image_run_4_wf.bold_fit_wf.hmc_boldref_wf.gen_avg" in "/work/fmriprep_25_0_wf/sub_GEO061_wf/bold_ses_t3_task_image_run_4_wf/bold_fit_wf/hmc_boldref_wf/gen_avg".
250528-00:31:55,60 nipype.workflow INFO:
	 [Node] Setting-up "fmriprep_25_0_wf.sub_GEO061_wf.bold_ses_t3_task_image_run_4_wf.bold_native_wf.validate_bold" in "/work/fmriprep_25_0_wf/sub_GEO061_wf/bold_ses_t3_task_image_run_4_wf/bold_native_wf/validate_bold".
250528-00:31:55,528 nipype.workflow INFO:
	 [Node] Executing "gen_avg" <niworkflows.interfaces.images.RobustAverage>
250528-00:31:55,606 nipype.workflow INFO:
	 [Node] Executing "validate_bold" <niworkflows.interfaces.header.ValidateImage>
250528-00:31:55,719 nipype.workflow INFO:
	 [Node] Finished "validate_bold", elapsed time 0.111468s.
250528-00:31:56,496 nipype.workflow INFO:
	 [Node] Finished "gen_avg", elapsed time 31.168161s.
250528-00:31:57,104 nipype.interface INFO:
	 stderr 2025-05-28T00:31:57.104489:++ Max displacement in automask = 0.45 (mm) at sub-brick 6
250528-00:31:57,104 nipype.interface INFO:
	 stderr 2025-05-28T00:31:57.104489:++ Max delta displ  in automask = 0.56 (mm) at sub-brick 9
250528-00:31:57,721 nipype.workflow INFO:
	 [Node] Setting-up "fmriprep_25_0_wf.sub_GEO061_wf.bold_ses_t3_task_image_run_5_wf.bold_fit_wf.hmc_boldref_wf.gen_avg" in "/work/fmriprep_25_0_wf/sub_GEO061_wf/bold_ses_t3_task_image_run_5_wf/bold_fit_wf/hmc_boldref_wf/gen_avg".
250528-00:31:58,64 nipype.workflow INFO:
	 [Node] Setting-up "fmriprep_25_0_wf.sub_GEO061_wf.bold_ses_t3_task_image_run_5_wf.bold_native_wf.validate_bold" in "/work/fmriprep_25_0_wf/sub_GEO061_wf/bold_ses_t3_task_image_run_5_wf/bold_native_wf/validate_bold".
250528-00:31:58,249 nipype.workflow INFO:
	 [Node] Executing "gen_avg" <niworkflows.interfaces.images.RobustAverage>
250528-00:31:58,855 nipype.workflow INFO:
	 [Node] Executing "validate_bold" <niworkflows.interfaces.header.ValidateImage>
250528-00:31:58,996 nipype.workflow INFO:
	 [Node] Finished "validate_bold", elapsed time 0.140056s.
250528-00:31:59,187 nipype.interface INFO:
	 stderr 2025-05-28T00:31:59.187217:++ 3dvolreg: AFNI version=AFNI_25.0.11 (Mar 24 2025) [64-bit]
250528-00:31:59,187 nipype.interface INFO:
	 stderr 2025-05-28T00:31:59.187217:++ Authored by: RW Cox
250528-00:31:59,191 nipype.interface INFO:
	 stderr 2025-05-28T00:31:59.191897:** AFNI converts NIFTI_datatype=512 (UINT16) in file /work/fmriprep_25_0_wf/sub_GEO061_wf/bold_ses_t3_task_image_run_4_wf/bold_fit_wf/hmc_boldref_wf/gen_avg/sub-GEO061_ses-t3_task-image_run-4_bold_sliced.nii.gz to FLOAT32
250528-00:31:59,191 nipype.interface INFO:
	 stderr 2025-05-28T00:31:59.191897:     Warnings of this type will be muted for this session.
250528-00:31:59,191 nipype.interface INFO:
	 stderr 2025-05-28T00:31:59.191897:     Set AFNI_NIFTI_TYPE_WARN to YES to see them all, NO to see none.
250528-00:31:59,193 nipype.interface INFO:
	 stderr 2025-05-28T00:31:59.193734:[7m*+ WARNING:[0m   If you are performing spatial transformations on an oblique dset,
250528-00:31:59,193 nipype.interface INFO:
	 stderr 2025-05-28T00:31:59.193734:  such as /work/fmriprep_25_0_wf/sub_GEO061_wf/bold_ses_t3_task_image_run_4_wf/bold_fit_wf/hmc_boldref_wf/gen_avg/sub-GEO061_ses-t3_task-image_run-4_bold_sliced.nii.gz,
250528-00:31:59,193 nipype.interface INFO:
	 stderr 2025-05-28T00:31:59.193734:  or viewing/combining it with volumes of differing obliquity,
250528-00:31:59,193 nipype.interface INFO:
	 stderr 2025-05-28T00:31:59.193734:  you should consider running: 
250528-00:31:59,193 nipype.interface INFO:
	 stderr 2025-05-28T00:31:59.193734:     3dWarp -deoblique 
250528-00:31:59,193 nipype.interface INFO:
	 stderr 2025-05-28T00:31:59.193734:  on this and  other oblique datasets in the same session.
250528-00:31:59,193 nipype.interface INFO:
	 stderr 2025-05-28T00:31:59.193734: See 3dWarp -help for details.
250528-00:31:59,193 nipype.interface INFO:
	 stderr 2025-05-28T00:31:59.193734:++ Oblique dataset:/work/fmriprep_25_0_wf/sub_GEO061_wf/bold_ses_t3_task_image_run_4_wf/bold_fit_wf/hmc_boldref_wf/gen_avg/sub-GEO061_ses-t3_task-image_run-4_bold_sliced.nii.gz is 41.799980 degrees from plumb.
250528-00:31:59,193 nipype.interface INFO:
	 stderr 2025-05-28T00:31:59.193887:++ Coarse del was 10, replaced with 6
250528-00:31:59,509 nipype.interface INFO:
	 stderr 2025-05-28T00:31:59.509048:++ edt_blur: sigx 2, dx 1, fwhm 4.70964, sfac 2.5, firx 5
250528-00:32:00,34 nipype.interface INFO:
	 stderr 2025-05-28T00:32:00.034921:++ Max displacement in automask = 0.39 (mm) at sub-brick 9
250528-00:32:00,35 nipype.interface INFO:
	 stderr 2025-05-28T00:32:00.034921:++ Max delta displ  in automask = 0.38 (mm) at sub-brick 12
250528-00:32:00,394 nipype.workflow INFO:
	 [Node] Finished "gen_avg", elapsed time 31.609795s.
250528-00:32:00,474 nipype.workflow INFO:
	 [Node] Setting-up "fmriprep_25_0_wf.sub_GEO061_wf.bold_ses_t3_task_retrans_run_1_wf.bold_fit_wf.hmc_boldref_wf.gen_avg" in "/work/fmriprep_25_0_wf/sub_GEO061_wf/bold_ses_t3_task_retrans_run_1_wf/bold_fit_wf/hmc_boldref_wf/gen_avg".
250528-00:32:00,476 nipype.workflow INFO:
	 [Node] Setting-up "fmriprep_25_0_wf.sub_GEO061_wf.bold_ses_t3_task_retrans_run_1_wf.bold_native_wf.validate_bold" in "/work/fmriprep_25_0_wf/sub_GEO061_wf/bold_ses_t3_task_retrans_run_1_wf/bold_native_wf/validate_bold".
250528-00:32:01,15 nipype.workflow INFO:
	 [Node] Executing "validate_bold" <niworkflows.interfaces.header.ValidateImage>
250528-00:32:01,31 nipype.workflow INFO:
	 [Node] Executing "gen_avg" <niworkflows.interfaces.images.RobustAverage>
250528-00:32:01,193 nipype.interface INFO:
	 stderr 2025-05-28T00:32:01.193797:++ 3dvolreg: AFNI version=AFNI_25.0.11 (Mar 24 2025) [64-bit]
250528-00:32:01,193 nipype.interface INFO:
	 stderr 2025-05-28T00:32:01.193797:++ Authored by: RW Cox
250528-00:32:01,197 nipype.interface INFO:
	 stderr 2025-05-28T00:32:01.197366:** AFNI converts NIFTI_datatype=512 (UINT16) in file /work/fmriprep_25_0_wf/sub_GEO061_wf/bold_ses_t3_task_image_run_5_wf/bold_fit_wf/hmc_boldref_wf/gen_avg/sub-GEO061_ses-t3_task-image_run-5_bold_sliced.nii.gz to FLOAT32
250528-00:32:01,197 nipype.interface INFO:
	 stderr 2025-05-28T00:32:01.197366:     Warnings of this type will be muted for this session.
250528-00:32:01,197 nipype.interface INFO:
	 stderr 2025-05-28T00:32:01.197366:     Set AFNI_NIFTI_TYPE_WARN to YES to see them all, NO to see none.
250528-00:32:01,199 nipype.interface INFO:
	 stderr 2025-05-28T00:32:01.199714:[7m*+ WARNING:[0m   If you are performing spatial transformations on an oblique dset,
250528-00:32:01,199 nipype.interface INFO:
	 stderr 2025-05-28T00:32:01.199714:  such as /work/fmriprep_25_0_wf/sub_GEO061_wf/bold_ses_t3_task_image_run_5_wf/bold_fit_wf/hmc_boldref_wf/gen_avg/sub-GEO061_ses-t3_task-image_run-5_bold_sliced.nii.gz,
250528-00:32:01,199 nipype.interface INFO:
	 stderr 2025-05-28T00:32:01.199714:  or viewing/combining it with volumes of differing obliquity,
250528-00:32:01,199 nipype.interface INFO:
	 stderr 2025-05-28T00:32:01.199714:  you should consider running: 
250528-00:32:01,199 nipype.interface INFO:
	 stderr 2025-05-28T00:32:01.199714:     3dWarp -deoblique 
250528-00:32:01,199 nipype.interface INFO:
	 stderr 2025-05-28T00:32:01.199714:  on this and  other oblique datasets in the same session.
250528-00:32:01,199 nipype.interface INFO:
	 stderr 2025-05-28T00:32:01.199714: See 3dWarp -help for details.
250528-00:32:01,199 nipype.interface INFO:
	 stderr 2025-05-28T00:32:01.199714:++ Oblique dataset:/work/fmriprep_25_0_wf/sub_GEO061_wf/bold_ses_t3_task_image_run_5_wf/bold_fit_wf/hmc_boldref_wf/gen_avg/sub-GEO061_ses-t3_task-image_run-5_bold_sliced.nii.gz is 41.799980 degrees from plumb.
250528-00:32:01,199 nipype.interface INFO:
	 stderr 2025-05-28T00:32:01.199714:++ Coarse del was 10, replaced with 6
250528-00:32:01,255 nipype.workflow INFO:
	 [Node] Finished "validate_bold", elapsed time 0.239011s.
250528-00:32:01,292 nipype.interface INFO:
	 stderr 2025-05-28T00:32:01.292220:++ edt_blur: sigx 2, dx 1, fwhm 4.70964, sfac 2.5, firx 5
250528-00:32:04,145 nipype.interface INFO:
	 stderr 2025-05-28T00:32:04.145263:++ Max displacement in automask = 0.30 (mm) at sub-brick 1
250528-00:32:04,145 nipype.interface INFO:
	 stderr 2025-05-28T00:32:04.145263:++ Max delta displ  in automask = 0.30 (mm) at sub-brick 1
250528-00:32:05,34 nipype.workflow INFO:
	 [Node] Finished "gen_avg", elapsed time 32.470006s.
250528-00:32:05,930 nipype.interface INFO:
	 stderr 2025-05-28T00:32:05.930866:++ 3dvolreg: AFNI version=AFNI_25.0.11 (Mar 24 2025) [64-bit]
250528-00:32:05,931 nipype.interface INFO:
	 stderr 2025-05-28T00:32:05.930866:++ Authored by: RW Cox
250528-00:32:05,934 nipype.interface INFO:
	 stderr 2025-05-28T00:32:05.934525:** AFNI converts NIFTI_datatype=512 (UINT16) in file /work/fmriprep_25_0_wf/sub_GEO061_wf/bold_ses_t3_task_retrans_run_1_wf/bold_fit_wf/hmc_boldref_wf/gen_avg/sub-GEO061_ses-t3_task-retrans_run-1_bold_sliced.nii.gz to FLOAT32
250528-00:32:05,934 nipype.interface INFO:
	 stderr 2025-05-28T00:32:05.934525:     Warnings of this type will be muted for this session.
250528-00:32:05,934 nipype.interface INFO:
	 stderr 2025-05-28T00:32:05.934525:     Set AFNI_NIFTI_TYPE_WARN to YES to see them all, NO to see none.
250528-00:32:05,935 nipype.interface INFO:
	 stderr 2025-05-28T00:32:05.935919:[7m*+ WARNING:[0m   If you are performing spatial transformations on an oblique dset,
250528-00:32:05,935 nipype.interface INFO:
	 stderr 2025-05-28T00:32:05.935919:  such as /work/fmriprep_25_0_wf/sub_GEO061_wf/bold_ses_t3_task_retrans_run_1_wf/bold_fit_wf/hmc_boldref_wf/gen_avg/sub-GEO061_ses-t3_task-retrans_run-1_bold_sliced.nii.gz,
250528-00:32:05,935 nipype.interface INFO:
	 stderr 2025-05-28T00:32:05.935919:  or viewing/combining it with volumes of differing obliquity,
250528-00:32:05,936 nipype.interface INFO:
	 stderr 2025-05-28T00:32:05.935919:  you should consider running: 
250528-00:32:05,936 nipype.interface INFO:
	 stderr 2025-05-28T00:32:05.935919:     3dWarp -deoblique 
250528-00:32:05,936 nipype.interface INFO:
	 stderr 2025-05-28T00:32:05.935919:  on this and  other oblique datasets in the same session.
250528-00:32:05,936 nipype.interface INFO:
	 stderr 2025-05-28T00:32:05.935919: See 3dWarp -help for details.
250528-00:32:05,936 nipype.interface INFO:
	 stderr 2025-05-28T00:32:05.935919:++ Oblique dataset:/work/fmriprep_25_0_wf/sub_GEO061_wf/bold_ses_t3_task_retrans_run_1_wf/bold_fit_wf/hmc_boldref_wf/gen_avg/sub-GEO061_ses-t3_task-retrans_run-1_bold_sliced.nii.gz is 41.799980 degrees from plumb.
250528-00:32:05,936 nipype.interface INFO:
	 stderr 2025-05-28T00:32:05.936075:++ Coarse del was 10, replaced with 6
250528-00:32:05,954 nipype.workflow INFO:
	 [Node] Finished "gen_avg", elapsed time 7.702763s.
250528-00:32:06,30 nipype.interface INFO:
	 stderr 2025-05-28T00:32:06.030296:++ Max displacement in automask = 0.42 (mm) at sub-brick 5
250528-00:32:06,30 nipype.interface INFO:
	 stderr 2025-05-28T00:32:06.030296:++ Max delta displ  in automask = 0.39 (mm) at sub-brick 4
250528-00:32:06,259 nipype.interface INFO:
	 stderr 2025-05-28T00:32:06.259519:++ edt_blur: sigx 2, dx 1, fwhm 4.70964, sfac 2.5, firx 5
250528-00:32:11,98 nipype.workflow INFO:
	 [Node] Finished "gen_avg", elapsed time 33.434624s.
250528-00:32:19,539 nipype.workflow INFO:
	 [Node] Setting-up "fmriprep_25_0_wf.sub_GEO061_wf.anat_fit_wf.fs_isrunning" in "/work/fmriprep_25_0_wf/sub_GEO061_wf/anat_fit_wf/fs_isrunning".
250528-00:32:19,888 nipype.workflow INFO:
	 [Node] Setting-up "fmriprep_25_0_wf.sub_GEO061_wf.anat_fit_wf.ds_t1w_mask_wf.raw_sources" in "/work/fmriprep_25_0_wf/sub_GEO061_wf/anat_fit_wf/ds_t1w_mask_wf/raw_sources".
250528-00:32:19,889 nipype.workflow INFO:
	 [Node] Setting-up "fmriprep_25_0_wf.sub_GEO061_wf.anat_fit_wf.ds_ribbon_mask_wf.raw_sources" in "/work/fmriprep_25_0_wf/sub_GEO061_wf/anat_fit_wf/ds_ribbon_mask_wf/raw_sources".
250528-00:32:20,302 nipype.workflow INFO:
	 [Node] Executing "fs_isrunning" <nipype.interfaces.utility.wrappers.Function>
250528-00:32:20,304 nipype.workflow INFO:
	 [Node] Finished "fs_isrunning", elapsed time 0.000893s.
250528-00:32:21,311 nipype.workflow INFO:
	 [Node] Executing "raw_sources" <nipype.interfaces.utility.wrappers.Function>
250528-00:32:21,313 nipype.workflow INFO:
	 [Node] Finished "raw_sources", elapsed time 0.000924s.
250528-00:32:21,317 nipype.workflow INFO:
	 [Node] Executing "raw_sources" <nipype.interfaces.utility.wrappers.Function>
250528-00:32:21,319 nipype.workflow INFO:
	 [Node] Finished "raw_sources", elapsed time 0.000835s.
250528-00:32:21,324 nipype.workflow INFO:
	 [Node] Setting-up "fmriprep_25_0_wf.sub_GEO061_wf.bold_ses_t2_task_image_run_1_wf.bold_fit_wf.fmapref_buffer" in "/work/fmriprep_25_0_wf/sub_GEO061_wf/bold_ses_t2_task_image_run_1_wf/bold_fit_wf/fmapref_buffer".
250528-00:32:22,336 nipype.workflow INFO:
	 [Node] Executing "fmapref_buffer" <nipype.interfaces.utility.wrappers.Function>
250528-00:32:22,338 nipype.workflow INFO:
	 [Node] Finished "fmapref_buffer", elapsed time 0.000978s.
250528-00:32:23,318 nipype.interface INFO:
	 stderr 2025-05-28T00:32:23.318652:++ Max displacement in automask = 0.61 (mm) at sub-brick 17
250528-00:32:23,318 nipype.interface INFO:
	 stderr 2025-05-28T00:32:23.318652:++ Max delta displ  in automask = 0.40 (mm) at sub-brick 4
250528-00:32:24,198 nipype.interface WARNING:
	 Changing /out/sub-GEO061/ses-t2/func/sub-GEO061_ses-t2_task-image_run-1_desc-hmc_boldref.nii.gz dtype from uint16 to float32
250528-00:32:25,531 nipype.workflow INFO:
	 [Node] Setting-up "fmriprep_25_0_wf.sub_GEO061_wf.bold_ses_t2_task_image_run_2_wf.bold_fit_wf.fmapref_buffer" in "/work/fmriprep_25_0_wf/sub_GEO061_wf/bold_ses_t2_task_image_run_2_wf/bold_fit_wf/fmapref_buffer".
250528-00:32:25,571 nipype.workflow INFO:
	 [Node] Setting-up "fmriprep_25_0_wf.sub_GEO061_wf.bold_ses_t2_task_image_run_1_wf.bold_fit_wf.bold_hmc_wf.mcflirt" in "/work/fmriprep_25_0_wf/sub_GEO061_wf/bold_ses_t2_task_image_run_1_wf/bold_fit_wf/bold_hmc_wf/mcflirt".
250528-00:32:26,915 nipype.interface WARNING:
	 Changing /out/sub-GEO061/ses-t2/func/sub-GEO061_ses-t2_task-image_run-2_desc-hmc_boldref.nii.gz dtype from uint16 to float32
250528-00:32:27,525 nipype.workflow INFO:
	 [Node] Executing "mcflirt" <nipype.interfaces.fsl.preprocess.MCFLIRT>
250528-00:32:27,572 nipype.workflow INFO:
	 [Node] Executing "fmapref_buffer" <nipype.interfaces.utility.wrappers.Function>
250528-00:32:27,574 nipype.workflow INFO:
	 [Node] Finished "fmapref_buffer", elapsed time 0.00109s.
250528-00:32:27,703 nipype.workflow INFO:
	 [Node] Finished "gen_avg", elapsed time 32.173908s.
250528-00:32:27,976 nipype.workflow INFO:
	 [Node] Setting-up "fmriprep_25_0_wf.sub_GEO061_wf.bold_ses_t2_task_image_run_3_wf.bold_fit_wf.fmapref_buffer" in "/work/fmriprep_25_0_wf/sub_GEO061_wf/bold_ses_t2_task_image_run_3_wf/bold_fit_wf/fmapref_buffer".
250528-00:32:28,18 nipype.workflow INFO:
	 [Node] Setting-up "fmriprep_25_0_wf.sub_GEO061_wf.bold_ses_t2_task_image_run_2_wf.bold_fit_wf.bold_hmc_wf.mcflirt" in "/work/fmriprep_25_0_wf/sub_GEO061_wf/bold_ses_t2_task_image_run_2_wf/bold_fit_wf/bold_hmc_wf/mcflirt".
250528-00:32:28,744 nipype.workflow INFO:
	 [Node] Executing "fmapref_buffer" <nipype.interfaces.utility.wrappers.Function>
250528-00:32:28,746 nipype.workflow INFO:
	 [Node] Finished "fmapref_buffer", elapsed time 0.000884s.
250528-00:32:28,786 nipype.interface WARNING:
	 Changing /out/sub-GEO061/ses-t2/func/sub-GEO061_ses-t2_task-image_run-3_desc-hmc_boldref.nii.gz dtype from uint16 to float32
250528-00:32:29,346 nipype.workflow INFO:
	 [Node] Executing "mcflirt" <nipype.interfaces.fsl.preprocess.MCFLIRT>
250528-00:32:29,615 nipype.interface INFO:
	 stderr 2025-05-28T00:32:29.615057:++ Max displacement in automask = 0.37 (mm) at sub-brick 2
250528-00:32:29,615 nipype.interface INFO:
	 stderr 2025-05-28T00:32:29.615057:++ Max delta displ  in automask = 0.34 (mm) at sub-brick 9
250528-00:32:29,694 nipype.workflow INFO:
	 [Node] Setting-up "fmriprep_25_0_wf.sub_GEO061_wf.bold_ses_t2_task_image_run_4_wf.bold_fit_wf.fmapref_buffer" in "/work/fmriprep_25_0_wf/sub_GEO061_wf/bold_ses_t2_task_image_run_4_wf/bold_fit_wf/fmapref_buffer".
250528-00:32:29,733 nipype.workflow INFO:
	 [Node] Setting-up "fmriprep_25_0_wf.sub_GEO061_wf.bold_ses_t2_task_image_run_3_wf.bold_fit_wf.bold_hmc_wf.mcflirt" in "/work/fmriprep_25_0_wf/sub_GEO061_wf/bold_ses_t2_task_image_run_3_wf/bold_fit_wf/bold_hmc_wf/mcflirt".
250528-00:32:30,259 nipype.workflow INFO:
	 [Node] Executing "fmapref_buffer" <nipype.interfaces.utility.wrappers.Function>
250528-00:32:30,261 nipype.workflow INFO:
	 [Node] Finished "fmapref_buffer", elapsed time 0.000717s.
250528-00:32:30,413 nipype.workflow INFO:
	 [Node] Executing "mcflirt" <nipype.interfaces.fsl.preprocess.MCFLIRT>
250528-00:32:30,720 nipype.interface WARNING:
	 Changing /out/sub-GEO061/ses-t2/func/sub-GEO061_ses-t2_task-image_run-4_desc-hmc_boldref.nii.gz dtype from uint16 to float32
250528-00:32:31,516 nipype.workflow INFO:
	 [Node] Setting-up "fmriprep_25_0_wf.sub_GEO061_wf.bold_ses_t2_task_image_run_5_wf.bold_fit_wf.fmapref_buffer" in "/work/fmriprep_25_0_wf/sub_GEO061_wf/bold_ses_t2_task_image_run_5_wf/bold_fit_wf/fmapref_buffer".
250528-00:32:32,107 nipype.interface WARNING:
	 Changing /out/sub-GEO061/ses-t2/func/sub-GEO061_ses-t2_task-image_run-5_desc-hmc_boldref.nii.gz dtype from uint16 to float32
250528-00:32:32,159 nipype.workflow INFO:
	 [Node] Executing "fmapref_buffer" <nipype.interfaces.utility.wrappers.Function>
250528-00:32:32,161 nipype.workflow INFO:
	 [Node] Finished "fmapref_buffer", elapsed time 0.000981s.
250528-00:32:32,870 nipype.workflow INFO:
	 [Node] Setting-up "fmriprep_25_0_wf.sub_GEO061_wf.bold_ses_t3_task_image_run_1_wf.bold_fit_wf.fmapref_buffer" in "/work/fmriprep_25_0_wf/sub_GEO061_wf/bold_ses_t3_task_image_run_1_wf/bold_fit_wf/fmapref_buffer".
250528-00:32:33,73 nipype.workflow INFO:
	 [Node] Finished "gen_avg", elapsed time 32.041241s.
250528-00:32:33,451 nipype.workflow INFO:
	 [Node] Executing "fmapref_buffer" <nipype.interfaces.utility.wrappers.Function>
250528-00:32:33,453 nipype.workflow INFO:
	 [Node] Finished "fmapref_buffer", elapsed time 0.000938s.
250528-00:32:33,604 nipype.interface WARNING:
	 Changing /out/sub-GEO061/ses-t3/func/sub-GEO061_ses-t3_task-image_run-1_desc-hmc_boldref.nii.gz dtype from uint16 to float32
250528-00:32:34,351 nipype.workflow INFO:
	 [Node] Setting-up "fmriprep_25_0_wf.sub_GEO061_wf.bold_ses_t3_task_image_run_2_wf.bold_fit_wf.fmapref_buffer" in "/work/fmriprep_25_0_wf/sub_GEO061_wf/bold_ses_t3_task_image_run_2_wf/bold_fit_wf/fmapref_buffer".
250528-00:32:34,801 nipype.workflow INFO:
	 [Node] Executing "fmapref_buffer" <nipype.interfaces.utility.wrappers.Function>
250528-00:32:34,803 nipype.workflow INFO:
	 [Node] Finished "fmapref_buffer", elapsed time 0.000619s.
250528-00:32:35,188 nipype.interface WARNING:
	 Changing /out/sub-GEO061/ses-t3/func/sub-GEO061_ses-t3_task-image_run-2_desc-hmc_boldref.nii.gz dtype from uint16 to float32
250528-00:32:35,915 nipype.workflow INFO:
	 [Node] Setting-up "fmriprep_25_0_wf.sub_GEO061_wf.bold_ses_t3_task_image_run_3_wf.bold_fit_wf.fmapref_buffer" in "/work/fmriprep_25_0_wf/sub_GEO061_wf/bold_ses_t3_task_image_run_3_wf/bold_fit_wf/fmapref_buffer".
250528-00:32:36,285 nipype.interface WARNING:
	 Changing /out/sub-GEO061/ses-t3/func/sub-GEO061_ses-t3_task-image_run-3_desc-hmc_boldref.nii.gz dtype from uint16 to float32
250528-00:32:36,556 nipype.workflow INFO:
	 [Node] Executing "fmapref_buffer" <nipype.interfaces.utility.wrappers.Function>
250528-00:32:36,560 nipype.workflow INFO:
	 [Node] Finished "fmapref_buffer", elapsed time 0.001968s.
250528-00:32:37,169 nipype.workflow INFO:
	 [Node] Setting-up "fmriprep_25_0_wf.sub_GEO061_wf.bold_ses_t3_task_image_run_4_wf.bold_fit_wf.fmapref_buffer" in "/work/fmriprep_25_0_wf/sub_GEO061_wf/bold_ses_t3_task_image_run_4_wf/bold_fit_wf/fmapref_buffer".
250528-00:32:37,830 nipype.workflow INFO:
	 [Node] Executing "fmapref_buffer" <nipype.interfaces.utility.wrappers.Function>
250528-00:32:37,831 nipype.workflow INFO:
	 [Node] Finished "fmapref_buffer", elapsed time 0.000649s.
250528-00:32:37,899 nipype.interface WARNING:
	 Changing /out/sub-GEO061/ses-t3/func/sub-GEO061_ses-t3_task-image_run-4_desc-hmc_boldref.nii.gz dtype from uint16 to float32
250528-00:32:38,886 nipype.workflow INFO:
	 [Node] Setting-up "fmriprep_25_0_wf.sub_GEO061_wf.bold_ses_t3_task_image_run_5_wf.bold_fit_wf.fmapref_buffer" in "/work/fmriprep_25_0_wf/sub_GEO061_wf/bold_ses_t3_task_image_run_5_wf/bold_fit_wf/fmapref_buffer".
250528-00:32:39,266 nipype.workflow INFO:
	 [Node] Executing "fmapref_buffer" <nipype.interfaces.utility.wrappers.Function>
250528-00:32:39,267 nipype.workflow INFO:
	 [Node] Finished "fmapref_buffer", elapsed time 0.000616s.
250528-00:32:39,372 nipype.interface WARNING:
	 Changing /out/sub-GEO061/ses-t3/func/sub-GEO061_ses-t3_task-image_run-5_desc-hmc_boldref.nii.gz dtype from uint16 to float32
250528-00:32:40,205 nipype.workflow INFO:
	 [Node] Setting-up "fmriprep_25_0_wf.sub_GEO061_wf.bold_ses_t3_task_retrans_run_1_wf.bold_fit_wf.fmapref_buffer" in "/work/fmriprep_25_0_wf/sub_GEO061_wf/bold_ses_t3_task_retrans_run_1_wf/bold_fit_wf/fmapref_buffer".
250528-00:32:40,872 nipype.workflow INFO:
	 [Node] Executing "fmapref_buffer" <nipype.interfaces.utility.wrappers.Function>
250528-00:32:40,874 nipype.workflow INFO:
	 [Node] Finished "fmapref_buffer", elapsed time 0.000933s.
250528-00:32:40,984 nipype.interface WARNING:
	 Changing /out/sub-GEO061/ses-t3/func/sub-GEO061_ses-t3_task-retrans_run-1_desc-hmc_boldref.nii.gz dtype from uint16 to float32
250528-00:32:41,715 nipype.workflow INFO:
	 [Node] Setting-up "fmriprep_25_0_wf.sub_GEO061_wf.anat_fit_wf.register_template_wf.set_reference" in "/work/fmriprep_25_0_wf/sub_GEO061_wf/anat_fit_wf/register_template_wf/_template_MNI152NLin2009cAsym/set_reference".
250528-00:32:42,151 nipype.workflow INFO:
	 [Node] Executing "set_reference" <nipype.interfaces.utility.wrappers.Function>
250528-00:32:42,153 nipype.workflow INFO:
	 [Node] Finished "set_reference", elapsed time 0.000803s.
250528-00:32:44,290 nipype.workflow INFO:
	 [Node] Setting-up "fmriprep_25_0_wf.sub_GEO061_wf.bold_ses_t2_task_image_run_1_wf.bold_fit_wf.ds_coreg_boldref_wf.sources" in "/work/fmriprep_25_0_wf/sub_GEO061_wf/bold_ses_t2_task_image_run_1_wf/bold_fit_wf/ds_coreg_boldref_wf/sources".
250528-00:32:44,291 nipype.workflow INFO:
	 [Node] Setting-up "fmriprep_25_0_wf.sub_GEO061_wf.bold_ses_t2_task_image_run_2_wf.bold_fit_wf.ds_coreg_boldref_wf.sources" in "/work/fmriprep_25_0_wf/sub_GEO061_wf/bold_ses_t2_task_image_run_2_wf/bold_fit_wf/ds_coreg_boldref_wf/sources".
250528-00:32:44,294 nipype.workflow INFO:
	 [Node] Setting-up "fmriprep_25_0_wf.sub_GEO061_wf.bold_ses_t2_task_image_run_3_wf.bold_fit_wf.ds_coreg_boldref_wf.sources" in "/work/fmriprep_25_0_wf/sub_GEO061_wf/bold_ses_t2_task_image_run_3_wf/bold_fit_wf/ds_coreg_boldref_wf/sources".
250528-00:32:44,646 nipype.workflow INFO:
	 [Node] Setting-up "fmriprep_25_0_wf.sub_GEO061_wf.bold_ses_t2_task_image_run_4_wf.bold_fit_wf.ds_coreg_boldref_wf.sources" in "/work/fmriprep_25_0_wf/sub_GEO061_wf/bold_ses_t2_task_image_run_4_wf/bold_fit_wf/ds_coreg_boldref_wf/sources".
250528-00:32:44,647 nipype.workflow INFO:
	 [Node] Setting-up "fmriprep_25_0_wf.sub_GEO061_wf.bold_ses_t2_task_image_run_5_wf.bold_fit_wf.ds_coreg_boldref_wf.sources" in "/work/fmriprep_25_0_wf/sub_GEO061_wf/bold_ses_t2_task_image_run_5_wf/bold_fit_wf/ds_coreg_boldref_wf/sources".
250528-00:32:45,11 nipype.workflow INFO:
	 [Node] Executing "sources" <fmriprep.interfaces.bids.BIDSURI>
250528-00:32:45,13 nipype.workflow INFO:
	 [Node] Finished "sources", elapsed time 0.000589s.
250528-00:32:45,57 nipype.workflow INFO:
	 [Node] Executing "sources" <fmriprep.interfaces.bids.BIDSURI>
250528-00:32:45,58 nipype.workflow INFO:
	 [Node] Finished "sources", elapsed time 0.000544s.
250528-00:32:45,117 nipype.workflow INFO:
	 [Node] Executing "sources" <fmriprep.interfaces.bids.BIDSURI>
250528-00:32:45,119 nipype.workflow INFO:
	 [Node] Finished "sources", elapsed time 0.000825s.
250528-00:32:45,438 nipype.workflow INFO:
	 [Node] Executing "sources" <fmriprep.interfaces.bids.BIDSURI>
250528-00:32:45,440 nipype.workflow INFO:
	 [Node] Finished "sources", elapsed time 0.000576s.
250528-00:32:45,625 nipype.workflow INFO:
	 [Node] Executing "sources" <fmriprep.interfaces.bids.BIDSURI>
250528-00:32:45,627 nipype.workflow INFO:
	 [Node] Finished "sources", elapsed time 0.000555s.
250528-00:32:46,624 nipype.workflow INFO:
	 [Node] Setting-up "fmriprep_25_0_wf.sub_GEO061_wf.bold_ses_t3_task_image_run_1_wf.bold_fit_wf.ds_coreg_boldref_wf.sources" in "/work/fmriprep_25_0_wf/sub_GEO061_wf/bold_ses_t3_task_image_run_1_wf/bold_fit_wf/ds_coreg_boldref_wf/sources".
250528-00:32:46,624 nipype.workflow INFO:
	 [Node] Setting-up "fmriprep_25_0_wf.sub_GEO061_wf.bold_ses_t3_task_image_run_2_wf.bold_fit_wf.ds_coreg_boldref_wf.sources" in "/work/fmriprep_25_0_wf/sub_GEO061_wf/bold_ses_t3_task_image_run_2_wf/bold_fit_wf/ds_coreg_boldref_wf/sources".
250528-00:32:46,625 nipype.workflow INFO:
	 [Node] Setting-up "fmriprep_25_0_wf.sub_GEO061_wf.bold_ses_t3_task_image_run_3_wf.bold_fit_wf.ds_coreg_boldref_wf.sources" in "/work/fmriprep_25_0_wf/sub_GEO061_wf/bold_ses_t3_task_image_run_3_wf/bold_fit_wf/ds_coreg_boldref_wf/sources".
250528-00:32:46,626 nipype.workflow INFO:
	 [Node] Setting-up "fmriprep_25_0_wf.sub_GEO061_wf.bold_ses_t3_task_image_run_4_wf.bold_fit_wf.ds_coreg_boldref_wf.sources" in "/work/fmriprep_25_0_wf/sub_GEO061_wf/bold_ses_t3_task_image_run_4_wf/bold_fit_wf/ds_coreg_boldref_wf/sources".
250528-00:32:46,626 nipype.workflow INFO:
	 [Node] Setting-up "fmriprep_25_0_wf.sub_GEO061_wf.bold_ses_t3_task_image_run_5_wf.bold_fit_wf.ds_coreg_boldref_wf.sources" in "/work/fmriprep_25_0_wf/sub_GEO061_wf/bold_ses_t3_task_image_run_5_wf/bold_fit_wf/ds_coreg_boldref_wf/sources".
250528-00:32:47,379 nipype.workflow INFO:
	 [Node] Executing "sources" <fmriprep.interfaces.bids.BIDSURI>
250528-00:32:47,381 nipype.workflow INFO:
	 [Node] Finished "sources", elapsed time 0.000692s.
250528-00:32:47,430 nipype.workflow INFO:
	 [Node] Executing "sources" <fmriprep.interfaces.bids.BIDSURI>
250528-00:32:47,431 nipype.workflow INFO:
	 [Node] Finished "sources", elapsed time 0.000535s.
250528-00:32:47,464 nipype.workflow INFO:
	 [Node] Executing "sources" <fmriprep.interfaces.bids.BIDSURI>
250528-00:32:47,466 nipype.workflow INFO:
	 [Node] Finished "sources", elapsed time 0.000533s.
250528-00:32:47,485 nipype.workflow INFO:
	 [Node] Executing "sources" <fmriprep.interfaces.bids.BIDSURI>
250528-00:32:47,487 nipype.workflow INFO:
	 [Node] Finished "sources", elapsed time 0.000534s.
250528-00:32:47,521 nipype.workflow INFO:
	 [Node] Executing "sources" <fmriprep.interfaces.bids.BIDSURI>
250528-00:32:47,522 nipype.workflow INFO:
	 [Node] Finished "sources", elapsed time 0.00048s.
250528-00:32:48,639 nipype.workflow INFO:
	 [Node] Setting-up "fmriprep_25_0_wf.sub_GEO061_wf.bold_ses_t3_task_retrans_run_1_wf.bold_fit_wf.ds_coreg_boldref_wf.sources" in "/work/fmriprep_25_0_wf/sub_GEO061_wf/bold_ses_t3_task_retrans_run_1_wf/bold_fit_wf/ds_coreg_boldref_wf/sources".
250528-00:32:49,313 nipype.workflow INFO:
	 [Node] Executing "sources" <fmriprep.interfaces.bids.BIDSURI>
250528-00:32:49,315 nipype.workflow INFO:
	 [Node] Finished "sources", elapsed time 0.000564s.
250528-00:35:32,967 nipype.workflow INFO:
	 [Node] Finished "mcflirt", elapsed time 182.548365s.
250528-00:35:34,721 nipype.workflow INFO:
	 [Node] Setting-up "fmriprep_25_0_wf.sub_GEO061_wf.bold_ses_t2_task_image_run_4_wf.bold_fit_wf.bold_hmc_wf.mcflirt" in "/work/fmriprep_25_0_wf/sub_GEO061_wf/bold_ses_t2_task_image_run_4_wf/bold_fit_wf/bold_hmc_wf/mcflirt".
250528-00:35:36,136 nipype.workflow INFO:
	 [Node] Executing "mcflirt" <nipype.interfaces.fsl.preprocess.MCFLIRT>
250528-00:35:39,416 nipype.workflow INFO:
	 [Node] Finished "mcflirt", elapsed time 190.06883s.
250528-00:35:39,497 nipype.workflow INFO:
	 [Node] Finished "mcflirt", elapsed time 191.970959s.
250528-00:35:40,716 nipype.workflow INFO:
	 [Node] Setting-up "fmriprep_25_0_wf.sub_GEO061_wf.bold_ses_t2_task_image_run_5_wf.bold_fit_wf.bold_hmc_wf.mcflirt" in "/work/fmriprep_25_0_wf/sub_GEO061_wf/bold_ses_t2_task_image_run_5_wf/bold_fit_wf/bold_hmc_wf/mcflirt".
250528-00:35:40,721 nipype.workflow INFO:
	 [Node] Setting-up "fmriprep_25_0_wf.sub_GEO061_wf.bold_ses_t3_task_image_run_1_wf.bold_fit_wf.bold_hmc_wf.mcflirt" in "/work/fmriprep_25_0_wf/sub_GEO061_wf/bold_ses_t3_task_image_run_1_wf/bold_fit_wf/bold_hmc_wf/mcflirt".
250528-00:35:41,390 nipype.workflow INFO:
	 [Node] Executing "mcflirt" <nipype.interfaces.fsl.preprocess.MCFLIRT>
250528-00:35:41,434 nipype.workflow INFO:
	 [Node] Executing "mcflirt" <nipype.interfaces.fsl.preprocess.MCFLIRT>
250528-00:38:45,874 nipype.workflow INFO:
	 [Node] Finished "mcflirt", elapsed time 189.732209s.
250528-00:38:46,699 nipype.workflow INFO:
	 [Node] Setting-up "fmriprep_25_0_wf.sub_GEO061_wf.bold_ses_t3_task_image_run_2_wf.bold_fit_wf.bold_hmc_wf.mcflirt" in "/work/fmriprep_25_0_wf/sub_GEO061_wf/bold_ses_t3_task_image_run_2_wf/bold_fit_wf/bold_hmc_wf/mcflirt".
250528-00:38:47,258 nipype.workflow INFO:
	 [Node] Finished "mcflirt", elapsed time 185.867185s.
250528-00:38:47,703 nipype.workflow INFO:
	 [Node] Executing "mcflirt" <nipype.interfaces.fsl.preprocess.MCFLIRT>
250528-00:38:48,716 nipype.workflow INFO:
	 [Node] Setting-up "fmriprep_25_0_wf.sub_GEO061_wf.bold_ses_t3_task_image_run_3_wf.bold_fit_wf.bold_hmc_wf.mcflirt" in "/work/fmriprep_25_0_wf/sub_GEO061_wf/bold_ses_t3_task_image_run_3_wf/bold_fit_wf/bold_hmc_wf/mcflirt".
250528-00:38:50,62 nipype.workflow INFO:
	 [Node] Executing "mcflirt" <nipype.interfaces.fsl.preprocess.MCFLIRT>
250528-00:38:56,612 nipype.workflow INFO:
	 [Node] Finished "mcflirt", elapsed time 195.17706s.
250528-00:38:58,675 nipype.workflow INFO:
	 [Node] Setting-up "fmriprep_25_0_wf.sub_GEO061_wf.bold_ses_t3_task_image_run_4_wf.bold_fit_wf.bold_hmc_wf.mcflirt" in "/work/fmriprep_25_0_wf/sub_GEO061_wf/bold_ses_t3_task_image_run_4_wf/bold_fit_wf/bold_hmc_wf/mcflirt".
250528-00:38:59,176 nipype.workflow INFO:
	 [Node] Executing "mcflirt" <nipype.interfaces.fsl.preprocess.MCFLIRT>
250528-00:41:46,777 nipype.workflow INFO:
	 [Node] Finished "mcflirt", elapsed time 179.068028s.
250528-00:41:48,704 nipype.workflow INFO:
	 [Node] Setting-up "fmriprep_25_0_wf.sub_GEO061_wf.bold_ses_t3_task_image_run_5_wf.bold_fit_wf.bold_hmc_wf.mcflirt" in "/work/fmriprep_25_0_wf/sub_GEO061_wf/bold_ses_t3_task_image_run_5_wf/bold_fit_wf/bold_hmc_wf/mcflirt".
250528-00:41:48,854 nipype.workflow INFO:
	 [Node] Executing "mcflirt" <nipype.interfaces.fsl.preprocess.MCFLIRT>
250528-00:41:49,649 nipype.workflow INFO:
	 [Node] Finished "mcflirt", elapsed time 179.585706s.
250528-00:41:50,691 nipype.workflow INFO:
	 [Node] Setting-up "fmriprep_25_0_wf.sub_GEO061_wf.bold_ses_t3_task_retrans_run_1_wf.bold_fit_wf.bold_hmc_wf.mcflirt" in "/work/fmriprep_25_0_wf/sub_GEO061_wf/bold_ses_t3_task_retrans_run_1_wf/bold_fit_wf/bold_hmc_wf/mcflirt".
250528-00:41:50,825 nipype.workflow INFO:
	 [Node] Executing "mcflirt" <nipype.interfaces.fsl.preprocess.MCFLIRT>
250528-00:41:55,996 nipype.workflow INFO:
	 [Node] Finished "mcflirt", elapsed time 176.818579s.
250528-00:44:14,195 nipype.workflow INFO:
	 [Node] Finished "mcflirt", elapsed time 145.335919s.
250528-00:44:14,755 nipype.workflow INFO:
	 [Node] Setting-up "fmriprep_25_0_wf.sub_GEO061_wf.bold_ses_t2_task_image_run_1_wf.bold_fit_wf.enhance_and_skullstrip_bold_wf.init_aff" in "/work/fmriprep_25_0_wf/sub_GEO061_wf/bold_ses_t2_task_image_run_1_wf/bold_fit_wf/enhance_and_skullstrip_bold_wf/init_aff".
250528-00:44:14,870 nipype.workflow INFO:
	 [Node] Executing "init_aff" <nipype.interfaces.ants.utils.AI>
250528-00:44:41,696 nipype.workflow INFO:
	 [Node] Finished "init_aff", elapsed time 26.291888s.
250528-00:44:42,837 nipype.workflow INFO:
	 [Node] Setting-up "fmriprep_25_0_wf.sub_GEO061_wf.bold_ses_t2_task_image_run_1_wf.bold_fit_wf.bold_hmc_wf.fsl2itk" in "/work/fmriprep_25_0_wf/sub_GEO061_wf/bold_ses_t2_task_image_run_1_wf/bold_fit_wf/bold_hmc_wf/fsl2itk".
250528-00:44:43,884 nipype.workflow INFO:
	 [Node] Executing "fsl2itk" <niworkflows.interfaces.itk.MCFLIRT2ITK>
250528-00:44:43,885 nipype.interface WARNING:
	 Multithreading is deprecated. Remove the num_threads input.
250528-00:44:44,793 nipype.workflow INFO:
	 [Node] Finished "mcflirt", elapsed time 173.967419s.
250528-00:44:45,791 nipype.workflow INFO:
	 [Node] Finished "fsl2itk", elapsed time 1.905713s.
250528-00:44:46,723 nipype.workflow INFO:
	 [Node] Setting-up "fmriprep_25_0_wf.sub_GEO061_wf.bold_ses_t2_task_image_run_2_wf.bold_fit_wf.enhance_and_skullstrip_bold_wf.init_aff" in "/work/fmriprep_25_0_wf/sub_GEO061_wf/bold_ses_t2_task_image_run_2_wf/bold_fit_wf/enhance_and_skullstrip_bold_wf/init_aff".
250528-00:44:46,825 nipype.workflow INFO:
	 [Node] Executing "init_aff" <nipype.interfaces.ants.utils.AI>
250528-00:44:49,935 nipype.workflow INFO:
	 [Node] Setting-up "fmriprep_25_0_wf.sub_GEO061_wf.bold_ses_t2_task_image_run_1_wf.bold_confounds_wf.motion_params" in "/work/fmriprep_25_0_wf/sub_GEO061_wf/bold_ses_t2_task_image_run_1_wf/bold_confounds_wf/motion_params".
250528-00:44:50,52 nipype.workflow INFO:
	 [Node] Executing "motion_params" <fmriprep.interfaces.confounds.FSLMotionParams>
250528-00:44:50,295 nipype.workflow INFO:
	 [Node] Finished "motion_params", elapsed time 0.241852s.
250528-00:44:51,458 nipype.workflow INFO:
	 [Node] Setting-up "fmriprep_25_0_wf.sub_GEO061_wf.bold_ses_t2_task_image_run_1_wf.bold_confounds_wf.rmsd" in "/work/fmriprep_25_0_wf/sub_GEO061_wf/bold_ses_t2_task_image_run_1_wf/bold_confounds_wf/rmsd".
250528-00:44:51,547 nipype.workflow INFO:
	 [Node] Executing "rmsd" <fmriprep.interfaces.confounds.FSLRMSDeviation>
250528-00:44:51,682 nipype.workflow INFO:
	 [Node] Finished "rmsd", elapsed time 0.133508s.
250528-00:44:53,465 nipype.workflow INFO:
	 [Node] Setting-up "fmriprep_25_0_wf.sub_GEO061_wf.bold_ses_t2_task_image_run_1_wf.bold_confounds_wf.fdisp" in "/work/fmriprep_25_0_wf/sub_GEO061_wf/bold_ses_t2_task_image_run_1_wf/bold_confounds_wf/fdisp".
250528-00:44:53,555 nipype.workflow INFO:
	 [Node] Executing "fdisp" <fmriprep.interfaces.confounds.FramewiseDisplacement>
250528-00:44:53,575 nipype.workflow INFO:
	 [Node] Finished "fdisp", elapsed time 0.019204s.
250528-00:45:12,618 nipype.workflow INFO:
	 [Node] Finished "init_aff", elapsed time 25.641848s.
250528-00:45:14,788 nipype.workflow INFO:
	 [Node] Setting-up "fmriprep_25_0_wf.sub_GEO061_wf.bold_ses_t2_task_image_run_2_wf.bold_fit_wf.bold_hmc_wf.fsl2itk" in "/work/fmriprep_25_0_wf/sub_GEO061_wf/bold_ses_t2_task_image_run_2_wf/bold_fit_wf/bold_hmc_wf/fsl2itk".
250528-00:45:15,595 nipype.workflow INFO:
	 [Node] Executing "fsl2itk" <niworkflows.interfaces.itk.MCFLIRT2ITK>
250528-00:45:15,596 nipype.interface WARNING:
	 Multithreading is deprecated. Remove the num_threads input.
250528-00:45:17,335 nipype.workflow INFO:
	 [Node] Finished "fsl2itk", elapsed time 1.73874s.
250528-00:45:18,753 nipype.workflow INFO:
	 [Node] Setting-up "fmriprep_25_0_wf.sub_GEO061_wf.bold_ses_t2_task_image_run_3_wf.bold_fit_wf.enhance_and_skullstrip_bold_wf.init_aff" in "/work/fmriprep_25_0_wf/sub_GEO061_wf/bold_ses_t2_task_image_run_3_wf/bold_fit_wf/enhance_and_skullstrip_bold_wf/init_aff".
250528-00:45:18,880 nipype.workflow INFO:
	 [Node] Executing "init_aff" <nipype.interfaces.ants.utils.AI>
250528-00:45:21,565 nipype.workflow INFO:
	 [Node] Setting-up "fmriprep_25_0_wf.sub_GEO061_wf.bold_ses_t2_task_image_run_2_wf.bold_confounds_wf.motion_params" in "/work/fmriprep_25_0_wf/sub_GEO061_wf/bold_ses_t2_task_image_run_2_wf/bold_confounds_wf/motion_params".
250528-00:45:21,695 nipype.workflow INFO:
	 [Node] Executing "motion_params" <fmriprep.interfaces.confounds.FSLMotionParams>
250528-00:45:21,860 nipype.workflow INFO:
	 [Node] Finished "motion_params", elapsed time 0.163438s.
250528-00:45:23,525 nipype.workflow INFO:
	 [Node] Setting-up "fmriprep_25_0_wf.sub_GEO061_wf.bold_ses_t2_task_image_run_2_wf.bold_confounds_wf.rmsd" in "/work/fmriprep_25_0_wf/sub_GEO061_wf/bold_ses_t2_task_image_run_2_wf/bold_confounds_wf/rmsd".
250528-00:45:23,624 nipype.workflow INFO:
	 [Node] Executing "rmsd" <fmriprep.interfaces.confounds.FSLRMSDeviation>
250528-00:45:23,754 nipype.workflow INFO:
	 [Node] Finished "rmsd", elapsed time 0.129462s.
250528-00:45:24,758 nipype.workflow INFO:
	 [Node] Setting-up "fmriprep_25_0_wf.sub_GEO061_wf.bold_ses_t2_task_image_run_2_wf.bold_confounds_wf.fdisp" in "/work/fmriprep_25_0_wf/sub_GEO061_wf/bold_ses_t2_task_image_run_2_wf/bold_confounds_wf/fdisp".
250528-00:45:24,847 nipype.workflow INFO:
	 [Node] Executing "fdisp" <fmriprep.interfaces.confounds.FramewiseDisplacement>
250528-00:45:24,871 nipype.workflow INFO:
	 [Node] Finished "fdisp", elapsed time 0.022931s.
250528-00:45:42,810 nipype.workflow INFO:
	 [Node] Finished "init_aff", elapsed time 23.929063s.
250528-00:45:44,734 nipype.workflow INFO:
	 [Node] Setting-up "fmriprep_25_0_wf.sub_GEO061_wf.bold_ses_t2_task_image_run_3_wf.bold_fit_wf.bold_hmc_wf.fsl2itk" in "/work/fmriprep_25_0_wf/sub_GEO061_wf/bold_ses_t2_task_image_run_3_wf/bold_fit_wf/bold_hmc_wf/fsl2itk".
250528-00:45:45,760 nipype.workflow INFO:
	 [Node] Executing "fsl2itk" <niworkflows.interfaces.itk.MCFLIRT2ITK>
250528-00:45:45,761 nipype.interface WARNING:
	 Multithreading is deprecated. Remove the num_threads input.
250528-00:45:47,368 nipype.workflow INFO:
	 [Node] Finished "fsl2itk", elapsed time 1.607144s.
250528-00:45:48,760 nipype.workflow INFO:
	 [Node] Setting-up "fmriprep_25_0_wf.sub_GEO061_wf.bold_ses_t2_task_image_run_4_wf.bold_fit_wf.enhance_and_skullstrip_bold_wf.init_aff" in "/work/fmriprep_25_0_wf/sub_GEO061_wf/bold_ses_t2_task_image_run_4_wf/bold_fit_wf/enhance_and_skullstrip_bold_wf/init_aff".
250528-00:45:48,877 nipype.workflow INFO:
	 [Node] Executing "init_aff" <nipype.interfaces.ants.utils.AI>
250528-00:45:51,661 nipype.workflow INFO:
	 [Node] Setting-up "fmriprep_25_0_wf.sub_GEO061_wf.bold_ses_t2_task_image_run_3_wf.bold_confounds_wf.motion_params" in "/work/fmriprep_25_0_wf/sub_GEO061_wf/bold_ses_t2_task_image_run_3_wf/bold_confounds_wf/motion_params".
250528-00:45:51,794 nipype.workflow INFO:
	 [Node] Executing "motion_params" <fmriprep.interfaces.confounds.FSLMotionParams>
250528-00:45:51,972 nipype.workflow INFO:
	 [Node] Finished "motion_params", elapsed time 0.176629s.
250528-00:45:53,598 nipype.workflow INFO:
	 [Node] Setting-up "fmriprep_25_0_wf.sub_GEO061_wf.bold_ses_t2_task_image_run_3_wf.bold_confounds_wf.rmsd" in "/work/fmriprep_25_0_wf/sub_GEO061_wf/bold_ses_t2_task_image_run_3_wf/bold_confounds_wf/rmsd".
250528-00:45:53,682 nipype.workflow INFO:
	 [Node] Executing "rmsd" <fmriprep.interfaces.confounds.FSLRMSDeviation>
250528-00:45:53,818 nipype.workflow INFO:
	 [Node] Finished "rmsd", elapsed time 0.13477s.
250528-00:45:54,742 nipype.workflow INFO:
	 [Node] Setting-up "fmriprep_25_0_wf.sub_GEO061_wf.bold_ses_t2_task_image_run_3_wf.bold_confounds_wf.fdisp" in "/work/fmriprep_25_0_wf/sub_GEO061_wf/bold_ses_t2_task_image_run_3_wf/bold_confounds_wf/fdisp".
250528-00:45:54,835 nipype.workflow INFO:
	 [Node] Executing "fdisp" <fmriprep.interfaces.confounds.FramewiseDisplacement>
250528-00:45:54,855 nipype.workflow INFO:
	 [Node] Finished "fdisp", elapsed time 0.01981s.
250528-00:46:13,884 nipype.workflow INFO:
	 [Node] Finished "init_aff", elapsed time 24.783938s.
250528-00:46:14,675 nipype.workflow INFO:
	 [Node] Setting-up "fmriprep_25_0_wf.sub_GEO061_wf.bold_ses_t2_task_image_run_4_wf.bold_fit_wf.bold_hmc_wf.fsl2itk" in "/work/fmriprep_25_0_wf/sub_GEO061_wf/bold_ses_t2_task_image_run_4_wf/bold_fit_wf/bold_hmc_wf/fsl2itk".
250528-00:46:15,586 nipype.workflow INFO:
	 [Node] Executing "fsl2itk" <niworkflows.interfaces.itk.MCFLIRT2ITK>
250528-00:46:15,587 nipype.interface WARNING:
	 Multithreading is deprecated. Remove the num_threads input.
250528-00:46:17,182 nipype.workflow INFO:
	 [Node] Finished "fsl2itk", elapsed time 1.594649s.
250528-00:46:18,761 nipype.workflow INFO:
	 [Node] Setting-up "fmriprep_25_0_wf.sub_GEO061_wf.bold_ses_t2_task_image_run_5_wf.bold_fit_wf.enhance_and_skullstrip_bold_wf.init_aff" in "/work/fmriprep_25_0_wf/sub_GEO061_wf/bold_ses_t2_task_image_run_5_wf/bold_fit_wf/enhance_and_skullstrip_bold_wf/init_aff".
250528-00:46:18,887 nipype.workflow INFO:
	 [Node] Executing "init_aff" <nipype.interfaces.ants.utils.AI>
250528-00:46:21,585 nipype.workflow INFO:
	 [Node] Setting-up "fmriprep_25_0_wf.sub_GEO061_wf.bold_ses_t2_task_image_run_4_wf.bold_confounds_wf.motion_params" in "/work/fmriprep_25_0_wf/sub_GEO061_wf/bold_ses_t2_task_image_run_4_wf/bold_confounds_wf/motion_params".
250528-00:46:21,737 nipype.workflow INFO:
	 [Node] Executing "motion_params" <fmriprep.interfaces.confounds.FSLMotionParams>
250528-00:46:21,908 nipype.workflow INFO:
	 [Node] Finished "motion_params", elapsed time 0.169244s.
250528-00:46:22,764 nipype.workflow INFO:
	 [Node] Setting-up "fmriprep_25_0_wf.sub_GEO061_wf.bold_ses_t2_task_image_run_4_wf.bold_confounds_wf.rmsd" in "/work/fmriprep_25_0_wf/sub_GEO061_wf/bold_ses_t2_task_image_run_4_wf/bold_confounds_wf/rmsd".
250528-00:46:22,860 nipype.workflow INFO:
	 [Node] Executing "rmsd" <fmriprep.interfaces.confounds.FSLRMSDeviation>
250528-00:46:22,989 nipype.workflow INFO:
	 [Node] Finished "rmsd", elapsed time 0.128328s.
250528-00:46:24,759 nipype.workflow INFO:
	 [Node] Setting-up "fmriprep_25_0_wf.sub_GEO061_wf.bold_ses_t2_task_image_run_4_wf.bold_confounds_wf.fdisp" in "/work/fmriprep_25_0_wf/sub_GEO061_wf/bold_ses_t2_task_image_run_4_wf/bold_confounds_wf/fdisp".
250528-00:46:24,855 nipype.workflow INFO:
	 [Node] Executing "fdisp" <fmriprep.interfaces.confounds.FramewiseDisplacement>
250528-00:46:24,877 nipype.workflow INFO:
	 [Node] Finished "fdisp", elapsed time 0.020684s.
250528-00:46:44,102 nipype.workflow INFO:
	 [Node] Finished "init_aff", elapsed time 25.038247s.
250528-00:46:44,777 nipype.workflow INFO:
	 [Node] Setting-up "fmriprep_25_0_wf.sub_GEO061_wf.bold_ses_t2_task_image_run_5_wf.bold_fit_wf.bold_hmc_wf.fsl2itk" in "/work/fmriprep_25_0_wf/sub_GEO061_wf/bold_ses_t2_task_image_run_5_wf/bold_fit_wf/bold_hmc_wf/fsl2itk".
250528-00:46:45,534 nipype.workflow INFO:
	 [Node] Executing "fsl2itk" <niworkflows.interfaces.itk.MCFLIRT2ITK>
250528-00:46:45,535 nipype.interface WARNING:
	 Multithreading is deprecated. Remove the num_threads input.
250528-00:46:47,153 nipype.workflow INFO:
	 [Node] Finished "fsl2itk", elapsed time 1.617941s.
250528-00:46:48,700 nipype.workflow INFO:
	 [Node] Setting-up "fmriprep_25_0_wf.sub_GEO061_wf.bold_ses_t3_task_image_run_1_wf.bold_fit_wf.enhance_and_skullstrip_bold_wf.init_aff" in "/work/fmriprep_25_0_wf/sub_GEO061_wf/bold_ses_t3_task_image_run_1_wf/bold_fit_wf/enhance_and_skullstrip_bold_wf/init_aff".
250528-00:46:48,802 nipype.workflow INFO:
	 [Node] Executing "init_aff" <nipype.interfaces.ants.utils.AI>
250528-00:46:50,675 nipype.workflow INFO:
	 [Node] Setting-up "fmriprep_25_0_wf.sub_GEO061_wf.bold_ses_t2_task_image_run_5_wf.bold_confounds_wf.motion_params" in "/work/fmriprep_25_0_wf/sub_GEO061_wf/bold_ses_t2_task_image_run_5_wf/bold_confounds_wf/motion_params".
250528-00:46:50,782 nipype.workflow INFO:
	 [Node] Executing "motion_params" <fmriprep.interfaces.confounds.FSLMotionParams>
250528-00:46:50,945 nipype.workflow INFO:
	 [Node] Finished "motion_params", elapsed time 0.161859s.
250528-00:46:52,758 nipype.workflow INFO:
	 [Node] Setting-up "fmriprep_25_0_wf.sub_GEO061_wf.bold_ses_t2_task_image_run_5_wf.bold_confounds_wf.rmsd" in "/work/fmriprep_25_0_wf/sub_GEO061_wf/bold_ses_t2_task_image_run_5_wf/bold_confounds_wf/rmsd".
250528-00:46:52,859 nipype.workflow INFO:
	 [Node] Executing "rmsd" <fmriprep.interfaces.confounds.FSLRMSDeviation>
250528-00:46:52,984 nipype.workflow INFO:
	 [Node] Finished "rmsd", elapsed time 0.124358s.
250528-00:46:54,681 nipype.workflow INFO:
	 [Node] Setting-up "fmriprep_25_0_wf.sub_GEO061_wf.bold_ses_t2_task_image_run_5_wf.bold_confounds_wf.fdisp" in "/work/fmriprep_25_0_wf/sub_GEO061_wf/bold_ses_t2_task_image_run_5_wf/bold_confounds_wf/fdisp".
250528-00:46:54,774 nipype.workflow INFO:
	 [Node] Executing "fdisp" <fmriprep.interfaces.confounds.FramewiseDisplacement>
250528-00:46:54,794 nipype.workflow INFO:
	 [Node] Finished "fdisp", elapsed time 0.018996s.
250528-00:47:14,453 nipype.workflow INFO:
	 [Node] Finished "init_aff", elapsed time 25.446627s.
250528-00:47:16,762 nipype.workflow INFO:
	 [Node] Setting-up "fmriprep_25_0_wf.sub_GEO061_wf.bold_ses_t3_task_image_run_1_wf.bold_fit_wf.bold_hmc_wf.fsl2itk" in "/work/fmriprep_25_0_wf/sub_GEO061_wf/bold_ses_t3_task_image_run_1_wf/bold_fit_wf/bold_hmc_wf/fsl2itk".
250528-00:47:17,679 nipype.workflow INFO:
	 [Node] Executing "fsl2itk" <niworkflows.interfaces.itk.MCFLIRT2ITK>
250528-00:47:17,680 nipype.interface WARNING:
	 Multithreading is deprecated. Remove the num_threads input.
250528-00:47:19,569 nipype.workflow INFO:
	 [Node] Finished "fsl2itk", elapsed time 1.889005s.
250528-00:47:20,771 nipype.workflow INFO:
	 [Node] Setting-up "fmriprep_25_0_wf.sub_GEO061_wf.bold_ses_t3_task_image_run_2_wf.bold_fit_wf.enhance_and_skullstrip_bold_wf.init_aff" in "/work/fmriprep_25_0_wf/sub_GEO061_wf/bold_ses_t3_task_image_run_2_wf/bold_fit_wf/enhance_and_skullstrip_bold_wf/init_aff".
250528-00:47:20,878 nipype.workflow INFO:
	 [Node] Executing "init_aff" <nipype.interfaces.ants.utils.AI>
250528-00:47:22,684 nipype.workflow INFO:
	 [Node] Setting-up "fmriprep_25_0_wf.sub_GEO061_wf.bold_ses_t3_task_image_run_1_wf.bold_confounds_wf.motion_params" in "/work/fmriprep_25_0_wf/sub_GEO061_wf/bold_ses_t3_task_image_run_1_wf/bold_confounds_wf/motion_params".
250528-00:47:22,835 nipype.workflow INFO:
	 [Node] Executing "motion_params" <fmriprep.interfaces.confounds.FSLMotionParams>
250528-00:47:23,21 nipype.workflow INFO:
	 [Node] Finished "motion_params", elapsed time 0.184835s.
250528-00:47:24,689 nipype.workflow INFO:
	 [Node] Setting-up "fmriprep_25_0_wf.sub_GEO061_wf.bold_ses_t3_task_image_run_1_wf.bold_confounds_wf.rmsd" in "/work/fmriprep_25_0_wf/sub_GEO061_wf/bold_ses_t3_task_image_run_1_wf/bold_confounds_wf/rmsd".
250528-00:47:24,781 nipype.workflow INFO:
	 [Node] Executing "rmsd" <fmriprep.interfaces.confounds.FSLRMSDeviation>
250528-00:47:24,915 nipype.workflow INFO:
	 [Node] Finished "rmsd", elapsed time 0.132792s.
250528-00:47:26,781 nipype.workflow INFO:
	 [Node] Setting-up "fmriprep_25_0_wf.sub_GEO061_wf.bold_ses_t3_task_image_run_1_wf.bold_confounds_wf.fdisp" in "/work/fmriprep_25_0_wf/sub_GEO061_wf/bold_ses_t3_task_image_run_1_wf/bold_confounds_wf/fdisp".
250528-00:47:27,57 nipype.workflow INFO:
	 [Node] Executing "fdisp" <fmriprep.interfaces.confounds.FramewiseDisplacement>
250528-00:47:27,77 nipype.workflow INFO:
	 [Node] Finished "fdisp", elapsed time 0.019212s.
250528-00:47:45,403 nipype.workflow INFO:
	 [Node] Finished "init_aff", elapsed time 24.523888s.
250528-00:47:46,686 nipype.workflow INFO:
	 [Node] Setting-up "fmriprep_25_0_wf.sub_GEO061_wf.bold_ses_t3_task_image_run_2_wf.bold_fit_wf.bold_hmc_wf.fsl2itk" in "/work/fmriprep_25_0_wf/sub_GEO061_wf/bold_ses_t3_task_image_run_2_wf/bold_fit_wf/bold_hmc_wf/fsl2itk".
250528-00:47:47,521 nipype.workflow INFO:
	 [Node] Executing "fsl2itk" <niworkflows.interfaces.itk.MCFLIRT2ITK>
250528-00:47:47,522 nipype.interface WARNING:
	 Multithreading is deprecated. Remove the num_threads input.
250528-00:47:49,93 nipype.workflow INFO:
	 [Node] Finished "fsl2itk", elapsed time 1.5715789999999998s.
250528-00:47:50,684 nipype.workflow INFO:
	 [Node] Setting-up "fmriprep_25_0_wf.sub_GEO061_wf.bold_ses_t3_task_image_run_3_wf.bold_fit_wf.enhance_and_skullstrip_bold_wf.init_aff" in "/work/fmriprep_25_0_wf/sub_GEO061_wf/bold_ses_t3_task_image_run_3_wf/bold_fit_wf/enhance_and_skullstrip_bold_wf/init_aff".
250528-00:47:50,807 nipype.workflow INFO:
	 [Node] Executing "init_aff" <nipype.interfaces.ants.utils.AI>
250528-00:47:52,780 nipype.workflow INFO:
	 [Node] Setting-up "fmriprep_25_0_wf.sub_GEO061_wf.bold_ses_t3_task_image_run_2_wf.bold_confounds_wf.motion_params" in "/work/fmriprep_25_0_wf/sub_GEO061_wf/bold_ses_t3_task_image_run_2_wf/bold_confounds_wf/motion_params".
250528-00:47:52,882 nipype.workflow INFO:
	 [Node] Executing "motion_params" <fmriprep.interfaces.confounds.FSLMotionParams>
250528-00:47:53,41 nipype.workflow INFO:
	 [Node] Finished "motion_params", elapsed time 0.158281s.
250528-00:47:54,813 nipype.workflow INFO:
	 [Node] Setting-up "fmriprep_25_0_wf.sub_GEO061_wf.bold_ses_t3_task_image_run_2_wf.bold_confounds_wf.rmsd" in "/work/fmriprep_25_0_wf/sub_GEO061_wf/bold_ses_t3_task_image_run_2_wf/bold_confounds_wf/rmsd".
250528-00:47:54,905 nipype.workflow INFO:
	 [Node] Executing "rmsd" <fmriprep.interfaces.confounds.FSLRMSDeviation>
250528-00:47:55,38 nipype.workflow INFO:
	 [Node] Finished "rmsd", elapsed time 0.131772s.
250528-00:47:56,807 nipype.workflow INFO:
	 [Node] Setting-up "fmriprep_25_0_wf.sub_GEO061_wf.bold_ses_t3_task_image_run_2_wf.bold_confounds_wf.fdisp" in "/work/fmriprep_25_0_wf/sub_GEO061_wf/bold_ses_t3_task_image_run_2_wf/bold_confounds_wf/fdisp".
250528-00:47:56,904 nipype.workflow INFO:
	 [Node] Executing "fdisp" <fmriprep.interfaces.confounds.FramewiseDisplacement>
250528-00:47:56,927 nipype.workflow INFO:
	 [Node] Finished "fdisp", elapsed time 0.022493s.
250528-00:48:15,651 nipype.workflow INFO:
	 [Node] Finished "init_aff", elapsed time 24.842802s.
250528-00:48:16,794 nipype.workflow INFO:
	 [Node] Setting-up "fmriprep_25_0_wf.sub_GEO061_wf.bold_ses_t3_task_image_run_3_wf.bold_fit_wf.bold_hmc_wf.fsl2itk" in "/work/fmriprep_25_0_wf/sub_GEO061_wf/bold_ses_t3_task_image_run_3_wf/bold_fit_wf/bold_hmc_wf/fsl2itk".
250528-00:48:18,502 nipype.workflow INFO:
	 [Node] Executing "fsl2itk" <niworkflows.interfaces.itk.MCFLIRT2ITK>
250528-00:48:18,503 nipype.interface WARNING:
	 Multithreading is deprecated. Remove the num_threads input.
250528-00:48:20,155 nipype.workflow INFO:
	 [Node] Finished "fsl2itk", elapsed time 1.651379s.
250528-00:48:20,785 nipype.workflow INFO:
	 [Node] Setting-up "fmriprep_25_0_wf.sub_GEO061_wf.bold_ses_t3_task_image_run_4_wf.bold_fit_wf.enhance_and_skullstrip_bold_wf.init_aff" in "/work/fmriprep_25_0_wf/sub_GEO061_wf/bold_ses_t3_task_image_run_4_wf/bold_fit_wf/enhance_and_skullstrip_bold_wf/init_aff".
250528-00:48:20,906 nipype.workflow INFO:
	 [Node] Executing "init_aff" <nipype.interfaces.ants.utils.AI>
250528-00:48:22,798 nipype.workflow INFO:
	 [Node] Setting-up "fmriprep_25_0_wf.sub_GEO061_wf.bold_ses_t3_task_image_run_3_wf.bold_confounds_wf.motion_params" in "/work/fmriprep_25_0_wf/sub_GEO061_wf/bold_ses_t3_task_image_run_3_wf/bold_confounds_wf/motion_params".
250528-00:48:22,927 nipype.workflow INFO:
	 [Node] Executing "motion_params" <fmriprep.interfaces.confounds.FSLMotionParams>
250528-00:48:23,93 nipype.workflow INFO:
	 [Node] Finished "motion_params", elapsed time 0.165125s.
250528-00:48:24,801 nipype.workflow INFO:
	 [Node] Setting-up "fmriprep_25_0_wf.sub_GEO061_wf.bold_ses_t3_task_image_run_3_wf.bold_confounds_wf.rmsd" in "/work/fmriprep_25_0_wf/sub_GEO061_wf/bold_ses_t3_task_image_run_3_wf/bold_confounds_wf/rmsd".
250528-00:48:25,66 nipype.workflow INFO:
	 [Node] Executing "rmsd" <fmriprep.interfaces.confounds.FSLRMSDeviation>
250528-00:48:25,215 nipype.workflow INFO:
	 [Node] Finished "rmsd", elapsed time 0.148004s.
250528-00:48:26,783 nipype.workflow INFO:
	 [Node] Setting-up "fmriprep_25_0_wf.sub_GEO061_wf.bold_ses_t3_task_image_run_3_wf.bold_confounds_wf.fdisp" in "/work/fmriprep_25_0_wf/sub_GEO061_wf/bold_ses_t3_task_image_run_3_wf/bold_confounds_wf/fdisp".
250528-00:48:26,891 nipype.workflow INFO:
	 [Node] Executing "fdisp" <fmriprep.interfaces.confounds.FramewiseDisplacement>
250528-00:48:26,912 nipype.workflow INFO:
	 [Node] Finished "fdisp", elapsed time 0.019385s.
250528-00:48:46,399 nipype.workflow INFO:
	 [Node] Finished "init_aff", elapsed time 25.491354s.
250528-00:48:46,821 nipype.workflow INFO:
	 [Node] Setting-up "fmriprep_25_0_wf.sub_GEO061_wf.bold_ses_t3_task_image_run_4_wf.bold_fit_wf.bold_hmc_wf.fsl2itk" in "/work/fmriprep_25_0_wf/sub_GEO061_wf/bold_ses_t3_task_image_run_4_wf/bold_fit_wf/bold_hmc_wf/fsl2itk".
250528-00:48:47,682 nipype.workflow INFO:
	 [Node] Executing "fsl2itk" <niworkflows.interfaces.itk.MCFLIRT2ITK>
250528-00:48:47,683 nipype.interface WARNING:
	 Multithreading is deprecated. Remove the num_threads input.
250528-00:48:49,552 nipype.workflow INFO:
	 [Node] Finished "fsl2itk", elapsed time 1.8688479999999998s.
250528-00:48:50,815 nipype.workflow INFO:
	 [Node] Setting-up "fmriprep_25_0_wf.sub_GEO061_wf.bold_ses_t3_task_image_run_5_wf.bold_fit_wf.enhance_and_skullstrip_bold_wf.init_aff" in "/work/fmriprep_25_0_wf/sub_GEO061_wf/bold_ses_t3_task_image_run_5_wf/bold_fit_wf/enhance_and_skullstrip_bold_wf/init_aff".
250528-00:48:50,950 nipype.workflow INFO:
	 [Node] Executing "init_aff" <nipype.interfaces.ants.utils.AI>
250528-00:48:52,716 nipype.workflow INFO:
	 [Node] Setting-up "fmriprep_25_0_wf.sub_GEO061_wf.bold_ses_t3_task_image_run_4_wf.bold_confounds_wf.motion_params" in "/work/fmriprep_25_0_wf/sub_GEO061_wf/bold_ses_t3_task_image_run_4_wf/bold_confounds_wf/motion_params".
250528-00:48:52,836 nipype.workflow INFO:
	 [Node] Executing "motion_params" <fmriprep.interfaces.confounds.FSLMotionParams>
250528-00:48:52,997 nipype.workflow INFO:
	 [Node] Finished "motion_params", elapsed time 0.160157s.
250528-00:48:54,810 nipype.workflow INFO:
	 [Node] Setting-up "fmriprep_25_0_wf.sub_GEO061_wf.bold_ses_t3_task_image_run_4_wf.bold_confounds_wf.rmsd" in "/work/fmriprep_25_0_wf/sub_GEO061_wf/bold_ses_t3_task_image_run_4_wf/bold_confounds_wf/rmsd".
250528-00:48:54,953 nipype.workflow INFO:
	 [Node] Executing "rmsd" <fmriprep.interfaces.confounds.FSLRMSDeviation>
250528-00:48:55,273 nipype.workflow INFO:
	 [Node] Finished "rmsd", elapsed time 0.319268s.
250528-00:48:56,804 nipype.workflow INFO:
	 [Node] Setting-up "fmriprep_25_0_wf.sub_GEO061_wf.bold_ses_t3_task_image_run_4_wf.bold_confounds_wf.fdisp" in "/work/fmriprep_25_0_wf/sub_GEO061_wf/bold_ses_t3_task_image_run_4_wf/bold_confounds_wf/fdisp".
250528-00:48:56,928 nipype.workflow INFO:
	 [Node] Executing "fdisp" <fmriprep.interfaces.confounds.FramewiseDisplacement>
250528-00:48:56,949 nipype.workflow INFO:
	 [Node] Finished "fdisp", elapsed time 0.019662s.
250528-00:49:16,847 nipype.workflow INFO:
	 [Node] Finished "init_aff", elapsed time 25.895396s.
250528-00:49:18,813 nipype.workflow INFO:
	 [Node] Setting-up "fmriprep_25_0_wf.sub_GEO061_wf.bold_ses_t3_task_image_run_5_wf.bold_fit_wf.bold_hmc_wf.fsl2itk" in "/work/fmriprep_25_0_wf/sub_GEO061_wf/bold_ses_t3_task_image_run_5_wf/bold_fit_wf/bold_hmc_wf/fsl2itk".
250528-00:49:20,219 nipype.workflow INFO:
	 [Node] Executing "fsl2itk" <niworkflows.interfaces.itk.MCFLIRT2ITK>
250528-00:49:20,220 nipype.interface WARNING:
	 Multithreading is deprecated. Remove the num_threads input.
250528-00:49:22,334 nipype.workflow INFO:
	 [Node] Finished "fsl2itk", elapsed time 2.114231s.
250528-00:49:22,710 nipype.workflow INFO:
	 [Node] Setting-up "fmriprep_25_0_wf.sub_GEO061_wf.bold_ses_t3_task_retrans_run_1_wf.bold_fit_wf.enhance_and_skullstrip_bold_wf.init_aff" in "/work/fmriprep_25_0_wf/sub_GEO061_wf/bold_ses_t3_task_retrans_run_1_wf/bold_fit_wf/enhance_and_skullstrip_bold_wf/init_aff".
250528-00:49:22,856 nipype.workflow INFO:
	 [Node] Executing "init_aff" <nipype.interfaces.ants.utils.AI>
250528-00:49:24,830 nipype.workflow INFO:
	 [Node] Setting-up "fmriprep_25_0_wf.sub_GEO061_wf.bold_ses_t3_task_image_run_5_wf.bold_confounds_wf.motion_params" in "/work/fmriprep_25_0_wf/sub_GEO061_wf/bold_ses_t3_task_image_run_5_wf/bold_confounds_wf/motion_params".
250528-00:49:24,941 nipype.workflow INFO:
	 [Node] Executing "motion_params" <fmriprep.interfaces.confounds.FSLMotionParams>
250528-00:49:25,114 nipype.workflow INFO:
	 [Node] Finished "motion_params", elapsed time 0.172239s.
250528-00:49:26,832 nipype.workflow INFO:
	 [Node] Setting-up "fmriprep_25_0_wf.sub_GEO061_wf.bold_ses_t3_task_image_run_5_wf.bold_confounds_wf.rmsd" in "/work/fmriprep_25_0_wf/sub_GEO061_wf/bold_ses_t3_task_image_run_5_wf/bold_confounds_wf/rmsd".
250528-00:49:26,973 nipype.workflow INFO:
	 [Node] Executing "rmsd" <fmriprep.interfaces.confounds.FSLRMSDeviation>
250528-00:49:27,105 nipype.workflow INFO:
	 [Node] Finished "rmsd", elapsed time 0.130637s.
250528-00:49:28,819 nipype.workflow INFO:
	 [Node] Setting-up "fmriprep_25_0_wf.sub_GEO061_wf.bold_ses_t3_task_image_run_5_wf.bold_confounds_wf.fdisp" in "/work/fmriprep_25_0_wf/sub_GEO061_wf/bold_ses_t3_task_image_run_5_wf/bold_confounds_wf/fdisp".
250528-00:49:28,943 nipype.workflow INFO:
	 [Node] Executing "fdisp" <fmriprep.interfaces.confounds.FramewiseDisplacement>
250528-00:49:29,157 nipype.workflow INFO:
	 [Node] Finished "fdisp", elapsed time 0.212481s.
250528-00:49:47,486 nipype.workflow INFO:
	 [Node] Finished "init_aff", elapsed time 24.629226s.
250528-00:49:48,804 nipype.workflow INFO:
	 [Node] Setting-up "fmriprep_25_0_wf.sub_GEO061_wf.bold_ses_t3_task_retrans_run_1_wf.bold_fit_wf.bold_hmc_wf.fsl2itk" in "/work/fmriprep_25_0_wf/sub_GEO061_wf/bold_ses_t3_task_retrans_run_1_wf/bold_fit_wf/bold_hmc_wf/fsl2itk".
250528-00:49:50,102 nipype.workflow INFO:
	 [Node] Executing "fsl2itk" <niworkflows.interfaces.itk.MCFLIRT2ITK>
250528-00:49:50,103 nipype.interface WARNING:
	 Multithreading is deprecated. Remove the num_threads input.
250528-00:49:52,190 nipype.workflow INFO:
	 [Node] Finished "fsl2itk", elapsed time 2.086785s.
250528-00:49:52,817 nipype.workflow INFO:
	 [Node] Setting-up "fmriprep_25_0_wf.sub_GEO061_wf.bold_ses_t2_task_image_run_1_wf.bold_fit_wf.enhance_and_skullstrip_bold_wf.norm" in "/work/fmriprep_25_0_wf/sub_GEO061_wf/bold_ses_t2_task_image_run_1_wf/bold_fit_wf/enhance_and_skullstrip_bold_wf/norm".
250528-00:49:52,957 nipype.workflow INFO:
	 [Node] Executing "norm" <niworkflows.interfaces.fixes.FixHeaderRegistration>
250528-00:49:53,532 nipype.workflow INFO:
	 [Node] Finished "norm", elapsed time 0.573433s.
250528-00:49:54,832 nipype.workflow INFO:
	 [Node] Setting-up "fmriprep_25_0_wf.sub_GEO061_wf.bold_ses_t2_task_image_run_2_wf.bold_fit_wf.enhance_and_skullstrip_bold_wf.norm" in "/work/fmriprep_25_0_wf/sub_GEO061_wf/bold_ses_t2_task_image_run_2_wf/bold_fit_wf/enhance_and_skullstrip_bold_wf/norm".
250528-00:49:54,835 nipype.workflow INFO:
	 [Node] Setting-up "fmriprep_25_0_wf.sub_GEO061_wf.bold_ses_t2_task_image_run_1_wf.bold_fit_wf.enhance_and_skullstrip_bold_wf.map_brainmask" in "/work/fmriprep_25_0_wf/sub_GEO061_wf/bold_ses_t2_task_image_run_1_wf/bold_fit_wf/enhance_and_skullstrip_bold_wf/map_brainmask".
250528-00:49:54,948 nipype.workflow INFO:
	 [Node] Executing "map_brainmask" <niworkflows.interfaces.fixes.FixHeaderApplyTransforms>
250528-00:49:54,955 nipype.workflow INFO:
	 [Node] Executing "norm" <niworkflows.interfaces.fixes.FixHeaderRegistration>
250528-00:49:55,759 nipype.workflow INFO:
	 [Node] Finished "norm", elapsed time 0.803099s.
250528-00:49:55,822 nipype.workflow INFO:
	 [Node] Finished "map_brainmask", elapsed time 0.679318s.
250528-00:49:56,771 nipype.workflow INFO:
	 [Node] Setting-up "fmriprep_25_0_wf.sub_GEO061_wf.bold_ses_t2_task_image_run_2_wf.bold_fit_wf.enhance_and_skullstrip_bold_wf.map_brainmask" in "/work/fmriprep_25_0_wf/sub_GEO061_wf/bold_ses_t2_task_image_run_2_wf/bold_fit_wf/enhance_and_skullstrip_bold_wf/map_brainmask".
250528-00:49:56,772 nipype.workflow INFO:
	 [Node] Setting-up "fmriprep_25_0_wf.sub_GEO061_wf.bold_ses_t2_task_image_run_3_wf.bold_fit_wf.enhance_and_skullstrip_bold_wf.norm" in "/work/fmriprep_25_0_wf/sub_GEO061_wf/bold_ses_t2_task_image_run_3_wf/bold_fit_wf/enhance_and_skullstrip_bold_wf/norm".
250528-00:49:56,865 nipype.workflow INFO:
	 [Node] Executing "map_brainmask" <niworkflows.interfaces.fixes.FixHeaderApplyTransforms>
250528-00:49:56,879 nipype.workflow INFO:
	 [Node] Executing "norm" <niworkflows.interfaces.fixes.FixHeaderRegistration>
250528-00:49:57,440 nipype.workflow INFO:
	 [Node] Finished "map_brainmask", elapsed time 0.573864s.
250528-00:49:57,513 nipype.workflow INFO:
	 [Node] Finished "norm", elapsed time 0.632582s.
250528-00:49:58,836 nipype.workflow INFO:
	 [Node] Setting-up "fmriprep_25_0_wf.sub_GEO061_wf.bold_ses_t2_task_image_run_4_wf.bold_fit_wf.enhance_and_skullstrip_bold_wf.norm" in "/work/fmriprep_25_0_wf/sub_GEO061_wf/bold_ses_t2_task_image_run_4_wf/bold_fit_wf/enhance_and_skullstrip_bold_wf/norm".
250528-00:49:58,836 nipype.workflow INFO:
	 [Node] Setting-up "fmriprep_25_0_wf.sub_GEO061_wf.bold_ses_t2_task_image_run_3_wf.bold_fit_wf.enhance_and_skullstrip_bold_wf.map_brainmask" in "/work/fmriprep_25_0_wf/sub_GEO061_wf/bold_ses_t2_task_image_run_3_wf/bold_fit_wf/enhance_and_skullstrip_bold_wf/map_brainmask".
250528-00:49:58,973 nipype.workflow INFO:
	 [Node] Executing "map_brainmask" <niworkflows.interfaces.fixes.FixHeaderApplyTransforms>
250528-00:49:58,999 nipype.workflow INFO:
	 [Node] Executing "norm" <niworkflows.interfaces.fixes.FixHeaderRegistration>
250528-00:49:59,494 nipype.workflow INFO:
	 [Node] Finished "map_brainmask", elapsed time 0.519879s.
250528-00:49:59,519 nipype.workflow INFO:
	 [Node] Finished "norm", elapsed time 0.517804s.
250528-00:50:00,837 nipype.workflow INFO:
	 [Node] Setting-up "fmriprep_25_0_wf.sub_GEO061_wf.bold_ses_t2_task_image_run_5_wf.bold_fit_wf.enhance_and_skullstrip_bold_wf.norm" in "/work/fmriprep_25_0_wf/sub_GEO061_wf/bold_ses_t2_task_image_run_5_wf/bold_fit_wf/enhance_and_skullstrip_bold_wf/norm".
250528-00:50:00,837 nipype.workflow INFO:
	 [Node] Setting-up "fmriprep_25_0_wf.sub_GEO061_wf.bold_ses_t2_task_image_run_4_wf.bold_fit_wf.enhance_and_skullstrip_bold_wf.map_brainmask" in "/work/fmriprep_25_0_wf/sub_GEO061_wf/bold_ses_t2_task_image_run_4_wf/bold_fit_wf/enhance_and_skullstrip_bold_wf/map_brainmask".
250528-00:50:00,941 nipype.workflow INFO:
	 [Node] Executing "map_brainmask" <niworkflows.interfaces.fixes.FixHeaderApplyTransforms>
250528-00:50:01,93 nipype.workflow INFO:
	 [Node] Executing "norm" <niworkflows.interfaces.fixes.FixHeaderRegistration>
250528-00:50:01,547 nipype.workflow INFO:
	 [Node] Finished "map_brainmask", elapsed time 0.605278s.
250528-00:50:02,201 nipype.workflow INFO:
	 [Node] Finished "norm", elapsed time 0.88371s.
250528-00:50:02,825 nipype.workflow INFO:
	 [Node] Setting-up "fmriprep_25_0_wf.sub_GEO061_wf.bold_ses_t3_task_image_run_1_wf.bold_fit_wf.enhance_and_skullstrip_bold_wf.norm" in "/work/fmriprep_25_0_wf/sub_GEO061_wf/bold_ses_t3_task_image_run_1_wf/bold_fit_wf/enhance_and_skullstrip_bold_wf/norm".
250528-00:50:02,826 nipype.workflow INFO:
	 [Node] Setting-up "fmriprep_25_0_wf.sub_GEO061_wf.bold_ses_t2_task_image_run_5_wf.bold_fit_wf.enhance_and_skullstrip_bold_wf.map_brainmask" in "/work/fmriprep_25_0_wf/sub_GEO061_wf/bold_ses_t2_task_image_run_5_wf/bold_fit_wf/enhance_and_skullstrip_bold_wf/map_brainmask".
250528-00:50:03,57 nipype.workflow INFO:
	 [Node] Executing "map_brainmask" <niworkflows.interfaces.fixes.FixHeaderApplyTransforms>
250528-00:50:03,132 nipype.workflow INFO:
	 [Node] Executing "norm" <niworkflows.interfaces.fixes.FixHeaderRegistration>
250528-00:50:03,610 nipype.workflow INFO:
	 [Node] Finished "map_brainmask", elapsed time 0.551034s.
250528-00:50:03,809 nipype.workflow INFO:
	 [Node] Finished "norm", elapsed time 0.675767s.
250528-00:50:04,827 nipype.workflow INFO:
	 [Node] Setting-up "fmriprep_25_0_wf.sub_GEO061_wf.bold_ses_t3_task_image_run_2_wf.bold_fit_wf.enhance_and_skullstrip_bold_wf.norm" in "/work/fmriprep_25_0_wf/sub_GEO061_wf/bold_ses_t3_task_image_run_2_wf/bold_fit_wf/enhance_and_skullstrip_bold_wf/norm".
250528-00:50:04,828 nipype.workflow INFO:
	 [Node] Setting-up "fmriprep_25_0_wf.sub_GEO061_wf.bold_ses_t3_task_image_run_1_wf.bold_fit_wf.enhance_and_skullstrip_bold_wf.map_brainmask" in "/work/fmriprep_25_0_wf/sub_GEO061_wf/bold_ses_t3_task_image_run_1_wf/bold_fit_wf/enhance_and_skullstrip_bold_wf/map_brainmask".
250528-00:50:05,21 nipype.workflow INFO:
	 [Node] Executing "map_brainmask" <niworkflows.interfaces.fixes.FixHeaderApplyTransforms>
250528-00:50:05,36 nipype.workflow INFO:
	 [Node] Executing "norm" <niworkflows.interfaces.fixes.FixHeaderRegistration>
250528-00:50:05,595 nipype.workflow INFO:
	 [Node] Finished "map_brainmask", elapsed time 0.572291s.
250528-00:50:05,953 nipype.workflow INFO:
	 [Node] Finished "norm", elapsed time 0.915758s.
250528-00:50:06,750 nipype.workflow INFO:
	 [Node] Setting-up "fmriprep_25_0_wf.sub_GEO061_wf.bold_ses_t3_task_image_run_3_wf.bold_fit_wf.enhance_and_skullstrip_bold_wf.norm" in "/work/fmriprep_25_0_wf/sub_GEO061_wf/bold_ses_t3_task_image_run_3_wf/bold_fit_wf/enhance_and_skullstrip_bold_wf/norm".
250528-00:50:06,751 nipype.workflow INFO:
	 [Node] Setting-up "fmriprep_25_0_wf.sub_GEO061_wf.bold_ses_t3_task_image_run_2_wf.bold_fit_wf.enhance_and_skullstrip_bold_wf.map_brainmask" in "/work/fmriprep_25_0_wf/sub_GEO061_wf/bold_ses_t3_task_image_run_2_wf/bold_fit_wf/enhance_and_skullstrip_bold_wf/map_brainmask".
250528-00:50:06,888 nipype.workflow INFO:
	 [Node] Executing "map_brainmask" <niworkflows.interfaces.fixes.FixHeaderApplyTransforms>
250528-00:50:06,980 nipype.workflow INFO:
	 [Node] Executing "norm" <niworkflows.interfaces.fixes.FixHeaderRegistration>
250528-00:50:07,425 nipype.workflow INFO:
	 [Node] Finished "map_brainmask", elapsed time 0.536129s.
250528-00:50:07,733 nipype.workflow INFO:
	 [Node] Finished "norm", elapsed time 0.751684s.
250528-00:50:08,831 nipype.workflow INFO:
	 [Node] Setting-up "fmriprep_25_0_wf.sub_GEO061_wf.bold_ses_t3_task_image_run_4_wf.bold_fit_wf.enhance_and_skullstrip_bold_wf.norm" in "/work/fmriprep_25_0_wf/sub_GEO061_wf/bold_ses_t3_task_image_run_4_wf/bold_fit_wf/enhance_and_skullstrip_bold_wf/norm".
250528-00:50:08,832 nipype.workflow INFO:
	 [Node] Setting-up "fmriprep_25_0_wf.sub_GEO061_wf.bold_ses_t3_task_image_run_3_wf.bold_fit_wf.enhance_and_skullstrip_bold_wf.map_brainmask" in "/work/fmriprep_25_0_wf/sub_GEO061_wf/bold_ses_t3_task_image_run_3_wf/bold_fit_wf/enhance_and_skullstrip_bold_wf/map_brainmask".
250528-00:50:09,40 nipype.workflow INFO:
	 [Node] Executing "map_brainmask" <niworkflows.interfaces.fixes.FixHeaderApplyTransforms>
250528-00:50:09,164 nipype.workflow INFO:
	 [Node] Executing "norm" <niworkflows.interfaces.fixes.FixHeaderRegistration>
250528-00:50:09,677 nipype.workflow INFO:
	 [Node] Finished "map_brainmask", elapsed time 0.635162s.
250528-00:50:10,400 nipype.workflow INFO:
	 [Node] Finished "norm", elapsed time 1.234569s.
250528-00:50:10,798 nipype.workflow INFO:
	 [Node] Setting-up "fmriprep_25_0_wf.sub_GEO061_wf.bold_ses_t3_task_retrans_run_1_wf.bold_confounds_wf.motion_params" in "/work/fmriprep_25_0_wf/sub_GEO061_wf/bold_ses_t3_task_retrans_run_1_wf/bold_confounds_wf/motion_params".
250528-00:50:10,951 nipype.workflow INFO:
	 [Node] Executing "motion_params" <fmriprep.interfaces.confounds.FSLMotionParams>
250528-00:50:11,132 nipype.workflow INFO:
	 [Node] Finished "motion_params", elapsed time 0.179709s.
250528-00:50:12,729 nipype.workflow INFO:
	 [Node] Setting-up "fmriprep_25_0_wf.sub_GEO061_wf.bold_ses_t3_task_image_run_5_wf.bold_fit_wf.enhance_and_skullstrip_bold_wf.norm" in "/work/fmriprep_25_0_wf/sub_GEO061_wf/bold_ses_t3_task_image_run_5_wf/bold_fit_wf/enhance_and_skullstrip_bold_wf/norm".
250528-00:50:12,730 nipype.workflow INFO:
	 [Node] Setting-up "fmriprep_25_0_wf.sub_GEO061_wf.bold_ses_t3_task_image_run_4_wf.bold_fit_wf.enhance_and_skullstrip_bold_wf.map_brainmask" in "/work/fmriprep_25_0_wf/sub_GEO061_wf/bold_ses_t3_task_image_run_4_wf/bold_fit_wf/enhance_and_skullstrip_bold_wf/map_brainmask".
250528-00:50:12,864 nipype.workflow INFO:
	 [Node] Executing "map_brainmask" <niworkflows.interfaces.fixes.FixHeaderApplyTransforms>
250528-00:50:12,867 nipype.workflow INFO:
	 [Node] Executing "norm" <niworkflows.interfaces.fixes.FixHeaderRegistration>
250528-00:50:13,453 nipype.workflow INFO:
	 [Node] Finished "map_brainmask", elapsed time 0.588211s.
250528-00:50:13,519 nipype.workflow INFO:
	 [Node] Finished "norm", elapsed time 0.650451s.
250528-00:50:14,813 nipype.workflow INFO:
	 [Node] Setting-up "fmriprep_25_0_wf.sub_GEO061_wf.bold_ses_t3_task_retrans_run_1_wf.bold_fit_wf.enhance_and_skullstrip_bold_wf.norm" in "/work/fmriprep_25_0_wf/sub_GEO061_wf/bold_ses_t3_task_retrans_run_1_wf/bold_fit_wf/enhance_and_skullstrip_bold_wf/norm".
250528-00:50:14,813 nipype.workflow INFO:
	 [Node] Setting-up "fmriprep_25_0_wf.sub_GEO061_wf.bold_ses_t3_task_image_run_5_wf.bold_fit_wf.enhance_and_skullstrip_bold_wf.map_brainmask" in "/work/fmriprep_25_0_wf/sub_GEO061_wf/bold_ses_t3_task_image_run_5_wf/bold_fit_wf/enhance_and_skullstrip_bold_wf/map_brainmask".
250528-00:50:14,973 nipype.workflow INFO:
	 [Node] Executing "map_brainmask" <niworkflows.interfaces.fixes.FixHeaderApplyTransforms>
250528-00:50:14,987 nipype.workflow INFO:
	 [Node] Executing "norm" <niworkflows.interfaces.fixes.FixHeaderRegistration>
250528-00:50:15,580 nipype.workflow INFO:
	 [Node] Finished "map_brainmask", elapsed time 0.605993s.
250528-00:50:15,645 nipype.workflow INFO:
	 [Node] Finished "norm", elapsed time 0.657448s.
250528-00:50:16,762 nipype.workflow INFO:
	 [Node] Setting-up "fmriprep_25_0_wf.sub_GEO061_wf.bold_ses_t3_task_retrans_run_1_wf.bold_fit_wf.enhance_and_skullstrip_bold_wf.map_brainmask" in "/work/fmriprep_25_0_wf/sub_GEO061_wf/bold_ses_t3_task_retrans_run_1_wf/bold_fit_wf/enhance_and_skullstrip_bold_wf/map_brainmask".
250528-00:50:16,764 nipype.workflow INFO:
	 [Node] Setting-up "fmriprep_25_0_wf.sub_GEO061_wf.bold_ses_t3_task_retrans_run_1_wf.bold_confounds_wf.rmsd" in "/work/fmriprep_25_0_wf/sub_GEO061_wf/bold_ses_t3_task_retrans_run_1_wf/bold_confounds_wf/rmsd".
250528-00:50:16,922 nipype.workflow INFO:
	 [Node] Executing "rmsd" <fmriprep.interfaces.confounds.FSLRMSDeviation>
250528-00:50:16,944 nipype.workflow INFO:
	 [Node] Executing "map_brainmask" <niworkflows.interfaces.fixes.FixHeaderApplyTransforms>
250528-00:50:17,120 nipype.workflow INFO:
	 [Node] Finished "rmsd", elapsed time 0.197232s.
250528-00:50:17,509 nipype.workflow INFO:
	 [Node] Finished "map_brainmask", elapsed time 0.56386s.
250528-00:50:23,662 nipype.workflow INFO:
	 [Node] Setting-up "fmriprep_25_0_wf.sub_GEO061_wf.bold_ses_t3_task_retrans_run_1_wf.bold_confounds_wf.fdisp" in "/work/fmriprep_25_0_wf/sub_GEO061_wf/bold_ses_t3_task_retrans_run_1_wf/bold_confounds_wf/fdisp".
250528-00:50:23,806 nipype.workflow INFO:
	 [Node] Executing "fdisp" <fmriprep.interfaces.confounds.FramewiseDisplacement>
250528-00:50:23,845 nipype.workflow INFO:
	 [Node] Finished "fdisp", elapsed time 0.037801s.
250528-00:50:24,677 nipype.workflow INFO:
	 [Node] Setting-up "fmriprep_25_0_wf.sub_GEO061_wf.bold_ses_t2_task_image_run_1_wf.bold_fit_wf.enhance_and_skullstrip_bold_wf.n4_correct" in "/work/fmriprep_25_0_wf/sub_GEO061_wf/bold_ses_t2_task_image_run_1_wf/bold_fit_wf/enhance_and_skullstrip_bold_wf/n4_correct".
250528-00:50:24,678 nipype.workflow INFO:
	 [Node] Setting-up "fmriprep_25_0_wf.sub_GEO061_wf.bold_ses_t2_task_image_run_2_wf.bold_fit_wf.enhance_and_skullstrip_bold_wf.n4_correct" in "/work/fmriprep_25_0_wf/sub_GEO061_wf/bold_ses_t2_task_image_run_2_wf/bold_fit_wf/enhance_and_skullstrip_bold_wf/n4_correct".
250528-00:50:24,679 nipype.workflow INFO:
	 [Node] Setting-up "fmriprep_25_0_wf.sub_GEO061_wf.bold_ses_t2_task_image_run_3_wf.bold_fit_wf.enhance_and_skullstrip_bold_wf.n4_correct" in "/work/fmriprep_25_0_wf/sub_GEO061_wf/bold_ses_t2_task_image_run_3_wf/bold_fit_wf/enhance_and_skullstrip_bold_wf/n4_correct".
250528-00:50:24,679 nipype.workflow INFO:
	 [Node] Setting-up "fmriprep_25_0_wf.sub_GEO061_wf.bold_ses_t2_task_image_run_4_wf.bold_fit_wf.enhance_and_skullstrip_bold_wf.n4_correct" in "/work/fmriprep_25_0_wf/sub_GEO061_wf/bold_ses_t2_task_image_run_4_wf/bold_fit_wf/enhance_and_skullstrip_bold_wf/n4_correct".
250528-00:50:24,680 nipype.workflow INFO:
	 [Node] Setting-up "fmriprep_25_0_wf.sub_GEO061_wf.bold_ses_t2_task_image_run_5_wf.bold_fit_wf.enhance_and_skullstrip_bold_wf.n4_correct" in "/work/fmriprep_25_0_wf/sub_GEO061_wf/bold_ses_t2_task_image_run_5_wf/bold_fit_wf/enhance_and_skullstrip_bold_wf/n4_correct".
250528-00:50:24,681 nipype.workflow INFO:
	 [Node] Setting-up "fmriprep_25_0_wf.sub_GEO061_wf.bold_ses_t3_task_image_run_1_wf.bold_fit_wf.enhance_and_skullstrip_bold_wf.n4_correct" in "/work/fmriprep_25_0_wf/sub_GEO061_wf/bold_ses_t3_task_image_run_1_wf/bold_fit_wf/enhance_and_skullstrip_bold_wf/n4_correct".
250528-00:50:24,682 nipype.workflow INFO:
	 [Node] Setting-up "fmriprep_25_0_wf.sub_GEO061_wf.bold_ses_t3_task_image_run_2_wf.bold_fit_wf.enhance_and_skullstrip_bold_wf.n4_correct" in "/work/fmriprep_25_0_wf/sub_GEO061_wf/bold_ses_t3_task_image_run_2_wf/bold_fit_wf/enhance_and_skullstrip_bold_wf/n4_correct".
250528-00:50:24,796 nipype.workflow INFO:
	 [Node] Executing "n4_correct" <niworkflows.interfaces.fixes.FixN4BiasFieldCorrection>
250528-00:50:24,870 nipype.workflow INFO:
	 [Node] Executing "n4_correct" <niworkflows.interfaces.fixes.FixN4BiasFieldCorrection>
250528-00:50:24,870 nipype.workflow INFO:
	 [Node] Executing "n4_correct" <niworkflows.interfaces.fixes.FixN4BiasFieldCorrection>
250528-00:50:24,908 nipype.workflow INFO:
	 [Node] Executing "n4_correct" <niworkflows.interfaces.fixes.FixN4BiasFieldCorrection>
250528-00:50:24,909 nipype.workflow INFO:
	 [Node] Executing "n4_correct" <niworkflows.interfaces.fixes.FixN4BiasFieldCorrection>
250528-00:50:24,919 nipype.workflow INFO:
	 [Node] Executing "n4_correct" <niworkflows.interfaces.fixes.FixN4BiasFieldCorrection>
250528-00:50:25,198 nipype.workflow INFO:
	 [Node] Executing "n4_correct" <niworkflows.interfaces.fixes.FixN4BiasFieldCorrection>
250528-00:50:26,19 nipype.workflow INFO:
	 [Node] Setting-up "fmriprep_25_0_wf.sub_GEO061_wf.bold_ses_t3_task_image_run_3_wf.bold_fit_wf.enhance_and_skullstrip_bold_wf.n4_correct" in "/work/fmriprep_25_0_wf/sub_GEO061_wf/bold_ses_t3_task_image_run_3_wf/bold_fit_wf/enhance_and_skullstrip_bold_wf/n4_correct".
250528-00:50:26,162 nipype.workflow INFO:
	 [Node] Executing "n4_correct" <niworkflows.interfaces.fixes.FixN4BiasFieldCorrection>
250528-00:50:26,588 nipype.workflow INFO:
	 [Node] Finished "n4_correct", elapsed time 1.716888s.
250528-00:50:27,29 nipype.workflow INFO:
	 [Node] Finished "n4_correct", elapsed time 2.231386s.
250528-00:50:27,79 nipype.workflow INFO:
	 [Node] Finished "n4_correct", elapsed time 2.159029s.
250528-00:50:27,117 nipype.workflow INFO:
	 [Node] Finished "n4_correct", elapsed time 2.205528s.
250528-00:50:27,128 nipype.workflow INFO:
	 [Node] Finished "n4_correct", elapsed time 2.257545s.
250528-00:50:27,346 nipype.workflow INFO:
	 [Node] Finished "n4_correct", elapsed time 2.435763s.
250528-00:50:27,395 nipype.workflow INFO:
	 [Node] Finished "n4_correct", elapsed time 2.196104s.
250528-00:50:27,935 nipype.workflow INFO:
	 [Node] Setting-up "fmriprep_25_0_wf.sub_GEO061_wf.bold_ses_t3_task_image_run_4_wf.bold_fit_wf.enhance_and_skullstrip_bold_wf.n4_correct" in "/work/fmriprep_25_0_wf/sub_GEO061_wf/bold_ses_t3_task_image_run_4_wf/bold_fit_wf/enhance_and_skullstrip_bold_wf/n4_correct".
250528-00:50:27,936 nipype.workflow INFO:
	 [Node] Setting-up "fmriprep_25_0_wf.sub_GEO061_wf.bold_ses_t3_task_image_run_5_wf.bold_fit_wf.enhance_and_skullstrip_bold_wf.n4_correct" in "/work/fmriprep_25_0_wf/sub_GEO061_wf/bold_ses_t3_task_image_run_5_wf/bold_fit_wf/enhance_and_skullstrip_bold_wf/n4_correct".
250528-00:50:27,937 nipype.workflow INFO:
	 [Node] Setting-up "fmriprep_25_0_wf.sub_GEO061_wf.bold_ses_t3_task_retrans_run_1_wf.bold_fit_wf.enhance_and_skullstrip_bold_wf.n4_correct" in "/work/fmriprep_25_0_wf/sub_GEO061_wf/bold_ses_t3_task_retrans_run_1_wf/bold_fit_wf/enhance_and_skullstrip_bold_wf/n4_correct".
250528-00:50:27,938 nipype.workflow INFO:
	 [Node] Setting-up "fmriprep_25_0_wf.sub_GEO061_wf.bold_ses_t2_task_image_run_1_wf.bold_fit_wf.enhance_and_skullstrip_bold_wf.skullstrip_first_pass" in "/work/fmriprep_25_0_wf/sub_GEO061_wf/bold_ses_t2_task_image_run_1_wf/bold_fit_wf/enhance_and_skullstrip_bold_wf/skullstrip_first_pass".
250528-00:50:28,77 nipype.workflow INFO:
	 [Node] Executing "n4_correct" <niworkflows.interfaces.fixes.FixN4BiasFieldCorrection>
250528-00:50:28,88 nipype.workflow INFO:
	 [Node] Executing "skullstrip_first_pass" <nipype.interfaces.fsl.preprocess.BET>
250528-00:50:28,95 nipype.workflow INFO:
	 [Node] Executing "n4_correct" <niworkflows.interfaces.fixes.FixN4BiasFieldCorrection>
250528-00:50:28,97 nipype.workflow INFO:
	 [Node] Executing "n4_correct" <niworkflows.interfaces.fixes.FixN4BiasFieldCorrection>
250528-00:50:28,146 nipype.interface WARNING:
	 Changing /out/sub-GEO061/ses-t2/func/sub-GEO061_ses-t2_task-image_run-1_desc-coreg_boldref.nii.gz dtype from uint16 to float32
250528-00:50:28,374 nipype.workflow INFO:
	 [Node] Finished "n4_correct", elapsed time 2.211006s.
250528-00:50:28,598 nipype.workflow INFO:
	 [Node] Setting-up "fmriprep_25_0_wf.sub_GEO061_wf.bold_ses_t2_task_image_run_2_wf.bold_fit_wf.enhance_and_skullstrip_bold_wf.skullstrip_first_pass" in "/work/fmriprep_25_0_wf/sub_GEO061_wf/bold_ses_t2_task_image_run_2_wf/bold_fit_wf/enhance_and_skullstrip_bold_wf/skullstrip_first_pass".
250528-00:50:28,940 nipype.interface WARNING:
	 Changing /out/sub-GEO061/ses-t2/func/sub-GEO061_ses-t2_task-image_run-2_desc-coreg_boldref.nii.gz dtype from uint16 to float32
250528-00:50:28,944 nipype.workflow INFO:
	 [Node] Executing "skullstrip_first_pass" <nipype.interfaces.fsl.preprocess.BET>
250528-00:50:29,395 nipype.workflow INFO:
	 [Node] Setting-up "fmriprep_25_0_wf.sub_GEO061_wf.bold_ses_t2_task_image_run_3_wf.bold_fit_wf.enhance_and_skullstrip_bold_wf.skullstrip_first_pass" in "/work/fmriprep_25_0_wf/sub_GEO061_wf/bold_ses_t2_task_image_run_3_wf/bold_fit_wf/enhance_and_skullstrip_bold_wf/skullstrip_first_pass".
250528-00:50:29,530 nipype.workflow INFO:
	 [Node] Executing "skullstrip_first_pass" <nipype.interfaces.fsl.preprocess.BET>
250528-00:50:29,800 nipype.interface WARNING:
	 Changing /out/sub-GEO061/ses-t2/func/sub-GEO061_ses-t2_task-image_run-3_desc-coreg_boldref.nii.gz dtype from uint16 to float32
250528-00:50:29,927 nipype.workflow INFO:
	 [Node] Finished "skullstrip_first_pass", elapsed time 1.838248s.
250528-00:50:30,235 nipype.workflow INFO:
	 [Node] Finished "skullstrip_first_pass", elapsed time 1.289479s.
250528-00:50:30,271 nipype.workflow INFO:
	 [Node] Finished "n4_correct", elapsed time 2.175227s.
250528-00:50:30,279 nipype.workflow INFO:
	 [Node] Setting-up "fmriprep_25_0_wf.sub_GEO061_wf.bold_ses_t2_task_image_run_4_wf.bold_fit_wf.enhance_and_skullstrip_bold_wf.skullstrip_first_pass" in "/work/fmriprep_25_0_wf/sub_GEO061_wf/bold_ses_t2_task_image_run_4_wf/bold_fit_wf/enhance_and_skullstrip_bold_wf/skullstrip_first_pass".
250528-00:50:30,310 nipype.workflow INFO:
	 [Node] Finished "n4_correct", elapsed time 2.231599s.
250528-00:50:30,346 nipype.workflow INFO:
	 [Node] Finished "n4_correct", elapsed time 2.248631s.
250528-00:50:30,384 nipype.workflow INFO:
	 [Node] Executing "skullstrip_first_pass" <nipype.interfaces.fsl.preprocess.BET>
250528-00:50:30,692 nipype.interface WARNING:
	 Changing /out/sub-GEO061/ses-t2/func/sub-GEO061_ses-t2_task-image_run-4_desc-coreg_boldref.nii.gz dtype from uint16 to float32
250528-00:50:30,766 nipype.workflow INFO:
	 [Node] Finished "skullstrip_first_pass", elapsed time 1.235642s.
250528-00:50:31,132 nipype.workflow INFO:
	 [Node] Setting-up "fmriprep_25_0_wf.sub_GEO061_wf.bold_ses_t2_task_image_run_5_wf.bold_fit_wf.enhance_and_skullstrip_bold_wf.skullstrip_first_pass" in "/work/fmriprep_25_0_wf/sub_GEO061_wf/bold_ses_t2_task_image_run_5_wf/bold_fit_wf/enhance_and_skullstrip_bold_wf/skullstrip_first_pass".
250528-00:50:31,283 nipype.workflow INFO:
	 [Node] Executing "skullstrip_first_pass" <nipype.interfaces.fsl.preprocess.BET>
250528-00:50:31,306 nipype.interface WARNING:
	 Changing /out/sub-GEO061/ses-t2/func/sub-GEO061_ses-t2_task-image_run-5_desc-coreg_boldref.nii.gz dtype from uint16 to float32
250528-00:50:31,601 nipype.workflow INFO:
	 [Node] Finished "skullstrip_first_pass", elapsed time 1.216725s.
250528-00:50:31,855 nipype.workflow INFO:
	 [Node] Setting-up "fmriprep_25_0_wf.sub_GEO061_wf.bold_ses_t3_task_image_run_1_wf.bold_fit_wf.enhance_and_skullstrip_bold_wf.skullstrip_first_pass" in "/work/fmriprep_25_0_wf/sub_GEO061_wf/bold_ses_t3_task_image_run_1_wf/bold_fit_wf/enhance_and_skullstrip_bold_wf/skullstrip_first_pass".
250528-00:50:31,978 nipype.workflow INFO:
	 [Node] Executing "skullstrip_first_pass" <nipype.interfaces.fsl.preprocess.BET>
250528-00:50:32,480 nipype.workflow INFO:
	 [Node] Finished "skullstrip_first_pass", elapsed time 1.196303s.
250528-00:50:32,863 nipype.interface WARNING:
	 Changing /out/sub-GEO061/ses-t3/func/sub-GEO061_ses-t3_task-image_run-1_desc-coreg_boldref.nii.gz dtype from uint16 to float32
250528-00:50:33,205 nipype.workflow INFO:
	 [Node] Finished "skullstrip_first_pass", elapsed time 1.22658s.
250528-00:50:33,424 nipype.workflow INFO:
	 [Node] Setting-up "fmriprep_25_0_wf.sub_GEO061_wf.bold_ses_t3_task_image_run_2_wf.bold_fit_wf.enhance_and_skullstrip_bold_wf.skullstrip_first_pass" in "/work/fmriprep_25_0_wf/sub_GEO061_wf/bold_ses_t3_task_image_run_2_wf/bold_fit_wf/enhance_and_skullstrip_bold_wf/skullstrip_first_pass".
250528-00:50:33,572 nipype.workflow INFO:
	 [Node] Executing "skullstrip_first_pass" <nipype.interfaces.fsl.preprocess.BET>
250528-00:50:33,627 nipype.interface WARNING:
	 Changing /out/sub-GEO061/ses-t3/func/sub-GEO061_ses-t3_task-image_run-2_desc-coreg_boldref.nii.gz dtype from uint16 to float32
250528-00:50:34,158 nipype.workflow INFO:
	 [Node] Setting-up "fmriprep_25_0_wf.sub_GEO061_wf.bold_ses_t3_task_image_run_3_wf.bold_fit_wf.enhance_and_skullstrip_bold_wf.skullstrip_first_pass" in "/work/fmriprep_25_0_wf/sub_GEO061_wf/bold_ses_t3_task_image_run_3_wf/bold_fit_wf/enhance_and_skullstrip_bold_wf/skullstrip_first_pass".
250528-00:50:34,361 nipype.workflow INFO:
	 [Node] Executing "skullstrip_first_pass" <nipype.interfaces.fsl.preprocess.BET>
250528-00:50:34,395 nipype.interface WARNING:
	 Changing /out/sub-GEO061/ses-t3/func/sub-GEO061_ses-t3_task-image_run-3_desc-coreg_boldref.nii.gz dtype from uint16 to float32
250528-00:50:34,785 nipype.workflow INFO:
	 [Node] Finished "skullstrip_first_pass", elapsed time 1.211554s.
250528-00:50:34,946 nipype.workflow INFO:
	 [Node] Setting-up "fmriprep_25_0_wf.sub_GEO061_wf.bold_ses_t3_task_image_run_4_wf.bold_fit_wf.enhance_and_skullstrip_bold_wf.skullstrip_first_pass" in "/work/fmriprep_25_0_wf/sub_GEO061_wf/bold_ses_t3_task_image_run_4_wf/bold_fit_wf/enhance_and_skullstrip_bold_wf/skullstrip_first_pass".
250528-00:50:35,74 nipype.workflow INFO:
	 [Node] Executing "skullstrip_first_pass" <nipype.interfaces.fsl.preprocess.BET>
250528-00:50:35,136 nipype.interface WARNING:
	 Changing /out/sub-GEO061/ses-t3/func/sub-GEO061_ses-t3_task-image_run-4_desc-coreg_boldref.nii.gz dtype from uint16 to float32
250528-00:50:35,608 nipype.workflow INFO:
	 [Node] Finished "skullstrip_first_pass", elapsed time 1.246508s.
250528-00:50:35,714 nipype.workflow INFO:
	 [Node] Setting-up "fmriprep_25_0_wf.sub_GEO061_wf.bold_ses_t3_task_image_run_5_wf.bold_fit_wf.enhance_and_skullstrip_bold_wf.skullstrip_first_pass" in "/work/fmriprep_25_0_wf/sub_GEO061_wf/bold_ses_t3_task_image_run_5_wf/bold_fit_wf/enhance_and_skullstrip_bold_wf/skullstrip_first_pass".
250528-00:50:35,840 nipype.workflow INFO:
	 [Node] Executing "skullstrip_first_pass" <nipype.interfaces.fsl.preprocess.BET>
250528-00:50:35,897 nipype.interface WARNING:
	 Changing /out/sub-GEO061/ses-t3/func/sub-GEO061_ses-t3_task-image_run-5_desc-coreg_boldref.nii.gz dtype from uint16 to float32
250528-00:50:36,358 nipype.workflow INFO:
	 [Node] Finished "skullstrip_first_pass", elapsed time 1.283636s.
250528-00:50:36,400 nipype.workflow INFO:
	 [Node] Setting-up "fmriprep_25_0_wf.sub_GEO061_wf.bold_ses_t3_task_retrans_run_1_wf.bold_fit_wf.enhance_and_skullstrip_bold_wf.skullstrip_first_pass" in "/work/fmriprep_25_0_wf/sub_GEO061_wf/bold_ses_t3_task_retrans_run_1_wf/bold_fit_wf/enhance_and_skullstrip_bold_wf/skullstrip_first_pass".
250528-00:50:36,503 nipype.workflow INFO:
	 [Node] Executing "skullstrip_first_pass" <nipype.interfaces.fsl.preprocess.BET>
250528-00:50:36,570 nipype.interface WARNING:
	 Changing /out/sub-GEO061/ses-t3/func/sub-GEO061_ses-t3_task-retrans_run-1_desc-coreg_boldref.nii.gz dtype from uint16 to float32
250528-00:50:37,14 nipype.workflow INFO:
	 [Node] Finished "skullstrip_first_pass", elapsed time 1.17332s.
250528-00:50:37,28 nipype.workflow INFO:
	 [Node] Setting-up "fmriprep_25_0_wf.sub_GEO061_wf.bold_ses_t2_task_image_run_1_wf.bold_fit_wf.enhance_and_skullstrip_bold_wf.first_dilate" in "/work/fmriprep_25_0_wf/sub_GEO061_wf/bold_ses_t2_task_image_run_1_wf/bold_fit_wf/enhance_and_skullstrip_bold_wf/first_dilate".
250528-00:50:37,131 nipype.workflow INFO:
	 [Node] Executing "first_dilate" <niworkflows.interfaces.nibabel.BinaryDilation>
250528-00:50:37,296 nipype.workflow INFO:
	 [Node] Setting-up "fmriprep_25_0_wf.sub_GEO061_wf.bold_ses_t2_task_image_run_1_wf.bold_fit_wf.ds_boldreg_wf.sources" in "/work/fmriprep_25_0_wf/sub_GEO061_wf/bold_ses_t2_task_image_run_1_wf/bold_fit_wf/ds_boldreg_wf/sources".
250528-00:50:37,297 nipype.workflow INFO:
	 [Node] Setting-up "fmriprep_25_0_wf.sub_GEO061_wf.bold_ses_t2_task_image_run_2_wf.bold_fit_wf.enhance_and_skullstrip_bold_wf.first_dilate" in "/work/fmriprep_25_0_wf/sub_GEO061_wf/bold_ses_t2_task_image_run_2_wf/bold_fit_wf/enhance_and_skullstrip_bold_wf/first_dilate".
250528-00:50:37,300 nipype.workflow INFO:
	 [Node] Setting-up "fmriprep_25_0_wf.sub_GEO061_wf.bold_ses_t2_task_image_run_2_wf.bold_fit_wf.ds_boldreg_wf.sources" in "/work/fmriprep_25_0_wf/sub_GEO061_wf/bold_ses_t2_task_image_run_2_wf/bold_fit_wf/ds_boldreg_wf/sources".
250528-00:50:37,301 nipype.workflow INFO:
	 [Node] Setting-up "fmriprep_25_0_wf.sub_GEO061_wf.bold_ses_t2_task_image_run_1_wf.bold_std_wf.gen_ref" in "/work/fmriprep_25_0_wf/sub_GEO061_wf/bold_ses_t2_task_image_run_1_wf/bold_std_wf/_in_tuple_MNI152NLin2009cAsym.resnative/gen_ref".
250528-00:50:37,304 nipype.workflow INFO:
	 [Node] Setting-up "fmriprep_25_0_wf.sub_GEO061_wf.bold_ses_t2_task_image_run_2_wf.bold_std_wf.gen_ref" in "/work/fmriprep_25_0_wf/sub_GEO061_wf/bold_ses_t2_task_image_run_2_wf/bold_std_wf/_in_tuple_MNI152NLin2009cAsym.resnative/gen_ref".
250528-00:50:37,426 nipype.workflow INFO:
	 [Node] Executing "first_dilate" <niworkflows.interfaces.nibabel.BinaryDilation>
250528-00:50:37,436 nipype.workflow INFO:
	 [Node] Executing "sources" <fmriprep.interfaces.bids.BIDSURI>
250528-00:50:37,438 nipype.workflow INFO:
	 [Node] Finished "sources", elapsed time 0.000607s.
250528-00:50:37,479 nipype.workflow INFO:
	 [Node] Executing "sources" <fmriprep.interfaces.bids.BIDSURI>
250528-00:50:37,482 nipype.workflow INFO:
	 [Node] Finished "sources", elapsed time 0.001303s.
250528-00:50:37,486 nipype.workflow INFO:
	 [Node] Executing "gen_ref" <niworkflows.interfaces.nibabel.GenerateSamplingReference>
250528-00:50:37,493 nipype.workflow INFO:
	 [Node] Executing "gen_ref" <niworkflows.interfaces.nibabel.GenerateSamplingReference>
250528-00:50:37,498 nipype.workflow INFO:
	 [Node] Finished "first_dilate", elapsed time 0.366265s.
250528-00:50:37,662 nipype.workflow INFO:
	 [Node] Finished "first_dilate", elapsed time 0.23498s.
250528-00:50:37,768 nipype.workflow INFO:
	 [Node] Finished "skullstrip_first_pass", elapsed time 1.263391s.
250528-00:50:38,594 nipype.workflow INFO:
	 [Node] Finished "gen_ref", elapsed time 1.107496s.
250528-00:50:38,605 nipype.workflow INFO:
	 [Node] Finished "gen_ref", elapsed time 1.11109s.
250528-00:50:39,396 nipype.workflow INFO:
	 [Node] Setting-up "fmriprep_25_0_wf.sub_GEO061_wf.bold_ses_t2_task_image_run_3_wf.bold_fit_wf.enhance_and_skullstrip_bold_wf.first_dilate" in "/work/fmriprep_25_0_wf/sub_GEO061_wf/bold_ses_t2_task_image_run_3_wf/bold_fit_wf/enhance_and_skullstrip_bold_wf/first_dilate".
250528-00:50:39,399 nipype.workflow INFO:
	 [Node] Setting-up "fmriprep_25_0_wf.sub_GEO061_wf.bold_ses_t2_task_image_run_1_wf.bold_native_wf.boldref_bold" in "/work/fmriprep_25_0_wf/sub_GEO061_wf/bold_ses_t2_task_image_run_1_wf/bold_native_wf/boldref_bold".
250528-00:50:39,553 nipype.workflow INFO:
	 [Node] Executing "first_dilate" <niworkflows.interfaces.nibabel.BinaryDilation>
250528-00:50:39,575 nipype.workflow INFO:
	 [Node] Executing "boldref_bold" <fmriprep.interfaces.resampling.ResampleSeries>
250528-00:50:39,799 nipype.workflow INFO:
	 [Node] Finished "first_dilate", elapsed time 0.244952s.
250528-00:50:41,388 nipype.workflow INFO:
	 [Node] Setting-up "fmriprep_25_0_wf.sub_GEO061_wf.bold_ses_t2_task_image_run_3_wf.bold_fit_wf.ds_boldreg_wf.sources" in "/work/fmriprep_25_0_wf/sub_GEO061_wf/bold_ses_t2_task_image_run_3_wf/bold_fit_wf/ds_boldreg_wf/sources".
250528-00:50:41,739 nipype.workflow INFO:
	 [Node] Executing "sources" <fmriprep.interfaces.bids.BIDSURI>
250528-00:50:41,741 nipype.workflow INFO:
	 [Node] Finished "sources", elapsed time 0.000554s.
250528-00:50:43,387 nipype.workflow INFO:
	 [Node] Setting-up "fmriprep_25_0_wf.sub_GEO061_wf.bold_ses_t2_task_image_run_3_wf.bold_std_wf.gen_ref" in "/work/fmriprep_25_0_wf/sub_GEO061_wf/bold_ses_t2_task_image_run_3_wf/bold_std_wf/_in_tuple_MNI152NLin2009cAsym.resnative/gen_ref".
250528-00:50:43,567 nipype.workflow INFO:
	 [Node] Executing "gen_ref" <niworkflows.interfaces.nibabel.GenerateSamplingReference>
250528-00:50:44,413 nipype.workflow INFO:
	 [Node] Finished "gen_ref", elapsed time 0.844137s.
250528-00:50:45,390 nipype.workflow INFO:
	 [Node] Setting-up "fmriprep_25_0_wf.sub_GEO061_wf.bold_ses_t2_task_image_run_4_wf.bold_fit_wf.enhance_and_skullstrip_bold_wf.first_dilate" in "/work/fmriprep_25_0_wf/sub_GEO061_wf/bold_ses_t2_task_image_run_4_wf/bold_fit_wf/enhance_and_skullstrip_bold_wf/first_dilate".
250528-00:50:45,595 nipype.workflow INFO:
	 [Node] Executing "first_dilate" <niworkflows.interfaces.nibabel.BinaryDilation>
250528-00:50:45,816 nipype.workflow INFO:
	 [Node] Finished "first_dilate", elapsed time 0.220618s.
250528-00:50:47,312 nipype.workflow INFO:
	 [Node] Setting-up "fmriprep_25_0_wf.sub_GEO061_wf.bold_ses_t2_task_image_run_4_wf.bold_fit_wf.ds_boldreg_wf.sources" in "/work/fmriprep_25_0_wf/sub_GEO061_wf/bold_ses_t2_task_image_run_4_wf/bold_fit_wf/ds_boldreg_wf/sources".
250528-00:50:47,585 nipype.workflow INFO:
	 [Node] Executing "sources" <fmriprep.interfaces.bids.BIDSURI>
250528-00:50:47,586 nipype.workflow INFO:
	 [Node] Finished "sources", elapsed time 0.000526s.
250528-00:50:49,301 nipype.workflow INFO:
	 [Node] Setting-up "fmriprep_25_0_wf.sub_GEO061_wf.bold_ses_t2_task_image_run_4_wf.bold_std_wf.gen_ref" in "/work/fmriprep_25_0_wf/sub_GEO061_wf/bold_ses_t2_task_image_run_4_wf/bold_std_wf/_in_tuple_MNI152NLin2009cAsym.resnative/gen_ref".
250528-00:50:49,530 nipype.workflow INFO:
	 [Node] Executing "gen_ref" <niworkflows.interfaces.nibabel.GenerateSamplingReference>
250528-00:50:50,235 nipype.workflow INFO:
	 [Node] Finished "gen_ref", elapsed time 0.704175s.
250528-00:50:51,395 nipype.workflow INFO:
	 [Node] Setting-up "fmriprep_25_0_wf.sub_GEO061_wf.bold_ses_t2_task_image_run_5_wf.bold_fit_wf.enhance_and_skullstrip_bold_wf.first_dilate" in "/work/fmriprep_25_0_wf/sub_GEO061_wf/bold_ses_t2_task_image_run_5_wf/bold_fit_wf/enhance_and_skullstrip_bold_wf/first_dilate".
250528-00:50:51,612 nipype.workflow INFO:
	 [Node] Executing "first_dilate" <niworkflows.interfaces.nibabel.BinaryDilation>
250528-00:50:51,949 nipype.workflow INFO:
	 [Node] Finished "first_dilate", elapsed time 0.335635s.
250528-00:50:53,380 nipype.workflow INFO:
	 [Node] Setting-up "fmriprep_25_0_wf.sub_GEO061_wf.bold_ses_t2_task_image_run_5_wf.bold_fit_wf.ds_boldreg_wf.sources" in "/work/fmriprep_25_0_wf/sub_GEO061_wf/bold_ses_t2_task_image_run_5_wf/bold_fit_wf/ds_boldreg_wf/sources".
250528-00:50:53,580 nipype.workflow INFO:
	 [Node] Executing "sources" <fmriprep.interfaces.bids.BIDSURI>
250528-00:50:53,581 nipype.workflow INFO:
	 [Node] Finished "sources", elapsed time 0.000641s.
250528-00:50:55,395 nipype.workflow INFO:
	 [Node] Setting-up "fmriprep_25_0_wf.sub_GEO061_wf.bold_ses_t2_task_image_run_5_wf.bold_std_wf.gen_ref" in "/work/fmriprep_25_0_wf/sub_GEO061_wf/bold_ses_t2_task_image_run_5_wf/bold_std_wf/_in_tuple_MNI152NLin2009cAsym.resnative/gen_ref".
250528-00:50:55,595 nipype.workflow INFO:
	 [Node] Executing "gen_ref" <niworkflows.interfaces.nibabel.GenerateSamplingReference>
250528-00:50:56,604 nipype.workflow INFO:
	 [Node] Finished "gen_ref", elapsed time 1.00695s.
250528-00:50:57,387 nipype.workflow INFO:
	 [Node] Setting-up "fmriprep_25_0_wf.sub_GEO061_wf.bold_ses_t3_task_image_run_1_wf.bold_fit_wf.enhance_and_skullstrip_bold_wf.first_dilate" in "/work/fmriprep_25_0_wf/sub_GEO061_wf/bold_ses_t3_task_image_run_1_wf/bold_fit_wf/enhance_and_skullstrip_bold_wf/first_dilate".
250528-00:50:58,67 nipype.workflow INFO:
	 [Node] Executing "first_dilate" <niworkflows.interfaces.nibabel.BinaryDilation>
250528-00:50:58,292 nipype.workflow INFO:
	 [Node] Finished "first_dilate", elapsed time 0.223161s.
250528-00:50:59,383 nipype.workflow INFO:
	 [Node] Setting-up "fmriprep_25_0_wf.sub_GEO061_wf.bold_ses_t3_task_image_run_1_wf.bold_fit_wf.ds_boldreg_wf.sources" in "/work/fmriprep_25_0_wf/sub_GEO061_wf/bold_ses_t3_task_image_run_1_wf/bold_fit_wf/ds_boldreg_wf/sources".
250528-00:50:59,817 nipype.workflow INFO:
	 [Node] Executing "sources" <fmriprep.interfaces.bids.BIDSURI>
250528-00:50:59,819 nipype.workflow INFO:
	 [Node] Finished "sources", elapsed time 0.000718s.
250528-00:51:01,414 nipype.workflow INFO:
	 [Node] Setting-up "fmriprep_25_0_wf.sub_GEO061_wf.bold_ses_t3_task_image_run_1_wf.bold_std_wf.gen_ref" in "/work/fmriprep_25_0_wf/sub_GEO061_wf/bold_ses_t3_task_image_run_1_wf/bold_std_wf/_in_tuple_MNI152NLin2009cAsym.resnative/gen_ref".
250528-00:51:01,788 nipype.workflow INFO:
	 [Node] Executing "gen_ref" <niworkflows.interfaces.nibabel.GenerateSamplingReference>
250528-00:51:02,676 nipype.workflow INFO:
	 [Node] Finished "gen_ref", elapsed time 0.887379s.
250528-00:51:03,373 nipype.workflow INFO:
	 [Node] Setting-up "fmriprep_25_0_wf.sub_GEO061_wf.bold_ses_t3_task_image_run_2_wf.bold_fit_wf.enhance_and_skullstrip_bold_wf.first_dilate" in "/work/fmriprep_25_0_wf/sub_GEO061_wf/bold_ses_t3_task_image_run_2_wf/bold_fit_wf/enhance_and_skullstrip_bold_wf/first_dilate".
250528-00:51:03,770 nipype.workflow INFO:
	 [Node] Executing "first_dilate" <niworkflows.interfaces.nibabel.BinaryDilation>
250528-00:51:04,12 nipype.workflow INFO:
	 [Node] Finished "first_dilate", elapsed time 0.241029s.
250528-00:51:05,331 nipype.workflow INFO:
	 [Node] Setting-up "fmriprep_25_0_wf.sub_GEO061_wf.bold_ses_t3_task_image_run_2_wf.bold_fit_wf.ds_boldreg_wf.sources" in "/work/fmriprep_25_0_wf/sub_GEO061_wf/bold_ses_t3_task_image_run_2_wf/bold_fit_wf/ds_boldreg_wf/sources".
250528-00:51:05,716 nipype.workflow INFO:
	 [Node] Executing "sources" <fmriprep.interfaces.bids.BIDSURI>
250528-00:51:05,718 nipype.workflow INFO:
	 [Node] Finished "sources", elapsed time 0.00053s.
250528-00:51:07,302 nipype.workflow INFO:
	 [Node] Setting-up "fmriprep_25_0_wf.sub_GEO061_wf.bold_ses_t3_task_image_run_2_wf.bold_std_wf.gen_ref" in "/work/fmriprep_25_0_wf/sub_GEO061_wf/bold_ses_t3_task_image_run_2_wf/bold_std_wf/_in_tuple_MNI152NLin2009cAsym.resnative/gen_ref".
250528-00:51:07,697 nipype.workflow INFO:
	 [Node] Executing "gen_ref" <niworkflows.interfaces.nibabel.GenerateSamplingReference>
250528-00:51:08,525 nipype.workflow INFO:
	 [Node] Finished "gen_ref", elapsed time 0.826043s.
250528-00:51:09,336 nipype.workflow INFO:
	 [Node] Setting-up "fmriprep_25_0_wf.sub_GEO061_wf.bold_ses_t3_task_image_run_3_wf.bold_fit_wf.enhance_and_skullstrip_bold_wf.first_dilate" in "/work/fmriprep_25_0_wf/sub_GEO061_wf/bold_ses_t3_task_image_run_3_wf/bold_fit_wf/enhance_and_skullstrip_bold_wf/first_dilate".
250528-00:51:09,749 nipype.workflow INFO:
	 [Node] Executing "first_dilate" <niworkflows.interfaces.nibabel.BinaryDilation>
250528-00:51:10,33 nipype.workflow INFO:
	 [Node] Finished "first_dilate", elapsed time 0.282383s.
250528-00:51:11,297 nipype.workflow INFO:
	 [Node] Setting-up "fmriprep_25_0_wf.sub_GEO061_wf.bold_ses_t3_task_image_run_3_wf.bold_fit_wf.ds_boldreg_wf.sources" in "/work/fmriprep_25_0_wf/sub_GEO061_wf/bold_ses_t3_task_image_run_3_wf/bold_fit_wf/ds_boldreg_wf/sources".
250528-00:51:11,937 nipype.workflow INFO:
	 [Node] Executing "sources" <fmriprep.interfaces.bids.BIDSURI>
250528-00:51:11,939 nipype.workflow INFO:
	 [Node] Finished "sources", elapsed time 0.000669s.
250528-00:51:13,301 nipype.workflow INFO:
	 [Node] Setting-up "fmriprep_25_0_wf.sub_GEO061_wf.bold_ses_t3_task_image_run_3_wf.bold_std_wf.gen_ref" in "/work/fmriprep_25_0_wf/sub_GEO061_wf/bold_ses_t3_task_image_run_3_wf/bold_std_wf/_in_tuple_MNI152NLin2009cAsym.resnative/gen_ref".
250528-00:51:13,837 nipype.workflow INFO:
	 [Node] Executing "gen_ref" <niworkflows.interfaces.nibabel.GenerateSamplingReference>
250528-00:51:14,662 nipype.workflow INFO:
	 [Node] Finished "gen_ref", elapsed time 0.824228s.
250528-00:51:15,307 nipype.workflow INFO:
	 [Node] Setting-up "fmriprep_25_0_wf.sub_GEO061_wf.bold_ses_t3_task_image_run_4_wf.bold_fit_wf.enhance_and_skullstrip_bold_wf.first_dilate" in "/work/fmriprep_25_0_wf/sub_GEO061_wf/bold_ses_t3_task_image_run_4_wf/bold_fit_wf/enhance_and_skullstrip_bold_wf/first_dilate".
250528-00:51:15,773 nipype.workflow INFO:
	 [Node] Executing "first_dilate" <niworkflows.interfaces.nibabel.BinaryDilation>
250528-00:51:16,17 nipype.workflow INFO:
	 [Node] Finished "first_dilate", elapsed time 0.242318s.
250528-00:51:17,413 nipype.workflow INFO:
	 [Node] Setting-up "fmriprep_25_0_wf.sub_GEO061_wf.bold_ses_t3_task_image_run_4_wf.bold_fit_wf.ds_boldreg_wf.sources" in "/work/fmriprep_25_0_wf/sub_GEO061_wf/bold_ses_t3_task_image_run_4_wf/bold_fit_wf/ds_boldreg_wf/sources".
250528-00:51:17,748 nipype.workflow INFO:
	 [Node] Finished "boldref_bold", elapsed time 38.172134s.
250528-00:51:17,812 nipype.workflow INFO:
	 [Node] Executing "sources" <fmriprep.interfaces.bids.BIDSURI>
250528-00:51:17,814 nipype.workflow INFO:
	 [Node] Finished "sources", elapsed time 0.000633s.
250528-00:51:19,397 nipype.workflow INFO:
	 [Node] Setting-up "fmriprep_25_0_wf.sub_GEO061_wf.bold_ses_t3_task_image_run_4_wf.bold_std_wf.gen_ref" in "/work/fmriprep_25_0_wf/sub_GEO061_wf/bold_ses_t3_task_image_run_4_wf/bold_std_wf/_in_tuple_MNI152NLin2009cAsym.resnative/gen_ref".
250528-00:51:19,400 nipype.workflow INFO:
	 [Node] Setting-up "fmriprep_25_0_wf.sub_GEO061_wf.bold_ses_t2_task_image_run_2_wf.bold_native_wf.boldref_bold" in "/work/fmriprep_25_0_wf/sub_GEO061_wf/bold_ses_t2_task_image_run_2_wf/bold_native_wf/boldref_bold".
250528-00:51:19,556 nipype.workflow INFO:
	 [Node] Executing "boldref_bold" <fmriprep.interfaces.resampling.ResampleSeries>
250528-00:51:19,579 nipype.workflow INFO:
	 [Node] Executing "gen_ref" <niworkflows.interfaces.nibabel.GenerateSamplingReference>
250528-00:51:20,324 nipype.workflow INFO:
	 [Node] Finished "gen_ref", elapsed time 0.743941s.
250528-00:51:21,421 nipype.workflow INFO:
	 [Node] Setting-up "fmriprep_25_0_wf.sub_GEO061_wf.bold_ses_t3_task_image_run_5_wf.bold_fit_wf.enhance_and_skullstrip_bold_wf.first_dilate" in "/work/fmriprep_25_0_wf/sub_GEO061_wf/bold_ses_t3_task_image_run_5_wf/bold_fit_wf/enhance_and_skullstrip_bold_wf/first_dilate".
250528-00:51:21,691 nipype.workflow INFO:
	 [Node] Executing "first_dilate" <niworkflows.interfaces.nibabel.BinaryDilation>
250528-00:51:21,932 nipype.workflow INFO:
	 [Node] Finished "first_dilate", elapsed time 0.240079s.
250528-00:51:23,403 nipype.workflow INFO:
	 [Node] Setting-up "fmriprep_25_0_wf.sub_GEO061_wf.bold_ses_t3_task_image_run_5_wf.bold_fit_wf.ds_boldreg_wf.sources" in "/work/fmriprep_25_0_wf/sub_GEO061_wf/bold_ses_t3_task_image_run_5_wf/bold_fit_wf/ds_boldreg_wf/sources".
250528-00:51:23,706 nipype.workflow INFO:
	 [Node] Executing "sources" <fmriprep.interfaces.bids.BIDSURI>
250528-00:51:23,708 nipype.workflow INFO:
	 [Node] Finished "sources", elapsed time 0.0008s.
250528-00:51:25,418 nipype.workflow INFO:
	 [Node] Setting-up "fmriprep_25_0_wf.sub_GEO061_wf.bold_ses_t3_task_image_run_5_wf.bold_std_wf.gen_ref" in "/work/fmriprep_25_0_wf/sub_GEO061_wf/bold_ses_t3_task_image_run_5_wf/bold_std_wf/_in_tuple_MNI152NLin2009cAsym.resnative/gen_ref".
250528-00:51:25,598 nipype.workflow INFO:
	 [Node] Executing "gen_ref" <niworkflows.interfaces.nibabel.GenerateSamplingReference>
250528-00:51:26,280 nipype.workflow INFO:
	 [Node] Finished "gen_ref", elapsed time 0.681349s.
250528-00:51:27,406 nipype.workflow INFO:
	 [Node] Setting-up "fmriprep_25_0_wf.sub_GEO061_wf.bold_ses_t3_task_retrans_run_1_wf.bold_fit_wf.enhance_and_skullstrip_bold_wf.first_dilate" in "/work/fmriprep_25_0_wf/sub_GEO061_wf/bold_ses_t3_task_retrans_run_1_wf/bold_fit_wf/enhance_and_skullstrip_bold_wf/first_dilate".
250528-00:51:27,624 nipype.workflow INFO:
	 [Node] Executing "first_dilate" <niworkflows.interfaces.nibabel.BinaryDilation>
250528-00:51:27,859 nipype.workflow INFO:
	 [Node] Finished "first_dilate", elapsed time 0.22979s.
250528-00:51:29,395 nipype.workflow INFO:
	 [Node] Setting-up "fmriprep_25_0_wf.sub_GEO061_wf.bold_ses_t3_task_retrans_run_1_wf.bold_fit_wf.ds_boldreg_wf.sources" in "/work/fmriprep_25_0_wf/sub_GEO061_wf/bold_ses_t3_task_retrans_run_1_wf/bold_fit_wf/ds_boldreg_wf/sources".
250528-00:51:29,936 nipype.workflow INFO:
	 [Node] Executing "sources" <fmriprep.interfaces.bids.BIDSURI>
250528-00:51:29,937 nipype.workflow INFO:
	 [Node] Finished "sources", elapsed time 0.000607s.
250528-00:51:31,404 nipype.workflow INFO:
	 [Node] Setting-up "fmriprep_25_0_wf.sub_GEO061_wf.bold_ses_t3_task_retrans_run_1_wf.bold_std_wf.gen_ref" in "/work/fmriprep_25_0_wf/sub_GEO061_wf/bold_ses_t3_task_retrans_run_1_wf/bold_std_wf/_in_tuple_MNI152NLin2009cAsym.resnative/gen_ref".
250528-00:51:31,668 nipype.workflow INFO:
	 [Node] Executing "gen_ref" <niworkflows.interfaces.nibabel.GenerateSamplingReference>
250528-00:51:32,726 nipype.workflow INFO:
	 [Node] Finished "gen_ref", elapsed time 1.055631s.
250528-00:51:33,407 nipype.workflow INFO:
	 [Node] Setting-up "fmriprep_25_0_wf.sub_GEO061_wf.bold_ses_t2_task_image_run_1_wf.bold_fit_wf.enhance_and_skullstrip_bold_wf.first_mask" in "/work/fmriprep_25_0_wf/sub_GEO061_wf/bold_ses_t2_task_image_run_1_wf/bold_fit_wf/enhance_and_skullstrip_bold_wf/first_mask".
250528-00:51:33,742 nipype.workflow INFO:
	 [Node] Executing "first_mask" <niworkflows.interfaces.nibabel.ApplyMask>
250528-00:51:33,876 nipype.workflow INFO:
	 [Node] Finished "first_mask", elapsed time 0.132782s.
250528-00:51:35,333 nipype.workflow INFO:
	 [Node] Setting-up "fmriprep_25_0_wf.sub_GEO061_wf.bold_ses_t2_task_image_run_2_wf.bold_fit_wf.enhance_and_skullstrip_bold_wf.first_mask" in "/work/fmriprep_25_0_wf/sub_GEO061_wf/bold_ses_t2_task_image_run_2_wf/bold_fit_wf/enhance_and_skullstrip_bold_wf/first_mask".
250528-00:51:35,833 nipype.workflow INFO:
	 [Node] Executing "first_mask" <niworkflows.interfaces.nibabel.ApplyMask>
250528-00:51:35,937 nipype.workflow INFO:
	 [Node] Finished "first_mask", elapsed time 0.102839s.
250528-00:51:37,284 nipype.workflow INFO:
	 [Node] Setting-up "fmriprep_25_0_wf.sub_GEO061_wf.bold_ses_t2_task_image_run_3_wf.bold_fit_wf.enhance_and_skullstrip_bold_wf.first_mask" in "/work/fmriprep_25_0_wf/sub_GEO061_wf/bold_ses_t2_task_image_run_3_wf/bold_fit_wf/enhance_and_skullstrip_bold_wf/first_mask".
250528-00:51:37,594 nipype.workflow INFO:
	 [Node] Executing "first_mask" <niworkflows.interfaces.nibabel.ApplyMask>
250528-00:51:37,693 nipype.workflow INFO:
	 [Node] Finished "first_mask", elapsed time 0.097403s.
250528-00:51:39,383 nipype.workflow INFO:
	 [Node] Setting-up "fmriprep_25_0_wf.sub_GEO061_wf.bold_ses_t2_task_image_run_4_wf.bold_fit_wf.enhance_and_skullstrip_bold_wf.first_mask" in "/work/fmriprep_25_0_wf/sub_GEO061_wf/bold_ses_t2_task_image_run_4_wf/bold_fit_wf/enhance_and_skullstrip_bold_wf/first_mask".
250528-00:51:39,853 nipype.workflow INFO:
	 [Node] Executing "first_mask" <niworkflows.interfaces.nibabel.ApplyMask>
250528-00:51:39,944 nipype.workflow INFO:
	 [Node] Finished "first_mask", elapsed time 0.089838s.
250528-00:51:41,406 nipype.workflow INFO:
	 [Node] Setting-up "fmriprep_25_0_wf.sub_GEO061_wf.bold_ses_t2_task_image_run_5_wf.bold_fit_wf.enhance_and_skullstrip_bold_wf.first_mask" in "/work/fmriprep_25_0_wf/sub_GEO061_wf/bold_ses_t2_task_image_run_5_wf/bold_fit_wf/enhance_and_skullstrip_bold_wf/first_mask".
250528-00:51:41,676 nipype.workflow INFO:
	 [Node] Executing "first_mask" <niworkflows.interfaces.nibabel.ApplyMask>
250528-00:51:41,766 nipype.workflow INFO:
	 [Node] Finished "first_mask", elapsed time 0.08829s.
250528-00:51:43,396 nipype.workflow INFO:
	 [Node] Setting-up "fmriprep_25_0_wf.sub_GEO061_wf.bold_ses_t3_task_image_run_1_wf.bold_fit_wf.enhance_and_skullstrip_bold_wf.first_mask" in "/work/fmriprep_25_0_wf/sub_GEO061_wf/bold_ses_t3_task_image_run_1_wf/bold_fit_wf/enhance_and_skullstrip_bold_wf/first_mask".
250528-00:51:43,730 nipype.workflow INFO:
	 [Node] Executing "first_mask" <niworkflows.interfaces.nibabel.ApplyMask>
250528-00:51:43,830 nipype.workflow INFO:
	 [Node] Finished "first_mask", elapsed time 0.098885s.
250528-00:51:45,394 nipype.workflow INFO:
	 [Node] Setting-up "fmriprep_25_0_wf.sub_GEO061_wf.bold_ses_t3_task_image_run_2_wf.bold_fit_wf.enhance_and_skullstrip_bold_wf.first_mask" in "/work/fmriprep_25_0_wf/sub_GEO061_wf/bold_ses_t3_task_image_run_2_wf/bold_fit_wf/enhance_and_skullstrip_bold_wf/first_mask".
250528-00:51:45,847 nipype.workflow INFO:
	 [Node] Executing "first_mask" <niworkflows.interfaces.nibabel.ApplyMask>
250528-00:51:46,179 nipype.workflow INFO:
	 [Node] Finished "first_mask", elapsed time 0.331384s.
250528-00:51:47,400 nipype.workflow INFO:
	 [Node] Setting-up "fmriprep_25_0_wf.sub_GEO061_wf.bold_ses_t3_task_image_run_3_wf.bold_fit_wf.enhance_and_skullstrip_bold_wf.first_mask" in "/work/fmriprep_25_0_wf/sub_GEO061_wf/bold_ses_t3_task_image_run_3_wf/bold_fit_wf/enhance_and_skullstrip_bold_wf/first_mask".
250528-00:51:47,728 nipype.workflow INFO:
	 [Node] Executing "first_mask" <niworkflows.interfaces.nibabel.ApplyMask>
250528-00:51:47,862 nipype.workflow INFO:
	 [Node] Finished "first_mask", elapsed time 0.13214s.
250528-00:51:49,399 nipype.workflow INFO:
	 [Node] Setting-up "fmriprep_25_0_wf.sub_GEO061_wf.bold_ses_t3_task_image_run_4_wf.bold_fit_wf.enhance_and_skullstrip_bold_wf.first_mask" in "/work/fmriprep_25_0_wf/sub_GEO061_wf/bold_ses_t3_task_image_run_4_wf/bold_fit_wf/enhance_and_skullstrip_bold_wf/first_mask".
250528-00:51:49,827 nipype.workflow INFO:
	 [Node] Executing "first_mask" <niworkflows.interfaces.nibabel.ApplyMask>
250528-00:51:49,928 nipype.workflow INFO:
	 [Node] Finished "first_mask", elapsed time 0.100544s.
250528-00:51:51,400 nipype.workflow INFO:
	 [Node] Setting-up "fmriprep_25_0_wf.sub_GEO061_wf.bold_ses_t3_task_image_run_5_wf.bold_fit_wf.enhance_and_skullstrip_bold_wf.first_mask" in "/work/fmriprep_25_0_wf/sub_GEO061_wf/bold_ses_t3_task_image_run_5_wf/bold_fit_wf/enhance_and_skullstrip_bold_wf/first_mask".
250528-00:51:51,822 nipype.workflow INFO:
	 [Node] Executing "first_mask" <niworkflows.interfaces.nibabel.ApplyMask>
250528-00:51:51,911 nipype.workflow INFO:
	 [Node] Finished "first_mask", elapsed time 0.087209s.
250528-00:51:53,332 nipype.workflow INFO:
	 [Node] Setting-up "fmriprep_25_0_wf.sub_GEO061_wf.bold_ses_t3_task_retrans_run_1_wf.bold_fit_wf.enhance_and_skullstrip_bold_wf.first_mask" in "/work/fmriprep_25_0_wf/sub_GEO061_wf/bold_ses_t3_task_retrans_run_1_wf/bold_fit_wf/enhance_and_skullstrip_bold_wf/first_mask".
250528-00:51:53,681 nipype.workflow INFO:
	 [Node] Executing "first_mask" <niworkflows.interfaces.nibabel.ApplyMask>
250528-00:51:53,809 nipype.workflow INFO:
	 [Node] Finished "first_mask", elapsed time 0.126686s.
250528-00:51:55,403 nipype.workflow INFO:
	 [Node] Setting-up "fmriprep_25_0_wf.sub_GEO061_wf.bold_ses_t2_task_image_run_1_wf.bold_fit_wf.enhance_and_skullstrip_bold_wf.unifize" in "/work/fmriprep_25_0_wf/sub_GEO061_wf/bold_ses_t2_task_image_run_1_wf/bold_fit_wf/enhance_and_skullstrip_bold_wf/unifize".
250528-00:51:55,715 nipype.workflow INFO:
	 [Node] Executing "unifize" <nipype.interfaces.afni.utils.Unifize>
250528-00:51:59,169 nipype.workflow INFO:
	 [Node] Finished "boldref_bold", elapsed time 39.612144s.
250528-00:52:01,320 nipype.workflow INFO:
	 [Node] Setting-up "fmriprep_25_0_wf.sub_GEO061_wf.bold_ses_t2_task_image_run_3_wf.bold_native_wf.boldref_bold" in "/work/fmriprep_25_0_wf/sub_GEO061_wf/bold_ses_t2_task_image_run_3_wf/bold_native_wf/boldref_bold".
250528-00:52:01,548 nipype.workflow INFO:
	 [Node] Executing "boldref_bold" <fmriprep.interfaces.resampling.ResampleSeries>
250528-00:52:40,478 nipype.workflow INFO:
	 [Node] Finished "boldref_bold", elapsed time 38.928413s.
250528-00:52:41,401 nipype.workflow INFO:
	 [Node] Setting-up "fmriprep_25_0_wf.sub_GEO061_wf.bold_ses_t2_task_image_run_4_wf.bold_native_wf.boldref_bold" in "/work/fmriprep_25_0_wf/sub_GEO061_wf/bold_ses_t2_task_image_run_4_wf/bold_native_wf/boldref_bold".
250528-00:52:41,786 nipype.workflow INFO:
	 [Node] Executing "boldref_bold" <fmriprep.interfaces.resampling.ResampleSeries>
250528-00:53:19,902 nipype.workflow INFO:
	 [Node] Finished "boldref_bold", elapsed time 38.114631s.
250528-00:53:21,429 nipype.workflow INFO:
	 [Node] Setting-up "fmriprep_25_0_wf.sub_GEO061_wf.bold_ses_t2_task_image_run_5_wf.bold_native_wf.boldref_bold" in "/work/fmriprep_25_0_wf/sub_GEO061_wf/bold_ses_t2_task_image_run_5_wf/bold_native_wf/boldref_bold".
250528-00:53:21,730 nipype.workflow INFO:
	 [Node] Executing "boldref_bold" <fmriprep.interfaces.resampling.ResampleSeries>
250528-00:54:00,66 nipype.workflow INFO:
	 [Node] Finished "boldref_bold", elapsed time 38.334966s.
250528-00:54:01,463 nipype.workflow INFO:
	 [Node] Setting-up "fmriprep_25_0_wf.sub_GEO061_wf.bold_ses_t3_task_image_run_1_wf.bold_native_wf.boldref_bold" in "/work/fmriprep_25_0_wf/sub_GEO061_wf/bold_ses_t3_task_image_run_1_wf/bold_native_wf/boldref_bold".
250528-00:54:01,843 nipype.workflow INFO:
	 [Node] Executing "boldref_bold" <fmriprep.interfaces.resampling.ResampleSeries>
250528-00:54:39,913 nipype.workflow INFO:
	 [Node] Finished "boldref_bold", elapsed time 38.068516s.
250528-00:54:41,452 nipype.workflow INFO:
	 [Node] Setting-up "fmriprep_25_0_wf.sub_GEO061_wf.bold_ses_t3_task_image_run_2_wf.bold_native_wf.boldref_bold" in "/work/fmriprep_25_0_wf/sub_GEO061_wf/bold_ses_t3_task_image_run_2_wf/bold_native_wf/boldref_bold".
250528-00:54:41,689 nipype.workflow INFO:
	 [Node] Executing "boldref_bold" <fmriprep.interfaces.resampling.ResampleSeries>
250528-00:55:19,747 nipype.workflow INFO:
	 [Node] Finished "boldref_bold", elapsed time 38.05668s.
250528-00:55:21,451 nipype.workflow INFO:
	 [Node] Setting-up "fmriprep_25_0_wf.sub_GEO061_wf.bold_ses_t3_task_image_run_3_wf.bold_native_wf.boldref_bold" in "/work/fmriprep_25_0_wf/sub_GEO061_wf/bold_ses_t3_task_image_run_3_wf/bold_native_wf/boldref_bold".
250528-00:55:21,754 nipype.workflow INFO:
	 [Node] Executing "boldref_bold" <fmriprep.interfaces.resampling.ResampleSeries>
250528-00:55:43,23 nipype.workflow INFO:
	 [Node] Finished "unifize", elapsed time 227.307205s.
250528-00:55:45,485 nipype.workflow INFO:
	 [Node] Setting-up "fmriprep_25_0_wf.sub_GEO061_wf.bold_ses_t2_task_image_run_2_wf.bold_fit_wf.enhance_and_skullstrip_bold_wf.unifize" in "/work/fmriprep_25_0_wf/sub_GEO061_wf/bold_ses_t2_task_image_run_2_wf/bold_fit_wf/enhance_and_skullstrip_bold_wf/unifize".
250528-00:55:45,720 nipype.workflow INFO:
	 [Node] Executing "unifize" <nipype.interfaces.afni.utils.Unifize>
250528-00:56:00,194 nipype.workflow INFO:
	 [Node] Finished "boldref_bold", elapsed time 38.438356s.
250528-00:56:01,480 nipype.workflow INFO:
	 [Node] Setting-up "fmriprep_25_0_wf.sub_GEO061_wf.bold_ses_t3_task_image_run_4_wf.bold_native_wf.boldref_bold" in "/work/fmriprep_25_0_wf/sub_GEO061_wf/bold_ses_t3_task_image_run_4_wf/bold_native_wf/boldref_bold".
250528-00:56:01,828 nipype.workflow INFO:
	 [Node] Executing "boldref_bold" <fmriprep.interfaces.resampling.ResampleSeries>
250528-00:56:39,771 nipype.workflow INFO:
	 [Node] Finished "boldref_bold", elapsed time 37.940074s.
250528-00:56:41,428 nipype.workflow INFO:
	 [Node] Setting-up "fmriprep_25_0_wf.sub_GEO061_wf.bold_ses_t3_task_image_run_5_wf.bold_native_wf.boldref_bold" in "/work/fmriprep_25_0_wf/sub_GEO061_wf/bold_ses_t3_task_image_run_5_wf/bold_native_wf/boldref_bold".
250528-00:56:41,674 nipype.workflow INFO:
	 [Node] Executing "boldref_bold" <fmriprep.interfaces.resampling.ResampleSeries>
250528-00:57:19,712 nipype.workflow INFO:
	 [Node] Finished "boldref_bold", elapsed time 38.036964s.
250528-00:57:21,521 nipype.workflow INFO:
	 [Node] Setting-up "fmriprep_25_0_wf.sub_GEO061_wf.bold_ses_t3_task_retrans_run_1_wf.bold_native_wf.boldref_bold" in "/work/fmriprep_25_0_wf/sub_GEO061_wf/bold_ses_t3_task_retrans_run_1_wf/bold_native_wf/boldref_bold".
250528-00:57:21,817 nipype.workflow INFO:
	 [Node] Executing "boldref_bold" <fmriprep.interfaces.resampling.ResampleSeries>
250528-00:58:06,353 nipype.workflow INFO:
	 [Node] Finished "boldref_bold", elapsed time 44.525451s.
250528-00:58:07,540 nipype.workflow INFO:
	 [Node] Setting-up "fmriprep_25_0_wf.sub_GEO061_wf.bold_ses_t2_task_image_run_3_wf.bold_fit_wf.enhance_and_skullstrip_bold_wf.unifize" in "/work/fmriprep_25_0_wf/sub_GEO061_wf/bold_ses_t2_task_image_run_3_wf/bold_fit_wf/enhance_and_skullstrip_bold_wf/unifize".
250528-00:58:07,559 nipype.workflow INFO:
	 [Node] Setting-up "fmriprep_25_0_wf.sub_GEO061_wf.bold_ses_t2_task_image_run_4_wf.bold_fit_wf.enhance_and_skullstrip_bold_wf.unifize" in "/work/fmriprep_25_0_wf/sub_GEO061_wf/bold_ses_t2_task_image_run_4_wf/bold_fit_wf/enhance_and_skullstrip_bold_wf/unifize".
250528-00:58:07,587 nipype.workflow INFO:
	 [Node] Setting-up "fmriprep_25_0_wf.sub_GEO061_wf.bold_ses_t2_task_image_run_5_wf.bold_fit_wf.enhance_and_skullstrip_bold_wf.unifize" in "/work/fmriprep_25_0_wf/sub_GEO061_wf/bold_ses_t2_task_image_run_5_wf/bold_fit_wf/enhance_and_skullstrip_bold_wf/unifize".
250528-00:58:07,609 nipype.workflow INFO:
	 [Node] Setting-up "fmriprep_25_0_wf.sub_GEO061_wf.bold_ses_t3_task_image_run_1_wf.bold_fit_wf.enhance_and_skullstrip_bold_wf.unifize" in "/work/fmriprep_25_0_wf/sub_GEO061_wf/bold_ses_t3_task_image_run_1_wf/bold_fit_wf/enhance_and_skullstrip_bold_wf/unifize".
250528-00:58:07,621 nipype.workflow INFO:
	 [Node] Setting-up "fmriprep_25_0_wf.sub_GEO061_wf.bold_ses_t3_task_image_run_2_wf.bold_fit_wf.enhance_and_skullstrip_bold_wf.unifize" in "/work/fmriprep_25_0_wf/sub_GEO061_wf/bold_ses_t3_task_image_run_2_wf/bold_fit_wf/enhance_and_skullstrip_bold_wf/unifize".
250528-00:58:07,633 nipype.workflow INFO:
	 [Node] Setting-up "fmriprep_25_0_wf.sub_GEO061_wf.bold_ses_t3_task_image_run_3_wf.bold_fit_wf.enhance_and_skullstrip_bold_wf.unifize" in "/work/fmriprep_25_0_wf/sub_GEO061_wf/bold_ses_t3_task_image_run_3_wf/bold_fit_wf/enhance_and_skullstrip_bold_wf/unifize".
250528-00:58:07,654 nipype.workflow INFO:
	 [Node] Setting-up "fmriprep_25_0_wf.sub_GEO061_wf.bold_ses_t3_task_image_run_4_wf.bold_fit_wf.enhance_and_skullstrip_bold_wf.unifize" in "/work/fmriprep_25_0_wf/sub_GEO061_wf/bold_ses_t3_task_image_run_4_wf/bold_fit_wf/enhance_and_skullstrip_bold_wf/unifize".
250528-00:58:07,854 nipype.workflow INFO:
	 [Node] Executing "unifize" <nipype.interfaces.afni.utils.Unifize>
250528-00:58:07,858 nipype.workflow INFO:
	 [Node] Executing "unifize" <nipype.interfaces.afni.utils.Unifize>
250528-00:58:07,890 nipype.workflow INFO:
	 [Node] Executing "unifize" <nipype.interfaces.afni.utils.Unifize>
250528-00:58:07,944 nipype.workflow INFO:
	 [Node] Executing "unifize" <nipype.interfaces.afni.utils.Unifize>
250528-00:58:07,960 nipype.workflow INFO:
	 [Node] Executing "unifize" <nipype.interfaces.afni.utils.Unifize>
250528-00:58:07,981 nipype.workflow INFO:
	 [Node] Executing "unifize" <nipype.interfaces.afni.utils.Unifize>
250528-00:58:07,999 nipype.workflow INFO:
	 [Node] Executing "unifize" <nipype.interfaces.afni.utils.Unifize>
250528-00:59:34,502 nipype.workflow INFO:
	 [Node] Finished "unifize", elapsed time 228.781535s.
250528-00:59:35,646 nipype.workflow INFO:
	 [Node] Setting-up "fmriprep_25_0_wf.sub_GEO061_wf.bold_ses_t3_task_image_run_5_wf.bold_fit_wf.enhance_and_skullstrip_bold_wf.unifize" in "/work/fmriprep_25_0_wf/sub_GEO061_wf/bold_ses_t3_task_image_run_5_wf/bold_fit_wf/enhance_and_skullstrip_bold_wf/unifize".
250528-00:59:36,251 nipype.workflow INFO:
	 [Node] Executing "unifize" <nipype.interfaces.afni.utils.Unifize>
250528-01:01:57,447 nipype.workflow INFO:
	 [Node] Finished "unifize", elapsed time 229.592682s.
250528-01:01:57,838 nipype.workflow INFO:
	 [Node] Setting-up "fmriprep_25_0_wf.sub_GEO061_wf.bold_ses_t3_task_retrans_run_1_wf.bold_fit_wf.enhance_and_skullstrip_bold_wf.unifize" in "/work/fmriprep_25_0_wf/sub_GEO061_wf/bold_ses_t3_task_retrans_run_1_wf/bold_fit_wf/enhance_and_skullstrip_bold_wf/unifize".
250528-01:01:58,8 nipype.workflow INFO:
	 [Node] Executing "unifize" <nipype.interfaces.afni.utils.Unifize>
250528-01:01:58,144 nipype.workflow INFO:
	 [Node] Finished "unifize", elapsed time 230.253775s.
250528-01:01:58,861 nipype.workflow INFO:
	 [Node] Finished "unifize", elapsed time 231.001638s.
250528-01:01:59,943 nipype.workflow INFO:
	 [Node] Setting-up "fmriprep_25_0_wf.sub_GEO061_wf.bold_ses_t2_task_image_run_1_wf.bold_fit_wf.enhance_and_skullstrip_bold_wf.fixhdr_unifize" in "/work/fmriprep_25_0_wf/sub_GEO061_wf/bold_ses_t2_task_image_run_1_wf/bold_fit_wf/enhance_and_skullstrip_bold_wf/fixhdr_unifize".
250528-01:01:59,955 nipype.workflow INFO:
	 [Node] Setting-up "fmriprep_25_0_wf.sub_GEO061_wf.bold_ses_t2_task_image_run_2_wf.bold_fit_wf.enhance_and_skullstrip_bold_wf.fixhdr_unifize" in "/work/fmriprep_25_0_wf/sub_GEO061_wf/bold_ses_t2_task_image_run_2_wf/bold_fit_wf/enhance_and_skullstrip_bold_wf/fixhdr_unifize".
250528-01:01:59,962 nipype.workflow INFO:
	 [Node] Finished "unifize", elapsed time 231.979458s.
250528-01:02:00,122 nipype.workflow INFO:
	 [Node] Executing "fixhdr_unifize" <niworkflows.interfaces.header.CopyXForm>
250528-01:02:00,126 nipype.workflow INFO:
	 [Node] Executing "fixhdr_unifize" <niworkflows.interfaces.header.CopyXForm>
250528-01:02:00,130 nipype.workflow INFO:
	 [Node] Finished "unifize", elapsed time 232.185039s.
250528-01:02:00,224 nipype.workflow INFO:
	 [Node] Finished "fixhdr_unifize", elapsed time 0.100999s.
250528-01:02:00,241 nipype.workflow INFO:
	 [Node] Finished "fixhdr_unifize", elapsed time 0.114436s.
250528-01:02:00,623 nipype.workflow INFO:
	 [Node] Finished "unifize", elapsed time 232.662233s.
250528-01:02:00,645 nipype.workflow INFO:
	 [Node] Finished "unifize", elapsed time 232.645023s.
250528-01:02:01,915 nipype.workflow INFO:
	 [Node] Setting-up "fmriprep_25_0_wf.sub_GEO061_wf.bold_ses_t2_task_image_run_3_wf.bold_fit_wf.enhance_and_skullstrip_bold_wf.fixhdr_unifize" in "/work/fmriprep_25_0_wf/sub_GEO061_wf/bold_ses_t2_task_image_run_3_wf/bold_fit_wf/enhance_and_skullstrip_bold_wf/fixhdr_unifize".
250528-01:02:01,915 nipype.workflow INFO:
	 [Node] Setting-up "fmriprep_25_0_wf.sub_GEO061_wf.bold_ses_t2_task_image_run_4_wf.bold_fit_wf.enhance_and_skullstrip_bold_wf.fixhdr_unifize" in "/work/fmriprep_25_0_wf/sub_GEO061_wf/bold_ses_t2_task_image_run_4_wf/bold_fit_wf/enhance_and_skullstrip_bold_wf/fixhdr_unifize".
250528-01:02:01,916 nipype.workflow INFO:
	 [Node] Setting-up "fmriprep_25_0_wf.sub_GEO061_wf.bold_ses_t2_task_image_run_5_wf.bold_fit_wf.enhance_and_skullstrip_bold_wf.fixhdr_unifize" in "/work/fmriprep_25_0_wf/sub_GEO061_wf/bold_ses_t2_task_image_run_5_wf/bold_fit_wf/enhance_and_skullstrip_bold_wf/fixhdr_unifize".
250528-01:02:01,916 nipype.workflow INFO:
	 [Node] Setting-up "fmriprep_25_0_wf.sub_GEO061_wf.bold_ses_t3_task_image_run_1_wf.bold_fit_wf.enhance_and_skullstrip_bold_wf.fixhdr_unifize" in "/work/fmriprep_25_0_wf/sub_GEO061_wf/bold_ses_t3_task_image_run_1_wf/bold_fit_wf/enhance_and_skullstrip_bold_wf/fixhdr_unifize".
250528-01:02:01,917 nipype.workflow INFO:
	 [Node] Setting-up "fmriprep_25_0_wf.sub_GEO061_wf.bold_ses_t3_task_image_run_2_wf.bold_fit_wf.enhance_and_skullstrip_bold_wf.fixhdr_unifize" in "/work/fmriprep_25_0_wf/sub_GEO061_wf/bold_ses_t3_task_image_run_2_wf/bold_fit_wf/enhance_and_skullstrip_bold_wf/fixhdr_unifize".
250528-01:02:01,917 nipype.workflow INFO:
	 [Node] Setting-up "fmriprep_25_0_wf.sub_GEO061_wf.bold_ses_t3_task_image_run_3_wf.bold_fit_wf.enhance_and_skullstrip_bold_wf.fixhdr_unifize" in "/work/fmriprep_25_0_wf/sub_GEO061_wf/bold_ses_t3_task_image_run_3_wf/bold_fit_wf/enhance_and_skullstrip_bold_wf/fixhdr_unifize".
250528-01:02:02,97 nipype.workflow INFO:
	 [Node] Executing "fixhdr_unifize" <niworkflows.interfaces.header.CopyXForm>
250528-01:02:02,98 nipype.workflow INFO:
	 [Node] Executing "fixhdr_unifize" <niworkflows.interfaces.header.CopyXForm>
250528-01:02:02,99 nipype.workflow INFO:
	 [Node] Executing "fixhdr_unifize" <niworkflows.interfaces.header.CopyXForm>
250528-01:02:02,113 nipype.workflow INFO:
	 [Node] Executing "fixhdr_unifize" <niworkflows.interfaces.header.CopyXForm>
250528-01:02:02,114 nipype.workflow INFO:
	 [Node] Executing "fixhdr_unifize" <niworkflows.interfaces.header.CopyXForm>
250528-01:02:02,118 nipype.workflow INFO:
	 [Node] Executing "fixhdr_unifize" <niworkflows.interfaces.header.CopyXForm>
250528-01:02:02,188 nipype.workflow INFO:
	 [Node] Finished "fixhdr_unifize", elapsed time 0.089197s.
250528-01:02:02,191 nipype.workflow INFO:
	 [Node] Finished "fixhdr_unifize", elapsed time 0.091611s.
250528-01:02:02,202 nipype.workflow INFO:
	 [Node] Finished "fixhdr_unifize", elapsed time 0.104044s.
250528-01:02:02,205 nipype.workflow INFO:
	 [Node] Finished "fixhdr_unifize", elapsed time 0.089893s.
250528-01:02:02,206 nipype.workflow INFO:
	 [Node] Finished "fixhdr_unifize", elapsed time 0.086694s.
250528-01:02:02,208 nipype.workflow INFO:
	 [Node] Finished "fixhdr_unifize", elapsed time 0.092836s.
250528-01:02:03,932 nipype.workflow INFO:
	 [Node] Setting-up "fmriprep_25_0_wf.sub_GEO061_wf.bold_ses_t3_task_image_run_4_wf.bold_fit_wf.enhance_and_skullstrip_bold_wf.fixhdr_unifize" in "/work/fmriprep_25_0_wf/sub_GEO061_wf/bold_ses_t3_task_image_run_4_wf/bold_fit_wf/enhance_and_skullstrip_bold_wf/fixhdr_unifize".
250528-01:02:03,932 nipype.workflow INFO:
	 [Node] Setting-up "fmriprep_25_0_wf.sub_GEO061_wf.bold_ses_t2_task_image_run_1_wf.bold_fit_wf.enhance_and_skullstrip_bold_wf.skullstrip_second_pass" in "/work/fmriprep_25_0_wf/sub_GEO061_wf/bold_ses_t2_task_image_run_1_wf/bold_fit_wf/enhance_and_skullstrip_bold_wf/skullstrip_second_pass".
250528-01:02:03,933 nipype.workflow INFO:
	 [Node] Setting-up "fmriprep_25_0_wf.sub_GEO061_wf.bold_ses_t2_task_image_run_2_wf.bold_fit_wf.enhance_and_skullstrip_bold_wf.skullstrip_second_pass" in "/work/fmriprep_25_0_wf/sub_GEO061_wf/bold_ses_t2_task_image_run_2_wf/bold_fit_wf/enhance_and_skullstrip_bold_wf/skullstrip_second_pass".
250528-01:02:03,934 nipype.workflow INFO:
	 [Node] Setting-up "fmriprep_25_0_wf.sub_GEO061_wf.bold_ses_t2_task_image_run_3_wf.bold_fit_wf.enhance_and_skullstrip_bold_wf.skullstrip_second_pass" in "/work/fmriprep_25_0_wf/sub_GEO061_wf/bold_ses_t2_task_image_run_3_wf/bold_fit_wf/enhance_and_skullstrip_bold_wf/skullstrip_second_pass".
250528-01:02:03,935 nipype.workflow INFO:
	 [Node] Setting-up "fmriprep_25_0_wf.sub_GEO061_wf.bold_ses_t2_task_image_run_4_wf.bold_fit_wf.enhance_and_skullstrip_bold_wf.skullstrip_second_pass" in "/work/fmriprep_25_0_wf/sub_GEO061_wf/bold_ses_t2_task_image_run_4_wf/bold_fit_wf/enhance_and_skullstrip_bold_wf/skullstrip_second_pass".
250528-01:02:03,935 nipype.workflow INFO:
	 [Node] Setting-up "fmriprep_25_0_wf.sub_GEO061_wf.bold_ses_t2_task_image_run_5_wf.bold_fit_wf.enhance_and_skullstrip_bold_wf.skullstrip_second_pass" in "/work/fmriprep_25_0_wf/sub_GEO061_wf/bold_ses_t2_task_image_run_5_wf/bold_fit_wf/enhance_and_skullstrip_bold_wf/skullstrip_second_pass".
250528-01:02:04,58 nipype.workflow INFO:
	 [Node] Executing "skullstrip_second_pass" <nipype.interfaces.afni.preprocess.Automask>
250528-01:02:04,58 nipype.workflow INFO:
	 [Node] Executing "skullstrip_second_pass" <nipype.interfaces.afni.preprocess.Automask>
250528-01:02:04,60 nipype.workflow INFO:
	 [Node] Executing "skullstrip_second_pass" <nipype.interfaces.afni.preprocess.Automask>
250528-01:02:04,60 nipype.workflow INFO:
	 [Node] Executing "skullstrip_second_pass" <nipype.interfaces.afni.preprocess.Automask>
250528-01:02:04,65 nipype.workflow INFO:
	 [Node] Executing "fixhdr_unifize" <niworkflows.interfaces.header.CopyXForm>
250528-01:02:04,67 nipype.workflow INFO:
	 [Node] Executing "skullstrip_second_pass" <nipype.interfaces.afni.preprocess.Automask>
250528-01:02:04,154 nipype.workflow INFO:
	 [Node] Finished "fixhdr_unifize", elapsed time 0.087668s.
250528-01:02:04,523 nipype.workflow INFO:
	 [Node] Finished "skullstrip_second_pass", elapsed time 0.455133s.
250528-01:02:04,787 nipype.workflow INFO:
	 [Node] Finished "skullstrip_second_pass", elapsed time 0.725587s.
250528-01:02:04,832 nipype.workflow INFO:
	 [Node] Finished "skullstrip_second_pass", elapsed time 0.771404s.
250528-01:02:04,834 nipype.workflow INFO:
	 [Node] Finished "skullstrip_second_pass", elapsed time 0.775425s.
250528-01:02:04,841 nipype.workflow INFO:
	 [Node] Finished "skullstrip_second_pass", elapsed time 0.781495s.
250528-01:02:05,899 nipype.workflow INFO:
	 [Node] Setting-up "fmriprep_25_0_wf.sub_GEO061_wf.bold_ses_t3_task_image_run_1_wf.bold_fit_wf.enhance_and_skullstrip_bold_wf.skullstrip_second_pass" in "/work/fmriprep_25_0_wf/sub_GEO061_wf/bold_ses_t3_task_image_run_1_wf/bold_fit_wf/enhance_and_skullstrip_bold_wf/skullstrip_second_pass".
250528-01:02:05,900 nipype.workflow INFO:
	 [Node] Setting-up "fmriprep_25_0_wf.sub_GEO061_wf.bold_ses_t3_task_image_run_2_wf.bold_fit_wf.enhance_and_skullstrip_bold_wf.skullstrip_second_pass" in "/work/fmriprep_25_0_wf/sub_GEO061_wf/bold_ses_t3_task_image_run_2_wf/bold_fit_wf/enhance_and_skullstrip_bold_wf/skullstrip_second_pass".
250528-01:02:05,901 nipype.workflow INFO:
	 [Node] Setting-up "fmriprep_25_0_wf.sub_GEO061_wf.bold_ses_t3_task_image_run_3_wf.bold_fit_wf.enhance_and_skullstrip_bold_wf.skullstrip_second_pass" in "/work/fmriprep_25_0_wf/sub_GEO061_wf/bold_ses_t3_task_image_run_3_wf/bold_fit_wf/enhance_and_skullstrip_bold_wf/skullstrip_second_pass".
250528-01:02:05,901 nipype.workflow INFO:
	 [Node] Setting-up "fmriprep_25_0_wf.sub_GEO061_wf.bold_ses_t3_task_image_run_4_wf.bold_fit_wf.enhance_and_skullstrip_bold_wf.skullstrip_second_pass" in "/work/fmriprep_25_0_wf/sub_GEO061_wf/bold_ses_t3_task_image_run_4_wf/bold_fit_wf/enhance_and_skullstrip_bold_wf/skullstrip_second_pass".
250528-01:02:05,902 nipype.workflow INFO:
	 [Node] Setting-up "fmriprep_25_0_wf.sub_GEO061_wf.bold_ses_t2_task_image_run_1_wf.bold_fit_wf.enhance_and_skullstrip_bold_wf.fixhdr_skullstrip2" in "/work/fmriprep_25_0_wf/sub_GEO061_wf/bold_ses_t2_task_image_run_1_wf/bold_fit_wf/enhance_and_skullstrip_bold_wf/fixhdr_skullstrip2".
250528-01:02:05,902 nipype.workflow INFO:
	 [Node] Setting-up "fmriprep_25_0_wf.sub_GEO061_wf.bold_ses_t2_task_image_run_2_wf.bold_fit_wf.enhance_and_skullstrip_bold_wf.fixhdr_skullstrip2" in "/work/fmriprep_25_0_wf/sub_GEO061_wf/bold_ses_t2_task_image_run_2_wf/bold_fit_wf/enhance_and_skullstrip_bold_wf/fixhdr_skullstrip2".
250528-01:02:06,106 nipype.workflow INFO:
	 [Node] Executing "fixhdr_skullstrip2" <niworkflows.interfaces.header.CopyXForm>
250528-01:02:06,118 nipype.workflow INFO:
	 [Node] Executing "skullstrip_second_pass" <nipype.interfaces.afni.preprocess.Automask>
250528-01:02:06,118 nipype.workflow INFO:
	 [Node] Executing "skullstrip_second_pass" <nipype.interfaces.afni.preprocess.Automask>
250528-01:02:06,119 nipype.workflow INFO:
	 [Node] Executing "fixhdr_skullstrip2" <niworkflows.interfaces.header.CopyXForm>
250528-01:02:06,126 nipype.workflow INFO:
	 [Node] Executing "skullstrip_second_pass" <nipype.interfaces.afni.preprocess.Automask>
250528-01:02:06,154 nipype.workflow INFO:
	 [Node] Executing "skullstrip_second_pass" <nipype.interfaces.afni.preprocess.Automask>
250528-01:02:06,163 nipype.workflow INFO:
	 [Node] Finished "fixhdr_skullstrip2", elapsed time 0.05637s.
250528-01:02:06,188 nipype.workflow INFO:
	 [Node] Finished "fixhdr_skullstrip2", elapsed time 0.068654s.
250528-01:02:06,461 nipype.workflow INFO:
	 [Node] Finished "skullstrip_second_pass", elapsed time 0.342132s.
250528-01:02:06,503 nipype.workflow INFO:
	 [Node] Finished "skullstrip_second_pass", elapsed time 0.384386s.
250528-01:02:06,520 nipype.workflow INFO:
	 [Node] Finished "skullstrip_second_pass", elapsed time 0.365224s.
250528-01:02:06,527 nipype.workflow INFO:
	 [Node] Finished "skullstrip_second_pass", elapsed time 0.399753s.
250528-01:02:07,901 nipype.workflow INFO:
	 [Node] Setting-up "fmriprep_25_0_wf.sub_GEO061_wf.bold_ses_t2_task_image_run_3_wf.bold_fit_wf.enhance_and_skullstrip_bold_wf.fixhdr_skullstrip2" in "/work/fmriprep_25_0_wf/sub_GEO061_wf/bold_ses_t2_task_image_run_3_wf/bold_fit_wf/enhance_and_skullstrip_bold_wf/fixhdr_skullstrip2".
250528-01:02:07,901 nipype.workflow INFO:
	 [Node] Setting-up "fmriprep_25_0_wf.sub_GEO061_wf.bold_ses_t2_task_image_run_4_wf.bold_fit_wf.enhance_and_skullstrip_bold_wf.fixhdr_skullstrip2" in "/work/fmriprep_25_0_wf/sub_GEO061_wf/bold_ses_t2_task_image_run_4_wf/bold_fit_wf/enhance_and_skullstrip_bold_wf/fixhdr_skullstrip2".
250528-01:02:07,902 nipype.workflow INFO:
	 [Node] Setting-up "fmriprep_25_0_wf.sub_GEO061_wf.bold_ses_t2_task_image_run_5_wf.bold_fit_wf.enhance_and_skullstrip_bold_wf.fixhdr_skullstrip2" in "/work/fmriprep_25_0_wf/sub_GEO061_wf/bold_ses_t2_task_image_run_5_wf/bold_fit_wf/enhance_and_skullstrip_bold_wf/fixhdr_skullstrip2".
250528-01:02:07,903 nipype.workflow INFO:
	 [Node] Setting-up "fmriprep_25_0_wf.sub_GEO061_wf.bold_ses_t3_task_image_run_1_wf.bold_fit_wf.enhance_and_skullstrip_bold_wf.fixhdr_skullstrip2" in "/work/fmriprep_25_0_wf/sub_GEO061_wf/bold_ses_t3_task_image_run_1_wf/bold_fit_wf/enhance_and_skullstrip_bold_wf/fixhdr_skullstrip2".
250528-01:02:07,903 nipype.workflow INFO:
	 [Node] Setting-up "fmriprep_25_0_wf.sub_GEO061_wf.bold_ses_t3_task_image_run_2_wf.bold_fit_wf.enhance_and_skullstrip_bold_wf.fixhdr_skullstrip2" in "/work/fmriprep_25_0_wf/sub_GEO061_wf/bold_ses_t3_task_image_run_2_wf/bold_fit_wf/enhance_and_skullstrip_bold_wf/fixhdr_skullstrip2".
250528-01:02:07,903 nipype.workflow INFO:
	 [Node] Setting-up "fmriprep_25_0_wf.sub_GEO061_wf.bold_ses_t3_task_image_run_3_wf.bold_fit_wf.enhance_and_skullstrip_bold_wf.fixhdr_skullstrip2" in "/work/fmriprep_25_0_wf/sub_GEO061_wf/bold_ses_t3_task_image_run_3_wf/bold_fit_wf/enhance_and_skullstrip_bold_wf/fixhdr_skullstrip2".
250528-01:02:08,166 nipype.workflow INFO:
	 [Node] Executing "fixhdr_skullstrip2" <niworkflows.interfaces.header.CopyXForm>
250528-01:02:08,167 nipype.workflow INFO:
	 [Node] Executing "fixhdr_skullstrip2" <niworkflows.interfaces.header.CopyXForm>
250528-01:02:08,173 nipype.workflow INFO:
	 [Node] Executing "fixhdr_skullstrip2" <niworkflows.interfaces.header.CopyXForm>
250528-01:02:08,175 nipype.workflow INFO:
	 [Node] Executing "fixhdr_skullstrip2" <niworkflows.interfaces.header.CopyXForm>
250528-01:02:08,176 nipype.workflow INFO:
	 [Node] Executing "fixhdr_skullstrip2" <niworkflows.interfaces.header.CopyXForm>
250528-01:02:08,210 nipype.workflow INFO:
	 [Node] Executing "fixhdr_skullstrip2" <niworkflows.interfaces.header.CopyXForm>
250528-01:02:08,225 nipype.workflow INFO:
	 [Node] Finished "fixhdr_skullstrip2", elapsed time 0.058472s.
250528-01:02:08,230 nipype.workflow INFO:
	 [Node] Finished "fixhdr_skullstrip2", elapsed time 0.062156s.
250528-01:02:08,239 nipype.workflow INFO:
	 [Node] Finished "fixhdr_skullstrip2", elapsed time 0.062782s.
250528-01:02:08,243 nipype.workflow INFO:
	 [Node] Finished "fixhdr_skullstrip2", elapsed time 0.068759s.
250528-01:02:08,244 nipype.workflow INFO:
	 [Node] Finished "fixhdr_skullstrip2", elapsed time 0.067554s.
250528-01:02:08,264 nipype.workflow INFO:
	 [Node] Finished "fixhdr_skullstrip2", elapsed time 0.053343s.
250528-01:02:09,922 nipype.workflow INFO:
	 [Node] Setting-up "fmriprep_25_0_wf.sub_GEO061_wf.bold_ses_t3_task_image_run_4_wf.bold_fit_wf.enhance_and_skullstrip_bold_wf.fixhdr_skullstrip2" in "/work/fmriprep_25_0_wf/sub_GEO061_wf/bold_ses_t3_task_image_run_4_wf/bold_fit_wf/enhance_and_skullstrip_bold_wf/fixhdr_skullstrip2".
250528-01:02:09,922 nipype.workflow INFO:
	 [Node] Setting-up "fmriprep_25_0_wf.sub_GEO061_wf.bold_ses_t2_task_image_run_1_wf.bold_fit_wf.enhance_and_skullstrip_bold_wf.combine_masks" in "/work/fmriprep_25_0_wf/sub_GEO061_wf/bold_ses_t2_task_image_run_1_wf/bold_fit_wf/enhance_and_skullstrip_bold_wf/combine_masks".
250528-01:02:09,924 nipype.workflow INFO:
	 [Node] Setting-up "fmriprep_25_0_wf.sub_GEO061_wf.bold_ses_t2_task_image_run_2_wf.bold_fit_wf.enhance_and_skullstrip_bold_wf.combine_masks" in "/work/fmriprep_25_0_wf/sub_GEO061_wf/bold_ses_t2_task_image_run_2_wf/bold_fit_wf/enhance_and_skullstrip_bold_wf/combine_masks".
250528-01:02:09,925 nipype.workflow INFO:
	 [Node] Setting-up "fmriprep_25_0_wf.sub_GEO061_wf.bold_ses_t2_task_image_run_3_wf.bold_fit_wf.enhance_and_skullstrip_bold_wf.combine_masks" in "/work/fmriprep_25_0_wf/sub_GEO061_wf/bold_ses_t2_task_image_run_3_wf/bold_fit_wf/enhance_and_skullstrip_bold_wf/combine_masks".
250528-01:02:09,925 nipype.workflow INFO:
	 [Node] Setting-up "fmriprep_25_0_wf.sub_GEO061_wf.bold_ses_t2_task_image_run_4_wf.bold_fit_wf.enhance_and_skullstrip_bold_wf.combine_masks" in "/work/fmriprep_25_0_wf/sub_GEO061_wf/bold_ses_t2_task_image_run_4_wf/bold_fit_wf/enhance_and_skullstrip_bold_wf/combine_masks".
250528-01:02:09,926 nipype.workflow INFO:
	 [Node] Setting-up "fmriprep_25_0_wf.sub_GEO061_wf.bold_ses_t2_task_image_run_5_wf.bold_fit_wf.enhance_and_skullstrip_bold_wf.combine_masks" in "/work/fmriprep_25_0_wf/sub_GEO061_wf/bold_ses_t2_task_image_run_5_wf/bold_fit_wf/enhance_and_skullstrip_bold_wf/combine_masks".
250528-01:02:10,97 nipype.workflow INFO:
	 [Node] Executing "fixhdr_skullstrip2" <niworkflows.interfaces.header.CopyXForm>
250528-01:02:10,99 nipype.workflow INFO:
	 [Node] Executing "combine_masks" <nipype.interfaces.fsl.maths.BinaryMaths>
250528-01:02:10,101 nipype.workflow INFO:
	 [Node] Executing "combine_masks" <nipype.interfaces.fsl.maths.BinaryMaths>
250528-01:02:10,104 nipype.workflow INFO:
	 [Node] Executing "combine_masks" <nipype.interfaces.fsl.maths.BinaryMaths>
250528-01:02:10,121 nipype.workflow INFO:
	 [Node] Executing "combine_masks" <nipype.interfaces.fsl.maths.BinaryMaths>
250528-01:02:10,125 nipype.workflow INFO:
	 [Node] Executing "combine_masks" <nipype.interfaces.fsl.maths.BinaryMaths>
250528-01:02:10,226 nipype.workflow INFO:
	 [Node] Finished "fixhdr_skullstrip2", elapsed time 0.128834s.
250528-01:02:10,340 nipype.workflow INFO:
	 [Node] Finished "combine_masks", elapsed time 0.218315s.
250528-01:02:10,387 nipype.workflow INFO:
	 [Node] Finished "combine_masks", elapsed time 0.286806s.
250528-01:02:10,388 nipype.workflow INFO:
	 [Node] Finished "combine_masks", elapsed time 0.26197s.
250528-01:02:10,391 nipype.workflow INFO:
	 [Node] Finished "combine_masks", elapsed time 0.289227s.
250528-01:02:10,401 nipype.workflow INFO:
	 [Node] Finished "combine_masks", elapsed time 0.296072s.
250528-01:02:11,912 nipype.workflow INFO:
	 [Node] Setting-up "fmriprep_25_0_wf.sub_GEO061_wf.bold_ses_t3_task_image_run_1_wf.bold_fit_wf.enhance_and_skullstrip_bold_wf.combine_masks" in "/work/fmriprep_25_0_wf/sub_GEO061_wf/bold_ses_t3_task_image_run_1_wf/bold_fit_wf/enhance_and_skullstrip_bold_wf/combine_masks".
250528-01:02:11,912 nipype.workflow INFO:
	 [Node] Setting-up "fmriprep_25_0_wf.sub_GEO061_wf.bold_ses_t3_task_image_run_2_wf.bold_fit_wf.enhance_and_skullstrip_bold_wf.combine_masks" in "/work/fmriprep_25_0_wf/sub_GEO061_wf/bold_ses_t3_task_image_run_2_wf/bold_fit_wf/enhance_and_skullstrip_bold_wf/combine_masks".
250528-01:02:11,913 nipype.workflow INFO:
	 [Node] Setting-up "fmriprep_25_0_wf.sub_GEO061_wf.bold_ses_t3_task_image_run_3_wf.bold_fit_wf.enhance_and_skullstrip_bold_wf.combine_masks" in "/work/fmriprep_25_0_wf/sub_GEO061_wf/bold_ses_t3_task_image_run_3_wf/bold_fit_wf/enhance_and_skullstrip_bold_wf/combine_masks".
250528-01:02:11,914 nipype.workflow INFO:
	 [Node] Setting-up "fmriprep_25_0_wf.sub_GEO061_wf.bold_ses_t2_task_image_run_1_wf.bold_fit_wf.enhance_and_skullstrip_bold_wf.apply_mask" in "/work/fmriprep_25_0_wf/sub_GEO061_wf/bold_ses_t2_task_image_run_1_wf/bold_fit_wf/enhance_and_skullstrip_bold_wf/apply_mask".
250528-01:02:11,914 nipype.workflow INFO:
	 [Node] Setting-up "fmriprep_25_0_wf.sub_GEO061_wf.bold_ses_t3_task_image_run_4_wf.bold_fit_wf.enhance_and_skullstrip_bold_wf.combine_masks" in "/work/fmriprep_25_0_wf/sub_GEO061_wf/bold_ses_t3_task_image_run_4_wf/bold_fit_wf/enhance_and_skullstrip_bold_wf/combine_masks".
250528-01:02:12,94 nipype.workflow INFO:
	 [Node] Executing "apply_mask" <niworkflows.interfaces.nibabel.ApplyMask>
250528-01:02:12,113 nipype.workflow INFO:
	 [Node] Executing "combine_masks" <nipype.interfaces.fsl.maths.BinaryMaths>
250528-01:02:12,119 nipype.workflow INFO:
	 [Node] Executing "combine_masks" <nipype.interfaces.fsl.maths.BinaryMaths>
250528-01:02:12,120 nipype.workflow INFO:
	 [Node] Executing "combine_masks" <nipype.interfaces.fsl.maths.BinaryMaths>
250528-01:02:12,127 nipype.workflow INFO:
	 [Node] Executing "combine_masks" <nipype.interfaces.fsl.maths.BinaryMaths>
250528-01:02:12,152 nipype.interface WARNING:
	 Changing /out/sub-GEO061/ses-t2/func/sub-GEO061_ses-t2_task-image_run-1_desc-brain_mask.nii.gz dtype from float32 to uint8
250528-01:02:12,158 nipype.workflow INFO:
	 [Node] Finished "apply_mask", elapsed time 0.062429s.
250528-01:02:12,321 nipype.workflow INFO:
	 [Node] Finished "combine_masks", elapsed time 0.199578s.
250528-01:02:12,327 nipype.workflow INFO:
	 [Node] Finished "combine_masks", elapsed time 0.21325s.
250528-01:02:12,338 nipype.workflow INFO:
	 [Node] Finished "combine_masks", elapsed time 0.209649s.
250528-01:02:12,398 nipype.workflow INFO:
	 [Node] Finished "combine_masks", elapsed time 0.27791s.
250528-01:02:12,656 nipype.workflow INFO:
	 [Node] Setting-up "fmriprep_25_0_wf.sub_GEO061_wf.bold_ses_t2_task_image_run_2_wf.bold_fit_wf.enhance_and_skullstrip_bold_wf.apply_mask" in "/work/fmriprep_25_0_wf/sub_GEO061_wf/bold_ses_t2_task_image_run_2_wf/bold_fit_wf/enhance_and_skullstrip_bold_wf/apply_mask".
250528-01:02:12,799 nipype.workflow INFO:
	 [Node] Executing "apply_mask" <niworkflows.interfaces.nibabel.ApplyMask>
250528-01:02:12,879 nipype.workflow INFO:
	 [Node] Finished "apply_mask", elapsed time 0.078747s.
250528-01:02:14,84 nipype.interface WARNING:
	 Changing /out/sub-GEO061/ses-t2/func/sub-GEO061_ses-t2_task-image_run-2_desc-brain_mask.nii.gz dtype from float32 to uint8
250528-01:02:14,578 nipype.workflow INFO:
	 [Node] Setting-up "fmriprep_25_0_wf.sub_GEO061_wf.bold_ses_t2_task_image_run_3_wf.bold_fit_wf.enhance_and_skullstrip_bold_wf.apply_mask" in "/work/fmriprep_25_0_wf/sub_GEO061_wf/bold_ses_t2_task_image_run_3_wf/bold_fit_wf/enhance_and_skullstrip_bold_wf/apply_mask".
250528-01:02:14,690 nipype.workflow INFO:
	 [Node] Executing "apply_mask" <niworkflows.interfaces.nibabel.ApplyMask>
250528-01:02:14,721 nipype.interface WARNING:
	 Changing /out/sub-GEO061/ses-t2/func/sub-GEO061_ses-t2_task-image_run-3_desc-brain_mask.nii.gz dtype from float32 to uint8
250528-01:02:14,761 nipype.workflow INFO:
	 [Node] Finished "apply_mask", elapsed time 0.069676s.
250528-01:02:15,214 nipype.workflow INFO:
	 [Node] Setting-up "fmriprep_25_0_wf.sub_GEO061_wf.bold_ses_t2_task_image_run_4_wf.bold_fit_wf.enhance_and_skullstrip_bold_wf.apply_mask" in "/work/fmriprep_25_0_wf/sub_GEO061_wf/bold_ses_t2_task_image_run_4_wf/bold_fit_wf/enhance_and_skullstrip_bold_wf/apply_mask".
250528-01:02:15,315 nipype.workflow INFO:
	 [Node] Executing "apply_mask" <niworkflows.interfaces.nibabel.ApplyMask>
250528-01:02:15,367 nipype.interface WARNING:
	 Changing /out/sub-GEO061/ses-t2/func/sub-GEO061_ses-t2_task-image_run-4_desc-brain_mask.nii.gz dtype from float32 to uint8
250528-01:02:15,378 nipype.workflow INFO:
	 [Node] Finished "apply_mask", elapsed time 0.062691s.
250528-01:02:15,869 nipype.workflow INFO:
	 [Node] Setting-up "fmriprep_25_0_wf.sub_GEO061_wf.bold_ses_t2_task_image_run_5_wf.bold_fit_wf.enhance_and_skullstrip_bold_wf.apply_mask" in "/work/fmriprep_25_0_wf/sub_GEO061_wf/bold_ses_t2_task_image_run_5_wf/bold_fit_wf/enhance_and_skullstrip_bold_wf/apply_mask".
250528-01:02:15,996 nipype.workflow INFO:
	 [Node] Executing "apply_mask" <niworkflows.interfaces.nibabel.ApplyMask>
250528-01:02:16,30 nipype.interface WARNING:
	 Changing /out/sub-GEO061/ses-t2/func/sub-GEO061_ses-t2_task-image_run-5_desc-brain_mask.nii.gz dtype from float32 to uint8
250528-01:02:16,72 nipype.workflow INFO:
	 [Node] Finished "apply_mask", elapsed time 0.074696s.
250528-01:02:16,455 nipype.workflow INFO:
	 [Node] Setting-up "fmriprep_25_0_wf.sub_GEO061_wf.bold_ses_t3_task_image_run_1_wf.bold_fit_wf.enhance_and_skullstrip_bold_wf.apply_mask" in "/work/fmriprep_25_0_wf/sub_GEO061_wf/bold_ses_t3_task_image_run_1_wf/bold_fit_wf/enhance_and_skullstrip_bold_wf/apply_mask".
250528-01:02:16,569 nipype.workflow INFO:
	 [Node] Executing "apply_mask" <niworkflows.interfaces.nibabel.ApplyMask>
250528-01:02:16,606 nipype.interface WARNING:
	 Changing /out/sub-GEO061/ses-t3/func/sub-GEO061_ses-t3_task-image_run-1_desc-brain_mask.nii.gz dtype from float32 to uint8
250528-01:02:16,640 nipype.workflow INFO:
	 [Node] Finished "apply_mask", elapsed time 0.070652s.
250528-01:02:16,986 nipype.workflow INFO:
	 [Node] Setting-up "fmriprep_25_0_wf.sub_GEO061_wf.bold_ses_t3_task_image_run_2_wf.bold_fit_wf.enhance_and_skullstrip_bold_wf.apply_mask" in "/work/fmriprep_25_0_wf/sub_GEO061_wf/bold_ses_t3_task_image_run_2_wf/bold_fit_wf/enhance_and_skullstrip_bold_wf/apply_mask".
250528-01:02:17,89 nipype.workflow INFO:
	 [Node] Executing "apply_mask" <niworkflows.interfaces.nibabel.ApplyMask>
250528-01:02:17,130 nipype.interface WARNING:
	 Changing /out/sub-GEO061/ses-t3/func/sub-GEO061_ses-t3_task-image_run-2_desc-brain_mask.nii.gz dtype from float32 to uint8
250528-01:02:17,151 nipype.workflow INFO:
	 [Node] Finished "apply_mask", elapsed time 0.060896s.
250528-01:02:17,636 nipype.workflow INFO:
	 [Node] Setting-up "fmriprep_25_0_wf.sub_GEO061_wf.bold_ses_t3_task_image_run_3_wf.bold_fit_wf.enhance_and_skullstrip_bold_wf.apply_mask" in "/work/fmriprep_25_0_wf/sub_GEO061_wf/bold_ses_t3_task_image_run_3_wf/bold_fit_wf/enhance_and_skullstrip_bold_wf/apply_mask".
250528-01:02:17,750 nipype.workflow INFO:
	 [Node] Executing "apply_mask" <niworkflows.interfaces.nibabel.ApplyMask>
250528-01:02:17,824 nipype.workflow INFO:
	 [Node] Finished "apply_mask", elapsed time 0.072128s.
250528-01:02:18,137 nipype.interface WARNING:
	 Changing /out/sub-GEO061/ses-t3/func/sub-GEO061_ses-t3_task-image_run-3_desc-brain_mask.nii.gz dtype from float32 to uint8
250528-01:02:18,531 nipype.workflow INFO:
	 [Node] Setting-up "fmriprep_25_0_wf.sub_GEO061_wf.bold_ses_t3_task_image_run_4_wf.bold_fit_wf.enhance_and_skullstrip_bold_wf.apply_mask" in "/work/fmriprep_25_0_wf/sub_GEO061_wf/bold_ses_t3_task_image_run_4_wf/bold_fit_wf/enhance_and_skullstrip_bold_wf/apply_mask".
250528-01:02:18,687 nipype.workflow INFO:
	 [Node] Executing "apply_mask" <niworkflows.interfaces.nibabel.ApplyMask>
250528-01:02:18,707 nipype.interface WARNING:
	 Changing /out/sub-GEO061/ses-t3/func/sub-GEO061_ses-t3_task-image_run-4_desc-brain_mask.nii.gz dtype from float32 to uint8
250528-01:02:18,753 nipype.workflow INFO:
	 [Node] Finished "apply_mask", elapsed time 0.064652s.
250528-01:02:19,88 nipype.workflow INFO:
	 [Node] Setting-up "fmriprep_25_0_wf.sub_GEO061_wf.bold_ses_t2_task_image_run_1_wf.bold_confounds_wf.dvars" in "/work/fmriprep_25_0_wf/sub_GEO061_wf/bold_ses_t2_task_image_run_1_wf/bold_confounds_wf/dvars".
250528-01:02:19,265 nipype.workflow INFO:
	 [Node] Executing "dvars" <nipype.algorithms.confounds.ComputeDVARS>
250528-01:02:39,721 nipype.workflow INFO:
	 [Node] Finished "dvars", elapsed time 20.455532s.
250528-01:02:41,896 nipype.workflow INFO:
	 [Node] Setting-up "fmriprep_25_0_wf.sub_GEO061_wf.bold_ses_t2_task_image_run_1_wf.bold_confounds_wf.tcompcor" in "/work/fmriprep_25_0_wf/sub_GEO061_wf/bold_ses_t2_task_image_run_1_wf/bold_confounds_wf/tcompcor".
250528-01:02:42,65 nipype.workflow INFO:
	 [Node] Executing "tcompcor" <niworkflows.interfaces.patches.RobustTCompCor>
250528-01:02:52,537 nipype.workflow INFO:
	 [Node] Finished "tcompcor", elapsed time 10.471142s.
250528-01:02:53,972 nipype.workflow INFO:
	 [Node] Setting-up "fmriprep_25_0_wf.sub_GEO061_wf.bold_ses_t2_task_image_run_2_wf.bold_confounds_wf.dvars" in "/work/fmriprep_25_0_wf/sub_GEO061_wf/bold_ses_t2_task_image_run_2_wf/bold_confounds_wf/dvars".
250528-01:02:53,973 nipype.workflow INFO:
	 [Node] Setting-up "fmriprep_25_0_wf.sub_GEO061_wf.bold_ses_t2_task_image_run_1_wf.bold_confounds_wf.tcc_metadata_filter" in "/work/fmriprep_25_0_wf/sub_GEO061_wf/bold_ses_t2_task_image_run_1_wf/bold_confounds_wf/tcc_metadata_filter".
250528-01:02:54,120 nipype.workflow INFO:
	 [Node] Executing "tcc_metadata_filter" <fmriprep.interfaces.confounds.FilterDropped>
250528-01:02:54,126 nipype.workflow INFO:
	 [Node] Executing "dvars" <nipype.algorithms.confounds.ComputeDVARS>
250528-01:02:54,142 nipype.workflow INFO:
	 [Node] Finished "tcc_metadata_filter", elapsed time 0.0207s.
250528-01:02:55,962 nipype.workflow INFO:
	 [Node] Setting-up "fmriprep_25_0_wf.sub_GEO061_wf.bold_ses_t2_task_image_run_1_wf.bold_confounds_wf.tcc_metadata_fmt" in "/work/fmriprep_25_0_wf/sub_GEO061_wf/bold_ses_t2_task_image_run_1_wf/bold_confounds_wf/tcc_metadata_fmt".
250528-01:02:56,88 nipype.workflow INFO:
	 [Node] Executing "tcc_metadata_fmt" <niworkflows.interfaces.utility.TSV2JSON>
250528-01:02:56,95 nipype.workflow INFO:
	 [Node] Finished "tcc_metadata_fmt", elapsed time 0.005708s.
250528-01:03:14,484 nipype.workflow INFO:
	 [Node] Finished "dvars", elapsed time 20.353202s.
250528-01:03:15,946 nipype.workflow INFO:
	 [Node] Setting-up "fmriprep_25_0_wf.sub_GEO061_wf.bold_ses_t2_task_image_run_2_wf.bold_confounds_wf.tcompcor" in "/work/fmriprep_25_0_wf/sub_GEO061_wf/bold_ses_t2_task_image_run_2_wf/bold_confounds_wf/tcompcor".
250528-01:03:16,147 nipype.workflow INFO:
	 [Node] Executing "tcompcor" <niworkflows.interfaces.patches.RobustTCompCor>
250528-01:03:26,710 nipype.workflow INFO:
	 [Node] Finished "tcompcor", elapsed time 10.561516s.
250528-01:03:26,981 nipype.workflow INFO:
	 [Node] Finished "unifize", elapsed time 230.729129s.
250528-01:03:27,897 nipype.workflow INFO:
	 [Node] Setting-up "fmriprep_25_0_wf.sub_GEO061_wf.bold_ses_t3_task_image_run_5_wf.bold_fit_wf.enhance_and_skullstrip_bold_wf.fixhdr_unifize" in "/work/fmriprep_25_0_wf/sub_GEO061_wf/bold_ses_t3_task_image_run_5_wf/bold_fit_wf/enhance_and_skullstrip_bold_wf/fixhdr_unifize".
250528-01:03:27,906 nipype.workflow INFO:
	 [Node] Setting-up "fmriprep_25_0_wf.sub_GEO061_wf.bold_ses_t2_task_image_run_3_wf.bold_confounds_wf.dvars" in "/work/fmriprep_25_0_wf/sub_GEO061_wf/bold_ses_t2_task_image_run_3_wf/bold_confounds_wf/dvars".
250528-01:03:27,906 nipype.workflow INFO:
	 [Node] Setting-up "fmriprep_25_0_wf.sub_GEO061_wf.bold_ses_t2_task_image_run_2_wf.bold_confounds_wf.tcc_metadata_filter" in "/work/fmriprep_25_0_wf/sub_GEO061_wf/bold_ses_t2_task_image_run_2_wf/bold_confounds_wf/tcc_metadata_filter".
250528-01:03:28,81 nipype.workflow INFO:
	 [Node] Executing "dvars" <nipype.algorithms.confounds.ComputeDVARS>
250528-01:03:28,98 nipype.workflow INFO:
	 [Node] Executing "fixhdr_unifize" <niworkflows.interfaces.header.CopyXForm>
250528-01:03:28,113 nipype.workflow INFO:
	 [Node] Executing "tcc_metadata_filter" <fmriprep.interfaces.confounds.FilterDropped>
250528-01:03:28,150 nipype.workflow INFO:
	 [Node] Finished "tcc_metadata_filter", elapsed time 0.035882s.
250528-01:03:28,189 nipype.workflow INFO:
	 [Node] Finished "fixhdr_unifize", elapsed time 0.090027s.
250528-01:03:30,15 nipype.workflow INFO:
	 [Node] Setting-up "fmriprep_25_0_wf.sub_GEO061_wf.bold_ses_t3_task_image_run_5_wf.bold_fit_wf.enhance_and_skullstrip_bold_wf.skullstrip_second_pass" in "/work/fmriprep_25_0_wf/sub_GEO061_wf/bold_ses_t3_task_image_run_5_wf/bold_fit_wf/enhance_and_skullstrip_bold_wf/skullstrip_second_pass".
250528-01:03:30,19 nipype.workflow INFO:
	 [Node] Setting-up "fmriprep_25_0_wf.sub_GEO061_wf.bold_ses_t2_task_image_run_2_wf.bold_confounds_wf.tcc_metadata_fmt" in "/work/fmriprep_25_0_wf/sub_GEO061_wf/bold_ses_t2_task_image_run_2_wf/bold_confounds_wf/tcc_metadata_fmt".
250528-01:03:30,190 nipype.workflow INFO:
	 [Node] Executing "skullstrip_second_pass" <nipype.interfaces.afni.preprocess.Automask>
250528-01:03:30,206 nipype.workflow INFO:
	 [Node] Executing "tcc_metadata_fmt" <niworkflows.interfaces.utility.TSV2JSON>
250528-01:03:30,213 nipype.workflow INFO:
	 [Node] Finished "tcc_metadata_fmt", elapsed time 0.006047s.
250528-01:03:30,547 nipype.workflow INFO:
	 [Node] Finished "skullstrip_second_pass", elapsed time 0.356402s.
250528-01:03:32,6 nipype.workflow INFO:
	 [Node] Setting-up "fmriprep_25_0_wf.sub_GEO061_wf.bold_ses_t3_task_image_run_5_wf.bold_fit_wf.enhance_and_skullstrip_bold_wf.fixhdr_skullstrip2" in "/work/fmriprep_25_0_wf/sub_GEO061_wf/bold_ses_t3_task_image_run_5_wf/bold_fit_wf/enhance_and_skullstrip_bold_wf/fixhdr_skullstrip2".
250528-01:03:32,146 nipype.workflow INFO:
	 [Node] Executing "fixhdr_skullstrip2" <niworkflows.interfaces.header.CopyXForm>
250528-01:03:32,226 nipype.workflow INFO:
	 [Node] Finished "fixhdr_skullstrip2", elapsed time 0.077778s.
250528-01:03:34,16 nipype.workflow INFO:
	 [Node] Setting-up "fmriprep_25_0_wf.sub_GEO061_wf.bold_ses_t3_task_image_run_5_wf.bold_fit_wf.enhance_and_skullstrip_bold_wf.combine_masks" in "/work/fmriprep_25_0_wf/sub_GEO061_wf/bold_ses_t3_task_image_run_5_wf/bold_fit_wf/enhance_and_skullstrip_bold_wf/combine_masks".
250528-01:03:34,197 nipype.workflow INFO:
	 [Node] Executing "combine_masks" <nipype.interfaces.fsl.maths.BinaryMaths>
250528-01:03:34,436 nipype.workflow INFO:
	 [Node] Finished "combine_masks", elapsed time 0.238252s.
250528-01:03:36,11 nipype.workflow INFO:
	 [Node] Setting-up "fmriprep_25_0_wf.sub_GEO061_wf.bold_ses_t3_task_image_run_5_wf.bold_fit_wf.enhance_and_skullstrip_bold_wf.apply_mask" in "/work/fmriprep_25_0_wf/sub_GEO061_wf/bold_ses_t3_task_image_run_5_wf/bold_fit_wf/enhance_and_skullstrip_bold_wf/apply_mask".
250528-01:03:36,149 nipype.workflow INFO:
	 [Node] Executing "apply_mask" <niworkflows.interfaces.nibabel.ApplyMask>
250528-01:03:36,216 nipype.workflow INFO:
	 [Node] Finished "apply_mask", elapsed time 0.066633s.
250528-01:03:36,241 nipype.interface WARNING:
	 Changing /out/sub-GEO061/ses-t3/func/sub-GEO061_ses-t3_task-image_run-5_desc-brain_mask.nii.gz dtype from float32 to uint8
250528-01:03:48,543 nipype.workflow INFO:
	 [Node] Finished "dvars", elapsed time 20.461265s.
250528-01:03:50,5 nipype.workflow INFO:
	 [Node] Setting-up "fmriprep_25_0_wf.sub_GEO061_wf.bold_ses_t2_task_image_run_3_wf.bold_confounds_wf.tcompcor" in "/work/fmriprep_25_0_wf/sub_GEO061_wf/bold_ses_t2_task_image_run_3_wf/bold_confounds_wf/tcompcor".
250528-01:03:50,198 nipype.workflow INFO:
	 [Node] Executing "tcompcor" <niworkflows.interfaces.patches.RobustTCompCor>
250528-01:04:00,838 nipype.workflow INFO:
	 [Node] Finished "tcompcor", elapsed time 10.639037s.
250528-01:04:02,18 nipype.workflow INFO:
	 [Node] Setting-up "fmriprep_25_0_wf.sub_GEO061_wf.bold_ses_t2_task_image_run_4_wf.bold_confounds_wf.dvars" in "/work/fmriprep_25_0_wf/sub_GEO061_wf/bold_ses_t2_task_image_run_4_wf/bold_confounds_wf/dvars".
250528-01:04:02,19 nipype.workflow INFO:
	 [Node] Setting-up "fmriprep_25_0_wf.sub_GEO061_wf.bold_ses_t2_task_image_run_3_wf.bold_confounds_wf.tcc_metadata_filter" in "/work/fmriprep_25_0_wf/sub_GEO061_wf/bold_ses_t2_task_image_run_3_wf/bold_confounds_wf/tcc_metadata_filter".
250528-01:04:02,155 nipype.workflow INFO:
	 [Node] Executing "tcc_metadata_filter" <fmriprep.interfaces.confounds.FilterDropped>
250528-01:04:02,174 nipype.workflow INFO:
	 [Node] Executing "dvars" <nipype.algorithms.confounds.ComputeDVARS>
250528-01:04:02,178 nipype.workflow INFO:
	 [Node] Finished "tcc_metadata_filter", elapsed time 0.022391s.
250528-01:04:04,7 nipype.workflow INFO:
	 [Node] Setting-up "fmriprep_25_0_wf.sub_GEO061_wf.bold_ses_t2_task_image_run_3_wf.bold_confounds_wf.tcc_metadata_fmt" in "/work/fmriprep_25_0_wf/sub_GEO061_wf/bold_ses_t2_task_image_run_3_wf/bold_confounds_wf/tcc_metadata_fmt".
250528-01:04:04,122 nipype.workflow INFO:
	 [Node] Executing "tcc_metadata_fmt" <niworkflows.interfaces.utility.TSV2JSON>
250528-01:04:04,130 nipype.workflow INFO:
	 [Node] Finished "tcc_metadata_fmt", elapsed time 0.006503s.
250528-01:04:22,600 nipype.workflow INFO:
	 [Node] Finished "dvars", elapsed time 20.419531s.
250528-01:04:24,0 nipype.workflow INFO:
	 [Node] Setting-up "fmriprep_25_0_wf.sub_GEO061_wf.bold_ses_t2_task_image_run_4_wf.bold_confounds_wf.tcompcor" in "/work/fmriprep_25_0_wf/sub_GEO061_wf/bold_ses_t2_task_image_run_4_wf/bold_confounds_wf/tcompcor".
250528-01:04:24,127 nipype.workflow INFO:
	 [Node] Executing "tcompcor" <niworkflows.interfaces.patches.RobustTCompCor>
250528-01:04:35,252 nipype.workflow INFO:
	 [Node] Finished "tcompcor", elapsed time 11.123433s.
250528-01:04:36,14 nipype.workflow INFO:
	 [Node] Setting-up "fmriprep_25_0_wf.sub_GEO061_wf.bold_ses_t2_task_image_run_5_wf.bold_confounds_wf.dvars" in "/work/fmriprep_25_0_wf/sub_GEO061_wf/bold_ses_t2_task_image_run_5_wf/bold_confounds_wf/dvars".
250528-01:04:36,15 nipype.workflow INFO:
	 [Node] Setting-up "fmriprep_25_0_wf.sub_GEO061_wf.bold_ses_t2_task_image_run_4_wf.bold_confounds_wf.tcc_metadata_filter" in "/work/fmriprep_25_0_wf/sub_GEO061_wf/bold_ses_t2_task_image_run_4_wf/bold_confounds_wf/tcc_metadata_filter".
250528-01:04:36,168 nipype.workflow INFO:
	 [Node] Executing "tcc_metadata_filter" <fmriprep.interfaces.confounds.FilterDropped>
250528-01:04:36,187 nipype.workflow INFO:
	 [Node] Finished "tcc_metadata_filter", elapsed time 0.017695s.
250528-01:04:36,444 nipype.workflow INFO:
	 [Node] Executing "dvars" <nipype.algorithms.confounds.ComputeDVARS>
250528-01:04:38,28 nipype.workflow INFO:
	 [Node] Setting-up "fmriprep_25_0_wf.sub_GEO061_wf.bold_ses_t2_task_image_run_4_wf.bold_confounds_wf.tcc_metadata_fmt" in "/work/fmriprep_25_0_wf/sub_GEO061_wf/bold_ses_t2_task_image_run_4_wf/bold_confounds_wf/tcc_metadata_fmt".
250528-01:04:38,182 nipype.workflow INFO:
	 [Node] Executing "tcc_metadata_fmt" <niworkflows.interfaces.utility.TSV2JSON>
250528-01:04:38,189 nipype.workflow INFO:
	 [Node] Finished "tcc_metadata_fmt", elapsed time 0.006508s.
250528-01:04:56,626 nipype.workflow INFO:
	 [Node] Finished "dvars", elapsed time 20.180653s.
250528-01:04:58,17 nipype.workflow INFO:
	 [Node] Setting-up "fmriprep_25_0_wf.sub_GEO061_wf.bold_ses_t2_task_image_run_5_wf.bold_confounds_wf.tcompcor" in "/work/fmriprep_25_0_wf/sub_GEO061_wf/bold_ses_t2_task_image_run_5_wf/bold_confounds_wf/tcompcor".
250528-01:04:58,163 nipype.workflow INFO:
	 [Node] Executing "tcompcor" <niworkflows.interfaces.patches.RobustTCompCor>
250528-01:05:08,958 nipype.workflow INFO:
	 [Node] Finished "tcompcor", elapsed time 10.794385s.
250528-01:05:10,15 nipype.workflow INFO:
	 [Node] Setting-up "fmriprep_25_0_wf.sub_GEO061_wf.bold_ses_t3_task_image_run_1_wf.bold_confounds_wf.dvars" in "/work/fmriprep_25_0_wf/sub_GEO061_wf/bold_ses_t3_task_image_run_1_wf/bold_confounds_wf/dvars".
250528-01:05:10,15 nipype.workflow INFO:
	 [Node] Setting-up "fmriprep_25_0_wf.sub_GEO061_wf.bold_ses_t2_task_image_run_5_wf.bold_confounds_wf.tcc_metadata_filter" in "/work/fmriprep_25_0_wf/sub_GEO061_wf/bold_ses_t2_task_image_run_5_wf/bold_confounds_wf/tcc_metadata_filter".
250528-01:05:10,398 nipype.workflow INFO:
	 [Node] Executing "tcc_metadata_filter" <fmriprep.interfaces.confounds.FilterDropped>
250528-01:05:10,415 nipype.workflow INFO:
	 [Node] Finished "tcc_metadata_filter", elapsed time 0.015741s.
250528-01:05:10,434 nipype.workflow INFO:
	 [Node] Executing "dvars" <nipype.algorithms.confounds.ComputeDVARS>
250528-01:05:12,9 nipype.workflow INFO:
	 [Node] Setting-up "fmriprep_25_0_wf.sub_GEO061_wf.bold_ses_t2_task_image_run_5_wf.bold_confounds_wf.tcc_metadata_fmt" in "/work/fmriprep_25_0_wf/sub_GEO061_wf/bold_ses_t2_task_image_run_5_wf/bold_confounds_wf/tcc_metadata_fmt".
250528-01:05:12,158 nipype.workflow INFO:
	 [Node] Executing "tcc_metadata_fmt" <niworkflows.interfaces.utility.TSV2JSON>
250528-01:05:12,165 nipype.workflow INFO:
	 [Node] Finished "tcc_metadata_fmt", elapsed time 0.006502s.
250528-01:05:30,785 nipype.workflow INFO:
	 [Node] Finished "dvars", elapsed time 20.345528s.
250528-01:05:32,13 nipype.workflow INFO:
	 [Node] Setting-up "fmriprep_25_0_wf.sub_GEO061_wf.bold_ses_t3_task_image_run_1_wf.bold_confounds_wf.tcompcor" in "/work/fmriprep_25_0_wf/sub_GEO061_wf/bold_ses_t3_task_image_run_1_wf/bold_confounds_wf/tcompcor".
250528-01:05:32,169 nipype.workflow INFO:
	 [Node] Executing "tcompcor" <niworkflows.interfaces.patches.RobustTCompCor>
250528-01:05:42,841 nipype.workflow INFO:
	 [Node] Finished "tcompcor", elapsed time 10.670974s.
250528-01:05:44,20 nipype.workflow INFO:
	 [Node] Setting-up "fmriprep_25_0_wf.sub_GEO061_wf.bold_ses_t3_task_image_run_2_wf.bold_confounds_wf.dvars" in "/work/fmriprep_25_0_wf/sub_GEO061_wf/bold_ses_t3_task_image_run_2_wf/bold_confounds_wf/dvars".
250528-01:05:44,22 nipype.workflow INFO:
	 [Node] Setting-up "fmriprep_25_0_wf.sub_GEO061_wf.bold_ses_t3_task_image_run_1_wf.bold_confounds_wf.tcc_metadata_filter" in "/work/fmriprep_25_0_wf/sub_GEO061_wf/bold_ses_t3_task_image_run_1_wf/bold_confounds_wf/tcc_metadata_filter".
250528-01:05:44,197 nipype.workflow INFO:
	 [Node] Executing "tcc_metadata_filter" <fmriprep.interfaces.confounds.FilterDropped>
250528-01:05:44,217 nipype.workflow INFO:
	 [Node] Finished "tcc_metadata_filter", elapsed time 0.018436s.
250528-01:05:44,258 nipype.workflow INFO:
	 [Node] Executing "dvars" <nipype.algorithms.confounds.ComputeDVARS>
250528-01:05:45,353 nipype.workflow INFO:
	 [Node] Finished "unifize", elapsed time 227.343509s.
250528-01:05:46,23 nipype.workflow INFO:
	 [Node] Setting-up "fmriprep_25_0_wf.sub_GEO061_wf.bold_ses_t3_task_retrans_run_1_wf.bold_fit_wf.enhance_and_skullstrip_bold_wf.fixhdr_unifize" in "/work/fmriprep_25_0_wf/sub_GEO061_wf/bold_ses_t3_task_retrans_run_1_wf/bold_fit_wf/enhance_and_skullstrip_bold_wf/fixhdr_unifize".
250528-01:05:46,24 nipype.workflow INFO:
	 [Node] Setting-up "fmriprep_25_0_wf.sub_GEO061_wf.bold_ses_t3_task_image_run_1_wf.bold_confounds_wf.tcc_metadata_fmt" in "/work/fmriprep_25_0_wf/sub_GEO061_wf/bold_ses_t3_task_image_run_1_wf/bold_confounds_wf/tcc_metadata_fmt".
250528-01:05:46,164 nipype.workflow INFO:
	 [Node] Executing "tcc_metadata_fmt" <niworkflows.interfaces.utility.TSV2JSON>
250528-01:05:46,170 nipype.workflow INFO:
	 [Node] Finished "tcc_metadata_fmt", elapsed time 0.005113s.
250528-01:05:46,262 nipype.workflow INFO:
	 [Node] Executing "fixhdr_unifize" <niworkflows.interfaces.header.CopyXForm>
250528-01:05:46,360 nipype.workflow INFO:
	 [Node] Finished "fixhdr_unifize", elapsed time 0.096058s.
250528-01:05:48,42 nipype.workflow INFO:
	 [Node] Setting-up "fmriprep_25_0_wf.sub_GEO061_wf.bold_ses_t3_task_retrans_run_1_wf.bold_fit_wf.enhance_and_skullstrip_bold_wf.skullstrip_second_pass" in "/work/fmriprep_25_0_wf/sub_GEO061_wf/bold_ses_t3_task_retrans_run_1_wf/bold_fit_wf/enhance_and_skullstrip_bold_wf/skullstrip_second_pass".
250528-01:05:48,197 nipype.workflow INFO:
	 [Node] Executing "skullstrip_second_pass" <nipype.interfaces.afni.preprocess.Automask>
250528-01:05:48,657 nipype.workflow INFO:
	 [Node] Finished "skullstrip_second_pass", elapsed time 0.459087s.
250528-01:05:50,25 nipype.workflow INFO:
	 [Node] Setting-up "fmriprep_25_0_wf.sub_GEO061_wf.bold_ses_t3_task_retrans_run_1_wf.bold_fit_wf.enhance_and_skullstrip_bold_wf.fixhdr_skullstrip2" in "/work/fmriprep_25_0_wf/sub_GEO061_wf/bold_ses_t3_task_retrans_run_1_wf/bold_fit_wf/enhance_and_skullstrip_bold_wf/fixhdr_skullstrip2".
250528-01:05:50,191 nipype.workflow INFO:
	 [Node] Executing "fixhdr_skullstrip2" <niworkflows.interfaces.header.CopyXForm>
250528-01:05:50,278 nipype.workflow INFO:
	 [Node] Finished "fixhdr_skullstrip2", elapsed time 0.086256s.
250528-01:05:52,24 nipype.workflow INFO:
	 [Node] Setting-up "fmriprep_25_0_wf.sub_GEO061_wf.bold_ses_t3_task_retrans_run_1_wf.bold_fit_wf.enhance_and_skullstrip_bold_wf.combine_masks" in "/work/fmriprep_25_0_wf/sub_GEO061_wf/bold_ses_t3_task_retrans_run_1_wf/bold_fit_wf/enhance_and_skullstrip_bold_wf/combine_masks".
250528-01:05:52,173 nipype.workflow INFO:
	 [Node] Executing "combine_masks" <nipype.interfaces.fsl.maths.BinaryMaths>
250528-01:05:52,387 nipype.workflow INFO:
	 [Node] Finished "combine_masks", elapsed time 0.213706s.
250528-01:05:54,12 nipype.workflow INFO:
	 [Node] Setting-up "fmriprep_25_0_wf.sub_GEO061_wf.bold_ses_t3_task_retrans_run_1_wf.bold_fit_wf.enhance_and_skullstrip_bold_wf.apply_mask" in "/work/fmriprep_25_0_wf/sub_GEO061_wf/bold_ses_t3_task_retrans_run_1_wf/bold_fit_wf/enhance_and_skullstrip_bold_wf/apply_mask".
250528-01:05:54,222 nipype.workflow INFO:
	 [Node] Executing "apply_mask" <niworkflows.interfaces.nibabel.ApplyMask>
250528-01:05:54,291 nipype.interface WARNING:
	 Changing /out/sub-GEO061/ses-t3/func/sub-GEO061_ses-t3_task-retrans_run-1_desc-brain_mask.nii.gz dtype from float32 to uint8
250528-01:05:54,304 nipype.workflow INFO:
	 [Node] Finished "apply_mask", elapsed time 0.080295s.
250528-01:05:56,41 nipype.workflow INFO:
	 [Node] Setting-up "_denoise0" in "/work/fmriprep_25_0_wf/sub_GEO061_wf/anat_fit_wf/anat_template_wf/denoise/mapflow/_denoise0".
250528-01:05:56,167 nipype.workflow INFO:
	 [Node] Executing "_denoise0" <nipype.interfaces.ants.segmentation.DenoiseImage>
250528-01:06:06,315 nipype.workflow INFO:
	 [Node] Finished "dvars", elapsed time 22.055458s.
250528-01:06:08,22 nipype.workflow INFO:
	 [Node] Setting-up "fmriprep_25_0_wf.sub_GEO061_wf.bold_ses_t3_task_image_run_2_wf.bold_confounds_wf.tcompcor" in "/work/fmriprep_25_0_wf/sub_GEO061_wf/bold_ses_t3_task_image_run_2_wf/bold_confounds_wf/tcompcor".
250528-01:06:08,205 nipype.workflow INFO:
	 [Node] Executing "tcompcor" <niworkflows.interfaces.patches.RobustTCompCor>
250528-01:06:19,132 nipype.workflow INFO:
	 [Node] Finished "tcompcor", elapsed time 10.925875s.
250528-01:06:20,77 nipype.workflow INFO:
	 [Node] Setting-up "fmriprep_25_0_wf.sub_GEO061_wf.bold_ses_t3_task_image_run_3_wf.bold_confounds_wf.dvars" in "/work/fmriprep_25_0_wf/sub_GEO061_wf/bold_ses_t3_task_image_run_3_wf/bold_confounds_wf/dvars".
250528-01:06:20,459 nipype.workflow INFO:
	 [Node] Executing "dvars" <nipype.algorithms.confounds.ComputeDVARS>
250528-01:06:33,888 nipype.workflow INFO:
	 [Node] Finished "_denoise0", elapsed time 37.714717s.
250528-01:06:37,211 nipype.workflow INFO:
	 [Node] Setting-up "fmriprep_25_0_wf.sub_GEO061_wf.bold_ses_t3_task_image_run_2_wf.bold_confounds_wf.tcc_metadata_filter" in "/work/fmriprep_25_0_wf/sub_GEO061_wf/bold_ses_t3_task_image_run_2_wf/bold_confounds_wf/tcc_metadata_filter".
250528-01:06:37,437 nipype.workflow INFO:
	 [Node] Executing "tcc_metadata_filter" <fmriprep.interfaces.confounds.FilterDropped>
250528-01:06:37,489 nipype.workflow INFO:
	 [Node] Finished "tcc_metadata_filter", elapsed time 0.050754s.
250528-01:06:40,8 nipype.workflow INFO:
	 [Node] Setting-up "fmriprep_25_0_wf.sub_GEO061_wf.bold_ses_t3_task_image_run_2_wf.bold_confounds_wf.tcc_metadata_fmt" in "/work/fmriprep_25_0_wf/sub_GEO061_wf/bold_ses_t3_task_image_run_2_wf/bold_confounds_wf/tcc_metadata_fmt".
250528-01:06:40,259 nipype.workflow INFO:
	 [Node] Executing "tcc_metadata_fmt" <niworkflows.interfaces.utility.TSV2JSON>
250528-01:06:40,265 nipype.workflow INFO:
	 [Node] Finished "tcc_metadata_fmt", elapsed time 0.004855s.
250528-01:06:40,839 nipype.workflow INFO:
	 [Node] Finished "dvars", elapsed time 20.379301s.
250528-01:06:42,51 nipype.workflow INFO:
	 [Node] Setting-up "fmriprep_25_0_wf.sub_GEO061_wf.bold_ses_t3_task_image_run_3_wf.bold_confounds_wf.tcompcor" in "/work/fmriprep_25_0_wf/sub_GEO061_wf/bold_ses_t3_task_image_run_3_wf/bold_confounds_wf/tcompcor".
250528-01:06:42,274 nipype.workflow INFO:
	 [Node] Executing "tcompcor" <niworkflows.interfaces.patches.RobustTCompCor>
250528-01:06:43,197 nipype.workflow INFO:
	 [Node] Setting-up "_denoise1" in "/work/fmriprep_25_0_wf/sub_GEO061_wf/anat_fit_wf/anat_template_wf/denoise/mapflow/_denoise1".
250528-01:06:43,347 nipype.workflow INFO:
	 [Node] Executing "_denoise1" <nipype.interfaces.ants.segmentation.DenoiseImage>
250528-01:06:54,212 nipype.workflow INFO:
	 [Node] Finished "tcompcor", elapsed time 11.936976s.
250528-01:06:56,87 nipype.workflow INFO:
	 [Node] Setting-up "fmriprep_25_0_wf.sub_GEO061_wf.bold_ses_t3_task_image_run_4_wf.bold_confounds_wf.dvars" in "/work/fmriprep_25_0_wf/sub_GEO061_wf/bold_ses_t3_task_image_run_4_wf/bold_confounds_wf/dvars".
250528-01:06:56,316 nipype.workflow INFO:
	 [Node] Executing "dvars" <nipype.algorithms.confounds.ComputeDVARS>
250528-01:07:16,984 nipype.workflow INFO:
	 [Node] Finished "dvars", elapsed time 20.666209s.
250528-01:07:18,26 nipype.workflow INFO:
	 [Node] Setting-up "fmriprep_25_0_wf.sub_GEO061_wf.bold_ses_t3_task_image_run_4_wf.bold_confounds_wf.tcompcor" in "/work/fmriprep_25_0_wf/sub_GEO061_wf/bold_ses_t3_task_image_run_4_wf/bold_confounds_wf/tcompcor".
250528-01:07:18,221 nipype.workflow INFO:
	 [Node] Executing "tcompcor" <niworkflows.interfaces.patches.RobustTCompCor>
250528-01:07:21,543 nipype.workflow INFO:
	 [Node] Finished "_denoise1", elapsed time 38.194148s.
250528-01:07:22,272 nipype.workflow INFO:
	 [Node] Setting-up "_denoise0" in "/work/fmriprep_25_0_wf/sub_GEO061_wf/anat_fit_wf/anat_template_wf/denoise/mapflow/_denoise0".
250528-01:07:22,277 nipype.workflow INFO:
	 [Node] Cached "_denoise0" - collecting precomputed outputs
250528-01:07:22,278 nipype.workflow INFO:
	 [Node] "_denoise0" found cached.
250528-01:07:22,278 nipype.workflow INFO:
	 [Node] Setting-up "_denoise1" in "/work/fmriprep_25_0_wf/sub_GEO061_wf/anat_fit_wf/anat_template_wf/denoise/mapflow/_denoise1".
250528-01:07:22,281 nipype.workflow INFO:
	 [Node] Cached "_denoise1" - collecting precomputed outputs
250528-01:07:22,281 nipype.workflow INFO:
	 [Node] "_denoise1" found cached.
250528-01:07:24,338 nipype.workflow INFO:
	 [Node] Setting-up "fmriprep_25_0_wf.sub_GEO061_wf.bold_ses_t3_task_image_run_3_wf.bold_confounds_wf.tcc_metadata_filter" in "/work/fmriprep_25_0_wf/sub_GEO061_wf/bold_ses_t3_task_image_run_3_wf/bold_confounds_wf/tcc_metadata_filter".
250528-01:07:24,635 nipype.workflow INFO:
	 [Node] Executing "tcc_metadata_filter" <fmriprep.interfaces.confounds.FilterDropped>
250528-01:07:24,661 nipype.workflow INFO:
	 [Node] Finished "tcc_metadata_filter", elapsed time 0.024711s.
250528-01:07:26,411 nipype.workflow INFO:
	 [Node] Setting-up "fmriprep_25_0_wf.sub_GEO061_wf.bold_ses_t3_task_image_run_3_wf.bold_confounds_wf.tcc_metadata_fmt" in "/work/fmriprep_25_0_wf/sub_GEO061_wf/bold_ses_t3_task_image_run_3_wf/bold_confounds_wf/tcc_metadata_fmt".
250528-01:07:26,413 nipype.workflow INFO:
	 [Node] Setting-up "_anat_conform0" in "/work/fmriprep_25_0_wf/sub_GEO061_wf/anat_fit_wf/anat_template_wf/anat_conform/mapflow/_anat_conform0".
250528-01:07:26,413 nipype.workflow INFO:
	 [Node] Setting-up "_anat_conform1" in "/work/fmriprep_25_0_wf/sub_GEO061_wf/anat_fit_wf/anat_template_wf/anat_conform/mapflow/_anat_conform1".
250528-01:07:26,644 nipype.workflow INFO:
	 [Node] Executing "tcc_metadata_fmt" <niworkflows.interfaces.utility.TSV2JSON>
250528-01:07:26,649 nipype.workflow INFO:
	 [Node] Finished "tcc_metadata_fmt", elapsed time 0.004202s.
250528-01:07:26,666 nipype.workflow INFO:
	 [Node] Executing "_anat_conform1" <niworkflows.interfaces.images.Conform>
250528-01:07:26,672 nipype.workflow INFO:
	 [Node] Executing "_anat_conform0" <niworkflows.interfaces.images.Conform>
250528-01:07:26,760 nipype.workflow INFO:
	 [Node] Finished "_anat_conform0", elapsed time 0.084228s.
250528-01:07:26,780 nipype.workflow INFO:
	 [Node] Finished "_anat_conform1", elapsed time 0.112533s.
250528-01:07:28,538 nipype.workflow INFO:
	 [Node] Setting-up "_anat_conform0" in "/work/fmriprep_25_0_wf/sub_GEO061_wf/anat_fit_wf/anat_template_wf/anat_conform/mapflow/_anat_conform0".
250528-01:07:28,541 nipype.workflow INFO:
	 [Node] Cached "_anat_conform0" - collecting precomputed outputs
250528-01:07:28,541 nipype.workflow INFO:
	 [Node] "_anat_conform0" found cached.
250528-01:07:28,542 nipype.workflow INFO:
	 [Node] Setting-up "_anat_conform1" in "/work/fmriprep_25_0_wf/sub_GEO061_wf/anat_fit_wf/anat_template_wf/anat_conform/mapflow/_anat_conform1".
250528-01:07:28,545 nipype.workflow INFO:
	 [Node] Cached "_anat_conform1" - collecting precomputed outputs
250528-01:07:28,545 nipype.workflow INFO:
	 [Node] "_anat_conform1" found cached.
250528-01:07:29,157 nipype.workflow INFO:
	 [Node] Finished "tcompcor", elapsed time 10.934568s.
250528-01:07:30,553 nipype.workflow INFO:
	 [Node] Setting-up "fmriprep_25_0_wf.sub_GEO061_wf.bold_ses_t3_task_image_run_5_wf.bold_confounds_wf.dvars" in "/work/fmriprep_25_0_wf/sub_GEO061_wf/bold_ses_t3_task_image_run_5_wf/bold_confounds_wf/dvars".
250528-01:07:30,554 nipype.workflow INFO:
	 [Node] Setting-up "fmriprep_25_0_wf.sub_GEO061_wf.bold_ses_t3_task_image_run_4_wf.bold_confounds_wf.tcc_metadata_filter" in "/work/fmriprep_25_0_wf/sub_GEO061_wf/bold_ses_t3_task_image_run_4_wf/bold_confounds_wf/tcc_metadata_filter".
250528-01:07:30,761 nipype.workflow INFO:
	 [Node] Executing "dvars" <nipype.algorithms.confounds.ComputeDVARS>
250528-01:07:30,851 nipype.workflow INFO:
	 [Node] Executing "tcc_metadata_filter" <fmriprep.interfaces.confounds.FilterDropped>
250528-01:07:30,889 nipype.workflow INFO:
	 [Node] Finished "tcc_metadata_filter", elapsed time 0.037368s.
250528-01:07:32,428 nipype.workflow INFO:
	 [Node] Setting-up "fmriprep_25_0_wf.sub_GEO061_wf.bold_ses_t3_task_image_run_4_wf.bold_confounds_wf.tcc_metadata_fmt" in "/work/fmriprep_25_0_wf/sub_GEO061_wf/bold_ses_t3_task_image_run_4_wf/bold_confounds_wf/tcc_metadata_fmt".
250528-01:07:32,433 nipype.workflow INFO:
	 [Node] Setting-up "_n4_correct0" in "/work/fmriprep_25_0_wf/sub_GEO061_wf/anat_fit_wf/anat_template_wf/n4_correct/mapflow/_n4_correct0".
250528-01:07:32,438 nipype.workflow INFO:
	 [Node] Setting-up "_n4_correct1" in "/work/fmriprep_25_0_wf/sub_GEO061_wf/anat_fit_wf/anat_template_wf/n4_correct/mapflow/_n4_correct1".
250528-01:07:32,707 nipype.workflow INFO:
	 [Node] Executing "tcc_metadata_fmt" <niworkflows.interfaces.utility.TSV2JSON>
250528-01:07:32,713 nipype.workflow INFO:
	 [Node] Finished "tcc_metadata_fmt", elapsed time 0.00498s.
250528-01:07:32,723 nipype.workflow INFO:
	 [Node] Executing "_n4_correct1" <nipype.interfaces.ants.segmentation.N4BiasFieldCorrection>
250528-01:07:32,738 nipype.workflow INFO:
	 [Node] Executing "_n4_correct0" <nipype.interfaces.ants.segmentation.N4BiasFieldCorrection>
250528-01:07:33,224 nipype.workflow INFO:
	 [Node] Setting-up "_anat_conform_xfm1" in "/work/fmriprep_25_0_wf/sub_GEO061_wf/anat_fit_wf/anat_template_wf/anat_conform_xfm/mapflow/_anat_conform_xfm1".
250528-01:07:33,228 nipype.workflow INFO:
	 [Node] Setting-up "_anat_conform_xfm0" in "/work/fmriprep_25_0_wf/sub_GEO061_wf/anat_fit_wf/anat_template_wf/anat_conform_xfm/mapflow/_anat_conform_xfm0".
250528-01:07:33,628 nipype.workflow INFO:
	 [Node] Executing "_anat_conform_xfm1" <niworkflows.interfaces.freesurfer.PatchedLTAConvert>
250528-01:07:33,699 nipype.workflow INFO:
	 [Node] Executing "_anat_conform_xfm0" <niworkflows.interfaces.freesurfer.PatchedLTAConvert>
250528-01:07:34,151 nipype.workflow INFO:
	 [Node] Finished "_anat_conform_xfm0", elapsed time 0.445325s.
250528-01:07:34,166 nipype.workflow INFO:
	 [Node] Finished "_anat_conform_xfm1", elapsed time 0.537516s.
250528-01:07:36,635 nipype.workflow INFO:
	 [Node] Setting-up "_anat_conform_xfm0" in "/work/fmriprep_25_0_wf/sub_GEO061_wf/anat_fit_wf/anat_template_wf/anat_conform_xfm/mapflow/_anat_conform_xfm0".
250528-01:07:36,638 nipype.workflow INFO:
	 [Node] Cached "_anat_conform_xfm0" - collecting precomputed outputs
250528-01:07:36,638 nipype.workflow INFO:
	 [Node] "_anat_conform_xfm0" found cached.
250528-01:07:36,639 nipype.workflow INFO:
	 [Node] Setting-up "_anat_conform_xfm1" in "/work/fmriprep_25_0_wf/sub_GEO061_wf/anat_fit_wf/anat_template_wf/anat_conform_xfm/mapflow/_anat_conform_xfm1".
250528-01:07:36,642 nipype.workflow INFO:
	 [Node] Cached "_anat_conform_xfm1" - collecting precomputed outputs
250528-01:07:36,642 nipype.workflow INFO:
	 [Node] "_anat_conform_xfm1" found cached.
250528-01:07:50,748 nipype.workflow INFO:
	 [Node] Finished "dvars", elapsed time 19.986075s.
250528-01:07:52,373 nipype.workflow INFO:
	 [Node] Setting-up "fmriprep_25_0_wf.sub_GEO061_wf.bold_ses_t3_task_image_run_5_wf.bold_confounds_wf.tcompcor" in "/work/fmriprep_25_0_wf/sub_GEO061_wf/bold_ses_t3_task_image_run_5_wf/bold_confounds_wf/tcompcor".
250528-01:07:52,634 nipype.workflow INFO:
	 [Node] Executing "tcompcor" <niworkflows.interfaces.patches.RobustTCompCor>
250528-01:08:03,227 nipype.workflow INFO:
	 [Node] Finished "tcompcor", elapsed time 10.592071s.
250528-01:08:04,325 nipype.workflow INFO:
	 [Node] Setting-up "fmriprep_25_0_wf.sub_GEO061_wf.bold_ses_t3_task_retrans_run_1_wf.bold_confounds_wf.dvars" in "/work/fmriprep_25_0_wf/sub_GEO061_wf/bold_ses_t3_task_retrans_run_1_wf/bold_confounds_wf/dvars".
250528-01:08:04,325 nipype.workflow INFO:
	 [Node] Setting-up "fmriprep_25_0_wf.sub_GEO061_wf.bold_ses_t3_task_image_run_5_wf.bold_confounds_wf.tcc_metadata_filter" in "/work/fmriprep_25_0_wf/sub_GEO061_wf/bold_ses_t3_task_image_run_5_wf/bold_confounds_wf/tcc_metadata_filter".
250528-01:08:04,605 nipype.workflow INFO:
	 [Node] Executing "dvars" <nipype.algorithms.confounds.ComputeDVARS>
250528-01:08:04,614 nipype.workflow INFO:
	 [Node] Executing "tcc_metadata_filter" <fmriprep.interfaces.confounds.FilterDropped>
250528-01:08:04,646 nipype.workflow INFO:
	 [Node] Finished "tcc_metadata_filter", elapsed time 0.03139s.
250528-01:08:06,355 nipype.workflow INFO:
	 [Node] Setting-up "fmriprep_25_0_wf.sub_GEO061_wf.bold_ses_t3_task_image_run_5_wf.bold_confounds_wf.tcc_metadata_fmt" in "/work/fmriprep_25_0_wf/sub_GEO061_wf/bold_ses_t3_task_image_run_5_wf/bold_confounds_wf/tcc_metadata_fmt".
250528-01:08:06,687 nipype.workflow INFO:
	 [Node] Executing "tcc_metadata_fmt" <niworkflows.interfaces.utility.TSV2JSON>
250528-01:08:06,693 nipype.workflow INFO:
	 [Node] Finished "tcc_metadata_fmt", elapsed time 0.004854s.
250528-01:08:26,447 nipype.workflow INFO:
	 [Node] Finished "dvars", elapsed time 21.841211s.
250528-01:08:28,381 nipype.workflow INFO:
	 [Node] Setting-up "fmriprep_25_0_wf.sub_GEO061_wf.bold_ses_t3_task_retrans_run_1_wf.bold_confounds_wf.tcompcor" in "/work/fmriprep_25_0_wf/sub_GEO061_wf/bold_ses_t3_task_retrans_run_1_wf/bold_confounds_wf/tcompcor".
250528-01:08:28,692 nipype.workflow INFO:
	 [Node] Executing "tcompcor" <niworkflows.interfaces.patches.RobustTCompCor>
250528-01:08:33,353 nipype.workflow INFO:
	 [Node] Finished "_n4_correct0", elapsed time 60.613568s.
250528-01:08:33,593 nipype.workflow INFO:
	 [Node] Finished "_n4_correct1", elapsed time 60.868478s.
250528-01:08:34,586 nipype.workflow INFO:
	 [Node] Setting-up "_n4_correct0" in "/work/fmriprep_25_0_wf/sub_GEO061_wf/anat_fit_wf/anat_template_wf/n4_correct/mapflow/_n4_correct0".
250528-01:08:34,590 nipype.workflow INFO:
	 [Node] Cached "_n4_correct0" - collecting precomputed outputs
250528-01:08:34,591 nipype.workflow INFO:
	 [Node] "_n4_correct0" found cached.
250528-01:08:34,591 nipype.workflow INFO:
	 [Node] Setting-up "_n4_correct1" in "/work/fmriprep_25_0_wf/sub_GEO061_wf/anat_fit_wf/anat_template_wf/n4_correct/mapflow/_n4_correct1".
250528-01:08:34,594 nipype.workflow INFO:
	 [Node] Cached "_n4_correct1" - collecting precomputed outputs
250528-01:08:34,594 nipype.workflow INFO:
	 [Node] "_n4_correct1" found cached.
250528-01:08:36,425 nipype.workflow INFO:
	 [Node] Setting-up "_denoise0" in "/work/fmriprep_25_0_wf/sub_GEO061_wf/anat_fit_wf/t2w_template_wf/denoise/mapflow/_denoise0".
250528-01:08:36,650 nipype.workflow INFO:
	 [Node] Executing "_denoise0" <nipype.interfaces.ants.segmentation.DenoiseImage>
250528-01:08:42,604 nipype.workflow INFO:
	 [Node] Finished "tcompcor", elapsed time 13.910463s.
250528-01:08:44,666 nipype.workflow INFO:
	 [Node] Setting-up "fmriprep_25_0_wf.sub_GEO061_wf.anat_fit_wf.anat_template_wf.anat_merge" in "/work/fmriprep_25_0_wf/sub_GEO061_wf/anat_fit_wf/anat_template_wf/anat_merge".
250528-01:08:45,320 nipype.workflow INFO:
	 [Node] Executing "anat_merge" <niworkflows.interfaces.freesurfer.StructuralReference>
250528-01:09:29,57 nipype.workflow INFO:
	 [Node] Finished "anat_merge", elapsed time 43.725232s.
250528-01:09:30,403 nipype.workflow INFO:
	 [Node] Setting-up "fmriprep_25_0_wf.sub_GEO061_wf.anat_fit_wf.anat_template_wf.anat_reorient" in "/work/fmriprep_25_0_wf/sub_GEO061_wf/anat_fit_wf/anat_template_wf/anat_reorient".
250528-01:09:30,614 nipype.workflow INFO:
	 [Node] Executing "anat_reorient" <nipype.interfaces.image.Reorient>
250528-01:09:30,719 nipype.workflow INFO:
	 [Node] Finished "anat_reorient", elapsed time 0.099788s.
250528-01:09:33,2 nipype.workflow INFO:
	 [Node] Setting-up "fmriprep_25_0_wf.sub_GEO061_wf.bold_ses_t3_task_retrans_run_1_wf.bold_confounds_wf.tcc_metadata_filter" in "/work/fmriprep_25_0_wf/sub_GEO061_wf/bold_ses_t3_task_retrans_run_1_wf/bold_confounds_wf/tcc_metadata_filter".
250528-01:09:33,102 nipype.workflow INFO:
	 [Node] Executing "tcc_metadata_filter" <fmriprep.interfaces.confounds.FilterDropped>
250528-01:09:33,119 nipype.workflow INFO:
	 [Node] Finished "tcc_metadata_filter", elapsed time 0.016105s.
250528-01:09:33,800 nipype.workflow INFO:
	 [Node] Finished "_denoise0", elapsed time 57.149017s.
250528-01:09:34,407 nipype.workflow INFO:
	 [Node] Setting-up "fmriprep_25_0_wf.sub_GEO061_wf.anat_fit_wf.surface_recon_wf.fov_check" in "/work/fmriprep_25_0_wf/sub_GEO061_wf/anat_fit_wf/surface_recon_wf/fov_check".
250528-01:09:34,407 nipype.workflow INFO:
	 [Node] Setting-up "fmriprep_25_0_wf.sub_GEO061_wf.bold_ses_t3_task_retrans_run_1_wf.bold_confounds_wf.tcc_metadata_fmt" in "/work/fmriprep_25_0_wf/sub_GEO061_wf/bold_ses_t3_task_retrans_run_1_wf/bold_confounds_wf/tcc_metadata_fmt".
250528-01:09:34,465 nipype.workflow INFO:
	 [Node] Setting-up "fmriprep_25_0_wf.sub_GEO061_wf.anat_fit_wf.surface_recon_wf.recon_config" in "/work/fmriprep_25_0_wf/sub_GEO061_wf/anat_fit_wf/surface_recon_wf/recon_config".
250528-01:09:34,518 nipype.workflow INFO:
	 [Node] Setting-up "_truncate_images0" in "/work/fmriprep_25_0_wf/sub_GEO061_wf/anat_fit_wf/brain_extraction_wf/truncate_images/mapflow/_truncate_images0".
250528-01:09:34,541 nipype.workflow INFO:
	 [Node] Executing "tcc_metadata_fmt" <niworkflows.interfaces.utility.TSV2JSON>
250528-01:09:34,546 nipype.workflow INFO:
	 [Node] Finished "tcc_metadata_fmt", elapsed time 0.004181s.
250528-01:09:34,851 nipype.workflow INFO:
	 [Node] Executing "fov_check" <nipype.interfaces.utility.wrappers.Function>
250528-01:09:34,851 nipype.workflow INFO:
	 [Node] Executing "recon_config" <niworkflows.interfaces.freesurfer.FSDetectInputs>
250528-01:09:34,911 nipype.workflow INFO:
	 [Node] Executing "_truncate_images0" <nipype.interfaces.ants.utils.ImageMath>
250528-01:09:34,973 nipype.workflow INFO:
	 [Node] Finished "recon_config", elapsed time 0.120576s.
250528-01:09:35,230 nipype.workflow INFO:
	 [Node] Finished "fov_check", elapsed time 0.378172s.
250528-01:09:36,914 nipype.workflow INFO:
	 [Node] Setting-up "fmriprep_25_0_wf.sub_GEO061_wf.anat_fit_wf.surface_recon_wf.autorecon1" in "/work/fmriprep_25_0_wf/sub_GEO061_wf/anat_fit_wf/surface_recon_wf/autorecon1".
250528-01:09:37,157 nipype.workflow INFO:
	 [Node] Executing "autorecon1" <smriprep.interfaces.freesurfer.ReconAll>
250528-01:09:39,567 nipype.workflow INFO:
	 [Node] Finished "_truncate_images0", elapsed time 4.654984s.
250528-01:16:20,536 nipype.workflow INFO:
	 [Node] Finished "autorecon1", elapsed time 403.377292s.
250528-01:16:22,505 nipype.workflow INFO:
	 [Node] Setting-up "fmriprep_25_0_wf.sub_GEO061_wf.anat_fit_wf.surface_recon_wf.fsnative2t1w_xfm" in "/work/fmriprep_25_0_wf/sub_GEO061_wf/anat_fit_wf/surface_recon_wf/fsnative2t1w_xfm".
250528-01:16:22,884 nipype.workflow INFO:
	 [Node] Setting-up "_inu_n40" in "/work/fmriprep_25_0_wf/sub_GEO061_wf/anat_fit_wf/brain_extraction_wf/inu_n4/mapflow/_inu_n40".
250528-01:16:22,927 nipype.workflow INFO:
	 [Node] Executing "fsnative2t1w_xfm" <niworkflows.interfaces.freesurfer.PatchedRobustRegister>
250528-01:16:23,563 nipype.workflow INFO:
	 [Node] Executing "_inu_n40" <nipype.interfaces.ants.segmentation.N4BiasFieldCorrection>
250528-01:16:39,485 nipype.workflow INFO:
	 [Node] Finished "_inu_n40", elapsed time 15.920897s.
250528-01:16:40,447 nipype.workflow INFO:
	 [Node] Setting-up "fmriprep_25_0_wf.sub_GEO061_wf.anat_fit_wf.brain_extraction_wf.res_target" in "/work/fmriprep_25_0_wf/sub_GEO061_wf/anat_fit_wf/brain_extraction_wf/res_target".
250528-01:16:40,448 nipype.workflow INFO:
	 [Node] Setting-up "fmriprep_25_0_wf.sub_GEO061_wf.anat_fit_wf.brain_extraction_wf.lap_target" in "/work/fmriprep_25_0_wf/sub_GEO061_wf/anat_fit_wf/brain_extraction_wf/lap_target".
250528-01:16:40,936 nipype.workflow INFO:
	 [Node] Executing "res_target" <niworkflows.interfaces.nibabel.RegridToZooms>
250528-01:16:40,948 nipype.workflow INFO:
	 [Node] Executing "lap_target" <nipype.interfaces.ants.utils.ImageMath>
250528-01:16:41,896 nipype.workflow INFO:
	 [Node] Finished "res_target", elapsed time 0.958401s.
250528-01:16:49,147 nipype.workflow INFO:
	 [Node] Finished "lap_target", elapsed time 8.197273s.
250528-01:16:50,510 nipype.workflow INFO:
	 [Node] Setting-up "fmriprep_25_0_wf.sub_GEO061_wf.anat_fit_wf.brain_extraction_wf.init_aff" in "/work/fmriprep_25_0_wf/sub_GEO061_wf/anat_fit_wf/brain_extraction_wf/init_aff".
250528-01:16:50,592 nipype.workflow INFO:
	 [Node] Finished "fsnative2t1w_xfm", elapsed time 27.663811s.
250528-01:16:51,10 nipype.workflow INFO:
	 [Node] Executing "init_aff" <nipype.interfaces.ants.utils.AI>
250528-01:16:52,486 nipype.workflow INFO:
	 [Node] Setting-up "fmriprep_25_0_wf.sub_GEO061_wf.anat_fit_wf.brain_extraction_wf.mrg_target" in "/work/fmriprep_25_0_wf/sub_GEO061_wf/anat_fit_wf/brain_extraction_wf/mrg_target".
250528-01:16:52,897 nipype.workflow INFO:
	 [Node] Executing "mrg_target" <nipype.interfaces.utility.base.Merge>
250528-01:16:52,898 nipype.workflow INFO:
	 [Node] Finished "mrg_target", elapsed time 0.000537s.
250528-01:17:05,874 nipype.workflow INFO:
	 [Node] Finished "init_aff", elapsed time 14.863293s.
250528-01:17:07,96 nipype.workflow INFO:
	 [Node] Setting-up "fmriprep_25_0_wf.sub_GEO061_wf.anat_fit_wf.brain_extraction_wf.norm" in "/work/fmriprep_25_0_wf/sub_GEO061_wf/anat_fit_wf/brain_extraction_wf/norm".
250528-01:17:07,443 nipype.workflow INFO:
	 [Node] Executing "norm" <niworkflows.interfaces.fixes.FixHeaderRegistration>
250528-01:22:27,376 nipype.workflow INFO:
	 [Node] Finished "norm", elapsed time 319.930617s.
250528-01:22:29,230 nipype.workflow INFO:
	 [Node] Setting-up "fmriprep_25_0_wf.sub_GEO061_wf.anat_fit_wf.brain_extraction_wf.map_brainmask" in "/work/fmriprep_25_0_wf/sub_GEO061_wf/anat_fit_wf/brain_extraction_wf/map_brainmask".
250528-01:22:29,233 nipype.workflow INFO:
	 [Node] Setting-up "fmriprep_25_0_wf.sub_GEO061_wf.anat_fit_wf.brain_extraction_wf.map_wmmask" in "/work/fmriprep_25_0_wf/sub_GEO061_wf/anat_fit_wf/brain_extraction_wf/map_wmmask".
250528-01:22:30,82 nipype.workflow INFO:
	 [Node] Executing "map_wmmask" <niworkflows.interfaces.fixes.FixHeaderApplyTransforms>
250528-01:22:30,338 nipype.workflow INFO:
	 [Node] Executing "map_brainmask" <niworkflows.interfaces.fixes.FixHeaderApplyTransforms>
250528-01:22:42,612 nipype.workflow INFO:
	 [Node] Finished "map_brainmask", elapsed time 12.273355s.
250528-01:22:45,188 nipype.workflow INFO:
	 [Node] Setting-up "fmriprep_25_0_wf.sub_GEO061_wf.anat_fit_wf.brain_extraction_wf.thr_brainmask" in "/work/fmriprep_25_0_wf/sub_GEO061_wf/anat_fit_wf/brain_extraction_wf/thr_brainmask".
250528-01:22:45,855 nipype.workflow INFO:
	 [Node] Finished "map_wmmask", elapsed time 15.771632s.
250528-01:22:46,496 nipype.workflow INFO:
	 [Node] Executing "thr_brainmask" <nipype.interfaces.ants.utils.ThresholdImage>
250528-01:22:47,599 nipype.workflow INFO:
	 [Node] Finished "thr_brainmask", elapsed time 1.102361s.
250528-01:22:48,155 nipype.workflow INFO:
	 [Node] Setting-up "_inu_n4_final0" in "/work/fmriprep_25_0_wf/sub_GEO061_wf/anat_fit_wf/brain_extraction_wf/inu_n4_final/mapflow/_inu_n4_final0".
250528-01:22:49,220 nipype.workflow INFO:
	 [Node] Setting-up "fmriprep_25_0_wf.sub_GEO061_wf.anat_fit_wf.brain_extraction_wf.atropos_wf.dil_brainmask" in "/work/fmriprep_25_0_wf/sub_GEO061_wf/anat_fit_wf/brain_extraction_wf/atropos_wf/dil_brainmask".
250528-01:22:49,705 nipype.workflow INFO:
	 [Node] Executing "_inu_n4_final0" <nipype.interfaces.ants.segmentation.N4BiasFieldCorrection>
250528-01:22:49,953 nipype.workflow INFO:
	 [Node] Executing "dil_brainmask" <nipype.interfaces.ants.utils.ImageMath>
250528-01:22:51,131 nipype.workflow INFO:
	 [Node] Finished "dil_brainmask", elapsed time 1.176322s.
250528-01:22:53,240 nipype.workflow INFO:
	 [Node] Setting-up "fmriprep_25_0_wf.sub_GEO061_wf.anat_fit_wf.brain_extraction_wf.atropos_wf.03_pad_mask" in "/work/fmriprep_25_0_wf/sub_GEO061_wf/anat_fit_wf/brain_extraction_wf/atropos_wf/03_pad_mask".
250528-01:22:53,993 nipype.workflow INFO:
	 [Node] Executing "03_pad_mask" <nipype.interfaces.ants.utils.ImageMath>
250528-01:22:54,792 nipype.workflow INFO:
	 [Node] Finished "03_pad_mask", elapsed time 0.796979s.
250528-01:22:57,186 nipype.workflow INFO:
	 [Node] Setting-up "fmriprep_25_0_wf.sub_GEO061_wf.anat_fit_wf.brain_extraction_wf.atropos_wf.get_brainmask" in "/work/fmriprep_25_0_wf/sub_GEO061_wf/anat_fit_wf/brain_extraction_wf/atropos_wf/get_brainmask".
250528-01:22:57,888 nipype.workflow INFO:
	 [Node] Executing "get_brainmask" <nipype.interfaces.ants.utils.ImageMath>
250528-01:22:59,153 nipype.workflow INFO:
	 [Node] Finished "get_brainmask", elapsed time 1.263982s.
250528-01:23:04,110 nipype.workflow INFO:
	 [Node] Finished "_inu_n4_final0", elapsed time 14.403401s.
250528-01:23:07,207 nipype.workflow INFO:
	 [Node] Setting-up "fmriprep_25_0_wf.sub_GEO061_wf.anat_fit_wf.brain_extraction_wf.atropos_wf.01_atropos" in "/work/fmriprep_25_0_wf/sub_GEO061_wf/anat_fit_wf/brain_extraction_wf/atropos_wf/01_atropos".
250528-01:23:07,965 nipype.workflow INFO:
	 [Node] Setting-up "_apply_mask0" in "/work/fmriprep_25_0_wf/sub_GEO061_wf/anat_fit_wf/brain_extraction_wf/apply_mask/mapflow/_apply_mask0".
250528-01:23:07,974 nipype.workflow INFO:
	 [Node] Executing "01_atropos" <nipype.interfaces.ants.segmentation.Atropos>
250528-01:23:09,672 nipype.workflow INFO:
	 [Node] Executing "_apply_mask0" <niworkflows.interfaces.nibabel.ApplyMask>
250528-01:23:10,490 nipype.workflow INFO:
	 [Node] Finished "_apply_mask0", elapsed time 0.816794s.
250528-01:23:30,35 nipype.workflow INFO:
	 [Node] Finished "01_atropos", elapsed time 22.054142s.
250528-01:23:31,220 nipype.workflow INFO:
	 [Node] Setting-up "fmriprep_25_0_wf.sub_GEO061_wf.anat_fit_wf.brain_extraction_wf.atropos_wf.02_pad_segm" in "/work/fmriprep_25_0_wf/sub_GEO061_wf/anat_fit_wf/brain_extraction_wf/atropos_wf/02_pad_segm".
250528-01:23:32,527 nipype.workflow INFO:
	 [Node] Executing "02_pad_segm" <nipype.interfaces.ants.utils.ImageMath>
250528-01:23:32,648 nipype.workflow INFO:
	 [Node] Setting-up "_denoise1" in "/work/fmriprep_25_0_wf/sub_GEO061_wf/anat_fit_wf/t2w_template_wf/denoise/mapflow/_denoise1".
250528-01:23:33,619 nipype.workflow INFO:
	 [Node] Finished "02_pad_segm", elapsed time 1.091382s.
250528-01:23:33,628 nipype.workflow INFO:
	 [Node] Executing "_denoise1" <nipype.interfaces.ants.segmentation.DenoiseImage>
250528-01:23:35,488 nipype.workflow INFO:
	 [Node] Setting-up "fmriprep_25_0_wf.sub_GEO061_wf.anat_fit_wf.brain_extraction_wf.atropos_wf.04_sel_labels" in "/work/fmriprep_25_0_wf/sub_GEO061_wf/anat_fit_wf/brain_extraction_wf/atropos_wf/04_sel_labels".
250528-01:23:37,448 nipype.workflow INFO:
	 [Node] Executing "04_sel_labels" <nipype.interfaces.utility.wrappers.Function>
250528-01:23:38,706 nipype.workflow INFO:
	 [Node] Finished "04_sel_labels", elapsed time 1.249186s.
250528-01:23:46,874 nipype.workflow INFO:
	 [Node] Setting-up "fmriprep_25_0_wf.sub_GEO061_wf.anat_fit_wf.brain_extraction_wf.atropos_wf.05_get_wm" in "/work/fmriprep_25_0_wf/sub_GEO061_wf/anat_fit_wf/brain_extraction_wf/atropos_wf/05_get_wm".
250528-01:23:48,75 nipype.workflow INFO:
	 [Node] Executing "05_get_wm" <nipype.interfaces.ants.utils.ImageMath>
250528-01:23:49,478 nipype.workflow INFO:
	 [Node] Finished "05_get_wm", elapsed time 1.398601s.
250528-01:23:51,180 nipype.workflow INFO:
	 [Node] Setting-up "fmriprep_25_0_wf.sub_GEO061_wf.anat_fit_wf.brain_extraction_wf.atropos_wf.06_get_gm" in "/work/fmriprep_25_0_wf/sub_GEO061_wf/anat_fit_wf/brain_extraction_wf/atropos_wf/06_get_gm".
250528-01:23:52,253 nipype.workflow INFO:
	 [Node] Executing "06_get_gm" <nipype.interfaces.ants.utils.ImageMath>
250528-01:23:53,570 nipype.workflow INFO:
	 [Node] Finished "06_get_gm", elapsed time 1.316424s.
250528-01:23:55,157 nipype.workflow INFO:
	 [Node] Setting-up "fmriprep_25_0_wf.sub_GEO061_wf.anat_fit_wf.brain_extraction_wf.atropos_wf.10_me_csf" in "/work/fmriprep_25_0_wf/sub_GEO061_wf/anat_fit_wf/brain_extraction_wf/atropos_wf/10_me_csf".
250528-01:23:55,742 nipype.workflow INFO:
	 [Node] Executing "10_me_csf" <nipype.interfaces.ants.utils.ImageMath>
250528-01:23:58,235 nipype.workflow INFO:
	 [Node] Finished "10_me_csf", elapsed time 2.492695s.
250528-01:23:59,231 nipype.workflow INFO:
	 [Node] Setting-up "fmriprep_25_0_wf.sub_GEO061_wf.anat_fit_wf.brain_extraction_wf.atropos_wf.27_depad_csf" in "/work/fmriprep_25_0_wf/sub_GEO061_wf/anat_fit_wf/brain_extraction_wf/atropos_wf/27_depad_csf".
250528-01:23:59,956 nipype.workflow INFO:
	 [Node] Executing "27_depad_csf" <nipype.interfaces.ants.utils.ImageMath>
250528-01:24:00,670 nipype.workflow INFO:
	 [Node] Finished "27_depad_csf", elapsed time 0.712976s.
250528-01:24:04,259 nipype.workflow INFO:
	 [Node] Setting-up "fmriprep_25_0_wf.sub_GEO061_wf.anat_fit_wf.brain_extraction_wf.atropos_wf.09_relabel_wm" in "/work/fmriprep_25_0_wf/sub_GEO061_wf/anat_fit_wf/brain_extraction_wf/atropos_wf/09_relabel_wm".
250528-01:24:05,512 nipype.workflow INFO:
	 [Node] Executing "09_relabel_wm" <nipype.interfaces.ants.utils.MultiplyImages>
250528-01:24:06,512 nipype.workflow INFO:
	 [Node] Finished "09_relabel_wm", elapsed time 0.998317s.
250528-01:24:09,219 nipype.workflow INFO:
	 [Node] Setting-up "fmriprep_25_0_wf.sub_GEO061_wf.anat_fit_wf.brain_extraction_wf.atropos_wf.07_fill_gm" in "/work/fmriprep_25_0_wf/sub_GEO061_wf/anat_fit_wf/brain_extraction_wf/atropos_wf/07_fill_gm".
250528-01:24:09,988 nipype.workflow INFO:
	 [Node] Executing "07_fill_gm" <nipype.interfaces.ants.utils.ImageMath>
250528-01:24:15,996 nipype.workflow INFO:
	 [Node] Finished "07_fill_gm", elapsed time 6.006387s.
250528-01:24:19,62 nipype.workflow INFO:
	 [Node] Setting-up "fmriprep_25_0_wf.sub_GEO061_wf.anat_fit_wf.brain_extraction_wf.atropos_wf.26_depad_wm" in "/work/fmriprep_25_0_wf/sub_GEO061_wf/anat_fit_wf/brain_extraction_wf/atropos_wf/26_depad_wm".
250528-01:24:20,154 nipype.workflow INFO:
	 [Node] Executing "26_depad_wm" <nipype.interfaces.ants.utils.ImageMath>
250528-01:24:21,387 nipype.workflow INFO:
	 [Node] Finished "26_depad_wm", elapsed time 1.232453s.
250528-01:24:23,311 nipype.workflow INFO:
	 [Node] Setting-up "fmriprep_25_0_wf.sub_GEO061_wf.anat_fit_wf.brain_extraction_wf.atropos_wf.08_mult_gm" in "/work/fmriprep_25_0_wf/sub_GEO061_wf/anat_fit_wf/brain_extraction_wf/atropos_wf/08_mult_gm".
250528-01:24:25,113 nipype.workflow INFO:
	 [Node] Executing "08_mult_gm" <nipype.interfaces.ants.utils.MultiplyImages>
250528-01:24:25,974 nipype.workflow INFO:
	 [Node] Finished "08_mult_gm", elapsed time 0.860707s.
250528-01:24:27,330 nipype.workflow INFO:
	 [Node] Setting-up "fmriprep_25_0_wf.sub_GEO061_wf.anat_fit_wf.brain_extraction_wf.atropos_wf.apply_wm_prior" in "/work/fmriprep_25_0_wf/sub_GEO061_wf/anat_fit_wf/brain_extraction_wf/atropos_wf/apply_wm_prior".
250528-01:24:28,157 nipype.workflow INFO:
	 [Node] Executing "apply_wm_prior" <nipype.interfaces.utility.wrappers.Function>
250528-01:24:29,359 nipype.workflow INFO:
	 [Node] Finished "apply_wm_prior", elapsed time 1.200346s.
250528-01:24:31,382 nipype.workflow INFO:
	 [Node] Finished "_denoise1", elapsed time 57.751927s.
250528-01:24:31,419 nipype.workflow INFO:
	 [Node] Setting-up "fmriprep_25_0_wf.sub_GEO061_wf.anat_fit_wf.brain_extraction_wf.atropos_wf.11_add_gm" in "/work/fmriprep_25_0_wf/sub_GEO061_wf/anat_fit_wf/brain_extraction_wf/atropos_wf/11_add_gm".
250528-01:24:32,974 nipype.workflow INFO:
	 [Node] Executing "11_add_gm" <nipype.interfaces.ants.utils.ImageMath>
250528-01:24:34,415 nipype.workflow INFO:
	 [Node] Setting-up "_denoise0" in "/work/fmriprep_25_0_wf/sub_GEO061_wf/anat_fit_wf/t2w_template_wf/denoise/mapflow/_denoise0".
250528-01:24:34,442 nipype.workflow INFO:
	 [Node] Cached "_denoise0" - collecting precomputed outputs
250528-01:24:34,442 nipype.workflow INFO:
	 [Node] "_denoise0" found cached.
250528-01:24:34,442 nipype.workflow INFO:
	 [Node] Setting-up "_denoise1" in "/work/fmriprep_25_0_wf/sub_GEO061_wf/anat_fit_wf/t2w_template_wf/denoise/mapflow/_denoise1".
250528-01:24:34,446 nipype.workflow INFO:
	 [Node] Cached "_denoise1" - collecting precomputed outputs
250528-01:24:34,446 nipype.workflow INFO:
	 [Node] "_denoise1" found cached.
250528-01:24:34,789 nipype.workflow INFO:
	 [Node] Finished "11_add_gm", elapsed time 1.814222s.
250528-01:24:36,543 nipype.workflow INFO:
	 [Node] Setting-up "_inu_n4_final0" in "/work/fmriprep_25_0_wf/sub_GEO061_wf/anat_fit_wf/brain_extraction_wf/atropos_wf/inu_n4_final/mapflow/_inu_n4_final0".
250528-01:24:37,188 nipype.workflow INFO:
	 [Node] Executing "_inu_n4_final0" <nipype.interfaces.ants.segmentation.N4BiasFieldCorrection>
250528-01:24:37,323 nipype.workflow INFO:
	 [Node] Setting-up "fmriprep_25_0_wf.sub_GEO061_wf.anat_fit_wf.brain_extraction_wf.atropos_wf.12_relabel_gm" in "/work/fmriprep_25_0_wf/sub_GEO061_wf/anat_fit_wf/brain_extraction_wf/atropos_wf/12_relabel_gm".
250528-01:24:38,380 nipype.workflow INFO:
	 [Node] Executing "12_relabel_gm" <nipype.interfaces.ants.utils.MultiplyImages>
250528-01:24:39,60 nipype.workflow INFO:
	 [Node] Finished "12_relabel_gm", elapsed time 0.678568s.
250528-01:24:41,416 nipype.workflow INFO:
	 [Node] Setting-up "fmriprep_25_0_wf.sub_GEO061_wf.anat_fit_wf.brain_extraction_wf.atropos_wf.13_add_gm_wm" in "/work/fmriprep_25_0_wf/sub_GEO061_wf/anat_fit_wf/brain_extraction_wf/atropos_wf/13_add_gm_wm".
250528-01:24:42,260 nipype.workflow INFO:
	 [Node] Executing "13_add_gm_wm" <nipype.interfaces.ants.utils.ImageMath>
250528-01:24:43,609 nipype.workflow INFO:
	 [Node] Finished "13_add_gm_wm", elapsed time 1.347545s.
250528-01:24:45,404 nipype.workflow INFO:
	 [Node] Setting-up "fmriprep_25_0_wf.sub_GEO061_wf.anat_fit_wf.brain_extraction_wf.atropos_wf.25_depad_gm" in "/work/fmriprep_25_0_wf/sub_GEO061_wf/anat_fit_wf/brain_extraction_wf/atropos_wf/25_depad_gm".
250528-01:24:47,229 nipype.workflow INFO:
	 [Node] Executing "25_depad_gm" <nipype.interfaces.ants.utils.ImageMath>
250528-01:24:48,25 nipype.workflow INFO:
	 [Node] Finished "25_depad_gm", elapsed time 0.794789s.
250528-01:24:49,417 nipype.workflow INFO:
	 [Node] Setting-up "fmriprep_25_0_wf.sub_GEO061_wf.anat_fit_wf.brain_extraction_wf.atropos_wf.14_sel_labels2" in "/work/fmriprep_25_0_wf/sub_GEO061_wf/anat_fit_wf/brain_extraction_wf/atropos_wf/14_sel_labels2".
250528-01:24:50,58 nipype.workflow INFO:
	 [Node] Executing "14_sel_labels2" <nipype.interfaces.utility.wrappers.Function>
250528-01:24:50,875 nipype.workflow INFO:
	 [Node] Finished "14_sel_labels2", elapsed time 0.815016s.
250528-01:24:53,402 nipype.workflow INFO:
	 [Node] Setting-up "fmriprep_25_0_wf.sub_GEO061_wf.anat_fit_wf.brain_extraction_wf.atropos_wf.24_depad_segm" in "/work/fmriprep_25_0_wf/sub_GEO061_wf/anat_fit_wf/brain_extraction_wf/atropos_wf/24_depad_segm".
250528-01:24:54,182 nipype.workflow INFO:
	 [Node] Executing "24_depad_segm" <nipype.interfaces.ants.utils.ImageMath>
250528-01:24:54,424 nipype.workflow INFO:
	 [Node] Finished "_inu_n4_final0", elapsed time 17.234241s.
250528-01:24:54,956 nipype.workflow INFO:
	 [Node] Finished "24_depad_segm", elapsed time 0.773063s.
250528-01:24:57,412 nipype.workflow INFO:
	 [Node] Setting-up "fmriprep_25_0_wf.sub_GEO061_wf.anat_fit_wf.brain_extraction_wf.atropos_wf.merge_tpms" in "/work/fmriprep_25_0_wf/sub_GEO061_wf/anat_fit_wf/brain_extraction_wf/atropos_wf/merge_tpms".
250528-01:24:57,414 nipype.workflow INFO:
	 [Node] Setting-up "fmriprep_25_0_wf.sub_GEO061_wf.anat_fit_wf.brain_extraction_wf.atropos_wf.15_add_7" in "/work/fmriprep_25_0_wf/sub_GEO061_wf/anat_fit_wf/brain_extraction_wf/atropos_wf/15_add_7".
250528-01:24:57,416 nipype.workflow INFO:
	 [Node] Setting-up "_anat_conform0" in "/work/fmriprep_25_0_wf/sub_GEO061_wf/anat_fit_wf/t2w_template_wf/anat_conform/mapflow/_anat_conform0".
250528-01:24:57,417 nipype.workflow INFO:
	 [Node] Setting-up "_anat_conform1" in "/work/fmriprep_25_0_wf/sub_GEO061_wf/anat_fit_wf/t2w_template_wf/anat_conform/mapflow/_anat_conform1".
250528-01:24:58,343 nipype.workflow INFO:
	 [Node] Executing "15_add_7" <nipype.interfaces.ants.utils.ImageMath>
250528-01:24:58,478 nipype.workflow INFO:
	 [Node] Executing "_anat_conform1" <niworkflows.interfaces.images.Conform>
250528-01:24:58,548 nipype.workflow INFO:
	 [Node] Executing "_anat_conform0" <niworkflows.interfaces.images.Conform>
250528-01:24:58,699 nipype.workflow INFO:
	 [Node] Finished "_anat_conform1", elapsed time 0.219671s.
250528-01:24:58,779 nipype.workflow INFO:
	 [Node] Finished "_anat_conform0", elapsed time 0.229552s.
250528-01:24:58,850 nipype.workflow INFO:
	 [Node] Executing "merge_tpms" <nipype.interfaces.utility.base.Merge>
250528-01:24:58,852 nipype.workflow INFO:
	 [Node] Finished "merge_tpms", elapsed time 0.000465s.
250528-01:24:59,970 nipype.workflow INFO:
	 [Node] Finished "15_add_7", elapsed time 1.626157s.
250528-01:25:01,406 nipype.workflow INFO:
	 [Node] Setting-up "fmriprep_25_0_wf.sub_GEO061_wf.anat_fit_wf.brain_extraction_wf.atropos_wf.16_me_7" in "/work/fmriprep_25_0_wf/sub_GEO061_wf/anat_fit_wf/brain_extraction_wf/atropos_wf/16_me_7".
250528-01:25:01,683 nipype.workflow INFO:
	 [Node] Setting-up "_anat_conform0" in "/work/fmriprep_25_0_wf/sub_GEO061_wf/anat_fit_wf/t2w_template_wf/anat_conform/mapflow/_anat_conform0".
250528-01:25:01,686 nipype.workflow INFO:
	 [Node] Cached "_anat_conform0" - collecting precomputed outputs
250528-01:25:01,686 nipype.workflow INFO:
	 [Node] "_anat_conform0" found cached.
250528-01:25:01,686 nipype.workflow INFO:
	 [Node] Setting-up "_anat_conform1" in "/work/fmriprep_25_0_wf/sub_GEO061_wf/anat_fit_wf/t2w_template_wf/anat_conform/mapflow/_anat_conform1".
250528-01:25:01,689 nipype.workflow INFO:
	 [Node] Cached "_anat_conform1" - collecting precomputed outputs
250528-01:25:01,689 nipype.workflow INFO:
	 [Node] "_anat_conform1" found cached.
250528-01:25:02,209 nipype.workflow INFO:
	 [Node] Executing "16_me_7" <nipype.interfaces.ants.utils.ImageMath>
250528-01:25:04,54 nipype.workflow INFO:
	 [Node] Finished "16_me_7", elapsed time 1.8436569999999999s.
250528-01:25:05,380 nipype.workflow INFO:
	 [Node] Setting-up "fmriprep_25_0_wf.sub_GEO061_wf.anat_fit_wf.brain_extraction_wf.atropos_wf.17_comp_7" in "/work/fmriprep_25_0_wf/sub_GEO061_wf/anat_fit_wf/brain_extraction_wf/atropos_wf/17_comp_7".
250528-01:25:05,387 nipype.workflow INFO:
	 [Node] Setting-up "_n4_correct0" in "/work/fmriprep_25_0_wf/sub_GEO061_wf/anat_fit_wf/t2w_template_wf/n4_correct/mapflow/_n4_correct0".
250528-01:25:05,387 nipype.workflow INFO:
	 [Node] Setting-up "_anat_conform_xfm1" in "/work/fmriprep_25_0_wf/sub_GEO061_wf/anat_fit_wf/t2w_template_wf/anat_conform_xfm/mapflow/_anat_conform_xfm1".
250528-01:25:05,388 nipype.workflow INFO:
	 [Node] Setting-up "_n4_correct1" in "/work/fmriprep_25_0_wf/sub_GEO061_wf/anat_fit_wf/t2w_template_wf/n4_correct/mapflow/_n4_correct1".
250528-01:25:05,429 nipype.workflow INFO:
	 [Node] Setting-up "_anat_conform_xfm0" in "/work/fmriprep_25_0_wf/sub_GEO061_wf/anat_fit_wf/t2w_template_wf/anat_conform_xfm/mapflow/_anat_conform_xfm0".
250528-01:25:06,90 nipype.workflow INFO:
	 [Node] Executing "_n4_correct0" <nipype.interfaces.ants.segmentation.N4BiasFieldCorrection>
250528-01:25:06,103 nipype.workflow INFO:
	 [Node] Executing "17_comp_7" <nipype.interfaces.ants.utils.ImageMath>
250528-01:25:06,153 nipype.workflow INFO:
	 [Node] Executing "_n4_correct1" <nipype.interfaces.ants.segmentation.N4BiasFieldCorrection>
250528-01:25:06,188 nipype.workflow INFO:
	 [Node] Executing "_anat_conform_xfm0" <niworkflows.interfaces.freesurfer.PatchedLTAConvert>
250528-01:25:06,257 nipype.workflow INFO:
	 [Node] Executing "_anat_conform_xfm1" <niworkflows.interfaces.freesurfer.PatchedLTAConvert>
250528-01:25:06,428 nipype.workflow INFO:
	 [Node] Finished "_anat_conform_xfm0", elapsed time 0.238607s.
250528-01:25:06,513 nipype.workflow INFO:
	 [Node] Finished "_anat_conform_xfm1", elapsed time 0.254511s.
250528-01:25:07,376 nipype.workflow INFO:
	 [Node] Finished "17_comp_7", elapsed time 1.272246s.
250528-01:25:07,667 nipype.workflow INFO:
	 [Node] Setting-up "_anat_conform_xfm0" in "/work/fmriprep_25_0_wf/sub_GEO061_wf/anat_fit_wf/t2w_template_wf/anat_conform_xfm/mapflow/_anat_conform_xfm0".
250528-01:25:07,671 nipype.workflow INFO:
	 [Node] Cached "_anat_conform_xfm0" - collecting precomputed outputs
250528-01:25:07,671 nipype.workflow INFO:
	 [Node] "_anat_conform_xfm0" found cached.
250528-01:25:07,672 nipype.workflow INFO:
	 [Node] Setting-up "_anat_conform_xfm1" in "/work/fmriprep_25_0_wf/sub_GEO061_wf/anat_fit_wf/t2w_template_wf/anat_conform_xfm/mapflow/_anat_conform_xfm1".
250528-01:25:07,675 nipype.workflow INFO:
	 [Node] Cached "_anat_conform_xfm1" - collecting precomputed outputs
250528-01:25:07,675 nipype.workflow INFO:
	 [Node] "_anat_conform_xfm1" found cached.
250528-01:25:09,404 nipype.workflow INFO:
	 [Node] Setting-up "fmriprep_25_0_wf.sub_GEO061_wf.anat_fit_wf.brain_extraction_wf.atropos_wf.18_md_7" in "/work/fmriprep_25_0_wf/sub_GEO061_wf/anat_fit_wf/brain_extraction_wf/atropos_wf/18_md_7".
250528-01:25:10,485 nipype.workflow INFO:
	 [Node] Executing "18_md_7" <nipype.interfaces.ants.utils.ImageMath>
250528-01:25:11,669 nipype.workflow INFO:
	 [Node] Finished "18_md_7", elapsed time 1.182863s.
250528-01:25:13,440 nipype.workflow INFO:
	 [Node] Setting-up "fmriprep_25_0_wf.sub_GEO061_wf.anat_fit_wf.brain_extraction_wf.atropos_wf.19_fill_7" in "/work/fmriprep_25_0_wf/sub_GEO061_wf/anat_fit_wf/brain_extraction_wf/atropos_wf/19_fill_7".
250528-01:25:13,991 nipype.workflow INFO:
	 [Node] Executing "19_fill_7" <nipype.interfaces.ants.utils.ImageMath>
250528-01:25:19,468 nipype.workflow INFO:
	 [Node] Finished "19_fill_7", elapsed time 5.475893s.
250528-01:25:21,418 nipype.workflow INFO:
	 [Node] Setting-up "fmriprep_25_0_wf.sub_GEO061_wf.anat_fit_wf.brain_extraction_wf.atropos_wf.20_add_7_2" in "/work/fmriprep_25_0_wf/sub_GEO061_wf/anat_fit_wf/brain_extraction_wf/atropos_wf/20_add_7_2".
250528-01:25:21,830 nipype.workflow INFO:
	 [Node] Executing "20_add_7_2" <nipype.interfaces.ants.utils.ImageMath>
250528-01:25:23,470 nipype.workflow INFO:
	 [Node] Finished "20_add_7_2", elapsed time 1.639378s.
250528-01:25:25,454 nipype.workflow INFO:
	 [Node] Setting-up "fmriprep_25_0_wf.sub_GEO061_wf.anat_fit_wf.brain_extraction_wf.atropos_wf.21_md_7_2" in "/work/fmriprep_25_0_wf/sub_GEO061_wf/anat_fit_wf/brain_extraction_wf/atropos_wf/21_md_7_2".
250528-01:25:26,160 nipype.workflow INFO:
	 [Node] Executing "21_md_7_2" <nipype.interfaces.ants.utils.ImageMath>
250528-01:25:27,966 nipype.workflow INFO:
	 [Node] Finished "21_md_7_2", elapsed time 1.8055020000000002s.
250528-01:25:29,416 nipype.workflow INFO:
	 [Node] Setting-up "fmriprep_25_0_wf.sub_GEO061_wf.anat_fit_wf.brain_extraction_wf.atropos_wf.22_me_7_2" in "/work/fmriprep_25_0_wf/sub_GEO061_wf/anat_fit_wf/brain_extraction_wf/atropos_wf/22_me_7_2".
250528-01:25:31,183 nipype.workflow INFO:
	 [Node] Executing "22_me_7_2" <nipype.interfaces.ants.utils.ImageMath>
250528-01:25:33,215 nipype.workflow INFO:
	 [Node] Finished "22_me_7_2", elapsed time 2.030474s.
250528-01:25:35,429 nipype.workflow INFO:
	 [Node] Setting-up "fmriprep_25_0_wf.sub_GEO061_wf.anat_fit_wf.brain_extraction_wf.atropos_wf.23_depad_mask" in "/work/fmriprep_25_0_wf/sub_GEO061_wf/anat_fit_wf/brain_extraction_wf/atropos_wf/23_depad_mask".
250528-01:25:36,244 nipype.workflow INFO:
	 [Node] Executing "23_depad_mask" <nipype.interfaces.ants.utils.ImageMath>
250528-01:25:37,101 nipype.workflow INFO:
	 [Node] Finished "23_depad_mask", elapsed time 0.855961s.
250528-01:25:39,409 nipype.workflow INFO:
	 [Node] Setting-up "fmriprep_25_0_wf.sub_GEO061_wf.anat_fit_wf.brain_extraction_wf.atropos_wf.msk_conform" in "/work/fmriprep_25_0_wf/sub_GEO061_wf/anat_fit_wf/brain_extraction_wf/atropos_wf/msk_conform".
250528-01:25:40,197 nipype.workflow INFO:
	 [Node] Executing "msk_conform" <nipype.interfaces.utility.wrappers.Function>
250528-01:25:40,389 nipype.workflow INFO:
	 [Node] Finished "msk_conform", elapsed time 0.19113s.
250528-01:25:52,93 nipype.workflow INFO:
	 [Node] Setting-up "_apply_mask0" in "/work/fmriprep_25_0_wf/sub_GEO061_wf/anat_fit_wf/brain_extraction_wf/atropos_wf/apply_mask/mapflow/_apply_mask0".
250528-01:25:54,321 nipype.workflow INFO:
	 [Node] Executing "_apply_mask0" <niworkflows.interfaces.nibabel.ApplyMask>
250528-01:25:56,21 nipype.workflow INFO:
	 [Node] Finished "_apply_mask0", elapsed time 1.699137s.
250528-01:25:56,772 nipype.workflow INFO:
	 [Node] Setting-up "fmriprep_25_0_wf.sub_GEO061_wf.anat_fit_wf.register_template_wf.trunc_mov" in "/work/fmriprep_25_0_wf/sub_GEO061_wf/anat_fit_wf/register_template_wf/_template_MNI152NLin2009cAsym/trunc_mov".
250528-01:25:57,110 nipype.workflow INFO:
	 [Node] Setting-up "fmriprep_25_0_wf.sub_GEO061_wf.ds_std_volumes_wf.gen_ref" in "/work/fmriprep_25_0_wf/sub_GEO061_wf/ds_std_volumes_wf/_in_tuple_MNI152NLin2009cAsym.resnative/gen_ref".
250528-01:25:58,459 nipype.workflow INFO:
	 [Node] Executing "trunc_mov" <nipype.interfaces.ants.utils.ImageMath>
250528-01:25:58,516 nipype.workflow INFO:
	 [Node] Executing "gen_ref" <niworkflows.interfaces.nibabel.GenerateSamplingReference>
250528-01:25:59,138 nipype.workflow INFO:
	 [Node] Setting-up "fmriprep_25_0_wf.sub_GEO061_wf.anat_fit_wf.surface_recon_wf.skull_strip_extern" in "/work/fmriprep_25_0_wf/sub_GEO061_wf/anat_fit_wf/surface_recon_wf/skull_strip_extern".
250528-01:25:59,784 nipype.workflow INFO:
	 [Node] Executing "skull_strip_extern" <niworkflows.interfaces.freesurfer.FSInjectBrainExtracted>
250528-01:26:00,558 nipype.workflow INFO:
	 [Node] Finished "gen_ref", elapsed time 2.040709s.
250528-01:26:00,954 nipype.workflow INFO:
	 [Node] Finished "skull_strip_extern", elapsed time 1.169422s.
250528-01:26:05,979 nipype.workflow INFO:
	 [Node] Finished "trunc_mov", elapsed time 7.518455s.
250528-01:26:34,371 nipype.workflow INFO:
	 [Node] Finished "_n4_correct1", elapsed time 88.216195s.
250528-01:26:34,552 nipype.workflow INFO:
	 [Node] Finished "_n4_correct0", elapsed time 88.461198s.
250528-01:26:35,132 nipype.workflow INFO:
	 [Node] Setting-up "fmriprep_25_0_wf.sub_GEO061_wf.anat_fit_wf.surface_recon_wf.autorecon_resume_wf.gcareg" in "/work/fmriprep_25_0_wf/sub_GEO061_wf/anat_fit_wf/surface_recon_wf/autorecon_resume_wf/gcareg".
250528-01:26:35,809 nipype.workflow INFO:
	 [Node] Executing "gcareg" <smriprep.interfaces.freesurfer.ReconAll>
250528-01:26:35,817 nipype.interface INFO:
	 resume recon-all : recon-all -openmp 7 -subjid sub-GEO061 -sd /out/sourcedata/freesurfer -gcareg
250528-01:26:35,817 nipype.interface INFO:
	 resume recon-all : recon-all -openmp 7 -subjid sub-GEO061 -sd /out/sourcedata/freesurfer -gcareg
250528-01:26:37,470 nipype.workflow INFO:
	 [Node] Setting-up "_n4_correct0" in "/work/fmriprep_25_0_wf/sub_GEO061_wf/anat_fit_wf/t2w_template_wf/n4_correct/mapflow/_n4_correct0".
250528-01:26:37,473 nipype.workflow INFO:
	 [Node] Cached "_n4_correct0" - collecting precomputed outputs
250528-01:26:37,473 nipype.workflow INFO:
	 [Node] "_n4_correct0" found cached.
250528-01:26:37,474 nipype.workflow INFO:
	 [Node] Setting-up "_n4_correct1" in "/work/fmriprep_25_0_wf/sub_GEO061_wf/anat_fit_wf/t2w_template_wf/n4_correct/mapflow/_n4_correct1".
250528-01:26:37,477 nipype.workflow INFO:
	 [Node] Cached "_n4_correct1" - collecting precomputed outputs
250528-01:26:37,477 nipype.workflow INFO:
	 [Node] "_n4_correct1" found cached.
250528-01:26:39,104 nipype.workflow INFO:
	 [Node] Setting-up "fmriprep_25_0_wf.sub_GEO061_wf.anat_fit_wf.t2w_template_wf.anat_merge" in "/work/fmriprep_25_0_wf/sub_GEO061_wf/anat_fit_wf/t2w_template_wf/anat_merge".
250528-01:26:39,829 nipype.workflow INFO:
	 [Node] Executing "anat_merge" <niworkflows.interfaces.freesurfer.StructuralReference>
250528-01:27:39,734 nipype.workflow INFO:
	 [Node] Finished "anat_merge", elapsed time 59.903606s.
250528-01:27:43,72 nipype.workflow INFO:
	 [Node] Setting-up "fmriprep_25_0_wf.sub_GEO061_wf.anat_fit_wf.t2w_template_wf.anat_reorient" in "/work/fmriprep_25_0_wf/sub_GEO061_wf/anat_fit_wf/t2w_template_wf/anat_reorient".
250528-01:27:43,375 nipype.workflow INFO:
	 [Node] Executing "anat_reorient" <nipype.interfaces.image.Reorient>
250528-01:27:43,476 nipype.workflow INFO:
	 [Node] Finished "anat_reorient", elapsed time 0.099831s.
250528-01:29:06,16 nipype.workflow INFO:
	 [Node] Finished "gcareg", elapsed time 150.205445s.
250528-01:29:07,456 nipype.workflow INFO:
	 [Node] Setting-up "fmriprep_25_0_wf.sub_GEO061_wf.anat_fit_wf.surface_recon_wf.autorecon_resume_wf.autorecon2_vol" in "/work/fmriprep_25_0_wf/sub_GEO061_wf/anat_fit_wf/surface_recon_wf/autorecon_resume_wf/autorecon2_vol".
250528-01:29:08,740 nipype.workflow INFO:
	 [Node] Executing "autorecon2_vol" <smriprep.interfaces.freesurfer.ReconAll>
250528-01:29:08,742 nipype.interface INFO:
	 resume recon-all : recon-all -autorecon2-volonly -openmp 7 -subjid sub-GEO061 -sd /out/sourcedata/freesurfer -nogcareg
250528-01:29:08,743 nipype.interface INFO:
	 resume recon-all : recon-all -autorecon2-volonly -openmp 7 -subjid sub-GEO061 -sd /out/sourcedata/freesurfer -nogcareg
250528-02:52:46,804 nipype.workflow INFO:
	 [Node] Finished "autorecon2_vol", elapsed time 5018.058283s.
250528-02:52:50,163 nipype.workflow INFO:
	 [Node] Setting-up "_autorecon_surfs0" in "/work/fmriprep_25_0_wf/sub_GEO061_wf/anat_fit_wf/surface_recon_wf/autorecon_resume_wf/autorecon_surfs/mapflow/_autorecon_surfs0".
250528-02:52:50,267 nipype.workflow INFO:
	 [Node] Executing "_autorecon_surfs0" <smriprep.interfaces.freesurfer.ReconAll>
250528-02:52:50,271 nipype.interface INFO:
	 resume recon-all : recon-all -autorecon-hemi lh -noparcstats -noparcstats2 -noparcstats3 -nohyporelabel -nobalabels -lh-only -openmp 7 -subjid sub-GEO061 -sd /out/sourcedata/freesurfer 
250528-02:52:50,272 nipype.interface INFO:
	 resume recon-all : recon-all -autorecon-hemi lh -noparcstats -noparcstats2 -noparcstats3 -nohyporelabel -nobalabels -lh-only -openmp 7 -subjid sub-GEO061 -sd /out/sourcedata/freesurfer 
250528-03:18:50,363 nipype.workflow INFO:
	 [Node] Finished "_autorecon_surfs0", elapsed time 1560.095067s.
250528-03:18:52,554 nipype.workflow INFO:
	 [Node] Setting-up "_autorecon_surfs1" in "/work/fmriprep_25_0_wf/sub_GEO061_wf/anat_fit_wf/surface_recon_wf/autorecon_resume_wf/autorecon_surfs/mapflow/_autorecon_surfs1".
250528-03:18:52,710 nipype.workflow INFO:
	 [Node] Executing "_autorecon_surfs1" <smriprep.interfaces.freesurfer.ReconAll>
250528-03:18:52,715 nipype.interface INFO:
	 resume recon-all : recon-all -autorecon-hemi rh -noparcstats -noparcstats2 -noparcstats3 -nohyporelabel -nobalabels -rh-only -openmp 7 -subjid sub-GEO061 -sd /out/sourcedata/freesurfer 
250528-03:18:52,716 nipype.interface INFO:
	 resume recon-all : recon-all -autorecon-hemi rh -noparcstats -noparcstats2 -noparcstats3 -nohyporelabel -nobalabels -rh-only -openmp 7 -subjid sub-GEO061 -sd /out/sourcedata/freesurfer 
250528-03:44:19,527 nipype.workflow INFO:
	 [Node] Finished "_autorecon_surfs1", elapsed time 1526.815031s.
250528-03:44:20,960 nipype.workflow INFO:
	 [Node] Setting-up "_autorecon_surfs0" in "/work/fmriprep_25_0_wf/sub_GEO061_wf/anat_fit_wf/surface_recon_wf/autorecon_resume_wf/autorecon_surfs/mapflow/_autorecon_surfs0".
250528-03:44:21,177 nipype.workflow INFO:
	 [Node] Executing "_autorecon_surfs0" <smriprep.interfaces.freesurfer.ReconAll>
250528-03:44:21,260 nipype.interface INFO:
	 recon-all complete : Not running
250528-03:44:21,261 nipype.interface INFO:
	 recon-all complete : Not running
250528-03:44:21,413 nipype.workflow INFO:
	 [Node] Finished "_autorecon_surfs0", elapsed time 0.235595s.
250528-03:44:21,476 nipype.workflow INFO:
	 [Node] Setting-up "_autorecon_surfs1" in "/work/fmriprep_25_0_wf/sub_GEO061_wf/anat_fit_wf/surface_recon_wf/autorecon_resume_wf/autorecon_surfs/mapflow/_autorecon_surfs1".
250528-03:44:21,669 nipype.workflow INFO:
	 [Node] Executing "_autorecon_surfs1" <smriprep.interfaces.freesurfer.ReconAll>
250528-03:44:21,705 nipype.interface INFO:
	 recon-all complete : Not running
250528-03:44:21,706 nipype.interface INFO:
	 recon-all complete : Not running
250528-03:44:21,875 nipype.workflow INFO:
	 [Node] Finished "_autorecon_surfs1", elapsed time 0.204717s.
250528-03:44:24,854 nipype.workflow INFO:
	 [Node] Setting-up "fmriprep_25_0_wf.sub_GEO061_wf.anat_fit_wf.surface_recon_wf.autorecon_resume_wf.cortribbon" in "/work/fmriprep_25_0_wf/sub_GEO061_wf/anat_fit_wf/surface_recon_wf/autorecon_resume_wf/cortribbon".
250528-03:44:25,22 nipype.workflow INFO:
	 [Node] Executing "cortribbon" <smriprep.interfaces.freesurfer.ReconAll>
250528-03:44:25,25 nipype.interface INFO:
	 resume recon-all : recon-all -parallel -subjid sub-GEO061 -sd /out/sourcedata/freesurfer -T2pial -cortribbon
250528-03:44:25,25 nipype.interface INFO:
	 resume recon-all : recon-all -parallel -subjid sub-GEO061 -sd /out/sourcedata/freesurfer -T2pial -cortribbon
250528-04:28:58,827 nipype.workflow INFO:
	 [Node] Finished "cortribbon", elapsed time 2673.798916s.
250528-04:29:03,128 nipype.workflow INFO:
	 [Node] Setting-up "_parcstats0" in "/work/fmriprep_25_0_wf/sub_GEO061_wf/anat_fit_wf/surface_recon_wf/autorecon_resume_wf/parcstats/mapflow/_parcstats0".
250528-04:29:03,247 nipype.workflow INFO:
	 [Node] Executing "_parcstats0" <smriprep.interfaces.freesurfer.ReconAll>
250528-04:29:03,249 nipype.interface INFO:
	 resume recon-all : recon-all -autorecon-hemi lh -nohyporelabel -lh-only -openmp 7 -subjid sub-GEO061 -sd /out/sourcedata/freesurfer -notessellate -nosmooth1 -noinflate1 -noqsphere -nofix -nowhite -nosmooth2 -noinflate2 -nocurvHK -nocurvstats -nosphere -nosurfreg -nojacobian_white -noavgcurv -nocortparc -nopial -nocortparc2 -nocortparc3 -nopctsurfcon
250528-04:29:03,250 nipype.interface INFO:
	 resume recon-all : recon-all -autorecon-hemi lh -nohyporelabel -lh-only -openmp 7 -subjid sub-GEO061 -sd /out/sourcedata/freesurfer -notessellate -nosmooth1 -noinflate1 -noqsphere -nofix -nowhite -nosmooth2 -noinflate2 -nocurvHK -nocurvstats -nosphere -nosurfreg -nojacobian_white -noavgcurv -nocortparc -nopial -nocortparc2 -nocortparc3 -nopctsurfcon
250528-04:32:27,358 nipype.workflow INFO:
	 [Node] Finished "_parcstats0", elapsed time 204.109739s.
250528-04:32:29,133 nipype.workflow INFO:
	 [Node] Setting-up "_parcstats1" in "/work/fmriprep_25_0_wf/sub_GEO061_wf/anat_fit_wf/surface_recon_wf/autorecon_resume_wf/parcstats/mapflow/_parcstats1".
250528-04:32:29,311 nipype.workflow INFO:
	 [Node] Executing "_parcstats1" <smriprep.interfaces.freesurfer.ReconAll>
250528-04:32:29,389 nipype.interface INFO:
	 resume recon-all : recon-all -autorecon-hemi rh -nohyporelabel -rh-only -openmp 7 -subjid sub-GEO061 -sd /out/sourcedata/freesurfer -notessellate -nosmooth1 -noinflate1 -noqsphere -nofix -nowhite -nosmooth2 -noinflate2 -nocurvHK -nocurvstats -nosphere -nosurfreg -nojacobian_white -noavgcurv -nocortparc -nopial -nocortparc2 -nocortparc3 -nopctsurfcon
250528-04:32:29,389 nipype.interface INFO:
	 resume recon-all : recon-all -autorecon-hemi rh -nohyporelabel -rh-only -openmp 7 -subjid sub-GEO061 -sd /out/sourcedata/freesurfer -notessellate -nosmooth1 -noinflate1 -noqsphere -nofix -nowhite -nosmooth2 -noinflate2 -nocurvHK -nocurvstats -nosphere -nosurfreg -nojacobian_white -noavgcurv -nocortparc -nopial -nocortparc2 -nocortparc3 -nopctsurfcon
250528-04:35:46,21 nipype.workflow INFO:
	 [Node] Finished "_parcstats1", elapsed time 196.708291s.
250528-04:35:47,231 nipype.workflow INFO:
	 [Node] Setting-up "_parcstats0" in "/work/fmriprep_25_0_wf/sub_GEO061_wf/anat_fit_wf/surface_recon_wf/autorecon_resume_wf/parcstats/mapflow/_parcstats0".
250528-04:35:47,835 nipype.workflow INFO:
	 [Node] Executing "_parcstats0" <smriprep.interfaces.freesurfer.ReconAll>
250528-04:35:47,950 nipype.interface INFO:
	 recon-all complete : Not running
250528-04:35:47,951 nipype.interface INFO:
	 recon-all complete : Not running
250528-04:35:48,154 nipype.workflow INFO:
	 [Node] Finished "_parcstats0", elapsed time 0.317667s.
250528-04:35:48,221 nipype.workflow INFO:
	 [Node] Setting-up "_parcstats1" in "/work/fmriprep_25_0_wf/sub_GEO061_wf/anat_fit_wf/surface_recon_wf/autorecon_resume_wf/parcstats/mapflow/_parcstats1".
250528-04:35:48,687 nipype.workflow INFO:
	 [Node] Executing "_parcstats1" <smriprep.interfaces.freesurfer.ReconAll>
250528-04:35:48,754 nipype.interface INFO:
	 recon-all complete : Not running
250528-04:35:48,755 nipype.interface INFO:
	 recon-all complete : Not running
250528-04:35:48,942 nipype.workflow INFO:
	 [Node] Finished "_parcstats1", elapsed time 0.253813s.
250528-04:35:51,107 nipype.workflow INFO:
	 [Node] Setting-up "fmriprep_25_0_wf.sub_GEO061_wf.anat_fit_wf.surface_recon_wf.autorecon_resume_wf.autorecon3" in "/work/fmriprep_25_0_wf/sub_GEO061_wf/anat_fit_wf/surface_recon_wf/autorecon_resume_wf/autorecon3".
250528-04:35:51,306 nipype.workflow INFO:
	 [Node] Executing "autorecon3" <smriprep.interfaces.freesurfer.ReconAll>
250528-04:35:51,312 nipype.interface INFO:
	 resume recon-all : recon-all -autorecon3 -openmp 7 -subjid sub-GEO061 -sd /out/sourcedata/freesurfer -nosphere -nosurfreg -nojacobian_white -noavgcurv -nocortparc -nopial -noparcstats -nocortparc2 -noparcstats2 -nocortparc3 -noparcstats3 -nopctsurfcon -nocortribbon -nobalabels
250528-04:35:51,313 nipype.interface INFO:
	 resume recon-all : recon-all -autorecon3 -openmp 7 -subjid sub-GEO061 -sd /out/sourcedata/freesurfer -nosphere -nosurfreg -nojacobian_white -noavgcurv -nocortparc -nopial -noparcstats -nocortparc2 -noparcstats2 -nocortparc3 -noparcstats3 -nopctsurfcon -nocortribbon -nobalabels
250528-04:42:22,85 nipype.workflow INFO:
	 [Node] Finished "autorecon3", elapsed time 390.777304s.
250528-04:42:23,227 nipype.workflow INFO:
	 [Node] Setting-up "fmriprep_25_0_wf.sub_GEO061_wf.anat_fit_wf.surface_recon_wf.get_surfaces" in "/work/fmriprep_25_0_wf/sub_GEO061_wf/anat_fit_wf/surface_recon_wf/get_surfaces".
250528-04:42:23,612 nipype.workflow INFO:
	 [Node] Executing "get_surfaces" <niworkflows.interfaces.patches.FreeSurferSource>
250528-04:42:23,626 nipype.workflow INFO:
	 [Node] Finished "get_surfaces", elapsed time 0.012525s.
250528-04:42:27,257 nipype.workflow INFO:
	 [Node] Setting-up "_midthickness0" in "/work/fmriprep_25_0_wf/sub_GEO061_wf/anat_fit_wf/surface_recon_wf/midthickness/mapflow/_midthickness0".
250528-04:42:27,643 nipype.workflow INFO:
	 [Node] Executing "_midthickness0" <smriprep.interfaces.freesurfer.MakeMidthickness>
250528-05:07:37,344 nipype.workflow INFO:
	 [Node] Finished "_midthickness0", elapsed time 1509.698409s.
250528-05:07:39,457 nipype.workflow INFO:
	 [Node] Setting-up "_midthickness1" in "/work/fmriprep_25_0_wf/sub_GEO061_wf/anat_fit_wf/surface_recon_wf/midthickness/mapflow/_midthickness1".
250528-05:07:39,647 nipype.workflow INFO:
	 [Node] Executing "_midthickness1" <smriprep.interfaces.freesurfer.MakeMidthickness>
250528-05:31:01,10 nipype.workflow INFO:
	 [Node] Finished "_midthickness1", elapsed time 1401.354888s.
250528-05:31:03,806 nipype.workflow INFO:
	 [Node] Setting-up "_midthickness0" in "/work/fmriprep_25_0_wf/sub_GEO061_wf/anat_fit_wf/surface_recon_wf/midthickness/mapflow/_midthickness0".
250528-05:31:03,825 nipype.workflow INFO:
	 [Node] Cached "_midthickness0" - collecting precomputed outputs
250528-05:31:03,825 nipype.workflow INFO:
	 [Node] "_midthickness0" found cached.
250528-05:31:03,826 nipype.workflow INFO:
	 [Node] Setting-up "_midthickness1" in "/work/fmriprep_25_0_wf/sub_GEO061_wf/anat_fit_wf/surface_recon_wf/midthickness/mapflow/_midthickness1".
250528-05:31:03,829 nipype.workflow INFO:
	 [Node] Cached "_midthickness1" - collecting precomputed outputs
250528-05:31:03,829 nipype.workflow INFO:
	 [Node] "_midthickness1" found cached.
250528-05:31:05,534 nipype.workflow INFO:
	 [Node] Setting-up "fmriprep_25_0_wf.sub_GEO061_wf.anat_fit_wf.surface_recon_wf.save_midthickness" in "/work/fmriprep_25_0_wf/sub_GEO061_wf/anat_fit_wf/surface_recon_wf/save_midthickness".
250528-05:31:05,722 nipype.workflow INFO:
	 [Node] Executing "save_midthickness" <nipype.interfaces.io.DataSink>
250528-05:31:05,975 nipype.workflow INFO:
	 [Node] Finished "save_midthickness", elapsed time 0.251731s.
250528-05:31:07,546 nipype.workflow INFO:
	 [Node] Setting-up "fmriprep_25_0_wf.sub_GEO061_wf.anat_fit_wf.surface_recon_wf.sync" in "/work/fmriprep_25_0_wf/sub_GEO061_wf/anat_fit_wf/surface_recon_wf/sync".
250528-05:31:07,784 nipype.workflow INFO:
	 [Node] Executing "sync" <nipype.interfaces.utility.wrappers.Function>
250528-05:31:07,877 nipype.workflow INFO:
	 [Node] Finished "sync", elapsed time 0.091539s.
250528-05:31:09,500 nipype.workflow INFO:
	 [Node] Setting-up "fmriprep_25_0_wf.sub_GEO061_wf.anat_fit_wf.bbreg" in "/work/fmriprep_25_0_wf/sub_GEO061_wf/anat_fit_wf/bbreg".
250528-05:31:09,500 nipype.workflow INFO:
	 [Node] Setting-up "fmriprep_25_0_wf.sub_GEO061_wf.anat_fit_wf.gifti_surface_wf.get_surfaces" in "/work/fmriprep_25_0_wf/sub_GEO061_wf/anat_fit_wf/gifti_surface_wf/get_surfaces".
250528-05:31:09,501 nipype.workflow INFO:
	 [Node] Setting-up "fmriprep_25_0_wf.sub_GEO061_wf.anat_fit_wf.gifti_spheres_wf.get_surfaces" in "/work/fmriprep_25_0_wf/sub_GEO061_wf/anat_fit_wf/gifti_spheres_wf/get_surfaces".
250528-05:31:09,502 nipype.workflow INFO:
	 [Node] Setting-up "fmriprep_25_0_wf.sub_GEO061_wf.anat_fit_wf.gifti_morphometrics_wf.get_surfaces" in "/work/fmriprep_25_0_wf/sub_GEO061_wf/anat_fit_wf/gifti_morphometrics_wf/get_surfaces".
250528-05:31:09,502 nipype.workflow INFO:
	 [Node] Setting-up "fmriprep_25_0_wf.sub_GEO061_wf.anat_fit_wf.refinement_wf.segs_to_native_wf_aseg.fs_datasource" in "/work/fmriprep_25_0_wf/sub_GEO061_wf/anat_fit_wf/refinement_wf/segs_to_native_wf_aseg/fs_datasource".
250528-05:31:09,512 nipype.workflow INFO:
	 [Node] Setting-up "fmriprep_25_0_wf.sub_GEO061_wf.anat_fit_wf.anat_reports_wf.recon_report" in "/work/fmriprep_25_0_wf/sub_GEO061_wf/anat_fit_wf/anat_reports_wf/recon_report".
250528-05:31:09,657 nipype.workflow INFO:
	 [Node] Executing "recon_report" <smriprep.interfaces.reports.FSSurfaceReport>
250528-05:31:09,659 nipype.workflow INFO:
	 [Node] Setting-up "fmriprep_25_0_wf.sub_GEO061_wf.bold_ses_t2_task_image_run_1_wf.bold_fit_wf.bold_reg_wf.bbreg_wf.fssource" in "/work/fmriprep_25_0_wf/sub_GEO061_wf/bold_ses_t2_task_image_run_1_wf/bold_fit_wf/bold_reg_wf/bbreg_wf/fssource".
250528-05:31:09,660 nipype.workflow INFO:
	 [Node] Setting-up "fmriprep_25_0_wf.sub_GEO061_wf.bold_ses_t2_task_image_run_2_wf.bold_fit_wf.bold_reg_wf.bbreg_wf.fssource" in "/work/fmriprep_25_0_wf/sub_GEO061_wf/bold_ses_t2_task_image_run_2_wf/bold_fit_wf/bold_reg_wf/bbreg_wf/fssource".
250528-05:31:09,670 nipype.workflow INFO:
	 [Node] Executing "get_surfaces" <nipype.interfaces.utility.wrappers.Function>
250528-05:31:09,680 nipype.workflow INFO:
	 [Node] Executing "get_surfaces" <niworkflows.interfaces.patches.FreeSurferSource>
250528-05:31:09,686 nipype.workflow INFO:
	 [Node] Finished "get_surfaces", elapsed time 0.015165s.
250528-05:31:09,689 nipype.workflow INFO:
	 [Node] Executing "fs_datasource" <niworkflows.interfaces.patches.FreeSurferSource>
250528-05:31:09,696 nipype.workflow INFO:
	 [Node] Executing "get_surfaces" <nipype.interfaces.utility.wrappers.Function>
250528-05:31:09,700 nipype.workflow INFO:
	 [Node] Finished "get_surfaces", elapsed time 0.002634s.
250528-05:31:09,734 nipype.workflow INFO:
	 [Node] Executing "bbreg" <nipype.interfaces.freesurfer.preprocess.BBRegister>
250528-05:31:09,786 nipype.workflow INFO:
	 [Node] Executing "fssource" <fmriprep.interfaces.patches.FreeSurferSource>
250528-05:31:09,810 nipype.workflow INFO:
	 [Node] Executing "fssource" <fmriprep.interfaces.patches.FreeSurferSource>
250528-05:31:10,128 nipype.workflow INFO:
	 [Node] Finished "get_surfaces", elapsed time 0.446804s.
250528-05:31:10,128 nipype.workflow INFO:
	 [Node] Finished "fssource", elapsed time 0.317385s.
250528-05:31:10,128 nipype.workflow INFO:
	 [Node] Finished "fs_datasource", elapsed time 0.438735s.
250528-05:31:10,129 nipype.workflow INFO:
	 [Node] Finished "fssource", elapsed time 0.342104s.
250528-05:31:11,551 nipype.workflow INFO:
	 [Node] Setting-up "fmriprep_25_0_wf.sub_GEO061_wf.bold_ses_t2_task_image_run_3_wf.bold_fit_wf.bold_reg_wf.bbreg_wf.fssource" in "/work/fmriprep_25_0_wf/sub_GEO061_wf/bold_ses_t2_task_image_run_3_wf/bold_fit_wf/bold_reg_wf/bbreg_wf/fssource".
250528-05:31:11,557 nipype.workflow INFO:
	 [Node] Setting-up "fmriprep_25_0_wf.sub_GEO061_wf.bold_ses_t2_task_image_run_4_wf.bold_fit_wf.bold_reg_wf.bbreg_wf.fssource" in "/work/fmriprep_25_0_wf/sub_GEO061_wf/bold_ses_t2_task_image_run_4_wf/bold_fit_wf/bold_reg_wf/bbreg_wf/fssource".
250528-05:31:11,562 nipype.workflow INFO:
	 [Node] Setting-up "fmriprep_25_0_wf.sub_GEO061_wf.bold_ses_t2_task_image_run_5_wf.bold_fit_wf.bold_reg_wf.bbreg_wf.fssource" in "/work/fmriprep_25_0_wf/sub_GEO061_wf/bold_ses_t2_task_image_run_5_wf/bold_fit_wf/bold_reg_wf/bbreg_wf/fssource".
250528-05:31:11,610 nipype.workflow INFO:
	 [Node] Setting-up "fmriprep_25_0_wf.sub_GEO061_wf.bold_ses_t3_task_image_run_1_wf.bold_fit_wf.bold_reg_wf.bbreg_wf.fssource" in "/work/fmriprep_25_0_wf/sub_GEO061_wf/bold_ses_t3_task_image_run_1_wf/bold_fit_wf/bold_reg_wf/bbreg_wf/fssource".
250528-05:31:11,611 nipype.workflow INFO:
	 [Node] Setting-up "fmriprep_25_0_wf.sub_GEO061_wf.bold_ses_t3_task_image_run_2_wf.bold_fit_wf.bold_reg_wf.bbreg_wf.fssource" in "/work/fmriprep_25_0_wf/sub_GEO061_wf/bold_ses_t3_task_image_run_2_wf/bold_fit_wf/bold_reg_wf/bbreg_wf/fssource".
250528-05:31:11,614 nipype.workflow INFO:
	 [Node] Setting-up "fmriprep_25_0_wf.sub_GEO061_wf.bold_ses_t3_task_image_run_3_wf.bold_fit_wf.bold_reg_wf.bbreg_wf.fssource" in "/work/fmriprep_25_0_wf/sub_GEO061_wf/bold_ses_t3_task_image_run_3_wf/bold_fit_wf/bold_reg_wf/bbreg_wf/fssource".
250528-05:31:11,716 nipype.workflow INFO:
	 [Node] Executing "fssource" <fmriprep.interfaces.patches.FreeSurferSource>
250528-05:31:11,728 nipype.workflow INFO:
	 [Node] Finished "fssource", elapsed time 0.011567s.
250528-05:31:11,731 nipype.workflow INFO:
	 [Node] Executing "fssource" <fmriprep.interfaces.patches.FreeSurferSource>
250528-05:31:11,732 nipype.workflow INFO:
	 [Node] Executing "fssource" <fmriprep.interfaces.patches.FreeSurferSource>
250528-05:31:11,739 nipype.workflow INFO:
	 [Node] Executing "fssource" <fmriprep.interfaces.patches.FreeSurferSource>
250528-05:31:11,744 nipype.workflow INFO:
	 [Node] Finished "fssource", elapsed time 0.010897s.
250528-05:31:11,746 nipype.workflow INFO:
	 [Node] Finished "fssource", elapsed time 0.0137s.
250528-05:31:11,754 nipype.workflow INFO:
	 [Node] Finished "fssource", elapsed time 0.013518s.
250528-05:31:11,765 nipype.workflow INFO:
	 [Node] Executing "fssource" <fmriprep.interfaces.patches.FreeSurferSource>
250528-05:31:11,770 nipype.workflow INFO:
	 [Node] Executing "fssource" <fmriprep.interfaces.patches.FreeSurferSource>
250528-05:31:11,779 nipype.workflow INFO:
	 [Node] Finished "fssource", elapsed time 0.013454s.
250528-05:31:11,782 nipype.workflow INFO:
	 [Node] Finished "fssource", elapsed time 0.011475s.
250528-05:31:13,558 nipype.workflow INFO:
	 [Node] Setting-up "fmriprep_25_0_wf.sub_GEO061_wf.bold_ses_t3_task_image_run_4_wf.bold_fit_wf.bold_reg_wf.bbreg_wf.fssource" in "/work/fmriprep_25_0_wf/sub_GEO061_wf/bold_ses_t3_task_image_run_4_wf/bold_fit_wf/bold_reg_wf/bbreg_wf/fssource".
250528-05:31:13,563 nipype.workflow INFO:
	 [Node] Setting-up "fmriprep_25_0_wf.sub_GEO061_wf.bold_ses_t3_task_image_run_5_wf.bold_fit_wf.bold_reg_wf.bbreg_wf.fssource" in "/work/fmriprep_25_0_wf/sub_GEO061_wf/bold_ses_t3_task_image_run_5_wf/bold_fit_wf/bold_reg_wf/bbreg_wf/fssource".
250528-05:31:13,569 nipype.workflow INFO:
	 [Node] Setting-up "fmriprep_25_0_wf.sub_GEO061_wf.bold_ses_t3_task_retrans_run_1_wf.bold_fit_wf.bold_reg_wf.bbreg_wf.fssource" in "/work/fmriprep_25_0_wf/sub_GEO061_wf/bold_ses_t3_task_retrans_run_1_wf/bold_fit_wf/bold_reg_wf/bbreg_wf/fssource".
250528-05:31:13,692 nipype.workflow INFO:
	 [Node] Executing "fssource" <fmriprep.interfaces.patches.FreeSurferSource>
250528-05:31:13,698 nipype.workflow INFO:
	 [Node] Executing "fssource" <fmriprep.interfaces.patches.FreeSurferSource>
250528-05:31:13,704 nipype.workflow INFO:
	 [Node] Finished "fssource", elapsed time 0.010817s.
250528-05:31:13,710 nipype.workflow INFO:
	 [Node] Finished "fssource", elapsed time 0.010886s.
250528-05:31:13,724 nipype.workflow INFO:
	 [Node] Executing "fssource" <fmriprep.interfaces.patches.FreeSurferSource>
250528-05:31:13,738 nipype.workflow INFO:
	 [Node] Finished "fssource", elapsed time 0.012984s.
250528-05:31:15,870 nipype.workflow INFO:
	 [Node] Setting-up "fmriprep_25_0_wf.sub_GEO061_wf.anat_fit_wf.refinement_wf.segs_to_native_wf_aseg.select_seg" in "/work/fmriprep_25_0_wf/sub_GEO061_wf/anat_fit_wf/refinement_wf/segs_to_native_wf_aseg/select_seg".
250528-05:31:15,979 nipype.workflow INFO:
	 [Node] Executing "select_seg" <nipype.interfaces.utility.wrappers.Function>
250528-05:31:15,981 nipype.workflow INFO:
	 [Node] Finished "select_seg", elapsed time 0.000698s.
250528-05:31:18,244 nipype.workflow INFO:
	 [Node] Setting-up "fmriprep_25_0_wf.sub_GEO061_wf.anat_fit_wf.refinement_wf.segs_to_native_wf_aseg.resample" in "/work/fmriprep_25_0_wf/sub_GEO061_wf/anat_fit_wf/refinement_wf/segs_to_native_wf_aseg/resample".
250528-05:31:18,246 nipype.workflow INFO:
	 [Node] Setting-up "_fs2gii0" in "/work/fmriprep_25_0_wf/sub_GEO061_wf/anat_fit_wf/gifti_surface_wf/fs2gii/mapflow/_fs2gii0".
250528-05:31:18,246 nipype.workflow INFO:
	 [Node] Setting-up "_fs2gii1" in "/work/fmriprep_25_0_wf/sub_GEO061_wf/anat_fit_wf/gifti_surface_wf/fs2gii/mapflow/_fs2gii1".
250528-05:31:18,248 nipype.workflow INFO:
	 [Node] Setting-up "_fs2gii2" in "/work/fmriprep_25_0_wf/sub_GEO061_wf/anat_fit_wf/gifti_surface_wf/fs2gii/mapflow/_fs2gii2".
250528-05:31:18,249 nipype.workflow INFO:
	 [Node] Setting-up "_fs2gii3" in "/work/fmriprep_25_0_wf/sub_GEO061_wf/anat_fit_wf/gifti_surface_wf/fs2gii/mapflow/_fs2gii3".
250528-05:31:18,249 nipype.workflow INFO:
	 [Node] Setting-up "_fs2gii4" in "/work/fmriprep_25_0_wf/sub_GEO061_wf/anat_fit_wf/gifti_surface_wf/fs2gii/mapflow/_fs2gii4".
250528-05:31:18,385 nipype.workflow INFO:
	 [Node] Executing "_fs2gii1" <nipype.interfaces.freesurfer.utils.MRIsConvert>
250528-05:31:18,396 nipype.workflow INFO:
	 [Node] Executing "_fs2gii2" <nipype.interfaces.freesurfer.utils.MRIsConvert>
250528-05:31:18,397 nipype.workflow INFO:
	 [Node] Executing "resample" <nipype.interfaces.freesurfer.preprocess.ApplyVolTransform>
250528-05:31:18,398 nipype.workflow INFO:
	 [Node] Executing "_fs2gii0" <nipype.interfaces.freesurfer.utils.MRIsConvert>
250528-05:31:18,420 nipype.workflow INFO:
	 [Node] Executing "_fs2gii4" <nipype.interfaces.freesurfer.utils.MRIsConvert>
250528-05:31:18,424 nipype.workflow INFO:
	 [Node] Executing "_fs2gii3" <nipype.interfaces.freesurfer.utils.MRIsConvert>
250528-05:31:19,956 nipype.workflow INFO:
	 [Node] Finished "resample", elapsed time 1.55759s.
250528-05:31:20,79 nipype.workflow INFO:
	 [Node] Finished "_fs2gii1", elapsed time 1.6922380000000001s.
250528-05:31:20,102 nipype.workflow INFO:
	 [Node] Finished "_fs2gii4", elapsed time 1.681681s.
250528-05:31:20,123 nipype.workflow INFO:
	 [Node] Finished "_fs2gii0", elapsed time 1.7239499999999999s.
250528-05:31:20,149 nipype.workflow INFO:
	 [Node] Finished "_fs2gii2", elapsed time 1.752265s.
250528-05:31:20,200 nipype.workflow INFO:
	 [Node] Finished "_fs2gii3", elapsed time 1.7754780000000001s.
250528-05:31:22,210 nipype.workflow INFO:
	 [Node] Setting-up "fmriprep_25_0_wf.sub_GEO061_wf.anat_fit_wf.refinement_wf.refine" in "/work/fmriprep_25_0_wf/sub_GEO061_wf/anat_fit_wf/refinement_wf/refine".
250528-05:31:22,212 nipype.workflow INFO:
	 [Node] Setting-up "_fs2gii5" in "/work/fmriprep_25_0_wf/sub_GEO061_wf/anat_fit_wf/gifti_surface_wf/fs2gii/mapflow/_fs2gii5".
250528-05:31:22,213 nipype.workflow INFO:
	 [Node] Setting-up "_fs2gii0" in "/work/fmriprep_25_0_wf/sub_GEO061_wf/anat_fit_wf/gifti_spheres_wf/fs2gii/mapflow/_fs2gii0".
250528-05:31:22,215 nipype.workflow INFO:
	 [Node] Setting-up "_fs2gii1" in "/work/fmriprep_25_0_wf/sub_GEO061_wf/anat_fit_wf/gifti_spheres_wf/fs2gii/mapflow/_fs2gii1".
250528-05:31:22,216 nipype.workflow INFO:
	 [Node] Setting-up "_fs2gii2" in "/work/fmriprep_25_0_wf/sub_GEO061_wf/anat_fit_wf/gifti_spheres_wf/fs2gii/mapflow/_fs2gii2".
250528-05:31:22,216 nipype.workflow INFO:
	 [Node] Setting-up "_fs2gii3" in "/work/fmriprep_25_0_wf/sub_GEO061_wf/anat_fit_wf/gifti_spheres_wf/fs2gii/mapflow/_fs2gii3".
250528-05:31:22,323 nipype.workflow INFO:
	 [Node] Executing "_fs2gii5" <nipype.interfaces.freesurfer.utils.MRIsConvert>
250528-05:31:22,324 nipype.workflow INFO:
	 [Node] Executing "_fs2gii0" <nipype.interfaces.freesurfer.utils.MRIsConvert>
250528-05:31:22,342 nipype.workflow INFO:
	 [Node] Executing "_fs2gii2" <nipype.interfaces.freesurfer.utils.MRIsConvert>
250528-05:31:22,344 nipype.workflow INFO:
	 [Node] Executing "refine" <niworkflows.interfaces.freesurfer.RefineBrainMask>
250528-05:31:22,359 nipype.workflow INFO:
	 [Node] Executing "_fs2gii1" <nipype.interfaces.freesurfer.utils.MRIsConvert>
250528-05:31:22,370 nipype.workflow INFO:
	 [Node] Executing "_fs2gii3" <nipype.interfaces.freesurfer.utils.MRIsConvert>
250528-05:31:23,886 nipype.workflow INFO:
	 [Node] Finished "_fs2gii3", elapsed time 1.514318s.
250528-05:31:23,956 nipype.workflow INFO:
	 [Node] Finished "_fs2gii1", elapsed time 1.5951300000000002s.
250528-05:31:23,968 nipype.workflow INFO:
	 [Node] Finished "_fs2gii5", elapsed time 1.643469s.
250528-05:31:23,980 nipype.workflow INFO:
	 [Node] Finished "_fs2gii0", elapsed time 1.654692s.
250528-05:31:23,980 nipype.workflow INFO:
	 [Node] Finished "_fs2gii2", elapsed time 1.636431s.
250528-05:31:26,265 nipype.workflow INFO:
	 [Node] Setting-up "_morphs2gii0" in "/work/fmriprep_25_0_wf/sub_GEO061_wf/anat_fit_wf/gifti_morphometrics_wf/morphs2gii/mapflow/_morphs2gii0".
250528-05:31:26,265 nipype.workflow INFO:
	 [Node] Setting-up "_morphs2gii1" in "/work/fmriprep_25_0_wf/sub_GEO061_wf/anat_fit_wf/gifti_morphometrics_wf/morphs2gii/mapflow/_morphs2gii1".
250528-05:31:26,265 nipype.workflow INFO:
	 [Node] Setting-up "_morphs2gii2" in "/work/fmriprep_25_0_wf/sub_GEO061_wf/anat_fit_wf/gifti_morphometrics_wf/morphs2gii/mapflow/_morphs2gii2".
250528-05:31:26,318 nipype.workflow INFO:
	 [Node] Setting-up "_fs2gii0" in "/work/fmriprep_25_0_wf/sub_GEO061_wf/anat_fit_wf/gifti_surface_wf/fs2gii/mapflow/_fs2gii0".
250528-05:31:26,321 nipype.workflow INFO:
	 [Node] Cached "_fs2gii0" - collecting precomputed outputs
250528-05:31:26,321 nipype.workflow INFO:
	 [Node] "_fs2gii0" found cached.
250528-05:31:26,322 nipype.workflow INFO:
	 [Node] Setting-up "_fs2gii1" in "/work/fmriprep_25_0_wf/sub_GEO061_wf/anat_fit_wf/gifti_surface_wf/fs2gii/mapflow/_fs2gii1".
250528-05:31:26,325 nipype.workflow INFO:
	 [Node] Cached "_fs2gii1" - collecting precomputed outputs
250528-05:31:26,325 nipype.workflow INFO:
	 [Node] "_fs2gii1" found cached.
250528-05:31:26,326 nipype.workflow INFO:
	 [Node] Setting-up "_fs2gii2" in "/work/fmriprep_25_0_wf/sub_GEO061_wf/anat_fit_wf/gifti_surface_wf/fs2gii/mapflow/_fs2gii2".
250528-05:31:26,327 nipype.workflow INFO:
	 [Node] Setting-up "_fs2gii0" in "/work/fmriprep_25_0_wf/sub_GEO061_wf/anat_fit_wf/gifti_spheres_wf/fs2gii/mapflow/_fs2gii0".
250528-05:31:26,330 nipype.workflow INFO:
	 [Node] Cached "_fs2gii0" - collecting precomputed outputs
250528-05:31:26,330 nipype.workflow INFO:
	 [Node] "_fs2gii0" found cached.
250528-05:31:26,331 nipype.workflow INFO:
	 [Node] Setting-up "_fs2gii1" in "/work/fmriprep_25_0_wf/sub_GEO061_wf/anat_fit_wf/gifti_spheres_wf/fs2gii/mapflow/_fs2gii1".
250528-05:31:26,332 nipype.workflow INFO:
	 [Node] Cached "_fs2gii2" - collecting precomputed outputs
250528-05:31:26,332 nipype.workflow INFO:
	 [Node] "_fs2gii2" found cached.
250528-05:31:26,333 nipype.workflow INFO:
	 [Node] Setting-up "_fs2gii3" in "/work/fmriprep_25_0_wf/sub_GEO061_wf/anat_fit_wf/gifti_surface_wf/fs2gii/mapflow/_fs2gii3".
250528-05:31:26,333 nipype.workflow INFO:
	 [Node] Cached "_fs2gii1" - collecting precomputed outputs
250528-05:31:26,333 nipype.workflow INFO:
	 [Node] "_fs2gii1" found cached.
250528-05:31:26,334 nipype.workflow INFO:
	 [Node] Setting-up "_fs2gii2" in "/work/fmriprep_25_0_wf/sub_GEO061_wf/anat_fit_wf/gifti_spheres_wf/fs2gii/mapflow/_fs2gii2".
250528-05:31:26,335 nipype.workflow INFO:
	 [Node] Cached "_fs2gii3" - collecting precomputed outputs
250528-05:31:26,335 nipype.workflow INFO:
	 [Node] "_fs2gii3" found cached.
250528-05:31:26,336 nipype.workflow INFO:
	 [Node] Setting-up "_fs2gii4" in "/work/fmriprep_25_0_wf/sub_GEO061_wf/anat_fit_wf/gifti_surface_wf/fs2gii/mapflow/_fs2gii4".
250528-05:31:26,337 nipype.workflow INFO:
	 [Node] Cached "_fs2gii2" - collecting precomputed outputs
250528-05:31:26,337 nipype.workflow INFO:
	 [Node] "_fs2gii2" found cached.
250528-05:31:26,337 nipype.workflow INFO:
	 [Node] Setting-up "_fs2gii3" in "/work/fmriprep_25_0_wf/sub_GEO061_wf/anat_fit_wf/gifti_spheres_wf/fs2gii/mapflow/_fs2gii3".
250528-05:31:26,339 nipype.workflow INFO:
	 [Node] Cached "_fs2gii4" - collecting precomputed outputs
250528-05:31:26,339 nipype.workflow INFO:
	 [Node] "_fs2gii4" found cached.
250528-05:31:26,339 nipype.workflow INFO:
	 [Node] Cached "_fs2gii3" - collecting precomputed outputs
250528-05:31:26,339 nipype.workflow INFO:
	 [Node] "_fs2gii3" found cached.
250528-05:31:26,340 nipype.workflow INFO:
	 [Node] Setting-up "_fs2gii5" in "/work/fmriprep_25_0_wf/sub_GEO061_wf/anat_fit_wf/gifti_surface_wf/fs2gii/mapflow/_fs2gii5".
250528-05:31:26,342 nipype.workflow INFO:
	 [Node] Cached "_fs2gii5" - collecting precomputed outputs
250528-05:31:26,342 nipype.workflow INFO:
	 [Node] "_fs2gii5" found cached.
250528-05:31:26,346 nipype.workflow INFO:
	 [Node] Executing "_morphs2gii0" <smriprep.interfaces.freesurfer.MRIsConvertData>
250528-05:31:26,360 nipype.workflow INFO:
	 [Node] Executing "_morphs2gii1" <smriprep.interfaces.freesurfer.MRIsConvertData>
250528-05:31:26,362 nipype.workflow INFO:
	 [Node] Executing "_morphs2gii2" <smriprep.interfaces.freesurfer.MRIsConvertData>
250528-05:31:27,475 nipype.workflow INFO:
	 [Node] Finished "_morphs2gii2", elapsed time 1.110975s.
250528-05:31:27,515 nipype.workflow INFO:
	 [Node] Finished "_morphs2gii1", elapsed time 1.153528s.
250528-05:31:27,590 nipype.workflow INFO:
	 [Node] Finished "_morphs2gii0", elapsed time 1.242694s.
250528-05:31:28,331 nipype.workflow INFO:
	 [Node] Setting-up "_morphs2gii3" in "/work/fmriprep_25_0_wf/sub_GEO061_wf/anat_fit_wf/gifti_morphometrics_wf/morphs2gii/mapflow/_morphs2gii3".
250528-05:31:28,418 nipype.workflow INFO:
	 [Node] Executing "_morphs2gii3" <smriprep.interfaces.freesurfer.MRIsConvertData>
250528-05:31:29,373 nipype.workflow INFO:
	 [Node] Finished "_morphs2gii3", elapsed time 0.954296s.
250528-05:31:30,181 nipype.workflow INFO:
	 [Node] Setting-up "_fix_surfs1" in "/work/fmriprep_25_0_wf/sub_GEO061_wf/anat_fit_wf/gifti_surface_wf/fix_surfs/mapflow/_fix_surfs1".
250528-05:31:30,181 nipype.workflow INFO:
	 [Node] Setting-up "_fix_surfs0" in "/work/fmriprep_25_0_wf/sub_GEO061_wf/anat_fit_wf/gifti_surface_wf/fix_surfs/mapflow/_fix_surfs0".
250528-05:31:30,182 nipype.workflow INFO:
	 [Node] Setting-up "_fix_surfs2" in "/work/fmriprep_25_0_wf/sub_GEO061_wf/anat_fit_wf/gifti_surface_wf/fix_surfs/mapflow/_fix_surfs2".
250528-05:31:30,184 nipype.workflow INFO:
	 [Node] Setting-up "_fix_surfs3" in "/work/fmriprep_25_0_wf/sub_GEO061_wf/anat_fit_wf/gifti_surface_wf/fix_surfs/mapflow/_fix_surfs3".
250528-05:31:30,250 nipype.workflow INFO:
	 [Node] Setting-up "_morphs2gii0" in "/work/fmriprep_25_0_wf/sub_GEO061_wf/anat_fit_wf/gifti_morphometrics_wf/morphs2gii/mapflow/_morphs2gii0".
250528-05:31:30,255 nipype.workflow INFO:
	 [Node] Cached "_morphs2gii0" - collecting precomputed outputs
250528-05:31:30,255 nipype.workflow INFO:
	 [Node] "_morphs2gii0" found cached.
250528-05:31:30,257 nipype.workflow INFO:
	 [Node] Setting-up "_morphs2gii1" in "/work/fmriprep_25_0_wf/sub_GEO061_wf/anat_fit_wf/gifti_morphometrics_wf/morphs2gii/mapflow/_morphs2gii1".
250528-05:31:30,259 nipype.workflow INFO:
	 [Node] Cached "_morphs2gii1" - collecting precomputed outputs
250528-05:31:30,259 nipype.workflow INFO:
	 [Node] "_morphs2gii1" found cached.
250528-05:31:30,260 nipype.workflow INFO:
	 [Node] Setting-up "_morphs2gii2" in "/work/fmriprep_25_0_wf/sub_GEO061_wf/anat_fit_wf/gifti_morphometrics_wf/morphs2gii/mapflow/_morphs2gii2".
250528-05:31:30,265 nipype.workflow INFO:
	 [Node] Cached "_morphs2gii2" - collecting precomputed outputs
250528-05:31:30,265 nipype.workflow INFO:
	 [Node] "_morphs2gii2" found cached.
250528-05:31:30,265 nipype.workflow INFO:
	 [Node] Setting-up "_morphs2gii3" in "/work/fmriprep_25_0_wf/sub_GEO061_wf/anat_fit_wf/gifti_morphometrics_wf/morphs2gii/mapflow/_morphs2gii3".
250528-05:31:30,271 nipype.workflow INFO:
	 [Node] Cached "_morphs2gii3" - collecting precomputed outputs
250528-05:31:30,271 nipype.workflow INFO:
	 [Node] "_morphs2gii3" found cached.
250528-05:31:30,337 nipype.workflow INFO:
	 [Node] Executing "_fix_surfs0" <smriprep.interfaces.surf.NormalizeSurf>
250528-05:31:30,341 nipype.workflow INFO:
	 [Node] Executing "_fix_surfs1" <smriprep.interfaces.surf.NormalizeSurf>
250528-05:31:30,350 nipype.workflow INFO:
	 [Node] Executing "_fix_surfs3" <smriprep.interfaces.surf.NormalizeSurf>
250528-05:31:30,360 nipype.workflow INFO:
	 [Node] Executing "_fix_surfs2" <smriprep.interfaces.surf.NormalizeSurf>
250528-05:31:30,958 nipype.workflow INFO:
	 [Node] Finished "_fix_surfs3", elapsed time 0.606468s.
250528-05:31:31,14 nipype.workflow INFO:
	 [Node] Finished "_fix_surfs2", elapsed time 0.652569s.
250528-05:31:31,23 nipype.workflow INFO:
	 [Node] Finished "_fix_surfs1", elapsed time 0.680254s.
250528-05:31:31,64 nipype.workflow INFO:
	 [Node] Finished "_fix_surfs0", elapsed time 0.725749s.
250528-05:31:32,197 nipype.workflow INFO:
	 [Node] Finished "recon_report", elapsed time 22.539043s.
250528-05:31:32,597 nipype.workflow INFO:
	 [Node] Setting-up "_fix_surfs5" in "/work/fmriprep_25_0_wf/sub_GEO061_wf/anat_fit_wf/gifti_surface_wf/fix_surfs/mapflow/_fix_surfs5".
250528-05:31:32,597 nipype.workflow INFO:
	 [Node] Setting-up "_fix_surfs4" in "/work/fmriprep_25_0_wf/sub_GEO061_wf/anat_fit_wf/gifti_surface_wf/fix_surfs/mapflow/_fix_surfs4".
250528-05:31:32,598 nipype.workflow INFO:
	 [Node] Setting-up "_fix_surfs0" in "/work/fmriprep_25_0_wf/sub_GEO061_wf/anat_fit_wf/gifti_spheres_wf/fix_surfs/mapflow/_fix_surfs0".
250528-05:31:32,598 nipype.workflow INFO:
	 [Node] Setting-up "_fix_surfs1" in "/work/fmriprep_25_0_wf/sub_GEO061_wf/anat_fit_wf/gifti_spheres_wf/fix_surfs/mapflow/_fix_surfs1".
250528-05:31:32,598 nipype.workflow INFO:
	 [Node] Setting-up "_fix_surfs2" in "/work/fmriprep_25_0_wf/sub_GEO061_wf/anat_fit_wf/gifti_spheres_wf/fix_surfs/mapflow/_fix_surfs2".
250528-05:31:32,679 nipype.workflow INFO:
	 [Node] Executing "_fix_surfs5" <smriprep.interfaces.surf.NormalizeSurf>
250528-05:31:32,685 nipype.workflow INFO:
	 [Node] Executing "_fix_surfs4" <smriprep.interfaces.surf.NormalizeSurf>
250528-05:31:32,687 nipype.workflow INFO:
	 [Node] Executing "_fix_surfs0" <smriprep.interfaces.surf.NormalizeSurf>
250528-05:31:32,700 nipype.workflow INFO:
	 [Node] Executing "_fix_surfs1" <smriprep.interfaces.surf.NormalizeSurf>
250528-05:31:32,702 nipype.workflow INFO:
	 [Node] Executing "_fix_surfs2" <smriprep.interfaces.surf.NormalizeSurf>
250528-05:31:33,290 nipype.workflow INFO:
	 [Node] Finished "_fix_surfs1", elapsed time 0.587458s.
250528-05:31:33,301 nipype.workflow INFO:
	 [Node] Finished "_fix_surfs2", elapsed time 0.598092s.
250528-05:31:33,345 nipype.workflow INFO:
	 [Node] Finished "_fix_surfs5", elapsed time 0.664867s.
250528-05:31:33,351 nipype.workflow INFO:
	 [Node] Finished "_fix_surfs4", elapsed time 0.664906s.
250528-05:31:33,354 nipype.workflow INFO:
	 [Node] Finished "_fix_surfs0", elapsed time 0.666082s.
250528-05:31:34,753 nipype.workflow INFO:
	 [Node] Setting-up "_fix_surfs0" in "/work/fmriprep_25_0_wf/sub_GEO061_wf/anat_fit_wf/gifti_surface_wf/fix_surfs/mapflow/_fix_surfs0".
250528-05:31:34,756 nipype.workflow INFO:
	 [Node] Cached "_fix_surfs0" - collecting precomputed outputs
250528-05:31:34,756 nipype.workflow INFO:
	 [Node] "_fix_surfs0" found cached.
250528-05:31:34,757 nipype.workflow INFO:
	 [Node] Setting-up "_fix_surfs1" in "/work/fmriprep_25_0_wf/sub_GEO061_wf/anat_fit_wf/gifti_surface_wf/fix_surfs/mapflow/_fix_surfs1".
250528-05:31:34,759 nipype.workflow INFO:
	 [Node] Cached "_fix_surfs1" - collecting precomputed outputs
250528-05:31:34,759 nipype.workflow INFO:
	 [Node] "_fix_surfs1" found cached.
250528-05:31:34,760 nipype.workflow INFO:
	 [Node] Setting-up "_fix_surfs2" in "/work/fmriprep_25_0_wf/sub_GEO061_wf/anat_fit_wf/gifti_surface_wf/fix_surfs/mapflow/_fix_surfs2".
250528-05:31:34,762 nipype.workflow INFO:
	 [Node] Cached "_fix_surfs2" - collecting precomputed outputs
250528-05:31:34,762 nipype.workflow INFO:
	 [Node] "_fix_surfs2" found cached.
250528-05:31:34,763 nipype.workflow INFO:
	 [Node] Setting-up "_fix_surfs3" in "/work/fmriprep_25_0_wf/sub_GEO061_wf/anat_fit_wf/gifti_surface_wf/fix_surfs/mapflow/_fix_surfs3".
250528-05:31:34,768 nipype.workflow INFO:
	 [Node] Cached "_fix_surfs3" - collecting precomputed outputs
250528-05:31:34,768 nipype.workflow INFO:
	 [Node] "_fix_surfs3" found cached.
250528-05:31:34,769 nipype.workflow INFO:
	 [Node] Setting-up "_fix_surfs4" in "/work/fmriprep_25_0_wf/sub_GEO061_wf/anat_fit_wf/gifti_surface_wf/fix_surfs/mapflow/_fix_surfs4".
250528-05:31:34,772 nipype.workflow INFO:
	 [Node] Cached "_fix_surfs4" - collecting precomputed outputs
250528-05:31:34,772 nipype.workflow INFO:
	 [Node] "_fix_surfs4" found cached.
250528-05:31:34,772 nipype.workflow INFO:
	 [Node] Setting-up "_fix_surfs5" in "/work/fmriprep_25_0_wf/sub_GEO061_wf/anat_fit_wf/gifti_surface_wf/fix_surfs/mapflow/_fix_surfs5".
250528-05:31:34,774 nipype.workflow INFO:
	 [Node] Cached "_fix_surfs5" - collecting precomputed outputs
250528-05:31:34,774 nipype.workflow INFO:
	 [Node] "_fix_surfs5" found cached.
250528-05:31:34,827 nipype.workflow INFO:
	 [Node] Setting-up "_fix_surfs3" in "/work/fmriprep_25_0_wf/sub_GEO061_wf/anat_fit_wf/gifti_spheres_wf/fix_surfs/mapflow/_fix_surfs3".
250528-05:31:34,905 nipype.workflow INFO:
	 [Node] Executing "_fix_surfs3" <smriprep.interfaces.surf.NormalizeSurf>
250528-05:31:35,497 nipype.workflow INFO:
	 [Node] Finished "_fix_surfs3", elapsed time 0.590595s.
250528-05:31:36,310 nipype.workflow INFO:
	 [Node] Setting-up "_fix_surfs0" in "/work/fmriprep_25_0_wf/sub_GEO061_wf/anat_fit_wf/gifti_spheres_wf/fix_surfs/mapflow/_fix_surfs0".
250528-05:31:36,313 nipype.workflow INFO:
	 [Node] Cached "_fix_surfs0" - collecting precomputed outputs
250528-05:31:36,313 nipype.workflow INFO:
	 [Node] "_fix_surfs0" found cached.
250528-05:31:36,314 nipype.workflow INFO:
	 [Node] Setting-up "_fix_surfs1" in "/work/fmriprep_25_0_wf/sub_GEO061_wf/anat_fit_wf/gifti_spheres_wf/fix_surfs/mapflow/_fix_surfs1".
250528-05:31:36,317 nipype.workflow INFO:
	 [Node] Cached "_fix_surfs1" - collecting precomputed outputs
250528-05:31:36,317 nipype.workflow INFO:
	 [Node] "_fix_surfs1" found cached.
250528-05:31:36,317 nipype.workflow INFO:
	 [Node] Setting-up "_fix_surfs2" in "/work/fmriprep_25_0_wf/sub_GEO061_wf/anat_fit_wf/gifti_spheres_wf/fix_surfs/mapflow/_fix_surfs2".
250528-05:31:36,320 nipype.workflow INFO:
	 [Node] Cached "_fix_surfs2" - collecting precomputed outputs
250528-05:31:36,320 nipype.workflow INFO:
	 [Node] "_fix_surfs2" found cached.
250528-05:31:36,320 nipype.workflow INFO:
	 [Node] Setting-up "_fix_surfs3" in "/work/fmriprep_25_0_wf/sub_GEO061_wf/anat_fit_wf/gifti_spheres_wf/fix_surfs/mapflow/_fix_surfs3".
250528-05:31:36,323 nipype.workflow INFO:
	 [Node] Cached "_fix_surfs3" - collecting precomputed outputs
250528-05:31:36,323 nipype.workflow INFO:
	 [Node] "_fix_surfs3" found cached.
250528-05:31:39,86 nipype.workflow INFO:
	 [Node] Setting-up "_invert_sulc0" in "/work/fmriprep_25_0_wf/sub_GEO061_wf/anat_fit_wf/msm_sulc_wf/invert_sulc/mapflow/_invert_sulc0".
250528-05:31:39,87 nipype.workflow INFO:
	 [Node] Setting-up "_invert_sulc1" in "/work/fmriprep_25_0_wf/sub_GEO061_wf/anat_fit_wf/msm_sulc_wf/invert_sulc/mapflow/_invert_sulc1".
250528-05:31:39,206 nipype.workflow INFO:
	 [Node] Executing "_invert_sulc0" <smriprep.interfaces.gifti.MetricMath>
250528-05:31:39,241 nipype.workflow INFO:
	 [Node] Executing "_invert_sulc1" <smriprep.interfaces.gifti.MetricMath>
250528-05:31:39,267 nipype.workflow INFO:
	 [Node] Finished "_invert_sulc0", elapsed time 0.059594s.
250528-05:31:39,289 nipype.workflow INFO:
	 [Node] Finished "_invert_sulc1", elapsed time 0.047377s.
250528-05:31:42,359 nipype.workflow INFO:
	 [Node] Setting-up "_invert_sulc0" in "/work/fmriprep_25_0_wf/sub_GEO061_wf/anat_fit_wf/msm_sulc_wf/invert_sulc/mapflow/_invert_sulc0".
250528-05:31:42,362 nipype.workflow INFO:
	 [Node] Cached "_invert_sulc0" - collecting precomputed outputs
250528-05:31:42,362 nipype.workflow INFO:
	 [Node] "_invert_sulc0" found cached.
250528-05:31:42,362 nipype.workflow INFO:
	 [Node] Setting-up "_invert_sulc1" in "/work/fmriprep_25_0_wf/sub_GEO061_wf/anat_fit_wf/msm_sulc_wf/invert_sulc/mapflow/_invert_sulc1".
250528-05:31:42,368 nipype.workflow INFO:
	 [Node] Cached "_invert_sulc1" - collecting precomputed outputs
250528-05:31:42,368 nipype.workflow INFO:
	 [Node] "_invert_sulc1" found cached.
250528-05:31:44,607 nipype.workflow INFO:
	 [Node] Finished "refine", elapsed time 22.262445s.
250528-05:31:46,450 nipype.workflow INFO:
	 [Node] Setting-up "_create_pial_distvol0" in "/work/fmriprep_25_0_wf/sub_GEO061_wf/anat_fit_wf/anat_ribbon_wf/create_pial_distvol/mapflow/_create_pial_distvol0".
250528-05:31:46,451 nipype.workflow INFO:
	 [Node] Setting-up "_create_wm_distvol0" in "/work/fmriprep_25_0_wf/sub_GEO061_wf/anat_fit_wf/anat_ribbon_wf/create_wm_distvol/mapflow/_create_wm_distvol0".
250528-05:31:46,452 nipype.workflow INFO:
	 [Node] Setting-up "_create_wm_distvol1" in "/work/fmriprep_25_0_wf/sub_GEO061_wf/anat_fit_wf/anat_ribbon_wf/create_wm_distvol/mapflow/_create_wm_distvol1".
250528-05:31:46,456 nipype.workflow INFO:
	 [Node] Setting-up "_create_pial_distvol1" in "/work/fmriprep_25_0_wf/sub_GEO061_wf/anat_fit_wf/anat_ribbon_wf/create_pial_distvol/mapflow/_create_pial_distvol1".
250528-05:31:46,564 nipype.workflow INFO:
	 [Node] Executing "_create_wm_distvol0" <smriprep.interfaces.workbench.CreateSignedDistanceVolume>
250528-05:31:46,590 nipype.workflow INFO:
	 [Node] Executing "_create_pial_distvol1" <smriprep.interfaces.workbench.CreateSignedDistanceVolume>
250528-05:31:46,594 nipype.workflow INFO:
	 [Node] Executing "_create_pial_distvol0" <smriprep.interfaces.workbench.CreateSignedDistanceVolume>
250528-05:31:46,608 nipype.workflow INFO:
	 [Node] Executing "_create_wm_distvol1" <smriprep.interfaces.workbench.CreateSignedDistanceVolume>
250528-05:31:46,793 nipype.workflow INFO:
	 [Node] Setting-up "fmriprep_25_0_wf.sub_GEO061_wf.anat_fit_wf.applyrefined" in "/work/fmriprep_25_0_wf/sub_GEO061_wf/anat_fit_wf/applyrefined".
250528-05:31:46,882 nipype.workflow INFO:
	 [Node] Executing "applyrefined" <nipype.interfaces.fsl.maths.ApplyMask>
250528-05:31:49,80 nipype.workflow INFO:
	 [Node] Finished "applyrefined", elapsed time 2.197012s.
250528-05:31:53,651 nipype.workflow INFO:
	 [Node] Setting-up "_project_unproject1" in "/work/fmriprep_25_0_wf/sub_GEO061_wf/anat_fit_wf/fsLR_reg_wf/project_unproject/mapflow/_project_unproject1".
250528-05:31:53,651 nipype.workflow INFO:
	 [Node] Setting-up "_project_unproject0" in "/work/fmriprep_25_0_wf/sub_GEO061_wf/anat_fit_wf/fsLR_reg_wf/project_unproject/mapflow/_project_unproject0".
250528-05:31:53,773 nipype.workflow INFO:
	 [Node] Executing "_project_unproject1" <smriprep.interfaces.workbench.SurfaceSphereProjectUnproject>
250528-05:31:53,779 nipype.workflow INFO:
	 [Node] Executing "_project_unproject0" <smriprep.interfaces.workbench.SurfaceSphereProjectUnproject>
250528-05:31:56,393 nipype.workflow INFO:
	 [Node] Setting-up "fmriprep_25_0_wf.sub_GEO061_wf.anat_fit_wf.fast" in "/work/fmriprep_25_0_wf/sub_GEO061_wf/anat_fit_wf/fast".
250528-05:31:56,488 nipype.workflow INFO:
	 [Node] Executing "fast" <nipype.interfaces.fsl.preprocess.FAST>
250528-05:31:56,980 nipype.workflow INFO:
	 [Node] Finished "_project_unproject0", elapsed time 3.024889s.
250528-05:31:57,48 nipype.workflow INFO:
	 [Node] Finished "_project_unproject1", elapsed time 3.041492s.
250528-05:31:58,774 nipype.workflow INFO:
	 [Node] Setting-up "fmriprep_25_0_wf.sub_GEO061_wf.ds_std_volumes_wf.mask_anat" in "/work/fmriprep_25_0_wf/sub_GEO061_wf/ds_std_volumes_wf/mask_anat".
250528-05:31:58,837 nipype.workflow INFO:
	 [Node] Setting-up "_project_unproject0" in "/work/fmriprep_25_0_wf/sub_GEO061_wf/anat_fit_wf/fsLR_reg_wf/project_unproject/mapflow/_project_unproject0".
250528-05:31:58,839 nipype.workflow INFO:
	 [Node] Cached "_project_unproject0" - collecting precomputed outputs
250528-05:31:58,839 nipype.workflow INFO:
	 [Node] "_project_unproject0" found cached.
250528-05:31:58,840 nipype.workflow INFO:
	 [Node] Setting-up "_project_unproject1" in "/work/fmriprep_25_0_wf/sub_GEO061_wf/anat_fit_wf/fsLR_reg_wf/project_unproject/mapflow/_project_unproject1".
250528-05:31:58,842 nipype.workflow INFO:
	 [Node] Cached "_project_unproject1" - collecting precomputed outputs
250528-05:31:58,842 nipype.workflow INFO:
	 [Node] "_project_unproject1" found cached.
250528-05:31:58,873 nipype.workflow INFO:
	 [Node] Executing "mask_anat" <niworkflows.interfaces.nibabel.ApplyMask>
250528-05:31:59,657 nipype.workflow INFO:
	 [Node] Finished "mask_anat", elapsed time 0.78318s.
250528-05:32:00,680 nipype.workflow INFO:
	 [Node] Setting-up "fmriprep_25_0_wf.sub_GEO061_wf.bold_ses_t2_task_image_run_1_wf.bold_anat_wf.gen_ref" in "/work/fmriprep_25_0_wf/sub_GEO061_wf/bold_ses_t2_task_image_run_1_wf/bold_anat_wf/gen_ref".
250528-05:32:00,680 nipype.workflow INFO:
	 [Node] Setting-up "fmriprep_25_0_wf.sub_GEO061_wf.bold_ses_t2_task_image_run_2_wf.bold_anat_wf.gen_ref" in "/work/fmriprep_25_0_wf/sub_GEO061_wf/bold_ses_t2_task_image_run_2_wf/bold_anat_wf/gen_ref".
250528-05:32:00,822 nipype.workflow INFO:
	 [Node] Executing "gen_ref" <niworkflows.interfaces.nibabel.GenerateSamplingReference>
250528-05:32:00,855 nipype.workflow INFO:
	 [Node] Executing "gen_ref" <niworkflows.interfaces.nibabel.GenerateSamplingReference>
250528-05:32:01,791 nipype.workflow INFO:
	 [Node] Finished "gen_ref", elapsed time 0.935116s.
250528-05:32:02,235 nipype.workflow INFO:
	 [Node] Finished "gen_ref", elapsed time 1.411765s.
250528-05:32:02,774 nipype.workflow INFO:
	 [Node] Setting-up "fmriprep_25_0_wf.sub_GEO061_wf.bold_ses_t2_task_image_run_3_wf.bold_anat_wf.gen_ref" in "/work/fmriprep_25_0_wf/sub_GEO061_wf/bold_ses_t2_task_image_run_3_wf/bold_anat_wf/gen_ref".
250528-05:32:02,774 nipype.workflow INFO:
	 [Node] Setting-up "fmriprep_25_0_wf.sub_GEO061_wf.bold_ses_t2_task_image_run_4_wf.bold_anat_wf.gen_ref" in "/work/fmriprep_25_0_wf/sub_GEO061_wf/bold_ses_t2_task_image_run_4_wf/bold_anat_wf/gen_ref".
250528-05:32:02,912 nipype.workflow INFO:
	 [Node] Executing "gen_ref" <niworkflows.interfaces.nibabel.GenerateSamplingReference>
250528-05:32:02,913 nipype.workflow INFO:
	 [Node] Executing "gen_ref" <niworkflows.interfaces.nibabel.GenerateSamplingReference>
250528-05:32:03,881 nipype.workflow INFO:
	 [Node] Finished "gen_ref", elapsed time 0.96849s.
250528-05:32:03,930 nipype.workflow INFO:
	 [Node] Finished "gen_ref", elapsed time 1.0162s.
250528-05:32:04,678 nipype.workflow INFO:
	 [Node] Setting-up "fmriprep_25_0_wf.sub_GEO061_wf.bold_ses_t2_task_image_run_5_wf.bold_anat_wf.gen_ref" in "/work/fmriprep_25_0_wf/sub_GEO061_wf/bold_ses_t2_task_image_run_5_wf/bold_anat_wf/gen_ref".
250528-05:32:04,679 nipype.workflow INFO:
	 [Node] Setting-up "fmriprep_25_0_wf.sub_GEO061_wf.bold_ses_t3_task_image_run_1_wf.bold_anat_wf.gen_ref" in "/work/fmriprep_25_0_wf/sub_GEO061_wf/bold_ses_t3_task_image_run_1_wf/bold_anat_wf/gen_ref".
250528-05:32:04,784 nipype.workflow INFO:
	 [Node] Executing "gen_ref" <niworkflows.interfaces.nibabel.GenerateSamplingReference>
250528-05:32:04,802 nipype.workflow INFO:
	 [Node] Executing "gen_ref" <niworkflows.interfaces.nibabel.GenerateSamplingReference>
250528-05:32:05,731 nipype.workflow INFO:
	 [Node] Finished "gen_ref", elapsed time 0.946046s.
250528-05:32:05,763 nipype.workflow INFO:
	 [Node] Finished "gen_ref", elapsed time 0.959721s.
250528-05:32:06,678 nipype.workflow INFO:
	 [Node] Setting-up "fmriprep_25_0_wf.sub_GEO061_wf.bold_ses_t3_task_image_run_2_wf.bold_anat_wf.gen_ref" in "/work/fmriprep_25_0_wf/sub_GEO061_wf/bold_ses_t3_task_image_run_2_wf/bold_anat_wf/gen_ref".
250528-05:32:06,678 nipype.workflow INFO:
	 [Node] Setting-up "fmriprep_25_0_wf.sub_GEO061_wf.bold_ses_t3_task_image_run_3_wf.bold_anat_wf.gen_ref" in "/work/fmriprep_25_0_wf/sub_GEO061_wf/bold_ses_t3_task_image_run_3_wf/bold_anat_wf/gen_ref".
250528-05:32:06,805 nipype.workflow INFO:
	 [Node] Executing "gen_ref" <niworkflows.interfaces.nibabel.GenerateSamplingReference>
250528-05:32:06,827 nipype.workflow INFO:
	 [Node] Executing "gen_ref" <niworkflows.interfaces.nibabel.GenerateSamplingReference>
250528-05:32:07,732 nipype.workflow INFO:
	 [Node] Finished "gen_ref", elapsed time 0.925421s.
250528-05:32:07,803 nipype.workflow INFO:
	 [Node] Finished "gen_ref", elapsed time 0.974079s.
250528-05:32:08,771 nipype.workflow INFO:
	 [Node] Setting-up "fmriprep_25_0_wf.sub_GEO061_wf.bold_ses_t3_task_image_run_4_wf.bold_anat_wf.gen_ref" in "/work/fmriprep_25_0_wf/sub_GEO061_wf/bold_ses_t3_task_image_run_4_wf/bold_anat_wf/gen_ref".
250528-05:32:08,773 nipype.workflow INFO:
	 [Node] Setting-up "fmriprep_25_0_wf.sub_GEO061_wf.bold_ses_t3_task_image_run_5_wf.bold_anat_wf.gen_ref" in "/work/fmriprep_25_0_wf/sub_GEO061_wf/bold_ses_t3_task_image_run_5_wf/bold_anat_wf/gen_ref".
250528-05:32:09,87 nipype.workflow INFO:
	 [Node] Executing "gen_ref" <niworkflows.interfaces.nibabel.GenerateSamplingReference>
250528-05:32:09,200 nipype.workflow INFO:
	 [Node] Executing "gen_ref" <niworkflows.interfaces.nibabel.GenerateSamplingReference>
250528-05:32:10,187 nipype.workflow INFO:
	 [Node] Finished "gen_ref", elapsed time 1.097947s.
250528-05:32:10,249 nipype.workflow INFO:
	 [Node] Finished "gen_ref", elapsed time 1.046554s.
250528-05:32:10,752 nipype.workflow INFO:
	 [Node] Setting-up "fmriprep_25_0_wf.sub_GEO061_wf.bold_ses_t3_task_retrans_run_1_wf.bold_anat_wf.gen_ref" in "/work/fmriprep_25_0_wf/sub_GEO061_wf/bold_ses_t3_task_retrans_run_1_wf/bold_anat_wf/gen_ref".
250528-05:32:10,887 nipype.workflow INFO:
	 [Node] Executing "gen_ref" <niworkflows.interfaces.nibabel.GenerateSamplingReference>
250528-05:32:11,944 nipype.workflow INFO:
	 [Node] Finished "gen_ref", elapsed time 1.055873s.
250528-05:32:16,714 nipype.workflow INFO:
	 [Node] Setting-up "_regress_affine0" in "/work/fmriprep_25_0_wf/sub_GEO061_wf/anat_fit_wf/msm_sulc_wf/regress_affine/mapflow/_regress_affine0".
250528-05:32:16,715 nipype.workflow INFO:
	 [Node] Setting-up "_regress_affine1" in "/work/fmriprep_25_0_wf/sub_GEO061_wf/anat_fit_wf/msm_sulc_wf/regress_affine/mapflow/_regress_affine1".
250528-05:32:16,798 nipype.workflow INFO:
	 [Node] Executing "_regress_affine0" <smriprep.interfaces.workbench.SurfaceAffineRegression>
250528-05:32:16,818 nipype.workflow INFO:
	 [Node] Executing "_regress_affine1" <smriprep.interfaces.workbench.SurfaceAffineRegression>
250528-05:32:17,394 nipype.workflow INFO:
	 [Node] Finished "_regress_affine0", elapsed time 0.406283s.
250528-05:32:17,534 nipype.workflow INFO:
	 [Node] Finished "_regress_affine1", elapsed time 0.476353s.
250528-05:32:18,829 nipype.workflow INFO:
	 [Node] Setting-up "_regress_affine0" in "/work/fmriprep_25_0_wf/sub_GEO061_wf/anat_fit_wf/msm_sulc_wf/regress_affine/mapflow/_regress_affine0".
250528-05:32:18,832 nipype.workflow INFO:
	 [Node] Cached "_regress_affine0" - collecting precomputed outputs
250528-05:32:18,832 nipype.workflow INFO:
	 [Node] "_regress_affine0" found cached.
250528-05:32:18,832 nipype.workflow INFO:
	 [Node] Setting-up "_regress_affine1" in "/work/fmriprep_25_0_wf/sub_GEO061_wf/anat_fit_wf/msm_sulc_wf/regress_affine/mapflow/_regress_affine1".
250528-05:32:18,835 nipype.workflow INFO:
	 [Node] Cached "_regress_affine1" - collecting precomputed outputs
250528-05:32:18,835 nipype.workflow INFO:
	 [Node] "_regress_affine1" found cached.
250528-05:32:22,694 nipype.workflow INFO:
	 [Node] Setting-up "_apply_surface_affine1" in "/work/fmriprep_25_0_wf/sub_GEO061_wf/anat_fit_wf/msm_sulc_wf/apply_surface_affine/mapflow/_apply_surface_affine1".
250528-05:32:22,694 nipype.workflow INFO:
	 [Node] Setting-up "_apply_surface_affine0" in "/work/fmriprep_25_0_wf/sub_GEO061_wf/anat_fit_wf/msm_sulc_wf/apply_surface_affine/mapflow/_apply_surface_affine0".
250528-05:32:22,790 nipype.workflow INFO:
	 [Node] Executing "_apply_surface_affine1" <smriprep.interfaces.workbench.SurfaceApplyAffine>
250528-05:32:22,805 nipype.workflow INFO:
	 [Node] Executing "_apply_surface_affine0" <smriprep.interfaces.workbench.SurfaceApplyAffine>
250528-05:32:24,18 nipype.workflow INFO:
	 [Node] Finished "_apply_surface_affine0", elapsed time 0.978408s.
250528-05:32:24,41 nipype.workflow INFO:
	 [Node] Finished "_apply_surface_affine1", elapsed time 1.021633s.
250528-05:32:24,848 nipype.workflow INFO:
	 [Node] Setting-up "_apply_surface_affine0" in "/work/fmriprep_25_0_wf/sub_GEO061_wf/anat_fit_wf/msm_sulc_wf/apply_surface_affine/mapflow/_apply_surface_affine0".
250528-05:32:24,850 nipype.workflow INFO:
	 [Node] Cached "_apply_surface_affine0" - collecting precomputed outputs
250528-05:32:24,851 nipype.workflow INFO:
	 [Node] "_apply_surface_affine0" found cached.
250528-05:32:24,851 nipype.workflow INFO:
	 [Node] Setting-up "_apply_surface_affine1" in "/work/fmriprep_25_0_wf/sub_GEO061_wf/anat_fit_wf/msm_sulc_wf/apply_surface_affine/mapflow/_apply_surface_affine1".
250528-05:32:24,854 nipype.workflow INFO:
	 [Node] Cached "_apply_surface_affine1" - collecting precomputed outputs
250528-05:32:24,854 nipype.workflow INFO:
	 [Node] "_apply_surface_affine1" found cached.
250528-05:32:28,721 nipype.workflow INFO:
	 [Node] Setting-up "_modify_sphere0" in "/work/fmriprep_25_0_wf/sub_GEO061_wf/anat_fit_wf/msm_sulc_wf/modify_sphere/mapflow/_modify_sphere0".
250528-05:32:28,721 nipype.workflow INFO:
	 [Node] Setting-up "_modify_sphere1" in "/work/fmriprep_25_0_wf/sub_GEO061_wf/anat_fit_wf/msm_sulc_wf/modify_sphere/mapflow/_modify_sphere1".
250528-05:32:28,801 nipype.workflow INFO:
	 [Node] Executing "_modify_sphere0" <smriprep.interfaces.workbench.SurfaceModifySphere>
250528-05:32:28,804 nipype.workflow INFO:
	 [Node] Executing "_modify_sphere1" <smriprep.interfaces.workbench.SurfaceModifySphere>
250528-05:32:29,843 nipype.workflow INFO:
	 [Node] Finished "_modify_sphere1", elapsed time 0.854106s.
250528-05:32:29,935 nipype.workflow INFO:
	 [Node] Finished "_modify_sphere0", elapsed time 0.899721s.
250528-05:32:30,748 nipype.workflow INFO:
	 [Node] Setting-up "_modify_sphere0" in "/work/fmriprep_25_0_wf/sub_GEO061_wf/anat_fit_wf/msm_sulc_wf/modify_sphere/mapflow/_modify_sphere0".
250528-05:32:30,751 nipype.workflow INFO:
	 [Node] Cached "_modify_sphere0" - collecting precomputed outputs
250528-05:32:30,751 nipype.workflow INFO:
	 [Node] "_modify_sphere0" found cached.
250528-05:32:30,751 nipype.workflow INFO:
	 [Node] Setting-up "_modify_sphere1" in "/work/fmriprep_25_0_wf/sub_GEO061_wf/anat_fit_wf/msm_sulc_wf/modify_sphere/mapflow/_modify_sphere1".
250528-05:32:30,753 nipype.workflow INFO:
	 [Node] Cached "_modify_sphere1" - collecting precomputed outputs
250528-05:32:30,754 nipype.workflow INFO:
	 [Node] "_modify_sphere1" found cached.
250528-05:32:33,345 nipype.workflow INFO:
	 [Node] Finished "_create_wm_distvol1", elapsed time 43.805913s.
250528-05:32:34,812 nipype.workflow INFO:
	 [Node] Setting-up "_msmsulc0" in "/work/fmriprep_25_0_wf/sub_GEO061_wf/anat_fit_wf/msm_sulc_wf/msmsulc/mapflow/_msmsulc0".
250528-05:32:34,813 nipype.workflow INFO:
	 [Node] Setting-up "_msmsulc1" in "/work/fmriprep_25_0_wf/sub_GEO061_wf/anat_fit_wf/msm_sulc_wf/msmsulc/mapflow/_msmsulc1".
250528-05:32:34,900 nipype.workflow INFO:
	 [Node] Executing "_msmsulc0" <smriprep.interfaces.msm.MSM>
250528-05:32:34,903 nipype.workflow INFO:
	 [Node] Executing "_msmsulc1" <smriprep.interfaces.msm.MSM>
250528-05:32:35,546 nipype.workflow INFO:
	 [Node] Finished "_create_wm_distvol0", elapsed time 45.938822s.
250528-05:32:36,843 nipype.workflow INFO:
	 [Node] Setting-up "_create_wm_distvol0" in "/work/fmriprep_25_0_wf/sub_GEO061_wf/anat_fit_wf/anat_ribbon_wf/create_wm_distvol/mapflow/_create_wm_distvol0".
250528-05:32:36,846 nipype.workflow INFO:
	 [Node] Cached "_create_wm_distvol0" - collecting precomputed outputs
250528-05:32:36,846 nipype.workflow INFO:
	 [Node] "_create_wm_distvol0" found cached.
250528-05:32:36,846 nipype.workflow INFO:
	 [Node] Setting-up "_create_wm_distvol1" in "/work/fmriprep_25_0_wf/sub_GEO061_wf/anat_fit_wf/anat_ribbon_wf/create_wm_distvol/mapflow/_create_wm_distvol1".
250528-05:32:36,849 nipype.workflow INFO:
	 [Node] Cached "_create_wm_distvol1" - collecting precomputed outputs
250528-05:32:36,849 nipype.workflow INFO:
	 [Node] "_create_wm_distvol1" found cached.
250528-05:32:44,169 nipype.workflow INFO:
	 [Node] Finished "_create_pial_distvol1", elapsed time 54.587384s.
250528-05:32:45,441 nipype.workflow INFO:
	 [Node] Finished "_create_pial_distvol0", elapsed time 55.869608s.
250528-05:32:46,778 nipype.workflow INFO:
	 [Node] Setting-up "_create_pial_distvol0" in "/work/fmriprep_25_0_wf/sub_GEO061_wf/anat_fit_wf/anat_ribbon_wf/create_pial_distvol/mapflow/_create_pial_distvol0".
250528-05:32:46,781 nipype.workflow INFO:
	 [Node] Cached "_create_pial_distvol0" - collecting precomputed outputs
250528-05:32:46,781 nipype.workflow INFO:
	 [Node] "_create_pial_distvol0" found cached.
250528-05:32:46,782 nipype.workflow INFO:
	 [Node] Setting-up "_create_pial_distvol1" in "/work/fmriprep_25_0_wf/sub_GEO061_wf/anat_fit_wf/anat_ribbon_wf/create_pial_distvol/mapflow/_create_pial_distvol1".
250528-05:32:46,785 nipype.workflow INFO:
	 [Node] Cached "_create_pial_distvol1" - collecting precomputed outputs
250528-05:32:46,785 nipype.workflow INFO:
	 [Node] "_create_pial_distvol1" found cached.
250528-05:32:48,785 nipype.workflow INFO:
	 [Node] Setting-up "fmriprep_25_0_wf.sub_GEO061_wf.anat_fit_wf.anat_ribbon_wf.make_ribbon" in "/work/fmriprep_25_0_wf/sub_GEO061_wf/anat_fit_wf/anat_ribbon_wf/make_ribbon".
250528-05:32:48,874 nipype.workflow INFO:
	 [Node] Executing "make_ribbon" <smriprep.interfaces.surf.MakeRibbon>
250528-05:32:49,398 nipype.workflow INFO:
	 [Node] Finished "make_ribbon", elapsed time 0.523349s.
250528-05:33:14,867 nipype.workflow INFO:
	 [Node] Finished "fast", elapsed time 78.374285s.
250528-05:33:15,729 nipype.workflow INFO:
	 [Node] Finished "bbreg", elapsed time 125.994059s.
250528-05:33:17,477 nipype.workflow INFO:
	 [Node] Setting-up "fmriprep_25_0_wf.sub_GEO061_wf.anat_fit_wf.lut_t1w_dseg" in "/work/fmriprep_25_0_wf/sub_GEO061_wf/anat_fit_wf/lut_t1w_dseg".
250528-05:33:17,555 nipype.workflow INFO:
	 [Node] Executing "lut_t1w_dseg" <nipype.interfaces.utility.wrappers.Function>
250528-05:33:17,744 nipype.workflow INFO:
	 [Node] Finished "lut_t1w_dseg", elapsed time 0.187516s.
250528-05:33:25,920 nipype.workflow INFO:
	 [Node] Setting-up "fmriprep_25_0_wf.sub_GEO061_wf.anat_fit_wf.t2w_resample" in "/work/fmriprep_25_0_wf/sub_GEO061_wf/anat_fit_wf/t2w_resample".
250528-05:33:25,928 nipype.workflow INFO:
	 [Node] Setting-up "fmriprep_25_0_wf.sub_GEO061_wf.anat_fit_wf.anat_reports_wf.seg_rpt" in "/work/fmriprep_25_0_wf/sub_GEO061_wf/anat_fit_wf/anat_reports_wf/seg_rpt".
250528-05:33:25,936 nipype.workflow INFO:
	 [Node] Setting-up "fmriprep_25_0_wf.sub_GEO061_wf.bold_ses_t2_task_image_run_1_wf.bold_fit_wf.func_fit_reports_wf.t1w_wm" in "/work/fmriprep_25_0_wf/sub_GEO061_wf/bold_ses_t2_task_image_run_1_wf/bold_fit_wf/func_fit_reports_wf/t1w_wm".
250528-05:33:25,943 nipype.workflow INFO:
	 [Node] Setting-up "fmriprep_25_0_wf.sub_GEO061_wf.bold_ses_t2_task_image_run_2_wf.bold_fit_wf.func_fit_reports_wf.t1w_wm" in "/work/fmriprep_25_0_wf/sub_GEO061_wf/bold_ses_t2_task_image_run_2_wf/bold_fit_wf/func_fit_reports_wf/t1w_wm".
250528-05:33:25,952 nipype.workflow INFO:
	 [Node] Setting-up "fmriprep_25_0_wf.sub_GEO061_wf.bold_ses_t2_task_image_run_3_wf.bold_fit_wf.func_fit_reports_wf.t1w_wm" in "/work/fmriprep_25_0_wf/sub_GEO061_wf/bold_ses_t2_task_image_run_3_wf/bold_fit_wf/func_fit_reports_wf/t1w_wm".
250528-05:33:25,977 nipype.workflow INFO:
	 [Node] Setting-up "fmriprep_25_0_wf.sub_GEO061_wf.bold_ses_t2_task_image_run_4_wf.bold_fit_wf.func_fit_reports_wf.t1w_wm" in "/work/fmriprep_25_0_wf/sub_GEO061_wf/bold_ses_t2_task_image_run_4_wf/bold_fit_wf/func_fit_reports_wf/t1w_wm".
250528-05:33:26,41 nipype.workflow INFO:
	 [Node] Executing "t2w_resample" <niworkflows.interfaces.fixes.FixHeaderApplyTransforms>
250528-05:33:26,50 nipype.workflow INFO:
	 [Node] Executing "t1w_wm" <nipype.interfaces.utility.wrappers.Function>
250528-05:33:26,64 nipype.workflow INFO:
	 [Node] Executing "seg_rpt" <niworkflows.interfaces.reportlets.masks.ROIsPlot>
250528-05:33:26,65 nipype.workflow INFO:
	 [Node] Executing "t1w_wm" <nipype.interfaces.utility.wrappers.Function>
250528-05:33:26,65 nipype.workflow INFO:
	 [Node] Executing "t1w_wm" <nipype.interfaces.utility.wrappers.Function>
250528-05:33:26,67 nipype.workflow INFO:
	 [Node] Executing "t1w_wm" <nipype.interfaces.utility.wrappers.Function>
250528-05:33:26,160 nipype.workflow INFO:
	 [Node] Finished "t1w_wm", elapsed time 0.091921s.
250528-05:33:26,161 nipype.workflow INFO:
	 [Node] Finished "t1w_wm", elapsed time 0.110264s.
250528-05:33:26,172 nipype.workflow INFO:
	 [Node] Finished "t1w_wm", elapsed time 0.106062s.
250528-05:33:26,174 nipype.workflow INFO:
	 [Node] Finished "t1w_wm", elapsed time 0.107083s.
250528-05:33:27,914 nipype.workflow INFO:
	 [Node] Setting-up "fmriprep_25_0_wf.sub_GEO061_wf.bold_ses_t2_task_image_run_5_wf.bold_fit_wf.func_fit_reports_wf.t1w_wm" in "/work/fmriprep_25_0_wf/sub_GEO061_wf/bold_ses_t2_task_image_run_5_wf/bold_fit_wf/func_fit_reports_wf/t1w_wm".
250528-05:33:27,922 nipype.workflow INFO:
	 [Node] Setting-up "fmriprep_25_0_wf.sub_GEO061_wf.bold_ses_t3_task_image_run_1_wf.bold_fit_wf.func_fit_reports_wf.t1w_wm" in "/work/fmriprep_25_0_wf/sub_GEO061_wf/bold_ses_t3_task_image_run_1_wf/bold_fit_wf/func_fit_reports_wf/t1w_wm".
250528-05:33:27,929 nipype.workflow INFO:
	 [Node] Setting-up "fmriprep_25_0_wf.sub_GEO061_wf.bold_ses_t3_task_image_run_2_wf.bold_fit_wf.func_fit_reports_wf.t1w_wm" in "/work/fmriprep_25_0_wf/sub_GEO061_wf/bold_ses_t3_task_image_run_2_wf/bold_fit_wf/func_fit_reports_wf/t1w_wm".
250528-05:33:27,940 nipype.workflow INFO:
	 [Node] Setting-up "fmriprep_25_0_wf.sub_GEO061_wf.bold_ses_t3_task_image_run_3_wf.bold_fit_wf.func_fit_reports_wf.t1w_wm" in "/work/fmriprep_25_0_wf/sub_GEO061_wf/bold_ses_t3_task_image_run_3_wf/bold_fit_wf/func_fit_reports_wf/t1w_wm".
250528-05:33:28,2 nipype.workflow INFO:
	 [Node] Executing "t1w_wm" <nipype.interfaces.utility.wrappers.Function>
250528-05:33:28,2 nipype.workflow INFO:
	 [Node] Executing "t1w_wm" <nipype.interfaces.utility.wrappers.Function>
250528-05:33:28,12 nipype.workflow INFO:
	 [Node] Executing "t1w_wm" <nipype.interfaces.utility.wrappers.Function>
250528-05:33:28,17 nipype.workflow INFO:
	 [Node] Executing "t1w_wm" <nipype.interfaces.utility.wrappers.Function>
250528-05:33:28,79 nipype.workflow INFO:
	 [Node] Finished "t1w_wm", elapsed time 0.076297s.
250528-05:33:28,92 nipype.workflow INFO:
	 [Node] Finished "t1w_wm", elapsed time 0.079172s.
250528-05:33:28,99 nipype.workflow INFO:
	 [Node] Finished "t1w_wm", elapsed time 0.080301s.
250528-05:33:28,102 nipype.workflow INFO:
	 [Node] Finished "t1w_wm", elapsed time 0.098398s.
250528-05:33:29,931 nipype.workflow INFO:
	 [Node] Setting-up "fmriprep_25_0_wf.sub_GEO061_wf.bold_ses_t3_task_image_run_4_wf.bold_fit_wf.func_fit_reports_wf.t1w_wm" in "/work/fmriprep_25_0_wf/sub_GEO061_wf/bold_ses_t3_task_image_run_4_wf/bold_fit_wf/func_fit_reports_wf/t1w_wm".
250528-05:33:29,935 nipype.workflow INFO:
	 [Node] Setting-up "fmriprep_25_0_wf.sub_GEO061_wf.bold_ses_t3_task_image_run_5_wf.bold_fit_wf.func_fit_reports_wf.t1w_wm" in "/work/fmriprep_25_0_wf/sub_GEO061_wf/bold_ses_t3_task_image_run_5_wf/bold_fit_wf/func_fit_reports_wf/t1w_wm".
250528-05:33:29,943 nipype.workflow INFO:
	 [Node] Setting-up "fmriprep_25_0_wf.sub_GEO061_wf.bold_ses_t3_task_retrans_run_1_wf.bold_fit_wf.func_fit_reports_wf.t1w_wm" in "/work/fmriprep_25_0_wf/sub_GEO061_wf/bold_ses_t3_task_retrans_run_1_wf/bold_fit_wf/func_fit_reports_wf/t1w_wm".
250528-05:33:29,947 nipype.workflow INFO:
	 [Node] Setting-up "fmriprep_25_0_wf.sub_GEO061_wf.bold_ses_t2_task_image_run_1_wf.bold_confounds_wf.acc_masks" in "/work/fmriprep_25_0_wf/sub_GEO061_wf/bold_ses_t2_task_image_run_1_wf/bold_confounds_wf/acc_masks".
250528-05:33:30,10 nipype.workflow INFO:
	 [Node] Executing "t1w_wm" <nipype.interfaces.utility.wrappers.Function>
250528-05:33:30,13 nipype.workflow INFO:
	 [Node] Executing "t1w_wm" <nipype.interfaces.utility.wrappers.Function>
250528-05:33:30,76 nipype.workflow INFO:
	 [Node] Executing "t1w_wm" <nipype.interfaces.utility.wrappers.Function>
250528-05:33:30,100 nipype.workflow INFO:
	 [Node] Finished "t1w_wm", elapsed time 0.086107s.
250528-05:33:30,103 nipype.workflow INFO:
	 [Node] Finished "t1w_wm", elapsed time 0.091588s.
250528-05:33:30,156 nipype.workflow INFO:
	 [Node] Finished "t1w_wm", elapsed time 0.07771s.
250528-05:33:30,205 nipype.workflow INFO:
	 [Node] Executing "acc_masks" <fmriprep.interfaces.confounds.aCompCorMasks>
250528-05:33:32,58 nipype.workflow INFO:
	 [Node] Setting-up "fmriprep_25_0_wf.sub_GEO061_wf.bold_ses_t2_task_image_run_2_wf.bold_confounds_wf.acc_masks" in "/work/fmriprep_25_0_wf/sub_GEO061_wf/bold_ses_t2_task_image_run_2_wf/bold_confounds_wf/acc_masks".
250528-05:33:32,63 nipype.workflow INFO:
	 [Node] Setting-up "fmriprep_25_0_wf.sub_GEO061_wf.bold_ses_t2_task_image_run_3_wf.bold_confounds_wf.acc_masks" in "/work/fmriprep_25_0_wf/sub_GEO061_wf/bold_ses_t2_task_image_run_3_wf/bold_confounds_wf/acc_masks".
250528-05:33:32,67 nipype.workflow INFO:
	 [Node] Setting-up "fmriprep_25_0_wf.sub_GEO061_wf.bold_ses_t2_task_image_run_4_wf.bold_confounds_wf.acc_masks" in "/work/fmriprep_25_0_wf/sub_GEO061_wf/bold_ses_t2_task_image_run_4_wf/bold_confounds_wf/acc_masks".
250528-05:33:32,314 nipype.workflow INFO:
	 [Node] Executing "acc_masks" <fmriprep.interfaces.confounds.aCompCorMasks>
250528-05:33:32,424 nipype.workflow INFO:
	 [Node] Executing "acc_masks" <fmriprep.interfaces.confounds.aCompCorMasks>
250528-05:33:32,477 nipype.workflow INFO:
	 [Node] Executing "acc_masks" <fmriprep.interfaces.confounds.aCompCorMasks>
250528-05:33:33,66 nipype.workflow INFO:
	 [Node] Finished "acc_masks", elapsed time 2.860267s.
250528-05:33:34,31 nipype.workflow INFO:
	 [Node] Setting-up "fmriprep_25_0_wf.sub_GEO061_wf.bold_ses_t2_task_image_run_5_wf.bold_confounds_wf.acc_masks" in "/work/fmriprep_25_0_wf/sub_GEO061_wf/bold_ses_t2_task_image_run_5_wf/bold_confounds_wf/acc_masks".
250528-05:33:34,291 nipype.workflow INFO:
	 [Node] Executing "acc_masks" <fmriprep.interfaces.confounds.aCompCorMasks>
250528-05:33:35,8 nipype.workflow INFO:
	 [Node] Finished "acc_masks", elapsed time 2.692463s.
250528-05:33:35,133 nipype.workflow INFO:
	 [Node] Finished "acc_masks", elapsed time 2.655136s.
250528-05:33:35,384 nipype.workflow INFO:
	 [Node] Finished "acc_masks", elapsed time 2.958093s.
250528-05:33:36,10 nipype.workflow INFO:
	 [Node] Setting-up "fmriprep_25_0_wf.sub_GEO061_wf.bold_ses_t3_task_image_run_1_wf.bold_confounds_wf.acc_masks" in "/work/fmriprep_25_0_wf/sub_GEO061_wf/bold_ses_t3_task_image_run_1_wf/bold_confounds_wf/acc_masks".
250528-05:33:36,14 nipype.workflow INFO:
	 [Node] Setting-up "fmriprep_25_0_wf.sub_GEO061_wf.bold_ses_t3_task_image_run_2_wf.bold_confounds_wf.acc_masks" in "/work/fmriprep_25_0_wf/sub_GEO061_wf/bold_ses_t3_task_image_run_2_wf/bold_confounds_wf/acc_masks".
250528-05:33:36,18 nipype.workflow INFO:
	 [Node] Setting-up "fmriprep_25_0_wf.sub_GEO061_wf.bold_ses_t3_task_image_run_3_wf.bold_confounds_wf.acc_masks" in "/work/fmriprep_25_0_wf/sub_GEO061_wf/bold_ses_t3_task_image_run_3_wf/bold_confounds_wf/acc_masks".
250528-05:33:36,322 nipype.workflow INFO:
	 [Node] Executing "acc_masks" <fmriprep.interfaces.confounds.aCompCorMasks>
250528-05:33:36,328 nipype.workflow INFO:
	 [Node] Executing "acc_masks" <fmriprep.interfaces.confounds.aCompCorMasks>
250528-05:33:36,372 nipype.workflow INFO:
	 [Node] Executing "acc_masks" <fmriprep.interfaces.confounds.aCompCorMasks>
250528-05:33:36,916 nipype.workflow INFO:
	 [Node] Finished "acc_masks", elapsed time 2.623805s.
250528-05:33:38,16 nipype.workflow INFO:
	 [Node] Setting-up "fmriprep_25_0_wf.sub_GEO061_wf.bold_ses_t3_task_image_run_4_wf.bold_confounds_wf.acc_masks" in "/work/fmriprep_25_0_wf/sub_GEO061_wf/bold_ses_t3_task_image_run_4_wf/bold_confounds_wf/acc_masks".
250528-05:33:38,203 nipype.workflow INFO:
	 [Node] Executing "acc_masks" <fmriprep.interfaces.confounds.aCompCorMasks>
250528-05:33:38,949 nipype.workflow INFO:
	 [Node] Finished "acc_masks", elapsed time 2.6199630000000003s.
250528-05:33:39,67 nipype.workflow INFO:
	 [Node] Finished "acc_masks", elapsed time 2.693558s.
250528-05:33:39,226 nipype.workflow INFO:
	 [Node] Finished "acc_masks", elapsed time 2.903214s.
250528-05:33:40,27 nipype.workflow INFO:
	 [Node] Setting-up "fmriprep_25_0_wf.sub_GEO061_wf.bold_ses_t3_task_image_run_5_wf.bold_confounds_wf.acc_masks" in "/work/fmriprep_25_0_wf/sub_GEO061_wf/bold_ses_t3_task_image_run_5_wf/bold_confounds_wf/acc_masks".
250528-05:33:40,40 nipype.workflow INFO:
	 [Node] Setting-up "fmriprep_25_0_wf.sub_GEO061_wf.bold_ses_t3_task_retrans_run_1_wf.bold_confounds_wf.acc_masks" in "/work/fmriprep_25_0_wf/sub_GEO061_wf/bold_ses_t3_task_retrans_run_1_wf/bold_confounds_wf/acc_masks".
250528-05:33:40,220 nipype.workflow INFO:
	 [Node] Executing "acc_masks" <fmriprep.interfaces.confounds.aCompCorMasks>
250528-05:33:40,241 nipype.workflow INFO:
	 [Node] Executing "acc_masks" <fmriprep.interfaces.confounds.aCompCorMasks>
250528-05:33:41,134 nipype.workflow INFO:
	 [Node] Finished "acc_masks", elapsed time 2.929366s.
250528-05:33:41,382 nipype.workflow INFO:
	 [Node] Finished "seg_rpt", elapsed time 15.316391s.
250528-05:33:43,15 nipype.workflow INFO:
	 [Node] Finished "acc_masks", elapsed time 2.773683s.
250528-05:33:43,158 nipype.workflow INFO:
	 [Node] Finished "acc_masks", elapsed time 2.936184s.
250528-05:33:51,488 nipype.workflow INFO:
	 [Node] Finished "t2w_resample", elapsed time 25.446372s.
250528-06:05:00,698 nipype.workflow INFO:
	 [Node] Finished "_msmsulc0", elapsed time 1945.79636s.
250528-06:05:01,236 nipype.workflow INFO:
	 [Node] Setting-up "fmriprep_25_0_wf.sub_GEO061_wf.bold_ses_t2_task_image_run_1_wf.bold_fit_wf.bold_reg_wf.bbreg_wf.mri_coreg" in "/work/fmriprep_25_0_wf/sub_GEO061_wf/bold_ses_t2_task_image_run_1_wf/bold_fit_wf/bold_reg_wf/bbreg_wf/mri_coreg".
250528-06:05:01,424 nipype.workflow INFO:
	 [Node] Executing "mri_coreg" <fmriprep.interfaces.patches.MRICoreg>
250528-06:05:17,833 nipype.workflow INFO:
	 [Node] Finished "_msmsulc1", elapsed time 1962.929431s.
250528-06:05:19,343 nipype.workflow INFO:
	 [Node] Setting-up "_msmsulc0" in "/work/fmriprep_25_0_wf/sub_GEO061_wf/anat_fit_wf/msm_sulc_wf/msmsulc/mapflow/_msmsulc0".
250528-06:05:19,348 nipype.workflow INFO:
	 [Node] Cached "_msmsulc0" - collecting precomputed outputs
250528-06:05:19,348 nipype.workflow INFO:
	 [Node] "_msmsulc0" found cached.
250528-06:05:19,349 nipype.workflow INFO:
	 [Node] Setting-up "_msmsulc1" in "/work/fmriprep_25_0_wf/sub_GEO061_wf/anat_fit_wf/msm_sulc_wf/msmsulc/mapflow/_msmsulc1".
250528-06:05:19,355 nipype.workflow INFO:
	 [Node] Cached "_msmsulc1" - collecting precomputed outputs
250528-06:05:19,355 nipype.workflow INFO:
	 [Node] "_msmsulc1" found cached.
250528-06:05:41,954 nipype.workflow INFO:
	 [Node] Finished "mri_coreg", elapsed time 40.529411s.
250528-06:05:43,176 nipype.workflow INFO:
	 [Node] Setting-up "fmriprep_25_0_wf.sub_GEO061_wf.bold_ses_t2_task_image_run_2_wf.bold_fit_wf.bold_reg_wf.bbreg_wf.mri_coreg" in "/work/fmriprep_25_0_wf/sub_GEO061_wf/bold_ses_t2_task_image_run_2_wf/bold_fit_wf/bold_reg_wf/bbreg_wf/mri_coreg".
250528-06:05:43,371 nipype.workflow INFO:
	 [Node] Executing "mri_coreg" <fmriprep.interfaces.patches.MRICoreg>
250528-06:06:24,809 nipype.workflow INFO:
	 [Node] Finished "mri_coreg", elapsed time 41.43515s.
250528-06:06:27,275 nipype.workflow INFO:
	 [Node] Setting-up "fmriprep_25_0_wf.sub_GEO061_wf.bold_ses_t2_task_image_run_3_wf.bold_fit_wf.bold_reg_wf.bbreg_wf.mri_coreg" in "/work/fmriprep_25_0_wf/sub_GEO061_wf/bold_ses_t2_task_image_run_3_wf/bold_fit_wf/bold_reg_wf/bbreg_wf/mri_coreg".
250528-06:06:27,528 nipype.workflow INFO:
	 [Node] Executing "mri_coreg" <fmriprep.interfaces.patches.MRICoreg>
250528-06:07:08,848 nipype.workflow INFO:
	 [Node] Finished "mri_coreg", elapsed time 41.318794s.
250528-06:07:11,205 nipype.workflow INFO:
	 [Node] Setting-up "fmriprep_25_0_wf.sub_GEO061_wf.bold_ses_t2_task_image_run_4_wf.bold_fit_wf.bold_reg_wf.bbreg_wf.mri_coreg" in "/work/fmriprep_25_0_wf/sub_GEO061_wf/bold_ses_t2_task_image_run_4_wf/bold_fit_wf/bold_reg_wf/bbreg_wf/mri_coreg".
250528-06:07:11,409 nipype.workflow INFO:
	 [Node] Executing "mri_coreg" <fmriprep.interfaces.patches.MRICoreg>
250528-06:07:51,914 nipype.workflow INFO:
	 [Node] Finished "mri_coreg", elapsed time 40.503191s.
250528-06:07:53,292 nipype.workflow INFO:
	 [Node] Setting-up "fmriprep_25_0_wf.sub_GEO061_wf.bold_ses_t2_task_image_run_5_wf.bold_fit_wf.bold_reg_wf.bbreg_wf.mri_coreg" in "/work/fmriprep_25_0_wf/sub_GEO061_wf/bold_ses_t2_task_image_run_5_wf/bold_fit_wf/bold_reg_wf/bbreg_wf/mri_coreg".
250528-06:07:53,499 nipype.workflow INFO:
	 [Node] Executing "mri_coreg" <fmriprep.interfaces.patches.MRICoreg>
250528-06:08:36,456 nipype.workflow INFO:
	 [Node] Finished "mri_coreg", elapsed time 42.957003s.
250528-06:08:37,320 nipype.workflow INFO:
	 [Node] Setting-up "fmriprep_25_0_wf.sub_GEO061_wf.bold_ses_t3_task_image_run_1_wf.bold_fit_wf.bold_reg_wf.bbreg_wf.mri_coreg" in "/work/fmriprep_25_0_wf/sub_GEO061_wf/bold_ses_t3_task_image_run_1_wf/bold_fit_wf/bold_reg_wf/bbreg_wf/mri_coreg".
250528-06:08:37,491 nipype.workflow INFO:
	 [Node] Executing "mri_coreg" <fmriprep.interfaces.patches.MRICoreg>
250528-06:09:19,920 nipype.workflow INFO:
	 [Node] Finished "mri_coreg", elapsed time 42.426925s.
250528-06:09:21,361 nipype.workflow INFO:
	 [Node] Setting-up "fmriprep_25_0_wf.sub_GEO061_wf.bold_ses_t3_task_image_run_2_wf.bold_fit_wf.bold_reg_wf.bbreg_wf.mri_coreg" in "/work/fmriprep_25_0_wf/sub_GEO061_wf/bold_ses_t3_task_image_run_2_wf/bold_fit_wf/bold_reg_wf/bbreg_wf/mri_coreg".
250528-06:09:21,535 nipype.workflow INFO:
	 [Node] Executing "mri_coreg" <fmriprep.interfaces.patches.MRICoreg>
250528-06:10:02,400 nipype.workflow INFO:
	 [Node] Finished "mri_coreg", elapsed time 40.864296s.
250528-06:10:03,313 nipype.workflow INFO:
	 [Node] Setting-up "fmriprep_25_0_wf.sub_GEO061_wf.bold_ses_t3_task_image_run_3_wf.bold_fit_wf.bold_reg_wf.bbreg_wf.mri_coreg" in "/work/fmriprep_25_0_wf/sub_GEO061_wf/bold_ses_t3_task_image_run_3_wf/bold_fit_wf/bold_reg_wf/bbreg_wf/mri_coreg".
250528-06:10:03,543 nipype.workflow INFO:
	 [Node] Executing "mri_coreg" <fmriprep.interfaces.patches.MRICoreg>
250528-06:10:44,173 nipype.workflow INFO:
	 [Node] Finished "mri_coreg", elapsed time 40.628691s.
250528-06:10:45,334 nipype.workflow INFO:
	 [Node] Setting-up "fmriprep_25_0_wf.sub_GEO061_wf.bold_ses_t3_task_image_run_4_wf.bold_fit_wf.bold_reg_wf.bbreg_wf.mri_coreg" in "/work/fmriprep_25_0_wf/sub_GEO061_wf/bold_ses_t3_task_image_run_4_wf/bold_fit_wf/bold_reg_wf/bbreg_wf/mri_coreg".
250528-06:10:45,523 nipype.workflow INFO:
	 [Node] Executing "mri_coreg" <fmriprep.interfaces.patches.MRICoreg>
250528-06:11:27,425 nipype.workflow INFO:
	 [Node] Finished "mri_coreg", elapsed time 41.900326s.
250528-06:11:29,302 nipype.workflow INFO:
	 [Node] Setting-up "fmriprep_25_0_wf.sub_GEO061_wf.bold_ses_t3_task_image_run_5_wf.bold_fit_wf.bold_reg_wf.bbreg_wf.mri_coreg" in "/work/fmriprep_25_0_wf/sub_GEO061_wf/bold_ses_t3_task_image_run_5_wf/bold_fit_wf/bold_reg_wf/bbreg_wf/mri_coreg".
250528-06:11:29,412 nipype.workflow INFO:
	 [Node] Executing "mri_coreg" <fmriprep.interfaces.patches.MRICoreg>
250528-06:12:10,271 nipype.workflow INFO:
	 [Node] Finished "mri_coreg", elapsed time 40.857693s.
250528-06:12:11,313 nipype.workflow INFO:
	 [Node] Setting-up "fmriprep_25_0_wf.sub_GEO061_wf.bold_ses_t3_task_retrans_run_1_wf.bold_fit_wf.bold_reg_wf.bbreg_wf.mri_coreg" in "/work/fmriprep_25_0_wf/sub_GEO061_wf/bold_ses_t3_task_retrans_run_1_wf/bold_fit_wf/bold_reg_wf/bbreg_wf/mri_coreg".
250528-06:12:11,502 nipype.workflow INFO:
	 [Node] Executing "mri_coreg" <fmriprep.interfaces.patches.MRICoreg>
250528-06:12:52,98 nipype.workflow INFO:
	 [Node] Finished "mri_coreg", elapsed time 40.594986s.
250528-06:12:53,329 nipype.workflow INFO:
	 [Node] Setting-up "fmriprep_25_0_wf.sub_GEO061_wf.bold_ses_t2_task_image_run_1_wf.bold_fit_wf.bold_reg_wf.bbreg_wf.bbregister" in "/work/fmriprep_25_0_wf/sub_GEO061_wf/bold_ses_t2_task_image_run_1_wf/bold_fit_wf/bold_reg_wf/bbreg_wf/bbregister".
250528-06:12:53,669 nipype.workflow INFO:
	 [Node] Executing "bbregister" <nipype.interfaces.freesurfer.preprocess.BBRegister>
250528-06:13:19,765 nipype.workflow INFO:
	 [Node] Finished "bbregister", elapsed time 26.094704s.
250528-06:13:21,223 nipype.workflow INFO:
	 [Node] Setting-up "fmriprep_25_0_wf.sub_GEO061_wf.bold_ses_t2_task_image_run_2_wf.bold_fit_wf.bold_reg_wf.bbreg_wf.bbregister" in "/work/fmriprep_25_0_wf/sub_GEO061_wf/bold_ses_t2_task_image_run_2_wf/bold_fit_wf/bold_reg_wf/bbreg_wf/bbregister".
250528-06:13:21,399 nipype.workflow INFO:
	 [Node] Executing "bbregister" <nipype.interfaces.freesurfer.preprocess.BBRegister>
250528-06:13:23,224 nipype.workflow INFO:
	 [Node] Setting-up "fmriprep_25_0_wf.sub_GEO061_wf.bold_ses_t2_task_image_run_1_wf.bold_fit_wf.bold_reg_wf.bbreg_wf.compare_transforms" in "/work/fmriprep_25_0_wf/sub_GEO061_wf/bold_ses_t2_task_image_run_1_wf/bold_fit_wf/bold_reg_wf/bbreg_wf/compare_transforms".
250528-06:13:23,489 nipype.workflow INFO:
	 [Node] Executing "compare_transforms" <nipype.interfaces.utility.wrappers.Function>
250528-06:13:23,516 nipype.workflow INFO:
	 [Node] Finished "compare_transforms", elapsed time 0.025758s.
250528-06:13:29,296 nipype.workflow INFO:
	 [Node] Setting-up "fmriprep_25_0_wf.sub_GEO061_wf.bold_ses_t2_task_image_run_1_wf.bold_fit_wf.bold_reg_wf.bbreg_wf.concat_xfm" in "/work/fmriprep_25_0_wf/sub_GEO061_wf/bold_ses_t2_task_image_run_1_wf/bold_fit_wf/bold_reg_wf/bbreg_wf/concat_xfm".
250528-06:13:29,442 nipype.workflow INFO:
	 [Node] Executing "concat_xfm" <niworkflows.interfaces.nitransforms.ConcatenateXFMs>
250528-06:13:29,496 nipype.workflow INFO:
	 [Node] Finished "concat_xfm", elapsed time 0.052531s.
250528-06:13:33,258 nipype.workflow INFO:
	 [Node] Setting-up "fmriprep_25_0_wf.sub_GEO061_wf.bold_ses_t2_task_image_run_1_wf.bold_fit_wf.func_fit_reports_wf.t1w_boldref" in "/work/fmriprep_25_0_wf/sub_GEO061_wf/bold_ses_t2_task_image_run_1_wf/bold_fit_wf/func_fit_reports_wf/t1w_boldref".
250528-06:13:33,401 nipype.workflow INFO:
	 [Node] Executing "t1w_boldref" <niworkflows.interfaces.fixes.FixHeaderApplyTransforms>
250528-06:13:33,807 nipype.workflow INFO:
	 [Node] Setting-up "fmriprep_25_0_wf.sub_GEO061_wf.bold_ses_t2_task_image_run_1_wf.bold_confounds_wf.t1w_mask_tfm" in "/work/fmriprep_25_0_wf/sub_GEO061_wf/bold_ses_t2_task_image_run_1_wf/bold_confounds_wf/t1w_mask_tfm".
250528-06:13:34,53 nipype.workflow INFO:
	 [Node] Executing "t1w_mask_tfm" <niworkflows.interfaces.fixes.FixHeaderApplyTransforms>
250528-06:13:35,88 nipype.workflow INFO:
	 [Node] Finished "t1w_boldref", elapsed time 1.6857060000000001s.
250528-06:13:35,968 nipype.workflow INFO:
	 [Node] Setting-up "_acc_msk_tfm0" in "/work/fmriprep_25_0_wf/sub_GEO061_wf/bold_ses_t2_task_image_run_1_wf/bold_confounds_wf/acc_msk_tfm/mapflow/_acc_msk_tfm0".
250528-06:13:35,969 nipype.workflow INFO:
	 [Node] Setting-up "_acc_msk_tfm1" in "/work/fmriprep_25_0_wf/sub_GEO061_wf/bold_ses_t2_task_image_run_1_wf/bold_confounds_wf/acc_msk_tfm/mapflow/_acc_msk_tfm1".
250528-06:13:35,970 nipype.workflow INFO:
	 [Node] Setting-up "_acc_msk_tfm2" in "/work/fmriprep_25_0_wf/sub_GEO061_wf/bold_ses_t2_task_image_run_1_wf/bold_confounds_wf/acc_msk_tfm/mapflow/_acc_msk_tfm2".
250528-06:13:36,297 nipype.workflow INFO:
	 [Node] Executing "_acc_msk_tfm0" <niworkflows.interfaces.fixes.FixHeaderApplyTransforms>
250528-06:13:36,323 nipype.workflow INFO:
	 [Node] Executing "_acc_msk_tfm1" <niworkflows.interfaces.fixes.FixHeaderApplyTransforms>
250528-06:13:36,372 nipype.workflow INFO:
	 [Node] Executing "_acc_msk_tfm2" <niworkflows.interfaces.fixes.FixHeaderApplyTransforms>
250528-06:13:36,446 nipype.workflow INFO:
	 [Node] Finished "t1w_mask_tfm", elapsed time 2.392334s.
250528-06:13:37,237 nipype.workflow INFO:
	 [Node] Setting-up "fmriprep_25_0_wf.sub_GEO061_wf.bold_ses_t2_task_image_run_1_wf.bold_fit_wf.func_fit_reports_wf.boldref_wm" in "/work/fmriprep_25_0_wf/sub_GEO061_wf/bold_ses_t2_task_image_run_1_wf/bold_fit_wf/func_fit_reports_wf/boldref_wm".
250528-06:13:37,238 nipype.workflow INFO:
	 [Node] Setting-up "fmriprep_25_0_wf.sub_GEO061_wf.bold_ses_t2_task_image_run_1_wf.bold_confounds_wf.union_mask" in "/work/fmriprep_25_0_wf/sub_GEO061_wf/bold_ses_t2_task_image_run_1_wf/bold_confounds_wf/union_mask".
250528-06:13:37,244 nipype.workflow INFO:
	 [Node] Finished "_acc_msk_tfm0", elapsed time 0.945477s.
250528-06:13:37,289 nipype.workflow INFO:
	 [Node] Finished "_acc_msk_tfm2", elapsed time 0.916363s.
250528-06:13:37,364 nipype.workflow INFO:
	 [Node] Executing "union_mask" <nipype.interfaces.utility.wrappers.Function>
250528-06:13:37,376 nipype.workflow INFO:
	 [Node] Executing "boldref_wm" <niworkflows.interfaces.fixes.FixHeaderApplyTransforms>
250528-06:13:37,417 nipype.workflow INFO:
	 [Node] Finished "union_mask", elapsed time 0.052183s.
250528-06:13:37,447 nipype.workflow INFO:
	 [Node] Finished "_acc_msk_tfm1", elapsed time 1.123679s.
250528-06:13:37,806 nipype.workflow INFO:
	 [Node] Finished "boldref_wm", elapsed time 0.428541s.
250528-06:13:39,242 nipype.workflow INFO:
	 [Node] Setting-up "fmriprep_25_0_wf.sub_GEO061_wf.bold_ses_t2_task_image_run_1_wf.bold_confounds_wf.dilated_mask" in "/work/fmriprep_25_0_wf/sub_GEO061_wf/bold_ses_t2_task_image_run_1_wf/bold_confounds_wf/dilated_mask".
250528-06:13:39,444 nipype.workflow INFO:
	 [Node] Setting-up "_acc_msk_tfm0" in "/work/fmriprep_25_0_wf/sub_GEO061_wf/bold_ses_t2_task_image_run_1_wf/bold_confounds_wf/acc_msk_tfm/mapflow/_acc_msk_tfm0".
250528-06:13:39,446 nipype.workflow INFO:
	 [Node] Cached "_acc_msk_tfm0" - collecting precomputed outputs
250528-06:13:39,446 nipype.workflow INFO:
	 [Node] "_acc_msk_tfm0" found cached.
250528-06:13:39,447 nipype.workflow INFO:
	 [Node] Setting-up "_acc_msk_tfm1" in "/work/fmriprep_25_0_wf/sub_GEO061_wf/bold_ses_t2_task_image_run_1_wf/bold_confounds_wf/acc_msk_tfm/mapflow/_acc_msk_tfm1".
250528-06:13:39,450 nipype.workflow INFO:
	 [Node] Cached "_acc_msk_tfm1" - collecting precomputed outputs
250528-06:13:39,450 nipype.workflow INFO:
	 [Node] "_acc_msk_tfm1" found cached.
250528-06:13:39,450 nipype.workflow INFO:
	 [Node] Setting-up "_acc_msk_tfm2" in "/work/fmriprep_25_0_wf/sub_GEO061_wf/bold_ses_t2_task_image_run_1_wf/bold_confounds_wf/acc_msk_tfm/mapflow/_acc_msk_tfm2".
250528-06:13:39,453 nipype.workflow INFO:
	 [Node] Cached "_acc_msk_tfm2" - collecting precomputed outputs
250528-06:13:39,453 nipype.workflow INFO:
	 [Node] "_acc_msk_tfm2" found cached.
250528-06:13:39,530 nipype.workflow INFO:
	 [Node] Executing "dilated_mask" <niworkflows.interfaces.morphology.BinaryDilation>
250528-06:13:39,572 nipype.workflow INFO:
	 [Node] Finished "dilated_mask", elapsed time 0.040868s.
250528-06:13:39,587 nipype.workflow INFO:
	 [Node] Setting-up "fmriprep_25_0_wf.sub_GEO061_wf.bold_ses_t2_task_image_run_1_wf.bold_fit_wf.func_fit_reports_wf.epi_t1_report" in "/work/fmriprep_25_0_wf/sub_GEO061_wf/bold_ses_t2_task_image_run_1_wf/bold_fit_wf/func_fit_reports_wf/epi_t1_report".
250528-06:13:39,747 nipype.workflow INFO:
	 [Node] Executing "epi_t1_report" <nireports.interfaces.reporting.base.SimpleBeforeAfterRPT>
250528-06:13:39,748 nipype.interface INFO:
	 Report - setting before (/out/sub-GEO061/ses-t2/func/sub-GEO061_ses-t2_task-image_run-1_desc-coreg_boldref.nii.gz) and after (/work/fmriprep_25_0_wf/sub_GEO061_wf/bold_ses_t2_task_image_run_1_wf/bold_fit_wf/func_fit_reports_wf/t1w_boldref/sub-GEO061_desc-preproc_T1w_trans.nii.gz) images
250528-06:13:39,748 nipype.interface INFO:
	 Generating visual report
250528-06:13:41,389 nipype.workflow INFO:
	 [Node] Setting-up "fmriprep_25_0_wf.sub_GEO061_wf.bold_ses_t2_task_image_run_1_wf.bold_confounds_wf.subtract_mask" in "/work/fmriprep_25_0_wf/sub_GEO061_wf/bold_ses_t2_task_image_run_1_wf/bold_confounds_wf/subtract_mask".
250528-06:13:41,487 nipype.workflow INFO:
	 [Node] Executing "subtract_mask" <niworkflows.interfaces.morphology.BinarySubtraction>
250528-06:13:41,528 nipype.workflow INFO:
	 [Node] Finished "subtract_mask", elapsed time 0.03939s.
250528-06:13:42,868 nipype.workflow INFO:
	 [Node] Finished "bbregister", elapsed time 21.467544s.
250528-06:13:43,340 nipype.workflow INFO:
	 [Node] Setting-up "_acc_msk_brain0" in "/work/fmriprep_25_0_wf/sub_GEO061_wf/bold_ses_t2_task_image_run_1_wf/bold_confounds_wf/acc_msk_brain/mapflow/_acc_msk_brain0".
250528-06:13:43,340 nipype.workflow INFO:
	 [Node] Setting-up "_acc_msk_brain1" in "/work/fmriprep_25_0_wf/sub_GEO061_wf/bold_ses_t2_task_image_run_1_wf/bold_confounds_wf/acc_msk_brain/mapflow/_acc_msk_brain1".
250528-06:13:43,341 nipype.workflow INFO:
	 [Node] Setting-up "_acc_msk_brain2" in "/work/fmriprep_25_0_wf/sub_GEO061_wf/bold_ses_t2_task_image_run_1_wf/bold_confounds_wf/acc_msk_brain/mapflow/_acc_msk_brain2".
250528-06:13:43,429 nipype.workflow INFO:
	 [Node] Executing "_acc_msk_brain0" <niworkflows.interfaces.nibabel.ApplyMask>
250528-06:13:43,446 nipype.workflow INFO:
	 [Node] Executing "_acc_msk_brain1" <niworkflows.interfaces.nibabel.ApplyMask>
250528-06:13:43,459 nipype.workflow INFO:
	 [Node] Executing "_acc_msk_brain2" <niworkflows.interfaces.nibabel.ApplyMask>
250528-06:13:43,515 nipype.workflow INFO:
	 [Node] Finished "_acc_msk_brain1", elapsed time 0.067596s.
250528-06:13:43,543 nipype.workflow INFO:
	 [Node] Finished "_acc_msk_brain0", elapsed time 0.112718s.
250528-06:13:43,545 nipype.workflow INFO:
	 [Node] Finished "_acc_msk_brain2", elapsed time 0.085101s.
250528-06:13:45,355 nipype.workflow INFO:
	 [Node] Setting-up "fmriprep_25_0_wf.sub_GEO061_wf.bold_ses_t2_task_image_run_3_wf.bold_fit_wf.bold_reg_wf.bbreg_wf.bbregister" in "/work/fmriprep_25_0_wf/sub_GEO061_wf/bold_ses_t2_task_image_run_3_wf/bold_fit_wf/bold_reg_wf/bbreg_wf/bbregister".
250528-06:13:45,563 nipype.workflow INFO:
	 [Node] Executing "bbregister" <nipype.interfaces.freesurfer.preprocess.BBRegister>
250528-06:13:46,54 nipype.workflow INFO:
	 [Node] Setting-up "_acc_msk_brain0" in "/work/fmriprep_25_0_wf/sub_GEO061_wf/bold_ses_t2_task_image_run_1_wf/bold_confounds_wf/acc_msk_brain/mapflow/_acc_msk_brain0".
250528-06:13:46,56 nipype.workflow INFO:
	 [Node] Cached "_acc_msk_brain0" - collecting precomputed outputs
250528-06:13:46,57 nipype.workflow INFO:
	 [Node] "_acc_msk_brain0" found cached.
250528-06:13:46,57 nipype.workflow INFO:
	 [Node] Setting-up "_acc_msk_brain1" in "/work/fmriprep_25_0_wf/sub_GEO061_wf/bold_ses_t2_task_image_run_1_wf/bold_confounds_wf/acc_msk_brain/mapflow/_acc_msk_brain1".
250528-06:13:46,59 nipype.workflow INFO:
	 [Node] Cached "_acc_msk_brain1" - collecting precomputed outputs
250528-06:13:46,59 nipype.workflow INFO:
	 [Node] "_acc_msk_brain1" found cached.
250528-06:13:46,60 nipype.workflow INFO:
	 [Node] Setting-up "_acc_msk_brain2" in "/work/fmriprep_25_0_wf/sub_GEO061_wf/bold_ses_t2_task_image_run_1_wf/bold_confounds_wf/acc_msk_brain/mapflow/_acc_msk_brain2".
250528-06:13:46,62 nipype.workflow INFO:
	 [Node] Cached "_acc_msk_brain2" - collecting precomputed outputs
250528-06:13:46,62 nipype.workflow INFO:
	 [Node] "_acc_msk_brain2" found cached.
250528-06:13:47,341 nipype.workflow INFO:
	 [Node] Setting-up "fmriprep_25_0_wf.sub_GEO061_wf.bold_ses_t2_task_image_run_2_wf.bold_fit_wf.bold_reg_wf.bbreg_wf.compare_transforms" in "/work/fmriprep_25_0_wf/sub_GEO061_wf/bold_ses_t2_task_image_run_2_wf/bold_fit_wf/bold_reg_wf/bbreg_wf/compare_transforms".
250528-06:13:47,536 nipype.workflow INFO:
	 [Node] Executing "compare_transforms" <nipype.interfaces.utility.wrappers.Function>
250528-06:13:47,547 nipype.workflow INFO:
	 [Node] Finished "compare_transforms", elapsed time 0.010139s.
250528-06:13:50,474 nipype.workflow INFO:
	 [Node] Setting-up "_acc_msk_bin0" in "/work/fmriprep_25_0_wf/sub_GEO061_wf/bold_ses_t2_task_image_run_1_wf/bold_confounds_wf/acc_msk_bin/mapflow/_acc_msk_bin0".
250528-06:13:50,474 nipype.workflow INFO:
	 [Node] Setting-up "_acc_msk_bin1" in "/work/fmriprep_25_0_wf/sub_GEO061_wf/bold_ses_t2_task_image_run_1_wf/bold_confounds_wf/acc_msk_bin/mapflow/_acc_msk_bin1".
250528-06:13:50,475 nipype.workflow INFO:
	 [Node] Setting-up "_acc_msk_bin2" in "/work/fmriprep_25_0_wf/sub_GEO061_wf/bold_ses_t2_task_image_run_1_wf/bold_confounds_wf/acc_msk_bin/mapflow/_acc_msk_bin2".
250528-06:13:51,60 nipype.workflow INFO:
	 [Node] Executing "_acc_msk_bin1" <niworkflows.interfaces.nibabel.Binarize>
250528-06:13:51,60 nipype.workflow INFO:
	 [Node] Executing "_acc_msk_bin0" <niworkflows.interfaces.nibabel.Binarize>
250528-06:13:51,83 nipype.workflow INFO:
	 [Node] Executing "_acc_msk_bin2" <niworkflows.interfaces.nibabel.Binarize>
250528-06:13:51,139 nipype.workflow INFO:
	 [Node] Finished "_acc_msk_bin1", elapsed time 0.07763s.
250528-06:13:51,147 nipype.workflow INFO:
	 [Node] Finished "_acc_msk_bin0", elapsed time 0.0861s.
250528-06:13:51,154 nipype.workflow INFO:
	 [Node] Finished "_acc_msk_bin2", elapsed time 0.070026s.
250528-06:13:53,329 nipype.workflow INFO:
	 [Node] Setting-up "fmriprep_25_0_wf.sub_GEO061_wf.bold_ses_t2_task_image_run_2_wf.bold_fit_wf.bold_reg_wf.bbreg_wf.concat_xfm" in "/work/fmriprep_25_0_wf/sub_GEO061_wf/bold_ses_t2_task_image_run_2_wf/bold_fit_wf/bold_reg_wf/bbreg_wf/concat_xfm".
250528-06:13:53,403 nipype.workflow INFO:
	 [Node] Setting-up "_acc_msk_bin0" in "/work/fmriprep_25_0_wf/sub_GEO061_wf/bold_ses_t2_task_image_run_1_wf/bold_confounds_wf/acc_msk_bin/mapflow/_acc_msk_bin0".
250528-06:13:53,406 nipype.workflow INFO:
	 [Node] Cached "_acc_msk_bin0" - collecting precomputed outputs
250528-06:13:53,406 nipype.workflow INFO:
	 [Node] "_acc_msk_bin0" found cached.
250528-06:13:53,406 nipype.workflow INFO:
	 [Node] Setting-up "_acc_msk_bin1" in "/work/fmriprep_25_0_wf/sub_GEO061_wf/bold_ses_t2_task_image_run_1_wf/bold_confounds_wf/acc_msk_bin/mapflow/_acc_msk_bin1".
250528-06:13:53,409 nipype.workflow INFO:
	 [Node] Cached "_acc_msk_bin1" - collecting precomputed outputs
250528-06:13:53,409 nipype.workflow INFO:
	 [Node] "_acc_msk_bin1" found cached.
250528-06:13:53,409 nipype.workflow INFO:
	 [Node] Setting-up "_acc_msk_bin2" in "/work/fmriprep_25_0_wf/sub_GEO061_wf/bold_ses_t2_task_image_run_1_wf/bold_confounds_wf/acc_msk_bin/mapflow/_acc_msk_bin2".
250528-06:13:53,411 nipype.workflow INFO:
	 [Node] Cached "_acc_msk_bin2" - collecting precomputed outputs
250528-06:13:53,411 nipype.workflow INFO:
	 [Node] "_acc_msk_bin2" found cached.
250528-06:13:53,416 nipype.workflow INFO:
	 [Node] Executing "concat_xfm" <niworkflows.interfaces.nitransforms.ConcatenateXFMs>
250528-06:13:53,451 nipype.workflow INFO:
	 [Node] Finished "concat_xfm", elapsed time 0.034666s.
250528-06:13:56,571 nipype.workflow INFO:
	 [Node] Finished "epi_t1_report", elapsed time 16.822765s.
250528-06:13:57,770 nipype.workflow INFO:
	 [Node] Setting-up "fmriprep_25_0_wf.sub_GEO061_wf.bold_ses_t2_task_image_run_2_wf.bold_fit_wf.func_fit_reports_wf.t1w_boldref" in "/work/fmriprep_25_0_wf/sub_GEO061_wf/bold_ses_t2_task_image_run_2_wf/bold_fit_wf/func_fit_reports_wf/t1w_boldref".
250528-06:13:58,46 nipype.workflow INFO:
	 [Node] Executing "t1w_boldref" <niworkflows.interfaces.fixes.FixHeaderApplyTransforms>
250528-06:13:58,486 nipype.workflow INFO:
	 [Node] Setting-up "fmriprep_25_0_wf.sub_GEO061_wf.bold_ses_t2_task_image_run_2_wf.bold_confounds_wf.t1w_mask_tfm" in "/work/fmriprep_25_0_wf/sub_GEO061_wf/bold_ses_t2_task_image_run_2_wf/bold_confounds_wf/t1w_mask_tfm".
250528-06:13:58,570 nipype.workflow INFO:
	 [Node] Setting-up "fmriprep_25_0_wf.sub_GEO061_wf.bold_ses_t2_task_image_run_1_wf.bold_fit_wf.func_fit_reports_wf.ds_epi_t1_report" in "/work/fmriprep_25_0_wf/sub_GEO061_wf/bold_ses_t2_task_image_run_1_wf/bold_fit_wf/func_fit_reports_wf/ds_epi_t1_report".
250528-06:13:58,624 nipype.workflow INFO:
	 [Node] Executing "t1w_mask_tfm" <niworkflows.interfaces.fixes.FixHeaderApplyTransforms>
250528-06:13:58,968 nipype.workflow INFO:
	 [Node] Executing "ds_epi_t1_report" <fmriprep.interfaces.DerivativesDataSink>
250528-06:13:59,36 nipype.workflow INFO:
	 [Node] Finished "ds_epi_t1_report", elapsed time 0.066468s.
250528-06:13:59,679 nipype.workflow INFO:
	 [Node] Finished "t1w_boldref", elapsed time 1.6319789999999998s.
250528-06:14:00,400 nipype.workflow INFO:
	 [Node] Setting-up "_acc_msk_tfm0" in "/work/fmriprep_25_0_wf/sub_GEO061_wf/bold_ses_t2_task_image_run_2_wf/bold_confounds_wf/acc_msk_tfm/mapflow/_acc_msk_tfm0".
250528-06:14:00,401 nipype.workflow INFO:
	 [Node] Setting-up "_acc_msk_tfm1" in "/work/fmriprep_25_0_wf/sub_GEO061_wf/bold_ses_t2_task_image_run_2_wf/bold_confounds_wf/acc_msk_tfm/mapflow/_acc_msk_tfm1".
250528-06:14:00,401 nipype.workflow INFO:
	 [Node] Setting-up "_acc_msk_tfm2" in "/work/fmriprep_25_0_wf/sub_GEO061_wf/bold_ses_t2_task_image_run_2_wf/bold_confounds_wf/acc_msk_tfm/mapflow/_acc_msk_tfm2".
250528-06:14:00,575 nipype.workflow INFO:
	 [Node] Executing "_acc_msk_tfm0" <niworkflows.interfaces.fixes.FixHeaderApplyTransforms>
250528-06:14:00,604 nipype.workflow INFO:
	 [Node] Executing "_acc_msk_tfm1" <niworkflows.interfaces.fixes.FixHeaderApplyTransforms>
250528-06:14:00,606 nipype.workflow INFO:
	 [Node] Executing "_acc_msk_tfm2" <niworkflows.interfaces.fixes.FixHeaderApplyTransforms>
250528-06:14:00,862 nipype.workflow INFO:
	 [Node] Finished "t1w_mask_tfm", elapsed time 2.237813s.
250528-06:14:01,457 nipype.workflow INFO:
	 [Node] Finished "_acc_msk_tfm0", elapsed time 0.880227s.
250528-06:14:01,484 nipype.workflow INFO:
	 [Node] Finished "_acc_msk_tfm2", elapsed time 0.877184s.
250528-06:14:01,498 nipype.workflow INFO:
	 [Node] Finished "_acc_msk_tfm1", elapsed time 0.893118s.
250528-06:14:01,777 nipype.workflow INFO:
	 [Node] Setting-up "fmriprep_25_0_wf.sub_GEO061_wf.bold_ses_t2_task_image_run_2_wf.bold_fit_wf.func_fit_reports_wf.boldref_wm" in "/work/fmriprep_25_0_wf/sub_GEO061_wf/bold_ses_t2_task_image_run_2_wf/bold_fit_wf/func_fit_reports_wf/boldref_wm".
250528-06:14:01,777 nipype.workflow INFO:
	 [Node] Setting-up "fmriprep_25_0_wf.sub_GEO061_wf.bold_ses_t2_task_image_run_2_wf.bold_confounds_wf.union_mask" in "/work/fmriprep_25_0_wf/sub_GEO061_wf/bold_ses_t2_task_image_run_2_wf/bold_confounds_wf/union_mask".
250528-06:14:02,1 nipype.workflow INFO:
	 [Node] Executing "union_mask" <nipype.interfaces.utility.wrappers.Function>
250528-06:14:02,46 nipype.workflow INFO:
	 [Node] Finished "union_mask", elapsed time 0.043781s.
250528-06:14:02,50 nipype.workflow INFO:
	 [Node] Executing "boldref_wm" <niworkflows.interfaces.fixes.FixHeaderApplyTransforms>
250528-06:14:02,566 nipype.workflow INFO:
	 [Node] Finished "boldref_wm", elapsed time 0.515237s.
250528-06:14:03,802 nipype.workflow INFO:
	 [Node] Setting-up "fmriprep_25_0_wf.sub_GEO061_wf.bold_ses_t2_task_image_run_2_wf.bold_confounds_wf.dilated_mask" in "/work/fmriprep_25_0_wf/sub_GEO061_wf/bold_ses_t2_task_image_run_2_wf/bold_confounds_wf/dilated_mask".
250528-06:14:04,20 nipype.workflow INFO:
	 [Node] Executing "dilated_mask" <niworkflows.interfaces.morphology.BinaryDilation>
250528-06:14:04,32 nipype.workflow INFO:
	 [Node] Setting-up "_acc_msk_tfm0" in "/work/fmriprep_25_0_wf/sub_GEO061_wf/bold_ses_t2_task_image_run_2_wf/bold_confounds_wf/acc_msk_tfm/mapflow/_acc_msk_tfm0".
250528-06:14:04,36 nipype.workflow INFO:
	 [Node] Cached "_acc_msk_tfm0" - collecting precomputed outputs
250528-06:14:04,36 nipype.workflow INFO:
	 [Node] "_acc_msk_tfm0" found cached.
250528-06:14:04,37 nipype.workflow INFO:
	 [Node] Setting-up "_acc_msk_tfm1" in "/work/fmriprep_25_0_wf/sub_GEO061_wf/bold_ses_t2_task_image_run_2_wf/bold_confounds_wf/acc_msk_tfm/mapflow/_acc_msk_tfm1".
250528-06:14:04,39 nipype.workflow INFO:
	 [Node] Cached "_acc_msk_tfm1" - collecting precomputed outputs
250528-06:14:04,40 nipype.workflow INFO:
	 [Node] "_acc_msk_tfm1" found cached.
250528-06:14:04,40 nipype.workflow INFO:
	 [Node] Setting-up "_acc_msk_tfm2" in "/work/fmriprep_25_0_wf/sub_GEO061_wf/bold_ses_t2_task_image_run_2_wf/bold_confounds_wf/acc_msk_tfm/mapflow/_acc_msk_tfm2".
250528-06:14:04,43 nipype.workflow INFO:
	 [Node] Cached "_acc_msk_tfm2" - collecting precomputed outputs
250528-06:14:04,43 nipype.workflow INFO:
	 [Node] "_acc_msk_tfm2" found cached.
250528-06:14:04,102 nipype.workflow INFO:
	 [Node] Setting-up "fmriprep_25_0_wf.sub_GEO061_wf.bold_ses_t2_task_image_run_2_wf.bold_fit_wf.func_fit_reports_wf.epi_t1_report" in "/work/fmriprep_25_0_wf/sub_GEO061_wf/bold_ses_t2_task_image_run_2_wf/bold_fit_wf/func_fit_reports_wf/epi_t1_report".
250528-06:14:04,118 nipype.workflow INFO:
	 [Node] Finished "dilated_mask", elapsed time 0.096696s.
250528-06:14:04,258 nipype.workflow INFO:
	 [Node] Executing "epi_t1_report" <nireports.interfaces.reporting.base.SimpleBeforeAfterRPT>
250528-06:14:04,259 nipype.interface INFO:
	 Report - setting before (/out/sub-GEO061/ses-t2/func/sub-GEO061_ses-t2_task-image_run-2_desc-coreg_boldref.nii.gz) and after (/work/fmriprep_25_0_wf/sub_GEO061_wf/bold_ses_t2_task_image_run_2_wf/bold_fit_wf/func_fit_reports_wf/t1w_boldref/sub-GEO061_desc-preproc_T1w_trans.nii.gz) images
250528-06:14:04,259 nipype.interface INFO:
	 Generating visual report
250528-06:14:05,897 nipype.workflow INFO:
	 [Node] Setting-up "fmriprep_25_0_wf.sub_GEO061_wf.bold_ses_t2_task_image_run_2_wf.bold_confounds_wf.subtract_mask" in "/work/fmriprep_25_0_wf/sub_GEO061_wf/bold_ses_t2_task_image_run_2_wf/bold_confounds_wf/subtract_mask".
250528-06:14:06,1 nipype.workflow INFO:
	 [Node] Executing "subtract_mask" <niworkflows.interfaces.morphology.BinarySubtraction>
250528-06:14:06,33 nipype.workflow INFO:
	 [Node] Finished "subtract_mask", elapsed time 0.030917s.
250528-06:14:07,803 nipype.workflow INFO:
	 [Node] Setting-up "_acc_msk_brain0" in "/work/fmriprep_25_0_wf/sub_GEO061_wf/bold_ses_t2_task_image_run_2_wf/bold_confounds_wf/acc_msk_brain/mapflow/_acc_msk_brain0".
250528-06:14:07,803 nipype.workflow INFO:
	 [Node] Setting-up "_acc_msk_brain1" in "/work/fmriprep_25_0_wf/sub_GEO061_wf/bold_ses_t2_task_image_run_2_wf/bold_confounds_wf/acc_msk_brain/mapflow/_acc_msk_brain1".
250528-06:14:07,804 nipype.workflow INFO:
	 [Node] Setting-up "_acc_msk_brain2" in "/work/fmriprep_25_0_wf/sub_GEO061_wf/bold_ses_t2_task_image_run_2_wf/bold_confounds_wf/acc_msk_brain/mapflow/_acc_msk_brain2".
250528-06:14:07,924 nipype.workflow INFO:
	 [Node] Executing "_acc_msk_brain0" <niworkflows.interfaces.nibabel.ApplyMask>
250528-06:14:07,948 nipype.workflow INFO:
	 [Node] Executing "_acc_msk_brain1" <niworkflows.interfaces.nibabel.ApplyMask>
250528-06:14:07,951 nipype.workflow INFO:
	 [Node] Executing "_acc_msk_brain2" <niworkflows.interfaces.nibabel.ApplyMask>
250528-06:14:08,37 nipype.workflow INFO:
	 [Node] Finished "_acc_msk_brain0", elapsed time 0.112527s.
250528-06:14:08,45 nipype.workflow INFO:
	 [Node] Finished "_acc_msk_brain1", elapsed time 0.095922s.
250528-06:14:08,66 nipype.workflow INFO:
	 [Node] Finished "_acc_msk_brain2", elapsed time 0.112308s.
250528-06:14:10,20 nipype.workflow INFO:
	 [Node] Setting-up "_acc_msk_brain0" in "/work/fmriprep_25_0_wf/sub_GEO061_wf/bold_ses_t2_task_image_run_2_wf/bold_confounds_wf/acc_msk_brain/mapflow/_acc_msk_brain0".
250528-06:14:10,22 nipype.workflow INFO:
	 [Node] Cached "_acc_msk_brain0" - collecting precomputed outputs
250528-06:14:10,22 nipype.workflow INFO:
	 [Node] "_acc_msk_brain0" found cached.
250528-06:14:10,23 nipype.workflow INFO:
	 [Node] Setting-up "_acc_msk_brain1" in "/work/fmriprep_25_0_wf/sub_GEO061_wf/bold_ses_t2_task_image_run_2_wf/bold_confounds_wf/acc_msk_brain/mapflow/_acc_msk_brain1".
250528-06:14:10,25 nipype.workflow INFO:
	 [Node] Cached "_acc_msk_brain1" - collecting precomputed outputs
250528-06:14:10,25 nipype.workflow INFO:
	 [Node] "_acc_msk_brain1" found cached.
250528-06:14:10,26 nipype.workflow INFO:
	 [Node] Setting-up "_acc_msk_brain2" in "/work/fmriprep_25_0_wf/sub_GEO061_wf/bold_ses_t2_task_image_run_2_wf/bold_confounds_wf/acc_msk_brain/mapflow/_acc_msk_brain2".
250528-06:14:10,28 nipype.workflow INFO:
	 [Node] Cached "_acc_msk_brain2" - collecting precomputed outputs
250528-06:14:10,28 nipype.workflow INFO:
	 [Node] "_acc_msk_brain2" found cached.
250528-06:14:11,324 nipype.workflow INFO:
	 [Node] Finished "bbregister", elapsed time 25.760096s.
250528-06:14:13,776 nipype.workflow INFO:
	 [Node] Setting-up "fmriprep_25_0_wf.sub_GEO061_wf.bold_ses_t2_task_image_run_4_wf.bold_fit_wf.bold_reg_wf.bbreg_wf.bbregister" in "/work/fmriprep_25_0_wf/sub_GEO061_wf/bold_ses_t2_task_image_run_4_wf/bold_fit_wf/bold_reg_wf/bbreg_wf/bbregister".
250528-06:14:13,891 nipype.workflow INFO:
	 [Node] Executing "bbregister" <nipype.interfaces.freesurfer.preprocess.BBRegister>
250528-06:14:14,257 nipype.workflow INFO:
	 [Node] Setting-up "_acc_msk_bin0" in "/work/fmriprep_25_0_wf/sub_GEO061_wf/bold_ses_t2_task_image_run_2_wf/bold_confounds_wf/acc_msk_bin/mapflow/_acc_msk_bin0".
250528-06:14:14,258 nipype.workflow INFO:
	 [Node] Setting-up "_acc_msk_bin1" in "/work/fmriprep_25_0_wf/sub_GEO061_wf/bold_ses_t2_task_image_run_2_wf/bold_confounds_wf/acc_msk_bin/mapflow/_acc_msk_bin1".
250528-06:14:14,259 nipype.workflow INFO:
	 [Node] Setting-up "_acc_msk_bin2" in "/work/fmriprep_25_0_wf/sub_GEO061_wf/bold_ses_t2_task_image_run_2_wf/bold_confounds_wf/acc_msk_bin/mapflow/_acc_msk_bin2".
250528-06:14:14,355 nipype.workflow INFO:
	 [Node] Executing "_acc_msk_bin0" <niworkflows.interfaces.nibabel.Binarize>
250528-06:14:14,359 nipype.workflow INFO:
	 [Node] Executing "_acc_msk_bin1" <niworkflows.interfaces.nibabel.Binarize>
250528-06:14:14,376 nipype.workflow INFO:
	 [Node] Executing "_acc_msk_bin2" <niworkflows.interfaces.nibabel.Binarize>
250528-06:14:14,426 nipype.workflow INFO:
	 [Node] Finished "_acc_msk_bin1", elapsed time 0.065153s.
250528-06:14:14,437 nipype.workflow INFO:
	 [Node] Finished "_acc_msk_bin2", elapsed time 0.060296s.
250528-06:14:14,439 nipype.workflow INFO:
	 [Node] Finished "_acc_msk_bin0", elapsed time 0.083572s.
250528-06:14:15,793 nipype.workflow INFO:
	 [Node] Setting-up "fmriprep_25_0_wf.sub_GEO061_wf.bold_ses_t2_task_image_run_3_wf.bold_fit_wf.bold_reg_wf.bbreg_wf.compare_transforms" in "/work/fmriprep_25_0_wf/sub_GEO061_wf/bold_ses_t2_task_image_run_3_wf/bold_fit_wf/bold_reg_wf/bbreg_wf/compare_transforms".
250528-06:14:15,864 nipype.workflow INFO:
	 [Node] Setting-up "_acc_msk_bin0" in "/work/fmriprep_25_0_wf/sub_GEO061_wf/bold_ses_t2_task_image_run_2_wf/bold_confounds_wf/acc_msk_bin/mapflow/_acc_msk_bin0".
250528-06:14:15,867 nipype.workflow INFO:
	 [Node] Cached "_acc_msk_bin0" - collecting precomputed outputs
250528-06:14:15,867 nipype.workflow INFO:
	 [Node] "_acc_msk_bin0" found cached.
250528-06:14:15,868 nipype.workflow INFO:
	 [Node] Setting-up "_acc_msk_bin1" in "/work/fmriprep_25_0_wf/sub_GEO061_wf/bold_ses_t2_task_image_run_2_wf/bold_confounds_wf/acc_msk_bin/mapflow/_acc_msk_bin1".
250528-06:14:15,871 nipype.workflow INFO:
	 [Node] Cached "_acc_msk_bin1" - collecting precomputed outputs
250528-06:14:15,871 nipype.workflow INFO:
	 [Node] "_acc_msk_bin1" found cached.
250528-06:14:15,871 nipype.workflow INFO:
	 [Node] Setting-up "_acc_msk_bin2" in "/work/fmriprep_25_0_wf/sub_GEO061_wf/bold_ses_t2_task_image_run_2_wf/bold_confounds_wf/acc_msk_bin/mapflow/_acc_msk_bin2".
250528-06:14:15,874 nipype.workflow INFO:
	 [Node] Cached "_acc_msk_bin2" - collecting precomputed outputs
250528-06:14:15,874 nipype.workflow INFO:
	 [Node] "_acc_msk_bin2" found cached.
250528-06:14:15,889 nipype.workflow INFO:
	 [Node] Executing "compare_transforms" <nipype.interfaces.utility.wrappers.Function>
250528-06:14:15,900 nipype.workflow INFO:
	 [Node] Finished "compare_transforms", elapsed time 0.009331s.
250528-06:14:20,562 nipype.workflow INFO:
	 [Node] Finished "epi_t1_report", elapsed time 16.302723s.
250528-06:14:22,271 nipype.workflow INFO:
	 [Node] Setting-up "fmriprep_25_0_wf.sub_GEO061_wf.bold_ses_t2_task_image_run_3_wf.bold_fit_wf.bold_reg_wf.bbreg_wf.concat_xfm" in "/work/fmriprep_25_0_wf/sub_GEO061_wf/bold_ses_t2_task_image_run_3_wf/bold_fit_wf/bold_reg_wf/bbreg_wf/concat_xfm".
250528-06:14:22,273 nipype.workflow INFO:
	 [Node] Setting-up "fmriprep_25_0_wf.sub_GEO061_wf.bold_ses_t2_task_image_run_2_wf.bold_fit_wf.func_fit_reports_wf.ds_epi_t1_report" in "/work/fmriprep_25_0_wf/sub_GEO061_wf/bold_ses_t2_task_image_run_2_wf/bold_fit_wf/func_fit_reports_wf/ds_epi_t1_report".
250528-06:14:22,437 nipype.workflow INFO:
	 [Node] Executing "concat_xfm" <niworkflows.interfaces.nitransforms.ConcatenateXFMs>
250528-06:14:22,468 nipype.workflow INFO:
	 [Node] Executing "ds_epi_t1_report" <fmriprep.interfaces.DerivativesDataSink>
250528-06:14:22,479 nipype.workflow INFO:
	 [Node] Finished "concat_xfm", elapsed time 0.04165s.
250528-06:14:22,524 nipype.workflow INFO:
	 [Node] Finished "ds_epi_t1_report", elapsed time 0.055117s.
250528-06:14:26,281 nipype.workflow INFO:
	 [Node] Setting-up "fmriprep_25_0_wf.sub_GEO061_wf.bold_ses_t2_task_image_run_3_wf.bold_fit_wf.func_fit_reports_wf.t1w_boldref" in "/work/fmriprep_25_0_wf/sub_GEO061_wf/bold_ses_t2_task_image_run_3_wf/bold_fit_wf/func_fit_reports_wf/t1w_boldref".
250528-06:14:26,436 nipype.workflow INFO:
	 [Node] Executing "t1w_boldref" <niworkflows.interfaces.fixes.FixHeaderApplyTransforms>
250528-06:14:26,936 nipype.workflow INFO:
	 [Node] Setting-up "fmriprep_25_0_wf.sub_GEO061_wf.bold_ses_t2_task_image_run_3_wf.bold_confounds_wf.t1w_mask_tfm" in "/work/fmriprep_25_0_wf/sub_GEO061_wf/bold_ses_t2_task_image_run_3_wf/bold_confounds_wf/t1w_mask_tfm".
250528-06:14:27,170 nipype.workflow INFO:
	 [Node] Executing "t1w_mask_tfm" <niworkflows.interfaces.fixes.FixHeaderApplyTransforms>
250528-06:14:28,141 nipype.workflow INFO:
	 [Node] Finished "t1w_boldref", elapsed time 1.703179s.
250528-06:14:28,838 nipype.workflow INFO:
	 [Node] Setting-up "_acc_msk_tfm0" in "/work/fmriprep_25_0_wf/sub_GEO061_wf/bold_ses_t2_task_image_run_3_wf/bold_confounds_wf/acc_msk_tfm/mapflow/_acc_msk_tfm0".
250528-06:14:28,840 nipype.workflow INFO:
	 [Node] Setting-up "_acc_msk_tfm1" in "/work/fmriprep_25_0_wf/sub_GEO061_wf/bold_ses_t2_task_image_run_3_wf/bold_confounds_wf/acc_msk_tfm/mapflow/_acc_msk_tfm1".
250528-06:14:28,841 nipype.workflow INFO:
	 [Node] Setting-up "_acc_msk_tfm2" in "/work/fmriprep_25_0_wf/sub_GEO061_wf/bold_ses_t2_task_image_run_3_wf/bold_confounds_wf/acc_msk_tfm/mapflow/_acc_msk_tfm2".
250528-06:14:28,946 nipype.workflow INFO:
	 [Node] Executing "_acc_msk_tfm0" <niworkflows.interfaces.fixes.FixHeaderApplyTransforms>
250528-06:14:28,952 nipype.workflow INFO:
	 [Node] Executing "_acc_msk_tfm1" <niworkflows.interfaces.fixes.FixHeaderApplyTransforms>
250528-06:14:28,959 nipype.workflow INFO:
	 [Node] Executing "_acc_msk_tfm2" <niworkflows.interfaces.fixes.FixHeaderApplyTransforms>
250528-06:14:29,324 nipype.workflow INFO:
	 [Node] Finished "t1w_mask_tfm", elapsed time 2.152817s.
250528-06:14:29,836 nipype.workflow INFO:
	 [Node] Finished "_acc_msk_tfm0", elapsed time 0.889733s.
250528-06:14:29,858 nipype.workflow INFO:
	 [Node] Finished "_acc_msk_tfm2", elapsed time 0.897637s.
250528-06:14:29,865 nipype.workflow INFO:
	 [Node] Finished "_acc_msk_tfm1", elapsed time 0.911428s.
250528-06:14:30,273 nipype.workflow INFO:
	 [Node] Setting-up "fmriprep_25_0_wf.sub_GEO061_wf.bold_ses_t2_task_image_run_3_wf.bold_fit_wf.func_fit_reports_wf.boldref_wm" in "/work/fmriprep_25_0_wf/sub_GEO061_wf/bold_ses_t2_task_image_run_3_wf/bold_fit_wf/func_fit_reports_wf/boldref_wm".
250528-06:14:30,275 nipype.workflow INFO:
	 [Node] Setting-up "fmriprep_25_0_wf.sub_GEO061_wf.bold_ses_t2_task_image_run_3_wf.bold_confounds_wf.union_mask" in "/work/fmriprep_25_0_wf/sub_GEO061_wf/bold_ses_t2_task_image_run_3_wf/bold_confounds_wf/union_mask".
250528-06:14:30,365 nipype.workflow INFO:
	 [Node] Setting-up "_acc_msk_tfm0" in "/work/fmriprep_25_0_wf/sub_GEO061_wf/bold_ses_t2_task_image_run_3_wf/bold_confounds_wf/acc_msk_tfm/mapflow/_acc_msk_tfm0".
250528-06:14:30,368 nipype.workflow INFO:
	 [Node] Cached "_acc_msk_tfm0" - collecting precomputed outputs
250528-06:14:30,368 nipype.workflow INFO:
	 [Node] "_acc_msk_tfm0" found cached.
250528-06:14:30,369 nipype.workflow INFO:
	 [Node] Setting-up "_acc_msk_tfm1" in "/work/fmriprep_25_0_wf/sub_GEO061_wf/bold_ses_t2_task_image_run_3_wf/bold_confounds_wf/acc_msk_tfm/mapflow/_acc_msk_tfm1".
250528-06:14:30,371 nipype.workflow INFO:
	 [Node] Cached "_acc_msk_tfm1" - collecting precomputed outputs
250528-06:14:30,372 nipype.workflow INFO:
	 [Node] "_acc_msk_tfm1" found cached.
250528-06:14:30,372 nipype.workflow INFO:
	 [Node] Setting-up "_acc_msk_tfm2" in "/work/fmriprep_25_0_wf/sub_GEO061_wf/bold_ses_t2_task_image_run_3_wf/bold_confounds_wf/acc_msk_tfm/mapflow/_acc_msk_tfm2".
250528-06:14:30,375 nipype.workflow INFO:
	 [Node] Cached "_acc_msk_tfm2" - collecting precomputed outputs
250528-06:14:30,375 nipype.workflow INFO:
	 [Node] "_acc_msk_tfm2" found cached.
250528-06:14:30,396 nipype.workflow INFO:
	 [Node] Executing "boldref_wm" <niworkflows.interfaces.fixes.FixHeaderApplyTransforms>
250528-06:14:30,411 nipype.workflow INFO:
	 [Node] Executing "union_mask" <nipype.interfaces.utility.wrappers.Function>
250528-06:14:30,453 nipype.workflow INFO:
	 [Node] Finished "union_mask", elapsed time 0.041074s.
250528-06:14:30,841 nipype.workflow INFO:
	 [Node] Finished "boldref_wm", elapsed time 0.443734s.
250528-06:14:32,290 nipype.workflow INFO:
	 [Node] Setting-up "fmriprep_25_0_wf.sub_GEO061_wf.bold_ses_t2_task_image_run_3_wf.bold_fit_wf.func_fit_reports_wf.epi_t1_report" in "/work/fmriprep_25_0_wf/sub_GEO061_wf/bold_ses_t2_task_image_run_3_wf/bold_fit_wf/func_fit_reports_wf/epi_t1_report".
250528-06:14:32,329 nipype.workflow INFO:
	 [Node] Setting-up "fmriprep_25_0_wf.sub_GEO061_wf.bold_ses_t2_task_image_run_3_wf.bold_confounds_wf.dilated_mask" in "/work/fmriprep_25_0_wf/sub_GEO061_wf/bold_ses_t2_task_image_run_3_wf/bold_confounds_wf/dilated_mask".
250528-06:14:32,392 nipype.workflow INFO:
	 [Node] Executing "epi_t1_report" <nireports.interfaces.reporting.base.SimpleBeforeAfterRPT>
250528-06:14:32,393 nipype.interface INFO:
	 Report - setting before (/out/sub-GEO061/ses-t2/func/sub-GEO061_ses-t2_task-image_run-3_desc-coreg_boldref.nii.gz) and after (/work/fmriprep_25_0_wf/sub_GEO061_wf/bold_ses_t2_task_image_run_3_wf/bold_fit_wf/func_fit_reports_wf/t1w_boldref/sub-GEO061_desc-preproc_T1w_trans.nii.gz) images
250528-06:14:32,393 nipype.interface INFO:
	 Generating visual report
250528-06:14:32,422 nipype.workflow INFO:
	 [Node] Executing "dilated_mask" <niworkflows.interfaces.morphology.BinaryDilation>
250528-06:14:32,457 nipype.workflow INFO:
	 [Node] Finished "dilated_mask", elapsed time 0.034455s.
250528-06:14:34,190 nipype.workflow INFO:
	 [Node] Setting-up "fmriprep_25_0_wf.sub_GEO061_wf.bold_ses_t2_task_image_run_3_wf.bold_confounds_wf.subtract_mask" in "/work/fmriprep_25_0_wf/sub_GEO061_wf/bold_ses_t2_task_image_run_3_wf/bold_confounds_wf/subtract_mask".
250528-06:14:34,192 nipype.workflow INFO:
	 [Node] Setting-up "_acc_msk_brain0" in "/work/fmriprep_25_0_wf/sub_GEO061_wf/bold_ses_t2_task_image_run_3_wf/bold_confounds_wf/acc_msk_brain/mapflow/_acc_msk_brain0".
250528-06:14:34,193 nipype.workflow INFO:
	 [Node] Setting-up "_acc_msk_brain1" in "/work/fmriprep_25_0_wf/sub_GEO061_wf/bold_ses_t2_task_image_run_3_wf/bold_confounds_wf/acc_msk_brain/mapflow/_acc_msk_brain1".
250528-06:14:34,194 nipype.workflow INFO:
	 [Node] Setting-up "_acc_msk_brain2" in "/work/fmriprep_25_0_wf/sub_GEO061_wf/bold_ses_t2_task_image_run_3_wf/bold_confounds_wf/acc_msk_brain/mapflow/_acc_msk_brain2".
250528-06:14:34,303 nipype.workflow INFO:
	 [Node] Executing "_acc_msk_brain0" <niworkflows.interfaces.nibabel.ApplyMask>
250528-06:14:34,313 nipype.workflow INFO:
	 [Node] Executing "subtract_mask" <niworkflows.interfaces.morphology.BinarySubtraction>
250528-06:14:34,313 nipype.workflow INFO:
	 [Node] Executing "_acc_msk_brain1" <niworkflows.interfaces.nibabel.ApplyMask>
250528-06:14:34,320 nipype.workflow INFO:
	 [Node] Executing "_acc_msk_brain2" <niworkflows.interfaces.nibabel.ApplyMask>
250528-06:14:34,343 nipype.workflow INFO:
	 [Node] Finished "subtract_mask", elapsed time 0.029048s.
250528-06:14:34,377 nipype.workflow INFO:
	 [Node] Finished "_acc_msk_brain1", elapsed time 0.062816s.
250528-06:14:34,390 nipype.workflow INFO:
	 [Node] Finished "_acc_msk_brain2", elapsed time 0.069638s.
250528-06:14:34,394 nipype.workflow INFO:
	 [Node] Finished "_acc_msk_brain0", elapsed time 0.09051s.
250528-06:14:36,232 nipype.workflow INFO:
	 [Node] Finished "bbregister", elapsed time 22.339935s.
250528-06:14:36,465 nipype.workflow INFO:
	 [Node] Setting-up "_acc_msk_brain0" in "/work/fmriprep_25_0_wf/sub_GEO061_wf/bold_ses_t2_task_image_run_3_wf/bold_confounds_wf/acc_msk_brain/mapflow/_acc_msk_brain0".
250528-06:14:36,468 nipype.workflow INFO:
	 [Node] Cached "_acc_msk_brain0" - collecting precomputed outputs
250528-06:14:36,468 nipype.workflow INFO:
	 [Node] "_acc_msk_brain0" found cached.
250528-06:14:36,468 nipype.workflow INFO:
	 [Node] Setting-up "_acc_msk_brain1" in "/work/fmriprep_25_0_wf/sub_GEO061_wf/bold_ses_t2_task_image_run_3_wf/bold_confounds_wf/acc_msk_brain/mapflow/_acc_msk_brain1".
250528-06:14:36,471 nipype.workflow INFO:
	 [Node] Cached "_acc_msk_brain1" - collecting precomputed outputs
250528-06:14:36,471 nipype.workflow INFO:
	 [Node] "_acc_msk_brain1" found cached.
250528-06:14:36,471 nipype.workflow INFO:
	 [Node] Setting-up "_acc_msk_brain2" in "/work/fmriprep_25_0_wf/sub_GEO061_wf/bold_ses_t2_task_image_run_3_wf/bold_confounds_wf/acc_msk_brain/mapflow/_acc_msk_brain2".
250528-06:14:36,474 nipype.workflow INFO:
	 [Node] Cached "_acc_msk_brain2" - collecting precomputed outputs
250528-06:14:36,474 nipype.workflow INFO:
	 [Node] "_acc_msk_brain2" found cached.
250528-06:14:38,293 nipype.workflow INFO:
	 [Node] Setting-up "fmriprep_25_0_wf.sub_GEO061_wf.bold_ses_t2_task_image_run_5_wf.bold_fit_wf.bold_reg_wf.bbreg_wf.bbregister" in "/work/fmriprep_25_0_wf/sub_GEO061_wf/bold_ses_t2_task_image_run_5_wf/bold_fit_wf/bold_reg_wf/bbreg_wf/bbregister".
250528-06:14:38,480 nipype.workflow INFO:
	 [Node] Executing "bbregister" <nipype.interfaces.freesurfer.preprocess.BBRegister>
250528-06:14:40,295 nipype.workflow INFO:
	 [Node] Setting-up "fmriprep_25_0_wf.sub_GEO061_wf.bold_ses_t2_task_image_run_4_wf.bold_fit_wf.bold_reg_wf.bbreg_wf.compare_transforms" in "/work/fmriprep_25_0_wf/sub_GEO061_wf/bold_ses_t2_task_image_run_4_wf/bold_fit_wf/bold_reg_wf/bbreg_wf/compare_transforms".
250528-06:14:40,295 nipype.workflow INFO:
	 [Node] Setting-up "_acc_msk_bin0" in "/work/fmriprep_25_0_wf/sub_GEO061_wf/bold_ses_t2_task_image_run_3_wf/bold_confounds_wf/acc_msk_bin/mapflow/_acc_msk_bin0".
250528-06:14:40,296 nipype.workflow INFO:
	 [Node] Setting-up "_acc_msk_bin1" in "/work/fmriprep_25_0_wf/sub_GEO061_wf/bold_ses_t2_task_image_run_3_wf/bold_confounds_wf/acc_msk_bin/mapflow/_acc_msk_bin1".
250528-06:14:40,297 nipype.workflow INFO:
	 [Node] Setting-up "_acc_msk_bin2" in "/work/fmriprep_25_0_wf/sub_GEO061_wf/bold_ses_t2_task_image_run_3_wf/bold_confounds_wf/acc_msk_bin/mapflow/_acc_msk_bin2".
250528-06:14:40,429 nipype.workflow INFO:
	 [Node] Executing "compare_transforms" <nipype.interfaces.utility.wrappers.Function>
250528-06:14:40,442 nipype.workflow INFO:
	 [Node] Finished "compare_transforms", elapsed time 0.011255s.
250528-06:14:40,442 nipype.workflow INFO:
	 [Node] Executing "_acc_msk_bin0" <niworkflows.interfaces.nibabel.Binarize>
250528-06:14:40,477 nipype.workflow INFO:
	 [Node] Executing "_acc_msk_bin2" <niworkflows.interfaces.nibabel.Binarize>
250528-06:14:40,487 nipype.workflow INFO:
	 [Node] Executing "_acc_msk_bin1" <niworkflows.interfaces.nibabel.Binarize>
250528-06:14:40,521 nipype.workflow INFO:
	 [Node] Finished "_acc_msk_bin0", elapsed time 0.078106s.
250528-06:14:40,549 nipype.workflow INFO:
	 [Node] Finished "_acc_msk_bin2", elapsed time 0.0705s.
250528-06:14:40,583 nipype.workflow INFO:
	 [Node] Finished "_acc_msk_bin1", elapsed time 0.094695s.
250528-06:14:43,662 nipype.workflow INFO:
	 [Node] Setting-up "_acc_msk_bin0" in "/work/fmriprep_25_0_wf/sub_GEO061_wf/bold_ses_t2_task_image_run_3_wf/bold_confounds_wf/acc_msk_bin/mapflow/_acc_msk_bin0".
250528-06:14:43,665 nipype.workflow INFO:
	 [Node] Cached "_acc_msk_bin0" - collecting precomputed outputs
250528-06:14:43,665 nipype.workflow INFO:
	 [Node] "_acc_msk_bin0" found cached.
250528-06:14:43,665 nipype.workflow INFO:
	 [Node] Setting-up "_acc_msk_bin1" in "/work/fmriprep_25_0_wf/sub_GEO061_wf/bold_ses_t2_task_image_run_3_wf/bold_confounds_wf/acc_msk_bin/mapflow/_acc_msk_bin1".
250528-06:14:43,669 nipype.workflow INFO:
	 [Node] Cached "_acc_msk_bin1" - collecting precomputed outputs
250528-06:14:43,669 nipype.workflow INFO:
	 [Node] "_acc_msk_bin1" found cached.
250528-06:14:43,669 nipype.workflow INFO:
	 [Node] Setting-up "_acc_msk_bin2" in "/work/fmriprep_25_0_wf/sub_GEO061_wf/bold_ses_t2_task_image_run_3_wf/bold_confounds_wf/acc_msk_bin/mapflow/_acc_msk_bin2".
250528-06:14:43,672 nipype.workflow INFO:
	 [Node] Cached "_acc_msk_bin2" - collecting precomputed outputs
250528-06:14:43,672 nipype.workflow INFO:
	 [Node] "_acc_msk_bin2" found cached.
250528-06:14:46,250 nipype.workflow INFO:
	 [Node] Setting-up "fmriprep_25_0_wf.sub_GEO061_wf.bold_ses_t2_task_image_run_4_wf.bold_fit_wf.bold_reg_wf.bbreg_wf.concat_xfm" in "/work/fmriprep_25_0_wf/sub_GEO061_wf/bold_ses_t2_task_image_run_4_wf/bold_fit_wf/bold_reg_wf/bbreg_wf/concat_xfm".
250528-06:14:46,354 nipype.workflow INFO:
	 [Node] Executing "concat_xfm" <niworkflows.interfaces.nitransforms.ConcatenateXFMs>
250528-06:14:46,402 nipype.workflow INFO:
	 [Node] Finished "concat_xfm", elapsed time 0.047146s.
250528-06:14:48,690 nipype.workflow INFO:
	 [Node] Finished "epi_t1_report", elapsed time 16.297007s.
250528-06:14:50,256 nipype.workflow INFO:
	 [Node] Setting-up "fmriprep_25_0_wf.sub_GEO061_wf.bold_ses_t2_task_image_run_4_wf.bold_fit_wf.func_fit_reports_wf.t1w_boldref" in "/work/fmriprep_25_0_wf/sub_GEO061_wf/bold_ses_t2_task_image_run_4_wf/bold_fit_wf/func_fit_reports_wf/t1w_boldref".
250528-06:14:50,360 nipype.workflow INFO:
	 [Node] Executing "t1w_boldref" <niworkflows.interfaces.fixes.FixHeaderApplyTransforms>
250528-06:14:50,764 nipype.workflow INFO:
	 [Node] Setting-up "fmriprep_25_0_wf.sub_GEO061_wf.bold_ses_t2_task_image_run_4_wf.bold_confounds_wf.t1w_mask_tfm" in "/work/fmriprep_25_0_wf/sub_GEO061_wf/bold_ses_t2_task_image_run_4_wf/bold_confounds_wf/t1w_mask_tfm".
250528-06:14:50,819 nipype.workflow INFO:
	 [Node] Setting-up "fmriprep_25_0_wf.sub_GEO061_wf.bold_ses_t2_task_image_run_3_wf.bold_fit_wf.func_fit_reports_wf.ds_epi_t1_report" in "/work/fmriprep_25_0_wf/sub_GEO061_wf/bold_ses_t2_task_image_run_3_wf/bold_fit_wf/func_fit_reports_wf/ds_epi_t1_report".
250528-06:14:50,866 nipype.workflow INFO:
	 [Node] Executing "t1w_mask_tfm" <niworkflows.interfaces.fixes.FixHeaderApplyTransforms>
250528-06:14:50,899 nipype.workflow INFO:
	 [Node] Executing "ds_epi_t1_report" <fmriprep.interfaces.DerivativesDataSink>
250528-06:14:50,963 nipype.workflow INFO:
	 [Node] Finished "ds_epi_t1_report", elapsed time 0.062505s.
250528-06:14:52,31 nipype.workflow INFO:
	 [Node] Finished "t1w_boldref", elapsed time 1.66896s.
250528-06:14:52,862 nipype.workflow INFO:
	 [Node] Setting-up "_acc_msk_tfm0" in "/work/fmriprep_25_0_wf/sub_GEO061_wf/bold_ses_t2_task_image_run_4_wf/bold_confounds_wf/acc_msk_tfm/mapflow/_acc_msk_tfm0".
250528-06:14:52,863 nipype.workflow INFO:
	 [Node] Setting-up "_acc_msk_tfm1" in "/work/fmriprep_25_0_wf/sub_GEO061_wf/bold_ses_t2_task_image_run_4_wf/bold_confounds_wf/acc_msk_tfm/mapflow/_acc_msk_tfm1".
250528-06:14:52,863 nipype.workflow INFO:
	 [Node] Setting-up "_acc_msk_tfm2" in "/work/fmriprep_25_0_wf/sub_GEO061_wf/bold_ses_t2_task_image_run_4_wf/bold_confounds_wf/acc_msk_tfm/mapflow/_acc_msk_tfm2".
250528-06:14:52,975 nipype.workflow INFO:
	 [Node] Executing "_acc_msk_tfm1" <niworkflows.interfaces.fixes.FixHeaderApplyTransforms>
250528-06:14:52,975 nipype.workflow INFO:
	 [Node] Executing "_acc_msk_tfm2" <niworkflows.interfaces.fixes.FixHeaderApplyTransforms>
250528-06:14:52,985 nipype.workflow INFO:
	 [Node] Executing "_acc_msk_tfm0" <niworkflows.interfaces.fixes.FixHeaderApplyTransforms>
250528-06:14:53,115 nipype.workflow INFO:
	 [Node] Finished "t1w_mask_tfm", elapsed time 2.247496s.
250528-06:14:53,810 nipype.workflow INFO:
	 [Node] Finished "_acc_msk_tfm1", elapsed time 0.834241s.
250528-06:14:53,814 nipype.workflow INFO:
	 [Node] Finished "_acc_msk_tfm2", elapsed time 0.837848s.
250528-06:14:53,880 nipype.workflow INFO:
	 [Node] Finished "_acc_msk_tfm0", elapsed time 0.893751s.
250528-06:14:54,259 nipype.workflow INFO:
	 [Node] Setting-up "fmriprep_25_0_wf.sub_GEO061_wf.bold_ses_t2_task_image_run_4_wf.bold_fit_wf.func_fit_reports_wf.boldref_wm" in "/work/fmriprep_25_0_wf/sub_GEO061_wf/bold_ses_t2_task_image_run_4_wf/bold_fit_wf/func_fit_reports_wf/boldref_wm".
250528-06:14:54,260 nipype.workflow INFO:
	 [Node] Setting-up "fmriprep_25_0_wf.sub_GEO061_wf.bold_ses_t2_task_image_run_4_wf.bold_confounds_wf.union_mask" in "/work/fmriprep_25_0_wf/sub_GEO061_wf/bold_ses_t2_task_image_run_4_wf/bold_confounds_wf/union_mask".
250528-06:14:54,346 nipype.workflow INFO:
	 [Node] Executing "union_mask" <nipype.interfaces.utility.wrappers.Function>
250528-06:14:54,362 nipype.workflow INFO:
	 [Node] Executing "boldref_wm" <niworkflows.interfaces.fixes.FixHeaderApplyTransforms>
250528-06:14:54,387 nipype.workflow INFO:
	 [Node] Finished "union_mask", elapsed time 0.039494s.
250528-06:14:54,841 nipype.workflow INFO:
	 [Node] Finished "boldref_wm", elapsed time 0.477729s.
250528-06:14:56,314 nipype.workflow INFO:
	 [Node] Setting-up "fmriprep_25_0_wf.sub_GEO061_wf.bold_ses_t2_task_image_run_4_wf.bold_fit_wf.func_fit_reports_wf.epi_t1_report" in "/work/fmriprep_25_0_wf/sub_GEO061_wf/bold_ses_t2_task_image_run_4_wf/bold_fit_wf/func_fit_reports_wf/epi_t1_report".
250528-06:14:56,315 nipype.workflow INFO:
	 [Node] Setting-up "fmriprep_25_0_wf.sub_GEO061_wf.bold_ses_t2_task_image_run_4_wf.bold_confounds_wf.dilated_mask" in "/work/fmriprep_25_0_wf/sub_GEO061_wf/bold_ses_t2_task_image_run_4_wf/bold_confounds_wf/dilated_mask".
250528-06:14:56,377 nipype.workflow INFO:
	 [Node] Setting-up "_acc_msk_tfm0" in "/work/fmriprep_25_0_wf/sub_GEO061_wf/bold_ses_t2_task_image_run_4_wf/bold_confounds_wf/acc_msk_tfm/mapflow/_acc_msk_tfm0".
250528-06:14:56,380 nipype.workflow INFO:
	 [Node] Cached "_acc_msk_tfm0" - collecting precomputed outputs
250528-06:14:56,380 nipype.workflow INFO:
	 [Node] "_acc_msk_tfm0" found cached.
250528-06:14:56,381 nipype.workflow INFO:
	 [Node] Setting-up "_acc_msk_tfm1" in "/work/fmriprep_25_0_wf/sub_GEO061_wf/bold_ses_t2_task_image_run_4_wf/bold_confounds_wf/acc_msk_tfm/mapflow/_acc_msk_tfm1".
250528-06:14:56,383 nipype.workflow INFO:
	 [Node] Cached "_acc_msk_tfm1" - collecting precomputed outputs
250528-06:14:56,383 nipype.workflow INFO:
	 [Node] "_acc_msk_tfm1" found cached.
250528-06:14:56,384 nipype.workflow INFO:
	 [Node] Setting-up "_acc_msk_tfm2" in "/work/fmriprep_25_0_wf/sub_GEO061_wf/bold_ses_t2_task_image_run_4_wf/bold_confounds_wf/acc_msk_tfm/mapflow/_acc_msk_tfm2".
250528-06:14:56,387 nipype.workflow INFO:
	 [Node] Cached "_acc_msk_tfm2" - collecting precomputed outputs
250528-06:14:56,387 nipype.workflow INFO:
	 [Node] "_acc_msk_tfm2" found cached.
250528-06:14:56,394 nipype.workflow INFO:
	 [Node] Executing "dilated_mask" <niworkflows.interfaces.morphology.BinaryDilation>
250528-06:14:56,433 nipype.workflow INFO:
	 [Node] Finished "dilated_mask", elapsed time 0.038045s.
250528-06:14:56,591 nipype.workflow INFO:
	 [Node] Executing "epi_t1_report" <nireports.interfaces.reporting.base.SimpleBeforeAfterRPT>
250528-06:14:56,592 nipype.interface INFO:
	 Report - setting before (/out/sub-GEO061/ses-t2/func/sub-GEO061_ses-t2_task-image_run-4_desc-coreg_boldref.nii.gz) and after (/work/fmriprep_25_0_wf/sub_GEO061_wf/bold_ses_t2_task_image_run_4_wf/bold_fit_wf/func_fit_reports_wf/t1w_boldref/sub-GEO061_desc-preproc_T1w_trans.nii.gz) images
250528-06:14:56,592 nipype.interface INFO:
	 Generating visual report
250528-06:14:58,409 nipype.workflow INFO:
	 [Node] Setting-up "fmriprep_25_0_wf.sub_GEO061_wf.bold_ses_t2_task_image_run_4_wf.bold_confounds_wf.subtract_mask" in "/work/fmriprep_25_0_wf/sub_GEO061_wf/bold_ses_t2_task_image_run_4_wf/bold_confounds_wf/subtract_mask".
250528-06:14:58,488 nipype.workflow INFO:
	 [Node] Executing "subtract_mask" <niworkflows.interfaces.morphology.BinarySubtraction>
250528-06:14:58,521 nipype.workflow INFO:
	 [Node] Finished "subtract_mask", elapsed time 0.032025s.
250528-06:15:00,332 nipype.workflow INFO:
	 [Node] Setting-up "_acc_msk_brain0" in "/work/fmriprep_25_0_wf/sub_GEO061_wf/bold_ses_t2_task_image_run_4_wf/bold_confounds_wf/acc_msk_brain/mapflow/_acc_msk_brain0".
250528-06:15:00,332 nipype.workflow INFO:
	 [Node] Setting-up "_acc_msk_brain1" in "/work/fmriprep_25_0_wf/sub_GEO061_wf/bold_ses_t2_task_image_run_4_wf/bold_confounds_wf/acc_msk_brain/mapflow/_acc_msk_brain1".
250528-06:15:00,333 nipype.workflow INFO:
	 [Node] Setting-up "_acc_msk_brain2" in "/work/fmriprep_25_0_wf/sub_GEO061_wf/bold_ses_t2_task_image_run_4_wf/bold_confounds_wf/acc_msk_brain/mapflow/_acc_msk_brain2".
250528-06:15:00,453 nipype.workflow INFO:
	 [Node] Executing "_acc_msk_brain0" <niworkflows.interfaces.nibabel.ApplyMask>
250528-06:15:00,456 nipype.workflow INFO:
	 [Node] Executing "_acc_msk_brain2" <niworkflows.interfaces.nibabel.ApplyMask>
250528-06:15:00,457 nipype.workflow INFO:
	 [Node] Executing "_acc_msk_brain1" <niworkflows.interfaces.nibabel.ApplyMask>
250528-06:15:00,523 nipype.workflow INFO:
	 [Node] Finished "_acc_msk_brain2", elapsed time 0.06642s.
250528-06:15:00,524 nipype.workflow INFO:
	 [Node] Finished "_acc_msk_brain1", elapsed time 0.065671s.
250528-06:15:00,564 nipype.workflow INFO:
	 [Node] Finished "_acc_msk_brain0", elapsed time 0.109682s.
250528-06:15:01,684 nipype.workflow INFO:
	 [Node] Finished "bbregister", elapsed time 23.202998s.
250528-06:15:02,358 nipype.workflow INFO:
	 [Node] Setting-up "fmriprep_25_0_wf.sub_GEO061_wf.bold_ses_t3_task_image_run_1_wf.bold_fit_wf.bold_reg_wf.bbreg_wf.bbregister" in "/work/fmriprep_25_0_wf/sub_GEO061_wf/bold_ses_t3_task_image_run_1_wf/bold_fit_wf/bold_reg_wf/bbreg_wf/bbregister".
250528-06:15:02,609 nipype.workflow INFO:
	 [Node] Executing "bbregister" <nipype.interfaces.freesurfer.preprocess.BBRegister>
250528-06:15:03,74 nipype.workflow INFO:
	 [Node] Setting-up "_acc_msk_brain0" in "/work/fmriprep_25_0_wf/sub_GEO061_wf/bold_ses_t2_task_image_run_4_wf/bold_confounds_wf/acc_msk_brain/mapflow/_acc_msk_brain0".
250528-06:15:03,76 nipype.workflow INFO:
	 [Node] Cached "_acc_msk_brain0" - collecting precomputed outputs
250528-06:15:03,77 nipype.workflow INFO:
	 [Node] "_acc_msk_brain0" found cached.
250528-06:15:03,77 nipype.workflow INFO:
	 [Node] Setting-up "_acc_msk_brain1" in "/work/fmriprep_25_0_wf/sub_GEO061_wf/bold_ses_t2_task_image_run_4_wf/bold_confounds_wf/acc_msk_brain/mapflow/_acc_msk_brain1".
250528-06:15:03,79 nipype.workflow INFO:
	 [Node] Cached "_acc_msk_brain1" - collecting precomputed outputs
250528-06:15:03,79 nipype.workflow INFO:
	 [Node] "_acc_msk_brain1" found cached.
250528-06:15:03,80 nipype.workflow INFO:
	 [Node] Setting-up "_acc_msk_brain2" in "/work/fmriprep_25_0_wf/sub_GEO061_wf/bold_ses_t2_task_image_run_4_wf/bold_confounds_wf/acc_msk_brain/mapflow/_acc_msk_brain2".
250528-06:15:03,82 nipype.workflow INFO:
	 [Node] Cached "_acc_msk_brain2" - collecting precomputed outputs
250528-06:15:03,82 nipype.workflow INFO:
	 [Node] "_acc_msk_brain2" found cached.
250528-06:15:04,371 nipype.workflow INFO:
	 [Node] Setting-up "fmriprep_25_0_wf.sub_GEO061_wf.bold_ses_t2_task_image_run_5_wf.bold_fit_wf.bold_reg_wf.bbreg_wf.compare_transforms" in "/work/fmriprep_25_0_wf/sub_GEO061_wf/bold_ses_t2_task_image_run_5_wf/bold_fit_wf/bold_reg_wf/bbreg_wf/compare_transforms".
250528-06:15:04,448 nipype.workflow INFO:
	 [Node] Executing "compare_transforms" <nipype.interfaces.utility.wrappers.Function>
250528-06:15:04,459 nipype.workflow INFO:
	 [Node] Finished "compare_transforms", elapsed time 0.009525s.
250528-06:15:07,362 nipype.workflow INFO:
	 [Node] Setting-up "_acc_msk_bin0" in "/work/fmriprep_25_0_wf/sub_GEO061_wf/bold_ses_t2_task_image_run_4_wf/bold_confounds_wf/acc_msk_bin/mapflow/_acc_msk_bin0".
250528-06:15:07,363 nipype.workflow INFO:
	 [Node] Setting-up "_acc_msk_bin1" in "/work/fmriprep_25_0_wf/sub_GEO061_wf/bold_ses_t2_task_image_run_4_wf/bold_confounds_wf/acc_msk_bin/mapflow/_acc_msk_bin1".
250528-06:15:07,364 nipype.workflow INFO:
	 [Node] Setting-up "_acc_msk_bin2" in "/work/fmriprep_25_0_wf/sub_GEO061_wf/bold_ses_t2_task_image_run_4_wf/bold_confounds_wf/acc_msk_bin/mapflow/_acc_msk_bin2".
250528-06:15:07,461 nipype.workflow INFO:
	 [Node] Executing "_acc_msk_bin0" <niworkflows.interfaces.nibabel.Binarize>
250528-06:15:07,470 nipype.workflow INFO:
	 [Node] Executing "_acc_msk_bin2" <niworkflows.interfaces.nibabel.Binarize>
250528-06:15:07,477 nipype.workflow INFO:
	 [Node] Executing "_acc_msk_bin1" <niworkflows.interfaces.nibabel.Binarize>
250528-06:15:07,530 nipype.workflow INFO:
	 [Node] Finished "_acc_msk_bin2", elapsed time 0.058271s.
250528-06:15:07,536 nipype.workflow INFO:
	 [Node] Finished "_acc_msk_bin1", elapsed time 0.057472s.
250528-06:15:07,545 nipype.workflow INFO:
	 [Node] Finished "_acc_msk_bin0", elapsed time 0.083147s.
250528-06:15:09,309 nipype.workflow INFO:
	 [Node] Setting-up "_acc_msk_bin0" in "/work/fmriprep_25_0_wf/sub_GEO061_wf/bold_ses_t2_task_image_run_4_wf/bold_confounds_wf/acc_msk_bin/mapflow/_acc_msk_bin0".
250528-06:15:09,311 nipype.workflow INFO:
	 [Node] Cached "_acc_msk_bin0" - collecting precomputed outputs
250528-06:15:09,312 nipype.workflow INFO:
	 [Node] "_acc_msk_bin0" found cached.
250528-06:15:09,312 nipype.workflow INFO:
	 [Node] Setting-up "_acc_msk_bin1" in "/work/fmriprep_25_0_wf/sub_GEO061_wf/bold_ses_t2_task_image_run_4_wf/bold_confounds_wf/acc_msk_bin/mapflow/_acc_msk_bin1".
250528-06:15:09,315 nipype.workflow INFO:
	 [Node] Cached "_acc_msk_bin1" - collecting precomputed outputs
250528-06:15:09,315 nipype.workflow INFO:
	 [Node] "_acc_msk_bin1" found cached.
250528-06:15:09,316 nipype.workflow INFO:
	 [Node] Setting-up "_acc_msk_bin2" in "/work/fmriprep_25_0_wf/sub_GEO061_wf/bold_ses_t2_task_image_run_4_wf/bold_confounds_wf/acc_msk_bin/mapflow/_acc_msk_bin2".
250528-06:15:09,318 nipype.workflow INFO:
	 [Node] Cached "_acc_msk_bin2" - collecting precomputed outputs
250528-06:15:09,318 nipype.workflow INFO:
	 [Node] "_acc_msk_bin2" found cached.
250528-06:15:10,362 nipype.workflow INFO:
	 [Node] Setting-up "fmriprep_25_0_wf.sub_GEO061_wf.bold_ses_t2_task_image_run_5_wf.bold_fit_wf.bold_reg_wf.bbreg_wf.concat_xfm" in "/work/fmriprep_25_0_wf/sub_GEO061_wf/bold_ses_t2_task_image_run_5_wf/bold_fit_wf/bold_reg_wf/bbreg_wf/concat_xfm".
250528-06:15:10,462 nipype.workflow INFO:
	 [Node] Executing "concat_xfm" <niworkflows.interfaces.nitransforms.ConcatenateXFMs>
250528-06:15:10,488 nipype.workflow INFO:
	 [Node] Finished "concat_xfm", elapsed time 0.024011s.
250528-06:15:14,111 nipype.workflow INFO:
	 [Node] Finished "epi_t1_report", elapsed time 17.518372s.
250528-06:15:14,373 nipype.workflow INFO:
	 [Node] Setting-up "fmriprep_25_0_wf.sub_GEO061_wf.bold_ses_t2_task_image_run_5_wf.bold_fit_wf.func_fit_reports_wf.t1w_boldref" in "/work/fmriprep_25_0_wf/sub_GEO061_wf/bold_ses_t2_task_image_run_5_wf/bold_fit_wf/func_fit_reports_wf/t1w_boldref".
250528-06:15:14,507 nipype.workflow INFO:
	 [Node] Executing "t1w_boldref" <niworkflows.interfaces.fixes.FixHeaderApplyTransforms>
250528-06:15:14,858 nipype.workflow INFO:
	 [Node] Setting-up "fmriprep_25_0_wf.sub_GEO061_wf.bold_ses_t2_task_image_run_5_wf.bold_confounds_wf.t1w_mask_tfm" in "/work/fmriprep_25_0_wf/sub_GEO061_wf/bold_ses_t2_task_image_run_5_wf/bold_confounds_wf/t1w_mask_tfm".
250528-06:15:14,944 nipype.workflow INFO:
	 [Node] Executing "t1w_mask_tfm" <niworkflows.interfaces.fixes.FixHeaderApplyTransforms>
250528-06:15:16,153 nipype.workflow INFO:
	 [Node] Finished "t1w_boldref", elapsed time 1.6447720000000001s.
250528-06:15:16,833 nipype.workflow INFO:
	 [Node] Setting-up "fmriprep_25_0_wf.sub_GEO061_wf.bold_ses_t2_task_image_run_4_wf.bold_fit_wf.func_fit_reports_wf.ds_epi_t1_report" in "/work/fmriprep_25_0_wf/sub_GEO061_wf/bold_ses_t2_task_image_run_4_wf/bold_fit_wf/func_fit_reports_wf/ds_epi_t1_report".
250528-06:15:16,835 nipype.workflow INFO:
	 [Node] Setting-up "_acc_msk_tfm0" in "/work/fmriprep_25_0_wf/sub_GEO061_wf/bold_ses_t2_task_image_run_5_wf/bold_confounds_wf/acc_msk_tfm/mapflow/_acc_msk_tfm0".
250528-06:15:16,836 nipype.workflow INFO:
	 [Node] Setting-up "_acc_msk_tfm1" in "/work/fmriprep_25_0_wf/sub_GEO061_wf/bold_ses_t2_task_image_run_5_wf/bold_confounds_wf/acc_msk_tfm/mapflow/_acc_msk_tfm1".
250528-06:15:16,837 nipype.workflow INFO:
	 [Node] Setting-up "_acc_msk_tfm2" in "/work/fmriprep_25_0_wf/sub_GEO061_wf/bold_ses_t2_task_image_run_5_wf/bold_confounds_wf/acc_msk_tfm/mapflow/_acc_msk_tfm2".
250528-06:15:16,909 nipype.workflow INFO:
	 [Node] Executing "ds_epi_t1_report" <fmriprep.interfaces.DerivativesDataSink>
250528-06:15:16,915 nipype.workflow INFO:
	 [Node] Executing "_acc_msk_tfm0" <niworkflows.interfaces.fixes.FixHeaderApplyTransforms>
250528-06:15:16,923 nipype.workflow INFO:
	 [Node] Executing "_acc_msk_tfm1" <niworkflows.interfaces.fixes.FixHeaderApplyTransforms>
250528-06:15:16,933 nipype.workflow INFO:
	 [Node] Executing "_acc_msk_tfm2" <niworkflows.interfaces.fixes.FixHeaderApplyTransforms>
250528-06:15:16,965 nipype.workflow INFO:
	 [Node] Finished "ds_epi_t1_report", elapsed time 0.054416s.
250528-06:15:17,114 nipype.workflow INFO:
	 [Node] Finished "t1w_mask_tfm", elapsed time 2.168082s.
250528-06:15:17,788 nipype.workflow INFO:
	 [Node] Finished "_acc_msk_tfm1", elapsed time 0.863696s.
250528-06:15:17,789 nipype.workflow INFO:
	 [Node] Finished "_acc_msk_tfm0", elapsed time 0.872282s.
250528-06:15:17,831 nipype.workflow INFO:
	 [Node] Finished "_acc_msk_tfm2", elapsed time 0.896929s.
250528-06:15:18,359 nipype.workflow INFO:
	 [Node] Setting-up "fmriprep_25_0_wf.sub_GEO061_wf.bold_ses_t2_task_image_run_5_wf.bold_fit_wf.func_fit_reports_wf.boldref_wm" in "/work/fmriprep_25_0_wf/sub_GEO061_wf/bold_ses_t2_task_image_run_5_wf/bold_fit_wf/func_fit_reports_wf/boldref_wm".
250528-06:15:18,362 nipype.workflow INFO:
	 [Node] Setting-up "fmriprep_25_0_wf.sub_GEO061_wf.bold_ses_t2_task_image_run_5_wf.bold_confounds_wf.union_mask" in "/work/fmriprep_25_0_wf/sub_GEO061_wf/bold_ses_t2_task_image_run_5_wf/bold_confounds_wf/union_mask".
250528-06:15:18,424 nipype.workflow INFO:
	 [Node] Setting-up "_acc_msk_tfm0" in "/work/fmriprep_25_0_wf/sub_GEO061_wf/bold_ses_t2_task_image_run_5_wf/bold_confounds_wf/acc_msk_tfm/mapflow/_acc_msk_tfm0".
250528-06:15:18,427 nipype.workflow INFO:
	 [Node] Cached "_acc_msk_tfm0" - collecting precomputed outputs
250528-06:15:18,427 nipype.workflow INFO:
	 [Node] "_acc_msk_tfm0" found cached.
250528-06:15:18,428 nipype.workflow INFO:
	 [Node] Setting-up "_acc_msk_tfm1" in "/work/fmriprep_25_0_wf/sub_GEO061_wf/bold_ses_t2_task_image_run_5_wf/bold_confounds_wf/acc_msk_tfm/mapflow/_acc_msk_tfm1".
250528-06:15:18,430 nipype.workflow INFO:
	 [Node] Cached "_acc_msk_tfm1" - collecting precomputed outputs
250528-06:15:18,430 nipype.workflow INFO:
	 [Node] "_acc_msk_tfm1" found cached.
250528-06:15:18,431 nipype.workflow INFO:
	 [Node] Setting-up "_acc_msk_tfm2" in "/work/fmriprep_25_0_wf/sub_GEO061_wf/bold_ses_t2_task_image_run_5_wf/bold_confounds_wf/acc_msk_tfm/mapflow/_acc_msk_tfm2".
250528-06:15:18,434 nipype.workflow INFO:
	 [Node] Cached "_acc_msk_tfm2" - collecting precomputed outputs
250528-06:15:18,434 nipype.workflow INFO:
	 [Node] "_acc_msk_tfm2" found cached.
250528-06:15:18,445 nipype.workflow INFO:
	 [Node] Executing "union_mask" <nipype.interfaces.utility.wrappers.Function>
250528-06:15:18,449 nipype.workflow INFO:
	 [Node] Executing "boldref_wm" <niworkflows.interfaces.fixes.FixHeaderApplyTransforms>
250528-06:15:18,484 nipype.workflow INFO:
	 [Node] Finished "union_mask", elapsed time 0.037081s.
250528-06:15:18,929 nipype.workflow INFO:
	 [Node] Finished "boldref_wm", elapsed time 0.478868s.
250528-06:15:20,428 nipype.workflow INFO:
	 [Node] Setting-up "fmriprep_25_0_wf.sub_GEO061_wf.bold_ses_t2_task_image_run_5_wf.bold_confounds_wf.dilated_mask" in "/work/fmriprep_25_0_wf/sub_GEO061_wf/bold_ses_t2_task_image_run_5_wf/bold_confounds_wf/dilated_mask".
250528-06:15:20,504 nipype.workflow INFO:
	 [Node] Executing "dilated_mask" <niworkflows.interfaces.morphology.BinaryDilation>
250528-06:15:20,548 nipype.workflow INFO:
	 [Node] Finished "dilated_mask", elapsed time 0.042743s.
250528-06:15:20,664 nipype.workflow INFO:
	 [Node] Setting-up "fmriprep_25_0_wf.sub_GEO061_wf.bold_ses_t2_task_image_run_5_wf.bold_fit_wf.func_fit_reports_wf.epi_t1_report" in "/work/fmriprep_25_0_wf/sub_GEO061_wf/bold_ses_t2_task_image_run_5_wf/bold_fit_wf/func_fit_reports_wf/epi_t1_report".
250528-06:15:20,746 nipype.workflow INFO:
	 [Node] Executing "epi_t1_report" <nireports.interfaces.reporting.base.SimpleBeforeAfterRPT>
250528-06:15:20,747 nipype.interface INFO:
	 Report - setting before (/out/sub-GEO061/ses-t2/func/sub-GEO061_ses-t2_task-image_run-5_desc-coreg_boldref.nii.gz) and after (/work/fmriprep_25_0_wf/sub_GEO061_wf/bold_ses_t2_task_image_run_5_wf/bold_fit_wf/func_fit_reports_wf/t1w_boldref/sub-GEO061_desc-preproc_T1w_trans.nii.gz) images
250528-06:15:20,747 nipype.interface INFO:
	 Generating visual report
250528-06:15:22,365 nipype.workflow INFO:
	 [Node] Setting-up "fmriprep_25_0_wf.sub_GEO061_wf.bold_ses_t2_task_image_run_5_wf.bold_confounds_wf.subtract_mask" in "/work/fmriprep_25_0_wf/sub_GEO061_wf/bold_ses_t2_task_image_run_5_wf/bold_confounds_wf/subtract_mask".
250528-06:15:22,365 nipype.workflow INFO:
	 [Node] Setting-up "_acc_msk_brain0" in "/work/fmriprep_25_0_wf/sub_GEO061_wf/bold_ses_t2_task_image_run_5_wf/bold_confounds_wf/acc_msk_brain/mapflow/_acc_msk_brain0".
250528-06:15:22,366 nipype.workflow INFO:
	 [Node] Setting-up "_acc_msk_brain1" in "/work/fmriprep_25_0_wf/sub_GEO061_wf/bold_ses_t2_task_image_run_5_wf/bold_confounds_wf/acc_msk_brain/mapflow/_acc_msk_brain1".
250528-06:15:22,367 nipype.workflow INFO:
	 [Node] Setting-up "_acc_msk_brain2" in "/work/fmriprep_25_0_wf/sub_GEO061_wf/bold_ses_t2_task_image_run_5_wf/bold_confounds_wf/acc_msk_brain/mapflow/_acc_msk_brain2".
250528-06:15:22,436 nipype.workflow INFO:
	 [Node] Executing "subtract_mask" <niworkflows.interfaces.morphology.BinarySubtraction>
250528-06:15:22,441 nipype.workflow INFO:
	 [Node] Executing "_acc_msk_brain0" <niworkflows.interfaces.nibabel.ApplyMask>
250528-06:15:22,448 nipype.workflow INFO:
	 [Node] Executing "_acc_msk_brain1" <niworkflows.interfaces.nibabel.ApplyMask>
250528-06:15:22,448 nipype.workflow INFO:
	 [Node] Executing "_acc_msk_brain2" <niworkflows.interfaces.nibabel.ApplyMask>
250528-06:15:22,466 nipype.workflow INFO:
	 [Node] Finished "subtract_mask", elapsed time 0.0292s.
250528-06:15:22,514 nipype.workflow INFO:
	 [Node] Finished "_acc_msk_brain1", elapsed time 0.065968s.
250528-06:15:22,523 nipype.workflow INFO:
	 [Node] Finished "_acc_msk_brain2", elapsed time 0.074754s.
250528-06:15:22,538 nipype.workflow INFO:
	 [Node] Finished "_acc_msk_brain0", elapsed time 0.095952s.
250528-06:15:24,416 nipype.workflow INFO:
	 [Node] Setting-up "_acc_msk_brain0" in "/work/fmriprep_25_0_wf/sub_GEO061_wf/bold_ses_t2_task_image_run_5_wf/bold_confounds_wf/acc_msk_brain/mapflow/_acc_msk_brain0".
250528-06:15:24,418 nipype.workflow INFO:
	 [Node] Cached "_acc_msk_brain0" - collecting precomputed outputs
250528-06:15:24,419 nipype.workflow INFO:
	 [Node] "_acc_msk_brain0" found cached.
250528-06:15:24,419 nipype.workflow INFO:
	 [Node] Setting-up "_acc_msk_brain1" in "/work/fmriprep_25_0_wf/sub_GEO061_wf/bold_ses_t2_task_image_run_5_wf/bold_confounds_wf/acc_msk_brain/mapflow/_acc_msk_brain1".
250528-06:15:24,422 nipype.workflow INFO:
	 [Node] Cached "_acc_msk_brain1" - collecting precomputed outputs
250528-06:15:24,422 nipype.workflow INFO:
	 [Node] "_acc_msk_brain1" found cached.
250528-06:15:24,422 nipype.workflow INFO:
	 [Node] Setting-up "_acc_msk_brain2" in "/work/fmriprep_25_0_wf/sub_GEO061_wf/bold_ses_t2_task_image_run_5_wf/bold_confounds_wf/acc_msk_brain/mapflow/_acc_msk_brain2".
250528-06:15:24,424 nipype.workflow INFO:
	 [Node] Cached "_acc_msk_brain2" - collecting precomputed outputs
250528-06:15:24,424 nipype.workflow INFO:
	 [Node] "_acc_msk_brain2" found cached.
250528-06:15:28,367 nipype.workflow INFO:
	 [Node] Setting-up "_acc_msk_bin0" in "/work/fmriprep_25_0_wf/sub_GEO061_wf/bold_ses_t2_task_image_run_5_wf/bold_confounds_wf/acc_msk_bin/mapflow/_acc_msk_bin0".
250528-06:15:28,368 nipype.workflow INFO:
	 [Node] Setting-up "_acc_msk_bin1" in "/work/fmriprep_25_0_wf/sub_GEO061_wf/bold_ses_t2_task_image_run_5_wf/bold_confounds_wf/acc_msk_bin/mapflow/_acc_msk_bin1".
250528-06:15:28,369 nipype.workflow INFO:
	 [Node] Setting-up "_acc_msk_bin2" in "/work/fmriprep_25_0_wf/sub_GEO061_wf/bold_ses_t2_task_image_run_5_wf/bold_confounds_wf/acc_msk_bin/mapflow/_acc_msk_bin2".
250528-06:15:28,456 nipype.workflow INFO:
	 [Node] Executing "_acc_msk_bin1" <niworkflows.interfaces.nibabel.Binarize>
250528-06:15:28,464 nipype.workflow INFO:
	 [Node] Executing "_acc_msk_bin2" <niworkflows.interfaces.nibabel.Binarize>
250528-06:15:28,464 nipype.workflow INFO:
	 [Node] Executing "_acc_msk_bin0" <niworkflows.interfaces.nibabel.Binarize>
250528-06:15:28,514 nipype.workflow INFO:
	 [Node] Finished "_acc_msk_bin1", elapsed time 0.057016s.
250528-06:15:28,523 nipype.workflow INFO:
	 [Node] Finished "_acc_msk_bin2", elapsed time 0.057872s.
250528-06:15:28,538 nipype.workflow INFO:
	 [Node] Finished "_acc_msk_bin0", elapsed time 0.072793s.
250528-06:15:30,323 nipype.workflow INFO:
	 [Node] Setting-up "_acc_msk_bin0" in "/work/fmriprep_25_0_wf/sub_GEO061_wf/bold_ses_t2_task_image_run_5_wf/bold_confounds_wf/acc_msk_bin/mapflow/_acc_msk_bin0".
250528-06:15:30,325 nipype.workflow INFO:
	 [Node] Cached "_acc_msk_bin0" - collecting precomputed outputs
250528-06:15:30,326 nipype.workflow INFO:
	 [Node] "_acc_msk_bin0" found cached.
250528-06:15:30,326 nipype.workflow INFO:
	 [Node] Setting-up "_acc_msk_bin1" in "/work/fmriprep_25_0_wf/sub_GEO061_wf/bold_ses_t2_task_image_run_5_wf/bold_confounds_wf/acc_msk_bin/mapflow/_acc_msk_bin1".
250528-06:15:30,329 nipype.workflow INFO:
	 [Node] Cached "_acc_msk_bin1" - collecting precomputed outputs
250528-06:15:30,329 nipype.workflow INFO:
	 [Node] "_acc_msk_bin1" found cached.
250528-06:15:30,329 nipype.workflow INFO:
	 [Node] Setting-up "_acc_msk_bin2" in "/work/fmriprep_25_0_wf/sub_GEO061_wf/bold_ses_t2_task_image_run_5_wf/bold_confounds_wf/acc_msk_bin/mapflow/_acc_msk_bin2".
250528-06:15:30,332 nipype.workflow INFO:
	 [Node] Cached "_acc_msk_bin2" - collecting precomputed outputs
250528-06:15:30,332 nipype.workflow INFO:
	 [Node] "_acc_msk_bin2" found cached.
250528-06:15:31,726 nipype.workflow INFO:
	 [Node] Finished "bbregister", elapsed time 29.116693s.
250528-06:15:32,368 nipype.workflow INFO:
	 [Node] Setting-up "fmriprep_25_0_wf.sub_GEO061_wf.bold_ses_t3_task_image_run_2_wf.bold_fit_wf.bold_reg_wf.bbreg_wf.bbregister" in "/work/fmriprep_25_0_wf/sub_GEO061_wf/bold_ses_t3_task_image_run_2_wf/bold_fit_wf/bold_reg_wf/bbreg_wf/bbregister".
250528-06:15:32,469 nipype.workflow INFO:
	 [Node] Executing "bbregister" <nipype.interfaces.freesurfer.preprocess.BBRegister>
250528-06:15:34,368 nipype.workflow INFO:
	 [Node] Setting-up "fmriprep_25_0_wf.sub_GEO061_wf.bold_ses_t3_task_image_run_1_wf.bold_fit_wf.bold_reg_wf.bbreg_wf.compare_transforms" in "/work/fmriprep_25_0_wf/sub_GEO061_wf/bold_ses_t3_task_image_run_1_wf/bold_fit_wf/bold_reg_wf/bbreg_wf/compare_transforms".
250528-06:15:34,438 nipype.workflow INFO:
	 [Node] Executing "compare_transforms" <nipype.interfaces.utility.wrappers.Function>
250528-06:15:34,448 nipype.workflow INFO:
	 [Node] Finished "compare_transforms", elapsed time 0.009178s.
250528-06:15:38,403 nipype.workflow INFO:
	 [Node] Finished "epi_t1_report", elapsed time 17.655876s.
250528-06:15:40,361 nipype.workflow INFO:
	 [Node] Setting-up "fmriprep_25_0_wf.sub_GEO061_wf.bold_ses_t3_task_image_run_1_wf.bold_fit_wf.bold_reg_wf.bbreg_wf.concat_xfm" in "/work/fmriprep_25_0_wf/sub_GEO061_wf/bold_ses_t3_task_image_run_1_wf/bold_fit_wf/bold_reg_wf/bbreg_wf/concat_xfm".
250528-06:15:40,362 nipype.workflow INFO:
	 [Node] Setting-up "fmriprep_25_0_wf.sub_GEO061_wf.bold_ses_t2_task_image_run_5_wf.bold_fit_wf.func_fit_reports_wf.ds_epi_t1_report" in "/work/fmriprep_25_0_wf/sub_GEO061_wf/bold_ses_t2_task_image_run_5_wf/bold_fit_wf/func_fit_reports_wf/ds_epi_t1_report".
250528-06:15:40,442 nipype.workflow INFO:
	 [Node] Executing "concat_xfm" <niworkflows.interfaces.nitransforms.ConcatenateXFMs>
250528-06:15:40,467 nipype.workflow INFO:
	 [Node] Finished "concat_xfm", elapsed time 0.023993s.
250528-06:15:40,738 nipype.workflow INFO:
	 [Node] Executing "ds_epi_t1_report" <fmriprep.interfaces.DerivativesDataSink>
250528-06:15:40,797 nipype.workflow INFO:
	 [Node] Finished "ds_epi_t1_report", elapsed time 0.057852s.
250528-06:15:44,265 nipype.workflow INFO:
	 [Node] Setting-up "fmriprep_25_0_wf.sub_GEO061_wf.bold_ses_t3_task_image_run_1_wf.bold_fit_wf.func_fit_reports_wf.t1w_boldref" in "/work/fmriprep_25_0_wf/sub_GEO061_wf/bold_ses_t3_task_image_run_1_wf/bold_fit_wf/func_fit_reports_wf/t1w_boldref".
250528-06:15:44,336 nipype.workflow INFO:
	 [Node] Executing "t1w_boldref" <niworkflows.interfaces.fixes.FixHeaderApplyTransforms>
250528-06:15:44,672 nipype.workflow INFO:
	 [Node] Setting-up "fmriprep_25_0_wf.sub_GEO061_wf.bold_ses_t3_task_image_run_1_wf.bold_confounds_wf.t1w_mask_tfm" in "/work/fmriprep_25_0_wf/sub_GEO061_wf/bold_ses_t3_task_image_run_1_wf/bold_confounds_wf/t1w_mask_tfm".
250528-06:15:44,806 nipype.workflow INFO:
	 [Node] Executing "t1w_mask_tfm" <niworkflows.interfaces.fixes.FixHeaderApplyTransforms>
250528-06:15:45,944 nipype.workflow INFO:
	 [Node] Finished "t1w_boldref", elapsed time 1.6071689999999998s.
250528-06:15:46,757 nipype.workflow INFO:
	 [Node] Setting-up "_acc_msk_tfm0" in "/work/fmriprep_25_0_wf/sub_GEO061_wf/bold_ses_t3_task_image_run_1_wf/bold_confounds_wf/acc_msk_tfm/mapflow/_acc_msk_tfm0".
250528-06:15:46,758 nipype.workflow INFO:
	 [Node] Setting-up "_acc_msk_tfm1" in "/work/fmriprep_25_0_wf/sub_GEO061_wf/bold_ses_t3_task_image_run_1_wf/bold_confounds_wf/acc_msk_tfm/mapflow/_acc_msk_tfm1".
250528-06:15:46,759 nipype.workflow INFO:
	 [Node] Setting-up "_acc_msk_tfm2" in "/work/fmriprep_25_0_wf/sub_GEO061_wf/bold_ses_t3_task_image_run_1_wf/bold_confounds_wf/acc_msk_tfm/mapflow/_acc_msk_tfm2".
250528-06:15:46,868 nipype.workflow INFO:
	 [Node] Executing "_acc_msk_tfm0" <niworkflows.interfaces.fixes.FixHeaderApplyTransforms>
250528-06:15:46,871 nipype.workflow INFO:
	 [Node] Executing "_acc_msk_tfm2" <niworkflows.interfaces.fixes.FixHeaderApplyTransforms>
250528-06:15:46,886 nipype.workflow INFO:
	 [Node] Executing "_acc_msk_tfm1" <niworkflows.interfaces.fixes.FixHeaderApplyTransforms>
250528-06:15:47,73 nipype.workflow INFO:
	 [Node] Finished "t1w_mask_tfm", elapsed time 2.266045s.
250528-06:15:47,762 nipype.workflow INFO:
	 [Node] Finished "_acc_msk_tfm0", elapsed time 0.892879s.
250528-06:15:48,268 nipype.workflow INFO:
	 [Node] Setting-up "fmriprep_25_0_wf.sub_GEO061_wf.bold_ses_t3_task_image_run_1_wf.bold_fit_wf.func_fit_reports_wf.boldref_wm" in "/work/fmriprep_25_0_wf/sub_GEO061_wf/bold_ses_t3_task_image_run_1_wf/bold_fit_wf/func_fit_reports_wf/boldref_wm".
250528-06:15:48,269 nipype.workflow INFO:
	 [Node] Setting-up "fmriprep_25_0_wf.sub_GEO061_wf.bold_ses_t3_task_image_run_1_wf.bold_confounds_wf.union_mask" in "/work/fmriprep_25_0_wf/sub_GEO061_wf/bold_ses_t3_task_image_run_1_wf/bold_confounds_wf/union_mask".
250528-06:15:48,371 nipype.workflow INFO:
	 [Node] Executing "boldref_wm" <niworkflows.interfaces.fixes.FixHeaderApplyTransforms>
250528-06:15:48,372 nipype.workflow INFO:
	 [Node] Executing "union_mask" <nipype.interfaces.utility.wrappers.Function>
250528-06:15:48,412 nipype.workflow INFO:
	 [Node] Finished "union_mask", elapsed time 0.038876s.
250528-06:15:48,847 nipype.workflow INFO:
	 [Node] Finished "boldref_wm", elapsed time 0.475558s.
250528-06:15:49,536 nipype.workflow INFO:
	 [Node] Finished "_acc_msk_tfm2", elapsed time 2.663983s.
250528-06:15:49,559 nipype.workflow INFO:
	 [Node] Finished "_acc_msk_tfm1", elapsed time 2.672052s.
250528-06:15:50,369 nipype.workflow INFO:
	 [Node] Setting-up "fmriprep_25_0_wf.sub_GEO061_wf.bold_ses_t3_task_image_run_1_wf.bold_fit_wf.func_fit_reports_wf.epi_t1_report" in "/work/fmriprep_25_0_wf/sub_GEO061_wf/bold_ses_t3_task_image_run_1_wf/bold_fit_wf/func_fit_reports_wf/epi_t1_report".
250528-06:15:50,370 nipype.workflow INFO:
	 [Node] Setting-up "fmriprep_25_0_wf.sub_GEO061_wf.bold_ses_t3_task_image_run_1_wf.bold_confounds_wf.dilated_mask" in "/work/fmriprep_25_0_wf/sub_GEO061_wf/bold_ses_t3_task_image_run_1_wf/bold_confounds_wf/dilated_mask".
250528-06:15:50,430 nipype.workflow INFO:
	 [Node] Setting-up "_acc_msk_tfm0" in "/work/fmriprep_25_0_wf/sub_GEO061_wf/bold_ses_t3_task_image_run_1_wf/bold_confounds_wf/acc_msk_tfm/mapflow/_acc_msk_tfm0".
250528-06:15:50,433 nipype.workflow INFO:
	 [Node] Cached "_acc_msk_tfm0" - collecting precomputed outputs
250528-06:15:50,433 nipype.workflow INFO:
	 [Node] "_acc_msk_tfm0" found cached.
250528-06:15:50,434 nipype.workflow INFO:
	 [Node] Setting-up "_acc_msk_tfm1" in "/work/fmriprep_25_0_wf/sub_GEO061_wf/bold_ses_t3_task_image_run_1_wf/bold_confounds_wf/acc_msk_tfm/mapflow/_acc_msk_tfm1".
250528-06:15:50,436 nipype.workflow INFO:
	 [Node] Cached "_acc_msk_tfm1" - collecting precomputed outputs
250528-06:15:50,436 nipype.workflow INFO:
	 [Node] "_acc_msk_tfm1" found cached.
250528-06:15:50,437 nipype.workflow INFO:
	 [Node] Setting-up "_acc_msk_tfm2" in "/work/fmriprep_25_0_wf/sub_GEO061_wf/bold_ses_t3_task_image_run_1_wf/bold_confounds_wf/acc_msk_tfm/mapflow/_acc_msk_tfm2".
250528-06:15:50,439 nipype.workflow INFO:
	 [Node] Cached "_acc_msk_tfm2" - collecting precomputed outputs
250528-06:15:50,440 nipype.workflow INFO:
	 [Node] "_acc_msk_tfm2" found cached.
250528-06:15:50,445 nipype.workflow INFO:
	 [Node] Executing "dilated_mask" <niworkflows.interfaces.morphology.BinaryDilation>
250528-06:15:50,454 nipype.workflow INFO:
	 [Node] Executing "epi_t1_report" <nireports.interfaces.reporting.base.SimpleBeforeAfterRPT>
250528-06:15:50,455 nipype.interface INFO:
	 Report - setting before (/out/sub-GEO061/ses-t3/func/sub-GEO061_ses-t3_task-image_run-1_desc-coreg_boldref.nii.gz) and after (/work/fmriprep_25_0_wf/sub_GEO061_wf/bold_ses_t3_task_image_run_1_wf/bold_fit_wf/func_fit_reports_wf/t1w_boldref/sub-GEO061_desc-preproc_T1w_trans.nii.gz) images
250528-06:15:50,455 nipype.interface INFO:
	 Generating visual report
250528-06:15:50,479 nipype.workflow INFO:
	 [Node] Finished "dilated_mask", elapsed time 0.032754s.
250528-06:15:52,415 nipype.workflow INFO:
	 [Node] Setting-up "fmriprep_25_0_wf.sub_GEO061_wf.bold_ses_t3_task_image_run_1_wf.bold_confounds_wf.subtract_mask" in "/work/fmriprep_25_0_wf/sub_GEO061_wf/bold_ses_t3_task_image_run_1_wf/bold_confounds_wf/subtract_mask".
250528-06:15:52,491 nipype.workflow INFO:
	 [Node] Executing "subtract_mask" <niworkflows.interfaces.morphology.BinarySubtraction>
250528-06:15:52,523 nipype.workflow INFO:
	 [Node] Finished "subtract_mask", elapsed time 0.031334s.
250528-06:15:54,365 nipype.workflow INFO:
	 [Node] Setting-up "_acc_msk_brain0" in "/work/fmriprep_25_0_wf/sub_GEO061_wf/bold_ses_t3_task_image_run_1_wf/bold_confounds_wf/acc_msk_brain/mapflow/_acc_msk_brain0".
250528-06:15:54,366 nipype.workflow INFO:
	 [Node] Setting-up "_acc_msk_brain2" in "/work/fmriprep_25_0_wf/sub_GEO061_wf/bold_ses_t3_task_image_run_1_wf/bold_confounds_wf/acc_msk_brain/mapflow/_acc_msk_brain2".
250528-06:15:54,366 nipype.workflow INFO:
	 [Node] Setting-up "_acc_msk_brain1" in "/work/fmriprep_25_0_wf/sub_GEO061_wf/bold_ses_t3_task_image_run_1_wf/bold_confounds_wf/acc_msk_brain/mapflow/_acc_msk_brain1".
250528-06:15:54,442 nipype.workflow INFO:
	 [Node] Executing "_acc_msk_brain1" <niworkflows.interfaces.nibabel.ApplyMask>
250528-06:15:54,443 nipype.workflow INFO:
	 [Node] Executing "_acc_msk_brain0" <niworkflows.interfaces.nibabel.ApplyMask>
250528-06:15:54,460 nipype.workflow INFO:
	 [Node] Executing "_acc_msk_brain2" <niworkflows.interfaces.nibabel.ApplyMask>
250528-06:15:54,505 nipype.workflow INFO:
	 [Node] Finished "_acc_msk_brain1", elapsed time 0.061078s.
250528-06:15:54,530 nipype.workflow INFO:
	 [Node] Finished "_acc_msk_brain2", elapsed time 0.068813s.
250528-06:15:54,550 nipype.workflow INFO:
	 [Node] Finished "_acc_msk_brain0", elapsed time 0.105794s.
250528-06:15:56,424 nipype.workflow INFO:
	 [Node] Setting-up "_acc_msk_brain0" in "/work/fmriprep_25_0_wf/sub_GEO061_wf/bold_ses_t3_task_image_run_1_wf/bold_confounds_wf/acc_msk_brain/mapflow/_acc_msk_brain0".
250528-06:15:56,426 nipype.workflow INFO:
	 [Node] Cached "_acc_msk_brain0" - collecting precomputed outputs
250528-06:15:56,426 nipype.workflow INFO:
	 [Node] "_acc_msk_brain0" found cached.
250528-06:15:56,427 nipype.workflow INFO:
	 [Node] Setting-up "_acc_msk_brain1" in "/work/fmriprep_25_0_wf/sub_GEO061_wf/bold_ses_t3_task_image_run_1_wf/bold_confounds_wf/acc_msk_brain/mapflow/_acc_msk_brain1".
250528-06:15:56,429 nipype.workflow INFO:
	 [Node] Cached "_acc_msk_brain1" - collecting precomputed outputs
250528-06:15:56,429 nipype.workflow INFO:
	 [Node] "_acc_msk_brain1" found cached.
250528-06:15:56,430 nipype.workflow INFO:
	 [Node] Setting-up "_acc_msk_brain2" in "/work/fmriprep_25_0_wf/sub_GEO061_wf/bold_ses_t3_task_image_run_1_wf/bold_confounds_wf/acc_msk_brain/mapflow/_acc_msk_brain2".
250528-06:15:56,432 nipype.workflow INFO:
	 [Node] Cached "_acc_msk_brain2" - collecting precomputed outputs
250528-06:15:56,432 nipype.workflow INFO:
	 [Node] "_acc_msk_brain2" found cached.
250528-06:16:00,358 nipype.workflow INFO:
	 [Node] Setting-up "_acc_msk_bin0" in "/work/fmriprep_25_0_wf/sub_GEO061_wf/bold_ses_t3_task_image_run_1_wf/bold_confounds_wf/acc_msk_bin/mapflow/_acc_msk_bin0".
250528-06:16:00,358 nipype.workflow INFO:
	 [Node] Setting-up "_acc_msk_bin1" in "/work/fmriprep_25_0_wf/sub_GEO061_wf/bold_ses_t3_task_image_run_1_wf/bold_confounds_wf/acc_msk_bin/mapflow/_acc_msk_bin1".
250528-06:16:00,359 nipype.workflow INFO:
	 [Node] Setting-up "_acc_msk_bin2" in "/work/fmriprep_25_0_wf/sub_GEO061_wf/bold_ses_t3_task_image_run_1_wf/bold_confounds_wf/acc_msk_bin/mapflow/_acc_msk_bin2".
250528-06:16:00,433 nipype.workflow INFO:
	 [Node] Executing "_acc_msk_bin0" <niworkflows.interfaces.nibabel.Binarize>
250528-06:16:00,442 nipype.workflow INFO:
	 [Node] Executing "_acc_msk_bin1" <niworkflows.interfaces.nibabel.Binarize>
250528-06:16:00,449 nipype.workflow INFO:
	 [Node] Executing "_acc_msk_bin2" <niworkflows.interfaces.nibabel.Binarize>
250528-06:16:00,451 nipype.workflow INFO:
	 [Node] Finished "bbregister", elapsed time 27.980563s.
250528-06:16:00,497 nipype.workflow INFO:
	 [Node] Finished "_acc_msk_bin1", elapsed time 0.054036s.
250528-06:16:00,500 nipype.workflow INFO:
	 [Node] Finished "_acc_msk_bin0", elapsed time 0.065884s.
250528-06:16:00,503 nipype.workflow INFO:
	 [Node] Finished "_acc_msk_bin2", elapsed time 0.053178s.
250528-06:16:02,380 nipype.workflow INFO:
	 [Node] Setting-up "fmriprep_25_0_wf.sub_GEO061_wf.bold_ses_t3_task_image_run_3_wf.bold_fit_wf.bold_reg_wf.bbreg_wf.bbregister" in "/work/fmriprep_25_0_wf/sub_GEO061_wf/bold_ses_t3_task_image_run_3_wf/bold_fit_wf/bold_reg_wf/bbreg_wf/bbregister".
250528-06:16:02,507 nipype.workflow INFO:
	 [Node] Executing "bbregister" <nipype.interfaces.freesurfer.preprocess.BBRegister>
250528-06:16:02,941 nipype.workflow INFO:
	 [Node] Setting-up "_acc_msk_bin0" in "/work/fmriprep_25_0_wf/sub_GEO061_wf/bold_ses_t3_task_image_run_1_wf/bold_confounds_wf/acc_msk_bin/mapflow/_acc_msk_bin0".
250528-06:16:02,945 nipype.workflow INFO:
	 [Node] Cached "_acc_msk_bin0" - collecting precomputed outputs
250528-06:16:02,945 nipype.workflow INFO:
	 [Node] "_acc_msk_bin0" found cached.
250528-06:16:02,946 nipype.workflow INFO:
	 [Node] Setting-up "_acc_msk_bin1" in "/work/fmriprep_25_0_wf/sub_GEO061_wf/bold_ses_t3_task_image_run_1_wf/bold_confounds_wf/acc_msk_bin/mapflow/_acc_msk_bin1".
250528-06:16:02,949 nipype.workflow INFO:
	 [Node] Cached "_acc_msk_bin1" - collecting precomputed outputs
250528-06:16:02,949 nipype.workflow INFO:
	 [Node] "_acc_msk_bin1" found cached.
250528-06:16:02,950 nipype.workflow INFO:
	 [Node] Setting-up "_acc_msk_bin2" in "/work/fmriprep_25_0_wf/sub_GEO061_wf/bold_ses_t3_task_image_run_1_wf/bold_confounds_wf/acc_msk_bin/mapflow/_acc_msk_bin2".
250528-06:16:02,953 nipype.workflow INFO:
	 [Node] Cached "_acc_msk_bin2" - collecting precomputed outputs
250528-06:16:02,953 nipype.workflow INFO:
	 [Node] "_acc_msk_bin2" found cached.
250528-06:16:04,374 nipype.workflow INFO:
	 [Node] Setting-up "fmriprep_25_0_wf.sub_GEO061_wf.bold_ses_t3_task_image_run_2_wf.bold_fit_wf.bold_reg_wf.bbreg_wf.compare_transforms" in "/work/fmriprep_25_0_wf/sub_GEO061_wf/bold_ses_t3_task_image_run_2_wf/bold_fit_wf/bold_reg_wf/bbreg_wf/compare_transforms".
250528-06:16:04,443 nipype.workflow INFO:
	 [Node] Executing "compare_transforms" <nipype.interfaces.utility.wrappers.Function>
250528-06:16:04,454 nipype.workflow INFO:
	 [Node] Finished "compare_transforms", elapsed time 0.009561s.
250528-06:16:07,682 nipype.workflow INFO:
	 [Node] Finished "epi_t1_report", elapsed time 17.227419s.
250528-06:16:09,366 nipype.workflow INFO:
	 [Node] Setting-up "fmriprep_25_0_wf.sub_GEO061_wf.bold_ses_t3_task_image_run_1_wf.bold_fit_wf.func_fit_reports_wf.ds_epi_t1_report" in "/work/fmriprep_25_0_wf/sub_GEO061_wf/bold_ses_t3_task_image_run_1_wf/bold_fit_wf/func_fit_reports_wf/ds_epi_t1_report".
250528-06:16:09,455 nipype.workflow INFO:
	 [Node] Executing "ds_epi_t1_report" <fmriprep.interfaces.DerivativesDataSink>
250528-06:16:09,504 nipype.workflow INFO:
	 [Node] Finished "ds_epi_t1_report", elapsed time 0.047625s.
250528-06:16:10,325 nipype.workflow INFO:
	 [Node] Setting-up "fmriprep_25_0_wf.sub_GEO061_wf.bold_ses_t3_task_image_run_2_wf.bold_fit_wf.bold_reg_wf.bbreg_wf.concat_xfm" in "/work/fmriprep_25_0_wf/sub_GEO061_wf/bold_ses_t3_task_image_run_2_wf/bold_fit_wf/bold_reg_wf/bbreg_wf/concat_xfm".
250528-06:16:10,401 nipype.workflow INFO:
	 [Node] Executing "concat_xfm" <niworkflows.interfaces.nitransforms.ConcatenateXFMs>
250528-06:16:10,426 nipype.workflow INFO:
	 [Node] Finished "concat_xfm", elapsed time 0.025009s.
250528-06:16:14,266 nipype.workflow INFO:
	 [Node] Setting-up "fmriprep_25_0_wf.sub_GEO061_wf.bold_ses_t3_task_image_run_2_wf.bold_fit_wf.func_fit_reports_wf.t1w_boldref" in "/work/fmriprep_25_0_wf/sub_GEO061_wf/bold_ses_t3_task_image_run_2_wf/bold_fit_wf/func_fit_reports_wf/t1w_boldref".
250528-06:16:14,344 nipype.workflow INFO:
	 [Node] Executing "t1w_boldref" <niworkflows.interfaces.fixes.FixHeaderApplyTransforms>
250528-06:16:14,678 nipype.workflow INFO:
	 [Node] Setting-up "fmriprep_25_0_wf.sub_GEO061_wf.bold_ses_t3_task_image_run_2_wf.bold_confounds_wf.t1w_mask_tfm" in "/work/fmriprep_25_0_wf/sub_GEO061_wf/bold_ses_t3_task_image_run_2_wf/bold_confounds_wf/t1w_mask_tfm".
250528-06:16:14,788 nipype.workflow INFO:
	 [Node] Executing "t1w_mask_tfm" <niworkflows.interfaces.fixes.FixHeaderApplyTransforms>
250528-06:16:15,924 nipype.workflow INFO:
	 [Node] Finished "t1w_boldref", elapsed time 1.5794730000000001s.
250528-06:16:16,344 nipype.workflow INFO:
	 [Node] Setting-up "fmriprep_25_0_wf.sub_GEO061_wf.bold_ses_t3_task_image_run_2_wf.bold_fit_wf.func_fit_reports_wf.boldref_wm" in "/work/fmriprep_25_0_wf/sub_GEO061_wf/bold_ses_t3_task_image_run_2_wf/bold_fit_wf/func_fit_reports_wf/boldref_wm".
250528-06:16:16,421 nipype.workflow INFO:
	 [Node] Executing "boldref_wm" <niworkflows.interfaces.fixes.FixHeaderApplyTransforms>
250528-06:16:16,846 nipype.workflow INFO:
	 [Node] Setting-up "_acc_msk_tfm0" in "/work/fmriprep_25_0_wf/sub_GEO061_wf/bold_ses_t3_task_image_run_2_wf/bold_confounds_wf/acc_msk_tfm/mapflow/_acc_msk_tfm0".
250528-06:16:16,846 nipype.workflow INFO:
	 [Node] Setting-up "_acc_msk_tfm1" in "/work/fmriprep_25_0_wf/sub_GEO061_wf/bold_ses_t3_task_image_run_2_wf/bold_confounds_wf/acc_msk_tfm/mapflow/_acc_msk_tfm1".
250528-06:16:16,847 nipype.workflow INFO:
	 [Node] Setting-up "_acc_msk_tfm2" in "/work/fmriprep_25_0_wf/sub_GEO061_wf/bold_ses_t3_task_image_run_2_wf/bold_confounds_wf/acc_msk_tfm/mapflow/_acc_msk_tfm2".
250528-06:16:16,893 nipype.workflow INFO:
	 [Node] Finished "boldref_wm", elapsed time 0.471384s.
250528-06:16:16,922 nipype.workflow INFO:
	 [Node] Executing "_acc_msk_tfm0" <niworkflows.interfaces.fixes.FixHeaderApplyTransforms>
250528-06:16:16,926 nipype.workflow INFO:
	 [Node] Executing "_acc_msk_tfm2" <niworkflows.interfaces.fixes.FixHeaderApplyTransforms>
250528-06:16:16,936 nipype.workflow INFO:
	 [Node] Executing "_acc_msk_tfm1" <niworkflows.interfaces.fixes.FixHeaderApplyTransforms>
250528-06:16:16,958 nipype.workflow INFO:
	 [Node] Finished "t1w_mask_tfm", elapsed time 2.168327s.
250528-06:16:17,800 nipype.workflow INFO:
	 [Node] Finished "_acc_msk_tfm2", elapsed time 0.87248s.
250528-06:16:17,812 nipype.workflow INFO:
	 [Node] Finished "_acc_msk_tfm0", elapsed time 0.889505s.
250528-06:16:17,822 nipype.workflow INFO:
	 [Node] Finished "_acc_msk_tfm1", elapsed time 0.885369s.
250528-06:16:18,352 nipype.workflow INFO:
	 [Node] Setting-up "fmriprep_25_0_wf.sub_GEO061_wf.bold_ses_t3_task_image_run_2_wf.bold_confounds_wf.union_mask" in "/work/fmriprep_25_0_wf/sub_GEO061_wf/bold_ses_t3_task_image_run_2_wf/bold_confounds_wf/union_mask".
250528-06:16:18,408 nipype.workflow INFO:
	 [Node] Setting-up "_acc_msk_tfm0" in "/work/fmriprep_25_0_wf/sub_GEO061_wf/bold_ses_t3_task_image_run_2_wf/bold_confounds_wf/acc_msk_tfm/mapflow/_acc_msk_tfm0".
250528-06:16:18,410 nipype.workflow INFO:
	 [Node] Cached "_acc_msk_tfm0" - collecting precomputed outputs
250528-06:16:18,411 nipype.workflow INFO:
	 [Node] "_acc_msk_tfm0" found cached.
250528-06:16:18,411 nipype.workflow INFO:
	 [Node] Setting-up "_acc_msk_tfm1" in "/work/fmriprep_25_0_wf/sub_GEO061_wf/bold_ses_t3_task_image_run_2_wf/bold_confounds_wf/acc_msk_tfm/mapflow/_acc_msk_tfm1".
250528-06:16:18,414 nipype.workflow INFO:
	 [Node] Cached "_acc_msk_tfm1" - collecting precomputed outputs
250528-06:16:18,414 nipype.workflow INFO:
	 [Node] "_acc_msk_tfm1" found cached.
250528-06:16:18,414 nipype.workflow INFO:
	 [Node] Setting-up "_acc_msk_tfm2" in "/work/fmriprep_25_0_wf/sub_GEO061_wf/bold_ses_t3_task_image_run_2_wf/bold_confounds_wf/acc_msk_tfm/mapflow/_acc_msk_tfm2".
250528-06:16:18,417 nipype.workflow INFO:
	 [Node] Cached "_acc_msk_tfm2" - collecting precomputed outputs
250528-06:16:18,417 nipype.workflow INFO:
	 [Node] "_acc_msk_tfm2" found cached.
250528-06:16:18,446 nipype.workflow INFO:
	 [Node] Executing "union_mask" <nipype.interfaces.utility.wrappers.Function>
250528-06:16:18,482 nipype.workflow INFO:
	 [Node] Finished "union_mask", elapsed time 0.034906s.
250528-06:16:18,615 nipype.workflow INFO:
	 [Node] Setting-up "fmriprep_25_0_wf.sub_GEO061_wf.bold_ses_t3_task_image_run_2_wf.bold_fit_wf.func_fit_reports_wf.epi_t1_report" in "/work/fmriprep_25_0_wf/sub_GEO061_wf/bold_ses_t3_task_image_run_2_wf/bold_fit_wf/func_fit_reports_wf/epi_t1_report".
250528-06:16:18,698 nipype.workflow INFO:
	 [Node] Executing "epi_t1_report" <nireports.interfaces.reporting.base.SimpleBeforeAfterRPT>
250528-06:16:18,699 nipype.interface INFO:
	 Report - setting before (/out/sub-GEO061/ses-t3/func/sub-GEO061_ses-t3_task-image_run-2_desc-coreg_boldref.nii.gz) and after (/work/fmriprep_25_0_wf/sub_GEO061_wf/bold_ses_t3_task_image_run_2_wf/bold_fit_wf/func_fit_reports_wf/t1w_boldref/sub-GEO061_desc-preproc_T1w_trans.nii.gz) images
250528-06:16:18,699 nipype.interface INFO:
	 Generating visual report
250528-06:16:20,412 nipype.workflow INFO:
	 [Node] Setting-up "fmriprep_25_0_wf.sub_GEO061_wf.bold_ses_t3_task_image_run_2_wf.bold_confounds_wf.dilated_mask" in "/work/fmriprep_25_0_wf/sub_GEO061_wf/bold_ses_t3_task_image_run_2_wf/bold_confounds_wf/dilated_mask".
250528-06:16:20,488 nipype.workflow INFO:
	 [Node] Executing "dilated_mask" <niworkflows.interfaces.morphology.BinaryDilation>
250528-06:16:20,658 nipype.workflow INFO:
	 [Node] Finished "dilated_mask", elapsed time 0.168913s.
250528-06:16:22,276 nipype.workflow INFO:
	 [Node] Setting-up "fmriprep_25_0_wf.sub_GEO061_wf.bold_ses_t3_task_image_run_2_wf.bold_confounds_wf.subtract_mask" in "/work/fmriprep_25_0_wf/sub_GEO061_wf/bold_ses_t3_task_image_run_2_wf/bold_confounds_wf/subtract_mask".
250528-06:16:22,276 nipype.workflow INFO:
	 [Node] Setting-up "_acc_msk_brain0" in "/work/fmriprep_25_0_wf/sub_GEO061_wf/bold_ses_t3_task_image_run_2_wf/bold_confounds_wf/acc_msk_brain/mapflow/_acc_msk_brain0".
250528-06:16:22,276 nipype.workflow INFO:
	 [Node] Setting-up "_acc_msk_brain1" in "/work/fmriprep_25_0_wf/sub_GEO061_wf/bold_ses_t3_task_image_run_2_wf/bold_confounds_wf/acc_msk_brain/mapflow/_acc_msk_brain1".
250528-06:16:22,277 nipype.workflow INFO:
	 [Node] Setting-up "_acc_msk_brain2" in "/work/fmriprep_25_0_wf/sub_GEO061_wf/bold_ses_t3_task_image_run_2_wf/bold_confounds_wf/acc_msk_brain/mapflow/_acc_msk_brain2".
250528-06:16:22,357 nipype.workflow INFO:
	 [Node] Executing "subtract_mask" <niworkflows.interfaces.morphology.BinarySubtraction>
250528-06:16:22,367 nipype.workflow INFO:
	 [Node] Executing "_acc_msk_brain2" <niworkflows.interfaces.nibabel.ApplyMask>
250528-06:16:22,368 nipype.workflow INFO:
	 [Node] Executing "_acc_msk_brain0" <niworkflows.interfaces.nibabel.ApplyMask>
250528-06:16:22,379 nipype.workflow INFO:
	 [Node] Executing "_acc_msk_brain1" <niworkflows.interfaces.nibabel.ApplyMask>
250528-06:16:22,388 nipype.workflow INFO:
	 [Node] Finished "subtract_mask", elapsed time 0.029983s.
250528-06:16:22,613 nipype.workflow INFO:
	 [Node] Finished "_acc_msk_brain1", elapsed time 0.231275s.
250528-06:16:22,620 nipype.workflow INFO:
	 [Node] Finished "_acc_msk_brain2", elapsed time 0.252229s.
250528-06:16:22,625 nipype.workflow INFO:
	 [Node] Finished "_acc_msk_brain0", elapsed time 0.256475s.
250528-06:16:24,469 nipype.workflow INFO:
	 [Node] Setting-up "_acc_msk_brain0" in "/work/fmriprep_25_0_wf/sub_GEO061_wf/bold_ses_t3_task_image_run_2_wf/bold_confounds_wf/acc_msk_brain/mapflow/_acc_msk_brain0".
250528-06:16:24,472 nipype.workflow INFO:
	 [Node] Cached "_acc_msk_brain0" - collecting precomputed outputs
250528-06:16:24,472 nipype.workflow INFO:
	 [Node] "_acc_msk_brain0" found cached.
250528-06:16:24,473 nipype.workflow INFO:
	 [Node] Setting-up "_acc_msk_brain1" in "/work/fmriprep_25_0_wf/sub_GEO061_wf/bold_ses_t3_task_image_run_2_wf/bold_confounds_wf/acc_msk_brain/mapflow/_acc_msk_brain1".
250528-06:16:24,475 nipype.workflow INFO:
	 [Node] Cached "_acc_msk_brain1" - collecting precomputed outputs
250528-06:16:24,475 nipype.workflow INFO:
	 [Node] "_acc_msk_brain1" found cached.
250528-06:16:24,475 nipype.workflow INFO:
	 [Node] Setting-up "_acc_msk_brain2" in "/work/fmriprep_25_0_wf/sub_GEO061_wf/bold_ses_t3_task_image_run_2_wf/bold_confounds_wf/acc_msk_brain/mapflow/_acc_msk_brain2".
250528-06:16:24,478 nipype.workflow INFO:
	 [Node] Cached "_acc_msk_brain2" - collecting precomputed outputs
250528-06:16:24,478 nipype.workflow INFO:
	 [Node] "_acc_msk_brain2" found cached.
250528-06:16:28,361 nipype.workflow INFO:
	 [Node] Setting-up "_acc_msk_bin0" in "/work/fmriprep_25_0_wf/sub_GEO061_wf/bold_ses_t3_task_image_run_2_wf/bold_confounds_wf/acc_msk_bin/mapflow/_acc_msk_bin0".
250528-06:16:28,361 nipype.workflow INFO:
	 [Node] Setting-up "_acc_msk_bin1" in "/work/fmriprep_25_0_wf/sub_GEO061_wf/bold_ses_t3_task_image_run_2_wf/bold_confounds_wf/acc_msk_bin/mapflow/_acc_msk_bin1".
250528-06:16:28,362 nipype.workflow INFO:
	 [Node] Setting-up "_acc_msk_bin2" in "/work/fmriprep_25_0_wf/sub_GEO061_wf/bold_ses_t3_task_image_run_2_wf/bold_confounds_wf/acc_msk_bin/mapflow/_acc_msk_bin2".
250528-06:16:28,464 nipype.workflow INFO:
	 [Node] Executing "_acc_msk_bin0" <niworkflows.interfaces.nibabel.Binarize>
250528-06:16:28,471 nipype.workflow INFO:
	 [Node] Executing "_acc_msk_bin2" <niworkflows.interfaces.nibabel.Binarize>
250528-06:16:28,471 nipype.workflow INFO:
	 [Node] Executing "_acc_msk_bin1" <niworkflows.interfaces.nibabel.Binarize>
250528-06:16:28,606 nipype.workflow INFO:
	 [Node] Finished "_acc_msk_bin1", elapsed time 0.133536s.
250528-06:16:28,623 nipype.workflow INFO:
	 [Node] Finished "_acc_msk_bin0", elapsed time 0.157741s.
250528-06:16:28,624 nipype.workflow INFO:
	 [Node] Finished "_acc_msk_bin2", elapsed time 0.151628s.
250528-06:16:30,421 nipype.workflow INFO:
	 [Node] Setting-up "_acc_msk_bin0" in "/work/fmriprep_25_0_wf/sub_GEO061_wf/bold_ses_t3_task_image_run_2_wf/bold_confounds_wf/acc_msk_bin/mapflow/_acc_msk_bin0".
250528-06:16:30,424 nipype.workflow INFO:
	 [Node] Cached "_acc_msk_bin0" - collecting precomputed outputs
250528-06:16:30,424 nipype.workflow INFO:
	 [Node] "_acc_msk_bin0" found cached.
250528-06:16:30,424 nipype.workflow INFO:
	 [Node] Setting-up "_acc_msk_bin1" in "/work/fmriprep_25_0_wf/sub_GEO061_wf/bold_ses_t3_task_image_run_2_wf/bold_confounds_wf/acc_msk_bin/mapflow/_acc_msk_bin1".
250528-06:16:30,427 nipype.workflow INFO:
	 [Node] Cached "_acc_msk_bin1" - collecting precomputed outputs
250528-06:16:30,427 nipype.workflow INFO:
	 [Node] "_acc_msk_bin1" found cached.
250528-06:16:30,427 nipype.workflow INFO:
	 [Node] Setting-up "_acc_msk_bin2" in "/work/fmriprep_25_0_wf/sub_GEO061_wf/bold_ses_t3_task_image_run_2_wf/bold_confounds_wf/acc_msk_bin/mapflow/_acc_msk_bin2".
250528-06:16:30,430 nipype.workflow INFO:
	 [Node] Cached "_acc_msk_bin2" - collecting precomputed outputs
250528-06:16:30,430 nipype.workflow INFO:
	 [Node] "_acc_msk_bin2" found cached.
250528-06:16:32,93 nipype.workflow INFO:
	 [Node] Finished "bbregister", elapsed time 29.585023s.
250528-06:16:34,369 nipype.workflow INFO:
	 [Node] Setting-up "fmriprep_25_0_wf.sub_GEO061_wf.bold_ses_t3_task_image_run_4_wf.bold_fit_wf.bold_reg_wf.bbreg_wf.bbregister" in "/work/fmriprep_25_0_wf/sub_GEO061_wf/bold_ses_t3_task_image_run_4_wf/bold_fit_wf/bold_reg_wf/bbreg_wf/bbregister".
250528-06:16:34,466 nipype.workflow INFO:
	 [Node] Executing "bbregister" <nipype.interfaces.freesurfer.preprocess.BBRegister>
250528-06:16:35,763 nipype.workflow INFO:
	 [Node] Finished "epi_t1_report", elapsed time 17.063924s.
250528-06:16:36,363 nipype.workflow INFO:
	 [Node] Setting-up "fmriprep_25_0_wf.sub_GEO061_wf.bold_ses_t3_task_image_run_3_wf.bold_fit_wf.bold_reg_wf.bbreg_wf.compare_transforms" in "/work/fmriprep_25_0_wf/sub_GEO061_wf/bold_ses_t3_task_image_run_3_wf/bold_fit_wf/bold_reg_wf/bbreg_wf/compare_transforms".
250528-06:16:36,366 nipype.workflow INFO:
	 [Node] Setting-up "fmriprep_25_0_wf.sub_GEO061_wf.bold_ses_t3_task_image_run_2_wf.bold_fit_wf.func_fit_reports_wf.ds_epi_t1_report" in "/work/fmriprep_25_0_wf/sub_GEO061_wf/bold_ses_t3_task_image_run_2_wf/bold_fit_wf/func_fit_reports_wf/ds_epi_t1_report".
250528-06:16:36,447 nipype.workflow INFO:
	 [Node] Executing "compare_transforms" <nipype.interfaces.utility.wrappers.Function>
250528-06:16:36,452 nipype.workflow INFO:
	 [Node] Executing "ds_epi_t1_report" <fmriprep.interfaces.DerivativesDataSink>
250528-06:16:36,457 nipype.workflow INFO:
	 [Node] Finished "compare_transforms", elapsed time 0.008801s.
250528-06:16:36,501 nipype.workflow INFO:
	 [Node] Finished "ds_epi_t1_report", elapsed time 0.048492s.
250528-06:16:42,330 nipype.workflow INFO:
	 [Node] Setting-up "fmriprep_25_0_wf.sub_GEO061_wf.bold_ses_t3_task_image_run_3_wf.bold_fit_wf.bold_reg_wf.bbreg_wf.concat_xfm" in "/work/fmriprep_25_0_wf/sub_GEO061_wf/bold_ses_t3_task_image_run_3_wf/bold_fit_wf/bold_reg_wf/bbreg_wf/concat_xfm".
250528-06:16:42,405 nipype.workflow INFO:
	 [Node] Executing "concat_xfm" <niworkflows.interfaces.nitransforms.ConcatenateXFMs>
250528-06:16:42,432 nipype.workflow INFO:
	 [Node] Finished "concat_xfm", elapsed time 0.02589s.
250528-06:16:46,366 nipype.workflow INFO:
	 [Node] Setting-up "fmriprep_25_0_wf.sub_GEO061_wf.bold_ses_t3_task_image_run_3_wf.bold_fit_wf.func_fit_reports_wf.t1w_boldref" in "/work/fmriprep_25_0_wf/sub_GEO061_wf/bold_ses_t3_task_image_run_3_wf/bold_fit_wf/func_fit_reports_wf/t1w_boldref".
250528-06:16:46,438 nipype.workflow INFO:
	 [Node] Executing "t1w_boldref" <niworkflows.interfaces.fixes.FixHeaderApplyTransforms>
250528-06:16:46,856 nipype.workflow INFO:
	 [Node] Setting-up "fmriprep_25_0_wf.sub_GEO061_wf.bold_ses_t3_task_image_run_3_wf.bold_confounds_wf.t1w_mask_tfm" in "/work/fmriprep_25_0_wf/sub_GEO061_wf/bold_ses_t3_task_image_run_3_wf/bold_confounds_wf/t1w_mask_tfm".
250528-06:16:46,950 nipype.workflow INFO:
	 [Node] Executing "t1w_mask_tfm" <niworkflows.interfaces.fixes.FixHeaderApplyTransforms>
250528-06:16:48,57 nipype.workflow INFO:
	 [Node] Finished "t1w_boldref", elapsed time 1.6169639999999998s.
250528-06:16:48,869 nipype.workflow INFO:
	 [Node] Setting-up "_acc_msk_tfm0" in "/work/fmriprep_25_0_wf/sub_GEO061_wf/bold_ses_t3_task_image_run_3_wf/bold_confounds_wf/acc_msk_tfm/mapflow/_acc_msk_tfm0".
250528-06:16:48,871 nipype.workflow INFO:
	 [Node] Setting-up "_acc_msk_tfm1" in "/work/fmriprep_25_0_wf/sub_GEO061_wf/bold_ses_t3_task_image_run_3_wf/bold_confounds_wf/acc_msk_tfm/mapflow/_acc_msk_tfm1".
250528-06:16:48,872 nipype.workflow INFO:
	 [Node] Setting-up "_acc_msk_tfm2" in "/work/fmriprep_25_0_wf/sub_GEO061_wf/bold_ses_t3_task_image_run_3_wf/bold_confounds_wf/acc_msk_tfm/mapflow/_acc_msk_tfm2".
250528-06:16:48,962 nipype.workflow INFO:
	 [Node] Executing "_acc_msk_tfm0" <niworkflows.interfaces.fixes.FixHeaderApplyTransforms>
250528-06:16:48,974 nipype.workflow INFO:
	 [Node] Executing "_acc_msk_tfm1" <niworkflows.interfaces.fixes.FixHeaderApplyTransforms>
250528-06:16:48,990 nipype.workflow INFO:
	 [Node] Executing "_acc_msk_tfm2" <niworkflows.interfaces.fixes.FixHeaderApplyTransforms>
250528-06:16:49,284 nipype.workflow INFO:
	 [Node] Finished "t1w_mask_tfm", elapsed time 2.332471s.
250528-06:16:49,865 nipype.workflow INFO:
	 [Node] Finished "_acc_msk_tfm2", elapsed time 0.874675s.
250528-06:16:49,935 nipype.workflow INFO:
	 [Node] Finished "_acc_msk_tfm1", elapsed time 0.960693s.
250528-06:16:49,943 nipype.workflow INFO:
	 [Node] Finished "_acc_msk_tfm0", elapsed time 0.979598s.
250528-06:16:50,282 nipype.workflow INFO:
	 [Node] Setting-up "fmriprep_25_0_wf.sub_GEO061_wf.bold_ses_t3_task_image_run_3_wf.bold_fit_wf.func_fit_reports_wf.boldref_wm" in "/work/fmriprep_25_0_wf/sub_GEO061_wf/bold_ses_t3_task_image_run_3_wf/bold_fit_wf/func_fit_reports_wf/boldref_wm".
250528-06:16:50,284 nipype.workflow INFO:
	 [Node] Setting-up "fmriprep_25_0_wf.sub_GEO061_wf.bold_ses_t3_task_image_run_3_wf.bold_confounds_wf.union_mask" in "/work/fmriprep_25_0_wf/sub_GEO061_wf/bold_ses_t3_task_image_run_3_wf/bold_confounds_wf/union_mask".
250528-06:16:50,346 nipype.workflow INFO:
	 [Node] Setting-up "_acc_msk_tfm0" in "/work/fmriprep_25_0_wf/sub_GEO061_wf/bold_ses_t3_task_image_run_3_wf/bold_confounds_wf/acc_msk_tfm/mapflow/_acc_msk_tfm0".
250528-06:16:50,348 nipype.workflow INFO:
	 [Node] Cached "_acc_msk_tfm0" - collecting precomputed outputs
250528-06:16:50,349 nipype.workflow INFO:
	 [Node] "_acc_msk_tfm0" found cached.
250528-06:16:50,350 nipype.workflow INFO:
	 [Node] Setting-up "_acc_msk_tfm1" in "/work/fmriprep_25_0_wf/sub_GEO061_wf/bold_ses_t3_task_image_run_3_wf/bold_confounds_wf/acc_msk_tfm/mapflow/_acc_msk_tfm1".
250528-06:16:50,353 nipype.workflow INFO:
	 [Node] Cached "_acc_msk_tfm1" - collecting precomputed outputs
250528-06:16:50,353 nipype.workflow INFO:
	 [Node] "_acc_msk_tfm1" found cached.
250528-06:16:50,353 nipype.workflow INFO:
	 [Node] Setting-up "_acc_msk_tfm2" in "/work/fmriprep_25_0_wf/sub_GEO061_wf/bold_ses_t3_task_image_run_3_wf/bold_confounds_wf/acc_msk_tfm/mapflow/_acc_msk_tfm2".
250528-06:16:50,357 nipype.workflow INFO:
	 [Node] Cached "_acc_msk_tfm2" - collecting precomputed outputs
250528-06:16:50,357 nipype.workflow INFO:
	 [Node] "_acc_msk_tfm2" found cached.
250528-06:16:50,364 nipype.workflow INFO:
	 [Node] Executing "union_mask" <nipype.interfaces.utility.wrappers.Function>
250528-06:16:50,383 nipype.workflow INFO:
	 [Node] Executing "boldref_wm" <niworkflows.interfaces.fixes.FixHeaderApplyTransforms>
250528-06:16:50,404 nipype.workflow INFO:
	 [Node] Finished "union_mask", elapsed time 0.039011s.
250528-06:16:50,879 nipype.workflow INFO:
	 [Node] Finished "boldref_wm", elapsed time 0.494796s.
250528-06:16:52,366 nipype.workflow INFO:
	 [Node] Setting-up "fmriprep_25_0_wf.sub_GEO061_wf.bold_ses_t3_task_image_run_3_wf.bold_fit_wf.func_fit_reports_wf.epi_t1_report" in "/work/fmriprep_25_0_wf/sub_GEO061_wf/bold_ses_t3_task_image_run_3_wf/bold_fit_wf/func_fit_reports_wf/epi_t1_report".
250528-06:16:52,413 nipype.workflow INFO:
	 [Node] Setting-up "fmriprep_25_0_wf.sub_GEO061_wf.bold_ses_t3_task_image_run_3_wf.bold_confounds_wf.dilated_mask" in "/work/fmriprep_25_0_wf/sub_GEO061_wf/bold_ses_t3_task_image_run_3_wf/bold_confounds_wf/dilated_mask".
250528-06:16:52,446 nipype.workflow INFO:
	 [Node] Executing "epi_t1_report" <nireports.interfaces.reporting.base.SimpleBeforeAfterRPT>
250528-06:16:52,447 nipype.interface INFO:
	 Report - setting before (/out/sub-GEO061/ses-t3/func/sub-GEO061_ses-t3_task-image_run-3_desc-coreg_boldref.nii.gz) and after (/work/fmriprep_25_0_wf/sub_GEO061_wf/bold_ses_t3_task_image_run_3_wf/bold_fit_wf/func_fit_reports_wf/t1w_boldref/sub-GEO061_desc-preproc_T1w_trans.nii.gz) images
250528-06:16:52,447 nipype.interface INFO:
	 Generating visual report
250528-06:16:52,483 nipype.workflow INFO:
	 [Node] Executing "dilated_mask" <niworkflows.interfaces.morphology.BinaryDilation>
250528-06:16:52,530 nipype.workflow INFO:
	 [Node] Finished "dilated_mask", elapsed time 0.04553s.
250528-06:16:54,372 nipype.workflow INFO:
	 [Node] Setting-up "fmriprep_25_0_wf.sub_GEO061_wf.bold_ses_t3_task_image_run_3_wf.bold_confounds_wf.subtract_mask" in "/work/fmriprep_25_0_wf/sub_GEO061_wf/bold_ses_t3_task_image_run_3_wf/bold_confounds_wf/subtract_mask".
250528-06:16:54,374 nipype.workflow INFO:
	 [Node] Setting-up "_acc_msk_brain0" in "/work/fmriprep_25_0_wf/sub_GEO061_wf/bold_ses_t3_task_image_run_3_wf/bold_confounds_wf/acc_msk_brain/mapflow/_acc_msk_brain0".
250528-06:16:54,375 nipype.workflow INFO:
	 [Node] Setting-up "_acc_msk_brain2" in "/work/fmriprep_25_0_wf/sub_GEO061_wf/bold_ses_t3_task_image_run_3_wf/bold_confounds_wf/acc_msk_brain/mapflow/_acc_msk_brain2".
250528-06:16:54,375 nipype.workflow INFO:
	 [Node] Setting-up "_acc_msk_brain1" in "/work/fmriprep_25_0_wf/sub_GEO061_wf/bold_ses_t3_task_image_run_3_wf/bold_confounds_wf/acc_msk_brain/mapflow/_acc_msk_brain1".
250528-06:16:54,461 nipype.workflow INFO:
	 [Node] Executing "subtract_mask" <niworkflows.interfaces.morphology.BinarySubtraction>
250528-06:16:54,468 nipype.workflow INFO:
	 [Node] Executing "_acc_msk_brain0" <niworkflows.interfaces.nibabel.ApplyMask>
250528-06:16:54,468 nipype.workflow INFO:
	 [Node] Executing "_acc_msk_brain2" <niworkflows.interfaces.nibabel.ApplyMask>
250528-06:16:54,483 nipype.workflow INFO:
	 [Node] Executing "_acc_msk_brain1" <niworkflows.interfaces.nibabel.ApplyMask>
250528-06:16:54,495 nipype.workflow INFO:
	 [Node] Finished "subtract_mask", elapsed time 0.032444s.
250528-06:16:54,534 nipype.workflow INFO:
	 [Node] Finished "_acc_msk_brain2", elapsed time 0.065102s.
250528-06:16:54,563 nipype.workflow INFO:
	 [Node] Finished "_acc_msk_brain0", elapsed time 0.094372s.
250528-06:16:54,585 nipype.workflow INFO:
	 [Node] Finished "_acc_msk_brain1", elapsed time 0.100761s.
250528-06:16:56,421 nipype.workflow INFO:
	 [Node] Setting-up "_acc_msk_brain0" in "/work/fmriprep_25_0_wf/sub_GEO061_wf/bold_ses_t3_task_image_run_3_wf/bold_confounds_wf/acc_msk_brain/mapflow/_acc_msk_brain0".
250528-06:16:56,424 nipype.workflow INFO:
	 [Node] Cached "_acc_msk_brain0" - collecting precomputed outputs
250528-06:16:56,424 nipype.workflow INFO:
	 [Node] "_acc_msk_brain0" found cached.
250528-06:16:56,425 nipype.workflow INFO:
	 [Node] Setting-up "_acc_msk_brain1" in "/work/fmriprep_25_0_wf/sub_GEO061_wf/bold_ses_t3_task_image_run_3_wf/bold_confounds_wf/acc_msk_brain/mapflow/_acc_msk_brain1".
250528-06:16:56,428 nipype.workflow INFO:
	 [Node] Cached "_acc_msk_brain1" - collecting precomputed outputs
250528-06:16:56,428 nipype.workflow INFO:
	 [Node] "_acc_msk_brain1" found cached.
250528-06:16:56,429 nipype.workflow INFO:
	 [Node] Setting-up "_acc_msk_brain2" in "/work/fmriprep_25_0_wf/sub_GEO061_wf/bold_ses_t3_task_image_run_3_wf/bold_confounds_wf/acc_msk_brain/mapflow/_acc_msk_brain2".
250528-06:16:56,431 nipype.workflow INFO:
	 [Node] Cached "_acc_msk_brain2" - collecting precomputed outputs
250528-06:16:56,431 nipype.workflow INFO:
	 [Node] "_acc_msk_brain2" found cached.
250528-06:16:56,990 nipype.workflow INFO:
	 [Node] Finished "bbregister", elapsed time 22.522944s.
250528-06:16:58,375 nipype.workflow INFO:
	 [Node] Setting-up "fmriprep_25_0_wf.sub_GEO061_wf.bold_ses_t3_task_image_run_5_wf.bold_fit_wf.bold_reg_wf.bbreg_wf.bbregister" in "/work/fmriprep_25_0_wf/sub_GEO061_wf/bold_ses_t3_task_image_run_5_wf/bold_fit_wf/bold_reg_wf/bbreg_wf/bbregister".
250528-06:16:58,476 nipype.workflow INFO:
	 [Node] Executing "bbregister" <nipype.interfaces.freesurfer.preprocess.BBRegister>
250528-06:17:00,357 nipype.workflow INFO:
	 [Node] Setting-up "fmriprep_25_0_wf.sub_GEO061_wf.bold_ses_t3_task_image_run_4_wf.bold_fit_wf.bold_reg_wf.bbreg_wf.compare_transforms" in "/work/fmriprep_25_0_wf/sub_GEO061_wf/bold_ses_t3_task_image_run_4_wf/bold_fit_wf/bold_reg_wf/bbreg_wf/compare_transforms".
250528-06:17:00,358 nipype.workflow INFO:
	 [Node] Setting-up "_acc_msk_bin0" in "/work/fmriprep_25_0_wf/sub_GEO061_wf/bold_ses_t3_task_image_run_3_wf/bold_confounds_wf/acc_msk_bin/mapflow/_acc_msk_bin0".
250528-06:17:00,359 nipype.workflow INFO:
	 [Node] Setting-up "_acc_msk_bin1" in "/work/fmriprep_25_0_wf/sub_GEO061_wf/bold_ses_t3_task_image_run_3_wf/bold_confounds_wf/acc_msk_bin/mapflow/_acc_msk_bin1".
250528-06:17:00,360 nipype.workflow INFO:
	 [Node] Setting-up "_acc_msk_bin2" in "/work/fmriprep_25_0_wf/sub_GEO061_wf/bold_ses_t3_task_image_run_3_wf/bold_confounds_wf/acc_msk_bin/mapflow/_acc_msk_bin2".
250528-06:17:00,441 nipype.workflow INFO:
	 [Node] Executing "compare_transforms" <nipype.interfaces.utility.wrappers.Function>
250528-06:17:00,450 nipype.workflow INFO:
	 [Node] Finished "compare_transforms", elapsed time 0.007994s.
250528-06:17:00,452 nipype.workflow INFO:
	 [Node] Executing "_acc_msk_bin2" <niworkflows.interfaces.nibabel.Binarize>
250528-06:17:00,455 nipype.workflow INFO:
	 [Node] Executing "_acc_msk_bin1" <niworkflows.interfaces.nibabel.Binarize>
250528-06:17:00,458 nipype.workflow INFO:
	 [Node] Executing "_acc_msk_bin0" <niworkflows.interfaces.nibabel.Binarize>
250528-06:17:00,515 nipype.workflow INFO:
	 [Node] Finished "_acc_msk_bin2", elapsed time 0.061789s.
250528-06:17:00,519 nipype.workflow INFO:
	 [Node] Finished "_acc_msk_bin1", elapsed time 0.062775s.
250528-06:17:00,531 nipype.workflow INFO:
	 [Node] Finished "_acc_msk_bin0", elapsed time 0.072557s.
250528-06:17:03,477 nipype.workflow INFO:
	 [Node] Setting-up "_acc_msk_bin0" in "/work/fmriprep_25_0_wf/sub_GEO061_wf/bold_ses_t3_task_image_run_3_wf/bold_confounds_wf/acc_msk_bin/mapflow/_acc_msk_bin0".
250528-06:17:03,480 nipype.workflow INFO:
	 [Node] Cached "_acc_msk_bin0" - collecting precomputed outputs
250528-06:17:03,480 nipype.workflow INFO:
	 [Node] "_acc_msk_bin0" found cached.
250528-06:17:03,480 nipype.workflow INFO:
	 [Node] Setting-up "_acc_msk_bin1" in "/work/fmriprep_25_0_wf/sub_GEO061_wf/bold_ses_t3_task_image_run_3_wf/bold_confounds_wf/acc_msk_bin/mapflow/_acc_msk_bin1".
250528-06:17:03,483 nipype.workflow INFO:
	 [Node] Cached "_acc_msk_bin1" - collecting precomputed outputs
250528-06:17:03,484 nipype.workflow INFO:
	 [Node] "_acc_msk_bin1" found cached.
250528-06:17:03,484 nipype.workflow INFO:
	 [Node] Setting-up "_acc_msk_bin2" in "/work/fmriprep_25_0_wf/sub_GEO061_wf/bold_ses_t3_task_image_run_3_wf/bold_confounds_wf/acc_msk_bin/mapflow/_acc_msk_bin2".
250528-06:17:03,487 nipype.workflow INFO:
	 [Node] Cached "_acc_msk_bin2" - collecting precomputed outputs
250528-06:17:03,487 nipype.workflow INFO:
	 [Node] "_acc_msk_bin2" found cached.
250528-06:17:06,830 nipype.workflow INFO:
	 [Node] Setting-up "fmriprep_25_0_wf.sub_GEO061_wf.bold_ses_t3_task_image_run_4_wf.bold_fit_wf.bold_reg_wf.bbreg_wf.concat_xfm" in "/work/fmriprep_25_0_wf/sub_GEO061_wf/bold_ses_t3_task_image_run_4_wf/bold_fit_wf/bold_reg_wf/bbreg_wf/concat_xfm".
250528-06:17:06,914 nipype.workflow INFO:
	 [Node] Executing "concat_xfm" <niworkflows.interfaces.nitransforms.ConcatenateXFMs>
250528-06:17:06,939 nipype.workflow INFO:
	 [Node] Finished "concat_xfm", elapsed time 0.023754s.
250528-06:17:09,724 nipype.workflow INFO:
	 [Node] Finished "epi_t1_report", elapsed time 17.276305s.
250528-06:17:10,828 nipype.workflow INFO:
	 [Node] Setting-up "fmriprep_25_0_wf.sub_GEO061_wf.bold_ses_t3_task_image_run_4_wf.bold_fit_wf.func_fit_reports_wf.t1w_boldref" in "/work/fmriprep_25_0_wf/sub_GEO061_wf/bold_ses_t3_task_image_run_4_wf/bold_fit_wf/func_fit_reports_wf/t1w_boldref".
250528-06:17:10,927 nipype.workflow INFO:
	 [Node] Executing "t1w_boldref" <niworkflows.interfaces.fixes.FixHeaderApplyTransforms>
250528-06:17:11,346 nipype.workflow INFO:
	 [Node] Setting-up "fmriprep_25_0_wf.sub_GEO061_wf.bold_ses_t3_task_image_run_4_wf.bold_confounds_wf.t1w_mask_tfm" in "/work/fmriprep_25_0_wf/sub_GEO061_wf/bold_ses_t3_task_image_run_4_wf/bold_confounds_wf/t1w_mask_tfm".
250528-06:17:11,396 nipype.workflow INFO:
	 [Node] Setting-up "fmriprep_25_0_wf.sub_GEO061_wf.bold_ses_t3_task_image_run_3_wf.bold_fit_wf.func_fit_reports_wf.ds_epi_t1_report" in "/work/fmriprep_25_0_wf/sub_GEO061_wf/bold_ses_t3_task_image_run_3_wf/bold_fit_wf/func_fit_reports_wf/ds_epi_t1_report".
250528-06:17:11,425 nipype.workflow INFO:
	 [Node] Executing "t1w_mask_tfm" <niworkflows.interfaces.fixes.FixHeaderApplyTransforms>
250528-06:17:11,475 nipype.workflow INFO:
	 [Node] Executing "ds_epi_t1_report" <fmriprep.interfaces.DerivativesDataSink>
250528-06:17:11,528 nipype.workflow INFO:
	 [Node] Finished "ds_epi_t1_report", elapsed time 0.051472s.
250528-06:17:12,528 nipype.workflow INFO:
	 [Node] Finished "t1w_boldref", elapsed time 1.6003910000000001s.
250528-06:17:13,257 nipype.workflow INFO:
	 [Node] Setting-up "_acc_msk_tfm0" in "/work/fmriprep_25_0_wf/sub_GEO061_wf/bold_ses_t3_task_image_run_4_wf/bold_confounds_wf/acc_msk_tfm/mapflow/_acc_msk_tfm0".
250528-06:17:13,257 nipype.workflow INFO:
	 [Node] Setting-up "_acc_msk_tfm1" in "/work/fmriprep_25_0_wf/sub_GEO061_wf/bold_ses_t3_task_image_run_4_wf/bold_confounds_wf/acc_msk_tfm/mapflow/_acc_msk_tfm1".
250528-06:17:13,259 nipype.workflow INFO:
	 [Node] Setting-up "_acc_msk_tfm2" in "/work/fmriprep_25_0_wf/sub_GEO061_wf/bold_ses_t3_task_image_run_4_wf/bold_confounds_wf/acc_msk_tfm/mapflow/_acc_msk_tfm2".
250528-06:17:13,339 nipype.workflow INFO:
	 [Node] Executing "_acc_msk_tfm0" <niworkflows.interfaces.fixes.FixHeaderApplyTransforms>
250528-06:17:13,341 nipype.workflow INFO:
	 [Node] Executing "_acc_msk_tfm2" <niworkflows.interfaces.fixes.FixHeaderApplyTransforms>
250528-06:17:13,353 nipype.workflow INFO:
	 [Node] Executing "_acc_msk_tfm1" <niworkflows.interfaces.fixes.FixHeaderApplyTransforms>
250528-06:17:13,569 nipype.workflow INFO:
	 [Node] Finished "t1w_mask_tfm", elapsed time 2.1433780000000002s.
250528-06:17:14,199 nipype.workflow INFO:
	 [Node] Finished "_acc_msk_tfm2", elapsed time 0.856707s.
250528-06:17:14,216 nipype.workflow INFO:
	 [Node] Finished "_acc_msk_tfm0", elapsed time 0.876023s.
250528-06:17:14,271 nipype.workflow INFO:
	 [Node] Finished "_acc_msk_tfm1", elapsed time 0.917217s.
250528-06:17:14,751 nipype.workflow INFO:
	 [Node] Setting-up "fmriprep_25_0_wf.sub_GEO061_wf.bold_ses_t3_task_image_run_4_wf.bold_fit_wf.func_fit_reports_wf.boldref_wm" in "/work/fmriprep_25_0_wf/sub_GEO061_wf/bold_ses_t3_task_image_run_4_wf/bold_fit_wf/func_fit_reports_wf/boldref_wm".
250528-06:17:14,753 nipype.workflow INFO:
	 [Node] Setting-up "fmriprep_25_0_wf.sub_GEO061_wf.bold_ses_t3_task_image_run_4_wf.bold_confounds_wf.union_mask" in "/work/fmriprep_25_0_wf/sub_GEO061_wf/bold_ses_t3_task_image_run_4_wf/bold_confounds_wf/union_mask".
250528-06:17:14,816 nipype.workflow INFO:
	 [Node] Setting-up "_acc_msk_tfm0" in "/work/fmriprep_25_0_wf/sub_GEO061_wf/bold_ses_t3_task_image_run_4_wf/bold_confounds_wf/acc_msk_tfm/mapflow/_acc_msk_tfm0".
250528-06:17:14,819 nipype.workflow INFO:
	 [Node] Cached "_acc_msk_tfm0" - collecting precomputed outputs
250528-06:17:14,819 nipype.workflow INFO:
	 [Node] "_acc_msk_tfm0" found cached.
250528-06:17:14,820 nipype.workflow INFO:
	 [Node] Setting-up "_acc_msk_tfm1" in "/work/fmriprep_25_0_wf/sub_GEO061_wf/bold_ses_t3_task_image_run_4_wf/bold_confounds_wf/acc_msk_tfm/mapflow/_acc_msk_tfm1".
250528-06:17:14,823 nipype.workflow INFO:
	 [Node] Cached "_acc_msk_tfm1" - collecting precomputed outputs
250528-06:17:14,823 nipype.workflow INFO:
	 [Node] "_acc_msk_tfm1" found cached.
250528-06:17:14,823 nipype.workflow INFO:
	 [Node] Setting-up "_acc_msk_tfm2" in "/work/fmriprep_25_0_wf/sub_GEO061_wf/bold_ses_t3_task_image_run_4_wf/bold_confounds_wf/acc_msk_tfm/mapflow/_acc_msk_tfm2".
250528-06:17:14,826 nipype.workflow INFO:
	 [Node] Cached "_acc_msk_tfm2" - collecting precomputed outputs
250528-06:17:14,826 nipype.workflow INFO:
	 [Node] "_acc_msk_tfm2" found cached.
250528-06:17:14,834 nipype.workflow INFO:
	 [Node] Executing "union_mask" <nipype.interfaces.utility.wrappers.Function>
250528-06:17:14,835 nipype.workflow INFO:
	 [Node] Executing "boldref_wm" <niworkflows.interfaces.fixes.FixHeaderApplyTransforms>
250528-06:17:14,869 nipype.workflow INFO:
	 [Node] Finished "union_mask", elapsed time 0.033439s.
250528-06:17:15,266 nipype.workflow INFO:
	 [Node] Finished "boldref_wm", elapsed time 0.429659s.
250528-06:17:16,734 nipype.workflow INFO:
	 [Node] Setting-up "fmriprep_25_0_wf.sub_GEO061_wf.bold_ses_t3_task_image_run_4_wf.bold_fit_wf.func_fit_reports_wf.epi_t1_report" in "/work/fmriprep_25_0_wf/sub_GEO061_wf/bold_ses_t3_task_image_run_4_wf/bold_fit_wf/func_fit_reports_wf/epi_t1_report".
250528-06:17:16,768 nipype.workflow INFO:
	 [Node] Setting-up "fmriprep_25_0_wf.sub_GEO061_wf.bold_ses_t3_task_image_run_4_wf.bold_confounds_wf.dilated_mask" in "/work/fmriprep_25_0_wf/sub_GEO061_wf/bold_ses_t3_task_image_run_4_wf/bold_confounds_wf/dilated_mask".
250528-06:17:16,805 nipype.workflow INFO:
	 [Node] Executing "epi_t1_report" <nireports.interfaces.reporting.base.SimpleBeforeAfterRPT>
250528-06:17:16,806 nipype.interface INFO:
	 Report - setting before (/out/sub-GEO061/ses-t3/func/sub-GEO061_ses-t3_task-image_run-4_desc-coreg_boldref.nii.gz) and after (/work/fmriprep_25_0_wf/sub_GEO061_wf/bold_ses_t3_task_image_run_4_wf/bold_fit_wf/func_fit_reports_wf/t1w_boldref/sub-GEO061_desc-preproc_T1w_trans.nii.gz) images
250528-06:17:16,806 nipype.interface INFO:
	 Generating visual report
250528-06:17:16,842 nipype.workflow INFO:
	 [Node] Executing "dilated_mask" <niworkflows.interfaces.morphology.BinaryDilation>
250528-06:17:16,887 nipype.workflow INFO:
	 [Node] Finished "dilated_mask", elapsed time 0.044092s.
250528-06:17:18,835 nipype.workflow INFO:
	 [Node] Setting-up "fmriprep_25_0_wf.sub_GEO061_wf.bold_ses_t3_task_image_run_4_wf.bold_confounds_wf.subtract_mask" in "/work/fmriprep_25_0_wf/sub_GEO061_wf/bold_ses_t3_task_image_run_4_wf/bold_confounds_wf/subtract_mask".
250528-06:17:18,837 nipype.workflow INFO:
	 [Node] Setting-up "_acc_msk_brain0" in "/work/fmriprep_25_0_wf/sub_GEO061_wf/bold_ses_t3_task_image_run_4_wf/bold_confounds_wf/acc_msk_brain/mapflow/_acc_msk_brain0".
250528-06:17:18,839 nipype.workflow INFO:
	 [Node] Setting-up "_acc_msk_brain1" in "/work/fmriprep_25_0_wf/sub_GEO061_wf/bold_ses_t3_task_image_run_4_wf/bold_confounds_wf/acc_msk_brain/mapflow/_acc_msk_brain1".
250528-06:17:18,840 nipype.workflow INFO:
	 [Node] Setting-up "_acc_msk_brain2" in "/work/fmriprep_25_0_wf/sub_GEO061_wf/bold_ses_t3_task_image_run_4_wf/bold_confounds_wf/acc_msk_brain/mapflow/_acc_msk_brain2".
250528-06:17:18,908 nipype.workflow INFO:
	 [Node] Executing "subtract_mask" <niworkflows.interfaces.morphology.BinarySubtraction>
250528-06:17:18,914 nipype.workflow INFO:
	 [Node] Executing "_acc_msk_brain0" <niworkflows.interfaces.nibabel.ApplyMask>
250528-06:17:18,921 nipype.workflow INFO:
	 [Node] Executing "_acc_msk_brain2" <niworkflows.interfaces.nibabel.ApplyMask>
250528-06:17:18,929 nipype.workflow INFO:
	 [Node] Executing "_acc_msk_brain1" <niworkflows.interfaces.nibabel.ApplyMask>
250528-06:17:18,937 nipype.workflow INFO:
	 [Node] Finished "subtract_mask", elapsed time 0.028288s.
250528-06:17:18,991 nipype.workflow INFO:
	 [Node] Finished "_acc_msk_brain2", elapsed time 0.068998s.
250528-06:17:19,8 nipype.workflow INFO:
	 [Node] Finished "_acc_msk_brain0", elapsed time 0.092456s.
250528-06:17:19,9 nipype.workflow INFO:
	 [Node] Finished "_acc_msk_brain1", elapsed time 0.078828s.
250528-06:17:20,895 nipype.workflow INFO:
	 [Node] Setting-up "_acc_msk_brain0" in "/work/fmriprep_25_0_wf/sub_GEO061_wf/bold_ses_t3_task_image_run_4_wf/bold_confounds_wf/acc_msk_brain/mapflow/_acc_msk_brain0".
250528-06:17:20,898 nipype.workflow INFO:
	 [Node] Cached "_acc_msk_brain0" - collecting precomputed outputs
250528-06:17:20,898 nipype.workflow INFO:
	 [Node] "_acc_msk_brain0" found cached.
250528-06:17:20,898 nipype.workflow INFO:
	 [Node] Setting-up "_acc_msk_brain1" in "/work/fmriprep_25_0_wf/sub_GEO061_wf/bold_ses_t3_task_image_run_4_wf/bold_confounds_wf/acc_msk_brain/mapflow/_acc_msk_brain1".
250528-06:17:20,901 nipype.workflow INFO:
	 [Node] Cached "_acc_msk_brain1" - collecting precomputed outputs
250528-06:17:20,901 nipype.workflow INFO:
	 [Node] "_acc_msk_brain1" found cached.
250528-06:17:20,901 nipype.workflow INFO:
	 [Node] Setting-up "_acc_msk_brain2" in "/work/fmriprep_25_0_wf/sub_GEO061_wf/bold_ses_t3_task_image_run_4_wf/bold_confounds_wf/acc_msk_brain/mapflow/_acc_msk_brain2".
250528-06:17:20,903 nipype.workflow INFO:
	 [Node] Cached "_acc_msk_brain2" - collecting precomputed outputs
250528-06:17:20,904 nipype.workflow INFO:
	 [Node] "_acc_msk_brain2" found cached.
250528-06:17:24,832 nipype.workflow INFO:
	 [Node] Setting-up "_acc_msk_bin0" in "/work/fmriprep_25_0_wf/sub_GEO061_wf/bold_ses_t3_task_image_run_4_wf/bold_confounds_wf/acc_msk_bin/mapflow/_acc_msk_bin0".
250528-06:17:24,832 nipype.workflow INFO:
	 [Node] Setting-up "_acc_msk_bin1" in "/work/fmriprep_25_0_wf/sub_GEO061_wf/bold_ses_t3_task_image_run_4_wf/bold_confounds_wf/acc_msk_bin/mapflow/_acc_msk_bin1".
250528-06:17:24,833 nipype.workflow INFO:
	 [Node] Setting-up "_acc_msk_bin2" in "/work/fmriprep_25_0_wf/sub_GEO061_wf/bold_ses_t3_task_image_run_4_wf/bold_confounds_wf/acc_msk_bin/mapflow/_acc_msk_bin2".
250528-06:17:24,925 nipype.workflow INFO:
	 [Node] Executing "_acc_msk_bin0" <niworkflows.interfaces.nibabel.Binarize>
250528-06:17:24,933 nipype.workflow INFO:
	 [Node] Executing "_acc_msk_bin2" <niworkflows.interfaces.nibabel.Binarize>
250528-06:17:24,935 nipype.workflow INFO:
	 [Node] Executing "_acc_msk_bin1" <niworkflows.interfaces.nibabel.Binarize>
250528-06:17:24,995 nipype.workflow INFO:
	 [Node] Finished "_acc_msk_bin0", elapsed time 0.069004s.
250528-06:17:24,995 nipype.workflow INFO:
	 [Node] Finished "_acc_msk_bin1", elapsed time 0.057381s.
250528-06:17:25,1 nipype.workflow INFO:
	 [Node] Finished "_acc_msk_bin2", elapsed time 0.066822s.
250528-06:17:26,893 nipype.workflow INFO:
	 [Node] Setting-up "_acc_msk_bin0" in "/work/fmriprep_25_0_wf/sub_GEO061_wf/bold_ses_t3_task_image_run_4_wf/bold_confounds_wf/acc_msk_bin/mapflow/_acc_msk_bin0".
250528-06:17:26,896 nipype.workflow INFO:
	 [Node] Cached "_acc_msk_bin0" - collecting precomputed outputs
250528-06:17:26,896 nipype.workflow INFO:
	 [Node] "_acc_msk_bin0" found cached.
250528-06:17:26,897 nipype.workflow INFO:
	 [Node] Setting-up "_acc_msk_bin1" in "/work/fmriprep_25_0_wf/sub_GEO061_wf/bold_ses_t3_task_image_run_4_wf/bold_confounds_wf/acc_msk_bin/mapflow/_acc_msk_bin1".
250528-06:17:26,899 nipype.workflow INFO:
	 [Node] Cached "_acc_msk_bin1" - collecting precomputed outputs
250528-06:17:26,899 nipype.workflow INFO:
	 [Node] "_acc_msk_bin1" found cached.
250528-06:17:26,899 nipype.workflow INFO:
	 [Node] Setting-up "_acc_msk_bin2" in "/work/fmriprep_25_0_wf/sub_GEO061_wf/bold_ses_t3_task_image_run_4_wf/bold_confounds_wf/acc_msk_bin/mapflow/_acc_msk_bin2".
250528-06:17:26,902 nipype.workflow INFO:
	 [Node] Cached "_acc_msk_bin2" - collecting precomputed outputs
250528-06:17:26,902 nipype.workflow INFO:
	 [Node] "_acc_msk_bin2" found cached.
250528-06:17:28,234 nipype.workflow INFO:
	 [Node] Finished "bbregister", elapsed time 29.756419s.
250528-06:17:28,859 nipype.workflow INFO:
	 [Node] Setting-up "fmriprep_25_0_wf.sub_GEO061_wf.bold_ses_t3_task_retrans_run_1_wf.bold_fit_wf.bold_reg_wf.bbreg_wf.bbregister" in "/work/fmriprep_25_0_wf/sub_GEO061_wf/bold_ses_t3_task_retrans_run_1_wf/bold_fit_wf/bold_reg_wf/bbreg_wf/bbregister".
250528-06:17:28,971 nipype.workflow INFO:
	 [Node] Executing "bbregister" <nipype.interfaces.freesurfer.preprocess.BBRegister>
250528-06:17:30,836 nipype.workflow INFO:
	 [Node] Setting-up "fmriprep_25_0_wf.sub_GEO061_wf.bold_ses_t3_task_image_run_5_wf.bold_fit_wf.bold_reg_wf.bbreg_wf.compare_transforms" in "/work/fmriprep_25_0_wf/sub_GEO061_wf/bold_ses_t3_task_image_run_5_wf/bold_fit_wf/bold_reg_wf/bbreg_wf/compare_transforms".
250528-06:17:30,910 nipype.workflow INFO:
	 [Node] Executing "compare_transforms" <nipype.interfaces.utility.wrappers.Function>
250528-06:17:30,921 nipype.workflow INFO:
	 [Node] Finished "compare_transforms", elapsed time 0.009607s.
250528-06:17:33,342 nipype.workflow INFO:
	 [Node] Finished "epi_t1_report", elapsed time 16.535928s.
250528-06:17:35,867 nipype.workflow INFO:
	 [Node] Setting-up "fmriprep_25_0_wf.sub_GEO061_wf.bold_ses_t3_task_image_run_4_wf.bold_fit_wf.func_fit_reports_wf.ds_epi_t1_report" in "/work/fmriprep_25_0_wf/sub_GEO061_wf/bold_ses_t3_task_image_run_4_wf/bold_fit_wf/func_fit_reports_wf/ds_epi_t1_report".
250528-06:17:35,953 nipype.workflow INFO:
	 [Node] Executing "ds_epi_t1_report" <fmriprep.interfaces.DerivativesDataSink>
250528-06:17:36,3 nipype.workflow INFO:
	 [Node] Finished "ds_epi_t1_report", elapsed time 0.048249s.
250528-06:17:36,828 nipype.workflow INFO:
	 [Node] Setting-up "fmriprep_25_0_wf.sub_GEO061_wf.bold_ses_t3_task_image_run_5_wf.bold_fit_wf.bold_reg_wf.bbreg_wf.concat_xfm" in "/work/fmriprep_25_0_wf/sub_GEO061_wf/bold_ses_t3_task_image_run_5_wf/bold_fit_wf/bold_reg_wf/bbreg_wf/concat_xfm".
250528-06:17:36,902 nipype.workflow INFO:
	 [Node] Executing "concat_xfm" <niworkflows.interfaces.nitransforms.ConcatenateXFMs>
250528-06:17:36,930 nipype.workflow INFO:
	 [Node] Finished "concat_xfm", elapsed time 0.026356s.
250528-06:17:40,740 nipype.workflow INFO:
	 [Node] Setting-up "fmriprep_25_0_wf.sub_GEO061_wf.bold_ses_t3_task_image_run_5_wf.bold_fit_wf.func_fit_reports_wf.t1w_boldref" in "/work/fmriprep_25_0_wf/sub_GEO061_wf/bold_ses_t3_task_image_run_5_wf/bold_fit_wf/func_fit_reports_wf/t1w_boldref".
250528-06:17:40,830 nipype.workflow INFO:
	 [Node] Executing "t1w_boldref" <niworkflows.interfaces.fixes.FixHeaderApplyTransforms>
250528-06:17:41,150 nipype.workflow INFO:
	 [Node] Setting-up "fmriprep_25_0_wf.sub_GEO061_wf.bold_ses_t3_task_image_run_5_wf.bold_confounds_wf.t1w_mask_tfm" in "/work/fmriprep_25_0_wf/sub_GEO061_wf/bold_ses_t3_task_image_run_5_wf/bold_confounds_wf/t1w_mask_tfm".
250528-06:17:41,251 nipype.workflow INFO:
	 [Node] Executing "t1w_mask_tfm" <niworkflows.interfaces.fixes.FixHeaderApplyTransforms>
250528-06:17:42,442 nipype.workflow INFO:
	 [Node] Finished "t1w_boldref", elapsed time 1.6115300000000001s.
250528-06:17:43,136 nipype.workflow INFO:
	 [Node] Setting-up "_acc_msk_tfm0" in "/work/fmriprep_25_0_wf/sub_GEO061_wf/bold_ses_t3_task_image_run_5_wf/bold_confounds_wf/acc_msk_tfm/mapflow/_acc_msk_tfm0".
250528-06:17:43,136 nipype.workflow INFO:
	 [Node] Setting-up "_acc_msk_tfm1" in "/work/fmriprep_25_0_wf/sub_GEO061_wf/bold_ses_t3_task_image_run_5_wf/bold_confounds_wf/acc_msk_tfm/mapflow/_acc_msk_tfm1".
250528-06:17:43,137 nipype.workflow INFO:
	 [Node] Setting-up "_acc_msk_tfm2" in "/work/fmriprep_25_0_wf/sub_GEO061_wf/bold_ses_t3_task_image_run_5_wf/bold_confounds_wf/acc_msk_tfm/mapflow/_acc_msk_tfm2".
250528-06:17:43,260 nipype.workflow INFO:
	 [Node] Executing "_acc_msk_tfm0" <niworkflows.interfaces.fixes.FixHeaderApplyTransforms>
250528-06:17:43,266 nipype.workflow INFO:
	 [Node] Executing "_acc_msk_tfm1" <niworkflows.interfaces.fixes.FixHeaderApplyTransforms>
250528-06:17:43,270 nipype.workflow INFO:
	 [Node] Executing "_acc_msk_tfm2" <niworkflows.interfaces.fixes.FixHeaderApplyTransforms>
250528-06:17:43,455 nipype.workflow INFO:
	 [Node] Finished "t1w_mask_tfm", elapsed time 2.202709s.
250528-06:17:44,151 nipype.workflow INFO:
	 [Node] Finished "_acc_msk_tfm1", elapsed time 0.884221s.
250528-06:17:44,161 nipype.workflow INFO:
	 [Node] Finished "_acc_msk_tfm2", elapsed time 0.890226s.
250528-06:17:44,176 nipype.workflow INFO:
	 [Node] Finished "_acc_msk_tfm0", elapsed time 0.91549s.
250528-06:17:44,738 nipype.workflow INFO:
	 [Node] Setting-up "fmriprep_25_0_wf.sub_GEO061_wf.bold_ses_t3_task_image_run_5_wf.bold_fit_wf.func_fit_reports_wf.boldref_wm" in "/work/fmriprep_25_0_wf/sub_GEO061_wf/bold_ses_t3_task_image_run_5_wf/bold_fit_wf/func_fit_reports_wf/boldref_wm".
250528-06:17:44,741 nipype.workflow INFO:
	 [Node] Setting-up "fmriprep_25_0_wf.sub_GEO061_wf.bold_ses_t3_task_image_run_5_wf.bold_confounds_wf.union_mask" in "/work/fmriprep_25_0_wf/sub_GEO061_wf/bold_ses_t3_task_image_run_5_wf/bold_confounds_wf/union_mask".
250528-06:17:44,797 nipype.workflow INFO:
	 [Node] Setting-up "_acc_msk_tfm0" in "/work/fmriprep_25_0_wf/sub_GEO061_wf/bold_ses_t3_task_image_run_5_wf/bold_confounds_wf/acc_msk_tfm/mapflow/_acc_msk_tfm0".
250528-06:17:44,800 nipype.workflow INFO:
	 [Node] Cached "_acc_msk_tfm0" - collecting precomputed outputs
250528-06:17:44,800 nipype.workflow INFO:
	 [Node] "_acc_msk_tfm0" found cached.
250528-06:17:44,801 nipype.workflow INFO:
	 [Node] Setting-up "_acc_msk_tfm1" in "/work/fmriprep_25_0_wf/sub_GEO061_wf/bold_ses_t3_task_image_run_5_wf/bold_confounds_wf/acc_msk_tfm/mapflow/_acc_msk_tfm1".
250528-06:17:44,804 nipype.workflow INFO:
	 [Node] Cached "_acc_msk_tfm1" - collecting precomputed outputs
250528-06:17:44,804 nipype.workflow INFO:
	 [Node] "_acc_msk_tfm1" found cached.
250528-06:17:44,804 nipype.workflow INFO:
	 [Node] Setting-up "_acc_msk_tfm2" in "/work/fmriprep_25_0_wf/sub_GEO061_wf/bold_ses_t3_task_image_run_5_wf/bold_confounds_wf/acc_msk_tfm/mapflow/_acc_msk_tfm2".
250528-06:17:44,807 nipype.workflow INFO:
	 [Node] Cached "_acc_msk_tfm2" - collecting precomputed outputs
250528-06:17:44,807 nipype.workflow INFO:
	 [Node] "_acc_msk_tfm2" found cached.
250528-06:17:44,810 nipype.workflow INFO:
	 [Node] Executing "union_mask" <nipype.interfaces.utility.wrappers.Function>
250528-06:17:44,819 nipype.workflow INFO:
	 [Node] Executing "boldref_wm" <niworkflows.interfaces.fixes.FixHeaderApplyTransforms>
250528-06:17:44,846 nipype.workflow INFO:
	 [Node] Finished "union_mask", elapsed time 0.034793s.
250528-06:17:45,214 nipype.workflow INFO:
	 [Node] Finished "boldref_wm", elapsed time 0.394181s.
250528-06:17:46,844 nipype.workflow INFO:
	 [Node] Setting-up "fmriprep_25_0_wf.sub_GEO061_wf.bold_ses_t3_task_image_run_5_wf.bold_fit_wf.func_fit_reports_wf.epi_t1_report" in "/work/fmriprep_25_0_wf/sub_GEO061_wf/bold_ses_t3_task_image_run_5_wf/bold_fit_wf/func_fit_reports_wf/epi_t1_report".
250528-06:17:46,885 nipype.workflow INFO:
	 [Node] Setting-up "fmriprep_25_0_wf.sub_GEO061_wf.bold_ses_t3_task_image_run_5_wf.bold_confounds_wf.dilated_mask" in "/work/fmriprep_25_0_wf/sub_GEO061_wf/bold_ses_t3_task_image_run_5_wf/bold_confounds_wf/dilated_mask".
250528-06:17:46,925 nipype.workflow INFO:
	 [Node] Executing "epi_t1_report" <nireports.interfaces.reporting.base.SimpleBeforeAfterRPT>
250528-06:17:46,926 nipype.interface INFO:
	 Report - setting before (/out/sub-GEO061/ses-t3/func/sub-GEO061_ses-t3_task-image_run-5_desc-coreg_boldref.nii.gz) and after (/work/fmriprep_25_0_wf/sub_GEO061_wf/bold_ses_t3_task_image_run_5_wf/bold_fit_wf/func_fit_reports_wf/t1w_boldref/sub-GEO061_desc-preproc_T1w_trans.nii.gz) images
250528-06:17:46,926 nipype.interface INFO:
	 Generating visual report
250528-06:17:47,22 nipype.workflow INFO:
	 [Node] Executing "dilated_mask" <niworkflows.interfaces.morphology.BinaryDilation>
250528-06:17:47,62 nipype.workflow INFO:
	 [Node] Finished "dilated_mask", elapsed time 0.039539s.
250528-06:17:48,848 nipype.workflow INFO:
	 [Node] Setting-up "fmriprep_25_0_wf.sub_GEO061_wf.bold_ses_t3_task_image_run_5_wf.bold_confounds_wf.subtract_mask" in "/work/fmriprep_25_0_wf/sub_GEO061_wf/bold_ses_t3_task_image_run_5_wf/bold_confounds_wf/subtract_mask".
250528-06:17:48,849 nipype.workflow INFO:
	 [Node] Setting-up "_acc_msk_brain0" in "/work/fmriprep_25_0_wf/sub_GEO061_wf/bold_ses_t3_task_image_run_5_wf/bold_confounds_wf/acc_msk_brain/mapflow/_acc_msk_brain0".
250528-06:17:48,850 nipype.workflow INFO:
	 [Node] Setting-up "_acc_msk_brain1" in "/work/fmriprep_25_0_wf/sub_GEO061_wf/bold_ses_t3_task_image_run_5_wf/bold_confounds_wf/acc_msk_brain/mapflow/_acc_msk_brain1".
250528-06:17:48,850 nipype.workflow INFO:
	 [Node] Setting-up "_acc_msk_brain2" in "/work/fmriprep_25_0_wf/sub_GEO061_wf/bold_ses_t3_task_image_run_5_wf/bold_confounds_wf/acc_msk_brain/mapflow/_acc_msk_brain2".
250528-06:17:48,919 nipype.workflow INFO:
	 [Node] Executing "subtract_mask" <niworkflows.interfaces.morphology.BinarySubtraction>
250528-06:17:48,937 nipype.workflow INFO:
	 [Node] Executing "_acc_msk_brain0" <niworkflows.interfaces.nibabel.ApplyMask>
250528-06:17:48,944 nipype.workflow INFO:
	 [Node] Executing "_acc_msk_brain2" <niworkflows.interfaces.nibabel.ApplyMask>
250528-06:17:48,944 nipype.workflow INFO:
	 [Node] Executing "_acc_msk_brain1" <niworkflows.interfaces.nibabel.ApplyMask>
250528-06:17:48,953 nipype.workflow INFO:
	 [Node] Finished "subtract_mask", elapsed time 0.032521s.
250528-06:17:49,11 nipype.workflow INFO:
	 [Node] Finished "_acc_msk_brain1", elapsed time 0.065902s.
250528-06:17:49,11 nipype.workflow INFO:
	 [Node] Finished "_acc_msk_brain2", elapsed time 0.066148s.
250528-06:17:49,42 nipype.workflow INFO:
	 [Node] Finished "_acc_msk_brain0", elapsed time 0.104304s.
250528-06:17:50,895 nipype.workflow INFO:
	 [Node] Setting-up "_acc_msk_brain0" in "/work/fmriprep_25_0_wf/sub_GEO061_wf/bold_ses_t3_task_image_run_5_wf/bold_confounds_wf/acc_msk_brain/mapflow/_acc_msk_brain0".
250528-06:17:50,898 nipype.workflow INFO:
	 [Node] Cached "_acc_msk_brain0" - collecting precomputed outputs
250528-06:17:50,898 nipype.workflow INFO:
	 [Node] "_acc_msk_brain0" found cached.
250528-06:17:50,898 nipype.workflow INFO:
	 [Node] Setting-up "_acc_msk_brain1" in "/work/fmriprep_25_0_wf/sub_GEO061_wf/bold_ses_t3_task_image_run_5_wf/bold_confounds_wf/acc_msk_brain/mapflow/_acc_msk_brain1".
250528-06:17:50,901 nipype.workflow INFO:
	 [Node] Cached "_acc_msk_brain1" - collecting precomputed outputs
250528-06:17:50,901 nipype.workflow INFO:
	 [Node] "_acc_msk_brain1" found cached.
250528-06:17:50,901 nipype.workflow INFO:
	 [Node] Setting-up "_acc_msk_brain2" in "/work/fmriprep_25_0_wf/sub_GEO061_wf/bold_ses_t3_task_image_run_5_wf/bold_confounds_wf/acc_msk_brain/mapflow/_acc_msk_brain2".
250528-06:17:50,904 nipype.workflow INFO:
	 [Node] Cached "_acc_msk_brain2" - collecting precomputed outputs
250528-06:17:50,904 nipype.workflow INFO:
	 [Node] "_acc_msk_brain2" found cached.
250528-06:17:52,379 nipype.workflow INFO:
	 [Node] Finished "bbregister", elapsed time 23.406801s.
250528-06:17:55,330 nipype.workflow INFO:
	 [Node] Setting-up "fmriprep_25_0_wf.sub_GEO061_wf.anat_fit_wf.register_template_wf.registration" in "/work/fmriprep_25_0_wf/sub_GEO061_wf/anat_fit_wf/register_template_wf/_template_MNI152NLin2009cAsym/registration".
250528-06:17:55,450 nipype.workflow INFO:
	 [Node] Executing "registration" <niworkflows.interfaces.norm.SpatialNormalization>
250528-06:18:03,510 nipype.workflow INFO:
	 [Node] Finished "epi_t1_report", elapsed time 16.583987s.
250528-06:18:04,861 nipype.workflow INFO:
	 [Node] Setting-up "fmriprep_25_0_wf.sub_GEO061_wf.bold_ses_t3_task_retrans_run_1_wf.bold_fit_wf.bold_reg_wf.bbreg_wf.compare_transforms" in "/work/fmriprep_25_0_wf/sub_GEO061_wf/bold_ses_t3_task_retrans_run_1_wf/bold_fit_wf/bold_reg_wf/bbreg_wf/compare_transforms".
250528-06:18:04,968 nipype.workflow INFO:
	 [Node] Executing "compare_transforms" <nipype.interfaces.utility.wrappers.Function>
250528-06:18:04,983 nipype.workflow INFO:
	 [Node] Finished "compare_transforms", elapsed time 0.014584s.
250528-06:18:07,750 nipype.workflow INFO:
	 [Node] Setting-up "fmriprep_25_0_wf.sub_GEO061_wf.bold_ses_t3_task_image_run_5_wf.bold_fit_wf.func_fit_reports_wf.ds_epi_t1_report" in "/work/fmriprep_25_0_wf/sub_GEO061_wf/bold_ses_t3_task_image_run_5_wf/bold_fit_wf/func_fit_reports_wf/ds_epi_t1_report".
250528-06:18:07,866 nipype.workflow INFO:
	 [Node] Executing "ds_epi_t1_report" <fmriprep.interfaces.DerivativesDataSink>
250528-06:18:07,936 nipype.workflow INFO:
	 [Node] Finished "ds_epi_t1_report", elapsed time 0.069008s.
250528-06:18:09,816 nipype.workflow INFO:
	 [Node] Setting-up "fmriprep_25_0_wf.sub_GEO061_wf.bold_ses_t2_task_image_run_1_wf.bold_confounds_wf.acompcor" in "/work/fmriprep_25_0_wf/sub_GEO061_wf/bold_ses_t2_task_image_run_1_wf/bold_confounds_wf/acompcor".
250528-06:18:09,938 nipype.workflow INFO:
	 [Node] Executing "acompcor" <niworkflows.interfaces.patches.RobustACompCor>
250528-06:18:19,338 nipype.workflow INFO:
	 [Node] Finished "acompcor", elapsed time 9.398532s.
250528-06:18:20,772 nipype.workflow INFO:
	 [Node] Setting-up "fmriprep_25_0_wf.sub_GEO061_wf.bold_ses_t3_task_retrans_run_1_wf.bold_fit_wf.bold_reg_wf.bbreg_wf.concat_xfm" in "/work/fmriprep_25_0_wf/sub_GEO061_wf/bold_ses_t3_task_retrans_run_1_wf/bold_fit_wf/bold_reg_wf/bbreg_wf/concat_xfm".
250528-06:18:20,858 nipype.workflow INFO:
	 [Node] Executing "concat_xfm" <niworkflows.interfaces.nitransforms.ConcatenateXFMs>
250528-06:18:20,899 nipype.workflow INFO:
	 [Node] Finished "concat_xfm", elapsed time 0.038046s.
250528-06:18:23,470 nipype.workflow INFO:
	 [Node] Setting-up "fmriprep_25_0_wf.sub_GEO061_wf.bold_ses_t2_task_image_run_2_wf.bold_confounds_wf.acompcor" in "/work/fmriprep_25_0_wf/sub_GEO061_wf/bold_ses_t2_task_image_run_2_wf/bold_confounds_wf/acompcor".
250528-06:18:23,613 nipype.workflow INFO:
	 [Node] Executing "acompcor" <niworkflows.interfaces.patches.RobustACompCor>
250528-06:18:28,797 nipype.workflow INFO:
	 [Node] Finished "acompcor", elapsed time 5.182347s.
250528-06:18:30,775 nipype.workflow INFO:
	 [Node] Setting-up "fmriprep_25_0_wf.sub_GEO061_wf.bold_ses_t3_task_retrans_run_1_wf.bold_fit_wf.func_fit_reports_wf.t1w_boldref" in "/work/fmriprep_25_0_wf/sub_GEO061_wf/bold_ses_t3_task_retrans_run_1_wf/bold_fit_wf/func_fit_reports_wf/t1w_boldref".
250528-06:18:30,865 nipype.workflow INFO:
	 [Node] Executing "t1w_boldref" <niworkflows.interfaces.fixes.FixHeaderApplyTransforms>
250528-06:18:32,490 nipype.workflow INFO:
	 [Node] Finished "t1w_boldref", elapsed time 1.623837s.
250528-06:18:34,774 nipype.workflow INFO:
	 [Node] Setting-up "fmriprep_25_0_wf.sub_GEO061_wf.bold_ses_t3_task_retrans_run_1_wf.bold_fit_wf.func_fit_reports_wf.boldref_wm" in "/work/fmriprep_25_0_wf/sub_GEO061_wf/bold_ses_t3_task_retrans_run_1_wf/bold_fit_wf/func_fit_reports_wf/boldref_wm".
250528-06:18:34,858 nipype.workflow INFO:
	 [Node] Executing "boldref_wm" <niworkflows.interfaces.fixes.FixHeaderApplyTransforms>
250528-06:18:35,326 nipype.workflow INFO:
	 [Node] Finished "boldref_wm", elapsed time 0.466981s.
250528-06:18:37,276 nipype.workflow INFO:
	 [Node] Setting-up "fmriprep_25_0_wf.sub_GEO061_wf.bold_ses_t3_task_retrans_run_1_wf.bold_confounds_wf.t1w_mask_tfm" in "/work/fmriprep_25_0_wf/sub_GEO061_wf/bold_ses_t3_task_retrans_run_1_wf/bold_confounds_wf/t1w_mask_tfm".
250528-06:18:37,391 nipype.workflow INFO:
	 [Node] Executing "t1w_mask_tfm" <niworkflows.interfaces.fixes.FixHeaderApplyTransforms>
250528-06:18:39,681 nipype.workflow INFO:
	 [Node] Finished "t1w_mask_tfm", elapsed time 2.289031s.
250528-06:18:40,815 nipype.workflow INFO:
	 [Node] Setting-up "fmriprep_25_0_wf.sub_GEO061_wf.bold_ses_t3_task_retrans_run_1_wf.bold_fit_wf.func_fit_reports_wf.epi_t1_report" in "/work/fmriprep_25_0_wf/sub_GEO061_wf/bold_ses_t3_task_retrans_run_1_wf/bold_fit_wf/func_fit_reports_wf/epi_t1_report".
250528-06:18:40,890 nipype.workflow INFO:
	 [Node] Executing "epi_t1_report" <nireports.interfaces.reporting.base.SimpleBeforeAfterRPT>
250528-06:18:40,891 nipype.interface INFO:
	 Report - setting before (/out/sub-GEO061/ses-t3/func/sub-GEO061_ses-t3_task-retrans_run-1_desc-coreg_boldref.nii.gz) and after (/work/fmriprep_25_0_wf/sub_GEO061_wf/bold_ses_t3_task_retrans_run_1_wf/bold_fit_wf/func_fit_reports_wf/t1w_boldref/sub-GEO061_desc-preproc_T1w_trans.nii.gz) images
250528-06:18:40,891 nipype.interface INFO:
	 Generating visual report
250528-06:18:58,391 nipype.workflow INFO:
	 [Node] Finished "epi_t1_report", elapsed time 17.499748s.
250528-06:18:59,481 nipype.workflow INFO:
	 [Node] Setting-up "fmriprep_25_0_wf.sub_GEO061_wf.bold_ses_t3_task_retrans_run_1_wf.bold_confounds_wf.union_mask" in "/work/fmriprep_25_0_wf/sub_GEO061_wf/bold_ses_t3_task_retrans_run_1_wf/bold_confounds_wf/union_mask".
250528-06:18:59,572 nipype.workflow INFO:
	 [Node] Executing "union_mask" <nipype.interfaces.utility.wrappers.Function>
250528-06:18:59,621 nipype.workflow INFO:
	 [Node] Finished "union_mask", elapsed time 0.047772s.
250528-06:19:00,936 nipype.workflow INFO:
	 [Node] Setting-up "fmriprep_25_0_wf.sub_GEO061_wf.bold_ses_t3_task_retrans_run_1_wf.bold_fit_wf.func_fit_reports_wf.ds_epi_t1_report" in "/work/fmriprep_25_0_wf/sub_GEO061_wf/bold_ses_t3_task_retrans_run_1_wf/bold_fit_wf/func_fit_reports_wf/ds_epi_t1_report".
250528-06:19:01,43 nipype.workflow INFO:
	 [Node] Executing "ds_epi_t1_report" <fmriprep.interfaces.DerivativesDataSink>
250528-06:19:01,99 nipype.workflow INFO:
	 [Node] Finished "ds_epi_t1_report", elapsed time 0.054889s.
250528-06:19:02,903 nipype.workflow INFO:
	 [Node] Setting-up "fmriprep_25_0_wf.sub_GEO061_wf.bold_ses_t3_task_retrans_run_1_wf.bold_confounds_wf.dilated_mask" in "/work/fmriprep_25_0_wf/sub_GEO061_wf/bold_ses_t3_task_retrans_run_1_wf/bold_confounds_wf/dilated_mask".
250528-06:19:02,992 nipype.workflow INFO:
	 [Node] Executing "dilated_mask" <niworkflows.interfaces.morphology.BinaryDilation>
250528-06:19:03,41 nipype.workflow INFO:
	 [Node] Finished "dilated_mask", elapsed time 0.047937s.
250528-06:19:04,911 nipype.workflow INFO:
	 [Node] Setting-up "fmriprep_25_0_wf.sub_GEO061_wf.bold_ses_t2_task_image_run_3_wf.bold_confounds_wf.acompcor" in "/work/fmriprep_25_0_wf/sub_GEO061_wf/bold_ses_t2_task_image_run_3_wf/bold_confounds_wf/acompcor".
250528-06:19:05,2 nipype.workflow INFO:
	 [Node] Executing "acompcor" <niworkflows.interfaces.patches.RobustACompCor>
250528-06:19:10,500 nipype.workflow INFO:
	 [Node] Finished "acompcor", elapsed time 5.496533s.
250528-06:19:12,831 nipype.workflow INFO:
	 [Node] Setting-up "fmriprep_25_0_wf.sub_GEO061_wf.bold_ses_t2_task_image_run_4_wf.bold_confounds_wf.acompcor" in "/work/fmriprep_25_0_wf/sub_GEO061_wf/bold_ses_t2_task_image_run_4_wf/bold_confounds_wf/acompcor".
250528-06:19:12,934 nipype.workflow INFO:
	 [Node] Executing "acompcor" <niworkflows.interfaces.patches.RobustACompCor>
250528-06:19:18,310 nipype.workflow INFO:
	 [Node] Finished "acompcor", elapsed time 5.374486s.
250528-06:19:18,831 nipype.workflow INFO:
	 [Node] Setting-up "fmriprep_25_0_wf.sub_GEO061_wf.bold_ses_t2_task_image_run_5_wf.bold_confounds_wf.acompcor" in "/work/fmriprep_25_0_wf/sub_GEO061_wf/bold_ses_t2_task_image_run_5_wf/bold_confounds_wf/acompcor".
250528-06:19:18,919 nipype.workflow INFO:
	 [Node] Executing "acompcor" <niworkflows.interfaces.patches.RobustACompCor>
250528-06:19:24,233 nipype.workflow INFO:
	 [Node] Finished "acompcor", elapsed time 5.312527s.
250528-06:19:24,946 nipype.workflow INFO:
	 [Node] Setting-up "fmriprep_25_0_wf.sub_GEO061_wf.bold_ses_t3_task_image_run_1_wf.bold_confounds_wf.acompcor" in "/work/fmriprep_25_0_wf/sub_GEO061_wf/bold_ses_t3_task_image_run_1_wf/bold_confounds_wf/acompcor".
250528-06:19:25,67 nipype.workflow INFO:
	 [Node] Executing "acompcor" <niworkflows.interfaces.patches.RobustACompCor>
250528-06:19:34,612 nipype.workflow INFO:
	 [Node] Finished "acompcor", elapsed time 9.54378s.
250528-06:19:36,922 nipype.workflow INFO:
	 [Node] Setting-up "fmriprep_25_0_wf.sub_GEO061_wf.bold_ses_t3_task_image_run_2_wf.bold_confounds_wf.acompcor" in "/work/fmriprep_25_0_wf/sub_GEO061_wf/bold_ses_t3_task_image_run_2_wf/bold_confounds_wf/acompcor".
250528-06:19:37,15 nipype.workflow INFO:
	 [Node] Executing "acompcor" <niworkflows.interfaces.patches.RobustACompCor>
250528-06:19:42,304 nipype.workflow INFO:
	 [Node] Finished "acompcor", elapsed time 5.287889s.
250528-06:19:42,939 nipype.workflow INFO:
	 [Node] Setting-up "fmriprep_25_0_wf.sub_GEO061_wf.bold_ses_t3_task_image_run_3_wf.bold_confounds_wf.acompcor" in "/work/fmriprep_25_0_wf/sub_GEO061_wf/bold_ses_t3_task_image_run_3_wf/bold_confounds_wf/acompcor".
250528-06:19:43,46 nipype.workflow INFO:
	 [Node] Executing "acompcor" <niworkflows.interfaces.patches.RobustACompCor>
250528-06:19:48,326 nipype.workflow INFO:
	 [Node] Finished "acompcor", elapsed time 5.279288s.
250528-06:19:48,927 nipype.workflow INFO:
	 [Node] Setting-up "fmriprep_25_0_wf.sub_GEO061_wf.bold_ses_t3_task_image_run_4_wf.bold_confounds_wf.acompcor" in "/work/fmriprep_25_0_wf/sub_GEO061_wf/bold_ses_t3_task_image_run_4_wf/bold_confounds_wf/acompcor".
250528-06:19:49,66 nipype.workflow INFO:
	 [Node] Executing "acompcor" <niworkflows.interfaces.patches.RobustACompCor>
250528-06:19:54,623 nipype.workflow INFO:
	 [Node] Finished "acompcor", elapsed time 5.554451s.
250528-06:19:56,945 nipype.workflow INFO:
	 [Node] Setting-up "fmriprep_25_0_wf.sub_GEO061_wf.bold_ses_t3_task_retrans_run_1_wf.bold_confounds_wf.subtract_mask" in "/work/fmriprep_25_0_wf/sub_GEO061_wf/bold_ses_t3_task_retrans_run_1_wf/bold_confounds_wf/subtract_mask".
250528-06:19:57,24 nipype.workflow INFO:
	 [Node] Executing "subtract_mask" <niworkflows.interfaces.morphology.BinarySubtraction>
250528-06:19:57,55 nipype.workflow INFO:
	 [Node] Finished "subtract_mask", elapsed time 0.029517s.
250528-06:19:58,986 nipype.workflow INFO:
	 [Node] Setting-up "fmriprep_25_0_wf.sub_GEO061_wf.bold_ses_t2_task_image_run_1_wf.bold_confounds_wf.crowncompcor" in "/work/fmriprep_25_0_wf/sub_GEO061_wf/bold_ses_t2_task_image_run_1_wf/bold_confounds_wf/crowncompcor".
250528-06:19:59,103 nipype.workflow INFO:
	 [Node] Executing "crowncompcor" <niworkflows.interfaces.patches.RobustACompCor>
250528-06:20:11,3 nipype.workflow INFO:
	 [Node] Finished "crowncompcor", elapsed time 11.898688s.
250528-06:20:13,0 nipype.workflow INFO:
	 [Node] Setting-up "fmriprep_25_0_wf.sub_GEO061_wf.bold_ses_t2_task_image_run_1_wf.bold_confounds_wf.rename_acompcor" in "/work/fmriprep_25_0_wf/sub_GEO061_wf/bold_ses_t2_task_image_run_1_wf/bold_confounds_wf/rename_acompcor".
250528-06:20:13,96 nipype.workflow INFO:
	 [Node] Executing "rename_acompcor" <fmriprep.interfaces.confounds.RenameACompCor>
250528-06:20:13,452 nipype.workflow INFO:
	 [Node] Finished "rename_acompcor", elapsed time 0.354674s.
250528-06:20:14,957 nipype.workflow INFO:
	 [Node] Setting-up "fmriprep_25_0_wf.sub_GEO061_wf.bold_ses_t2_task_image_run_1_wf.bold_confounds_wf.signals" in "/work/fmriprep_25_0_wf/sub_GEO061_wf/bold_ses_t2_task_image_run_1_wf/bold_confounds_wf/signals".
250528-06:20:15,145 nipype.workflow INFO:
	 [Node] Executing "signals" <niworkflows.interfaces.images.SignalExtraction>
250528-06:20:21,391 nipype.workflow INFO:
	 [Node] Finished "signals", elapsed time 6.245046s.
250528-06:20:22,984 nipype.workflow INFO:
	 [Node] Setting-up "fmriprep_25_0_wf.sub_GEO061_wf.bold_ses_t2_task_image_run_2_wf.bold_confounds_wf.crowncompcor" in "/work/fmriprep_25_0_wf/sub_GEO061_wf/bold_ses_t2_task_image_run_2_wf/bold_confounds_wf/crowncompcor".
250528-06:20:23,101 nipype.workflow INFO:
	 [Node] Executing "crowncompcor" <niworkflows.interfaces.patches.RobustACompCor>
250528-06:20:31,71 nipype.workflow INFO:
	 [Node] Finished "crowncompcor", elapsed time 7.9687470000000005s.
250528-06:20:32,973 nipype.workflow INFO:
	 [Node] Setting-up "fmriprep_25_0_wf.sub_GEO061_wf.bold_ses_t2_task_image_run_2_wf.bold_confounds_wf.rename_acompcor" in "/work/fmriprep_25_0_wf/sub_GEO061_wf/bold_ses_t2_task_image_run_2_wf/bold_confounds_wf/rename_acompcor".
250528-06:20:33,61 nipype.workflow INFO:
	 [Node] Executing "rename_acompcor" <fmriprep.interfaces.confounds.RenameACompCor>
250528-06:20:33,203 nipype.workflow INFO:
	 [Node] Finished "rename_acompcor", elapsed time 0.14086s.
250528-06:20:35,12 nipype.workflow INFO:
	 [Node] Setting-up "fmriprep_25_0_wf.sub_GEO061_wf.bold_ses_t2_task_image_run_2_wf.bold_confounds_wf.signals" in "/work/fmriprep_25_0_wf/sub_GEO061_wf/bold_ses_t2_task_image_run_2_wf/bold_confounds_wf/signals".
250528-06:20:35,141 nipype.workflow INFO:
	 [Node] Executing "signals" <niworkflows.interfaces.images.SignalExtraction>
250528-06:20:41,822 nipype.workflow INFO:
	 [Node] Finished "signals", elapsed time 6.679484s.
250528-06:20:42,984 nipype.workflow INFO:
	 [Node] Setting-up "fmriprep_25_0_wf.sub_GEO061_wf.bold_ses_t2_task_image_run_3_wf.bold_confounds_wf.crowncompcor" in "/work/fmriprep_25_0_wf/sub_GEO061_wf/bold_ses_t2_task_image_run_3_wf/bold_confounds_wf/crowncompcor".
250528-06:20:43,97 nipype.workflow INFO:
	 [Node] Executing "crowncompcor" <niworkflows.interfaces.patches.RobustACompCor>
250528-06:20:51,74 nipype.workflow INFO:
	 [Node] Finished "crowncompcor", elapsed time 7.976167s.
250528-06:20:52,999 nipype.workflow INFO:
	 [Node] Setting-up "fmriprep_25_0_wf.sub_GEO061_wf.bold_ses_t2_task_image_run_3_wf.bold_confounds_wf.rename_acompcor" in "/work/fmriprep_25_0_wf/sub_GEO061_wf/bold_ses_t2_task_image_run_3_wf/bold_confounds_wf/rename_acompcor".
250528-06:20:53,463 nipype.workflow INFO:
	 [Node] Executing "rename_acompcor" <fmriprep.interfaces.confounds.RenameACompCor>
250528-06:20:53,607 nipype.workflow INFO:
	 [Node] Finished "rename_acompcor", elapsed time 0.142931s.
250528-06:20:54,997 nipype.workflow INFO:
	 [Node] Setting-up "fmriprep_25_0_wf.sub_GEO061_wf.bold_ses_t2_task_image_run_3_wf.bold_confounds_wf.signals" in "/work/fmriprep_25_0_wf/sub_GEO061_wf/bold_ses_t2_task_image_run_3_wf/bold_confounds_wf/signals".
250528-06:20:55,113 nipype.workflow INFO:
	 [Node] Executing "signals" <niworkflows.interfaces.images.SignalExtraction>
250528-06:21:01,433 nipype.workflow INFO:
	 [Node] Finished "signals", elapsed time 6.319688s.
250528-06:21:02,999 nipype.workflow INFO:
	 [Node] Setting-up "fmriprep_25_0_wf.sub_GEO061_wf.bold_ses_t2_task_image_run_4_wf.bold_confounds_wf.crowncompcor" in "/work/fmriprep_25_0_wf/sub_GEO061_wf/bold_ses_t2_task_image_run_4_wf/bold_confounds_wf/crowncompcor".
250528-06:21:03,117 nipype.workflow INFO:
	 [Node] Executing "crowncompcor" <niworkflows.interfaces.patches.RobustACompCor>
250528-06:21:11,606 nipype.workflow INFO:
	 [Node] Finished "crowncompcor", elapsed time 8.48867s.
250528-06:21:12,982 nipype.workflow INFO:
	 [Node] Setting-up "fmriprep_25_0_wf.sub_GEO061_wf.bold_ses_t2_task_image_run_4_wf.bold_confounds_wf.rename_acompcor" in "/work/fmriprep_25_0_wf/sub_GEO061_wf/bold_ses_t2_task_image_run_4_wf/bold_confounds_wf/rename_acompcor".
250528-06:21:13,84 nipype.workflow INFO:
	 [Node] Executing "rename_acompcor" <fmriprep.interfaces.confounds.RenameACompCor>
250528-06:21:13,226 nipype.workflow INFO:
	 [Node] Finished "rename_acompcor", elapsed time 0.141022s.
250528-06:21:15,11 nipype.workflow INFO:
	 [Node] Setting-up "fmriprep_25_0_wf.sub_GEO061_wf.bold_ses_t2_task_image_run_4_wf.bold_confounds_wf.signals" in "/work/fmriprep_25_0_wf/sub_GEO061_wf/bold_ses_t2_task_image_run_4_wf/bold_confounds_wf/signals".
250528-06:21:15,128 nipype.workflow INFO:
	 [Node] Executing "signals" <niworkflows.interfaces.images.SignalExtraction>
250528-06:21:21,505 nipype.workflow INFO:
	 [Node] Finished "signals", elapsed time 6.376164s.
250528-06:21:23,135 nipype.workflow INFO:
	 [Node] Setting-up "fmriprep_25_0_wf.sub_GEO061_wf.bold_ses_t2_task_image_run_5_wf.bold_confounds_wf.crowncompcor" in "/work/fmriprep_25_0_wf/sub_GEO061_wf/bold_ses_t2_task_image_run_5_wf/bold_confounds_wf/crowncompcor".
250528-06:21:23,273 nipype.workflow INFO:
	 [Node] Executing "crowncompcor" <niworkflows.interfaces.patches.RobustACompCor>
250528-06:21:31,827 nipype.workflow INFO:
	 [Node] Finished "crowncompcor", elapsed time 8.542145s.
250528-06:21:33,14 nipype.workflow INFO:
	 [Node] Setting-up "fmriprep_25_0_wf.sub_GEO061_wf.bold_ses_t2_task_image_run_5_wf.bold_confounds_wf.rename_acompcor" in "/work/fmriprep_25_0_wf/sub_GEO061_wf/bold_ses_t2_task_image_run_5_wf/bold_confounds_wf/rename_acompcor".
250528-06:21:33,108 nipype.workflow INFO:
	 [Node] Executing "rename_acompcor" <fmriprep.interfaces.confounds.RenameACompCor>
250528-06:21:33,258 nipype.workflow INFO:
	 [Node] Finished "rename_acompcor", elapsed time 0.148925s.
250528-06:21:35,144 nipype.workflow INFO:
	 [Node] Setting-up "fmriprep_25_0_wf.sub_GEO061_wf.bold_ses_t2_task_image_run_5_wf.bold_confounds_wf.signals" in "/work/fmriprep_25_0_wf/sub_GEO061_wf/bold_ses_t2_task_image_run_5_wf/bold_confounds_wf/signals".
250528-06:21:35,363 nipype.workflow INFO:
	 [Node] Executing "signals" <niworkflows.interfaces.images.SignalExtraction>
250528-06:21:41,688 nipype.workflow INFO:
	 [Node] Finished "signals", elapsed time 6.324051s.
250528-06:21:43,48 nipype.workflow INFO:
	 [Node] Setting-up "fmriprep_25_0_wf.sub_GEO061_wf.bold_ses_t3_task_image_run_1_wf.bold_confounds_wf.crowncompcor" in "/work/fmriprep_25_0_wf/sub_GEO061_wf/bold_ses_t3_task_image_run_1_wf/bold_confounds_wf/crowncompcor".
250528-06:21:43,185 nipype.workflow INFO:
	 [Node] Executing "crowncompcor" <niworkflows.interfaces.patches.RobustACompCor>
250528-06:21:55,468 nipype.workflow INFO:
	 [Node] Finished "crowncompcor", elapsed time 12.282219s.
250528-06:21:57,8 nipype.workflow INFO:
	 [Node] Setting-up "fmriprep_25_0_wf.sub_GEO061_wf.bold_ses_t3_task_image_run_1_wf.bold_confounds_wf.rename_acompcor" in "/work/fmriprep_25_0_wf/sub_GEO061_wf/bold_ses_t3_task_image_run_1_wf/bold_confounds_wf/rename_acompcor".
250528-06:21:57,104 nipype.workflow INFO:
	 [Node] Executing "rename_acompcor" <fmriprep.interfaces.confounds.RenameACompCor>
250528-06:21:57,239 nipype.workflow INFO:
	 [Node] Finished "rename_acompcor", elapsed time 0.133964s.
250528-06:21:59,83 nipype.workflow INFO:
	 [Node] Setting-up "fmriprep_25_0_wf.sub_GEO061_wf.bold_ses_t3_task_image_run_1_wf.bold_confounds_wf.signals" in "/work/fmriprep_25_0_wf/sub_GEO061_wf/bold_ses_t3_task_image_run_1_wf/bold_confounds_wf/signals".
250528-06:21:59,202 nipype.workflow INFO:
	 [Node] Executing "signals" <niworkflows.interfaces.images.SignalExtraction>
250528-06:22:05,645 nipype.workflow INFO:
	 [Node] Finished "signals", elapsed time 6.442025s.
250528-06:22:06,989 nipype.workflow INFO:
	 [Node] Setting-up "fmriprep_25_0_wf.sub_GEO061_wf.bold_ses_t3_task_image_run_2_wf.bold_confounds_wf.crowncompcor" in "/work/fmriprep_25_0_wf/sub_GEO061_wf/bold_ses_t3_task_image_run_2_wf/bold_confounds_wf/crowncompcor".
250528-06:22:07,549 nipype.workflow INFO:
	 [Node] Executing "crowncompcor" <niworkflows.interfaces.patches.RobustACompCor>
250528-06:22:15,454 nipype.workflow INFO:
	 [Node] Finished "crowncompcor", elapsed time 7.9043790000000005s.
250528-06:22:17,2 nipype.workflow INFO:
	 [Node] Setting-up "fmriprep_25_0_wf.sub_GEO061_wf.bold_ses_t3_task_image_run_2_wf.bold_confounds_wf.rename_acompcor" in "/work/fmriprep_25_0_wf/sub_GEO061_wf/bold_ses_t3_task_image_run_2_wf/bold_confounds_wf/rename_acompcor".
250528-06:22:17,93 nipype.workflow INFO:
	 [Node] Executing "rename_acompcor" <fmriprep.interfaces.confounds.RenameACompCor>
250528-06:22:17,223 nipype.workflow INFO:
	 [Node] Finished "rename_acompcor", elapsed time 0.128612s.
250528-06:22:19,35 nipype.workflow INFO:
	 [Node] Setting-up "fmriprep_25_0_wf.sub_GEO061_wf.bold_ses_t3_task_image_run_2_wf.bold_confounds_wf.signals" in "/work/fmriprep_25_0_wf/sub_GEO061_wf/bold_ses_t3_task_image_run_2_wf/bold_confounds_wf/signals".
250528-06:22:19,560 nipype.workflow INFO:
	 [Node] Executing "signals" <niworkflows.interfaces.images.SignalExtraction>
250528-06:22:26,145 nipype.workflow INFO:
	 [Node] Finished "signals", elapsed time 6.583473s.
250528-06:22:27,37 nipype.workflow INFO:
	 [Node] Setting-up "fmriprep_25_0_wf.sub_GEO061_wf.bold_ses_t3_task_image_run_3_wf.bold_confounds_wf.crowncompcor" in "/work/fmriprep_25_0_wf/sub_GEO061_wf/bold_ses_t3_task_image_run_3_wf/bold_confounds_wf/crowncompcor".
250528-06:22:27,180 nipype.workflow INFO:
	 [Node] Executing "crowncompcor" <niworkflows.interfaces.patches.RobustACompCor>
250528-06:22:35,376 nipype.workflow INFO:
	 [Node] Finished "crowncompcor", elapsed time 8.194463s.
250528-06:22:37,95 nipype.workflow INFO:
	 [Node] Setting-up "fmriprep_25_0_wf.sub_GEO061_wf.bold_ses_t3_task_image_run_3_wf.bold_confounds_wf.rename_acompcor" in "/work/fmriprep_25_0_wf/sub_GEO061_wf/bold_ses_t3_task_image_run_3_wf/bold_confounds_wf/rename_acompcor".
250528-06:22:37,484 nipype.workflow INFO:
	 [Node] Executing "rename_acompcor" <fmriprep.interfaces.confounds.RenameACompCor>
250528-06:22:37,651 nipype.workflow INFO:
	 [Node] Finished "rename_acompcor", elapsed time 0.166182s.
250528-06:22:39,131 nipype.workflow INFO:
	 [Node] Setting-up "fmriprep_25_0_wf.sub_GEO061_wf.bold_ses_t3_task_image_run_3_wf.bold_confounds_wf.signals" in "/work/fmriprep_25_0_wf/sub_GEO061_wf/bold_ses_t3_task_image_run_3_wf/bold_confounds_wf/signals".
250528-06:22:39,259 nipype.workflow INFO:
	 [Node] Executing "signals" <niworkflows.interfaces.images.SignalExtraction>
250528-06:22:45,505 nipype.workflow INFO:
	 [Node] Finished "signals", elapsed time 6.24514s.
250528-06:22:47,29 nipype.workflow INFO:
	 [Node] Setting-up "fmriprep_25_0_wf.sub_GEO061_wf.bold_ses_t3_task_image_run_4_wf.bold_confounds_wf.crowncompcor" in "/work/fmriprep_25_0_wf/sub_GEO061_wf/bold_ses_t3_task_image_run_4_wf/bold_confounds_wf/crowncompcor".
250528-06:22:47,243 nipype.workflow INFO:
	 [Node] Executing "crowncompcor" <niworkflows.interfaces.patches.RobustACompCor>
250528-06:22:55,525 nipype.workflow INFO:
	 [Node] Finished "crowncompcor", elapsed time 8.280846s.
250528-06:22:57,25 nipype.workflow INFO:
	 [Node] Setting-up "fmriprep_25_0_wf.sub_GEO061_wf.bold_ses_t3_task_image_run_4_wf.bold_confounds_wf.rename_acompcor" in "/work/fmriprep_25_0_wf/sub_GEO061_wf/bold_ses_t3_task_image_run_4_wf/bold_confounds_wf/rename_acompcor".
250528-06:22:57,114 nipype.workflow INFO:
	 [Node] Executing "rename_acompcor" <fmriprep.interfaces.confounds.RenameACompCor>
250528-06:22:57,241 nipype.workflow INFO:
	 [Node] Finished "rename_acompcor", elapsed time 0.126277s.
250528-06:22:59,57 nipype.workflow INFO:
	 [Node] Setting-up "fmriprep_25_0_wf.sub_GEO061_wf.bold_ses_t3_task_image_run_4_wf.bold_confounds_wf.signals" in "/work/fmriprep_25_0_wf/sub_GEO061_wf/bold_ses_t3_task_image_run_4_wf/bold_confounds_wf/signals".
250528-06:22:59,189 nipype.workflow INFO:
	 [Node] Executing "signals" <niworkflows.interfaces.images.SignalExtraction>
250528-06:23:05,721 nipype.workflow INFO:
	 [Node] Finished "signals", elapsed time 6.530875s.
250528-06:23:07,318 nipype.workflow INFO:
	 [Node] Setting-up "fmriprep_25_0_wf.sub_GEO061_wf.bold_ses_t3_task_image_run_5_wf.bold_confounds_wf.crowncompcor" in "/work/fmriprep_25_0_wf/sub_GEO061_wf/bold_ses_t3_task_image_run_5_wf/bold_confounds_wf/crowncompcor".
250528-06:23:07,432 nipype.workflow INFO:
	 [Node] Executing "crowncompcor" <niworkflows.interfaces.patches.RobustACompCor>
250528-06:23:19,931 nipype.workflow INFO:
	 [Node] Finished "crowncompcor", elapsed time 12.497998s.
250528-06:23:21,50 nipype.workflow INFO:
	 [Node] Setting-up "fmriprep_25_0_wf.sub_GEO061_wf.bold_ses_t3_task_retrans_run_1_wf.bold_confounds_wf.crowncompcor" in "/work/fmriprep_25_0_wf/sub_GEO061_wf/bold_ses_t3_task_retrans_run_1_wf/bold_confounds_wf/crowncompcor".
250528-06:23:21,162 nipype.workflow INFO:
	 [Node] Executing "crowncompcor" <niworkflows.interfaces.patches.RobustACompCor>
250528-06:23:31,210 nipype.workflow INFO:
	 [Node] Finished "crowncompcor", elapsed time 10.047033s.
250528-06:23:33,66 nipype.workflow INFO:
	 [Node] Setting-up "fmriprep_25_0_wf.sub_GEO061_wf.bold_ses_t2_task_image_run_1_wf.bold_confounds_wf.crowncc_metadata_fmt" in "/work/fmriprep_25_0_wf/sub_GEO061_wf/bold_ses_t2_task_image_run_1_wf/bold_confounds_wf/crowncc_metadata_fmt".
250528-06:23:33,159 nipype.workflow INFO:
	 [Node] Executing "crowncc_metadata_fmt" <niworkflows.interfaces.utility.TSV2JSON>
250528-06:23:33,367 nipype.workflow INFO:
	 [Node] Finished "crowncc_metadata_fmt", elapsed time 0.206808s.
250528-06:23:35,599 nipype.workflow INFO:
	 [Node] Setting-up "fmriprep_25_0_wf.sub_GEO061_wf.bold_ses_t2_task_image_run_1_wf.bold_confounds_wf.rois_plot" in "/work/fmriprep_25_0_wf/sub_GEO061_wf/bold_ses_t2_task_image_run_1_wf/bold_confounds_wf/rois_plot".
250528-06:23:35,734 nipype.workflow INFO:
	 [Node] Executing "rois_plot" <niworkflows.interfaces.reportlets.masks.ROIsPlot>
250528-06:23:55,256 nipype.workflow INFO:
	 [Node] Finished "rois_plot", elapsed time 19.520681s.
250528-06:23:57,89 nipype.workflow INFO:
	 [Node] Setting-up "fmriprep_25_0_wf.sub_GEO061_wf.bold_ses_t2_task_image_run_1_wf.bold_confounds_wf.acc_metadata_filter" in "/work/fmriprep_25_0_wf/sub_GEO061_wf/bold_ses_t2_task_image_run_1_wf/bold_confounds_wf/acc_metadata_filter".
250528-06:23:57,202 nipype.workflow INFO:
	 [Node] Executing "acc_metadata_filter" <fmriprep.interfaces.confounds.FilterDropped>
250528-06:23:57,223 nipype.workflow INFO:
	 [Node] Finished "acc_metadata_filter", elapsed time 0.019449s.
250528-06:24:00,285 nipype.workflow INFO:
	 [Node] Setting-up "fmriprep_25_0_wf.sub_GEO061_wf.bold_ses_t2_task_image_run_2_wf.bold_confounds_wf.crowncc_metadata_fmt" in "/work/fmriprep_25_0_wf/sub_GEO061_wf/bold_ses_t2_task_image_run_2_wf/bold_confounds_wf/crowncc_metadata_fmt".
250528-06:24:00,436 nipype.workflow INFO:
	 [Node] Executing "crowncc_metadata_fmt" <niworkflows.interfaces.utility.TSV2JSON>
250528-06:24:00,461 nipype.workflow INFO:
	 [Node] Finished "crowncc_metadata_fmt", elapsed time 0.024106s.
250528-06:24:01,845 nipype.workflow INFO:
	 [Node] Setting-up "fmriprep_25_0_wf.sub_GEO061_wf.bold_ses_t2_task_image_run_2_wf.bold_confounds_wf.rois_plot" in "/work/fmriprep_25_0_wf/sub_GEO061_wf/bold_ses_t2_task_image_run_2_wf/bold_confounds_wf/rois_plot".
250528-06:24:02,117 nipype.workflow INFO:
	 [Node] Executing "rois_plot" <niworkflows.interfaces.reportlets.masks.ROIsPlot>
250528-06:24:19,425 nipype.workflow INFO:
	 [Node] Finished "rois_plot", elapsed time 17.306695s.
250528-06:24:21,117 nipype.workflow INFO:
	 [Node] Setting-up "fmriprep_25_0_wf.sub_GEO061_wf.bold_ses_t2_task_image_run_2_wf.bold_confounds_wf.acc_metadata_filter" in "/work/fmriprep_25_0_wf/sub_GEO061_wf/bold_ses_t2_task_image_run_2_wf/bold_confounds_wf/acc_metadata_filter".
250528-06:24:21,492 nipype.workflow INFO:
	 [Node] Executing "acc_metadata_filter" <fmriprep.interfaces.confounds.FilterDropped>
250528-06:24:21,513 nipype.workflow INFO:
	 [Node] Finished "acc_metadata_filter", elapsed time 0.019625s.
250528-06:24:24,146 nipype.workflow INFO:
	 [Node] Setting-up "fmriprep_25_0_wf.sub_GEO061_wf.bold_ses_t2_task_image_run_3_wf.bold_confounds_wf.crowncc_metadata_fmt" in "/work/fmriprep_25_0_wf/sub_GEO061_wf/bold_ses_t2_task_image_run_3_wf/bold_confounds_wf/crowncc_metadata_fmt".
250528-06:24:24,574 nipype.workflow INFO:
	 [Node] Executing "crowncc_metadata_fmt" <niworkflows.interfaces.utility.TSV2JSON>
250528-06:24:24,583 nipype.workflow INFO:
	 [Node] Finished "crowncc_metadata_fmt", elapsed time 0.008689s.
250528-06:24:25,647 nipype.workflow INFO:
	 [Node] Setting-up "fmriprep_25_0_wf.sub_GEO061_wf.bold_ses_t2_task_image_run_3_wf.bold_confounds_wf.rois_plot" in "/work/fmriprep_25_0_wf/sub_GEO061_wf/bold_ses_t2_task_image_run_3_wf/bold_confounds_wf/rois_plot".
250528-06:24:25,889 nipype.workflow INFO:
	 [Node] Executing "rois_plot" <niworkflows.interfaces.reportlets.masks.ROIsPlot>
250528-06:24:43,183 nipype.workflow INFO:
	 [Node] Finished "rois_plot", elapsed time 17.293467s.
250528-06:24:45,292 nipype.workflow INFO:
	 [Node] Setting-up "fmriprep_25_0_wf.sub_GEO061_wf.bold_ses_t2_task_image_run_3_wf.bold_confounds_wf.acc_metadata_filter" in "/work/fmriprep_25_0_wf/sub_GEO061_wf/bold_ses_t2_task_image_run_3_wf/bold_confounds_wf/acc_metadata_filter".
250528-06:24:45,384 nipype.workflow INFO:
	 [Node] Executing "acc_metadata_filter" <fmriprep.interfaces.confounds.FilterDropped>
250528-06:24:45,404 nipype.workflow INFO:
	 [Node] Finished "acc_metadata_filter", elapsed time 0.018911s.
250528-06:24:47,889 nipype.workflow INFO:
	 [Node] Setting-up "fmriprep_25_0_wf.sub_GEO061_wf.bold_ses_t2_task_image_run_4_wf.bold_confounds_wf.crowncc_metadata_fmt" in "/work/fmriprep_25_0_wf/sub_GEO061_wf/bold_ses_t2_task_image_run_4_wf/bold_confounds_wf/crowncc_metadata_fmt".
250528-06:24:48,253 nipype.workflow INFO:
	 [Node] Executing "crowncc_metadata_fmt" <niworkflows.interfaces.utility.TSV2JSON>
250528-06:24:48,263 nipype.workflow INFO:
	 [Node] Finished "crowncc_metadata_fmt", elapsed time 0.008991s.
250528-06:24:49,771 nipype.workflow INFO:
	 [Node] Setting-up "fmriprep_25_0_wf.sub_GEO061_wf.bold_ses_t2_task_image_run_4_wf.bold_confounds_wf.rois_plot" in "/work/fmriprep_25_0_wf/sub_GEO061_wf/bold_ses_t2_task_image_run_4_wf/bold_confounds_wf/rois_plot".
250528-06:24:49,996 nipype.workflow INFO:
	 [Node] Executing "rois_plot" <niworkflows.interfaces.reportlets.masks.ROIsPlot>
250528-06:25:08,79 nipype.workflow INFO:
	 [Node] Finished "rois_plot", elapsed time 18.082483s.
250528-06:25:09,234 nipype.workflow INFO:
	 [Node] Setting-up "fmriprep_25_0_wf.sub_GEO061_wf.bold_ses_t2_task_image_run_4_wf.bold_confounds_wf.acc_metadata_filter" in "/work/fmriprep_25_0_wf/sub_GEO061_wf/bold_ses_t2_task_image_run_4_wf/bold_confounds_wf/acc_metadata_filter".
250528-06:25:09,338 nipype.workflow INFO:
	 [Node] Executing "acc_metadata_filter" <fmriprep.interfaces.confounds.FilterDropped>
250528-06:25:09,359 nipype.workflow INFO:
	 [Node] Finished "acc_metadata_filter", elapsed time 0.019735s.
250528-06:25:12,538 nipype.workflow INFO:
	 [Node] Setting-up "fmriprep_25_0_wf.sub_GEO061_wf.bold_ses_t2_task_image_run_5_wf.bold_confounds_wf.crowncc_metadata_fmt" in "/work/fmriprep_25_0_wf/sub_GEO061_wf/bold_ses_t2_task_image_run_5_wf/bold_confounds_wf/crowncc_metadata_fmt".
250528-06:25:12,642 nipype.workflow INFO:
	 [Node] Executing "crowncc_metadata_fmt" <niworkflows.interfaces.utility.TSV2JSON>
250528-06:25:12,651 nipype.workflow INFO:
	 [Node] Finished "crowncc_metadata_fmt", elapsed time 0.008249s.
250528-06:25:13,695 nipype.workflow INFO:
	 [Node] Setting-up "fmriprep_25_0_wf.sub_GEO061_wf.bold_ses_t2_task_image_run_5_wf.bold_confounds_wf.rois_plot" in "/work/fmriprep_25_0_wf/sub_GEO061_wf/bold_ses_t2_task_image_run_5_wf/bold_confounds_wf/rois_plot".
250528-06:25:13,831 nipype.workflow INFO:
	 [Node] Executing "rois_plot" <niworkflows.interfaces.reportlets.masks.ROIsPlot>
250528-06:25:32,610 nipype.workflow INFO:
	 [Node] Finished "rois_plot", elapsed time 18.777445s.
250528-06:25:33,156 nipype.workflow INFO:
	 [Node] Setting-up "fmriprep_25_0_wf.sub_GEO061_wf.bold_ses_t2_task_image_run_5_wf.bold_confounds_wf.acc_metadata_filter" in "/work/fmriprep_25_0_wf/sub_GEO061_wf/bold_ses_t2_task_image_run_5_wf/bold_confounds_wf/acc_metadata_filter".
250528-06:25:33,298 nipype.workflow INFO:
	 [Node] Executing "acc_metadata_filter" <fmriprep.interfaces.confounds.FilterDropped>
250528-06:25:33,349 nipype.workflow INFO:
	 [Node] Finished "acc_metadata_filter", elapsed time 0.046097s.
250528-06:25:35,945 nipype.workflow INFO:
	 [Node] Setting-up "fmriprep_25_0_wf.sub_GEO061_wf.bold_ses_t3_task_image_run_1_wf.bold_confounds_wf.crowncc_metadata_fmt" in "/work/fmriprep_25_0_wf/sub_GEO061_wf/bold_ses_t3_task_image_run_1_wf/bold_confounds_wf/crowncc_metadata_fmt".
250528-06:25:36,49 nipype.workflow INFO:
	 [Node] Executing "crowncc_metadata_fmt" <niworkflows.interfaces.utility.TSV2JSON>
250528-06:25:36,58 nipype.workflow INFO:
	 [Node] Finished "crowncc_metadata_fmt", elapsed time 0.007974s.
250528-06:25:37,539 nipype.workflow INFO:
	 [Node] Setting-up "fmriprep_25_0_wf.sub_GEO061_wf.bold_ses_t3_task_image_run_1_wf.bold_confounds_wf.rois_plot" in "/work/fmriprep_25_0_wf/sub_GEO061_wf/bold_ses_t3_task_image_run_1_wf/bold_confounds_wf/rois_plot".
250528-06:25:37,685 nipype.workflow INFO:
	 [Node] Executing "rois_plot" <niworkflows.interfaces.reportlets.masks.ROIsPlot>
250528-06:25:57,252 nipype.workflow INFO:
	 [Node] Finished "rois_plot", elapsed time 19.566363s.
250528-06:25:59,116 nipype.workflow INFO:
	 [Node] Setting-up "fmriprep_25_0_wf.sub_GEO061_wf.bold_ses_t3_task_image_run_1_wf.bold_confounds_wf.acc_metadata_filter" in "/work/fmriprep_25_0_wf/sub_GEO061_wf/bold_ses_t3_task_image_run_1_wf/bold_confounds_wf/acc_metadata_filter".
250528-06:25:59,208 nipype.workflow INFO:
	 [Node] Executing "acc_metadata_filter" <fmriprep.interfaces.confounds.FilterDropped>
250528-06:25:59,230 nipype.workflow INFO:
	 [Node] Finished "acc_metadata_filter", elapsed time 0.020954s.
250528-06:26:02,201 nipype.workflow INFO:
	 [Node] Setting-up "fmriprep_25_0_wf.sub_GEO061_wf.bold_ses_t3_task_image_run_2_wf.bold_confounds_wf.crowncc_metadata_fmt" in "/work/fmriprep_25_0_wf/sub_GEO061_wf/bold_ses_t3_task_image_run_2_wf/bold_confounds_wf/crowncc_metadata_fmt".
250528-06:26:02,295 nipype.workflow INFO:
	 [Node] Executing "crowncc_metadata_fmt" <niworkflows.interfaces.utility.TSV2JSON>
250528-06:26:02,305 nipype.workflow INFO:
	 [Node] Finished "crowncc_metadata_fmt", elapsed time 0.009037s.
250528-06:26:03,711 nipype.workflow INFO:
	 [Node] Setting-up "fmriprep_25_0_wf.sub_GEO061_wf.bold_ses_t3_task_image_run_2_wf.bold_confounds_wf.rois_plot" in "/work/fmriprep_25_0_wf/sub_GEO061_wf/bold_ses_t3_task_image_run_2_wf/bold_confounds_wf/rois_plot".
250528-06:26:03,850 nipype.workflow INFO:
	 [Node] Executing "rois_plot" <niworkflows.interfaces.reportlets.masks.ROIsPlot>
250528-06:26:22,734 nipype.workflow INFO:
	 [Node] Finished "rois_plot", elapsed time 18.882291s.
250528-06:26:23,122 nipype.workflow INFO:
	 [Node] Setting-up "fmriprep_25_0_wf.sub_GEO061_wf.bold_ses_t3_task_image_run_2_wf.bold_confounds_wf.acc_metadata_filter" in "/work/fmriprep_25_0_wf/sub_GEO061_wf/bold_ses_t3_task_image_run_2_wf/bold_confounds_wf/acc_metadata_filter".
250528-06:26:23,206 nipype.workflow INFO:
	 [Node] Executing "acc_metadata_filter" <fmriprep.interfaces.confounds.FilterDropped>
250528-06:26:23,227 nipype.workflow INFO:
	 [Node] Finished "acc_metadata_filter", elapsed time 0.019432s.
250528-06:26:26,152 nipype.workflow INFO:
	 [Node] Setting-up "fmriprep_25_0_wf.sub_GEO061_wf.bold_ses_t3_task_image_run_3_wf.bold_confounds_wf.crowncc_metadata_fmt" in "/work/fmriprep_25_0_wf/sub_GEO061_wf/bold_ses_t3_task_image_run_3_wf/bold_confounds_wf/crowncc_metadata_fmt".
250528-06:26:26,246 nipype.workflow INFO:
	 [Node] Executing "crowncc_metadata_fmt" <niworkflows.interfaces.utility.TSV2JSON>
250528-06:26:26,258 nipype.workflow INFO:
	 [Node] Finished "crowncc_metadata_fmt", elapsed time 0.010629s.
250528-06:26:27,657 nipype.workflow INFO:
	 [Node] Setting-up "fmriprep_25_0_wf.sub_GEO061_wf.bold_ses_t3_task_image_run_3_wf.bold_confounds_wf.rois_plot" in "/work/fmriprep_25_0_wf/sub_GEO061_wf/bold_ses_t3_task_image_run_3_wf/bold_confounds_wf/rois_plot".
250528-06:26:27,813 nipype.workflow INFO:
	 [Node] Executing "rois_plot" <niworkflows.interfaces.reportlets.masks.ROIsPlot>
250528-06:26:45,42 nipype.workflow INFO:
	 [Node] Finished "rois_plot", elapsed time 17.227979s.
250528-06:26:47,143 nipype.workflow INFO:
	 [Node] Setting-up "fmriprep_25_0_wf.sub_GEO061_wf.bold_ses_t3_task_image_run_3_wf.bold_confounds_wf.acc_metadata_filter" in "/work/fmriprep_25_0_wf/sub_GEO061_wf/bold_ses_t3_task_image_run_3_wf/bold_confounds_wf/acc_metadata_filter".
250528-06:26:47,237 nipype.workflow INFO:
	 [Node] Executing "acc_metadata_filter" <fmriprep.interfaces.confounds.FilterDropped>
250528-06:26:47,257 nipype.workflow INFO:
	 [Node] Finished "acc_metadata_filter", elapsed time 0.019326s.
250528-06:26:50,88 nipype.workflow INFO:
	 [Node] Setting-up "fmriprep_25_0_wf.sub_GEO061_wf.bold_ses_t3_task_image_run_4_wf.bold_confounds_wf.crowncc_metadata_fmt" in "/work/fmriprep_25_0_wf/sub_GEO061_wf/bold_ses_t3_task_image_run_4_wf/bold_confounds_wf/crowncc_metadata_fmt".
250528-06:26:50,186 nipype.workflow INFO:
	 [Node] Executing "crowncc_metadata_fmt" <niworkflows.interfaces.utility.TSV2JSON>
250528-06:26:50,195 nipype.workflow INFO:
	 [Node] Finished "crowncc_metadata_fmt", elapsed time 0.007545s.
250528-06:26:51,847 nipype.workflow INFO:
	 [Node] Setting-up "fmriprep_25_0_wf.sub_GEO061_wf.bold_ses_t3_task_image_run_4_wf.bold_confounds_wf.rois_plot" in "/work/fmriprep_25_0_wf/sub_GEO061_wf/bold_ses_t3_task_image_run_4_wf/bold_confounds_wf/rois_plot".
250528-06:26:52,630 nipype.workflow INFO:
	 [Node] Executing "rois_plot" <niworkflows.interfaces.reportlets.masks.ROIsPlot>
250528-06:27:09,537 nipype.workflow INFO:
	 [Node] Finished "rois_plot", elapsed time 16.906058s.
250528-06:27:11,245 nipype.workflow INFO:
	 [Node] Setting-up "fmriprep_25_0_wf.sub_GEO061_wf.bold_ses_t3_task_image_run_4_wf.bold_confounds_wf.acc_metadata_filter" in "/work/fmriprep_25_0_wf/sub_GEO061_wf/bold_ses_t3_task_image_run_4_wf/bold_confounds_wf/acc_metadata_filter".
250528-06:27:11,378 nipype.workflow INFO:
	 [Node] Executing "acc_metadata_filter" <fmriprep.interfaces.confounds.FilterDropped>
250528-06:27:11,400 nipype.workflow INFO:
	 [Node] Finished "acc_metadata_filter", elapsed time 0.021162s.
250528-06:27:16,352 nipype.workflow INFO:
	 [Node] Setting-up "fmriprep_25_0_wf.sub_GEO061_wf.bold_ses_t3_task_image_run_5_wf.bold_confounds_wf.crowncc_metadata_fmt" in "/work/fmriprep_25_0_wf/sub_GEO061_wf/bold_ses_t3_task_image_run_5_wf/bold_confounds_wf/crowncc_metadata_fmt".
250528-06:27:16,464 nipype.workflow INFO:
	 [Node] Executing "crowncc_metadata_fmt" <niworkflows.interfaces.utility.TSV2JSON>
250528-06:27:16,474 nipype.workflow INFO:
	 [Node] Finished "crowncc_metadata_fmt", elapsed time 0.008829s.
250528-06:27:18,706 nipype.workflow INFO:
	 [Node] Setting-up "fmriprep_25_0_wf.sub_GEO061_wf.bold_ses_t3_task_retrans_run_1_wf.bold_confounds_wf.crowncc_metadata_fmt" in "/work/fmriprep_25_0_wf/sub_GEO061_wf/bold_ses_t3_task_retrans_run_1_wf/bold_confounds_wf/crowncc_metadata_fmt".
250528-06:27:18,925 nipype.workflow INFO:
	 [Node] Executing "crowncc_metadata_fmt" <niworkflows.interfaces.utility.TSV2JSON>
250528-06:27:18,937 nipype.workflow INFO:
	 [Node] Finished "crowncc_metadata_fmt", elapsed time 0.011106s.
250528-06:27:20,727 nipype.workflow INFO:
	 [Node] Setting-up "fmriprep_25_0_wf.sub_GEO061_wf.bold_ses_t2_task_image_run_1_wf.bold_confounds_wf.compcor_plot" in "/work/fmriprep_25_0_wf/sub_GEO061_wf/bold_ses_t2_task_image_run_1_wf/bold_confounds_wf/compcor_plot".
250528-06:27:20,925 nipype.workflow INFO:
	 [Node] Executing "compcor_plot" <nireports.interfaces.nuisance.CompCorVariancePlot>
250528-06:27:21,351 nipype.workflow INFO:
	 [Node] Finished "compcor_plot", elapsed time 0.424948s.
250528-06:27:23,332 nipype.workflow INFO:
	 [Node] Setting-up "fmriprep_25_0_wf.sub_GEO061_wf.bold_ses_t2_task_image_run_1_wf.bold_confounds_wf.acc_metadata_fmt" in "/work/fmriprep_25_0_wf/sub_GEO061_wf/bold_ses_t2_task_image_run_1_wf/bold_confounds_wf/acc_metadata_fmt".
250528-06:27:23,434 nipype.workflow INFO:
	 [Node] Executing "acc_metadata_fmt" <niworkflows.interfaces.utility.TSV2JSON>
250528-06:27:23,443 nipype.workflow INFO:
	 [Node] Finished "acc_metadata_fmt", elapsed time 0.007972s.
250528-06:27:24,806 nipype.workflow INFO:
	 [Node] Setting-up "fmriprep_25_0_wf.sub_GEO061_wf.bold_ses_t2_task_image_run_1_wf.bold_confounds_wf.model_expansion" in "/work/fmriprep_25_0_wf/sub_GEO061_wf/bold_ses_t2_task_image_run_1_wf/bold_confounds_wf/model_expansion".
250528-06:27:24,927 nipype.workflow INFO:
	 [Node] Executing "model_expansion" <niworkflows.interfaces.confounds.ExpandModel>
250528-06:27:25,167 nipype.workflow INFO:
	 [Node] Finished "model_expansion", elapsed time 0.239413s.
250528-06:27:26,708 nipype.workflow INFO:
	 [Node] Setting-up "fmriprep_25_0_wf.sub_GEO061_wf.bold_ses_t2_task_image_run_1_wf.bold_confounds_wf.conf_corr_plot" in "/work/fmriprep_25_0_wf/sub_GEO061_wf/bold_ses_t2_task_image_run_1_wf/bold_confounds_wf/conf_corr_plot".
250528-06:27:26,862 nipype.workflow INFO:
	 [Node] Executing "conf_corr_plot" <nireports.interfaces.nuisance.ConfoundsCorrelationPlot>
250528-06:27:27,819 nipype.workflow INFO:
	 [Node] Finished "conf_corr_plot", elapsed time 0.955106s.
250528-06:27:28,723 nipype.workflow INFO:
	 [Node] Setting-up "fmriprep_25_0_wf.sub_GEO061_wf.bold_ses_t2_task_image_run_2_wf.bold_confounds_wf.compcor_plot" in "/work/fmriprep_25_0_wf/sub_GEO061_wf/bold_ses_t2_task_image_run_2_wf/bold_confounds_wf/compcor_plot".
250528-06:27:28,843 nipype.workflow INFO:
	 [Node] Executing "compcor_plot" <nireports.interfaces.nuisance.CompCorVariancePlot>
250528-06:27:29,97 nipype.workflow INFO:
	 [Node] Finished "compcor_plot", elapsed time 0.253719s.
250528-06:27:31,398 nipype.workflow INFO:
	 [Node] Setting-up "fmriprep_25_0_wf.sub_GEO061_wf.bold_ses_t2_task_image_run_2_wf.bold_confounds_wf.acc_metadata_fmt" in "/work/fmriprep_25_0_wf/sub_GEO061_wf/bold_ses_t2_task_image_run_2_wf/bold_confounds_wf/acc_metadata_fmt".
250528-06:27:31,499 nipype.workflow INFO:
	 [Node] Executing "acc_metadata_fmt" <niworkflows.interfaces.utility.TSV2JSON>
250528-06:27:31,508 nipype.workflow INFO:
	 [Node] Finished "acc_metadata_fmt", elapsed time 0.00793s.
250528-06:27:32,662 nipype.workflow INFO:
	 [Node] Setting-up "fmriprep_25_0_wf.sub_GEO061_wf.bold_ses_t2_task_image_run_2_wf.bold_confounds_wf.model_expansion" in "/work/fmriprep_25_0_wf/sub_GEO061_wf/bold_ses_t2_task_image_run_2_wf/bold_confounds_wf/model_expansion".
250528-06:27:32,798 nipype.workflow INFO:
	 [Node] Executing "model_expansion" <niworkflows.interfaces.confounds.ExpandModel>
250528-06:27:33,4 nipype.workflow INFO:
	 [Node] Finished "model_expansion", elapsed time 0.204556s.
250528-06:27:34,795 nipype.workflow INFO:
	 [Node] Setting-up "fmriprep_25_0_wf.sub_GEO061_wf.bold_ses_t2_task_image_run_2_wf.bold_confounds_wf.conf_corr_plot" in "/work/fmriprep_25_0_wf/sub_GEO061_wf/bold_ses_t2_task_image_run_2_wf/bold_confounds_wf/conf_corr_plot".
250528-06:27:35,356 nipype.workflow INFO:
	 [Node] Executing "conf_corr_plot" <nireports.interfaces.nuisance.ConfoundsCorrelationPlot>
250528-06:27:36,629 nipype.workflow INFO:
	 [Node] Finished "conf_corr_plot", elapsed time 1.268809s.
250528-06:27:38,679 nipype.workflow INFO:
	 [Node] Setting-up "fmriprep_25_0_wf.sub_GEO061_wf.bold_ses_t2_task_image_run_3_wf.bold_confounds_wf.compcor_plot" in "/work/fmriprep_25_0_wf/sub_GEO061_wf/bold_ses_t2_task_image_run_3_wf/bold_confounds_wf/compcor_plot".
250528-06:27:38,944 nipype.workflow INFO:
	 [Node] Executing "compcor_plot" <nireports.interfaces.nuisance.CompCorVariancePlot>
250528-06:27:39,305 nipype.workflow INFO:
	 [Node] Finished "compcor_plot", elapsed time 0.360032s.
250528-06:27:41,298 nipype.workflow INFO:
	 [Node] Setting-up "fmriprep_25_0_wf.sub_GEO061_wf.bold_ses_t2_task_image_run_3_wf.bold_confounds_wf.acc_metadata_fmt" in "/work/fmriprep_25_0_wf/sub_GEO061_wf/bold_ses_t2_task_image_run_3_wf/bold_confounds_wf/acc_metadata_fmt".
250528-06:27:41,414 nipype.workflow INFO:
	 [Node] Executing "acc_metadata_fmt" <niworkflows.interfaces.utility.TSV2JSON>
250528-06:27:41,425 nipype.workflow INFO:
	 [Node] Finished "acc_metadata_fmt", elapsed time 0.009852s.
250528-06:27:42,852 nipype.workflow INFO:
	 [Node] Setting-up "fmriprep_25_0_wf.sub_GEO061_wf.bold_ses_t2_task_image_run_3_wf.bold_confounds_wf.model_expansion" in "/work/fmriprep_25_0_wf/sub_GEO061_wf/bold_ses_t2_task_image_run_3_wf/bold_confounds_wf/model_expansion".
250528-06:27:43,14 nipype.workflow INFO:
	 [Node] Executing "model_expansion" <niworkflows.interfaces.confounds.ExpandModel>
250528-06:27:43,247 nipype.workflow INFO:
	 [Node] Finished "model_expansion", elapsed time 0.231789s.
250528-06:27:44,729 nipype.workflow INFO:
	 [Node] Setting-up "fmriprep_25_0_wf.sub_GEO061_wf.bold_ses_t2_task_image_run_3_wf.bold_confounds_wf.conf_corr_plot" in "/work/fmriprep_25_0_wf/sub_GEO061_wf/bold_ses_t2_task_image_run_3_wf/bold_confounds_wf/conf_corr_plot".
250528-06:27:45,118 nipype.workflow INFO:
	 [Node] Executing "conf_corr_plot" <nireports.interfaces.nuisance.ConfoundsCorrelationPlot>
250528-06:27:45,976 nipype.workflow INFO:
	 [Node] Finished "conf_corr_plot", elapsed time 0.856409s.
250528-06:27:46,747 nipype.workflow INFO:
	 [Node] Setting-up "fmriprep_25_0_wf.sub_GEO061_wf.bold_ses_t2_task_image_run_4_wf.bold_confounds_wf.compcor_plot" in "/work/fmriprep_25_0_wf/sub_GEO061_wf/bold_ses_t2_task_image_run_4_wf/bold_confounds_wf/compcor_plot".
250528-06:27:46,887 nipype.workflow INFO:
	 [Node] Executing "compcor_plot" <nireports.interfaces.nuisance.CompCorVariancePlot>
250528-06:27:47,151 nipype.workflow INFO:
	 [Node] Finished "compcor_plot", elapsed time 0.262583s.
250528-06:27:49,736 nipype.workflow INFO:
	 [Node] Setting-up "fmriprep_25_0_wf.sub_GEO061_wf.bold_ses_t2_task_image_run_4_wf.bold_confounds_wf.acc_metadata_fmt" in "/work/fmriprep_25_0_wf/sub_GEO061_wf/bold_ses_t2_task_image_run_4_wf/bold_confounds_wf/acc_metadata_fmt".
250528-06:27:49,950 nipype.workflow INFO:
	 [Node] Executing "acc_metadata_fmt" <niworkflows.interfaces.utility.TSV2JSON>
250528-06:27:49,959 nipype.workflow INFO:
	 [Node] Finished "acc_metadata_fmt", elapsed time 0.008221s.
250528-06:27:50,725 nipype.workflow INFO:
	 [Node] Setting-up "fmriprep_25_0_wf.sub_GEO061_wf.bold_ses_t2_task_image_run_4_wf.bold_confounds_wf.model_expansion" in "/work/fmriprep_25_0_wf/sub_GEO061_wf/bold_ses_t2_task_image_run_4_wf/bold_confounds_wf/model_expansion".
250528-06:27:50,908 nipype.workflow INFO:
	 [Node] Executing "model_expansion" <niworkflows.interfaces.confounds.ExpandModel>
250528-06:27:51,187 nipype.workflow INFO:
	 [Node] Finished "model_expansion", elapsed time 0.277674s.
250528-06:27:52,747 nipype.workflow INFO:
	 [Node] Setting-up "fmriprep_25_0_wf.sub_GEO061_wf.bold_ses_t2_task_image_run_4_wf.bold_confounds_wf.conf_corr_plot" in "/work/fmriprep_25_0_wf/sub_GEO061_wf/bold_ses_t2_task_image_run_4_wf/bold_confounds_wf/conf_corr_plot".
250528-06:27:52,943 nipype.workflow INFO:
	 [Node] Executing "conf_corr_plot" <nireports.interfaces.nuisance.ConfoundsCorrelationPlot>
250528-06:27:53,914 nipype.workflow INFO:
	 [Node] Finished "conf_corr_plot", elapsed time 0.967706s.
250528-06:27:54,878 nipype.workflow INFO:
	 [Node] Setting-up "fmriprep_25_0_wf.sub_GEO061_wf.bold_ses_t2_task_image_run_5_wf.bold_confounds_wf.compcor_plot" in "/work/fmriprep_25_0_wf/sub_GEO061_wf/bold_ses_t2_task_image_run_5_wf/bold_confounds_wf/compcor_plot".
250528-06:27:55,558 nipype.workflow INFO:
	 [Node] Executing "compcor_plot" <nireports.interfaces.nuisance.CompCorVariancePlot>
250528-06:27:56,95 nipype.workflow INFO:
	 [Node] Finished "compcor_plot", elapsed time 0.52477s.
250528-06:27:57,798 nipype.workflow INFO:
	 [Node] Setting-up "fmriprep_25_0_wf.sub_GEO061_wf.bold_ses_t2_task_image_run_5_wf.bold_confounds_wf.acc_metadata_fmt" in "/work/fmriprep_25_0_wf/sub_GEO061_wf/bold_ses_t2_task_image_run_5_wf/bold_confounds_wf/acc_metadata_fmt".
250528-06:27:57,957 nipype.workflow INFO:
	 [Node] Executing "acc_metadata_fmt" <niworkflows.interfaces.utility.TSV2JSON>
250528-06:27:57,970 nipype.workflow INFO:
	 [Node] Finished "acc_metadata_fmt", elapsed time 0.012195s.
250528-06:27:58,797 nipype.workflow INFO:
	 [Node] Setting-up "fmriprep_25_0_wf.sub_GEO061_wf.bold_ses_t2_task_image_run_5_wf.bold_confounds_wf.model_expansion" in "/work/fmriprep_25_0_wf/sub_GEO061_wf/bold_ses_t2_task_image_run_5_wf/bold_confounds_wf/model_expansion".
250528-06:27:59,54 nipype.workflow INFO:
	 [Node] Executing "model_expansion" <niworkflows.interfaces.confounds.ExpandModel>
250528-06:27:59,247 nipype.workflow INFO:
	 [Node] Finished "model_expansion", elapsed time 0.191877s.
250528-06:28:00,894 nipype.workflow INFO:
	 [Node] Setting-up "fmriprep_25_0_wf.sub_GEO061_wf.bold_ses_t2_task_image_run_5_wf.bold_confounds_wf.conf_corr_plot" in "/work/fmriprep_25_0_wf/sub_GEO061_wf/bold_ses_t2_task_image_run_5_wf/bold_confounds_wf/conf_corr_plot".
250528-06:28:01,62 nipype.workflow INFO:
	 [Node] Executing "conf_corr_plot" <nireports.interfaces.nuisance.ConfoundsCorrelationPlot>
250528-06:28:02,268 nipype.workflow INFO:
	 [Node] Finished "conf_corr_plot", elapsed time 1.20468s.
250528-06:28:04,763 nipype.workflow INFO:
	 [Node] Setting-up "fmriprep_25_0_wf.sub_GEO061_wf.bold_ses_t3_task_image_run_1_wf.bold_confounds_wf.compcor_plot" in "/work/fmriprep_25_0_wf/sub_GEO061_wf/bold_ses_t3_task_image_run_1_wf/bold_confounds_wf/compcor_plot".
250528-06:28:04,888 nipype.workflow INFO:
	 [Node] Executing "compcor_plot" <nireports.interfaces.nuisance.CompCorVariancePlot>
250528-06:28:05,140 nipype.workflow INFO:
	 [Node] Finished "compcor_plot", elapsed time 0.250384s.
250528-06:28:07,230 nipype.workflow INFO:
	 [Node] Setting-up "fmriprep_25_0_wf.sub_GEO061_wf.bold_ses_t3_task_image_run_1_wf.bold_confounds_wf.acc_metadata_fmt" in "/work/fmriprep_25_0_wf/sub_GEO061_wf/bold_ses_t3_task_image_run_1_wf/bold_confounds_wf/acc_metadata_fmt".
250528-06:28:07,433 nipype.workflow INFO:
	 [Node] Executing "acc_metadata_fmt" <niworkflows.interfaces.utility.TSV2JSON>
250528-06:28:07,440 nipype.workflow INFO:
	 [Node] Finished "acc_metadata_fmt", elapsed time 0.00654s.
250528-06:28:08,720 nipype.workflow INFO:
	 [Node] Setting-up "fmriprep_25_0_wf.sub_GEO061_wf.bold_ses_t3_task_image_run_1_wf.bold_confounds_wf.model_expansion" in "/work/fmriprep_25_0_wf/sub_GEO061_wf/bold_ses_t3_task_image_run_1_wf/bold_confounds_wf/model_expansion".
250528-06:28:08,986 nipype.workflow INFO:
	 [Node] Executing "model_expansion" <niworkflows.interfaces.confounds.ExpandModel>
250528-06:28:09,172 nipype.workflow INFO:
	 [Node] Finished "model_expansion", elapsed time 0.184675s.
250528-06:28:10,786 nipype.workflow INFO:
	 [Node] Setting-up "fmriprep_25_0_wf.sub_GEO061_wf.bold_ses_t3_task_image_run_1_wf.bold_confounds_wf.conf_corr_plot" in "/work/fmriprep_25_0_wf/sub_GEO061_wf/bold_ses_t3_task_image_run_1_wf/bold_confounds_wf/conf_corr_plot".
250528-06:28:11,77 nipype.workflow INFO:
	 [Node] Executing "conf_corr_plot" <nireports.interfaces.nuisance.ConfoundsCorrelationPlot>
250528-06:28:11,989 nipype.workflow INFO:
	 [Node] Finished "conf_corr_plot", elapsed time 0.911085s.
250528-06:28:12,674 nipype.workflow INFO:
	 [Node] Setting-up "fmriprep_25_0_wf.sub_GEO061_wf.bold_ses_t3_task_image_run_2_wf.bold_confounds_wf.compcor_plot" in "/work/fmriprep_25_0_wf/sub_GEO061_wf/bold_ses_t3_task_image_run_2_wf/bold_confounds_wf/compcor_plot".
250528-06:28:12,972 nipype.workflow INFO:
	 [Node] Executing "compcor_plot" <nireports.interfaces.nuisance.CompCorVariancePlot>
250528-06:28:13,299 nipype.workflow INFO:
	 [Node] Finished "compcor_plot", elapsed time 0.325997s.
250528-06:28:16,748 nipype.workflow INFO:
	 [Node] Setting-up "fmriprep_25_0_wf.sub_GEO061_wf.bold_ses_t3_task_image_run_2_wf.bold_confounds_wf.acc_metadata_fmt" in "/work/fmriprep_25_0_wf/sub_GEO061_wf/bold_ses_t3_task_image_run_2_wf/bold_confounds_wf/acc_metadata_fmt".
250528-06:28:17,722 nipype.workflow INFO:
	 [Node] Executing "acc_metadata_fmt" <niworkflows.interfaces.utility.TSV2JSON>
250528-06:28:17,776 nipype.workflow INFO:
	 [Node] Finished "acc_metadata_fmt", elapsed time 0.042058s.
250528-06:28:19,221 nipype.workflow INFO:
	 [Node] Setting-up "fmriprep_25_0_wf.sub_GEO061_wf.bold_ses_t3_task_image_run_2_wf.bold_confounds_wf.model_expansion" in "/work/fmriprep_25_0_wf/sub_GEO061_wf/bold_ses_t3_task_image_run_2_wf/bold_confounds_wf/model_expansion".
250528-06:28:19,589 nipype.workflow INFO:
	 [Node] Executing "model_expansion" <niworkflows.interfaces.confounds.ExpandModel>
250528-06:28:19,779 nipype.workflow INFO:
	 [Node] Finished "model_expansion", elapsed time 0.188693s.
250528-06:28:21,40 nipype.workflow INFO:
	 [Node] Setting-up "fmriprep_25_0_wf.sub_GEO061_wf.bold_ses_t3_task_image_run_2_wf.bold_confounds_wf.conf_corr_plot" in "/work/fmriprep_25_0_wf/sub_GEO061_wf/bold_ses_t3_task_image_run_2_wf/bold_confounds_wf/conf_corr_plot".
250528-06:28:21,233 nipype.workflow INFO:
	 [Node] Executing "conf_corr_plot" <nireports.interfaces.nuisance.ConfoundsCorrelationPlot>
250528-06:28:22,34 nipype.workflow INFO:
	 [Node] Finished "conf_corr_plot", elapsed time 0.799338s.
250528-06:28:23,150 nipype.workflow INFO:
	 [Node] Setting-up "fmriprep_25_0_wf.sub_GEO061_wf.bold_ses_t3_task_image_run_3_wf.bold_confounds_wf.compcor_plot" in "/work/fmriprep_25_0_wf/sub_GEO061_wf/bold_ses_t3_task_image_run_3_wf/bold_confounds_wf/compcor_plot".
250528-06:28:23,312 nipype.workflow INFO:
	 [Node] Executing "compcor_plot" <nireports.interfaces.nuisance.CompCorVariancePlot>
250528-06:28:23,574 nipype.workflow INFO:
	 [Node] Finished "compcor_plot", elapsed time 0.260704s.
250528-06:28:26,252 nipype.workflow INFO:
	 [Node] Setting-up "fmriprep_25_0_wf.sub_GEO061_wf.bold_ses_t3_task_image_run_3_wf.bold_confounds_wf.acc_metadata_fmt" in "/work/fmriprep_25_0_wf/sub_GEO061_wf/bold_ses_t3_task_image_run_3_wf/bold_confounds_wf/acc_metadata_fmt".
250528-06:28:26,422 nipype.workflow INFO:
	 [Node] Executing "acc_metadata_fmt" <niworkflows.interfaces.utility.TSV2JSON>
250528-06:28:26,430 nipype.workflow INFO:
	 [Node] Finished "acc_metadata_fmt", elapsed time 0.00695s.
250528-06:28:27,140 nipype.workflow INFO:
	 [Node] Setting-up "fmriprep_25_0_wf.sub_GEO061_wf.bold_ses_t3_task_image_run_3_wf.bold_confounds_wf.model_expansion" in "/work/fmriprep_25_0_wf/sub_GEO061_wf/bold_ses_t3_task_image_run_3_wf/bold_confounds_wf/model_expansion".
250528-06:28:27,288 nipype.workflow INFO:
	 [Node] Executing "model_expansion" <niworkflows.interfaces.confounds.ExpandModel>
250528-06:28:27,473 nipype.workflow INFO:
	 [Node] Finished "model_expansion", elapsed time 0.184472s.
250528-06:28:29,53 nipype.workflow INFO:
	 [Node] Setting-up "fmriprep_25_0_wf.sub_GEO061_wf.bold_ses_t3_task_image_run_3_wf.bold_confounds_wf.conf_corr_plot" in "/work/fmriprep_25_0_wf/sub_GEO061_wf/bold_ses_t3_task_image_run_3_wf/bold_confounds_wf/conf_corr_plot".
250528-06:28:29,223 nipype.workflow INFO:
	 [Node] Executing "conf_corr_plot" <nireports.interfaces.nuisance.ConfoundsCorrelationPlot>
250528-06:28:30,37 nipype.workflow INFO:
	 [Node] Finished "conf_corr_plot", elapsed time 0.813016s.
250528-06:28:31,17 nipype.workflow INFO:
	 [Node] Setting-up "fmriprep_25_0_wf.sub_GEO061_wf.bold_ses_t3_task_image_run_4_wf.bold_confounds_wf.compcor_plot" in "/work/fmriprep_25_0_wf/sub_GEO061_wf/bold_ses_t3_task_image_run_4_wf/bold_confounds_wf/compcor_plot".
250528-06:28:31,140 nipype.workflow INFO:
	 [Node] Executing "compcor_plot" <nireports.interfaces.nuisance.CompCorVariancePlot>
250528-06:28:31,439 nipype.workflow INFO:
	 [Node] Finished "compcor_plot", elapsed time 0.297819s.
250528-06:28:34,130 nipype.workflow INFO:
	 [Node] Setting-up "fmriprep_25_0_wf.sub_GEO061_wf.bold_ses_t3_task_image_run_4_wf.bold_confounds_wf.acc_metadata_fmt" in "/work/fmriprep_25_0_wf/sub_GEO061_wf/bold_ses_t3_task_image_run_4_wf/bold_confounds_wf/acc_metadata_fmt".
250528-06:28:34,359 nipype.workflow INFO:
	 [Node] Executing "acc_metadata_fmt" <niworkflows.interfaces.utility.TSV2JSON>
250528-06:28:34,367 nipype.workflow INFO:
	 [Node] Finished "acc_metadata_fmt", elapsed time 0.007094s.
250528-06:28:35,17 nipype.workflow INFO:
	 [Node] Setting-up "fmriprep_25_0_wf.sub_GEO061_wf.bold_ses_t3_task_image_run_4_wf.bold_confounds_wf.model_expansion" in "/work/fmriprep_25_0_wf/sub_GEO061_wf/bold_ses_t3_task_image_run_4_wf/bold_confounds_wf/model_expansion".
250528-06:28:35,638 nipype.workflow INFO:
	 [Node] Executing "model_expansion" <niworkflows.interfaces.confounds.ExpandModel>
250528-06:28:36,34 nipype.workflow INFO:
	 [Node] Finished "model_expansion", elapsed time 0.383784s.
250528-06:28:37,197 nipype.workflow INFO:
	 [Node] Setting-up "fmriprep_25_0_wf.sub_GEO061_wf.bold_ses_t3_task_image_run_4_wf.bold_confounds_wf.conf_corr_plot" in "/work/fmriprep_25_0_wf/sub_GEO061_wf/bold_ses_t3_task_image_run_4_wf/bold_confounds_wf/conf_corr_plot".
250528-06:28:37,993 nipype.workflow INFO:
	 [Node] Executing "conf_corr_plot" <nireports.interfaces.nuisance.ConfoundsCorrelationPlot>
250528-06:28:39,180 nipype.workflow INFO:
	 [Node] Finished "conf_corr_plot", elapsed time 1.17492s.
250528-06:28:42,377 nipype.workflow INFO:
	 [Node] Setting-up "fmriprep_25_0_wf.sub_GEO061_wf.bold_ses_t2_task_image_run_1_wf.bold_confounds_wf.spike_regressors" in "/work/fmriprep_25_0_wf/sub_GEO061_wf/bold_ses_t2_task_image_run_1_wf/bold_confounds_wf/spike_regressors".
250528-06:28:42,853 nipype.workflow INFO:
	 [Node] Executing "spike_regressors" <niworkflows.interfaces.confounds.SpikeRegressors>
250528-06:28:43,92 nipype.workflow INFO:
	 [Node] Finished "spike_regressors", elapsed time 0.2381s.
250528-06:28:47,461 nipype.workflow INFO:
	 [Node] Setting-up "fmriprep_25_0_wf.sub_GEO061_wf.bold_ses_t2_task_image_run_2_wf.bold_confounds_wf.spike_regressors" in "/work/fmriprep_25_0_wf/sub_GEO061_wf/bold_ses_t2_task_image_run_2_wf/bold_confounds_wf/spike_regressors".
250528-06:28:47,697 nipype.workflow INFO:
	 [Node] Executing "spike_regressors" <niworkflows.interfaces.confounds.SpikeRegressors>
250528-06:28:47,854 nipype.workflow INFO:
	 [Node] Finished "spike_regressors", elapsed time 0.155528s.
250528-06:28:52,372 nipype.workflow INFO:
	 [Node] Setting-up "fmriprep_25_0_wf.sub_GEO061_wf.bold_ses_t2_task_image_run_3_wf.bold_confounds_wf.spike_regressors" in "/work/fmriprep_25_0_wf/sub_GEO061_wf/bold_ses_t2_task_image_run_3_wf/bold_confounds_wf/spike_regressors".
250528-06:28:52,864 nipype.workflow INFO:
	 [Node] Executing "spike_regressors" <niworkflows.interfaces.confounds.SpikeRegressors>
250528-06:28:53,19 nipype.workflow INFO:
	 [Node] Finished "spike_regressors", elapsed time 0.154233s.
250528-06:28:58,220 nipype.workflow INFO:
	 [Node] Setting-up "fmriprep_25_0_wf.sub_GEO061_wf.bold_ses_t2_task_image_run_4_wf.bold_confounds_wf.spike_regressors" in "/work/fmriprep_25_0_wf/sub_GEO061_wf/bold_ses_t2_task_image_run_4_wf/bold_confounds_wf/spike_regressors".
250528-06:28:58,964 nipype.workflow INFO:
	 [Node] Executing "spike_regressors" <niworkflows.interfaces.confounds.SpikeRegressors>
250528-06:28:59,473 nipype.workflow INFO:
	 [Node] Finished "spike_regressors", elapsed time 0.496786s.
250528-06:29:02,942 nipype.workflow INFO:
	 [Node] Setting-up "fmriprep_25_0_wf.sub_GEO061_wf.bold_ses_t2_task_image_run_5_wf.bold_confounds_wf.spike_regressors" in "/work/fmriprep_25_0_wf/sub_GEO061_wf/bold_ses_t2_task_image_run_5_wf/bold_confounds_wf/spike_regressors".
250528-06:29:03,118 nipype.workflow INFO:
	 [Node] Executing "spike_regressors" <niworkflows.interfaces.confounds.SpikeRegressors>
250528-06:29:03,371 nipype.workflow INFO:
	 [Node] Finished "spike_regressors", elapsed time 0.25193s.
250528-06:29:07,296 nipype.workflow INFO:
	 [Node] Setting-up "fmriprep_25_0_wf.sub_GEO061_wf.bold_ses_t3_task_image_run_1_wf.bold_confounds_wf.spike_regressors" in "/work/fmriprep_25_0_wf/sub_GEO061_wf/bold_ses_t3_task_image_run_1_wf/bold_confounds_wf/spike_regressors".
250528-06:29:07,439 nipype.workflow INFO:
	 [Node] Executing "spike_regressors" <niworkflows.interfaces.confounds.SpikeRegressors>
250528-06:29:07,576 nipype.workflow INFO:
	 [Node] Finished "spike_regressors", elapsed time 0.135657s.
250528-06:29:12,92 nipype.workflow INFO:
	 [Node] Setting-up "fmriprep_25_0_wf.sub_GEO061_wf.bold_ses_t3_task_image_run_2_wf.bold_confounds_wf.spike_regressors" in "/work/fmriprep_25_0_wf/sub_GEO061_wf/bold_ses_t3_task_image_run_2_wf/bold_confounds_wf/spike_regressors".
250528-06:29:12,208 nipype.workflow INFO:
	 [Node] Executing "spike_regressors" <niworkflows.interfaces.confounds.SpikeRegressors>
250528-06:29:12,428 nipype.workflow INFO:
	 [Node] Finished "spike_regressors", elapsed time 0.218987s.
250528-06:29:16,941 nipype.workflow INFO:
	 [Node] Setting-up "fmriprep_25_0_wf.sub_GEO061_wf.bold_ses_t3_task_image_run_3_wf.bold_confounds_wf.spike_regressors" in "/work/fmriprep_25_0_wf/sub_GEO061_wf/bold_ses_t3_task_image_run_3_wf/bold_confounds_wf/spike_regressors".
250528-06:29:17,534 nipype.workflow INFO:
	 [Node] Executing "spike_regressors" <niworkflows.interfaces.confounds.SpikeRegressors>
250528-06:29:17,911 nipype.workflow INFO:
	 [Node] Finished "spike_regressors", elapsed time 0.364762s.
250528-06:29:21,373 nipype.workflow INFO:
	 [Node] Setting-up "fmriprep_25_0_wf.sub_GEO061_wf.bold_ses_t3_task_image_run_4_wf.bold_confounds_wf.spike_regressors" in "/work/fmriprep_25_0_wf/sub_GEO061_wf/bold_ses_t3_task_image_run_4_wf/bold_confounds_wf/spike_regressors".
250528-06:29:21,458 nipype.workflow INFO:
	 [Node] Executing "spike_regressors" <niworkflows.interfaces.confounds.SpikeRegressors>
250528-06:29:21,609 nipype.workflow INFO:
	 [Node] Finished "spike_regressors", elapsed time 0.150417s.
250528-06:29:30,816 nipype.workflow INFO:
	 [Node] Setting-up "_acc_msk_bin0" in "/work/fmriprep_25_0_wf/sub_GEO061_wf/bold_ses_t3_task_image_run_5_wf/bold_confounds_wf/acc_msk_bin/mapflow/_acc_msk_bin0".
250528-06:29:30,951 nipype.workflow INFO:
	 [Node] Executing "_acc_msk_bin0" <niworkflows.interfaces.nibabel.Binarize>
250528-06:29:31,39 nipype.workflow INFO:
	 [Node] Finished "_acc_msk_bin0", elapsed time 0.086576s.
250528-06:29:42,850 nipype.workflow INFO:
	 [Node] Setting-up "_acc_msk_bin1" in "/work/fmriprep_25_0_wf/sub_GEO061_wf/bold_ses_t3_task_image_run_5_wf/bold_confounds_wf/acc_msk_bin/mapflow/_acc_msk_bin1".
250528-06:29:42,959 nipype.workflow INFO:
	 [Node] Executing "_acc_msk_bin1" <niworkflows.interfaces.nibabel.Binarize>
250528-06:29:43,36 nipype.workflow INFO:
	 [Node] Finished "_acc_msk_bin1", elapsed time 0.076336s.
250528-06:29:45,215 nipype.workflow INFO:
	 [Node] Setting-up "_acc_msk_bin2" in "/work/fmriprep_25_0_wf/sub_GEO061_wf/bold_ses_t3_task_image_run_5_wf/bold_confounds_wf/acc_msk_bin/mapflow/_acc_msk_bin2".
250528-06:29:45,308 nipype.workflow INFO:
	 [Node] Executing "_acc_msk_bin2" <niworkflows.interfaces.nibabel.Binarize>
250528-06:29:45,388 nipype.workflow INFO:
	 [Node] Finished "_acc_msk_bin2", elapsed time 0.079122s.
250528-06:29:47,348 nipype.workflow INFO:
	 [Node] Setting-up "_acc_msk_bin0" in "/work/fmriprep_25_0_wf/sub_GEO061_wf/bold_ses_t3_task_image_run_5_wf/bold_confounds_wf/acc_msk_bin/mapflow/_acc_msk_bin0".
250528-06:29:47,351 nipype.workflow INFO:
	 [Node] Cached "_acc_msk_bin0" - collecting precomputed outputs
250528-06:29:47,351 nipype.workflow INFO:
	 [Node] "_acc_msk_bin0" found cached.
250528-06:29:47,352 nipype.workflow INFO:
	 [Node] Setting-up "_acc_msk_bin1" in "/work/fmriprep_25_0_wf/sub_GEO061_wf/bold_ses_t3_task_image_run_5_wf/bold_confounds_wf/acc_msk_bin/mapflow/_acc_msk_bin1".
250528-06:29:47,354 nipype.workflow INFO:
	 [Node] Cached "_acc_msk_bin1" - collecting precomputed outputs
250528-06:29:47,354 nipype.workflow INFO:
	 [Node] "_acc_msk_bin1" found cached.
250528-06:29:47,355 nipype.workflow INFO:
	 [Node] Setting-up "_acc_msk_bin2" in "/work/fmriprep_25_0_wf/sub_GEO061_wf/bold_ses_t3_task_image_run_5_wf/bold_confounds_wf/acc_msk_bin/mapflow/_acc_msk_bin2".
250528-06:29:47,357 nipype.workflow INFO:
	 [Node] Cached "_acc_msk_bin2" - collecting precomputed outputs
250528-06:29:47,357 nipype.workflow INFO:
	 [Node] "_acc_msk_bin2" found cached.
250528-06:29:49,279 nipype.workflow INFO:
	 [Node] Setting-up "fmriprep_25_0_wf.sub_GEO061_wf.bold_ses_t3_task_image_run_5_wf.bold_confounds_wf.acompcor" in "/work/fmriprep_25_0_wf/sub_GEO061_wf/bold_ses_t3_task_image_run_5_wf/bold_confounds_wf/acompcor".
250528-06:29:49,473 nipype.workflow INFO:
	 [Node] Executing "acompcor" <niworkflows.interfaces.patches.RobustACompCor>
250528-06:29:59,458 nipype.workflow INFO:
	 [Node] Finished "acompcor", elapsed time 9.983257s.
250528-06:30:02,566 nipype.workflow INFO:
	 [Node] Setting-up "fmriprep_25_0_wf.sub_GEO061_wf.bold_ses_t3_task_image_run_5_wf.bold_confounds_wf.rename_acompcor" in "/work/fmriprep_25_0_wf/sub_GEO061_wf/bold_ses_t3_task_image_run_5_wf/bold_confounds_wf/rename_acompcor".
250528-06:30:02,644 nipype.workflow INFO:
	 [Node] Executing "rename_acompcor" <fmriprep.interfaces.confounds.RenameACompCor>
250528-06:30:02,819 nipype.workflow INFO:
	 [Node] Finished "rename_acompcor", elapsed time 0.174802s.
250528-06:30:03,254 nipype.workflow INFO:
	 [Node] Setting-up "fmriprep_25_0_wf.sub_GEO061_wf.bold_ses_t3_task_image_run_5_wf.bold_confounds_wf.signals" in "/work/fmriprep_25_0_wf/sub_GEO061_wf/bold_ses_t3_task_image_run_5_wf/bold_confounds_wf/signals".
250528-06:30:03,331 nipype.workflow INFO:
	 [Node] Executing "signals" <niworkflows.interfaces.images.SignalExtraction>
250528-06:30:09,525 nipype.workflow INFO:
	 [Node] Finished "signals", elapsed time 6.192671s.
250528-06:30:11,848 nipype.workflow INFO:
	 [Node] Setting-up "fmriprep_25_0_wf.sub_GEO061_wf.bold_ses_t3_task_image_run_5_wf.bold_confounds_wf.rois_plot" in "/work/fmriprep_25_0_wf/sub_GEO061_wf/bold_ses_t3_task_image_run_5_wf/bold_confounds_wf/rois_plot".
250528-06:30:11,953 nipype.workflow INFO:
	 [Node] Executing "rois_plot" <niworkflows.interfaces.reportlets.masks.ROIsPlot>
250528-06:30:30,667 nipype.workflow INFO:
	 [Node] Finished "rois_plot", elapsed time 18.713132s.
250528-06:30:31,274 nipype.workflow INFO:
	 [Node] Setting-up "fmriprep_25_0_wf.sub_GEO061_wf.bold_ses_t3_task_image_run_5_wf.bold_confounds_wf.acc_metadata_filter" in "/work/fmriprep_25_0_wf/sub_GEO061_wf/bold_ses_t3_task_image_run_5_wf/bold_confounds_wf/acc_metadata_filter".
250528-06:30:31,346 nipype.workflow INFO:
	 [Node] Executing "acc_metadata_filter" <fmriprep.interfaces.confounds.FilterDropped>
250528-06:30:31,370 nipype.workflow INFO:
	 [Node] Finished "acc_metadata_filter", elapsed time 0.022325s.
250528-06:30:34,128 nipype.workflow INFO:
	 [Node] Setting-up "fmriprep_25_0_wf.sub_GEO061_wf.bold_ses_t3_task_image_run_5_wf.bold_confounds_wf.compcor_plot" in "/work/fmriprep_25_0_wf/sub_GEO061_wf/bold_ses_t3_task_image_run_5_wf/bold_confounds_wf/compcor_plot".
250528-06:30:34,211 nipype.workflow INFO:
	 [Node] Executing "compcor_plot" <nireports.interfaces.nuisance.CompCorVariancePlot>
250528-06:30:34,451 nipype.workflow INFO:
	 [Node] Finished "compcor_plot", elapsed time 0.238776s.
250528-06:30:35,848 nipype.workflow INFO:
	 [Node] Setting-up "fmriprep_25_0_wf.sub_GEO061_wf.bold_ses_t3_task_image_run_5_wf.bold_confounds_wf.acc_metadata_fmt" in "/work/fmriprep_25_0_wf/sub_GEO061_wf/bold_ses_t3_task_image_run_5_wf/bold_confounds_wf/acc_metadata_fmt".
250528-06:30:36,188 nipype.workflow INFO:
	 [Node] Executing "acc_metadata_fmt" <niworkflows.interfaces.utility.TSV2JSON>
250528-06:30:36,197 nipype.workflow INFO:
	 [Node] Finished "acc_metadata_fmt", elapsed time 0.007806s.
250528-06:30:37,298 nipype.workflow INFO:
	 [Node] Setting-up "fmriprep_25_0_wf.sub_GEO061_wf.bold_ses_t3_task_image_run_5_wf.bold_confounds_wf.model_expansion" in "/work/fmriprep_25_0_wf/sub_GEO061_wf/bold_ses_t3_task_image_run_5_wf/bold_confounds_wf/model_expansion".
250528-06:30:37,378 nipype.workflow INFO:
	 [Node] Executing "model_expansion" <niworkflows.interfaces.confounds.ExpandModel>
250528-06:30:37,773 nipype.workflow INFO:
	 [Node] Finished "model_expansion", elapsed time 0.394335s.
250528-06:30:39,684 nipype.workflow INFO:
	 [Node] Setting-up "fmriprep_25_0_wf.sub_GEO061_wf.bold_ses_t3_task_image_run_5_wf.bold_confounds_wf.conf_corr_plot" in "/work/fmriprep_25_0_wf/sub_GEO061_wf/bold_ses_t3_task_image_run_5_wf/bold_confounds_wf/conf_corr_plot".
250528-06:30:39,896 nipype.workflow INFO:
	 [Node] Executing "conf_corr_plot" <nireports.interfaces.nuisance.ConfoundsCorrelationPlot>
250528-06:30:41,40 nipype.workflow INFO:
	 [Node] Finished "conf_corr_plot", elapsed time 1.14279s.
250528-06:30:44,505 nipype.workflow INFO:
	 [Node] Setting-up "fmriprep_25_0_wf.sub_GEO061_wf.bold_ses_t3_task_image_run_5_wf.bold_confounds_wf.spike_regressors" in "/work/fmriprep_25_0_wf/sub_GEO061_wf/bold_ses_t3_task_image_run_5_wf/bold_confounds_wf/spike_regressors".
250528-06:30:44,608 nipype.workflow INFO:
	 [Node] Executing "spike_regressors" <niworkflows.interfaces.confounds.SpikeRegressors>
250528-06:30:44,737 nipype.workflow INFO:
	 [Node] Finished "spike_regressors", elapsed time 0.128411s.
250528-06:30:46,403 nipype.workflow INFO:
	 [Node] Setting-up "_acc_msk_tfm0" in "/work/fmriprep_25_0_wf/sub_GEO061_wf/bold_ses_t3_task_retrans_run_1_wf/bold_confounds_wf/acc_msk_tfm/mapflow/_acc_msk_tfm0".
250528-06:30:46,492 nipype.workflow INFO:
	 [Node] Executing "_acc_msk_tfm0" <niworkflows.interfaces.fixes.FixHeaderApplyTransforms>
250528-06:30:48,545 nipype.workflow INFO:
	 [Node] Finished "_acc_msk_tfm0", elapsed time 2.05149s.
250528-06:30:49,922 nipype.workflow INFO:
	 [Node] Setting-up "_acc_msk_tfm1" in "/work/fmriprep_25_0_wf/sub_GEO061_wf/bold_ses_t3_task_retrans_run_1_wf/bold_confounds_wf/acc_msk_tfm/mapflow/_acc_msk_tfm1".
250528-06:30:50,15 nipype.workflow INFO:
	 [Node] Executing "_acc_msk_tfm1" <niworkflows.interfaces.fixes.FixHeaderApplyTransforms>
250528-06:30:51,33 nipype.workflow INFO:
	 [Node] Finished "_acc_msk_tfm1", elapsed time 1.016998s.
250528-06:30:53,314 nipype.workflow INFO:
	 [Node] Setting-up "_acc_msk_tfm2" in "/work/fmriprep_25_0_wf/sub_GEO061_wf/bold_ses_t3_task_retrans_run_1_wf/bold_confounds_wf/acc_msk_tfm/mapflow/_acc_msk_tfm2".
250528-06:30:53,406 nipype.workflow INFO:
	 [Node] Executing "_acc_msk_tfm2" <niworkflows.interfaces.fixes.FixHeaderApplyTransforms>
250528-06:30:54,301 nipype.workflow INFO:
	 [Node] Finished "_acc_msk_tfm2", elapsed time 0.893606s.
250528-06:30:55,383 nipype.workflow INFO:
	 [Node] Setting-up "_acc_msk_tfm0" in "/work/fmriprep_25_0_wf/sub_GEO061_wf/bold_ses_t3_task_retrans_run_1_wf/bold_confounds_wf/acc_msk_tfm/mapflow/_acc_msk_tfm0".
250528-06:30:55,386 nipype.workflow INFO:
	 [Node] Cached "_acc_msk_tfm0" - collecting precomputed outputs
250528-06:30:55,386 nipype.workflow INFO:
	 [Node] "_acc_msk_tfm0" found cached.
250528-06:30:55,387 nipype.workflow INFO:
	 [Node] Setting-up "_acc_msk_tfm1" in "/work/fmriprep_25_0_wf/sub_GEO061_wf/bold_ses_t3_task_retrans_run_1_wf/bold_confounds_wf/acc_msk_tfm/mapflow/_acc_msk_tfm1".
250528-06:30:55,389 nipype.workflow INFO:
	 [Node] Cached "_acc_msk_tfm1" - collecting precomputed outputs
250528-06:30:55,389 nipype.workflow INFO:
	 [Node] "_acc_msk_tfm1" found cached.
250528-06:30:55,390 nipype.workflow INFO:
	 [Node] Setting-up "_acc_msk_tfm2" in "/work/fmriprep_25_0_wf/sub_GEO061_wf/bold_ses_t3_task_retrans_run_1_wf/bold_confounds_wf/acc_msk_tfm/mapflow/_acc_msk_tfm2".
250528-06:30:55,392 nipype.workflow INFO:
	 [Node] Cached "_acc_msk_tfm2" - collecting precomputed outputs
250528-06:30:55,392 nipype.workflow INFO:
	 [Node] "_acc_msk_tfm2" found cached.
250528-06:30:59,338 nipype.workflow INFO:
	 [Node] Setting-up "_acc_msk_brain0" in "/work/fmriprep_25_0_wf/sub_GEO061_wf/bold_ses_t3_task_retrans_run_1_wf/bold_confounds_wf/acc_msk_brain/mapflow/_acc_msk_brain0".
250528-06:30:59,413 nipype.workflow INFO:
	 [Node] Executing "_acc_msk_brain0" <niworkflows.interfaces.nibabel.ApplyMask>
250528-06:30:59,518 nipype.workflow INFO:
	 [Node] Finished "_acc_msk_brain0", elapsed time 0.104242s.
250528-06:31:01,363 nipype.workflow INFO:
	 [Node] Setting-up "_acc_msk_brain1" in "/work/fmriprep_25_0_wf/sub_GEO061_wf/bold_ses_t3_task_retrans_run_1_wf/bold_confounds_wf/acc_msk_brain/mapflow/_acc_msk_brain1".
250528-06:31:01,720 nipype.workflow INFO:
	 [Node] Executing "_acc_msk_brain1" <niworkflows.interfaces.nibabel.ApplyMask>
250528-06:31:01,834 nipype.workflow INFO:
	 [Node] Finished "_acc_msk_brain1", elapsed time 0.113239s.
250528-06:31:03,385 nipype.workflow INFO:
	 [Node] Setting-up "_acc_msk_brain2" in "/work/fmriprep_25_0_wf/sub_GEO061_wf/bold_ses_t3_task_retrans_run_1_wf/bold_confounds_wf/acc_msk_brain/mapflow/_acc_msk_brain2".
250528-06:31:03,863 nipype.workflow INFO:
	 [Node] Executing "_acc_msk_brain2" <niworkflows.interfaces.nibabel.ApplyMask>
250528-06:31:04,76 nipype.workflow INFO:
	 [Node] Finished "_acc_msk_brain2", elapsed time 0.201759s.
250528-06:31:05,416 nipype.workflow INFO:
	 [Node] Setting-up "_acc_msk_brain0" in "/work/fmriprep_25_0_wf/sub_GEO061_wf/bold_ses_t3_task_retrans_run_1_wf/bold_confounds_wf/acc_msk_brain/mapflow/_acc_msk_brain0".
250528-06:31:05,418 nipype.workflow INFO:
	 [Node] Cached "_acc_msk_brain0" - collecting precomputed outputs
250528-06:31:05,418 nipype.workflow INFO:
	 [Node] "_acc_msk_brain0" found cached.
250528-06:31:05,419 nipype.workflow INFO:
	 [Node] Setting-up "_acc_msk_brain1" in "/work/fmriprep_25_0_wf/sub_GEO061_wf/bold_ses_t3_task_retrans_run_1_wf/bold_confounds_wf/acc_msk_brain/mapflow/_acc_msk_brain1".
250528-06:31:05,421 nipype.workflow INFO:
	 [Node] Cached "_acc_msk_brain1" - collecting precomputed outputs
250528-06:31:05,421 nipype.workflow INFO:
	 [Node] "_acc_msk_brain1" found cached.
250528-06:31:05,422 nipype.workflow INFO:
	 [Node] Setting-up "_acc_msk_brain2" in "/work/fmriprep_25_0_wf/sub_GEO061_wf/bold_ses_t3_task_retrans_run_1_wf/bold_confounds_wf/acc_msk_brain/mapflow/_acc_msk_brain2".
250528-06:31:05,424 nipype.workflow INFO:
	 [Node] Cached "_acc_msk_brain2" - collecting precomputed outputs
250528-06:31:05,425 nipype.workflow INFO:
	 [Node] "_acc_msk_brain2" found cached.
250528-06:31:09,330 nipype.workflow INFO:
	 [Node] Setting-up "_acc_msk_bin0" in "/work/fmriprep_25_0_wf/sub_GEO061_wf/bold_ses_t3_task_retrans_run_1_wf/bold_confounds_wf/acc_msk_bin/mapflow/_acc_msk_bin0".
250528-06:31:09,408 nipype.workflow INFO:
	 [Node] Executing "_acc_msk_bin0" <niworkflows.interfaces.nibabel.Binarize>
250528-06:31:09,486 nipype.workflow INFO:
	 [Node] Finished "_acc_msk_bin0", elapsed time 0.076474s.
250528-06:31:11,344 nipype.workflow INFO:
	 [Node] Setting-up "_acc_msk_bin1" in "/work/fmriprep_25_0_wf/sub_GEO061_wf/bold_ses_t3_task_retrans_run_1_wf/bold_confounds_wf/acc_msk_bin/mapflow/_acc_msk_bin1".
250528-06:31:11,416 nipype.workflow INFO:
	 [Node] Executing "_acc_msk_bin1" <niworkflows.interfaces.nibabel.Binarize>
250528-06:31:11,473 nipype.workflow INFO:
	 [Node] Finished "_acc_msk_bin1", elapsed time 0.056149s.
250528-06:31:13,340 nipype.workflow INFO:
	 [Node] Setting-up "_acc_msk_bin2" in "/work/fmriprep_25_0_wf/sub_GEO061_wf/bold_ses_t3_task_retrans_run_1_wf/bold_confounds_wf/acc_msk_bin/mapflow/_acc_msk_bin2".
250528-06:31:13,427 nipype.workflow INFO:
	 [Node] Executing "_acc_msk_bin2" <niworkflows.interfaces.nibabel.Binarize>
250528-06:31:13,494 nipype.workflow INFO:
	 [Node] Finished "_acc_msk_bin2", elapsed time 0.066266s.
250528-06:31:15,414 nipype.workflow INFO:
	 [Node] Setting-up "_acc_msk_bin0" in "/work/fmriprep_25_0_wf/sub_GEO061_wf/bold_ses_t3_task_retrans_run_1_wf/bold_confounds_wf/acc_msk_bin/mapflow/_acc_msk_bin0".
250528-06:31:15,417 nipype.workflow INFO:
	 [Node] Cached "_acc_msk_bin0" - collecting precomputed outputs
250528-06:31:15,417 nipype.workflow INFO:
	 [Node] "_acc_msk_bin0" found cached.
250528-06:31:15,418 nipype.workflow INFO:
	 [Node] Setting-up "_acc_msk_bin1" in "/work/fmriprep_25_0_wf/sub_GEO061_wf/bold_ses_t3_task_retrans_run_1_wf/bold_confounds_wf/acc_msk_bin/mapflow/_acc_msk_bin1".
250528-06:31:15,420 nipype.workflow INFO:
	 [Node] Cached "_acc_msk_bin1" - collecting precomputed outputs
250528-06:31:15,420 nipype.workflow INFO:
	 [Node] "_acc_msk_bin1" found cached.
250528-06:31:15,421 nipype.workflow INFO:
	 [Node] Setting-up "_acc_msk_bin2" in "/work/fmriprep_25_0_wf/sub_GEO061_wf/bold_ses_t3_task_retrans_run_1_wf/bold_confounds_wf/acc_msk_bin/mapflow/_acc_msk_bin2".
250528-06:31:15,424 nipype.workflow INFO:
	 [Node] Cached "_acc_msk_bin2" - collecting precomputed outputs
250528-06:31:15,424 nipype.workflow INFO:
	 [Node] "_acc_msk_bin2" found cached.
250528-06:31:17,344 nipype.workflow INFO:
	 [Node] Setting-up "fmriprep_25_0_wf.sub_GEO061_wf.bold_ses_t3_task_retrans_run_1_wf.bold_confounds_wf.acompcor" in "/work/fmriprep_25_0_wf/sub_GEO061_wf/bold_ses_t3_task_retrans_run_1_wf/bold_confounds_wf/acompcor".
250528-06:31:17,456 nipype.workflow INFO:
	 [Node] Executing "acompcor" <niworkflows.interfaces.patches.RobustACompCor>
250528-06:31:25,220 nipype.workflow INFO:
	 [Node] Finished "acompcor", elapsed time 7.762387s.
250528-06:31:28,213 nipype.workflow INFO:
	 [Node] Setting-up "fmriprep_25_0_wf.sub_GEO061_wf.bold_ses_t3_task_retrans_run_1_wf.bold_confounds_wf.rename_acompcor" in "/work/fmriprep_25_0_wf/sub_GEO061_wf/bold_ses_t3_task_retrans_run_1_wf/bold_confounds_wf/rename_acompcor".
250528-06:31:28,303 nipype.workflow INFO:
	 [Node] Executing "rename_acompcor" <fmriprep.interfaces.confounds.RenameACompCor>
250528-06:31:28,456 nipype.workflow INFO:
	 [Node] Finished "rename_acompcor", elapsed time 0.152106s.
250528-06:31:29,251 nipype.workflow INFO:
	 [Node] Setting-up "fmriprep_25_0_wf.sub_GEO061_wf.bold_ses_t3_task_retrans_run_1_wf.bold_confounds_wf.signals" in "/work/fmriprep_25_0_wf/sub_GEO061_wf/bold_ses_t3_task_retrans_run_1_wf/bold_confounds_wf/signals".
250528-06:31:29,325 nipype.workflow INFO:
	 [Node] Executing "signals" <niworkflows.interfaces.images.SignalExtraction>
250528-06:31:36,262 nipype.workflow INFO:
	 [Node] Finished "signals", elapsed time 6.93574s.
250528-06:31:37,669 nipype.workflow INFO:
	 [Node] Setting-up "fmriprep_25_0_wf.sub_GEO061_wf.bold_ses_t3_task_retrans_run_1_wf.bold_confounds_wf.rois_plot" in "/work/fmriprep_25_0_wf/sub_GEO061_wf/bold_ses_t3_task_retrans_run_1_wf/bold_confounds_wf/rois_plot".
250528-06:31:37,740 nipype.workflow INFO:
	 [Node] Executing "rois_plot" <niworkflows.interfaces.reportlets.masks.ROIsPlot>
250528-06:31:56,163 nipype.workflow INFO:
	 [Node] Finished "rois_plot", elapsed time 18.42237s.
250528-06:31:57,248 nipype.workflow INFO:
	 [Node] Setting-up "fmriprep_25_0_wf.sub_GEO061_wf.bold_ses_t3_task_retrans_run_1_wf.bold_confounds_wf.acc_metadata_filter" in "/work/fmriprep_25_0_wf/sub_GEO061_wf/bold_ses_t3_task_retrans_run_1_wf/bold_confounds_wf/acc_metadata_filter".
250528-06:31:57,415 nipype.workflow INFO:
	 [Node] Executing "acc_metadata_filter" <fmriprep.interfaces.confounds.FilterDropped>
250528-06:31:57,449 nipype.workflow INFO:
	 [Node] Finished "acc_metadata_filter", elapsed time 0.033207s.
250528-06:32:00,117 nipype.workflow INFO:
	 [Node] Setting-up "fmriprep_25_0_wf.sub_GEO061_wf.bold_ses_t3_task_retrans_run_1_wf.bold_confounds_wf.compcor_plot" in "/work/fmriprep_25_0_wf/sub_GEO061_wf/bold_ses_t3_task_retrans_run_1_wf/bold_confounds_wf/compcor_plot".
250528-06:32:00,190 nipype.workflow INFO:
	 [Node] Executing "compcor_plot" <nireports.interfaces.nuisance.CompCorVariancePlot>
250528-06:32:00,464 nipype.workflow INFO:
	 [Node] Finished "compcor_plot", elapsed time 0.273129s.
250528-06:32:01,928 nipype.workflow INFO:
	 [Node] Setting-up "fmriprep_25_0_wf.sub_GEO061_wf.bold_ses_t3_task_retrans_run_1_wf.bold_confounds_wf.acc_metadata_fmt" in "/work/fmriprep_25_0_wf/sub_GEO061_wf/bold_ses_t3_task_retrans_run_1_wf/bold_confounds_wf/acc_metadata_fmt".
250528-06:32:02,3 nipype.workflow INFO:
	 [Node] Executing "acc_metadata_fmt" <niworkflows.interfaces.utility.TSV2JSON>
250528-06:32:02,13 nipype.workflow INFO:
	 [Node] Finished "acc_metadata_fmt", elapsed time 0.008697s.
250528-06:32:03,524 nipype.workflow INFO:
	 [Node] Setting-up "fmriprep_25_0_wf.sub_GEO061_wf.bold_ses_t3_task_retrans_run_1_wf.bold_confounds_wf.model_expansion" in "/work/fmriprep_25_0_wf/sub_GEO061_wf/bold_ses_t3_task_retrans_run_1_wf/bold_confounds_wf/model_expansion".
250528-06:32:04,64 nipype.workflow INFO:
	 [Node] Executing "model_expansion" <niworkflows.interfaces.confounds.ExpandModel>
250528-06:32:04,523 nipype.workflow INFO:
	 [Node] Finished "model_expansion", elapsed time 0.454764s.
250528-06:32:05,656 nipype.workflow INFO:
	 [Node] Setting-up "fmriprep_25_0_wf.sub_GEO061_wf.bold_ses_t3_task_retrans_run_1_wf.bold_confounds_wf.conf_corr_plot" in "/work/fmriprep_25_0_wf/sub_GEO061_wf/bold_ses_t3_task_retrans_run_1_wf/bold_confounds_wf/conf_corr_plot".
250528-06:32:07,35 nipype.workflow INFO:
	 [Node] Executing "conf_corr_plot" <nireports.interfaces.nuisance.ConfoundsCorrelationPlot>
250528-06:32:07,916 nipype.workflow INFO:
	 [Node] Finished "conf_corr_plot", elapsed time 0.880182s.
250528-06:32:10,512 nipype.workflow INFO:
	 [Node] Setting-up "fmriprep_25_0_wf.sub_GEO061_wf.bold_ses_t3_task_retrans_run_1_wf.bold_confounds_wf.spike_regressors" in "/work/fmriprep_25_0_wf/sub_GEO061_wf/bold_ses_t3_task_retrans_run_1_wf/bold_confounds_wf/spike_regressors".
250528-06:32:10,593 nipype.workflow INFO:
	 [Node] Executing "spike_regressors" <niworkflows.interfaces.confounds.SpikeRegressors>
250528-06:32:10,763 nipype.workflow INFO:
	 [Node] Finished "spike_regressors", elapsed time 0.169385s.
250528-06:39:30,758 nipype.workflow INFO:
	 [Node] Finished "registration", elapsed time 1295.30773s.
250528-06:39:31,553 nipype.workflow INFO:
	 [Node] Setting-up "fmriprep_25_0_wf.sub_GEO061_wf.anat_fit_wf.register_template_wf.outputnode" in "/work/fmriprep_25_0_wf/sub_GEO061_wf/anat_fit_wf/register_template_wf/outputnode".
250528-06:39:31,560 nipype.workflow INFO:
	 [Node] Setting-up "fmriprep_25_0_wf.sub_GEO061_wf.bold_ses_t2_task_image_run_1_wf.bold_anat_wf.resample" in "/work/fmriprep_25_0_wf/sub_GEO061_wf/bold_ses_t2_task_image_run_1_wf/bold_anat_wf/resample".
250528-06:39:31,667 nipype.workflow INFO:
	 [Node] Executing "outputnode" <nipype.interfaces.utility.base.IdentityInterface>
250528-06:39:31,668 nipype.workflow INFO:
	 [Node] Finished "outputnode", elapsed time 0.000511s.
250528-06:39:31,715 nipype.workflow INFO:
	 [Node] Executing "resample" <fmriprep.interfaces.resampling.ResampleSeries>
250528-06:39:33,583 nipype.workflow INFO:
	 [Node] Setting-up "fmriprep_25_0_wf.sub_GEO061_wf.anat_fit_wf.template_buffer" in "/work/fmriprep_25_0_wf/sub_GEO061_wf/anat_fit_wf/template_buffer".
250528-06:39:33,674 nipype.workflow INFO:
	 [Node] Executing "template_buffer" <nipype.interfaces.utility.base.Merge>
250528-06:39:33,676 nipype.workflow INFO:
	 [Node] Finished "template_buffer", elapsed time 0.000451s.
250528-06:39:38,975 nipype.workflow INFO:
	 [Node] Setting-up "fmriprep_25_0_wf.sub_GEO061_wf.anat_fit_wf.anat2std_buffer" in "/work/fmriprep_25_0_wf/sub_GEO061_wf/anat_fit_wf/anat2std_buffer".
250528-06:39:39,148 nipype.workflow INFO:
	 [Node] Executing "anat2std_buffer" <nipype.interfaces.utility.base.Merge>
250528-06:39:39,154 nipype.workflow INFO:
	 [Node] Finished "anat2std_buffer", elapsed time 0.002931s.
250528-06:39:40,976 nipype.workflow INFO:
	 [Node] Setting-up "fmriprep_25_0_wf.sub_GEO061_wf.anat_fit_wf.std2anat_buffer" in "/work/fmriprep_25_0_wf/sub_GEO061_wf/anat_fit_wf/std2anat_buffer".
250528-06:39:41,89 nipype.workflow INFO:
	 [Node] Executing "std2anat_buffer" <nipype.interfaces.utility.base.Merge>
250528-06:39:41,90 nipype.workflow INFO:
	 [Node] Finished "std2anat_buffer", elapsed time 0.000358s.
250528-06:39:45,81 nipype.workflow INFO:
	 [Node] Setting-up "fmriprep_25_0_wf.sub_GEO061_wf.ds_std_volumes_wf.anat2std_mask" in "/work/fmriprep_25_0_wf/sub_GEO061_wf/ds_std_volumes_wf/_in_tuple_MNI152NLin2009cAsym.resnative/anat2std_mask".
250528-06:39:45,205 nipype.workflow INFO:
	 [Node] Executing "anat2std_mask" <niworkflows.interfaces.fixes.FixHeaderApplyTransforms>
250528-06:39:53,957 nipype.workflow INFO:
	 [Node] Finished "resample", elapsed time 22.240743s.
250528-06:39:55,77 nipype.workflow INFO:
	 [Node] Setting-up "fmriprep_25_0_wf.sub_GEO061_wf.ds_std_volumes_wf.anat2std_dseg" in "/work/fmriprep_25_0_wf/sub_GEO061_wf/ds_std_volumes_wf/_in_tuple_MNI152NLin2009cAsym.resnative/anat2std_dseg".
250528-06:39:55,79 nipype.workflow INFO:
	 [Node] Setting-up "fmriprep_25_0_wf.sub_GEO061_wf.ds_std_volumes_wf.anat2std_t1w" in "/work/fmriprep_25_0_wf/sub_GEO061_wf/ds_std_volumes_wf/_in_tuple_MNI152NLin2009cAsym.resnative/anat2std_t1w".
250528-06:39:55,79 nipype.workflow INFO:
	 [Node] Setting-up "fmriprep_25_0_wf.sub_GEO061_wf.anat_fit_wf.anat_reports_wf.t1w_std" in "/work/fmriprep_25_0_wf/sub_GEO061_wf/anat_fit_wf/anat_reports_wf/_in_tuple_MNI152NLin2009cAsym.resnative/t1w_std".
250528-06:39:55,80 nipype.workflow INFO:
	 [Node] Setting-up "fmriprep_25_0_wf.sub_GEO061_wf.anat_fit_wf.anat_reports_wf.mask_std" in "/work/fmriprep_25_0_wf/sub_GEO061_wf/anat_fit_wf/anat_reports_wf/_in_tuple_MNI152NLin2009cAsym.resnative/mask_std".
250528-06:39:55,80 nipype.workflow INFO:
	 [Node] Setting-up "fmriprep_25_0_wf.sub_GEO061_wf.bold_ses_t2_task_image_run_1_wf.carpetplot_wf.mrg_xfms" in "/work/fmriprep_25_0_wf/sub_GEO061_wf/bold_ses_t2_task_image_run_1_wf/carpetplot_wf/mrg_xfms".
250528-06:39:55,183 nipype.workflow INFO:
	 [Node] Executing "anat2std_dseg" <niworkflows.interfaces.fixes.FixHeaderApplyTransforms>
250528-06:39:55,196 nipype.workflow INFO:
	 [Node] Executing "mask_std" <niworkflows.interfaces.fixes.FixHeaderApplyTransforms>
250528-06:39:55,196 nipype.workflow INFO:
	 [Node] Executing "anat2std_t1w" <niworkflows.interfaces.fixes.FixHeaderApplyTransforms>
250528-06:39:55,200 nipype.workflow INFO:
	 [Node] Executing "mrg_xfms" <nipype.interfaces.utility.base.Merge>
250528-06:39:55,201 nipype.workflow INFO:
	 [Node] Finished "mrg_xfms", elapsed time 0.000407s.
250528-06:39:55,217 nipype.workflow INFO:
	 [Node] Executing "t1w_std" <niworkflows.interfaces.fixes.FixHeaderApplyTransforms>
250528-06:39:55,673 nipype.workflow INFO:
	 [Node] Setting-up "fmriprep_25_0_wf.sub_GEO061_wf.bold_ses_t2_task_image_run_1_wf.ds_bold_std_wf.boldref2target" in "/work/fmriprep_25_0_wf/sub_GEO061_wf/bold_ses_t2_task_image_run_1_wf/ds_bold_std_wf/_in_tuple_MNI152NLin2009cAsym.resnative/boldref2target".
250528-06:39:55,673 nipype.workflow INFO:
	 [Node] Setting-up "fmriprep_25_0_wf.sub_GEO061_wf.bold_ses_t2_task_image_run_1_wf.ds_bold_std_wf.sources" in "/work/fmriprep_25_0_wf/sub_GEO061_wf/bold_ses_t2_task_image_run_1_wf/ds_bold_std_wf/_in_tuple_MNI152NLin2009cAsym.resnative/sources".
250528-06:39:55,818 nipype.workflow INFO:
	 [Node] Executing "boldref2target" <nipype.interfaces.utility.base.Merge>
250528-06:39:55,820 nipype.workflow INFO:
	 [Node] Finished "boldref2target", elapsed time 0.000424s.
250528-06:39:55,834 nipype.workflow INFO:
	 [Node] Executing "sources" <fmriprep.interfaces.bids.BIDSURI>
250528-06:39:55,836 nipype.workflow INFO:
	 [Node] Finished "sources", elapsed time 0.000941s.
250528-06:39:57,89 nipype.workflow INFO:
	 [Node] Setting-up "fmriprep_25_0_wf.sub_GEO061_wf.bold_ses_t2_task_image_run_2_wf.carpetplot_wf.mrg_xfms" in "/work/fmriprep_25_0_wf/sub_GEO061_wf/bold_ses_t2_task_image_run_2_wf/carpetplot_wf/mrg_xfms".
250528-06:39:57,190 nipype.workflow INFO:
	 [Node] Executing "mrg_xfms" <nipype.interfaces.utility.base.Merge>
250528-06:39:57,191 nipype.workflow INFO:
	 [Node] Finished "mrg_xfms", elapsed time 0.000366s.
250528-06:39:57,609 nipype.workflow INFO:
	 [Node] Setting-up "fmriprep_25_0_wf.sub_GEO061_wf.bold_ses_t2_task_image_run_2_wf.ds_bold_std_wf.boldref2target" in "/work/fmriprep_25_0_wf/sub_GEO061_wf/bold_ses_t2_task_image_run_2_wf/ds_bold_std_wf/_in_tuple_MNI152NLin2009cAsym.resnative/boldref2target".
250528-06:39:57,609 nipype.workflow INFO:
	 [Node] Setting-up "fmriprep_25_0_wf.sub_GEO061_wf.bold_ses_t2_task_image_run_2_wf.ds_bold_std_wf.sources" in "/work/fmriprep_25_0_wf/sub_GEO061_wf/bold_ses_t2_task_image_run_2_wf/ds_bold_std_wf/_in_tuple_MNI152NLin2009cAsym.resnative/sources".
250528-06:39:57,701 nipype.workflow INFO:
	 [Node] Executing "boldref2target" <nipype.interfaces.utility.base.Merge>
250528-06:39:57,703 nipype.workflow INFO:
	 [Node] Finished "boldref2target", elapsed time 0.000389s.
250528-06:39:57,711 nipype.workflow INFO:
	 [Node] Executing "sources" <fmriprep.interfaces.bids.BIDSURI>
250528-06:39:57,713 nipype.workflow INFO:
	 [Node] Finished "sources", elapsed time 0.00123s.
250528-06:39:59,103 nipype.workflow INFO:
	 [Node] Setting-up "fmriprep_25_0_wf.sub_GEO061_wf.bold_ses_t2_task_image_run_3_wf.carpetplot_wf.mrg_xfms" in "/work/fmriprep_25_0_wf/sub_GEO061_wf/bold_ses_t2_task_image_run_3_wf/carpetplot_wf/mrg_xfms".
250528-06:39:59,104 nipype.workflow INFO:
	 [Node] Setting-up "fmriprep_25_0_wf.sub_GEO061_wf.bold_ses_t2_task_image_run_3_wf.ds_bold_std_wf.boldref2target" in "/work/fmriprep_25_0_wf/sub_GEO061_wf/bold_ses_t2_task_image_run_3_wf/ds_bold_std_wf/_in_tuple_MNI152NLin2009cAsym.resnative/boldref2target".
250528-06:39:59,104 nipype.workflow INFO:
	 [Node] Setting-up "fmriprep_25_0_wf.sub_GEO061_wf.bold_ses_t2_task_image_run_3_wf.ds_bold_std_wf.sources" in "/work/fmriprep_25_0_wf/sub_GEO061_wf/bold_ses_t2_task_image_run_3_wf/ds_bold_std_wf/_in_tuple_MNI152NLin2009cAsym.resnative/sources".
250528-06:39:59,275 nipype.workflow INFO:
	 [Node] Executing "boldref2target" <nipype.interfaces.utility.base.Merge>
250528-06:39:59,277 nipype.workflow INFO:
	 [Node] Finished "boldref2target", elapsed time 0.00038s.
250528-06:39:59,286 nipype.workflow INFO:
	 [Node] Executing "mrg_xfms" <nipype.interfaces.utility.base.Merge>
250528-06:39:59,287 nipype.workflow INFO:
	 [Node] Executing "sources" <fmriprep.interfaces.bids.BIDSURI>
250528-06:39:59,287 nipype.workflow INFO:
	 [Node] Finished "mrg_xfms", elapsed time 0.000414s.
250528-06:39:59,289 nipype.workflow INFO:
	 [Node] Finished "sources", elapsed time 0.000922s.
250528-06:40:01,594 nipype.workflow INFO:
	 [Node] Setting-up "fmriprep_25_0_wf.sub_GEO061_wf.bold_ses_t2_task_image_run_4_wf.carpetplot_wf.mrg_xfms" in "/work/fmriprep_25_0_wf/sub_GEO061_wf/bold_ses_t2_task_image_run_4_wf/carpetplot_wf/mrg_xfms".
250528-06:40:01,710 nipype.workflow INFO:
	 [Node] Executing "mrg_xfms" <nipype.interfaces.utility.base.Merge>
250528-06:40:01,711 nipype.workflow INFO:
	 [Node] Finished "mrg_xfms", elapsed time 0.00037s.
250528-06:40:02,137 nipype.workflow INFO:
	 [Node] Setting-up "fmriprep_25_0_wf.sub_GEO061_wf.bold_ses_t2_task_image_run_4_wf.ds_bold_std_wf.boldref2target" in "/work/fmriprep_25_0_wf/sub_GEO061_wf/bold_ses_t2_task_image_run_4_wf/ds_bold_std_wf/_in_tuple_MNI152NLin2009cAsym.resnative/boldref2target".
250528-06:40:02,137 nipype.workflow INFO:
	 [Node] Setting-up "fmriprep_25_0_wf.sub_GEO061_wf.bold_ses_t2_task_image_run_4_wf.ds_bold_std_wf.sources" in "/work/fmriprep_25_0_wf/sub_GEO061_wf/bold_ses_t2_task_image_run_4_wf/ds_bold_std_wf/_in_tuple_MNI152NLin2009cAsym.resnative/sources".
250528-06:40:02,226 nipype.workflow INFO:
	 [Node] Executing "boldref2target" <nipype.interfaces.utility.base.Merge>
250528-06:40:02,227 nipype.workflow INFO:
	 [Node] Finished "boldref2target", elapsed time 0.000404s.
250528-06:40:02,247 nipype.workflow INFO:
	 [Node] Executing "sources" <fmriprep.interfaces.bids.BIDSURI>
250528-06:40:02,249 nipype.workflow INFO:
	 [Node] Finished "sources", elapsed time 0.00096s.
250528-06:40:03,124 nipype.workflow INFO:
	 [Node] Setting-up "fmriprep_25_0_wf.sub_GEO061_wf.bold_ses_t2_task_image_run_5_wf.carpetplot_wf.mrg_xfms" in "/work/fmriprep_25_0_wf/sub_GEO061_wf/bold_ses_t2_task_image_run_5_wf/carpetplot_wf/mrg_xfms".
250528-06:40:03,125 nipype.workflow INFO:
	 [Node] Setting-up "fmriprep_25_0_wf.sub_GEO061_wf.bold_ses_t2_task_image_run_5_wf.ds_bold_std_wf.sources" in "/work/fmriprep_25_0_wf/sub_GEO061_wf/bold_ses_t2_task_image_run_5_wf/ds_bold_std_wf/_in_tuple_MNI152NLin2009cAsym.resnative/sources".
250528-06:40:03,125 nipype.workflow INFO:
	 [Node] Setting-up "fmriprep_25_0_wf.sub_GEO061_wf.bold_ses_t2_task_image_run_5_wf.ds_bold_std_wf.boldref2target" in "/work/fmriprep_25_0_wf/sub_GEO061_wf/bold_ses_t2_task_image_run_5_wf/ds_bold_std_wf/_in_tuple_MNI152NLin2009cAsym.resnative/boldref2target".
250528-06:40:03,247 nipype.workflow INFO:
	 [Node] Executing "mrg_xfms" <nipype.interfaces.utility.base.Merge>
250528-06:40:03,249 nipype.workflow INFO:
	 [Node] Executing "boldref2target" <nipype.interfaces.utility.base.Merge>
250528-06:40:03,251 nipype.workflow INFO:
	 [Node] Finished "boldref2target", elapsed time 0.000432s.
250528-06:40:03,263 nipype.workflow INFO:
	 [Node] Executing "sources" <fmriprep.interfaces.bids.BIDSURI>
250528-06:40:03,265 nipype.workflow INFO:
	 [Node] Finished "sources", elapsed time 0.000933s.
250528-06:40:03,472 nipype.workflow INFO:
	 [Node] Finished "mrg_xfms", elapsed time 0.224456s.
250528-06:40:05,617 nipype.workflow INFO:
	 [Node] Setting-up "fmriprep_25_0_wf.sub_GEO061_wf.bold_ses_t3_task_image_run_1_wf.carpetplot_wf.mrg_xfms" in "/work/fmriprep_25_0_wf/sub_GEO061_wf/bold_ses_t3_task_image_run_1_wf/carpetplot_wf/mrg_xfms".
250528-06:40:05,618 nipype.workflow INFO:
	 [Node] Setting-up "fmriprep_25_0_wf.sub_GEO061_wf.bold_ses_t3_task_image_run_1_wf.ds_bold_std_wf.sources" in "/work/fmriprep_25_0_wf/sub_GEO061_wf/bold_ses_t3_task_image_run_1_wf/ds_bold_std_wf/_in_tuple_MNI152NLin2009cAsym.resnative/sources".
250528-06:40:05,618 nipype.workflow INFO:
	 [Node] Setting-up "fmriprep_25_0_wf.sub_GEO061_wf.bold_ses_t3_task_image_run_1_wf.ds_bold_std_wf.boldref2target" in "/work/fmriprep_25_0_wf/sub_GEO061_wf/bold_ses_t3_task_image_run_1_wf/ds_bold_std_wf/_in_tuple_MNI152NLin2009cAsym.resnative/boldref2target".
250528-06:40:05,731 nipype.workflow INFO:
	 [Node] Executing "mrg_xfms" <nipype.interfaces.utility.base.Merge>
250528-06:40:05,733 nipype.workflow INFO:
	 [Node] Finished "mrg_xfms", elapsed time 0.00041s.
250528-06:40:05,733 nipype.workflow INFO:
	 [Node] Executing "boldref2target" <nipype.interfaces.utility.base.Merge>
250528-06:40:05,734 nipype.workflow INFO:
	 [Node] Finished "boldref2target", elapsed time 0.000381s.
250528-06:40:05,757 nipype.workflow INFO:
	 [Node] Executing "sources" <fmriprep.interfaces.bids.BIDSURI>
250528-06:40:05,759 nipype.workflow INFO:
	 [Node] Finished "sources", elapsed time 0.000882s.
250528-06:40:07,637 nipype.workflow INFO:
	 [Node] Setting-up "fmriprep_25_0_wf.sub_GEO061_wf.bold_ses_t3_task_image_run_2_wf.carpetplot_wf.mrg_xfms" in "/work/fmriprep_25_0_wf/sub_GEO061_wf/bold_ses_t3_task_image_run_2_wf/carpetplot_wf/mrg_xfms".
250528-06:40:07,754 nipype.workflow INFO:
	 [Node] Executing "mrg_xfms" <nipype.interfaces.utility.base.Merge>
250528-06:40:07,755 nipype.workflow INFO:
	 [Node] Finished "mrg_xfms", elapsed time 0.0004s.
250528-06:40:08,104 nipype.workflow INFO:
	 [Node] Setting-up "fmriprep_25_0_wf.sub_GEO061_wf.bold_ses_t3_task_image_run_2_wf.ds_bold_std_wf.sources" in "/work/fmriprep_25_0_wf/sub_GEO061_wf/bold_ses_t3_task_image_run_2_wf/ds_bold_std_wf/_in_tuple_MNI152NLin2009cAsym.resnative/sources".
250528-06:40:08,105 nipype.workflow INFO:
	 [Node] Setting-up "fmriprep_25_0_wf.sub_GEO061_wf.bold_ses_t3_task_image_run_2_wf.ds_bold_std_wf.boldref2target" in "/work/fmriprep_25_0_wf/sub_GEO061_wf/bold_ses_t3_task_image_run_2_wf/ds_bold_std_wf/_in_tuple_MNI152NLin2009cAsym.resnative/boldref2target".
250528-06:40:08,203 nipype.workflow INFO:
	 [Node] Executing "boldref2target" <nipype.interfaces.utility.base.Merge>
250528-06:40:08,205 nipype.workflow INFO:
	 [Node] Finished "boldref2target", elapsed time 0.000458s.
250528-06:40:08,216 nipype.workflow INFO:
	 [Node] Executing "sources" <fmriprep.interfaces.bids.BIDSURI>
250528-06:40:08,218 nipype.workflow INFO:
	 [Node] Finished "sources", elapsed time 0.001169s.
250528-06:40:09,56 nipype.workflow INFO:
	 [Node] Setting-up "fmriprep_25_0_wf.sub_GEO061_wf.bold_ses_t3_task_image_run_3_wf.carpetplot_wf.mrg_xfms" in "/work/fmriprep_25_0_wf/sub_GEO061_wf/bold_ses_t3_task_image_run_3_wf/carpetplot_wf/mrg_xfms".
250528-06:40:09,56 nipype.workflow INFO:
	 [Node] Setting-up "fmriprep_25_0_wf.sub_GEO061_wf.bold_ses_t3_task_image_run_3_wf.ds_bold_std_wf.sources" in "/work/fmriprep_25_0_wf/sub_GEO061_wf/bold_ses_t3_task_image_run_3_wf/ds_bold_std_wf/_in_tuple_MNI152NLin2009cAsym.resnative/sources".
250528-06:40:09,234 nipype.workflow INFO:
	 [Node] Executing "mrg_xfms" <nipype.interfaces.utility.base.Merge>
250528-06:40:09,236 nipype.workflow INFO:
	 [Node] Finished "mrg_xfms", elapsed time 0.000382s.
250528-06:40:09,263 nipype.workflow INFO:
	 [Node] Executing "sources" <fmriprep.interfaces.bids.BIDSURI>
250528-06:40:09,265 nipype.workflow INFO:
	 [Node] Finished "sources", elapsed time 0.001426s.
250528-06:40:09,689 nipype.workflow INFO:
	 [Node] Setting-up "fmriprep_25_0_wf.sub_GEO061_wf.bold_ses_t3_task_image_run_3_wf.ds_bold_std_wf.boldref2target" in "/work/fmriprep_25_0_wf/sub_GEO061_wf/bold_ses_t3_task_image_run_3_wf/ds_bold_std_wf/_in_tuple_MNI152NLin2009cAsym.resnative/boldref2target".
250528-06:40:09,835 nipype.workflow INFO:
	 [Node] Executing "boldref2target" <nipype.interfaces.utility.base.Merge>
250528-06:40:09,836 nipype.workflow INFO:
	 [Node] Finished "boldref2target", elapsed time 0.000404s.
250528-06:40:11,97 nipype.workflow INFO:
	 [Node] Setting-up "fmriprep_25_0_wf.sub_GEO061_wf.bold_ses_t3_task_image_run_4_wf.carpetplot_wf.mrg_xfms" in "/work/fmriprep_25_0_wf/sub_GEO061_wf/bold_ses_t3_task_image_run_4_wf/carpetplot_wf/mrg_xfms".
250528-06:40:11,98 nipype.workflow INFO:
	 [Node] Setting-up "fmriprep_25_0_wf.sub_GEO061_wf.bold_ses_t3_task_image_run_4_wf.ds_bold_std_wf.boldref2target" in "/work/fmriprep_25_0_wf/sub_GEO061_wf/bold_ses_t3_task_image_run_4_wf/ds_bold_std_wf/_in_tuple_MNI152NLin2009cAsym.resnative/boldref2target".
250528-06:40:11,223 nipype.workflow INFO:
	 [Node] Executing "mrg_xfms" <nipype.interfaces.utility.base.Merge>
250528-06:40:11,224 nipype.workflow INFO:
	 [Node] Finished "mrg_xfms", elapsed time 0.000355s.
250528-06:40:11,225 nipype.workflow INFO:
	 [Node] Executing "boldref2target" <nipype.interfaces.utility.base.Merge>
250528-06:40:11,226 nipype.workflow INFO:
	 [Node] Finished "boldref2target", elapsed time 0.000525s.
250528-06:40:11,637 nipype.workflow INFO:
	 [Node] Setting-up "fmriprep_25_0_wf.sub_GEO061_wf.bold_ses_t3_task_image_run_4_wf.ds_bold_std_wf.sources" in "/work/fmriprep_25_0_wf/sub_GEO061_wf/bold_ses_t3_task_image_run_4_wf/ds_bold_std_wf/_in_tuple_MNI152NLin2009cAsym.resnative/sources".
250528-06:40:11,757 nipype.workflow INFO:
	 [Node] Executing "sources" <fmriprep.interfaces.bids.BIDSURI>
250528-06:40:11,759 nipype.workflow INFO:
	 [Node] Finished "sources", elapsed time 0.001309s.
250528-06:40:13,98 nipype.workflow INFO:
	 [Node] Setting-up "fmriprep_25_0_wf.sub_GEO061_wf.bold_ses_t3_task_image_run_5_wf.carpetplot_wf.mrg_xfms" in "/work/fmriprep_25_0_wf/sub_GEO061_wf/bold_ses_t3_task_image_run_5_wf/carpetplot_wf/mrg_xfms".
250528-06:40:13,99 nipype.workflow INFO:
	 [Node] Setting-up "fmriprep_25_0_wf.sub_GEO061_wf.bold_ses_t3_task_image_run_5_wf.ds_bold_std_wf.sources" in "/work/fmriprep_25_0_wf/sub_GEO061_wf/bold_ses_t3_task_image_run_5_wf/ds_bold_std_wf/_in_tuple_MNI152NLin2009cAsym.resnative/sources".
250528-06:40:13,101 nipype.workflow INFO:
	 [Node] Setting-up "fmriprep_25_0_wf.sub_GEO061_wf.bold_ses_t3_task_image_run_5_wf.ds_bold_std_wf.boldref2target" in "/work/fmriprep_25_0_wf/sub_GEO061_wf/bold_ses_t3_task_image_run_5_wf/ds_bold_std_wf/_in_tuple_MNI152NLin2009cAsym.resnative/boldref2target".
250528-06:40:13,205 nipype.workflow INFO:
	 [Node] Executing "mrg_xfms" <nipype.interfaces.utility.base.Merge>
250528-06:40:13,207 nipype.workflow INFO:
	 [Node] Finished "mrg_xfms", elapsed time 0.000437s.
250528-06:40:13,211 nipype.workflow INFO:
	 [Node] Executing "sources" <fmriprep.interfaces.bids.BIDSURI>
250528-06:40:13,211 nipype.workflow INFO:
	 [Node] Executing "boldref2target" <nipype.interfaces.utility.base.Merge>
250528-06:40:13,213 nipype.workflow INFO:
	 [Node] Finished "boldref2target", elapsed time 0.000391s.
250528-06:40:13,213 nipype.workflow INFO:
	 [Node] Finished "sources", elapsed time 0.001055s.
250528-06:40:15,616 nipype.workflow INFO:
	 [Node] Setting-up "fmriprep_25_0_wf.sub_GEO061_wf.bold_ses_t3_task_retrans_run_1_wf.carpetplot_wf.mrg_xfms" in "/work/fmriprep_25_0_wf/sub_GEO061_wf/bold_ses_t3_task_retrans_run_1_wf/carpetplot_wf/mrg_xfms".
250528-06:40:15,744 nipype.workflow INFO:
	 [Node] Executing "mrg_xfms" <nipype.interfaces.utility.base.Merge>
250528-06:40:15,746 nipype.workflow INFO:
	 [Node] Finished "mrg_xfms", elapsed time 0.000436s.
250528-06:40:16,172 nipype.workflow INFO:
	 [Node] Setting-up "fmriprep_25_0_wf.sub_GEO061_wf.bold_ses_t3_task_retrans_run_1_wf.ds_bold_std_wf.boldref2target" in "/work/fmriprep_25_0_wf/sub_GEO061_wf/bold_ses_t3_task_retrans_run_1_wf/ds_bold_std_wf/_in_tuple_MNI152NLin2009cAsym.resnative/boldref2target".
250528-06:40:16,172 nipype.workflow INFO:
	 [Node] Setting-up "fmriprep_25_0_wf.sub_GEO061_wf.bold_ses_t3_task_retrans_run_1_wf.ds_bold_std_wf.sources" in "/work/fmriprep_25_0_wf/sub_GEO061_wf/bold_ses_t3_task_retrans_run_1_wf/ds_bold_std_wf/_in_tuple_MNI152NLin2009cAsym.resnative/sources".
250528-06:40:16,294 nipype.workflow INFO:
	 [Node] Executing "boldref2target" <nipype.interfaces.utility.base.Merge>
250528-06:40:16,295 nipype.workflow INFO:
	 [Node] Finished "boldref2target", elapsed time 0.000521s.
250528-06:40:16,306 nipype.workflow INFO:
	 [Node] Executing "sources" <fmriprep.interfaces.bids.BIDSURI>
250528-06:40:16,308 nipype.workflow INFO:
	 [Node] Finished "sources", elapsed time 0.000962s.
250528-06:40:17,95 nipype.workflow INFO:
	 [Node] Setting-up "fmriprep_25_0_wf.sub_GEO061_wf.bold_ses_t2_task_image_run_1_wf.carpetplot_wf.resample_parc" in "/work/fmriprep_25_0_wf/sub_GEO061_wf/bold_ses_t2_task_image_run_1_wf/carpetplot_wf/resample_parc".
250528-06:40:17,305 nipype.workflow INFO:
	 [Node] Executing "resample_parc" <niworkflows.interfaces.fixes.FixHeaderApplyTransforms>
250528-06:40:17,752 nipype.workflow INFO:
	 [Node] Setting-up "fmriprep_25_0_wf.sub_GEO061_wf.bold_ses_t2_task_image_run_1_wf.ds_bold_std_wf.resample_ref" in "/work/fmriprep_25_0_wf/sub_GEO061_wf/bold_ses_t2_task_image_run_1_wf/ds_bold_std_wf/_in_tuple_MNI152NLin2009cAsym.resnative/resample_ref".
250528-06:40:17,753 nipype.workflow INFO:
	 [Node] Setting-up "fmriprep_25_0_wf.sub_GEO061_wf.bold_ses_t2_task_image_run_1_wf.ds_bold_std_wf.resample_mask" in "/work/fmriprep_25_0_wf/sub_GEO061_wf/bold_ses_t2_task_image_run_1_wf/ds_bold_std_wf/_in_tuple_MNI152NLin2009cAsym.resnative/resample_mask".
250528-06:40:17,867 nipype.workflow INFO:
	 [Node] Executing "resample_mask" <niworkflows.interfaces.fixes.FixHeaderApplyTransforms>
250528-06:40:17,880 nipype.workflow INFO:
	 [Node] Executing "resample_ref" <niworkflows.interfaces.fixes.FixHeaderApplyTransforms>
250528-06:40:20,315 nipype.workflow INFO:
	 [Node] Finished "resample_ref", elapsed time 2.43446s.
250528-06:40:20,852 nipype.workflow INFO:
	 [Node] Finished "resample_parc", elapsed time 3.545395s.
250528-06:40:21,65 nipype.workflow INFO:
	 [Node] Finished "resample_mask", elapsed time 3.196681s.
250528-06:40:21,105 nipype.workflow INFO:
	 [Node] Setting-up "fmriprep_25_0_wf.sub_GEO061_wf.bold_ses_t2_task_image_run_2_wf.carpetplot_wf.resample_parc" in "/work/fmriprep_25_0_wf/sub_GEO061_wf/bold_ses_t2_task_image_run_2_wf/carpetplot_wf/resample_parc".
250528-06:40:21,198 nipype.workflow INFO:
	 [Node] Executing "resample_parc" <niworkflows.interfaces.fixes.FixHeaderApplyTransforms>
250528-06:40:22,410 nipype.workflow INFO:
	 [Node] Finished "t1w_std", elapsed time 27.191042s.
250528-06:40:23,295 nipype.workflow INFO:
	 [Node] Finished "anat2std_t1w", elapsed time 28.097965s.
250528-06:40:23,432 nipype.workflow INFO:
	 [Node] Setting-up "fmriprep_25_0_wf.sub_GEO061_wf.bold_ses_t2_task_image_run_2_wf.ds_bold_std_wf.resample_ref" in "/work/fmriprep_25_0_wf/sub_GEO061_wf/bold_ses_t2_task_image_run_2_wf/ds_bold_std_wf/_in_tuple_MNI152NLin2009cAsym.resnative/resample_ref".
250528-06:40:23,432 nipype.workflow INFO:
	 [Node] Setting-up "fmriprep_25_0_wf.sub_GEO061_wf.bold_ses_t2_task_image_run_2_wf.ds_bold_std_wf.resample_mask" in "/work/fmriprep_25_0_wf/sub_GEO061_wf/bold_ses_t2_task_image_run_2_wf/ds_bold_std_wf/_in_tuple_MNI152NLin2009cAsym.resnative/resample_mask".
250528-06:40:23,433 nipype.workflow INFO:
	 [Node] Setting-up "fmriprep_25_0_wf.sub_GEO061_wf.bold_ses_t2_task_image_run_3_wf.carpetplot_wf.resample_parc" in "/work/fmriprep_25_0_wf/sub_GEO061_wf/bold_ses_t2_task_image_run_3_wf/carpetplot_wf/resample_parc".
250528-06:40:23,521 nipype.workflow INFO:
	 [Node] Executing "resample_mask" <niworkflows.interfaces.fixes.FixHeaderApplyTransforms>
250528-06:40:23,526 nipype.workflow INFO:
	 [Node] Executing "resample_parc" <niworkflows.interfaces.fixes.FixHeaderApplyTransforms>
250528-06:40:23,528 nipype.workflow INFO:
	 [Node] Executing "resample_ref" <niworkflows.interfaces.fixes.FixHeaderApplyTransforms>
250528-06:40:24,625 nipype.workflow INFO:
	 [Node] Finished "resample_parc", elapsed time 3.425386s.
250528-06:40:25,997 nipype.workflow INFO:
	 [Node] Finished "resample_ref", elapsed time 2.4679349999999998s.
250528-06:40:26,551 nipype.workflow INFO:
	 [Node] Finished "resample_mask", elapsed time 3.029616s.
250528-06:40:26,725 nipype.workflow INFO:
	 [Node] Setting-up "fmriprep_25_0_wf.sub_GEO061_wf.bold_ses_t2_task_image_run_3_wf.ds_bold_std_wf.resample_ref" in "/work/fmriprep_25_0_wf/sub_GEO061_wf/bold_ses_t2_task_image_run_3_wf/ds_bold_std_wf/_in_tuple_MNI152NLin2009cAsym.resnative/resample_ref".
250528-06:40:26,732 nipype.workflow INFO:
	 [Node] Setting-up "fmriprep_25_0_wf.sub_GEO061_wf.bold_ses_t2_task_image_run_3_wf.ds_bold_std_wf.resample_mask" in "/work/fmriprep_25_0_wf/sub_GEO061_wf/bold_ses_t2_task_image_run_3_wf/ds_bold_std_wf/_in_tuple_MNI152NLin2009cAsym.resnative/resample_mask".
250528-06:40:26,815 nipype.workflow INFO:
	 [Node] Executing "resample_mask" <niworkflows.interfaces.fixes.FixHeaderApplyTransforms>
250528-06:40:26,866 nipype.workflow INFO:
	 [Node] Executing "resample_ref" <niworkflows.interfaces.fixes.FixHeaderApplyTransforms>
250528-06:40:26,977 nipype.workflow INFO:
	 [Node] Finished "resample_parc", elapsed time 3.449998s.
250528-06:40:27,695 nipype.workflow INFO:
	 [Node] Setting-up "fmriprep_25_0_wf.sub_GEO061_wf.bold_ses_t2_task_image_run_4_wf.carpetplot_wf.resample_parc" in "/work/fmriprep_25_0_wf/sub_GEO061_wf/bold_ses_t2_task_image_run_4_wf/carpetplot_wf/resample_parc".
250528-06:40:27,791 nipype.workflow INFO:
	 [Node] Executing "resample_parc" <niworkflows.interfaces.fixes.FixHeaderApplyTransforms>
250528-06:40:28,232 nipype.workflow INFO:
	 [Node] Setting-up "fmriprep_25_0_wf.sub_GEO061_wf.bold_ses_t2_task_image_run_4_wf.ds_bold_std_wf.resample_ref" in "/work/fmriprep_25_0_wf/sub_GEO061_wf/bold_ses_t2_task_image_run_4_wf/ds_bold_std_wf/_in_tuple_MNI152NLin2009cAsym.resnative/resample_ref".
250528-06:40:28,354 nipype.workflow INFO:
	 [Node] Executing "resample_ref" <niworkflows.interfaces.fixes.FixHeaderApplyTransforms>
250528-06:40:29,147 nipype.workflow INFO:
	 [Node] Setting-up "fmriprep_25_0_wf.sub_GEO061_wf.bold_ses_t2_task_image_run_4_wf.ds_bold_std_wf.resample_mask" in "/work/fmriprep_25_0_wf/sub_GEO061_wf/bold_ses_t2_task_image_run_4_wf/ds_bold_std_wf/_in_tuple_MNI152NLin2009cAsym.resnative/resample_mask".
250528-06:40:29,388 nipype.workflow INFO:
	 [Node] Finished "resample_ref", elapsed time 2.521038s.
250528-06:40:29,443 nipype.workflow INFO:
	 [Node] Executing "resample_mask" <niworkflows.interfaces.fixes.FixHeaderApplyTransforms>
250528-06:40:29,882 nipype.workflow INFO:
	 [Node] Finished "resample_mask", elapsed time 3.065342s.
250528-06:40:30,908 nipype.workflow INFO:
	 [Node] Finished "resample_ref", elapsed time 2.551515s.
250528-06:40:31,43 nipype.workflow INFO:
	 [Node] Setting-up "fmriprep_25_0_wf.sub_GEO061_wf.bold_ses_t2_task_image_run_5_wf.carpetplot_wf.resample_parc" in "/work/fmriprep_25_0_wf/sub_GEO061_wf/bold_ses_t2_task_image_run_5_wf/carpetplot_wf/resample_parc".
250528-06:40:31,44 nipype.workflow INFO:
	 [Node] Setting-up "fmriprep_25_0_wf.sub_GEO061_wf.bold_ses_t2_task_image_run_5_wf.ds_bold_std_wf.resample_ref" in "/work/fmriprep_25_0_wf/sub_GEO061_wf/bold_ses_t2_task_image_run_5_wf/ds_bold_std_wf/_in_tuple_MNI152NLin2009cAsym.resnative/resample_ref".
250528-06:40:31,134 nipype.workflow INFO:
	 [Node] Executing "resample_parc" <niworkflows.interfaces.fixes.FixHeaderApplyTransforms>
250528-06:40:31,155 nipype.workflow INFO:
	 [Node] Finished "resample_parc", elapsed time 3.362627s.
250528-06:40:31,166 nipype.workflow INFO:
	 [Node] Executing "resample_ref" <niworkflows.interfaces.fixes.FixHeaderApplyTransforms>
250528-06:40:32,491 nipype.workflow INFO:
	 [Node] Finished "resample_mask", elapsed time 3.047164s.
250528-06:40:33,31 nipype.workflow INFO:
	 [Node] Setting-up "fmriprep_25_0_wf.sub_GEO061_wf.bold_ses_t2_task_image_run_5_wf.ds_bold_std_wf.resample_mask" in "/work/fmriprep_25_0_wf/sub_GEO061_wf/bold_ses_t2_task_image_run_5_wf/ds_bold_std_wf/_in_tuple_MNI152NLin2009cAsym.resnative/resample_mask".
250528-06:40:33,125 nipype.workflow INFO:
	 [Node] Executing "resample_mask" <niworkflows.interfaces.fixes.FixHeaderApplyTransforms>
250528-06:40:33,508 nipype.workflow INFO:
	 [Node] Setting-up "fmriprep_25_0_wf.sub_GEO061_wf.bold_ses_t3_task_image_run_1_wf.ds_bold_std_wf.resample_ref" in "/work/fmriprep_25_0_wf/sub_GEO061_wf/bold_ses_t3_task_image_run_1_wf/ds_bold_std_wf/_in_tuple_MNI152NLin2009cAsym.resnative/resample_ref".
250528-06:40:33,508 nipype.workflow INFO:
	 [Node] Setting-up "fmriprep_25_0_wf.sub_GEO061_wf.bold_ses_t3_task_image_run_1_wf.carpetplot_wf.resample_parc" in "/work/fmriprep_25_0_wf/sub_GEO061_wf/bold_ses_t3_task_image_run_1_wf/carpetplot_wf/resample_parc".
250528-06:40:33,555 nipype.workflow INFO:
	 [Node] Finished "resample_ref", elapsed time 2.388538s.
250528-06:40:33,613 nipype.workflow INFO:
	 [Node] Executing "resample_parc" <niworkflows.interfaces.fixes.FixHeaderApplyTransforms>
250528-06:40:33,624 nipype.workflow INFO:
	 [Node] Executing "resample_ref" <niworkflows.interfaces.fixes.FixHeaderApplyTransforms>
250528-06:40:34,446 nipype.workflow INFO:
	 [Node] Finished "resample_parc", elapsed time 3.310858s.
250528-06:40:35,177 nipype.workflow INFO:
	 [Node] Setting-up "fmriprep_25_0_wf.sub_GEO061_wf.bold_ses_t3_task_image_run_1_wf.ds_bold_std_wf.resample_mask" in "/work/fmriprep_25_0_wf/sub_GEO061_wf/bold_ses_t3_task_image_run_1_wf/ds_bold_std_wf/_in_tuple_MNI152NLin2009cAsym.resnative/resample_mask".
250528-06:40:35,262 nipype.workflow INFO:
	 [Node] Executing "resample_mask" <niworkflows.interfaces.fixes.FixHeaderApplyTransforms>
250528-06:40:35,721 nipype.workflow INFO:
	 [Node] Setting-up "fmriprep_25_0_wf.sub_GEO061_wf.bold_ses_t3_task_image_run_2_wf.carpetplot_wf.resample_parc" in "/work/fmriprep_25_0_wf/sub_GEO061_wf/bold_ses_t3_task_image_run_2_wf/carpetplot_wf/resample_parc".
250528-06:40:35,771 nipype.workflow INFO:
	 [Node] Finished "anat2std_mask", elapsed time 50.564317s.
250528-06:40:35,845 nipype.workflow INFO:
	 [Node] Executing "resample_parc" <niworkflows.interfaces.fixes.FixHeaderApplyTransforms>
250528-06:40:36,17 nipype.workflow INFO:
	 [Node] Finished "resample_ref", elapsed time 2.391518s.
250528-06:40:36,252 nipype.workflow INFO:
	 [Node] Finished "resample_mask", elapsed time 3.125792s.
250528-06:40:37,62 nipype.workflow INFO:
	 [Node] Finished "resample_parc", elapsed time 3.447774s.
250528-06:40:37,224 nipype.interface WARNING:
	 Changing /out/sub-GEO061/anat/sub-GEO061_space-MNI152NLin2009cAsym_desc-brain_mask.nii.gz dtype from float64 to uint8
250528-06:40:38,228 nipype.workflow INFO:
	 [Node] Finished "resample_mask", elapsed time 2.964775s.
250528-06:40:38,564 nipype.workflow INFO:
	 [Node] Setting-up "fmriprep_25_0_wf.sub_GEO061_wf.bold_ses_t3_task_image_run_2_wf.ds_bold_std_wf.resample_ref" in "/work/fmriprep_25_0_wf/sub_GEO061_wf/bold_ses_t3_task_image_run_2_wf/ds_bold_std_wf/_in_tuple_MNI152NLin2009cAsym.resnative/resample_ref".
250528-06:40:38,564 nipype.workflow INFO:
	 [Node] Setting-up "fmriprep_25_0_wf.sub_GEO061_wf.bold_ses_t3_task_image_run_2_wf.ds_bold_std_wf.resample_mask" in "/work/fmriprep_25_0_wf/sub_GEO061_wf/bold_ses_t3_task_image_run_2_wf/ds_bold_std_wf/_in_tuple_MNI152NLin2009cAsym.resnative/resample_mask".
250528-06:40:38,565 nipype.workflow INFO:
	 [Node] Setting-up "fmriprep_25_0_wf.sub_GEO061_wf.bold_ses_t3_task_image_run_3_wf.carpetplot_wf.resample_parc" in "/work/fmriprep_25_0_wf/sub_GEO061_wf/bold_ses_t3_task_image_run_3_wf/carpetplot_wf/resample_parc".
250528-06:40:38,660 nipype.workflow INFO:
	 [Node] Executing "resample_parc" <niworkflows.interfaces.fixes.FixHeaderApplyTransforms>
250528-06:40:38,670 nipype.workflow INFO:
	 [Node] Executing "resample_mask" <niworkflows.interfaces.fixes.FixHeaderApplyTransforms>
250528-06:40:38,707 nipype.workflow INFO:
	 [Node] Executing "resample_ref" <niworkflows.interfaces.fixes.FixHeaderApplyTransforms>
250528-06:40:39,298 nipype.workflow INFO:
	 [Node] Finished "resample_parc", elapsed time 3.451528s.
250528-06:40:39,418 nipype.workflow INFO:
	 [Node] Finished "mask_std", elapsed time 44.221005s.
250528-06:40:39,727 nipype.workflow INFO:
	 [Node] Setting-up "fmriprep_25_0_wf.sub_GEO061_wf.bold_ses_t3_task_image_run_3_wf.ds_bold_std_wf.resample_ref" in "/work/fmriprep_25_0_wf/sub_GEO061_wf/bold_ses_t3_task_image_run_3_wf/ds_bold_std_wf/_in_tuple_MNI152NLin2009cAsym.resnative/resample_ref".
250528-06:40:39,728 nipype.workflow INFO:
	 [Node] Setting-up "fmriprep_25_0_wf.sub_GEO061_wf.bold_ses_t3_task_image_run_3_wf.ds_bold_std_wf.resample_mask" in "/work/fmriprep_25_0_wf/sub_GEO061_wf/bold_ses_t3_task_image_run_3_wf/ds_bold_std_wf/_in_tuple_MNI152NLin2009cAsym.resnative/resample_mask".
250528-06:40:39,828 nipype.workflow INFO:
	 [Node] Executing "resample_mask" <niworkflows.interfaces.fixes.FixHeaderApplyTransforms>
250528-06:40:39,829 nipype.workflow INFO:
	 [Node] Executing "resample_ref" <niworkflows.interfaces.fixes.FixHeaderApplyTransforms>
250528-06:40:41,84 nipype.workflow INFO:
	 [Node] Finished "resample_ref", elapsed time 2.375999s.
250528-06:40:41,151 nipype.workflow INFO:
	 [Node] Setting-up "fmriprep_25_0_wf.sub_GEO061_wf.anat_fit_wf.anat_reports_wf.norm_msk" in "/work/fmriprep_25_0_wf/sub_GEO061_wf/anat_fit_wf/anat_reports_wf/_in_tuple_MNI152NLin2009cAsym.resnative/norm_msk".
250528-06:40:41,152 nipype.workflow INFO:
	 [Node] Setting-up "fmriprep_25_0_wf.sub_GEO061_wf.bold_ses_t3_task_image_run_4_wf.carpetplot_wf.resample_parc" in "/work/fmriprep_25_0_wf/sub_GEO061_wf/bold_ses_t3_task_image_run_4_wf/carpetplot_wf/resample_parc".
250528-06:40:41,233 nipype.workflow INFO:
	 [Node] Executing "norm_msk" <nipype.interfaces.utility.wrappers.Function>
250528-06:40:41,249 nipype.workflow INFO:
	 [Node] Executing "resample_parc" <niworkflows.interfaces.fixes.FixHeaderApplyTransforms>
250528-06:40:41,696 nipype.workflow INFO:
	 [Node] Finished "resample_mask", elapsed time 3.025758s.
250528-06:40:42,104 nipype.workflow INFO:
	 [Node] Finished "resample_parc", elapsed time 3.442767s.
250528-06:40:42,233 nipype.workflow INFO:
	 [Node] Finished "resample_ref", elapsed time 2.402883s.
250528-06:40:42,607 nipype.workflow INFO:
	 [Node] Finished "norm_msk", elapsed time 1.373026s.
250528-06:40:42,860 nipype.workflow INFO:
	 [Node] Finished "resample_mask", elapsed time 3.030501s.
250528-06:40:43,143 nipype.workflow INFO:
	 [Node] Setting-up "fmriprep_25_0_wf.sub_GEO061_wf.bold_ses_t3_task_image_run_4_wf.ds_bold_std_wf.resample_ref" in "/work/fmriprep_25_0_wf/sub_GEO061_wf/bold_ses_t3_task_image_run_4_wf/ds_bold_std_wf/_in_tuple_MNI152NLin2009cAsym.resnative/resample_ref".
250528-06:40:43,143 nipype.workflow INFO:
	 [Node] Setting-up "fmriprep_25_0_wf.sub_GEO061_wf.bold_ses_t3_task_image_run_4_wf.ds_bold_std_wf.resample_mask" in "/work/fmriprep_25_0_wf/sub_GEO061_wf/bold_ses_t3_task_image_run_4_wf/ds_bold_std_wf/_in_tuple_MNI152NLin2009cAsym.resnative/resample_mask".
250528-06:40:43,231 nipype.workflow INFO:
	 [Node] Executing "resample_mask" <niworkflows.interfaces.fixes.FixHeaderApplyTransforms>
250528-06:40:43,247 nipype.workflow INFO:
	 [Node] Executing "resample_ref" <niworkflows.interfaces.fixes.FixHeaderApplyTransforms>
250528-06:40:43,687 nipype.workflow INFO:
	 [Node] Setting-up "fmriprep_25_0_wf.sub_GEO061_wf.bold_ses_t3_task_image_run_5_wf.carpetplot_wf.resample_parc" in "/work/fmriprep_25_0_wf/sub_GEO061_wf/bold_ses_t3_task_image_run_5_wf/carpetplot_wf/resample_parc".
250528-06:40:43,689 nipype.workflow INFO:
	 [Node] Setting-up "fmriprep_25_0_wf.sub_GEO061_wf.bold_ses_t3_task_image_run_5_wf.ds_bold_std_wf.resample_ref" in "/work/fmriprep_25_0_wf/sub_GEO061_wf/bold_ses_t3_task_image_run_5_wf/ds_bold_std_wf/_in_tuple_MNI152NLin2009cAsym.resnative/resample_ref".
250528-06:40:43,690 nipype.workflow INFO:
	 [Node] Setting-up "fmriprep_25_0_wf.sub_GEO061_wf.bold_ses_t3_task_image_run_5_wf.ds_bold_std_wf.resample_mask" in "/work/fmriprep_25_0_wf/sub_GEO061_wf/bold_ses_t3_task_image_run_5_wf/ds_bold_std_wf/_in_tuple_MNI152NLin2009cAsym.resnative/resample_mask".
250528-06:40:44,450 nipype.workflow INFO:
	 [Node] Executing "resample_parc" <niworkflows.interfaces.fixes.FixHeaderApplyTransforms>
250528-06:40:44,450 nipype.workflow INFO:
	 [Node] Executing "resample_mask" <niworkflows.interfaces.fixes.FixHeaderApplyTransforms>
250528-06:40:44,519 nipype.workflow INFO:
	 [Node] Executing "resample_ref" <niworkflows.interfaces.fixes.FixHeaderApplyTransforms>
250528-06:40:44,785 nipype.workflow INFO:
	 [Node] Finished "resample_parc", elapsed time 3.535469s.
250528-06:40:45,780 nipype.workflow INFO:
	 [Node] Setting-up "fmriprep_25_0_wf.sub_GEO061_wf.bold_ses_t3_task_retrans_run_1_wf.carpetplot_wf.resample_parc" in "/work/fmriprep_25_0_wf/sub_GEO061_wf/bold_ses_t3_task_retrans_run_1_wf/carpetplot_wf/resample_parc".
250528-06:40:45,812 nipype.workflow INFO:
	 [Node] Finished "resample_ref", elapsed time 2.5646940000000003s.
250528-06:40:45,874 nipype.workflow INFO:
	 [Node] Executing "resample_parc" <niworkflows.interfaces.fixes.FixHeaderApplyTransforms>
250528-06:40:46,568 nipype.workflow INFO:
	 [Node] Finished "resample_mask", elapsed time 3.335784s.
250528-06:40:46,838 nipype.workflow INFO:
	 [Node] Finished "resample_ref", elapsed time 2.318186s.
250528-06:40:47,470 nipype.workflow INFO:
	 [Node] Finished "resample_mask", elapsed time 3.01907s.
250528-06:40:47,667 nipype.workflow INFO:
	 [Node] Setting-up "fmriprep_25_0_wf.sub_GEO061_wf.bold_ses_t3_task_retrans_run_1_wf.ds_bold_std_wf.resample_ref" in "/work/fmriprep_25_0_wf/sub_GEO061_wf/bold_ses_t3_task_retrans_run_1_wf/ds_bold_std_wf/_in_tuple_MNI152NLin2009cAsym.resnative/resample_ref".
250528-06:40:47,668 nipype.workflow INFO:
	 [Node] Setting-up "fmriprep_25_0_wf.sub_GEO061_wf.bold_ses_t3_task_retrans_run_1_wf.ds_bold_std_wf.resample_mask" in "/work/fmriprep_25_0_wf/sub_GEO061_wf/bold_ses_t3_task_retrans_run_1_wf/ds_bold_std_wf/_in_tuple_MNI152NLin2009cAsym.resnative/resample_mask".
250528-06:40:47,669 nipype.workflow INFO:
	 [Node] Setting-up "fmriprep_25_0_wf.sub_GEO061_wf.anat_fit_wf.anat_reports_wf.norm_rpt" in "/work/fmriprep_25_0_wf/sub_GEO061_wf/anat_fit_wf/anat_reports_wf/_in_tuple_MNI152NLin2009cAsym.resnative/norm_rpt".
250528-06:40:47,792 nipype.workflow INFO:
	 [Node] Executing "resample_mask" <niworkflows.interfaces.fixes.FixHeaderApplyTransforms>
250528-06:40:47,794 nipype.workflow INFO:
	 [Node] Executing "norm_rpt" <niworkflows.interfaces.reportlets.registration.SimpleBeforeAfterRPT>
250528-06:40:47,814 nipype.workflow INFO:
	 [Node] Executing "resample_ref" <niworkflows.interfaces.fixes.FixHeaderApplyTransforms>
250528-06:40:48,13 nipype.workflow INFO:
	 [Node] Finished "resample_parc", elapsed time 3.5624190000000002s.
250528-06:40:49,351 nipype.workflow INFO:
	 [Node] Finished "resample_parc", elapsed time 3.475977s.
250528-06:40:50,49 nipype.interface WARNING:
	 Changing /out/sub-GEO061/ses-t2/func/sub-GEO061_ses-t2_task-image_run-1_space-MNI152NLin2009cAsym_desc-brain_mask.nii.gz dtype from float64 to uint8
250528-06:40:50,97 nipype.workflow INFO:
	 [Node] Finished "resample_ref", elapsed time 2.281648s.
250528-06:40:50,830 nipype.workflow INFO:
	 [Node] Finished "resample_mask", elapsed time 3.036648s.
250528-06:40:51,376 nipype.interface WARNING:
	 Changing /out/sub-GEO061/ses-t2/func/sub-GEO061_ses-t2_task-image_run-2_space-MNI152NLin2009cAsym_desc-brain_mask.nii.gz dtype from float64 to uint8
250528-06:40:52,229 nipype.workflow INFO:
	 [Node] Finished "anat2std_dseg", elapsed time 57.04466s.
250528-06:40:52,695 nipype.interface WARNING:
	 Changing /out/sub-GEO061/ses-t2/func/sub-GEO061_ses-t2_task-image_run-3_space-MNI152NLin2009cAsym_desc-brain_mask.nii.gz dtype from float64 to uint8
250528-06:40:54,56 nipype.interface WARNING:
	 Changing /out/sub-GEO061/ses-t2/func/sub-GEO061_ses-t2_task-image_run-4_space-MNI152NLin2009cAsym_desc-brain_mask.nii.gz dtype from float64 to uint8
250528-06:40:55,373 nipype.interface WARNING:
	 Changing /out/sub-GEO061/ses-t2/func/sub-GEO061_ses-t2_task-image_run-5_space-MNI152NLin2009cAsym_desc-brain_mask.nii.gz dtype from float64 to uint8
250528-06:40:56,700 nipype.interface WARNING:
	 Changing /out/sub-GEO061/ses-t3/func/sub-GEO061_ses-t3_task-image_run-1_space-MNI152NLin2009cAsym_desc-brain_mask.nii.gz dtype from float64 to uint8
250528-06:40:57,992 nipype.interface WARNING:
	 Changing /out/sub-GEO061/ses-t3/func/sub-GEO061_ses-t3_task-image_run-2_space-MNI152NLin2009cAsym_desc-brain_mask.nii.gz dtype from float64 to uint8
250528-06:40:59,261 nipype.interface WARNING:
	 Changing /out/sub-GEO061/ses-t3/func/sub-GEO061_ses-t3_task-image_run-3_space-MNI152NLin2009cAsym_desc-brain_mask.nii.gz dtype from float64 to uint8
250528-06:41:00,467 nipype.interface WARNING:
	 Changing /out/sub-GEO061/ses-t3/func/sub-GEO061_ses-t3_task-image_run-4_space-MNI152NLin2009cAsym_desc-brain_mask.nii.gz dtype from float64 to uint8
250528-06:41:01,550 nipype.interface WARNING:
	 Changing /out/sub-GEO061/ses-t3/func/sub-GEO061_ses-t3_task-image_run-5_space-MNI152NLin2009cAsym_desc-brain_mask.nii.gz dtype from float64 to uint8
250528-06:41:02,60 nipype.workflow INFO:
	 [Node] Setting-up "fmriprep_25_0_wf.sub_GEO061_wf.bold_ses_t2_task_image_run_1_wf.carpetplot_wf.parcels" in "/work/fmriprep_25_0_wf/sub_GEO061_wf/bold_ses_t2_task_image_run_1_wf/carpetplot_wf/parcels".
250528-06:41:02,61 nipype.workflow INFO:
	 [Node] Setting-up "fmriprep_25_0_wf.sub_GEO061_wf.bold_ses_t2_task_image_run_2_wf.carpetplot_wf.parcels" in "/work/fmriprep_25_0_wf/sub_GEO061_wf/bold_ses_t2_task_image_run_2_wf/carpetplot_wf/parcels".
250528-06:41:02,65 nipype.workflow INFO:
	 [Node] Setting-up "fmriprep_25_0_wf.sub_GEO061_wf.bold_ses_t2_task_image_run_3_wf.carpetplot_wf.parcels" in "/work/fmriprep_25_0_wf/sub_GEO061_wf/bold_ses_t2_task_image_run_3_wf/carpetplot_wf/parcels".
250528-06:41:02,167 nipype.workflow INFO:
	 [Node] Executing "parcels" <nipype.interfaces.utility.wrappers.Function>
250528-06:41:02,168 nipype.workflow INFO:
	 [Node] Executing "parcels" <nipype.interfaces.utility.wrappers.Function>
250528-06:41:02,170 nipype.workflow INFO:
	 [Node] Executing "parcels" <nipype.interfaces.utility.wrappers.Function>
250528-06:41:02,219 nipype.workflow INFO:
	 [Node] Finished "parcels", elapsed time 0.050851s.
250528-06:41:02,219 nipype.workflow INFO:
	 [Node] Finished "parcels", elapsed time 0.04759s.
250528-06:41:02,220 nipype.workflow INFO:
	 [Node] Finished "parcels", elapsed time 0.05145s.
250528-06:41:02,579 nipype.interface WARNING:
	 Changing /out/sub-GEO061/anat/sub-GEO061_space-MNI152NLin2009cAsym_dseg.nii.gz dtype from float64 to int16
250528-06:41:05,664 nipype.interface WARNING:
	 Changing /out/sub-GEO061/ses-t3/func/sub-GEO061_ses-t3_task-retrans_run-1_space-MNI152NLin2009cAsym_desc-brain_mask.nii.gz dtype from float64 to uint8
250528-06:41:06,172 nipype.workflow INFO:
	 [Node] Setting-up "fmriprep_25_0_wf.sub_GEO061_wf.bold_ses_t2_task_image_run_4_wf.carpetplot_wf.parcels" in "/work/fmriprep_25_0_wf/sub_GEO061_wf/bold_ses_t2_task_image_run_4_wf/carpetplot_wf/parcels".
250528-06:41:06,174 nipype.workflow INFO:
	 [Node] Setting-up "fmriprep_25_0_wf.sub_GEO061_wf.bold_ses_t2_task_image_run_5_wf.carpetplot_wf.parcels" in "/work/fmriprep_25_0_wf/sub_GEO061_wf/bold_ses_t2_task_image_run_5_wf/carpetplot_wf/parcels".
250528-06:41:06,175 nipype.workflow INFO:
	 [Node] Setting-up "fmriprep_25_0_wf.sub_GEO061_wf.bold_ses_t3_task_image_run_1_wf.carpetplot_wf.parcels" in "/work/fmriprep_25_0_wf/sub_GEO061_wf/bold_ses_t3_task_image_run_1_wf/carpetplot_wf/parcels".
250528-06:41:06,176 nipype.workflow INFO:
	 [Node] Setting-up "fmriprep_25_0_wf.sub_GEO061_wf.bold_ses_t3_task_image_run_2_wf.carpetplot_wf.parcels" in "/work/fmriprep_25_0_wf/sub_GEO061_wf/bold_ses_t3_task_image_run_2_wf/carpetplot_wf/parcels".
250528-06:41:06,275 nipype.workflow INFO:
	 [Node] Executing "parcels" <nipype.interfaces.utility.wrappers.Function>
250528-06:41:06,278 nipype.workflow INFO:
	 [Node] Executing "parcels" <nipype.interfaces.utility.wrappers.Function>
250528-06:41:06,278 nipype.workflow INFO:
	 [Node] Executing "parcels" <nipype.interfaces.utility.wrappers.Function>
250528-06:41:06,286 nipype.workflow INFO:
	 [Node] Executing "parcels" <nipype.interfaces.utility.wrappers.Function>
250528-06:41:06,437 nipype.workflow INFO:
	 [Node] Finished "parcels", elapsed time 0.16104s.
250528-06:41:06,444 nipype.workflow INFO:
	 [Node] Finished "parcels", elapsed time 0.16563s.
250528-06:41:06,444 nipype.workflow INFO:
	 [Node] Finished "parcels", elapsed time 0.157588s.
250528-06:41:06,445 nipype.workflow INFO:
	 [Node] Finished "parcels", elapsed time 0.165918s.
250528-06:41:06,585 nipype.workflow INFO:
	 [Node] Setting-up "fmriprep_25_0_wf.sub_GEO061_wf.bold_ses_t3_task_image_run_3_wf.carpetplot_wf.parcels" in "/work/fmriprep_25_0_wf/sub_GEO061_wf/bold_ses_t3_task_image_run_3_wf/carpetplot_wf/parcels".
250528-06:41:06,586 nipype.workflow INFO:
	 [Node] Setting-up "fmriprep_25_0_wf.sub_GEO061_wf.bold_ses_t3_task_image_run_4_wf.carpetplot_wf.parcels" in "/work/fmriprep_25_0_wf/sub_GEO061_wf/bold_ses_t3_task_image_run_4_wf/carpetplot_wf/parcels".
250528-06:41:06,586 nipype.workflow INFO:
	 [Node] Setting-up "fmriprep_25_0_wf.sub_GEO061_wf.bold_ses_t3_task_image_run_5_wf.carpetplot_wf.parcels" in "/work/fmriprep_25_0_wf/sub_GEO061_wf/bold_ses_t3_task_image_run_5_wf/carpetplot_wf/parcels".
250528-06:41:06,672 nipype.workflow INFO:
	 [Node] Executing "parcels" <nipype.interfaces.utility.wrappers.Function>
250528-06:41:06,674 nipype.workflow INFO:
	 [Node] Executing "parcels" <nipype.interfaces.utility.wrappers.Function>
250528-06:41:06,675 nipype.workflow INFO:
	 [Node] Executing "parcels" <nipype.interfaces.utility.wrappers.Function>
250528-06:41:06,727 nipype.workflow INFO:
	 [Node] Finished "parcels", elapsed time 0.051709s.
250528-06:41:06,728 nipype.workflow INFO:
	 [Node] Finished "parcels", elapsed time 0.051695s.
250528-06:41:06,731 nipype.workflow INFO:
	 [Node] Finished "norm_rpt", elapsed time 18.936244s.
250528-06:41:06,744 nipype.workflow INFO:
	 [Node] Finished "parcels", elapsed time 0.07054s.
250528-06:41:08,578 nipype.workflow INFO:
	 [Node] Setting-up "fmriprep_25_0_wf.sub_GEO061_wf.bold_ses_t2_task_image_run_1_wf.bold_std_wf.resample" in "/work/fmriprep_25_0_wf/sub_GEO061_wf/bold_ses_t2_task_image_run_1_wf/bold_std_wf/_in_tuple_MNI152NLin2009cAsym.resnative/resample".
250528-06:41:08,660 nipype.workflow INFO:
	 [Node] Executing "resample" <fmriprep.interfaces.resampling.ResampleSeries>
250528-06:41:09,144 nipype.workflow INFO:
	 [Node] Setting-up "fmriprep_25_0_wf.sub_GEO061_wf.bold_ses_t3_task_retrans_run_1_wf.carpetplot_wf.parcels" in "/work/fmriprep_25_0_wf/sub_GEO061_wf/bold_ses_t3_task_retrans_run_1_wf/carpetplot_wf/parcels".
250528-06:41:09,263 nipype.workflow INFO:
	 [Node] Executing "parcels" <nipype.interfaces.utility.wrappers.Function>
250528-06:41:09,325 nipype.workflow INFO:
	 [Node] Finished "parcels", elapsed time 0.060502s.
250528-06:41:10,605 nipype.workflow INFO:
	 [Node] Setting-up "fmriprep_25_0_wf.sub_GEO061_wf.bold_ses_t2_task_image_run_1_wf.carpetplot_wf.conf_plot" in "/work/fmriprep_25_0_wf/sub_GEO061_wf/bold_ses_t2_task_image_run_1_wf/carpetplot_wf/conf_plot".
250528-06:41:10,717 nipype.workflow INFO:
	 [Node] Executing "conf_plot" <fmriprep.interfaces.confounds.FMRISummary>
250528-06:41:21,747 nipype.workflow INFO:
	 [Node] Finished "conf_plot", elapsed time 11.028464s.
250528-06:41:22,579 nipype.workflow INFO:
	 [Node] Setting-up "fmriprep_25_0_wf.sub_GEO061_wf.bold_ses_t2_task_image_run_2_wf.carpetplot_wf.conf_plot" in "/work/fmriprep_25_0_wf/sub_GEO061_wf/bold_ses_t2_task_image_run_2_wf/carpetplot_wf/conf_plot".
250528-06:41:22,892 nipype.workflow INFO:
	 [Node] Executing "conf_plot" <fmriprep.interfaces.confounds.FMRISummary>
250528-06:41:33,895 nipype.workflow INFO:
	 [Node] Finished "conf_plot", elapsed time 10.998199s.
250528-06:41:34,574 nipype.workflow INFO:
	 [Node] Setting-up "fmriprep_25_0_wf.sub_GEO061_wf.bold_ses_t2_task_image_run_3_wf.carpetplot_wf.conf_plot" in "/work/fmriprep_25_0_wf/sub_GEO061_wf/bold_ses_t2_task_image_run_3_wf/carpetplot_wf/conf_plot".
250528-06:41:34,690 nipype.workflow INFO:
	 [Node] Executing "conf_plot" <fmriprep.interfaces.confounds.FMRISummary>
250528-06:41:40,694 nipype.workflow INFO:
	 [Node] Finished "resample", elapsed time 32.032669s.
250528-06:41:42,607 nipype.workflow INFO:
	 [Node] Setting-up "fmriprep_25_0_wf.sub_GEO061_wf.bold_ses_t2_task_image_run_2_wf.bold_anat_wf.resample" in "/work/fmriprep_25_0_wf/sub_GEO061_wf/bold_ses_t2_task_image_run_2_wf/bold_anat_wf/resample".
250528-06:41:42,710 nipype.workflow INFO:
	 [Node] Executing "resample" <fmriprep.interfaces.resampling.ResampleSeries>
250528-06:41:45,545 nipype.workflow INFO:
	 [Node] Finished "conf_plot", elapsed time 10.854374s.
250528-06:41:46,631 nipype.workflow INFO:
	 [Node] Setting-up "fmriprep_25_0_wf.sub_GEO061_wf.bold_ses_t2_task_image_run_1_wf.ds_bold_std_wf.ds_bold" in "/work/fmriprep_25_0_wf/sub_GEO061_wf/bold_ses_t2_task_image_run_1_wf/ds_bold_std_wf/_in_tuple_MNI152NLin2009cAsym.resnative/ds_bold".
250528-06:41:46,713 nipype.workflow INFO:
	 [Node] Executing "ds_bold" <fmriprep.interfaces.DerivativesDataSink>
250528-06:42:03,928 nipype.workflow INFO:
	 [Node] Finished "resample", elapsed time 21.216141s.
250528-06:42:04,614 nipype.workflow INFO:
	 [Node] Setting-up "fmriprep_25_0_wf.sub_GEO061_wf.bold_ses_t2_task_image_run_2_wf.bold_std_wf.resample" in "/work/fmriprep_25_0_wf/sub_GEO061_wf/bold_ses_t2_task_image_run_2_wf/bold_std_wf/_in_tuple_MNI152NLin2009cAsym.resnative/resample".
250528-06:42:04,733 nipype.workflow INFO:
	 [Node] Executing "resample" <fmriprep.interfaces.resampling.ResampleSeries>
250528-06:42:12,521 nipype.workflow INFO:
	 [Node] Finished "ds_bold", elapsed time 25.80688s.
250528-06:42:14,638 nipype.workflow INFO:
	 [Node] Setting-up "fmriprep_25_0_wf.sub_GEO061_wf.bold_ses_t2_task_image_run_4_wf.carpetplot_wf.conf_plot" in "/work/fmriprep_25_0_wf/sub_GEO061_wf/bold_ses_t2_task_image_run_4_wf/carpetplot_wf/conf_plot".
250528-06:42:14,991 nipype.workflow INFO:
	 [Node] Executing "conf_plot" <fmriprep.interfaces.confounds.FMRISummary>
250528-06:42:26,491 nipype.workflow INFO:
	 [Node] Finished "conf_plot", elapsed time 11.499082s.
250528-06:42:28,643 nipype.workflow INFO:
	 [Node] Setting-up "fmriprep_25_0_wf.sub_GEO061_wf.bold_ses_t2_task_image_run_5_wf.carpetplot_wf.conf_plot" in "/work/fmriprep_25_0_wf/sub_GEO061_wf/bold_ses_t2_task_image_run_5_wf/carpetplot_wf/conf_plot".
250528-06:42:28,871 nipype.workflow INFO:
	 [Node] Executing "conf_plot" <fmriprep.interfaces.confounds.FMRISummary>
250528-06:42:37,552 nipype.workflow INFO:
	 [Node] Finished "resample", elapsed time 32.812552s.
250528-06:42:38,628 nipype.workflow INFO:
	 [Node] Setting-up "fmriprep_25_0_wf.sub_GEO061_wf.bold_ses_t2_task_image_run_3_wf.bold_anat_wf.resample" in "/work/fmriprep_25_0_wf/sub_GEO061_wf/bold_ses_t2_task_image_run_3_wf/bold_anat_wf/resample".
250528-06:42:38,835 nipype.workflow INFO:
	 [Node] Executing "resample" <fmriprep.interfaces.resampling.ResampleSeries>
250528-06:42:39,680 nipype.workflow INFO:
	 [Node] Finished "conf_plot", elapsed time 10.807739s.
250528-06:42:40,554 nipype.workflow INFO:
	 [Node] Setting-up "fmriprep_25_0_wf.sub_GEO061_wf.bold_ses_t2_task_image_run_2_wf.ds_bold_std_wf.ds_bold" in "/work/fmriprep_25_0_wf/sub_GEO061_wf/bold_ses_t2_task_image_run_2_wf/ds_bold_std_wf/_in_tuple_MNI152NLin2009cAsym.resnative/ds_bold".
250528-06:42:40,892 nipype.workflow INFO:
	 [Node] Executing "ds_bold" <fmriprep.interfaces.DerivativesDataSink>
250528-06:43:00,421 nipype.workflow INFO:
	 [Node] Finished "resample", elapsed time 21.584834s.
250528-06:43:02,642 nipype.workflow INFO:
	 [Node] Setting-up "fmriprep_25_0_wf.sub_GEO061_wf.bold_ses_t2_task_image_run_3_wf.bold_std_wf.resample" in "/work/fmriprep_25_0_wf/sub_GEO061_wf/bold_ses_t2_task_image_run_3_wf/bold_std_wf/_in_tuple_MNI152NLin2009cAsym.resnative/resample".
250528-06:43:02,850 nipype.workflow INFO:
	 [Node] Executing "resample" <fmriprep.interfaces.resampling.ResampleSeries>
250528-06:43:06,576 nipype.workflow INFO:
	 [Node] Finished "ds_bold", elapsed time 25.682383s.
250528-06:43:08,660 nipype.workflow INFO:
	 [Node] Setting-up "fmriprep_25_0_wf.sub_GEO061_wf.bold_ses_t3_task_image_run_1_wf.carpetplot_wf.conf_plot" in "/work/fmriprep_25_0_wf/sub_GEO061_wf/bold_ses_t3_task_image_run_1_wf/carpetplot_wf/conf_plot".
250528-06:43:08,956 nipype.workflow INFO:
	 [Node] Executing "conf_plot" <fmriprep.interfaces.confounds.FMRISummary>
250528-06:43:19,700 nipype.workflow INFO:
	 [Node] Finished "conf_plot", elapsed time 10.742991s.
250528-06:43:20,560 nipype.workflow INFO:
	 [Node] Setting-up "fmriprep_25_0_wf.sub_GEO061_wf.bold_ses_t3_task_image_run_2_wf.carpetplot_wf.conf_plot" in "/work/fmriprep_25_0_wf/sub_GEO061_wf/bold_ses_t3_task_image_run_2_wf/carpetplot_wf/conf_plot".
250528-06:43:20,768 nipype.workflow INFO:
	 [Node] Executing "conf_plot" <fmriprep.interfaces.confounds.FMRISummary>
250528-06:43:31,847 nipype.workflow INFO:
	 [Node] Finished "conf_plot", elapsed time 11.078142s.
250528-06:43:32,566 nipype.workflow INFO:
	 [Node] Setting-up "fmriprep_25_0_wf.sub_GEO061_wf.bold_ses_t3_task_image_run_3_wf.carpetplot_wf.conf_plot" in "/work/fmriprep_25_0_wf/sub_GEO061_wf/bold_ses_t3_task_image_run_3_wf/carpetplot_wf/conf_plot".
250528-06:43:32,805 nipype.workflow INFO:
	 [Node] Executing "conf_plot" <fmriprep.interfaces.confounds.FMRISummary>
250528-06:43:35,450 nipype.workflow INFO:
	 [Node] Finished "resample", elapsed time 32.598565s.
250528-06:43:36,625 nipype.workflow INFO:
	 [Node] Setting-up "fmriprep_25_0_wf.sub_GEO061_wf.bold_ses_t2_task_image_run_4_wf.bold_anat_wf.resample" in "/work/fmriprep_25_0_wf/sub_GEO061_wf/bold_ses_t2_task_image_run_4_wf/bold_anat_wf/resample".
250528-06:43:36,943 nipype.workflow INFO:
	 [Node] Executing "resample" <fmriprep.interfaces.resampling.ResampleSeries>
250528-06:43:44,209 nipype.workflow INFO:
	 [Node] Finished "conf_plot", elapsed time 11.397396s.
250528-06:43:46,612 nipype.workflow INFO:
	 [Node] Setting-up "fmriprep_25_0_wf.sub_GEO061_wf.bold_ses_t2_task_image_run_3_wf.ds_bold_std_wf.ds_bold" in "/work/fmriprep_25_0_wf/sub_GEO061_wf/bold_ses_t2_task_image_run_3_wf/ds_bold_std_wf/_in_tuple_MNI152NLin2009cAsym.resnative/ds_bold".
250528-06:43:46,820 nipype.workflow INFO:
	 [Node] Executing "ds_bold" <fmriprep.interfaces.DerivativesDataSink>
250528-06:43:58,308 nipype.workflow INFO:
	 [Node] Finished "resample", elapsed time 21.363065s.
250528-06:44:00,634 nipype.workflow INFO:
	 [Node] Setting-up "fmriprep_25_0_wf.sub_GEO061_wf.bold_ses_t2_task_image_run_4_wf.bold_std_wf.resample" in "/work/fmriprep_25_0_wf/sub_GEO061_wf/bold_ses_t2_task_image_run_4_wf/bold_std_wf/_in_tuple_MNI152NLin2009cAsym.resnative/resample".
250528-06:44:00,802 nipype.workflow INFO:
	 [Node] Executing "resample" <fmriprep.interfaces.resampling.ResampleSeries>
250528-06:44:12,627 nipype.workflow INFO:
	 [Node] Finished "ds_bold", elapsed time 25.805417s.
250528-06:44:14,556 nipype.workflow INFO:
	 [Node] Setting-up "fmriprep_25_0_wf.sub_GEO061_wf.bold_ses_t3_task_image_run_4_wf.carpetplot_wf.conf_plot" in "/work/fmriprep_25_0_wf/sub_GEO061_wf/bold_ses_t3_task_image_run_4_wf/carpetplot_wf/conf_plot".
250528-06:44:14,958 nipype.workflow INFO:
	 [Node] Executing "conf_plot" <fmriprep.interfaces.confounds.FMRISummary>
250528-06:44:25,972 nipype.workflow INFO:
	 [Node] Finished "conf_plot", elapsed time 11.012942s.
250528-06:44:26,564 nipype.workflow INFO:
	 [Node] Setting-up "fmriprep_25_0_wf.sub_GEO061_wf.bold_ses_t3_task_image_run_5_wf.carpetplot_wf.conf_plot" in "/work/fmriprep_25_0_wf/sub_GEO061_wf/bold_ses_t3_task_image_run_5_wf/carpetplot_wf/conf_plot".
250528-06:44:26,805 nipype.workflow INFO:
	 [Node] Executing "conf_plot" <fmriprep.interfaces.confounds.FMRISummary>
250528-06:44:33,9 nipype.workflow INFO:
	 [Node] Finished "resample", elapsed time 32.20612s.
250528-06:44:34,663 nipype.workflow INFO:
	 [Node] Setting-up "fmriprep_25_0_wf.sub_GEO061_wf.bold_ses_t2_task_image_run_5_wf.bold_anat_wf.resample" in "/work/fmriprep_25_0_wf/sub_GEO061_wf/bold_ses_t2_task_image_run_5_wf/bold_anat_wf/resample".
250528-06:44:34,840 nipype.workflow INFO:
	 [Node] Executing "resample" <fmriprep.interfaces.resampling.ResampleSeries>
250528-06:44:38,58 nipype.workflow INFO:
	 [Node] Finished "conf_plot", elapsed time 11.251457s.
250528-06:44:38,563 nipype.workflow INFO:
	 [Node] Setting-up "fmriprep_25_0_wf.sub_GEO061_wf.bold_ses_t2_task_image_run_4_wf.ds_bold_std_wf.ds_bold" in "/work/fmriprep_25_0_wf/sub_GEO061_wf/bold_ses_t2_task_image_run_4_wf/ds_bold_std_wf/_in_tuple_MNI152NLin2009cAsym.resnative/ds_bold".
250528-06:44:38,730 nipype.workflow INFO:
	 [Node] Executing "ds_bold" <fmriprep.interfaces.DerivativesDataSink>
250528-06:44:55,600 nipype.workflow INFO:
	 [Node] Finished "resample", elapsed time 20.757745s.
250528-06:44:56,651 nipype.workflow INFO:
	 [Node] Setting-up "fmriprep_25_0_wf.sub_GEO061_wf.bold_ses_t2_task_image_run_5_wf.bold_std_wf.resample" in "/work/fmriprep_25_0_wf/sub_GEO061_wf/bold_ses_t2_task_image_run_5_wf/bold_std_wf/_in_tuple_MNI152NLin2009cAsym.resnative/resample".
250528-06:44:56,855 nipype.workflow INFO:
	 [Node] Executing "resample" <fmriprep.interfaces.resampling.ResampleSeries>
250528-06:45:03,888 nipype.workflow INFO:
	 [Node] Finished "ds_bold", elapsed time 25.157261s.
250528-06:45:04,679 nipype.workflow INFO:
	 [Node] Setting-up "fmriprep_25_0_wf.sub_GEO061_wf.bold_ses_t3_task_retrans_run_1_wf.carpetplot_wf.conf_plot" in "/work/fmriprep_25_0_wf/sub_GEO061_wf/bold_ses_t3_task_retrans_run_1_wf/carpetplot_wf/conf_plot".
250528-06:45:04,936 nipype.workflow INFO:
	 [Node] Executing "conf_plot" <fmriprep.interfaces.confounds.FMRISummary>
250528-06:45:18,204 nipype.workflow INFO:
	 [Node] Finished "conf_plot", elapsed time 13.267181s.
250528-06:45:27,708 nipype.workflow INFO:
	 [Node] Setting-up "_anat2std_tpms0" in "/work/fmriprep_25_0_wf/sub_GEO061_wf/ds_std_volumes_wf/_in_tuple_MNI152NLin2009cAsym.resnative/anat2std_tpms/mapflow/_anat2std_tpms0".
250528-06:45:27,828 nipype.workflow INFO:
	 [Node] Executing "_anat2std_tpms0" <niworkflows.interfaces.fixes.FixHeaderApplyTransforms>
250528-06:45:30,155 nipype.workflow INFO:
	 [Node] Finished "resample", elapsed time 33.29859s.
250528-06:45:32,79 nipype.workflow INFO:
	 [Node] Setting-up "fmriprep_25_0_wf.sub_GEO061_wf.bold_ses_t3_task_image_run_1_wf.bold_anat_wf.resample" in "/work/fmriprep_25_0_wf/sub_GEO061_wf/bold_ses_t3_task_image_run_1_wf/bold_anat_wf/resample".
250528-06:45:32,297 nipype.workflow INFO:
	 [Node] Executing "resample" <fmriprep.interfaces.resampling.ResampleSeries>
250528-06:45:41,552 nipype.workflow INFO:
	 [Node] Finished "_anat2std_tpms0", elapsed time 13.723219s.
250528-06:45:42,105 nipype.workflow INFO:
	 [Node] Setting-up "fmriprep_25_0_wf.sub_GEO061_wf.bold_ses_t2_task_image_run_5_wf.ds_bold_std_wf.ds_bold" in "/work/fmriprep_25_0_wf/sub_GEO061_wf/bold_ses_t2_task_image_run_5_wf/ds_bold_std_wf/_in_tuple_MNI152NLin2009cAsym.resnative/ds_bold".
250528-06:45:42,235 nipype.workflow INFO:
	 [Node] Executing "ds_bold" <fmriprep.interfaces.DerivativesDataSink>
250528-06:45:53,467 nipype.workflow INFO:
	 [Node] Finished "resample", elapsed time 21.168866s.
250528-06:45:54,107 nipype.workflow INFO:
	 [Node] Setting-up "fmriprep_25_0_wf.sub_GEO061_wf.bold_ses_t3_task_image_run_1_wf.bold_std_wf.resample" in "/work/fmriprep_25_0_wf/sub_GEO061_wf/bold_ses_t3_task_image_run_1_wf/bold_std_wf/_in_tuple_MNI152NLin2009cAsym.resnative/resample".
250528-06:45:54,235 nipype.workflow INFO:
	 [Node] Executing "resample" <fmriprep.interfaces.resampling.ResampleSeries>
250528-06:46:08,100 nipype.workflow INFO:
	 [Node] Finished "ds_bold", elapsed time 25.863519s.
250528-06:46:10,124 nipype.workflow INFO:
	 [Node] Setting-up "_anat2std_tpms1" in "/work/fmriprep_25_0_wf/sub_GEO061_wf/ds_std_volumes_wf/_in_tuple_MNI152NLin2009cAsym.resnative/anat2std_tpms/mapflow/_anat2std_tpms1".
250528-06:46:10,311 nipype.workflow INFO:
	 [Node] Executing "_anat2std_tpms1" <niworkflows.interfaces.fixes.FixHeaderApplyTransforms>
250528-06:46:21,593 nipype.workflow INFO:
	 [Node] Finished "_anat2std_tpms1", elapsed time 11.280095s.
250528-06:46:22,129 nipype.workflow INFO:
	 [Node] Setting-up "_anat2std_tpms2" in "/work/fmriprep_25_0_wf/sub_GEO061_wf/ds_std_volumes_wf/_in_tuple_MNI152NLin2009cAsym.resnative/anat2std_tpms/mapflow/_anat2std_tpms2".
250528-06:46:22,275 nipype.workflow INFO:
	 [Node] Executing "_anat2std_tpms2" <niworkflows.interfaces.fixes.FixHeaderApplyTransforms>
250528-06:46:25,732 nipype.workflow INFO:
	 [Node] Finished "resample", elapsed time 31.495781s.
250528-06:46:28,132 nipype.workflow INFO:
	 [Node] Setting-up "fmriprep_25_0_wf.sub_GEO061_wf.bold_ses_t3_task_image_run_2_wf.bold_anat_wf.resample" in "/work/fmriprep_25_0_wf/sub_GEO061_wf/bold_ses_t3_task_image_run_2_wf/bold_anat_wf/resample".
250528-06:46:28,362 nipype.workflow INFO:
	 [Node] Executing "resample" <fmriprep.interfaces.resampling.ResampleSeries>
250528-06:46:33,290 nipype.workflow INFO:
	 [Node] Finished "_anat2std_tpms2", elapsed time 11.005077s.
250528-06:46:34,220 nipype.workflow INFO:
	 [Node] Setting-up "_anat2std_tpms0" in "/work/fmriprep_25_0_wf/sub_GEO061_wf/ds_std_volumes_wf/_in_tuple_MNI152NLin2009cAsym.resnative/anat2std_tpms/mapflow/_anat2std_tpms0".
250528-06:46:34,228 nipype.workflow INFO:
	 [Node] Cached "_anat2std_tpms0" - collecting precomputed outputs
250528-06:46:34,228 nipype.workflow INFO:
	 [Node] "_anat2std_tpms0" found cached.
250528-06:46:34,229 nipype.workflow INFO:
	 [Node] Setting-up "_anat2std_tpms1" in "/work/fmriprep_25_0_wf/sub_GEO061_wf/ds_std_volumes_wf/_in_tuple_MNI152NLin2009cAsym.resnative/anat2std_tpms/mapflow/_anat2std_tpms1".
250528-06:46:34,235 nipype.workflow INFO:
	 [Node] Cached "_anat2std_tpms1" - collecting precomputed outputs
250528-06:46:34,235 nipype.workflow INFO:
	 [Node] "_anat2std_tpms1" found cached.
250528-06:46:34,235 nipype.workflow INFO:
	 [Node] Setting-up "_anat2std_tpms2" in "/work/fmriprep_25_0_wf/sub_GEO061_wf/ds_std_volumes_wf/_in_tuple_MNI152NLin2009cAsym.resnative/anat2std_tpms/mapflow/_anat2std_tpms2".
250528-06:46:34,238 nipype.workflow INFO:
	 [Node] Cached "_anat2std_tpms2" - collecting precomputed outputs
250528-06:46:34,238 nipype.workflow INFO:
	 [Node] "_anat2std_tpms2" found cached.
250528-06:46:40,296 nipype.workflow INFO:
	 [Node] Setting-up "fmriprep_25_0_wf.sub_GEO061_wf.bold_ses_t3_task_image_run_1_wf.ds_bold_std_wf.ds_bold" in "/work/fmriprep_25_0_wf/sub_GEO061_wf/bold_ses_t3_task_image_run_1_wf/ds_bold_std_wf/_in_tuple_MNI152NLin2009cAsym.resnative/ds_bold".
250528-06:46:40,461 nipype.workflow INFO:
	 [Node] Executing "ds_bold" <fmriprep.interfaces.DerivativesDataSink>
250528-06:46:49,686 nipype.workflow INFO:
	 [Node] Finished "resample", elapsed time 21.32296s.
250528-06:46:50,690 nipype.workflow INFO:
	 [Node] Setting-up "fmriprep_25_0_wf.sub_GEO061_wf.bold_ses_t3_task_image_run_2_wf.bold_std_wf.resample" in "/work/fmriprep_25_0_wf/sub_GEO061_wf/bold_ses_t3_task_image_run_2_wf/bold_std_wf/_in_tuple_MNI152NLin2009cAsym.resnative/resample".
250528-06:46:50,839 nipype.workflow INFO:
	 [Node] Executing "resample" <fmriprep.interfaces.resampling.ResampleSeries>
250528-06:47:05,620 nipype.workflow INFO:
	 [Node] Finished "ds_bold", elapsed time 25.157825s.
250528-06:47:22,475 nipype.workflow INFO:
	 [Node] Finished "resample", elapsed time 31.634989s.
250528-06:47:24,713 nipype.workflow INFO:
	 [Node] Setting-up "fmriprep_25_0_wf.sub_GEO061_wf.bold_ses_t3_task_image_run_3_wf.bold_anat_wf.resample" in "/work/fmriprep_25_0_wf/sub_GEO061_wf/bold_ses_t3_task_image_run_3_wf/bold_anat_wf/resample".
250528-06:47:24,715 nipype.workflow INFO:
	 [Node] Setting-up "fmriprep_25_0_wf.sub_GEO061_wf.bold_ses_t3_task_image_run_2_wf.ds_bold_std_wf.ds_bold" in "/work/fmriprep_25_0_wf/sub_GEO061_wf/bold_ses_t3_task_image_run_2_wf/ds_bold_std_wf/_in_tuple_MNI152NLin2009cAsym.resnative/ds_bold".
250528-06:47:24,827 nipype.workflow INFO:
	 [Node] Executing "ds_bold" <fmriprep.interfaces.DerivativesDataSink>
250528-06:47:24,840 nipype.workflow INFO:
	 [Node] Executing "resample" <fmriprep.interfaces.resampling.ResampleSeries>
250528-06:47:45,996 nipype.workflow INFO:
	 [Node] Finished "resample", elapsed time 21.154106s.
250528-06:47:46,697 nipype.workflow INFO:
	 [Node] Setting-up "fmriprep_25_0_wf.sub_GEO061_wf.bold_ses_t3_task_image_run_3_wf.bold_std_wf.resample" in "/work/fmriprep_25_0_wf/sub_GEO061_wf/bold_ses_t3_task_image_run_3_wf/bold_std_wf/_in_tuple_MNI152NLin2009cAsym.resnative/resample".
250528-06:47:47,99 nipype.workflow INFO:
	 [Node] Executing "resample" <fmriprep.interfaces.resampling.ResampleSeries>
250528-06:47:49,705 nipype.workflow INFO:
	 [Node] Finished "ds_bold", elapsed time 24.877162s.
250528-06:48:19,27 nipype.workflow INFO:
	 [Node] Finished "resample", elapsed time 31.925987s.
250528-06:48:20,708 nipype.workflow INFO:
	 [Node] Setting-up "fmriprep_25_0_wf.sub_GEO061_wf.bold_ses_t3_task_image_run_4_wf.bold_anat_wf.resample" in "/work/fmriprep_25_0_wf/sub_GEO061_wf/bold_ses_t3_task_image_run_4_wf/bold_anat_wf/resample".
250528-06:48:20,711 nipype.workflow INFO:
	 [Node] Setting-up "fmriprep_25_0_wf.sub_GEO061_wf.bold_ses_t3_task_image_run_3_wf.ds_bold_std_wf.ds_bold" in "/work/fmriprep_25_0_wf/sub_GEO061_wf/bold_ses_t3_task_image_run_3_wf/ds_bold_std_wf/_in_tuple_MNI152NLin2009cAsym.resnative/ds_bold".
250528-06:48:20,893 nipype.workflow INFO:
	 [Node] Executing "ds_bold" <fmriprep.interfaces.DerivativesDataSink>
250528-06:48:20,923 nipype.workflow INFO:
	 [Node] Executing "resample" <fmriprep.interfaces.resampling.ResampleSeries>
250528-06:48:41,933 nipype.workflow INFO:
	 [Node] Finished "resample", elapsed time 21.009469s.
250528-06:48:42,713 nipype.workflow INFO:
	 [Node] Setting-up "fmriprep_25_0_wf.sub_GEO061_wf.bold_ses_t3_task_image_run_4_wf.bold_std_wf.resample" in "/work/fmriprep_25_0_wf/sub_GEO061_wf/bold_ses_t3_task_image_run_4_wf/bold_std_wf/_in_tuple_MNI152NLin2009cAsym.resnative/resample".
250528-06:48:42,879 nipype.workflow INFO:
	 [Node] Executing "resample" <fmriprep.interfaces.resampling.ResampleSeries>
250528-06:48:45,800 nipype.workflow INFO:
	 [Node] Finished "ds_bold", elapsed time 24.905917s.
250528-06:49:14,900 nipype.workflow INFO:
	 [Node] Finished "resample", elapsed time 32.019523s.
250528-06:49:16,716 nipype.workflow INFO:
	 [Node] Setting-up "fmriprep_25_0_wf.sub_GEO061_wf.bold_ses_t3_task_image_run_5_wf.bold_anat_wf.resample" in "/work/fmriprep_25_0_wf/sub_GEO061_wf/bold_ses_t3_task_image_run_5_wf/bold_anat_wf/resample".
250528-06:49:16,721 nipype.workflow INFO:
	 [Node] Setting-up "fmriprep_25_0_wf.sub_GEO061_wf.bold_ses_t3_task_image_run_4_wf.ds_bold_std_wf.ds_bold" in "/work/fmriprep_25_0_wf/sub_GEO061_wf/bold_ses_t3_task_image_run_4_wf/ds_bold_std_wf/_in_tuple_MNI152NLin2009cAsym.resnative/ds_bold".
250528-06:49:16,970 nipype.workflow INFO:
	 [Node] Executing "ds_bold" <fmriprep.interfaces.DerivativesDataSink>
250528-06:49:16,972 nipype.workflow INFO:
	 [Node] Executing "resample" <fmriprep.interfaces.resampling.ResampleSeries>
250528-06:49:38,72 nipype.workflow INFO:
	 [Node] Finished "resample", elapsed time 21.098709s.
250528-06:49:38,652 nipype.workflow INFO:
	 [Node] Setting-up "fmriprep_25_0_wf.sub_GEO061_wf.bold_ses_t3_task_image_run_5_wf.bold_std_wf.resample" in "/work/fmriprep_25_0_wf/sub_GEO061_wf/bold_ses_t3_task_image_run_5_wf/bold_std_wf/_in_tuple_MNI152NLin2009cAsym.resnative/resample".
250528-06:49:38,781 nipype.workflow INFO:
	 [Node] Executing "resample" <fmriprep.interfaces.resampling.ResampleSeries>
250528-06:49:41,945 nipype.workflow INFO:
	 [Node] Finished "ds_bold", elapsed time 24.972627s.
250528-06:50:09,638 nipype.workflow INFO:
	 [Node] Finished "resample", elapsed time 30.855444s.
250528-06:50:10,644 nipype.workflow INFO:
	 [Node] Setting-up "fmriprep_25_0_wf.sub_GEO061_wf.bold_ses_t3_task_retrans_run_1_wf.bold_anat_wf.resample" in "/work/fmriprep_25_0_wf/sub_GEO061_wf/bold_ses_t3_task_retrans_run_1_wf/bold_anat_wf/resample".
250528-06:50:10,650 nipype.workflow INFO:
	 [Node] Setting-up "fmriprep_25_0_wf.sub_GEO061_wf.bold_ses_t3_task_image_run_5_wf.ds_bold_std_wf.ds_bold" in "/work/fmriprep_25_0_wf/sub_GEO061_wf/bold_ses_t3_task_image_run_5_wf/ds_bold_std_wf/_in_tuple_MNI152NLin2009cAsym.resnative/ds_bold".
250528-06:50:10,797 nipype.workflow INFO:
	 [Node] Executing "ds_bold" <fmriprep.interfaces.DerivativesDataSink>
250528-06:50:10,837 nipype.workflow INFO:
	 [Node] Executing "resample" <fmriprep.interfaces.resampling.ResampleSeries>
250528-06:50:34,990 nipype.workflow INFO:
	 [Node] Finished "ds_bold", elapsed time 24.191578s.
250528-06:50:35,413 nipype.workflow INFO:
	 [Node] Finished "resample", elapsed time 24.574716s.
250528-06:50:36,782 nipype.workflow INFO:
	 [Node] Setting-up "fmriprep_25_0_wf.sub_GEO061_wf.bold_ses_t3_task_retrans_run_1_wf.bold_std_wf.resample" in "/work/fmriprep_25_0_wf/sub_GEO061_wf/bold_ses_t3_task_retrans_run_1_wf/bold_std_wf/_in_tuple_MNI152NLin2009cAsym.resnative/resample".
250528-06:50:37,64 nipype.workflow INFO:
	 [Node] Executing "resample" <fmriprep.interfaces.resampling.ResampleSeries>
250528-06:51:13,528 nipype.workflow INFO:
	 [Node] Finished "resample", elapsed time 36.462316s.
250528-06:51:14,688 nipype.workflow INFO:
	 [Node] Setting-up "fmriprep_25_0_wf.sub_GEO061_wf.bold_ses_t3_task_retrans_run_1_wf.ds_bold_std_wf.ds_bold" in "/work/fmriprep_25_0_wf/sub_GEO061_wf/bold_ses_t3_task_retrans_run_1_wf/ds_bold_std_wf/_in_tuple_MNI152NLin2009cAsym.resnative/ds_bold".
250528-06:51:14,847 nipype.workflow INFO:
	 [Node] Executing "ds_bold" <fmriprep.interfaces.DerivativesDataSink>
250528-06:51:43,751 nipype.workflow INFO:
	 [Node] Finished "ds_bold", elapsed time 28.901583s.
250528-06:51:46,669 nipype.workflow IMPORTANT:
	 fMRIPrep finished successfully!
250528-06:51:46,676 nipype.workflow IMPORTANT:
	 Works derived from this fMRIPrep execution should include the boilerplate text found in <OUTPUT_PATH>/logs/CITATION.md.
