250527-16:49:10,528 nipype.workflow IMPORTANT:
	 Running fMRIPrep version 25.0.0

         License NOTICE ##################################################
         fMRIPrep 25.0.0
         Copyright The NiPreps Developers.
         
         This product includes software developed by
         the NiPreps Community (https://nipreps.org/).
         
         Portions of this software were developed at the Department of
         Psychology at Stanford University, Stanford, CA, US.
         
         This software is also distributed as a Docker container image.
         The bootstrapping file for the image ("Dockerfile") is licensed
         under the MIT License.
         
         This software may be distributed through an add-on package called
         "Docker Wrapper" that is under the BSD 3-clause License.
         #################################################################
250527-17:28:00,894 nipype.workflow IMPORTANT:
	 Building fMRIPrep's workflow:
           * BIDS dataset path: /data.
           * Participant list: ['GEO015'].
           * Run identifier: 20250527-150749_7b63d2c8-e6c0-4b71-b4e2-aa4ade9ebade.
           * Output spaces: MNI152NLin2009cAsym:res-native.
           * Pre-run FreeSurfer's SUBJECTS_DIR: /out/sourcedata/freesurfer.
250527-17:28:16,778 nipype.workflow INFO:
	 ANAT Stage 1: Adding template workflow
250527-17:28:27,847 nipype.workflow INFO:
	 ANAT Stage 2: Preparing brain extraction workflow
250527-17:28:28,8 nipype.workflow INFO:
	 ANAT Stage 3: Preparing segmentation workflow
250527-17:28:28,13 nipype.workflow INFO:
	 ANAT Stage 4: Preparing normalization workflow for ['MNI152NLin2009cAsym']
250527-17:28:28,22 nipype.workflow INFO:
	 ANAT Stage 5: Preparing surface reconstruction workflow
250527-17:28:28,40 nipype.workflow INFO:
	 ANAT Stage 6: Preparing mask refinement workflow
250527-17:28:28,43 nipype.workflow INFO:
	 ANAT Stage 7: Creating T2w template
250527-17:28:28,50 nipype.workflow INFO:
	 ANAT Stage 8: Creating GIFTI surfaces for ['white', 'pial', 'midthickness', 'sphere_reg', 'sphere']
250527-17:28:28,64 nipype.workflow INFO:
	 ANAT Stage 8: Creating GIFTI metrics for ['thickness', 'sulc']
250527-17:28:28,74 nipype.workflow INFO:
	 ANAT Stage 8a: Creating cortical ribbon mask
250527-17:28:28,78 nipype.workflow INFO:
	 ANAT Stage 9: Creating fsLR registration sphere
250527-17:28:28,83 nipype.workflow INFO:
	 ANAT Stage 10: Creating MSM-Sulc registration sphere
250527-17:29:01,946 nipype.workflow INFO:
	 No single-band-reference found for sub-GEO015_ses-t2_task-image_run-1_bold.nii.gz.
250527-17:29:02,176 nipype.workflow INFO:
	 Stage 1: Adding HMC boldref workflow
250527-17:29:02,185 nipype.workflow INFO:
	 Stage 2: Adding motion correction workflow
250527-17:29:02,191 nipype.workflow INFO:
	 Stage 3: Adding coregistration boldref workflow
250527-17:29:06,134 nipype.workflow INFO:
	 No single-band-reference found for sub-GEO015_ses-t2_task-image_run-2_bold.nii.gz.
250527-17:29:06,271 nipype.workflow INFO:
	 Stage 1: Adding HMC boldref workflow
250527-17:29:06,279 nipype.workflow INFO:
	 Stage 2: Adding motion correction workflow
250527-17:29:06,282 nipype.workflow INFO:
	 Stage 3: Adding coregistration boldref workflow
250527-17:29:09,989 nipype.workflow INFO:
	 No single-band-reference found for sub-GEO015_ses-t2_task-image_run-3_bold.nii.gz.
250527-17:29:10,120 nipype.workflow INFO:
	 Stage 1: Adding HMC boldref workflow
250527-17:29:10,126 nipype.workflow INFO:
	 Stage 2: Adding motion correction workflow
250527-17:29:10,129 nipype.workflow INFO:
	 Stage 3: Adding coregistration boldref workflow
250527-17:29:15,31 nipype.workflow INFO:
	 No single-band-reference found for sub-GEO015_ses-t2_task-image_run-4_bold.nii.gz.
250527-17:29:15,162 nipype.workflow INFO:
	 Stage 1: Adding HMC boldref workflow
250527-17:29:15,169 nipype.workflow INFO:
	 Stage 2: Adding motion correction workflow
250527-17:29:15,172 nipype.workflow INFO:
	 Stage 3: Adding coregistration boldref workflow
250527-17:29:19,196 nipype.workflow INFO:
	 No single-band-reference found for sub-GEO015_ses-t2_task-image_run-5_bold.nii.gz.
250527-17:29:19,329 nipype.workflow INFO:
	 Stage 1: Adding HMC boldref workflow
250527-17:29:19,335 nipype.workflow INFO:
	 Stage 2: Adding motion correction workflow
250527-17:29:19,340 nipype.workflow INFO:
	 Stage 3: Adding coregistration boldref workflow
250527-17:29:23,495 nipype.workflow INFO:
	 No single-band-reference found for sub-GEO015_ses-t3_task-image_run-1_bold.nii.gz.
250527-17:29:23,634 nipype.workflow INFO:
	 Stage 1: Adding HMC boldref workflow
250527-17:29:23,640 nipype.workflow INFO:
	 Stage 2: Adding motion correction workflow
250527-17:29:23,643 nipype.workflow INFO:
	 Stage 3: Adding coregistration boldref workflow
250527-17:29:27,367 nipype.workflow INFO:
	 No single-band-reference found for sub-GEO015_ses-t3_task-image_run-2_bold.nii.gz.
250527-17:29:27,532 nipype.workflow INFO:
	 Stage 1: Adding HMC boldref workflow
250527-17:29:27,540 nipype.workflow INFO:
	 Stage 2: Adding motion correction workflow
250527-17:29:27,546 nipype.workflow INFO:
	 Stage 3: Adding coregistration boldref workflow
250527-17:29:31,92 nipype.workflow INFO:
	 No single-band-reference found for sub-GEO015_ses-t3_task-image_run-3_bold.nii.gz.
250527-17:29:31,217 nipype.workflow INFO:
	 Stage 1: Adding HMC boldref workflow
250527-17:29:31,223 nipype.workflow INFO:
	 Stage 2: Adding motion correction workflow
250527-17:29:31,227 nipype.workflow INFO:
	 Stage 3: Adding coregistration boldref workflow
250527-17:29:35,60 nipype.workflow INFO:
	 No single-band-reference found for sub-GEO015_ses-t3_task-image_run-4_bold.nii.gz.
250527-17:29:35,185 nipype.workflow INFO:
	 Stage 1: Adding HMC boldref workflow
250527-17:29:35,191 nipype.workflow INFO:
	 Stage 2: Adding motion correction workflow
250527-17:29:35,195 nipype.workflow INFO:
	 Stage 3: Adding coregistration boldref workflow
250527-17:29:38,995 nipype.workflow INFO:
	 No single-band-reference found for sub-GEO015_ses-t3_task-image_run-5_bold.nii.gz.
250527-17:29:39,121 nipype.workflow INFO:
	 Stage 1: Adding HMC boldref workflow
250527-17:29:39,128 nipype.workflow INFO:
	 Stage 2: Adding motion correction workflow
250527-17:29:39,131 nipype.workflow INFO:
	 Stage 3: Adding coregistration boldref workflow
250527-17:29:41,884 nipype.workflow INFO:
	 No single-band-reference found for sub-GEO015_ses-t3_task-retrans_run-1_bold.nii.gz.
250527-17:29:42,12 nipype.workflow INFO:
	 Stage 1: Adding HMC boldref workflow
250527-17:29:42,18 nipype.workflow INFO:
	 Stage 2: Adding motion correction workflow
250527-17:29:42,22 nipype.workflow INFO:
	 Stage 3: Adding coregistration boldref workflow
250527-17:29:50,836 nipype.workflow INFO:
	 fMRIPrep workflow graph with 1955 nodes built successfully.
250527-17:30:56,685 nipype.workflow IMPORTANT:
	 fMRIPrep started!
250527-17:31:14,645 nipype.workflow INFO:
	 [Node] Setting-up "fmriprep_25_0_wf.sub_GEO015_wf.bidssrc" in "/work/fmriprep_25_0_wf/sub_GEO015_wf/bidssrc".
250527-17:31:15,248 nipype.workflow INFO:
	 [Node] Executing "bidssrc" <niworkflows.interfaces.bids.BIDSDataGrabber>
250527-17:31:15,252 nipype.interface INFO:
	 No "flair" images found for sub-GEO015
250527-17:31:15,252 nipype.interface INFO:
	 No "fmap" images found for sub-GEO015
250527-17:31:15,252 nipype.interface INFO:
	 No "sbref" images found for sub-GEO015
250527-17:31:15,252 nipype.interface INFO:
	 No "roi" images found for sub-GEO015
250527-17:31:15,252 nipype.interface INFO:
	 No "pet" images found for sub-GEO015
250527-17:31:15,252 nipype.interface INFO:
	 No "asl" images found for sub-GEO015
250527-17:31:15,253 nipype.workflow INFO:
	 [Node] Finished "bidssrc", elapsed time 0.001366s.
250527-17:31:15,363 nipype.workflow INFO:
	 [Node] Setting-up "fmriprep_25_0_wf.sub_GEO015_wf.anat_fit_wf.brain_extraction_wf.res_tmpl" in "/work/fmriprep_25_0_wf/sub_GEO015_wf/anat_fit_wf/brain_extraction_wf/res_tmpl".
250527-17:31:15,720 nipype.workflow INFO:
	 [Node] Executing "res_tmpl" <niworkflows.interfaces.nibabel.RegridToZooms>
250527-17:31:17,411 nipype.workflow INFO:
	 [Node] Finished "res_tmpl", elapsed time 1.689462s.
250527-17:31:18,19 nipype.workflow INFO:
	 [Node] Setting-up "fmriprep_25_0_wf.sub_GEO015_wf.anat_fit_wf.brain_extraction_wf.full_wm" in "/work/fmriprep_25_0_wf/sub_GEO015_wf/anat_fit_wf/brain_extraction_wf/full_wm".
250527-17:31:18,139 nipype.workflow INFO:
	 [Node] Setting-up "fmriprep_25_0_wf.sub_GEO015_wf.anat_fit_wf.brain_extraction_wf.lap_tmpl" in "/work/fmriprep_25_0_wf/sub_GEO015_wf/anat_fit_wf/brain_extraction_wf/lap_tmpl".
250527-17:31:18,310 nipype.workflow INFO:
	 [Node] Setting-up "fmriprep_25_0_wf.sub_GEO015_wf.bold_ses_t2_task_image_run_1_wf.bold_fit_wf.hmc_boldref_wf.validation_and_dummies_wf.val_bold" in "/work/fmriprep_25_0_wf/sub_GEO015_wf/bold_ses_t2_task_image_run_1_wf/bold_fit_wf/hmc_boldref_wf/validation_and_dummies_wf/val_bold".
250527-17:31:18,386 nipype.workflow INFO:
	 [Node] Setting-up "fmriprep_25_0_wf.sub_GEO015_wf.bold_ses_t2_task_image_run_1_wf.bold_fit_wf.hmc_boldref_wf.validation_and_dummies_wf.get_dummy" in "/work/fmriprep_25_0_wf/sub_GEO015_wf/bold_ses_t2_task_image_run_1_wf/bold_fit_wf/hmc_boldref_wf/validation_and_dummies_wf/get_dummy".
250527-17:31:18,608 nipype.workflow INFO:
	 [Node] Executing "lap_tmpl" <nipype.interfaces.ants.utils.ImageMath>
250527-17:31:18,618 nipype.workflow INFO:
	 [Node] Executing "full_wm" <nipype.interfaces.utility.wrappers.Function>
250527-17:31:18,723 nipype.workflow INFO:
	 [Node] Setting-up "fmriprep_25_0_wf.sub_GEO015_wf.bold_ses_t2_task_image_run_1_wf.bold_native_wf.bold_source" in "/work/fmriprep_25_0_wf/sub_GEO015_wf/bold_ses_t2_task_image_run_1_wf/bold_native_wf/bold_source".
250527-17:31:19,184 nipype.workflow INFO:
	 [Node] Executing "val_bold" <niworkflows.interfaces.header.ValidateImage>
250527-17:31:19,287 nipype.workflow INFO:
	 [Node] Finished "val_bold", elapsed time 0.099891s.
250527-17:31:19,340 nipype.workflow INFO:
	 [Node] Executing "get_dummy" <niworkflows.interfaces.bold.NonsteadyStatesDetector>
250527-17:31:19,376 nipype.workflow INFO:
	 [Node] Finished "full_wm", elapsed time 0.756718s.
250527-17:31:19,386 nipype.workflow INFO:
	 [Node] Executing "bold_source" <nipype.interfaces.utility.base.Select>
250527-17:31:19,390 nipype.workflow INFO:
	 [Node] Finished "bold_source", elapsed time 0.000759s.
250527-17:31:20,597 nipype.workflow INFO:
	 [Node] Setting-up "fmriprep_25_0_wf.sub_GEO015_wf.bold_ses_t2_task_image_run_1_wf.bold_fit_wf.ds_hmc_wf.sources" in "/work/fmriprep_25_0_wf/sub_GEO015_wf/bold_ses_t2_task_image_run_1_wf/bold_fit_wf/ds_hmc_wf/sources".
250527-17:31:20,630 nipype.workflow INFO:
	 [Node] Setting-up "fmriprep_25_0_wf.sub_GEO015_wf.bold_ses_t2_task_image_run_1_wf.bold_fit_wf.ds_hmc_boldref_wf.sources" in "/work/fmriprep_25_0_wf/sub_GEO015_wf/bold_ses_t2_task_image_run_1_wf/bold_fit_wf/ds_hmc_boldref_wf/sources".
250527-17:31:20,666 nipype.workflow INFO:
	 [Node] Setting-up "fmriprep_25_0_wf.sub_GEO015_wf.bold_ses_t2_task_image_run_1_wf.bold_fit_wf.ds_boldmask_wf.sources" in "/work/fmriprep_25_0_wf/sub_GEO015_wf/bold_ses_t2_task_image_run_1_wf/bold_fit_wf/ds_boldmask_wf/sources".
250527-17:31:20,706 nipype.workflow INFO:
	 [Node] Setting-up "fmriprep_25_0_wf.sub_GEO015_wf.bold_ses_t2_task_image_run_2_wf.bold_fit_wf.hmc_boldref_wf.validation_and_dummies_wf.val_bold" in "/work/fmriprep_25_0_wf/sub_GEO015_wf/bold_ses_t2_task_image_run_2_wf/bold_fit_wf/hmc_boldref_wf/validation_and_dummies_wf/val_bold".
250527-17:31:20,707 nipype.workflow INFO:
	 [Node] Setting-up "fmriprep_25_0_wf.sub_GEO015_wf.bold_ses_t2_task_image_run_2_wf.bold_fit_wf.hmc_boldref_wf.validation_and_dummies_wf.get_dummy" in "/work/fmriprep_25_0_wf/sub_GEO015_wf/bold_ses_t2_task_image_run_2_wf/bold_fit_wf/hmc_boldref_wf/validation_and_dummies_wf/get_dummy".
250527-17:31:21,684 nipype.workflow INFO:
	 [Node] Executing "sources" <fmriprep.interfaces.bids.BIDSURI>
250527-17:31:21,687 nipype.workflow INFO:
	 [Node] Finished "sources", elapsed time 0.000626s.
250527-17:31:21,784 nipype.workflow INFO:
	 [Node] Executing "val_bold" <niworkflows.interfaces.header.ValidateImage>
250527-17:31:21,923 nipype.workflow INFO:
	 [Node] Finished "val_bold", elapsed time 0.138171s.
250527-17:31:21,929 nipype.workflow INFO:
	 [Node] Executing "get_dummy" <niworkflows.interfaces.bold.NonsteadyStatesDetector>
250527-17:31:22,10 nipype.workflow INFO:
	 [Node] Executing "sources" <fmriprep.interfaces.bids.BIDSURI>
250527-17:31:22,11 nipype.workflow INFO:
	 [Node] Executing "sources" <fmriprep.interfaces.bids.BIDSURI>
250527-17:31:22,14 nipype.workflow INFO:
	 [Node] Finished "sources", elapsed time 0.000654s.
250527-17:31:22,15 nipype.workflow INFO:
	 [Node] Finished "sources", elapsed time 0.000734s.
250527-17:31:22,695 nipype.workflow INFO:
	 [Node] Setting-up "fmriprep_25_0_wf.sub_GEO015_wf.bold_ses_t2_task_image_run_2_wf.bold_fit_wf.ds_hmc_wf.sources" in "/work/fmriprep_25_0_wf/sub_GEO015_wf/bold_ses_t2_task_image_run_2_wf/bold_fit_wf/ds_hmc_wf/sources".
250527-17:31:22,850 nipype.workflow INFO:
	 [Node] Setting-up "fmriprep_25_0_wf.sub_GEO015_wf.bold_ses_t2_task_image_run_2_wf.bold_fit_wf.ds_hmc_boldref_wf.sources" in "/work/fmriprep_25_0_wf/sub_GEO015_wf/bold_ses_t2_task_image_run_2_wf/bold_fit_wf/ds_hmc_boldref_wf/sources".
250527-17:31:23,641 nipype.workflow INFO:
	 [Node] Executing "sources" <fmriprep.interfaces.bids.BIDSURI>
250527-17:31:23,642 nipype.workflow INFO:
	 [Node] Finished "sources", elapsed time 0.000612s.
250527-17:31:23,739 nipype.workflow INFO:
	 [Node] Executing "sources" <fmriprep.interfaces.bids.BIDSURI>
250527-17:31:23,741 nipype.workflow INFO:
	 [Node] Finished "sources", elapsed time 0.000628s.
250527-17:31:24,544 nipype.workflow INFO:
	 [Node] Finished "get_dummy", elapsed time 5.200953s.
250527-17:31:24,756 nipype.workflow INFO:
	 [Node] Setting-up "fmriprep_25_0_wf.sub_GEO015_wf.bold_ses_t2_task_image_run_2_wf.bold_native_wf.bold_source" in "/work/fmriprep_25_0_wf/sub_GEO015_wf/bold_ses_t2_task_image_run_2_wf/bold_native_wf/bold_source".
250527-17:31:24,758 nipype.workflow INFO:
	 [Node] Setting-up "fmriprep_25_0_wf.sub_GEO015_wf.bold_ses_t2_task_image_run_3_wf.bold_fit_wf.ds_hmc_boldref_wf.sources" in "/work/fmriprep_25_0_wf/sub_GEO015_wf/bold_ses_t2_task_image_run_3_wf/bold_fit_wf/ds_hmc_boldref_wf/sources".
250527-17:31:24,759 nipype.workflow INFO:
	 [Node] Setting-up "fmriprep_25_0_wf.sub_GEO015_wf.bold_ses_t2_task_image_run_3_wf.bold_fit_wf.hmc_boldref_wf.validation_and_dummies_wf.get_dummy" in "/work/fmriprep_25_0_wf/sub_GEO015_wf/bold_ses_t2_task_image_run_3_wf/bold_fit_wf/hmc_boldref_wf/validation_and_dummies_wf/get_dummy".
250527-17:31:24,763 nipype.workflow INFO:
	 [Node] Setting-up "fmriprep_25_0_wf.sub_GEO015_wf.bold_ses_t2_task_image_run_3_wf.bold_fit_wf.hmc_boldref_wf.validation_and_dummies_wf.val_bold" in "/work/fmriprep_25_0_wf/sub_GEO015_wf/bold_ses_t2_task_image_run_3_wf/bold_fit_wf/hmc_boldref_wf/validation_and_dummies_wf/val_bold".
250527-17:31:24,870 nipype.workflow INFO:
	 [Node] Setting-up "fmriprep_25_0_wf.sub_GEO015_wf.bold_ses_t2_task_image_run_2_wf.bold_fit_wf.ds_boldmask_wf.sources" in "/work/fmriprep_25_0_wf/sub_GEO015_wf/bold_ses_t2_task_image_run_2_wf/bold_fit_wf/ds_boldmask_wf/sources".
250527-17:31:25,414 nipype.workflow INFO:
	 [Node] Executing "sources" <fmriprep.interfaces.bids.BIDSURI>
250527-17:31:25,417 nipype.workflow INFO:
	 [Node] Finished "sources", elapsed time 0.001061s.
250527-17:31:25,424 nipype.workflow INFO:
	 [Node] Executing "get_dummy" <niworkflows.interfaces.bold.NonsteadyStatesDetector>
250527-17:31:25,536 nipype.workflow INFO:
	 [Node] Executing "val_bold" <niworkflows.interfaces.header.ValidateImage>
250527-17:31:25,717 nipype.workflow INFO:
	 [Node] Finished "val_bold", elapsed time 0.179257s.
250527-17:31:26,411 nipype.workflow INFO:
	 [Node] Executing "bold_source" <nipype.interfaces.utility.base.Select>
250527-17:31:26,413 nipype.workflow INFO:
	 [Node] Finished "bold_source", elapsed time 0.000695s.
250527-17:31:26,419 nipype.workflow INFO:
	 [Node] Executing "sources" <fmriprep.interfaces.bids.BIDSURI>
250527-17:31:26,421 nipype.workflow INFO:
	 [Node] Finished "sources", elapsed time 0.000645s.
250527-17:31:26,710 nipype.workflow INFO:
	 [Node] Setting-up "fmriprep_25_0_wf.sub_GEO015_wf.bold_ses_t2_task_image_run_3_wf.bold_fit_wf.ds_boldmask_wf.sources" in "/work/fmriprep_25_0_wf/sub_GEO015_wf/bold_ses_t2_task_image_run_3_wf/bold_fit_wf/ds_boldmask_wf/sources".
250527-17:31:26,712 nipype.workflow INFO:
	 [Node] Setting-up "fmriprep_25_0_wf.sub_GEO015_wf.bold_ses_t2_task_image_run_3_wf.bold_native_wf.bold_source" in "/work/fmriprep_25_0_wf/sub_GEO015_wf/bold_ses_t2_task_image_run_3_wf/bold_native_wf/bold_source".
250527-17:31:27,123 nipype.workflow INFO:
	 [Node] Finished "get_dummy", elapsed time 5.193262s.
250527-17:31:27,322 nipype.workflow INFO:
	 [Node] Executing "bold_source" <nipype.interfaces.utility.base.Select>
250527-17:31:27,323 nipype.workflow INFO:
	 [Node] Finished "bold_source", elapsed time 0.000605s.
250527-17:31:27,914 nipype.workflow INFO:
	 [Node] Executing "sources" <fmriprep.interfaces.bids.BIDSURI>
250527-17:31:27,917 nipype.workflow INFO:
	 [Node] Finished "sources", elapsed time 0.001125s.
250527-17:31:28,713 nipype.workflow INFO:
	 [Node] Setting-up "fmriprep_25_0_wf.sub_GEO015_wf.bold_ses_t2_task_image_run_4_wf.bold_fit_wf.ds_hmc_boldref_wf.sources" in "/work/fmriprep_25_0_wf/sub_GEO015_wf/bold_ses_t2_task_image_run_4_wf/bold_fit_wf/ds_hmc_boldref_wf/sources".
250527-17:31:28,714 nipype.workflow INFO:
	 [Node] Setting-up "fmriprep_25_0_wf.sub_GEO015_wf.bold_ses_t2_task_image_run_4_wf.bold_fit_wf.hmc_boldref_wf.validation_and_dummies_wf.get_dummy" in "/work/fmriprep_25_0_wf/sub_GEO015_wf/bold_ses_t2_task_image_run_4_wf/bold_fit_wf/hmc_boldref_wf/validation_and_dummies_wf/get_dummy".
250527-17:31:28,716 nipype.workflow INFO:
	 [Node] Setting-up "fmriprep_25_0_wf.sub_GEO015_wf.bold_ses_t2_task_image_run_4_wf.bold_fit_wf.ds_hmc_wf.sources" in "/work/fmriprep_25_0_wf/sub_GEO015_wf/bold_ses_t2_task_image_run_4_wf/bold_fit_wf/ds_hmc_wf/sources".
250527-17:31:28,717 nipype.workflow INFO:
	 [Node] Setting-up "fmriprep_25_0_wf.sub_GEO015_wf.bold_ses_t2_task_image_run_4_wf.bold_fit_wf.hmc_boldref_wf.validation_and_dummies_wf.val_bold" in "/work/fmriprep_25_0_wf/sub_GEO015_wf/bold_ses_t2_task_image_run_4_wf/bold_fit_wf/hmc_boldref_wf/validation_and_dummies_wf/val_bold".
250527-17:31:28,903 nipype.workflow INFO:
	 [Node] Setting-up "fmriprep_25_0_wf.sub_GEO015_wf.bold_ses_t2_task_image_run_3_wf.bold_fit_wf.ds_hmc_wf.sources" in "/work/fmriprep_25_0_wf/sub_GEO015_wf/bold_ses_t2_task_image_run_3_wf/bold_fit_wf/ds_hmc_wf/sources".
250527-17:31:28,986 nipype.workflow INFO:
	 [Node] Finished "lap_tmpl", elapsed time 10.172581s.
250527-17:31:29,208 nipype.workflow INFO:
	 [Node] Finished "get_dummy", elapsed time 3.78226s.
250527-17:31:29,949 nipype.workflow INFO:
	 [Node] Executing "sources" <fmriprep.interfaces.bids.BIDSURI>
250527-17:31:29,950 nipype.workflow INFO:
	 [Node] Finished "sources", elapsed time 0.000557s.
250527-17:31:30,23 nipype.workflow INFO:
	 [Node] Executing "sources" <fmriprep.interfaces.bids.BIDSURI>
250527-17:31:30,25 nipype.workflow INFO:
	 [Node] Finished "sources", elapsed time 0.000673s.
250527-17:31:30,74 nipype.workflow INFO:
	 [Node] Executing "get_dummy" <niworkflows.interfaces.bold.NonsteadyStatesDetector>
250527-17:31:30,706 nipype.workflow INFO:
	 [Node] Setting-up "fmriprep_25_0_wf.sub_GEO015_wf.bold_ses_t2_task_image_run_4_wf.bold_fit_wf.ds_boldmask_wf.sources" in "/work/fmriprep_25_0_wf/sub_GEO015_wf/bold_ses_t2_task_image_run_4_wf/bold_fit_wf/ds_boldmask_wf/sources".
250527-17:31:30,707 nipype.workflow INFO:
	 [Node] Setting-up "fmriprep_25_0_wf.sub_GEO015_wf.bold_ses_t2_task_image_run_4_wf.bold_native_wf.bold_source" in "/work/fmriprep_25_0_wf/sub_GEO015_wf/bold_ses_t2_task_image_run_4_wf/bold_native_wf/bold_source".
250527-17:31:30,708 nipype.workflow INFO:
	 [Node] Setting-up "fmriprep_25_0_wf.sub_GEO015_wf.bold_ses_t2_task_image_run_5_wf.bold_fit_wf.hmc_boldref_wf.validation_and_dummies_wf.get_dummy" in "/work/fmriprep_25_0_wf/sub_GEO015_wf/bold_ses_t2_task_image_run_5_wf/bold_fit_wf/hmc_boldref_wf/validation_and_dummies_wf/get_dummy".
250527-17:31:30,708 nipype.workflow INFO:
	 [Node] Setting-up "fmriprep_25_0_wf.sub_GEO015_wf.bold_ses_t2_task_image_run_5_wf.bold_fit_wf.hmc_boldref_wf.validation_and_dummies_wf.val_bold" in "/work/fmriprep_25_0_wf/sub_GEO015_wf/bold_ses_t2_task_image_run_5_wf/bold_fit_wf/hmc_boldref_wf/validation_and_dummies_wf/val_bold".
250527-17:31:30,749 nipype.workflow INFO:
	 [Node] Executing "val_bold" <niworkflows.interfaces.header.ValidateImage>
250527-17:31:31,75 nipype.workflow INFO:
	 [Node] Finished "val_bold", elapsed time 0.324546s.
250527-17:31:31,84 nipype.workflow INFO:
	 [Node] Executing "sources" <fmriprep.interfaces.bids.BIDSURI>
250527-17:31:31,86 nipype.workflow INFO:
	 [Node] Finished "sources", elapsed time 0.000525s.
250527-17:31:31,677 nipype.workflow INFO:
	 [Node] Executing "bold_source" <nipype.interfaces.utility.base.Select>
250527-17:31:31,683 nipype.workflow INFO:
	 [Node] Finished "bold_source", elapsed time 0.000889s.
250527-17:31:31,799 nipype.workflow INFO:
	 [Node] Executing "sources" <fmriprep.interfaces.bids.BIDSURI>
250527-17:31:31,801 nipype.workflow INFO:
	 [Node] Finished "sources", elapsed time 0.000562s.
250527-17:31:31,848 nipype.workflow INFO:
	 [Node] Executing "get_dummy" <niworkflows.interfaces.bold.NonsteadyStatesDetector>
250527-17:31:31,926 nipype.workflow INFO:
	 [Node] Executing "val_bold" <niworkflows.interfaces.header.ValidateImage>
250527-17:31:32,54 nipype.workflow INFO:
	 [Node] Finished "val_bold", elapsed time 0.125111s.
250527-17:31:32,696 nipype.workflow INFO:
	 [Node] Setting-up "fmriprep_25_0_wf.sub_GEO015_wf.bold_ses_t2_task_image_run_5_wf.bold_fit_wf.ds_hmc_boldref_wf.sources" in "/work/fmriprep_25_0_wf/sub_GEO015_wf/bold_ses_t2_task_image_run_5_wf/bold_fit_wf/ds_hmc_boldref_wf/sources".
250527-17:31:32,697 nipype.workflow INFO:
	 [Node] Setting-up "fmriprep_25_0_wf.sub_GEO015_wf.bold_ses_t2_task_image_run_5_wf.bold_fit_wf.ds_hmc_wf.sources" in "/work/fmriprep_25_0_wf/sub_GEO015_wf/bold_ses_t2_task_image_run_5_wf/bold_fit_wf/ds_hmc_wf/sources".
250527-17:31:32,697 nipype.workflow INFO:
	 [Node] Setting-up "fmriprep_25_0_wf.sub_GEO015_wf.bold_ses_t2_task_image_run_5_wf.bold_fit_wf.ds_boldmask_wf.sources" in "/work/fmriprep_25_0_wf/sub_GEO015_wf/bold_ses_t2_task_image_run_5_wf/bold_fit_wf/ds_boldmask_wf/sources".
250527-17:31:32,698 nipype.workflow INFO:
	 [Node] Setting-up "fmriprep_25_0_wf.sub_GEO015_wf.bold_ses_t2_task_image_run_5_wf.bold_native_wf.bold_source" in "/work/fmriprep_25_0_wf/sub_GEO015_wf/bold_ses_t2_task_image_run_5_wf/bold_native_wf/bold_source".
250527-17:31:32,702 nipype.workflow INFO:
	 [Node] Setting-up "fmriprep_25_0_wf.sub_GEO015_wf.bold_ses_t3_task_image_run_1_wf.bold_fit_wf.hmc_boldref_wf.validation_and_dummies_wf.val_bold" in "/work/fmriprep_25_0_wf/sub_GEO015_wf/bold_ses_t3_task_image_run_1_wf/bold_fit_wf/hmc_boldref_wf/validation_and_dummies_wf/val_bold".
250527-17:31:33,600 nipype.workflow INFO:
	 [Node] Executing "sources" <fmriprep.interfaces.bids.BIDSURI>
250527-17:31:33,602 nipype.workflow INFO:
	 [Node] Finished "sources", elapsed time 0.000599s.
250527-17:31:33,618 nipype.workflow INFO:
	 [Node] Executing "sources" <fmriprep.interfaces.bids.BIDSURI>
250527-17:31:33,619 nipype.workflow INFO:
	 [Node] Finished "sources", elapsed time 0.000608s.
250527-17:31:33,620 nipype.workflow INFO:
	 [Node] Executing "val_bold" <niworkflows.interfaces.header.ValidateImage>
250527-17:31:33,670 nipype.workflow INFO:
	 [Node] Executing "sources" <fmriprep.interfaces.bids.BIDSURI>
250527-17:31:33,672 nipype.workflow INFO:
	 [Node] Finished "sources", elapsed time 0.000608s.
250527-17:31:33,706 nipype.workflow INFO:
	 [Node] Finished "val_bold", elapsed time 0.085471s.
250527-17:31:34,345 nipype.workflow INFO:
	 [Node] Executing "bold_source" <nipype.interfaces.utility.base.Select>
250527-17:31:34,347 nipype.workflow INFO:
	 [Node] Finished "bold_source", elapsed time 0.000509s.
250527-17:31:34,721 nipype.workflow INFO:
	 [Node] Setting-up "fmriprep_25_0_wf.sub_GEO015_wf.bold_ses_t3_task_image_run_1_wf.bold_fit_wf.ds_hmc_boldref_wf.sources" in "/work/fmriprep_25_0_wf/sub_GEO015_wf/bold_ses_t3_task_image_run_1_wf/bold_fit_wf/ds_hmc_boldref_wf/sources".
250527-17:31:34,722 nipype.workflow INFO:
	 [Node] Setting-up "fmriprep_25_0_wf.sub_GEO015_wf.bold_ses_t3_task_image_run_1_wf.bold_fit_wf.hmc_boldref_wf.validation_and_dummies_wf.get_dummy" in "/work/fmriprep_25_0_wf/sub_GEO015_wf/bold_ses_t3_task_image_run_1_wf/bold_fit_wf/hmc_boldref_wf/validation_and_dummies_wf/get_dummy".
250527-17:31:34,722 nipype.workflow INFO:
	 [Node] Setting-up "fmriprep_25_0_wf.sub_GEO015_wf.bold_ses_t3_task_image_run_1_wf.bold_fit_wf.ds_hmc_wf.sources" in "/work/fmriprep_25_0_wf/sub_GEO015_wf/bold_ses_t3_task_image_run_1_wf/bold_fit_wf/ds_hmc_wf/sources".
250527-17:31:34,722 nipype.workflow INFO:
	 [Node] Setting-up "fmriprep_25_0_wf.sub_GEO015_wf.bold_ses_t3_task_image_run_1_wf.bold_fit_wf.ds_boldmask_wf.sources" in "/work/fmriprep_25_0_wf/sub_GEO015_wf/bold_ses_t3_task_image_run_1_wf/bold_fit_wf/ds_boldmask_wf/sources".
250527-17:31:34,724 nipype.workflow INFO:
	 [Node] Setting-up "fmriprep_25_0_wf.sub_GEO015_wf.bold_ses_t3_task_image_run_1_wf.bold_native_wf.bold_source" in "/work/fmriprep_25_0_wf/sub_GEO015_wf/bold_ses_t3_task_image_run_1_wf/bold_native_wf/bold_source".
250527-17:31:35,320 nipype.workflow INFO:
	 [Node] Finished "get_dummy", elapsed time 5.244264s.
250527-17:31:35,386 nipype.workflow INFO:
	 [Node] Executing "get_dummy" <niworkflows.interfaces.bold.NonsteadyStatesDetector>
250527-17:31:35,676 nipype.workflow INFO:
	 [Node] Executing "bold_source" <nipype.interfaces.utility.base.Select>
250527-17:31:35,678 nipype.workflow INFO:
	 [Node] Finished "bold_source", elapsed time 0.00055s.
250527-17:31:35,699 nipype.workflow INFO:
	 [Node] Executing "sources" <fmriprep.interfaces.bids.BIDSURI>
250527-17:31:35,700 nipype.workflow INFO:
	 [Node] Finished "sources", elapsed time 0.0006s.
250527-17:31:36,86 nipype.workflow INFO:
	 [Node] Finished "get_dummy", elapsed time 4.23615s.
250527-17:31:36,584 nipype.workflow INFO:
	 [Node] Executing "sources" <fmriprep.interfaces.bids.BIDSURI>
250527-17:31:36,586 nipype.workflow INFO:
	 [Node] Finished "sources", elapsed time 0.000579s.
250527-17:31:36,701 nipype.workflow INFO:
	 [Node] Setting-up "fmriprep_25_0_wf.sub_GEO015_wf.bold_ses_t3_task_image_run_2_wf.bold_fit_wf.hmc_boldref_wf.validation_and_dummies_wf.get_dummy" in "/work/fmriprep_25_0_wf/sub_GEO015_wf/bold_ses_t3_task_image_run_2_wf/bold_fit_wf/hmc_boldref_wf/validation_and_dummies_wf/get_dummy".
250527-17:31:36,701 nipype.workflow INFO:
	 [Node] Setting-up "fmriprep_25_0_wf.sub_GEO015_wf.bold_ses_t3_task_image_run_2_wf.bold_fit_wf.ds_hmc_boldref_wf.sources" in "/work/fmriprep_25_0_wf/sub_GEO015_wf/bold_ses_t3_task_image_run_2_wf/bold_fit_wf/ds_hmc_boldref_wf/sources".
250527-17:31:36,701 nipype.workflow INFO:
	 [Node] Setting-up "fmriprep_25_0_wf.sub_GEO015_wf.bold_ses_t3_task_image_run_2_wf.bold_fit_wf.ds_hmc_wf.sources" in "/work/fmriprep_25_0_wf/sub_GEO015_wf/bold_ses_t3_task_image_run_2_wf/bold_fit_wf/ds_hmc_wf/sources".
250527-17:31:36,791 nipype.workflow INFO:
	 [Node] Setting-up "fmriprep_25_0_wf.sub_GEO015_wf.bold_ses_t3_task_image_run_2_wf.bold_fit_wf.hmc_boldref_wf.validation_and_dummies_wf.val_bold" in "/work/fmriprep_25_0_wf/sub_GEO015_wf/bold_ses_t3_task_image_run_2_wf/bold_fit_wf/hmc_boldref_wf/validation_and_dummies_wf/val_bold".
250527-17:31:36,916 nipype.workflow INFO:
	 [Node] Executing "sources" <fmriprep.interfaces.bids.BIDSURI>
250527-17:31:36,918 nipype.workflow INFO:
	 [Node] Finished "sources", elapsed time 0.000657s.
250527-17:31:37,23 nipype.workflow INFO:
	 [Node] Executing "get_dummy" <niworkflows.interfaces.bold.NonsteadyStatesDetector>
250527-17:31:37,181 nipype.workflow INFO:
	 [Node] Executing "val_bold" <niworkflows.interfaces.header.ValidateImage>
250527-17:31:37,286 nipype.workflow INFO:
	 [Node] Finished "val_bold", elapsed time 0.103908s.
250527-17:31:37,392 nipype.workflow INFO:
	 [Node] Executing "sources" <fmriprep.interfaces.bids.BIDSURI>
250527-17:31:37,394 nipype.workflow INFO:
	 [Node] Finished "sources", elapsed time 0.000771s.
250527-17:31:37,401 nipype.workflow INFO:
	 [Node] Executing "sources" <fmriprep.interfaces.bids.BIDSURI>
250527-17:31:37,403 nipype.workflow INFO:
	 [Node] Finished "sources", elapsed time 0.000807s.
250527-17:31:38,701 nipype.workflow INFO:
	 [Node] Setting-up "fmriprep_25_0_wf.sub_GEO015_wf.bold_ses_t3_task_image_run_2_wf.bold_fit_wf.ds_boldmask_wf.sources" in "/work/fmriprep_25_0_wf/sub_GEO015_wf/bold_ses_t3_task_image_run_2_wf/bold_fit_wf/ds_boldmask_wf/sources".
250527-17:31:38,702 nipype.workflow INFO:
	 [Node] Setting-up "fmriprep_25_0_wf.sub_GEO015_wf.bold_ses_t3_task_image_run_2_wf.bold_native_wf.bold_source" in "/work/fmriprep_25_0_wf/sub_GEO015_wf/bold_ses_t3_task_image_run_2_wf/bold_native_wf/bold_source".
250527-17:31:38,707 nipype.workflow INFO:
	 [Node] Setting-up "fmriprep_25_0_wf.sub_GEO015_wf.bold_ses_t3_task_image_run_3_wf.bold_fit_wf.ds_hmc_boldref_wf.sources" in "/work/fmriprep_25_0_wf/sub_GEO015_wf/bold_ses_t3_task_image_run_3_wf/bold_fit_wf/ds_hmc_boldref_wf/sources".
250527-17:31:38,707 nipype.workflow INFO:
	 [Node] Setting-up "fmriprep_25_0_wf.sub_GEO015_wf.bold_ses_t3_task_image_run_3_wf.bold_fit_wf.ds_hmc_wf.sources" in "/work/fmriprep_25_0_wf/sub_GEO015_wf/bold_ses_t3_task_image_run_3_wf/bold_fit_wf/ds_hmc_wf/sources".
250527-17:31:38,707 nipype.workflow INFO:
	 [Node] Setting-up "fmriprep_25_0_wf.sub_GEO015_wf.bold_ses_t3_task_image_run_3_wf.bold_fit_wf.hmc_boldref_wf.validation_and_dummies_wf.get_dummy" in "/work/fmriprep_25_0_wf/sub_GEO015_wf/bold_ses_t3_task_image_run_3_wf/bold_fit_wf/hmc_boldref_wf/validation_and_dummies_wf/get_dummy".
250527-17:31:38,709 nipype.workflow INFO:
	 [Node] Setting-up "fmriprep_25_0_wf.sub_GEO015_wf.bold_ses_t3_task_image_run_3_wf.bold_fit_wf.hmc_boldref_wf.validation_and_dummies_wf.val_bold" in "/work/fmriprep_25_0_wf/sub_GEO015_wf/bold_ses_t3_task_image_run_3_wf/bold_fit_wf/hmc_boldref_wf/validation_and_dummies_wf/val_bold".
250527-17:31:39,230 nipype.workflow INFO:
	 [Node] Finished "get_dummy", elapsed time 3.842901s.
250527-17:31:39,559 nipype.workflow INFO:
	 [Node] Executing "bold_source" <nipype.interfaces.utility.base.Select>
250527-17:31:39,562 nipype.workflow INFO:
	 [Node] Finished "bold_source", elapsed time 0.000984s.
250527-17:31:39,621 nipype.workflow INFO:
	 [Node] Executing "sources" <fmriprep.interfaces.bids.BIDSURI>
250527-17:31:39,623 nipype.workflow INFO:
	 [Node] Finished "sources", elapsed time 0.000574s.
250527-17:31:39,724 nipype.workflow INFO:
	 [Node] Executing "sources" <fmriprep.interfaces.bids.BIDSURI>
250527-17:31:39,726 nipype.workflow INFO:
	 [Node] Finished "sources", elapsed time 0.000777s.
250527-17:31:39,794 nipype.workflow INFO:
	 [Node] Executing "val_bold" <niworkflows.interfaces.header.ValidateImage>
250527-17:31:39,882 nipype.workflow INFO:
	 [Node] Executing "get_dummy" <niworkflows.interfaces.bold.NonsteadyStatesDetector>
250527-17:31:39,883 nipype.workflow INFO:
	 [Node] Finished "val_bold", elapsed time 0.08822s.
250527-17:31:39,899 nipype.workflow INFO:
	 [Node] Executing "sources" <fmriprep.interfaces.bids.BIDSURI>
250527-17:31:39,901 nipype.workflow INFO:
	 [Node] Finished "sources", elapsed time 0.000667s.
250527-17:31:40,709 nipype.workflow INFO:
	 [Node] Setting-up "fmriprep_25_0_wf.sub_GEO015_wf.bold_ses_t3_task_image_run_3_wf.bold_fit_wf.ds_boldmask_wf.sources" in "/work/fmriprep_25_0_wf/sub_GEO015_wf/bold_ses_t3_task_image_run_3_wf/bold_fit_wf/ds_boldmask_wf/sources".
250527-17:31:40,709 nipype.workflow INFO:
	 [Node] Setting-up "fmriprep_25_0_wf.sub_GEO015_wf.bold_ses_t3_task_image_run_3_wf.bold_native_wf.bold_source" in "/work/fmriprep_25_0_wf/sub_GEO015_wf/bold_ses_t3_task_image_run_3_wf/bold_native_wf/bold_source".
250527-17:31:40,711 nipype.workflow INFO:
	 [Node] Setting-up "fmriprep_25_0_wf.sub_GEO015_wf.bold_ses_t3_task_image_run_4_wf.bold_fit_wf.ds_hmc_wf.sources" in "/work/fmriprep_25_0_wf/sub_GEO015_wf/bold_ses_t3_task_image_run_4_wf/bold_fit_wf/ds_hmc_wf/sources".
250527-17:31:40,711 nipype.workflow INFO:
	 [Node] Setting-up "fmriprep_25_0_wf.sub_GEO015_wf.bold_ses_t3_task_image_run_4_wf.bold_fit_wf.ds_hmc_boldref_wf.sources" in "/work/fmriprep_25_0_wf/sub_GEO015_wf/bold_ses_t3_task_image_run_4_wf/bold_fit_wf/ds_hmc_boldref_wf/sources".
250527-17:31:40,711 nipype.workflow INFO:
	 [Node] Setting-up "fmriprep_25_0_wf.sub_GEO015_wf.bold_ses_t3_task_image_run_4_wf.bold_fit_wf.hmc_boldref_wf.validation_and_dummies_wf.get_dummy" in "/work/fmriprep_25_0_wf/sub_GEO015_wf/bold_ses_t3_task_image_run_4_wf/bold_fit_wf/hmc_boldref_wf/validation_and_dummies_wf/get_dummy".
250527-17:31:40,715 nipype.workflow INFO:
	 [Node] Setting-up "fmriprep_25_0_wf.sub_GEO015_wf.bold_ses_t3_task_image_run_4_wf.bold_fit_wf.hmc_boldref_wf.validation_and_dummies_wf.val_bold" in "/work/fmriprep_25_0_wf/sub_GEO015_wf/bold_ses_t3_task_image_run_4_wf/bold_fit_wf/hmc_boldref_wf/validation_and_dummies_wf/val_bold".
250527-17:31:41,945 nipype.workflow INFO:
	 [Node] Executing "sources" <fmriprep.interfaces.bids.BIDSURI>
250527-17:31:41,954 nipype.workflow INFO:
	 [Node] Finished "sources", elapsed time 0.001255s.
250527-17:31:42,76 nipype.workflow INFO:
	 [Node] Executing "sources" <fmriprep.interfaces.bids.BIDSURI>
250527-17:31:42,87 nipype.workflow INFO:
	 [Node] Finished "sources", elapsed time 0.001087s.
250527-17:31:42,247 nipype.workflow INFO:
	 [Node] Executing "bold_source" <nipype.interfaces.utility.base.Select>
250527-17:31:42,249 nipype.workflow INFO:
	 [Node] Finished "bold_source", elapsed time 0.000415s.
250527-17:31:42,399 nipype.workflow INFO:
	 [Node] Executing "val_bold" <niworkflows.interfaces.header.ValidateImage>
250527-17:31:42,484 nipype.workflow INFO:
	 [Node] Executing "get_dummy" <niworkflows.interfaces.bold.NonsteadyStatesDetector>
250527-17:31:42,613 nipype.workflow INFO:
	 [Node] Finished "get_dummy", elapsed time 5.588901s.
250527-17:31:42,724 nipype.workflow INFO:
	 [Node] Setting-up "fmriprep_25_0_wf.sub_GEO015_wf.bold_ses_t3_task_image_run_4_wf.bold_fit_wf.ds_boldmask_wf.sources" in "/work/fmriprep_25_0_wf/sub_GEO015_wf/bold_ses_t3_task_image_run_4_wf/bold_fit_wf/ds_boldmask_wf/sources".
250527-17:31:42,726 nipype.workflow INFO:
	 [Node] Setting-up "fmriprep_25_0_wf.sub_GEO015_wf.bold_ses_t3_task_image_run_4_wf.bold_native_wf.bold_source" in "/work/fmriprep_25_0_wf/sub_GEO015_wf/bold_ses_t3_task_image_run_4_wf/bold_native_wf/bold_source".
250527-17:31:42,730 nipype.workflow INFO:
	 [Node] Finished "val_bold", elapsed time 0.32974s.
250527-17:31:43,589 nipype.workflow INFO:
	 [Node] Executing "sources" <fmriprep.interfaces.bids.BIDSURI>
250527-17:31:43,591 nipype.workflow INFO:
	 [Node] Finished "sources", elapsed time 0.000872s.
250527-17:31:43,796 nipype.workflow INFO:
	 [Node] Executing "sources" <fmriprep.interfaces.bids.BIDSURI>
250527-17:31:43,798 nipype.workflow INFO:
	 [Node] Finished "sources", elapsed time 0.000865s.
250527-17:31:43,882 nipype.workflow INFO:
	 [Node] Finished "get_dummy", elapsed time 3.998334s.
250527-17:31:44,694 nipype.workflow INFO:
	 [Node] Setting-up "fmriprep_25_0_wf.sub_GEO015_wf.bold_ses_t3_task_image_run_5_wf.bold_fit_wf.hmc_boldref_wf.validation_and_dummies_wf.val_bold" in "/work/fmriprep_25_0_wf/sub_GEO015_wf/bold_ses_t3_task_image_run_5_wf/bold_fit_wf/hmc_boldref_wf/validation_and_dummies_wf/val_bold".
250527-17:31:44,694 nipype.workflow INFO:
	 [Node] Setting-up "fmriprep_25_0_wf.sub_GEO015_wf.bold_ses_t3_task_image_run_5_wf.bold_fit_wf.ds_hmc_boldref_wf.sources" in "/work/fmriprep_25_0_wf/sub_GEO015_wf/bold_ses_t3_task_image_run_5_wf/bold_fit_wf/ds_hmc_boldref_wf/sources".
250527-17:31:44,694 nipype.workflow INFO:
	 [Node] Setting-up "fmriprep_25_0_wf.sub_GEO015_wf.bold_ses_t3_task_image_run_5_wf.bold_fit_wf.hmc_boldref_wf.validation_and_dummies_wf.get_dummy" in "/work/fmriprep_25_0_wf/sub_GEO015_wf/bold_ses_t3_task_image_run_5_wf/bold_fit_wf/hmc_boldref_wf/validation_and_dummies_wf/get_dummy".
250527-17:31:44,989 nipype.workflow INFO:
	 [Node] Executing "bold_source" <nipype.interfaces.utility.base.Select>
250527-17:31:44,990 nipype.workflow INFO:
	 [Node] Finished "bold_source", elapsed time 0.000514s.
250527-17:31:46,145 nipype.workflow INFO:
	 [Node] Executing "val_bold" <niworkflows.interfaces.header.ValidateImage>
250527-17:31:46,161 nipype.workflow INFO:
	 [Node] Executing "sources" <fmriprep.interfaces.bids.BIDSURI>
250527-17:31:46,166 nipype.workflow INFO:
	 [Node] Executing "get_dummy" <niworkflows.interfaces.bold.NonsteadyStatesDetector>
250527-17:31:46,167 nipype.workflow INFO:
	 [Node] Finished "sources", elapsed time 0.000725s.
250527-17:31:46,416 nipype.workflow INFO:
	 [Node] Finished "val_bold", elapsed time 0.269311s.
250527-17:31:46,706 nipype.workflow INFO:
	 [Node] Setting-up "fmriprep_25_0_wf.sub_GEO015_wf.bold_ses_t3_task_image_run_5_wf.bold_fit_wf.ds_hmc_wf.sources" in "/work/fmriprep_25_0_wf/sub_GEO015_wf/bold_ses_t3_task_image_run_5_wf/bold_fit_wf/ds_hmc_wf/sources".
250527-17:31:46,707 nipype.workflow INFO:
	 [Node] Setting-up "fmriprep_25_0_wf.sub_GEO015_wf.bold_ses_t3_task_image_run_5_wf.bold_fit_wf.ds_boldmask_wf.sources" in "/work/fmriprep_25_0_wf/sub_GEO015_wf/bold_ses_t3_task_image_run_5_wf/bold_fit_wf/ds_boldmask_wf/sources".
250527-17:31:46,708 nipype.workflow INFO:
	 [Node] Setting-up "fmriprep_25_0_wf.sub_GEO015_wf.bold_ses_t3_task_image_run_5_wf.bold_native_wf.bold_source" in "/work/fmriprep_25_0_wf/sub_GEO015_wf/bold_ses_t3_task_image_run_5_wf/bold_native_wf/bold_source".
250527-17:31:46,710 nipype.workflow INFO:
	 [Node] Setting-up "fmriprep_25_0_wf.sub_GEO015_wf.bold_ses_t3_task_retrans_run_1_wf.bold_fit_wf.hmc_boldref_wf.validation_and_dummies_wf.val_bold" in "/work/fmriprep_25_0_wf/sub_GEO015_wf/bold_ses_t3_task_retrans_run_1_wf/bold_fit_wf/hmc_boldref_wf/validation_and_dummies_wf/val_bold".
250527-17:31:47,206 nipype.workflow INFO:
	 [Node] Finished "get_dummy", elapsed time 4.720668s.
250527-17:31:47,279 nipype.workflow INFO:
	 [Node] Executing "sources" <fmriprep.interfaces.bids.BIDSURI>
250527-17:31:47,279 nipype.workflow INFO:
	 [Node] Executing "sources" <fmriprep.interfaces.bids.BIDSURI>
250527-17:31:47,281 nipype.workflow INFO:
	 [Node] Finished "sources", elapsed time 0.000616s.
250527-17:31:47,281 nipype.workflow INFO:
	 [Node] Finished "sources", elapsed time 0.000785s.
250527-17:31:47,297 nipype.workflow INFO:
	 [Node] Executing "bold_source" <nipype.interfaces.utility.base.Select>
250527-17:31:47,298 nipype.workflow INFO:
	 [Node] Finished "bold_source", elapsed time 0.000657s.
250527-17:31:47,403 nipype.workflow INFO:
	 [Node] Executing "val_bold" <niworkflows.interfaces.header.ValidateImage>
250527-17:31:47,498 nipype.workflow INFO:
	 [Node] Finished "val_bold", elapsed time 0.094308s.
250527-17:31:48,713 nipype.workflow INFO:
	 [Node] Setting-up "fmriprep_25_0_wf.sub_GEO015_wf.bold_ses_t3_task_retrans_run_1_wf.bold_fit_wf.hmc_boldref_wf.validation_and_dummies_wf.get_dummy" in "/work/fmriprep_25_0_wf/sub_GEO015_wf/bold_ses_t3_task_retrans_run_1_wf/bold_fit_wf/hmc_boldref_wf/validation_and_dummies_wf/get_dummy".
250527-17:31:48,714 nipype.workflow INFO:
	 [Node] Setting-up "fmriprep_25_0_wf.sub_GEO015_wf.bold_ses_t3_task_retrans_run_1_wf.bold_fit_wf.ds_hmc_boldref_wf.sources" in "/work/fmriprep_25_0_wf/sub_GEO015_wf/bold_ses_t3_task_retrans_run_1_wf/bold_fit_wf/ds_hmc_boldref_wf/sources".
250527-17:31:48,715 nipype.workflow INFO:
	 [Node] Setting-up "fmriprep_25_0_wf.sub_GEO015_wf.bold_ses_t3_task_retrans_run_1_wf.bold_fit_wf.ds_hmc_wf.sources" in "/work/fmriprep_25_0_wf/sub_GEO015_wf/bold_ses_t3_task_retrans_run_1_wf/bold_fit_wf/ds_hmc_wf/sources".
250527-17:31:48,715 nipype.workflow INFO:
	 [Node] Setting-up "fmriprep_25_0_wf.sub_GEO015_wf.bold_ses_t3_task_retrans_run_1_wf.bold_fit_wf.ds_boldmask_wf.sources" in "/work/fmriprep_25_0_wf/sub_GEO015_wf/bold_ses_t3_task_retrans_run_1_wf/bold_fit_wf/ds_boldmask_wf/sources".
250527-17:31:48,716 nipype.workflow INFO:
	 [Node] Setting-up "fmriprep_25_0_wf.sub_GEO015_wf.bold_ses_t3_task_retrans_run_1_wf.bold_native_wf.bold_source" in "/work/fmriprep_25_0_wf/sub_GEO015_wf/bold_ses_t3_task_retrans_run_1_wf/bold_native_wf/bold_source".
250527-17:31:49,197 nipype.workflow INFO:
	 [Node] Executing "get_dummy" <niworkflows.interfaces.bold.NonsteadyStatesDetector>
250527-17:31:49,228 nipype.workflow INFO:
	 [Node] Executing "bold_source" <nipype.interfaces.utility.base.Select>
250527-17:31:49,231 nipype.workflow INFO:
	 [Node] Finished "bold_source", elapsed time 0.000813s.
250527-17:31:49,234 nipype.workflow INFO:
	 [Node] Executing "sources" <fmriprep.interfaces.bids.BIDSURI>
250527-17:31:49,236 nipype.workflow INFO:
	 [Node] Finished "sources", elapsed time 0.000924s.
250527-17:31:49,330 nipype.workflow INFO:
	 [Node] Executing "sources" <fmriprep.interfaces.bids.BIDSURI>
250527-17:31:49,353 nipype.workflow INFO:
	 [Node] Finished "sources", elapsed time 0.011141s.
250527-17:31:49,421 nipype.workflow INFO:
	 [Node] Executing "sources" <fmriprep.interfaces.bids.BIDSURI>
250527-17:31:49,423 nipype.workflow INFO:
	 [Node] Finished "sources", elapsed time 0.000606s.
250527-17:31:50,437 nipype.workflow INFO:
	 [Node] Finished "get_dummy", elapsed time 4.269653s.
250527-17:31:52,124 nipype.workflow INFO:
	 [Node] Setting-up "fmriprep_25_0_wf.sub_GEO015_wf.bids_info" in "/work/fmriprep_25_0_wf/sub_GEO015_wf/bids_info".
250527-17:31:52,128 nipype.workflow INFO:
	 [Node] Setting-up "fmriprep_25_0_wf.sub_GEO015_wf.anat_fit_wf.anat_template_wf.anat_ref_dimensions" in "/work/fmriprep_25_0_wf/sub_GEO015_wf/anat_fit_wf/anat_template_wf/anat_ref_dimensions".
250527-17:31:52,489 nipype.workflow INFO:
	 [Node] Setting-up "fmriprep_25_0_wf.sub_GEO015_wf.anat_fit_wf.t2w_template_wf.anat_ref_dimensions" in "/work/fmriprep_25_0_wf/sub_GEO015_wf/anat_fit_wf/t2w_template_wf/anat_ref_dimensions".
250527-17:31:52,539 nipype.workflow INFO:
	 [Node] Executing "bids_info" <niworkflows.interfaces.bids.BIDSInfo>
250527-17:31:52,549 nipype.workflow INFO:
	 [Node] Finished "bids_info", elapsed time 0.006726s.
250527-17:31:52,888 nipype.workflow INFO:
	 [Node] Executing "anat_ref_dimensions" <niworkflows.interfaces.images.TemplateDimensions>
250527-17:31:52,966 nipype.workflow INFO:
	 [Node] Executing "anat_ref_dimensions" <niworkflows.interfaces.images.TemplateDimensions>
250527-17:31:54,225 nipype.workflow INFO:
	 [Node] Setting-up "fmriprep_25_0_wf.sub_GEO015_wf.anat_fit_wf.brain_extraction_wf.mrg_tmpl" in "/work/fmriprep_25_0_wf/sub_GEO015_wf/anat_fit_wf/brain_extraction_wf/mrg_tmpl".
250527-17:31:54,759 nipype.workflow INFO:
	 [Node] Executing "mrg_tmpl" <nipype.interfaces.utility.base.Merge>
250527-17:31:54,761 nipype.workflow INFO:
	 [Node] Finished "mrg_tmpl", elapsed time 0.000623s.
250527-17:31:54,894 nipype.workflow INFO:
	 [Node] Finished "get_dummy", elapsed time 5.69564s.
250527-17:31:55,676 nipype.workflow INFO:
	 [Node] Finished "anat_ref_dimensions", elapsed time 2.7088989999999997s.
250527-17:31:55,837 nipype.workflow INFO:
	 [Node] Finished "anat_ref_dimensions", elapsed time 2.94735s.
250527-17:31:56,423 nipype.workflow INFO:
	 [Node] Setting-up "fmriprep_25_0_wf.sub_GEO015_wf.bold_ses_t2_task_image_run_1_wf.bold_native_wf.validate_bold" in "/work/fmriprep_25_0_wf/sub_GEO015_wf/bold_ses_t2_task_image_run_1_wf/bold_native_wf/validate_bold".
250527-17:31:56,428 nipype.workflow INFO:
	 [Node] Setting-up "fmriprep_25_0_wf.sub_GEO015_wf.bold_ses_t2_task_image_run_1_wf.bold_fit_wf.hmc_boldref_wf.gen_avg" in "/work/fmriprep_25_0_wf/sub_GEO015_wf/bold_ses_t2_task_image_run_1_wf/bold_fit_wf/hmc_boldref_wf/gen_avg".
250527-17:31:56,999 nipype.workflow INFO:
	 [Node] Executing "validate_bold" <niworkflows.interfaces.header.ValidateImage>
250527-17:31:57,92 nipype.workflow INFO:
	 [Node] Finished "validate_bold", elapsed time 0.092227s.
250527-17:31:57,103 nipype.workflow INFO:
	 [Node] Executing "gen_avg" <niworkflows.interfaces.images.RobustAverage>
250527-17:31:58,552 nipype.workflow INFO:
	 [Node] Setting-up "fmriprep_25_0_wf.sub_GEO015_wf.bold_ses_t2_task_image_run_2_wf.bold_fit_wf.hmc_boldref_wf.gen_avg" in "/work/fmriprep_25_0_wf/sub_GEO015_wf/bold_ses_t2_task_image_run_2_wf/bold_fit_wf/hmc_boldref_wf/gen_avg".
250527-17:31:58,923 nipype.workflow INFO:
	 [Node] Setting-up "fmriprep_25_0_wf.sub_GEO015_wf.bold_ses_t2_task_image_run_2_wf.bold_native_wf.validate_bold" in "/work/fmriprep_25_0_wf/sub_GEO015_wf/bold_ses_t2_task_image_run_2_wf/bold_native_wf/validate_bold".
250527-17:31:59,399 nipype.workflow INFO:
	 [Node] Executing "gen_avg" <niworkflows.interfaces.images.RobustAverage>
250527-17:31:59,492 nipype.workflow INFO:
	 [Node] Executing "validate_bold" <niworkflows.interfaces.header.ValidateImage>
250527-17:31:59,621 nipype.workflow INFO:
	 [Node] Finished "validate_bold", elapsed time 0.128046s.
250527-17:32:01,160 nipype.workflow INFO:
	 [Node] Setting-up "fmriprep_25_0_wf.sub_GEO015_wf.bold_ses_t2_task_image_run_3_wf.bold_fit_wf.hmc_boldref_wf.gen_avg" in "/work/fmriprep_25_0_wf/sub_GEO015_wf/bold_ses_t2_task_image_run_3_wf/bold_fit_wf/hmc_boldref_wf/gen_avg".
250527-17:32:01,161 nipype.workflow INFO:
	 [Node] Setting-up "fmriprep_25_0_wf.sub_GEO015_wf.bold_ses_t2_task_image_run_3_wf.bold_native_wf.validate_bold" in "/work/fmriprep_25_0_wf/sub_GEO015_wf/bold_ses_t2_task_image_run_3_wf/bold_native_wf/validate_bold".
250527-17:32:01,358 nipype.interface INFO:
	 stderr 2025-05-27T17:32:01.358087:++ 3dvolreg: AFNI version=AFNI_25.0.11 (Mar 24 2025) [64-bit]
250527-17:32:01,358 nipype.interface INFO:
	 stderr 2025-05-27T17:32:01.358087:++ Authored by: RW Cox
250527-17:32:01,361 nipype.interface INFO:
	 stderr 2025-05-27T17:32:01.361124:** AFNI converts NIFTI_datatype=512 (UINT16) in file /work/fmriprep_25_0_wf/sub_GEO015_wf/bold_ses_t2_task_image_run_1_wf/bold_fit_wf/hmc_boldref_wf/gen_avg/sub-GEO015_ses-t2_task-image_run-1_bold_sliced.nii.gz to FLOAT32
250527-17:32:01,361 nipype.interface INFO:
	 stderr 2025-05-27T17:32:01.361124:     Warnings of this type will be muted for this session.
250527-17:32:01,361 nipype.interface INFO:
	 stderr 2025-05-27T17:32:01.361124:     Set AFNI_NIFTI_TYPE_WARN to YES to see them all, NO to see none.
250527-17:32:01,362 nipype.interface INFO:
	 stderr 2025-05-27T17:32:01.362416:[7m*+ WARNING:[0m   If you are performing spatial transformations on an oblique dset,
250527-17:32:01,362 nipype.interface INFO:
	 stderr 2025-05-27T17:32:01.362416:  such as /work/fmriprep_25_0_wf/sub_GEO015_wf/bold_ses_t2_task_image_run_1_wf/bold_fit_wf/hmc_boldref_wf/gen_avg/sub-GEO015_ses-t2_task-image_run-1_bold_sliced.nii.gz,
250527-17:32:01,362 nipype.interface INFO:
	 stderr 2025-05-27T17:32:01.362416:  or viewing/combining it with volumes of differing obliquity,
250527-17:32:01,362 nipype.interface INFO:
	 stderr 2025-05-27T17:32:01.362416:  you should consider running: 
250527-17:32:01,362 nipype.interface INFO:
	 stderr 2025-05-27T17:32:01.362416:     3dWarp -deoblique 
250527-17:32:01,362 nipype.interface INFO:
	 stderr 2025-05-27T17:32:01.362416:  on this and  other oblique datasets in the same session.
250527-17:32:01,362 nipype.interface INFO:
	 stderr 2025-05-27T17:32:01.362416: See 3dWarp -help for details.
250527-17:32:01,362 nipype.interface INFO:
	 stderr 2025-05-27T17:32:01.362620:++ Oblique dataset:/work/fmriprep_25_0_wf/sub_GEO015_wf/bold_ses_t2_task_image_run_1_wf/bold_fit_wf/hmc_boldref_wf/gen_avg/sub-GEO015_ses-t2_task-image_run-1_bold_sliced.nii.gz is 37.800003 degrees from plumb.
250527-17:32:01,362 nipype.interface INFO:
	 stderr 2025-05-27T17:32:01.362620:++ Coarse del was 10, replaced with 6
250527-17:32:01,663 nipype.interface INFO:
	 stderr 2025-05-27T17:32:01.663319:++ edt_blur: sigx 2, dx 1, fwhm 4.70964, sfac 2.5, firx 5
250527-17:32:02,45 nipype.workflow INFO:
	 [Node] Executing "gen_avg" <niworkflows.interfaces.images.RobustAverage>
250527-17:32:02,143 nipype.workflow INFO:
	 [Node] Executing "validate_bold" <niworkflows.interfaces.header.ValidateImage>
250527-17:32:02,355 nipype.workflow INFO:
	 [Node] Finished "validate_bold", elapsed time 0.211387s.
250527-17:32:02,796 nipype.interface INFO:
	 stderr 2025-05-27T17:32:02.796252:++ 3dvolreg: AFNI version=AFNI_25.0.11 (Mar 24 2025) [64-bit]
250527-17:32:02,796 nipype.interface INFO:
	 stderr 2025-05-27T17:32:02.796252:++ Authored by: RW Cox
250527-17:32:02,816 nipype.interface INFO:
	 stderr 2025-05-27T17:32:02.816475:** AFNI converts NIFTI_datatype=512 (UINT16) in file /work/fmriprep_25_0_wf/sub_GEO015_wf/bold_ses_t2_task_image_run_2_wf/bold_fit_wf/hmc_boldref_wf/gen_avg/sub-GEO015_ses-t2_task-image_run-2_bold_sliced.nii.gz to FLOAT32
250527-17:32:02,816 nipype.interface INFO:
	 stderr 2025-05-27T17:32:02.816475:     Warnings of this type will be muted for this session.
250527-17:32:02,816 nipype.interface INFO:
	 stderr 2025-05-27T17:32:02.816475:     Set AFNI_NIFTI_TYPE_WARN to YES to see them all, NO to see none.
250527-17:32:02,818 nipype.interface INFO:
	 stderr 2025-05-27T17:32:02.818168:[7m*+ WARNING:[0m   If you are performing spatial transformations on an oblique dset,
250527-17:32:02,818 nipype.interface INFO:
	 stderr 2025-05-27T17:32:02.818168:  such as /work/fmriprep_25_0_wf/sub_GEO015_wf/bold_ses_t2_task_image_run_2_wf/bold_fit_wf/hmc_boldref_wf/gen_avg/sub-GEO015_ses-t2_task-image_run-2_bold_sliced.nii.gz,
250527-17:32:02,818 nipype.interface INFO:
	 stderr 2025-05-27T17:32:02.818168:  or viewing/combining it with volumes of differing obliquity,
250527-17:32:02,818 nipype.interface INFO:
	 stderr 2025-05-27T17:32:02.818168:  you should consider running: 
250527-17:32:02,818 nipype.interface INFO:
	 stderr 2025-05-27T17:32:02.818168:     3dWarp -deoblique 
250527-17:32:02,818 nipype.interface INFO:
	 stderr 2025-05-27T17:32:02.818168:  on this and  other oblique datasets in the same session.
250527-17:32:02,818 nipype.interface INFO:
	 stderr 2025-05-27T17:32:02.818168: See 3dWarp -help for details.
250527-17:32:02,818 nipype.interface INFO:
	 stderr 2025-05-27T17:32:02.818168:++ Oblique dataset:/work/fmriprep_25_0_wf/sub_GEO015_wf/bold_ses_t2_task_image_run_2_wf/bold_fit_wf/hmc_boldref_wf/gen_avg/sub-GEO015_ses-t2_task-image_run-2_bold_sliced.nii.gz is 37.800003 degrees from plumb.
250527-17:32:02,818 nipype.interface INFO:
	 stderr 2025-05-27T17:32:02.818328:++ Coarse del was 10, replaced with 6
250527-17:32:03,121 nipype.interface INFO:
	 stderr 2025-05-27T17:32:03.121550:++ edt_blur: sigx 2, dx 1, fwhm 4.70964, sfac 2.5, firx 5
250527-17:32:04,684 nipype.workflow INFO:
	 [Node] Setting-up "fmriprep_25_0_wf.sub_GEO015_wf.bold_ses_t2_task_image_run_4_wf.bold_fit_wf.hmc_boldref_wf.gen_avg" in "/work/fmriprep_25_0_wf/sub_GEO015_wf/bold_ses_t2_task_image_run_4_wf/bold_fit_wf/hmc_boldref_wf/gen_avg".
250527-17:32:04,684 nipype.workflow INFO:
	 [Node] Setting-up "fmriprep_25_0_wf.sub_GEO015_wf.bold_ses_t2_task_image_run_4_wf.bold_native_wf.validate_bold" in "/work/fmriprep_25_0_wf/sub_GEO015_wf/bold_ses_t2_task_image_run_4_wf/bold_native_wf/validate_bold".
250527-17:32:05,554 nipype.workflow INFO:
	 [Node] Executing "gen_avg" <niworkflows.interfaces.images.RobustAverage>
250527-17:32:05,632 nipype.workflow INFO:
	 [Node] Executing "validate_bold" <niworkflows.interfaces.header.ValidateImage>
250527-17:32:05,729 nipype.workflow INFO:
	 [Node] Finished "validate_bold", elapsed time 0.094133s.
250527-17:32:05,759 nipype.interface INFO:
	 stderr 2025-05-27T17:32:05.759589:++ 3dvolreg: AFNI version=AFNI_25.0.11 (Mar 24 2025) [64-bit]
250527-17:32:05,759 nipype.interface INFO:
	 stderr 2025-05-27T17:32:05.759589:++ Authored by: RW Cox
250527-17:32:05,764 nipype.interface INFO:
	 stderr 2025-05-27T17:32:05.764445:** AFNI converts NIFTI_datatype=512 (UINT16) in file /work/fmriprep_25_0_wf/sub_GEO015_wf/bold_ses_t2_task_image_run_3_wf/bold_fit_wf/hmc_boldref_wf/gen_avg/sub-GEO015_ses-t2_task-image_run-3_bold_sliced.nii.gz to FLOAT32
250527-17:32:05,764 nipype.interface INFO:
	 stderr 2025-05-27T17:32:05.764445:     Warnings of this type will be muted for this session.
250527-17:32:05,764 nipype.interface INFO:
	 stderr 2025-05-27T17:32:05.764445:     Set AFNI_NIFTI_TYPE_WARN to YES to see them all, NO to see none.
250527-17:32:05,766 nipype.interface INFO:
	 stderr 2025-05-27T17:32:05.766216:[7m*+ WARNING:[0m   If you are performing spatial transformations on an oblique dset,
250527-17:32:05,766 nipype.interface INFO:
	 stderr 2025-05-27T17:32:05.766216:  such as /work/fmriprep_25_0_wf/sub_GEO015_wf/bold_ses_t2_task_image_run_3_wf/bold_fit_wf/hmc_boldref_wf/gen_avg/sub-GEO015_ses-t2_task-image_run-3_bold_sliced.nii.gz,
250527-17:32:05,766 nipype.interface INFO:
	 stderr 2025-05-27T17:32:05.766216:  or viewing/combining it with volumes of differing obliquity,
250527-17:32:05,766 nipype.interface INFO:
	 stderr 2025-05-27T17:32:05.766216:  you should consider running: 
250527-17:32:05,766 nipype.interface INFO:
	 stderr 2025-05-27T17:32:05.766216:     3dWarp -deoblique 
250527-17:32:05,766 nipype.interface INFO:
	 stderr 2025-05-27T17:32:05.766216:  on this and  other oblique datasets in the same session.
250527-17:32:05,766 nipype.interface INFO:
	 stderr 2025-05-27T17:32:05.766216: See 3dWarp -help for details.
250527-17:32:05,766 nipype.interface INFO:
	 stderr 2025-05-27T17:32:05.766216:++ Oblique dataset:/work/fmriprep_25_0_wf/sub_GEO015_wf/bold_ses_t2_task_image_run_3_wf/bold_fit_wf/hmc_boldref_wf/gen_avg/sub-GEO015_ses-t2_task-image_run-3_bold_sliced.nii.gz is 37.800003 degrees from plumb.
250527-17:32:05,766 nipype.interface INFO:
	 stderr 2025-05-27T17:32:05.766456:++ Coarse del was 10, replaced with 6
250527-17:32:06,76 nipype.interface INFO:
	 stderr 2025-05-27T17:32:06.076178:++ edt_blur: sigx 2, dx 1, fwhm 4.70964, sfac 2.5, firx 5
250527-17:32:07,821 nipype.workflow INFO:
	 [Node] Setting-up "fmriprep_25_0_wf.sub_GEO015_wf.bold_ses_t2_task_image_run_5_wf.bold_fit_wf.hmc_boldref_wf.gen_avg" in "/work/fmriprep_25_0_wf/sub_GEO015_wf/bold_ses_t2_task_image_run_5_wf/bold_fit_wf/hmc_boldref_wf/gen_avg".
250527-17:32:08,304 nipype.workflow INFO:
	 [Node] Executing "gen_avg" <niworkflows.interfaces.images.RobustAverage>
250527-17:32:08,540 nipype.workflow INFO:
	 [Node] Setting-up "fmriprep_25_0_wf.sub_GEO015_wf.bold_ses_t2_task_image_run_5_wf.bold_native_wf.validate_bold" in "/work/fmriprep_25_0_wf/sub_GEO015_wf/bold_ses_t2_task_image_run_5_wf/bold_native_wf/validate_bold".
250527-17:32:08,844 nipype.workflow INFO:
	 [Node] Executing "validate_bold" <niworkflows.interfaces.header.ValidateImage>
250527-17:32:08,921 nipype.workflow INFO:
	 [Node] Finished "validate_bold", elapsed time 0.076095s.
250527-17:32:09,101 nipype.interface INFO:
	 stderr 2025-05-27T17:32:09.101089:++ 3dvolreg: AFNI version=AFNI_25.0.11 (Mar 24 2025) [64-bit]
250527-17:32:09,101 nipype.interface INFO:
	 stderr 2025-05-27T17:32:09.101089:++ Authored by: RW Cox
250527-17:32:09,116 nipype.interface INFO:
	 stderr 2025-05-27T17:32:09.116511:** AFNI converts NIFTI_datatype=512 (UINT16) in file /work/fmriprep_25_0_wf/sub_GEO015_wf/bold_ses_t2_task_image_run_4_wf/bold_fit_wf/hmc_boldref_wf/gen_avg/sub-GEO015_ses-t2_task-image_run-4_bold_sliced.nii.gz to FLOAT32
250527-17:32:09,116 nipype.interface INFO:
	 stderr 2025-05-27T17:32:09.116511:     Warnings of this type will be muted for this session.
250527-17:32:09,116 nipype.interface INFO:
	 stderr 2025-05-27T17:32:09.116511:     Set AFNI_NIFTI_TYPE_WARN to YES to see them all, NO to see none.
250527-17:32:09,117 nipype.interface INFO:
	 stderr 2025-05-27T17:32:09.117911:[7m*+ WARNING:[0m   If you are performing spatial transformations on an oblique dset,
250527-17:32:09,117 nipype.interface INFO:
	 stderr 2025-05-27T17:32:09.117911:  such as /work/fmriprep_25_0_wf/sub_GEO015_wf/bold_ses_t2_task_image_run_4_wf/bold_fit_wf/hmc_boldref_wf/gen_avg/sub-GEO015_ses-t2_task-image_run-4_bold_sliced.nii.gz,
250527-17:32:09,118 nipype.interface INFO:
	 stderr 2025-05-27T17:32:09.117911:  or viewing/combining it with volumes of differing obliquity,
250527-17:32:09,118 nipype.interface INFO:
	 stderr 2025-05-27T17:32:09.117911:  you should consider running: 
250527-17:32:09,118 nipype.interface INFO:
	 stderr 2025-05-27T17:32:09.117911:     3dWarp -deoblique 
250527-17:32:09,118 nipype.interface INFO:
	 stderr 2025-05-27T17:32:09.117911:  on this and  other oblique datasets in the same session.
250527-17:32:09,118 nipype.interface INFO:
	 stderr 2025-05-27T17:32:09.117911: See 3dWarp -help for details.
250527-17:32:09,118 nipype.interface INFO:
	 stderr 2025-05-27T17:32:09.117911:++ Oblique dataset:/work/fmriprep_25_0_wf/sub_GEO015_wf/bold_ses_t2_task_image_run_4_wf/bold_fit_wf/hmc_boldref_wf/gen_avg/sub-GEO015_ses-t2_task-image_run-4_bold_sliced.nii.gz is 37.800003 degrees from plumb.
250527-17:32:09,118 nipype.interface INFO:
	 stderr 2025-05-27T17:32:09.118112:++ Coarse del was 10, replaced with 6
250527-17:32:09,462 nipype.interface INFO:
	 stderr 2025-05-27T17:32:09.462305:++ edt_blur: sigx 2, dx 1, fwhm 4.70964, sfac 2.5, firx 5
250527-17:32:11,338 nipype.workflow INFO:
	 [Node] Setting-up "fmriprep_25_0_wf.sub_GEO015_wf.bold_ses_t3_task_image_run_1_wf.bold_native_wf.validate_bold" in "/work/fmriprep_25_0_wf/sub_GEO015_wf/bold_ses_t3_task_image_run_1_wf/bold_native_wf/validate_bold".
250527-17:32:11,343 nipype.workflow INFO:
	 [Node] Setting-up "fmriprep_25_0_wf.sub_GEO015_wf.bold_ses_t3_task_image_run_1_wf.bold_fit_wf.hmc_boldref_wf.gen_avg" in "/work/fmriprep_25_0_wf/sub_GEO015_wf/bold_ses_t3_task_image_run_1_wf/bold_fit_wf/hmc_boldref_wf/gen_avg".
250527-17:32:11,753 nipype.interface INFO:
	 stderr 2025-05-27T17:32:11.753249:++ 3dvolreg: AFNI version=AFNI_25.0.11 (Mar 24 2025) [64-bit]
250527-17:32:11,753 nipype.interface INFO:
	 stderr 2025-05-27T17:32:11.753249:++ Authored by: RW Cox
250527-17:32:11,756 nipype.interface INFO:
	 stderr 2025-05-27T17:32:11.756727:** AFNI converts NIFTI_datatype=512 (UINT16) in file /work/fmriprep_25_0_wf/sub_GEO015_wf/bold_ses_t2_task_image_run_5_wf/bold_fit_wf/hmc_boldref_wf/gen_avg/sub-GEO015_ses-t2_task-image_run-5_bold_sliced.nii.gz to FLOAT32
250527-17:32:11,756 nipype.interface INFO:
	 stderr 2025-05-27T17:32:11.756727:     Warnings of this type will be muted for this session.
250527-17:32:11,756 nipype.interface INFO:
	 stderr 2025-05-27T17:32:11.756727:     Set AFNI_NIFTI_TYPE_WARN to YES to see them all, NO to see none.
250527-17:32:11,758 nipype.interface INFO:
	 stderr 2025-05-27T17:32:11.758102:[7m*+ WARNING:[0m   If you are performing spatial transformations on an oblique dset,
250527-17:32:11,758 nipype.interface INFO:
	 stderr 2025-05-27T17:32:11.758102:  such as /work/fmriprep_25_0_wf/sub_GEO015_wf/bold_ses_t2_task_image_run_5_wf/bold_fit_wf/hmc_boldref_wf/gen_avg/sub-GEO015_ses-t2_task-image_run-5_bold_sliced.nii.gz,
250527-17:32:11,758 nipype.interface INFO:
	 stderr 2025-05-27T17:32:11.758102:  or viewing/combining it with volumes of differing obliquity,
250527-17:32:11,758 nipype.interface INFO:
	 stderr 2025-05-27T17:32:11.758102:  you should consider running: 
250527-17:32:11,758 nipype.interface INFO:
	 stderr 2025-05-27T17:32:11.758102:     3dWarp -deoblique 
250527-17:32:11,758 nipype.interface INFO:
	 stderr 2025-05-27T17:32:11.758102:  on this and  other oblique datasets in the same session.
250527-17:32:11,758 nipype.interface INFO:
	 stderr 2025-05-27T17:32:11.758102: See 3dWarp -help for details.
250527-17:32:11,758 nipype.interface INFO:
	 stderr 2025-05-27T17:32:11.758102:++ Oblique dataset:/work/fmriprep_25_0_wf/sub_GEO015_wf/bold_ses_t2_task_image_run_5_wf/bold_fit_wf/hmc_boldref_wf/gen_avg/sub-GEO015_ses-t2_task-image_run-5_bold_sliced.nii.gz is 37.800003 degrees from plumb.
250527-17:32:11,758 nipype.interface INFO:
	 stderr 2025-05-27T17:32:11.758265:++ Coarse del was 10, replaced with 6
250527-17:32:11,846 nipype.workflow INFO:
	 [Node] Executing "validate_bold" <niworkflows.interfaces.header.ValidateImage>
250527-17:32:11,888 nipype.workflow INFO:
	 [Node] Executing "gen_avg" <niworkflows.interfaces.images.RobustAverage>
250527-17:32:11,981 nipype.workflow INFO:
	 [Node] Finished "validate_bold", elapsed time 0.134339s.
250527-17:32:12,56 nipype.interface INFO:
	 stderr 2025-05-27T17:32:12.056192:++ edt_blur: sigx 2, dx 1, fwhm 4.70964, sfac 2.5, firx 5
250527-17:32:14,198 nipype.workflow INFO:
	 [Node] Setting-up "fmriprep_25_0_wf.sub_GEO015_wf.bold_ses_t3_task_image_run_2_wf.bold_fit_wf.hmc_boldref_wf.gen_avg" in "/work/fmriprep_25_0_wf/sub_GEO015_wf/bold_ses_t3_task_image_run_2_wf/bold_fit_wf/hmc_boldref_wf/gen_avg".
250527-17:32:14,566 nipype.workflow INFO:
	 [Node] Setting-up "fmriprep_25_0_wf.sub_GEO015_wf.bold_ses_t3_task_image_run_2_wf.bold_native_wf.validate_bold" in "/work/fmriprep_25_0_wf/sub_GEO015_wf/bold_ses_t3_task_image_run_2_wf/bold_native_wf/validate_bold".
250527-17:32:14,661 nipype.workflow INFO:
	 [Node] Executing "gen_avg" <niworkflows.interfaces.images.RobustAverage>
250527-17:32:14,940 nipype.workflow INFO:
	 [Node] Executing "validate_bold" <niworkflows.interfaces.header.ValidateImage>
250527-17:32:15,46 nipype.workflow INFO:
	 [Node] Finished "validate_bold", elapsed time 0.105073s.
250527-17:32:15,941 nipype.interface INFO:
	 stderr 2025-05-27T17:32:15.941324:++ 3dvolreg: AFNI version=AFNI_25.0.11 (Mar 24 2025) [64-bit]
250527-17:32:15,941 nipype.interface INFO:
	 stderr 2025-05-27T17:32:15.941324:++ Authored by: RW Cox
250527-17:32:15,945 nipype.interface INFO:
	 stderr 2025-05-27T17:32:15.945150:** AFNI converts NIFTI_datatype=512 (UINT16) in file /work/fmriprep_25_0_wf/sub_GEO015_wf/bold_ses_t3_task_image_run_1_wf/bold_fit_wf/hmc_boldref_wf/gen_avg/sub-GEO015_ses-t3_task-image_run-1_bold_sliced.nii.gz to FLOAT32
250527-17:32:15,945 nipype.interface INFO:
	 stderr 2025-05-27T17:32:15.945150:     Warnings of this type will be muted for this session.
250527-17:32:15,945 nipype.interface INFO:
	 stderr 2025-05-27T17:32:15.945150:     Set AFNI_NIFTI_TYPE_WARN to YES to see them all, NO to see none.
250527-17:32:15,947 nipype.interface INFO:
	 stderr 2025-05-27T17:32:15.947019:[7m*+ WARNING:[0m   If you are performing spatial transformations on an oblique dset,
250527-17:32:15,947 nipype.interface INFO:
	 stderr 2025-05-27T17:32:15.947019:  such as /work/fmriprep_25_0_wf/sub_GEO015_wf/bold_ses_t3_task_image_run_1_wf/bold_fit_wf/hmc_boldref_wf/gen_avg/sub-GEO015_ses-t3_task-image_run-1_bold_sliced.nii.gz,
250527-17:32:15,947 nipype.interface INFO:
	 stderr 2025-05-27T17:32:15.947019:  or viewing/combining it with volumes of differing obliquity,
250527-17:32:15,947 nipype.interface INFO:
	 stderr 2025-05-27T17:32:15.947019:  you should consider running: 
250527-17:32:15,947 nipype.interface INFO:
	 stderr 2025-05-27T17:32:15.947019:     3dWarp -deoblique 
250527-17:32:15,947 nipype.interface INFO:
	 stderr 2025-05-27T17:32:15.947019:  on this and  other oblique datasets in the same session.
250527-17:32:15,947 nipype.interface INFO:
	 stderr 2025-05-27T17:32:15.947019: See 3dWarp -help for details.
250527-17:32:15,947 nipype.interface INFO:
	 stderr 2025-05-27T17:32:15.947019:++ Oblique dataset:/work/fmriprep_25_0_wf/sub_GEO015_wf/bold_ses_t3_task_image_run_1_wf/bold_fit_wf/hmc_boldref_wf/gen_avg/sub-GEO015_ses-t3_task-image_run-1_bold_sliced.nii.gz is 41.499989 degrees from plumb.
250527-17:32:15,947 nipype.interface INFO:
	 stderr 2025-05-27T17:32:15.947019:++ Coarse del was 10, replaced with 6
250527-17:32:16,252 nipype.interface INFO:
	 stderr 2025-05-27T17:32:16.252053:++ edt_blur: sigx 2, dx 1, fwhm 4.70964, sfac 2.5, firx 5
250527-17:32:18,792 nipype.interface INFO:
	 stderr 2025-05-27T17:32:18.792226:++ 3dvolreg: AFNI version=AFNI_25.0.11 (Mar 24 2025) [64-bit]
250527-17:32:18,792 nipype.interface INFO:
	 stderr 2025-05-27T17:32:18.792226:++ Authored by: RW Cox
250527-17:32:18,823 nipype.interface INFO:
	 stderr 2025-05-27T17:32:18.823229:** AFNI converts NIFTI_datatype=512 (UINT16) in file /work/fmriprep_25_0_wf/sub_GEO015_wf/bold_ses_t3_task_image_run_2_wf/bold_fit_wf/hmc_boldref_wf/gen_avg/sub-GEO015_ses-t3_task-image_run-2_bold_sliced.nii.gz to FLOAT32
250527-17:32:18,823 nipype.interface INFO:
	 stderr 2025-05-27T17:32:18.823229:     Warnings of this type will be muted for this session.
250527-17:32:18,823 nipype.interface INFO:
	 stderr 2025-05-27T17:32:18.823229:     Set AFNI_NIFTI_TYPE_WARN to YES to see them all, NO to see none.
250527-17:32:18,834 nipype.interface INFO:
	 stderr 2025-05-27T17:32:18.834438:[7m*+ WARNING:[0m   If you are performing spatial transformations on an oblique dset,
250527-17:32:18,834 nipype.interface INFO:
	 stderr 2025-05-27T17:32:18.834438:  such as /work/fmriprep_25_0_wf/sub_GEO015_wf/bold_ses_t3_task_image_run_2_wf/bold_fit_wf/hmc_boldref_wf/gen_avg/sub-GEO015_ses-t3_task-image_run-2_bold_sliced.nii.gz,
250527-17:32:18,834 nipype.interface INFO:
	 stderr 2025-05-27T17:32:18.834438:  or viewing/combining it with volumes of differing obliquity,
250527-17:32:18,834 nipype.interface INFO:
	 stderr 2025-05-27T17:32:18.834438:  you should consider running: 
250527-17:32:18,834 nipype.interface INFO:
	 stderr 2025-05-27T17:32:18.834438:     3dWarp -deoblique 
250527-17:32:18,834 nipype.interface INFO:
	 stderr 2025-05-27T17:32:18.834438:  on this and  other oblique datasets in the same session.
250527-17:32:18,834 nipype.interface INFO:
	 stderr 2025-05-27T17:32:18.834438: See 3dWarp -help for details.
250527-17:32:18,834 nipype.interface INFO:
	 stderr 2025-05-27T17:32:18.834438:++ Oblique dataset:/work/fmriprep_25_0_wf/sub_GEO015_wf/bold_ses_t3_task_image_run_2_wf/bold_fit_wf/hmc_boldref_wf/gen_avg/sub-GEO015_ses-t3_task-image_run-2_bold_sliced.nii.gz is 41.499989 degrees from plumb.
250527-17:32:18,834 nipype.interface INFO:
	 stderr 2025-05-27T17:32:18.834830:++ Coarse del was 10, replaced with 6
250527-17:32:19,194 nipype.interface INFO:
	 stderr 2025-05-27T17:32:19.194331:++ edt_blur: sigx 2, dx 1, fwhm 4.70964, sfac 2.5, firx 5
250527-17:32:21,453 nipype.workflow INFO:
	 [Node] Setting-up "fmriprep_25_0_wf.sub_GEO015_wf.bold_ses_t3_task_image_run_3_wf.bold_fit_wf.hmc_boldref_wf.gen_avg" in "/work/fmriprep_25_0_wf/sub_GEO015_wf/bold_ses_t3_task_image_run_3_wf/bold_fit_wf/hmc_boldref_wf/gen_avg".
250527-17:32:22,260 nipype.workflow INFO:
	 [Node] Executing "gen_avg" <niworkflows.interfaces.images.RobustAverage>
250527-17:32:25,432 nipype.interface INFO:
	 stderr 2025-05-27T17:32:25.432431:++ Max displacement in automask = 0.41 (mm) at sub-brick 13
250527-17:32:25,432 nipype.interface INFO:
	 stderr 2025-05-27T17:32:25.432431:++ Max delta displ  in automask = 0.41 (mm) at sub-brick 14
250527-17:32:26,146 nipype.interface INFO:
	 stderr 2025-05-27T17:32:26.146727:++ 3dvolreg: AFNI version=AFNI_25.0.11 (Mar 24 2025) [64-bit]
250527-17:32:26,147 nipype.interface INFO:
	 stderr 2025-05-27T17:32:26.146727:++ Authored by: RW Cox
250527-17:32:26,151 nipype.interface INFO:
	 stderr 2025-05-27T17:32:26.151318:** AFNI converts NIFTI_datatype=512 (UINT16) in file /work/fmriprep_25_0_wf/sub_GEO015_wf/bold_ses_t3_task_image_run_3_wf/bold_fit_wf/hmc_boldref_wf/gen_avg/sub-GEO015_ses-t3_task-image_run-3_bold_sliced.nii.gz to FLOAT32
250527-17:32:26,151 nipype.interface INFO:
	 stderr 2025-05-27T17:32:26.151318:     Warnings of this type will be muted for this session.
250527-17:32:26,151 nipype.interface INFO:
	 stderr 2025-05-27T17:32:26.151318:     Set AFNI_NIFTI_TYPE_WARN to YES to see them all, NO to see none.
250527-17:32:26,153 nipype.interface INFO:
	 stderr 2025-05-27T17:32:26.153600:[7m*+ WARNING:[0m   If you are performing spatial transformations on an oblique dset,
250527-17:32:26,153 nipype.interface INFO:
	 stderr 2025-05-27T17:32:26.153600:  such as /work/fmriprep_25_0_wf/sub_GEO015_wf/bold_ses_t3_task_image_run_3_wf/bold_fit_wf/hmc_boldref_wf/gen_avg/sub-GEO015_ses-t3_task-image_run-3_bold_sliced.nii.gz,
250527-17:32:26,153 nipype.interface INFO:
	 stderr 2025-05-27T17:32:26.153600:  or viewing/combining it with volumes of differing obliquity,
250527-17:32:26,153 nipype.interface INFO:
	 stderr 2025-05-27T17:32:26.153600:  you should consider running: 
250527-17:32:26,153 nipype.interface INFO:
	 stderr 2025-05-27T17:32:26.153600:     3dWarp -deoblique 
250527-17:32:26,154 nipype.interface INFO:
	 stderr 2025-05-27T17:32:26.153600:  on this and  other oblique datasets in the same session.
250527-17:32:26,154 nipype.interface INFO:
	 stderr 2025-05-27T17:32:26.153600: See 3dWarp -help for details.
250527-17:32:26,154 nipype.interface INFO:
	 stderr 2025-05-27T17:32:26.153600:++ Oblique dataset:/work/fmriprep_25_0_wf/sub_GEO015_wf/bold_ses_t3_task_image_run_3_wf/bold_fit_wf/hmc_boldref_wf/gen_avg/sub-GEO015_ses-t3_task-image_run-3_bold_sliced.nii.gz is 41.499989 degrees from plumb.
250527-17:32:26,154 nipype.interface INFO:
	 stderr 2025-05-27T17:32:26.153600:++ Coarse del was 10, replaced with 6
250527-17:32:26,592 nipype.interface INFO:
	 stderr 2025-05-27T17:32:26.592079:++ edt_blur: sigx 2, dx 1, fwhm 4.70964, sfac 2.5, firx 5
250527-17:32:27,702 nipype.interface INFO:
	 stderr 2025-05-27T17:32:27.702652:++ Max displacement in automask = 0.32 (mm) at sub-brick 1
250527-17:32:27,702 nipype.interface INFO:
	 stderr 2025-05-27T17:32:27.702652:++ Max delta displ  in automask = 0.45 (mm) at sub-brick 2
250527-17:32:28,845 nipype.workflow INFO:
	 [Node] Finished "gen_avg", elapsed time 31.740762s.
250527-17:32:29,896 nipype.workflow INFO:
	 [Node] Setting-up "fmriprep_25_0_wf.sub_GEO015_wf.bold_ses_t3_task_image_run_3_wf.bold_native_wf.validate_bold" in "/work/fmriprep_25_0_wf/sub_GEO015_wf/bold_ses_t3_task_image_run_3_wf/bold_native_wf/validate_bold".
250527-17:32:30,194 nipype.workflow INFO:
	 [Node] Executing "validate_bold" <niworkflows.interfaces.header.ValidateImage>
250527-17:32:30,289 nipype.workflow INFO:
	 [Node] Finished "validate_bold", elapsed time 0.09424s.
250527-17:32:31,725 nipype.workflow INFO:
	 [Node] Finished "gen_avg", elapsed time 32.324827s.
250527-17:32:31,874 nipype.interface INFO:
	 stderr 2025-05-27T17:32:31.874249:++ Max displacement in automask = 0.74 (mm) at sub-brick 6
250527-17:32:31,874 nipype.interface INFO:
	 stderr 2025-05-27T17:32:31.874249:++ Max delta displ  in automask = 0.54 (mm) at sub-brick 7
250527-17:32:33,892 nipype.workflow INFO:
	 [Node] Setting-up "fmriprep_25_0_wf.sub_GEO015_wf.bold_ses_t3_task_image_run_4_wf.bold_fit_wf.hmc_boldref_wf.gen_avg" in "/work/fmriprep_25_0_wf/sub_GEO015_wf/bold_ses_t3_task_image_run_4_wf/bold_fit_wf/hmc_boldref_wf/gen_avg".
250527-17:32:34,150 nipype.interface INFO:
	 stderr 2025-05-27T17:32:34.150202:++ Max displacement in automask = 0.45 (mm) at sub-brick 14
250527-17:32:34,150 nipype.interface INFO:
	 stderr 2025-05-27T17:32:34.150202:++ Max delta displ  in automask = 0.44 (mm) at sub-brick 12
250527-17:32:34,275 nipype.workflow INFO:
	 [Node] Setting-up "fmriprep_25_0_wf.sub_GEO015_wf.bold_ses_t3_task_image_run_4_wf.bold_native_wf.validate_bold" in "/work/fmriprep_25_0_wf/sub_GEO015_wf/bold_ses_t3_task_image_run_4_wf/bold_native_wf/validate_bold".
250527-17:32:34,436 nipype.workflow INFO:
	 [Node] Executing "gen_avg" <niworkflows.interfaces.images.RobustAverage>
250527-17:32:34,772 nipype.workflow INFO:
	 [Node] Executing "validate_bold" <niworkflows.interfaces.header.ValidateImage>
250527-17:32:34,889 nipype.workflow INFO:
	 [Node] Finished "validate_bold", elapsed time 0.116456s.
250527-17:32:35,679 nipype.workflow INFO:
	 [Node] Finished "gen_avg", elapsed time 33.633212s.
250527-17:32:37,990 nipype.workflow INFO:
	 [Node] Finished "gen_avg", elapsed time 32.434771s.
250527-17:32:38,723 nipype.workflow INFO:
	 [Node] Setting-up "fmriprep_25_0_wf.sub_GEO015_wf.bold_ses_t3_task_image_run_5_wf.bold_fit_wf.hmc_boldref_wf.gen_avg" in "/work/fmriprep_25_0_wf/sub_GEO015_wf/bold_ses_t3_task_image_run_5_wf/bold_fit_wf/hmc_boldref_wf/gen_avg".
250527-17:32:38,728 nipype.interface INFO:
	 stderr 2025-05-27T17:32:38.728465:++ 3dvolreg: AFNI version=AFNI_25.0.11 (Mar 24 2025) [64-bit]
250527-17:32:38,728 nipype.interface INFO:
	 stderr 2025-05-27T17:32:38.728465:++ Authored by: RW Cox
250527-17:32:38,733 nipype.interface INFO:
	 stderr 2025-05-27T17:32:38.733070:** AFNI converts NIFTI_datatype=512 (UINT16) in file /work/fmriprep_25_0_wf/sub_GEO015_wf/bold_ses_t3_task_image_run_4_wf/bold_fit_wf/hmc_boldref_wf/gen_avg/sub-GEO015_ses-t3_task-image_run-4_bold_sliced.nii.gz to FLOAT32
250527-17:32:38,733 nipype.interface INFO:
	 stderr 2025-05-27T17:32:38.733070:     Warnings of this type will be muted for this session.
250527-17:32:38,733 nipype.interface INFO:
	 stderr 2025-05-27T17:32:38.733070:     Set AFNI_NIFTI_TYPE_WARN to YES to see them all, NO to see none.
250527-17:32:38,735 nipype.interface INFO:
	 stderr 2025-05-27T17:32:38.735357:[7m*+ WARNING:[0m   If you are performing spatial transformations on an oblique dset,
250527-17:32:38,735 nipype.interface INFO:
	 stderr 2025-05-27T17:32:38.735357:  such as /work/fmriprep_25_0_wf/sub_GEO015_wf/bold_ses_t3_task_image_run_4_wf/bold_fit_wf/hmc_boldref_wf/gen_avg/sub-GEO015_ses-t3_task-image_run-4_bold_sliced.nii.gz,
250527-17:32:38,735 nipype.interface INFO:
	 stderr 2025-05-27T17:32:38.735357:  or viewing/combining it with volumes of differing obliquity,
250527-17:32:38,735 nipype.interface INFO:
	 stderr 2025-05-27T17:32:38.735357:  you should consider running: 
250527-17:32:38,735 nipype.interface INFO:
	 stderr 2025-05-27T17:32:38.735357:     3dWarp -deoblique 
250527-17:32:38,735 nipype.interface INFO:
	 stderr 2025-05-27T17:32:38.735357:  on this and  other oblique datasets in the same session.
250527-17:32:38,735 nipype.interface INFO:
	 stderr 2025-05-27T17:32:38.735357: See 3dWarp -help for details.
250527-17:32:38,735 nipype.interface INFO:
	 stderr 2025-05-27T17:32:38.735357:++ Oblique dataset:/work/fmriprep_25_0_wf/sub_GEO015_wf/bold_ses_t3_task_image_run_4_wf/bold_fit_wf/hmc_boldref_wf/gen_avg/sub-GEO015_ses-t3_task-image_run-4_bold_sliced.nii.gz is 41.499989 degrees from plumb.
250527-17:32:38,735 nipype.interface INFO:
	 stderr 2025-05-27T17:32:38.735357:++ Coarse del was 10, replaced with 6
250527-17:32:39,131 nipype.workflow INFO:
	 [Node] Setting-up "fmriprep_25_0_wf.sub_GEO015_wf.bold_ses_t3_task_image_run_5_wf.bold_native_wf.validate_bold" in "/work/fmriprep_25_0_wf/sub_GEO015_wf/bold_ses_t3_task_image_run_5_wf/bold_native_wf/validate_bold".
250527-17:32:39,147 nipype.interface INFO:
	 stderr 2025-05-27T17:32:39.147259:++ edt_blur: sigx 2, dx 1, fwhm 4.70964, sfac 2.5, firx 5
250527-17:32:39,226 nipype.workflow INFO:
	 [Node] Executing "gen_avg" <niworkflows.interfaces.images.RobustAverage>
250527-17:32:39,688 nipype.workflow INFO:
	 [Node] Executing "validate_bold" <niworkflows.interfaces.header.ValidateImage>
250527-17:32:39,724 nipype.interface INFO:
	 stderr 2025-05-27T17:32:39.724089:++ Max displacement in automask = 0.67 (mm) at sub-brick 2
250527-17:32:39,724 nipype.interface INFO:
	 stderr 2025-05-27T17:32:39.724089:++ Max delta displ  in automask = 0.63 (mm) at sub-brick 4
250527-17:32:39,779 nipype.workflow INFO:
	 [Node] Finished "validate_bold", elapsed time 0.089573s.
250527-17:32:42,749 nipype.workflow INFO:
	 [Node] Finished "gen_avg", elapsed time 34.443461s.
250527-17:32:42,826 nipype.workflow INFO:
	 [Node] Setting-up "fmriprep_25_0_wf.sub_GEO015_wf.bold_ses_t3_task_retrans_run_1_wf.bold_fit_wf.hmc_boldref_wf.gen_avg" in "/work/fmriprep_25_0_wf/sub_GEO015_wf/bold_ses_t3_task_retrans_run_1_wf/bold_fit_wf/hmc_boldref_wf/gen_avg".
250527-17:32:42,829 nipype.workflow INFO:
	 [Node] Setting-up "fmriprep_25_0_wf.sub_GEO015_wf.bold_ses_t3_task_retrans_run_1_wf.bold_native_wf.validate_bold" in "/work/fmriprep_25_0_wf/sub_GEO015_wf/bold_ses_t3_task_retrans_run_1_wf/bold_native_wf/validate_bold".
250527-17:32:42,901 nipype.interface INFO:
	 stderr 2025-05-27T17:32:42.901864:++ 3dvolreg: AFNI version=AFNI_25.0.11 (Mar 24 2025) [64-bit]
250527-17:32:42,902 nipype.interface INFO:
	 stderr 2025-05-27T17:32:42.901864:++ Authored by: RW Cox
250527-17:32:42,905 nipype.interface INFO:
	 stderr 2025-05-27T17:32:42.905540:** AFNI converts NIFTI_datatype=512 (UINT16) in file /work/fmriprep_25_0_wf/sub_GEO015_wf/bold_ses_t3_task_image_run_5_wf/bold_fit_wf/hmc_boldref_wf/gen_avg/sub-GEO015_ses-t3_task-image_run-5_bold_sliced.nii.gz to FLOAT32
250527-17:32:42,905 nipype.interface INFO:
	 stderr 2025-05-27T17:32:42.905540:     Warnings of this type will be muted for this session.
250527-17:32:42,905 nipype.interface INFO:
	 stderr 2025-05-27T17:32:42.905540:     Set AFNI_NIFTI_TYPE_WARN to YES to see them all, NO to see none.
250527-17:32:42,907 nipype.interface INFO:
	 stderr 2025-05-27T17:32:42.906999:[7m*+ WARNING:[0m   If you are performing spatial transformations on an oblique dset,
250527-17:32:42,907 nipype.interface INFO:
	 stderr 2025-05-27T17:32:42.906999:  such as /work/fmriprep_25_0_wf/sub_GEO015_wf/bold_ses_t3_task_image_run_5_wf/bold_fit_wf/hmc_boldref_wf/gen_avg/sub-GEO015_ses-t3_task-image_run-5_bold_sliced.nii.gz,
250527-17:32:42,907 nipype.interface INFO:
	 stderr 2025-05-27T17:32:42.906999:  or viewing/combining it with volumes of differing obliquity,
250527-17:32:42,907 nipype.interface INFO:
	 stderr 2025-05-27T17:32:42.906999:  you should consider running: 
250527-17:32:42,907 nipype.interface INFO:
	 stderr 2025-05-27T17:32:42.906999:     3dWarp -deoblique 
250527-17:32:42,907 nipype.interface INFO:
	 stderr 2025-05-27T17:32:42.906999:  on this and  other oblique datasets in the same session.
250527-17:32:42,907 nipype.interface INFO:
	 stderr 2025-05-27T17:32:42.906999: See 3dWarp -help for details.
250527-17:32:42,907 nipype.interface INFO:
	 stderr 2025-05-27T17:32:42.906999:++ Oblique dataset:/work/fmriprep_25_0_wf/sub_GEO015_wf/bold_ses_t3_task_image_run_5_wf/bold_fit_wf/hmc_boldref_wf/gen_avg/sub-GEO015_ses-t3_task-image_run-5_bold_sliced.nii.gz is 41.499989 degrees from plumb.
250527-17:32:42,907 nipype.interface INFO:
	 stderr 2025-05-27T17:32:42.907231:++ Coarse del was 10, replaced with 6
250527-17:32:43,65 nipype.workflow INFO:
	 [Node] Executing "validate_bold" <niworkflows.interfaces.header.ValidateImage>
250527-17:32:43,100 nipype.workflow INFO:
	 [Node] Executing "gen_avg" <niworkflows.interfaces.images.RobustAverage>
250527-17:32:43,153 nipype.workflow INFO:
	 [Node] Finished "validate_bold", elapsed time 0.086742s.
250527-17:32:43,215 nipype.interface INFO:
	 stderr 2025-05-27T17:32:43.215577:++ edt_blur: sigx 2, dx 1, fwhm 4.70964, sfac 2.5, firx 5
250527-17:32:43,358 nipype.interface INFO:
	 stderr 2025-05-27T17:32:43.358668:++ Max displacement in automask = 0.49 (mm) at sub-brick 11
250527-17:32:43,358 nipype.interface INFO:
	 stderr 2025-05-27T17:32:43.358668:++ Max delta displ  in automask = 0.32 (mm) at sub-brick 1
250527-17:32:43,979 nipype.interface INFO:
	 stderr 2025-05-27T17:32:43.979080:++ Max displacement in automask = 0.44 (mm) at sub-brick 13
250527-17:32:43,979 nipype.interface INFO:
	 stderr 2025-05-27T17:32:43.979080:++ Max delta displ  in automask = 0.40 (mm) at sub-brick 10
250527-17:32:46,545 nipype.workflow INFO:
	 [Node] Finished "gen_avg", elapsed time 31.882119s.
250527-17:32:47,71 nipype.interface INFO:
	 stderr 2025-05-27T17:32:47.071236:++ 3dvolreg: AFNI version=AFNI_25.0.11 (Mar 24 2025) [64-bit]
250527-17:32:47,71 nipype.interface INFO:
	 stderr 2025-05-27T17:32:47.071236:++ Authored by: RW Cox
250527-17:32:47,74 nipype.interface INFO:
	 stderr 2025-05-27T17:32:47.074844:** AFNI converts NIFTI_datatype=512 (UINT16) in file /work/fmriprep_25_0_wf/sub_GEO015_wf/bold_ses_t3_task_retrans_run_1_wf/bold_fit_wf/hmc_boldref_wf/gen_avg/sub-GEO015_ses-t3_task-retrans_run-1_bold_sliced.nii.gz to FLOAT32
250527-17:32:47,75 nipype.interface INFO:
	 stderr 2025-05-27T17:32:47.074844:     Warnings of this type will be muted for this session.
250527-17:32:47,75 nipype.interface INFO:
	 stderr 2025-05-27T17:32:47.074844:     Set AFNI_NIFTI_TYPE_WARN to YES to see them all, NO to see none.
250527-17:32:47,76 nipype.interface INFO:
	 stderr 2025-05-27T17:32:47.076029:[7m*+ WARNING:[0m   If you are performing spatial transformations on an oblique dset,
250527-17:32:47,76 nipype.interface INFO:
	 stderr 2025-05-27T17:32:47.076029:  such as /work/fmriprep_25_0_wf/sub_GEO015_wf/bold_ses_t3_task_retrans_run_1_wf/bold_fit_wf/hmc_boldref_wf/gen_avg/sub-GEO015_ses-t3_task-retrans_run-1_bold_sliced.nii.gz,
250527-17:32:47,76 nipype.interface INFO:
	 stderr 2025-05-27T17:32:47.076029:  or viewing/combining it with volumes of differing obliquity,
250527-17:32:47,76 nipype.interface INFO:
	 stderr 2025-05-27T17:32:47.076029:  you should consider running: 
250527-17:32:47,76 nipype.interface INFO:
	 stderr 2025-05-27T17:32:47.076029:     3dWarp -deoblique 
250527-17:32:47,76 nipype.interface INFO:
	 stderr 2025-05-27T17:32:47.076029:  on this and  other oblique datasets in the same session.
250527-17:32:47,76 nipype.interface INFO:
	 stderr 2025-05-27T17:32:47.076029: See 3dWarp -help for details.
250527-17:32:47,76 nipype.interface INFO:
	 stderr 2025-05-27T17:32:47.076248:++ Oblique dataset:/work/fmriprep_25_0_wf/sub_GEO015_wf/bold_ses_t3_task_retrans_run_1_wf/bold_fit_wf/hmc_boldref_wf/gen_avg/sub-GEO015_ses-t3_task-retrans_run-1_bold_sliced.nii.gz is 41.499989 degrees from plumb.
250527-17:32:47,76 nipype.interface INFO:
	 stderr 2025-05-27T17:32:47.076248:++ Coarse del was 10, replaced with 6
250527-17:32:47,401 nipype.workflow INFO:
	 [Node] Finished "gen_avg", elapsed time 35.510901s.
250527-17:32:47,408 nipype.interface INFO:
	 stderr 2025-05-27T17:32:47.408808:++ edt_blur: sigx 2, dx 1, fwhm 4.70964, sfac 2.5, firx 5
250527-17:32:53,693 nipype.workflow INFO:
	 [Node] Setting-up "fmriprep_25_0_wf.sub_GEO015_wf.anat_fit_wf.fs_isrunning" in "/work/fmriprep_25_0_wf/sub_GEO015_wf/anat_fit_wf/fs_isrunning".
250527-17:32:53,696 nipype.workflow INFO:
	 [Node] Setting-up "fmriprep_25_0_wf.sub_GEO015_wf.anat_fit_wf.ds_t1w_mask_wf.raw_sources" in "/work/fmriprep_25_0_wf/sub_GEO015_wf/anat_fit_wf/ds_t1w_mask_wf/raw_sources".
250527-17:32:54,63 nipype.workflow INFO:
	 [Node] Setting-up "fmriprep_25_0_wf.sub_GEO015_wf.anat_fit_wf.ds_ribbon_mask_wf.raw_sources" in "/work/fmriprep_25_0_wf/sub_GEO015_wf/anat_fit_wf/ds_ribbon_mask_wf/raw_sources".
250527-17:32:54,91 nipype.workflow INFO:
	 [Node] Executing "raw_sources" <nipype.interfaces.utility.wrappers.Function>
250527-17:32:54,93 nipype.workflow INFO:
	 [Node] Finished "raw_sources", elapsed time 0.001185s.
250527-17:32:54,531 nipype.workflow INFO:
	 [Node] Executing "fs_isrunning" <nipype.interfaces.utility.wrappers.Function>
250527-17:32:54,534 nipype.workflow INFO:
	 [Node] Finished "fs_isrunning", elapsed time 0.001362s.
250527-17:32:54,745 nipype.workflow INFO:
	 [Node] Executing "raw_sources" <nipype.interfaces.utility.wrappers.Function>
250527-17:32:54,747 nipype.workflow INFO:
	 [Node] Finished "raw_sources", elapsed time 0.001237s.
250527-17:32:55,50 nipype.interface INFO:
	 stderr 2025-05-27T17:32:55.049936:++ Max displacement in automask = 0.37 (mm) at sub-brick 7
250527-17:32:55,50 nipype.interface INFO:
	 stderr 2025-05-27T17:32:55.049936:++ Max delta displ  in automask = 0.39 (mm) at sub-brick 9
250527-17:32:55,591 nipype.workflow INFO:
	 [Node] Setting-up "fmriprep_25_0_wf.sub_GEO015_wf.bold_ses_t2_task_image_run_1_wf.bold_fit_wf.fmapref_buffer" in "/work/fmriprep_25_0_wf/sub_GEO015_wf/bold_ses_t2_task_image_run_1_wf/bold_fit_wf/fmapref_buffer".
250527-17:32:56,237 nipype.workflow INFO:
	 [Node] Executing "fmapref_buffer" <nipype.interfaces.utility.wrappers.Function>
250527-17:32:56,240 nipype.workflow INFO:
	 [Node] Finished "fmapref_buffer", elapsed time 0.001212s.
250527-17:32:56,614 nipype.interface WARNING:
	 Changing /out/sub-GEO015/ses-t2/func/sub-GEO015_ses-t2_task-image_run-1_desc-hmc_boldref.nii.gz dtype from uint16 to float32
250527-17:32:58,359 nipype.workflow INFO:
	 [Node] Setting-up "fmriprep_25_0_wf.sub_GEO015_wf.bold_ses_t2_task_image_run_2_wf.bold_fit_wf.fmapref_buffer" in "/work/fmriprep_25_0_wf/sub_GEO015_wf/bold_ses_t2_task_image_run_2_wf/bold_fit_wf/fmapref_buffer".
250527-17:32:58,399 nipype.workflow INFO:
	 [Node] Setting-up "fmriprep_25_0_wf.sub_GEO015_wf.bold_ses_t2_task_image_run_1_wf.bold_fit_wf.bold_hmc_wf.mcflirt" in "/work/fmriprep_25_0_wf/sub_GEO015_wf/bold_ses_t2_task_image_run_1_wf/bold_fit_wf/bold_hmc_wf/mcflirt".
250527-17:32:59,103 nipype.workflow INFO:
	 [Node] Finished "gen_avg", elapsed time 36.842101s.
250527-17:33:00,99 nipype.workflow INFO:
	 [Node] Executing "fmapref_buffer" <nipype.interfaces.utility.wrappers.Function>
250527-17:33:00,101 nipype.workflow INFO:
	 [Node] Finished "fmapref_buffer", elapsed time 0.000868s.
250527-17:33:00,683 nipype.interface WARNING:
	 Changing /out/sub-GEO015/ses-t2/func/sub-GEO015_ses-t2_task-image_run-2_desc-hmc_boldref.nii.gz dtype from uint16 to float32
250527-17:33:01,185 nipype.workflow INFO:
	 [Node] Executing "mcflirt" <nipype.interfaces.fsl.preprocess.MCFLIRT>
250527-17:33:01,637 nipype.workflow INFO:
	 [Node] Setting-up "fmriprep_25_0_wf.sub_GEO015_wf.bold_ses_t2_task_image_run_2_wf.bold_fit_wf.bold_hmc_wf.mcflirt" in "/work/fmriprep_25_0_wf/sub_GEO015_wf/bold_ses_t2_task_image_run_2_wf/bold_fit_wf/bold_hmc_wf/mcflirt".
250527-17:33:01,933 nipype.workflow INFO:
	 [Node] Setting-up "fmriprep_25_0_wf.sub_GEO015_wf.bold_ses_t2_task_image_run_3_wf.bold_fit_wf.fmapref_buffer" in "/work/fmriprep_25_0_wf/sub_GEO015_wf/bold_ses_t2_task_image_run_3_wf/bold_fit_wf/fmapref_buffer".
250527-17:33:03,56 nipype.workflow INFO:
	 [Node] Executing "fmapref_buffer" <nipype.interfaces.utility.wrappers.Function>
250527-17:33:03,58 nipype.workflow INFO:
	 [Node] Finished "fmapref_buffer", elapsed time 0.000764s.
250527-17:33:03,299 nipype.interface WARNING:
	 Changing /out/sub-GEO015/ses-t2/func/sub-GEO015_ses-t2_task-image_run-3_desc-hmc_boldref.nii.gz dtype from uint16 to float32
250527-17:33:03,890 nipype.workflow INFO:
	 [Node] Executing "mcflirt" <nipype.interfaces.fsl.preprocess.MCFLIRT>
250527-17:33:04,61 nipype.interface INFO:
	 stderr 2025-05-27T17:33:04.061511:++ Max displacement in automask = 0.59 (mm) at sub-brick 5
250527-17:33:04,61 nipype.interface INFO:
	 stderr 2025-05-27T17:33:04.061511:++ Max delta displ  in automask = 0.38 (mm) at sub-brick 5
250527-17:33:05,569 nipype.workflow INFO:
	 [Node] Setting-up "fmriprep_25_0_wf.sub_GEO015_wf.bold_ses_t2_task_image_run_4_wf.bold_fit_wf.fmapref_buffer" in "/work/fmriprep_25_0_wf/sub_GEO015_wf/bold_ses_t2_task_image_run_4_wf/bold_fit_wf/fmapref_buffer".
250527-17:33:05,614 nipype.workflow INFO:
	 [Node] Setting-up "fmriprep_25_0_wf.sub_GEO015_wf.bold_ses_t2_task_image_run_3_wf.bold_fit_wf.bold_hmc_wf.mcflirt" in "/work/fmriprep_25_0_wf/sub_GEO015_wf/bold_ses_t2_task_image_run_3_wf/bold_fit_wf/bold_hmc_wf/mcflirt".
250527-17:33:07,706 nipype.interface INFO:
	 stderr 2025-05-27T17:33:07.706110:++ Max displacement in automask = 0.35 (mm) at sub-brick 17
250527-17:33:07,706 nipype.interface INFO:
	 stderr 2025-05-27T17:33:07.706110:++ Max delta displ  in automask = 0.29 (mm) at sub-brick 17
250527-17:33:07,785 nipype.workflow INFO:
	 [Node] Executing "fmapref_buffer" <nipype.interfaces.utility.wrappers.Function>
250527-17:33:07,787 nipype.workflow INFO:
	 [Node] Finished "fmapref_buffer", elapsed time 0.000822s.
250527-17:33:07,812 nipype.workflow INFO:
	 [Node] Executing "mcflirt" <nipype.interfaces.fsl.preprocess.MCFLIRT>
250527-17:33:08,811 nipype.interface WARNING:
	 Changing /out/sub-GEO015/ses-t2/func/sub-GEO015_ses-t2_task-image_run-4_desc-hmc_boldref.nii.gz dtype from uint16 to float32
250527-17:33:09,556 nipype.workflow INFO:
	 [Node] Finished "gen_avg", elapsed time 35.116963s.
250527-17:33:10,944 nipype.interface INFO:
	 stderr 2025-05-27T17:33:10.944235:++ Max displacement in automask = 0.36 (mm) at sub-brick 3
250527-17:33:10,944 nipype.interface INFO:
	 stderr 2025-05-27T17:33:10.944235:++ Max delta displ  in automask = 0.40 (mm) at sub-brick 2
250527-17:33:11,135 nipype.workflow INFO:
	 [Node] Setting-up "fmriprep_25_0_wf.sub_GEO015_wf.bold_ses_t2_task_image_run_5_wf.bold_fit_wf.fmapref_buffer" in "/work/fmriprep_25_0_wf/sub_GEO015_wf/bold_ses_t2_task_image_run_5_wf/bold_fit_wf/fmapref_buffer".
250527-17:33:11,947 nipype.workflow INFO:
	 [Node] Executing "fmapref_buffer" <nipype.interfaces.utility.wrappers.Function>
250527-17:33:11,949 nipype.workflow INFO:
	 [Node] Finished "fmapref_buffer", elapsed time 0.000815s.
250527-17:33:12,596 nipype.workflow INFO:
	 [Node] Finished "gen_avg", elapsed time 33.368021s.
250527-17:33:13,680 nipype.interface WARNING:
	 Changing /out/sub-GEO015/ses-t2/func/sub-GEO015_ses-t2_task-image_run-5_desc-hmc_boldref.nii.gz dtype from uint16 to float32
250527-17:33:14,416 nipype.workflow INFO:
	 [Node] Setting-up "fmriprep_25_0_wf.sub_GEO015_wf.bold_ses_t3_task_image_run_1_wf.bold_fit_wf.fmapref_buffer" in "/work/fmriprep_25_0_wf/sub_GEO015_wf/bold_ses_t3_task_image_run_1_wf/bold_fit_wf/fmapref_buffer".
250527-17:33:14,651 nipype.workflow INFO:
	 [Node] Finished "gen_avg", elapsed time 31.549636s.
250527-17:33:14,992 nipype.workflow INFO:
	 [Node] Executing "fmapref_buffer" <nipype.interfaces.utility.wrappers.Function>
250527-17:33:14,994 nipype.workflow INFO:
	 [Node] Finished "fmapref_buffer", elapsed time 0.000833s.
250527-17:33:15,424 nipype.interface WARNING:
	 Changing /out/sub-GEO015/ses-t3/func/sub-GEO015_ses-t3_task-image_run-1_desc-hmc_boldref.nii.gz dtype from uint16 to float32
250527-17:33:16,231 nipype.workflow INFO:
	 [Node] Setting-up "fmriprep_25_0_wf.sub_GEO015_wf.bold_ses_t3_task_image_run_2_wf.bold_fit_wf.fmapref_buffer" in "/work/fmriprep_25_0_wf/sub_GEO015_wf/bold_ses_t3_task_image_run_2_wf/bold_fit_wf/fmapref_buffer".
250527-17:33:17,702 nipype.workflow INFO:
	 [Node] Executing "fmapref_buffer" <nipype.interfaces.utility.wrappers.Function>
250527-17:33:17,704 nipype.workflow INFO:
	 [Node] Finished "fmapref_buffer", elapsed time 0.000721s.
250527-17:33:17,736 nipype.interface WARNING:
	 Changing /out/sub-GEO015/ses-t3/func/sub-GEO015_ses-t3_task-image_run-2_desc-hmc_boldref.nii.gz dtype from uint16 to float32
250527-17:33:18,578 nipype.workflow INFO:
	 [Node] Setting-up "fmriprep_25_0_wf.sub_GEO015_wf.bold_ses_t3_task_image_run_3_wf.bold_fit_wf.fmapref_buffer" in "/work/fmriprep_25_0_wf/sub_GEO015_wf/bold_ses_t3_task_image_run_3_wf/bold_fit_wf/fmapref_buffer".
250527-17:33:19,435 nipype.workflow INFO:
	 [Node] Executing "fmapref_buffer" <nipype.interfaces.utility.wrappers.Function>
250527-17:33:19,437 nipype.workflow INFO:
	 [Node] Finished "fmapref_buffer", elapsed time 0.000865s.
250527-17:33:19,496 nipype.interface WARNING:
	 Changing /out/sub-GEO015/ses-t3/func/sub-GEO015_ses-t3_task-image_run-3_desc-hmc_boldref.nii.gz dtype from uint16 to float32
250527-17:33:20,909 nipype.workflow INFO:
	 [Node] Setting-up "fmriprep_25_0_wf.sub_GEO015_wf.bold_ses_t3_task_image_run_4_wf.bold_fit_wf.fmapref_buffer" in "/work/fmriprep_25_0_wf/sub_GEO015_wf/bold_ses_t3_task_image_run_4_wf/bold_fit_wf/fmapref_buffer".
250527-17:33:21,794 nipype.interface WARNING:
	 Changing /out/sub-GEO015/ses-t3/func/sub-GEO015_ses-t3_task-image_run-4_desc-hmc_boldref.nii.gz dtype from uint16 to float32
250527-17:33:21,877 nipype.workflow INFO:
	 [Node] Executing "fmapref_buffer" <nipype.interfaces.utility.wrappers.Function>
250527-17:33:21,879 nipype.workflow INFO:
	 [Node] Finished "fmapref_buffer", elapsed time 0.001252s.
250527-17:33:22,676 nipype.workflow INFO:
	 [Node] Setting-up "fmriprep_25_0_wf.sub_GEO015_wf.bold_ses_t3_task_image_run_5_wf.bold_fit_wf.fmapref_buffer" in "/work/fmriprep_25_0_wf/sub_GEO015_wf/bold_ses_t3_task_image_run_5_wf/bold_fit_wf/fmapref_buffer".
250527-17:33:23,271 nipype.workflow INFO:
	 [Node] Executing "fmapref_buffer" <nipype.interfaces.utility.wrappers.Function>
250527-17:33:23,273 nipype.workflow INFO:
	 [Node] Finished "fmapref_buffer", elapsed time 0.001019s.
250527-17:33:23,356 nipype.interface WARNING:
	 Changing /out/sub-GEO015/ses-t3/func/sub-GEO015_ses-t3_task-image_run-5_desc-hmc_boldref.nii.gz dtype from uint16 to float32
250527-17:33:24,348 nipype.workflow INFO:
	 [Node] Setting-up "fmriprep_25_0_wf.sub_GEO015_wf.bold_ses_t3_task_retrans_run_1_wf.bold_fit_wf.fmapref_buffer" in "/work/fmriprep_25_0_wf/sub_GEO015_wf/bold_ses_t3_task_retrans_run_1_wf/bold_fit_wf/fmapref_buffer".
250527-17:33:25,185 nipype.interface WARNING:
	 Changing /out/sub-GEO015/ses-t3/func/sub-GEO015_ses-t3_task-retrans_run-1_desc-hmc_boldref.nii.gz dtype from uint16 to float32
250527-17:33:25,403 nipype.workflow INFO:
	 [Node] Executing "fmapref_buffer" <nipype.interfaces.utility.wrappers.Function>
250527-17:33:25,405 nipype.workflow INFO:
	 [Node] Finished "fmapref_buffer", elapsed time 0.000619s.
250527-17:33:26,555 nipype.workflow INFO:
	 [Node] Setting-up "fmriprep_25_0_wf.sub_GEO015_wf.anat_fit_wf.register_template_wf.set_reference" in "/work/fmriprep_25_0_wf/sub_GEO015_wf/anat_fit_wf/register_template_wf/_template_MNI152NLin2009cAsym/set_reference".
250527-17:33:27,504 nipype.workflow INFO:
	 [Node] Executing "set_reference" <nipype.interfaces.utility.wrappers.Function>
250527-17:33:27,506 nipype.workflow INFO:
	 [Node] Finished "set_reference", elapsed time 0.000842s.
250527-17:33:30,526 nipype.workflow INFO:
	 [Node] Setting-up "fmriprep_25_0_wf.sub_GEO015_wf.bold_ses_t2_task_image_run_1_wf.bold_fit_wf.ds_coreg_boldref_wf.sources" in "/work/fmriprep_25_0_wf/sub_GEO015_wf/bold_ses_t2_task_image_run_1_wf/bold_fit_wf/ds_coreg_boldref_wf/sources".
250527-17:33:30,884 nipype.workflow INFO:
	 [Node] Setting-up "fmriprep_25_0_wf.sub_GEO015_wf.bold_ses_t2_task_image_run_2_wf.bold_fit_wf.ds_coreg_boldref_wf.sources" in "/work/fmriprep_25_0_wf/sub_GEO015_wf/bold_ses_t2_task_image_run_2_wf/bold_fit_wf/ds_coreg_boldref_wf/sources".
250527-17:33:30,885 nipype.workflow INFO:
	 [Node] Setting-up "fmriprep_25_0_wf.sub_GEO015_wf.bold_ses_t2_task_image_run_3_wf.bold_fit_wf.ds_coreg_boldref_wf.sources" in "/work/fmriprep_25_0_wf/sub_GEO015_wf/bold_ses_t2_task_image_run_3_wf/bold_fit_wf/ds_coreg_boldref_wf/sources".
250527-17:33:30,886 nipype.workflow INFO:
	 [Node] Setting-up "fmriprep_25_0_wf.sub_GEO015_wf.bold_ses_t2_task_image_run_4_wf.bold_fit_wf.ds_coreg_boldref_wf.sources" in "/work/fmriprep_25_0_wf/sub_GEO015_wf/bold_ses_t2_task_image_run_4_wf/bold_fit_wf/ds_coreg_boldref_wf/sources".
250527-17:33:30,887 nipype.workflow INFO:
	 [Node] Setting-up "fmriprep_25_0_wf.sub_GEO015_wf.bold_ses_t2_task_image_run_5_wf.bold_fit_wf.ds_coreg_boldref_wf.sources" in "/work/fmriprep_25_0_wf/sub_GEO015_wf/bold_ses_t2_task_image_run_5_wf/bold_fit_wf/ds_coreg_boldref_wf/sources".
250527-17:33:31,196 nipype.workflow INFO:
	 [Node] Executing "sources" <fmriprep.interfaces.bids.BIDSURI>
250527-17:33:31,198 nipype.workflow INFO:
	 [Node] Finished "sources", elapsed time 0.000682s.
250527-17:33:31,370 nipype.workflow INFO:
	 [Node] Executing "sources" <fmriprep.interfaces.bids.BIDSURI>
250527-17:33:31,372 nipype.workflow INFO:
	 [Node] Finished "sources", elapsed time 0.000572s.
250527-17:33:31,458 nipype.workflow INFO:
	 [Node] Executing "sources" <fmriprep.interfaces.bids.BIDSURI>
250527-17:33:31,459 nipype.workflow INFO:
	 [Node] Finished "sources", elapsed time 0.000536s.
250527-17:33:31,468 nipype.workflow INFO:
	 [Node] Executing "sources" <fmriprep.interfaces.bids.BIDSURI>
250527-17:33:31,470 nipype.workflow INFO:
	 [Node] Finished "sources", elapsed time 0.000748s.
250527-17:33:31,470 nipype.workflow INFO:
	 [Node] Executing "sources" <fmriprep.interfaces.bids.BIDSURI>
250527-17:33:31,472 nipype.workflow INFO:
	 [Node] Finished "sources", elapsed time 0.000698s.
250527-17:33:32,882 nipype.workflow INFO:
	 [Node] Setting-up "fmriprep_25_0_wf.sub_GEO015_wf.bold_ses_t3_task_image_run_1_wf.bold_fit_wf.ds_coreg_boldref_wf.sources" in "/work/fmriprep_25_0_wf/sub_GEO015_wf/bold_ses_t3_task_image_run_1_wf/bold_fit_wf/ds_coreg_boldref_wf/sources".
250527-17:33:32,884 nipype.workflow INFO:
	 [Node] Setting-up "fmriprep_25_0_wf.sub_GEO015_wf.bold_ses_t3_task_image_run_2_wf.bold_fit_wf.ds_coreg_boldref_wf.sources" in "/work/fmriprep_25_0_wf/sub_GEO015_wf/bold_ses_t3_task_image_run_2_wf/bold_fit_wf/ds_coreg_boldref_wf/sources".
250527-17:33:32,884 nipype.workflow INFO:
	 [Node] Setting-up "fmriprep_25_0_wf.sub_GEO015_wf.bold_ses_t3_task_image_run_3_wf.bold_fit_wf.ds_coreg_boldref_wf.sources" in "/work/fmriprep_25_0_wf/sub_GEO015_wf/bold_ses_t3_task_image_run_3_wf/bold_fit_wf/ds_coreg_boldref_wf/sources".
250527-17:33:32,885 nipype.workflow INFO:
	 [Node] Setting-up "fmriprep_25_0_wf.sub_GEO015_wf.bold_ses_t3_task_image_run_4_wf.bold_fit_wf.ds_coreg_boldref_wf.sources" in "/work/fmriprep_25_0_wf/sub_GEO015_wf/bold_ses_t3_task_image_run_4_wf/bold_fit_wf/ds_coreg_boldref_wf/sources".
250527-17:33:32,886 nipype.workflow INFO:
	 [Node] Setting-up "fmriprep_25_0_wf.sub_GEO015_wf.bold_ses_t3_task_image_run_5_wf.bold_fit_wf.ds_coreg_boldref_wf.sources" in "/work/fmriprep_25_0_wf/sub_GEO015_wf/bold_ses_t3_task_image_run_5_wf/bold_fit_wf/ds_coreg_boldref_wf/sources".
250527-17:33:33,445 nipype.workflow INFO:
	 [Node] Executing "sources" <fmriprep.interfaces.bids.BIDSURI>
250527-17:33:33,446 nipype.workflow INFO:
	 [Node] Finished "sources", elapsed time 0.000466s.
250527-17:33:33,483 nipype.workflow INFO:
	 [Node] Executing "sources" <fmriprep.interfaces.bids.BIDSURI>
250527-17:33:33,485 nipype.workflow INFO:
	 [Node] Finished "sources", elapsed time 0.000509s.
250527-17:33:33,520 nipype.workflow INFO:
	 [Node] Executing "sources" <fmriprep.interfaces.bids.BIDSURI>
250527-17:33:33,522 nipype.workflow INFO:
	 [Node] Finished "sources", elapsed time 0.000686s.
250527-17:33:33,783 nipype.workflow INFO:
	 [Node] Executing "sources" <fmriprep.interfaces.bids.BIDSURI>
250527-17:33:33,785 nipype.workflow INFO:
	 [Node] Finished "sources", elapsed time 0.000515s.
250527-17:33:33,795 nipype.workflow INFO:
	 [Node] Executing "sources" <fmriprep.interfaces.bids.BIDSURI>
250527-17:33:33,796 nipype.workflow INFO:
	 [Node] Finished "sources", elapsed time 0.000783s.
250527-17:33:34,898 nipype.workflow INFO:
	 [Node] Setting-up "fmriprep_25_0_wf.sub_GEO015_wf.bold_ses_t3_task_retrans_run_1_wf.bold_fit_wf.ds_coreg_boldref_wf.sources" in "/work/fmriprep_25_0_wf/sub_GEO015_wf/bold_ses_t3_task_retrans_run_1_wf/bold_fit_wf/ds_coreg_boldref_wf/sources".
250527-17:33:35,402 nipype.workflow INFO:
	 [Node] Executing "sources" <fmriprep.interfaces.bids.BIDSURI>
250527-17:33:35,403 nipype.workflow INFO:
	 [Node] Finished "sources", elapsed time 0.000674s.
250527-17:35:58,560 nipype.workflow INFO:
	 [Node] Finished "mcflirt", elapsed time 177.370779s.
250527-17:36:00,981 nipype.workflow INFO:
	 [Node] Setting-up "fmriprep_25_0_wf.sub_GEO015_wf.bold_ses_t2_task_image_run_4_wf.bold_fit_wf.bold_hmc_wf.mcflirt" in "/work/fmriprep_25_0_wf/sub_GEO015_wf/bold_ses_t2_task_image_run_4_wf/bold_fit_wf/bold_hmc_wf/mcflirt".
250527-17:36:01,338 nipype.workflow INFO:
	 [Node] Executing "mcflirt" <nipype.interfaces.fsl.preprocess.MCFLIRT>
250527-17:36:06,422 nipype.workflow INFO:
	 [Node] Finished "mcflirt", elapsed time 182.530192s.
250527-17:36:06,626 nipype.workflow INFO:
	 [Node] Finished "mcflirt", elapsed time 178.812857s.
250527-17:36:08,948 nipype.workflow INFO:
	 [Node] Setting-up "fmriprep_25_0_wf.sub_GEO015_wf.bold_ses_t2_task_image_run_5_wf.bold_fit_wf.bold_hmc_wf.mcflirt" in "/work/fmriprep_25_0_wf/sub_GEO015_wf/bold_ses_t2_task_image_run_5_wf/bold_fit_wf/bold_hmc_wf/mcflirt".
250527-17:36:08,955 nipype.workflow INFO:
	 [Node] Setting-up "fmriprep_25_0_wf.sub_GEO015_wf.bold_ses_t3_task_image_run_1_wf.bold_fit_wf.bold_hmc_wf.mcflirt" in "/work/fmriprep_25_0_wf/sub_GEO015_wf/bold_ses_t3_task_image_run_1_wf/bold_fit_wf/bold_hmc_wf/mcflirt".
250527-17:36:09,411 nipype.workflow INFO:
	 [Node] Executing "mcflirt" <nipype.interfaces.fsl.preprocess.MCFLIRT>
250527-17:36:09,593 nipype.workflow INFO:
	 [Node] Executing "mcflirt" <nipype.interfaces.fsl.preprocess.MCFLIRT>
250527-17:38:59,479 nipype.workflow INFO:
	 [Node] Finished "mcflirt", elapsed time 178.139718s.
250527-17:39:00,966 nipype.workflow INFO:
	 [Node] Setting-up "fmriprep_25_0_wf.sub_GEO015_wf.bold_ses_t3_task_image_run_2_wf.bold_fit_wf.bold_hmc_wf.mcflirt" in "/work/fmriprep_25_0_wf/sub_GEO015_wf/bold_ses_t3_task_image_run_2_wf/bold_fit_wf/bold_hmc_wf/mcflirt".
250527-17:39:02,301 nipype.workflow INFO:
	 [Node] Executing "mcflirt" <nipype.interfaces.fsl.preprocess.MCFLIRT>
250527-17:39:06,127 nipype.workflow INFO:
	 [Node] Finished "mcflirt", elapsed time 176.714881s.
250527-17:39:06,705 nipype.workflow INFO:
	 [Node] Finished "mcflirt", elapsed time 177.111071s.
250527-17:39:06,979 nipype.workflow INFO:
	 [Node] Setting-up "fmriprep_25_0_wf.sub_GEO015_wf.bold_ses_t3_task_image_run_3_wf.bold_fit_wf.bold_hmc_wf.mcflirt" in "/work/fmriprep_25_0_wf/sub_GEO015_wf/bold_ses_t3_task_image_run_3_wf/bold_fit_wf/bold_hmc_wf/mcflirt".
250527-17:39:07,766 nipype.workflow INFO:
	 [Node] Executing "mcflirt" <nipype.interfaces.fsl.preprocess.MCFLIRT>
250527-17:39:08,945 nipype.workflow INFO:
	 [Node] Setting-up "fmriprep_25_0_wf.sub_GEO015_wf.bold_ses_t3_task_image_run_4_wf.bold_fit_wf.bold_hmc_wf.mcflirt" in "/work/fmriprep_25_0_wf/sub_GEO015_wf/bold_ses_t3_task_image_run_4_wf/bold_fit_wf/bold_hmc_wf/mcflirt".
250527-17:39:10,441 nipype.workflow INFO:
	 [Node] Executing "mcflirt" <nipype.interfaces.fsl.preprocess.MCFLIRT>
250527-17:42:16,588 nipype.workflow INFO:
	 [Node] Finished "mcflirt", elapsed time 186.145198s.
250527-17:42:16,955 nipype.workflow INFO:
	 [Node] Finished "mcflirt", elapsed time 189.187844s.
250527-17:42:18,982 nipype.workflow INFO:
	 [Node] Setting-up "fmriprep_25_0_wf.sub_GEO015_wf.bold_ses_t3_task_image_run_5_wf.bold_fit_wf.bold_hmc_wf.mcflirt" in "/work/fmriprep_25_0_wf/sub_GEO015_wf/bold_ses_t3_task_image_run_5_wf/bold_fit_wf/bold_hmc_wf/mcflirt".
250527-17:42:18,988 nipype.workflow INFO:
	 [Node] Setting-up "fmriprep_25_0_wf.sub_GEO015_wf.bold_ses_t3_task_retrans_run_1_wf.bold_fit_wf.bold_hmc_wf.mcflirt" in "/work/fmriprep_25_0_wf/sub_GEO015_wf/bold_ses_t3_task_retrans_run_1_wf/bold_fit_wf/bold_hmc_wf/mcflirt".
250527-17:42:19,643 nipype.workflow INFO:
	 [Node] Executing "mcflirt" <nipype.interfaces.fsl.preprocess.MCFLIRT>
250527-17:42:20,333 nipype.workflow INFO:
	 [Node] Finished "mcflirt", elapsed time 198.03088s.
250527-17:42:20,798 nipype.workflow INFO:
	 [Node] Executing "mcflirt" <nipype.interfaces.fsl.preprocess.MCFLIRT>
250527-17:45:20,484 nipype.workflow INFO:
	 [Node] Finished "mcflirt", elapsed time 179.680795s.
250527-17:45:23,3 nipype.workflow INFO:
	 [Node] Setting-up "fmriprep_25_0_wf.sub_GEO015_wf.bold_ses_t2_task_image_run_1_wf.bold_fit_wf.enhance_and_skullstrip_bold_wf.init_aff" in "/work/fmriprep_25_0_wf/sub_GEO015_wf/bold_ses_t2_task_image_run_1_wf/bold_fit_wf/enhance_and_skullstrip_bold_wf/init_aff".
250527-17:45:23,665 nipype.workflow INFO:
	 [Node] Executing "init_aff" <nipype.interfaces.ants.utils.AI>
250527-17:45:51,520 nipype.workflow INFO:
	 [Node] Finished "init_aff", elapsed time 27.342402s.
250527-17:45:53,105 nipype.workflow INFO:
	 [Node] Setting-up "fmriprep_25_0_wf.sub_GEO015_wf.bold_ses_t2_task_image_run_1_wf.bold_fit_wf.bold_hmc_wf.fsl2itk" in "/work/fmriprep_25_0_wf/sub_GEO015_wf/bold_ses_t2_task_image_run_1_wf/bold_fit_wf/bold_hmc_wf/fsl2itk".
250527-17:45:54,422 nipype.workflow INFO:
	 [Node] Executing "fsl2itk" <niworkflows.interfaces.itk.MCFLIRT2ITK>
250527-17:45:54,423 nipype.interface WARNING:
	 Multithreading is deprecated. Remove the num_threads input.
250527-17:45:57,22 nipype.workflow INFO:
	 [Node] Finished "fsl2itk", elapsed time 2.59923s.
250527-17:45:57,239 nipype.workflow INFO:
	 [Node] Finished "mcflirt", elapsed time 217.595368s.
250527-17:45:59,21 nipype.workflow INFO:
	 [Node] Setting-up "fmriprep_25_0_wf.sub_GEO015_wf.bold_ses_t2_task_image_run_2_wf.bold_fit_wf.enhance_and_skullstrip_bold_wf.init_aff" in "/work/fmriprep_25_0_wf/sub_GEO015_wf/bold_ses_t2_task_image_run_2_wf/bold_fit_wf/enhance_and_skullstrip_bold_wf/init_aff".
250527-17:46:00,101 nipype.workflow INFO:
	 [Node] Executing "init_aff" <nipype.interfaces.ants.utils.AI>
250527-17:46:05,216 nipype.workflow INFO:
	 [Node] Setting-up "fmriprep_25_0_wf.sub_GEO015_wf.bold_ses_t2_task_image_run_1_wf.bold_confounds_wf.motion_params" in "/work/fmriprep_25_0_wf/sub_GEO015_wf/bold_ses_t2_task_image_run_1_wf/bold_confounds_wf/motion_params".
250527-17:46:05,709 nipype.workflow INFO:
	 [Node] Executing "motion_params" <fmriprep.interfaces.confounds.FSLMotionParams>
250527-17:46:06,237 nipype.workflow INFO:
	 [Node] Finished "motion_params", elapsed time 0.526828s.
250527-17:46:07,947 nipype.workflow INFO:
	 [Node] Setting-up "fmriprep_25_0_wf.sub_GEO015_wf.bold_ses_t2_task_image_run_1_wf.bold_confounds_wf.rmsd" in "/work/fmriprep_25_0_wf/sub_GEO015_wf/bold_ses_t2_task_image_run_1_wf/bold_confounds_wf/rmsd".
250527-17:46:08,285 nipype.workflow INFO:
	 [Node] Executing "rmsd" <fmriprep.interfaces.confounds.FSLRMSDeviation>
250527-17:46:08,495 nipype.workflow INFO:
	 [Node] Finished "rmsd", elapsed time 0.209709s.
250527-17:46:11,920 nipype.workflow INFO:
	 [Node] Setting-up "fmriprep_25_0_wf.sub_GEO015_wf.bold_ses_t2_task_image_run_1_wf.bold_confounds_wf.fdisp" in "/work/fmriprep_25_0_wf/sub_GEO015_wf/bold_ses_t2_task_image_run_1_wf/bold_confounds_wf/fdisp".
250527-17:46:12,650 nipype.workflow INFO:
	 [Node] Executing "fdisp" <fmriprep.interfaces.confounds.FramewiseDisplacement>
250527-17:46:12,921 nipype.workflow INFO:
	 [Node] Finished "fdisp", elapsed time 0.269701s.
250527-17:46:28,409 nipype.workflow INFO:
	 [Node] Finished "init_aff", elapsed time 28.097535s.
250527-17:46:31,150 nipype.workflow INFO:
	 [Node] Setting-up "fmriprep_25_0_wf.sub_GEO015_wf.bold_ses_t2_task_image_run_2_wf.bold_fit_wf.bold_hmc_wf.fsl2itk" in "/work/fmriprep_25_0_wf/sub_GEO015_wf/bold_ses_t2_task_image_run_2_wf/bold_fit_wf/bold_hmc_wf/fsl2itk".
250527-17:46:32,504 nipype.workflow INFO:
	 [Node] Executing "fsl2itk" <niworkflows.interfaces.itk.MCFLIRT2ITK>
250527-17:46:32,505 nipype.interface WARNING:
	 Multithreading is deprecated. Remove the num_threads input.
250527-17:46:34,951 nipype.workflow INFO:
	 [Node] Finished "fsl2itk", elapsed time 2.445509s.
250527-17:46:37,53 nipype.workflow INFO:
	 [Node] Setting-up "fmriprep_25_0_wf.sub_GEO015_wf.bold_ses_t2_task_image_run_3_wf.bold_fit_wf.enhance_and_skullstrip_bold_wf.init_aff" in "/work/fmriprep_25_0_wf/sub_GEO015_wf/bold_ses_t2_task_image_run_3_wf/bold_fit_wf/enhance_and_skullstrip_bold_wf/init_aff".
250527-17:46:37,330 nipype.workflow INFO:
	 [Node] Executing "init_aff" <nipype.interfaces.ants.utils.AI>
250527-17:46:40,50 nipype.workflow INFO:
	 [Node] Setting-up "fmriprep_25_0_wf.sub_GEO015_wf.bold_ses_t2_task_image_run_2_wf.bold_confounds_wf.motion_params" in "/work/fmriprep_25_0_wf/sub_GEO015_wf/bold_ses_t2_task_image_run_2_wf/bold_confounds_wf/motion_params".
250527-17:46:41,50 nipype.workflow INFO:
	 [Node] Executing "motion_params" <fmriprep.interfaces.confounds.FSLMotionParams>
250527-17:46:41,308 nipype.workflow INFO:
	 [Node] Finished "motion_params", elapsed time 0.256494s.
250527-17:46:43,952 nipype.workflow INFO:
	 [Node] Setting-up "fmriprep_25_0_wf.sub_GEO015_wf.bold_ses_t2_task_image_run_2_wf.bold_confounds_wf.rmsd" in "/work/fmriprep_25_0_wf/sub_GEO015_wf/bold_ses_t2_task_image_run_2_wf/bold_confounds_wf/rmsd".
250527-17:46:44,818 nipype.workflow INFO:
	 [Node] Executing "rmsd" <fmriprep.interfaces.confounds.FSLRMSDeviation>
250527-17:46:45,166 nipype.workflow INFO:
	 [Node] Finished "rmsd", elapsed time 0.346997s.
250527-17:46:47,53 nipype.workflow INFO:
	 [Node] Setting-up "fmriprep_25_0_wf.sub_GEO015_wf.bold_ses_t2_task_image_run_2_wf.bold_confounds_wf.fdisp" in "/work/fmriprep_25_0_wf/sub_GEO015_wf/bold_ses_t2_task_image_run_2_wf/bold_confounds_wf/fdisp".
250527-17:46:47,476 nipype.workflow INFO:
	 [Node] Executing "fdisp" <fmriprep.interfaces.confounds.FramewiseDisplacement>
250527-17:46:47,520 nipype.workflow INFO:
	 [Node] Finished "fdisp", elapsed time 0.042614s.
250527-17:47:01,89 nipype.workflow INFO:
	 [Node] Finished "init_aff", elapsed time 23.758363s.
250527-17:47:03,100 nipype.workflow INFO:
	 [Node] Setting-up "fmriprep_25_0_wf.sub_GEO015_wf.bold_ses_t2_task_image_run_3_wf.bold_fit_wf.bold_hmc_wf.fsl2itk" in "/work/fmriprep_25_0_wf/sub_GEO015_wf/bold_ses_t2_task_image_run_3_wf/bold_fit_wf/bold_hmc_wf/fsl2itk".
250527-17:47:04,821 nipype.workflow INFO:
	 [Node] Executing "fsl2itk" <niworkflows.interfaces.itk.MCFLIRT2ITK>
250527-17:47:04,822 nipype.interface WARNING:
	 Multithreading is deprecated. Remove the num_threads input.
250527-17:47:08,27 nipype.workflow INFO:
	 [Node] Finished "fsl2itk", elapsed time 3.204879s.
250527-17:47:09,69 nipype.workflow INFO:
	 [Node] Setting-up "fmriprep_25_0_wf.sub_GEO015_wf.bold_ses_t2_task_image_run_4_wf.bold_fit_wf.enhance_and_skullstrip_bold_wf.init_aff" in "/work/fmriprep_25_0_wf/sub_GEO015_wf/bold_ses_t2_task_image_run_4_wf/bold_fit_wf/enhance_and_skullstrip_bold_wf/init_aff".
250527-17:47:11,5 nipype.workflow INFO:
	 [Node] Executing "init_aff" <nipype.interfaces.ants.utils.AI>
250527-17:47:13,39 nipype.workflow INFO:
	 [Node] Setting-up "fmriprep_25_0_wf.sub_GEO015_wf.bold_ses_t2_task_image_run_3_wf.bold_confounds_wf.motion_params" in "/work/fmriprep_25_0_wf/sub_GEO015_wf/bold_ses_t2_task_image_run_3_wf/bold_confounds_wf/motion_params".
250527-17:47:13,397 nipype.workflow INFO:
	 [Node] Executing "motion_params" <fmriprep.interfaces.confounds.FSLMotionParams>
250527-17:47:13,624 nipype.workflow INFO:
	 [Node] Finished "motion_params", elapsed time 0.225321s.
250527-17:47:16,840 nipype.workflow INFO:
	 [Node] Setting-up "fmriprep_25_0_wf.sub_GEO015_wf.bold_ses_t2_task_image_run_3_wf.bold_confounds_wf.rmsd" in "/work/fmriprep_25_0_wf/sub_GEO015_wf/bold_ses_t2_task_image_run_3_wf/bold_confounds_wf/rmsd".
250527-17:47:17,640 nipype.workflow INFO:
	 [Node] Executing "rmsd" <fmriprep.interfaces.confounds.FSLRMSDeviation>
250527-17:47:17,849 nipype.workflow INFO:
	 [Node] Finished "rmsd", elapsed time 0.206935s.
250527-17:47:20,64 nipype.workflow INFO:
	 [Node] Setting-up "fmriprep_25_0_wf.sub_GEO015_wf.bold_ses_t2_task_image_run_3_wf.bold_confounds_wf.fdisp" in "/work/fmriprep_25_0_wf/sub_GEO015_wf/bold_ses_t2_task_image_run_3_wf/bold_confounds_wf/fdisp".
250527-17:47:20,419 nipype.workflow INFO:
	 [Node] Executing "fdisp" <fmriprep.interfaces.confounds.FramewiseDisplacement>
250527-17:47:20,559 nipype.workflow INFO:
	 [Node] Finished "fdisp", elapsed time 0.139261s.
250527-17:47:35,754 nipype.workflow INFO:
	 [Node] Finished "init_aff", elapsed time 24.531878s.
250527-17:47:38,88 nipype.workflow INFO:
	 [Node] Setting-up "fmriprep_25_0_wf.sub_GEO015_wf.bold_ses_t2_task_image_run_4_wf.bold_fit_wf.bold_hmc_wf.fsl2itk" in "/work/fmriprep_25_0_wf/sub_GEO015_wf/bold_ses_t2_task_image_run_4_wf/bold_fit_wf/bold_hmc_wf/fsl2itk".
250527-17:47:39,552 nipype.workflow INFO:
	 [Node] Executing "fsl2itk" <niworkflows.interfaces.itk.MCFLIRT2ITK>
250527-17:47:39,553 nipype.interface WARNING:
	 Multithreading is deprecated. Remove the num_threads input.
250527-17:47:42,890 nipype.workflow INFO:
	 [Node] Finished "fsl2itk", elapsed time 3.336869s.
250527-17:47:44,76 nipype.workflow INFO:
	 [Node] Setting-up "fmriprep_25_0_wf.sub_GEO015_wf.bold_ses_t2_task_image_run_5_wf.bold_fit_wf.enhance_and_skullstrip_bold_wf.init_aff" in "/work/fmriprep_25_0_wf/sub_GEO015_wf/bold_ses_t2_task_image_run_5_wf/bold_fit_wf/enhance_and_skullstrip_bold_wf/init_aff".
250527-17:47:44,813 nipype.workflow INFO:
	 [Node] Executing "init_aff" <nipype.interfaces.ants.utils.AI>
250527-17:47:47,196 nipype.workflow INFO:
	 [Node] Setting-up "fmriprep_25_0_wf.sub_GEO015_wf.bold_ses_t2_task_image_run_4_wf.bold_confounds_wf.motion_params" in "/work/fmriprep_25_0_wf/sub_GEO015_wf/bold_ses_t2_task_image_run_4_wf/bold_confounds_wf/motion_params".
250527-17:47:47,788 nipype.workflow INFO:
	 [Node] Executing "motion_params" <fmriprep.interfaces.confounds.FSLMotionParams>
250527-17:47:48,3 nipype.workflow INFO:
	 [Node] Finished "motion_params", elapsed time 0.213662s.
250527-17:47:50,283 nipype.workflow INFO:
	 [Node] Setting-up "fmriprep_25_0_wf.sub_GEO015_wf.bold_ses_t2_task_image_run_4_wf.bold_confounds_wf.rmsd" in "/work/fmriprep_25_0_wf/sub_GEO015_wf/bold_ses_t2_task_image_run_4_wf/bold_confounds_wf/rmsd".
250527-17:47:52,182 nipype.workflow INFO:
	 [Node] Executing "rmsd" <fmriprep.interfaces.confounds.FSLRMSDeviation>
250527-17:47:52,458 nipype.workflow INFO:
	 [Node] Finished "rmsd", elapsed time 0.273745s.
250527-17:47:54,294 nipype.workflow INFO:
	 [Node] Setting-up "fmriprep_25_0_wf.sub_GEO015_wf.bold_ses_t2_task_image_run_4_wf.bold_confounds_wf.fdisp" in "/work/fmriprep_25_0_wf/sub_GEO015_wf/bold_ses_t2_task_image_run_4_wf/bold_confounds_wf/fdisp".
250527-17:47:54,773 nipype.workflow INFO:
	 [Node] Executing "fdisp" <fmriprep.interfaces.confounds.FramewiseDisplacement>
250527-17:47:54,900 nipype.workflow INFO:
	 [Node] Finished "fdisp", elapsed time 0.125772s.
250527-17:48:09,77 nipype.workflow INFO:
	 [Node] Finished "init_aff", elapsed time 24.262664s.
250527-17:48:10,289 nipype.workflow INFO:
	 [Node] Setting-up "fmriprep_25_0_wf.sub_GEO015_wf.bold_ses_t2_task_image_run_5_wf.bold_fit_wf.bold_hmc_wf.fsl2itk" in "/work/fmriprep_25_0_wf/sub_GEO015_wf/bold_ses_t2_task_image_run_5_wf/bold_fit_wf/bold_hmc_wf/fsl2itk".
250527-17:48:12,131 nipype.workflow INFO:
	 [Node] Executing "fsl2itk" <niworkflows.interfaces.itk.MCFLIRT2ITK>
250527-17:48:12,133 nipype.interface WARNING:
	 Multithreading is deprecated. Remove the num_threads input.
250527-17:48:15,836 nipype.workflow INFO:
	 [Node] Finished "fsl2itk", elapsed time 3.703723s.
250527-17:48:18,325 nipype.workflow INFO:
	 [Node] Setting-up "fmriprep_25_0_wf.sub_GEO015_wf.bold_ses_t3_task_image_run_1_wf.bold_fit_wf.enhance_and_skullstrip_bold_wf.init_aff" in "/work/fmriprep_25_0_wf/sub_GEO015_wf/bold_ses_t3_task_image_run_1_wf/bold_fit_wf/enhance_and_skullstrip_bold_wf/init_aff".
250527-17:48:18,968 nipype.workflow INFO:
	 [Node] Executing "init_aff" <nipype.interfaces.ants.utils.AI>
250527-17:48:20,340 nipype.workflow INFO:
	 [Node] Setting-up "fmriprep_25_0_wf.sub_GEO015_wf.bold_ses_t2_task_image_run_5_wf.bold_confounds_wf.motion_params" in "/work/fmriprep_25_0_wf/sub_GEO015_wf/bold_ses_t2_task_image_run_5_wf/bold_confounds_wf/motion_params".
250527-17:48:20,978 nipype.workflow INFO:
	 [Node] Executing "motion_params" <fmriprep.interfaces.confounds.FSLMotionParams>
250527-17:48:21,292 nipype.workflow INFO:
	 [Node] Finished "motion_params", elapsed time 0.312965s.
250527-17:48:22,290 nipype.workflow INFO:
	 [Node] Setting-up "fmriprep_25_0_wf.sub_GEO015_wf.bold_ses_t2_task_image_run_5_wf.bold_confounds_wf.rmsd" in "/work/fmriprep_25_0_wf/sub_GEO015_wf/bold_ses_t2_task_image_run_5_wf/bold_confounds_wf/rmsd".
250527-17:48:22,708 nipype.workflow INFO:
	 [Node] Executing "rmsd" <fmriprep.interfaces.confounds.FSLRMSDeviation>
250527-17:48:23,943 nipype.workflow INFO:
	 [Node] Finished "rmsd", elapsed time 1.233856s.
250527-17:48:26,320 nipype.workflow INFO:
	 [Node] Setting-up "fmriprep_25_0_wf.sub_GEO015_wf.bold_ses_t2_task_image_run_5_wf.bold_confounds_wf.fdisp" in "/work/fmriprep_25_0_wf/sub_GEO015_wf/bold_ses_t2_task_image_run_5_wf/bold_confounds_wf/fdisp".
250527-17:48:26,779 nipype.workflow INFO:
	 [Node] Executing "fdisp" <fmriprep.interfaces.confounds.FramewiseDisplacement>
250527-17:48:26,851 nipype.workflow INFO:
	 [Node] Finished "fdisp", elapsed time 0.071445s.
250527-17:48:45,315 nipype.workflow INFO:
	 [Node] Finished "init_aff", elapsed time 26.161907s.
250527-17:48:46,301 nipype.workflow INFO:
	 [Node] Setting-up "fmriprep_25_0_wf.sub_GEO015_wf.bold_ses_t3_task_image_run_1_wf.bold_fit_wf.bold_hmc_wf.fsl2itk" in "/work/fmriprep_25_0_wf/sub_GEO015_wf/bold_ses_t3_task_image_run_1_wf/bold_fit_wf/bold_hmc_wf/fsl2itk".
250527-17:48:48,129 nipype.workflow INFO:
	 [Node] Executing "fsl2itk" <niworkflows.interfaces.itk.MCFLIRT2ITK>
250527-17:48:48,130 nipype.interface WARNING:
	 Multithreading is deprecated. Remove the num_threads input.
250527-17:48:50,718 nipype.workflow INFO:
	 [Node] Finished "fsl2itk", elapsed time 2.587936s.
250527-17:48:52,331 nipype.workflow INFO:
	 [Node] Setting-up "fmriprep_25_0_wf.sub_GEO015_wf.bold_ses_t3_task_image_run_2_wf.bold_fit_wf.enhance_and_skullstrip_bold_wf.init_aff" in "/work/fmriprep_25_0_wf/sub_GEO015_wf/bold_ses_t3_task_image_run_2_wf/bold_fit_wf/enhance_and_skullstrip_bold_wf/init_aff".
250527-17:48:53,54 nipype.workflow INFO:
	 [Node] Executing "init_aff" <nipype.interfaces.ants.utils.AI>
250527-17:48:55,571 nipype.workflow INFO:
	 [Node] Setting-up "fmriprep_25_0_wf.sub_GEO015_wf.bold_ses_t3_task_image_run_1_wf.bold_confounds_wf.motion_params" in "/work/fmriprep_25_0_wf/sub_GEO015_wf/bold_ses_t3_task_image_run_1_wf/bold_confounds_wf/motion_params".
250527-17:48:56,158 nipype.workflow INFO:
	 [Node] Executing "motion_params" <fmriprep.interfaces.confounds.FSLMotionParams>
250527-17:48:56,397 nipype.workflow INFO:
	 [Node] Finished "motion_params", elapsed time 0.238215s.
250527-17:48:57,618 nipype.workflow INFO:
	 [Node] Setting-up "fmriprep_25_0_wf.sub_GEO015_wf.bold_ses_t3_task_image_run_1_wf.bold_confounds_wf.rmsd" in "/work/fmriprep_25_0_wf/sub_GEO015_wf/bold_ses_t3_task_image_run_1_wf/bold_confounds_wf/rmsd".
250527-17:48:58,66 nipype.workflow INFO:
	 [Node] Executing "rmsd" <fmriprep.interfaces.confounds.FSLRMSDeviation>
250527-17:48:58,497 nipype.workflow INFO:
	 [Node] Finished "rmsd", elapsed time 0.429741s.
250527-17:48:59,630 nipype.workflow INFO:
	 [Node] Setting-up "fmriprep_25_0_wf.sub_GEO015_wf.bold_ses_t3_task_image_run_1_wf.bold_confounds_wf.fdisp" in "/work/fmriprep_25_0_wf/sub_GEO015_wf/bold_ses_t3_task_image_run_1_wf/bold_confounds_wf/fdisp".
250527-17:49:00,181 nipype.workflow INFO:
	 [Node] Executing "fdisp" <fmriprep.interfaces.confounds.FramewiseDisplacement>
250527-17:49:00,273 nipype.workflow INFO:
	 [Node] Finished "fdisp", elapsed time 0.09021s.
250527-17:49:20,448 nipype.workflow INFO:
	 [Node] Finished "init_aff", elapsed time 27.392883s.
250527-17:49:21,598 nipype.workflow INFO:
	 [Node] Setting-up "fmriprep_25_0_wf.sub_GEO015_wf.bold_ses_t3_task_image_run_2_wf.bold_fit_wf.bold_hmc_wf.fsl2itk" in "/work/fmriprep_25_0_wf/sub_GEO015_wf/bold_ses_t3_task_image_run_2_wf/bold_fit_wf/bold_hmc_wf/fsl2itk".
250527-17:49:24,699 nipype.workflow INFO:
	 [Node] Executing "fsl2itk" <niworkflows.interfaces.itk.MCFLIRT2ITK>
250527-17:49:24,708 nipype.interface WARNING:
	 Multithreading is deprecated. Remove the num_threads input.
250527-17:49:27,498 nipype.workflow INFO:
	 [Node] Finished "fsl2itk", elapsed time 2.7910719999999998s.
250527-17:49:29,577 nipype.workflow INFO:
	 [Node] Setting-up "fmriprep_25_0_wf.sub_GEO015_wf.bold_ses_t3_task_image_run_3_wf.bold_fit_wf.enhance_and_skullstrip_bold_wf.init_aff" in "/work/fmriprep_25_0_wf/sub_GEO015_wf/bold_ses_t3_task_image_run_3_wf/bold_fit_wf/enhance_and_skullstrip_bold_wf/init_aff".
250527-17:49:30,860 nipype.workflow INFO:
	 [Node] Executing "init_aff" <nipype.interfaces.ants.utils.AI>
250527-17:49:32,563 nipype.workflow INFO:
	 [Node] Setting-up "fmriprep_25_0_wf.sub_GEO015_wf.bold_ses_t3_task_image_run_2_wf.bold_confounds_wf.motion_params" in "/work/fmriprep_25_0_wf/sub_GEO015_wf/bold_ses_t3_task_image_run_2_wf/bold_confounds_wf/motion_params".
250527-17:49:33,248 nipype.workflow INFO:
	 [Node] Executing "motion_params" <fmriprep.interfaces.confounds.FSLMotionParams>
250527-17:49:33,495 nipype.workflow INFO:
	 [Node] Finished "motion_params", elapsed time 0.24579s.
250527-17:49:34,574 nipype.workflow INFO:
	 [Node] Setting-up "fmriprep_25_0_wf.sub_GEO015_wf.bold_ses_t3_task_image_run_2_wf.bold_confounds_wf.rmsd" in "/work/fmriprep_25_0_wf/sub_GEO015_wf/bold_ses_t3_task_image_run_2_wf/bold_confounds_wf/rmsd".
250527-17:49:35,276 nipype.workflow INFO:
	 [Node] Executing "rmsd" <fmriprep.interfaces.confounds.FSLRMSDeviation>
250527-17:49:35,494 nipype.workflow INFO:
	 [Node] Finished "rmsd", elapsed time 0.216347s.
250527-17:49:36,588 nipype.workflow INFO:
	 [Node] Setting-up "fmriprep_25_0_wf.sub_GEO015_wf.bold_ses_t3_task_image_run_2_wf.bold_confounds_wf.fdisp" in "/work/fmriprep_25_0_wf/sub_GEO015_wf/bold_ses_t3_task_image_run_2_wf/bold_confounds_wf/fdisp".
250527-17:49:37,285 nipype.workflow INFO:
	 [Node] Executing "fdisp" <fmriprep.interfaces.confounds.FramewiseDisplacement>
250527-17:49:37,353 nipype.workflow INFO:
	 [Node] Finished "fdisp", elapsed time 0.06693s.
250527-17:49:56,571 nipype.workflow INFO:
	 [Node] Finished "init_aff", elapsed time 25.705077s.
250527-17:49:58,546 nipype.workflow INFO:
	 [Node] Setting-up "fmriprep_25_0_wf.sub_GEO015_wf.bold_ses_t3_task_image_run_3_wf.bold_fit_wf.bold_hmc_wf.fsl2itk" in "/work/fmriprep_25_0_wf/sub_GEO015_wf/bold_ses_t3_task_image_run_3_wf/bold_fit_wf/bold_hmc_wf/fsl2itk".
250527-17:50:00,475 nipype.workflow INFO:
	 [Node] Executing "fsl2itk" <niworkflows.interfaces.itk.MCFLIRT2ITK>
250527-17:50:00,476 nipype.interface WARNING:
	 Multithreading is deprecated. Remove the num_threads input.
250527-17:50:03,105 nipype.workflow INFO:
	 [Node] Finished "fsl2itk", elapsed time 2.629009s.
250527-17:50:04,545 nipype.workflow INFO:
	 [Node] Setting-up "fmriprep_25_0_wf.sub_GEO015_wf.bold_ses_t3_task_image_run_4_wf.bold_fit_wf.enhance_and_skullstrip_bold_wf.init_aff" in "/work/fmriprep_25_0_wf/sub_GEO015_wf/bold_ses_t3_task_image_run_4_wf/bold_fit_wf/enhance_and_skullstrip_bold_wf/init_aff".
250527-17:50:05,464 nipype.workflow INFO:
	 [Node] Executing "init_aff" <nipype.interfaces.ants.utils.AI>
250527-17:50:06,663 nipype.workflow INFO:
	 [Node] Setting-up "fmriprep_25_0_wf.sub_GEO015_wf.bold_ses_t3_task_image_run_3_wf.bold_confounds_wf.motion_params" in "/work/fmriprep_25_0_wf/sub_GEO015_wf/bold_ses_t3_task_image_run_3_wf/bold_confounds_wf/motion_params".
250527-17:50:07,146 nipype.workflow INFO:
	 [Node] Executing "motion_params" <fmriprep.interfaces.confounds.FSLMotionParams>
250527-17:50:07,435 nipype.workflow INFO:
	 [Node] Finished "motion_params", elapsed time 0.288269s.
250527-17:50:08,730 nipype.workflow INFO:
	 [Node] Setting-up "fmriprep_25_0_wf.sub_GEO015_wf.bold_ses_t3_task_image_run_3_wf.bold_confounds_wf.rmsd" in "/work/fmriprep_25_0_wf/sub_GEO015_wf/bold_ses_t3_task_image_run_3_wf/bold_confounds_wf/rmsd".
250527-17:50:09,106 nipype.workflow INFO:
	 [Node] Executing "rmsd" <fmriprep.interfaces.confounds.FSLRMSDeviation>
250527-17:50:09,293 nipype.workflow INFO:
	 [Node] Finished "rmsd", elapsed time 0.185573s.
250527-17:50:10,728 nipype.workflow INFO:
	 [Node] Setting-up "fmriprep_25_0_wf.sub_GEO015_wf.bold_ses_t3_task_image_run_3_wf.bold_confounds_wf.fdisp" in "/work/fmriprep_25_0_wf/sub_GEO015_wf/bold_ses_t3_task_image_run_3_wf/bold_confounds_wf/fdisp".
250527-17:50:11,255 nipype.workflow INFO:
	 [Node] Executing "fdisp" <fmriprep.interfaces.confounds.FramewiseDisplacement>
250527-17:50:11,292 nipype.workflow INFO:
	 [Node] Finished "fdisp", elapsed time 0.035153s.
250527-17:50:34,645 nipype.workflow INFO:
	 [Node] Finished "init_aff", elapsed time 29.179204s.
250527-17:50:36,582 nipype.workflow INFO:
	 [Node] Setting-up "fmriprep_25_0_wf.sub_GEO015_wf.bold_ses_t3_task_image_run_4_wf.bold_fit_wf.bold_hmc_wf.fsl2itk" in "/work/fmriprep_25_0_wf/sub_GEO015_wf/bold_ses_t3_task_image_run_4_wf/bold_fit_wf/bold_hmc_wf/fsl2itk".
250527-17:50:38,930 nipype.workflow INFO:
	 [Node] Executing "fsl2itk" <niworkflows.interfaces.itk.MCFLIRT2ITK>
250527-17:50:38,932 nipype.interface WARNING:
	 Multithreading is deprecated. Remove the num_threads input.
250527-17:50:41,451 nipype.workflow INFO:
	 [Node] Finished "fsl2itk", elapsed time 2.519151s.
250527-17:50:42,693 nipype.workflow INFO:
	 [Node] Setting-up "fmriprep_25_0_wf.sub_GEO015_wf.bold_ses_t3_task_image_run_5_wf.bold_fit_wf.enhance_and_skullstrip_bold_wf.init_aff" in "/work/fmriprep_25_0_wf/sub_GEO015_wf/bold_ses_t3_task_image_run_5_wf/bold_fit_wf/enhance_and_skullstrip_bold_wf/init_aff".
250527-17:50:43,334 nipype.workflow INFO:
	 [Node] Executing "init_aff" <nipype.interfaces.ants.utils.AI>
250527-17:50:45,393 nipype.workflow INFO:
	 [Node] Setting-up "fmriprep_25_0_wf.sub_GEO015_wf.bold_ses_t3_task_image_run_4_wf.bold_confounds_wf.motion_params" in "/work/fmriprep_25_0_wf/sub_GEO015_wf/bold_ses_t3_task_image_run_4_wf/bold_confounds_wf/motion_params".
250527-17:50:46,64 nipype.workflow INFO:
	 [Node] Executing "motion_params" <fmriprep.interfaces.confounds.FSLMotionParams>
250527-17:50:46,299 nipype.workflow INFO:
	 [Node] Finished "motion_params", elapsed time 0.233747s.
250527-17:50:47,385 nipype.workflow INFO:
	 [Node] Setting-up "fmriprep_25_0_wf.sub_GEO015_wf.bold_ses_t3_task_image_run_4_wf.bold_confounds_wf.rmsd" in "/work/fmriprep_25_0_wf/sub_GEO015_wf/bold_ses_t3_task_image_run_4_wf/bold_confounds_wf/rmsd".
250527-17:50:47,724 nipype.workflow INFO:
	 [Node] Executing "rmsd" <fmriprep.interfaces.confounds.FSLRMSDeviation>
250527-17:50:47,886 nipype.workflow INFO:
	 [Node] Finished "rmsd", elapsed time 0.161021s.
250527-17:50:49,385 nipype.workflow INFO:
	 [Node] Setting-up "fmriprep_25_0_wf.sub_GEO015_wf.bold_ses_t3_task_image_run_4_wf.bold_confounds_wf.fdisp" in "/work/fmriprep_25_0_wf/sub_GEO015_wf/bold_ses_t3_task_image_run_4_wf/bold_confounds_wf/fdisp".
250527-17:50:49,765 nipype.workflow INFO:
	 [Node] Executing "fdisp" <fmriprep.interfaces.confounds.FramewiseDisplacement>
250527-17:50:49,858 nipype.workflow INFO:
	 [Node] Finished "fdisp", elapsed time 0.090527s.
250527-17:51:09,549 nipype.workflow INFO:
	 [Node] Finished "init_aff", elapsed time 26.214153s.
250527-17:51:11,406 nipype.workflow INFO:
	 [Node] Setting-up "fmriprep_25_0_wf.sub_GEO015_wf.bold_ses_t3_task_image_run_5_wf.bold_fit_wf.bold_hmc_wf.fsl2itk" in "/work/fmriprep_25_0_wf/sub_GEO015_wf/bold_ses_t3_task_image_run_5_wf/bold_fit_wf/bold_hmc_wf/fsl2itk".
250527-17:51:13,159 nipype.workflow INFO:
	 [Node] Executing "fsl2itk" <niworkflows.interfaces.itk.MCFLIRT2ITK>
250527-17:51:13,160 nipype.interface WARNING:
	 Multithreading is deprecated. Remove the num_threads input.
250527-17:51:15,233 nipype.workflow INFO:
	 [Node] Finished "fsl2itk", elapsed time 2.072887s.
250527-17:51:17,423 nipype.workflow INFO:
	 [Node] Setting-up "fmriprep_25_0_wf.sub_GEO015_wf.bold_ses_t3_task_retrans_run_1_wf.bold_fit_wf.enhance_and_skullstrip_bold_wf.init_aff" in "/work/fmriprep_25_0_wf/sub_GEO015_wf/bold_ses_t3_task_retrans_run_1_wf/bold_fit_wf/enhance_and_skullstrip_bold_wf/init_aff".
250527-17:51:18,585 nipype.workflow INFO:
	 [Node] Executing "init_aff" <nipype.interfaces.ants.utils.AI>
250527-17:51:19,591 nipype.workflow INFO:
	 [Node] Setting-up "fmriprep_25_0_wf.sub_GEO015_wf.bold_ses_t3_task_image_run_5_wf.bold_confounds_wf.motion_params" in "/work/fmriprep_25_0_wf/sub_GEO015_wf/bold_ses_t3_task_image_run_5_wf/bold_confounds_wf/motion_params".
250527-17:51:20,324 nipype.workflow INFO:
	 [Node] Executing "motion_params" <fmriprep.interfaces.confounds.FSLMotionParams>
250527-17:51:20,541 nipype.workflow INFO:
	 [Node] Finished "motion_params", elapsed time 0.216112s.
250527-17:51:21,584 nipype.workflow INFO:
	 [Node] Setting-up "fmriprep_25_0_wf.sub_GEO015_wf.bold_ses_t3_task_image_run_5_wf.bold_confounds_wf.rmsd" in "/work/fmriprep_25_0_wf/sub_GEO015_wf/bold_ses_t3_task_image_run_5_wf/bold_confounds_wf/rmsd".
250527-17:51:22,283 nipype.workflow INFO:
	 [Node] Executing "rmsd" <fmriprep.interfaces.confounds.FSLRMSDeviation>
250527-17:51:22,466 nipype.workflow INFO:
	 [Node] Finished "rmsd", elapsed time 0.181351s.
250527-17:51:23,592 nipype.workflow INFO:
	 [Node] Setting-up "fmriprep_25_0_wf.sub_GEO015_wf.bold_ses_t3_task_image_run_5_wf.bold_confounds_wf.fdisp" in "/work/fmriprep_25_0_wf/sub_GEO015_wf/bold_ses_t3_task_image_run_5_wf/bold_confounds_wf/fdisp".
250527-17:51:24,99 nipype.workflow INFO:
	 [Node] Executing "fdisp" <fmriprep.interfaces.confounds.FramewiseDisplacement>
250527-17:51:24,138 nipype.workflow INFO:
	 [Node] Finished "fdisp", elapsed time 0.038303s.
250527-17:51:43,589 nipype.workflow INFO:
	 [Node] Finished "init_aff", elapsed time 25.002465s.
250527-17:51:45,584 nipype.workflow INFO:
	 [Node] Setting-up "fmriprep_25_0_wf.sub_GEO015_wf.bold_ses_t3_task_retrans_run_1_wf.bold_fit_wf.bold_hmc_wf.fsl2itk" in "/work/fmriprep_25_0_wf/sub_GEO015_wf/bold_ses_t3_task_retrans_run_1_wf/bold_fit_wf/bold_hmc_wf/fsl2itk".
250527-17:51:47,375 nipype.workflow INFO:
	 [Node] Executing "fsl2itk" <niworkflows.interfaces.itk.MCFLIRT2ITK>
250527-17:51:47,376 nipype.interface WARNING:
	 Multithreading is deprecated. Remove the num_threads input.
250527-17:51:52,274 nipype.workflow INFO:
	 [Node] Finished "fsl2itk", elapsed time 4.898127s.
250527-17:51:53,611 nipype.workflow INFO:
	 [Node] Setting-up "fmriprep_25_0_wf.sub_GEO015_wf.bold_ses_t2_task_image_run_1_wf.bold_fit_wf.enhance_and_skullstrip_bold_wf.norm" in "/work/fmriprep_25_0_wf/sub_GEO015_wf/bold_ses_t2_task_image_run_1_wf/bold_fit_wf/enhance_and_skullstrip_bold_wf/norm".
250527-17:51:54,193 nipype.workflow INFO:
	 [Node] Executing "norm" <niworkflows.interfaces.fixes.FixHeaderRegistration>
250527-17:51:55,151 nipype.workflow INFO:
	 [Node] Finished "norm", elapsed time 0.957125s.
250527-17:51:55,592 nipype.workflow INFO:
	 [Node] Setting-up "fmriprep_25_0_wf.sub_GEO015_wf.bold_ses_t3_task_retrans_run_1_wf.bold_confounds_wf.motion_params" in "/work/fmriprep_25_0_wf/sub_GEO015_wf/bold_ses_t3_task_retrans_run_1_wf/bold_confounds_wf/motion_params".
250527-17:51:56,132 nipype.workflow INFO:
	 [Node] Executing "motion_params" <fmriprep.interfaces.confounds.FSLMotionParams>
250527-17:51:56,383 nipype.workflow INFO:
	 [Node] Finished "motion_params", elapsed time 0.249298s.
250527-17:51:57,618 nipype.workflow INFO:
	 [Node] Setting-up "fmriprep_25_0_wf.sub_GEO015_wf.bold_ses_t2_task_image_run_2_wf.bold_fit_wf.enhance_and_skullstrip_bold_wf.norm" in "/work/fmriprep_25_0_wf/sub_GEO015_wf/bold_ses_t2_task_image_run_2_wf/bold_fit_wf/enhance_and_skullstrip_bold_wf/norm".
250527-17:51:57,627 nipype.workflow INFO:
	 [Node] Setting-up "fmriprep_25_0_wf.sub_GEO015_wf.bold_ses_t2_task_image_run_1_wf.bold_fit_wf.enhance_and_skullstrip_bold_wf.map_brainmask" in "/work/fmriprep_25_0_wf/sub_GEO015_wf/bold_ses_t2_task_image_run_1_wf/bold_fit_wf/enhance_and_skullstrip_bold_wf/map_brainmask".
250527-17:51:58,288 nipype.workflow INFO:
	 [Node] Executing "map_brainmask" <niworkflows.interfaces.fixes.FixHeaderApplyTransforms>
250527-17:51:58,602 nipype.workflow INFO:
	 [Node] Executing "norm" <niworkflows.interfaces.fixes.FixHeaderRegistration>
250527-17:51:59,192 nipype.workflow INFO:
	 [Node] Finished "map_brainmask", elapsed time 0.902974s.
250527-17:51:59,575 nipype.workflow INFO:
	 [Node] Finished "norm", elapsed time 0.750277s.
250527-17:52:01,634 nipype.workflow INFO:
	 [Node] Setting-up "fmriprep_25_0_wf.sub_GEO015_wf.bold_ses_t2_task_image_run_3_wf.bold_fit_wf.enhance_and_skullstrip_bold_wf.norm" in "/work/fmriprep_25_0_wf/sub_GEO015_wf/bold_ses_t2_task_image_run_3_wf/bold_fit_wf/enhance_and_skullstrip_bold_wf/norm".
250527-17:52:01,636 nipype.workflow INFO:
	 [Node] Setting-up "fmriprep_25_0_wf.sub_GEO015_wf.bold_ses_t2_task_image_run_2_wf.bold_fit_wf.enhance_and_skullstrip_bold_wf.map_brainmask" in "/work/fmriprep_25_0_wf/sub_GEO015_wf/bold_ses_t2_task_image_run_2_wf/bold_fit_wf/enhance_and_skullstrip_bold_wf/map_brainmask".
250527-17:52:02,171 nipype.workflow INFO:
	 [Node] Executing "map_brainmask" <niworkflows.interfaces.fixes.FixHeaderApplyTransforms>
250527-17:52:02,186 nipype.workflow INFO:
	 [Node] Executing "norm" <niworkflows.interfaces.fixes.FixHeaderRegistration>
250527-17:52:02,856 nipype.workflow INFO:
	 [Node] Finished "map_brainmask", elapsed time 0.683396s.
250527-17:52:03,303 nipype.workflow INFO:
	 [Node] Finished "norm", elapsed time 0.899699s.
250527-17:52:03,621 nipype.workflow INFO:
	 [Node] Setting-up "fmriprep_25_0_wf.sub_GEO015_wf.bold_ses_t3_task_retrans_run_1_wf.bold_confounds_wf.rmsd" in "/work/fmriprep_25_0_wf/sub_GEO015_wf/bold_ses_t3_task_retrans_run_1_wf/bold_confounds_wf/rmsd".
250527-17:52:04,305 nipype.workflow INFO:
	 [Node] Executing "rmsd" <fmriprep.interfaces.confounds.FSLRMSDeviation>
250527-17:52:04,762 nipype.workflow INFO:
	 [Node] Finished "rmsd", elapsed time 0.361805s.
250527-17:52:05,585 nipype.workflow INFO:
	 [Node] Setting-up "fmriprep_25_0_wf.sub_GEO015_wf.bold_ses_t2_task_image_run_4_wf.bold_fit_wf.enhance_and_skullstrip_bold_wf.norm" in "/work/fmriprep_25_0_wf/sub_GEO015_wf/bold_ses_t2_task_image_run_4_wf/bold_fit_wf/enhance_and_skullstrip_bold_wf/norm".
250527-17:52:05,586 nipype.workflow INFO:
	 [Node] Setting-up "fmriprep_25_0_wf.sub_GEO015_wf.bold_ses_t2_task_image_run_3_wf.bold_fit_wf.enhance_and_skullstrip_bold_wf.map_brainmask" in "/work/fmriprep_25_0_wf/sub_GEO015_wf/bold_ses_t2_task_image_run_3_wf/bold_fit_wf/enhance_and_skullstrip_bold_wf/map_brainmask".
250527-17:52:06,33 nipype.workflow INFO:
	 [Node] Executing "map_brainmask" <niworkflows.interfaces.fixes.FixHeaderApplyTransforms>
250527-17:52:06,43 nipype.workflow INFO:
	 [Node] Executing "norm" <niworkflows.interfaces.fixes.FixHeaderRegistration>
250527-17:52:06,625 nipype.workflow INFO:
	 [Node] Finished "map_brainmask", elapsed time 0.590663s.
250527-17:52:07,56 nipype.workflow INFO:
	 [Node] Finished "norm", elapsed time 0.796121s.
250527-17:52:13,606 nipype.workflow INFO:
	 [Node] Setting-up "fmriprep_25_0_wf.sub_GEO015_wf.bold_ses_t3_task_retrans_run_1_wf.bold_confounds_wf.fdisp" in "/work/fmriprep_25_0_wf/sub_GEO015_wf/bold_ses_t3_task_retrans_run_1_wf/bold_confounds_wf/fdisp".
250527-17:52:14,19 nipype.workflow INFO:
	 [Node] Setting-up "fmriprep_25_0_wf.sub_GEO015_wf.bold_ses_t2_task_image_run_5_wf.bold_fit_wf.enhance_and_skullstrip_bold_wf.norm" in "/work/fmriprep_25_0_wf/sub_GEO015_wf/bold_ses_t2_task_image_run_5_wf/bold_fit_wf/enhance_and_skullstrip_bold_wf/norm".
250527-17:52:14,42 nipype.workflow INFO:
	 [Node] Executing "fdisp" <fmriprep.interfaces.confounds.FramewiseDisplacement>
250527-17:52:14,504 nipype.workflow INFO:
	 [Node] Finished "fdisp", elapsed time 0.459689s.
250527-17:52:14,760 nipype.workflow INFO:
	 [Node] Executing "norm" <niworkflows.interfaces.fixes.FixHeaderRegistration>
250527-17:52:16,26 nipype.workflow INFO:
	 [Node] Setting-up "fmriprep_25_0_wf.sub_GEO015_wf.bold_ses_t2_task_image_run_4_wf.bold_fit_wf.enhance_and_skullstrip_bold_wf.map_brainmask" in "/work/fmriprep_25_0_wf/sub_GEO015_wf/bold_ses_t2_task_image_run_4_wf/bold_fit_wf/enhance_and_skullstrip_bold_wf/map_brainmask".
250527-17:52:16,162 nipype.workflow INFO:
	 [Node] Finished "norm", elapsed time 1.400724s.
250527-17:52:16,482 nipype.workflow INFO:
	 [Node] Executing "map_brainmask" <niworkflows.interfaces.fixes.FixHeaderApplyTransforms>
250527-17:52:17,204 nipype.workflow INFO:
	 [Node] Finished "map_brainmask", elapsed time 0.720195s.
250527-17:52:17,983 nipype.workflow INFO:
	 [Node] Setting-up "fmriprep_25_0_wf.sub_GEO015_wf.bold_ses_t3_task_image_run_1_wf.bold_fit_wf.enhance_and_skullstrip_bold_wf.norm" in "/work/fmriprep_25_0_wf/sub_GEO015_wf/bold_ses_t3_task_image_run_1_wf/bold_fit_wf/enhance_and_skullstrip_bold_wf/norm".
250527-17:52:17,984 nipype.workflow INFO:
	 [Node] Setting-up "fmriprep_25_0_wf.sub_GEO015_wf.bold_ses_t2_task_image_run_5_wf.bold_fit_wf.enhance_and_skullstrip_bold_wf.map_brainmask" in "/work/fmriprep_25_0_wf/sub_GEO015_wf/bold_ses_t2_task_image_run_5_wf/bold_fit_wf/enhance_and_skullstrip_bold_wf/map_brainmask".
250527-17:52:18,515 nipype.workflow INFO:
	 [Node] Executing "map_brainmask" <niworkflows.interfaces.fixes.FixHeaderApplyTransforms>
250527-17:52:18,612 nipype.workflow INFO:
	 [Node] Executing "norm" <niworkflows.interfaces.fixes.FixHeaderRegistration>
250527-17:52:19,236 nipype.workflow INFO:
	 [Node] Finished "norm", elapsed time 0.622658s.
250527-17:52:19,429 nipype.workflow INFO:
	 [Node] Finished "map_brainmask", elapsed time 0.913237s.
250527-17:52:22,216 nipype.workflow INFO:
	 [Node] Setting-up "fmriprep_25_0_wf.sub_GEO015_wf.bold_ses_t2_task_image_run_1_wf.bold_fit_wf.enhance_and_skullstrip_bold_wf.n4_correct" in "/work/fmriprep_25_0_wf/sub_GEO015_wf/bold_ses_t2_task_image_run_1_wf/bold_fit_wf/enhance_and_skullstrip_bold_wf/n4_correct".
250527-17:52:22,584 nipype.workflow INFO:
	 [Node] Setting-up "fmriprep_25_0_wf.sub_GEO015_wf.bold_ses_t3_task_image_run_2_wf.bold_fit_wf.enhance_and_skullstrip_bold_wf.norm" in "/work/fmriprep_25_0_wf/sub_GEO015_wf/bold_ses_t3_task_image_run_2_wf/bold_fit_wf/enhance_and_skullstrip_bold_wf/norm".
250527-17:52:22,701 nipype.workflow INFO:
	 [Node] Executing "n4_correct" <niworkflows.interfaces.fixes.FixN4BiasFieldCorrection>
250527-17:52:23,647 nipype.workflow INFO:
	 [Node] Executing "norm" <niworkflows.interfaces.fixes.FixHeaderRegistration>
250527-17:52:24,973 nipype.workflow INFO:
	 [Node] Finished "norm", elapsed time 1.324071s.
250527-17:52:26,15 nipype.workflow INFO:
	 [Node] Finished "n4_correct", elapsed time 3.312251s.
250527-17:52:26,665 nipype.workflow INFO:
	 [Node] Setting-up "fmriprep_25_0_wf.sub_GEO015_wf.bold_ses_t3_task_image_run_3_wf.bold_fit_wf.enhance_and_skullstrip_bold_wf.norm" in "/work/fmriprep_25_0_wf/sub_GEO015_wf/bold_ses_t3_task_image_run_3_wf/bold_fit_wf/enhance_and_skullstrip_bold_wf/norm".
250527-17:52:26,668 nipype.workflow INFO:
	 [Node] Setting-up "fmriprep_25_0_wf.sub_GEO015_wf.bold_ses_t3_task_image_run_1_wf.bold_fit_wf.enhance_and_skullstrip_bold_wf.map_brainmask" in "/work/fmriprep_25_0_wf/sub_GEO015_wf/bold_ses_t3_task_image_run_1_wf/bold_fit_wf/enhance_and_skullstrip_bold_wf/map_brainmask".
250527-17:52:26,911 nipype.workflow INFO:
	 [Node] Executing "norm" <niworkflows.interfaces.fixes.FixHeaderRegistration>
250527-17:52:27,240 nipype.workflow INFO:
	 [Node] Executing "map_brainmask" <niworkflows.interfaces.fixes.FixHeaderApplyTransforms>
250527-17:52:27,989 nipype.workflow INFO:
	 [Node] Finished "norm", elapsed time 1.076606s.
250527-17:52:28,187 nipype.workflow INFO:
	 [Node] Finished "map_brainmask", elapsed time 0.945698s.
250527-17:52:30,641 nipype.workflow INFO:
	 [Node] Setting-up "fmriprep_25_0_wf.sub_GEO015_wf.bold_ses_t3_task_image_run_4_wf.bold_fit_wf.enhance_and_skullstrip_bold_wf.norm" in "/work/fmriprep_25_0_wf/sub_GEO015_wf/bold_ses_t3_task_image_run_4_wf/bold_fit_wf/enhance_and_skullstrip_bold_wf/norm".
250527-17:52:30,641 nipype.workflow INFO:
	 [Node] Setting-up "fmriprep_25_0_wf.sub_GEO015_wf.bold_ses_t3_task_image_run_2_wf.bold_fit_wf.enhance_and_skullstrip_bold_wf.map_brainmask" in "/work/fmriprep_25_0_wf/sub_GEO015_wf/bold_ses_t3_task_image_run_2_wf/bold_fit_wf/enhance_and_skullstrip_bold_wf/map_brainmask".
250527-17:52:31,563 nipype.workflow INFO:
	 [Node] Executing "map_brainmask" <niworkflows.interfaces.fixes.FixHeaderApplyTransforms>
250527-17:52:31,721 nipype.workflow INFO:
	 [Node] Executing "norm" <niworkflows.interfaces.fixes.FixHeaderRegistration>
250527-17:52:32,408 nipype.workflow INFO:
	 [Node] Finished "map_brainmask", elapsed time 0.843387s.
250527-17:52:33,273 nipype.workflow INFO:
	 [Node] Finished "norm", elapsed time 1.550443s.
250527-17:52:34,600 nipype.workflow INFO:
	 [Node] Setting-up "fmriprep_25_0_wf.sub_GEO015_wf.bold_ses_t3_task_image_run_5_wf.bold_fit_wf.enhance_and_skullstrip_bold_wf.norm" in "/work/fmriprep_25_0_wf/sub_GEO015_wf/bold_ses_t3_task_image_run_5_wf/bold_fit_wf/enhance_and_skullstrip_bold_wf/norm".
250527-17:52:34,601 nipype.workflow INFO:
	 [Node] Setting-up "fmriprep_25_0_wf.sub_GEO015_wf.bold_ses_t3_task_image_run_3_wf.bold_fit_wf.enhance_and_skullstrip_bold_wf.map_brainmask" in "/work/fmriprep_25_0_wf/sub_GEO015_wf/bold_ses_t3_task_image_run_3_wf/bold_fit_wf/enhance_and_skullstrip_bold_wf/map_brainmask".
250527-17:52:35,355 nipype.workflow INFO:
	 [Node] Executing "map_brainmask" <niworkflows.interfaces.fixes.FixHeaderApplyTransforms>
250527-17:52:35,508 nipype.workflow INFO:
	 [Node] Executing "norm" <niworkflows.interfaces.fixes.FixHeaderRegistration>
250527-17:52:35,969 nipype.workflow INFO:
	 [Node] Finished "map_brainmask", elapsed time 0.6132s.
250527-17:52:36,628 nipype.workflow INFO:
	 [Node] Setting-up "fmriprep_25_0_wf.sub_GEO015_wf.bold_ses_t3_task_image_run_4_wf.bold_fit_wf.enhance_and_skullstrip_bold_wf.map_brainmask" in "/work/fmriprep_25_0_wf/sub_GEO015_wf/bold_ses_t3_task_image_run_4_wf/bold_fit_wf/enhance_and_skullstrip_bold_wf/map_brainmask".
250527-17:52:36,867 nipype.workflow INFO:
	 [Node] Executing "map_brainmask" <niworkflows.interfaces.fixes.FixHeaderApplyTransforms>
250527-17:52:37,469 nipype.workflow INFO:
	 [Node] Finished "norm", elapsed time 1.9595639999999999s.
250527-17:52:37,493 nipype.workflow INFO:
	 [Node] Finished "map_brainmask", elapsed time 0.624862s.
250527-17:52:38,590 nipype.workflow INFO:
	 [Node] Setting-up "fmriprep_25_0_wf.sub_GEO015_wf.bold_ses_t3_task_retrans_run_1_wf.bold_fit_wf.enhance_and_skullstrip_bold_wf.norm" in "/work/fmriprep_25_0_wf/sub_GEO015_wf/bold_ses_t3_task_retrans_run_1_wf/bold_fit_wf/enhance_and_skullstrip_bold_wf/norm".
250527-17:52:38,591 nipype.workflow INFO:
	 [Node] Setting-up "fmriprep_25_0_wf.sub_GEO015_wf.bold_ses_t3_task_image_run_5_wf.bold_fit_wf.enhance_and_skullstrip_bold_wf.map_brainmask" in "/work/fmriprep_25_0_wf/sub_GEO015_wf/bold_ses_t3_task_image_run_5_wf/bold_fit_wf/enhance_and_skullstrip_bold_wf/map_brainmask".
250527-17:52:39,466 nipype.workflow INFO:
	 [Node] Executing "norm" <niworkflows.interfaces.fixes.FixHeaderRegistration>
250527-17:52:39,641 nipype.workflow INFO:
	 [Node] Executing "map_brainmask" <niworkflows.interfaces.fixes.FixHeaderApplyTransforms>
250527-17:52:40,311 nipype.workflow INFO:
	 [Node] Finished "map_brainmask", elapsed time 0.669554s.
250527-17:52:40,597 nipype.workflow INFO:
	 [Node] Finished "norm", elapsed time 1.129556s.
250527-17:52:42,552 nipype.workflow INFO:
	 [Node] Setting-up "fmriprep_25_0_wf.sub_GEO015_wf.bold_ses_t3_task_retrans_run_1_wf.bold_fit_wf.enhance_and_skullstrip_bold_wf.map_brainmask" in "/work/fmriprep_25_0_wf/sub_GEO015_wf/bold_ses_t3_task_retrans_run_1_wf/bold_fit_wf/enhance_and_skullstrip_bold_wf/map_brainmask".
250527-17:52:43,415 nipype.workflow INFO:
	 [Node] Executing "map_brainmask" <niworkflows.interfaces.fixes.FixHeaderApplyTransforms>
250527-17:52:44,101 nipype.workflow INFO:
	 [Node] Finished "map_brainmask", elapsed time 0.68416s.
250527-17:52:48,979 nipype.workflow INFO:
	 [Node] Setting-up "fmriprep_25_0_wf.sub_GEO015_wf.bold_ses_t2_task_image_run_2_wf.bold_fit_wf.enhance_and_skullstrip_bold_wf.n4_correct" in "/work/fmriprep_25_0_wf/sub_GEO015_wf/bold_ses_t2_task_image_run_2_wf/bold_fit_wf/enhance_and_skullstrip_bold_wf/n4_correct".
250527-17:52:48,981 nipype.workflow INFO:
	 [Node] Setting-up "fmriprep_25_0_wf.sub_GEO015_wf.bold_ses_t2_task_image_run_3_wf.bold_fit_wf.enhance_and_skullstrip_bold_wf.n4_correct" in "/work/fmriprep_25_0_wf/sub_GEO015_wf/bold_ses_t2_task_image_run_3_wf/bold_fit_wf/enhance_and_skullstrip_bold_wf/n4_correct".
250527-17:52:48,982 nipype.workflow INFO:
	 [Node] Setting-up "fmriprep_25_0_wf.sub_GEO015_wf.bold_ses_t2_task_image_run_4_wf.bold_fit_wf.enhance_and_skullstrip_bold_wf.n4_correct" in "/work/fmriprep_25_0_wf/sub_GEO015_wf/bold_ses_t2_task_image_run_4_wf/bold_fit_wf/enhance_and_skullstrip_bold_wf/n4_correct".
250527-17:52:48,984 nipype.workflow INFO:
	 [Node] Setting-up "fmriprep_25_0_wf.sub_GEO015_wf.bold_ses_t2_task_image_run_5_wf.bold_fit_wf.enhance_and_skullstrip_bold_wf.n4_correct" in "/work/fmriprep_25_0_wf/sub_GEO015_wf/bold_ses_t2_task_image_run_5_wf/bold_fit_wf/enhance_and_skullstrip_bold_wf/n4_correct".
250527-17:52:48,985 nipype.workflow INFO:
	 [Node] Setting-up "fmriprep_25_0_wf.sub_GEO015_wf.bold_ses_t2_task_image_run_1_wf.bold_fit_wf.enhance_and_skullstrip_bold_wf.skullstrip_first_pass" in "/work/fmriprep_25_0_wf/sub_GEO015_wf/bold_ses_t2_task_image_run_1_wf/bold_fit_wf/enhance_and_skullstrip_bold_wf/skullstrip_first_pass".
250527-17:52:50,476 nipype.workflow INFO:
	 [Node] Executing "n4_correct" <niworkflows.interfaces.fixes.FixN4BiasFieldCorrection>
250527-17:52:50,500 nipype.workflow INFO:
	 [Node] Executing "n4_correct" <niworkflows.interfaces.fixes.FixN4BiasFieldCorrection>
250527-17:52:50,507 nipype.workflow INFO:
	 [Node] Executing "n4_correct" <niworkflows.interfaces.fixes.FixN4BiasFieldCorrection>
250527-17:52:50,620 nipype.workflow INFO:
	 [Node] Executing "skullstrip_first_pass" <nipype.interfaces.fsl.preprocess.BET>
250527-17:52:50,627 nipype.workflow INFO:
	 [Node] Executing "n4_correct" <niworkflows.interfaces.fixes.FixN4BiasFieldCorrection>
250527-17:52:50,648 nipype.interface WARNING:
	 Changing /out/sub-GEO015/ses-t2/func/sub-GEO015_ses-t2_task-image_run-1_desc-coreg_boldref.nii.gz dtype from uint16 to float32
250527-17:52:52,385 nipype.workflow INFO:
	 [Node] Finished "skullstrip_first_pass", elapsed time 1.7634370000000001s.
250527-17:52:52,860 nipype.workflow INFO:
	 [Node] Finished "n4_correct", elapsed time 2.351609s.
250527-17:52:52,875 nipype.workflow INFO:
	 [Node] Finished "n4_correct", elapsed time 2.373868s.
250527-17:52:53,3 nipype.workflow INFO:
	 [Node] Finished "n4_correct", elapsed time 2.374545s.
250527-17:52:53,25 nipype.workflow INFO:
	 [Node] Finished "n4_correct", elapsed time 2.5477s.
250527-17:52:54,206 nipype.workflow INFO:
	 [Node] Setting-up "fmriprep_25_0_wf.sub_GEO015_wf.bold_ses_t3_task_image_run_1_wf.bold_fit_wf.enhance_and_skullstrip_bold_wf.n4_correct" in "/work/fmriprep_25_0_wf/sub_GEO015_wf/bold_ses_t3_task_image_run_1_wf/bold_fit_wf/enhance_and_skullstrip_bold_wf/n4_correct".
250527-17:52:54,207 nipype.workflow INFO:
	 [Node] Setting-up "fmriprep_25_0_wf.sub_GEO015_wf.bold_ses_t3_task_image_run_2_wf.bold_fit_wf.enhance_and_skullstrip_bold_wf.n4_correct" in "/work/fmriprep_25_0_wf/sub_GEO015_wf/bold_ses_t3_task_image_run_2_wf/bold_fit_wf/enhance_and_skullstrip_bold_wf/n4_correct".
250527-17:52:54,207 nipype.workflow INFO:
	 [Node] Setting-up "fmriprep_25_0_wf.sub_GEO015_wf.bold_ses_t3_task_image_run_3_wf.bold_fit_wf.enhance_and_skullstrip_bold_wf.n4_correct" in "/work/fmriprep_25_0_wf/sub_GEO015_wf/bold_ses_t3_task_image_run_3_wf/bold_fit_wf/enhance_and_skullstrip_bold_wf/n4_correct".
250527-17:52:54,564 nipype.workflow INFO:
	 [Node] Setting-up "fmriprep_25_0_wf.sub_GEO015_wf.bold_ses_t3_task_image_run_4_wf.bold_fit_wf.enhance_and_skullstrip_bold_wf.n4_correct" in "/work/fmriprep_25_0_wf/sub_GEO015_wf/bold_ses_t3_task_image_run_4_wf/bold_fit_wf/enhance_and_skullstrip_bold_wf/n4_correct".
250527-17:52:54,565 nipype.workflow INFO:
	 [Node] Setting-up "fmriprep_25_0_wf.sub_GEO015_wf.bold_ses_t3_task_image_run_5_wf.bold_fit_wf.enhance_and_skullstrip_bold_wf.n4_correct" in "/work/fmriprep_25_0_wf/sub_GEO015_wf/bold_ses_t3_task_image_run_5_wf/bold_fit_wf/enhance_and_skullstrip_bold_wf/n4_correct".
250527-17:52:54,566 nipype.workflow INFO:
	 [Node] Setting-up "fmriprep_25_0_wf.sub_GEO015_wf.bold_ses_t3_task_retrans_run_1_wf.bold_fit_wf.enhance_and_skullstrip_bold_wf.n4_correct" in "/work/fmriprep_25_0_wf/sub_GEO015_wf/bold_ses_t3_task_retrans_run_1_wf/bold_fit_wf/enhance_and_skullstrip_bold_wf/n4_correct".
250527-17:52:54,566 nipype.workflow INFO:
	 [Node] Setting-up "fmriprep_25_0_wf.sub_GEO015_wf.bold_ses_t2_task_image_run_2_wf.bold_fit_wf.enhance_and_skullstrip_bold_wf.skullstrip_first_pass" in "/work/fmriprep_25_0_wf/sub_GEO015_wf/bold_ses_t2_task_image_run_2_wf/bold_fit_wf/enhance_and_skullstrip_bold_wf/skullstrip_first_pass".
250527-17:52:55,246 nipype.workflow INFO:
	 [Node] Executing "n4_correct" <niworkflows.interfaces.fixes.FixN4BiasFieldCorrection>
250527-17:52:55,611 nipype.workflow INFO:
	 [Node] Executing "skullstrip_first_pass" <nipype.interfaces.fsl.preprocess.BET>
250527-17:52:56,52 nipype.workflow INFO:
	 [Node] Executing "n4_correct" <niworkflows.interfaces.fixes.FixN4BiasFieldCorrection>
250527-17:52:56,307 nipype.workflow INFO:
	 [Node] Executing "n4_correct" <niworkflows.interfaces.fixes.FixN4BiasFieldCorrection>
250527-17:52:56,346 nipype.workflow INFO:
	 [Node] Executing "n4_correct" <niworkflows.interfaces.fixes.FixN4BiasFieldCorrection>
250527-17:52:56,368 nipype.workflow INFO:
	 [Node] Executing "n4_correct" <niworkflows.interfaces.fixes.FixN4BiasFieldCorrection>
250527-17:52:56,443 nipype.interface WARNING:
	 Changing /out/sub-GEO015/ses-t2/func/sub-GEO015_ses-t2_task-image_run-2_desc-coreg_boldref.nii.gz dtype from uint16 to float32
250527-17:52:56,785 nipype.workflow INFO:
	 [Node] Executing "n4_correct" <niworkflows.interfaces.fixes.FixN4BiasFieldCorrection>
250527-17:52:57,74 nipype.workflow INFO:
	 [Node] Finished "skullstrip_first_pass", elapsed time 1.462106s.
250527-17:52:57,502 nipype.workflow INFO:
	 [Node] Finished "n4_correct", elapsed time 1.449111s.
250527-17:52:57,520 nipype.workflow INFO:
	 [Node] Finished "n4_correct", elapsed time 2.273017s.
250527-17:52:57,776 nipype.workflow INFO:
	 [Node] Setting-up "fmriprep_25_0_wf.sub_GEO015_wf.bold_ses_t2_task_image_run_3_wf.bold_fit_wf.enhance_and_skullstrip_bold_wf.skullstrip_first_pass" in "/work/fmriprep_25_0_wf/sub_GEO015_wf/bold_ses_t2_task_image_run_3_wf/bold_fit_wf/enhance_and_skullstrip_bold_wf/skullstrip_first_pass".
250527-17:52:58,311 nipype.workflow INFO:
	 [Node] Executing "skullstrip_first_pass" <nipype.interfaces.fsl.preprocess.BET>
250527-17:52:58,411 nipype.workflow INFO:
	 [Node] Finished "n4_correct", elapsed time 2.102905s.
250527-17:52:58,884 nipype.workflow INFO:
	 [Node] Finished "n4_correct", elapsed time 2.536704s.
250527-17:52:59,66 nipype.interface WARNING:
	 Changing /out/sub-GEO015/ses-t2/func/sub-GEO015_ses-t2_task-image_run-3_desc-coreg_boldref.nii.gz dtype from uint16 to float32
250527-17:52:59,261 nipype.workflow INFO:
	 [Node] Finished "n4_correct", elapsed time 2.891003s.
250527-17:53:00,449 nipype.workflow INFO:
	 [Node] Finished "n4_correct", elapsed time 3.662127s.
250527-17:53:00,547 nipype.workflow INFO:
	 [Node] Finished "skullstrip_first_pass", elapsed time 2.234999s.
250527-17:53:00,796 nipype.workflow INFO:
	 [Node] Setting-up "fmriprep_25_0_wf.sub_GEO015_wf.bold_ses_t2_task_image_run_4_wf.bold_fit_wf.enhance_and_skullstrip_bold_wf.skullstrip_first_pass" in "/work/fmriprep_25_0_wf/sub_GEO015_wf/bold_ses_t2_task_image_run_4_wf/bold_fit_wf/enhance_and_skullstrip_bold_wf/skullstrip_first_pass".
250527-17:53:01,313 nipype.workflow INFO:
	 [Node] Executing "skullstrip_first_pass" <nipype.interfaces.fsl.preprocess.BET>
250527-17:53:01,650 nipype.interface WARNING:
	 Changing /out/sub-GEO015/ses-t2/func/sub-GEO015_ses-t2_task-image_run-4_desc-coreg_boldref.nii.gz dtype from uint16 to float32
250527-17:53:02,621 nipype.workflow INFO:
	 [Node] Setting-up "fmriprep_25_0_wf.sub_GEO015_wf.bold_ses_t2_task_image_run_5_wf.bold_fit_wf.enhance_and_skullstrip_bold_wf.skullstrip_first_pass" in "/work/fmriprep_25_0_wf/sub_GEO015_wf/bold_ses_t2_task_image_run_5_wf/bold_fit_wf/enhance_and_skullstrip_bold_wf/skullstrip_first_pass".
250527-17:53:02,753 nipype.workflow INFO:
	 [Node] Finished "skullstrip_first_pass", elapsed time 1.439201s.
250527-17:53:03,21 nipype.workflow INFO:
	 [Node] Executing "skullstrip_first_pass" <nipype.interfaces.fsl.preprocess.BET>
250527-17:53:03,696 nipype.interface WARNING:
	 Changing /out/sub-GEO015/ses-t2/func/sub-GEO015_ses-t2_task-image_run-5_desc-coreg_boldref.nii.gz dtype from uint16 to float32
250527-17:53:04,439 nipype.workflow INFO:
	 [Node] Finished "skullstrip_first_pass", elapsed time 1.417244s.
250527-17:53:04,794 nipype.workflow INFO:
	 [Node] Setting-up "fmriprep_25_0_wf.sub_GEO015_wf.bold_ses_t3_task_image_run_1_wf.bold_fit_wf.enhance_and_skullstrip_bold_wf.skullstrip_first_pass" in "/work/fmriprep_25_0_wf/sub_GEO015_wf/bold_ses_t3_task_image_run_1_wf/bold_fit_wf/enhance_and_skullstrip_bold_wf/skullstrip_first_pass".
250527-17:53:05,439 nipype.workflow INFO:
	 [Node] Executing "skullstrip_first_pass" <nipype.interfaces.fsl.preprocess.BET>
250527-17:53:05,677 nipype.interface WARNING:
	 Changing /out/sub-GEO015/ses-t3/func/sub-GEO015_ses-t3_task-image_run-1_desc-coreg_boldref.nii.gz dtype from uint16 to float32
250527-17:53:06,804 nipype.workflow INFO:
	 [Node] Setting-up "fmriprep_25_0_wf.sub_GEO015_wf.bold_ses_t3_task_image_run_2_wf.bold_fit_wf.enhance_and_skullstrip_bold_wf.skullstrip_first_pass" in "/work/fmriprep_25_0_wf/sub_GEO015_wf/bold_ses_t3_task_image_run_2_wf/bold_fit_wf/enhance_and_skullstrip_bold_wf/skullstrip_first_pass".
250527-17:53:06,903 nipype.workflow INFO:
	 [Node] Finished "skullstrip_first_pass", elapsed time 1.463319s.
250527-17:53:07,435 nipype.interface WARNING:
	 Changing /out/sub-GEO015/ses-t3/func/sub-GEO015_ses-t3_task-image_run-2_desc-coreg_boldref.nii.gz dtype from uint16 to float32
250527-17:53:07,444 nipype.workflow INFO:
	 [Node] Executing "skullstrip_first_pass" <nipype.interfaces.fsl.preprocess.BET>
250527-17:53:08,419 nipype.workflow INFO:
	 [Node] Setting-up "fmriprep_25_0_wf.sub_GEO015_wf.bold_ses_t3_task_image_run_3_wf.bold_fit_wf.enhance_and_skullstrip_bold_wf.skullstrip_first_pass" in "/work/fmriprep_25_0_wf/sub_GEO015_wf/bold_ses_t3_task_image_run_3_wf/bold_fit_wf/enhance_and_skullstrip_bold_wf/skullstrip_first_pass".
250527-17:53:08,878 nipype.workflow INFO:
	 [Node] Executing "skullstrip_first_pass" <nipype.interfaces.fsl.preprocess.BET>
250527-17:53:08,950 nipype.interface WARNING:
	 Changing /out/sub-GEO015/ses-t3/func/sub-GEO015_ses-t3_task-image_run-3_desc-coreg_boldref.nii.gz dtype from uint16 to float32
250527-17:53:09,218 nipype.workflow INFO:
	 [Node] Finished "skullstrip_first_pass", elapsed time 1.7736290000000001s.
250527-17:53:09,858 nipype.workflow INFO:
	 [Node] Setting-up "fmriprep_25_0_wf.sub_GEO015_wf.bold_ses_t3_task_image_run_4_wf.bold_fit_wf.enhance_and_skullstrip_bold_wf.skullstrip_first_pass" in "/work/fmriprep_25_0_wf/sub_GEO015_wf/bold_ses_t3_task_image_run_4_wf/bold_fit_wf/enhance_and_skullstrip_bold_wf/skullstrip_first_pass".
250527-17:53:11,658 nipype.workflow INFO:
	 [Node] Finished "skullstrip_first_pass", elapsed time 2.778366s.
250527-17:53:12,98 nipype.workflow INFO:
	 [Node] Executing "skullstrip_first_pass" <nipype.interfaces.fsl.preprocess.BET>
250527-17:53:12,162 nipype.interface WARNING:
	 Changing /out/sub-GEO015/ses-t3/func/sub-GEO015_ses-t3_task-image_run-4_desc-coreg_boldref.nii.gz dtype from uint16 to float32
250527-17:53:12,948 nipype.workflow INFO:
	 [Node] Setting-up "fmriprep_25_0_wf.sub_GEO015_wf.bold_ses_t3_task_image_run_5_wf.bold_fit_wf.enhance_and_skullstrip_bold_wf.skullstrip_first_pass" in "/work/fmriprep_25_0_wf/sub_GEO015_wf/bold_ses_t3_task_image_run_5_wf/bold_fit_wf/enhance_and_skullstrip_bold_wf/skullstrip_first_pass".
250527-17:53:13,648 nipype.workflow INFO:
	 [Node] Finished "skullstrip_first_pass", elapsed time 1.549642s.
250527-17:53:14,334 nipype.interface WARNING:
	 Changing /out/sub-GEO015/ses-t3/func/sub-GEO015_ses-t3_task-image_run-5_desc-coreg_boldref.nii.gz dtype from uint16 to float32
250527-17:53:14,413 nipype.workflow INFO:
	 [Node] Executing "skullstrip_first_pass" <nipype.interfaces.fsl.preprocess.BET>
250527-17:53:15,423 nipype.workflow INFO:
	 [Node] Setting-up "fmriprep_25_0_wf.sub_GEO015_wf.bold_ses_t3_task_retrans_run_1_wf.bold_fit_wf.enhance_and_skullstrip_bold_wf.skullstrip_first_pass" in "/work/fmriprep_25_0_wf/sub_GEO015_wf/bold_ses_t3_task_retrans_run_1_wf/bold_fit_wf/enhance_and_skullstrip_bold_wf/skullstrip_first_pass".
250527-17:53:16,47 nipype.workflow INFO:
	 [Node] Finished "skullstrip_first_pass", elapsed time 1.6330550000000001s.
250527-17:53:16,192 nipype.interface WARNING:
	 Changing /out/sub-GEO015/ses-t3/func/sub-GEO015_ses-t3_task-retrans_run-1_desc-coreg_boldref.nii.gz dtype from uint16 to float32
250527-17:53:16,269 nipype.workflow INFO:
	 [Node] Executing "skullstrip_first_pass" <nipype.interfaces.fsl.preprocess.BET>
250527-17:53:17,137 nipype.workflow INFO:
	 [Node] Setting-up "fmriprep_25_0_wf.sub_GEO015_wf.bold_ses_t2_task_image_run_1_wf.bold_fit_wf.ds_boldreg_wf.sources" in "/work/fmriprep_25_0_wf/sub_GEO015_wf/bold_ses_t2_task_image_run_1_wf/bold_fit_wf/ds_boldreg_wf/sources".
250527-17:53:17,140 nipype.workflow INFO:
	 [Node] Setting-up "fmriprep_25_0_wf.sub_GEO015_wf.bold_ses_t2_task_image_run_1_wf.bold_fit_wf.enhance_and_skullstrip_bold_wf.first_dilate" in "/work/fmriprep_25_0_wf/sub_GEO015_wf/bold_ses_t2_task_image_run_1_wf/bold_fit_wf/enhance_and_skullstrip_bold_wf/first_dilate".
250527-17:53:17,141 nipype.workflow INFO:
	 [Node] Setting-up "fmriprep_25_0_wf.sub_GEO015_wf.bold_ses_t2_task_image_run_1_wf.bold_std_wf.gen_ref" in "/work/fmriprep_25_0_wf/sub_GEO015_wf/bold_ses_t2_task_image_run_1_wf/bold_std_wf/_in_tuple_MNI152NLin2009cAsym.resnative/gen_ref".
250527-17:53:17,149 nipype.workflow INFO:
	 [Node] Setting-up "fmriprep_25_0_wf.sub_GEO015_wf.bold_ses_t2_task_image_run_2_wf.bold_fit_wf.ds_boldreg_wf.sources" in "/work/fmriprep_25_0_wf/sub_GEO015_wf/bold_ses_t2_task_image_run_2_wf/bold_fit_wf/ds_boldreg_wf/sources".
250527-17:53:17,153 nipype.workflow INFO:
	 [Node] Setting-up "fmriprep_25_0_wf.sub_GEO015_wf.bold_ses_t2_task_image_run_2_wf.bold_std_wf.gen_ref" in "/work/fmriprep_25_0_wf/sub_GEO015_wf/bold_ses_t2_task_image_run_2_wf/bold_std_wf/_in_tuple_MNI152NLin2009cAsym.resnative/gen_ref".
250527-17:53:17,154 nipype.workflow INFO:
	 [Node] Setting-up "fmriprep_25_0_wf.sub_GEO015_wf.bold_ses_t2_task_image_run_2_wf.bold_fit_wf.enhance_and_skullstrip_bold_wf.first_dilate" in "/work/fmriprep_25_0_wf/sub_GEO015_wf/bold_ses_t2_task_image_run_2_wf/bold_fit_wf/enhance_and_skullstrip_bold_wf/first_dilate".
250527-17:53:17,697 nipype.workflow INFO:
	 [Node] Executing "first_dilate" <niworkflows.interfaces.nibabel.BinaryDilation>
250527-17:53:17,707 nipype.workflow INFO:
	 [Node] Finished "skullstrip_first_pass", elapsed time 1.438067s.
250527-17:53:17,800 nipype.workflow INFO:
	 [Node] Setting-up "fmriprep_25_0_wf.sub_GEO015_wf.bold_ses_t2_task_image_run_3_wf.bold_fit_wf.enhance_and_skullstrip_bold_wf.first_dilate" in "/work/fmriprep_25_0_wf/sub_GEO015_wf/bold_ses_t2_task_image_run_3_wf/bold_fit_wf/enhance_and_skullstrip_bold_wf/first_dilate".
250527-17:53:17,920 nipype.workflow INFO:
	 [Node] Executing "first_dilate" <niworkflows.interfaces.nibabel.BinaryDilation>
250527-17:53:17,923 nipype.workflow INFO:
	 [Node] Executing "sources" <fmriprep.interfaces.bids.BIDSURI>
250527-17:53:17,924 nipype.workflow INFO:
	 [Node] Finished "sources", elapsed time 0.000629s.
250527-17:53:18,222 nipype.workflow INFO:
	 [Node] Finished "first_dilate", elapsed time 0.52392s.
250527-17:53:18,264 nipype.workflow INFO:
	 [Node] Executing "gen_ref" <niworkflows.interfaces.nibabel.GenerateSamplingReference>
250527-17:53:18,278 nipype.workflow INFO:
	 [Node] Executing "gen_ref" <niworkflows.interfaces.nibabel.GenerateSamplingReference>
250527-17:53:18,281 nipype.workflow INFO:
	 [Node] Finished "first_dilate", elapsed time 0.359256s.
250527-17:53:18,310 nipype.workflow INFO:
	 [Node] Executing "sources" <fmriprep.interfaces.bids.BIDSURI>
250527-17:53:18,312 nipype.workflow INFO:
	 [Node] Finished "sources", elapsed time 0.00078s.
250527-17:53:18,493 nipype.workflow INFO:
	 [Node] Executing "first_dilate" <niworkflows.interfaces.nibabel.BinaryDilation>
250527-17:53:18,773 nipype.workflow INFO:
	 [Node] Finished "first_dilate", elapsed time 0.278669s.
250527-17:53:19,430 nipype.workflow INFO:
	 [Node] Finished "gen_ref", elapsed time 1.151335s.
250527-17:53:19,432 nipype.workflow INFO:
	 [Node] Finished "gen_ref", elapsed time 1.166667s.
250527-17:53:19,786 nipype.workflow INFO:
	 [Node] Setting-up "fmriprep_25_0_wf.sub_GEO015_wf.bold_ses_t2_task_image_run_3_wf.bold_fit_wf.ds_boldreg_wf.sources" in "/work/fmriprep_25_0_wf/sub_GEO015_wf/bold_ses_t2_task_image_run_3_wf/bold_fit_wf/ds_boldreg_wf/sources".
250527-17:53:19,792 nipype.workflow INFO:
	 [Node] Setting-up "fmriprep_25_0_wf.sub_GEO015_wf.bold_ses_t2_task_image_run_3_wf.bold_std_wf.gen_ref" in "/work/fmriprep_25_0_wf/sub_GEO015_wf/bold_ses_t2_task_image_run_3_wf/bold_std_wf/_in_tuple_MNI152NLin2009cAsym.resnative/gen_ref".
250527-17:53:19,793 nipype.workflow INFO:
	 [Node] Setting-up "fmriprep_25_0_wf.sub_GEO015_wf.bold_ses_t2_task_image_run_4_wf.bold_fit_wf.enhance_and_skullstrip_bold_wf.first_dilate" in "/work/fmriprep_25_0_wf/sub_GEO015_wf/bold_ses_t2_task_image_run_4_wf/bold_fit_wf/enhance_and_skullstrip_bold_wf/first_dilate".
250527-17:53:19,795 nipype.workflow INFO:
	 [Node] Setting-up "fmriprep_25_0_wf.sub_GEO015_wf.bold_ses_t2_task_image_run_4_wf.bold_fit_wf.ds_boldreg_wf.sources" in "/work/fmriprep_25_0_wf/sub_GEO015_wf/bold_ses_t2_task_image_run_4_wf/bold_fit_wf/ds_boldreg_wf/sources".
250527-17:53:19,795 nipype.workflow INFO:
	 [Node] Setting-up "fmriprep_25_0_wf.sub_GEO015_wf.bold_ses_t2_task_image_run_4_wf.bold_std_wf.gen_ref" in "/work/fmriprep_25_0_wf/sub_GEO015_wf/bold_ses_t2_task_image_run_4_wf/bold_std_wf/_in_tuple_MNI152NLin2009cAsym.resnative/gen_ref".
250527-17:53:19,805 nipype.workflow INFO:
	 [Node] Setting-up "fmriprep_25_0_wf.sub_GEO015_wf.bold_ses_t2_task_image_run_5_wf.bold_fit_wf.enhance_and_skullstrip_bold_wf.first_dilate" in "/work/fmriprep_25_0_wf/sub_GEO015_wf/bold_ses_t2_task_image_run_5_wf/bold_fit_wf/enhance_and_skullstrip_bold_wf/first_dilate".
250527-17:53:20,134 nipype.workflow INFO:
	 [Node] Executing "first_dilate" <niworkflows.interfaces.nibabel.BinaryDilation>
250527-17:53:20,395 nipype.workflow INFO:
	 [Node] Executing "gen_ref" <niworkflows.interfaces.nibabel.GenerateSamplingReference>
250527-17:53:20,400 nipype.workflow INFO:
	 [Node] Executing "gen_ref" <niworkflows.interfaces.nibabel.GenerateSamplingReference>
250527-17:53:20,686 nipype.workflow INFO:
	 [Node] Executing "sources" <fmriprep.interfaces.bids.BIDSURI>
250527-17:53:20,705 nipype.workflow INFO:
	 [Node] Executing "sources" <fmriprep.interfaces.bids.BIDSURI>
250527-17:53:20,881 nipype.workflow INFO:
	 [Node] Finished "first_dilate", elapsed time 0.746143s.
250527-17:53:20,882 nipype.workflow INFO:
	 [Node] Executing "first_dilate" <niworkflows.interfaces.nibabel.BinaryDilation>
250527-17:53:20,891 nipype.workflow INFO:
	 [Node] Finished "sources", elapsed time 0.001076s.
250527-17:53:20,891 nipype.workflow INFO:
	 [Node] Finished "sources", elapsed time 0.000762s.
250527-17:53:21,156 nipype.workflow INFO:
	 [Node] Finished "first_dilate", elapsed time 0.273347s.
250527-17:53:21,662 nipype.workflow INFO:
	 [Node] Finished "gen_ref", elapsed time 1.260266s.
250527-17:53:21,673 nipype.workflow INFO:
	 [Node] Finished "gen_ref", elapsed time 1.276287s.
250527-17:53:21,762 nipype.workflow INFO:
	 [Node] Setting-up "fmriprep_25_0_wf.sub_GEO015_wf.bold_ses_t2_task_image_run_5_wf.bold_fit_wf.ds_boldreg_wf.sources" in "/work/fmriprep_25_0_wf/sub_GEO015_wf/bold_ses_t2_task_image_run_5_wf/bold_fit_wf/ds_boldreg_wf/sources".
250527-17:53:21,763 nipype.workflow INFO:
	 [Node] Setting-up "fmriprep_25_0_wf.sub_GEO015_wf.bold_ses_t2_task_image_run_5_wf.bold_std_wf.gen_ref" in "/work/fmriprep_25_0_wf/sub_GEO015_wf/bold_ses_t2_task_image_run_5_wf/bold_std_wf/_in_tuple_MNI152NLin2009cAsym.resnative/gen_ref".
250527-17:53:21,771 nipype.workflow INFO:
	 [Node] Setting-up "fmriprep_25_0_wf.sub_GEO015_wf.bold_ses_t3_task_image_run_1_wf.bold_fit_wf.enhance_and_skullstrip_bold_wf.first_dilate" in "/work/fmriprep_25_0_wf/sub_GEO015_wf/bold_ses_t3_task_image_run_1_wf/bold_fit_wf/enhance_and_skullstrip_bold_wf/first_dilate".
250527-17:53:21,772 nipype.workflow INFO:
	 [Node] Setting-up "fmriprep_25_0_wf.sub_GEO015_wf.bold_ses_t3_task_image_run_1_wf.bold_fit_wf.ds_boldreg_wf.sources" in "/work/fmriprep_25_0_wf/sub_GEO015_wf/bold_ses_t3_task_image_run_1_wf/bold_fit_wf/ds_boldreg_wf/sources".
250527-17:53:21,777 nipype.workflow INFO:
	 [Node] Setting-up "fmriprep_25_0_wf.sub_GEO015_wf.bold_ses_t3_task_image_run_1_wf.bold_std_wf.gen_ref" in "/work/fmriprep_25_0_wf/sub_GEO015_wf/bold_ses_t3_task_image_run_1_wf/bold_std_wf/_in_tuple_MNI152NLin2009cAsym.resnative/gen_ref".
250527-17:53:22,529 nipype.workflow INFO:
	 [Node] Executing "first_dilate" <niworkflows.interfaces.nibabel.BinaryDilation>
250527-17:53:22,618 nipype.workflow INFO:
	 [Node] Executing "sources" <fmriprep.interfaces.bids.BIDSURI>
250527-17:53:22,619 nipype.workflow INFO:
	 [Node] Finished "sources", elapsed time 0.000556s.
250527-17:53:22,639 nipype.workflow INFO:
	 [Node] Executing "gen_ref" <niworkflows.interfaces.nibabel.GenerateSamplingReference>
250527-17:53:22,758 nipype.workflow INFO:
	 [Node] Executing "sources" <fmriprep.interfaces.bids.BIDSURI>
250527-17:53:22,760 nipype.workflow INFO:
	 [Node] Finished "sources", elapsed time 0.000604s.
250527-17:53:22,784 nipype.workflow INFO:
	 [Node] Executing "gen_ref" <niworkflows.interfaces.nibabel.GenerateSamplingReference>
250527-17:53:22,822 nipype.workflow INFO:
	 [Node] Finished "first_dilate", elapsed time 0.291449s.
250527-17:53:23,489 nipype.workflow INFO:
	 [Node] Finished "gen_ref", elapsed time 0.848758s.
250527-17:53:23,489 nipype.workflow INFO:
	 [Node] Finished "gen_ref", elapsed time 0.7035s.
250527-17:53:23,795 nipype.workflow INFO:
	 [Node] Setting-up "fmriprep_25_0_wf.sub_GEO015_wf.bold_ses_t3_task_image_run_2_wf.bold_fit_wf.enhance_and_skullstrip_bold_wf.first_dilate" in "/work/fmriprep_25_0_wf/sub_GEO015_wf/bold_ses_t3_task_image_run_2_wf/bold_fit_wf/enhance_and_skullstrip_bold_wf/first_dilate".
250527-17:53:23,797 nipype.workflow INFO:
	 [Node] Setting-up "fmriprep_25_0_wf.sub_GEO015_wf.bold_ses_t3_task_image_run_2_wf.bold_fit_wf.ds_boldreg_wf.sources" in "/work/fmriprep_25_0_wf/sub_GEO015_wf/bold_ses_t3_task_image_run_2_wf/bold_fit_wf/ds_boldreg_wf/sources".
250527-17:53:23,798 nipype.workflow INFO:
	 [Node] Setting-up "fmriprep_25_0_wf.sub_GEO015_wf.bold_ses_t3_task_image_run_2_wf.bold_std_wf.gen_ref" in "/work/fmriprep_25_0_wf/sub_GEO015_wf/bold_ses_t3_task_image_run_2_wf/bold_std_wf/_in_tuple_MNI152NLin2009cAsym.resnative/gen_ref".
250527-17:53:23,799 nipype.workflow INFO:
	 [Node] Setting-up "fmriprep_25_0_wf.sub_GEO015_wf.bold_ses_t3_task_image_run_3_wf.bold_fit_wf.enhance_and_skullstrip_bold_wf.first_dilate" in "/work/fmriprep_25_0_wf/sub_GEO015_wf/bold_ses_t3_task_image_run_3_wf/bold_fit_wf/enhance_and_skullstrip_bold_wf/first_dilate".
250527-17:53:23,800 nipype.workflow INFO:
	 [Node] Setting-up "fmriprep_25_0_wf.sub_GEO015_wf.bold_ses_t3_task_image_run_3_wf.bold_std_wf.gen_ref" in "/work/fmriprep_25_0_wf/sub_GEO015_wf/bold_ses_t3_task_image_run_3_wf/bold_std_wf/_in_tuple_MNI152NLin2009cAsym.resnative/gen_ref".
250527-17:53:23,801 nipype.workflow INFO:
	 [Node] Setting-up "fmriprep_25_0_wf.sub_GEO015_wf.bold_ses_t3_task_image_run_3_wf.bold_fit_wf.ds_boldreg_wf.sources" in "/work/fmriprep_25_0_wf/sub_GEO015_wf/bold_ses_t3_task_image_run_3_wf/bold_fit_wf/ds_boldreg_wf/sources".
250527-17:53:24,219 nipype.workflow INFO:
	 [Node] Executing "first_dilate" <niworkflows.interfaces.nibabel.BinaryDilation>
250527-17:53:24,385 nipype.workflow INFO:
	 [Node] Executing "first_dilate" <niworkflows.interfaces.nibabel.BinaryDilation>
250527-17:53:24,429 nipype.workflow INFO:
	 [Node] Executing "sources" <fmriprep.interfaces.bids.BIDSURI>
250527-17:53:24,430 nipype.workflow INFO:
	 [Node] Finished "sources", elapsed time 0.000707s.
250527-17:53:24,458 nipype.workflow INFO:
	 [Node] Executing "sources" <fmriprep.interfaces.bids.BIDSURI>
250527-17:53:24,459 nipype.workflow INFO:
	 [Node] Finished "sources", elapsed time 0.000575s.
250527-17:53:24,516 nipype.workflow INFO:
	 [Node] Executing "gen_ref" <niworkflows.interfaces.nibabel.GenerateSamplingReference>
250527-17:53:24,526 nipype.workflow INFO:
	 [Node] Executing "gen_ref" <niworkflows.interfaces.nibabel.GenerateSamplingReference>
250527-17:53:24,541 nipype.workflow INFO:
	 [Node] Finished "first_dilate", elapsed time 0.321208s.
250527-17:53:24,670 nipype.workflow INFO:
	 [Node] Finished "first_dilate", elapsed time 0.283083s.
250527-17:53:25,313 nipype.workflow INFO:
	 [Node] Finished "gen_ref", elapsed time 0.786327s.
250527-17:53:25,386 nipype.workflow INFO:
	 [Node] Finished "gen_ref", elapsed time 0.868159s.
250527-17:53:25,701 nipype.workflow INFO:
	 [Node] Setting-up "fmriprep_25_0_wf.sub_GEO015_wf.bold_ses_t3_task_image_run_4_wf.bold_fit_wf.enhance_and_skullstrip_bold_wf.first_dilate" in "/work/fmriprep_25_0_wf/sub_GEO015_wf/bold_ses_t3_task_image_run_4_wf/bold_fit_wf/enhance_and_skullstrip_bold_wf/first_dilate".
250527-17:53:25,702 nipype.workflow INFO:
	 [Node] Setting-up "fmriprep_25_0_wf.sub_GEO015_wf.bold_ses_t3_task_image_run_4_wf.bold_fit_wf.ds_boldreg_wf.sources" in "/work/fmriprep_25_0_wf/sub_GEO015_wf/bold_ses_t3_task_image_run_4_wf/bold_fit_wf/ds_boldreg_wf/sources".
250527-17:53:25,703 nipype.workflow INFO:
	 [Node] Setting-up "fmriprep_25_0_wf.sub_GEO015_wf.bold_ses_t3_task_image_run_4_wf.bold_std_wf.gen_ref" in "/work/fmriprep_25_0_wf/sub_GEO015_wf/bold_ses_t3_task_image_run_4_wf/bold_std_wf/_in_tuple_MNI152NLin2009cAsym.resnative/gen_ref".
250527-17:53:25,703 nipype.workflow INFO:
	 [Node] Setting-up "fmriprep_25_0_wf.sub_GEO015_wf.bold_ses_t3_task_image_run_5_wf.bold_fit_wf.enhance_and_skullstrip_bold_wf.first_dilate" in "/work/fmriprep_25_0_wf/sub_GEO015_wf/bold_ses_t3_task_image_run_5_wf/bold_fit_wf/enhance_and_skullstrip_bold_wf/first_dilate".
250527-17:53:25,704 nipype.workflow INFO:
	 [Node] Setting-up "fmriprep_25_0_wf.sub_GEO015_wf.bold_ses_t3_task_image_run_5_wf.bold_fit_wf.ds_boldreg_wf.sources" in "/work/fmriprep_25_0_wf/sub_GEO015_wf/bold_ses_t3_task_image_run_5_wf/bold_fit_wf/ds_boldreg_wf/sources".
250527-17:53:25,705 nipype.workflow INFO:
	 [Node] Setting-up "fmriprep_25_0_wf.sub_GEO015_wf.bold_ses_t3_task_image_run_5_wf.bold_std_wf.gen_ref" in "/work/fmriprep_25_0_wf/sub_GEO015_wf/bold_ses_t3_task_image_run_5_wf/bold_std_wf/_in_tuple_MNI152NLin2009cAsym.resnative/gen_ref".
250527-17:53:26,335 nipype.workflow INFO:
	 [Node] Executing "first_dilate" <niworkflows.interfaces.nibabel.BinaryDilation>
250527-17:53:26,495 nipype.workflow INFO:
	 [Node] Executing "first_dilate" <niworkflows.interfaces.nibabel.BinaryDilation>
250527-17:53:26,537 nipype.workflow INFO:
	 [Node] Executing "gen_ref" <niworkflows.interfaces.nibabel.GenerateSamplingReference>
250527-17:53:26,547 nipype.workflow INFO:
	 [Node] Executing "gen_ref" <niworkflows.interfaces.nibabel.GenerateSamplingReference>
250527-17:53:26,642 nipype.workflow INFO:
	 [Node] Executing "sources" <fmriprep.interfaces.bids.BIDSURI>
250527-17:53:26,644 nipype.workflow INFO:
	 [Node] Finished "sources", elapsed time 0.000553s.
250527-17:53:26,651 nipype.workflow INFO:
	 [Node] Executing "sources" <fmriprep.interfaces.bids.BIDSURI>
250527-17:53:26,653 nipype.workflow INFO:
	 [Node] Finished "sources", elapsed time 0.000882s.
250527-17:53:26,665 nipype.workflow INFO:
	 [Node] Finished "first_dilate", elapsed time 0.328675s.
250527-17:53:26,859 nipype.workflow INFO:
	 [Node] Finished "first_dilate", elapsed time 0.362809s.
250527-17:53:27,262 nipype.workflow INFO:
	 [Node] Finished "gen_ref", elapsed time 0.724026s.
250527-17:53:27,377 nipype.workflow INFO:
	 [Node] Finished "gen_ref", elapsed time 0.828876s.
250527-17:53:27,793 nipype.workflow INFO:
	 [Node] Setting-up "fmriprep_25_0_wf.sub_GEO015_wf.bold_ses_t3_task_retrans_run_1_wf.bold_fit_wf.enhance_and_skullstrip_bold_wf.first_dilate" in "/work/fmriprep_25_0_wf/sub_GEO015_wf/bold_ses_t3_task_retrans_run_1_wf/bold_fit_wf/enhance_and_skullstrip_bold_wf/first_dilate".
250527-17:53:27,793 nipype.workflow INFO:
	 [Node] Setting-up "fmriprep_25_0_wf.sub_GEO015_wf.bold_ses_t3_task_retrans_run_1_wf.bold_fit_wf.ds_boldreg_wf.sources" in "/work/fmriprep_25_0_wf/sub_GEO015_wf/bold_ses_t3_task_retrans_run_1_wf/bold_fit_wf/ds_boldreg_wf/sources".
250527-17:53:27,795 nipype.workflow INFO:
	 [Node] Setting-up "fmriprep_25_0_wf.sub_GEO015_wf.bold_ses_t3_task_retrans_run_1_wf.bold_std_wf.gen_ref" in "/work/fmriprep_25_0_wf/sub_GEO015_wf/bold_ses_t3_task_retrans_run_1_wf/bold_std_wf/_in_tuple_MNI152NLin2009cAsym.resnative/gen_ref".
250527-17:53:27,796 nipype.workflow INFO:
	 [Node] Setting-up "fmriprep_25_0_wf.sub_GEO015_wf.bold_ses_t2_task_image_run_1_wf.bold_fit_wf.enhance_and_skullstrip_bold_wf.first_mask" in "/work/fmriprep_25_0_wf/sub_GEO015_wf/bold_ses_t2_task_image_run_1_wf/bold_fit_wf/enhance_and_skullstrip_bold_wf/first_mask".
250527-17:53:27,797 nipype.workflow INFO:
	 [Node] Setting-up "fmriprep_25_0_wf.sub_GEO015_wf.bold_ses_t2_task_image_run_2_wf.bold_fit_wf.enhance_and_skullstrip_bold_wf.first_mask" in "/work/fmriprep_25_0_wf/sub_GEO015_wf/bold_ses_t2_task_image_run_2_wf/bold_fit_wf/enhance_and_skullstrip_bold_wf/first_mask".
250527-17:53:27,797 nipype.workflow INFO:
	 [Node] Setting-up "fmriprep_25_0_wf.sub_GEO015_wf.bold_ses_t2_task_image_run_3_wf.bold_fit_wf.enhance_and_skullstrip_bold_wf.first_mask" in "/work/fmriprep_25_0_wf/sub_GEO015_wf/bold_ses_t2_task_image_run_3_wf/bold_fit_wf/enhance_and_skullstrip_bold_wf/first_mask".
250527-17:53:28,230 nipype.workflow INFO:
	 [Node] Executing "first_mask" <niworkflows.interfaces.nibabel.ApplyMask>
250527-17:53:28,231 nipype.workflow INFO:
	 [Node] Executing "first_mask" <niworkflows.interfaces.nibabel.ApplyMask>
250527-17:53:28,242 nipype.workflow INFO:
	 [Node] Executing "sources" <fmriprep.interfaces.bids.BIDSURI>
250527-17:53:28,244 nipype.workflow INFO:
	 [Node] Finished "sources", elapsed time 0.000813s.
250527-17:53:28,440 nipype.workflow INFO:
	 [Node] Executing "first_mask" <niworkflows.interfaces.nibabel.ApplyMask>
250527-17:53:28,444 nipype.workflow INFO:
	 [Node] Executing "gen_ref" <niworkflows.interfaces.nibabel.GenerateSamplingReference>
250527-17:53:28,470 nipype.workflow INFO:
	 [Node] Finished "first_mask", elapsed time 0.239415s.
250527-17:53:28,515 nipype.workflow INFO:
	 [Node] Finished "first_mask", elapsed time 0.073743s.
250527-17:53:28,554 nipype.workflow INFO:
	 [Node] Executing "first_dilate" <niworkflows.interfaces.nibabel.BinaryDilation>
250527-17:53:28,832 nipype.workflow INFO:
	 [Node] Finished "first_mask", elapsed time 0.599837s.
250527-17:53:28,945 nipype.workflow INFO:
	 [Node] Finished "first_dilate", elapsed time 0.389607s.
250527-17:53:29,197 nipype.workflow INFO:
	 [Node] Finished "gen_ref", elapsed time 0.751235s.
250527-17:53:29,787 nipype.workflow INFO:
	 [Node] Setting-up "fmriprep_25_0_wf.sub_GEO015_wf.bold_ses_t2_task_image_run_4_wf.bold_fit_wf.enhance_and_skullstrip_bold_wf.first_mask" in "/work/fmriprep_25_0_wf/sub_GEO015_wf/bold_ses_t2_task_image_run_4_wf/bold_fit_wf/enhance_and_skullstrip_bold_wf/first_mask".
250527-17:53:29,788 nipype.workflow INFO:
	 [Node] Setting-up "fmriprep_25_0_wf.sub_GEO015_wf.bold_ses_t2_task_image_run_5_wf.bold_fit_wf.enhance_and_skullstrip_bold_wf.first_mask" in "/work/fmriprep_25_0_wf/sub_GEO015_wf/bold_ses_t2_task_image_run_5_wf/bold_fit_wf/enhance_and_skullstrip_bold_wf/first_mask".
250527-17:53:29,788 nipype.workflow INFO:
	 [Node] Setting-up "fmriprep_25_0_wf.sub_GEO015_wf.bold_ses_t3_task_image_run_1_wf.bold_fit_wf.enhance_and_skullstrip_bold_wf.first_mask" in "/work/fmriprep_25_0_wf/sub_GEO015_wf/bold_ses_t3_task_image_run_1_wf/bold_fit_wf/enhance_and_skullstrip_bold_wf/first_mask".
250527-17:53:29,790 nipype.workflow INFO:
	 [Node] Setting-up "fmriprep_25_0_wf.sub_GEO015_wf.bold_ses_t3_task_image_run_2_wf.bold_fit_wf.enhance_and_skullstrip_bold_wf.first_mask" in "/work/fmriprep_25_0_wf/sub_GEO015_wf/bold_ses_t3_task_image_run_2_wf/bold_fit_wf/enhance_and_skullstrip_bold_wf/first_mask".
250527-17:53:29,790 nipype.workflow INFO:
	 [Node] Setting-up "fmriprep_25_0_wf.sub_GEO015_wf.bold_ses_t3_task_image_run_3_wf.bold_fit_wf.enhance_and_skullstrip_bold_wf.first_mask" in "/work/fmriprep_25_0_wf/sub_GEO015_wf/bold_ses_t3_task_image_run_3_wf/bold_fit_wf/enhance_and_skullstrip_bold_wf/first_mask".
250527-17:53:30,461 nipype.workflow INFO:
	 [Node] Executing "first_mask" <niworkflows.interfaces.nibabel.ApplyMask>
250527-17:53:30,548 nipype.workflow INFO:
	 [Node] Executing "first_mask" <niworkflows.interfaces.nibabel.ApplyMask>
250527-17:53:30,588 nipype.workflow INFO:
	 [Node] Finished "first_mask", elapsed time 0.125787s.
250527-17:53:30,666 nipype.workflow INFO:
	 [Node] Finished "first_mask", elapsed time 0.116888s.
250527-17:53:30,733 nipype.workflow INFO:
	 [Node] Executing "first_mask" <niworkflows.interfaces.nibabel.ApplyMask>
250527-17:53:30,751 nipype.workflow INFO:
	 [Node] Executing "first_mask" <niworkflows.interfaces.nibabel.ApplyMask>
250527-17:53:30,825 nipype.workflow INFO:
	 [Node] Executing "first_mask" <niworkflows.interfaces.nibabel.ApplyMask>
250527-17:53:30,843 nipype.workflow INFO:
	 [Node] Finished "first_mask", elapsed time 0.108578s.
250527-17:53:30,870 nipype.workflow INFO:
	 [Node] Finished "first_mask", elapsed time 0.117323s.
250527-17:53:30,937 nipype.workflow INFO:
	 [Node] Finished "first_mask", elapsed time 0.110798s.
250527-17:53:31,812 nipype.workflow INFO:
	 [Node] Setting-up "fmriprep_25_0_wf.sub_GEO015_wf.bold_ses_t3_task_image_run_4_wf.bold_fit_wf.enhance_and_skullstrip_bold_wf.first_mask" in "/work/fmriprep_25_0_wf/sub_GEO015_wf/bold_ses_t3_task_image_run_4_wf/bold_fit_wf/enhance_and_skullstrip_bold_wf/first_mask".
250527-17:53:31,815 nipype.workflow INFO:
	 [Node] Setting-up "fmriprep_25_0_wf.sub_GEO015_wf.bold_ses_t2_task_image_run_1_wf.bold_native_wf.boldref_bold" in "/work/fmriprep_25_0_wf/sub_GEO015_wf/bold_ses_t2_task_image_run_1_wf/bold_native_wf/boldref_bold".
250527-17:53:32,544 nipype.workflow INFO:
	 [Node] Executing "first_mask" <niworkflows.interfaces.nibabel.ApplyMask>
250527-17:53:32,649 nipype.workflow INFO:
	 [Node] Finished "first_mask", elapsed time 0.103665s.
250527-17:53:32,762 nipype.workflow INFO:
	 [Node] Executing "boldref_bold" <fmriprep.interfaces.resampling.ResampleSeries>
250527-17:53:33,790 nipype.workflow INFO:
	 [Node] Setting-up "fmriprep_25_0_wf.sub_GEO015_wf.bold_ses_t3_task_image_run_5_wf.bold_fit_wf.enhance_and_skullstrip_bold_wf.first_mask" in "/work/fmriprep_25_0_wf/sub_GEO015_wf/bold_ses_t3_task_image_run_5_wf/bold_fit_wf/enhance_and_skullstrip_bold_wf/first_mask".
250527-17:53:34,109 nipype.workflow INFO:
	 [Node] Executing "first_mask" <niworkflows.interfaces.nibabel.ApplyMask>
250527-17:53:34,215 nipype.workflow INFO:
	 [Node] Finished "first_mask", elapsed time 0.104764s.
250527-17:53:35,807 nipype.workflow INFO:
	 [Node] Setting-up "fmriprep_25_0_wf.sub_GEO015_wf.bold_ses_t3_task_retrans_run_1_wf.bold_fit_wf.enhance_and_skullstrip_bold_wf.first_mask" in "/work/fmriprep_25_0_wf/sub_GEO015_wf/bold_ses_t3_task_retrans_run_1_wf/bold_fit_wf/enhance_and_skullstrip_bold_wf/first_mask".
250527-17:53:36,622 nipype.workflow INFO:
	 [Node] Executing "first_mask" <niworkflows.interfaces.nibabel.ApplyMask>
250527-17:53:36,755 nipype.workflow INFO:
	 [Node] Finished "first_mask", elapsed time 0.131379s.
250527-17:53:37,705 nipype.workflow INFO:
	 [Node] Setting-up "fmriprep_25_0_wf.sub_GEO015_wf.bold_ses_t2_task_image_run_1_wf.bold_fit_wf.enhance_and_skullstrip_bold_wf.unifize" in "/work/fmriprep_25_0_wf/sub_GEO015_wf/bold_ses_t2_task_image_run_1_wf/bold_fit_wf/enhance_and_skullstrip_bold_wf/unifize".
250527-17:53:38,586 nipype.workflow INFO:
	 [Node] Executing "unifize" <nipype.interfaces.afni.utils.Unifize>
250527-17:54:11,465 nipype.workflow INFO:
	 [Node] Finished "boldref_bold", elapsed time 38.701494s.
250527-17:54:13,836 nipype.workflow INFO:
	 [Node] Setting-up "fmriprep_25_0_wf.sub_GEO015_wf.bold_ses_t2_task_image_run_2_wf.bold_native_wf.boldref_bold" in "/work/fmriprep_25_0_wf/sub_GEO015_wf/bold_ses_t2_task_image_run_2_wf/bold_native_wf/boldref_bold".
250527-17:54:14,426 nipype.workflow INFO:
	 [Node] Executing "boldref_bold" <fmriprep.interfaces.resampling.ResampleSeries>
250527-17:54:51,856 nipype.workflow INFO:
	 [Node] Finished "boldref_bold", elapsed time 37.428258s.
250527-17:54:53,827 nipype.workflow INFO:
	 [Node] Setting-up "fmriprep_25_0_wf.sub_GEO015_wf.bold_ses_t2_task_image_run_3_wf.bold_native_wf.boldref_bold" in "/work/fmriprep_25_0_wf/sub_GEO015_wf/bold_ses_t2_task_image_run_3_wf/bold_native_wf/boldref_bold".
250527-17:54:54,549 nipype.workflow INFO:
	 [Node] Executing "boldref_bold" <fmriprep.interfaces.resampling.ResampleSeries>
250527-17:55:32,857 nipype.workflow INFO:
	 [Node] Finished "boldref_bold", elapsed time 38.305913s.
250527-17:55:33,825 nipype.workflow INFO:
	 [Node] Setting-up "fmriprep_25_0_wf.sub_GEO015_wf.bold_ses_t2_task_image_run_4_wf.bold_native_wf.boldref_bold" in "/work/fmriprep_25_0_wf/sub_GEO015_wf/bold_ses_t2_task_image_run_4_wf/bold_native_wf/boldref_bold".
250527-17:55:36,79 nipype.workflow INFO:
	 [Node] Executing "boldref_bold" <fmriprep.interfaces.resampling.ResampleSeries>
250527-17:56:13,522 nipype.workflow INFO:
	 [Node] Finished "boldref_bold", elapsed time 37.441006s.
250527-17:56:15,865 nipype.workflow INFO:
	 [Node] Setting-up "fmriprep_25_0_wf.sub_GEO015_wf.bold_ses_t2_task_image_run_5_wf.bold_native_wf.boldref_bold" in "/work/fmriprep_25_0_wf/sub_GEO015_wf/bold_ses_t2_task_image_run_5_wf/bold_native_wf/boldref_bold".
250527-17:56:16,952 nipype.workflow INFO:
	 [Node] Executing "boldref_bold" <fmriprep.interfaces.resampling.ResampleSeries>
250527-17:56:57,32 nipype.workflow INFO:
	 [Node] Finished "boldref_bold", elapsed time 40.07243s.
250527-17:56:57,892 nipype.workflow INFO:
	 [Node] Setting-up "fmriprep_25_0_wf.sub_GEO015_wf.bold_ses_t3_task_image_run_1_wf.bold_native_wf.boldref_bold" in "/work/fmriprep_25_0_wf/sub_GEO015_wf/bold_ses_t3_task_image_run_1_wf/bold_native_wf/boldref_bold".
250527-17:56:58,524 nipype.workflow INFO:
	 [Node] Executing "boldref_bold" <fmriprep.interfaces.resampling.ResampleSeries>
250527-17:57:19,514 nipype.workflow INFO:
	 [Node] Finished "unifize", elapsed time 220.926861s.
250527-17:57:21,887 nipype.workflow INFO:
	 [Node] Setting-up "fmriprep_25_0_wf.sub_GEO015_wf.bold_ses_t2_task_image_run_2_wf.bold_fit_wf.enhance_and_skullstrip_bold_wf.unifize" in "/work/fmriprep_25_0_wf/sub_GEO015_wf/bold_ses_t2_task_image_run_2_wf/bold_fit_wf/enhance_and_skullstrip_bold_wf/unifize".
250527-17:57:22,483 nipype.workflow INFO:
	 [Node] Executing "unifize" <nipype.interfaces.afni.utils.Unifize>
250527-17:57:38,468 nipype.workflow INFO:
	 [Node] Finished "boldref_bold", elapsed time 39.941992s.
250527-17:57:39,890 nipype.workflow INFO:
	 [Node] Setting-up "fmriprep_25_0_wf.sub_GEO015_wf.bold_ses_t3_task_image_run_2_wf.bold_native_wf.boldref_bold" in "/work/fmriprep_25_0_wf/sub_GEO015_wf/bold_ses_t3_task_image_run_2_wf/bold_native_wf/boldref_bold".
250527-17:57:40,416 nipype.workflow INFO:
	 [Node] Executing "boldref_bold" <fmriprep.interfaces.resampling.ResampleSeries>
250527-17:58:20,397 nipype.workflow INFO:
	 [Node] Finished "boldref_bold", elapsed time 39.97918s.
250527-17:58:21,899 nipype.workflow INFO:
	 [Node] Setting-up "fmriprep_25_0_wf.sub_GEO015_wf.bold_ses_t3_task_image_run_3_wf.bold_native_wf.boldref_bold" in "/work/fmriprep_25_0_wf/sub_GEO015_wf/bold_ses_t3_task_image_run_3_wf/bold_native_wf/boldref_bold".
250527-17:58:22,732 nipype.workflow INFO:
	 [Node] Executing "boldref_bold" <fmriprep.interfaces.resampling.ResampleSeries>
250527-17:59:00,822 nipype.workflow INFO:
	 [Node] Finished "boldref_bold", elapsed time 38.088144s.
250527-17:59:01,904 nipype.workflow INFO:
	 [Node] Setting-up "fmriprep_25_0_wf.sub_GEO015_wf.bold_ses_t3_task_image_run_4_wf.bold_native_wf.boldref_bold" in "/work/fmriprep_25_0_wf/sub_GEO015_wf/bold_ses_t3_task_image_run_4_wf/bold_native_wf/boldref_bold".
250527-17:59:03,2 nipype.workflow INFO:
	 [Node] Executing "boldref_bold" <fmriprep.interfaces.resampling.ResampleSeries>
250527-17:59:40,498 nipype.workflow INFO:
	 [Node] Finished "boldref_bold", elapsed time 37.493168s.
250527-17:59:41,935 nipype.workflow INFO:
	 [Node] Setting-up "fmriprep_25_0_wf.sub_GEO015_wf.bold_ses_t3_task_image_run_5_wf.bold_native_wf.boldref_bold" in "/work/fmriprep_25_0_wf/sub_GEO015_wf/bold_ses_t3_task_image_run_5_wf/bold_native_wf/boldref_bold".
250527-17:59:42,968 nipype.workflow INFO:
	 [Node] Executing "boldref_bold" <fmriprep.interfaces.resampling.ResampleSeries>
250527-18:00:20,513 nipype.workflow INFO:
	 [Node] Finished "boldref_bold", elapsed time 37.523906s.
250527-18:00:21,961 nipype.workflow INFO:
	 [Node] Setting-up "fmriprep_25_0_wf.sub_GEO015_wf.bold_ses_t3_task_retrans_run_1_wf.bold_native_wf.boldref_bold" in "/work/fmriprep_25_0_wf/sub_GEO015_wf/bold_ses_t3_task_retrans_run_1_wf/bold_native_wf/boldref_bold".
250527-18:00:23,391 nipype.workflow INFO:
	 [Node] Executing "boldref_bold" <fmriprep.interfaces.resampling.ResampleSeries>
250527-18:01:05,164 nipype.workflow INFO:
	 [Node] Finished "unifize", elapsed time 222.680381s.
250527-18:01:07,970 nipype.workflow INFO:
	 [Node] Setting-up "fmriprep_25_0_wf.sub_GEO015_wf.bold_ses_t2_task_image_run_3_wf.bold_fit_wf.enhance_and_skullstrip_bold_wf.unifize" in "/work/fmriprep_25_0_wf/sub_GEO015_wf/bold_ses_t2_task_image_run_3_wf/bold_fit_wf/enhance_and_skullstrip_bold_wf/unifize".
250527-18:01:08,831 nipype.workflow INFO:
	 [Node] Executing "unifize" <nipype.interfaces.afni.utils.Unifize>
250527-18:01:12,514 nipype.workflow INFO:
	 [Node] Finished "boldref_bold", elapsed time 49.121814s.
250527-18:01:14,3 nipype.workflow INFO:
	 [Node] Setting-up "fmriprep_25_0_wf.sub_GEO015_wf.bold_ses_t2_task_image_run_4_wf.bold_fit_wf.enhance_and_skullstrip_bold_wf.unifize" in "/work/fmriprep_25_0_wf/sub_GEO015_wf/bold_ses_t2_task_image_run_4_wf/bold_fit_wf/enhance_and_skullstrip_bold_wf/unifize".
250527-18:01:14,29 nipype.workflow INFO:
	 [Node] Setting-up "fmriprep_25_0_wf.sub_GEO015_wf.bold_ses_t2_task_image_run_5_wf.bold_fit_wf.enhance_and_skullstrip_bold_wf.unifize" in "/work/fmriprep_25_0_wf/sub_GEO015_wf/bold_ses_t2_task_image_run_5_wf/bold_fit_wf/enhance_and_skullstrip_bold_wf/unifize".
250527-18:01:14,55 nipype.workflow INFO:
	 [Node] Setting-up "fmriprep_25_0_wf.sub_GEO015_wf.bold_ses_t3_task_image_run_1_wf.bold_fit_wf.enhance_and_skullstrip_bold_wf.unifize" in "/work/fmriprep_25_0_wf/sub_GEO015_wf/bold_ses_t3_task_image_run_1_wf/bold_fit_wf/enhance_and_skullstrip_bold_wf/unifize".
250527-18:01:14,70 nipype.workflow INFO:
	 [Node] Setting-up "fmriprep_25_0_wf.sub_GEO015_wf.bold_ses_t3_task_image_run_2_wf.bold_fit_wf.enhance_and_skullstrip_bold_wf.unifize" in "/work/fmriprep_25_0_wf/sub_GEO015_wf/bold_ses_t3_task_image_run_2_wf/bold_fit_wf/enhance_and_skullstrip_bold_wf/unifize".
250527-18:01:14,87 nipype.workflow INFO:
	 [Node] Setting-up "fmriprep_25_0_wf.sub_GEO015_wf.bold_ses_t3_task_image_run_3_wf.bold_fit_wf.enhance_and_skullstrip_bold_wf.unifize" in "/work/fmriprep_25_0_wf/sub_GEO015_wf/bold_ses_t3_task_image_run_3_wf/bold_fit_wf/enhance_and_skullstrip_bold_wf/unifize".
250527-18:01:14,100 nipype.workflow INFO:
	 [Node] Setting-up "fmriprep_25_0_wf.sub_GEO015_wf.bold_ses_t3_task_image_run_4_wf.bold_fit_wf.enhance_and_skullstrip_bold_wf.unifize" in "/work/fmriprep_25_0_wf/sub_GEO015_wf/bold_ses_t3_task_image_run_4_wf/bold_fit_wf/enhance_and_skullstrip_bold_wf/unifize".
250527-18:01:14,108 nipype.workflow INFO:
	 [Node] Setting-up "fmriprep_25_0_wf.sub_GEO015_wf.bold_ses_t3_task_image_run_5_wf.bold_fit_wf.enhance_and_skullstrip_bold_wf.unifize" in "/work/fmriprep_25_0_wf/sub_GEO015_wf/bold_ses_t3_task_image_run_5_wf/bold_fit_wf/enhance_and_skullstrip_bold_wf/unifize".
250527-18:01:15,625 nipype.workflow INFO:
	 [Node] Executing "unifize" <nipype.interfaces.afni.utils.Unifize>
250527-18:01:15,630 nipype.workflow INFO:
	 [Node] Executing "unifize" <nipype.interfaces.afni.utils.Unifize>
250527-18:01:15,688 nipype.workflow INFO:
	 [Node] Executing "unifize" <nipype.interfaces.afni.utils.Unifize>
250527-18:01:15,813 nipype.workflow INFO:
	 [Node] Executing "unifize" <nipype.interfaces.afni.utils.Unifize>
250527-18:01:16,182 nipype.workflow INFO:
	 [Node] Executing "unifize" <nipype.interfaces.afni.utils.Unifize>
250527-18:01:16,186 nipype.workflow INFO:
	 [Node] Executing "unifize" <nipype.interfaces.afni.utils.Unifize>
250527-18:01:16,187 nipype.workflow INFO:
	 [Node] Executing "unifize" <nipype.interfaces.afni.utils.Unifize>
250527-18:05:10,493 nipype.workflow INFO:
	 [Node] Finished "unifize", elapsed time 234.678882s.
250527-18:05:11,514 nipype.workflow INFO:
	 [Node] Finished "unifize", elapsed time 242.681616s.
250527-18:05:12,175 nipype.workflow INFO:
	 [Node] Setting-up "fmriprep_25_0_wf.sub_GEO015_wf.bold_ses_t3_task_retrans_run_1_wf.bold_fit_wf.enhance_and_skullstrip_bold_wf.unifize" in "/work/fmriprep_25_0_wf/sub_GEO015_wf/bold_ses_t3_task_retrans_run_1_wf/bold_fit_wf/enhance_and_skullstrip_bold_wf/unifize".
250527-18:05:12,513 nipype.workflow INFO:
	 [Node] Finished "unifize", elapsed time 236.881828s.
250527-18:05:12,888 nipype.workflow INFO:
	 [Node] Executing "unifize" <nipype.interfaces.afni.utils.Unifize>
250527-18:05:14,239 nipype.workflow INFO:
	 [Node] Setting-up "fmriprep_25_0_wf.sub_GEO015_wf.bold_ses_t2_task_image_run_1_wf.bold_fit_wf.enhance_and_skullstrip_bold_wf.fixhdr_unifize" in "/work/fmriprep_25_0_wf/sub_GEO015_wf/bold_ses_t2_task_image_run_1_wf/bold_fit_wf/enhance_and_skullstrip_bold_wf/fixhdr_unifize".
250527-18:05:14,256 nipype.workflow INFO:
	 [Node] Setting-up "fmriprep_25_0_wf.sub_GEO015_wf.bold_ses_t2_task_image_run_2_wf.bold_fit_wf.enhance_and_skullstrip_bold_wf.fixhdr_unifize" in "/work/fmriprep_25_0_wf/sub_GEO015_wf/bold_ses_t2_task_image_run_2_wf/bold_fit_wf/enhance_and_skullstrip_bold_wf/fixhdr_unifize".
250527-18:05:15,166 nipype.workflow INFO:
	 [Node] Finished "unifize", elapsed time 238.983254s.
250527-18:05:15,243 nipype.workflow INFO:
	 [Node] Executing "fixhdr_unifize" <niworkflows.interfaces.header.CopyXForm>
250527-18:05:15,353 nipype.workflow INFO:
	 [Node] Executing "fixhdr_unifize" <niworkflows.interfaces.header.CopyXForm>
250527-18:05:15,485 nipype.workflow INFO:
	 [Node] Finished "fixhdr_unifize", elapsed time 0.240587s.
250527-18:05:15,753 nipype.workflow INFO:
	 [Node] Finished "fixhdr_unifize", elapsed time 0.398603s.
250527-18:05:16,63 nipype.workflow INFO:
	 [Node] Finished "unifize", elapsed time 240.437432s.
250527-18:05:16,210 nipype.workflow INFO:
	 [Node] Setting-up "fmriprep_25_0_wf.sub_GEO015_wf.bold_ses_t2_task_image_run_3_wf.bold_fit_wf.enhance_and_skullstrip_bold_wf.fixhdr_unifize" in "/work/fmriprep_25_0_wf/sub_GEO015_wf/bold_ses_t2_task_image_run_3_wf/bold_fit_wf/enhance_and_skullstrip_bold_wf/fixhdr_unifize".
250527-18:05:16,211 nipype.workflow INFO:
	 [Node] Setting-up "fmriprep_25_0_wf.sub_GEO015_wf.bold_ses_t2_task_image_run_5_wf.bold_fit_wf.enhance_and_skullstrip_bold_wf.fixhdr_unifize" in "/work/fmriprep_25_0_wf/sub_GEO015_wf/bold_ses_t2_task_image_run_5_wf/bold_fit_wf/enhance_and_skullstrip_bold_wf/fixhdr_unifize".
250527-18:05:16,938 nipype.workflow INFO:
	 [Node] Executing "fixhdr_unifize" <niworkflows.interfaces.header.CopyXForm>
250527-18:05:17,194 nipype.workflow INFO:
	 [Node] Executing "fixhdr_unifize" <niworkflows.interfaces.header.CopyXForm>
250527-18:05:17,335 nipype.workflow INFO:
	 [Node] Finished "fixhdr_unifize", elapsed time 0.395138s.
250527-18:05:17,456 nipype.workflow INFO:
	 [Node] Finished "fixhdr_unifize", elapsed time 0.260907s.
250527-18:05:18,162 nipype.workflow INFO:
	 [Node] Setting-up "fmriprep_25_0_wf.sub_GEO015_wf.bold_ses_t2_task_image_run_4_wf.bold_fit_wf.enhance_and_skullstrip_bold_wf.fixhdr_unifize" in "/work/fmriprep_25_0_wf/sub_GEO015_wf/bold_ses_t2_task_image_run_4_wf/bold_fit_wf/enhance_and_skullstrip_bold_wf/fixhdr_unifize".
250527-18:05:18,163 nipype.workflow INFO:
	 [Node] Setting-up "fmriprep_25_0_wf.sub_GEO015_wf.bold_ses_t3_task_image_run_3_wf.bold_fit_wf.enhance_and_skullstrip_bold_wf.fixhdr_unifize" in "/work/fmriprep_25_0_wf/sub_GEO015_wf/bold_ses_t3_task_image_run_3_wf/bold_fit_wf/enhance_and_skullstrip_bold_wf/fixhdr_unifize".
250527-18:05:18,164 nipype.workflow INFO:
	 [Node] Setting-up "fmriprep_25_0_wf.sub_GEO015_wf.bold_ses_t3_task_image_run_5_wf.bold_fit_wf.enhance_and_skullstrip_bold_wf.fixhdr_unifize" in "/work/fmriprep_25_0_wf/sub_GEO015_wf/bold_ses_t3_task_image_run_5_wf/bold_fit_wf/enhance_and_skullstrip_bold_wf/fixhdr_unifize".
250527-18:05:18,583 nipype.workflow INFO:
	 [Node] Finished "unifize", elapsed time 242.893899s.
250527-18:05:18,953 nipype.workflow INFO:
	 [Node] Executing "fixhdr_unifize" <niworkflows.interfaces.header.CopyXForm>
250527-18:05:19,41 nipype.workflow INFO:
	 [Node] Executing "fixhdr_unifize" <niworkflows.interfaces.header.CopyXForm>
250527-18:05:19,323 nipype.workflow INFO:
	 [Node] Executing "fixhdr_unifize" <niworkflows.interfaces.header.CopyXForm>
250527-18:05:19,333 nipype.workflow INFO:
	 [Node] Finished "fixhdr_unifize", elapsed time 0.37931s.
250527-18:05:19,378 nipype.workflow INFO:
	 [Node] Finished "fixhdr_unifize", elapsed time 0.335687s.
250527-18:05:19,458 nipype.workflow INFO:
	 [Node] Finished "unifize", elapsed time 243.270672s.
250527-18:05:19,540 nipype.workflow INFO:
	 [Node] Finished "fixhdr_unifize", elapsed time 0.215505s.
250527-18:05:20,152 nipype.workflow INFO:
	 [Node] Setting-up "fmriprep_25_0_wf.sub_GEO015_wf.bold_ses_t3_task_image_run_2_wf.bold_fit_wf.enhance_and_skullstrip_bold_wf.fixhdr_unifize" in "/work/fmriprep_25_0_wf/sub_GEO015_wf/bold_ses_t3_task_image_run_2_wf/bold_fit_wf/enhance_and_skullstrip_bold_wf/fixhdr_unifize".
250527-18:05:20,153 nipype.workflow INFO:
	 [Node] Setting-up "fmriprep_25_0_wf.sub_GEO015_wf.bold_ses_t2_task_image_run_1_wf.bold_fit_wf.enhance_and_skullstrip_bold_wf.skullstrip_second_pass" in "/work/fmriprep_25_0_wf/sub_GEO015_wf/bold_ses_t2_task_image_run_1_wf/bold_fit_wf/enhance_and_skullstrip_bold_wf/skullstrip_second_pass".
250527-18:05:20,154 nipype.workflow INFO:
	 [Node] Setting-up "fmriprep_25_0_wf.sub_GEO015_wf.bold_ses_t2_task_image_run_2_wf.bold_fit_wf.enhance_and_skullstrip_bold_wf.skullstrip_second_pass" in "/work/fmriprep_25_0_wf/sub_GEO015_wf/bold_ses_t2_task_image_run_2_wf/bold_fit_wf/enhance_and_skullstrip_bold_wf/skullstrip_second_pass".
250527-18:05:20,154 nipype.workflow INFO:
	 [Node] Setting-up "fmriprep_25_0_wf.sub_GEO015_wf.bold_ses_t2_task_image_run_3_wf.bold_fit_wf.enhance_and_skullstrip_bold_wf.skullstrip_second_pass" in "/work/fmriprep_25_0_wf/sub_GEO015_wf/bold_ses_t2_task_image_run_3_wf/bold_fit_wf/enhance_and_skullstrip_bold_wf/skullstrip_second_pass".
250527-18:05:20,975 nipype.workflow INFO:
	 [Node] Executing "skullstrip_second_pass" <nipype.interfaces.afni.preprocess.Automask>
250527-18:05:20,988 nipype.workflow INFO:
	 [Node] Executing "fixhdr_unifize" <niworkflows.interfaces.header.CopyXForm>
250527-18:05:20,995 nipype.workflow INFO:
	 [Node] Executing "skullstrip_second_pass" <nipype.interfaces.afni.preprocess.Automask>
250527-18:05:21,212 nipype.workflow INFO:
	 [Node] Executing "skullstrip_second_pass" <nipype.interfaces.afni.preprocess.Automask>
250527-18:05:21,226 nipype.workflow INFO:
	 [Node] Finished "fixhdr_unifize", elapsed time 0.237109s.
250527-18:05:21,997 nipype.workflow INFO:
	 [Node] Finished "skullstrip_second_pass", elapsed time 1.020796s.
250527-18:05:22,14 nipype.workflow INFO:
	 [Node] Finished "skullstrip_second_pass", elapsed time 1.017677s.
250527-18:05:22,106 nipype.workflow INFO:
	 [Node] Finished "skullstrip_second_pass", elapsed time 0.892755s.
250527-18:05:22,183 nipype.workflow INFO:
	 [Node] Setting-up "fmriprep_25_0_wf.sub_GEO015_wf.bold_ses_t3_task_image_run_1_wf.bold_fit_wf.enhance_and_skullstrip_bold_wf.fixhdr_unifize" in "/work/fmriprep_25_0_wf/sub_GEO015_wf/bold_ses_t3_task_image_run_1_wf/bold_fit_wf/enhance_and_skullstrip_bold_wf/fixhdr_unifize".
250527-18:05:22,183 nipype.workflow INFO:
	 [Node] Setting-up "fmriprep_25_0_wf.sub_GEO015_wf.bold_ses_t2_task_image_run_4_wf.bold_fit_wf.enhance_and_skullstrip_bold_wf.skullstrip_second_pass" in "/work/fmriprep_25_0_wf/sub_GEO015_wf/bold_ses_t2_task_image_run_4_wf/bold_fit_wf/enhance_and_skullstrip_bold_wf/skullstrip_second_pass".
250527-18:05:22,184 nipype.workflow INFO:
	 [Node] Setting-up "fmriprep_25_0_wf.sub_GEO015_wf.bold_ses_t2_task_image_run_5_wf.bold_fit_wf.enhance_and_skullstrip_bold_wf.skullstrip_second_pass" in "/work/fmriprep_25_0_wf/sub_GEO015_wf/bold_ses_t2_task_image_run_5_wf/bold_fit_wf/enhance_and_skullstrip_bold_wf/skullstrip_second_pass".
250527-18:05:22,646 nipype.workflow INFO:
	 [Node] Executing "skullstrip_second_pass" <nipype.interfaces.afni.preprocess.Automask>
250527-18:05:22,669 nipype.workflow INFO:
	 [Node] Executing "fixhdr_unifize" <niworkflows.interfaces.header.CopyXForm>
250527-18:05:22,725 nipype.workflow INFO:
	 [Node] Executing "skullstrip_second_pass" <nipype.interfaces.afni.preprocess.Automask>
250527-18:05:22,915 nipype.workflow INFO:
	 [Node] Finished "fixhdr_unifize", elapsed time 0.245257s.
250527-18:05:23,265 nipype.workflow INFO:
	 [Node] Finished "skullstrip_second_pass", elapsed time 0.618017s.
250527-18:05:23,424 nipype.workflow INFO:
	 [Node] Finished "skullstrip_second_pass", elapsed time 0.698029s.
250527-18:05:24,186 nipype.workflow INFO:
	 [Node] Setting-up "fmriprep_25_0_wf.sub_GEO015_wf.bold_ses_t3_task_image_run_1_wf.bold_fit_wf.enhance_and_skullstrip_bold_wf.skullstrip_second_pass" in "/work/fmriprep_25_0_wf/sub_GEO015_wf/bold_ses_t3_task_image_run_1_wf/bold_fit_wf/enhance_and_skullstrip_bold_wf/skullstrip_second_pass".
250527-18:05:24,186 nipype.workflow INFO:
	 [Node] Setting-up "fmriprep_25_0_wf.sub_GEO015_wf.bold_ses_t3_task_image_run_2_wf.bold_fit_wf.enhance_and_skullstrip_bold_wf.skullstrip_second_pass" in "/work/fmriprep_25_0_wf/sub_GEO015_wf/bold_ses_t3_task_image_run_2_wf/bold_fit_wf/enhance_and_skullstrip_bold_wf/skullstrip_second_pass".
250527-18:05:24,187 nipype.workflow INFO:
	 [Node] Setting-up "fmriprep_25_0_wf.sub_GEO015_wf.bold_ses_t3_task_image_run_3_wf.bold_fit_wf.enhance_and_skullstrip_bold_wf.skullstrip_second_pass" in "/work/fmriprep_25_0_wf/sub_GEO015_wf/bold_ses_t3_task_image_run_3_wf/bold_fit_wf/enhance_and_skullstrip_bold_wf/skullstrip_second_pass".
250527-18:05:24,188 nipype.workflow INFO:
	 [Node] Setting-up "fmriprep_25_0_wf.sub_GEO015_wf.bold_ses_t3_task_image_run_5_wf.bold_fit_wf.enhance_and_skullstrip_bold_wf.skullstrip_second_pass" in "/work/fmriprep_25_0_wf/sub_GEO015_wf/bold_ses_t3_task_image_run_5_wf/bold_fit_wf/enhance_and_skullstrip_bold_wf/skullstrip_second_pass".
250527-18:05:24,190 nipype.workflow INFO:
	 [Node] Setting-up "fmriprep_25_0_wf.sub_GEO015_wf.bold_ses_t2_task_image_run_1_wf.bold_fit_wf.enhance_and_skullstrip_bold_wf.fixhdr_skullstrip2" in "/work/fmriprep_25_0_wf/sub_GEO015_wf/bold_ses_t2_task_image_run_1_wf/bold_fit_wf/enhance_and_skullstrip_bold_wf/fixhdr_skullstrip2".
250527-18:05:24,191 nipype.workflow INFO:
	 [Node] Setting-up "fmriprep_25_0_wf.sub_GEO015_wf.bold_ses_t2_task_image_run_2_wf.bold_fit_wf.enhance_and_skullstrip_bold_wf.fixhdr_skullstrip2" in "/work/fmriprep_25_0_wf/sub_GEO015_wf/bold_ses_t2_task_image_run_2_wf/bold_fit_wf/enhance_and_skullstrip_bold_wf/fixhdr_skullstrip2".
250527-18:05:24,434 nipype.workflow INFO:
	 [Node] Finished "unifize", elapsed time 248.246147s.
250527-18:05:24,882 nipype.workflow INFO:
	 [Node] Executing "skullstrip_second_pass" <nipype.interfaces.afni.preprocess.Automask>
250527-18:05:24,918 nipype.workflow INFO:
	 [Node] Executing "fixhdr_skullstrip2" <niworkflows.interfaces.header.CopyXForm>
250527-18:05:24,993 nipype.workflow INFO:
	 [Node] Executing "skullstrip_second_pass" <nipype.interfaces.afni.preprocess.Automask>
250527-18:05:24,996 nipype.workflow INFO:
	 [Node] Executing "skullstrip_second_pass" <nipype.interfaces.afni.preprocess.Automask>
250527-18:05:25,37 nipype.workflow INFO:
	 [Node] Executing "fixhdr_skullstrip2" <niworkflows.interfaces.header.CopyXForm>
250527-18:05:25,47 nipype.workflow INFO:
	 [Node] Executing "skullstrip_second_pass" <nipype.interfaces.afni.preprocess.Automask>
250527-18:05:25,60 nipype.workflow INFO:
	 [Node] Finished "fixhdr_skullstrip2", elapsed time 0.140617s.
250527-18:05:25,335 nipype.workflow INFO:
	 [Node] Finished "fixhdr_skullstrip2", elapsed time 0.296476s.
250527-18:05:25,639 nipype.workflow INFO:
	 [Node] Finished "skullstrip_second_pass", elapsed time 0.755289s.
250527-18:05:25,672 nipype.workflow INFO:
	 [Node] Finished "skullstrip_second_pass", elapsed time 0.675569s.
250527-18:05:25,708 nipype.workflow INFO:
	 [Node] Finished "skullstrip_second_pass", elapsed time 0.714039s.
250527-18:05:25,773 nipype.workflow INFO:
	 [Node] Finished "skullstrip_second_pass", elapsed time 0.725852s.
250527-18:05:26,162 nipype.workflow INFO:
	 [Node] Setting-up "fmriprep_25_0_wf.sub_GEO015_wf.bold_ses_t3_task_image_run_4_wf.bold_fit_wf.enhance_and_skullstrip_bold_wf.fixhdr_unifize" in "/work/fmriprep_25_0_wf/sub_GEO015_wf/bold_ses_t3_task_image_run_4_wf/bold_fit_wf/enhance_and_skullstrip_bold_wf/fixhdr_unifize".
250527-18:05:26,164 nipype.workflow INFO:
	 [Node] Setting-up "fmriprep_25_0_wf.sub_GEO015_wf.bold_ses_t2_task_image_run_3_wf.bold_fit_wf.enhance_and_skullstrip_bold_wf.fixhdr_skullstrip2" in "/work/fmriprep_25_0_wf/sub_GEO015_wf/bold_ses_t2_task_image_run_3_wf/bold_fit_wf/enhance_and_skullstrip_bold_wf/fixhdr_skullstrip2".
250527-18:05:26,164 nipype.workflow INFO:
	 [Node] Setting-up "fmriprep_25_0_wf.sub_GEO015_wf.bold_ses_t2_task_image_run_4_wf.bold_fit_wf.enhance_and_skullstrip_bold_wf.fixhdr_skullstrip2" in "/work/fmriprep_25_0_wf/sub_GEO015_wf/bold_ses_t2_task_image_run_4_wf/bold_fit_wf/enhance_and_skullstrip_bold_wf/fixhdr_skullstrip2".
250527-18:05:26,847 nipype.workflow INFO:
	 [Node] Executing "fixhdr_skullstrip2" <niworkflows.interfaces.header.CopyXForm>
250527-18:05:26,944 nipype.workflow INFO:
	 [Node] Executing "fixhdr_unifize" <niworkflows.interfaces.header.CopyXForm>
250527-18:05:26,987 nipype.workflow INFO:
	 [Node] Executing "fixhdr_skullstrip2" <niworkflows.interfaces.header.CopyXForm>
250527-18:05:27,84 nipype.workflow INFO:
	 [Node] Finished "fixhdr_skullstrip2", elapsed time 0.235005s.
250527-18:05:27,124 nipype.workflow INFO:
	 [Node] Finished "fixhdr_skullstrip2", elapsed time 0.135647s.
250527-18:05:27,124 nipype.workflow INFO:
	 [Node] Finished "fixhdr_unifize", elapsed time 0.179038s.
250527-18:05:28,138 nipype.workflow INFO:
	 [Node] Setting-up "fmriprep_25_0_wf.sub_GEO015_wf.bold_ses_t3_task_image_run_4_wf.bold_fit_wf.enhance_and_skullstrip_bold_wf.skullstrip_second_pass" in "/work/fmriprep_25_0_wf/sub_GEO015_wf/bold_ses_t3_task_image_run_4_wf/bold_fit_wf/enhance_and_skullstrip_bold_wf/skullstrip_second_pass".
250527-18:05:28,139 nipype.workflow INFO:
	 [Node] Setting-up "fmriprep_25_0_wf.sub_GEO015_wf.bold_ses_t2_task_image_run_5_wf.bold_fit_wf.enhance_and_skullstrip_bold_wf.fixhdr_skullstrip2" in "/work/fmriprep_25_0_wf/sub_GEO015_wf/bold_ses_t2_task_image_run_5_wf/bold_fit_wf/enhance_and_skullstrip_bold_wf/fixhdr_skullstrip2".
250527-18:05:28,139 nipype.workflow INFO:
	 [Node] Setting-up "fmriprep_25_0_wf.sub_GEO015_wf.bold_ses_t3_task_image_run_1_wf.bold_fit_wf.enhance_and_skullstrip_bold_wf.fixhdr_skullstrip2" in "/work/fmriprep_25_0_wf/sub_GEO015_wf/bold_ses_t3_task_image_run_1_wf/bold_fit_wf/enhance_and_skullstrip_bold_wf/fixhdr_skullstrip2".
250527-18:05:28,140 nipype.workflow INFO:
	 [Node] Setting-up "fmriprep_25_0_wf.sub_GEO015_wf.bold_ses_t3_task_image_run_2_wf.bold_fit_wf.enhance_and_skullstrip_bold_wf.fixhdr_skullstrip2" in "/work/fmriprep_25_0_wf/sub_GEO015_wf/bold_ses_t3_task_image_run_2_wf/bold_fit_wf/enhance_and_skullstrip_bold_wf/fixhdr_skullstrip2".
250527-18:05:28,141 nipype.workflow INFO:
	 [Node] Setting-up "fmriprep_25_0_wf.sub_GEO015_wf.bold_ses_t3_task_image_run_3_wf.bold_fit_wf.enhance_and_skullstrip_bold_wf.fixhdr_skullstrip2" in "/work/fmriprep_25_0_wf/sub_GEO015_wf/bold_ses_t3_task_image_run_3_wf/bold_fit_wf/enhance_and_skullstrip_bold_wf/fixhdr_skullstrip2".
250527-18:05:28,141 nipype.workflow INFO:
	 [Node] Setting-up "fmriprep_25_0_wf.sub_GEO015_wf.bold_ses_t3_task_image_run_5_wf.bold_fit_wf.enhance_and_skullstrip_bold_wf.fixhdr_skullstrip2" in "/work/fmriprep_25_0_wf/sub_GEO015_wf/bold_ses_t3_task_image_run_5_wf/bold_fit_wf/enhance_and_skullstrip_bold_wf/fixhdr_skullstrip2".
250527-18:05:28,142 nipype.workflow INFO:
	 [Node] Setting-up "fmriprep_25_0_wf.sub_GEO015_wf.bold_ses_t2_task_image_run_1_wf.bold_fit_wf.enhance_and_skullstrip_bold_wf.combine_masks" in "/work/fmriprep_25_0_wf/sub_GEO015_wf/bold_ses_t2_task_image_run_1_wf/bold_fit_wf/enhance_and_skullstrip_bold_wf/combine_masks".
250527-18:05:28,801 nipype.workflow INFO:
	 [Node] Executing "fixhdr_skullstrip2" <niworkflows.interfaces.header.CopyXForm>
250527-18:05:28,802 nipype.workflow INFO:
	 [Node] Executing "fixhdr_skullstrip2" <niworkflows.interfaces.header.CopyXForm>
250527-18:05:28,906 nipype.workflow INFO:
	 [Node] Executing "skullstrip_second_pass" <nipype.interfaces.afni.preprocess.Automask>
250527-18:05:28,962 nipype.workflow INFO:
	 [Node] Executing "fixhdr_skullstrip2" <niworkflows.interfaces.header.CopyXForm>
250527-18:05:28,967 nipype.workflow INFO:
	 [Node] Executing "fixhdr_skullstrip2" <niworkflows.interfaces.header.CopyXForm>
250527-18:05:28,973 nipype.workflow INFO:
	 [Node] Finished "fixhdr_skullstrip2", elapsed time 0.170001s.
250527-18:05:28,979 nipype.workflow INFO:
	 [Node] Finished "fixhdr_skullstrip2", elapsed time 0.176587s.
250527-18:05:29,67 nipype.workflow INFO:
	 [Node] Executing "combine_masks" <nipype.interfaces.fsl.maths.BinaryMaths>
250527-18:05:29,113 nipype.workflow INFO:
	 [Node] Executing "fixhdr_skullstrip2" <niworkflows.interfaces.header.CopyXForm>
250527-18:05:29,119 nipype.workflow INFO:
	 [Node] Finished "fixhdr_skullstrip2", elapsed time 0.156011s.
250527-18:05:29,371 nipype.workflow INFO:
	 [Node] Finished "fixhdr_skullstrip2", elapsed time 0.402985s.
250527-18:05:29,536 nipype.workflow INFO:
	 [Node] Finished "fixhdr_skullstrip2", elapsed time 0.421676s.
250527-18:05:29,790 nipype.workflow INFO:
	 [Node] Finished "skullstrip_second_pass", elapsed time 0.883818s.
250527-18:05:29,821 nipype.workflow INFO:
	 [Node] Finished "combine_masks", elapsed time 0.752538s.
250527-18:05:30,160 nipype.workflow INFO:
	 [Node] Setting-up "fmriprep_25_0_wf.sub_GEO015_wf.bold_ses_t2_task_image_run_2_wf.bold_fit_wf.enhance_and_skullstrip_bold_wf.combine_masks" in "/work/fmriprep_25_0_wf/sub_GEO015_wf/bold_ses_t2_task_image_run_2_wf/bold_fit_wf/enhance_and_skullstrip_bold_wf/combine_masks".
250527-18:05:30,160 nipype.workflow INFO:
	 [Node] Setting-up "fmriprep_25_0_wf.sub_GEO015_wf.bold_ses_t2_task_image_run_3_wf.bold_fit_wf.enhance_and_skullstrip_bold_wf.combine_masks" in "/work/fmriprep_25_0_wf/sub_GEO015_wf/bold_ses_t2_task_image_run_3_wf/bold_fit_wf/enhance_and_skullstrip_bold_wf/combine_masks".
250527-18:05:30,161 nipype.workflow INFO:
	 [Node] Setting-up "fmriprep_25_0_wf.sub_GEO015_wf.bold_ses_t2_task_image_run_4_wf.bold_fit_wf.enhance_and_skullstrip_bold_wf.combine_masks" in "/work/fmriprep_25_0_wf/sub_GEO015_wf/bold_ses_t2_task_image_run_4_wf/bold_fit_wf/enhance_and_skullstrip_bold_wf/combine_masks".
250527-18:05:31,283 nipype.workflow INFO:
	 [Node] Executing "combine_masks" <nipype.interfaces.fsl.maths.BinaryMaths>
250527-18:05:31,341 nipype.workflow INFO:
	 [Node] Executing "combine_masks" <nipype.interfaces.fsl.maths.BinaryMaths>
250527-18:05:31,413 nipype.workflow INFO:
	 [Node] Executing "combine_masks" <nipype.interfaces.fsl.maths.BinaryMaths>
250527-18:05:31,724 nipype.workflow INFO:
	 [Node] Finished "combine_masks", elapsed time 0.439519s.
250527-18:05:31,744 nipype.workflow INFO:
	 [Node] Finished "combine_masks", elapsed time 0.402062s.
250527-18:05:31,831 nipype.workflow INFO:
	 [Node] Finished "combine_masks", elapsed time 0.416411s.
250527-18:05:32,177 nipype.workflow INFO:
	 [Node] Setting-up "fmriprep_25_0_wf.sub_GEO015_wf.bold_ses_t3_task_image_run_4_wf.bold_fit_wf.enhance_and_skullstrip_bold_wf.fixhdr_skullstrip2" in "/work/fmriprep_25_0_wf/sub_GEO015_wf/bold_ses_t3_task_image_run_4_wf/bold_fit_wf/enhance_and_skullstrip_bold_wf/fixhdr_skullstrip2".
250527-18:05:32,177 nipype.workflow INFO:
	 [Node] Setting-up "fmriprep_25_0_wf.sub_GEO015_wf.bold_ses_t2_task_image_run_5_wf.bold_fit_wf.enhance_and_skullstrip_bold_wf.combine_masks" in "/work/fmriprep_25_0_wf/sub_GEO015_wf/bold_ses_t2_task_image_run_5_wf/bold_fit_wf/enhance_and_skullstrip_bold_wf/combine_masks".
250527-18:05:32,178 nipype.workflow INFO:
	 [Node] Setting-up "fmriprep_25_0_wf.sub_GEO015_wf.bold_ses_t3_task_image_run_1_wf.bold_fit_wf.enhance_and_skullstrip_bold_wf.combine_masks" in "/work/fmriprep_25_0_wf/sub_GEO015_wf/bold_ses_t3_task_image_run_1_wf/bold_fit_wf/enhance_and_skullstrip_bold_wf/combine_masks".
250527-18:05:32,178 nipype.workflow INFO:
	 [Node] Setting-up "fmriprep_25_0_wf.sub_GEO015_wf.bold_ses_t3_task_image_run_2_wf.bold_fit_wf.enhance_and_skullstrip_bold_wf.combine_masks" in "/work/fmriprep_25_0_wf/sub_GEO015_wf/bold_ses_t3_task_image_run_2_wf/bold_fit_wf/enhance_and_skullstrip_bold_wf/combine_masks".
250527-18:05:33,30 nipype.workflow INFO:
	 [Node] Executing "combine_masks" <nipype.interfaces.fsl.maths.BinaryMaths>
250527-18:05:33,240 nipype.workflow INFO:
	 [Node] Executing "fixhdr_skullstrip2" <niworkflows.interfaces.header.CopyXForm>
250527-18:05:33,241 nipype.workflow INFO:
	 [Node] Executing "combine_masks" <nipype.interfaces.fsl.maths.BinaryMaths>
250527-18:05:33,241 nipype.workflow INFO:
	 [Node] Executing "combine_masks" <nipype.interfaces.fsl.maths.BinaryMaths>
250527-18:05:33,401 nipype.workflow INFO:
	 [Node] Finished "combine_masks", elapsed time 0.370082s.
250527-18:05:33,487 nipype.workflow INFO:
	 [Node] Finished "combine_masks", elapsed time 0.244975s.
250527-18:05:33,556 nipype.workflow INFO:
	 [Node] Finished "fixhdr_skullstrip2", elapsed time 0.314342s.
250527-18:05:33,789 nipype.workflow INFO:
	 [Node] Finished "combine_masks", elapsed time 0.547253s.
250527-18:05:34,184 nipype.workflow INFO:
	 [Node] Setting-up "fmriprep_25_0_wf.sub_GEO015_wf.bold_ses_t3_task_image_run_3_wf.bold_fit_wf.enhance_and_skullstrip_bold_wf.combine_masks" in "/work/fmriprep_25_0_wf/sub_GEO015_wf/bold_ses_t3_task_image_run_3_wf/bold_fit_wf/enhance_and_skullstrip_bold_wf/combine_masks".
250527-18:05:34,185 nipype.workflow INFO:
	 [Node] Setting-up "fmriprep_25_0_wf.sub_GEO015_wf.bold_ses_t3_task_image_run_5_wf.bold_fit_wf.enhance_and_skullstrip_bold_wf.combine_masks" in "/work/fmriprep_25_0_wf/sub_GEO015_wf/bold_ses_t3_task_image_run_5_wf/bold_fit_wf/enhance_and_skullstrip_bold_wf/combine_masks".
250527-18:05:34,185 nipype.workflow INFO:
	 [Node] Setting-up "fmriprep_25_0_wf.sub_GEO015_wf.bold_ses_t2_task_image_run_1_wf.bold_fit_wf.enhance_and_skullstrip_bold_wf.apply_mask" in "/work/fmriprep_25_0_wf/sub_GEO015_wf/bold_ses_t2_task_image_run_1_wf/bold_fit_wf/enhance_and_skullstrip_bold_wf/apply_mask".
250527-18:05:34,861 nipype.workflow INFO:
	 [Node] Executing "combine_masks" <nipype.interfaces.fsl.maths.BinaryMaths>
250527-18:05:34,979 nipype.workflow INFO:
	 [Node] Executing "apply_mask" <niworkflows.interfaces.nibabel.ApplyMask>
250527-18:05:35,27 nipype.interface WARNING:
	 Changing /out/sub-GEO015/ses-t2/func/sub-GEO015_ses-t2_task-image_run-1_desc-brain_mask.nii.gz dtype from float32 to uint8
250527-18:05:35,58 nipype.workflow INFO:
	 [Node] Executing "combine_masks" <nipype.interfaces.fsl.maths.BinaryMaths>
250527-18:05:35,224 nipype.workflow INFO:
	 [Node] Finished "apply_mask", elapsed time 0.244354s.
250527-18:05:35,350 nipype.workflow INFO:
	 [Node] Finished "combine_masks", elapsed time 0.487288s.
250527-18:05:35,405 nipype.workflow INFO:
	 [Node] Finished "combine_masks", elapsed time 0.345695s.
250527-18:05:35,808 nipype.workflow INFO:
	 [Node] Setting-up "fmriprep_25_0_wf.sub_GEO015_wf.bold_ses_t2_task_image_run_2_wf.bold_fit_wf.enhance_and_skullstrip_bold_wf.apply_mask" in "/work/fmriprep_25_0_wf/sub_GEO015_wf/bold_ses_t2_task_image_run_2_wf/bold_fit_wf/enhance_and_skullstrip_bold_wf/apply_mask".
250527-18:05:36,591 nipype.workflow INFO:
	 [Node] Executing "apply_mask" <niworkflows.interfaces.nibabel.ApplyMask>
250527-18:05:36,748 nipype.workflow INFO:
	 [Node] Finished "apply_mask", elapsed time 0.155811s.
250527-18:05:36,803 nipype.interface WARNING:
	 Changing /out/sub-GEO015/ses-t2/func/sub-GEO015_ses-t2_task-image_run-2_desc-brain_mask.nii.gz dtype from float32 to uint8
250527-18:05:37,610 nipype.workflow INFO:
	 [Node] Setting-up "fmriprep_25_0_wf.sub_GEO015_wf.bold_ses_t2_task_image_run_3_wf.bold_fit_wf.enhance_and_skullstrip_bold_wf.apply_mask" in "/work/fmriprep_25_0_wf/sub_GEO015_wf/bold_ses_t2_task_image_run_3_wf/bold_fit_wf/enhance_and_skullstrip_bold_wf/apply_mask".
250527-18:05:37,879 nipype.workflow INFO:
	 [Node] Setting-up "fmriprep_25_0_wf.sub_GEO015_wf.bold_ses_t3_task_image_run_4_wf.bold_fit_wf.enhance_and_skullstrip_bold_wf.combine_masks" in "/work/fmriprep_25_0_wf/sub_GEO015_wf/bold_ses_t3_task_image_run_4_wf/bold_fit_wf/enhance_and_skullstrip_bold_wf/combine_masks".
250527-18:05:38,397 nipype.workflow INFO:
	 [Node] Executing "apply_mask" <niworkflows.interfaces.nibabel.ApplyMask>
250527-18:05:38,619 nipype.workflow INFO:
	 [Node] Finished "apply_mask", elapsed time 0.219809s.
250527-18:05:38,686 nipype.workflow INFO:
	 [Node] Executing "combine_masks" <nipype.interfaces.fsl.maths.BinaryMaths>
250527-18:05:38,708 nipype.interface WARNING:
	 Changing /out/sub-GEO015/ses-t2/func/sub-GEO015_ses-t2_task-image_run-3_desc-brain_mask.nii.gz dtype from float32 to uint8
250527-18:05:39,20 nipype.workflow INFO:
	 [Node] Finished "combine_masks", elapsed time 0.333312s.
250527-18:05:39,961 nipype.workflow INFO:
	 [Node] Setting-up "fmriprep_25_0_wf.sub_GEO015_wf.bold_ses_t2_task_image_run_4_wf.bold_fit_wf.enhance_and_skullstrip_bold_wf.apply_mask" in "/work/fmriprep_25_0_wf/sub_GEO015_wf/bold_ses_t2_task_image_run_4_wf/bold_fit_wf/enhance_and_skullstrip_bold_wf/apply_mask".
250527-18:05:40,551 nipype.workflow INFO:
	 [Node] Executing "apply_mask" <niworkflows.interfaces.nibabel.ApplyMask>
250527-18:05:40,656 nipype.interface WARNING:
	 Changing /out/sub-GEO015/ses-t2/func/sub-GEO015_ses-t2_task-image_run-4_desc-brain_mask.nii.gz dtype from float32 to uint8
250527-18:05:40,686 nipype.workflow INFO:
	 [Node] Finished "apply_mask", elapsed time 0.13331s.
250527-18:05:41,831 nipype.workflow INFO:
	 [Node] Setting-up "fmriprep_25_0_wf.sub_GEO015_wf.bold_ses_t2_task_image_run_5_wf.bold_fit_wf.enhance_and_skullstrip_bold_wf.apply_mask" in "/work/fmriprep_25_0_wf/sub_GEO015_wf/bold_ses_t2_task_image_run_5_wf/bold_fit_wf/enhance_and_skullstrip_bold_wf/apply_mask".
250527-18:05:42,566 nipype.workflow INFO:
	 [Node] Executing "apply_mask" <niworkflows.interfaces.nibabel.ApplyMask>
250527-18:05:42,639 nipype.interface WARNING:
	 Changing /out/sub-GEO015/ses-t2/func/sub-GEO015_ses-t2_task-image_run-5_desc-brain_mask.nii.gz dtype from float32 to uint8
250527-18:05:42,728 nipype.workflow INFO:
	 [Node] Finished "apply_mask", elapsed time 0.16074s.
250527-18:05:43,680 nipype.workflow INFO:
	 [Node] Setting-up "fmriprep_25_0_wf.sub_GEO015_wf.bold_ses_t3_task_image_run_1_wf.bold_fit_wf.enhance_and_skullstrip_bold_wf.apply_mask" in "/work/fmriprep_25_0_wf/sub_GEO015_wf/bold_ses_t3_task_image_run_1_wf/bold_fit_wf/enhance_and_skullstrip_bold_wf/apply_mask".
250527-18:05:44,510 nipype.interface WARNING:
	 Changing /out/sub-GEO015/ses-t3/func/sub-GEO015_ses-t3_task-image_run-1_desc-brain_mask.nii.gz dtype from float32 to uint8
250527-18:05:44,818 nipype.workflow INFO:
	 [Node] Executing "apply_mask" <niworkflows.interfaces.nibabel.ApplyMask>
250527-18:05:44,948 nipype.workflow INFO:
	 [Node] Finished "apply_mask", elapsed time 0.128462s.
250527-18:05:45,401 nipype.workflow INFO:
	 [Node] Setting-up "fmriprep_25_0_wf.sub_GEO015_wf.bold_ses_t3_task_image_run_2_wf.bold_fit_wf.enhance_and_skullstrip_bold_wf.apply_mask" in "/work/fmriprep_25_0_wf/sub_GEO015_wf/bold_ses_t3_task_image_run_2_wf/bold_fit_wf/enhance_and_skullstrip_bold_wf/apply_mask".
250527-18:05:46,298 nipype.workflow INFO:
	 [Node] Executing "apply_mask" <niworkflows.interfaces.nibabel.ApplyMask>
250527-18:05:46,345 nipype.interface WARNING:
	 Changing /out/sub-GEO015/ses-t3/func/sub-GEO015_ses-t3_task-image_run-2_desc-brain_mask.nii.gz dtype from float32 to uint8
250527-18:05:46,443 nipype.workflow INFO:
	 [Node] Finished "apply_mask", elapsed time 0.143427s.
250527-18:05:47,340 nipype.workflow INFO:
	 [Node] Setting-up "fmriprep_25_0_wf.sub_GEO015_wf.bold_ses_t3_task_image_run_3_wf.bold_fit_wf.enhance_and_skullstrip_bold_wf.apply_mask" in "/work/fmriprep_25_0_wf/sub_GEO015_wf/bold_ses_t3_task_image_run_3_wf/bold_fit_wf/enhance_and_skullstrip_bold_wf/apply_mask".
250527-18:05:48,372 nipype.workflow INFO:
	 [Node] Executing "apply_mask" <niworkflows.interfaces.nibabel.ApplyMask>
250527-18:05:48,743 nipype.workflow INFO:
	 [Node] Finished "apply_mask", elapsed time 0.369589s.
250527-18:05:49,31 nipype.interface WARNING:
	 Changing /out/sub-GEO015/ses-t3/func/sub-GEO015_ses-t3_task-image_run-3_desc-brain_mask.nii.gz dtype from float32 to uint8
250527-18:05:49,965 nipype.workflow INFO:
	 [Node] Setting-up "fmriprep_25_0_wf.sub_GEO015_wf.bold_ses_t3_task_image_run_4_wf.bold_fit_wf.enhance_and_skullstrip_bold_wf.apply_mask" in "/work/fmriprep_25_0_wf/sub_GEO015_wf/bold_ses_t3_task_image_run_4_wf/bold_fit_wf/enhance_and_skullstrip_bold_wf/apply_mask".
250527-18:05:50,659 nipype.workflow INFO:
	 [Node] Executing "apply_mask" <niworkflows.interfaces.nibabel.ApplyMask>
250527-18:05:50,755 nipype.interface WARNING:
	 Changing /out/sub-GEO015/ses-t3/func/sub-GEO015_ses-t3_task-image_run-4_desc-brain_mask.nii.gz dtype from float32 to uint8
250527-18:05:50,803 nipype.workflow INFO:
	 [Node] Finished "apply_mask", elapsed time 0.143303s.
250527-18:05:51,849 nipype.workflow INFO:
	 [Node] Setting-up "fmriprep_25_0_wf.sub_GEO015_wf.bold_ses_t3_task_image_run_5_wf.bold_fit_wf.enhance_and_skullstrip_bold_wf.apply_mask" in "/work/fmriprep_25_0_wf/sub_GEO015_wf/bold_ses_t3_task_image_run_5_wf/bold_fit_wf/enhance_and_skullstrip_bold_wf/apply_mask".
250527-18:05:52,320 nipype.interface WARNING:
	 Changing /out/sub-GEO015/ses-t3/func/sub-GEO015_ses-t3_task-image_run-5_desc-brain_mask.nii.gz dtype from float32 to uint8
250527-18:05:52,638 nipype.workflow INFO:
	 [Node] Executing "apply_mask" <niworkflows.interfaces.nibabel.ApplyMask>
250527-18:05:52,763 nipype.workflow INFO:
	 [Node] Finished "apply_mask", elapsed time 0.124538s.
250527-18:05:53,320 nipype.workflow INFO:
	 [Node] Setting-up "fmriprep_25_0_wf.sub_GEO015_wf.bold_ses_t2_task_image_run_1_wf.bold_confounds_wf.dvars" in "/work/fmriprep_25_0_wf/sub_GEO015_wf/bold_ses_t2_task_image_run_1_wf/bold_confounds_wf/dvars".
250527-18:05:53,845 nipype.workflow INFO:
	 [Node] Executing "dvars" <nipype.algorithms.confounds.ComputeDVARS>
250527-18:06:16,880 nipype.workflow INFO:
	 [Node] Finished "dvars", elapsed time 23.03287s.
250527-18:06:19,750 nipype.workflow INFO:
	 [Node] Setting-up "fmriprep_25_0_wf.sub_GEO015_wf.bold_ses_t2_task_image_run_1_wf.bold_confounds_wf.tcompcor" in "/work/fmriprep_25_0_wf/sub_GEO015_wf/bold_ses_t2_task_image_run_1_wf/bold_confounds_wf/tcompcor".
250527-18:06:20,679 nipype.workflow INFO:
	 [Node] Executing "tcompcor" <niworkflows.interfaces.patches.RobustTCompCor>
250527-18:06:32,200 nipype.workflow INFO:
	 [Node] Finished "tcompcor", elapsed time 11.519417s.
250527-18:06:34,800 nipype.workflow INFO:
	 [Node] Setting-up "fmriprep_25_0_wf.sub_GEO015_wf.bold_ses_t2_task_image_run_2_wf.bold_confounds_wf.dvars" in "/work/fmriprep_25_0_wf/sub_GEO015_wf/bold_ses_t2_task_image_run_2_wf/bold_confounds_wf/dvars".
250527-18:06:34,801 nipype.workflow INFO:
	 [Node] Setting-up "fmriprep_25_0_wf.sub_GEO015_wf.bold_ses_t2_task_image_run_1_wf.bold_confounds_wf.tcc_metadata_filter" in "/work/fmriprep_25_0_wf/sub_GEO015_wf/bold_ses_t2_task_image_run_1_wf/bold_confounds_wf/tcc_metadata_filter".
250527-18:06:35,655 nipype.workflow INFO:
	 [Node] Executing "dvars" <nipype.algorithms.confounds.ComputeDVARS>
250527-18:06:35,682 nipype.workflow INFO:
	 [Node] Executing "tcc_metadata_filter" <fmriprep.interfaces.confounds.FilterDropped>
250527-18:06:35,821 nipype.workflow INFO:
	 [Node] Finished "tcc_metadata_filter", elapsed time 0.138184s.
250527-18:06:36,832 nipype.workflow INFO:
	 [Node] Setting-up "fmriprep_25_0_wf.sub_GEO015_wf.bold_ses_t2_task_image_run_1_wf.bold_confounds_wf.tcc_metadata_fmt" in "/work/fmriprep_25_0_wf/sub_GEO015_wf/bold_ses_t2_task_image_run_1_wf/bold_confounds_wf/tcc_metadata_fmt".
250527-18:06:37,597 nipype.workflow INFO:
	 [Node] Executing "tcc_metadata_fmt" <niworkflows.interfaces.utility.TSV2JSON>
250527-18:06:37,608 nipype.workflow INFO:
	 [Node] Finished "tcc_metadata_fmt", elapsed time 0.009641s.
250527-18:06:55,581 nipype.workflow INFO:
	 [Node] Finished "dvars", elapsed time 19.924622s.
250527-18:06:56,753 nipype.workflow INFO:
	 [Node] Setting-up "fmriprep_25_0_wf.sub_GEO015_wf.bold_ses_t2_task_image_run_2_wf.bold_confounds_wf.tcompcor" in "/work/fmriprep_25_0_wf/sub_GEO015_wf/bold_ses_t2_task_image_run_2_wf/bold_confounds_wf/tcompcor".
250527-18:06:57,946 nipype.workflow INFO:
	 [Node] Executing "tcompcor" <niworkflows.interfaces.patches.RobustTCompCor>
250527-18:07:09,228 nipype.workflow INFO:
	 [Node] Finished "tcompcor", elapsed time 11.280335000000001s.
250527-18:07:10,241 nipype.workflow INFO:
	 [Node] Setting-up "fmriprep_25_0_wf.sub_GEO015_wf.bold_ses_t2_task_image_run_2_wf.bold_confounds_wf.tcc_metadata_filter" in "/work/fmriprep_25_0_wf/sub_GEO015_wf/bold_ses_t2_task_image_run_2_wf/bold_confounds_wf/tcc_metadata_filter".
250527-18:07:10,285 nipype.workflow INFO:
	 [Node] Setting-up "fmriprep_25_0_wf.sub_GEO015_wf.bold_ses_t2_task_image_run_3_wf.bold_confounds_wf.dvars" in "/work/fmriprep_25_0_wf/sub_GEO015_wf/bold_ses_t2_task_image_run_3_wf/bold_confounds_wf/dvars".
250527-18:07:11,538 nipype.workflow INFO:
	 [Node] Executing "dvars" <nipype.algorithms.confounds.ComputeDVARS>
250527-18:07:11,980 nipype.workflow INFO:
	 [Node] Executing "tcc_metadata_filter" <fmriprep.interfaces.confounds.FilterDropped>
250527-18:07:12,112 nipype.workflow INFO:
	 [Node] Finished "tcc_metadata_filter", elapsed time 0.13121s.
250527-18:07:14,357 nipype.workflow INFO:
	 [Node] Setting-up "fmriprep_25_0_wf.sub_GEO015_wf.bold_ses_t2_task_image_run_2_wf.bold_confounds_wf.tcc_metadata_fmt" in "/work/fmriprep_25_0_wf/sub_GEO015_wf/bold_ses_t2_task_image_run_2_wf/bold_confounds_wf/tcc_metadata_fmt".
250527-18:07:14,979 nipype.workflow INFO:
	 [Node] Executing "tcc_metadata_fmt" <niworkflows.interfaces.utility.TSV2JSON>
250527-18:07:14,988 nipype.workflow INFO:
	 [Node] Finished "tcc_metadata_fmt", elapsed time 0.007764s.
250527-18:07:30,980 nipype.workflow INFO:
	 [Node] Finished "dvars", elapsed time 19.440097s.
250527-18:07:32,346 nipype.workflow INFO:
	 [Node] Setting-up "fmriprep_25_0_wf.sub_GEO015_wf.bold_ses_t2_task_image_run_3_wf.bold_confounds_wf.tcompcor" in "/work/fmriprep_25_0_wf/sub_GEO015_wf/bold_ses_t2_task_image_run_3_wf/bold_confounds_wf/tcompcor".
250527-18:07:35,312 nipype.workflow INFO:
	 [Node] Executing "tcompcor" <niworkflows.interfaces.patches.RobustTCompCor>
250527-18:07:46,219 nipype.workflow INFO:
	 [Node] Finished "tcompcor", elapsed time 10.905176s.
250527-18:07:47,847 nipype.workflow INFO:
	 [Node] Setting-up "fmriprep_25_0_wf.sub_GEO015_wf.bold_ses_t2_task_image_run_4_wf.bold_confounds_wf.dvars" in "/work/fmriprep_25_0_wf/sub_GEO015_wf/bold_ses_t2_task_image_run_4_wf/bold_confounds_wf/dvars".
250527-18:07:47,847 nipype.workflow INFO:
	 [Node] Setting-up "fmriprep_25_0_wf.sub_GEO015_wf.bold_ses_t2_task_image_run_3_wf.bold_confounds_wf.tcc_metadata_filter" in "/work/fmriprep_25_0_wf/sub_GEO015_wf/bold_ses_t2_task_image_run_3_wf/bold_confounds_wf/tcc_metadata_filter".
250527-18:07:48,605 nipype.workflow INFO:
	 [Node] Executing "tcc_metadata_filter" <fmriprep.interfaces.confounds.FilterDropped>
250527-18:07:48,690 nipype.workflow INFO:
	 [Node] Executing "dvars" <nipype.algorithms.confounds.ComputeDVARS>
250527-18:07:48,717 nipype.workflow INFO:
	 [Node] Finished "tcc_metadata_filter", elapsed time 0.110672s.
250527-18:07:49,753 nipype.workflow INFO:
	 [Node] Setting-up "fmriprep_25_0_wf.sub_GEO015_wf.bold_ses_t2_task_image_run_3_wf.bold_confounds_wf.tcc_metadata_fmt" in "/work/fmriprep_25_0_wf/sub_GEO015_wf/bold_ses_t2_task_image_run_3_wf/bold_confounds_wf/tcc_metadata_fmt".
250527-18:07:50,695 nipype.workflow INFO:
	 [Node] Executing "tcc_metadata_fmt" <niworkflows.interfaces.utility.TSV2JSON>
250527-18:07:50,704 nipype.workflow INFO:
	 [Node] Finished "tcc_metadata_fmt", elapsed time 0.007983s.
250527-18:08:08,628 nipype.workflow INFO:
	 [Node] Finished "dvars", elapsed time 19.937259s.
250527-18:08:09,855 nipype.workflow INFO:
	 [Node] Setting-up "fmriprep_25_0_wf.sub_GEO015_wf.bold_ses_t2_task_image_run_4_wf.bold_confounds_wf.tcompcor" in "/work/fmriprep_25_0_wf/sub_GEO015_wf/bold_ses_t2_task_image_run_4_wf/bold_confounds_wf/tcompcor".
250527-18:08:10,503 nipype.workflow INFO:
	 [Node] Executing "tcompcor" <niworkflows.interfaces.patches.RobustTCompCor>
250527-18:08:21,411 nipype.workflow INFO:
	 [Node] Finished "tcompcor", elapsed time 10.907106s.
250527-18:08:22,301 nipype.workflow INFO:
	 [Node] Setting-up "fmriprep_25_0_wf.sub_GEO015_wf.bold_ses_t2_task_image_run_5_wf.bold_confounds_wf.dvars" in "/work/fmriprep_25_0_wf/sub_GEO015_wf/bold_ses_t2_task_image_run_5_wf/bold_confounds_wf/dvars".
250527-18:08:22,301 nipype.workflow INFO:
	 [Node] Setting-up "fmriprep_25_0_wf.sub_GEO015_wf.bold_ses_t2_task_image_run_4_wf.bold_confounds_wf.tcc_metadata_filter" in "/work/fmriprep_25_0_wf/sub_GEO015_wf/bold_ses_t2_task_image_run_4_wf/bold_confounds_wf/tcc_metadata_filter".
250527-18:08:23,43 nipype.workflow INFO:
	 [Node] Executing "tcc_metadata_filter" <fmriprep.interfaces.confounds.FilterDropped>
250527-18:08:23,140 nipype.workflow INFO:
	 [Node] Finished "tcc_metadata_filter", elapsed time 0.095533s.
250527-18:08:23,259 nipype.workflow INFO:
	 [Node] Executing "dvars" <nipype.algorithms.confounds.ComputeDVARS>
250527-18:08:24,328 nipype.workflow INFO:
	 [Node] Setting-up "fmriprep_25_0_wf.sub_GEO015_wf.bold_ses_t2_task_image_run_4_wf.bold_confounds_wf.tcc_metadata_fmt" in "/work/fmriprep_25_0_wf/sub_GEO015_wf/bold_ses_t2_task_image_run_4_wf/bold_confounds_wf/tcc_metadata_fmt".
250527-18:08:25,391 nipype.workflow INFO:
	 [Node] Executing "tcc_metadata_fmt" <niworkflows.interfaces.utility.TSV2JSON>
250527-18:08:25,398 nipype.workflow INFO:
	 [Node] Finished "tcc_metadata_fmt", elapsed time 0.00531s.
250527-18:08:42,865 nipype.workflow INFO:
	 [Node] Finished "dvars", elapsed time 19.588721s.
250527-18:08:44,318 nipype.workflow INFO:
	 [Node] Setting-up "fmriprep_25_0_wf.sub_GEO015_wf.bold_ses_t2_task_image_run_5_wf.bold_confounds_wf.tcompcor" in "/work/fmriprep_25_0_wf/sub_GEO015_wf/bold_ses_t2_task_image_run_5_wf/bold_confounds_wf/tcompcor".
250527-18:08:45,429 nipype.workflow INFO:
	 [Node] Executing "tcompcor" <niworkflows.interfaces.patches.RobustTCompCor>
250527-18:08:56,352 nipype.workflow INFO:
	 [Node] Finished "tcompcor", elapsed time 10.921955s.
250527-18:08:57,25 nipype.workflow INFO:
	 [Node] Finished "unifize", elapsed time 224.135215s.
250527-18:08:57,498 nipype.workflow INFO:
	 [Node] Setting-up "fmriprep_25_0_wf.sub_GEO015_wf.bold_ses_t3_task_image_run_1_wf.bold_confounds_wf.dvars" in "/work/fmriprep_25_0_wf/sub_GEO015_wf/bold_ses_t3_task_image_run_1_wf/bold_confounds_wf/dvars".
250527-18:08:57,498 nipype.workflow INFO:
	 [Node] Setting-up "fmriprep_25_0_wf.sub_GEO015_wf.bold_ses_t2_task_image_run_5_wf.bold_confounds_wf.tcc_metadata_filter" in "/work/fmriprep_25_0_wf/sub_GEO015_wf/bold_ses_t2_task_image_run_5_wf/bold_confounds_wf/tcc_metadata_filter".
250527-18:08:57,698 nipype.workflow INFO:
	 [Node] Executing "tcc_metadata_filter" <fmriprep.interfaces.confounds.FilterDropped>
250527-18:08:57,723 nipype.workflow INFO:
	 [Node] Finished "tcc_metadata_filter", elapsed time 0.023879s.
250527-18:08:58,308 nipype.workflow INFO:
	 [Node] Executing "dvars" <nipype.algorithms.confounds.ComputeDVARS>
250527-18:08:59,544 nipype.workflow INFO:
	 [Node] Setting-up "fmriprep_25_0_wf.sub_GEO015_wf.bold_ses_t3_task_retrans_run_1_wf.bold_fit_wf.enhance_and_skullstrip_bold_wf.fixhdr_unifize" in "/work/fmriprep_25_0_wf/sub_GEO015_wf/bold_ses_t3_task_retrans_run_1_wf/bold_fit_wf/enhance_and_skullstrip_bold_wf/fixhdr_unifize".
250527-18:08:59,549 nipype.workflow INFO:
	 [Node] Setting-up "fmriprep_25_0_wf.sub_GEO015_wf.bold_ses_t2_task_image_run_5_wf.bold_confounds_wf.tcc_metadata_fmt" in "/work/fmriprep_25_0_wf/sub_GEO015_wf/bold_ses_t2_task_image_run_5_wf/bold_confounds_wf/tcc_metadata_fmt".
250527-18:09:00,84 nipype.workflow INFO:
	 [Node] Executing "fixhdr_unifize" <niworkflows.interfaces.header.CopyXForm>
250527-18:09:00,269 nipype.workflow INFO:
	 [Node] Finished "fixhdr_unifize", elapsed time 0.183316s.
250527-18:09:00,348 nipype.workflow INFO:
	 [Node] Executing "tcc_metadata_fmt" <niworkflows.interfaces.utility.TSV2JSON>
250527-18:09:00,355 nipype.workflow INFO:
	 [Node] Finished "tcc_metadata_fmt", elapsed time 0.00556s.
250527-18:09:01,528 nipype.workflow INFO:
	 [Node] Setting-up "fmriprep_25_0_wf.sub_GEO015_wf.bold_ses_t3_task_retrans_run_1_wf.bold_fit_wf.enhance_and_skullstrip_bold_wf.skullstrip_second_pass" in "/work/fmriprep_25_0_wf/sub_GEO015_wf/bold_ses_t3_task_retrans_run_1_wf/bold_fit_wf/enhance_and_skullstrip_bold_wf/skullstrip_second_pass".
250527-18:09:02,39 nipype.workflow INFO:
	 [Node] Executing "skullstrip_second_pass" <nipype.interfaces.afni.preprocess.Automask>
250527-18:09:02,732 nipype.workflow INFO:
	 [Node] Finished "skullstrip_second_pass", elapsed time 0.692737s.
250527-18:09:03,537 nipype.workflow INFO:
	 [Node] Setting-up "fmriprep_25_0_wf.sub_GEO015_wf.bold_ses_t3_task_retrans_run_1_wf.bold_fit_wf.enhance_and_skullstrip_bold_wf.fixhdr_skullstrip2" in "/work/fmriprep_25_0_wf/sub_GEO015_wf/bold_ses_t3_task_retrans_run_1_wf/bold_fit_wf/enhance_and_skullstrip_bold_wf/fixhdr_skullstrip2".
250527-18:09:05,60 nipype.workflow INFO:
	 [Node] Executing "fixhdr_skullstrip2" <niworkflows.interfaces.header.CopyXForm>
250527-18:09:05,492 nipype.workflow INFO:
	 [Node] Finished "fixhdr_skullstrip2", elapsed time 0.431141s.
250527-18:09:07,531 nipype.workflow INFO:
	 [Node] Setting-up "fmriprep_25_0_wf.sub_GEO015_wf.bold_ses_t3_task_retrans_run_1_wf.bold_fit_wf.enhance_and_skullstrip_bold_wf.combine_masks" in "/work/fmriprep_25_0_wf/sub_GEO015_wf/bold_ses_t3_task_retrans_run_1_wf/bold_fit_wf/enhance_and_skullstrip_bold_wf/combine_masks".
250527-18:09:07,963 nipype.workflow INFO:
	 [Node] Executing "combine_masks" <nipype.interfaces.fsl.maths.BinaryMaths>
250527-18:09:08,308 nipype.workflow INFO:
	 [Node] Finished "combine_masks", elapsed time 0.343715s.
250527-18:09:09,532 nipype.workflow INFO:
	 [Node] Setting-up "fmriprep_25_0_wf.sub_GEO015_wf.bold_ses_t3_task_retrans_run_1_wf.bold_fit_wf.enhance_and_skullstrip_bold_wf.apply_mask" in "/work/fmriprep_25_0_wf/sub_GEO015_wf/bold_ses_t3_task_retrans_run_1_wf/bold_fit_wf/enhance_and_skullstrip_bold_wf/apply_mask".
250527-18:09:09,931 nipype.interface WARNING:
	 Changing /out/sub-GEO015/ses-t3/func/sub-GEO015_ses-t3_task-retrans_run-1_desc-brain_mask.nii.gz dtype from float32 to uint8
250527-18:09:10,699 nipype.workflow INFO:
	 [Node] Executing "apply_mask" <niworkflows.interfaces.nibabel.ApplyMask>
250527-18:09:10,874 nipype.workflow INFO:
	 [Node] Finished "apply_mask", elapsed time 0.174087s.
250527-18:09:13,565 nipype.workflow INFO:
	 [Node] Setting-up "_denoise0" in "/work/fmriprep_25_0_wf/sub_GEO015_wf/anat_fit_wf/anat_template_wf/denoise/mapflow/_denoise0".
250527-18:09:14,184 nipype.workflow INFO:
	 [Node] Executing "_denoise0" <nipype.interfaces.ants.segmentation.DenoiseImage>
250527-18:09:18,384 nipype.workflow INFO:
	 [Node] Finished "dvars", elapsed time 20.074378s.
250527-18:09:19,595 nipype.workflow INFO:
	 [Node] Setting-up "fmriprep_25_0_wf.sub_GEO015_wf.bold_ses_t3_task_image_run_1_wf.bold_confounds_wf.tcompcor" in "/work/fmriprep_25_0_wf/sub_GEO015_wf/bold_ses_t3_task_image_run_1_wf/bold_confounds_wf/tcompcor".
250527-18:09:20,866 nipype.workflow INFO:
	 [Node] Executing "tcompcor" <niworkflows.interfaces.patches.RobustTCompCor>
250527-18:09:33,90 nipype.workflow INFO:
	 [Node] Finished "tcompcor", elapsed time 12.212666s.
250527-18:09:35,666 nipype.workflow INFO:
	 [Node] Setting-up "fmriprep_25_0_wf.sub_GEO015_wf.bold_ses_t3_task_image_run_2_wf.bold_confounds_wf.dvars" in "/work/fmriprep_25_0_wf/sub_GEO015_wf/bold_ses_t3_task_image_run_2_wf/bold_confounds_wf/dvars".
250527-18:09:36,121 nipype.workflow INFO:
	 [Node] Executing "dvars" <nipype.algorithms.confounds.ComputeDVARS>
250527-18:09:52,783 nipype.workflow INFO:
	 [Node] Finished "_denoise0", elapsed time 38.598215s.
250527-18:09:55,751 nipype.workflow INFO:
	 [Node] Finished "dvars", elapsed time 19.629093s.
250527-18:09:56,800 nipype.workflow INFO:
	 [Node] Setting-up "fmriprep_25_0_wf.sub_GEO015_wf.bold_ses_t3_task_image_run_1_wf.bold_confounds_wf.tcc_metadata_filter" in "/work/fmriprep_25_0_wf/sub_GEO015_wf/bold_ses_t3_task_image_run_1_wf/bold_confounds_wf/tcc_metadata_filter".
250527-18:09:57,182 nipype.workflow INFO:
	 [Node] Setting-up "fmriprep_25_0_wf.sub_GEO015_wf.bold_ses_t3_task_image_run_2_wf.bold_confounds_wf.tcompcor" in "/work/fmriprep_25_0_wf/sub_GEO015_wf/bold_ses_t3_task_image_run_2_wf/bold_confounds_wf/tcompcor".
250527-18:09:57,702 nipype.workflow INFO:
	 [Node] Executing "tcc_metadata_filter" <fmriprep.interfaces.confounds.FilterDropped>
250527-18:09:57,712 nipype.workflow INFO:
	 [Node] Executing "tcompcor" <niworkflows.interfaces.patches.RobustTCompCor>
250527-18:09:57,764 nipype.workflow INFO:
	 [Node] Finished "tcc_metadata_filter", elapsed time 0.06116s.
250527-18:10:00,898 nipype.workflow INFO:
	 [Node] Setting-up "fmriprep_25_0_wf.sub_GEO015_wf.bold_ses_t3_task_image_run_1_wf.bold_confounds_wf.tcc_metadata_fmt" in "/work/fmriprep_25_0_wf/sub_GEO015_wf/bold_ses_t3_task_image_run_1_wf/bold_confounds_wf/tcc_metadata_fmt".
250527-18:10:01,988 nipype.workflow INFO:
	 [Node] Executing "tcc_metadata_fmt" <niworkflows.interfaces.utility.TSV2JSON>
250527-18:10:01,996 nipype.workflow INFO:
	 [Node] Finished "tcc_metadata_fmt", elapsed time 0.00672s.
250527-18:10:02,933 nipype.workflow INFO:
	 [Node] Setting-up "_denoise1" in "/work/fmriprep_25_0_wf/sub_GEO015_wf/anat_fit_wf/anat_template_wf/denoise/mapflow/_denoise1".
250527-18:10:03,264 nipype.workflow INFO:
	 [Node] Executing "_denoise1" <nipype.interfaces.ants.segmentation.DenoiseImage>
250527-18:10:09,728 nipype.workflow INFO:
	 [Node] Finished "tcompcor", elapsed time 12.014744s.
250527-18:10:10,961 nipype.workflow INFO:
	 [Node] Setting-up "fmriprep_25_0_wf.sub_GEO015_wf.bold_ses_t3_task_image_run_3_wf.bold_confounds_wf.dvars" in "/work/fmriprep_25_0_wf/sub_GEO015_wf/bold_ses_t3_task_image_run_3_wf/bold_confounds_wf/dvars".
250527-18:10:11,980 nipype.workflow INFO:
	 [Node] Executing "dvars" <nipype.algorithms.confounds.ComputeDVARS>
250527-18:10:32,311 nipype.workflow INFO:
	 [Node] Finished "dvars", elapsed time 20.319538s.
250527-18:10:34,923 nipype.workflow INFO:
	 [Node] Setting-up "fmriprep_25_0_wf.sub_GEO015_wf.bold_ses_t3_task_image_run_3_wf.bold_confounds_wf.tcompcor" in "/work/fmriprep_25_0_wf/sub_GEO015_wf/bold_ses_t3_task_image_run_3_wf/bold_confounds_wf/tcompcor".
250527-18:10:35,450 nipype.workflow INFO:
	 [Node] Executing "tcompcor" <niworkflows.interfaces.patches.RobustTCompCor>
250527-18:10:42,667 nipype.workflow INFO:
	 [Node] Finished "_denoise1", elapsed time 39.40083s.
250527-18:10:45,346 nipype.workflow INFO:
	 [Node] Setting-up "_denoise0" in "/work/fmriprep_25_0_wf/sub_GEO015_wf/anat_fit_wf/anat_template_wf/denoise/mapflow/_denoise0".
250527-18:10:45,353 nipype.workflow INFO:
	 [Node] Cached "_denoise0" - collecting precomputed outputs
250527-18:10:45,353 nipype.workflow INFO:
	 [Node] "_denoise0" found cached.
250527-18:10:45,354 nipype.workflow INFO:
	 [Node] Setting-up "_denoise1" in "/work/fmriprep_25_0_wf/sub_GEO015_wf/anat_fit_wf/anat_template_wf/denoise/mapflow/_denoise1".
250527-18:10:45,358 nipype.workflow INFO:
	 [Node] Cached "_denoise1" - collecting precomputed outputs
250527-18:10:45,358 nipype.workflow INFO:
	 [Node] "_denoise1" found cached.
250527-18:10:46,743 nipype.workflow INFO:
	 [Node] Finished "tcompcor", elapsed time 11.292638s.
250527-18:10:47,417 nipype.workflow INFO:
	 [Node] Setting-up "fmriprep_25_0_wf.sub_GEO015_wf.bold_ses_t3_task_image_run_2_wf.bold_confounds_wf.tcc_metadata_filter" in "/work/fmriprep_25_0_wf/sub_GEO015_wf/bold_ses_t3_task_image_run_2_wf/bold_confounds_wf/tcc_metadata_filter".
250527-18:10:48,230 nipype.workflow INFO:
	 [Node] Executing "tcc_metadata_filter" <fmriprep.interfaces.confounds.FilterDropped>
250527-18:10:48,365 nipype.workflow INFO:
	 [Node] Finished "tcc_metadata_filter", elapsed time 0.133755s.
250527-18:10:50,823 nipype.workflow INFO:
	 [Node] Setting-up "fmriprep_25_0_wf.sub_GEO015_wf.bold_ses_t3_task_image_run_4_wf.bold_confounds_wf.dvars" in "/work/fmriprep_25_0_wf/sub_GEO015_wf/bold_ses_t3_task_image_run_4_wf/bold_confounds_wf/dvars".
250527-18:10:50,825 nipype.workflow INFO:
	 [Node] Setting-up "fmriprep_25_0_wf.sub_GEO015_wf.bold_ses_t3_task_image_run_3_wf.bold_confounds_wf.tcc_metadata_filter" in "/work/fmriprep_25_0_wf/sub_GEO015_wf/bold_ses_t3_task_image_run_3_wf/bold_confounds_wf/tcc_metadata_filter".
250527-18:10:50,825 nipype.workflow INFO:
	 [Node] Setting-up "fmriprep_25_0_wf.sub_GEO015_wf.bold_ses_t3_task_image_run_2_wf.bold_confounds_wf.tcc_metadata_fmt" in "/work/fmriprep_25_0_wf/sub_GEO015_wf/bold_ses_t3_task_image_run_2_wf/bold_confounds_wf/tcc_metadata_fmt".
250527-18:10:50,828 nipype.workflow INFO:
	 [Node] Setting-up "_anat_conform0" in "/work/fmriprep_25_0_wf/sub_GEO015_wf/anat_fit_wf/anat_template_wf/anat_conform/mapflow/_anat_conform0".
250527-18:10:50,829 nipype.workflow INFO:
	 [Node] Setting-up "_anat_conform1" in "/work/fmriprep_25_0_wf/sub_GEO015_wf/anat_fit_wf/anat_template_wf/anat_conform/mapflow/_anat_conform1".
250527-18:10:51,328 nipype.workflow INFO:
	 [Node] Executing "tcc_metadata_fmt" <niworkflows.interfaces.utility.TSV2JSON>
250527-18:10:51,335 nipype.workflow INFO:
	 [Node] Finished "tcc_metadata_fmt", elapsed time 0.006095s.
250527-18:10:51,336 nipype.workflow INFO:
	 [Node] Executing "_anat_conform0" <niworkflows.interfaces.images.Conform>
250527-18:10:51,384 nipype.workflow INFO:
	 [Node] Executing "tcc_metadata_filter" <fmriprep.interfaces.confounds.FilterDropped>
250527-18:10:51,434 nipype.workflow INFO:
	 [Node] Executing "_anat_conform1" <niworkflows.interfaces.images.Conform>
250527-18:10:51,524 nipype.workflow INFO:
	 [Node] Finished "tcc_metadata_filter", elapsed time 0.1387s.
250527-18:10:51,577 nipype.workflow INFO:
	 [Node] Finished "_anat_conform0", elapsed time 0.239552s.
250527-18:10:51,653 nipype.workflow INFO:
	 [Node] Executing "dvars" <nipype.algorithms.confounds.ComputeDVARS>
250527-18:10:51,671 nipype.workflow INFO:
	 [Node] Finished "_anat_conform1", elapsed time 0.23582s.
250527-18:10:52,878 nipype.workflow INFO:
	 [Node] Setting-up "fmriprep_25_0_wf.sub_GEO015_wf.bold_ses_t3_task_image_run_3_wf.bold_confounds_wf.tcc_metadata_fmt" in "/work/fmriprep_25_0_wf/sub_GEO015_wf/bold_ses_t3_task_image_run_3_wf/bold_confounds_wf/tcc_metadata_fmt".
250527-18:10:53,677 nipype.workflow INFO:
	 [Node] Setting-up "_anat_conform0" in "/work/fmriprep_25_0_wf/sub_GEO015_wf/anat_fit_wf/anat_template_wf/anat_conform/mapflow/_anat_conform0".
250527-18:10:53,705 nipype.workflow INFO:
	 [Node] Cached "_anat_conform0" - collecting precomputed outputs
250527-18:10:53,706 nipype.workflow INFO:
	 [Node] "_anat_conform0" found cached.
250527-18:10:53,706 nipype.workflow INFO:
	 [Node] Setting-up "_anat_conform1" in "/work/fmriprep_25_0_wf/sub_GEO015_wf/anat_fit_wf/anat_template_wf/anat_conform/mapflow/_anat_conform1".
250527-18:10:53,710 nipype.workflow INFO:
	 [Node] Cached "_anat_conform1" - collecting precomputed outputs
250527-18:10:53,710 nipype.workflow INFO:
	 [Node] "_anat_conform1" found cached.
250527-18:10:53,745 nipype.workflow INFO:
	 [Node] Executing "tcc_metadata_fmt" <niworkflows.interfaces.utility.TSV2JSON>
250527-18:10:53,751 nipype.workflow INFO:
	 [Node] Finished "tcc_metadata_fmt", elapsed time 0.004572s.
250527-18:10:55,365 nipype.workflow INFO:
	 [Node] Setting-up "_denoise0" in "/work/fmriprep_25_0_wf/sub_GEO015_wf/anat_fit_wf/t2w_template_wf/denoise/mapflow/_denoise0".
250527-18:10:56,30 nipype.workflow INFO:
	 [Node] Executing "_denoise0" <nipype.interfaces.ants.segmentation.DenoiseImage>
250527-18:11:15,27 nipype.workflow INFO:
	 [Node] Finished "dvars", elapsed time 23.373034s.
250527-18:11:16,831 nipype.workflow INFO:
	 [Node] Setting-up "fmriprep_25_0_wf.sub_GEO015_wf.bold_ses_t3_task_image_run_4_wf.bold_confounds_wf.tcompcor" in "/work/fmriprep_25_0_wf/sub_GEO015_wf/bold_ses_t3_task_image_run_4_wf/bold_confounds_wf/tcompcor".
250527-18:11:17,775 nipype.workflow INFO:
	 [Node] Executing "tcompcor" <niworkflows.interfaces.patches.RobustTCompCor>
250527-18:11:28,525 nipype.workflow INFO:
	 [Node] Finished "tcompcor", elapsed time 10.748775s.
250527-18:11:30,862 nipype.workflow INFO:
	 [Node] Setting-up "fmriprep_25_0_wf.sub_GEO015_wf.bold_ses_t3_task_image_run_5_wf.bold_confounds_wf.dvars" in "/work/fmriprep_25_0_wf/sub_GEO015_wf/bold_ses_t3_task_image_run_5_wf/bold_confounds_wf/dvars".
250527-18:11:31,791 nipype.workflow INFO:
	 [Node] Executing "dvars" <nipype.algorithms.confounds.ComputeDVARS>
250527-18:11:52,131 nipype.workflow INFO:
	 [Node] Finished "dvars", elapsed time 20.338781s.
250527-18:11:54,880 nipype.workflow INFO:
	 [Node] Setting-up "fmriprep_25_0_wf.sub_GEO015_wf.bold_ses_t3_task_image_run_5_wf.bold_confounds_wf.tcompcor" in "/work/fmriprep_25_0_wf/sub_GEO015_wf/bold_ses_t3_task_image_run_5_wf/bold_confounds_wf/tcompcor".
250527-18:11:56,386 nipype.workflow INFO:
	 [Node] Executing "tcompcor" <niworkflows.interfaces.patches.RobustTCompCor>
250527-18:11:58,484 nipype.workflow INFO:
	 [Node] Finished "_denoise0", elapsed time 62.453125s.
250527-18:12:05,875 nipype.workflow INFO:
	 [Node] Setting-up "fmriprep_25_0_wf.sub_GEO015_wf.bold_ses_t3_task_image_run_4_wf.bold_confounds_wf.tcc_metadata_filter" in "/work/fmriprep_25_0_wf/sub_GEO015_wf/bold_ses_t3_task_image_run_4_wf/bold_confounds_wf/tcc_metadata_filter".
250527-18:12:06,529 nipype.workflow INFO:
	 [Node] Executing "tcc_metadata_filter" <fmriprep.interfaces.confounds.FilterDropped>
250527-18:12:06,691 nipype.workflow INFO:
	 [Node] Finished "tcc_metadata_filter", elapsed time 0.160519s.
250527-18:12:07,744 nipype.workflow INFO:
	 [Node] Finished "tcompcor", elapsed time 11.356902s.
250527-18:12:08,527 nipype.workflow INFO:
	 [Node] Setting-up "_n4_correct0" in "/work/fmriprep_25_0_wf/sub_GEO015_wf/anat_fit_wf/anat_template_wf/n4_correct/mapflow/_n4_correct0".
250527-18:12:08,527 nipype.workflow INFO:
	 [Node] Setting-up "_n4_correct1" in "/work/fmriprep_25_0_wf/sub_GEO015_wf/anat_fit_wf/anat_template_wf/n4_correct/mapflow/_n4_correct1".
250527-18:12:08,797 nipype.workflow INFO:
	 [Node] Setting-up "_anat_conform_xfm1" in "/work/fmriprep_25_0_wf/sub_GEO015_wf/anat_fit_wf/anat_template_wf/anat_conform_xfm/mapflow/_anat_conform_xfm1".
250527-18:12:08,797 nipype.workflow INFO:
	 [Node] Setting-up "_anat_conform_xfm0" in "/work/fmriprep_25_0_wf/sub_GEO015_wf/anat_fit_wf/anat_template_wf/anat_conform_xfm/mapflow/_anat_conform_xfm0".
250527-18:12:08,889 nipype.workflow INFO:
	 [Node] Setting-up "fmriprep_25_0_wf.sub_GEO015_wf.bold_ses_t3_task_retrans_run_1_wf.bold_confounds_wf.dvars" in "/work/fmriprep_25_0_wf/sub_GEO015_wf/bold_ses_t3_task_retrans_run_1_wf/bold_confounds_wf/dvars".
250527-18:12:08,890 nipype.workflow INFO:
	 [Node] Setting-up "fmriprep_25_0_wf.sub_GEO015_wf.bold_ses_t3_task_image_run_5_wf.bold_confounds_wf.tcc_metadata_filter" in "/work/fmriprep_25_0_wf/sub_GEO015_wf/bold_ses_t3_task_image_run_5_wf/bold_confounds_wf/tcc_metadata_filter".
250527-18:12:08,895 nipype.workflow INFO:
	 [Node] Setting-up "fmriprep_25_0_wf.sub_GEO015_wf.bold_ses_t3_task_image_run_4_wf.bold_confounds_wf.tcc_metadata_fmt" in "/work/fmriprep_25_0_wf/sub_GEO015_wf/bold_ses_t3_task_image_run_4_wf/bold_confounds_wf/tcc_metadata_fmt".
250527-18:12:09,426 nipype.workflow INFO:
	 [Node] Executing "tcc_metadata_filter" <fmriprep.interfaces.confounds.FilterDropped>
250527-18:12:09,540 nipype.workflow INFO:
	 [Node] Finished "tcc_metadata_filter", elapsed time 0.111955s.
250527-18:12:09,601 nipype.workflow INFO:
	 [Node] Executing "_n4_correct0" <nipype.interfaces.ants.segmentation.N4BiasFieldCorrection>
250527-18:12:09,624 nipype.workflow INFO:
	 [Node] Executing "dvars" <nipype.algorithms.confounds.ComputeDVARS>
250527-18:12:09,678 nipype.workflow INFO:
	 [Node] Executing "_n4_correct1" <nipype.interfaces.ants.segmentation.N4BiasFieldCorrection>
250527-18:12:09,678 nipype.workflow INFO:
	 [Node] Executing "_anat_conform_xfm1" <niworkflows.interfaces.freesurfer.PatchedLTAConvert>
250527-18:12:09,706 nipype.workflow INFO:
	 [Node] Executing "tcc_metadata_fmt" <niworkflows.interfaces.utility.TSV2JSON>
250527-18:12:09,716 nipype.workflow INFO:
	 [Node] Finished "tcc_metadata_fmt", elapsed time 0.009053s.
250527-18:12:09,851 nipype.workflow INFO:
	 [Node] Executing "_anat_conform_xfm0" <niworkflows.interfaces.freesurfer.PatchedLTAConvert>
250527-18:12:10,255 nipype.workflow INFO:
	 [Node] Finished "_anat_conform_xfm0", elapsed time 0.40222s.
250527-18:12:10,276 nipype.workflow INFO:
	 [Node] Finished "_anat_conform_xfm1", elapsed time 0.592468s.
250527-18:12:10,901 nipype.workflow INFO:
	 [Node] Setting-up "fmriprep_25_0_wf.sub_GEO015_wf.bold_ses_t3_task_image_run_5_wf.bold_confounds_wf.tcc_metadata_fmt" in "/work/fmriprep_25_0_wf/sub_GEO015_wf/bold_ses_t3_task_image_run_5_wf/bold_confounds_wf/tcc_metadata_fmt".
250527-18:12:11,332 nipype.workflow INFO:
	 [Node] Executing "tcc_metadata_fmt" <niworkflows.interfaces.utility.TSV2JSON>
250527-18:12:11,341 nipype.workflow INFO:
	 [Node] Finished "tcc_metadata_fmt", elapsed time 0.007533s.
250527-18:12:13,342 nipype.workflow INFO:
	 [Node] Setting-up "_anat_conform_xfm0" in "/work/fmriprep_25_0_wf/sub_GEO015_wf/anat_fit_wf/anat_template_wf/anat_conform_xfm/mapflow/_anat_conform_xfm0".
250527-18:12:13,346 nipype.workflow INFO:
	 [Node] Cached "_anat_conform_xfm0" - collecting precomputed outputs
250527-18:12:13,346 nipype.workflow INFO:
	 [Node] "_anat_conform_xfm0" found cached.
250527-18:12:13,346 nipype.workflow INFO:
	 [Node] Setting-up "_anat_conform_xfm1" in "/work/fmriprep_25_0_wf/sub_GEO015_wf/anat_fit_wf/anat_template_wf/anat_conform_xfm/mapflow/_anat_conform_xfm1".
250527-18:12:13,350 nipype.workflow INFO:
	 [Node] Cached "_anat_conform_xfm1" - collecting precomputed outputs
250527-18:12:13,350 nipype.workflow INFO:
	 [Node] "_anat_conform_xfm1" found cached.
250527-18:12:31,981 nipype.workflow INFO:
	 [Node] Finished "dvars", elapsed time 22.355408s.
250527-18:12:32,898 nipype.workflow INFO:
	 [Node] Setting-up "fmriprep_25_0_wf.sub_GEO015_wf.bold_ses_t3_task_retrans_run_1_wf.bold_confounds_wf.tcompcor" in "/work/fmriprep_25_0_wf/sub_GEO015_wf/bold_ses_t3_task_retrans_run_1_wf/bold_confounds_wf/tcompcor".
250527-18:12:33,887 nipype.workflow INFO:
	 [Node] Executing "tcompcor" <niworkflows.interfaces.patches.RobustTCompCor>
250527-18:12:47,143 nipype.workflow INFO:
	 [Node] Finished "tcompcor", elapsed time 13.254412s.
250527-18:12:48,198 nipype.workflow INFO:
	 [Node] Setting-up "fmriprep_25_0_wf.sub_GEO015_wf.bold_ses_t3_task_retrans_run_1_wf.bold_confounds_wf.tcc_metadata_filter" in "/work/fmriprep_25_0_wf/sub_GEO015_wf/bold_ses_t3_task_retrans_run_1_wf/bold_confounds_wf/tcc_metadata_filter".
250527-18:12:48,611 nipype.workflow INFO:
	 [Node] Executing "tcc_metadata_filter" <fmriprep.interfaces.confounds.FilterDropped>
250527-18:12:48,665 nipype.workflow INFO:
	 [Node] Finished "tcc_metadata_filter", elapsed time 0.052881s.
250527-18:12:50,195 nipype.workflow INFO:
	 [Node] Setting-up "fmriprep_25_0_wf.sub_GEO015_wf.bold_ses_t3_task_retrans_run_1_wf.bold_confounds_wf.tcc_metadata_fmt" in "/work/fmriprep_25_0_wf/sub_GEO015_wf/bold_ses_t3_task_retrans_run_1_wf/bold_confounds_wf/tcc_metadata_fmt".
250527-18:12:50,753 nipype.workflow INFO:
	 [Node] Executing "tcc_metadata_fmt" <niworkflows.interfaces.utility.TSV2JSON>
250527-18:12:50,760 nipype.workflow INFO:
	 [Node] Finished "tcc_metadata_fmt", elapsed time 0.005648s.
250527-18:13:09,932 nipype.workflow INFO:
	 [Node] Finished "_n4_correct0", elapsed time 60.329714s.
250527-18:13:10,168 nipype.workflow INFO:
	 [Node] Finished "_n4_correct1", elapsed time 60.48729s.
250527-18:13:12,266 nipype.workflow INFO:
	 [Node] Setting-up "_denoise1" in "/work/fmriprep_25_0_wf/sub_GEO015_wf/anat_fit_wf/t2w_template_wf/denoise/mapflow/_denoise1".
250527-18:13:12,832 nipype.workflow INFO:
	 [Node] Setting-up "_n4_correct0" in "/work/fmriprep_25_0_wf/sub_GEO015_wf/anat_fit_wf/anat_template_wf/n4_correct/mapflow/_n4_correct0".
250527-18:13:12,838 nipype.workflow INFO:
	 [Node] Cached "_n4_correct0" - collecting precomputed outputs
250527-18:13:12,838 nipype.workflow INFO:
	 [Node] "_n4_correct0" found cached.
250527-18:13:12,839 nipype.workflow INFO:
	 [Node] Setting-up "_n4_correct1" in "/work/fmriprep_25_0_wf/sub_GEO015_wf/anat_fit_wf/anat_template_wf/n4_correct/mapflow/_n4_correct1".
250527-18:13:12,846 nipype.workflow INFO:
	 [Node] Cached "_n4_correct1" - collecting precomputed outputs
250527-18:13:12,846 nipype.workflow INFO:
	 [Node] "_n4_correct1" found cached.
250527-18:13:12,879 nipype.workflow INFO:
	 [Node] Executing "_denoise1" <nipype.interfaces.ants.segmentation.DenoiseImage>
250527-18:13:14,267 nipype.workflow INFO:
	 [Node] Setting-up "fmriprep_25_0_wf.sub_GEO015_wf.anat_fit_wf.anat_template_wf.anat_merge" in "/work/fmriprep_25_0_wf/sub_GEO015_wf/anat_fit_wf/anat_template_wf/anat_merge".
250527-18:13:15,133 nipype.workflow INFO:
	 [Node] Executing "anat_merge" <niworkflows.interfaces.freesurfer.StructuralReference>
250527-18:14:14,777 nipype.workflow INFO:
	 [Node] Finished "_denoise1", elapsed time 61.88871s.
250527-18:14:15,172 nipype.workflow INFO:
	 [Node] Finished "anat_merge", elapsed time 60.034881s.
250527-18:14:16,305 nipype.workflow INFO:
	 [Node] Setting-up "fmriprep_25_0_wf.sub_GEO015_wf.anat_fit_wf.anat_template_wf.anat_reorient" in "/work/fmriprep_25_0_wf/sub_GEO015_wf/anat_fit_wf/anat_template_wf/anat_reorient".
250527-18:14:16,834 nipype.workflow INFO:
	 [Node] Setting-up "_denoise0" in "/work/fmriprep_25_0_wf/sub_GEO015_wf/anat_fit_wf/t2w_template_wf/denoise/mapflow/_denoise0".
250527-18:14:16,844 nipype.workflow INFO:
	 [Node] Cached "_denoise0" - collecting precomputed outputs
250527-18:14:16,844 nipype.workflow INFO:
	 [Node] "_denoise0" found cached.
250527-18:14:16,845 nipype.workflow INFO:
	 [Node] Setting-up "_denoise1" in "/work/fmriprep_25_0_wf/sub_GEO015_wf/anat_fit_wf/t2w_template_wf/denoise/mapflow/_denoise1".
250527-18:14:16,848 nipype.workflow INFO:
	 [Node] Cached "_denoise1" - collecting precomputed outputs
250527-18:14:16,848 nipype.workflow INFO:
	 [Node] "_denoise1" found cached.
250527-18:14:16,991 nipype.workflow INFO:
	 [Node] Executing "anat_reorient" <nipype.interfaces.image.Reorient>
250527-18:14:17,398 nipype.workflow INFO:
	 [Node] Finished "anat_reorient", elapsed time 0.405927s.
250527-18:14:24,640 nipype.workflow INFO:
	 [Node] Setting-up "fmriprep_25_0_wf.sub_GEO015_wf.anat_fit_wf.surface_recon_wf.fov_check" in "/work/fmriprep_25_0_wf/sub_GEO015_wf/anat_fit_wf/surface_recon_wf/fov_check".
250527-18:14:24,641 nipype.workflow INFO:
	 [Node] Setting-up "_anat_conform0" in "/work/fmriprep_25_0_wf/sub_GEO015_wf/anat_fit_wf/t2w_template_wf/anat_conform/mapflow/_anat_conform0".
250527-18:14:24,643 nipype.workflow INFO:
	 [Node] Setting-up "_anat_conform1" in "/work/fmriprep_25_0_wf/sub_GEO015_wf/anat_fit_wf/t2w_template_wf/anat_conform/mapflow/_anat_conform1".
250527-18:14:24,693 nipype.workflow INFO:
	 [Node] Setting-up "fmriprep_25_0_wf.sub_GEO015_wf.anat_fit_wf.surface_recon_wf.recon_config" in "/work/fmriprep_25_0_wf/sub_GEO015_wf/anat_fit_wf/surface_recon_wf/recon_config".
250527-18:14:25,575 nipype.workflow INFO:
	 [Node] Setting-up "_truncate_images0" in "/work/fmriprep_25_0_wf/sub_GEO015_wf/anat_fit_wf/brain_extraction_wf/truncate_images/mapflow/_truncate_images0".
250527-18:14:25,771 nipype.workflow INFO:
	 [Node] Executing "fov_check" <nipype.interfaces.utility.wrappers.Function>
250527-18:14:25,858 nipype.workflow INFO:
	 [Node] Executing "_anat_conform1" <niworkflows.interfaces.images.Conform>
250527-18:14:26,18 nipype.workflow INFO:
	 [Node] Executing "recon_config" <niworkflows.interfaces.freesurfer.FSDetectInputs>
250527-18:14:26,51 nipype.workflow INFO:
	 [Node] Executing "_anat_conform0" <niworkflows.interfaces.images.Conform>
250527-18:14:26,79 nipype.workflow INFO:
	 [Node] Finished "_anat_conform1", elapsed time 0.219862s.
250527-18:14:26,151 nipype.workflow INFO:
	 [Node] Finished "recon_config", elapsed time 0.131082s.
250527-18:14:26,160 nipype.workflow INFO:
	 [Node] Executing "_truncate_images0" <nipype.interfaces.ants.utils.ImageMath>
250527-18:14:26,169 nipype.workflow INFO:
	 [Node] Finished "fov_check", elapsed time 0.39724s.
250527-18:14:26,300 nipype.workflow INFO:
	 [Node] Finished "_anat_conform0", elapsed time 0.248063s.
250527-18:14:31,692 nipype.workflow INFO:
	 [Node] Setting-up "_anat_conform0" in "/work/fmriprep_25_0_wf/sub_GEO015_wf/anat_fit_wf/t2w_template_wf/anat_conform/mapflow/_anat_conform0".
250527-18:14:31,696 nipype.workflow INFO:
	 [Node] Cached "_anat_conform0" - collecting precomputed outputs
250527-18:14:31,696 nipype.workflow INFO:
	 [Node] "_anat_conform0" found cached.
250527-18:14:31,696 nipype.workflow INFO:
	 [Node] Setting-up "_anat_conform1" in "/work/fmriprep_25_0_wf/sub_GEO015_wf/anat_fit_wf/t2w_template_wf/anat_conform/mapflow/_anat_conform1".
250527-18:14:31,700 nipype.workflow INFO:
	 [Node] Cached "_anat_conform1" - collecting precomputed outputs
250527-18:14:31,700 nipype.workflow INFO:
	 [Node] "_anat_conform1" found cached.
250527-18:14:31,741 nipype.workflow INFO:
	 [Node] Finished "_truncate_images0", elapsed time 5.579511s.
250527-18:14:34,544 nipype.workflow INFO:
	 [Node] Setting-up "_inu_n40" in "/work/fmriprep_25_0_wf/sub_GEO015_wf/anat_fit_wf/brain_extraction_wf/inu_n4/mapflow/_inu_n40".
250527-18:14:35,20 nipype.workflow INFO:
	 [Node] Setting-up "_anat_conform_xfm0" in "/work/fmriprep_25_0_wf/sub_GEO015_wf/anat_fit_wf/t2w_template_wf/anat_conform_xfm/mapflow/_anat_conform_xfm0".
250527-18:14:35,106 nipype.workflow INFO:
	 [Node] Executing "_inu_n40" <nipype.interfaces.ants.segmentation.N4BiasFieldCorrection>
250527-18:14:35,763 nipype.workflow INFO:
	 [Node] Executing "_anat_conform_xfm0" <niworkflows.interfaces.freesurfer.PatchedLTAConvert>
250527-18:14:36,45 nipype.workflow INFO:
	 [Node] Finished "_anat_conform_xfm0", elapsed time 0.280561s.
250527-18:14:37,42 nipype.workflow INFO:
	 [Node] Setting-up "_anat_conform_xfm1" in "/work/fmriprep_25_0_wf/sub_GEO015_wf/anat_fit_wf/t2w_template_wf/anat_conform_xfm/mapflow/_anat_conform_xfm1".
250527-18:14:37,793 nipype.workflow INFO:
	 [Node] Executing "_anat_conform_xfm1" <niworkflows.interfaces.freesurfer.PatchedLTAConvert>
250527-18:14:38,95 nipype.workflow INFO:
	 [Node] Finished "_anat_conform_xfm1", elapsed time 0.300715s.
250527-18:14:39,693 nipype.workflow INFO:
	 [Node] Setting-up "_anat_conform_xfm0" in "/work/fmriprep_25_0_wf/sub_GEO015_wf/anat_fit_wf/t2w_template_wf/anat_conform_xfm/mapflow/_anat_conform_xfm0".
250527-18:14:39,701 nipype.workflow INFO:
	 [Node] Cached "_anat_conform_xfm0" - collecting precomputed outputs
250527-18:14:39,702 nipype.workflow INFO:
	 [Node] "_anat_conform_xfm0" found cached.
250527-18:14:39,703 nipype.workflow INFO:
	 [Node] Setting-up "_anat_conform_xfm1" in "/work/fmriprep_25_0_wf/sub_GEO015_wf/anat_fit_wf/t2w_template_wf/anat_conform_xfm/mapflow/_anat_conform_xfm1".
250527-18:14:39,710 nipype.workflow INFO:
	 [Node] Cached "_anat_conform_xfm1" - collecting precomputed outputs
250527-18:14:39,710 nipype.workflow INFO:
	 [Node] "_anat_conform_xfm1" found cached.
250527-18:14:41,175 nipype.workflow INFO:
	 [Node] Setting-up "_n4_correct0" in "/work/fmriprep_25_0_wf/sub_GEO015_wf/anat_fit_wf/t2w_template_wf/n4_correct/mapflow/_n4_correct0".
250527-18:14:41,689 nipype.workflow INFO:
	 [Node] Executing "_n4_correct0" <nipype.interfaces.ants.segmentation.N4BiasFieldCorrection>
250527-18:14:54,100 nipype.workflow INFO:
	 [Node] Finished "_inu_n40", elapsed time 18.993053s.
250527-18:14:55,238 nipype.workflow INFO:
	 [Node] Setting-up "fmriprep_25_0_wf.sub_GEO015_wf.anat_fit_wf.surface_recon_wf.autorecon1" in "/work/fmriprep_25_0_wf/sub_GEO015_wf/anat_fit_wf/surface_recon_wf/autorecon1".
250527-18:14:55,813 nipype.workflow INFO:
	 [Node] Executing "autorecon1" <smriprep.interfaces.freesurfer.ReconAll>
250527-18:16:14,417 nipype.workflow INFO:
	 [Node] Finished "_n4_correct0", elapsed time 92.720035s.
250527-18:16:15,160 nipype.workflow INFO:
	 [Node] Setting-up "fmriprep_25_0_wf.sub_GEO015_wf.anat_fit_wf.brain_extraction_wf.res_target" in "/work/fmriprep_25_0_wf/sub_GEO015_wf/anat_fit_wf/brain_extraction_wf/res_target".
250527-18:16:15,877 nipype.workflow INFO:
	 [Node] Executing "res_target" <niworkflows.interfaces.nibabel.RegridToZooms>
250527-18:16:17,191 nipype.workflow INFO:
	 [Node] Finished "res_target", elapsed time 1.311995s.
250527-18:16:19,194 nipype.workflow INFO:
	 [Node] Setting-up "fmriprep_25_0_wf.sub_GEO015_wf.anat_fit_wf.brain_extraction_wf.lap_target" in "/work/fmriprep_25_0_wf/sub_GEO015_wf/anat_fit_wf/brain_extraction_wf/lap_target".
250527-18:16:19,942 nipype.workflow INFO:
	 [Node] Executing "lap_target" <nipype.interfaces.ants.utils.ImageMath>
250527-18:16:27,117 nipype.workflow INFO:
	 [Node] Finished "lap_target", elapsed time 7.174388s.
250527-18:16:29,165 nipype.workflow INFO:
	 [Node] Setting-up "fmriprep_25_0_wf.sub_GEO015_wf.anat_fit_wf.brain_extraction_wf.mrg_target" in "/work/fmriprep_25_0_wf/sub_GEO015_wf/anat_fit_wf/brain_extraction_wf/mrg_target".
250527-18:16:29,793 nipype.workflow INFO:
	 [Node] Executing "mrg_target" <nipype.interfaces.utility.base.Merge>
250527-18:16:29,796 nipype.workflow INFO:
	 [Node] Finished "mrg_target", elapsed time 0.000635s.
250527-18:16:31,181 nipype.workflow INFO:
	 [Node] Setting-up "_n4_correct1" in "/work/fmriprep_25_0_wf/sub_GEO015_wf/anat_fit_wf/t2w_template_wf/n4_correct/mapflow/_n4_correct1".
250527-18:16:31,771 nipype.workflow INFO:
	 [Node] Executing "_n4_correct1" <nipype.interfaces.ants.segmentation.N4BiasFieldCorrection>
250527-18:18:06,741 nipype.workflow INFO:
	 [Node] Finished "_n4_correct1", elapsed time 94.968714s.
250527-18:18:09,545 nipype.workflow INFO:
	 [Node] Setting-up "_n4_correct0" in "/work/fmriprep_25_0_wf/sub_GEO015_wf/anat_fit_wf/t2w_template_wf/n4_correct/mapflow/_n4_correct0".
250527-18:18:09,555 nipype.workflow INFO:
	 [Node] Cached "_n4_correct0" - collecting precomputed outputs
250527-18:18:09,555 nipype.workflow INFO:
	 [Node] "_n4_correct0" found cached.
250527-18:18:09,555 nipype.workflow INFO:
	 [Node] Setting-up "_n4_correct1" in "/work/fmriprep_25_0_wf/sub_GEO015_wf/anat_fit_wf/t2w_template_wf/n4_correct/mapflow/_n4_correct1".
250527-18:18:09,559 nipype.workflow INFO:
	 [Node] Cached "_n4_correct1" - collecting precomputed outputs
250527-18:18:09,559 nipype.workflow INFO:
	 [Node] "_n4_correct1" found cached.
250527-18:18:11,250 nipype.workflow INFO:
	 [Node] Setting-up "fmriprep_25_0_wf.sub_GEO015_wf.anat_fit_wf.t2w_template_wf.anat_merge" in "/work/fmriprep_25_0_wf/sub_GEO015_wf/anat_fit_wf/t2w_template_wf/anat_merge".
250527-18:18:11,707 nipype.workflow INFO:
	 [Node] Executing "anat_merge" <niworkflows.interfaces.freesurfer.StructuralReference>
250527-18:19:27,840 nipype.workflow INFO:
	 [Node] Finished "anat_merge", elapsed time 76.122626s.
250527-18:19:29,238 nipype.workflow INFO:
	 [Node] Setting-up "fmriprep_25_0_wf.sub_GEO015_wf.anat_fit_wf.t2w_template_wf.anat_reorient" in "/work/fmriprep_25_0_wf/sub_GEO015_wf/anat_fit_wf/t2w_template_wf/anat_reorient".
250527-18:19:30,98 nipype.workflow INFO:
	 [Node] Executing "anat_reorient" <nipype.interfaces.image.Reorient>
250527-18:19:30,371 nipype.workflow INFO:
	 [Node] Finished "anat_reorient", elapsed time 0.271827s.
250527-18:22:05,15 nipype.workflow INFO:
	 [Node] Finished "autorecon1", elapsed time 429.200968s.
250527-18:22:06,945 nipype.workflow INFO:
	 [Node] Setting-up "fmriprep_25_0_wf.sub_GEO015_wf.anat_fit_wf.surface_recon_wf.fsnative2t1w_xfm" in "/work/fmriprep_25_0_wf/sub_GEO015_wf/anat_fit_wf/surface_recon_wf/fsnative2t1w_xfm".
250527-18:22:06,974 nipype.workflow INFO:
	 [Node] Setting-up "fmriprep_25_0_wf.sub_GEO015_wf.anat_fit_wf.brain_extraction_wf.init_aff" in "/work/fmriprep_25_0_wf/sub_GEO015_wf/anat_fit_wf/brain_extraction_wf/init_aff".
250527-18:22:07,602 nipype.workflow INFO:
	 [Node] Executing "init_aff" <nipype.interfaces.ants.utils.AI>
250527-18:22:07,875 nipype.workflow INFO:
	 [Node] Executing "fsnative2t1w_xfm" <niworkflows.interfaces.freesurfer.PatchedRobustRegister>
250527-18:22:23,166 nipype.workflow INFO:
	 [Node] Finished "init_aff", elapsed time 15.563035s.
250527-18:22:25,0 nipype.workflow INFO:
	 [Node] Setting-up "fmriprep_25_0_wf.sub_GEO015_wf.anat_fit_wf.brain_extraction_wf.norm" in "/work/fmriprep_25_0_wf/sub_GEO015_wf/anat_fit_wf/brain_extraction_wf/norm".
250527-18:22:25,690 nipype.workflow INFO:
	 [Node] Executing "norm" <niworkflows.interfaces.fixes.FixHeaderRegistration>
250527-18:22:43,905 nipype.workflow INFO:
	 [Node] Finished "fsnative2t1w_xfm", elapsed time 36.02882s.
250527-18:28:34,807 nipype.workflow INFO:
	 [Node] Finished "norm", elapsed time 369.115533s.
250527-18:28:37,122 nipype.workflow INFO:
	 [Node] Setting-up "fmriprep_25_0_wf.sub_GEO015_wf.anat_fit_wf.brain_extraction_wf.map_brainmask" in "/work/fmriprep_25_0_wf/sub_GEO015_wf/anat_fit_wf/brain_extraction_wf/map_brainmask".
250527-18:28:37,124 nipype.workflow INFO:
	 [Node] Setting-up "fmriprep_25_0_wf.sub_GEO015_wf.anat_fit_wf.brain_extraction_wf.map_wmmask" in "/work/fmriprep_25_0_wf/sub_GEO015_wf/anat_fit_wf/brain_extraction_wf/map_wmmask".
250527-18:28:38,591 nipype.workflow INFO:
	 [Node] Executing "map_brainmask" <niworkflows.interfaces.fixes.FixHeaderApplyTransforms>
250527-18:28:39,96 nipype.workflow INFO:
	 [Node] Executing "map_wmmask" <niworkflows.interfaces.fixes.FixHeaderApplyTransforms>
250527-18:28:53,257 nipype.workflow INFO:
	 [Node] Finished "map_brainmask", elapsed time 14.6642s.
250527-18:28:55,83 nipype.workflow INFO:
	 [Node] Setting-up "fmriprep_25_0_wf.sub_GEO015_wf.anat_fit_wf.brain_extraction_wf.thr_brainmask" in "/work/fmriprep_25_0_wf/sub_GEO015_wf/anat_fit_wf/brain_extraction_wf/thr_brainmask".
250527-18:28:55,426 nipype.workflow INFO:
	 [Node] Finished "map_wmmask", elapsed time 16.327335s.
250527-18:28:55,984 nipype.workflow INFO:
	 [Node] Executing "thr_brainmask" <nipype.interfaces.ants.utils.ThresholdImage>
250527-18:28:57,369 nipype.workflow INFO:
	 [Node] Finished "thr_brainmask", elapsed time 1.383676s.
250527-18:28:57,633 nipype.workflow INFO:
	 [Node] Setting-up "_inu_n4_final0" in "/work/fmriprep_25_0_wf/sub_GEO015_wf/anat_fit_wf/brain_extraction_wf/inu_n4_final/mapflow/_inu_n4_final0".
250527-18:28:58,289 nipype.workflow INFO:
	 [Node] Executing "_inu_n4_final0" <nipype.interfaces.ants.segmentation.N4BiasFieldCorrection>
250527-18:28:59,54 nipype.workflow INFO:
	 [Node] Setting-up "fmriprep_25_0_wf.sub_GEO015_wf.anat_fit_wf.brain_extraction_wf.atropos_wf.dil_brainmask" in "/work/fmriprep_25_0_wf/sub_GEO015_wf/anat_fit_wf/brain_extraction_wf/atropos_wf/dil_brainmask".
250527-18:28:59,664 nipype.workflow INFO:
	 [Node] Executing "dil_brainmask" <nipype.interfaces.ants.utils.ImageMath>
250527-18:29:01,239 nipype.workflow INFO:
	 [Node] Finished "dil_brainmask", elapsed time 1.5730330000000001s.
250527-18:29:03,74 nipype.workflow INFO:
	 [Node] Setting-up "fmriprep_25_0_wf.sub_GEO015_wf.anat_fit_wf.brain_extraction_wf.atropos_wf.03_pad_mask" in "/work/fmriprep_25_0_wf/sub_GEO015_wf/anat_fit_wf/brain_extraction_wf/atropos_wf/03_pad_mask".
250527-18:29:03,725 nipype.workflow INFO:
	 [Node] Executing "03_pad_mask" <nipype.interfaces.ants.utils.ImageMath>
250527-18:29:04,635 nipype.workflow INFO:
	 [Node] Finished "03_pad_mask", elapsed time 0.908134s.
250527-18:29:07,93 nipype.workflow INFO:
	 [Node] Setting-up "fmriprep_25_0_wf.sub_GEO015_wf.anat_fit_wf.brain_extraction_wf.atropos_wf.get_brainmask" in "/work/fmriprep_25_0_wf/sub_GEO015_wf/anat_fit_wf/brain_extraction_wf/atropos_wf/get_brainmask".
250527-18:29:07,656 nipype.workflow INFO:
	 [Node] Executing "get_brainmask" <nipype.interfaces.ants.utils.ImageMath>
250527-18:29:08,993 nipype.workflow INFO:
	 [Node] Finished "get_brainmask", elapsed time 1.3356379999999999s.
250527-18:29:15,375 nipype.workflow INFO:
	 [Node] Finished "_inu_n4_final0", elapsed time 17.08353s.
250527-18:29:17,104 nipype.workflow INFO:
	 [Node] Setting-up "fmriprep_25_0_wf.sub_GEO015_wf.anat_fit_wf.brain_extraction_wf.atropos_wf.01_atropos" in "/work/fmriprep_25_0_wf/sub_GEO015_wf/anat_fit_wf/brain_extraction_wf/atropos_wf/01_atropos".
250527-18:29:17,846 nipype.workflow INFO:
	 [Node] Executing "01_atropos" <nipype.interfaces.ants.segmentation.Atropos>
250527-18:29:17,928 nipype.workflow INFO:
	 [Node] Setting-up "_apply_mask0" in "/work/fmriprep_25_0_wf/sub_GEO015_wf/anat_fit_wf/brain_extraction_wf/apply_mask/mapflow/_apply_mask0".
250527-18:29:18,602 nipype.workflow INFO:
	 [Node] Executing "_apply_mask0" <niworkflows.interfaces.nibabel.ApplyMask>
250527-18:29:19,412 nipype.workflow INFO:
	 [Node] Finished "_apply_mask0", elapsed time 0.80787s.
250527-18:29:44,397 nipype.workflow INFO:
	 [Node] Finished "01_atropos", elapsed time 26.536311s.
250527-18:29:45,121 nipype.workflow INFO:
	 [Node] Setting-up "fmriprep_25_0_wf.sub_GEO015_wf.anat_fit_wf.brain_extraction_wf.atropos_wf.02_pad_segm" in "/work/fmriprep_25_0_wf/sub_GEO015_wf/anat_fit_wf/brain_extraction_wf/atropos_wf/02_pad_segm".
250527-18:29:46,98 nipype.workflow INFO:
	 [Node] Executing "02_pad_segm" <nipype.interfaces.ants.utils.ImageMath>
250527-18:29:46,989 nipype.workflow INFO:
	 [Node] Finished "02_pad_segm", elapsed time 0.889433s.
250527-18:29:52,144 nipype.workflow INFO:
	 [Node] Setting-up "fmriprep_25_0_wf.sub_GEO015_wf.anat_fit_wf.brain_extraction_wf.atropos_wf.04_sel_labels" in "/work/fmriprep_25_0_wf/sub_GEO015_wf/anat_fit_wf/brain_extraction_wf/atropos_wf/04_sel_labels".
250527-18:29:52,738 nipype.workflow INFO:
	 [Node] Executing "04_sel_labels" <nipype.interfaces.utility.wrappers.Function>
250527-18:29:53,484 nipype.workflow INFO:
	 [Node] Finished "04_sel_labels", elapsed time 0.744981s.
250527-18:29:56,659 nipype.workflow INFO:
	 [Node] Setting-up "fmriprep_25_0_wf.sub_GEO015_wf.anat_fit_wf.brain_extraction_wf.atropos_wf.05_get_wm" in "/work/fmriprep_25_0_wf/sub_GEO015_wf/anat_fit_wf/brain_extraction_wf/atropos_wf/05_get_wm".
250527-18:29:56,662 nipype.workflow INFO:
	 [Node] Setting-up "fmriprep_25_0_wf.sub_GEO015_wf.anat_fit_wf.brain_extraction_wf.atropos_wf.06_get_gm" in "/work/fmriprep_25_0_wf/sub_GEO015_wf/anat_fit_wf/brain_extraction_wf/atropos_wf/06_get_gm".
250527-18:29:56,662 nipype.workflow INFO:
	 [Node] Setting-up "fmriprep_25_0_wf.sub_GEO015_wf.anat_fit_wf.brain_extraction_wf.atropos_wf.10_me_csf" in "/work/fmriprep_25_0_wf/sub_GEO015_wf/anat_fit_wf/brain_extraction_wf/atropos_wf/10_me_csf".
250527-18:29:56,663 nipype.workflow INFO:
	 [Node] Setting-up "fmriprep_25_0_wf.sub_GEO015_wf.anat_fit_wf.brain_extraction_wf.atropos_wf.27_depad_csf" in "/work/fmriprep_25_0_wf/sub_GEO015_wf/anat_fit_wf/brain_extraction_wf/atropos_wf/27_depad_csf".
250527-18:29:56,664 nipype.workflow INFO:
	 [Node] Setting-up "fmriprep_25_0_wf.sub_GEO015_wf.anat_fit_wf.brain_extraction_wf.atropos_wf.apply_wm_prior" in "/work/fmriprep_25_0_wf/sub_GEO015_wf/anat_fit_wf/brain_extraction_wf/atropos_wf/apply_wm_prior".
250527-18:29:57,951 nipype.workflow INFO:
	 [Node] Executing "05_get_wm" <nipype.interfaces.ants.utils.ImageMath>
250527-18:29:58,11 nipype.workflow INFO:
	 [Node] Executing "06_get_gm" <nipype.interfaces.ants.utils.ImageMath>
250527-18:29:58,42 nipype.workflow INFO:
	 [Node] Executing "27_depad_csf" <nipype.interfaces.ants.utils.ImageMath>
250527-18:29:58,46 nipype.workflow INFO:
	 [Node] Executing "10_me_csf" <nipype.interfaces.ants.utils.ImageMath>
250527-18:29:58,248 nipype.workflow INFO:
	 [Node] Executing "apply_wm_prior" <nipype.interfaces.utility.wrappers.Function>
250527-18:29:58,969 nipype.workflow INFO:
	 [Node] Finished "27_depad_csf", elapsed time 0.924593s.
250527-18:29:59,165 nipype.workflow INFO:
	 [Node] Finished "apply_wm_prior", elapsed time 0.916255s.
250527-18:29:59,343 nipype.workflow INFO:
	 [Node] Finished "05_get_wm", elapsed time 1.391029s.
250527-18:29:59,659 nipype.workflow INFO:
	 [Node] Finished "06_get_gm", elapsed time 1.646781s.
250527-18:30:00,761 nipype.workflow INFO:
	 [Node] Setting-up "fmriprep_25_0_wf.sub_GEO015_wf.anat_fit_wf.brain_extraction_wf.atropos_wf.09_relabel_wm" in "/work/fmriprep_25_0_wf/sub_GEO015_wf/anat_fit_wf/brain_extraction_wf/atropos_wf/09_relabel_wm".
250527-18:30:00,763 nipype.workflow INFO:
	 [Node] Setting-up "fmriprep_25_0_wf.sub_GEO015_wf.anat_fit_wf.brain_extraction_wf.atropos_wf.07_fill_gm" in "/work/fmriprep_25_0_wf/sub_GEO015_wf/anat_fit_wf/brain_extraction_wf/atropos_wf/07_fill_gm".
250527-18:30:00,815 nipype.workflow INFO:
	 [Node] Finished "10_me_csf", elapsed time 2.767087s.
250527-18:30:01,642 nipype.workflow INFO:
	 [Node] Executing "09_relabel_wm" <nipype.interfaces.ants.utils.MultiplyImages>
250527-18:30:01,747 nipype.workflow INFO:
	 [Node] Executing "07_fill_gm" <nipype.interfaces.ants.utils.ImageMath>
250527-18:30:02,545 nipype.workflow INFO:
	 [Node] Finished "09_relabel_wm", elapsed time 0.901054s.
250527-18:30:04,734 nipype.workflow INFO:
	 [Node] Setting-up "fmriprep_25_0_wf.sub_GEO015_wf.anat_fit_wf.brain_extraction_wf.atropos_wf.26_depad_wm" in "/work/fmriprep_25_0_wf/sub_GEO015_wf/anat_fit_wf/brain_extraction_wf/atropos_wf/26_depad_wm".
250527-18:30:05,385 nipype.workflow INFO:
	 [Node] Executing "26_depad_wm" <nipype.interfaces.ants.utils.ImageMath>
250527-18:30:06,337 nipype.workflow INFO:
	 [Node] Finished "26_depad_wm", elapsed time 0.951123s.
250527-18:30:08,577 nipype.workflow INFO:
	 [Node] Finished "07_fill_gm", elapsed time 6.829366s.
250527-18:30:09,403 nipype.workflow INFO:
	 [Node] Setting-up "_inu_n4_final0" in "/work/fmriprep_25_0_wf/sub_GEO015_wf/anat_fit_wf/brain_extraction_wf/atropos_wf/inu_n4_final/mapflow/_inu_n4_final0".
250527-18:30:10,94 nipype.workflow INFO:
	 [Node] Executing "_inu_n4_final0" <nipype.interfaces.ants.segmentation.N4BiasFieldCorrection>
250527-18:30:10,644 nipype.workflow INFO:
	 [Node] Setting-up "fmriprep_25_0_wf.sub_GEO015_wf.anat_fit_wf.brain_extraction_wf.atropos_wf.08_mult_gm" in "/work/fmriprep_25_0_wf/sub_GEO015_wf/anat_fit_wf/brain_extraction_wf/atropos_wf/08_mult_gm".
250527-18:30:11,256 nipype.workflow INFO:
	 [Node] Executing "08_mult_gm" <nipype.interfaces.ants.utils.MultiplyImages>
250527-18:30:12,252 nipype.workflow INFO:
	 [Node] Finished "08_mult_gm", elapsed time 0.994781s.
250527-18:30:14,693 nipype.workflow INFO:
	 [Node] Setting-up "fmriprep_25_0_wf.sub_GEO015_wf.anat_fit_wf.brain_extraction_wf.atropos_wf.11_add_gm" in "/work/fmriprep_25_0_wf/sub_GEO015_wf/anat_fit_wf/brain_extraction_wf/atropos_wf/11_add_gm".
250527-18:30:15,222 nipype.workflow INFO:
	 [Node] Executing "11_add_gm" <nipype.interfaces.ants.utils.ImageMath>
250527-18:30:16,813 nipype.workflow INFO:
	 [Node] Finished "11_add_gm", elapsed time 1.5900560000000001s.
250527-18:30:18,639 nipype.workflow INFO:
	 [Node] Setting-up "fmriprep_25_0_wf.sub_GEO015_wf.anat_fit_wf.brain_extraction_wf.atropos_wf.12_relabel_gm" in "/work/fmriprep_25_0_wf/sub_GEO015_wf/anat_fit_wf/brain_extraction_wf/atropos_wf/12_relabel_gm".
250527-18:30:19,211 nipype.workflow INFO:
	 [Node] Executing "12_relabel_gm" <nipype.interfaces.ants.utils.MultiplyImages>
250527-18:30:20,7 nipype.workflow INFO:
	 [Node] Finished "12_relabel_gm", elapsed time 0.79361s.
250527-18:30:22,642 nipype.workflow INFO:
	 [Node] Setting-up "fmriprep_25_0_wf.sub_GEO015_wf.anat_fit_wf.brain_extraction_wf.atropos_wf.13_add_gm_wm" in "/work/fmriprep_25_0_wf/sub_GEO015_wf/anat_fit_wf/brain_extraction_wf/atropos_wf/13_add_gm_wm".
250527-18:30:23,254 nipype.workflow INFO:
	 [Node] Executing "13_add_gm_wm" <nipype.interfaces.ants.utils.ImageMath>
250527-18:30:24,991 nipype.workflow INFO:
	 [Node] Finished "13_add_gm_wm", elapsed time 1.735323s.
250527-18:30:26,682 nipype.workflow INFO:
	 [Node] Setting-up "fmriprep_25_0_wf.sub_GEO015_wf.anat_fit_wf.brain_extraction_wf.atropos_wf.25_depad_gm" in "/work/fmriprep_25_0_wf/sub_GEO015_wf/anat_fit_wf/brain_extraction_wf/atropos_wf/25_depad_gm".
250527-18:30:26,772 nipype.workflow INFO:
	 [Node] Finished "_inu_n4_final0", elapsed time 16.677015s.
250527-18:30:27,712 nipype.workflow INFO:
	 [Node] Executing "25_depad_gm" <nipype.interfaces.ants.utils.ImageMath>
250527-18:30:28,729 nipype.workflow INFO:
	 [Node] Setting-up "fmriprep_25_0_wf.sub_GEO015_wf.anat_fit_wf.brain_extraction_wf.atropos_wf.14_sel_labels2" in "/work/fmriprep_25_0_wf/sub_GEO015_wf/anat_fit_wf/brain_extraction_wf/atropos_wf/14_sel_labels2".
250527-18:30:28,732 nipype.workflow INFO:
	 [Node] Setting-up "fmriprep_25_0_wf.sub_GEO015_wf.anat_fit_wf.brain_extraction_wf.atropos_wf.24_depad_segm" in "/work/fmriprep_25_0_wf/sub_GEO015_wf/anat_fit_wf/brain_extraction_wf/atropos_wf/24_depad_segm".
250527-18:30:28,817 nipype.workflow INFO:
	 [Node] Finished "25_depad_gm", elapsed time 1.103543s.
250527-18:30:29,514 nipype.workflow INFO:
	 [Node] Executing "14_sel_labels2" <nipype.interfaces.utility.wrappers.Function>
250527-18:30:29,721 nipype.workflow INFO:
	 [Node] Executing "24_depad_segm" <nipype.interfaces.ants.utils.ImageMath>
250527-18:30:29,905 nipype.workflow INFO:
	 [Node] Finished "14_sel_labels2", elapsed time 0.390078s.
250527-18:30:30,734 nipype.workflow INFO:
	 [Node] Finished "24_depad_segm", elapsed time 1.01151s.
250527-18:30:30,764 nipype.workflow INFO:
	 [Node] Setting-up "fmriprep_25_0_wf.sub_GEO015_wf.anat_fit_wf.brain_extraction_wf.atropos_wf.merge_tpms" in "/work/fmriprep_25_0_wf/sub_GEO015_wf/anat_fit_wf/brain_extraction_wf/atropos_wf/merge_tpms".
250527-18:30:31,710 nipype.workflow INFO:
	 [Node] Executing "merge_tpms" <nipype.interfaces.utility.base.Merge>
250527-18:30:31,712 nipype.workflow INFO:
	 [Node] Finished "merge_tpms", elapsed time 0.000696s.
250527-18:30:32,717 nipype.workflow INFO:
	 [Node] Setting-up "fmriprep_25_0_wf.sub_GEO015_wf.anat_fit_wf.brain_extraction_wf.atropos_wf.15_add_7" in "/work/fmriprep_25_0_wf/sub_GEO015_wf/anat_fit_wf/brain_extraction_wf/atropos_wf/15_add_7".
250527-18:30:33,429 nipype.workflow INFO:
	 [Node] Executing "15_add_7" <nipype.interfaces.ants.utils.ImageMath>
250527-18:30:34,797 nipype.workflow INFO:
	 [Node] Finished "15_add_7", elapsed time 1.366444s.
250527-18:30:36,719 nipype.workflow INFO:
	 [Node] Setting-up "fmriprep_25_0_wf.sub_GEO015_wf.anat_fit_wf.brain_extraction_wf.atropos_wf.16_me_7" in "/work/fmriprep_25_0_wf/sub_GEO015_wf/anat_fit_wf/brain_extraction_wf/atropos_wf/16_me_7".
250527-18:30:37,415 nipype.workflow INFO:
	 [Node] Executing "16_me_7" <nipype.interfaces.ants.utils.ImageMath>
250527-18:30:39,638 nipype.workflow INFO:
	 [Node] Finished "16_me_7", elapsed time 2.222079s.
250527-18:30:40,715 nipype.workflow INFO:
	 [Node] Setting-up "fmriprep_25_0_wf.sub_GEO015_wf.anat_fit_wf.brain_extraction_wf.atropos_wf.17_comp_7" in "/work/fmriprep_25_0_wf/sub_GEO015_wf/anat_fit_wf/brain_extraction_wf/atropos_wf/17_comp_7".
250527-18:30:41,330 nipype.workflow INFO:
	 [Node] Executing "17_comp_7" <nipype.interfaces.ants.utils.ImageMath>
250527-18:30:42,728 nipype.workflow INFO:
	 [Node] Finished "17_comp_7", elapsed time 1.39736s.
250527-18:30:44,555 nipype.workflow INFO:
	 [Node] Setting-up "fmriprep_25_0_wf.sub_GEO015_wf.anat_fit_wf.brain_extraction_wf.atropos_wf.18_md_7" in "/work/fmriprep_25_0_wf/sub_GEO015_wf/anat_fit_wf/brain_extraction_wf/atropos_wf/18_md_7".
250527-18:30:45,130 nipype.workflow INFO:
	 [Node] Executing "18_md_7" <nipype.interfaces.ants.utils.ImageMath>
250527-18:30:47,308 nipype.workflow INFO:
	 [Node] Finished "18_md_7", elapsed time 2.176735s.
250527-18:30:48,697 nipype.workflow INFO:
	 [Node] Setting-up "fmriprep_25_0_wf.sub_GEO015_wf.anat_fit_wf.brain_extraction_wf.atropos_wf.19_fill_7" in "/work/fmriprep_25_0_wf/sub_GEO015_wf/anat_fit_wf/brain_extraction_wf/atropos_wf/19_fill_7".
250527-18:30:50,95 nipype.workflow INFO:
	 [Node] Executing "19_fill_7" <nipype.interfaces.ants.utils.ImageMath>
250527-18:30:56,145 nipype.workflow INFO:
	 [Node] Finished "19_fill_7", elapsed time 6.048677s.
250527-18:30:58,725 nipype.workflow INFO:
	 [Node] Setting-up "fmriprep_25_0_wf.sub_GEO015_wf.anat_fit_wf.brain_extraction_wf.atropos_wf.20_add_7_2" in "/work/fmriprep_25_0_wf/sub_GEO015_wf/anat_fit_wf/brain_extraction_wf/atropos_wf/20_add_7_2".
250527-18:30:59,347 nipype.workflow INFO:
	 [Node] Executing "20_add_7_2" <nipype.interfaces.ants.utils.ImageMath>
250527-18:31:00,876 nipype.workflow INFO:
	 [Node] Finished "20_add_7_2", elapsed time 1.5284339999999998s.
250527-18:31:02,741 nipype.workflow INFO:
	 [Node] Setting-up "fmriprep_25_0_wf.sub_GEO015_wf.anat_fit_wf.brain_extraction_wf.atropos_wf.21_md_7_2" in "/work/fmriprep_25_0_wf/sub_GEO015_wf/anat_fit_wf/brain_extraction_wf/atropos_wf/21_md_7_2".
250527-18:31:03,531 nipype.workflow INFO:
	 [Node] Executing "21_md_7_2" <nipype.interfaces.ants.utils.ImageMath>
250527-18:31:05,285 nipype.workflow INFO:
	 [Node] Finished "21_md_7_2", elapsed time 1.7528679999999999s.
250527-18:31:06,676 nipype.workflow INFO:
	 [Node] Setting-up "fmriprep_25_0_wf.sub_GEO015_wf.anat_fit_wf.brain_extraction_wf.atropos_wf.22_me_7_2" in "/work/fmriprep_25_0_wf/sub_GEO015_wf/anat_fit_wf/brain_extraction_wf/atropos_wf/22_me_7_2".
250527-18:31:07,331 nipype.workflow INFO:
	 [Node] Executing "22_me_7_2" <nipype.interfaces.ants.utils.ImageMath>
250527-18:31:09,480 nipype.workflow INFO:
	 [Node] Finished "22_me_7_2", elapsed time 2.148193s.
250527-18:31:10,631 nipype.workflow INFO:
	 [Node] Setting-up "fmriprep_25_0_wf.sub_GEO015_wf.anat_fit_wf.brain_extraction_wf.atropos_wf.23_depad_mask" in "/work/fmriprep_25_0_wf/sub_GEO015_wf/anat_fit_wf/brain_extraction_wf/atropos_wf/23_depad_mask".
250527-18:31:11,340 nipype.workflow INFO:
	 [Node] Executing "23_depad_mask" <nipype.interfaces.ants.utils.ImageMath>
250527-18:31:12,219 nipype.workflow INFO:
	 [Node] Finished "23_depad_mask", elapsed time 0.877754s.
250527-18:31:14,695 nipype.workflow INFO:
	 [Node] Setting-up "fmriprep_25_0_wf.sub_GEO015_wf.anat_fit_wf.brain_extraction_wf.atropos_wf.msk_conform" in "/work/fmriprep_25_0_wf/sub_GEO015_wf/anat_fit_wf/brain_extraction_wf/atropos_wf/msk_conform".
250527-18:31:15,646 nipype.workflow INFO:
	 [Node] Executing "msk_conform" <nipype.interfaces.utility.wrappers.Function>
250527-18:31:15,962 nipype.workflow INFO:
	 [Node] Finished "msk_conform", elapsed time 0.314375s.
250527-18:31:28,806 nipype.workflow INFO:
	 [Node] Setting-up "_apply_mask0" in "/work/fmriprep_25_0_wf/sub_GEO015_wf/anat_fit_wf/brain_extraction_wf/atropos_wf/apply_mask/mapflow/_apply_mask0".
250527-18:31:29,569 nipype.workflow INFO:
	 [Node] Executing "_apply_mask0" <niworkflows.interfaces.nibabel.ApplyMask>
250527-18:31:30,412 nipype.workflow INFO:
	 [Node] Finished "_apply_mask0", elapsed time 0.841976s.
250527-18:31:32,293 nipype.workflow INFO:
	 [Node] Setting-up "fmriprep_25_0_wf.sub_GEO015_wf.anat_fit_wf.register_template_wf.trunc_mov" in "/work/fmriprep_25_0_wf/sub_GEO015_wf/anat_fit_wf/register_template_wf/_template_MNI152NLin2009cAsym/trunc_mov".
250527-18:31:32,687 nipype.workflow INFO:
	 [Node] Setting-up "fmriprep_25_0_wf.sub_GEO015_wf.anat_fit_wf.surface_recon_wf.skull_strip_extern" in "/work/fmriprep_25_0_wf/sub_GEO015_wf/anat_fit_wf/surface_recon_wf/skull_strip_extern".
250527-18:31:32,688 nipype.workflow INFO:
	 [Node] Setting-up "fmriprep_25_0_wf.sub_GEO015_wf.ds_std_volumes_wf.gen_ref" in "/work/fmriprep_25_0_wf/sub_GEO015_wf/ds_std_volumes_wf/_in_tuple_MNI152NLin2009cAsym.resnative/gen_ref".
250527-18:31:33,107 nipype.workflow INFO:
	 [Node] Executing "trunc_mov" <nipype.interfaces.ants.utils.ImageMath>
250527-18:31:33,664 nipype.workflow INFO:
	 [Node] Executing "skull_strip_extern" <niworkflows.interfaces.freesurfer.FSInjectBrainExtracted>
250527-18:31:34,3 nipype.workflow INFO:
	 [Node] Executing "gen_ref" <niworkflows.interfaces.nibabel.GenerateSamplingReference>
250527-18:31:35,985 nipype.workflow INFO:
	 [Node] Finished "skull_strip_extern", elapsed time 2.314401s.
250527-18:31:36,96 nipype.workflow INFO:
	 [Node] Finished "gen_ref", elapsed time 2.091434s.
250527-18:31:38,685 nipype.workflow INFO:
	 [Node] Setting-up "fmriprep_25_0_wf.sub_GEO015_wf.anat_fit_wf.surface_recon_wf.autorecon_resume_wf.gcareg" in "/work/fmriprep_25_0_wf/sub_GEO015_wf/anat_fit_wf/surface_recon_wf/autorecon_resume_wf/gcareg".
250527-18:31:38,716 nipype.workflow INFO:
	 [Node] Finished "trunc_mov", elapsed time 5.6071860000000004s.
250527-18:31:39,241 nipype.workflow INFO:
	 [Node] Executing "gcareg" <smriprep.interfaces.freesurfer.ReconAll>
250527-18:31:39,246 nipype.interface INFO:
	 resume recon-all : recon-all -openmp 7 -subjid sub-GEO015 -sd /out/sourcedata/freesurfer -gcareg
250527-18:31:39,246 nipype.interface INFO:
	 resume recon-all : recon-all -openmp 7 -subjid sub-GEO015 -sd /out/sourcedata/freesurfer -gcareg
250527-18:34:08,848 nipype.workflow INFO:
	 [Node] Finished "gcareg", elapsed time 149.600392s.
250527-18:34:10,708 nipype.workflow INFO:
	 [Node] Setting-up "fmriprep_25_0_wf.sub_GEO015_wf.anat_fit_wf.surface_recon_wf.autorecon_resume_wf.autorecon2_vol" in "/work/fmriprep_25_0_wf/sub_GEO015_wf/anat_fit_wf/surface_recon_wf/autorecon_resume_wf/autorecon2_vol".
250527-18:34:11,80 nipype.workflow INFO:
	 [Node] Executing "autorecon2_vol" <smriprep.interfaces.freesurfer.ReconAll>
250527-18:34:11,84 nipype.interface INFO:
	 resume recon-all : recon-all -autorecon2-volonly -openmp 7 -subjid sub-GEO015 -sd /out/sourcedata/freesurfer -nogcareg
250527-18:34:11,85 nipype.interface INFO:
	 resume recon-all : recon-all -autorecon2-volonly -openmp 7 -subjid sub-GEO015 -sd /out/sourcedata/freesurfer -nogcareg
250527-20:01:58,345 nipype.workflow INFO:
	 [Node] Finished "autorecon2_vol", elapsed time 5267.262092s.
250527-20:02:01,667 nipype.workflow INFO:
	 [Node] Setting-up "_autorecon_surfs0" in "/work/fmriprep_25_0_wf/sub_GEO015_wf/anat_fit_wf/surface_recon_wf/autorecon_resume_wf/autorecon_surfs/mapflow/_autorecon_surfs0".
250527-20:02:04,150 nipype.workflow INFO:
	 [Node] Executing "_autorecon_surfs0" <smriprep.interfaces.freesurfer.ReconAll>
250527-20:02:04,156 nipype.interface INFO:
	 resume recon-all : recon-all -autorecon-hemi lh -noparcstats -noparcstats2 -noparcstats3 -nohyporelabel -nobalabels -lh-only -openmp 7 -subjid sub-GEO015 -sd /out/sourcedata/freesurfer 
250527-20:02:04,156 nipype.interface INFO:
	 resume recon-all : recon-all -autorecon-hemi lh -noparcstats -noparcstats2 -noparcstats3 -nohyporelabel -nobalabels -lh-only -openmp 7 -subjid sub-GEO015 -sd /out/sourcedata/freesurfer 
250527-20:29:14,19 nipype.workflow INFO:
	 [Node] Finished "_autorecon_surfs0", elapsed time 1629.865875s.
250527-20:29:15,959 nipype.workflow INFO:
	 [Node] Setting-up "_autorecon_surfs1" in "/work/fmriprep_25_0_wf/sub_GEO015_wf/anat_fit_wf/surface_recon_wf/autorecon_resume_wf/autorecon_surfs/mapflow/_autorecon_surfs1".
250527-20:29:16,489 nipype.workflow INFO:
	 [Node] Executing "_autorecon_surfs1" <smriprep.interfaces.freesurfer.ReconAll>
250527-20:29:16,495 nipype.interface INFO:
	 resume recon-all : recon-all -autorecon-hemi rh -noparcstats -noparcstats2 -noparcstats3 -nohyporelabel -nobalabels -rh-only -openmp 7 -subjid sub-GEO015 -sd /out/sourcedata/freesurfer 
250527-20:29:16,495 nipype.interface INFO:
	 resume recon-all : recon-all -autorecon-hemi rh -noparcstats -noparcstats2 -noparcstats3 -nohyporelabel -nobalabels -rh-only -openmp 7 -subjid sub-GEO015 -sd /out/sourcedata/freesurfer 
250527-20:53:08,643 nipype.workflow INFO:
	 [Node] Finished "_autorecon_surfs1", elapsed time 1432.152587s.
250527-20:53:10,617 nipype.workflow INFO:
	 [Node] Setting-up "_autorecon_surfs0" in "/work/fmriprep_25_0_wf/sub_GEO015_wf/anat_fit_wf/surface_recon_wf/autorecon_resume_wf/autorecon_surfs/mapflow/_autorecon_surfs0".
250527-20:53:11,544 nipype.workflow INFO:
	 [Node] Executing "_autorecon_surfs0" <smriprep.interfaces.freesurfer.ReconAll>
250527-20:53:11,683 nipype.interface INFO:
	 recon-all complete : Not running
250527-20:53:11,684 nipype.interface INFO:
	 recon-all complete : Not running
250527-20:53:11,935 nipype.workflow INFO:
	 [Node] Finished "_autorecon_surfs0", elapsed time 0.389412s.
250527-20:53:12,324 nipype.workflow INFO:
	 [Node] Setting-up "_autorecon_surfs1" in "/work/fmriprep_25_0_wf/sub_GEO015_wf/anat_fit_wf/surface_recon_wf/autorecon_resume_wf/autorecon_surfs/mapflow/_autorecon_surfs1".
250527-20:53:13,341 nipype.workflow INFO:
	 [Node] Executing "_autorecon_surfs1" <smriprep.interfaces.freesurfer.ReconAll>
250527-20:53:13,390 nipype.interface INFO:
	 recon-all complete : Not running
250527-20:53:13,392 nipype.interface INFO:
	 recon-all complete : Not running
250527-20:53:13,627 nipype.workflow INFO:
	 [Node] Finished "_autorecon_surfs1", elapsed time 0.283827s.
250527-20:53:16,237 nipype.workflow INFO:
	 [Node] Setting-up "fmriprep_25_0_wf.sub_GEO015_wf.anat_fit_wf.surface_recon_wf.autorecon_resume_wf.cortribbon" in "/work/fmriprep_25_0_wf/sub_GEO015_wf/anat_fit_wf/surface_recon_wf/autorecon_resume_wf/cortribbon".
250527-20:53:17,129 nipype.workflow INFO:
	 [Node] Executing "cortribbon" <smriprep.interfaces.freesurfer.ReconAll>
250527-20:53:17,131 nipype.interface INFO:
	 resume recon-all : recon-all -parallel -subjid sub-GEO015 -sd /out/sourcedata/freesurfer -T2pial -cortribbon
250527-20:53:17,131 nipype.interface INFO:
	 resume recon-all : recon-all -parallel -subjid sub-GEO015 -sd /out/sourcedata/freesurfer -T2pial -cortribbon
250527-21:43:50,514 nipype.workflow INFO:
	 [Node] Finished "cortribbon", elapsed time 3033.383878s.
250527-21:43:54,579 nipype.workflow INFO:
	 [Node] Setting-up "_parcstats0" in "/work/fmriprep_25_0_wf/sub_GEO015_wf/anat_fit_wf/surface_recon_wf/autorecon_resume_wf/parcstats/mapflow/_parcstats0".
250527-21:43:55,104 nipype.workflow INFO:
	 [Node] Executing "_parcstats0" <smriprep.interfaces.freesurfer.ReconAll>
250527-21:43:55,108 nipype.interface INFO:
	 resume recon-all : recon-all -autorecon-hemi lh -nohyporelabel -lh-only -openmp 7 -subjid sub-GEO015 -sd /out/sourcedata/freesurfer -notessellate -nosmooth1 -noinflate1 -noqsphere -nofix -nowhite -nosmooth2 -noinflate2 -nocurvHK -nocurvstats -nosphere -nosurfreg -nojacobian_white -noavgcurv -nocortparc -nopial -nocortparc2 -nocortparc3 -nopctsurfcon
250527-21:43:55,109 nipype.interface INFO:
	 resume recon-all : recon-all -autorecon-hemi lh -nohyporelabel -lh-only -openmp 7 -subjid sub-GEO015 -sd /out/sourcedata/freesurfer -notessellate -nosmooth1 -noinflate1 -noqsphere -nofix -nowhite -nosmooth2 -noinflate2 -nocurvHK -nocurvstats -nosphere -nosurfreg -nojacobian_white -noavgcurv -nocortparc -nopial -nocortparc2 -nocortparc3 -nopctsurfcon
250527-21:47:54,897 nipype.workflow INFO:
	 [Node] Finished "_parcstats0", elapsed time 239.790028s.
250527-21:47:56,633 nipype.workflow INFO:
	 [Node] Setting-up "_parcstats1" in "/work/fmriprep_25_0_wf/sub_GEO015_wf/anat_fit_wf/surface_recon_wf/autorecon_resume_wf/parcstats/mapflow/_parcstats1".
250527-21:47:56,981 nipype.workflow INFO:
	 [Node] Executing "_parcstats1" <smriprep.interfaces.freesurfer.ReconAll>
250527-21:47:57,71 nipype.interface INFO:
	 resume recon-all : recon-all -autorecon-hemi rh -nohyporelabel -rh-only -openmp 7 -subjid sub-GEO015 -sd /out/sourcedata/freesurfer -notessellate -nosmooth1 -noinflate1 -noqsphere -nofix -nowhite -nosmooth2 -noinflate2 -nocurvHK -nocurvstats -nosphere -nosurfreg -nojacobian_white -noavgcurv -nocortparc -nopial -nocortparc2 -nocortparc3 -nopctsurfcon
250527-21:47:57,73 nipype.interface INFO:
	 resume recon-all : recon-all -autorecon-hemi rh -nohyporelabel -rh-only -openmp 7 -subjid sub-GEO015 -sd /out/sourcedata/freesurfer -notessellate -nosmooth1 -noinflate1 -noqsphere -nofix -nowhite -nosmooth2 -noinflate2 -nocurvHK -nocurvstats -nosphere -nosurfreg -nojacobian_white -noavgcurv -nocortparc -nopial -nocortparc2 -nocortparc3 -nopctsurfcon
250527-21:51:46,856 nipype.workflow INFO:
	 [Node] Finished "_parcstats1", elapsed time 229.872339s.
250527-21:51:48,942 nipype.workflow INFO:
	 [Node] Setting-up "_parcstats0" in "/work/fmriprep_25_0_wf/sub_GEO015_wf/anat_fit_wf/surface_recon_wf/autorecon_resume_wf/parcstats/mapflow/_parcstats0".
250527-21:51:50,635 nipype.workflow INFO:
	 [Node] Executing "_parcstats0" <smriprep.interfaces.freesurfer.ReconAll>
250527-21:51:50,765 nipype.interface INFO:
	 recon-all complete : Not running
250527-21:51:50,766 nipype.interface INFO:
	 recon-all complete : Not running
250527-21:51:51,10 nipype.workflow INFO:
	 [Node] Finished "_parcstats0", elapsed time 0.373254s.
250527-21:51:51,729 nipype.workflow INFO:
	 [Node] Setting-up "_parcstats1" in "/work/fmriprep_25_0_wf/sub_GEO015_wf/anat_fit_wf/surface_recon_wf/autorecon_resume_wf/parcstats/mapflow/_parcstats1".
250527-21:51:53,263 nipype.workflow INFO:
	 [Node] Executing "_parcstats1" <smriprep.interfaces.freesurfer.ReconAll>
250527-21:51:53,310 nipype.interface INFO:
	 recon-all complete : Not running
250527-21:51:53,311 nipype.interface INFO:
	 recon-all complete : Not running
250527-21:51:53,450 nipype.workflow INFO:
	 [Node] Finished "_parcstats1", elapsed time 0.186029s.
250527-21:51:54,642 nipype.workflow INFO:
	 [Node] Setting-up "fmriprep_25_0_wf.sub_GEO015_wf.anat_fit_wf.surface_recon_wf.autorecon_resume_wf.autorecon3" in "/work/fmriprep_25_0_wf/sub_GEO015_wf/anat_fit_wf/surface_recon_wf/autorecon_resume_wf/autorecon3".
250527-21:51:55,838 nipype.workflow INFO:
	 [Node] Executing "autorecon3" <smriprep.interfaces.freesurfer.ReconAll>
250527-21:51:55,844 nipype.interface INFO:
	 resume recon-all : recon-all -autorecon3 -openmp 7 -subjid sub-GEO015 -sd /out/sourcedata/freesurfer -nosphere -nosurfreg -nojacobian_white -noavgcurv -nocortparc -nopial -noparcstats -nocortparc2 -noparcstats2 -nocortparc3 -noparcstats3 -nopctsurfcon -nocortribbon -nobalabels
250527-21:51:55,846 nipype.interface INFO:
	 resume recon-all : recon-all -autorecon3 -openmp 7 -subjid sub-GEO015 -sd /out/sourcedata/freesurfer -nosphere -nosurfreg -nojacobian_white -noavgcurv -nocortparc -nopial -noparcstats -nocortparc2 -noparcstats2 -nocortparc3 -noparcstats3 -nopctsurfcon -nocortribbon -nobalabels
250527-21:58:44,991 nipype.workflow INFO:
	 [Node] Finished "autorecon3", elapsed time 409.142759s.
250527-21:58:46,790 nipype.workflow INFO:
	 [Node] Setting-up "fmriprep_25_0_wf.sub_GEO015_wf.anat_fit_wf.surface_recon_wf.get_surfaces" in "/work/fmriprep_25_0_wf/sub_GEO015_wf/anat_fit_wf/surface_recon_wf/get_surfaces".
250527-21:58:47,387 nipype.workflow INFO:
	 [Node] Executing "get_surfaces" <niworkflows.interfaces.patches.FreeSurferSource>
250527-21:58:47,405 nipype.workflow INFO:
	 [Node] Finished "get_surfaces", elapsed time 0.0167s.
250527-21:58:50,737 nipype.workflow INFO:
	 [Node] Setting-up "_midthickness0" in "/work/fmriprep_25_0_wf/sub_GEO015_wf/anat_fit_wf/surface_recon_wf/midthickness/mapflow/_midthickness0".
250527-21:58:52,9 nipype.workflow INFO:
	 [Node] Executing "_midthickness0" <smriprep.interfaces.freesurfer.MakeMidthickness>
250527-22:22:49,732 nipype.workflow INFO:
	 [Node] Finished "_midthickness0", elapsed time 1437.715285s.
250527-22:22:52,901 nipype.workflow INFO:
	 [Node] Setting-up "_midthickness1" in "/work/fmriprep_25_0_wf/sub_GEO015_wf/anat_fit_wf/surface_recon_wf/midthickness/mapflow/_midthickness1".
250527-22:22:54,162 nipype.workflow INFO:
	 [Node] Executing "_midthickness1" <smriprep.interfaces.freesurfer.MakeMidthickness>
250527-22:44:28,261 nipype.workflow INFO:
	 [Node] Finished "_midthickness1", elapsed time 1294.090176s.
250527-22:44:31,775 nipype.workflow INFO:
	 [Node] Setting-up "_midthickness0" in "/work/fmriprep_25_0_wf/sub_GEO015_wf/anat_fit_wf/surface_recon_wf/midthickness/mapflow/_midthickness0".
250527-22:44:31,794 nipype.workflow INFO:
	 [Node] Cached "_midthickness0" - collecting precomputed outputs
250527-22:44:31,794 nipype.workflow INFO:
	 [Node] "_midthickness0" found cached.
250527-22:44:31,795 nipype.workflow INFO:
	 [Node] Setting-up "_midthickness1" in "/work/fmriprep_25_0_wf/sub_GEO015_wf/anat_fit_wf/surface_recon_wf/midthickness/mapflow/_midthickness1".
250527-22:44:31,799 nipype.workflow INFO:
	 [Node] Cached "_midthickness1" - collecting precomputed outputs
250527-22:44:31,799 nipype.workflow INFO:
	 [Node] "_midthickness1" found cached.
250527-22:44:33,62 nipype.workflow INFO:
	 [Node] Setting-up "fmriprep_25_0_wf.sub_GEO015_wf.anat_fit_wf.surface_recon_wf.save_midthickness" in "/work/fmriprep_25_0_wf/sub_GEO015_wf/anat_fit_wf/surface_recon_wf/save_midthickness".
250527-22:44:33,807 nipype.workflow INFO:
	 [Node] Executing "save_midthickness" <nipype.interfaces.io.DataSink>
250527-22:44:34,168 nipype.workflow INFO:
	 [Node] Finished "save_midthickness", elapsed time 0.359597s.
250527-22:44:35,62 nipype.workflow INFO:
	 [Node] Setting-up "fmriprep_25_0_wf.sub_GEO015_wf.anat_fit_wf.surface_recon_wf.sync" in "/work/fmriprep_25_0_wf/sub_GEO015_wf/anat_fit_wf/surface_recon_wf/sync".
250527-22:44:35,815 nipype.workflow INFO:
	 [Node] Executing "sync" <nipype.interfaces.utility.wrappers.Function>
250527-22:44:35,818 nipype.workflow INFO:
	 [Node] Finished "sync", elapsed time 0.001095s.
250527-22:44:37,21 nipype.workflow INFO:
	 [Node] Setting-up "fmriprep_25_0_wf.sub_GEO015_wf.anat_fit_wf.bbreg" in "/work/fmriprep_25_0_wf/sub_GEO015_wf/anat_fit_wf/bbreg".
250527-22:44:37,22 nipype.workflow INFO:
	 [Node] Setting-up "fmriprep_25_0_wf.sub_GEO015_wf.anat_fit_wf.gifti_surface_wf.get_surfaces" in "/work/fmriprep_25_0_wf/sub_GEO015_wf/anat_fit_wf/gifti_surface_wf/get_surfaces".
250527-22:44:37,22 nipype.workflow INFO:
	 [Node] Setting-up "fmriprep_25_0_wf.sub_GEO015_wf.anat_fit_wf.gifti_spheres_wf.get_surfaces" in "/work/fmriprep_25_0_wf/sub_GEO015_wf/anat_fit_wf/gifti_spheres_wf/get_surfaces".
250527-22:44:37,23 nipype.workflow INFO:
	 [Node] Setting-up "fmriprep_25_0_wf.sub_GEO015_wf.anat_fit_wf.gifti_morphometrics_wf.get_surfaces" in "/work/fmriprep_25_0_wf/sub_GEO015_wf/anat_fit_wf/gifti_morphometrics_wf/get_surfaces".
250527-22:44:37,24 nipype.workflow INFO:
	 [Node] Setting-up "fmriprep_25_0_wf.sub_GEO015_wf.anat_fit_wf.refinement_wf.segs_to_native_wf_aseg.fs_datasource" in "/work/fmriprep_25_0_wf/sub_GEO015_wf/anat_fit_wf/refinement_wf/segs_to_native_wf_aseg/fs_datasource".
250527-22:44:37,54 nipype.workflow INFO:
	 [Node] Setting-up "fmriprep_25_0_wf.sub_GEO015_wf.anat_fit_wf.anat_reports_wf.recon_report" in "/work/fmriprep_25_0_wf/sub_GEO015_wf/anat_fit_wf/anat_reports_wf/recon_report".
250527-22:44:37,106 nipype.workflow INFO:
	 [Node] Setting-up "fmriprep_25_0_wf.sub_GEO015_wf.bold_ses_t2_task_image_run_2_wf.bold_fit_wf.bold_reg_wf.bbreg_wf.fssource" in "/work/fmriprep_25_0_wf/sub_GEO015_wf/bold_ses_t2_task_image_run_2_wf/bold_fit_wf/bold_reg_wf/bbreg_wf/fssource".
250527-22:44:37,107 nipype.workflow INFO:
	 [Node] Setting-up "fmriprep_25_0_wf.sub_GEO015_wf.bold_ses_t2_task_image_run_1_wf.bold_fit_wf.bold_reg_wf.bbreg_wf.fssource" in "/work/fmriprep_25_0_wf/sub_GEO015_wf/bold_ses_t2_task_image_run_1_wf/bold_fit_wf/bold_reg_wf/bbreg_wf/fssource".
250527-22:44:38,167 nipype.workflow INFO:
	 [Node] Executing "get_surfaces" <nipype.interfaces.utility.wrappers.Function>
250527-22:44:38,300 nipype.workflow INFO:
	 [Node] Executing "get_surfaces" <niworkflows.interfaces.patches.FreeSurferSource>
250527-22:44:38,318 nipype.workflow INFO:
	 [Node] Finished "get_surfaces", elapsed time 0.149245s.
250527-22:44:38,325 nipype.workflow INFO:
	 [Node] Executing "recon_report" <smriprep.interfaces.reports.FSSurfaceReport>
250527-22:44:38,401 nipype.workflow INFO:
	 [Node] Executing "get_surfaces" <nipype.interfaces.utility.wrappers.Function>
250527-22:44:38,403 nipype.workflow INFO:
	 [Node] Executing "fssource" <fmriprep.interfaces.patches.FreeSurferSource>
250527-22:44:38,405 nipype.workflow INFO:
	 [Node] Finished "get_surfaces", elapsed time 0.003032s.
250527-22:44:38,465 nipype.workflow INFO:
	 [Node] Executing "fssource" <fmriprep.interfaces.patches.FreeSurferSource>
250527-22:44:38,490 nipype.workflow INFO:
	 [Node] Executing "fs_datasource" <niworkflows.interfaces.patches.FreeSurferSource>
250527-22:44:38,618 nipype.workflow INFO:
	 [Node] Executing "bbreg" <nipype.interfaces.freesurfer.preprocess.BBRegister>
250527-22:44:38,918 nipype.workflow INFO:
	 [Node] Finished "fs_datasource", elapsed time 0.426322s.
250527-22:44:38,918 nipype.workflow INFO:
	 [Node] Finished "fssource", elapsed time 0.451072s.
250527-22:44:38,918 nipype.workflow INFO:
	 [Node] Finished "get_surfaces", elapsed time 0.616736s.
250527-22:44:38,918 nipype.workflow INFO:
	 [Node] Finished "fssource", elapsed time 0.513953s.
250527-22:44:39,86 nipype.workflow INFO:
	 [Node] Setting-up "fmriprep_25_0_wf.sub_GEO015_wf.bold_ses_t2_task_image_run_3_wf.bold_fit_wf.bold_reg_wf.bbreg_wf.fssource" in "/work/fmriprep_25_0_wf/sub_GEO015_wf/bold_ses_t2_task_image_run_3_wf/bold_fit_wf/bold_reg_wf/bbreg_wf/fssource".
250527-22:44:39,824 nipype.workflow INFO:
	 [Node] Executing "fssource" <fmriprep.interfaces.patches.FreeSurferSource>
250527-22:44:39,921 nipype.workflow INFO:
	 [Node] Finished "fssource", elapsed time 0.08493s.
250527-22:44:41,117 nipype.workflow INFO:
	 [Node] Setting-up "fmriprep_25_0_wf.sub_GEO015_wf.bold_ses_t2_task_image_run_4_wf.bold_fit_wf.bold_reg_wf.bbreg_wf.fssource" in "/work/fmriprep_25_0_wf/sub_GEO015_wf/bold_ses_t2_task_image_run_4_wf/bold_fit_wf/bold_reg_wf/bbreg_wf/fssource".
250527-22:44:41,135 nipype.workflow INFO:
	 [Node] Setting-up "fmriprep_25_0_wf.sub_GEO015_wf.bold_ses_t2_task_image_run_5_wf.bold_fit_wf.bold_reg_wf.bbreg_wf.fssource" in "/work/fmriprep_25_0_wf/sub_GEO015_wf/bold_ses_t2_task_image_run_5_wf/bold_fit_wf/bold_reg_wf/bbreg_wf/fssource".
250527-22:44:41,145 nipype.workflow INFO:
	 [Node] Setting-up "fmriprep_25_0_wf.sub_GEO015_wf.bold_ses_t3_task_image_run_1_wf.bold_fit_wf.bold_reg_wf.bbreg_wf.fssource" in "/work/fmriprep_25_0_wf/sub_GEO015_wf/bold_ses_t3_task_image_run_1_wf/bold_fit_wf/bold_reg_wf/bbreg_wf/fssource".
250527-22:44:41,150 nipype.workflow INFO:
	 [Node] Setting-up "fmriprep_25_0_wf.sub_GEO015_wf.bold_ses_t3_task_image_run_2_wf.bold_fit_wf.bold_reg_wf.bbreg_wf.fssource" in "/work/fmriprep_25_0_wf/sub_GEO015_wf/bold_ses_t3_task_image_run_2_wf/bold_fit_wf/bold_reg_wf/bbreg_wf/fssource".
250527-22:44:41,161 nipype.workflow INFO:
	 [Node] Setting-up "fmriprep_25_0_wf.sub_GEO015_wf.bold_ses_t3_task_image_run_3_wf.bold_fit_wf.bold_reg_wf.bbreg_wf.fssource" in "/work/fmriprep_25_0_wf/sub_GEO015_wf/bold_ses_t3_task_image_run_3_wf/bold_fit_wf/bold_reg_wf/bbreg_wf/fssource".
250527-22:44:41,166 nipype.workflow INFO:
	 [Node] Setting-up "fmriprep_25_0_wf.sub_GEO015_wf.bold_ses_t3_task_image_run_4_wf.bold_fit_wf.bold_reg_wf.bbreg_wf.fssource" in "/work/fmriprep_25_0_wf/sub_GEO015_wf/bold_ses_t3_task_image_run_4_wf/bold_fit_wf/bold_reg_wf/bbreg_wf/fssource".
250527-22:44:42,236 nipype.workflow INFO:
	 [Node] Executing "fssource" <fmriprep.interfaces.patches.FreeSurferSource>
250527-22:44:42,239 nipype.workflow INFO:
	 [Node] Executing "fssource" <fmriprep.interfaces.patches.FreeSurferSource>
250527-22:44:42,252 nipype.workflow INFO:
	 [Node] Finished "fssource", elapsed time 0.012314s.
250527-22:44:42,253 nipype.workflow INFO:
	 [Node] Finished "fssource", elapsed time 0.015069s.
250527-22:44:42,594 nipype.workflow INFO:
	 [Node] Executing "fssource" <fmriprep.interfaces.patches.FreeSurferSource>
250527-22:44:42,606 nipype.workflow INFO:
	 [Node] Finished "fssource", elapsed time 0.010968s.
250527-22:44:42,617 nipype.workflow INFO:
	 [Node] Executing "fssource" <fmriprep.interfaces.patches.FreeSurferSource>
250527-22:44:42,631 nipype.workflow INFO:
	 [Node] Finished "fssource", elapsed time 0.011713s.
250527-22:44:42,862 nipype.workflow INFO:
	 [Node] Executing "fssource" <fmriprep.interfaces.patches.FreeSurferSource>
250527-22:44:42,888 nipype.workflow INFO:
	 [Node] Finished "fssource", elapsed time 0.023767s.
250527-22:44:43,136 nipype.workflow INFO:
	 [Node] Setting-up "fmriprep_25_0_wf.sub_GEO015_wf.bold_ses_t3_task_image_run_5_wf.bold_fit_wf.bold_reg_wf.bbreg_wf.fssource" in "/work/fmriprep_25_0_wf/sub_GEO015_wf/bold_ses_t3_task_image_run_5_wf/bold_fit_wf/bold_reg_wf/bbreg_wf/fssource".
250527-22:44:43,920 nipype.workflow INFO:
	 [Node] Executing "fssource" <fmriprep.interfaces.patches.FreeSurferSource>
250527-22:44:43,948 nipype.workflow INFO:
	 [Node] Finished "fssource", elapsed time 0.026083s.
250527-22:44:45,88 nipype.workflow INFO:
	 [Node] Setting-up "fmriprep_25_0_wf.sub_GEO015_wf.bold_ses_t3_task_retrans_run_1_wf.bold_fit_wf.bold_reg_wf.bbreg_wf.fssource" in "/work/fmriprep_25_0_wf/sub_GEO015_wf/bold_ses_t3_task_retrans_run_1_wf/bold_fit_wf/bold_reg_wf/bbreg_wf/fssource".
250527-22:44:47,95 nipype.workflow INFO:
	 [Node] Executing "fssource" <fmriprep.interfaces.patches.FreeSurferSource>
250527-22:44:47,114 nipype.workflow INFO:
	 [Node] Finished "fssource", elapsed time 0.017608s.
250527-22:44:47,608 nipype.workflow INFO:
	 [Node] Executing "fssource" <fmriprep.interfaces.patches.FreeSurferSource>
250527-22:44:47,620 nipype.workflow INFO:
	 [Node] Finished "fssource", elapsed time 0.011284s.
250527-22:44:54,25 nipype.workflow INFO:
	 [Node] Setting-up "fmriprep_25_0_wf.sub_GEO015_wf.anat_fit_wf.refinement_wf.segs_to_native_wf_aseg.select_seg" in "/work/fmriprep_25_0_wf/sub_GEO015_wf/anat_fit_wf/refinement_wf/segs_to_native_wf_aseg/select_seg".
250527-22:44:54,433 nipype.workflow INFO:
	 [Node] Executing "select_seg" <nipype.interfaces.utility.wrappers.Function>
250527-22:44:54,435 nipype.workflow INFO:
	 [Node] Finished "select_seg", elapsed time 0.000823s.
250527-22:44:56,462 nipype.workflow INFO:
	 [Node] Setting-up "fmriprep_25_0_wf.sub_GEO015_wf.anat_fit_wf.refinement_wf.segs_to_native_wf_aseg.resample" in "/work/fmriprep_25_0_wf/sub_GEO015_wf/anat_fit_wf/refinement_wf/segs_to_native_wf_aseg/resample".
250527-22:44:56,464 nipype.workflow INFO:
	 [Node] Setting-up "_fs2gii0" in "/work/fmriprep_25_0_wf/sub_GEO015_wf/anat_fit_wf/gifti_surface_wf/fs2gii/mapflow/_fs2gii0".
250527-22:44:56,465 nipype.workflow INFO:
	 [Node] Setting-up "_fs2gii1" in "/work/fmriprep_25_0_wf/sub_GEO015_wf/anat_fit_wf/gifti_surface_wf/fs2gii/mapflow/_fs2gii1".
250527-22:44:56,465 nipype.workflow INFO:
	 [Node] Setting-up "_fs2gii2" in "/work/fmriprep_25_0_wf/sub_GEO015_wf/anat_fit_wf/gifti_surface_wf/fs2gii/mapflow/_fs2gii2".
250527-22:44:56,467 nipype.workflow INFO:
	 [Node] Setting-up "_fs2gii3" in "/work/fmriprep_25_0_wf/sub_GEO015_wf/anat_fit_wf/gifti_surface_wf/fs2gii/mapflow/_fs2gii3".
250527-22:44:56,468 nipype.workflow INFO:
	 [Node] Setting-up "_fs2gii4" in "/work/fmriprep_25_0_wf/sub_GEO015_wf/anat_fit_wf/gifti_surface_wf/fs2gii/mapflow/_fs2gii4".
250527-22:44:57,207 nipype.workflow INFO:
	 [Node] Executing "_fs2gii1" <nipype.interfaces.freesurfer.utils.MRIsConvert>
250527-22:44:57,231 nipype.workflow INFO:
	 [Node] Executing "_fs2gii0" <nipype.interfaces.freesurfer.utils.MRIsConvert>
250527-22:44:57,522 nipype.workflow INFO:
	 [Node] Executing "_fs2gii3" <nipype.interfaces.freesurfer.utils.MRIsConvert>
250527-22:44:57,542 nipype.workflow INFO:
	 [Node] Executing "resample" <nipype.interfaces.freesurfer.preprocess.ApplyVolTransform>
250527-22:44:57,558 nipype.workflow INFO:
	 [Node] Executing "_fs2gii2" <nipype.interfaces.freesurfer.utils.MRIsConvert>
250527-22:44:57,786 nipype.workflow INFO:
	 [Node] Executing "_fs2gii4" <nipype.interfaces.freesurfer.utils.MRIsConvert>
250527-22:44:59,276 nipype.workflow INFO:
	 [Node] Finished "_fs2gii0", elapsed time 2.0424889999999998s.
250527-22:44:59,745 nipype.workflow INFO:
	 [Node] Finished "_fs2gii3", elapsed time 2.220687s.
250527-22:44:59,748 nipype.workflow INFO:
	 [Node] Finished "_fs2gii2", elapsed time 2.188333s.
250527-22:44:59,749 nipype.workflow INFO:
	 [Node] Finished "_fs2gii1", elapsed time 2.540635s.
250527-22:44:59,912 nipype.workflow INFO:
	 [Node] Finished "resample", elapsed time 2.369577s.
250527-22:45:00,61 nipype.workflow INFO:
	 [Node] Finished "_fs2gii4", elapsed time 2.273334s.
250527-22:45:00,416 nipype.workflow INFO:
	 [Node] Setting-up "_fs2gii5" in "/work/fmriprep_25_0_wf/sub_GEO015_wf/anat_fit_wf/gifti_surface_wf/fs2gii/mapflow/_fs2gii5".
250527-22:45:00,418 nipype.workflow INFO:
	 [Node] Setting-up "_fs2gii0" in "/work/fmriprep_25_0_wf/sub_GEO015_wf/anat_fit_wf/gifti_spheres_wf/fs2gii/mapflow/_fs2gii0".
250527-22:45:00,418 nipype.workflow INFO:
	 [Node] Setting-up "_fs2gii1" in "/work/fmriprep_25_0_wf/sub_GEO015_wf/anat_fit_wf/gifti_spheres_wf/fs2gii/mapflow/_fs2gii1".
250527-22:45:00,418 nipype.workflow INFO:
	 [Node] Setting-up "_fs2gii2" in "/work/fmriprep_25_0_wf/sub_GEO015_wf/anat_fit_wf/gifti_spheres_wf/fs2gii/mapflow/_fs2gii2".
250527-22:45:01,326 nipype.workflow INFO:
	 [Node] Executing "_fs2gii5" <nipype.interfaces.freesurfer.utils.MRIsConvert>
250527-22:45:01,528 nipype.workflow INFO:
	 [Node] Executing "_fs2gii2" <nipype.interfaces.freesurfer.utils.MRIsConvert>
250527-22:45:01,529 nipype.workflow INFO:
	 [Node] Executing "_fs2gii0" <nipype.interfaces.freesurfer.utils.MRIsConvert>
250527-22:45:01,551 nipype.workflow INFO:
	 [Node] Executing "_fs2gii1" <nipype.interfaces.freesurfer.utils.MRIsConvert>
250527-22:45:02,406 nipype.workflow INFO:
	 [Node] Setting-up "fmriprep_25_0_wf.sub_GEO015_wf.anat_fit_wf.refinement_wf.refine" in "/work/fmriprep_25_0_wf/sub_GEO015_wf/anat_fit_wf/refinement_wf/refine".
250527-22:45:02,407 nipype.workflow INFO:
	 [Node] Setting-up "_fs2gii3" in "/work/fmriprep_25_0_wf/sub_GEO015_wf/anat_fit_wf/gifti_spheres_wf/fs2gii/mapflow/_fs2gii3".
250527-22:45:03,25 nipype.workflow INFO:
	 [Node] Executing "refine" <niworkflows.interfaces.freesurfer.RefineBrainMask>
250527-22:45:03,153 nipype.workflow INFO:
	 [Node] Executing "_fs2gii3" <nipype.interfaces.freesurfer.utils.MRIsConvert>
250527-22:45:03,681 nipype.workflow INFO:
	 [Node] Finished "_fs2gii0", elapsed time 2.149968s.
250527-22:45:03,796 nipype.workflow INFO:
	 [Node] Finished "_fs2gii1", elapsed time 2.243828s.
250527-22:45:03,807 nipype.workflow INFO:
	 [Node] Finished "_fs2gii2", elapsed time 2.276964s.
250527-22:45:03,819 nipype.workflow INFO:
	 [Node] Finished "_fs2gii5", elapsed time 2.491516s.
250527-22:45:04,465 nipype.workflow INFO:
	 [Node] Setting-up "_morphs2gii0" in "/work/fmriprep_25_0_wf/sub_GEO015_wf/anat_fit_wf/gifti_morphometrics_wf/morphs2gii/mapflow/_morphs2gii0".
250527-22:45:04,716 nipype.workflow INFO:
	 [Node] Setting-up "_fs2gii0" in "/work/fmriprep_25_0_wf/sub_GEO015_wf/anat_fit_wf/gifti_surface_wf/fs2gii/mapflow/_fs2gii0".
250527-22:45:04,719 nipype.workflow INFO:
	 [Node] Cached "_fs2gii0" - collecting precomputed outputs
250527-22:45:04,719 nipype.workflow INFO:
	 [Node] "_fs2gii0" found cached.
250527-22:45:04,720 nipype.workflow INFO:
	 [Node] Setting-up "_fs2gii1" in "/work/fmriprep_25_0_wf/sub_GEO015_wf/anat_fit_wf/gifti_surface_wf/fs2gii/mapflow/_fs2gii1".
250527-22:45:04,724 nipype.workflow INFO:
	 [Node] Cached "_fs2gii1" - collecting precomputed outputs
250527-22:45:04,724 nipype.workflow INFO:
	 [Node] "_fs2gii1" found cached.
250527-22:45:04,725 nipype.workflow INFO:
	 [Node] Setting-up "_fs2gii2" in "/work/fmriprep_25_0_wf/sub_GEO015_wf/anat_fit_wf/gifti_surface_wf/fs2gii/mapflow/_fs2gii2".
250527-22:45:04,729 nipype.workflow INFO:
	 [Node] Cached "_fs2gii2" - collecting precomputed outputs
250527-22:45:04,729 nipype.workflow INFO:
	 [Node] "_fs2gii2" found cached.
250527-22:45:04,730 nipype.workflow INFO:
	 [Node] Setting-up "_fs2gii3" in "/work/fmriprep_25_0_wf/sub_GEO015_wf/anat_fit_wf/gifti_surface_wf/fs2gii/mapflow/_fs2gii3".
250527-22:45:04,733 nipype.workflow INFO:
	 [Node] Cached "_fs2gii3" - collecting precomputed outputs
250527-22:45:04,733 nipype.workflow INFO:
	 [Node] "_fs2gii3" found cached.
250527-22:45:04,734 nipype.workflow INFO:
	 [Node] Setting-up "_fs2gii4" in "/work/fmriprep_25_0_wf/sub_GEO015_wf/anat_fit_wf/gifti_surface_wf/fs2gii/mapflow/_fs2gii4".
250527-22:45:04,737 nipype.workflow INFO:
	 [Node] Cached "_fs2gii4" - collecting precomputed outputs
250527-22:45:04,737 nipype.workflow INFO:
	 [Node] "_fs2gii4" found cached.
250527-22:45:04,738 nipype.workflow INFO:
	 [Node] Setting-up "_fs2gii5" in "/work/fmriprep_25_0_wf/sub_GEO015_wf/anat_fit_wf/gifti_surface_wf/fs2gii/mapflow/_fs2gii5".
250527-22:45:04,749 nipype.workflow INFO:
	 [Node] Cached "_fs2gii5" - collecting precomputed outputs
250527-22:45:04,749 nipype.workflow INFO:
	 [Node] "_fs2gii5" found cached.
250527-22:45:04,988 nipype.workflow INFO:
	 [Node] Executing "_morphs2gii0" <smriprep.interfaces.freesurfer.MRIsConvertData>
250527-22:45:05,408 nipype.workflow INFO:
	 [Node] Finished "_fs2gii3", elapsed time 2.2544370000000002s.
250527-22:45:06,407 nipype.workflow INFO:
	 [Node] Finished "_morphs2gii0", elapsed time 1.417479s.
250527-22:45:06,700 nipype.workflow INFO:
	 [Node] Setting-up "_morphs2gii1" in "/work/fmriprep_25_0_wf/sub_GEO015_wf/anat_fit_wf/gifti_morphometrics_wf/morphs2gii/mapflow/_morphs2gii1".
250527-22:45:06,701 nipype.workflow INFO:
	 [Node] Setting-up "_morphs2gii2" in "/work/fmriprep_25_0_wf/sub_GEO015_wf/anat_fit_wf/gifti_morphometrics_wf/morphs2gii/mapflow/_morphs2gii2".
250527-22:45:06,702 nipype.workflow INFO:
	 [Node] Setting-up "_morphs2gii3" in "/work/fmriprep_25_0_wf/sub_GEO015_wf/anat_fit_wf/gifti_morphometrics_wf/morphs2gii/mapflow/_morphs2gii3".
250527-22:45:07,72 nipype.workflow INFO:
	 [Node] Setting-up "_fs2gii0" in "/work/fmriprep_25_0_wf/sub_GEO015_wf/anat_fit_wf/gifti_spheres_wf/fs2gii/mapflow/_fs2gii0".
250527-22:45:07,75 nipype.workflow INFO:
	 [Node] Cached "_fs2gii0" - collecting precomputed outputs
250527-22:45:07,75 nipype.workflow INFO:
	 [Node] "_fs2gii0" found cached.
250527-22:45:07,76 nipype.workflow INFO:
	 [Node] Setting-up "_fs2gii1" in "/work/fmriprep_25_0_wf/sub_GEO015_wf/anat_fit_wf/gifti_spheres_wf/fs2gii/mapflow/_fs2gii1".
250527-22:45:07,79 nipype.workflow INFO:
	 [Node] Cached "_fs2gii1" - collecting precomputed outputs
250527-22:45:07,79 nipype.workflow INFO:
	 [Node] "_fs2gii1" found cached.
250527-22:45:07,80 nipype.workflow INFO:
	 [Node] Setting-up "_fs2gii2" in "/work/fmriprep_25_0_wf/sub_GEO015_wf/anat_fit_wf/gifti_spheres_wf/fs2gii/mapflow/_fs2gii2".
250527-22:45:07,83 nipype.workflow INFO:
	 [Node] Cached "_fs2gii2" - collecting precomputed outputs
250527-22:45:07,83 nipype.workflow INFO:
	 [Node] "_fs2gii2" found cached.
250527-22:45:07,83 nipype.workflow INFO:
	 [Node] Setting-up "_fs2gii3" in "/work/fmriprep_25_0_wf/sub_GEO015_wf/anat_fit_wf/gifti_spheres_wf/fs2gii/mapflow/_fs2gii3".
250527-22:45:07,230 nipype.workflow INFO:
	 [Node] Cached "_fs2gii3" - collecting precomputed outputs
250527-22:45:07,230 nipype.workflow INFO:
	 [Node] "_fs2gii3" found cached.
250527-22:45:07,256 nipype.workflow INFO:
	 [Node] Executing "_morphs2gii1" <smriprep.interfaces.freesurfer.MRIsConvertData>
250527-22:45:07,822 nipype.workflow INFO:
	 [Node] Finished "recon_report", elapsed time 29.495723s.
250527-22:45:07,859 nipype.workflow INFO:
	 [Node] Executing "_morphs2gii3" <smriprep.interfaces.freesurfer.MRIsConvertData>
250527-22:45:07,865 nipype.workflow INFO:
	 [Node] Executing "_morphs2gii2" <smriprep.interfaces.freesurfer.MRIsConvertData>
250527-22:45:09,72 nipype.workflow INFO:
	 [Node] Finished "_morphs2gii1", elapsed time 1.8148710000000001s.
250527-22:45:09,387 nipype.workflow INFO:
	 [Node] Finished "_morphs2gii2", elapsed time 1.5211869999999998s.
250527-22:45:09,390 nipype.workflow INFO:
	 [Node] Finished "_morphs2gii3", elapsed time 1.529343s.
250527-22:45:10,402 nipype.workflow INFO:
	 [Node] Setting-up "_fix_surfs0" in "/work/fmriprep_25_0_wf/sub_GEO015_wf/anat_fit_wf/gifti_surface_wf/fix_surfs/mapflow/_fix_surfs0".
250527-22:45:10,405 nipype.workflow INFO:
	 [Node] Setting-up "_fix_surfs1" in "/work/fmriprep_25_0_wf/sub_GEO015_wf/anat_fit_wf/gifti_surface_wf/fix_surfs/mapflow/_fix_surfs1".
250527-22:45:11,216 nipype.workflow INFO:
	 [Node] Setting-up "_fix_surfs2" in "/work/fmriprep_25_0_wf/sub_GEO015_wf/anat_fit_wf/gifti_surface_wf/fix_surfs/mapflow/_fix_surfs2".
250527-22:45:11,217 nipype.workflow INFO:
	 [Node] Setting-up "_fix_surfs3" in "/work/fmriprep_25_0_wf/sub_GEO015_wf/anat_fit_wf/gifti_surface_wf/fix_surfs/mapflow/_fix_surfs3".
250527-22:45:11,218 nipype.workflow INFO:
	 [Node] Setting-up "_fix_surfs4" in "/work/fmriprep_25_0_wf/sub_GEO015_wf/anat_fit_wf/gifti_surface_wf/fix_surfs/mapflow/_fix_surfs4".
250527-22:45:11,914 nipype.workflow INFO:
	 [Node] Executing "_fix_surfs1" <smriprep.interfaces.surf.NormalizeSurf>
250527-22:45:11,917 nipype.workflow INFO:
	 [Node] Executing "_fix_surfs0" <smriprep.interfaces.surf.NormalizeSurf>
250527-22:45:12,19 nipype.workflow INFO:
	 [Node] Setting-up "_morphs2gii0" in "/work/fmriprep_25_0_wf/sub_GEO015_wf/anat_fit_wf/gifti_morphometrics_wf/morphs2gii/mapflow/_morphs2gii0".
250527-22:45:12,22 nipype.workflow INFO:
	 [Node] Cached "_morphs2gii0" - collecting precomputed outputs
250527-22:45:12,22 nipype.workflow INFO:
	 [Node] "_morphs2gii0" found cached.
250527-22:45:12,23 nipype.workflow INFO:
	 [Node] Setting-up "_morphs2gii1" in "/work/fmriprep_25_0_wf/sub_GEO015_wf/anat_fit_wf/gifti_morphometrics_wf/morphs2gii/mapflow/_morphs2gii1".
250527-22:45:12,26 nipype.workflow INFO:
	 [Node] Cached "_morphs2gii1" - collecting precomputed outputs
250527-22:45:12,26 nipype.workflow INFO:
	 [Node] "_morphs2gii1" found cached.
250527-22:45:12,27 nipype.workflow INFO:
	 [Node] Setting-up "_morphs2gii2" in "/work/fmriprep_25_0_wf/sub_GEO015_wf/anat_fit_wf/gifti_morphometrics_wf/morphs2gii/mapflow/_morphs2gii2".
250527-22:45:12,97 nipype.workflow INFO:
	 [Node] Cached "_morphs2gii2" - collecting precomputed outputs
250527-22:45:12,97 nipype.workflow INFO:
	 [Node] "_morphs2gii2" found cached.
250527-22:45:12,98 nipype.workflow INFO:
	 [Node] Setting-up "_morphs2gii3" in "/work/fmriprep_25_0_wf/sub_GEO015_wf/anat_fit_wf/gifti_morphometrics_wf/morphs2gii/mapflow/_morphs2gii3".
250527-22:45:12,101 nipype.workflow INFO:
	 [Node] Cached "_morphs2gii3" - collecting precomputed outputs
250527-22:45:12,101 nipype.workflow INFO:
	 [Node] "_morphs2gii3" found cached.
250527-22:45:12,478 nipype.workflow INFO:
	 [Node] Executing "_fix_surfs3" <smriprep.interfaces.surf.NormalizeSurf>
250527-22:45:12,549 nipype.workflow INFO:
	 [Node] Executing "_fix_surfs2" <smriprep.interfaces.surf.NormalizeSurf>
250527-22:45:12,563 nipype.workflow INFO:
	 [Node] Finished "_fix_surfs1", elapsed time 0.648385s.
250527-22:45:12,611 nipype.workflow INFO:
	 [Node] Finished "_fix_surfs0", elapsed time 0.691443s.
250527-22:45:13,226 nipype.workflow INFO:
	 [Node] Executing "_fix_surfs4" <smriprep.interfaces.surf.NormalizeSurf>
250527-22:45:13,408 nipype.workflow INFO:
	 [Node] Finished "_fix_surfs2", elapsed time 0.857323s.
250527-22:45:13,575 nipype.workflow INFO:
	 [Node] Finished "_fix_surfs3", elapsed time 1.096091s.
250527-22:45:13,960 nipype.workflow INFO:
	 [Node] Finished "_fix_surfs4", elapsed time 0.732809s.
250527-22:45:16,347 nipype.workflow INFO:
	 [Node] Setting-up "_fix_surfs5" in "/work/fmriprep_25_0_wf/sub_GEO015_wf/anat_fit_wf/gifti_surface_wf/fix_surfs/mapflow/_fix_surfs5".
250527-22:45:16,348 nipype.workflow INFO:
	 [Node] Setting-up "_fix_surfs1" in "/work/fmriprep_25_0_wf/sub_GEO015_wf/anat_fit_wf/gifti_spheres_wf/fix_surfs/mapflow/_fix_surfs1".
250527-22:45:16,348 nipype.workflow INFO:
	 [Node] Setting-up "_fix_surfs0" in "/work/fmriprep_25_0_wf/sub_GEO015_wf/anat_fit_wf/gifti_spheres_wf/fix_surfs/mapflow/_fix_surfs0".
250527-22:45:16,349 nipype.workflow INFO:
	 [Node] Setting-up "_fix_surfs2" in "/work/fmriprep_25_0_wf/sub_GEO015_wf/anat_fit_wf/gifti_spheres_wf/fix_surfs/mapflow/_fix_surfs2".
250527-22:45:16,349 nipype.workflow INFO:
	 [Node] Setting-up "_fix_surfs3" in "/work/fmriprep_25_0_wf/sub_GEO015_wf/anat_fit_wf/gifti_spheres_wf/fix_surfs/mapflow/_fix_surfs3".
250527-22:45:17,334 nipype.workflow INFO:
	 [Node] Executing "_fix_surfs5" <smriprep.interfaces.surf.NormalizeSurf>
250527-22:45:17,359 nipype.workflow INFO:
	 [Node] Executing "_fix_surfs1" <smriprep.interfaces.surf.NormalizeSurf>
250527-22:45:17,447 nipype.workflow INFO:
	 [Node] Executing "_fix_surfs0" <smriprep.interfaces.surf.NormalizeSurf>
250527-22:45:17,500 nipype.workflow INFO:
	 [Node] Executing "_fix_surfs2" <smriprep.interfaces.surf.NormalizeSurf>
250527-22:45:17,747 nipype.workflow INFO:
	 [Node] Executing "_fix_surfs3" <smriprep.interfaces.surf.NormalizeSurf>
250527-22:45:18,64 nipype.workflow INFO:
	 [Node] Finished "_fix_surfs1", elapsed time 0.704136s.
250527-22:45:18,67 nipype.workflow INFO:
	 [Node] Finished "_fix_surfs5", elapsed time 0.732001s.
250527-22:45:18,299 nipype.workflow INFO:
	 [Node] Finished "_fix_surfs0", elapsed time 0.851066s.
250527-22:45:18,310 nipype.workflow INFO:
	 [Node] Finished "_fix_surfs2", elapsed time 0.808915s.
250527-22:45:18,429 nipype.workflow INFO:
	 [Node] Finished "_fix_surfs3", elapsed time 0.680047s.
250527-22:45:19,407 nipype.workflow INFO:
	 [Node] Setting-up "_fix_surfs0" in "/work/fmriprep_25_0_wf/sub_GEO015_wf/anat_fit_wf/gifti_surface_wf/fix_surfs/mapflow/_fix_surfs0".
250527-22:45:19,410 nipype.workflow INFO:
	 [Node] Cached "_fix_surfs0" - collecting precomputed outputs
250527-22:45:19,410 nipype.workflow INFO:
	 [Node] "_fix_surfs0" found cached.
250527-22:45:19,411 nipype.workflow INFO:
	 [Node] Setting-up "_fix_surfs1" in "/work/fmriprep_25_0_wf/sub_GEO015_wf/anat_fit_wf/gifti_surface_wf/fix_surfs/mapflow/_fix_surfs1".
250527-22:45:19,415 nipype.workflow INFO:
	 [Node] Cached "_fix_surfs1" - collecting precomputed outputs
250527-22:45:19,415 nipype.workflow INFO:
	 [Node] "_fix_surfs1" found cached.
250527-22:45:19,416 nipype.workflow INFO:
	 [Node] Setting-up "_fix_surfs2" in "/work/fmriprep_25_0_wf/sub_GEO015_wf/anat_fit_wf/gifti_surface_wf/fix_surfs/mapflow/_fix_surfs2".
250527-22:45:19,432 nipype.workflow INFO:
	 [Node] Cached "_fix_surfs2" - collecting precomputed outputs
250527-22:45:19,432 nipype.workflow INFO:
	 [Node] "_fix_surfs2" found cached.
250527-22:45:19,433 nipype.workflow INFO:
	 [Node] Setting-up "_fix_surfs3" in "/work/fmriprep_25_0_wf/sub_GEO015_wf/anat_fit_wf/gifti_surface_wf/fix_surfs/mapflow/_fix_surfs3".
250527-22:45:19,439 nipype.workflow INFO:
	 [Node] Cached "_fix_surfs3" - collecting precomputed outputs
250527-22:45:19,439 nipype.workflow INFO:
	 [Node] "_fix_surfs3" found cached.
250527-22:45:19,440 nipype.workflow INFO:
	 [Node] Setting-up "_fix_surfs4" in "/work/fmriprep_25_0_wf/sub_GEO015_wf/anat_fit_wf/gifti_surface_wf/fix_surfs/mapflow/_fix_surfs4".
250527-22:45:19,443 nipype.workflow INFO:
	 [Node] Cached "_fix_surfs4" - collecting precomputed outputs
250527-22:45:19,443 nipype.workflow INFO:
	 [Node] "_fix_surfs4" found cached.
250527-22:45:19,444 nipype.workflow INFO:
	 [Node] Setting-up "_fix_surfs5" in "/work/fmriprep_25_0_wf/sub_GEO015_wf/anat_fit_wf/gifti_surface_wf/fix_surfs/mapflow/_fix_surfs5".
250527-22:45:19,447 nipype.workflow INFO:
	 [Node] Cached "_fix_surfs5" - collecting precomputed outputs
250527-22:45:19,447 nipype.workflow INFO:
	 [Node] "_fix_surfs5" found cached.
250527-22:45:27,338 nipype.workflow INFO:
	 [Node] Setting-up "_invert_sulc0" in "/work/fmriprep_25_0_wf/sub_GEO015_wf/anat_fit_wf/msm_sulc_wf/invert_sulc/mapflow/_invert_sulc0".
250527-22:45:27,341 nipype.workflow INFO:
	 [Node] Setting-up "_invert_sulc1" in "/work/fmriprep_25_0_wf/sub_GEO015_wf/anat_fit_wf/msm_sulc_wf/invert_sulc/mapflow/_invert_sulc1".
250527-22:45:27,499 nipype.workflow INFO:
	 [Node] Finished "refine", elapsed time 24.471964s.
250527-22:45:28,197 nipype.workflow INFO:
	 [Node] Executing "_invert_sulc0" <smriprep.interfaces.gifti.MetricMath>
250527-22:45:28,377 nipype.workflow INFO:
	 [Node] Executing "_invert_sulc1" <smriprep.interfaces.gifti.MetricMath>
250527-22:45:28,405 nipype.workflow INFO:
	 [Node] Finished "_invert_sulc0", elapsed time 0.206736s.
250527-22:45:28,468 nipype.workflow INFO:
	 [Node] Finished "_invert_sulc1", elapsed time 0.088931s.
250527-22:45:28,701 nipype.workflow INFO:
	 [Node] Setting-up "_fix_surfs0" in "/work/fmriprep_25_0_wf/sub_GEO015_wf/anat_fit_wf/gifti_spheres_wf/fix_surfs/mapflow/_fix_surfs0".
250527-22:45:28,706 nipype.workflow INFO:
	 [Node] Cached "_fix_surfs0" - collecting precomputed outputs
250527-22:45:28,706 nipype.workflow INFO:
	 [Node] "_fix_surfs0" found cached.
250527-22:45:28,707 nipype.workflow INFO:
	 [Node] Setting-up "_fix_surfs1" in "/work/fmriprep_25_0_wf/sub_GEO015_wf/anat_fit_wf/gifti_spheres_wf/fix_surfs/mapflow/_fix_surfs1".
250527-22:45:28,712 nipype.workflow INFO:
	 [Node] Cached "_fix_surfs1" - collecting precomputed outputs
250527-22:45:28,712 nipype.workflow INFO:
	 [Node] "_fix_surfs1" found cached.
250527-22:45:28,712 nipype.workflow INFO:
	 [Node] Setting-up "_fix_surfs2" in "/work/fmriprep_25_0_wf/sub_GEO015_wf/anat_fit_wf/gifti_spheres_wf/fix_surfs/mapflow/_fix_surfs2".
250527-22:45:28,721 nipype.workflow INFO:
	 [Node] Cached "_fix_surfs2" - collecting precomputed outputs
250527-22:45:28,721 nipype.workflow INFO:
	 [Node] "_fix_surfs2" found cached.
250527-22:45:28,721 nipype.workflow INFO:
	 [Node] Setting-up "_fix_surfs3" in "/work/fmriprep_25_0_wf/sub_GEO015_wf/anat_fit_wf/gifti_spheres_wf/fix_surfs/mapflow/_fix_surfs3".
250527-22:45:28,728 nipype.workflow INFO:
	 [Node] Cached "_fix_surfs3" - collecting precomputed outputs
250527-22:45:28,728 nipype.workflow INFO:
	 [Node] "_fix_surfs3" found cached.
250527-22:45:40,852 nipype.workflow INFO:
	 [Node] Setting-up "fmriprep_25_0_wf.sub_GEO015_wf.bold_ses_t2_task_image_run_1_wf.bold_fit_wf.bold_reg_wf.bbreg_wf.mri_coreg" in "/work/fmriprep_25_0_wf/sub_GEO015_wf/bold_ses_t2_task_image_run_1_wf/bold_fit_wf/bold_reg_wf/bbreg_wf/mri_coreg".
250527-22:45:41,646 nipype.workflow INFO:
	 [Node] Executing "mri_coreg" <fmriprep.interfaces.patches.MRICoreg>
250527-22:46:25,153 nipype.workflow INFO:
	 [Node] Finished "mri_coreg", elapsed time 43.506011s.
250527-22:46:26,861 nipype.workflow INFO:
	 [Node] Setting-up "fmriprep_25_0_wf.sub_GEO015_wf.bold_ses_t2_task_image_run_2_wf.bold_fit_wf.bold_reg_wf.bbreg_wf.mri_coreg" in "/work/fmriprep_25_0_wf/sub_GEO015_wf/bold_ses_t2_task_image_run_2_wf/bold_fit_wf/bold_reg_wf/bbreg_wf/mri_coreg".
250527-22:46:28,67 nipype.workflow INFO:
	 [Node] Executing "mri_coreg" <fmriprep.interfaces.patches.MRICoreg>
250527-22:47:10,814 nipype.workflow INFO:
	 [Node] Finished "mri_coreg", elapsed time 42.744251s.
250527-22:47:12,808 nipype.workflow INFO:
	 [Node] Setting-up "fmriprep_25_0_wf.sub_GEO015_wf.bold_ses_t2_task_image_run_3_wf.bold_fit_wf.bold_reg_wf.bbreg_wf.mri_coreg" in "/work/fmriprep_25_0_wf/sub_GEO015_wf/bold_ses_t2_task_image_run_3_wf/bold_fit_wf/bold_reg_wf/bbreg_wf/mri_coreg".
250527-22:47:13,774 nipype.workflow INFO:
	 [Node] Executing "mri_coreg" <fmriprep.interfaces.patches.MRICoreg>
250527-22:47:29,332 nipype.workflow INFO:
	 [Node] Finished "bbreg", elapsed time 170.712947s.
250527-22:47:34,666 nipype.workflow INFO:
	 [Node] Setting-up "_invert_sulc0" in "/work/fmriprep_25_0_wf/sub_GEO015_wf/anat_fit_wf/msm_sulc_wf/invert_sulc/mapflow/_invert_sulc0".
250527-22:47:34,683 nipype.workflow INFO:
	 [Node] Cached "_invert_sulc0" - collecting precomputed outputs
250527-22:47:34,683 nipype.workflow INFO:
	 [Node] "_invert_sulc0" found cached.
250527-22:47:34,685 nipype.workflow INFO:
	 [Node] Setting-up "_invert_sulc1" in "/work/fmriprep_25_0_wf/sub_GEO015_wf/anat_fit_wf/msm_sulc_wf/invert_sulc/mapflow/_invert_sulc1".
250527-22:47:34,692 nipype.workflow INFO:
	 [Node] Outdated cache found for "_invert_sulc1".
250527-22:47:35,682 nipype.workflow INFO:
	 [Node] Executing "_invert_sulc1" <smriprep.interfaces.gifti.MetricMath>
250527-22:47:35,836 nipype.workflow INFO:
	 [Node] Finished "_invert_sulc1", elapsed time 0.1531s.
250527-22:47:39,868 nipype.workflow INFO:
	 [Node] Setting-up "fmriprep_25_0_wf.sub_GEO015_wf.anat_fit_wf.applyrefined" in "/work/fmriprep_25_0_wf/sub_GEO015_wf/anat_fit_wf/applyrefined".
250527-22:47:40,934 nipype.workflow INFO:
	 [Node] Executing "applyrefined" <nipype.interfaces.fsl.maths.ApplyMask>
250527-22:47:42,614 nipype.workflow INFO:
	 [Node] Finished "applyrefined", elapsed time 1.6781679999999999s.
250527-22:47:43,490 nipype.workflow INFO:
	 [Node] Setting-up "fmriprep_25_0_wf.sub_GEO015_wf.anat_fit_wf.t2w_resample" in "/work/fmriprep_25_0_wf/sub_GEO015_wf/anat_fit_wf/t2w_resample".
250527-22:47:44,12 nipype.workflow INFO:
	 [Node] Executing "t2w_resample" <niworkflows.interfaces.fixes.FixHeaderApplyTransforms>
250527-22:47:56,529 nipype.workflow INFO:
	 [Node] Finished "mri_coreg", elapsed time 42.754073s.
250527-22:47:57,498 nipype.workflow INFO:
	 [Node] Setting-up "fmriprep_25_0_wf.sub_GEO015_wf.bold_ses_t2_task_image_run_4_wf.bold_fit_wf.bold_reg_wf.bbreg_wf.mri_coreg" in "/work/fmriprep_25_0_wf/sub_GEO015_wf/bold_ses_t2_task_image_run_4_wf/bold_fit_wf/bold_reg_wf/bbreg_wf/mri_coreg".
250527-22:47:58,751 nipype.workflow INFO:
	 [Node] Executing "mri_coreg" <fmriprep.interfaces.patches.MRICoreg>
250527-22:48:14,74 nipype.workflow INFO:
	 [Node] Finished "t2w_resample", elapsed time 30.039056s.
250527-22:48:27,745 nipype.workflow INFO:
	 [Node] Setting-up "fmriprep_25_0_wf.sub_GEO015_wf.anat_fit_wf.fast" in "/work/fmriprep_25_0_wf/sub_GEO015_wf/anat_fit_wf/fast".
250527-22:48:29,482 nipype.workflow INFO:
	 [Node] Executing "fast" <nipype.interfaces.fsl.preprocess.FAST>
250527-22:48:43,342 nipype.workflow INFO:
	 [Node] Finished "mri_coreg", elapsed time 44.589458s.
250527-22:48:46,148 nipype.workflow INFO:
	 [Node] Setting-up "fmriprep_25_0_wf.sub_GEO015_wf.bold_ses_t2_task_image_run_5_wf.bold_fit_wf.bold_reg_wf.bbreg_wf.mri_coreg" in "/work/fmriprep_25_0_wf/sub_GEO015_wf/bold_ses_t2_task_image_run_5_wf/bold_fit_wf/bold_reg_wf/bbreg_wf/mri_coreg".
250527-22:48:47,325 nipype.workflow INFO:
	 [Node] Executing "mri_coreg" <fmriprep.interfaces.patches.MRICoreg>
250527-22:49:29,291 nipype.workflow INFO:
	 [Node] Finished "mri_coreg", elapsed time 41.964976s.
250527-22:49:30,778 nipype.workflow INFO:
	 [Node] Setting-up "fmriprep_25_0_wf.sub_GEO015_wf.bold_ses_t3_task_image_run_1_wf.bold_fit_wf.bold_reg_wf.bbreg_wf.mri_coreg" in "/work/fmriprep_25_0_wf/sub_GEO015_wf/bold_ses_t3_task_image_run_1_wf/bold_fit_wf/bold_reg_wf/bbreg_wf/mri_coreg".
250527-22:49:31,866 nipype.workflow INFO:
	 [Node] Executing "mri_coreg" <fmriprep.interfaces.patches.MRICoreg>
250527-22:49:50,67 nipype.workflow INFO:
	 [Node] Finished "fast", elapsed time 80.583488s.
250527-22:49:52,135 nipype.workflow INFO:
	 [Node] Setting-up "fmriprep_25_0_wf.sub_GEO015_wf.ds_std_volumes_wf.mask_anat" in "/work/fmriprep_25_0_wf/sub_GEO015_wf/ds_std_volumes_wf/mask_anat".
250527-22:49:53,987 nipype.workflow INFO:
	 [Node] Executing "mask_anat" <niworkflows.interfaces.nibabel.ApplyMask>
250527-22:49:54,915 nipype.workflow INFO:
	 [Node] Finished "mask_anat", elapsed time 0.925831s.
250527-22:49:56,131 nipype.workflow INFO:
	 [Node] Setting-up "fmriprep_25_0_wf.sub_GEO015_wf.bold_ses_t2_task_image_run_1_wf.bold_anat_wf.gen_ref" in "/work/fmriprep_25_0_wf/sub_GEO015_wf/bold_ses_t2_task_image_run_1_wf/bold_anat_wf/gen_ref".
250527-22:49:57,235 nipype.workflow INFO:
	 [Node] Executing "gen_ref" <niworkflows.interfaces.nibabel.GenerateSamplingReference>
250527-22:49:58,248 nipype.workflow INFO:
	 [Node] Finished "gen_ref", elapsed time 1.01129s.
250527-22:50:00,138 nipype.workflow INFO:
	 [Node] Setting-up "fmriprep_25_0_wf.sub_GEO015_wf.bold_ses_t2_task_image_run_2_wf.bold_anat_wf.gen_ref" in "/work/fmriprep_25_0_wf/sub_GEO015_wf/bold_ses_t2_task_image_run_2_wf/bold_anat_wf/gen_ref".
250527-22:50:01,286 nipype.workflow INFO:
	 [Node] Executing "gen_ref" <niworkflows.interfaces.nibabel.GenerateSamplingReference>
250527-22:50:02,734 nipype.workflow INFO:
	 [Node] Finished "gen_ref", elapsed time 1.445613s.
250527-22:50:04,217 nipype.workflow INFO:
	 [Node] Setting-up "fmriprep_25_0_wf.sub_GEO015_wf.bold_ses_t2_task_image_run_3_wf.bold_anat_wf.gen_ref" in "/work/fmriprep_25_0_wf/sub_GEO015_wf/bold_ses_t2_task_image_run_3_wf/bold_anat_wf/gen_ref".
250527-22:50:05,49 nipype.workflow INFO:
	 [Node] Executing "gen_ref" <niworkflows.interfaces.nibabel.GenerateSamplingReference>
250527-22:50:06,418 nipype.workflow INFO:
	 [Node] Finished "gen_ref", elapsed time 1.364212s.
250527-22:50:08,98 nipype.workflow INFO:
	 [Node] Setting-up "fmriprep_25_0_wf.sub_GEO015_wf.bold_ses_t2_task_image_run_4_wf.bold_anat_wf.gen_ref" in "/work/fmriprep_25_0_wf/sub_GEO015_wf/bold_ses_t2_task_image_run_4_wf/bold_anat_wf/gen_ref".
250527-22:50:09,683 nipype.workflow INFO:
	 [Node] Executing "gen_ref" <niworkflows.interfaces.nibabel.GenerateSamplingReference>
250527-22:50:11,130 nipype.workflow INFO:
	 [Node] Finished "gen_ref", elapsed time 1.445869s.
250527-22:50:12,504 nipype.workflow INFO:
	 [Node] Setting-up "fmriprep_25_0_wf.sub_GEO015_wf.bold_ses_t2_task_image_run_5_wf.bold_anat_wf.gen_ref" in "/work/fmriprep_25_0_wf/sub_GEO015_wf/bold_ses_t2_task_image_run_5_wf/bold_anat_wf/gen_ref".
250527-22:50:13,628 nipype.workflow INFO:
	 [Node] Executing "gen_ref" <niworkflows.interfaces.nibabel.GenerateSamplingReference>
250527-22:50:15,244 nipype.workflow INFO:
	 [Node] Finished "gen_ref", elapsed time 1.614239s.
250527-22:50:15,568 nipype.workflow INFO:
	 [Node] Finished "mri_coreg", elapsed time 43.700639s.
250527-22:50:16,129 nipype.workflow INFO:
	 [Node] Setting-up "fmriprep_25_0_wf.sub_GEO015_wf.bold_ses_t3_task_image_run_1_wf.bold_anat_wf.gen_ref" in "/work/fmriprep_25_0_wf/sub_GEO015_wf/bold_ses_t3_task_image_run_1_wf/bold_anat_wf/gen_ref".
250527-22:50:17,277 nipype.workflow INFO:
	 [Node] Executing "gen_ref" <niworkflows.interfaces.nibabel.GenerateSamplingReference>
250527-22:50:18,167 nipype.workflow INFO:
	 [Node] Setting-up "fmriprep_25_0_wf.sub_GEO015_wf.bold_ses_t3_task_image_run_2_wf.bold_fit_wf.bold_reg_wf.bbreg_wf.mri_coreg" in "/work/fmriprep_25_0_wf/sub_GEO015_wf/bold_ses_t3_task_image_run_2_wf/bold_fit_wf/bold_reg_wf/bbreg_wf/mri_coreg".
250527-22:50:18,262 nipype.workflow INFO:
	 [Node] Finished "gen_ref", elapsed time 0.983591s.
250527-22:50:19,994 nipype.workflow INFO:
	 [Node] Executing "mri_coreg" <fmriprep.interfaces.patches.MRICoreg>
250527-22:50:20,131 nipype.workflow INFO:
	 [Node] Setting-up "fmriprep_25_0_wf.sub_GEO015_wf.bold_ses_t3_task_image_run_2_wf.bold_anat_wf.gen_ref" in "/work/fmriprep_25_0_wf/sub_GEO015_wf/bold_ses_t3_task_image_run_2_wf/bold_anat_wf/gen_ref".
250527-22:50:20,898 nipype.workflow INFO:
	 [Node] Executing "gen_ref" <niworkflows.interfaces.nibabel.GenerateSamplingReference>
250527-22:50:22,0 nipype.workflow INFO:
	 [Node] Finished "gen_ref", elapsed time 1.100734s.
250527-22:50:24,138 nipype.workflow INFO:
	 [Node] Setting-up "fmriprep_25_0_wf.sub_GEO015_wf.bold_ses_t3_task_image_run_3_wf.bold_anat_wf.gen_ref" in "/work/fmriprep_25_0_wf/sub_GEO015_wf/bold_ses_t3_task_image_run_3_wf/bold_anat_wf/gen_ref".
250527-22:50:25,178 nipype.workflow INFO:
	 [Node] Executing "gen_ref" <niworkflows.interfaces.nibabel.GenerateSamplingReference>
250527-22:50:26,252 nipype.workflow INFO:
	 [Node] Finished "gen_ref", elapsed time 1.072302s.
250527-22:50:28,143 nipype.workflow INFO:
	 [Node] Setting-up "fmriprep_25_0_wf.sub_GEO015_wf.bold_ses_t3_task_image_run_4_wf.bold_anat_wf.gen_ref" in "/work/fmriprep_25_0_wf/sub_GEO015_wf/bold_ses_t3_task_image_run_4_wf/bold_anat_wf/gen_ref".
250527-22:50:29,302 nipype.workflow INFO:
	 [Node] Executing "gen_ref" <niworkflows.interfaces.nibabel.GenerateSamplingReference>
250527-22:50:31,61 nipype.workflow INFO:
	 [Node] Finished "gen_ref", elapsed time 1.749883s.
250527-22:50:34,147 nipype.workflow INFO:
	 [Node] Setting-up "fmriprep_25_0_wf.sub_GEO015_wf.bold_ses_t3_task_image_run_5_wf.bold_anat_wf.gen_ref" in "/work/fmriprep_25_0_wf/sub_GEO015_wf/bold_ses_t3_task_image_run_5_wf/bold_anat_wf/gen_ref".
250527-22:50:35,448 nipype.workflow INFO:
	 [Node] Executing "gen_ref" <niworkflows.interfaces.nibabel.GenerateSamplingReference>
250527-22:50:36,767 nipype.workflow INFO:
	 [Node] Finished "gen_ref", elapsed time 1.317987s.
250527-22:50:38,191 nipype.workflow INFO:
	 [Node] Setting-up "fmriprep_25_0_wf.sub_GEO015_wf.bold_ses_t3_task_retrans_run_1_wf.bold_anat_wf.gen_ref" in "/work/fmriprep_25_0_wf/sub_GEO015_wf/bold_ses_t3_task_retrans_run_1_wf/bold_anat_wf/gen_ref".
250527-22:50:39,426 nipype.workflow INFO:
	 [Node] Executing "gen_ref" <niworkflows.interfaces.nibabel.GenerateSamplingReference>
250527-22:50:40,606 nipype.workflow INFO:
	 [Node] Finished "gen_ref", elapsed time 1.179135s.
250527-22:50:42,140 nipype.workflow INFO:
	 [Node] Setting-up "fmriprep_25_0_wf.sub_GEO015_wf.anat_fit_wf.lut_t1w_dseg" in "/work/fmriprep_25_0_wf/sub_GEO015_wf/anat_fit_wf/lut_t1w_dseg".
250527-22:50:43,510 nipype.workflow INFO:
	 [Node] Executing "lut_t1w_dseg" <nipype.interfaces.utility.wrappers.Function>
250527-22:50:43,872 nipype.workflow INFO:
	 [Node] Finished "lut_t1w_dseg", elapsed time 0.360556s.
250527-22:51:01,907 nipype.workflow INFO:
	 [Node] Finished "mri_coreg", elapsed time 41.912077s.
250527-22:51:06,994 nipype.workflow INFO:
	 [Node] Setting-up "_create_wm_distvol0" in "/work/fmriprep_25_0_wf/sub_GEO015_wf/anat_fit_wf/anat_ribbon_wf/create_wm_distvol/mapflow/_create_wm_distvol0".
250527-22:51:07,362 nipype.workflow INFO:
	 [Node] Setting-up "fmriprep_25_0_wf.sub_GEO015_wf.bold_ses_t3_task_image_run_3_wf.bold_fit_wf.bold_reg_wf.bbreg_wf.mri_coreg" in "/work/fmriprep_25_0_wf/sub_GEO015_wf/bold_ses_t3_task_image_run_3_wf/bold_fit_wf/bold_reg_wf/bbreg_wf/mri_coreg".
250527-22:51:08,461 nipype.workflow INFO:
	 [Node] Executing "_create_wm_distvol0" <smriprep.interfaces.workbench.CreateSignedDistanceVolume>
250527-22:51:08,781 nipype.workflow INFO:
	 [Node] Executing "mri_coreg" <fmriprep.interfaces.patches.MRICoreg>
250527-22:51:51,224 nipype.workflow INFO:
	 [Node] Finished "mri_coreg", elapsed time 42.44132s.
250527-22:51:53,396 nipype.workflow INFO:
	 [Node] Setting-up "fmriprep_25_0_wf.sub_GEO015_wf.bold_ses_t3_task_image_run_4_wf.bold_fit_wf.bold_reg_wf.bbreg_wf.mri_coreg" in "/work/fmriprep_25_0_wf/sub_GEO015_wf/bold_ses_t3_task_image_run_4_wf/bold_fit_wf/bold_reg_wf/bbreg_wf/mri_coreg".
250527-22:51:55,388 nipype.workflow INFO:
	 [Node] Executing "mri_coreg" <fmriprep.interfaces.patches.MRICoreg>
250527-22:51:56,240 nipype.workflow INFO:
	 [Node] Finished "_create_wm_distvol0", elapsed time 43.646465s.
250527-22:52:20,439 nipype.workflow INFO:
	 [Node] Setting-up "fmriprep_25_0_wf.sub_GEO015_wf.anat_fit_wf.anat_reports_wf.seg_rpt" in "/work/fmriprep_25_0_wf/sub_GEO015_wf/anat_fit_wf/anat_reports_wf/seg_rpt".
250527-22:52:21,12 nipype.workflow INFO:
	 [Node] Executing "seg_rpt" <niworkflows.interfaces.reportlets.masks.ROIsPlot>
250527-22:52:37,224 nipype.workflow INFO:
	 [Node] Finished "seg_rpt", elapsed time 16.210456s.
250527-22:52:38,29 nipype.workflow INFO:
	 [Node] Finished "mri_coreg", elapsed time 42.639298s.
250527-22:52:38,818 nipype.workflow INFO:
	 [Node] Setting-up "fmriprep_25_0_wf.sub_GEO015_wf.bold_ses_t2_task_image_run_1_wf.bold_fit_wf.func_fit_reports_wf.t1w_wm" in "/work/fmriprep_25_0_wf/sub_GEO015_wf/bold_ses_t2_task_image_run_1_wf/bold_fit_wf/func_fit_reports_wf/t1w_wm".
250527-22:52:39,469 nipype.workflow INFO:
	 [Node] Executing "t1w_wm" <nipype.interfaces.utility.wrappers.Function>
250527-22:52:39,620 nipype.workflow INFO:
	 [Node] Finished "t1w_wm", elapsed time 0.149606s.
250527-22:52:40,860 nipype.workflow INFO:
	 [Node] Setting-up "fmriprep_25_0_wf.sub_GEO015_wf.bold_ses_t3_task_image_run_5_wf.bold_fit_wf.bold_reg_wf.bbreg_wf.mri_coreg" in "/work/fmriprep_25_0_wf/sub_GEO015_wf/bold_ses_t3_task_image_run_5_wf/bold_fit_wf/bold_reg_wf/bbreg_wf/mri_coreg".
250527-22:52:40,867 nipype.workflow INFO:
	 [Node] Setting-up "fmriprep_25_0_wf.sub_GEO015_wf.bold_ses_t2_task_image_run_2_wf.bold_fit_wf.func_fit_reports_wf.t1w_wm" in "/work/fmriprep_25_0_wf/sub_GEO015_wf/bold_ses_t2_task_image_run_2_wf/bold_fit_wf/func_fit_reports_wf/t1w_wm".
250527-22:52:41,911 nipype.workflow INFO:
	 [Node] Executing "mri_coreg" <fmriprep.interfaces.patches.MRICoreg>
250527-22:52:42,86 nipype.workflow INFO:
	 [Node] Executing "t1w_wm" <nipype.interfaces.utility.wrappers.Function>
250527-22:52:42,230 nipype.workflow INFO:
	 [Node] Finished "t1w_wm", elapsed time 0.141972s.
250527-22:52:44,828 nipype.workflow INFO:
	 [Node] Setting-up "fmriprep_25_0_wf.sub_GEO015_wf.bold_ses_t2_task_image_run_3_wf.bold_fit_wf.func_fit_reports_wf.t1w_wm" in "/work/fmriprep_25_0_wf/sub_GEO015_wf/bold_ses_t2_task_image_run_3_wf/bold_fit_wf/func_fit_reports_wf/t1w_wm".
250527-22:52:45,512 nipype.workflow INFO:
	 [Node] Executing "t1w_wm" <nipype.interfaces.utility.wrappers.Function>
250527-22:52:45,738 nipype.workflow INFO:
	 [Node] Finished "t1w_wm", elapsed time 0.224177s.
250527-22:52:46,832 nipype.workflow INFO:
	 [Node] Setting-up "fmriprep_25_0_wf.sub_GEO015_wf.bold_ses_t2_task_image_run_4_wf.bold_fit_wf.func_fit_reports_wf.t1w_wm" in "/work/fmriprep_25_0_wf/sub_GEO015_wf/bold_ses_t2_task_image_run_4_wf/bold_fit_wf/func_fit_reports_wf/t1w_wm".
250527-22:52:47,926 nipype.workflow INFO:
	 [Node] Executing "t1w_wm" <nipype.interfaces.utility.wrappers.Function>
250527-22:52:48,112 nipype.workflow INFO:
	 [Node] Finished "t1w_wm", elapsed time 0.183947s.
250527-22:52:50,819 nipype.workflow INFO:
	 [Node] Setting-up "fmriprep_25_0_wf.sub_GEO015_wf.bold_ses_t2_task_image_run_5_wf.bold_fit_wf.func_fit_reports_wf.t1w_wm" in "/work/fmriprep_25_0_wf/sub_GEO015_wf/bold_ses_t2_task_image_run_5_wf/bold_fit_wf/func_fit_reports_wf/t1w_wm".
250527-22:52:51,916 nipype.workflow INFO:
	 [Node] Executing "t1w_wm" <nipype.interfaces.utility.wrappers.Function>
250527-22:52:52,183 nipype.workflow INFO:
	 [Node] Finished "t1w_wm", elapsed time 0.264503s.
250527-22:52:54,820 nipype.workflow INFO:
	 [Node] Setting-up "fmriprep_25_0_wf.sub_GEO015_wf.bold_ses_t3_task_image_run_1_wf.bold_fit_wf.func_fit_reports_wf.t1w_wm" in "/work/fmriprep_25_0_wf/sub_GEO015_wf/bold_ses_t3_task_image_run_1_wf/bold_fit_wf/func_fit_reports_wf/t1w_wm".
250527-22:52:55,901 nipype.workflow INFO:
	 [Node] Executing "t1w_wm" <nipype.interfaces.utility.wrappers.Function>
250527-22:52:56,32 nipype.workflow INFO:
	 [Node] Finished "t1w_wm", elapsed time 0.129989s.
250527-22:52:58,841 nipype.workflow INFO:
	 [Node] Setting-up "fmriprep_25_0_wf.sub_GEO015_wf.bold_ses_t3_task_image_run_2_wf.bold_fit_wf.func_fit_reports_wf.t1w_wm" in "/work/fmriprep_25_0_wf/sub_GEO015_wf/bold_ses_t3_task_image_run_2_wf/bold_fit_wf/func_fit_reports_wf/t1w_wm".
250527-22:52:59,805 nipype.workflow INFO:
	 [Node] Executing "t1w_wm" <nipype.interfaces.utility.wrappers.Function>
250527-22:52:59,997 nipype.workflow INFO:
	 [Node] Finished "t1w_wm", elapsed time 0.190406s.
250527-22:53:00,828 nipype.workflow INFO:
	 [Node] Setting-up "fmriprep_25_0_wf.sub_GEO015_wf.bold_ses_t3_task_image_run_3_wf.bold_fit_wf.func_fit_reports_wf.t1w_wm" in "/work/fmriprep_25_0_wf/sub_GEO015_wf/bold_ses_t3_task_image_run_3_wf/bold_fit_wf/func_fit_reports_wf/t1w_wm".
250527-22:53:01,832 nipype.workflow INFO:
	 [Node] Executing "t1w_wm" <nipype.interfaces.utility.wrappers.Function>
250527-22:53:02,38 nipype.workflow INFO:
	 [Node] Finished "t1w_wm", elapsed time 0.204934s.
250527-22:53:04,826 nipype.workflow INFO:
	 [Node] Setting-up "fmriprep_25_0_wf.sub_GEO015_wf.bold_ses_t3_task_image_run_4_wf.bold_fit_wf.func_fit_reports_wf.t1w_wm" in "/work/fmriprep_25_0_wf/sub_GEO015_wf/bold_ses_t3_task_image_run_4_wf/bold_fit_wf/func_fit_reports_wf/t1w_wm".
250527-22:53:05,844 nipype.workflow INFO:
	 [Node] Executing "t1w_wm" <nipype.interfaces.utility.wrappers.Function>
250527-22:53:05,979 nipype.workflow INFO:
	 [Node] Finished "t1w_wm", elapsed time 0.133343s.
250527-22:53:06,819 nipype.workflow INFO:
	 [Node] Setting-up "fmriprep_25_0_wf.sub_GEO015_wf.bold_ses_t3_task_image_run_5_wf.bold_fit_wf.func_fit_reports_wf.t1w_wm" in "/work/fmriprep_25_0_wf/sub_GEO015_wf/bold_ses_t3_task_image_run_5_wf/bold_fit_wf/func_fit_reports_wf/t1w_wm".
250527-22:53:07,495 nipype.workflow INFO:
	 [Node] Executing "t1w_wm" <nipype.interfaces.utility.wrappers.Function>
250527-22:53:07,713 nipype.workflow INFO:
	 [Node] Finished "t1w_wm", elapsed time 0.21698s.
250527-22:53:08,831 nipype.workflow INFO:
	 [Node] Setting-up "fmriprep_25_0_wf.sub_GEO015_wf.bold_ses_t3_task_retrans_run_1_wf.bold_fit_wf.func_fit_reports_wf.t1w_wm" in "/work/fmriprep_25_0_wf/sub_GEO015_wf/bold_ses_t3_task_retrans_run_1_wf/bold_fit_wf/func_fit_reports_wf/t1w_wm".
250527-22:53:09,383 nipype.workflow INFO:
	 [Node] Executing "t1w_wm" <nipype.interfaces.utility.wrappers.Function>
250527-22:53:09,511 nipype.workflow INFO:
	 [Node] Finished "t1w_wm", elapsed time 0.125866s.
250527-22:53:10,823 nipype.workflow INFO:
	 [Node] Setting-up "fmriprep_25_0_wf.sub_GEO015_wf.bold_ses_t2_task_image_run_1_wf.bold_confounds_wf.acc_masks" in "/work/fmriprep_25_0_wf/sub_GEO015_wf/bold_ses_t2_task_image_run_1_wf/bold_confounds_wf/acc_masks".
250527-22:53:11,466 nipype.workflow INFO:
	 [Node] Executing "acc_masks" <fmriprep.interfaces.confounds.aCompCorMasks>
250527-22:53:14,558 nipype.workflow INFO:
	 [Node] Finished "acc_masks", elapsed time 3.091026s.
250527-22:53:17,0 nipype.workflow INFO:
	 [Node] Setting-up "fmriprep_25_0_wf.sub_GEO015_wf.bold_ses_t2_task_image_run_2_wf.bold_confounds_wf.acc_masks" in "/work/fmriprep_25_0_wf/sub_GEO015_wf/bold_ses_t2_task_image_run_2_wf/bold_confounds_wf/acc_masks".
250527-22:53:18,423 nipype.workflow INFO:
	 [Node] Executing "acc_masks" <fmriprep.interfaces.confounds.aCompCorMasks>
250527-22:53:22,235 nipype.workflow INFO:
	 [Node] Finished "acc_masks", elapsed time 3.808168s.
250527-22:53:24,267 nipype.workflow INFO:
	 [Node] Finished "mri_coreg", elapsed time 42.355741s.
250527-22:53:24,820 nipype.workflow INFO:
	 [Node] Setting-up "fmriprep_25_0_wf.sub_GEO015_wf.bold_ses_t2_task_image_run_3_wf.bold_confounds_wf.acc_masks" in "/work/fmriprep_25_0_wf/sub_GEO015_wf/bold_ses_t2_task_image_run_3_wf/bold_confounds_wf/acc_masks".
250527-22:53:25,647 nipype.workflow INFO:
	 [Node] Executing "acc_masks" <fmriprep.interfaces.confounds.aCompCorMasks>
250527-22:53:26,845 nipype.workflow INFO:
	 [Node] Setting-up "fmriprep_25_0_wf.sub_GEO015_wf.bold_ses_t3_task_retrans_run_1_wf.bold_fit_wf.bold_reg_wf.bbreg_wf.mri_coreg" in "/work/fmriprep_25_0_wf/sub_GEO015_wf/bold_ses_t3_task_retrans_run_1_wf/bold_fit_wf/bold_reg_wf/bbreg_wf/mri_coreg".
250527-22:53:27,441 nipype.workflow INFO:
	 [Node] Executing "mri_coreg" <fmriprep.interfaces.patches.MRICoreg>
250527-22:53:28,866 nipype.workflow INFO:
	 [Node] Finished "acc_masks", elapsed time 3.218332s.
250527-22:53:30,825 nipype.workflow INFO:
	 [Node] Setting-up "fmriprep_25_0_wf.sub_GEO015_wf.bold_ses_t2_task_image_run_4_wf.bold_confounds_wf.acc_masks" in "/work/fmriprep_25_0_wf/sub_GEO015_wf/bold_ses_t2_task_image_run_4_wf/bold_confounds_wf/acc_masks".
250527-22:53:31,881 nipype.workflow INFO:
	 [Node] Executing "acc_masks" <fmriprep.interfaces.confounds.aCompCorMasks>
250527-22:53:35,394 nipype.workflow INFO:
	 [Node] Finished "acc_masks", elapsed time 3.511729s.
250527-22:53:36,830 nipype.workflow INFO:
	 [Node] Setting-up "fmriprep_25_0_wf.sub_GEO015_wf.bold_ses_t2_task_image_run_5_wf.bold_confounds_wf.acc_masks" in "/work/fmriprep_25_0_wf/sub_GEO015_wf/bold_ses_t2_task_image_run_5_wf/bold_confounds_wf/acc_masks".
250527-22:53:37,762 nipype.workflow INFO:
	 [Node] Executing "acc_masks" <fmriprep.interfaces.confounds.aCompCorMasks>
250527-22:53:41,791 nipype.workflow INFO:
	 [Node] Finished "acc_masks", elapsed time 4.02791s.
250527-22:53:44,826 nipype.workflow INFO:
	 [Node] Setting-up "fmriprep_25_0_wf.sub_GEO015_wf.bold_ses_t3_task_image_run_1_wf.bold_confounds_wf.acc_masks" in "/work/fmriprep_25_0_wf/sub_GEO015_wf/bold_ses_t3_task_image_run_1_wf/bold_confounds_wf/acc_masks".
250527-22:53:48,331 nipype.workflow INFO:
	 [Node] Executing "acc_masks" <fmriprep.interfaces.confounds.aCompCorMasks>
250527-22:53:52,393 nipype.workflow INFO:
	 [Node] Finished "acc_masks", elapsed time 4.06106s.
250527-22:53:54,813 nipype.workflow INFO:
	 [Node] Setting-up "fmriprep_25_0_wf.sub_GEO015_wf.bold_ses_t3_task_image_run_2_wf.bold_confounds_wf.acc_masks" in "/work/fmriprep_25_0_wf/sub_GEO015_wf/bold_ses_t3_task_image_run_2_wf/bold_confounds_wf/acc_masks".
250527-22:53:55,777 nipype.workflow INFO:
	 [Node] Executing "acc_masks" <fmriprep.interfaces.confounds.aCompCorMasks>
250527-22:53:59,130 nipype.workflow INFO:
	 [Node] Finished "acc_masks", elapsed time 3.351676s.
250527-22:54:00,834 nipype.workflow INFO:
	 [Node] Setting-up "fmriprep_25_0_wf.sub_GEO015_wf.bold_ses_t3_task_image_run_3_wf.bold_confounds_wf.acc_masks" in "/work/fmriprep_25_0_wf/sub_GEO015_wf/bold_ses_t3_task_image_run_3_wf/bold_confounds_wf/acc_masks".
250527-22:54:01,805 nipype.workflow INFO:
	 [Node] Executing "acc_masks" <fmriprep.interfaces.confounds.aCompCorMasks>
250527-22:54:05,692 nipype.workflow INFO:
	 [Node] Finished "acc_masks", elapsed time 3.886158s.
250527-22:54:06,824 nipype.workflow INFO:
	 [Node] Setting-up "fmriprep_25_0_wf.sub_GEO015_wf.bold_ses_t3_task_image_run_4_wf.bold_confounds_wf.acc_masks" in "/work/fmriprep_25_0_wf/sub_GEO015_wf/bold_ses_t3_task_image_run_4_wf/bold_confounds_wf/acc_masks".
250527-22:54:07,680 nipype.workflow INFO:
	 [Node] Executing "acc_masks" <fmriprep.interfaces.confounds.aCompCorMasks>
250527-22:54:08,916 nipype.workflow INFO:
	 [Node] Finished "mri_coreg", elapsed time 41.473922s.
250527-22:54:10,654 nipype.workflow INFO:
	 [Node] Finished "acc_masks", elapsed time 2.9724909999999998s.
250527-22:54:10,829 nipype.workflow INFO:
	 [Node] Setting-up "fmriprep_25_0_wf.sub_GEO015_wf.bold_ses_t2_task_image_run_1_wf.bold_fit_wf.bold_reg_wf.bbreg_wf.bbregister" in "/work/fmriprep_25_0_wf/sub_GEO015_wf/bold_ses_t2_task_image_run_1_wf/bold_fit_wf/bold_reg_wf/bbreg_wf/bbregister".
250527-22:54:10,830 nipype.workflow INFO:
	 [Node] Setting-up "fmriprep_25_0_wf.sub_GEO015_wf.bold_ses_t3_task_image_run_5_wf.bold_confounds_wf.acc_masks" in "/work/fmriprep_25_0_wf/sub_GEO015_wf/bold_ses_t3_task_image_run_5_wf/bold_confounds_wf/acc_masks".
250527-22:54:10,832 nipype.workflow INFO:
	 [Node] Setting-up "fmriprep_25_0_wf.sub_GEO015_wf.bold_ses_t3_task_retrans_run_1_wf.bold_confounds_wf.acc_masks" in "/work/fmriprep_25_0_wf/sub_GEO015_wf/bold_ses_t3_task_retrans_run_1_wf/bold_confounds_wf/acc_masks".
250527-22:54:11,858 nipype.workflow INFO:
	 [Node] Executing "acc_masks" <fmriprep.interfaces.confounds.aCompCorMasks>
250527-22:54:11,920 nipype.workflow INFO:
	 [Node] Executing "acc_masks" <fmriprep.interfaces.confounds.aCompCorMasks>
250527-22:54:12,90 nipype.workflow INFO:
	 [Node] Executing "bbregister" <nipype.interfaces.freesurfer.preprocess.BBRegister>
250527-22:54:13,167 nipype.workflow INFO:
	 [Node] Setting-up "_create_wm_distvol1" in "/work/fmriprep_25_0_wf/sub_GEO015_wf/anat_fit_wf/anat_ribbon_wf/create_wm_distvol/mapflow/_create_wm_distvol1".
250527-22:54:13,168 nipype.workflow INFO:
	 [Node] Setting-up "_create_pial_distvol0" in "/work/fmriprep_25_0_wf/sub_GEO015_wf/anat_fit_wf/anat_ribbon_wf/create_pial_distvol/mapflow/_create_pial_distvol0".
250527-22:54:13,174 nipype.workflow INFO:
	 [Node] Setting-up "_create_pial_distvol1" in "/work/fmriprep_25_0_wf/sub_GEO015_wf/anat_fit_wf/anat_ribbon_wf/create_pial_distvol/mapflow/_create_pial_distvol1".
250527-22:54:14,452 nipype.workflow INFO:
	 [Node] Executing "_create_wm_distvol1" <smriprep.interfaces.workbench.CreateSignedDistanceVolume>
250527-22:54:14,471 nipype.workflow INFO:
	 [Node] Executing "_create_pial_distvol1" <smriprep.interfaces.workbench.CreateSignedDistanceVolume>
250527-22:54:14,489 nipype.workflow INFO:
	 [Node] Executing "_create_pial_distvol0" <smriprep.interfaces.workbench.CreateSignedDistanceVolume>
250527-22:54:14,952 nipype.workflow INFO:
	 [Node] Finished "acc_masks", elapsed time 3.093313s.
250527-22:54:15,96 nipype.workflow INFO:
	 [Node] Finished "acc_masks", elapsed time 3.1748s.
250527-22:54:23,205 nipype.workflow INFO:
	 [Node] Setting-up "_project_unproject0" in "/work/fmriprep_25_0_wf/sub_GEO015_wf/anat_fit_wf/fsLR_reg_wf/project_unproject/mapflow/_project_unproject0".
250527-22:54:23,914 nipype.workflow INFO:
	 [Node] Executing "_project_unproject0" <smriprep.interfaces.workbench.SurfaceSphereProjectUnproject>
250527-22:54:27,482 nipype.workflow INFO:
	 [Node] Finished "_project_unproject0", elapsed time 3.350153s.
250527-22:54:37,972 nipype.workflow INFO:
	 [Node] Setting-up "_project_unproject1" in "/work/fmriprep_25_0_wf/sub_GEO015_wf/anat_fit_wf/fsLR_reg_wf/project_unproject/mapflow/_project_unproject1".
250527-22:54:39,167 nipype.workflow INFO:
	 [Node] Executing "_project_unproject1" <smriprep.interfaces.workbench.SurfaceSphereProjectUnproject>
250527-22:54:43,217 nipype.workflow INFO:
	 [Node] Finished "_project_unproject1", elapsed time 3.808286s.
250527-22:54:44,740 nipype.workflow INFO:
	 [Node] Finished "bbregister", elapsed time 32.648381s.
250527-22:54:44,759 nipype.workflow INFO:
	 [Node] Setting-up "_project_unproject0" in "/work/fmriprep_25_0_wf/sub_GEO015_wf/anat_fit_wf/fsLR_reg_wf/project_unproject/mapflow/_project_unproject0".
250527-22:54:44,762 nipype.workflow INFO:
	 [Node] Cached "_project_unproject0" - collecting precomputed outputs
250527-22:54:44,762 nipype.workflow INFO:
	 [Node] "_project_unproject0" found cached.
250527-22:54:44,763 nipype.workflow INFO:
	 [Node] Setting-up "_project_unproject1" in "/work/fmriprep_25_0_wf/sub_GEO015_wf/anat_fit_wf/fsLR_reg_wf/project_unproject/mapflow/_project_unproject1".
250527-22:54:44,766 nipype.workflow INFO:
	 [Node] Cached "_project_unproject1" - collecting precomputed outputs
250527-22:54:44,766 nipype.workflow INFO:
	 [Node] "_project_unproject1" found cached.
250527-22:54:46,349 nipype.workflow INFO:
	 [Node] Setting-up "fmriprep_25_0_wf.sub_GEO015_wf.bold_ses_t2_task_image_run_2_wf.bold_fit_wf.bold_reg_wf.bbreg_wf.bbregister" in "/work/fmriprep_25_0_wf/sub_GEO015_wf/bold_ses_t2_task_image_run_2_wf/bold_fit_wf/bold_reg_wf/bbreg_wf/bbregister".
250527-22:54:47,118 nipype.workflow INFO:
	 [Node] Executing "bbregister" <nipype.interfaces.freesurfer.preprocess.BBRegister>
250527-22:54:48,624 nipype.workflow INFO:
	 [Node] Setting-up "fmriprep_25_0_wf.sub_GEO015_wf.bold_ses_t2_task_image_run_1_wf.bold_fit_wf.bold_reg_wf.bbreg_wf.compare_transforms" in "/work/fmriprep_25_0_wf/sub_GEO015_wf/bold_ses_t2_task_image_run_1_wf/bold_fit_wf/bold_reg_wf/bbreg_wf/compare_transforms".
250527-22:54:49,530 nipype.workflow INFO:
	 [Node] Executing "compare_transforms" <nipype.interfaces.utility.wrappers.Function>
250527-22:54:49,549 nipype.workflow INFO:
	 [Node] Finished "compare_transforms", elapsed time 0.01784s.
250527-22:54:58,133 nipype.workflow INFO:
	 [Node] Finished "_create_wm_distvol1", elapsed time 43.411656s.
250527-22:55:01,540 nipype.workflow INFO:
	 [Node] Setting-up "_create_wm_distvol0" in "/work/fmriprep_25_0_wf/sub_GEO015_wf/anat_fit_wf/anat_ribbon_wf/create_wm_distvol/mapflow/_create_wm_distvol0".
250527-22:55:01,554 nipype.workflow INFO:
	 [Node] Cached "_create_wm_distvol0" - collecting precomputed outputs
250527-22:55:01,554 nipype.workflow INFO:
	 [Node] "_create_wm_distvol0" found cached.
250527-22:55:01,555 nipype.workflow INFO:
	 [Node] Setting-up "_create_wm_distvol1" in "/work/fmriprep_25_0_wf/sub_GEO015_wf/anat_fit_wf/anat_ribbon_wf/create_wm_distvol/mapflow/_create_wm_distvol1".
250527-22:55:01,559 nipype.workflow INFO:
	 [Node] Cached "_create_wm_distvol1" - collecting precomputed outputs
250527-22:55:01,559 nipype.workflow INFO:
	 [Node] "_create_wm_distvol1" found cached.
250527-22:55:05,137 nipype.workflow INFO:
	 [Node] Setting-up "fmriprep_25_0_wf.sub_GEO015_wf.bold_ses_t2_task_image_run_1_wf.bold_fit_wf.bold_reg_wf.bbreg_wf.concat_xfm" in "/work/fmriprep_25_0_wf/sub_GEO015_wf/bold_ses_t2_task_image_run_1_wf/bold_fit_wf/bold_reg_wf/bbreg_wf/concat_xfm".
250527-22:55:05,144 nipype.workflow INFO:
	 [Node] Setting-up "_regress_affine1" in "/work/fmriprep_25_0_wf/sub_GEO015_wf/anat_fit_wf/msm_sulc_wf/regress_affine/mapflow/_regress_affine1".
250527-22:55:05,147 nipype.workflow INFO:
	 [Node] Setting-up "_regress_affine0" in "/work/fmriprep_25_0_wf/sub_GEO015_wf/anat_fit_wf/msm_sulc_wf/regress_affine/mapflow/_regress_affine0".
250527-22:55:05,857 nipype.workflow INFO:
	 [Node] Executing "_regress_affine0" <smriprep.interfaces.workbench.SurfaceAffineRegression>
250527-22:55:05,881 nipype.workflow INFO:
	 [Node] Executing "concat_xfm" <niworkflows.interfaces.nitransforms.ConcatenateXFMs>
250527-22:55:05,884 nipype.workflow INFO:
	 [Node] Executing "_regress_affine1" <smriprep.interfaces.workbench.SurfaceAffineRegression>
250527-22:55:05,984 nipype.workflow INFO:
	 [Node] Finished "concat_xfm", elapsed time 0.102081s.
250527-22:55:06,556 nipype.workflow INFO:
	 [Node] Finished "_regress_affine0", elapsed time 0.471779s.
250527-22:55:06,630 nipype.workflow INFO:
	 [Node] Finished "_regress_affine1", elapsed time 0.527702s.
250527-22:55:07,970 nipype.workflow INFO:
	 [Node] Finished "_create_pial_distvol1", elapsed time 53.237228s.
250527-22:55:08,565 nipype.workflow INFO:
	 [Node] Finished "_create_pial_distvol0", elapsed time 53.812878s.
250527-22:55:09,672 nipype.workflow INFO:
	 [Node] Setting-up "fmriprep_25_0_wf.sub_GEO015_wf.bold_ses_t2_task_image_run_1_wf.bold_fit_wf.func_fit_reports_wf.t1w_boldref" in "/work/fmriprep_25_0_wf/sub_GEO015_wf/bold_ses_t2_task_image_run_1_wf/bold_fit_wf/func_fit_reports_wf/t1w_boldref".
250527-22:55:11,31 nipype.workflow INFO:
	 [Node] Setting-up "_create_pial_distvol0" in "/work/fmriprep_25_0_wf/sub_GEO015_wf/anat_fit_wf/anat_ribbon_wf/create_pial_distvol/mapflow/_create_pial_distvol0".
250527-22:55:11,36 nipype.workflow INFO:
	 [Node] Cached "_create_pial_distvol0" - collecting precomputed outputs
250527-22:55:11,36 nipype.workflow INFO:
	 [Node] "_create_pial_distvol0" found cached.
250527-22:55:11,36 nipype.workflow INFO:
	 [Node] Setting-up "_create_pial_distvol1" in "/work/fmriprep_25_0_wf/sub_GEO015_wf/anat_fit_wf/anat_ribbon_wf/create_pial_distvol/mapflow/_create_pial_distvol1".
250527-22:55:11,40 nipype.workflow INFO:
	 [Node] Cached "_create_pial_distvol1" - collecting precomputed outputs
250527-22:55:11,40 nipype.workflow INFO:
	 [Node] "_create_pial_distvol1" found cached.
250527-22:55:11,63 nipype.workflow INFO:
	 [Node] Setting-up "_regress_affine0" in "/work/fmriprep_25_0_wf/sub_GEO015_wf/anat_fit_wf/msm_sulc_wf/regress_affine/mapflow/_regress_affine0".
250527-22:55:11,65 nipype.workflow INFO:
	 [Node] Cached "_regress_affine0" - collecting precomputed outputs
250527-22:55:11,66 nipype.workflow INFO:
	 [Node] "_regress_affine0" found cached.
250527-22:55:11,66 nipype.workflow INFO:
	 [Node] Setting-up "_regress_affine1" in "/work/fmriprep_25_0_wf/sub_GEO015_wf/anat_fit_wf/msm_sulc_wf/regress_affine/mapflow/_regress_affine1".
250527-22:55:11,69 nipype.workflow INFO:
	 [Node] Cached "_regress_affine1" - collecting precomputed outputs
250527-22:55:11,69 nipype.workflow INFO:
	 [Node] "_regress_affine1" found cached.
250527-22:55:11,158 nipype.workflow INFO:
	 [Node] Executing "t1w_boldref" <niworkflows.interfaces.fixes.FixHeaderApplyTransforms>
250527-22:55:11,832 nipype.workflow INFO:
	 [Node] Setting-up "fmriprep_25_0_wf.sub_GEO015_wf.bold_ses_t2_task_image_run_1_wf.bold_confounds_wf.t1w_mask_tfm" in "/work/fmriprep_25_0_wf/sub_GEO015_wf/bold_ses_t2_task_image_run_1_wf/bold_confounds_wf/t1w_mask_tfm".
250527-22:55:12,483 nipype.workflow INFO:
	 [Node] Setting-up "fmriprep_25_0_wf.sub_GEO015_wf.anat_fit_wf.anat_ribbon_wf.make_ribbon" in "/work/fmriprep_25_0_wf/sub_GEO015_wf/anat_fit_wf/anat_ribbon_wf/make_ribbon".
250527-22:55:13,59 nipype.workflow INFO:
	 [Node] Executing "t1w_mask_tfm" <niworkflows.interfaces.fixes.FixHeaderApplyTransforms>
250527-22:55:13,280 nipype.workflow INFO:
	 [Node] Executing "make_ribbon" <smriprep.interfaces.surf.MakeRibbon>
250527-22:55:13,306 nipype.workflow INFO:
	 [Node] Finished "t1w_boldref", elapsed time 2.146555s.
250527-22:55:13,921 nipype.workflow INFO:
	 [Node] Finished "make_ribbon", elapsed time 0.640017s.
250527-22:55:14,200 nipype.workflow INFO:
	 [Node] Setting-up "_acc_msk_tfm0" in "/work/fmriprep_25_0_wf/sub_GEO015_wf/bold_ses_t2_task_image_run_1_wf/bold_confounds_wf/acc_msk_tfm/mapflow/_acc_msk_tfm0".
250527-22:55:14,201 nipype.workflow INFO:
	 [Node] Setting-up "_acc_msk_tfm1" in "/work/fmriprep_25_0_wf/sub_GEO015_wf/bold_ses_t2_task_image_run_1_wf/bold_confounds_wf/acc_msk_tfm/mapflow/_acc_msk_tfm1".
250527-22:55:14,206 nipype.workflow INFO:
	 [Node] Setting-up "_acc_msk_tfm2" in "/work/fmriprep_25_0_wf/sub_GEO015_wf/bold_ses_t2_task_image_run_1_wf/bold_confounds_wf/acc_msk_tfm/mapflow/_acc_msk_tfm2".
250527-22:55:15,441 nipype.workflow INFO:
	 [Node] Finished "t1w_mask_tfm", elapsed time 2.3812189999999998s.
250527-22:55:15,448 nipype.workflow INFO:
	 [Node] Executing "_acc_msk_tfm1" <niworkflows.interfaces.fixes.FixHeaderApplyTransforms>
250527-22:55:15,648 nipype.workflow INFO:
	 [Node] Executing "_acc_msk_tfm0" <niworkflows.interfaces.fixes.FixHeaderApplyTransforms>
250527-22:55:16,268 nipype.workflow INFO:
	 [Node] Executing "_acc_msk_tfm2" <niworkflows.interfaces.fixes.FixHeaderApplyTransforms>
250527-22:55:16,549 nipype.workflow INFO:
	 [Node] Finished "_acc_msk_tfm1", elapsed time 1.099205s.
250527-22:55:16,800 nipype.workflow INFO:
	 [Node] Finished "_acc_msk_tfm0", elapsed time 1.151438s.
250527-22:55:17,526 nipype.workflow INFO:
	 [Node] Finished "_acc_msk_tfm2", elapsed time 1.257606s.
250527-22:55:18,159 nipype.workflow INFO:
	 [Node] Setting-up "fmriprep_25_0_wf.sub_GEO015_wf.bold_ses_t2_task_image_run_1_wf.bold_fit_wf.func_fit_reports_wf.boldref_wm" in "/work/fmriprep_25_0_wf/sub_GEO015_wf/bold_ses_t2_task_image_run_1_wf/bold_fit_wf/func_fit_reports_wf/boldref_wm".
250527-22:55:18,175 nipype.workflow INFO:
	 [Node] Setting-up "_apply_surface_affine0" in "/work/fmriprep_25_0_wf/sub_GEO015_wf/anat_fit_wf/msm_sulc_wf/apply_surface_affine/mapflow/_apply_surface_affine0".
250527-22:55:18,178 nipype.workflow INFO:
	 [Node] Setting-up "_apply_surface_affine1" in "/work/fmriprep_25_0_wf/sub_GEO015_wf/anat_fit_wf/msm_sulc_wf/apply_surface_affine/mapflow/_apply_surface_affine1".
250527-22:55:18,551 nipype.workflow INFO:
	 [Node] Setting-up "fmriprep_25_0_wf.sub_GEO015_wf.bold_ses_t2_task_image_run_1_wf.bold_confounds_wf.union_mask" in "/work/fmriprep_25_0_wf/sub_GEO015_wf/bold_ses_t2_task_image_run_1_wf/bold_confounds_wf/union_mask".
250527-22:55:18,868 nipype.workflow INFO:
	 [Node] Executing "boldref_wm" <niworkflows.interfaces.fixes.FixHeaderApplyTransforms>
250527-22:55:19,1 nipype.workflow INFO:
	 [Node] Setting-up "_acc_msk_tfm0" in "/work/fmriprep_25_0_wf/sub_GEO015_wf/bold_ses_t2_task_image_run_1_wf/bold_confounds_wf/acc_msk_tfm/mapflow/_acc_msk_tfm0".
250527-22:55:19,5 nipype.workflow INFO:
	 [Node] Cached "_acc_msk_tfm0" - collecting precomputed outputs
250527-22:55:19,6 nipype.workflow INFO:
	 [Node] "_acc_msk_tfm0" found cached.
250527-22:55:19,6 nipype.workflow INFO:
	 [Node] Setting-up "_acc_msk_tfm1" in "/work/fmriprep_25_0_wf/sub_GEO015_wf/bold_ses_t2_task_image_run_1_wf/bold_confounds_wf/acc_msk_tfm/mapflow/_acc_msk_tfm1".
250527-22:55:19,10 nipype.workflow INFO:
	 [Node] Cached "_acc_msk_tfm1" - collecting precomputed outputs
250527-22:55:19,10 nipype.workflow INFO:
	 [Node] "_acc_msk_tfm1" found cached.
250527-22:55:19,11 nipype.workflow INFO:
	 [Node] Setting-up "_acc_msk_tfm2" in "/work/fmriprep_25_0_wf/sub_GEO015_wf/bold_ses_t2_task_image_run_1_wf/bold_confounds_wf/acc_msk_tfm/mapflow/_acc_msk_tfm2".
250527-22:55:19,14 nipype.workflow INFO:
	 [Node] Executing "_apply_surface_affine0" <smriprep.interfaces.workbench.SurfaceApplyAffine>
250527-22:55:19,17 nipype.workflow INFO:
	 [Node] Cached "_acc_msk_tfm2" - collecting precomputed outputs
250527-22:55:19,17 nipype.workflow INFO:
	 [Node] "_acc_msk_tfm2" found cached.
250527-22:55:19,54 nipype.workflow INFO:
	 [Node] Executing "_apply_surface_affine1" <smriprep.interfaces.workbench.SurfaceApplyAffine>
250527-22:55:19,205 nipype.workflow INFO:
	 [Node] Executing "union_mask" <nipype.interfaces.utility.wrappers.Function>
250527-22:55:19,313 nipype.workflow INFO:
	 [Node] Finished "union_mask", elapsed time 0.105916s.
250527-22:55:19,576 nipype.workflow INFO:
	 [Node] Finished "boldref_wm", elapsed time 0.706613s.
250527-22:55:20,283 nipype.workflow INFO:
	 [Node] Finished "_apply_surface_affine0", elapsed time 1.042598s.
250527-22:55:20,304 nipype.workflow INFO:
	 [Node] Finished "_apply_surface_affine1", elapsed time 1.019959s.
250527-22:55:20,508 nipype.workflow INFO:
	 [Node] Setting-up "fmriprep_25_0_wf.sub_GEO015_wf.bold_ses_t2_task_image_run_1_wf.bold_fit_wf.func_fit_reports_wf.epi_t1_report" in "/work/fmriprep_25_0_wf/sub_GEO015_wf/bold_ses_t2_task_image_run_1_wf/bold_fit_wf/func_fit_reports_wf/epi_t1_report".
250527-22:55:21,37 nipype.workflow INFO:
	 [Node] Setting-up "fmriprep_25_0_wf.sub_GEO015_wf.bold_ses_t2_task_image_run_1_wf.bold_confounds_wf.dilated_mask" in "/work/fmriprep_25_0_wf/sub_GEO015_wf/bold_ses_t2_task_image_run_1_wf/bold_confounds_wf/dilated_mask".
250527-22:55:21,428 nipype.workflow INFO:
	 [Node] Executing "epi_t1_report" <nireports.interfaces.reporting.base.SimpleBeforeAfterRPT>
250527-22:55:21,429 nipype.interface INFO:
	 Report - setting before (/out/sub-GEO015/ses-t2/func/sub-GEO015_ses-t2_task-image_run-1_desc-coreg_boldref.nii.gz) and after (/work/fmriprep_25_0_wf/sub_GEO015_wf/bold_ses_t2_task_image_run_1_wf/bold_fit_wf/func_fit_reports_wf/t1w_boldref/sub-GEO015_desc-preproc_T1w_trans.nii.gz) images
250527-22:55:21,429 nipype.interface INFO:
	 Generating visual report
250527-22:55:21,705 nipype.workflow INFO:
	 [Node] Executing "dilated_mask" <niworkflows.interfaces.morphology.BinaryDilation>
250527-22:55:21,789 nipype.workflow INFO:
	 [Node] Finished "dilated_mask", elapsed time 0.083126s.
250527-22:55:22,505 nipype.workflow INFO:
	 [Node] Setting-up "_acc_msk_brain0" in "/work/fmriprep_25_0_wf/sub_GEO015_wf/bold_ses_t2_task_image_run_1_wf/bold_confounds_wf/acc_msk_brain/mapflow/_acc_msk_brain0".
250527-22:55:22,506 nipype.workflow INFO:
	 [Node] Setting-up "_acc_msk_brain1" in "/work/fmriprep_25_0_wf/sub_GEO015_wf/bold_ses_t2_task_image_run_1_wf/bold_confounds_wf/acc_msk_brain/mapflow/_acc_msk_brain1".
250527-22:55:22,507 nipype.workflow INFO:
	 [Node] Setting-up "_acc_msk_brain2" in "/work/fmriprep_25_0_wf/sub_GEO015_wf/bold_ses_t2_task_image_run_1_wf/bold_confounds_wf/acc_msk_brain/mapflow/_acc_msk_brain2".
250527-22:55:23,740 nipype.workflow INFO:
	 [Node] Executing "_acc_msk_brain2" <niworkflows.interfaces.nibabel.ApplyMask>
250527-22:55:24,123 nipype.workflow INFO:
	 [Node] Finished "_acc_msk_brain2", elapsed time 0.382067s.
250527-22:55:24,133 nipype.workflow INFO:
	 [Node] Setting-up "_apply_surface_affine0" in "/work/fmriprep_25_0_wf/sub_GEO015_wf/anat_fit_wf/msm_sulc_wf/apply_surface_affine/mapflow/_apply_surface_affine0".
250527-22:55:24,139 nipype.workflow INFO:
	 [Node] Cached "_apply_surface_affine0" - collecting precomputed outputs
250527-22:55:24,139 nipype.workflow INFO:
	 [Node] "_apply_surface_affine0" found cached.
250527-22:55:24,140 nipype.workflow INFO:
	 [Node] Setting-up "_apply_surface_affine1" in "/work/fmriprep_25_0_wf/sub_GEO015_wf/anat_fit_wf/msm_sulc_wf/apply_surface_affine/mapflow/_apply_surface_affine1".
250527-22:55:24,144 nipype.workflow INFO:
	 [Node] Cached "_apply_surface_affine1" - collecting precomputed outputs
250527-22:55:24,144 nipype.workflow INFO:
	 [Node] "_apply_surface_affine1" found cached.
250527-22:55:24,577 nipype.workflow INFO:
	 [Node] Setting-up "fmriprep_25_0_wf.sub_GEO015_wf.bold_ses_t2_task_image_run_1_wf.bold_confounds_wf.subtract_mask" in "/work/fmriprep_25_0_wf/sub_GEO015_wf/bold_ses_t2_task_image_run_1_wf/bold_confounds_wf/subtract_mask".
250527-22:55:24,734 nipype.workflow INFO:
	 [Node] Executing "_acc_msk_brain0" <niworkflows.interfaces.nibabel.ApplyMask>
250527-22:55:24,904 nipype.workflow INFO:
	 [Node] Finished "_acc_msk_brain0", elapsed time 0.168585s.
250527-22:55:25,49 nipype.workflow INFO:
	 [Node] Finished "bbregister", elapsed time 37.92964s.
250527-22:55:25,86 nipype.workflow INFO:
	 [Node] Executing "_acc_msk_brain1" <niworkflows.interfaces.nibabel.ApplyMask>
250527-22:55:25,522 nipype.workflow INFO:
	 [Node] Finished "_acc_msk_brain1", elapsed time 0.434562s.
250527-22:55:25,660 nipype.workflow INFO:
	 [Node] Executing "subtract_mask" <niworkflows.interfaces.morphology.BinarySubtraction>
250527-22:55:25,728 nipype.workflow INFO:
	 [Node] Finished "subtract_mask", elapsed time 0.067595s.
250527-22:55:26,574 nipype.workflow INFO:
	 [Node] Setting-up "fmriprep_25_0_wf.sub_GEO015_wf.bold_ses_t2_task_image_run_3_wf.bold_fit_wf.bold_reg_wf.bbreg_wf.bbregister" in "/work/fmriprep_25_0_wf/sub_GEO015_wf/bold_ses_t2_task_image_run_3_wf/bold_fit_wf/bold_reg_wf/bbreg_wf/bbregister".
250527-22:55:28,378 nipype.workflow INFO:
	 [Node] Executing "bbregister" <nipype.interfaces.freesurfer.preprocess.BBRegister>
250527-22:55:30,243 nipype.workflow INFO:
	 [Node] Setting-up "fmriprep_25_0_wf.sub_GEO015_wf.bold_ses_t2_task_image_run_2_wf.bold_fit_wf.bold_reg_wf.bbreg_wf.compare_transforms" in "/work/fmriprep_25_0_wf/sub_GEO015_wf/bold_ses_t2_task_image_run_2_wf/bold_fit_wf/bold_reg_wf/bbreg_wf/compare_transforms".
250527-22:55:30,244 nipype.workflow INFO:
	 [Node] Setting-up "_modify_sphere0" in "/work/fmriprep_25_0_wf/sub_GEO015_wf/anat_fit_wf/msm_sulc_wf/modify_sphere/mapflow/_modify_sphere0".
250527-22:55:30,248 nipype.workflow INFO:
	 [Node] Setting-up "_modify_sphere1" in "/work/fmriprep_25_0_wf/sub_GEO015_wf/anat_fit_wf/msm_sulc_wf/modify_sphere/mapflow/_modify_sphere1".
250527-22:55:30,726 nipype.workflow INFO:
	 [Node] Setting-up "_acc_msk_brain0" in "/work/fmriprep_25_0_wf/sub_GEO015_wf/bold_ses_t2_task_image_run_1_wf/bold_confounds_wf/acc_msk_brain/mapflow/_acc_msk_brain0".
250527-22:55:30,730 nipype.workflow INFO:
	 [Node] Cached "_acc_msk_brain0" - collecting precomputed outputs
250527-22:55:30,730 nipype.workflow INFO:
	 [Node] "_acc_msk_brain0" found cached.
250527-22:55:30,730 nipype.workflow INFO:
	 [Node] Setting-up "_acc_msk_brain1" in "/work/fmriprep_25_0_wf/sub_GEO015_wf/bold_ses_t2_task_image_run_1_wf/bold_confounds_wf/acc_msk_brain/mapflow/_acc_msk_brain1".
250527-22:55:30,733 nipype.workflow INFO:
	 [Node] Cached "_acc_msk_brain1" - collecting precomputed outputs
250527-22:55:30,733 nipype.workflow INFO:
	 [Node] "_acc_msk_brain1" found cached.
250527-22:55:30,734 nipype.workflow INFO:
	 [Node] Setting-up "_acc_msk_brain2" in "/work/fmriprep_25_0_wf/sub_GEO015_wf/bold_ses_t2_task_image_run_1_wf/bold_confounds_wf/acc_msk_brain/mapflow/_acc_msk_brain2".
250527-22:55:30,737 nipype.workflow INFO:
	 [Node] Cached "_acc_msk_brain2" - collecting precomputed outputs
250527-22:55:30,737 nipype.workflow INFO:
	 [Node] "_acc_msk_brain2" found cached.
250527-22:55:31,791 nipype.workflow INFO:
	 [Node] Executing "_modify_sphere1" <smriprep.interfaces.workbench.SurfaceModifySphere>
250527-22:55:32,394 nipype.workflow INFO:
	 [Node] Executing "compare_transforms" <nipype.interfaces.utility.wrappers.Function>
250527-22:55:32,405 nipype.workflow INFO:
	 [Node] Finished "compare_transforms", elapsed time 0.009508s.
250527-22:55:32,575 nipype.workflow INFO:
	 [Node] Executing "_modify_sphere0" <smriprep.interfaces.workbench.SurfaceModifySphere>
250527-22:55:33,669 nipype.workflow INFO:
	 [Node] Finished "_modify_sphere1", elapsed time 1.668393s.
250527-22:55:34,219 nipype.workflow INFO:
	 [Node] Finished "_modify_sphere0", elapsed time 1.3750200000000001s.
250527-22:55:38,999 nipype.workflow INFO:
	 [Node] Finished "epi_t1_report", elapsed time 17.56991s.
250527-22:55:39,33 nipype.workflow INFO:
	 [Node] Setting-up "_acc_msk_bin0" in "/work/fmriprep_25_0_wf/sub_GEO015_wf/bold_ses_t2_task_image_run_1_wf/bold_confounds_wf/acc_msk_bin/mapflow/_acc_msk_bin0".
250527-22:55:39,33 nipype.workflow INFO:
	 [Node] Setting-up "_acc_msk_bin1" in "/work/fmriprep_25_0_wf/sub_GEO015_wf/bold_ses_t2_task_image_run_1_wf/bold_confounds_wf/acc_msk_bin/mapflow/_acc_msk_bin1".
250527-22:55:39,34 nipype.workflow INFO:
	 [Node] Setting-up "_acc_msk_bin2" in "/work/fmriprep_25_0_wf/sub_GEO015_wf/bold_ses_t2_task_image_run_1_wf/bold_confounds_wf/acc_msk_bin/mapflow/_acc_msk_bin2".
250527-22:55:40,57 nipype.workflow INFO:
	 [Node] Executing "_acc_msk_bin2" <niworkflows.interfaces.nibabel.Binarize>
250527-22:55:40,116 nipype.workflow INFO:
	 [Node] Executing "_acc_msk_bin1" <niworkflows.interfaces.nibabel.Binarize>
250527-22:55:40,174 nipype.workflow INFO:
	 [Node] Executing "_acc_msk_bin0" <niworkflows.interfaces.nibabel.Binarize>
250527-22:55:40,247 nipype.workflow INFO:
	 [Node] Finished "_acc_msk_bin2", elapsed time 0.188635s.
250527-22:55:40,280 nipype.workflow INFO:
	 [Node] Finished "_acc_msk_bin1", elapsed time 0.163013s.
250527-22:55:40,333 nipype.workflow INFO:
	 [Node] Finished "_acc_msk_bin0", elapsed time 0.158017s.
250527-22:55:42,349 nipype.workflow INFO:
	 [Node] Setting-up "fmriprep_25_0_wf.sub_GEO015_wf.bold_ses_t2_task_image_run_2_wf.bold_fit_wf.bold_reg_wf.bbreg_wf.concat_xfm" in "/work/fmriprep_25_0_wf/sub_GEO015_wf/bold_ses_t2_task_image_run_2_wf/bold_fit_wf/bold_reg_wf/bbreg_wf/concat_xfm".
250527-22:55:42,350 nipype.workflow INFO:
	 [Node] Setting-up "fmriprep_25_0_wf.sub_GEO015_wf.bold_ses_t2_task_image_run_1_wf.bold_fit_wf.func_fit_reports_wf.ds_epi_t1_report" in "/work/fmriprep_25_0_wf/sub_GEO015_wf/bold_ses_t2_task_image_run_1_wf/bold_fit_wf/func_fit_reports_wf/ds_epi_t1_report".
250527-22:55:42,422 nipype.workflow INFO:
	 [Node] Setting-up "_modify_sphere0" in "/work/fmriprep_25_0_wf/sub_GEO015_wf/anat_fit_wf/msm_sulc_wf/modify_sphere/mapflow/_modify_sphere0".
250527-22:55:42,426 nipype.workflow INFO:
	 [Node] Cached "_modify_sphere0" - collecting precomputed outputs
250527-22:55:42,426 nipype.workflow INFO:
	 [Node] "_modify_sphere0" found cached.
250527-22:55:42,426 nipype.workflow INFO:
	 [Node] Setting-up "_modify_sphere1" in "/work/fmriprep_25_0_wf/sub_GEO015_wf/anat_fit_wf/msm_sulc_wf/modify_sphere/mapflow/_modify_sphere1".
250527-22:55:42,429 nipype.workflow INFO:
	 [Node] Cached "_modify_sphere1" - collecting precomputed outputs
250527-22:55:42,429 nipype.workflow INFO:
	 [Node] "_modify_sphere1" found cached.
250527-22:55:43,166 nipype.workflow INFO:
	 [Node] Setting-up "_acc_msk_bin0" in "/work/fmriprep_25_0_wf/sub_GEO015_wf/bold_ses_t2_task_image_run_1_wf/bold_confounds_wf/acc_msk_bin/mapflow/_acc_msk_bin0".
250527-22:55:43,174 nipype.workflow INFO:
	 [Node] Cached "_acc_msk_bin0" - collecting precomputed outputs
250527-22:55:43,174 nipype.workflow INFO:
	 [Node] "_acc_msk_bin0" found cached.
250527-22:55:43,175 nipype.workflow INFO:
	 [Node] Setting-up "_acc_msk_bin1" in "/work/fmriprep_25_0_wf/sub_GEO015_wf/bold_ses_t2_task_image_run_1_wf/bold_confounds_wf/acc_msk_bin/mapflow/_acc_msk_bin1".
250527-22:55:43,178 nipype.workflow INFO:
	 [Node] Cached "_acc_msk_bin1" - collecting precomputed outputs
250527-22:55:43,178 nipype.workflow INFO:
	 [Node] "_acc_msk_bin1" found cached.
250527-22:55:43,178 nipype.workflow INFO:
	 [Node] Setting-up "_acc_msk_bin2" in "/work/fmriprep_25_0_wf/sub_GEO015_wf/bold_ses_t2_task_image_run_1_wf/bold_confounds_wf/acc_msk_bin/mapflow/_acc_msk_bin2".
250527-22:55:43,181 nipype.workflow INFO:
	 [Node] Cached "_acc_msk_bin2" - collecting precomputed outputs
250527-22:55:43,181 nipype.workflow INFO:
	 [Node] "_acc_msk_bin2" found cached.
250527-22:55:43,397 nipype.workflow INFO:
	 [Node] Executing "concat_xfm" <niworkflows.interfaces.nitransforms.ConcatenateXFMs>
250527-22:55:43,517 nipype.workflow INFO:
	 [Node] Executing "ds_epi_t1_report" <fmriprep.interfaces.DerivativesDataSink>
250527-22:55:43,550 nipype.workflow INFO:
	 [Node] Finished "concat_xfm", elapsed time 0.152566s.
250527-22:55:43,731 nipype.workflow INFO:
	 [Node] Finished "ds_epi_t1_report", elapsed time 0.213187s.
250527-22:55:49,31 nipype.workflow INFO:
	 [Node] Setting-up "fmriprep_25_0_wf.sub_GEO015_wf.bold_ses_t2_task_image_run_2_wf.bold_fit_wf.func_fit_reports_wf.t1w_boldref" in "/work/fmriprep_25_0_wf/sub_GEO015_wf/bold_ses_t2_task_image_run_2_wf/bold_fit_wf/func_fit_reports_wf/t1w_boldref".
250527-22:55:49,822 nipype.workflow INFO:
	 [Node] Executing "t1w_boldref" <niworkflows.interfaces.fixes.FixHeaderApplyTransforms>
250527-22:55:50,349 nipype.workflow INFO:
	 [Node] Setting-up "fmriprep_25_0_wf.sub_GEO015_wf.bold_ses_t2_task_image_run_2_wf.bold_confounds_wf.t1w_mask_tfm" in "/work/fmriprep_25_0_wf/sub_GEO015_wf/bold_ses_t2_task_image_run_2_wf/bold_confounds_wf/t1w_mask_tfm".
250527-22:55:51,867 nipype.workflow INFO:
	 [Node] Executing "t1w_mask_tfm" <niworkflows.interfaces.fixes.FixHeaderApplyTransforms>
250527-22:55:52,15 nipype.workflow INFO:
	 [Node] Finished "t1w_boldref", elapsed time 2.191799s.
250527-22:55:53,436 nipype.workflow INFO:
	 [Node] Setting-up "_acc_msk_tfm0" in "/work/fmriprep_25_0_wf/sub_GEO015_wf/bold_ses_t2_task_image_run_2_wf/bold_confounds_wf/acc_msk_tfm/mapflow/_acc_msk_tfm0".
250527-22:55:53,438 nipype.workflow INFO:
	 [Node] Setting-up "_acc_msk_tfm1" in "/work/fmriprep_25_0_wf/sub_GEO015_wf/bold_ses_t2_task_image_run_2_wf/bold_confounds_wf/acc_msk_tfm/mapflow/_acc_msk_tfm1".
250527-22:55:53,438 nipype.workflow INFO:
	 [Node] Setting-up "_acc_msk_tfm2" in "/work/fmriprep_25_0_wf/sub_GEO015_wf/bold_ses_t2_task_image_run_2_wf/bold_confounds_wf/acc_msk_tfm/mapflow/_acc_msk_tfm2".
250527-22:55:53,809 nipype.workflow INFO:
	 [Node] Setting-up "fmriprep_25_0_wf.sub_GEO015_wf.bold_ses_t2_task_image_run_2_wf.bold_fit_wf.func_fit_reports_wf.boldref_wm" in "/work/fmriprep_25_0_wf/sub_GEO015_wf/bold_ses_t2_task_image_run_2_wf/bold_fit_wf/func_fit_reports_wf/boldref_wm".
250527-22:55:54,743 nipype.workflow INFO:
	 [Node] Finished "t1w_mask_tfm", elapsed time 2.874389s.
250527-22:55:54,937 nipype.workflow INFO:
	 [Node] Executing "_acc_msk_tfm2" <niworkflows.interfaces.fixes.FixHeaderApplyTransforms>
250527-22:55:54,948 nipype.workflow INFO:
	 [Node] Executing "_acc_msk_tfm1" <niworkflows.interfaces.fixes.FixHeaderApplyTransforms>
250527-22:55:54,962 nipype.workflow INFO:
	 [Node] Executing "_acc_msk_tfm0" <niworkflows.interfaces.fixes.FixHeaderApplyTransforms>
250527-22:55:55,146 nipype.workflow INFO:
	 [Node] Executing "boldref_wm" <niworkflows.interfaces.fixes.FixHeaderApplyTransforms>
250527-22:55:55,817 nipype.workflow INFO:
	 [Node] Setting-up "fmriprep_25_0_wf.sub_GEO015_wf.bold_ses_t2_task_image_run_2_wf.bold_confounds_wf.union_mask" in "/work/fmriprep_25_0_wf/sub_GEO015_wf/bold_ses_t2_task_image_run_2_wf/bold_confounds_wf/union_mask".
250527-22:55:55,825 nipype.workflow INFO:
	 [Node] Finished "boldref_wm", elapsed time 0.67774s.
250527-22:55:56,70 nipype.workflow INFO:
	 [Node] Finished "_acc_msk_tfm0", elapsed time 1.106954s.
250527-22:55:56,408 nipype.workflow INFO:
	 [Node] Finished "_acc_msk_tfm1", elapsed time 1.4578229999999999s.
250527-22:55:56,526 nipype.workflow INFO:
	 [Node] Finished "_acc_msk_tfm2", elapsed time 1.588066s.
250527-22:55:56,677 nipype.workflow INFO:
	 [Node] Executing "union_mask" <nipype.interfaces.utility.wrappers.Function>
250527-22:55:56,776 nipype.workflow INFO:
	 [Node] Finished "union_mask", elapsed time 0.098638s.
250527-22:55:57,811 nipype.workflow INFO:
	 [Node] Setting-up "fmriprep_25_0_wf.sub_GEO015_wf.bold_ses_t2_task_image_run_2_wf.bold_confounds_wf.dilated_mask" in "/work/fmriprep_25_0_wf/sub_GEO015_wf/bold_ses_t2_task_image_run_2_wf/bold_confounds_wf/dilated_mask".
250527-22:55:58,86 nipype.workflow INFO:
	 [Node] Setting-up "fmriprep_25_0_wf.sub_GEO015_wf.bold_ses_t2_task_image_run_2_wf.bold_fit_wf.func_fit_reports_wf.epi_t1_report" in "/work/fmriprep_25_0_wf/sub_GEO015_wf/bold_ses_t2_task_image_run_2_wf/bold_fit_wf/func_fit_reports_wf/epi_t1_report".
250527-22:55:58,307 nipype.workflow INFO:
	 [Node] Setting-up "_acc_msk_tfm0" in "/work/fmriprep_25_0_wf/sub_GEO015_wf/bold_ses_t2_task_image_run_2_wf/bold_confounds_wf/acc_msk_tfm/mapflow/_acc_msk_tfm0".
250527-22:55:58,317 nipype.workflow INFO:
	 [Node] Cached "_acc_msk_tfm0" - collecting precomputed outputs
250527-22:55:58,317 nipype.workflow INFO:
	 [Node] "_acc_msk_tfm0" found cached.
250527-22:55:58,318 nipype.workflow INFO:
	 [Node] Setting-up "_acc_msk_tfm1" in "/work/fmriprep_25_0_wf/sub_GEO015_wf/bold_ses_t2_task_image_run_2_wf/bold_confounds_wf/acc_msk_tfm/mapflow/_acc_msk_tfm1".
250527-22:55:58,322 nipype.workflow INFO:
	 [Node] Cached "_acc_msk_tfm1" - collecting precomputed outputs
250527-22:55:58,322 nipype.workflow INFO:
	 [Node] "_acc_msk_tfm1" found cached.
250527-22:55:58,323 nipype.workflow INFO:
	 [Node] Setting-up "_acc_msk_tfm2" in "/work/fmriprep_25_0_wf/sub_GEO015_wf/bold_ses_t2_task_image_run_2_wf/bold_confounds_wf/acc_msk_tfm/mapflow/_acc_msk_tfm2".
250527-22:55:58,327 nipype.workflow INFO:
	 [Node] Cached "_acc_msk_tfm2" - collecting precomputed outputs
250527-22:55:58,327 nipype.workflow INFO:
	 [Node] "_acc_msk_tfm2" found cached.
250527-22:55:58,909 nipype.workflow INFO:
	 [Node] Executing "epi_t1_report" <nireports.interfaces.reporting.base.SimpleBeforeAfterRPT>
250527-22:55:58,910 nipype.interface INFO:
	 Report - setting before (/out/sub-GEO015/ses-t2/func/sub-GEO015_ses-t2_task-image_run-2_desc-coreg_boldref.nii.gz) and after (/work/fmriprep_25_0_wf/sub_GEO015_wf/bold_ses_t2_task_image_run_2_wf/bold_fit_wf/func_fit_reports_wf/t1w_boldref/sub-GEO015_desc-preproc_T1w_trans.nii.gz) images
250527-22:55:58,910 nipype.interface INFO:
	 Generating visual report
250527-22:55:59,79 nipype.workflow INFO:
	 [Node] Executing "dilated_mask" <niworkflows.interfaces.morphology.BinaryDilation>
250527-22:55:59,286 nipype.workflow INFO:
	 [Node] Finished "dilated_mask", elapsed time 0.205915s.
250527-22:56:01,815 nipype.workflow INFO:
	 [Node] Setting-up "fmriprep_25_0_wf.sub_GEO015_wf.bold_ses_t2_task_image_run_2_wf.bold_confounds_wf.subtract_mask" in "/work/fmriprep_25_0_wf/sub_GEO015_wf/bold_ses_t2_task_image_run_2_wf/bold_confounds_wf/subtract_mask".
250527-22:56:01,816 nipype.workflow INFO:
	 [Node] Setting-up "_acc_msk_brain0" in "/work/fmriprep_25_0_wf/sub_GEO015_wf/bold_ses_t2_task_image_run_2_wf/bold_confounds_wf/acc_msk_brain/mapflow/_acc_msk_brain0".
250527-22:56:01,817 nipype.workflow INFO:
	 [Node] Setting-up "_acc_msk_brain1" in "/work/fmriprep_25_0_wf/sub_GEO015_wf/bold_ses_t2_task_image_run_2_wf/bold_confounds_wf/acc_msk_brain/mapflow/_acc_msk_brain1".
250527-22:56:01,818 nipype.workflow INFO:
	 [Node] Setting-up "_acc_msk_brain2" in "/work/fmriprep_25_0_wf/sub_GEO015_wf/bold_ses_t2_task_image_run_2_wf/bold_confounds_wf/acc_msk_brain/mapflow/_acc_msk_brain2".
250527-22:56:02,327 nipype.workflow INFO:
	 [Node] Executing "subtract_mask" <niworkflows.interfaces.morphology.BinarySubtraction>
250527-22:56:02,409 nipype.workflow INFO:
	 [Node] Finished "subtract_mask", elapsed time 0.081368s.
250527-22:56:02,617 nipype.workflow INFO:
	 [Node] Executing "_acc_msk_brain2" <niworkflows.interfaces.nibabel.ApplyMask>
250527-22:56:02,764 nipype.workflow INFO:
	 [Node] Finished "_acc_msk_brain2", elapsed time 0.146476s.
250527-22:56:03,15 nipype.workflow INFO:
	 [Node] Executing "_acc_msk_brain0" <niworkflows.interfaces.nibabel.ApplyMask>
250527-22:56:03,66 nipype.workflow INFO:
	 [Node] Executing "_acc_msk_brain1" <niworkflows.interfaces.nibabel.ApplyMask>
250527-22:56:03,185 nipype.workflow INFO:
	 [Node] Finished "_acc_msk_brain0", elapsed time 0.168753s.
250527-22:56:03,199 nipype.workflow INFO:
	 [Node] Finished "_acc_msk_brain1", elapsed time 0.131285s.
250527-22:56:03,401 nipype.workflow INFO:
	 [Node] Finished "bbregister", elapsed time 35.022102s.
250527-22:56:05,821 nipype.workflow INFO:
	 [Node] Setting-up "fmriprep_25_0_wf.sub_GEO015_wf.bold_ses_t2_task_image_run_4_wf.bold_fit_wf.bold_reg_wf.bbreg_wf.bbregister" in "/work/fmriprep_25_0_wf/sub_GEO015_wf/bold_ses_t2_task_image_run_4_wf/bold_fit_wf/bold_reg_wf/bbreg_wf/bbregister".
250527-22:56:06,687 nipype.workflow INFO:
	 [Node] Executing "bbregister" <nipype.interfaces.freesurfer.preprocess.BBRegister>
250527-22:56:07,739 nipype.workflow INFO:
	 [Node] Setting-up "fmriprep_25_0_wf.sub_GEO015_wf.bold_ses_t2_task_image_run_3_wf.bold_fit_wf.bold_reg_wf.bbreg_wf.compare_transforms" in "/work/fmriprep_25_0_wf/sub_GEO015_wf/bold_ses_t2_task_image_run_3_wf/bold_fit_wf/bold_reg_wf/bbreg_wf/compare_transforms".
250527-22:56:08,991 nipype.workflow INFO:
	 [Node] Setting-up "_acc_msk_brain0" in "/work/fmriprep_25_0_wf/sub_GEO015_wf/bold_ses_t2_task_image_run_2_wf/bold_confounds_wf/acc_msk_brain/mapflow/_acc_msk_brain0".
250527-22:56:08,994 nipype.workflow INFO:
	 [Node] Cached "_acc_msk_brain0" - collecting precomputed outputs
250527-22:56:08,994 nipype.workflow INFO:
	 [Node] "_acc_msk_brain0" found cached.
250527-22:56:08,995 nipype.workflow INFO:
	 [Node] Setting-up "_acc_msk_brain1" in "/work/fmriprep_25_0_wf/sub_GEO015_wf/bold_ses_t2_task_image_run_2_wf/bold_confounds_wf/acc_msk_brain/mapflow/_acc_msk_brain1".
250527-22:56:09,2 nipype.workflow INFO:
	 [Node] Cached "_acc_msk_brain1" - collecting precomputed outputs
250527-22:56:09,2 nipype.workflow INFO:
	 [Node] "_acc_msk_brain1" found cached.
250527-22:56:09,3 nipype.workflow INFO:
	 [Node] Setting-up "_acc_msk_brain2" in "/work/fmriprep_25_0_wf/sub_GEO015_wf/bold_ses_t2_task_image_run_2_wf/bold_confounds_wf/acc_msk_brain/mapflow/_acc_msk_brain2".
250527-22:56:09,5 nipype.workflow INFO:
	 [Node] Cached "_acc_msk_brain2" - collecting precomputed outputs
250527-22:56:09,5 nipype.workflow INFO:
	 [Node] "_acc_msk_brain2" found cached.
250527-22:56:09,910 nipype.workflow INFO:
	 [Node] Executing "compare_transforms" <nipype.interfaces.utility.wrappers.Function>
250527-22:56:09,923 nipype.workflow INFO:
	 [Node] Finished "compare_transforms", elapsed time 0.011939s.
250527-22:56:16,248 nipype.workflow INFO:
	 [Node] Finished "epi_t1_report", elapsed time 17.338073s.
250527-22:56:21,405 nipype.workflow INFO:
	 [Node] Setting-up "_acc_msk_bin0" in "/work/fmriprep_25_0_wf/sub_GEO015_wf/bold_ses_t2_task_image_run_2_wf/bold_confounds_wf/acc_msk_bin/mapflow/_acc_msk_bin0".
250527-22:56:21,406 nipype.workflow INFO:
	 [Node] Setting-up "_acc_msk_bin1" in "/work/fmriprep_25_0_wf/sub_GEO015_wf/bold_ses_t2_task_image_run_2_wf/bold_confounds_wf/acc_msk_bin/mapflow/_acc_msk_bin1".
250527-22:56:21,408 nipype.workflow INFO:
	 [Node] Setting-up "_acc_msk_bin2" in "/work/fmriprep_25_0_wf/sub_GEO015_wf/bold_ses_t2_task_image_run_2_wf/bold_confounds_wf/acc_msk_bin/mapflow/_acc_msk_bin2".
250527-22:56:21,777 nipype.workflow INFO:
	 [Node] Setting-up "fmriprep_25_0_wf.sub_GEO015_wf.bold_ses_t2_task_image_run_3_wf.bold_fit_wf.bold_reg_wf.bbreg_wf.concat_xfm" in "/work/fmriprep_25_0_wf/sub_GEO015_wf/bold_ses_t2_task_image_run_3_wf/bold_fit_wf/bold_reg_wf/bbreg_wf/concat_xfm".
250527-22:56:21,777 nipype.workflow INFO:
	 [Node] Setting-up "fmriprep_25_0_wf.sub_GEO015_wf.bold_ses_t2_task_image_run_2_wf.bold_fit_wf.func_fit_reports_wf.ds_epi_t1_report" in "/work/fmriprep_25_0_wf/sub_GEO015_wf/bold_ses_t2_task_image_run_2_wf/bold_fit_wf/func_fit_reports_wf/ds_epi_t1_report".
250527-22:56:22,706 nipype.workflow INFO:
	 [Node] Executing "_acc_msk_bin0" <niworkflows.interfaces.nibabel.Binarize>
250527-22:56:22,720 nipype.workflow INFO:
	 [Node] Executing "_acc_msk_bin2" <niworkflows.interfaces.nibabel.Binarize>
250527-22:56:23,104 nipype.workflow INFO:
	 [Node] Executing "_acc_msk_bin1" <niworkflows.interfaces.nibabel.Binarize>
250527-22:56:23,144 nipype.workflow INFO:
	 [Node] Finished "_acc_msk_bin2", elapsed time 0.423092s.
250527-22:56:23,146 nipype.workflow INFO:
	 [Node] Finished "_acc_msk_bin0", elapsed time 0.422664s.
250527-22:56:23,150 nipype.workflow INFO:
	 [Node] Executing "concat_xfm" <niworkflows.interfaces.nitransforms.ConcatenateXFMs>
250527-22:56:23,346 nipype.workflow INFO:
	 [Node] Finished "concat_xfm", elapsed time 0.195172s.
250527-22:56:23,365 nipype.workflow INFO:
	 [Node] Finished "_acc_msk_bin1", elapsed time 0.259276s.
250527-22:56:23,688 nipype.workflow INFO:
	 [Node] Executing "ds_epi_t1_report" <fmriprep.interfaces.DerivativesDataSink>
250527-22:56:24,195 nipype.workflow INFO:
	 [Node] Finished "ds_epi_t1_report", elapsed time 0.505187s.
250527-22:56:28,724 nipype.workflow INFO:
	 [Node] Setting-up "_acc_msk_bin0" in "/work/fmriprep_25_0_wf/sub_GEO015_wf/bold_ses_t2_task_image_run_2_wf/bold_confounds_wf/acc_msk_bin/mapflow/_acc_msk_bin0".
250527-22:56:28,728 nipype.workflow INFO:
	 [Node] Cached "_acc_msk_bin0" - collecting precomputed outputs
250527-22:56:28,728 nipype.workflow INFO:
	 [Node] "_acc_msk_bin0" found cached.
250527-22:56:28,728 nipype.workflow INFO:
	 [Node] Setting-up "_acc_msk_bin1" in "/work/fmriprep_25_0_wf/sub_GEO015_wf/bold_ses_t2_task_image_run_2_wf/bold_confounds_wf/acc_msk_bin/mapflow/_acc_msk_bin1".
250527-22:56:28,732 nipype.workflow INFO:
	 [Node] Cached "_acc_msk_bin1" - collecting precomputed outputs
250527-22:56:28,732 nipype.workflow INFO:
	 [Node] "_acc_msk_bin1" found cached.
250527-22:56:28,732 nipype.workflow INFO:
	 [Node] Setting-up "_acc_msk_bin2" in "/work/fmriprep_25_0_wf/sub_GEO015_wf/bold_ses_t2_task_image_run_2_wf/bold_confounds_wf/acc_msk_bin/mapflow/_acc_msk_bin2".
250527-22:56:28,742 nipype.workflow INFO:
	 [Node] Cached "_acc_msk_bin2" - collecting precomputed outputs
250527-22:56:28,742 nipype.workflow INFO:
	 [Node] "_acc_msk_bin2" found cached.
250527-22:56:28,778 nipype.workflow INFO:
	 [Node] Setting-up "fmriprep_25_0_wf.sub_GEO015_wf.bold_ses_t2_task_image_run_3_wf.bold_fit_wf.func_fit_reports_wf.t1w_boldref" in "/work/fmriprep_25_0_wf/sub_GEO015_wf/bold_ses_t2_task_image_run_3_wf/bold_fit_wf/func_fit_reports_wf/t1w_boldref".
250527-22:56:29,674 nipype.workflow INFO:
	 [Node] Executing "t1w_boldref" <niworkflows.interfaces.fixes.FixHeaderApplyTransforms>
250527-22:56:30,18 nipype.workflow INFO:
	 [Node] Setting-up "fmriprep_25_0_wf.sub_GEO015_wf.bold_ses_t2_task_image_run_3_wf.bold_confounds_wf.t1w_mask_tfm" in "/work/fmriprep_25_0_wf/sub_GEO015_wf/bold_ses_t2_task_image_run_3_wf/bold_confounds_wf/t1w_mask_tfm".
250527-22:56:30,662 nipype.workflow INFO:
	 [Node] Executing "t1w_mask_tfm" <niworkflows.interfaces.fixes.FixHeaderApplyTransforms>
250527-22:56:31,563 nipype.workflow INFO:
	 [Node] Finished "t1w_boldref", elapsed time 1.8875030000000002s.
250527-22:56:33,157 nipype.workflow INFO:
	 [Node] Finished "t1w_mask_tfm", elapsed time 2.493874s.
250527-22:56:35,779 nipype.workflow INFO:
	 [Node] Setting-up "_acc_msk_tfm0" in "/work/fmriprep_25_0_wf/sub_GEO015_wf/bold_ses_t2_task_image_run_3_wf/bold_confounds_wf/acc_msk_tfm/mapflow/_acc_msk_tfm0".
250527-22:56:35,782 nipype.workflow INFO:
	 [Node] Setting-up "_acc_msk_tfm1" in "/work/fmriprep_25_0_wf/sub_GEO015_wf/bold_ses_t2_task_image_run_3_wf/bold_confounds_wf/acc_msk_tfm/mapflow/_acc_msk_tfm1".
250527-22:56:35,783 nipype.workflow INFO:
	 [Node] Setting-up "_acc_msk_tfm2" in "/work/fmriprep_25_0_wf/sub_GEO015_wf/bold_ses_t2_task_image_run_3_wf/bold_confounds_wf/acc_msk_tfm/mapflow/_acc_msk_tfm2".
250527-22:56:36,163 nipype.workflow INFO:
	 [Node] Setting-up "fmriprep_25_0_wf.sub_GEO015_wf.bold_ses_t2_task_image_run_3_wf.bold_fit_wf.func_fit_reports_wf.boldref_wm" in "/work/fmriprep_25_0_wf/sub_GEO015_wf/bold_ses_t2_task_image_run_3_wf/bold_fit_wf/func_fit_reports_wf/boldref_wm".
250527-22:56:36,163 nipype.workflow INFO:
	 [Node] Setting-up "fmriprep_25_0_wf.sub_GEO015_wf.bold_ses_t2_task_image_run_3_wf.bold_confounds_wf.union_mask" in "/work/fmriprep_25_0_wf/sub_GEO015_wf/bold_ses_t2_task_image_run_3_wf/bold_confounds_wf/union_mask".
250527-22:56:37,74 nipype.workflow INFO:
	 [Node] Executing "_acc_msk_tfm0" <niworkflows.interfaces.fixes.FixHeaderApplyTransforms>
250527-22:56:37,413 nipype.workflow INFO:
	 [Node] Executing "_acc_msk_tfm2" <niworkflows.interfaces.fixes.FixHeaderApplyTransforms>
250527-22:56:37,684 nipype.workflow INFO:
	 [Node] Executing "_acc_msk_tfm1" <niworkflows.interfaces.fixes.FixHeaderApplyTransforms>
250527-22:56:37,684 nipype.workflow INFO:
	 [Node] Executing "boldref_wm" <niworkflows.interfaces.fixes.FixHeaderApplyTransforms>
250527-22:56:37,728 nipype.workflow INFO:
	 [Node] Executing "union_mask" <nipype.interfaces.utility.wrappers.Function>
250527-22:56:37,907 nipype.workflow INFO:
	 [Node] Finished "union_mask", elapsed time 0.178153s.
250527-22:56:38,307 nipype.workflow INFO:
	 [Node] Finished "_acc_msk_tfm0", elapsed time 1.231562s.
250527-22:56:38,412 nipype.workflow INFO:
	 [Node] Finished "boldref_wm", elapsed time 0.727196s.
250527-22:56:38,428 nipype.workflow INFO:
	 [Node] Finished "_acc_msk_tfm2", elapsed time 1.014155s.
250527-22:56:38,546 nipype.workflow INFO:
	 [Node] Finished "bbregister", elapsed time 31.857865s.
250527-22:56:38,967 nipype.workflow INFO:
	 [Node] Finished "_acc_msk_tfm1", elapsed time 1.282459s.
250527-22:56:40,139 nipype.workflow INFO:
	 [Node] Setting-up "fmriprep_25_0_wf.sub_GEO015_wf.bold_ses_t2_task_image_run_5_wf.bold_fit_wf.bold_reg_wf.bbreg_wf.bbregister" in "/work/fmriprep_25_0_wf/sub_GEO015_wf/bold_ses_t2_task_image_run_5_wf/bold_fit_wf/bold_reg_wf/bbreg_wf/bbregister".
250527-22:56:41,599 nipype.workflow INFO:
	 [Node] Executing "bbregister" <nipype.interfaces.freesurfer.preprocess.BBRegister>
250527-22:56:41,980 nipype.workflow INFO:
	 [Node] Setting-up "fmriprep_25_0_wf.sub_GEO015_wf.bold_ses_t2_task_image_run_3_wf.bold_confounds_wf.dilated_mask" in "/work/fmriprep_25_0_wf/sub_GEO015_wf/bold_ses_t2_task_image_run_3_wf/bold_confounds_wf/dilated_mask".
250527-22:56:42,235 nipype.workflow INFO:
	 [Node] Setting-up "fmriprep_25_0_wf.sub_GEO015_wf.bold_ses_t2_task_image_run_3_wf.bold_fit_wf.func_fit_reports_wf.epi_t1_report" in "/work/fmriprep_25_0_wf/sub_GEO015_wf/bold_ses_t2_task_image_run_3_wf/bold_fit_wf/func_fit_reports_wf/epi_t1_report".
250527-22:56:42,342 nipype.workflow INFO:
	 [Node] Setting-up "fmriprep_25_0_wf.sub_GEO015_wf.bold_ses_t2_task_image_run_4_wf.bold_fit_wf.bold_reg_wf.bbreg_wf.compare_transforms" in "/work/fmriprep_25_0_wf/sub_GEO015_wf/bold_ses_t2_task_image_run_4_wf/bold_fit_wf/bold_reg_wf/bbreg_wf/compare_transforms".
250527-22:56:42,851 nipype.workflow INFO:
	 [Node] Setting-up "_acc_msk_tfm0" in "/work/fmriprep_25_0_wf/sub_GEO015_wf/bold_ses_t2_task_image_run_3_wf/bold_confounds_wf/acc_msk_tfm/mapflow/_acc_msk_tfm0".
250527-22:56:42,855 nipype.workflow INFO:
	 [Node] Cached "_acc_msk_tfm0" - collecting precomputed outputs
250527-22:56:42,856 nipype.workflow INFO:
	 [Node] "_acc_msk_tfm0" found cached.
250527-22:56:42,857 nipype.workflow INFO:
	 [Node] Setting-up "_acc_msk_tfm1" in "/work/fmriprep_25_0_wf/sub_GEO015_wf/bold_ses_t2_task_image_run_3_wf/bold_confounds_wf/acc_msk_tfm/mapflow/_acc_msk_tfm1".
250527-22:56:42,865 nipype.workflow INFO:
	 [Node] Cached "_acc_msk_tfm1" - collecting precomputed outputs
250527-22:56:42,865 nipype.workflow INFO:
	 [Node] "_acc_msk_tfm1" found cached.
250527-22:56:42,867 nipype.workflow INFO:
	 [Node] Setting-up "_acc_msk_tfm2" in "/work/fmriprep_25_0_wf/sub_GEO015_wf/bold_ses_t2_task_image_run_3_wf/bold_confounds_wf/acc_msk_tfm/mapflow/_acc_msk_tfm2".
250527-22:56:42,871 nipype.workflow INFO:
	 [Node] Cached "_acc_msk_tfm2" - collecting precomputed outputs
250527-22:56:42,871 nipype.workflow INFO:
	 [Node] "_acc_msk_tfm2" found cached.
250527-22:56:43,79 nipype.workflow INFO:
	 [Node] Executing "dilated_mask" <niworkflows.interfaces.morphology.BinaryDilation>
250527-22:56:43,198 nipype.workflow INFO:
	 [Node] Finished "dilated_mask", elapsed time 0.117441s.
250527-22:56:43,472 nipype.workflow INFO:
	 [Node] Executing "epi_t1_report" <nireports.interfaces.reporting.base.SimpleBeforeAfterRPT>
250527-22:56:43,473 nipype.interface INFO:
	 Report - setting before (/out/sub-GEO015/ses-t2/func/sub-GEO015_ses-t2_task-image_run-3_desc-coreg_boldref.nii.gz) and after (/work/fmriprep_25_0_wf/sub_GEO015_wf/bold_ses_t2_task_image_run_3_wf/bold_fit_wf/func_fit_reports_wf/t1w_boldref/sub-GEO015_desc-preproc_T1w_trans.nii.gz) images
250527-22:56:43,473 nipype.interface INFO:
	 Generating visual report
250527-22:56:43,594 nipype.workflow INFO:
	 [Node] Executing "compare_transforms" <nipype.interfaces.utility.wrappers.Function>
250527-22:56:43,608 nipype.workflow INFO:
	 [Node] Finished "compare_transforms", elapsed time 0.012532s.
250527-22:56:44,626 nipype.workflow INFO:
	 [Node] Setting-up "fmriprep_25_0_wf.sub_GEO015_wf.bold_ses_t2_task_image_run_3_wf.bold_confounds_wf.subtract_mask" in "/work/fmriprep_25_0_wf/sub_GEO015_wf/bold_ses_t2_task_image_run_3_wf/bold_confounds_wf/subtract_mask".
250527-22:56:45,285 nipype.workflow INFO:
	 [Node] Executing "subtract_mask" <niworkflows.interfaces.morphology.BinarySubtraction>
250527-22:56:45,398 nipype.workflow INFO:
	 [Node] Finished "subtract_mask", elapsed time 0.111054s.
250527-22:56:49,702 nipype.workflow INFO:
	 [Node] Setting-up "_acc_msk_brain0" in "/work/fmriprep_25_0_wf/sub_GEO015_wf/bold_ses_t2_task_image_run_3_wf/bold_confounds_wf/acc_msk_brain/mapflow/_acc_msk_brain0".
250527-22:56:49,702 nipype.workflow INFO:
	 [Node] Setting-up "_acc_msk_brain1" in "/work/fmriprep_25_0_wf/sub_GEO015_wf/bold_ses_t2_task_image_run_3_wf/bold_confounds_wf/acc_msk_brain/mapflow/_acc_msk_brain1".
250527-22:56:49,703 nipype.workflow INFO:
	 [Node] Setting-up "_acc_msk_brain2" in "/work/fmriprep_25_0_wf/sub_GEO015_wf/bold_ses_t2_task_image_run_3_wf/bold_confounds_wf/acc_msk_brain/mapflow/_acc_msk_brain2".
250527-22:56:50,427 nipype.workflow INFO:
	 [Node] Executing "_acc_msk_brain0" <niworkflows.interfaces.nibabel.ApplyMask>
250527-22:56:50,594 nipype.workflow INFO:
	 [Node] Finished "_acc_msk_brain0", elapsed time 0.165301s.
250527-22:56:50,690 nipype.workflow INFO:
	 [Node] Executing "_acc_msk_brain1" <niworkflows.interfaces.nibabel.ApplyMask>
250527-22:56:50,791 nipype.workflow INFO:
	 [Node] Finished "_acc_msk_brain1", elapsed time 0.099995s.
250527-22:56:51,193 nipype.workflow INFO:
	 [Node] Executing "_acc_msk_brain2" <niworkflows.interfaces.nibabel.ApplyMask>
250527-22:56:51,336 nipype.workflow INFO:
	 [Node] Finished "_acc_msk_brain2", elapsed time 0.141623s.
250527-22:56:53,429 nipype.workflow INFO:
	 [Node] Setting-up "fmriprep_25_0_wf.sub_GEO015_wf.bold_ses_t2_task_image_run_4_wf.bold_fit_wf.bold_reg_wf.bbreg_wf.concat_xfm" in "/work/fmriprep_25_0_wf/sub_GEO015_wf/bold_ses_t2_task_image_run_4_wf/bold_fit_wf/bold_reg_wf/bbreg_wf/concat_xfm".
250527-22:56:54,388 nipype.workflow INFO:
	 [Node] Executing "concat_xfm" <niworkflows.interfaces.nitransforms.ConcatenateXFMs>
250527-22:56:54,535 nipype.workflow INFO:
	 [Node] Finished "concat_xfm", elapsed time 0.146773s.
250527-22:56:54,712 nipype.workflow INFO:
	 [Node] Setting-up "_acc_msk_brain0" in "/work/fmriprep_25_0_wf/sub_GEO015_wf/bold_ses_t2_task_image_run_3_wf/bold_confounds_wf/acc_msk_brain/mapflow/_acc_msk_brain0".
250527-22:56:54,716 nipype.workflow INFO:
	 [Node] Cached "_acc_msk_brain0" - collecting precomputed outputs
250527-22:56:54,716 nipype.workflow INFO:
	 [Node] "_acc_msk_brain0" found cached.
250527-22:56:54,716 nipype.workflow INFO:
	 [Node] Setting-up "_acc_msk_brain1" in "/work/fmriprep_25_0_wf/sub_GEO015_wf/bold_ses_t2_task_image_run_3_wf/bold_confounds_wf/acc_msk_brain/mapflow/_acc_msk_brain1".
250527-22:56:54,720 nipype.workflow INFO:
	 [Node] Cached "_acc_msk_brain1" - collecting precomputed outputs
250527-22:56:54,720 nipype.workflow INFO:
	 [Node] "_acc_msk_brain1" found cached.
250527-22:56:54,721 nipype.workflow INFO:
	 [Node] Setting-up "_acc_msk_brain2" in "/work/fmriprep_25_0_wf/sub_GEO015_wf/bold_ses_t2_task_image_run_3_wf/bold_confounds_wf/acc_msk_brain/mapflow/_acc_msk_brain2".
250527-22:56:54,724 nipype.workflow INFO:
	 [Node] Cached "_acc_msk_brain2" - collecting precomputed outputs
250527-22:56:54,724 nipype.workflow INFO:
	 [Node] "_acc_msk_brain2" found cached.
250527-22:56:57,432 nipype.workflow INFO:
	 [Node] Setting-up "fmriprep_25_0_wf.sub_GEO015_wf.bold_ses_t2_task_image_run_4_wf.bold_fit_wf.func_fit_reports_wf.t1w_boldref" in "/work/fmriprep_25_0_wf/sub_GEO015_wf/bold_ses_t2_task_image_run_4_wf/bold_fit_wf/func_fit_reports_wf/t1w_boldref".
250527-22:56:58,166 nipype.workflow INFO:
	 [Node] Executing "t1w_boldref" <niworkflows.interfaces.fixes.FixHeaderApplyTransforms>
250527-22:56:59,175 nipype.workflow INFO:
	 [Node] Setting-up "fmriprep_25_0_wf.sub_GEO015_wf.bold_ses_t2_task_image_run_4_wf.bold_confounds_wf.t1w_mask_tfm" in "/work/fmriprep_25_0_wf/sub_GEO015_wf/bold_ses_t2_task_image_run_4_wf/bold_confounds_wf/t1w_mask_tfm".
250527-22:57:00,154 nipype.workflow INFO:
	 [Node] Executing "t1w_mask_tfm" <niworkflows.interfaces.fixes.FixHeaderApplyTransforms>
250527-22:57:00,293 nipype.workflow INFO:
	 [Node] Finished "t1w_boldref", elapsed time 2.126225s.
250527-22:57:01,364 nipype.workflow INFO:
	 [Node] Finished "epi_t1_report", elapsed time 17.891178s.
250527-22:57:02,197 nipype.workflow INFO:
	 [Node] Setting-up "_acc_msk_tfm1" in "/work/fmriprep_25_0_wf/sub_GEO015_wf/bold_ses_t2_task_image_run_4_wf/bold_confounds_wf/acc_msk_tfm/mapflow/_acc_msk_tfm1".
250527-22:57:02,197 nipype.workflow INFO:
	 [Node] Setting-up "_acc_msk_tfm0" in "/work/fmriprep_25_0_wf/sub_GEO015_wf/bold_ses_t2_task_image_run_4_wf/bold_confounds_wf/acc_msk_tfm/mapflow/_acc_msk_tfm0".
250527-22:57:02,197 nipype.workflow INFO:
	 [Node] Setting-up "_acc_msk_tfm2" in "/work/fmriprep_25_0_wf/sub_GEO015_wf/bold_ses_t2_task_image_run_4_wf/bold_confounds_wf/acc_msk_tfm/mapflow/_acc_msk_tfm2".
250527-22:57:02,199 nipype.workflow INFO:
	 [Node] Setting-up "_acc_msk_bin0" in "/work/fmriprep_25_0_wf/sub_GEO015_wf/bold_ses_t2_task_image_run_3_wf/bold_confounds_wf/acc_msk_bin/mapflow/_acc_msk_bin0".
250527-22:57:02,639 nipype.workflow INFO:
	 [Node] Setting-up "fmriprep_25_0_wf.sub_GEO015_wf.bold_ses_t2_task_image_run_4_wf.bold_fit_wf.func_fit_reports_wf.boldref_wm" in "/work/fmriprep_25_0_wf/sub_GEO015_wf/bold_ses_t2_task_image_run_4_wf/bold_fit_wf/func_fit_reports_wf/boldref_wm".
250527-22:57:02,642 nipype.workflow INFO:
	 [Node] Setting-up "fmriprep_25_0_wf.sub_GEO015_wf.bold_ses_t2_task_image_run_3_wf.bold_fit_wf.func_fit_reports_wf.ds_epi_t1_report" in "/work/fmriprep_25_0_wf/sub_GEO015_wf/bold_ses_t2_task_image_run_3_wf/bold_fit_wf/func_fit_reports_wf/ds_epi_t1_report".
250527-22:57:02,667 nipype.workflow INFO:
	 [Node] Finished "t1w_mask_tfm", elapsed time 2.507373s.
250527-22:57:03,393 nipype.workflow INFO:
	 [Node] Executing "_acc_msk_tfm1" <niworkflows.interfaces.fixes.FixHeaderApplyTransforms>
250527-22:57:03,405 nipype.workflow INFO:
	 [Node] Executing "_acc_msk_bin0" <niworkflows.interfaces.nibabel.Binarize>
250527-22:57:03,429 nipype.workflow INFO:
	 [Node] Executing "_acc_msk_tfm2" <niworkflows.interfaces.fixes.FixHeaderApplyTransforms>
250527-22:57:03,454 nipype.workflow INFO:
	 [Node] Executing "boldref_wm" <niworkflows.interfaces.fixes.FixHeaderApplyTransforms>
250527-22:57:03,486 nipype.workflow INFO:
	 [Node] Executing "_acc_msk_tfm0" <niworkflows.interfaces.fixes.FixHeaderApplyTransforms>
250527-22:57:03,492 nipype.workflow INFO:
	 [Node] Executing "ds_epi_t1_report" <fmriprep.interfaces.DerivativesDataSink>
250527-22:57:03,686 nipype.workflow INFO:
	 [Node] Finished "_acc_msk_bin0", elapsed time 0.276907s.
250527-22:57:03,780 nipype.workflow INFO:
	 [Node] Finished "ds_epi_t1_report", elapsed time 0.286398s.
250527-22:57:04,158 nipype.workflow INFO:
	 [Node] Finished "boldref_wm", elapsed time 0.701445s.
250527-22:57:04,508 nipype.workflow INFO:
	 [Node] Finished "_acc_msk_tfm1", elapsed time 1.11336s.
250527-22:57:04,819 nipype.workflow INFO:
	 [Node] Setting-up "fmriprep_25_0_wf.sub_GEO015_wf.bold_ses_t2_task_image_run_4_wf.bold_confounds_wf.union_mask" in "/work/fmriprep_25_0_wf/sub_GEO015_wf/bold_ses_t2_task_image_run_4_wf/bold_confounds_wf/union_mask".
250527-22:57:04,843 nipype.workflow INFO:
	 [Node] Setting-up "_acc_msk_bin1" in "/work/fmriprep_25_0_wf/sub_GEO015_wf/bold_ses_t2_task_image_run_3_wf/bold_confounds_wf/acc_msk_bin/mapflow/_acc_msk_bin1".
250527-22:57:04,845 nipype.workflow INFO:
	 [Node] Setting-up "_acc_msk_bin2" in "/work/fmriprep_25_0_wf/sub_GEO015_wf/bold_ses_t2_task_image_run_3_wf/bold_confounds_wf/acc_msk_bin/mapflow/_acc_msk_bin2".
250527-22:57:05,42 nipype.workflow INFO:
	 [Node] Finished "_acc_msk_tfm2", elapsed time 1.610949s.
250527-22:57:05,124 nipype.workflow INFO:
	 [Node] Finished "_acc_msk_tfm0", elapsed time 1.637022s.
250527-22:57:05,982 nipype.workflow INFO:
	 [Node] Executing "_acc_msk_bin1" <niworkflows.interfaces.nibabel.Binarize>
250527-22:57:06,18 nipype.workflow INFO:
	 [Node] Executing "_acc_msk_bin2" <niworkflows.interfaces.nibabel.Binarize>
250527-22:57:06,42 nipype.workflow INFO:
	 [Node] Executing "union_mask" <nipype.interfaces.utility.wrappers.Function>
250527-22:57:06,103 nipype.workflow INFO:
	 [Node] Finished "union_mask", elapsed time 0.060182s.
250527-22:57:06,190 nipype.workflow INFO:
	 [Node] Finished "_acc_msk_bin1", elapsed time 0.206533s.
250527-22:57:06,208 nipype.workflow INFO:
	 [Node] Finished "_acc_msk_bin2", elapsed time 0.188204s.
250527-22:57:06,614 nipype.workflow INFO:
	 [Node] Setting-up "fmriprep_25_0_wf.sub_GEO015_wf.bold_ses_t2_task_image_run_4_wf.bold_fit_wf.func_fit_reports_wf.epi_t1_report" in "/work/fmriprep_25_0_wf/sub_GEO015_wf/bold_ses_t2_task_image_run_4_wf/bold_fit_wf/func_fit_reports_wf/epi_t1_report".
250527-22:57:07,55 nipype.workflow INFO:
	 [Node] Setting-up "_acc_msk_tfm0" in "/work/fmriprep_25_0_wf/sub_GEO015_wf/bold_ses_t2_task_image_run_4_wf/bold_confounds_wf/acc_msk_tfm/mapflow/_acc_msk_tfm0".
250527-22:57:07,59 nipype.workflow INFO:
	 [Node] Cached "_acc_msk_tfm0" - collecting precomputed outputs
250527-22:57:07,60 nipype.workflow INFO:
	 [Node] "_acc_msk_tfm0" found cached.
250527-22:57:07,61 nipype.workflow INFO:
	 [Node] Setting-up "_acc_msk_tfm1" in "/work/fmriprep_25_0_wf/sub_GEO015_wf/bold_ses_t2_task_image_run_4_wf/bold_confounds_wf/acc_msk_tfm/mapflow/_acc_msk_tfm1".
250527-22:57:07,65 nipype.workflow INFO:
	 [Node] Cached "_acc_msk_tfm1" - collecting precomputed outputs
250527-22:57:07,65 nipype.workflow INFO:
	 [Node] "_acc_msk_tfm1" found cached.
250527-22:57:07,66 nipype.workflow INFO:
	 [Node] Setting-up "_acc_msk_tfm2" in "/work/fmriprep_25_0_wf/sub_GEO015_wf/bold_ses_t2_task_image_run_4_wf/bold_confounds_wf/acc_msk_tfm/mapflow/_acc_msk_tfm2".
250527-22:57:07,70 nipype.workflow INFO:
	 [Node] Cached "_acc_msk_tfm2" - collecting precomputed outputs
250527-22:57:07,70 nipype.workflow INFO:
	 [Node] "_acc_msk_tfm2" found cached.
250527-22:57:07,71 nipype.workflow INFO:
	 [Node] Executing "epi_t1_report" <nireports.interfaces.reporting.base.SimpleBeforeAfterRPT>
250527-22:57:07,72 nipype.interface INFO:
	 Report - setting before (/out/sub-GEO015/ses-t2/func/sub-GEO015_ses-t2_task-image_run-4_desc-coreg_boldref.nii.gz) and after (/work/fmriprep_25_0_wf/sub_GEO015_wf/bold_ses_t2_task_image_run_4_wf/bold_fit_wf/func_fit_reports_wf/t1w_boldref/sub-GEO015_desc-preproc_T1w_trans.nii.gz) images
250527-22:57:07,72 nipype.interface INFO:
	 Generating visual report
250527-22:57:08,726 nipype.workflow INFO:
	 [Node] Setting-up "fmriprep_25_0_wf.sub_GEO015_wf.bold_ses_t2_task_image_run_4_wf.bold_confounds_wf.dilated_mask" in "/work/fmriprep_25_0_wf/sub_GEO015_wf/bold_ses_t2_task_image_run_4_wf/bold_confounds_wf/dilated_mask".
250527-22:57:09,244 nipype.workflow INFO:
	 [Node] Setting-up "_acc_msk_bin0" in "/work/fmriprep_25_0_wf/sub_GEO015_wf/bold_ses_t2_task_image_run_3_wf/bold_confounds_wf/acc_msk_bin/mapflow/_acc_msk_bin0".
250527-22:57:09,249 nipype.workflow INFO:
	 [Node] Cached "_acc_msk_bin0" - collecting precomputed outputs
250527-22:57:09,249 nipype.workflow INFO:
	 [Node] "_acc_msk_bin0" found cached.
250527-22:57:09,250 nipype.workflow INFO:
	 [Node] Setting-up "_acc_msk_bin1" in "/work/fmriprep_25_0_wf/sub_GEO015_wf/bold_ses_t2_task_image_run_3_wf/bold_confounds_wf/acc_msk_bin/mapflow/_acc_msk_bin1".
250527-22:57:09,253 nipype.workflow INFO:
	 [Node] Cached "_acc_msk_bin1" - collecting precomputed outputs
250527-22:57:09,253 nipype.workflow INFO:
	 [Node] "_acc_msk_bin1" found cached.
250527-22:57:09,254 nipype.workflow INFO:
	 [Node] Setting-up "_acc_msk_bin2" in "/work/fmriprep_25_0_wf/sub_GEO015_wf/bold_ses_t2_task_image_run_3_wf/bold_confounds_wf/acc_msk_bin/mapflow/_acc_msk_bin2".
250527-22:57:09,255 nipype.workflow INFO:
	 [Node] Executing "dilated_mask" <niworkflows.interfaces.morphology.BinaryDilation>
250527-22:57:09,277 nipype.workflow INFO:
	 [Node] Cached "_acc_msk_bin2" - collecting precomputed outputs
250527-22:57:09,277 nipype.workflow INFO:
	 [Node] "_acc_msk_bin2" found cached.
250527-22:57:09,739 nipype.workflow INFO:
	 [Node] Finished "dilated_mask", elapsed time 0.483285s.
250527-22:57:12,316 nipype.workflow INFO:
	 [Node] Setting-up "fmriprep_25_0_wf.sub_GEO015_wf.bold_ses_t2_task_image_run_4_wf.bold_confounds_wf.subtract_mask" in "/work/fmriprep_25_0_wf/sub_GEO015_wf/bold_ses_t2_task_image_run_4_wf/bold_confounds_wf/subtract_mask".
250527-22:57:13,259 nipype.workflow INFO:
	 [Node] Executing "subtract_mask" <niworkflows.interfaces.morphology.BinarySubtraction>
250527-22:57:13,459 nipype.workflow INFO:
	 [Node] Finished "subtract_mask", elapsed time 0.19884s.
250527-22:57:14,251 nipype.workflow INFO:
	 [Node] Setting-up "_acc_msk_brain0" in "/work/fmriprep_25_0_wf/sub_GEO015_wf/bold_ses_t2_task_image_run_4_wf/bold_confounds_wf/acc_msk_brain/mapflow/_acc_msk_brain0".
250527-22:57:14,252 nipype.workflow INFO:
	 [Node] Setting-up "_acc_msk_brain1" in "/work/fmriprep_25_0_wf/sub_GEO015_wf/bold_ses_t2_task_image_run_4_wf/bold_confounds_wf/acc_msk_brain/mapflow/_acc_msk_brain1".
250527-22:57:14,254 nipype.workflow INFO:
	 [Node] Setting-up "_acc_msk_brain2" in "/work/fmriprep_25_0_wf/sub_GEO015_wf/bold_ses_t2_task_image_run_4_wf/bold_confounds_wf/acc_msk_brain/mapflow/_acc_msk_brain2".
250527-22:57:15,750 nipype.workflow INFO:
	 [Node] Executing "_acc_msk_brain0" <niworkflows.interfaces.nibabel.ApplyMask>
250527-22:57:16,591 nipype.workflow INFO:
	 [Node] Executing "_acc_msk_brain1" <niworkflows.interfaces.nibabel.ApplyMask>
250527-22:57:17,5 nipype.workflow INFO:
	 [Node] Executing "_acc_msk_brain2" <niworkflows.interfaces.nibabel.ApplyMask>
250527-22:57:17,24 nipype.workflow INFO:
	 [Node] Finished "_acc_msk_brain0", elapsed time 1.272557s.
250527-22:57:17,215 nipype.workflow INFO:
	 [Node] Finished "_acc_msk_brain1", elapsed time 0.623206s.
250527-22:57:17,278 nipype.workflow INFO:
	 [Node] Finished "_acc_msk_brain2", elapsed time 0.271471s.
250527-22:57:19,256 nipype.workflow INFO:
	 [Node] Setting-up "_acc_msk_brain0" in "/work/fmriprep_25_0_wf/sub_GEO015_wf/bold_ses_t2_task_image_run_4_wf/bold_confounds_wf/acc_msk_brain/mapflow/_acc_msk_brain0".
250527-22:57:19,261 nipype.workflow INFO:
	 [Node] Cached "_acc_msk_brain0" - collecting precomputed outputs
250527-22:57:19,261 nipype.workflow INFO:
	 [Node] "_acc_msk_brain0" found cached.
250527-22:57:19,261 nipype.workflow INFO:
	 [Node] Setting-up "_acc_msk_brain1" in "/work/fmriprep_25_0_wf/sub_GEO015_wf/bold_ses_t2_task_image_run_4_wf/bold_confounds_wf/acc_msk_brain/mapflow/_acc_msk_brain1".
250527-22:57:19,264 nipype.workflow INFO:
	 [Node] Cached "_acc_msk_brain1" - collecting precomputed outputs
250527-22:57:19,264 nipype.workflow INFO:
	 [Node] "_acc_msk_brain1" found cached.
250527-22:57:19,265 nipype.workflow INFO:
	 [Node] Setting-up "_acc_msk_brain2" in "/work/fmriprep_25_0_wf/sub_GEO015_wf/bold_ses_t2_task_image_run_4_wf/bold_confounds_wf/acc_msk_brain/mapflow/_acc_msk_brain2".
250527-22:57:19,272 nipype.workflow INFO:
	 [Node] Cached "_acc_msk_brain2" - collecting precomputed outputs
250527-22:57:19,272 nipype.workflow INFO:
	 [Node] "_acc_msk_brain2" found cached.
250527-22:57:22,642 nipype.workflow INFO:
	 [Node] Setting-up "_acc_msk_bin0" in "/work/fmriprep_25_0_wf/sub_GEO015_wf/bold_ses_t2_task_image_run_4_wf/bold_confounds_wf/acc_msk_bin/mapflow/_acc_msk_bin0".
250527-22:57:22,642 nipype.workflow INFO:
	 [Node] Setting-up "_acc_msk_bin1" in "/work/fmriprep_25_0_wf/sub_GEO015_wf/bold_ses_t2_task_image_run_4_wf/bold_confounds_wf/acc_msk_bin/mapflow/_acc_msk_bin1".
250527-22:57:22,643 nipype.workflow INFO:
	 [Node] Setting-up "_acc_msk_bin2" in "/work/fmriprep_25_0_wf/sub_GEO015_wf/bold_ses_t2_task_image_run_4_wf/bold_confounds_wf/acc_msk_bin/mapflow/_acc_msk_bin2".
250527-22:57:23,539 nipype.workflow INFO:
	 [Node] Executing "_acc_msk_bin0" <niworkflows.interfaces.nibabel.Binarize>
250527-22:57:23,743 nipype.workflow INFO:
	 [Node] Executing "_acc_msk_bin2" <niworkflows.interfaces.nibabel.Binarize>
250527-22:57:23,764 nipype.workflow INFO:
	 [Node] Executing "_acc_msk_bin1" <niworkflows.interfaces.nibabel.Binarize>
250527-22:57:23,770 nipype.workflow INFO:
	 [Node] Finished "_acc_msk_bin0", elapsed time 0.230125s.
250527-22:57:24,52 nipype.workflow INFO:
	 [Node] Finished "_acc_msk_bin2", elapsed time 0.306889s.
250527-22:57:24,55 nipype.workflow INFO:
	 [Node] Finished "_acc_msk_bin1", elapsed time 0.289908s.
250527-22:57:24,492 nipype.workflow INFO:
	 [Node] Finished "epi_t1_report", elapsed time 17.420263s.
250527-22:57:26,656 nipype.workflow INFO:
	 [Node] Setting-up "fmriprep_25_0_wf.sub_GEO015_wf.bold_ses_t2_task_image_run_4_wf.bold_fit_wf.func_fit_reports_wf.ds_epi_t1_report" in "/work/fmriprep_25_0_wf/sub_GEO015_wf/bold_ses_t2_task_image_run_4_wf/bold_fit_wf/func_fit_reports_wf/ds_epi_t1_report".
250527-22:57:27,80 nipype.workflow INFO:
	 [Node] Setting-up "_acc_msk_bin0" in "/work/fmriprep_25_0_wf/sub_GEO015_wf/bold_ses_t2_task_image_run_4_wf/bold_confounds_wf/acc_msk_bin/mapflow/_acc_msk_bin0".
250527-22:57:27,84 nipype.workflow INFO:
	 [Node] Cached "_acc_msk_bin0" - collecting precomputed outputs
250527-22:57:27,84 nipype.workflow INFO:
	 [Node] "_acc_msk_bin0" found cached.
250527-22:57:27,84 nipype.workflow INFO:
	 [Node] Setting-up "_acc_msk_bin1" in "/work/fmriprep_25_0_wf/sub_GEO015_wf/bold_ses_t2_task_image_run_4_wf/bold_confounds_wf/acc_msk_bin/mapflow/_acc_msk_bin1".
250527-22:57:27,88 nipype.workflow INFO:
	 [Node] Cached "_acc_msk_bin1" - collecting precomputed outputs
250527-22:57:27,88 nipype.workflow INFO:
	 [Node] "_acc_msk_bin1" found cached.
250527-22:57:27,88 nipype.workflow INFO:
	 [Node] Setting-up "_acc_msk_bin2" in "/work/fmriprep_25_0_wf/sub_GEO015_wf/bold_ses_t2_task_image_run_4_wf/bold_confounds_wf/acc_msk_bin/mapflow/_acc_msk_bin2".
250527-22:57:27,91 nipype.workflow INFO:
	 [Node] Cached "_acc_msk_bin2" - collecting precomputed outputs
250527-22:57:27,91 nipype.workflow INFO:
	 [Node] "_acc_msk_bin2" found cached.
250527-22:57:27,903 nipype.workflow INFO:
	 [Node] Executing "ds_epi_t1_report" <fmriprep.interfaces.DerivativesDataSink>
250527-22:57:28,193 nipype.workflow INFO:
	 [Node] Finished "ds_epi_t1_report", elapsed time 0.288502s.
250527-22:57:31,263 nipype.workflow INFO:
	 [Node] Finished "bbregister", elapsed time 49.662691s.
250527-22:57:34,741 nipype.workflow INFO:
	 [Node] Setting-up "fmriprep_25_0_wf.sub_GEO015_wf.bold_ses_t3_task_image_run_1_wf.bold_fit_wf.bold_reg_wf.bbreg_wf.bbregister" in "/work/fmriprep_25_0_wf/sub_GEO015_wf/bold_ses_t3_task_image_run_1_wf/bold_fit_wf/bold_reg_wf/bbreg_wf/bbregister".
250527-22:57:36,172 nipype.workflow INFO:
	 [Node] Executing "bbregister" <nipype.interfaces.freesurfer.preprocess.BBRegister>
250527-22:57:37,120 nipype.workflow INFO:
	 [Node] Setting-up "fmriprep_25_0_wf.sub_GEO015_wf.bold_ses_t2_task_image_run_5_wf.bold_fit_wf.bold_reg_wf.bbreg_wf.compare_transforms" in "/work/fmriprep_25_0_wf/sub_GEO015_wf/bold_ses_t2_task_image_run_5_wf/bold_fit_wf/bold_reg_wf/bbreg_wf/compare_transforms".
250527-22:57:38,62 nipype.workflow INFO:
	 [Node] Executing "compare_transforms" <nipype.interfaces.utility.wrappers.Function>
250527-22:57:38,75 nipype.workflow INFO:
	 [Node] Finished "compare_transforms", elapsed time 0.011509s.
250527-22:57:47,969 nipype.workflow INFO:
	 [Node] Setting-up "fmriprep_25_0_wf.sub_GEO015_wf.bold_ses_t2_task_image_run_5_wf.bold_fit_wf.bold_reg_wf.bbreg_wf.concat_xfm" in "/work/fmriprep_25_0_wf/sub_GEO015_wf/bold_ses_t2_task_image_run_5_wf/bold_fit_wf/bold_reg_wf/bbreg_wf/concat_xfm".
250527-22:57:48,750 nipype.workflow INFO:
	 [Node] Executing "concat_xfm" <niworkflows.interfaces.nitransforms.ConcatenateXFMs>
250527-22:57:49,129 nipype.workflow INFO:
	 [Node] Finished "concat_xfm", elapsed time 0.377719s.
250527-22:57:53,186 nipype.workflow INFO:
	 [Node] Setting-up "fmriprep_25_0_wf.sub_GEO015_wf.bold_ses_t2_task_image_run_5_wf.bold_fit_wf.func_fit_reports_wf.t1w_boldref" in "/work/fmriprep_25_0_wf/sub_GEO015_wf/bold_ses_t2_task_image_run_5_wf/bold_fit_wf/func_fit_reports_wf/t1w_boldref".
250527-22:57:54,531 nipype.workflow INFO:
	 [Node] Executing "t1w_boldref" <niworkflows.interfaces.fixes.FixHeaderApplyTransforms>
250527-22:57:56,101 nipype.workflow INFO:
	 [Node] Setting-up "fmriprep_25_0_wf.sub_GEO015_wf.bold_ses_t2_task_image_run_5_wf.bold_confounds_wf.t1w_mask_tfm" in "/work/fmriprep_25_0_wf/sub_GEO015_wf/bold_ses_t2_task_image_run_5_wf/bold_confounds_wf/t1w_mask_tfm".
250527-22:57:56,814 nipype.workflow INFO:
	 [Node] Finished "t1w_boldref", elapsed time 2.282287s.
250527-22:57:57,665 nipype.workflow INFO:
	 [Node] Executing "t1w_mask_tfm" <niworkflows.interfaces.fixes.FixHeaderApplyTransforms>
250527-22:57:58,813 nipype.workflow INFO:
	 [Node] Setting-up "_acc_msk_tfm0" in "/work/fmriprep_25_0_wf/sub_GEO015_wf/bold_ses_t2_task_image_run_5_wf/bold_confounds_wf/acc_msk_tfm/mapflow/_acc_msk_tfm0".
250527-22:57:58,814 nipype.workflow INFO:
	 [Node] Setting-up "_acc_msk_tfm1" in "/work/fmriprep_25_0_wf/sub_GEO015_wf/bold_ses_t2_task_image_run_5_wf/bold_confounds_wf/acc_msk_tfm/mapflow/_acc_msk_tfm1".
250527-22:57:58,816 nipype.workflow INFO:
	 [Node] Setting-up "_acc_msk_tfm2" in "/work/fmriprep_25_0_wf/sub_GEO015_wf/bold_ses_t2_task_image_run_5_wf/bold_confounds_wf/acc_msk_tfm/mapflow/_acc_msk_tfm2".
250527-22:57:59,197 nipype.workflow INFO:
	 [Node] Setting-up "fmriprep_25_0_wf.sub_GEO015_wf.bold_ses_t2_task_image_run_5_wf.bold_fit_wf.func_fit_reports_wf.boldref_wm" in "/work/fmriprep_25_0_wf/sub_GEO015_wf/bold_ses_t2_task_image_run_5_wf/bold_fit_wf/func_fit_reports_wf/boldref_wm".
250527-22:58:00,408 nipype.workflow INFO:
	 [Node] Executing "_acc_msk_tfm0" <niworkflows.interfaces.fixes.FixHeaderApplyTransforms>
250527-22:58:00,466 nipype.workflow INFO:
	 [Node] Finished "t1w_mask_tfm", elapsed time 2.800242s.
250527-22:58:00,862 nipype.workflow INFO:
	 [Node] Executing "_acc_msk_tfm1" <niworkflows.interfaces.fixes.FixHeaderApplyTransforms>
250527-22:58:01,57 nipype.workflow INFO:
	 [Node] Executing "boldref_wm" <niworkflows.interfaces.fixes.FixHeaderApplyTransforms>
250527-22:58:01,224 nipype.workflow INFO:
	 [Node] Executing "_acc_msk_tfm2" <niworkflows.interfaces.fixes.FixHeaderApplyTransforms>
250527-22:58:01,685 nipype.workflow INFO:
	 [Node] Finished "_acc_msk_tfm0", elapsed time 1.275473s.
250527-22:58:02,142 nipype.workflow INFO:
	 [Node] Finished "boldref_wm", elapsed time 1.083946s.
250527-22:58:02,324 nipype.workflow INFO:
	 [Node] Finished "_acc_msk_tfm1", elapsed time 1.460246s.
250527-22:58:02,444 nipype.workflow INFO:
	 [Node] Finished "_acc_msk_tfm2", elapsed time 1.21882s.
250527-22:58:03,198 nipype.workflow INFO:
	 [Node] Setting-up "fmriprep_25_0_wf.sub_GEO015_wf.bold_ses_t2_task_image_run_5_wf.bold_confounds_wf.union_mask" in "/work/fmriprep_25_0_wf/sub_GEO015_wf/bold_ses_t2_task_image_run_5_wf/bold_confounds_wf/union_mask".
250527-22:58:04,192 nipype.workflow INFO:
	 [Node] Executing "union_mask" <nipype.interfaces.utility.wrappers.Function>
250527-22:58:04,295 nipype.workflow INFO:
	 [Node] Finished "union_mask", elapsed time 0.101986s.
250527-22:58:05,208 nipype.workflow INFO:
	 [Node] Setting-up "fmriprep_25_0_wf.sub_GEO015_wf.bold_ses_t2_task_image_run_5_wf.bold_fit_wf.func_fit_reports_wf.epi_t1_report" in "/work/fmriprep_25_0_wf/sub_GEO015_wf/bold_ses_t2_task_image_run_5_wf/bold_fit_wf/func_fit_reports_wf/epi_t1_report".
250527-22:58:05,209 nipype.workflow INFO:
	 [Node] Setting-up "fmriprep_25_0_wf.sub_GEO015_wf.bold_ses_t2_task_image_run_5_wf.bold_confounds_wf.dilated_mask" in "/work/fmriprep_25_0_wf/sub_GEO015_wf/bold_ses_t2_task_image_run_5_wf/bold_confounds_wf/dilated_mask".
250527-22:58:06,341 nipype.workflow INFO:
	 [Node] Setting-up "_acc_msk_tfm0" in "/work/fmriprep_25_0_wf/sub_GEO015_wf/bold_ses_t2_task_image_run_5_wf/bold_confounds_wf/acc_msk_tfm/mapflow/_acc_msk_tfm0".
250527-22:58:06,345 nipype.workflow INFO:
	 [Node] Cached "_acc_msk_tfm0" - collecting precomputed outputs
250527-22:58:06,345 nipype.workflow INFO:
	 [Node] "_acc_msk_tfm0" found cached.
250527-22:58:06,345 nipype.workflow INFO:
	 [Node] Setting-up "_acc_msk_tfm1" in "/work/fmriprep_25_0_wf/sub_GEO015_wf/bold_ses_t2_task_image_run_5_wf/bold_confounds_wf/acc_msk_tfm/mapflow/_acc_msk_tfm1".
250527-22:58:06,349 nipype.workflow INFO:
	 [Node] Cached "_acc_msk_tfm1" - collecting precomputed outputs
250527-22:58:06,349 nipype.workflow INFO:
	 [Node] "_acc_msk_tfm1" found cached.
250527-22:58:06,349 nipype.workflow INFO:
	 [Node] Setting-up "_acc_msk_tfm2" in "/work/fmriprep_25_0_wf/sub_GEO015_wf/bold_ses_t2_task_image_run_5_wf/bold_confounds_wf/acc_msk_tfm/mapflow/_acc_msk_tfm2".
250527-22:58:06,352 nipype.workflow INFO:
	 [Node] Cached "_acc_msk_tfm2" - collecting precomputed outputs
250527-22:58:06,352 nipype.workflow INFO:
	 [Node] "_acc_msk_tfm2" found cached.
250527-22:58:06,956 nipype.workflow INFO:
	 [Node] Executing "dilated_mask" <niworkflows.interfaces.morphology.BinaryDilation>
250527-22:58:07,37 nipype.workflow INFO:
	 [Node] Executing "epi_t1_report" <nireports.interfaces.reporting.base.SimpleBeforeAfterRPT>
250527-22:58:07,38 nipype.interface INFO:
	 Report - setting before (/out/sub-GEO015/ses-t2/func/sub-GEO015_ses-t2_task-image_run-5_desc-coreg_boldref.nii.gz) and after (/work/fmriprep_25_0_wf/sub_GEO015_wf/bold_ses_t2_task_image_run_5_wf/bold_fit_wf/func_fit_reports_wf/t1w_boldref/sub-GEO015_desc-preproc_T1w_trans.nii.gz) images
250527-22:58:07,39 nipype.interface INFO:
	 Generating visual report
250527-22:58:07,86 nipype.workflow INFO:
	 [Node] Finished "dilated_mask", elapsed time 0.128767s.
250527-22:58:09,813 nipype.workflow INFO:
	 [Node] Setting-up "fmriprep_25_0_wf.sub_GEO015_wf.bold_ses_t2_task_image_run_5_wf.bold_confounds_wf.subtract_mask" in "/work/fmriprep_25_0_wf/sub_GEO015_wf/bold_ses_t2_task_image_run_5_wf/bold_confounds_wf/subtract_mask".
250527-22:58:11,195 nipype.workflow INFO:
	 [Node] Setting-up "_acc_msk_brain0" in "/work/fmriprep_25_0_wf/sub_GEO015_wf/bold_ses_t2_task_image_run_5_wf/bold_confounds_wf/acc_msk_brain/mapflow/_acc_msk_brain0".
250527-22:58:11,196 nipype.workflow INFO:
	 [Node] Setting-up "_acc_msk_brain1" in "/work/fmriprep_25_0_wf/sub_GEO015_wf/bold_ses_t2_task_image_run_5_wf/bold_confounds_wf/acc_msk_brain/mapflow/_acc_msk_brain1".
250527-22:58:11,196 nipype.workflow INFO:
	 [Node] Setting-up "_acc_msk_brain2" in "/work/fmriprep_25_0_wf/sub_GEO015_wf/bold_ses_t2_task_image_run_5_wf/bold_confounds_wf/acc_msk_brain/mapflow/_acc_msk_brain2".
250527-22:58:11,197 nipype.workflow INFO:
	 [Node] Executing "subtract_mask" <niworkflows.interfaces.morphology.BinarySubtraction>
250527-22:58:11,326 nipype.workflow INFO:
	 [Node] Finished "subtract_mask", elapsed time 0.127464s.
250527-22:58:12,673 nipype.workflow INFO:
	 [Node] Executing "_acc_msk_brain0" <niworkflows.interfaces.nibabel.ApplyMask>
250527-22:58:12,674 nipype.workflow INFO:
	 [Node] Executing "_acc_msk_brain1" <niworkflows.interfaces.nibabel.ApplyMask>
250527-22:58:12,784 nipype.workflow INFO:
	 [Node] Executing "_acc_msk_brain2" <niworkflows.interfaces.nibabel.ApplyMask>
250527-22:58:12,853 nipype.workflow INFO:
	 [Node] Finished "_acc_msk_brain1", elapsed time 0.17764s.
250527-22:58:12,874 nipype.workflow INFO:
	 [Node] Finished "_acc_msk_brain0", elapsed time 0.199405s.
250527-22:58:12,957 nipype.workflow INFO:
	 [Node] Finished "_acc_msk_brain2", elapsed time 0.172029s.
250527-22:58:16,45 nipype.workflow INFO:
	 [Node] Setting-up "_acc_msk_brain0" in "/work/fmriprep_25_0_wf/sub_GEO015_wf/bold_ses_t2_task_image_run_5_wf/bold_confounds_wf/acc_msk_brain/mapflow/_acc_msk_brain0".
250527-22:58:16,54 nipype.workflow INFO:
	 [Node] Cached "_acc_msk_brain0" - collecting precomputed outputs
250527-22:58:16,54 nipype.workflow INFO:
	 [Node] "_acc_msk_brain0" found cached.
250527-22:58:16,54 nipype.workflow INFO:
	 [Node] Setting-up "_acc_msk_brain1" in "/work/fmriprep_25_0_wf/sub_GEO015_wf/bold_ses_t2_task_image_run_5_wf/bold_confounds_wf/acc_msk_brain/mapflow/_acc_msk_brain1".
250527-22:58:16,58 nipype.workflow INFO:
	 [Node] Cached "_acc_msk_brain1" - collecting precomputed outputs
250527-22:58:16,58 nipype.workflow INFO:
	 [Node] "_acc_msk_brain1" found cached.
250527-22:58:16,58 nipype.workflow INFO:
	 [Node] Setting-up "_acc_msk_brain2" in "/work/fmriprep_25_0_wf/sub_GEO015_wf/bold_ses_t2_task_image_run_5_wf/bold_confounds_wf/acc_msk_brain/mapflow/_acc_msk_brain2".
250527-22:58:16,63 nipype.workflow INFO:
	 [Node] Cached "_acc_msk_brain2" - collecting precomputed outputs
250527-22:58:16,63 nipype.workflow INFO:
	 [Node] "_acc_msk_brain2" found cached.
250527-22:58:19,196 nipype.workflow INFO:
	 [Node] Setting-up "_acc_msk_bin0" in "/work/fmriprep_25_0_wf/sub_GEO015_wf/bold_ses_t2_task_image_run_5_wf/bold_confounds_wf/acc_msk_bin/mapflow/_acc_msk_bin0".
250527-22:58:19,197 nipype.workflow INFO:
	 [Node] Setting-up "_acc_msk_bin1" in "/work/fmriprep_25_0_wf/sub_GEO015_wf/bold_ses_t2_task_image_run_5_wf/bold_confounds_wf/acc_msk_bin/mapflow/_acc_msk_bin1".
250527-22:58:19,197 nipype.workflow INFO:
	 [Node] Setting-up "_acc_msk_bin2" in "/work/fmriprep_25_0_wf/sub_GEO015_wf/bold_ses_t2_task_image_run_5_wf/bold_confounds_wf/acc_msk_bin/mapflow/_acc_msk_bin2".
250527-22:58:19,916 nipype.workflow INFO:
	 [Node] Executing "_acc_msk_bin0" <niworkflows.interfaces.nibabel.Binarize>
250527-22:58:19,947 nipype.workflow INFO:
	 [Node] Executing "_acc_msk_bin1" <niworkflows.interfaces.nibabel.Binarize>
250527-22:58:20,98 nipype.workflow INFO:
	 [Node] Executing "_acc_msk_bin2" <niworkflows.interfaces.nibabel.Binarize>
250527-22:58:20,104 nipype.workflow INFO:
	 [Node] Finished "_acc_msk_bin1", elapsed time 0.155496s.
250527-22:58:20,209 nipype.workflow INFO:
	 [Node] Finished "_acc_msk_bin0", elapsed time 0.291515s.
250527-22:58:20,256 nipype.workflow INFO:
	 [Node] Finished "_acc_msk_bin2", elapsed time 0.157077s.
250527-22:58:21,787 nipype.workflow INFO:
	 [Node] Setting-up "_acc_msk_bin0" in "/work/fmriprep_25_0_wf/sub_GEO015_wf/bold_ses_t2_task_image_run_5_wf/bold_confounds_wf/acc_msk_bin/mapflow/_acc_msk_bin0".
250527-22:58:21,790 nipype.workflow INFO:
	 [Node] Cached "_acc_msk_bin0" - collecting precomputed outputs
250527-22:58:21,791 nipype.workflow INFO:
	 [Node] "_acc_msk_bin0" found cached.
250527-22:58:21,791 nipype.workflow INFO:
	 [Node] Setting-up "_acc_msk_bin1" in "/work/fmriprep_25_0_wf/sub_GEO015_wf/bold_ses_t2_task_image_run_5_wf/bold_confounds_wf/acc_msk_bin/mapflow/_acc_msk_bin1".
250527-22:58:21,794 nipype.workflow INFO:
	 [Node] Cached "_acc_msk_bin1" - collecting precomputed outputs
250527-22:58:21,795 nipype.workflow INFO:
	 [Node] "_acc_msk_bin1" found cached.
250527-22:58:21,795 nipype.workflow INFO:
	 [Node] Setting-up "_acc_msk_bin2" in "/work/fmriprep_25_0_wf/sub_GEO015_wf/bold_ses_t2_task_image_run_5_wf/bold_confounds_wf/acc_msk_bin/mapflow/_acc_msk_bin2".
250527-22:58:21,798 nipype.workflow INFO:
	 [Node] Cached "_acc_msk_bin2" - collecting precomputed outputs
250527-22:58:21,798 nipype.workflow INFO:
	 [Node] "_acc_msk_bin2" found cached.
250527-22:58:24,701 nipype.workflow INFO:
	 [Node] Finished "bbregister", elapsed time 48.527601s.
250527-22:58:25,357 nipype.workflow INFO:
	 [Node] Finished "epi_t1_report", elapsed time 18.31868s.
250527-22:58:27,193 nipype.workflow INFO:
	 [Node] Setting-up "fmriprep_25_0_wf.sub_GEO015_wf.bold_ses_t3_task_image_run_2_wf.bold_fit_wf.bold_reg_wf.bbreg_wf.bbregister" in "/work/fmriprep_25_0_wf/sub_GEO015_wf/bold_ses_t3_task_image_run_2_wf/bold_fit_wf/bold_reg_wf/bbreg_wf/bbregister".
250527-22:58:28,315 nipype.workflow INFO:
	 [Node] Executing "bbregister" <nipype.interfaces.freesurfer.preprocess.BBRegister>
250527-22:58:28,807 nipype.workflow INFO:
	 [Node] Setting-up "fmriprep_25_0_wf.sub_GEO015_wf.bold_ses_t2_task_image_run_5_wf.bold_fit_wf.func_fit_reports_wf.ds_epi_t1_report" in "/work/fmriprep_25_0_wf/sub_GEO015_wf/bold_ses_t2_task_image_run_5_wf/bold_fit_wf/func_fit_reports_wf/ds_epi_t1_report".
250527-22:58:29,178 nipype.workflow INFO:
	 [Node] Setting-up "fmriprep_25_0_wf.sub_GEO015_wf.bold_ses_t3_task_image_run_1_wf.bold_fit_wf.bold_reg_wf.bbreg_wf.compare_transforms" in "/work/fmriprep_25_0_wf/sub_GEO015_wf/bold_ses_t3_task_image_run_1_wf/bold_fit_wf/bold_reg_wf/bbreg_wf/compare_transforms".
250527-22:58:29,329 nipype.workflow INFO:
	 [Node] Executing "ds_epi_t1_report" <fmriprep.interfaces.DerivativesDataSink>
250527-22:58:29,593 nipype.workflow INFO:
	 [Node] Finished "ds_epi_t1_report", elapsed time 0.262997s.
250527-22:58:29,638 nipype.workflow INFO:
	 [Node] Executing "compare_transforms" <nipype.interfaces.utility.wrappers.Function>
250527-22:58:29,646 nipype.workflow INFO:
	 [Node] Finished "compare_transforms", elapsed time 0.007088s.
250527-22:58:37,893 nipype.workflow INFO:
	 [Node] Setting-up "fmriprep_25_0_wf.sub_GEO015_wf.bold_ses_t3_task_image_run_1_wf.bold_fit_wf.bold_reg_wf.bbreg_wf.concat_xfm" in "/work/fmriprep_25_0_wf/sub_GEO015_wf/bold_ses_t3_task_image_run_1_wf/bold_fit_wf/bold_reg_wf/bbreg_wf/concat_xfm".
250527-22:58:38,799 nipype.workflow INFO:
	 [Node] Executing "concat_xfm" <niworkflows.interfaces.nitransforms.ConcatenateXFMs>
250527-22:58:38,897 nipype.workflow INFO:
	 [Node] Finished "concat_xfm", elapsed time 0.096855s.
250527-22:58:42,437 nipype.workflow INFO:
	 [Node] Setting-up "fmriprep_25_0_wf.sub_GEO015_wf.bold_ses_t3_task_image_run_1_wf.bold_fit_wf.func_fit_reports_wf.t1w_boldref" in "/work/fmriprep_25_0_wf/sub_GEO015_wf/bold_ses_t3_task_image_run_1_wf/bold_fit_wf/func_fit_reports_wf/t1w_boldref".
250527-22:58:43,304 nipype.workflow INFO:
	 [Node] Executing "t1w_boldref" <niworkflows.interfaces.fixes.FixHeaderApplyTransforms>
250527-22:58:44,382 nipype.workflow INFO:
	 [Node] Setting-up "fmriprep_25_0_wf.sub_GEO015_wf.bold_ses_t3_task_image_run_1_wf.bold_confounds_wf.t1w_mask_tfm" in "/work/fmriprep_25_0_wf/sub_GEO015_wf/bold_ses_t3_task_image_run_1_wf/bold_confounds_wf/t1w_mask_tfm".
250527-22:58:45,128 nipype.workflow INFO:
	 [Node] Executing "t1w_mask_tfm" <niworkflows.interfaces.fixes.FixHeaderApplyTransforms>
250527-22:58:45,306 nipype.workflow INFO:
	 [Node] Finished "t1w_boldref", elapsed time 2.000645s.
250527-22:58:46,813 nipype.workflow INFO:
	 [Node] Setting-up "_acc_msk_tfm0" in "/work/fmriprep_25_0_wf/sub_GEO015_wf/bold_ses_t3_task_image_run_1_wf/bold_confounds_wf/acc_msk_tfm/mapflow/_acc_msk_tfm0".
250527-22:58:46,813 nipype.workflow INFO:
	 [Node] Setting-up "_acc_msk_tfm1" in "/work/fmriprep_25_0_wf/sub_GEO015_wf/bold_ses_t3_task_image_run_1_wf/bold_confounds_wf/acc_msk_tfm/mapflow/_acc_msk_tfm1".
250527-22:58:46,813 nipype.workflow INFO:
	 [Node] Setting-up "_acc_msk_tfm2" in "/work/fmriprep_25_0_wf/sub_GEO015_wf/bold_ses_t3_task_image_run_1_wf/bold_confounds_wf/acc_msk_tfm/mapflow/_acc_msk_tfm2".
250527-22:58:47,190 nipype.workflow INFO:
	 [Node] Setting-up "fmriprep_25_0_wf.sub_GEO015_wf.bold_ses_t3_task_image_run_1_wf.bold_fit_wf.func_fit_reports_wf.boldref_wm" in "/work/fmriprep_25_0_wf/sub_GEO015_wf/bold_ses_t3_task_image_run_1_wf/bold_fit_wf/func_fit_reports_wf/boldref_wm".
250527-22:58:47,560 nipype.workflow INFO:
	 [Node] Finished "t1w_mask_tfm", elapsed time 2.430926s.
250527-22:58:47,866 nipype.workflow INFO:
	 [Node] Executing "_acc_msk_tfm1" <niworkflows.interfaces.fixes.FixHeaderApplyTransforms>
250527-22:58:48,68 nipype.workflow INFO:
	 [Node] Executing "_acc_msk_tfm0" <niworkflows.interfaces.fixes.FixHeaderApplyTransforms>
250527-22:58:48,211 nipype.workflow INFO:
	 [Node] Executing "_acc_msk_tfm2" <niworkflows.interfaces.fixes.FixHeaderApplyTransforms>
250527-22:58:48,280 nipype.workflow INFO:
	 [Node] Executing "boldref_wm" <niworkflows.interfaces.fixes.FixHeaderApplyTransforms>
250527-22:58:49,188 nipype.workflow INFO:
	 [Node] Setting-up "fmriprep_25_0_wf.sub_GEO015_wf.bold_ses_t3_task_image_run_1_wf.bold_confounds_wf.union_mask" in "/work/fmriprep_25_0_wf/sub_GEO015_wf/bold_ses_t3_task_image_run_1_wf/bold_confounds_wf/union_mask".
250527-22:58:49,205 nipype.workflow INFO:
	 [Node] Finished "boldref_wm", elapsed time 0.924438s.
250527-22:58:49,788 nipype.workflow INFO:
	 [Node] Finished "_acc_msk_tfm1", elapsed time 1.9200409999999999s.
250527-22:58:49,788 nipype.workflow INFO:
	 [Node] Finished "_acc_msk_tfm0", elapsed time 1.718668s.
250527-22:58:49,848 nipype.workflow INFO:
	 [Node] Finished "_acc_msk_tfm2", elapsed time 1.633143s.
250527-22:58:50,371 nipype.workflow INFO:
	 [Node] Executing "union_mask" <nipype.interfaces.utility.wrappers.Function>
250527-22:58:50,514 nipype.workflow INFO:
	 [Node] Finished "union_mask", elapsed time 0.14145s.
250527-22:58:51,209 nipype.workflow INFO:
	 [Node] Setting-up "fmriprep_25_0_wf.sub_GEO015_wf.bold_ses_t3_task_image_run_1_wf.bold_fit_wf.func_fit_reports_wf.epi_t1_report" in "/work/fmriprep_25_0_wf/sub_GEO015_wf/bold_ses_t3_task_image_run_1_wf/bold_fit_wf/func_fit_reports_wf/epi_t1_report".
250527-22:58:51,862 nipype.workflow INFO:
	 [Node] Setting-up "_acc_msk_tfm0" in "/work/fmriprep_25_0_wf/sub_GEO015_wf/bold_ses_t3_task_image_run_1_wf/bold_confounds_wf/acc_msk_tfm/mapflow/_acc_msk_tfm0".
250527-22:58:51,867 nipype.workflow INFO:
	 [Node] Cached "_acc_msk_tfm0" - collecting precomputed outputs
250527-22:58:51,867 nipype.workflow INFO:
	 [Node] "_acc_msk_tfm0" found cached.
250527-22:58:51,868 nipype.workflow INFO:
	 [Node] Setting-up "_acc_msk_tfm1" in "/work/fmriprep_25_0_wf/sub_GEO015_wf/bold_ses_t3_task_image_run_1_wf/bold_confounds_wf/acc_msk_tfm/mapflow/_acc_msk_tfm1".
250527-22:58:51,872 nipype.workflow INFO:
	 [Node] Cached "_acc_msk_tfm1" - collecting precomputed outputs
250527-22:58:51,872 nipype.workflow INFO:
	 [Node] "_acc_msk_tfm1" found cached.
250527-22:58:51,873 nipype.workflow INFO:
	 [Node] Setting-up "_acc_msk_tfm2" in "/work/fmriprep_25_0_wf/sub_GEO015_wf/bold_ses_t3_task_image_run_1_wf/bold_confounds_wf/acc_msk_tfm/mapflow/_acc_msk_tfm2".
250527-22:58:51,883 nipype.workflow INFO:
	 [Node] Cached "_acc_msk_tfm2" - collecting precomputed outputs
250527-22:58:51,883 nipype.workflow INFO:
	 [Node] "_acc_msk_tfm2" found cached.
250527-22:58:52,22 nipype.workflow INFO:
	 [Node] Executing "epi_t1_report" <nireports.interfaces.reporting.base.SimpleBeforeAfterRPT>
250527-22:58:52,23 nipype.interface INFO:
	 Report - setting before (/out/sub-GEO015/ses-t3/func/sub-GEO015_ses-t3_task-image_run-1_desc-coreg_boldref.nii.gz) and after (/work/fmriprep_25_0_wf/sub_GEO015_wf/bold_ses_t3_task_image_run_1_wf/bold_fit_wf/func_fit_reports_wf/t1w_boldref/sub-GEO015_desc-preproc_T1w_trans.nii.gz) images
250527-22:58:52,23 nipype.interface INFO:
	 Generating visual report
250527-22:58:53,650 nipype.workflow INFO:
	 [Node] Setting-up "fmriprep_25_0_wf.sub_GEO015_wf.bold_ses_t3_task_image_run_1_wf.bold_confounds_wf.dilated_mask" in "/work/fmriprep_25_0_wf/sub_GEO015_wf/bold_ses_t3_task_image_run_1_wf/bold_confounds_wf/dilated_mask".
250527-22:58:54,426 nipype.workflow INFO:
	 [Node] Executing "dilated_mask" <niworkflows.interfaces.morphology.BinaryDilation>
250527-22:58:54,928 nipype.workflow INFO:
	 [Node] Finished "dilated_mask", elapsed time 0.500983s.
250527-22:58:55,506 nipype.workflow INFO:
	 [Node] Setting-up "_acc_msk_brain0" in "/work/fmriprep_25_0_wf/sub_GEO015_wf/bold_ses_t3_task_image_run_1_wf/bold_confounds_wf/acc_msk_brain/mapflow/_acc_msk_brain0".
250527-22:58:55,507 nipype.workflow INFO:
	 [Node] Setting-up "_acc_msk_brain1" in "/work/fmriprep_25_0_wf/sub_GEO015_wf/bold_ses_t3_task_image_run_1_wf/bold_confounds_wf/acc_msk_brain/mapflow/_acc_msk_brain1".
250527-22:58:55,508 nipype.workflow INFO:
	 [Node] Setting-up "_acc_msk_brain2" in "/work/fmriprep_25_0_wf/sub_GEO015_wf/bold_ses_t3_task_image_run_1_wf/bold_confounds_wf/acc_msk_brain/mapflow/_acc_msk_brain2".
250527-22:58:57,198 nipype.workflow INFO:
	 [Node] Setting-up "fmriprep_25_0_wf.sub_GEO015_wf.bold_ses_t3_task_image_run_1_wf.bold_confounds_wf.subtract_mask" in "/work/fmriprep_25_0_wf/sub_GEO015_wf/bold_ses_t3_task_image_run_1_wf/bold_confounds_wf/subtract_mask".
250527-22:58:57,368 nipype.workflow INFO:
	 [Node] Executing "_acc_msk_brain0" <niworkflows.interfaces.nibabel.ApplyMask>
250527-22:58:57,568 nipype.workflow INFO:
	 [Node] Executing "_acc_msk_brain1" <niworkflows.interfaces.nibabel.ApplyMask>
250527-22:58:57,584 nipype.workflow INFO:
	 [Node] Executing "_acc_msk_brain2" <niworkflows.interfaces.nibabel.ApplyMask>
250527-22:58:57,656 nipype.workflow INFO:
	 [Node] Finished "_acc_msk_brain0", elapsed time 0.286599s.
250527-22:58:57,912 nipype.workflow INFO:
	 [Node] Finished "_acc_msk_brain1", elapsed time 0.342655s.
250527-22:58:57,947 nipype.workflow INFO:
	 [Node] Finished "_acc_msk_brain2", elapsed time 0.361489s.
250527-22:58:58,167 nipype.workflow INFO:
	 [Node] Executing "subtract_mask" <niworkflows.interfaces.morphology.BinarySubtraction>
250527-22:58:58,341 nipype.workflow INFO:
	 [Node] Finished "subtract_mask", elapsed time 0.172684s.
250527-22:59:00,113 nipype.workflow INFO:
	 [Node] Setting-up "_acc_msk_brain0" in "/work/fmriprep_25_0_wf/sub_GEO015_wf/bold_ses_t3_task_image_run_1_wf/bold_confounds_wf/acc_msk_brain/mapflow/_acc_msk_brain0".
250527-22:59:00,117 nipype.workflow INFO:
	 [Node] Cached "_acc_msk_brain0" - collecting precomputed outputs
250527-22:59:00,117 nipype.workflow INFO:
	 [Node] "_acc_msk_brain0" found cached.
250527-22:59:00,117 nipype.workflow INFO:
	 [Node] Setting-up "_acc_msk_brain1" in "/work/fmriprep_25_0_wf/sub_GEO015_wf/bold_ses_t3_task_image_run_1_wf/bold_confounds_wf/acc_msk_brain/mapflow/_acc_msk_brain1".
250527-22:59:00,121 nipype.workflow INFO:
	 [Node] Cached "_acc_msk_brain1" - collecting precomputed outputs
250527-22:59:00,121 nipype.workflow INFO:
	 [Node] "_acc_msk_brain1" found cached.
250527-22:59:00,122 nipype.workflow INFO:
	 [Node] Setting-up "_acc_msk_brain2" in "/work/fmriprep_25_0_wf/sub_GEO015_wf/bold_ses_t3_task_image_run_1_wf/bold_confounds_wf/acc_msk_brain/mapflow/_acc_msk_brain2".
250527-22:59:00,125 nipype.workflow INFO:
	 [Node] Cached "_acc_msk_brain2" - collecting precomputed outputs
250527-22:59:00,125 nipype.workflow INFO:
	 [Node] "_acc_msk_brain2" found cached.
250527-22:59:03,216 nipype.workflow INFO:
	 [Node] Setting-up "_acc_msk_bin0" in "/work/fmriprep_25_0_wf/sub_GEO015_wf/bold_ses_t3_task_image_run_1_wf/bold_confounds_wf/acc_msk_bin/mapflow/_acc_msk_bin0".
250527-22:59:03,217 nipype.workflow INFO:
	 [Node] Setting-up "_acc_msk_bin1" in "/work/fmriprep_25_0_wf/sub_GEO015_wf/bold_ses_t3_task_image_run_1_wf/bold_confounds_wf/acc_msk_bin/mapflow/_acc_msk_bin1".
250527-22:59:03,219 nipype.workflow INFO:
	 [Node] Setting-up "_acc_msk_bin2" in "/work/fmriprep_25_0_wf/sub_GEO015_wf/bold_ses_t3_task_image_run_1_wf/bold_confounds_wf/acc_msk_bin/mapflow/_acc_msk_bin2".
250527-22:59:04,480 nipype.workflow INFO:
	 [Node] Executing "_acc_msk_bin0" <niworkflows.interfaces.nibabel.Binarize>
250527-22:59:04,805 nipype.workflow INFO:
	 [Node] Executing "_acc_msk_bin2" <niworkflows.interfaces.nibabel.Binarize>
250527-22:59:04,883 nipype.workflow INFO:
	 [Node] Executing "_acc_msk_bin1" <niworkflows.interfaces.nibabel.Binarize>
250527-22:59:05,123 nipype.workflow INFO:
	 [Node] Finished "_acc_msk_bin0", elapsed time 0.642201s.
250527-22:59:05,161 nipype.workflow INFO:
	 [Node] Finished "_acc_msk_bin1", elapsed time 0.276912s.
250527-22:59:05,198 nipype.workflow INFO:
	 [Node] Finished "_acc_msk_bin2", elapsed time 0.390988s.
250527-22:59:06,468 nipype.workflow INFO:
	 [Node] Finished "bbregister", elapsed time 38.151208s.
250527-22:59:07,726 nipype.workflow INFO:
	 [Node] Setting-up "_acc_msk_bin0" in "/work/fmriprep_25_0_wf/sub_GEO015_wf/bold_ses_t3_task_image_run_1_wf/bold_confounds_wf/acc_msk_bin/mapflow/_acc_msk_bin0".
250527-22:59:07,729 nipype.workflow INFO:
	 [Node] Cached "_acc_msk_bin0" - collecting precomputed outputs
250527-22:59:07,729 nipype.workflow INFO:
	 [Node] "_acc_msk_bin0" found cached.
250527-22:59:07,730 nipype.workflow INFO:
	 [Node] Setting-up "_acc_msk_bin1" in "/work/fmriprep_25_0_wf/sub_GEO015_wf/bold_ses_t3_task_image_run_1_wf/bold_confounds_wf/acc_msk_bin/mapflow/_acc_msk_bin1".
250527-22:59:07,733 nipype.workflow INFO:
	 [Node] Cached "_acc_msk_bin1" - collecting precomputed outputs
250527-22:59:07,733 nipype.workflow INFO:
	 [Node] "_acc_msk_bin1" found cached.
250527-22:59:07,733 nipype.workflow INFO:
	 [Node] Setting-up "_acc_msk_bin2" in "/work/fmriprep_25_0_wf/sub_GEO015_wf/bold_ses_t3_task_image_run_1_wf/bold_confounds_wf/acc_msk_bin/mapflow/_acc_msk_bin2".
250527-22:59:07,736 nipype.workflow INFO:
	 [Node] Cached "_acc_msk_bin2" - collecting precomputed outputs
250527-22:59:07,736 nipype.workflow INFO:
	 [Node] "_acc_msk_bin2" found cached.
250527-22:59:09,216 nipype.workflow INFO:
	 [Node] Setting-up "fmriprep_25_0_wf.sub_GEO015_wf.bold_ses_t3_task_image_run_3_wf.bold_fit_wf.bold_reg_wf.bbreg_wf.bbregister" in "/work/fmriprep_25_0_wf/sub_GEO015_wf/bold_ses_t3_task_image_run_3_wf/bold_fit_wf/bold_reg_wf/bbreg_wf/bbregister".
250527-22:59:09,586 nipype.workflow INFO:
	 [Node] Finished "epi_t1_report", elapsed time 17.563234s.
250527-22:59:10,389 nipype.workflow INFO:
	 [Node] Executing "bbregister" <nipype.interfaces.freesurfer.preprocess.BBRegister>
250527-22:59:14,776 nipype.workflow INFO:
	 [Node] Setting-up "fmriprep_25_0_wf.sub_GEO015_wf.bold_ses_t3_task_image_run_2_wf.bold_fit_wf.bold_reg_wf.bbreg_wf.compare_transforms" in "/work/fmriprep_25_0_wf/sub_GEO015_wf/bold_ses_t3_task_image_run_2_wf/bold_fit_wf/bold_reg_wf/bbreg_wf/compare_transforms".
250527-22:59:14,777 nipype.workflow INFO:
	 [Node] Setting-up "fmriprep_25_0_wf.sub_GEO015_wf.bold_ses_t3_task_image_run_1_wf.bold_fit_wf.func_fit_reports_wf.ds_epi_t1_report" in "/work/fmriprep_25_0_wf/sub_GEO015_wf/bold_ses_t3_task_image_run_1_wf/bold_fit_wf/func_fit_reports_wf/ds_epi_t1_report".
250527-22:59:16,722 nipype.workflow INFO:
	 [Node] Executing "compare_transforms" <nipype.interfaces.utility.wrappers.Function>
250527-22:59:16,750 nipype.workflow INFO:
	 [Node] Finished "compare_transforms", elapsed time 0.015381s.
250527-22:59:17,188 nipype.workflow INFO:
	 [Node] Executing "ds_epi_t1_report" <fmriprep.interfaces.DerivativesDataSink>
250527-22:59:17,728 nipype.workflow INFO:
	 [Node] Finished "ds_epi_t1_report", elapsed time 0.538166s.
250527-22:59:28,43 nipype.workflow INFO:
	 [Node] Setting-up "fmriprep_25_0_wf.sub_GEO015_wf.bold_ses_t3_task_image_run_2_wf.bold_fit_wf.bold_reg_wf.bbreg_wf.concat_xfm" in "/work/fmriprep_25_0_wf/sub_GEO015_wf/bold_ses_t3_task_image_run_2_wf/bold_fit_wf/bold_reg_wf/bbreg_wf/concat_xfm".
250527-22:59:28,844 nipype.workflow INFO:
	 [Node] Executing "concat_xfm" <niworkflows.interfaces.nitransforms.ConcatenateXFMs>
250527-22:59:29,138 nipype.workflow INFO:
	 [Node] Finished "concat_xfm", elapsed time 0.292018s.
250527-22:59:34,580 nipype.workflow INFO:
	 [Node] Setting-up "fmriprep_25_0_wf.sub_GEO015_wf.bold_ses_t3_task_image_run_2_wf.bold_fit_wf.func_fit_reports_wf.t1w_boldref" in "/work/fmriprep_25_0_wf/sub_GEO015_wf/bold_ses_t3_task_image_run_2_wf/bold_fit_wf/func_fit_reports_wf/t1w_boldref".
250527-22:59:36,244 nipype.workflow INFO:
	 [Node] Executing "t1w_boldref" <niworkflows.interfaces.fixes.FixHeaderApplyTransforms>
250527-22:59:37,32 nipype.workflow INFO:
	 [Node] Setting-up "fmriprep_25_0_wf.sub_GEO015_wf.bold_ses_t3_task_image_run_2_wf.bold_confounds_wf.t1w_mask_tfm" in "/work/fmriprep_25_0_wf/sub_GEO015_wf/bold_ses_t3_task_image_run_2_wf/bold_confounds_wf/t1w_mask_tfm".
250527-22:59:38,536 nipype.workflow INFO:
	 [Node] Executing "t1w_mask_tfm" <niworkflows.interfaces.fixes.FixHeaderApplyTransforms>
250527-22:59:38,739 nipype.workflow INFO:
	 [Node] Finished "t1w_boldref", elapsed time 2.493434s.
250527-22:59:39,490 nipype.workflow INFO:
	 [Node] Setting-up "_acc_msk_tfm0" in "/work/fmriprep_25_0_wf/sub_GEO015_wf/bold_ses_t3_task_image_run_2_wf/bold_confounds_wf/acc_msk_tfm/mapflow/_acc_msk_tfm0".
250527-22:59:39,490 nipype.workflow INFO:
	 [Node] Setting-up "_acc_msk_tfm1" in "/work/fmriprep_25_0_wf/sub_GEO015_wf/bold_ses_t3_task_image_run_2_wf/bold_confounds_wf/acc_msk_tfm/mapflow/_acc_msk_tfm1".
250527-22:59:39,490 nipype.workflow INFO:
	 [Node] Setting-up "_acc_msk_tfm2" in "/work/fmriprep_25_0_wf/sub_GEO015_wf/bold_ses_t3_task_image_run_2_wf/bold_confounds_wf/acc_msk_tfm/mapflow/_acc_msk_tfm2".
250527-22:59:40,66 nipype.workflow INFO:
	 [Node] Setting-up "fmriprep_25_0_wf.sub_GEO015_wf.bold_ses_t3_task_image_run_2_wf.bold_fit_wf.func_fit_reports_wf.boldref_wm" in "/work/fmriprep_25_0_wf/sub_GEO015_wf/bold_ses_t3_task_image_run_2_wf/bold_fit_wf/func_fit_reports_wf/boldref_wm".
250527-22:59:40,627 nipype.workflow INFO:
	 [Node] Executing "_acc_msk_tfm0" <niworkflows.interfaces.fixes.FixHeaderApplyTransforms>
250527-22:59:40,643 nipype.workflow INFO:
	 [Node] Executing "_acc_msk_tfm2" <niworkflows.interfaces.fixes.FixHeaderApplyTransforms>
250527-22:59:40,655 nipype.workflow INFO:
	 [Node] Executing "_acc_msk_tfm1" <niworkflows.interfaces.fixes.FixHeaderApplyTransforms>
250527-22:59:40,962 nipype.workflow INFO:
	 [Node] Finished "t1w_mask_tfm", elapsed time 2.4247870000000002s.
250527-22:59:41,168 nipype.workflow INFO:
	 [Node] Executing "boldref_wm" <niworkflows.interfaces.fixes.FixHeaderApplyTransforms>
250527-22:59:41,745 nipype.workflow INFO:
	 [Node] Finished "_acc_msk_tfm0", elapsed time 1.116597s.
250527-22:59:42,35 nipype.workflow INFO:
	 [Node] Finished "_acc_msk_tfm2", elapsed time 1.390312s.
250527-22:59:42,77 nipype.workflow INFO:
	 [Node] Setting-up "fmriprep_25_0_wf.sub_GEO015_wf.bold_ses_t3_task_image_run_2_wf.bold_confounds_wf.union_mask" in "/work/fmriprep_25_0_wf/sub_GEO015_wf/bold_ses_t3_task_image_run_2_wf/bold_confounds_wf/union_mask".
250527-22:59:42,284 nipype.workflow INFO:
	 [Node] Finished "boldref_wm", elapsed time 1.114616s.
250527-22:59:42,338 nipype.workflow INFO:
	 [Node] Finished "_acc_msk_tfm1", elapsed time 1.68141s.
250527-22:59:43,713 nipype.workflow INFO:
	 [Node] Executing "union_mask" <nipype.interfaces.utility.wrappers.Function>
250527-22:59:43,844 nipype.workflow INFO:
	 [Node] Finished "union_mask", elapsed time 0.129973s.
250527-22:59:44,338 nipype.workflow INFO:
	 [Node] Setting-up "fmriprep_25_0_wf.sub_GEO015_wf.bold_ses_t3_task_image_run_2_wf.bold_fit_wf.func_fit_reports_wf.epi_t1_report" in "/work/fmriprep_25_0_wf/sub_GEO015_wf/bold_ses_t3_task_image_run_2_wf/bold_fit_wf/func_fit_reports_wf/epi_t1_report".
250527-22:59:44,623 nipype.workflow INFO:
	 [Node] Setting-up "_acc_msk_tfm0" in "/work/fmriprep_25_0_wf/sub_GEO015_wf/bold_ses_t3_task_image_run_2_wf/bold_confounds_wf/acc_msk_tfm/mapflow/_acc_msk_tfm0".
250527-22:59:44,629 nipype.workflow INFO:
	 [Node] Cached "_acc_msk_tfm0" - collecting precomputed outputs
250527-22:59:44,629 nipype.workflow INFO:
	 [Node] "_acc_msk_tfm0" found cached.
250527-22:59:44,630 nipype.workflow INFO:
	 [Node] Setting-up "_acc_msk_tfm1" in "/work/fmriprep_25_0_wf/sub_GEO015_wf/bold_ses_t3_task_image_run_2_wf/bold_confounds_wf/acc_msk_tfm/mapflow/_acc_msk_tfm1".
250527-22:59:44,636 nipype.workflow INFO:
	 [Node] Cached "_acc_msk_tfm1" - collecting precomputed outputs
250527-22:59:44,636 nipype.workflow INFO:
	 [Node] "_acc_msk_tfm1" found cached.
250527-22:59:44,637 nipype.workflow INFO:
	 [Node] Setting-up "_acc_msk_tfm2" in "/work/fmriprep_25_0_wf/sub_GEO015_wf/bold_ses_t3_task_image_run_2_wf/bold_confounds_wf/acc_msk_tfm/mapflow/_acc_msk_tfm2".
250527-22:59:44,642 nipype.workflow INFO:
	 [Node] Cached "_acc_msk_tfm2" - collecting precomputed outputs
250527-22:59:44,642 nipype.workflow INFO:
	 [Node] "_acc_msk_tfm2" found cached.
250527-22:59:45,26 nipype.workflow INFO:
	 [Node] Executing "epi_t1_report" <nireports.interfaces.reporting.base.SimpleBeforeAfterRPT>
250527-22:59:45,27 nipype.interface INFO:
	 Report - setting before (/out/sub-GEO015/ses-t3/func/sub-GEO015_ses-t3_task-image_run-2_desc-coreg_boldref.nii.gz) and after (/work/fmriprep_25_0_wf/sub_GEO015_wf/bold_ses_t3_task_image_run_2_wf/bold_fit_wf/func_fit_reports_wf/t1w_boldref/sub-GEO015_desc-preproc_T1w_trans.nii.gz) images
250527-22:59:45,27 nipype.interface INFO:
	 Generating visual report
250527-22:59:46,691 nipype.workflow INFO:
	 [Node] Setting-up "fmriprep_25_0_wf.sub_GEO015_wf.bold_ses_t3_task_image_run_2_wf.bold_confounds_wf.dilated_mask" in "/work/fmriprep_25_0_wf/sub_GEO015_wf/bold_ses_t3_task_image_run_2_wf/bold_confounds_wf/dilated_mask".
250527-22:59:47,354 nipype.workflow INFO:
	 [Node] Executing "dilated_mask" <niworkflows.interfaces.morphology.BinaryDilation>
250527-22:59:47,525 nipype.workflow INFO:
	 [Node] Finished "dilated_mask", elapsed time 0.17026s.
250527-22:59:48,73 nipype.workflow INFO:
	 [Node] Setting-up "_acc_msk_brain0" in "/work/fmriprep_25_0_wf/sub_GEO015_wf/bold_ses_t3_task_image_run_2_wf/bold_confounds_wf/acc_msk_brain/mapflow/_acc_msk_brain0".
250527-22:59:48,74 nipype.workflow INFO:
	 [Node] Setting-up "_acc_msk_brain1" in "/work/fmriprep_25_0_wf/sub_GEO015_wf/bold_ses_t3_task_image_run_2_wf/bold_confounds_wf/acc_msk_brain/mapflow/_acc_msk_brain1".
250527-22:59:48,75 nipype.workflow INFO:
	 [Node] Setting-up "_acc_msk_brain2" in "/work/fmriprep_25_0_wf/sub_GEO015_wf/bold_ses_t3_task_image_run_2_wf/bold_confounds_wf/acc_msk_brain/mapflow/_acc_msk_brain2".
250527-22:59:49,288 nipype.workflow INFO:
	 [Node] Executing "_acc_msk_brain0" <niworkflows.interfaces.nibabel.ApplyMask>
250527-22:59:49,444 nipype.workflow INFO:
	 [Node] Executing "_acc_msk_brain2" <niworkflows.interfaces.nibabel.ApplyMask>
250527-22:59:49,450 nipype.workflow INFO:
	 [Node] Executing "_acc_msk_brain1" <niworkflows.interfaces.nibabel.ApplyMask>
250527-22:59:49,617 nipype.workflow INFO:
	 [Node] Finished "_acc_msk_brain0", elapsed time 0.327777s.
250527-22:59:49,652 nipype.workflow INFO:
	 [Node] Finished "_acc_msk_brain1", elapsed time 0.200217s.
250527-22:59:49,681 nipype.workflow INFO:
	 [Node] Finished "_acc_msk_brain2", elapsed time 0.236512s.
250527-22:59:50,75 nipype.workflow INFO:
	 [Node] Setting-up "fmriprep_25_0_wf.sub_GEO015_wf.bold_ses_t3_task_image_run_2_wf.bold_confounds_wf.subtract_mask" in "/work/fmriprep_25_0_wf/sub_GEO015_wf/bold_ses_t3_task_image_run_2_wf/bold_confounds_wf/subtract_mask".
250527-22:59:50,995 nipype.workflow INFO:
	 [Node] Executing "subtract_mask" <niworkflows.interfaces.morphology.BinarySubtraction>
250527-22:59:51,98 nipype.workflow INFO:
	 [Node] Finished "subtract_mask", elapsed time 0.101873s.
250527-22:59:52,734 nipype.workflow INFO:
	 [Node] Setting-up "_acc_msk_brain0" in "/work/fmriprep_25_0_wf/sub_GEO015_wf/bold_ses_t3_task_image_run_2_wf/bold_confounds_wf/acc_msk_brain/mapflow/_acc_msk_brain0".
250527-22:59:52,741 nipype.workflow INFO:
	 [Node] Cached "_acc_msk_brain0" - collecting precomputed outputs
250527-22:59:52,741 nipype.workflow INFO:
	 [Node] "_acc_msk_brain0" found cached.
250527-22:59:52,741 nipype.workflow INFO:
	 [Node] Setting-up "_acc_msk_brain1" in "/work/fmriprep_25_0_wf/sub_GEO015_wf/bold_ses_t3_task_image_run_2_wf/bold_confounds_wf/acc_msk_brain/mapflow/_acc_msk_brain1".
250527-22:59:52,744 nipype.workflow INFO:
	 [Node] Cached "_acc_msk_brain1" - collecting precomputed outputs
250527-22:59:52,744 nipype.workflow INFO:
	 [Node] "_acc_msk_brain1" found cached.
250527-22:59:52,745 nipype.workflow INFO:
	 [Node] Setting-up "_acc_msk_brain2" in "/work/fmriprep_25_0_wf/sub_GEO015_wf/bold_ses_t3_task_image_run_2_wf/bold_confounds_wf/acc_msk_brain/mapflow/_acc_msk_brain2".
250527-22:59:52,748 nipype.workflow INFO:
	 [Node] Cached "_acc_msk_brain2" - collecting precomputed outputs
250527-22:59:52,748 nipype.workflow INFO:
	 [Node] "_acc_msk_brain2" found cached.
250527-22:59:52,770 nipype.workflow INFO:
	 [Node] Finished "bbregister", elapsed time 42.380156s.
250527-22:59:54,83 nipype.workflow INFO:
	 [Node] Setting-up "fmriprep_25_0_wf.sub_GEO015_wf.bold_ses_t3_task_image_run_4_wf.bold_fit_wf.bold_reg_wf.bbreg_wf.bbregister" in "/work/fmriprep_25_0_wf/sub_GEO015_wf/bold_ses_t3_task_image_run_4_wf/bold_fit_wf/bold_reg_wf/bbreg_wf/bbregister".
250527-22:59:55,93 nipype.workflow INFO:
	 [Node] Executing "bbregister" <nipype.interfaces.freesurfer.preprocess.BBRegister>
250527-22:59:57,497 nipype.workflow INFO:
	 [Node] Setting-up "fmriprep_25_0_wf.sub_GEO015_wf.bold_ses_t3_task_image_run_3_wf.bold_fit_wf.bold_reg_wf.bbreg_wf.compare_transforms" in "/work/fmriprep_25_0_wf/sub_GEO015_wf/bold_ses_t3_task_image_run_3_wf/bold_fit_wf/bold_reg_wf/bbreg_wf/compare_transforms".
250527-22:59:57,499 nipype.workflow INFO:
	 [Node] Setting-up "_acc_msk_bin0" in "/work/fmriprep_25_0_wf/sub_GEO015_wf/bold_ses_t3_task_image_run_2_wf/bold_confounds_wf/acc_msk_bin/mapflow/_acc_msk_bin0".
250527-22:59:57,499 nipype.workflow INFO:
	 [Node] Setting-up "_acc_msk_bin1" in "/work/fmriprep_25_0_wf/sub_GEO015_wf/bold_ses_t3_task_image_run_2_wf/bold_confounds_wf/acc_msk_bin/mapflow/_acc_msk_bin1".
250527-22:59:57,499 nipype.workflow INFO:
	 [Node] Setting-up "_acc_msk_bin2" in "/work/fmriprep_25_0_wf/sub_GEO015_wf/bold_ses_t3_task_image_run_2_wf/bold_confounds_wf/acc_msk_bin/mapflow/_acc_msk_bin2".
250527-23:00:00,113 nipype.workflow INFO:
	 [Node] Executing "_acc_msk_bin0" <niworkflows.interfaces.nibabel.Binarize>
250527-23:00:00,142 nipype.workflow INFO:
	 [Node] Executing "compare_transforms" <nipype.interfaces.utility.wrappers.Function>
250527-23:00:00,153 nipype.workflow INFO:
	 [Node] Finished "compare_transforms", elapsed time 0.009515s.
250527-23:00:00,498 nipype.workflow INFO:
	 [Node] Finished "_acc_msk_bin0", elapsed time 0.38378s.
250527-23:00:00,718 nipype.workflow INFO:
	 [Node] Executing "_acc_msk_bin2" <niworkflows.interfaces.nibabel.Binarize>
250527-23:00:00,737 nipype.workflow INFO:
	 [Node] Executing "_acc_msk_bin1" <niworkflows.interfaces.nibabel.Binarize>
250527-23:00:01,328 nipype.workflow INFO:
	 [Node] Finished "_acc_msk_bin2", elapsed time 0.609788s.
250527-23:00:01,362 nipype.workflow INFO:
	 [Node] Finished "_acc_msk_bin1", elapsed time 0.62318s.
250527-23:00:02,285 nipype.workflow INFO:
	 [Node] Finished "epi_t1_report", elapsed time 17.25854s.
250527-23:00:08,987 nipype.workflow INFO:
	 [Node] Setting-up "fmriprep_25_0_wf.sub_GEO015_wf.bold_ses_t3_task_image_run_2_wf.bold_fit_wf.func_fit_reports_wf.ds_epi_t1_report" in "/work/fmriprep_25_0_wf/sub_GEO015_wf/bold_ses_t3_task_image_run_2_wf/bold_fit_wf/func_fit_reports_wf/ds_epi_t1_report".
250527-23:00:09,386 nipype.workflow INFO:
	 [Node] Setting-up "fmriprep_25_0_wf.sub_GEO015_wf.bold_ses_t3_task_image_run_3_wf.bold_fit_wf.bold_reg_wf.bbreg_wf.concat_xfm" in "/work/fmriprep_25_0_wf/sub_GEO015_wf/bold_ses_t3_task_image_run_3_wf/bold_fit_wf/bold_reg_wf/bbreg_wf/concat_xfm".
250527-23:00:12,441 nipype.workflow INFO:
	 [Node] Setting-up "_acc_msk_bin0" in "/work/fmriprep_25_0_wf/sub_GEO015_wf/bold_ses_t3_task_image_run_2_wf/bold_confounds_wf/acc_msk_bin/mapflow/_acc_msk_bin0".
250527-23:00:12,444 nipype.workflow INFO:
	 [Node] Cached "_acc_msk_bin0" - collecting precomputed outputs
250527-23:00:12,444 nipype.workflow INFO:
	 [Node] "_acc_msk_bin0" found cached.
250527-23:00:12,445 nipype.workflow INFO:
	 [Node] Setting-up "_acc_msk_bin1" in "/work/fmriprep_25_0_wf/sub_GEO015_wf/bold_ses_t3_task_image_run_2_wf/bold_confounds_wf/acc_msk_bin/mapflow/_acc_msk_bin1".
250527-23:00:12,448 nipype.workflow INFO:
	 [Node] Cached "_acc_msk_bin1" - collecting precomputed outputs
250527-23:00:12,448 nipype.workflow INFO:
	 [Node] "_acc_msk_bin1" found cached.
250527-23:00:12,449 nipype.workflow INFO:
	 [Node] Setting-up "_acc_msk_bin2" in "/work/fmriprep_25_0_wf/sub_GEO015_wf/bold_ses_t3_task_image_run_2_wf/bold_confounds_wf/acc_msk_bin/mapflow/_acc_msk_bin2".
250527-23:00:12,453 nipype.workflow INFO:
	 [Node] Cached "_acc_msk_bin2" - collecting precomputed outputs
250527-23:00:12,453 nipype.workflow INFO:
	 [Node] "_acc_msk_bin2" found cached.
250527-23:00:12,457 nipype.workflow INFO:
	 [Node] Executing "concat_xfm" <niworkflows.interfaces.nitransforms.ConcatenateXFMs>
250527-23:00:12,539 nipype.workflow INFO:
	 [Node] Executing "ds_epi_t1_report" <fmriprep.interfaces.DerivativesDataSink>
250527-23:00:13,901 nipype.workflow INFO:
	 [Node] Finished "concat_xfm", elapsed time 1.4429910000000001s.
250527-23:00:15,105 nipype.workflow INFO:
	 [Node] Finished "ds_epi_t1_report", elapsed time 2.5650399999999998s.
250527-23:00:22,728 nipype.workflow INFO:
	 [Node] Setting-up "fmriprep_25_0_wf.sub_GEO015_wf.bold_ses_t3_task_image_run_3_wf.bold_fit_wf.func_fit_reports_wf.t1w_boldref" in "/work/fmriprep_25_0_wf/sub_GEO015_wf/bold_ses_t3_task_image_run_3_wf/bold_fit_wf/func_fit_reports_wf/t1w_boldref".
250527-23:00:23,817 nipype.workflow INFO:
	 [Node] Executing "t1w_boldref" <niworkflows.interfaces.fixes.FixHeaderApplyTransforms>
250527-23:00:24,649 nipype.workflow INFO:
	 [Node] Setting-up "fmriprep_25_0_wf.sub_GEO015_wf.bold_ses_t3_task_image_run_3_wf.bold_confounds_wf.t1w_mask_tfm" in "/work/fmriprep_25_0_wf/sub_GEO015_wf/bold_ses_t3_task_image_run_3_wf/bold_confounds_wf/t1w_mask_tfm".
250527-23:00:25,650 nipype.workflow INFO:
	 [Node] Executing "t1w_mask_tfm" <niworkflows.interfaces.fixes.FixHeaderApplyTransforms>
250527-23:00:25,696 nipype.workflow INFO:
	 [Node] Finished "t1w_boldref", elapsed time 1.8779050000000002s.
250527-23:00:26,902 nipype.workflow INFO:
	 [Node] Setting-up "_acc_msk_tfm1" in "/work/fmriprep_25_0_wf/sub_GEO015_wf/bold_ses_t3_task_image_run_3_wf/bold_confounds_wf/acc_msk_tfm/mapflow/_acc_msk_tfm1".
250527-23:00:26,902 nipype.workflow INFO:
	 [Node] Setting-up "_acc_msk_tfm0" in "/work/fmriprep_25_0_wf/sub_GEO015_wf/bold_ses_t3_task_image_run_3_wf/bold_confounds_wf/acc_msk_tfm/mapflow/_acc_msk_tfm0".
250527-23:00:26,904 nipype.workflow INFO:
	 [Node] Setting-up "_acc_msk_tfm2" in "/work/fmriprep_25_0_wf/sub_GEO015_wf/bold_ses_t3_task_image_run_3_wf/bold_confounds_wf/acc_msk_tfm/mapflow/_acc_msk_tfm2".
250527-23:00:27,426 nipype.workflow INFO:
	 [Node] Setting-up "fmriprep_25_0_wf.sub_GEO015_wf.bold_ses_t3_task_image_run_3_wf.bold_fit_wf.func_fit_reports_wf.boldref_wm" in "/work/fmriprep_25_0_wf/sub_GEO015_wf/bold_ses_t3_task_image_run_3_wf/bold_fit_wf/func_fit_reports_wf/boldref_wm".
250527-23:00:28,725 nipype.workflow INFO:
	 [Node] Finished "t1w_mask_tfm", elapsed time 3.074186s.
250527-23:00:29,378 nipype.workflow INFO:
	 [Node] Executing "_acc_msk_tfm1" <niworkflows.interfaces.fixes.FixHeaderApplyTransforms>
250527-23:00:29,438 nipype.workflow INFO:
	 [Node] Executing "_acc_msk_tfm0" <niworkflows.interfaces.fixes.FixHeaderApplyTransforms>
250527-23:00:29,458 nipype.workflow INFO:
	 [Node] Executing "_acc_msk_tfm2" <niworkflows.interfaces.fixes.FixHeaderApplyTransforms>
250527-23:00:29,832 nipype.workflow INFO:
	 [Node] Executing "boldref_wm" <niworkflows.interfaces.fixes.FixHeaderApplyTransforms>
250527-23:00:30,735 nipype.workflow INFO:
	 [Node] Finished "boldref_wm", elapsed time 0.901151s.
250527-23:00:30,753 nipype.workflow INFO:
	 [Node] Finished "_acc_msk_tfm2", elapsed time 1.294566s.
250527-23:00:30,940 nipype.workflow INFO:
	 [Node] Finished "_acc_msk_tfm1", elapsed time 1.56116s.
250527-23:00:30,965 nipype.workflow INFO:
	 [Node] Finished "_acc_msk_tfm0", elapsed time 1.523755s.
250527-23:00:31,438 nipype.workflow INFO:
	 [Node] Setting-up "fmriprep_25_0_wf.sub_GEO015_wf.bold_ses_t3_task_image_run_3_wf.bold_confounds_wf.union_mask" in "/work/fmriprep_25_0_wf/sub_GEO015_wf/bold_ses_t3_task_image_run_3_wf/bold_confounds_wf/union_mask".
250527-23:00:32,534 nipype.workflow INFO:
	 [Node] Executing "union_mask" <nipype.interfaces.utility.wrappers.Function>
250527-23:00:32,627 nipype.workflow INFO:
	 [Node] Finished "union_mask", elapsed time 0.091757s.
250527-23:00:33,326 nipype.workflow INFO:
	 [Node] Setting-up "fmriprep_25_0_wf.sub_GEO015_wf.bold_ses_t3_task_image_run_3_wf.bold_fit_wf.func_fit_reports_wf.epi_t1_report" in "/work/fmriprep_25_0_wf/sub_GEO015_wf/bold_ses_t3_task_image_run_3_wf/bold_fit_wf/func_fit_reports_wf/epi_t1_report".
250527-23:00:34,271 nipype.workflow INFO:
	 [Node] Setting-up "_acc_msk_tfm0" in "/work/fmriprep_25_0_wf/sub_GEO015_wf/bold_ses_t3_task_image_run_3_wf/bold_confounds_wf/acc_msk_tfm/mapflow/_acc_msk_tfm0".
250527-23:00:34,279 nipype.workflow INFO:
	 [Node] Cached "_acc_msk_tfm0" - collecting precomputed outputs
250527-23:00:34,279 nipype.workflow INFO:
	 [Node] "_acc_msk_tfm0" found cached.
250527-23:00:34,280 nipype.workflow INFO:
	 [Node] Setting-up "_acc_msk_tfm1" in "/work/fmriprep_25_0_wf/sub_GEO015_wf/bold_ses_t3_task_image_run_3_wf/bold_confounds_wf/acc_msk_tfm/mapflow/_acc_msk_tfm1".
250527-23:00:34,287 nipype.workflow INFO:
	 [Node] Cached "_acc_msk_tfm1" - collecting precomputed outputs
250527-23:00:34,287 nipype.workflow INFO:
	 [Node] "_acc_msk_tfm1" found cached.
250527-23:00:34,288 nipype.workflow INFO:
	 [Node] Setting-up "_acc_msk_tfm2" in "/work/fmriprep_25_0_wf/sub_GEO015_wf/bold_ses_t3_task_image_run_3_wf/bold_confounds_wf/acc_msk_tfm/mapflow/_acc_msk_tfm2".
250527-23:00:34,293 nipype.workflow INFO:
	 [Node] Cached "_acc_msk_tfm2" - collecting precomputed outputs
250527-23:00:34,293 nipype.workflow INFO:
	 [Node] "_acc_msk_tfm2" found cached.
250527-23:00:34,439 nipype.workflow INFO:
	 [Node] Executing "epi_t1_report" <nireports.interfaces.reporting.base.SimpleBeforeAfterRPT>
250527-23:00:34,440 nipype.interface INFO:
	 Report - setting before (/out/sub-GEO015/ses-t3/func/sub-GEO015_ses-t3_task-image_run-3_desc-coreg_boldref.nii.gz) and after (/work/fmriprep_25_0_wf/sub_GEO015_wf/bold_ses_t3_task_image_run_3_wf/bold_fit_wf/func_fit_reports_wf/t1w_boldref/sub-GEO015_desc-preproc_T1w_trans.nii.gz) images
250527-23:00:34,440 nipype.interface INFO:
	 Generating visual report
250527-23:00:35,701 nipype.workflow INFO:
	 [Node] Setting-up "fmriprep_25_0_wf.sub_GEO015_wf.bold_ses_t3_task_image_run_3_wf.bold_confounds_wf.dilated_mask" in "/work/fmriprep_25_0_wf/sub_GEO015_wf/bold_ses_t3_task_image_run_3_wf/bold_confounds_wf/dilated_mask".
250527-23:00:36,658 nipype.workflow INFO:
	 [Node] Executing "dilated_mask" <niworkflows.interfaces.morphology.BinaryDilation>
250527-23:00:36,743 nipype.workflow INFO:
	 [Node] Finished "dilated_mask", elapsed time 0.083924s.
250527-23:00:37,364 nipype.workflow INFO:
	 [Node] Setting-up "_acc_msk_brain0" in "/work/fmriprep_25_0_wf/sub_GEO015_wf/bold_ses_t3_task_image_run_3_wf/bold_confounds_wf/acc_msk_brain/mapflow/_acc_msk_brain0".
250527-23:00:37,366 nipype.workflow INFO:
	 [Node] Setting-up "_acc_msk_brain1" in "/work/fmriprep_25_0_wf/sub_GEO015_wf/bold_ses_t3_task_image_run_3_wf/bold_confounds_wf/acc_msk_brain/mapflow/_acc_msk_brain1".
250527-23:00:37,366 nipype.workflow INFO:
	 [Node] Setting-up "_acc_msk_brain2" in "/work/fmriprep_25_0_wf/sub_GEO015_wf/bold_ses_t3_task_image_run_3_wf/bold_confounds_wf/acc_msk_brain/mapflow/_acc_msk_brain2".
250527-23:00:38,363 nipype.workflow INFO:
	 [Node] Executing "_acc_msk_brain1" <niworkflows.interfaces.nibabel.ApplyMask>
250527-23:00:38,452 nipype.workflow INFO:
	 [Node] Executing "_acc_msk_brain0" <niworkflows.interfaces.nibabel.ApplyMask>
250527-23:00:38,454 nipype.workflow INFO:
	 [Node] Executing "_acc_msk_brain2" <niworkflows.interfaces.nibabel.ApplyMask>
250527-23:00:38,513 nipype.workflow INFO:
	 [Node] Finished "_acc_msk_brain1", elapsed time 0.149051s.
250527-23:00:38,638 nipype.workflow INFO:
	 [Node] Finished "_acc_msk_brain2", elapsed time 0.183047s.
250527-23:00:38,667 nipype.workflow INFO:
	 [Node] Finished "_acc_msk_brain0", elapsed time 0.213852s.
250527-23:00:39,442 nipype.workflow INFO:
	 [Node] Setting-up "fmriprep_25_0_wf.sub_GEO015_wf.bold_ses_t3_task_image_run_3_wf.bold_confounds_wf.subtract_mask" in "/work/fmriprep_25_0_wf/sub_GEO015_wf/bold_ses_t3_task_image_run_3_wf/bold_confounds_wf/subtract_mask".
250527-23:00:40,67 nipype.workflow INFO:
	 [Node] Setting-up "_acc_msk_brain0" in "/work/fmriprep_25_0_wf/sub_GEO015_wf/bold_ses_t3_task_image_run_3_wf/bold_confounds_wf/acc_msk_brain/mapflow/_acc_msk_brain0".
250527-23:00:40,73 nipype.workflow INFO:
	 [Node] Cached "_acc_msk_brain0" - collecting precomputed outputs
250527-23:00:40,73 nipype.workflow INFO:
	 [Node] "_acc_msk_brain0" found cached.
250527-23:00:40,74 nipype.workflow INFO:
	 [Node] Setting-up "_acc_msk_brain1" in "/work/fmriprep_25_0_wf/sub_GEO015_wf/bold_ses_t3_task_image_run_3_wf/bold_confounds_wf/acc_msk_brain/mapflow/_acc_msk_brain1".
250527-23:00:40,79 nipype.workflow INFO:
	 [Node] Cached "_acc_msk_brain1" - collecting precomputed outputs
250527-23:00:40,79 nipype.workflow INFO:
	 [Node] "_acc_msk_brain1" found cached.
250527-23:00:40,79 nipype.workflow INFO:
	 [Node] Setting-up "_acc_msk_brain2" in "/work/fmriprep_25_0_wf/sub_GEO015_wf/bold_ses_t3_task_image_run_3_wf/bold_confounds_wf/acc_msk_brain/mapflow/_acc_msk_brain2".
250527-23:00:40,83 nipype.workflow INFO:
	 [Node] Cached "_acc_msk_brain2" - collecting precomputed outputs
250527-23:00:40,83 nipype.workflow INFO:
	 [Node] "_acc_msk_brain2" found cached.
250527-23:00:40,733 nipype.workflow INFO:
	 [Node] Executing "subtract_mask" <niworkflows.interfaces.morphology.BinarySubtraction>
250527-23:00:40,832 nipype.workflow INFO:
	 [Node] Finished "subtract_mask", elapsed time 0.097843s.
250527-23:00:43,428 nipype.workflow INFO:
	 [Node] Setting-up "_acc_msk_bin0" in "/work/fmriprep_25_0_wf/sub_GEO015_wf/bold_ses_t3_task_image_run_3_wf/bold_confounds_wf/acc_msk_bin/mapflow/_acc_msk_bin0".
250527-23:00:43,429 nipype.workflow INFO:
	 [Node] Setting-up "_acc_msk_bin1" in "/work/fmriprep_25_0_wf/sub_GEO015_wf/bold_ses_t3_task_image_run_3_wf/bold_confounds_wf/acc_msk_bin/mapflow/_acc_msk_bin1".
250527-23:00:43,429 nipype.workflow INFO:
	 [Node] Setting-up "_acc_msk_bin2" in "/work/fmriprep_25_0_wf/sub_GEO015_wf/bold_ses_t3_task_image_run_3_wf/bold_confounds_wf/acc_msk_bin/mapflow/_acc_msk_bin2".
250527-23:00:44,805 nipype.workflow INFO:
	 [Node] Executing "_acc_msk_bin0" <niworkflows.interfaces.nibabel.Binarize>
250527-23:00:44,966 nipype.workflow INFO:
	 [Node] Finished "bbregister", elapsed time 49.871336s.
250527-23:00:45,504 nipype.workflow INFO:
	 [Node] Executing "_acc_msk_bin2" <niworkflows.interfaces.nibabel.Binarize>
250527-23:00:45,528 nipype.workflow INFO:
	 [Node] Finished "_acc_msk_bin0", elapsed time 0.721855s.
250527-23:00:45,801 nipype.workflow INFO:
	 [Node] Executing "_acc_msk_bin1" <niworkflows.interfaces.nibabel.Binarize>
250527-23:00:45,814 nipype.workflow INFO:
	 [Node] Finished "_acc_msk_bin2", elapsed time 0.309174s.
250527-23:00:46,88 nipype.workflow INFO:
	 [Node] Finished "_acc_msk_bin1", elapsed time 0.285898s.
250527-23:00:47,456 nipype.workflow INFO:
	 [Node] Setting-up "fmriprep_25_0_wf.sub_GEO015_wf.bold_ses_t3_task_image_run_5_wf.bold_fit_wf.bold_reg_wf.bbreg_wf.bbregister" in "/work/fmriprep_25_0_wf/sub_GEO015_wf/bold_ses_t3_task_image_run_5_wf/bold_fit_wf/bold_reg_wf/bbreg_wf/bbregister".
250527-23:00:49,15 nipype.workflow INFO:
	 [Node] Executing "bbregister" <nipype.interfaces.freesurfer.preprocess.BBRegister>
250527-23:00:50,76 nipype.workflow INFO:
	 [Node] Setting-up "fmriprep_25_0_wf.sub_GEO015_wf.bold_ses_t3_task_image_run_4_wf.bold_fit_wf.bold_reg_wf.bbreg_wf.compare_transforms" in "/work/fmriprep_25_0_wf/sub_GEO015_wf/bold_ses_t3_task_image_run_4_wf/bold_fit_wf/bold_reg_wf/bbreg_wf/compare_transforms".
250527-23:00:50,762 nipype.workflow INFO:
	 [Node] Setting-up "_acc_msk_bin0" in "/work/fmriprep_25_0_wf/sub_GEO015_wf/bold_ses_t3_task_image_run_3_wf/bold_confounds_wf/acc_msk_bin/mapflow/_acc_msk_bin0".
250527-23:00:50,765 nipype.workflow INFO:
	 [Node] Cached "_acc_msk_bin0" - collecting precomputed outputs
250527-23:00:50,765 nipype.workflow INFO:
	 [Node] "_acc_msk_bin0" found cached.
250527-23:00:50,766 nipype.workflow INFO:
	 [Node] Setting-up "_acc_msk_bin1" in "/work/fmriprep_25_0_wf/sub_GEO015_wf/bold_ses_t3_task_image_run_3_wf/bold_confounds_wf/acc_msk_bin/mapflow/_acc_msk_bin1".
250527-23:00:50,769 nipype.workflow INFO:
	 [Node] Cached "_acc_msk_bin1" - collecting precomputed outputs
250527-23:00:50,769 nipype.workflow INFO:
	 [Node] "_acc_msk_bin1" found cached.
250527-23:00:50,770 nipype.workflow INFO:
	 [Node] Setting-up "_acc_msk_bin2" in "/work/fmriprep_25_0_wf/sub_GEO015_wf/bold_ses_t3_task_image_run_3_wf/bold_confounds_wf/acc_msk_bin/mapflow/_acc_msk_bin2".
250527-23:00:50,773 nipype.workflow INFO:
	 [Node] Cached "_acc_msk_bin2" - collecting precomputed outputs
250527-23:00:50,773 nipype.workflow INFO:
	 [Node] "_acc_msk_bin2" found cached.
250527-23:00:51,82 nipype.workflow INFO:
	 [Node] Finished "epi_t1_report", elapsed time 16.642483s.
250527-23:00:51,113 nipype.workflow INFO:
	 [Node] Executing "compare_transforms" <nipype.interfaces.utility.wrappers.Function>
250527-23:00:51,123 nipype.workflow INFO:
	 [Node] Finished "compare_transforms", elapsed time 0.009247s.
250527-23:00:56,827 nipype.workflow INFO:
	 [Node] Setting-up "fmriprep_25_0_wf.sub_GEO015_wf.bold_ses_t3_task_image_run_3_wf.bold_fit_wf.func_fit_reports_wf.ds_epi_t1_report" in "/work/fmriprep_25_0_wf/sub_GEO015_wf/bold_ses_t3_task_image_run_3_wf/bold_fit_wf/func_fit_reports_wf/ds_epi_t1_report".
250527-23:00:57,424 nipype.workflow INFO:
	 [Node] Executing "ds_epi_t1_report" <fmriprep.interfaces.DerivativesDataSink>
250527-23:00:57,611 nipype.workflow INFO:
	 [Node] Finished "ds_epi_t1_report", elapsed time 0.186364s.
250527-23:01:04,735 nipype.workflow INFO:
	 [Node] Setting-up "fmriprep_25_0_wf.sub_GEO015_wf.bold_ses_t3_task_image_run_4_wf.bold_fit_wf.bold_reg_wf.bbreg_wf.concat_xfm" in "/work/fmriprep_25_0_wf/sub_GEO015_wf/bold_ses_t3_task_image_run_4_wf/bold_fit_wf/bold_reg_wf/bbreg_wf/concat_xfm".
250527-23:01:05,610 nipype.workflow INFO:
	 [Node] Executing "concat_xfm" <niworkflows.interfaces.nitransforms.ConcatenateXFMs>
250527-23:01:05,808 nipype.workflow INFO:
	 [Node] Finished "concat_xfm", elapsed time 0.196755s.
250527-23:01:09,663 nipype.workflow INFO:
	 [Node] Setting-up "fmriprep_25_0_wf.sub_GEO015_wf.bold_ses_t3_task_image_run_4_wf.bold_fit_wf.func_fit_reports_wf.t1w_boldref" in "/work/fmriprep_25_0_wf/sub_GEO015_wf/bold_ses_t3_task_image_run_4_wf/bold_fit_wf/func_fit_reports_wf/t1w_boldref".
250527-23:01:10,539 nipype.workflow INFO:
	 [Node] Executing "t1w_boldref" <niworkflows.interfaces.fixes.FixHeaderApplyTransforms>
250527-23:01:10,950 nipype.workflow INFO:
	 [Node] Setting-up "fmriprep_25_0_wf.sub_GEO015_wf.bold_ses_t3_task_image_run_4_wf.bold_confounds_wf.t1w_mask_tfm" in "/work/fmriprep_25_0_wf/sub_GEO015_wf/bold_ses_t3_task_image_run_4_wf/bold_confounds_wf/t1w_mask_tfm".
250527-23:01:11,959 nipype.workflow INFO:
	 [Node] Executing "t1w_mask_tfm" <niworkflows.interfaces.fixes.FixHeaderApplyTransforms>
250527-23:01:12,579 nipype.workflow INFO:
	 [Node] Finished "t1w_boldref", elapsed time 2.039241s.
250527-23:01:14,188 nipype.workflow INFO:
	 [Node] Setting-up "_acc_msk_tfm0" in "/work/fmriprep_25_0_wf/sub_GEO015_wf/bold_ses_t3_task_image_run_4_wf/bold_confounds_wf/acc_msk_tfm/mapflow/_acc_msk_tfm0".
250527-23:01:14,189 nipype.workflow INFO:
	 [Node] Setting-up "_acc_msk_tfm1" in "/work/fmriprep_25_0_wf/sub_GEO015_wf/bold_ses_t3_task_image_run_4_wf/bold_confounds_wf/acc_msk_tfm/mapflow/_acc_msk_tfm1".
250527-23:01:14,190 nipype.workflow INFO:
	 [Node] Setting-up "_acc_msk_tfm2" in "/work/fmriprep_25_0_wf/sub_GEO015_wf/bold_ses_t3_task_image_run_4_wf/bold_confounds_wf/acc_msk_tfm/mapflow/_acc_msk_tfm2".
250527-23:01:14,501 nipype.workflow INFO:
	 [Node] Finished "t1w_mask_tfm", elapsed time 2.541037s.
250527-23:01:14,568 nipype.workflow INFO:
	 [Node] Setting-up "fmriprep_25_0_wf.sub_GEO015_wf.bold_ses_t3_task_image_run_4_wf.bold_fit_wf.func_fit_reports_wf.boldref_wm" in "/work/fmriprep_25_0_wf/sub_GEO015_wf/bold_ses_t3_task_image_run_4_wf/bold_fit_wf/func_fit_reports_wf/boldref_wm".
250527-23:01:16,567 nipype.workflow INFO:
	 [Node] Setting-up "fmriprep_25_0_wf.sub_GEO015_wf.bold_ses_t3_task_image_run_4_wf.bold_confounds_wf.union_mask" in "/work/fmriprep_25_0_wf/sub_GEO015_wf/bold_ses_t3_task_image_run_4_wf/bold_confounds_wf/union_mask".
250527-23:01:16,690 nipype.workflow INFO:
	 [Node] Executing "_acc_msk_tfm0" <niworkflows.interfaces.fixes.FixHeaderApplyTransforms>
250527-23:01:16,690 nipype.workflow INFO:
	 [Node] Executing "_acc_msk_tfm2" <niworkflows.interfaces.fixes.FixHeaderApplyTransforms>
250527-23:01:16,827 nipype.workflow INFO:
	 [Node] Executing "boldref_wm" <niworkflows.interfaces.fixes.FixHeaderApplyTransforms>
250527-23:01:17,195 nipype.workflow INFO:
	 [Node] Executing "_acc_msk_tfm1" <niworkflows.interfaces.fixes.FixHeaderApplyTransforms>
250527-23:01:18,884 nipype.workflow INFO:
	 [Node] Finished "boldref_wm", elapsed time 2.055693s.
250527-23:01:19,132 nipype.workflow INFO:
	 [Node] Finished "_acc_msk_tfm0", elapsed time 2.440891s.
250527-23:01:19,155 nipype.workflow INFO:
	 [Node] Finished "_acc_msk_tfm2", elapsed time 2.463559s.
250527-23:01:19,177 nipype.workflow INFO:
	 [Node] Finished "_acc_msk_tfm1", elapsed time 1.980151s.
250527-23:01:19,488 nipype.workflow INFO:
	 [Node] Executing "union_mask" <nipype.interfaces.utility.wrappers.Function>
250527-23:01:19,811 nipype.workflow INFO:
	 [Node] Finished "union_mask", elapsed time 0.321796s.
250527-23:01:20,573 nipype.workflow INFO:
	 [Node] Setting-up "fmriprep_25_0_wf.sub_GEO015_wf.bold_ses_t3_task_image_run_4_wf.bold_fit_wf.func_fit_reports_wf.epi_t1_report" in "/work/fmriprep_25_0_wf/sub_GEO015_wf/bold_ses_t3_task_image_run_4_wf/bold_fit_wf/func_fit_reports_wf/epi_t1_report".
250527-23:01:21,764 nipype.workflow INFO:
	 [Node] Executing "epi_t1_report" <nireports.interfaces.reporting.base.SimpleBeforeAfterRPT>
250527-23:01:21,765 nipype.interface INFO:
	 Report - setting before (/out/sub-GEO015/ses-t3/func/sub-GEO015_ses-t3_task-image_run-4_desc-coreg_boldref.nii.gz) and after (/work/fmriprep_25_0_wf/sub_GEO015_wf/bold_ses_t3_task_image_run_4_wf/bold_fit_wf/func_fit_reports_wf/t1w_boldref/sub-GEO015_desc-preproc_T1w_trans.nii.gz) images
250527-23:01:21,765 nipype.interface INFO:
	 Generating visual report
250527-23:01:22,579 nipype.workflow INFO:
	 [Node] Setting-up "fmriprep_25_0_wf.sub_GEO015_wf.bold_ses_t3_task_image_run_4_wf.bold_confounds_wf.dilated_mask" in "/work/fmriprep_25_0_wf/sub_GEO015_wf/bold_ses_t3_task_image_run_4_wf/bold_confounds_wf/dilated_mask".
250527-23:01:23,632 nipype.workflow INFO:
	 [Node] Setting-up "_acc_msk_tfm0" in "/work/fmriprep_25_0_wf/sub_GEO015_wf/bold_ses_t3_task_image_run_4_wf/bold_confounds_wf/acc_msk_tfm/mapflow/_acc_msk_tfm0".
250527-23:01:23,637 nipype.workflow INFO:
	 [Node] Cached "_acc_msk_tfm0" - collecting precomputed outputs
250527-23:01:23,637 nipype.workflow INFO:
	 [Node] "_acc_msk_tfm0" found cached.
250527-23:01:23,637 nipype.workflow INFO:
	 [Node] Setting-up "_acc_msk_tfm1" in "/work/fmriprep_25_0_wf/sub_GEO015_wf/bold_ses_t3_task_image_run_4_wf/bold_confounds_wf/acc_msk_tfm/mapflow/_acc_msk_tfm1".
250527-23:01:23,640 nipype.workflow INFO:
	 [Node] Cached "_acc_msk_tfm1" - collecting precomputed outputs
250527-23:01:23,640 nipype.workflow INFO:
	 [Node] "_acc_msk_tfm1" found cached.
250527-23:01:23,641 nipype.workflow INFO:
	 [Node] Setting-up "_acc_msk_tfm2" in "/work/fmriprep_25_0_wf/sub_GEO015_wf/bold_ses_t3_task_image_run_4_wf/bold_confounds_wf/acc_msk_tfm/mapflow/_acc_msk_tfm2".
250527-23:01:23,645 nipype.workflow INFO:
	 [Node] Cached "_acc_msk_tfm2" - collecting precomputed outputs
250527-23:01:23,645 nipype.workflow INFO:
	 [Node] "_acc_msk_tfm2" found cached.
250527-23:01:24,281 nipype.workflow INFO:
	 [Node] Executing "dilated_mask" <niworkflows.interfaces.morphology.BinaryDilation>
250527-23:01:24,398 nipype.workflow INFO:
	 [Node] Finished "dilated_mask", elapsed time 0.115892s.
250527-23:01:25,481 nipype.workflow INFO:
	 [Node] Finished "bbregister", elapsed time 36.464569s.
250527-23:01:26,575 nipype.workflow INFO:
	 [Node] Setting-up "fmriprep_25_0_wf.sub_GEO015_wf.bold_ses_t3_task_image_run_4_wf.bold_confounds_wf.subtract_mask" in "/work/fmriprep_25_0_wf/sub_GEO015_wf/bold_ses_t3_task_image_run_4_wf/bold_confounds_wf/subtract_mask".
250527-23:01:26,576 nipype.workflow INFO:
	 [Node] Setting-up "_acc_msk_brain0" in "/work/fmriprep_25_0_wf/sub_GEO015_wf/bold_ses_t3_task_image_run_4_wf/bold_confounds_wf/acc_msk_brain/mapflow/_acc_msk_brain0".
250527-23:01:26,577 nipype.workflow INFO:
	 [Node] Setting-up "_acc_msk_brain1" in "/work/fmriprep_25_0_wf/sub_GEO015_wf/bold_ses_t3_task_image_run_4_wf/bold_confounds_wf/acc_msk_brain/mapflow/_acc_msk_brain1".
250527-23:01:26,577 nipype.workflow INFO:
	 [Node] Setting-up "_acc_msk_brain2" in "/work/fmriprep_25_0_wf/sub_GEO015_wf/bold_ses_t3_task_image_run_4_wf/bold_confounds_wf/acc_msk_brain/mapflow/_acc_msk_brain2".
250527-23:01:28,541 nipype.workflow INFO:
	 [Node] Executing "subtract_mask" <niworkflows.interfaces.morphology.BinarySubtraction>
250527-23:01:29,720 nipype.workflow INFO:
	 [Node] Finished "subtract_mask", elapsed time 1.177876s.
250527-23:01:29,896 nipype.workflow INFO:
	 [Node] Executing "_acc_msk_brain2" <niworkflows.interfaces.nibabel.ApplyMask>
250527-23:01:29,896 nipype.workflow INFO:
	 [Node] Executing "_acc_msk_brain0" <niworkflows.interfaces.nibabel.ApplyMask>
250527-23:01:29,907 nipype.workflow INFO:
	 [Node] Executing "_acc_msk_brain1" <niworkflows.interfaces.nibabel.ApplyMask>
250527-23:01:30,75 nipype.workflow INFO:
	 [Node] Finished "_acc_msk_brain2", elapsed time 0.177986s.
250527-23:01:30,90 nipype.workflow INFO:
	 [Node] Finished "_acc_msk_brain1", elapsed time 0.182083s.
250527-23:01:30,115 nipype.workflow INFO:
	 [Node] Finished "_acc_msk_brain0", elapsed time 0.217131s.
250527-23:01:30,587 nipype.workflow INFO:
	 [Node] Setting-up "fmriprep_25_0_wf.sub_GEO015_wf.bold_ses_t3_task_retrans_run_1_wf.bold_fit_wf.bold_reg_wf.bbreg_wf.bbregister" in "/work/fmriprep_25_0_wf/sub_GEO015_wf/bold_ses_t3_task_retrans_run_1_wf/bold_fit_wf/bold_reg_wf/bbreg_wf/bbregister".
250527-23:01:32,3 nipype.workflow INFO:
	 [Node] Executing "bbregister" <nipype.interfaces.freesurfer.preprocess.BBRegister>
250527-23:01:32,875 nipype.workflow INFO:
	 [Node] Setting-up "fmriprep_25_0_wf.sub_GEO015_wf.bold_ses_t3_task_image_run_5_wf.bold_fit_wf.bold_reg_wf.bbreg_wf.compare_transforms" in "/work/fmriprep_25_0_wf/sub_GEO015_wf/bold_ses_t3_task_image_run_5_wf/bold_fit_wf/bold_reg_wf/bbreg_wf/compare_transforms".
250527-23:01:33,907 nipype.workflow INFO:
	 [Node] Setting-up "_acc_msk_brain0" in "/work/fmriprep_25_0_wf/sub_GEO015_wf/bold_ses_t3_task_image_run_4_wf/bold_confounds_wf/acc_msk_brain/mapflow/_acc_msk_brain0".
250527-23:01:33,911 nipype.workflow INFO:
	 [Node] Cached "_acc_msk_brain0" - collecting precomputed outputs
250527-23:01:33,911 nipype.workflow INFO:
	 [Node] "_acc_msk_brain0" found cached.
250527-23:01:33,912 nipype.workflow INFO:
	 [Node] Setting-up "_acc_msk_brain1" in "/work/fmriprep_25_0_wf/sub_GEO015_wf/bold_ses_t3_task_image_run_4_wf/bold_confounds_wf/acc_msk_brain/mapflow/_acc_msk_brain1".
250527-23:01:33,915 nipype.workflow INFO:
	 [Node] Cached "_acc_msk_brain1" - collecting precomputed outputs
250527-23:01:33,915 nipype.workflow INFO:
	 [Node] "_acc_msk_brain1" found cached.
250527-23:01:33,915 nipype.workflow INFO:
	 [Node] Setting-up "_acc_msk_brain2" in "/work/fmriprep_25_0_wf/sub_GEO015_wf/bold_ses_t3_task_image_run_4_wf/bold_confounds_wf/acc_msk_brain/mapflow/_acc_msk_brain2".
250527-23:01:33,919 nipype.workflow INFO:
	 [Node] Cached "_acc_msk_brain2" - collecting precomputed outputs
250527-23:01:33,919 nipype.workflow INFO:
	 [Node] "_acc_msk_brain2" found cached.
250527-23:01:34,278 nipype.workflow INFO:
	 [Node] Executing "compare_transforms" <nipype.interfaces.utility.wrappers.Function>
250527-23:01:34,288 nipype.workflow INFO:
	 [Node] Finished "compare_transforms", elapsed time 0.009395s.
250527-23:01:39,640 nipype.workflow INFO:
	 [Node] Finished "epi_t1_report", elapsed time 17.875203s.
250527-23:01:45,372 nipype.workflow INFO:
	 [Node] Setting-up "fmriprep_25_0_wf.sub_GEO015_wf.bold_ses_t3_task_image_run_4_wf.bold_fit_wf.func_fit_reports_wf.ds_epi_t1_report" in "/work/fmriprep_25_0_wf/sub_GEO015_wf/bold_ses_t3_task_image_run_4_wf/bold_fit_wf/func_fit_reports_wf/ds_epi_t1_report".
250527-23:01:45,373 nipype.workflow INFO:
	 [Node] Setting-up "_acc_msk_bin1" in "/work/fmriprep_25_0_wf/sub_GEO015_wf/bold_ses_t3_task_image_run_4_wf/bold_confounds_wf/acc_msk_bin/mapflow/_acc_msk_bin1".
250527-23:01:45,373 nipype.workflow INFO:
	 [Node] Setting-up "_acc_msk_bin0" in "/work/fmriprep_25_0_wf/sub_GEO015_wf/bold_ses_t3_task_image_run_4_wf/bold_confounds_wf/acc_msk_bin/mapflow/_acc_msk_bin0".
250527-23:01:45,748 nipype.workflow INFO:
	 [Node] Setting-up "_acc_msk_bin2" in "/work/fmriprep_25_0_wf/sub_GEO015_wf/bold_ses_t3_task_image_run_4_wf/bold_confounds_wf/acc_msk_bin/mapflow/_acc_msk_bin2".
250527-23:01:45,749 nipype.workflow INFO:
	 [Node] Setting-up "fmriprep_25_0_wf.sub_GEO015_wf.bold_ses_t3_task_image_run_5_wf.bold_fit_wf.bold_reg_wf.bbreg_wf.concat_xfm" in "/work/fmriprep_25_0_wf/sub_GEO015_wf/bold_ses_t3_task_image_run_5_wf/bold_fit_wf/bold_reg_wf/bbreg_wf/concat_xfm".
250527-23:01:46,319 nipype.workflow INFO:
	 [Node] Executing "ds_epi_t1_report" <fmriprep.interfaces.DerivativesDataSink>
250527-23:01:46,323 nipype.workflow INFO:
	 [Node] Executing "_acc_msk_bin0" <niworkflows.interfaces.nibabel.Binarize>
250527-23:01:46,358 nipype.workflow INFO:
	 [Node] Executing "_acc_msk_bin1" <niworkflows.interfaces.nibabel.Binarize>
250527-23:01:46,997 nipype.workflow INFO:
	 [Node] Finished "_acc_msk_bin1", elapsed time 0.638115s.
250527-23:01:47,41 nipype.workflow INFO:
	 [Node] Executing "concat_xfm" <niworkflows.interfaces.nitransforms.ConcatenateXFMs>
250527-23:01:47,57 nipype.workflow INFO:
	 [Node] Finished "_acc_msk_bin0", elapsed time 0.732736s.
250527-23:01:47,57 nipype.workflow INFO:
	 [Node] Finished "ds_epi_t1_report", elapsed time 0.735855s.
250527-23:01:47,364 nipype.workflow INFO:
	 [Node] Executing "_acc_msk_bin2" <niworkflows.interfaces.nibabel.Binarize>
250527-23:01:47,624 nipype.workflow INFO:
	 [Node] Finished "concat_xfm", elapsed time 0.582333s.
250527-23:01:47,949 nipype.workflow INFO:
	 [Node] Finished "_acc_msk_bin2", elapsed time 0.584391s.
250527-23:01:52,147 nipype.workflow INFO:
	 [Node] Setting-up "fmriprep_25_0_wf.sub_GEO015_wf.bold_ses_t3_task_image_run_5_wf.bold_fit_wf.func_fit_reports_wf.t1w_boldref" in "/work/fmriprep_25_0_wf/sub_GEO015_wf/bold_ses_t3_task_image_run_5_wf/bold_fit_wf/func_fit_reports_wf/t1w_boldref".
250527-23:01:52,500 nipype.workflow INFO:
	 [Node] Setting-up "_acc_msk_bin0" in "/work/fmriprep_25_0_wf/sub_GEO015_wf/bold_ses_t3_task_image_run_4_wf/bold_confounds_wf/acc_msk_bin/mapflow/_acc_msk_bin0".
250527-23:01:52,504 nipype.workflow INFO:
	 [Node] Cached "_acc_msk_bin0" - collecting precomputed outputs
250527-23:01:52,505 nipype.workflow INFO:
	 [Node] "_acc_msk_bin0" found cached.
250527-23:01:52,505 nipype.workflow INFO:
	 [Node] Setting-up "_acc_msk_bin1" in "/work/fmriprep_25_0_wf/sub_GEO015_wf/bold_ses_t3_task_image_run_4_wf/bold_confounds_wf/acc_msk_bin/mapflow/_acc_msk_bin1".
250527-23:01:52,512 nipype.workflow INFO:
	 [Node] Cached "_acc_msk_bin1" - collecting precomputed outputs
250527-23:01:52,512 nipype.workflow INFO:
	 [Node] "_acc_msk_bin1" found cached.
250527-23:01:52,513 nipype.workflow INFO:
	 [Node] Setting-up "_acc_msk_bin2" in "/work/fmriprep_25_0_wf/sub_GEO015_wf/bold_ses_t3_task_image_run_4_wf/bold_confounds_wf/acc_msk_bin/mapflow/_acc_msk_bin2".
250527-23:01:52,516 nipype.workflow INFO:
	 [Node] Cached "_acc_msk_bin2" - collecting precomputed outputs
250527-23:01:52,516 nipype.workflow INFO:
	 [Node] "_acc_msk_bin2" found cached.
250527-23:01:53,103 nipype.workflow INFO:
	 [Node] Executing "t1w_boldref" <niworkflows.interfaces.fixes.FixHeaderApplyTransforms>
250527-23:01:53,801 nipype.workflow INFO:
	 [Node] Setting-up "fmriprep_25_0_wf.sub_GEO015_wf.bold_ses_t3_task_image_run_5_wf.bold_confounds_wf.t1w_mask_tfm" in "/work/fmriprep_25_0_wf/sub_GEO015_wf/bold_ses_t3_task_image_run_5_wf/bold_confounds_wf/t1w_mask_tfm".
250527-23:01:54,988 nipype.workflow INFO:
	 [Node] Executing "t1w_mask_tfm" <niworkflows.interfaces.fixes.FixHeaderApplyTransforms>
250527-23:01:55,175 nipype.workflow INFO:
	 [Node] Finished "t1w_boldref", elapsed time 2.070711s.
250527-23:01:57,373 nipype.workflow INFO:
	 [Node] Finished "t1w_mask_tfm", elapsed time 2.383615s.
250527-23:01:59,939 nipype.workflow INFO:
	 [Node] Setting-up "_acc_msk_tfm0" in "/work/fmriprep_25_0_wf/sub_GEO015_wf/bold_ses_t3_task_image_run_5_wf/bold_confounds_wf/acc_msk_tfm/mapflow/_acc_msk_tfm0".
250527-23:01:59,940 nipype.workflow INFO:
	 [Node] Setting-up "_acc_msk_tfm1" in "/work/fmriprep_25_0_wf/sub_GEO015_wf/bold_ses_t3_task_image_run_5_wf/bold_confounds_wf/acc_msk_tfm/mapflow/_acc_msk_tfm1".
250527-23:01:59,942 nipype.workflow INFO:
	 [Node] Setting-up "_acc_msk_tfm2" in "/work/fmriprep_25_0_wf/sub_GEO015_wf/bold_ses_t3_task_image_run_5_wf/bold_confounds_wf/acc_msk_tfm/mapflow/_acc_msk_tfm2".
250527-23:02:00,324 nipype.workflow INFO:
	 [Node] Setting-up "fmriprep_25_0_wf.sub_GEO015_wf.bold_ses_t3_task_image_run_5_wf.bold_fit_wf.func_fit_reports_wf.boldref_wm" in "/work/fmriprep_25_0_wf/sub_GEO015_wf/bold_ses_t3_task_image_run_5_wf/bold_fit_wf/func_fit_reports_wf/boldref_wm".
250527-23:02:00,325 nipype.workflow INFO:
	 [Node] Setting-up "fmriprep_25_0_wf.sub_GEO015_wf.bold_ses_t3_task_image_run_5_wf.bold_confounds_wf.union_mask" in "/work/fmriprep_25_0_wf/sub_GEO015_wf/bold_ses_t3_task_image_run_5_wf/bold_confounds_wf/union_mask".
250527-23:02:00,607 nipype.workflow INFO:
	 [Node] Executing "_acc_msk_tfm1" <niworkflows.interfaces.fixes.FixHeaderApplyTransforms>
250527-23:02:00,811 nipype.workflow INFO:
	 [Node] Executing "_acc_msk_tfm2" <niworkflows.interfaces.fixes.FixHeaderApplyTransforms>
250527-23:02:00,991 nipype.workflow INFO:
	 [Node] Executing "_acc_msk_tfm0" <niworkflows.interfaces.fixes.FixHeaderApplyTransforms>
250527-23:02:01,355 nipype.workflow INFO:
	 [Node] Executing "boldref_wm" <niworkflows.interfaces.fixes.FixHeaderApplyTransforms>
250527-23:02:01,477 nipype.workflow INFO:
	 [Node] Executing "union_mask" <nipype.interfaces.utility.wrappers.Function>
250527-23:02:01,652 nipype.workflow INFO:
	 [Node] Finished "union_mask", elapsed time 0.174042s.
250527-23:02:01,964 nipype.workflow INFO:
	 [Node] Finished "_acc_msk_tfm1", elapsed time 1.355352s.
250527-23:02:02,227 nipype.workflow INFO:
	 [Node] Finished "_acc_msk_tfm2", elapsed time 1.415237s.
250527-23:02:02,473 nipype.workflow INFO:
	 [Node] Finished "boldref_wm", elapsed time 1.11725s.
250527-23:02:02,515 nipype.workflow INFO:
	 [Node] Finished "_acc_msk_tfm0", elapsed time 1.523649s.
250527-23:02:03,438 nipype.workflow INFO:
	 [Node] Finished "bbregister", elapsed time 31.434245s.
250527-23:02:04,333 nipype.workflow INFO:
	 [Node] Setting-up "fmriprep_25_0_wf.sub_GEO015_wf.bold_ses_t3_task_image_run_5_wf.bold_fit_wf.func_fit_reports_wf.epi_t1_report" in "/work/fmriprep_25_0_wf/sub_GEO015_wf/bold_ses_t3_task_image_run_5_wf/bold_fit_wf/func_fit_reports_wf/epi_t1_report".
250527-23:02:04,334 nipype.workflow INFO:
	 [Node] Setting-up "fmriprep_25_0_wf.sub_GEO015_wf.bold_ses_t3_task_image_run_5_wf.bold_confounds_wf.dilated_mask" in "/work/fmriprep_25_0_wf/sub_GEO015_wf/bold_ses_t3_task_image_run_5_wf/bold_confounds_wf/dilated_mask".
250527-23:02:05,324 nipype.workflow INFO:
	 [Node] Setting-up "_acc_msk_tfm0" in "/work/fmriprep_25_0_wf/sub_GEO015_wf/bold_ses_t3_task_image_run_5_wf/bold_confounds_wf/acc_msk_tfm/mapflow/_acc_msk_tfm0".
250527-23:02:05,329 nipype.workflow INFO:
	 [Node] Cached "_acc_msk_tfm0" - collecting precomputed outputs
250527-23:02:05,330 nipype.workflow INFO:
	 [Node] "_acc_msk_tfm0" found cached.
250527-23:02:05,331 nipype.workflow INFO:
	 [Node] Setting-up "_acc_msk_tfm1" in "/work/fmriprep_25_0_wf/sub_GEO015_wf/bold_ses_t3_task_image_run_5_wf/bold_confounds_wf/acc_msk_tfm/mapflow/_acc_msk_tfm1".
250527-23:02:05,335 nipype.workflow INFO:
	 [Node] Cached "_acc_msk_tfm1" - collecting precomputed outputs
250527-23:02:05,335 nipype.workflow INFO:
	 [Node] "_acc_msk_tfm1" found cached.
250527-23:02:05,335 nipype.workflow INFO:
	 [Node] Setting-up "_acc_msk_tfm2" in "/work/fmriprep_25_0_wf/sub_GEO015_wf/bold_ses_t3_task_image_run_5_wf/bold_confounds_wf/acc_msk_tfm/mapflow/_acc_msk_tfm2".
250527-23:02:05,339 nipype.workflow INFO:
	 [Node] Cached "_acc_msk_tfm2" - collecting precomputed outputs
250527-23:02:05,339 nipype.workflow INFO:
	 [Node] "_acc_msk_tfm2" found cached.
250527-23:02:05,883 nipype.workflow INFO:
	 [Node] Executing "dilated_mask" <niworkflows.interfaces.morphology.BinaryDilation>
250527-23:02:06,69 nipype.workflow INFO:
	 [Node] Finished "dilated_mask", elapsed time 0.184856s.
250527-23:02:06,151 nipype.workflow INFO:
	 [Node] Executing "epi_t1_report" <nireports.interfaces.reporting.base.SimpleBeforeAfterRPT>
250527-23:02:06,152 nipype.interface INFO:
	 Report - setting before (/out/sub-GEO015/ses-t3/func/sub-GEO015_ses-t3_task-image_run-5_desc-coreg_boldref.nii.gz) and after (/work/fmriprep_25_0_wf/sub_GEO015_wf/bold_ses_t3_task_image_run_5_wf/bold_fit_wf/func_fit_reports_wf/t1w_boldref/sub-GEO015_desc-preproc_T1w_trans.nii.gz) images
250527-23:02:06,152 nipype.interface INFO:
	 Generating visual report
250527-23:02:09,835 nipype.workflow INFO:
	 [Node] Setting-up "fmriprep_25_0_wf.sub_GEO015_wf.bold_ses_t2_task_image_run_1_wf.bold_confounds_wf.acompcor" in "/work/fmriprep_25_0_wf/sub_GEO015_wf/bold_ses_t2_task_image_run_1_wf/bold_confounds_wf/acompcor".
250527-23:02:09,880 nipype.workflow INFO:
	 [Node] Setting-up "_msmsulc0" in "/work/fmriprep_25_0_wf/sub_GEO015_wf/anat_fit_wf/msm_sulc_wf/msmsulc/mapflow/_msmsulc0".
250527-23:02:09,907 nipype.workflow INFO:
	 [Node] Setting-up "_msmsulc1" in "/work/fmriprep_25_0_wf/sub_GEO015_wf/anat_fit_wf/msm_sulc_wf/msmsulc/mapflow/_msmsulc1".
250527-23:02:10,303 nipype.workflow INFO:
	 [Node] Setting-up "fmriprep_25_0_wf.sub_GEO015_wf.bold_ses_t3_task_retrans_run_1_wf.bold_fit_wf.bold_reg_wf.bbreg_wf.compare_transforms" in "/work/fmriprep_25_0_wf/sub_GEO015_wf/bold_ses_t3_task_retrans_run_1_wf/bold_fit_wf/bold_reg_wf/bbreg_wf/compare_transforms".
250527-23:02:10,303 nipype.workflow INFO:
	 [Node] Setting-up "fmriprep_25_0_wf.sub_GEO015_wf.bold_ses_t3_task_image_run_5_wf.bold_confounds_wf.subtract_mask" in "/work/fmriprep_25_0_wf/sub_GEO015_wf/bold_ses_t3_task_image_run_5_wf/bold_confounds_wf/subtract_mask".
250527-23:02:12,11 nipype.workflow INFO:
	 [Node] Executing "acompcor" <niworkflows.interfaces.patches.RobustACompCor>
250527-23:02:12,37 nipype.workflow INFO:
	 [Node] Executing "_msmsulc1" <smriprep.interfaces.msm.MSM>
250527-23:02:12,51 nipype.workflow INFO:
	 [Node] Executing "compare_transforms" <nipype.interfaces.utility.wrappers.Function>
250527-23:02:12,63 nipype.workflow INFO:
	 [Node] Executing "subtract_mask" <niworkflows.interfaces.morphology.BinarySubtraction>
250527-23:02:12,69 nipype.workflow INFO:
	 [Node] Finished "compare_transforms", elapsed time 0.016705s.
250527-23:02:12,78 nipype.workflow INFO:
	 [Node] Executing "_msmsulc0" <smriprep.interfaces.msm.MSM>
250527-23:02:12,273 nipype.workflow INFO:
	 [Node] Finished "subtract_mask", elapsed time 0.208589s.
250527-23:02:18,234 nipype.workflow INFO:
	 [Node] Finished "acompcor", elapsed time 6.221442s.
250527-23:02:19,285 nipype.workflow INFO:
	 [Node] Setting-up "_acc_msk_brain0" in "/work/fmriprep_25_0_wf/sub_GEO015_wf/bold_ses_t3_task_image_run_5_wf/bold_confounds_wf/acc_msk_brain/mapflow/_acc_msk_brain0".
250527-23:02:19,287 nipype.workflow INFO:
	 [Node] Setting-up "_acc_msk_brain1" in "/work/fmriprep_25_0_wf/sub_GEO015_wf/bold_ses_t3_task_image_run_5_wf/bold_confounds_wf/acc_msk_brain/mapflow/_acc_msk_brain1".
250527-23:02:21,119 nipype.workflow INFO:
	 [Node] Executing "_acc_msk_brain0" <niworkflows.interfaces.nibabel.ApplyMask>
250527-23:02:21,383 nipype.workflow INFO:
	 [Node] Executing "_acc_msk_brain1" <niworkflows.interfaces.nibabel.ApplyMask>
250527-23:02:21,677 nipype.workflow INFO:
	 [Node] Finished "_acc_msk_brain1", elapsed time 0.292659s.
250527-23:02:21,688 nipype.workflow INFO:
	 [Node] Finished "_acc_msk_brain0", elapsed time 0.568206s.
250527-23:02:23,222 nipype.workflow INFO:
	 [Node] Finished "epi_t1_report", elapsed time 17.06994s.
250527-23:02:24,616 nipype.workflow INFO:
	 [Node] Setting-up "fmriprep_25_0_wf.sub_GEO015_wf.bold_ses_t2_task_image_run_2_wf.bold_confounds_wf.acompcor" in "/work/fmriprep_25_0_wf/sub_GEO015_wf/bold_ses_t2_task_image_run_2_wf/bold_confounds_wf/acompcor".
250527-23:02:25,4 nipype.workflow INFO:
	 [Node] Setting-up "fmriprep_25_0_wf.sub_GEO015_wf.bold_ses_t3_task_retrans_run_1_wf.bold_fit_wf.bold_reg_wf.bbreg_wf.concat_xfm" in "/work/fmriprep_25_0_wf/sub_GEO015_wf/bold_ses_t3_task_retrans_run_1_wf/bold_fit_wf/bold_reg_wf/bbreg_wf/concat_xfm".
250527-23:02:25,6 nipype.workflow INFO:
	 [Node] Setting-up "fmriprep_25_0_wf.sub_GEO015_wf.bold_ses_t3_task_image_run_5_wf.bold_fit_wf.func_fit_reports_wf.ds_epi_t1_report" in "/work/fmriprep_25_0_wf/sub_GEO015_wf/bold_ses_t3_task_image_run_5_wf/bold_fit_wf/func_fit_reports_wf/ds_epi_t1_report".
250527-23:02:25,6 nipype.workflow INFO:
	 [Node] Setting-up "fmriprep_25_0_wf.sub_GEO015_wf.bold_ses_t2_task_image_run_1_wf.bold_confounds_wf.rename_acompcor" in "/work/fmriprep_25_0_wf/sub_GEO015_wf/bold_ses_t2_task_image_run_1_wf/bold_confounds_wf/rename_acompcor".
250527-23:02:26,360 nipype.workflow INFO:
	 [Node] Executing "concat_xfm" <niworkflows.interfaces.nitransforms.ConcatenateXFMs>
250527-23:02:26,411 nipype.workflow INFO:
	 [Node] Executing "acompcor" <niworkflows.interfaces.patches.RobustACompCor>
250527-23:02:26,441 nipype.workflow INFO:
	 [Node] Executing "ds_epi_t1_report" <fmriprep.interfaces.DerivativesDataSink>
250527-23:02:26,475 nipype.workflow INFO:
	 [Node] Executing "rename_acompcor" <fmriprep.interfaces.confounds.RenameACompCor>
250527-23:02:26,631 nipype.workflow INFO:
	 [Node] Finished "concat_xfm", elapsed time 0.270222s.
250527-23:02:26,810 nipype.workflow INFO:
	 [Node] Finished "ds_epi_t1_report", elapsed time 0.367002s.
250527-23:02:27,196 nipype.workflow INFO:
	 [Node] Finished "rename_acompcor", elapsed time 0.719517s.
250527-23:02:32,446 nipype.workflow INFO:
	 [Node] Finished "acompcor", elapsed time 6.033195s.
250527-23:02:32,534 nipype.workflow INFO:
	 [Node] Setting-up "fmriprep_25_0_wf.sub_GEO015_wf.bold_ses_t2_task_image_run_1_wf.bold_confounds_wf.acc_metadata_filter" in "/work/fmriprep_25_0_wf/sub_GEO015_wf/bold_ses_t2_task_image_run_1_wf/bold_confounds_wf/acc_metadata_filter".
250527-23:02:32,536 nipype.workflow INFO:
	 [Node] Setting-up "_acc_msk_brain2" in "/work/fmriprep_25_0_wf/sub_GEO015_wf/bold_ses_t3_task_image_run_5_wf/bold_confounds_wf/acc_msk_brain/mapflow/_acc_msk_brain2".
250527-23:02:34,317 nipype.workflow INFO:
	 [Node] Executing "acc_metadata_filter" <fmriprep.interfaces.confounds.FilterDropped>
250527-23:02:34,445 nipype.workflow INFO:
	 [Node] Executing "_acc_msk_brain2" <niworkflows.interfaces.nibabel.ApplyMask>
250527-23:02:34,464 nipype.workflow INFO:
	 [Node] Finished "acc_metadata_filter", elapsed time 0.145779s.
250527-23:02:34,676 nipype.workflow INFO:
	 [Node] Finished "_acc_msk_brain2", elapsed time 0.229384s.
250527-23:02:35,99 nipype.workflow INFO:
	 [Node] Setting-up "fmriprep_25_0_wf.sub_GEO015_wf.bold_ses_t3_task_retrans_run_1_wf.bold_confounds_wf.t1w_mask_tfm" in "/work/fmriprep_25_0_wf/sub_GEO015_wf/bold_ses_t3_task_retrans_run_1_wf/bold_confounds_wf/t1w_mask_tfm".
250527-23:02:36,252 nipype.workflow INFO:
	 [Node] Setting-up "fmriprep_25_0_wf.sub_GEO015_wf.bold_ses_t3_task_retrans_run_1_wf.bold_fit_wf.func_fit_reports_wf.t1w_boldref" in "/work/fmriprep_25_0_wf/sub_GEO015_wf/bold_ses_t3_task_retrans_run_1_wf/bold_fit_wf/func_fit_reports_wf/t1w_boldref".
250527-23:02:36,253 nipype.workflow INFO:
	 [Node] Setting-up "fmriprep_25_0_wf.sub_GEO015_wf.bold_ses_t3_task_retrans_run_1_wf.bold_fit_wf.func_fit_reports_wf.boldref_wm" in "/work/fmriprep_25_0_wf/sub_GEO015_wf/bold_ses_t3_task_retrans_run_1_wf/bold_fit_wf/func_fit_reports_wf/boldref_wm".
250527-23:02:36,355 nipype.workflow INFO:
	 [Node] Executing "t1w_mask_tfm" <niworkflows.interfaces.fixes.FixHeaderApplyTransforms>
250527-23:02:37,254 nipype.workflow INFO:
	 [Node] Setting-up "_acc_msk_brain0" in "/work/fmriprep_25_0_wf/sub_GEO015_wf/bold_ses_t3_task_image_run_5_wf/bold_confounds_wf/acc_msk_brain/mapflow/_acc_msk_brain0".
250527-23:02:37,258 nipype.workflow INFO:
	 [Node] Cached "_acc_msk_brain0" - collecting precomputed outputs
250527-23:02:37,258 nipype.workflow INFO:
	 [Node] "_acc_msk_brain0" found cached.
250527-23:02:37,259 nipype.workflow INFO:
	 [Node] Setting-up "_acc_msk_brain1" in "/work/fmriprep_25_0_wf/sub_GEO015_wf/bold_ses_t3_task_image_run_5_wf/bold_confounds_wf/acc_msk_brain/mapflow/_acc_msk_brain1".
250527-23:02:37,272 nipype.workflow INFO:
	 [Node] Cached "_acc_msk_brain1" - collecting precomputed outputs
250527-23:02:37,272 nipype.workflow INFO:
	 [Node] "_acc_msk_brain1" found cached.
250527-23:02:37,273 nipype.workflow INFO:
	 [Node] Setting-up "_acc_msk_brain2" in "/work/fmriprep_25_0_wf/sub_GEO015_wf/bold_ses_t3_task_image_run_5_wf/bold_confounds_wf/acc_msk_brain/mapflow/_acc_msk_brain2".
250527-23:02:37,276 nipype.workflow INFO:
	 [Node] Cached "_acc_msk_brain2" - collecting precomputed outputs
250527-23:02:37,276 nipype.workflow INFO:
	 [Node] "_acc_msk_brain2" found cached.
250527-23:02:37,478 nipype.workflow INFO:
	 [Node] Executing "t1w_boldref" <niworkflows.interfaces.fixes.FixHeaderApplyTransforms>
250527-23:02:37,559 nipype.workflow INFO:
	 [Node] Executing "boldref_wm" <niworkflows.interfaces.fixes.FixHeaderApplyTransforms>
250527-23:02:38,247 nipype.workflow INFO:
	 [Node] Setting-up "fmriprep_25_0_wf.sub_GEO015_wf.bold_ses_t2_task_image_run_2_wf.bold_confounds_wf.rename_acompcor" in "/work/fmriprep_25_0_wf/sub_GEO015_wf/bold_ses_t2_task_image_run_2_wf/bold_confounds_wf/rename_acompcor".
250527-23:02:38,255 nipype.workflow INFO:
	 [Node] Setting-up "fmriprep_25_0_wf.sub_GEO015_wf.bold_ses_t2_task_image_run_1_wf.bold_confounds_wf.acc_metadata_fmt" in "/work/fmriprep_25_0_wf/sub_GEO015_wf/bold_ses_t2_task_image_run_1_wf/bold_confounds_wf/acc_metadata_fmt".
250527-23:02:38,416 nipype.workflow INFO:
	 [Node] Finished "boldref_wm", elapsed time 0.85632s.
250527-23:02:39,90 nipype.workflow INFO:
	 [Node] Finished "t1w_mask_tfm", elapsed time 2.732919s.
250527-23:02:39,206 nipype.workflow INFO:
	 [Node] Setting-up "_acc_msk_tfm0" in "/work/fmriprep_25_0_wf/sub_GEO015_wf/bold_ses_t3_task_retrans_run_1_wf/bold_confounds_wf/acc_msk_tfm/mapflow/_acc_msk_tfm0".
250527-23:02:39,785 nipype.workflow INFO:
	 [Node] Finished "t1w_boldref", elapsed time 2.305962s.
250527-23:02:39,820 nipype.workflow INFO:
	 [Node] Executing "acc_metadata_fmt" <niworkflows.interfaces.utility.TSV2JSON>
250527-23:02:39,854 nipype.workflow INFO:
	 [Node] Finished "acc_metadata_fmt", elapsed time 0.032475s.
250527-23:02:39,998 nipype.workflow INFO:
	 [Node] Executing "rename_acompcor" <fmriprep.interfaces.confounds.RenameACompCor>
250527-23:02:40,550 nipype.workflow INFO:
	 [Node] Executing "_acc_msk_tfm0" <niworkflows.interfaces.fixes.FixHeaderApplyTransforms>
250527-23:02:40,639 nipype.workflow INFO:
	 [Node] Setting-up "fmriprep_25_0_wf.sub_GEO015_wf.bold_ses_t3_task_retrans_run_1_wf.bold_fit_wf.func_fit_reports_wf.epi_t1_report" in "/work/fmriprep_25_0_wf/sub_GEO015_wf/bold_ses_t3_task_retrans_run_1_wf/bold_fit_wf/func_fit_reports_wf/epi_t1_report".
250527-23:02:40,639 nipype.workflow INFO:
	 [Node] Setting-up "fmriprep_25_0_wf.sub_GEO015_wf.bold_ses_t3_task_retrans_run_1_wf.bold_confounds_wf.union_mask" in "/work/fmriprep_25_0_wf/sub_GEO015_wf/bold_ses_t3_task_retrans_run_1_wf/bold_confounds_wf/union_mask".
250527-23:02:40,640 nipype.workflow INFO:
	 [Node] Setting-up "_acc_msk_tfm1" in "/work/fmriprep_25_0_wf/sub_GEO015_wf/bold_ses_t3_task_retrans_run_1_wf/bold_confounds_wf/acc_msk_tfm/mapflow/_acc_msk_tfm1".
250527-23:02:40,648 nipype.workflow INFO:
	 [Node] Finished "rename_acompcor", elapsed time 0.648701s.
250527-23:02:41,898 nipype.workflow INFO:
	 [Node] Executing "_acc_msk_tfm1" <niworkflows.interfaces.fixes.FixHeaderApplyTransforms>
250527-23:02:41,905 nipype.workflow INFO:
	 [Node] Executing "union_mask" <nipype.interfaces.utility.wrappers.Function>
250527-23:02:42,39 nipype.workflow INFO:
	 [Node] Finished "union_mask", elapsed time 0.133646s.
250527-23:02:42,80 nipype.workflow INFO:
	 [Node] Finished "_acc_msk_tfm0", elapsed time 1.528533s.
250527-23:02:42,126 nipype.workflow INFO:
	 [Node] Executing "epi_t1_report" <nireports.interfaces.reporting.base.SimpleBeforeAfterRPT>
250527-23:02:42,127 nipype.interface INFO:
	 Report - setting before (/out/sub-GEO015/ses-t3/func/sub-GEO015_ses-t3_task-retrans_run-1_desc-coreg_boldref.nii.gz) and after (/work/fmriprep_25_0_wf/sub_GEO015_wf/bold_ses_t3_task_retrans_run_1_wf/bold_fit_wf/func_fit_reports_wf/t1w_boldref/sub-GEO015_desc-preproc_T1w_trans.nii.gz) images
250527-23:02:42,127 nipype.interface INFO:
	 Generating visual report
250527-23:02:42,653 nipype.workflow INFO:
	 [Node] Setting-up "fmriprep_25_0_wf.sub_GEO015_wf.bold_ses_t2_task_image_run_3_wf.bold_confounds_wf.acompcor" in "/work/fmriprep_25_0_wf/sub_GEO015_wf/bold_ses_t2_task_image_run_3_wf/bold_confounds_wf/acompcor".
250527-23:02:42,654 nipype.workflow INFO:
	 [Node] Setting-up "_acc_msk_tfm2" in "/work/fmriprep_25_0_wf/sub_GEO015_wf/bold_ses_t3_task_retrans_run_1_wf/bold_confounds_wf/acc_msk_tfm/mapflow/_acc_msk_tfm2".
250527-23:02:43,200 nipype.workflow INFO:
	 [Node] Finished "_acc_msk_tfm1", elapsed time 1.301369s.
250527-23:02:43,717 nipype.workflow INFO:
	 [Node] Executing "_acc_msk_tfm2" <niworkflows.interfaces.fixes.FixHeaderApplyTransforms>
250527-23:02:44,628 nipype.workflow INFO:
	 [Node] Setting-up "fmriprep_25_0_wf.sub_GEO015_wf.bold_ses_t3_task_retrans_run_1_wf.bold_confounds_wf.dilated_mask" in "/work/fmriprep_25_0_wf/sub_GEO015_wf/bold_ses_t3_task_retrans_run_1_wf/bold_confounds_wf/dilated_mask".
250527-23:02:44,629 nipype.workflow INFO:
	 [Node] Setting-up "fmriprep_25_0_wf.sub_GEO015_wf.bold_ses_t2_task_image_run_2_wf.bold_confounds_wf.acc_metadata_filter" in "/work/fmriprep_25_0_wf/sub_GEO015_wf/bold_ses_t2_task_image_run_2_wf/bold_confounds_wf/acc_metadata_filter".
250527-23:02:45,75 nipype.workflow INFO:
	 [Node] Executing "acompcor" <niworkflows.interfaces.patches.RobustACompCor>
250527-23:02:46,89 nipype.workflow INFO:
	 [Node] Finished "_acc_msk_tfm2", elapsed time 2.370945s.
250527-23:02:46,535 nipype.workflow INFO:
	 [Node] Executing "dilated_mask" <niworkflows.interfaces.morphology.BinaryDilation>
250527-23:02:46,681 nipype.workflow INFO:
	 [Node] Finished "dilated_mask", elapsed time 0.145389s.
250527-23:02:46,824 nipype.workflow INFO:
	 [Node] Executing "acc_metadata_filter" <fmriprep.interfaces.confounds.FilterDropped>
250527-23:02:46,931 nipype.workflow INFO:
	 [Node] Finished "acc_metadata_filter", elapsed time 0.105805s.
250527-23:02:48,666 nipype.workflow INFO:
	 [Node] Setting-up "fmriprep_25_0_wf.sub_GEO015_wf.bold_ses_t3_task_retrans_run_1_wf.bold_confounds_wf.subtract_mask" in "/work/fmriprep_25_0_wf/sub_GEO015_wf/bold_ses_t3_task_retrans_run_1_wf/bold_confounds_wf/subtract_mask".
250527-23:02:48,667 nipype.workflow INFO:
	 [Node] Setting-up "fmriprep_25_0_wf.sub_GEO015_wf.bold_ses_t2_task_image_run_2_wf.bold_confounds_wf.acc_metadata_fmt" in "/work/fmriprep_25_0_wf/sub_GEO015_wf/bold_ses_t2_task_image_run_2_wf/bold_confounds_wf/acc_metadata_fmt".
250527-23:02:49,525 nipype.workflow INFO:
	 [Node] Setting-up "_acc_msk_tfm0" in "/work/fmriprep_25_0_wf/sub_GEO015_wf/bold_ses_t3_task_retrans_run_1_wf/bold_confounds_wf/acc_msk_tfm/mapflow/_acc_msk_tfm0".
250527-23:02:49,533 nipype.workflow INFO:
	 [Node] Cached "_acc_msk_tfm0" - collecting precomputed outputs
250527-23:02:49,533 nipype.workflow INFO:
	 [Node] "_acc_msk_tfm0" found cached.
250527-23:02:49,534 nipype.workflow INFO:
	 [Node] Setting-up "_acc_msk_tfm1" in "/work/fmriprep_25_0_wf/sub_GEO015_wf/bold_ses_t3_task_retrans_run_1_wf/bold_confounds_wf/acc_msk_tfm/mapflow/_acc_msk_tfm1".
250527-23:02:49,539 nipype.workflow INFO:
	 [Node] Cached "_acc_msk_tfm1" - collecting precomputed outputs
250527-23:02:49,539 nipype.workflow INFO:
	 [Node] "_acc_msk_tfm1" found cached.
250527-23:02:49,539 nipype.workflow INFO:
	 [Node] Setting-up "_acc_msk_tfm2" in "/work/fmriprep_25_0_wf/sub_GEO015_wf/bold_ses_t3_task_retrans_run_1_wf/bold_confounds_wf/acc_msk_tfm/mapflow/_acc_msk_tfm2".
250527-23:02:49,546 nipype.workflow INFO:
	 [Node] Cached "_acc_msk_tfm2" - collecting precomputed outputs
250527-23:02:49,546 nipype.workflow INFO:
	 [Node] "_acc_msk_tfm2" found cached.
250527-23:02:49,724 nipype.workflow INFO:
	 [Node] Executing "subtract_mask" <niworkflows.interfaces.morphology.BinarySubtraction>
250527-23:02:49,850 nipype.workflow INFO:
	 [Node] Executing "acc_metadata_fmt" <niworkflows.interfaces.utility.TSV2JSON>
250527-23:02:49,860 nipype.workflow INFO:
	 [Node] Finished "acc_metadata_fmt", elapsed time 0.009019s.
250527-23:02:49,890 nipype.workflow INFO:
	 [Node] Finished "subtract_mask", elapsed time 0.164584s.
250527-23:02:51,288 nipype.workflow INFO:
	 [Node] Finished "acompcor", elapsed time 6.212517s.
250527-23:02:52,739 nipype.workflow INFO:
	 [Node] Setting-up "fmriprep_25_0_wf.sub_GEO015_wf.bold_ses_t2_task_image_run_4_wf.bold_confounds_wf.acompcor" in "/work/fmriprep_25_0_wf/sub_GEO015_wf/bold_ses_t2_task_image_run_4_wf/bold_confounds_wf/acompcor".
250527-23:02:52,740 nipype.workflow INFO:
	 [Node] Setting-up "fmriprep_25_0_wf.sub_GEO015_wf.bold_ses_t2_task_image_run_3_wf.bold_confounds_wf.rename_acompcor" in "/work/fmriprep_25_0_wf/sub_GEO015_wf/bold_ses_t2_task_image_run_3_wf/bold_confounds_wf/rename_acompcor".
250527-23:02:52,742 nipype.workflow INFO:
	 [Node] Setting-up "_acc_msk_bin0" in "/work/fmriprep_25_0_wf/sub_GEO015_wf/bold_ses_t3_task_image_run_5_wf/bold_confounds_wf/acc_msk_bin/mapflow/_acc_msk_bin0".
250527-23:02:53,300 nipype.workflow INFO:
	 [Node] Executing "rename_acompcor" <fmriprep.interfaces.confounds.RenameACompCor>
250527-23:02:54,109 nipype.workflow INFO:
	 [Node] Executing "_acc_msk_bin0" <niworkflows.interfaces.nibabel.Binarize>
250527-23:02:54,288 nipype.workflow INFO:
	 [Node] Finished "rename_acompcor", elapsed time 0.987691s.
250527-23:02:54,290 nipype.workflow INFO:
	 [Node] Executing "acompcor" <niworkflows.interfaces.patches.RobustACompCor>
250527-23:02:54,454 nipype.workflow INFO:
	 [Node] Finished "_acc_msk_bin0", elapsed time 0.34356s.
250527-23:02:56,654 nipype.workflow INFO:
	 [Node] Setting-up "fmriprep_25_0_wf.sub_GEO015_wf.bold_ses_t2_task_image_run_3_wf.bold_confounds_wf.acc_metadata_filter" in "/work/fmriprep_25_0_wf/sub_GEO015_wf/bold_ses_t2_task_image_run_3_wf/bold_confounds_wf/acc_metadata_filter".
250527-23:02:56,656 nipype.workflow INFO:
	 [Node] Setting-up "_acc_msk_bin1" in "/work/fmriprep_25_0_wf/sub_GEO015_wf/bold_ses_t3_task_image_run_5_wf/bold_confounds_wf/acc_msk_bin/mapflow/_acc_msk_bin1".
250527-23:02:57,407 nipype.workflow INFO:
	 [Node] Executing "acc_metadata_filter" <fmriprep.interfaces.confounds.FilterDropped>
250527-23:02:57,537 nipype.workflow INFO:
	 [Node] Finished "acc_metadata_filter", elapsed time 0.128359s.
250527-23:02:57,674 nipype.workflow INFO:
	 [Node] Executing "_acc_msk_bin1" <niworkflows.interfaces.nibabel.Binarize>
250527-23:02:58,160 nipype.workflow INFO:
	 [Node] Finished "_acc_msk_bin1", elapsed time 0.484751s.
250527-23:02:58,645 nipype.workflow INFO:
	 [Node] Setting-up "fmriprep_25_0_wf.sub_GEO015_wf.bold_ses_t2_task_image_run_3_wf.bold_confounds_wf.acc_metadata_fmt" in "/work/fmriprep_25_0_wf/sub_GEO015_wf/bold_ses_t2_task_image_run_3_wf/bold_confounds_wf/acc_metadata_fmt".
250527-23:02:59,835 nipype.workflow INFO:
	 [Node] Executing "acc_metadata_fmt" <niworkflows.interfaces.utility.TSV2JSON>
250527-23:02:59,846 nipype.workflow INFO:
	 [Node] Finished "acc_metadata_fmt", elapsed time 0.008701s.
250527-23:02:59,975 nipype.workflow INFO:
	 [Node] Finished "epi_t1_report", elapsed time 17.847205s.
250527-23:03:00,184 nipype.workflow INFO:
	 [Node] Finished "acompcor", elapsed time 5.8926110000000005s.
250527-23:03:00,639 nipype.workflow INFO:
	 [Node] Setting-up "_acc_msk_bin2" in "/work/fmriprep_25_0_wf/sub_GEO015_wf/bold_ses_t3_task_image_run_5_wf/bold_confounds_wf/acc_msk_bin/mapflow/_acc_msk_bin2".
250527-23:03:00,641 nipype.workflow INFO:
	 [Node] Setting-up "_acc_msk_brain0" in "/work/fmriprep_25_0_wf/sub_GEO015_wf/bold_ses_t3_task_retrans_run_1_wf/bold_confounds_wf/acc_msk_brain/mapflow/_acc_msk_brain0".
250527-23:03:01,998 nipype.workflow INFO:
	 [Node] Executing "_acc_msk_bin2" <niworkflows.interfaces.nibabel.Binarize>
250527-23:03:02,120 nipype.workflow INFO:
	 [Node] Executing "_acc_msk_brain0" <niworkflows.interfaces.nibabel.ApplyMask>
250527-23:03:02,270 nipype.workflow INFO:
	 [Node] Finished "_acc_msk_bin2", elapsed time 0.270696s.
250527-23:03:02,274 nipype.workflow INFO:
	 [Node] Finished "_acc_msk_brain0", elapsed time 0.153093s.
250527-23:03:02,650 nipype.workflow INFO:
	 [Node] Setting-up "fmriprep_25_0_wf.sub_GEO015_wf.bold_ses_t3_task_retrans_run_1_wf.bold_fit_wf.func_fit_reports_wf.ds_epi_t1_report" in "/work/fmriprep_25_0_wf/sub_GEO015_wf/bold_ses_t3_task_retrans_run_1_wf/bold_fit_wf/func_fit_reports_wf/ds_epi_t1_report".
250527-23:03:02,656 nipype.workflow INFO:
	 [Node] Setting-up "fmriprep_25_0_wf.sub_GEO015_wf.bold_ses_t2_task_image_run_5_wf.bold_confounds_wf.acompcor" in "/work/fmriprep_25_0_wf/sub_GEO015_wf/bold_ses_t2_task_image_run_5_wf/bold_confounds_wf/acompcor".
250527-23:03:03,306 nipype.workflow INFO:
	 [Node] Executing "acompcor" <niworkflows.interfaces.patches.RobustACompCor>
250527-23:03:03,469 nipype.workflow INFO:
	 [Node] Executing "ds_epi_t1_report" <fmriprep.interfaces.DerivativesDataSink>
250527-23:03:04,35 nipype.workflow INFO:
	 [Node] Finished "ds_epi_t1_report", elapsed time 0.564079s.
250527-23:03:04,652 nipype.workflow INFO:
	 [Node] Setting-up "fmriprep_25_0_wf.sub_GEO015_wf.bold_ses_t2_task_image_run_4_wf.bold_confounds_wf.rename_acompcor" in "/work/fmriprep_25_0_wf/sub_GEO015_wf/bold_ses_t2_task_image_run_4_wf/bold_confounds_wf/rename_acompcor".
250527-23:03:05,792 nipype.workflow INFO:
	 [Node] Setting-up "_acc_msk_bin0" in "/work/fmriprep_25_0_wf/sub_GEO015_wf/bold_ses_t3_task_image_run_5_wf/bold_confounds_wf/acc_msk_bin/mapflow/_acc_msk_bin0".
250527-23:03:05,796 nipype.workflow INFO:
	 [Node] Cached "_acc_msk_bin0" - collecting precomputed outputs
250527-23:03:05,796 nipype.workflow INFO:
	 [Node] "_acc_msk_bin0" found cached.
250527-23:03:05,797 nipype.workflow INFO:
	 [Node] Setting-up "_acc_msk_bin1" in "/work/fmriprep_25_0_wf/sub_GEO015_wf/bold_ses_t3_task_image_run_5_wf/bold_confounds_wf/acc_msk_bin/mapflow/_acc_msk_bin1".
250527-23:03:05,801 nipype.workflow INFO:
	 [Node] Cached "_acc_msk_bin1" - collecting precomputed outputs
250527-23:03:05,801 nipype.workflow INFO:
	 [Node] "_acc_msk_bin1" found cached.
250527-23:03:05,801 nipype.workflow INFO:
	 [Node] Setting-up "_acc_msk_bin2" in "/work/fmriprep_25_0_wf/sub_GEO015_wf/bold_ses_t3_task_image_run_5_wf/bold_confounds_wf/acc_msk_bin/mapflow/_acc_msk_bin2".
250527-23:03:05,805 nipype.workflow INFO:
	 [Node] Cached "_acc_msk_bin2" - collecting precomputed outputs
250527-23:03:05,805 nipype.workflow INFO:
	 [Node] "_acc_msk_bin2" found cached.
250527-23:03:05,913 nipype.workflow INFO:
	 [Node] Executing "rename_acompcor" <fmriprep.interfaces.confounds.RenameACompCor>
250527-23:03:06,256 nipype.workflow INFO:
	 [Node] Finished "rename_acompcor", elapsed time 0.34241s.
250527-23:03:09,310 nipype.workflow INFO:
	 [Node] Finished "acompcor", elapsed time 6.002619s.
250527-23:03:10,431 nipype.workflow INFO:
	 [Node] Setting-up "_acc_msk_brain1" in "/work/fmriprep_25_0_wf/sub_GEO015_wf/bold_ses_t3_task_retrans_run_1_wf/bold_confounds_wf/acc_msk_brain/mapflow/_acc_msk_brain1".
250527-23:03:10,432 nipype.workflow INFO:
	 [Node] Setting-up "_acc_msk_brain2" in "/work/fmriprep_25_0_wf/sub_GEO015_wf/bold_ses_t3_task_retrans_run_1_wf/bold_confounds_wf/acc_msk_brain/mapflow/_acc_msk_brain2".
250527-23:03:10,826 nipype.workflow INFO:
	 [Node] Setting-up "fmriprep_25_0_wf.sub_GEO015_wf.bold_ses_t3_task_image_run_1_wf.bold_confounds_wf.acompcor" in "/work/fmriprep_25_0_wf/sub_GEO015_wf/bold_ses_t3_task_image_run_1_wf/bold_confounds_wf/acompcor".
250527-23:03:10,827 nipype.workflow INFO:
	 [Node] Setting-up "fmriprep_25_0_wf.sub_GEO015_wf.bold_ses_t2_task_image_run_5_wf.bold_confounds_wf.rename_acompcor" in "/work/fmriprep_25_0_wf/sub_GEO015_wf/bold_ses_t2_task_image_run_5_wf/bold_confounds_wf/rename_acompcor".
250527-23:03:12,359 nipype.workflow INFO:
	 [Node] Executing "_acc_msk_brain1" <niworkflows.interfaces.nibabel.ApplyMask>
250527-23:03:12,525 nipype.workflow INFO:
	 [Node] Executing "rename_acompcor" <fmriprep.interfaces.confounds.RenameACompCor>
250527-23:03:12,534 nipype.workflow INFO:
	 [Node] Finished "_acc_msk_brain1", elapsed time 0.173382s.
250527-23:03:12,623 nipype.workflow INFO:
	 [Node] Executing "_acc_msk_brain2" <niworkflows.interfaces.nibabel.ApplyMask>
250527-23:03:12,641 nipype.workflow INFO:
	 [Node] Executing "acompcor" <niworkflows.interfaces.patches.RobustACompCor>
250527-23:03:12,763 nipype.workflow INFO:
	 [Node] Finished "rename_acompcor", elapsed time 0.234467s.
250527-23:03:12,820 nipype.workflow INFO:
	 [Node] Finished "_acc_msk_brain2", elapsed time 0.195795s.
250527-23:03:14,819 nipype.workflow INFO:
	 [Node] Setting-up "fmriprep_25_0_wf.sub_GEO015_wf.bold_ses_t2_task_image_run_4_wf.bold_confounds_wf.acc_metadata_filter" in "/work/fmriprep_25_0_wf/sub_GEO015_wf/bold_ses_t2_task_image_run_4_wf/bold_confounds_wf/acc_metadata_filter".
250527-23:03:14,819 nipype.workflow INFO:
	 [Node] Setting-up "fmriprep_25_0_wf.sub_GEO015_wf.bold_ses_t2_task_image_run_5_wf.bold_confounds_wf.acc_metadata_filter" in "/work/fmriprep_25_0_wf/sub_GEO015_wf/bold_ses_t2_task_image_run_5_wf/bold_confounds_wf/acc_metadata_filter".
250527-23:03:15,777 nipype.workflow INFO:
	 [Node] Setting-up "_acc_msk_brain0" in "/work/fmriprep_25_0_wf/sub_GEO015_wf/bold_ses_t3_task_retrans_run_1_wf/bold_confounds_wf/acc_msk_brain/mapflow/_acc_msk_brain0".
250527-23:03:15,781 nipype.workflow INFO:
	 [Node] Cached "_acc_msk_brain0" - collecting precomputed outputs
250527-23:03:15,781 nipype.workflow INFO:
	 [Node] "_acc_msk_brain0" found cached.
250527-23:03:15,782 nipype.workflow INFO:
	 [Node] Setting-up "_acc_msk_brain1" in "/work/fmriprep_25_0_wf/sub_GEO015_wf/bold_ses_t3_task_retrans_run_1_wf/bold_confounds_wf/acc_msk_brain/mapflow/_acc_msk_brain1".
250527-23:03:15,807 nipype.workflow INFO:
	 [Node] Cached "_acc_msk_brain1" - collecting precomputed outputs
250527-23:03:15,807 nipype.workflow INFO:
	 [Node] "_acc_msk_brain1" found cached.
250527-23:03:15,808 nipype.workflow INFO:
	 [Node] Setting-up "_acc_msk_brain2" in "/work/fmriprep_25_0_wf/sub_GEO015_wf/bold_ses_t3_task_retrans_run_1_wf/bold_confounds_wf/acc_msk_brain/mapflow/_acc_msk_brain2".
250527-23:03:15,813 nipype.workflow INFO:
	 [Node] Cached "_acc_msk_brain2" - collecting precomputed outputs
250527-23:03:15,813 nipype.workflow INFO:
	 [Node] "_acc_msk_brain2" found cached.
250527-23:03:15,854 nipype.workflow INFO:
	 [Node] Executing "acc_metadata_filter" <fmriprep.interfaces.confounds.FilterDropped>
250527-23:03:16,32 nipype.workflow INFO:
	 [Node] Finished "acc_metadata_filter", elapsed time 0.17611s.
250527-23:03:16,146 nipype.workflow INFO:
	 [Node] Executing "acc_metadata_filter" <fmriprep.interfaces.confounds.FilterDropped>
250527-23:03:16,258 nipype.workflow INFO:
	 [Node] Finished "acc_metadata_filter", elapsed time 0.110471s.
250527-23:03:18,820 nipype.workflow INFO:
	 [Node] Setting-up "fmriprep_25_0_wf.sub_GEO015_wf.bold_ses_t2_task_image_run_4_wf.bold_confounds_wf.acc_metadata_fmt" in "/work/fmriprep_25_0_wf/sub_GEO015_wf/bold_ses_t2_task_image_run_4_wf/bold_confounds_wf/acc_metadata_fmt".
250527-23:03:18,821 nipype.workflow INFO:
	 [Node] Setting-up "fmriprep_25_0_wf.sub_GEO015_wf.bold_ses_t2_task_image_run_5_wf.bold_confounds_wf.acc_metadata_fmt" in "/work/fmriprep_25_0_wf/sub_GEO015_wf/bold_ses_t2_task_image_run_5_wf/bold_confounds_wf/acc_metadata_fmt".
250527-23:03:18,822 nipype.workflow INFO:
	 [Node] Setting-up "_acc_msk_bin0" in "/work/fmriprep_25_0_wf/sub_GEO015_wf/bold_ses_t3_task_retrans_run_1_wf/bold_confounds_wf/acc_msk_bin/mapflow/_acc_msk_bin0".
250527-23:03:19,217 nipype.workflow INFO:
	 [Node] Finished "acompcor", elapsed time 6.575493s.
250527-23:03:20,25 nipype.workflow INFO:
	 [Node] Executing "acc_metadata_fmt" <niworkflows.interfaces.utility.TSV2JSON>
250527-23:03:20,35 nipype.workflow INFO:
	 [Node] Finished "acc_metadata_fmt", elapsed time 0.007775s.
250527-23:03:20,97 nipype.workflow INFO:
	 [Node] Executing "acc_metadata_fmt" <niworkflows.interfaces.utility.TSV2JSON>
250527-23:03:20,108 nipype.workflow INFO:
	 [Node] Finished "acc_metadata_fmt", elapsed time 0.00997s.
250527-23:03:20,640 nipype.workflow INFO:
	 [Node] Executing "_acc_msk_bin0" <niworkflows.interfaces.nibabel.Binarize>
250527-23:03:20,822 nipype.workflow INFO:
	 [Node] Setting-up "fmriprep_25_0_wf.sub_GEO015_wf.bold_ses_t3_task_image_run_2_wf.bold_confounds_wf.acompcor" in "/work/fmriprep_25_0_wf/sub_GEO015_wf/bold_ses_t3_task_image_run_2_wf/bold_confounds_wf/acompcor".
250527-23:03:20,877 nipype.workflow INFO:
	 [Node] Finished "_acc_msk_bin0", elapsed time 0.230277s.
250527-23:03:22,158 nipype.workflow INFO:
	 [Node] Executing "acompcor" <niworkflows.interfaces.patches.RobustACompCor>
250527-23:03:22,819 nipype.workflow INFO:
	 [Node] Setting-up "fmriprep_25_0_wf.sub_GEO015_wf.bold_ses_t3_task_image_run_1_wf.bold_confounds_wf.rename_acompcor" in "/work/fmriprep_25_0_wf/sub_GEO015_wf/bold_ses_t3_task_image_run_1_wf/bold_confounds_wf/rename_acompcor".
250527-23:03:22,821 nipype.workflow INFO:
	 [Node] Setting-up "_acc_msk_bin1" in "/work/fmriprep_25_0_wf/sub_GEO015_wf/bold_ses_t3_task_retrans_run_1_wf/bold_confounds_wf/acc_msk_bin/mapflow/_acc_msk_bin1".
250527-23:03:22,822 nipype.workflow INFO:
	 [Node] Setting-up "_acc_msk_bin2" in "/work/fmriprep_25_0_wf/sub_GEO015_wf/bold_ses_t3_task_retrans_run_1_wf/bold_confounds_wf/acc_msk_bin/mapflow/_acc_msk_bin2".
250527-23:03:24,803 nipype.workflow INFO:
	 [Node] Executing "_acc_msk_bin1" <niworkflows.interfaces.nibabel.Binarize>
250527-23:03:25,140 nipype.workflow INFO:
	 [Node] Executing "rename_acompcor" <fmriprep.interfaces.confounds.RenameACompCor>
250527-23:03:25,147 nipype.workflow INFO:
	 [Node] Executing "_acc_msk_bin2" <niworkflows.interfaces.nibabel.Binarize>
250527-23:03:25,734 nipype.workflow INFO:
	 [Node] Finished "_acc_msk_bin1", elapsed time 0.923078s.
250527-23:03:26,287 nipype.workflow INFO:
	 [Node] Finished "_acc_msk_bin2", elapsed time 1.138634s.
250527-23:03:26,520 nipype.workflow INFO:
	 [Node] Finished "rename_acompcor", elapsed time 1.379164s.
250527-23:03:28,823 nipype.workflow INFO:
	 [Node] Setting-up "fmriprep_25_0_wf.sub_GEO015_wf.bold_ses_t3_task_image_run_1_wf.bold_confounds_wf.acc_metadata_filter" in "/work/fmriprep_25_0_wf/sub_GEO015_wf/bold_ses_t3_task_image_run_1_wf/bold_confounds_wf/acc_metadata_filter".
250527-23:03:30,288 nipype.workflow INFO:
	 [Node] Executing "acc_metadata_filter" <fmriprep.interfaces.confounds.FilterDropped>
250527-23:03:30,305 nipype.workflow INFO:
	 [Node] Setting-up "_acc_msk_bin0" in "/work/fmriprep_25_0_wf/sub_GEO015_wf/bold_ses_t3_task_retrans_run_1_wf/bold_confounds_wf/acc_msk_bin/mapflow/_acc_msk_bin0".
250527-23:03:30,308 nipype.workflow INFO:
	 [Node] Cached "_acc_msk_bin0" - collecting precomputed outputs
250527-23:03:30,308 nipype.workflow INFO:
	 [Node] "_acc_msk_bin0" found cached.
250527-23:03:30,309 nipype.workflow INFO:
	 [Node] Setting-up "_acc_msk_bin1" in "/work/fmriprep_25_0_wf/sub_GEO015_wf/bold_ses_t3_task_retrans_run_1_wf/bold_confounds_wf/acc_msk_bin/mapflow/_acc_msk_bin1".
250527-23:03:30,312 nipype.workflow INFO:
	 [Node] Cached "_acc_msk_bin1" - collecting precomputed outputs
250527-23:03:30,312 nipype.workflow INFO:
	 [Node] "_acc_msk_bin1" found cached.
250527-23:03:30,312 nipype.workflow INFO:
	 [Node] Setting-up "_acc_msk_bin2" in "/work/fmriprep_25_0_wf/sub_GEO015_wf/bold_ses_t3_task_retrans_run_1_wf/bold_confounds_wf/acc_msk_bin/mapflow/_acc_msk_bin2".
250527-23:03:30,318 nipype.workflow INFO:
	 [Node] Cached "_acc_msk_bin2" - collecting precomputed outputs
250527-23:03:30,318 nipype.workflow INFO:
	 [Node] "_acc_msk_bin2" found cached.
250527-23:03:30,447 nipype.workflow INFO:
	 [Node] Finished "acc_metadata_filter", elapsed time 0.158213s.
250527-23:03:32,642 nipype.workflow INFO:
	 [Node] Finished "acompcor", elapsed time 10.482645s.
250527-23:03:36,833 nipype.workflow INFO:
	 [Node] Setting-up "fmriprep_25_0_wf.sub_GEO015_wf.bold_ses_t3_task_image_run_1_wf.bold_confounds_wf.acc_metadata_fmt" in "/work/fmriprep_25_0_wf/sub_GEO015_wf/bold_ses_t3_task_image_run_1_wf/bold_confounds_wf/acc_metadata_fmt".
250527-23:03:37,209 nipype.workflow INFO:
	 [Node] Setting-up "fmriprep_25_0_wf.sub_GEO015_wf.bold_ses_t3_task_image_run_3_wf.bold_confounds_wf.acompcor" in "/work/fmriprep_25_0_wf/sub_GEO015_wf/bold_ses_t3_task_image_run_3_wf/bold_confounds_wf/acompcor".
250527-23:03:37,210 nipype.workflow INFO:
	 [Node] Setting-up "fmriprep_25_0_wf.sub_GEO015_wf.bold_ses_t3_task_image_run_2_wf.bold_confounds_wf.rename_acompcor" in "/work/fmriprep_25_0_wf/sub_GEO015_wf/bold_ses_t3_task_image_run_2_wf/bold_confounds_wf/rename_acompcor".
250527-23:03:38,603 nipype.workflow INFO:
	 [Node] Executing "acc_metadata_fmt" <niworkflows.interfaces.utility.TSV2JSON>
250527-23:03:38,613 nipype.workflow INFO:
	 [Node] Finished "acc_metadata_fmt", elapsed time 0.008354s.
250527-23:03:38,783 nipype.workflow INFO:
	 [Node] Executing "rename_acompcor" <fmriprep.interfaces.confounds.RenameACompCor>
250527-23:03:38,786 nipype.workflow INFO:
	 [Node] Executing "acompcor" <niworkflows.interfaces.patches.RobustACompCor>
250527-23:03:39,159 nipype.workflow INFO:
	 [Node] Finished "rename_acompcor", elapsed time 0.374198s.
250527-23:03:41,218 nipype.workflow INFO:
	 [Node] Setting-up "fmriprep_25_0_wf.sub_GEO015_wf.bold_ses_t3_task_image_run_2_wf.bold_confounds_wf.acc_metadata_filter" in "/work/fmriprep_25_0_wf/sub_GEO015_wf/bold_ses_t3_task_image_run_2_wf/bold_confounds_wf/acc_metadata_filter".
250527-23:03:43,465 nipype.workflow INFO:
	 [Node] Executing "acc_metadata_filter" <fmriprep.interfaces.confounds.FilterDropped>
250527-23:03:43,748 nipype.workflow INFO:
	 [Node] Finished "acc_metadata_filter", elapsed time 0.281288s.
250527-23:03:46,588 nipype.workflow INFO:
	 [Node] Finished "acompcor", elapsed time 7.800403s.
250527-23:03:47,211 nipype.workflow INFO:
	 [Node] Setting-up "fmriprep_25_0_wf.sub_GEO015_wf.bold_ses_t3_task_image_run_2_wf.bold_confounds_wf.acc_metadata_fmt" in "/work/fmriprep_25_0_wf/sub_GEO015_wf/bold_ses_t3_task_image_run_2_wf/bold_confounds_wf/acc_metadata_fmt".
250527-23:03:48,356 nipype.workflow INFO:
	 [Node] Executing "acc_metadata_fmt" <niworkflows.interfaces.utility.TSV2JSON>
250527-23:03:48,365 nipype.workflow INFO:
	 [Node] Finished "acc_metadata_fmt", elapsed time 0.008254s.
250527-23:03:49,220 nipype.workflow INFO:
	 [Node] Setting-up "fmriprep_25_0_wf.sub_GEO015_wf.bold_ses_t3_task_image_run_4_wf.bold_confounds_wf.acompcor" in "/work/fmriprep_25_0_wf/sub_GEO015_wf/bold_ses_t3_task_image_run_4_wf/bold_confounds_wf/acompcor".
250527-23:03:49,220 nipype.workflow INFO:
	 [Node] Setting-up "fmriprep_25_0_wf.sub_GEO015_wf.bold_ses_t3_task_image_run_3_wf.bold_confounds_wf.rename_acompcor" in "/work/fmriprep_25_0_wf/sub_GEO015_wf/bold_ses_t3_task_image_run_3_wf/bold_confounds_wf/rename_acompcor".
250527-23:03:50,206 nipype.workflow INFO:
	 [Node] Executing "rename_acompcor" <fmriprep.interfaces.confounds.RenameACompCor>
250527-23:03:50,511 nipype.workflow INFO:
	 [Node] Executing "acompcor" <niworkflows.interfaces.patches.RobustACompCor>
250527-23:03:50,650 nipype.workflow INFO:
	 [Node] Finished "rename_acompcor", elapsed time 0.44305s.
250527-23:03:53,223 nipype.workflow INFO:
	 [Node] Setting-up "fmriprep_25_0_wf.sub_GEO015_wf.bold_ses_t3_task_image_run_3_wf.bold_confounds_wf.acc_metadata_filter" in "/work/fmriprep_25_0_wf/sub_GEO015_wf/bold_ses_t3_task_image_run_3_wf/bold_confounds_wf/acc_metadata_filter".
250527-23:03:54,540 nipype.workflow INFO:
	 [Node] Executing "acc_metadata_filter" <fmriprep.interfaces.confounds.FilterDropped>
250527-23:03:54,650 nipype.workflow INFO:
	 [Node] Finished "acc_metadata_filter", elapsed time 0.108992s.
250527-23:03:56,643 nipype.workflow INFO:
	 [Node] Finished "acompcor", elapsed time 6.130011s.
250527-23:03:57,221 nipype.workflow INFO:
	 [Node] Setting-up "fmriprep_25_0_wf.sub_GEO015_wf.bold_ses_t3_task_image_run_3_wf.bold_confounds_wf.acc_metadata_fmt" in "/work/fmriprep_25_0_wf/sub_GEO015_wf/bold_ses_t3_task_image_run_3_wf/bold_confounds_wf/acc_metadata_fmt".
250527-23:03:57,737 nipype.workflow INFO:
	 [Node] Executing "acc_metadata_fmt" <niworkflows.interfaces.utility.TSV2JSON>
250527-23:03:57,746 nipype.workflow INFO:
	 [Node] Finished "acc_metadata_fmt", elapsed time 0.008302s.
250527-23:03:59,225 nipype.workflow INFO:
	 [Node] Setting-up "fmriprep_25_0_wf.sub_GEO015_wf.bold_ses_t3_task_image_run_5_wf.bold_confounds_wf.acompcor" in "/work/fmriprep_25_0_wf/sub_GEO015_wf/bold_ses_t3_task_image_run_5_wf/bold_confounds_wf/acompcor".
250527-23:03:59,225 nipype.workflow INFO:
	 [Node] Setting-up "fmriprep_25_0_wf.sub_GEO015_wf.bold_ses_t3_task_image_run_4_wf.bold_confounds_wf.rename_acompcor" in "/work/fmriprep_25_0_wf/sub_GEO015_wf/bold_ses_t3_task_image_run_4_wf/bold_confounds_wf/rename_acompcor".
250527-23:04:00,481 nipype.workflow INFO:
	 [Node] Executing "acompcor" <niworkflows.interfaces.patches.RobustACompCor>
250527-23:04:00,669 nipype.workflow INFO:
	 [Node] Executing "rename_acompcor" <fmriprep.interfaces.confounds.RenameACompCor>
250527-23:04:01,307 nipype.workflow INFO:
	 [Node] Finished "rename_acompcor", elapsed time 0.636355s.
250527-23:04:03,232 nipype.workflow INFO:
	 [Node] Setting-up "fmriprep_25_0_wf.sub_GEO015_wf.bold_ses_t3_task_image_run_4_wf.bold_confounds_wf.acc_metadata_filter" in "/work/fmriprep_25_0_wf/sub_GEO015_wf/bold_ses_t3_task_image_run_4_wf/bold_confounds_wf/acc_metadata_filter".
250527-23:04:05,493 nipype.workflow INFO:
	 [Node] Executing "acc_metadata_filter" <fmriprep.interfaces.confounds.FilterDropped>
250527-23:04:05,947 nipype.workflow INFO:
	 [Node] Finished "acc_metadata_filter", elapsed time 0.452892s.
250527-23:04:07,53 nipype.workflow INFO:
	 [Node] Finished "acompcor", elapsed time 6.571172s.
250527-23:04:09,231 nipype.workflow INFO:
	 [Node] Setting-up "fmriprep_25_0_wf.sub_GEO015_wf.bold_ses_t2_task_image_run_1_wf.bold_confounds_wf.crowncompcor" in "/work/fmriprep_25_0_wf/sub_GEO015_wf/bold_ses_t2_task_image_run_1_wf/bold_confounds_wf/crowncompcor".
250527-23:04:09,231 nipype.workflow INFO:
	 [Node] Setting-up "fmriprep_25_0_wf.sub_GEO015_wf.bold_ses_t3_task_image_run_5_wf.bold_confounds_wf.rename_acompcor" in "/work/fmriprep_25_0_wf/sub_GEO015_wf/bold_ses_t3_task_image_run_5_wf/bold_confounds_wf/rename_acompcor".
250527-23:04:09,232 nipype.workflow INFO:
	 [Node] Setting-up "fmriprep_25_0_wf.sub_GEO015_wf.bold_ses_t3_task_image_run_4_wf.bold_confounds_wf.acc_metadata_fmt" in "/work/fmriprep_25_0_wf/sub_GEO015_wf/bold_ses_t3_task_image_run_4_wf/bold_confounds_wf/acc_metadata_fmt".
250527-23:04:10,4 nipype.workflow INFO:
	 [Node] Executing "rename_acompcor" <fmriprep.interfaces.confounds.RenameACompCor>
250527-23:04:10,34 nipype.workflow INFO:
	 [Node] Executing "acc_metadata_fmt" <niworkflows.interfaces.utility.TSV2JSON>
250527-23:04:10,38 nipype.workflow INFO:
	 [Node] Executing "crowncompcor" <niworkflows.interfaces.patches.RobustACompCor>
250527-23:04:10,43 nipype.workflow INFO:
	 [Node] Finished "acc_metadata_fmt", elapsed time 0.007899s.
250527-23:04:10,360 nipype.workflow INFO:
	 [Node] Finished "rename_acompcor", elapsed time 0.354538s.
250527-23:04:13,216 nipype.workflow INFO:
	 [Node] Setting-up "fmriprep_25_0_wf.sub_GEO015_wf.bold_ses_t3_task_image_run_5_wf.bold_confounds_wf.acc_metadata_filter" in "/work/fmriprep_25_0_wf/sub_GEO015_wf/bold_ses_t3_task_image_run_5_wf/bold_confounds_wf/acc_metadata_filter".
250527-23:04:14,348 nipype.workflow INFO:
	 [Node] Executing "acc_metadata_filter" <fmriprep.interfaces.confounds.FilterDropped>
250527-23:04:14,443 nipype.workflow INFO:
	 [Node] Finished "acc_metadata_filter", elapsed time 0.093825s.
250527-23:04:17,217 nipype.workflow INFO:
	 [Node] Setting-up "fmriprep_25_0_wf.sub_GEO015_wf.bold_ses_t3_task_image_run_5_wf.bold_confounds_wf.acc_metadata_fmt" in "/work/fmriprep_25_0_wf/sub_GEO015_wf/bold_ses_t3_task_image_run_5_wf/bold_confounds_wf/acc_metadata_fmt".
250527-23:04:18,261 nipype.workflow INFO:
	 [Node] Executing "acc_metadata_fmt" <niworkflows.interfaces.utility.TSV2JSON>
250527-23:04:18,273 nipype.workflow INFO:
	 [Node] Finished "acc_metadata_fmt", elapsed time 0.009697s.
250527-23:04:18,383 nipype.workflow INFO:
	 [Node] Finished "crowncompcor", elapsed time 8.343361s.
250527-23:04:19,218 nipype.workflow INFO:
	 [Node] Setting-up "fmriprep_25_0_wf.sub_GEO015_wf.bold_ses_t2_task_image_run_1_wf.bold_confounds_wf.signals" in "/work/fmriprep_25_0_wf/sub_GEO015_wf/bold_ses_t2_task_image_run_1_wf/bold_confounds_wf/signals".
250527-23:04:19,219 nipype.workflow INFO:
	 [Node] Setting-up "fmriprep_25_0_wf.sub_GEO015_wf.bold_ses_t2_task_image_run_1_wf.bold_confounds_wf.crowncc_metadata_fmt" in "/work/fmriprep_25_0_wf/sub_GEO015_wf/bold_ses_t2_task_image_run_1_wf/bold_confounds_wf/crowncc_metadata_fmt".
250527-23:04:20,232 nipype.workflow INFO:
	 [Node] Executing "crowncc_metadata_fmt" <niworkflows.interfaces.utility.TSV2JSON>
250527-23:04:20,240 nipype.workflow INFO:
	 [Node] Finished "crowncc_metadata_fmt", elapsed time 0.007141s.
250527-23:04:20,301 nipype.workflow INFO:
	 [Node] Executing "signals" <niworkflows.interfaces.images.SignalExtraction>
250527-23:04:21,294 nipype.workflow INFO:
	 [Node] Setting-up "fmriprep_25_0_wf.sub_GEO015_wf.bold_ses_t2_task_image_run_1_wf.bold_confounds_wf.compcor_plot" in "/work/fmriprep_25_0_wf/sub_GEO015_wf/bold_ses_t2_task_image_run_1_wf/bold_confounds_wf/compcor_plot".
250527-23:04:21,997 nipype.workflow INFO:
	 [Node] Executing "compcor_plot" <nireports.interfaces.nuisance.CompCorVariancePlot>
250527-23:04:22,398 nipype.workflow INFO:
	 [Node] Finished "compcor_plot", elapsed time 0.400174s.
250527-23:04:26,655 nipype.workflow INFO:
	 [Node] Finished "signals", elapsed time 6.352564s.
250527-23:04:29,71 nipype.workflow INFO:
	 [Node] Setting-up "fmriprep_25_0_wf.sub_GEO015_wf.bold_ses_t2_task_image_run_2_wf.bold_confounds_wf.crowncompcor" in "/work/fmriprep_25_0_wf/sub_GEO015_wf/bold_ses_t2_task_image_run_2_wf/bold_confounds_wf/crowncompcor".
250527-23:04:31,50 nipype.workflow INFO:
	 [Node] Executing "crowncompcor" <niworkflows.interfaces.patches.RobustACompCor>
250527-23:04:32,628 nipype.workflow INFO:
	 [Node] Setting-up "fmriprep_25_0_wf.sub_GEO015_wf.bold_ses_t2_task_image_run_1_wf.bold_confounds_wf.conf_corr_plot" in "/work/fmriprep_25_0_wf/sub_GEO015_wf/bold_ses_t2_task_image_run_1_wf/bold_confounds_wf/conf_corr_plot".
250527-23:04:32,687 nipype.workflow INFO:
	 [Node] Setting-up "fmriprep_25_0_wf.sub_GEO015_wf.bold_ses_t2_task_image_run_1_wf.bold_confounds_wf.model_expansion" in "/work/fmriprep_25_0_wf/sub_GEO015_wf/bold_ses_t2_task_image_run_1_wf/bold_confounds_wf/model_expansion".
250527-23:04:34,638 nipype.workflow INFO:
	 [Node] Executing "conf_corr_plot" <nireports.interfaces.nuisance.ConfoundsCorrelationPlot>
250527-23:04:35,25 nipype.workflow INFO:
	 [Node] Executing "model_expansion" <niworkflows.interfaces.confounds.ExpandModel>
250527-23:04:35,685 nipype.workflow INFO:
	 [Node] Finished "model_expansion", elapsed time 0.658142s.
250527-23:04:36,108 nipype.workflow INFO:
	 [Node] Finished "conf_corr_plot", elapsed time 1.468755s.
250527-23:04:38,627 nipype.workflow INFO:
	 [Node] Setting-up "fmriprep_25_0_wf.sub_GEO015_wf.bold_ses_t2_task_image_run_1_wf.bold_confounds_wf.spike_regressors" in "/work/fmriprep_25_0_wf/sub_GEO015_wf/bold_ses_t2_task_image_run_1_wf/bold_confounds_wf/spike_regressors".
250527-23:04:39,523 nipype.workflow INFO:
	 [Node] Finished "crowncompcor", elapsed time 8.471592s.
250527-23:04:40,12 nipype.workflow INFO:
	 [Node] Executing "spike_regressors" <niworkflows.interfaces.confounds.SpikeRegressors>
250527-23:04:40,468 nipype.workflow INFO:
	 [Node] Finished "spike_regressors", elapsed time 0.45475s.
250527-23:04:41,263 nipype.workflow INFO:
	 [Node] Setting-up "fmriprep_25_0_wf.sub_GEO015_wf.bold_ses_t2_task_image_run_2_wf.bold_confounds_wf.signals" in "/work/fmriprep_25_0_wf/sub_GEO015_wf/bold_ses_t2_task_image_run_2_wf/bold_confounds_wf/signals".
250527-23:04:41,264 nipype.workflow INFO:
	 [Node] Setting-up "fmriprep_25_0_wf.sub_GEO015_wf.bold_ses_t2_task_image_run_2_wf.bold_confounds_wf.crowncc_metadata_fmt" in "/work/fmriprep_25_0_wf/sub_GEO015_wf/bold_ses_t2_task_image_run_2_wf/bold_confounds_wf/crowncc_metadata_fmt".
250527-23:04:42,419 nipype.workflow INFO:
	 [Node] Executing "crowncc_metadata_fmt" <niworkflows.interfaces.utility.TSV2JSON>
250527-23:04:42,428 nipype.workflow INFO:
	 [Node] Finished "crowncc_metadata_fmt", elapsed time 0.008609s.
250527-23:04:42,497 nipype.workflow INFO:
	 [Node] Executing "signals" <niworkflows.interfaces.images.SignalExtraction>
250527-23:04:43,721 nipype.workflow INFO:
	 [Node] Setting-up "fmriprep_25_0_wf.sub_GEO015_wf.bold_ses_t2_task_image_run_2_wf.bold_confounds_wf.compcor_plot" in "/work/fmriprep_25_0_wf/sub_GEO015_wf/bold_ses_t2_task_image_run_2_wf/bold_confounds_wf/compcor_plot".
250527-23:04:46,59 nipype.workflow INFO:
	 [Node] Executing "compcor_plot" <nireports.interfaces.nuisance.CompCorVariancePlot>
250527-23:04:46,629 nipype.workflow INFO:
	 [Node] Finished "compcor_plot", elapsed time 0.569702s.
250527-23:04:48,917 nipype.workflow INFO:
	 [Node] Finished "signals", elapsed time 6.419062s.
250527-23:04:54,494 nipype.workflow INFO:
	 [Node] Setting-up "fmriprep_25_0_wf.sub_GEO015_wf.bold_ses_t2_task_image_run_3_wf.bold_confounds_wf.crowncompcor" in "/work/fmriprep_25_0_wf/sub_GEO015_wf/bold_ses_t2_task_image_run_3_wf/bold_confounds_wf/crowncompcor".
250527-23:04:55,318 nipype.workflow INFO:
	 [Node] Executing "crowncompcor" <niworkflows.interfaces.patches.RobustACompCor>
250527-23:04:57,717 nipype.workflow INFO:
	 [Node] Setting-up "fmriprep_25_0_wf.sub_GEO015_wf.bold_ses_t2_task_image_run_2_wf.bold_confounds_wf.model_expansion" in "/work/fmriprep_25_0_wf/sub_GEO015_wf/bold_ses_t2_task_image_run_2_wf/bold_confounds_wf/model_expansion".
250527-23:04:57,718 nipype.workflow INFO:
	 [Node] Setting-up "fmriprep_25_0_wf.sub_GEO015_wf.bold_ses_t2_task_image_run_2_wf.bold_confounds_wf.conf_corr_plot" in "/work/fmriprep_25_0_wf/sub_GEO015_wf/bold_ses_t2_task_image_run_2_wf/bold_confounds_wf/conf_corr_plot".
250527-23:04:58,782 nipype.workflow INFO:
	 [Node] Executing "model_expansion" <niworkflows.interfaces.confounds.ExpandModel>
250527-23:04:58,987 nipype.workflow INFO:
	 [Node] Executing "conf_corr_plot" <nireports.interfaces.nuisance.ConfoundsCorrelationPlot>
250527-23:04:59,385 nipype.workflow INFO:
	 [Node] Finished "model_expansion", elapsed time 0.60163s.
250527-23:04:59,875 nipype.workflow INFO:
	 [Node] Finished "conf_corr_plot", elapsed time 0.886686s.
250527-23:05:01,727 nipype.workflow INFO:
	 [Node] Setting-up "fmriprep_25_0_wf.sub_GEO015_wf.bold_ses_t2_task_image_run_2_wf.bold_confounds_wf.spike_regressors" in "/work/fmriprep_25_0_wf/sub_GEO015_wf/bold_ses_t2_task_image_run_2_wf/bold_confounds_wf/spike_regressors".
250527-23:05:02,855 nipype.workflow INFO:
	 [Node] Executing "spike_regressors" <niworkflows.interfaces.confounds.SpikeRegressors>
250527-23:05:03,26 nipype.workflow INFO:
	 [Node] Finished "spike_regressors", elapsed time 0.169146s.
250527-23:05:03,700 nipype.workflow INFO:
	 [Node] Finished "crowncompcor", elapsed time 8.380548s.
250527-23:05:05,776 nipype.workflow INFO:
	 [Node] Setting-up "fmriprep_25_0_wf.sub_GEO015_wf.bold_ses_t2_task_image_run_3_wf.bold_confounds_wf.signals" in "/work/fmriprep_25_0_wf/sub_GEO015_wf/bold_ses_t2_task_image_run_3_wf/bold_confounds_wf/signals".
250527-23:05:05,777 nipype.workflow INFO:
	 [Node] Setting-up "fmriprep_25_0_wf.sub_GEO015_wf.bold_ses_t2_task_image_run_3_wf.bold_confounds_wf.crowncc_metadata_fmt" in "/work/fmriprep_25_0_wf/sub_GEO015_wf/bold_ses_t2_task_image_run_3_wf/bold_confounds_wf/crowncc_metadata_fmt".
250527-23:05:06,907 nipype.workflow INFO:
	 [Node] Executing "crowncc_metadata_fmt" <niworkflows.interfaces.utility.TSV2JSON>
250527-23:05:06,921 nipype.workflow INFO:
	 [Node] Finished "crowncc_metadata_fmt", elapsed time 0.013066s.
250527-23:05:07,333 nipype.workflow INFO:
	 [Node] Executing "signals" <niworkflows.interfaces.images.SignalExtraction>
250527-23:05:11,135 nipype.workflow INFO:
	 [Node] Setting-up "fmriprep_25_0_wf.sub_GEO015_wf.bold_ses_t2_task_image_run_3_wf.bold_confounds_wf.compcor_plot" in "/work/fmriprep_25_0_wf/sub_GEO015_wf/bold_ses_t2_task_image_run_3_wf/bold_confounds_wf/compcor_plot".
250527-23:05:12,870 nipype.workflow INFO:
	 [Node] Executing "compcor_plot" <nireports.interfaces.nuisance.CompCorVariancePlot>
250527-23:05:13,283 nipype.workflow INFO:
	 [Node] Finished "compcor_plot", elapsed time 0.411853s.
250527-23:05:13,748 nipype.workflow INFO:
	 [Node] Finished "signals", elapsed time 6.413023s.
250527-23:05:15,293 nipype.workflow INFO:
	 [Node] Setting-up "fmriprep_25_0_wf.sub_GEO015_wf.bold_ses_t2_task_image_run_4_wf.bold_confounds_wf.crowncompcor" in "/work/fmriprep_25_0_wf/sub_GEO015_wf/bold_ses_t2_task_image_run_4_wf/bold_confounds_wf/crowncompcor".
250527-23:05:16,909 nipype.workflow INFO:
	 [Node] Executing "crowncompcor" <niworkflows.interfaces.patches.RobustACompCor>
250527-23:05:23,11 nipype.workflow INFO:
	 [Node] Setting-up "fmriprep_25_0_wf.sub_GEO015_wf.bold_ses_t2_task_image_run_3_wf.bold_confounds_wf.model_expansion" in "/work/fmriprep_25_0_wf/sub_GEO015_wf/bold_ses_t2_task_image_run_3_wf/bold_confounds_wf/model_expansion".
250527-23:05:23,12 nipype.workflow INFO:
	 [Node] Setting-up "fmriprep_25_0_wf.sub_GEO015_wf.bold_ses_t2_task_image_run_3_wf.bold_confounds_wf.conf_corr_plot" in "/work/fmriprep_25_0_wf/sub_GEO015_wf/bold_ses_t2_task_image_run_3_wf/bold_confounds_wf/conf_corr_plot".
250527-23:05:23,931 nipype.workflow INFO:
	 [Node] Executing "conf_corr_plot" <nireports.interfaces.nuisance.ConfoundsCorrelationPlot>
250527-23:05:24,5 nipype.workflow INFO:
	 [Node] Executing "model_expansion" <niworkflows.interfaces.confounds.ExpandModel>
250527-23:05:24,460 nipype.workflow INFO:
	 [Node] Finished "model_expansion", elapsed time 0.452995s.
250527-23:05:24,914 nipype.workflow INFO:
	 [Node] Finished "conf_corr_plot", elapsed time 0.981586s.
250527-23:05:24,926 nipype.workflow INFO:
	 [Node] Finished "crowncompcor", elapsed time 8.015617s.
250527-23:05:27,1 nipype.workflow INFO:
	 [Node] Setting-up "fmriprep_25_0_wf.sub_GEO015_wf.bold_ses_t2_task_image_run_4_wf.bold_confounds_wf.signals" in "/work/fmriprep_25_0_wf/sub_GEO015_wf/bold_ses_t2_task_image_run_4_wf/bold_confounds_wf/signals".
250527-23:05:27,2 nipype.workflow INFO:
	 [Node] Setting-up "fmriprep_25_0_wf.sub_GEO015_wf.bold_ses_t2_task_image_run_4_wf.bold_confounds_wf.crowncc_metadata_fmt" in "/work/fmriprep_25_0_wf/sub_GEO015_wf/bold_ses_t2_task_image_run_4_wf/bold_confounds_wf/crowncc_metadata_fmt".
250527-23:05:27,844 nipype.workflow INFO:
	 [Node] Executing "crowncc_metadata_fmt" <niworkflows.interfaces.utility.TSV2JSON>
250527-23:05:27,855 nipype.workflow INFO:
	 [Node] Finished "crowncc_metadata_fmt", elapsed time 0.010124s.
250527-23:05:28,138 nipype.workflow INFO:
	 [Node] Executing "signals" <niworkflows.interfaces.images.SignalExtraction>
250527-23:05:28,329 nipype.workflow INFO:
	 [Node] Setting-up "fmriprep_25_0_wf.sub_GEO015_wf.bold_ses_t2_task_image_run_3_wf.bold_confounds_wf.spike_regressors" in "/work/fmriprep_25_0_wf/sub_GEO015_wf/bold_ses_t2_task_image_run_3_wf/bold_confounds_wf/spike_regressors".
250527-23:05:29,306 nipype.workflow INFO:
	 [Node] Executing "spike_regressors" <niworkflows.interfaces.confounds.SpikeRegressors>
250527-23:05:29,658 nipype.workflow INFO:
	 [Node] Finished "spike_regressors", elapsed time 0.350492s.
250527-23:05:30,717 nipype.workflow INFO:
	 [Node] Setting-up "fmriprep_25_0_wf.sub_GEO015_wf.bold_ses_t2_task_image_run_4_wf.bold_confounds_wf.compcor_plot" in "/work/fmriprep_25_0_wf/sub_GEO015_wf/bold_ses_t2_task_image_run_4_wf/bold_confounds_wf/compcor_plot".
250527-23:05:32,342 nipype.workflow INFO:
	 [Node] Executing "compcor_plot" <nireports.interfaces.nuisance.CompCorVariancePlot>
250527-23:05:32,695 nipype.workflow INFO:
	 [Node] Finished "compcor_plot", elapsed time 0.352337s.
250527-23:05:34,392 nipype.workflow INFO:
	 [Node] Finished "signals", elapsed time 6.252749s.
250527-23:05:35,877 nipype.workflow INFO:
	 [Node] Setting-up "fmriprep_25_0_wf.sub_GEO015_wf.bold_ses_t2_task_image_run_5_wf.bold_confounds_wf.crowncompcor" in "/work/fmriprep_25_0_wf/sub_GEO015_wf/bold_ses_t2_task_image_run_5_wf/bold_confounds_wf/crowncompcor".
250527-23:05:37,115 nipype.workflow INFO:
	 [Node] Executing "crowncompcor" <niworkflows.interfaces.patches.RobustACompCor>
250527-23:05:42,882 nipype.workflow INFO:
	 [Node] Setting-up "fmriprep_25_0_wf.sub_GEO015_wf.bold_ses_t2_task_image_run_4_wf.bold_confounds_wf.model_expansion" in "/work/fmriprep_25_0_wf/sub_GEO015_wf/bold_ses_t2_task_image_run_4_wf/bold_confounds_wf/model_expansion".
250527-23:05:42,883 nipype.workflow INFO:
	 [Node] Setting-up "fmriprep_25_0_wf.sub_GEO015_wf.bold_ses_t2_task_image_run_4_wf.bold_confounds_wf.conf_corr_plot" in "/work/fmriprep_25_0_wf/sub_GEO015_wf/bold_ses_t2_task_image_run_4_wf/bold_confounds_wf/conf_corr_plot".
250527-23:05:44,237 nipype.workflow INFO:
	 [Node] Executing "model_expansion" <niworkflows.interfaces.confounds.ExpandModel>
250527-23:05:44,275 nipype.workflow INFO:
	 [Node] Executing "conf_corr_plot" <nireports.interfaces.nuisance.ConfoundsCorrelationPlot>
250527-23:05:44,574 nipype.workflow INFO:
	 [Node] Finished "model_expansion", elapsed time 0.335221s.
250527-23:05:45,245 nipype.workflow INFO:
	 [Node] Finished "conf_corr_plot", elapsed time 0.96859s.
250527-23:05:45,272 nipype.workflow INFO:
	 [Node] Finished "crowncompcor", elapsed time 8.156463s.
250527-23:05:46,874 nipype.workflow INFO:
	 [Node] Setting-up "fmriprep_25_0_wf.sub_GEO015_wf.bold_ses_t2_task_image_run_5_wf.bold_confounds_wf.signals" in "/work/fmriprep_25_0_wf/sub_GEO015_wf/bold_ses_t2_task_image_run_5_wf/bold_confounds_wf/signals".
250527-23:05:46,875 nipype.workflow INFO:
	 [Node] Setting-up "fmriprep_25_0_wf.sub_GEO015_wf.bold_ses_t2_task_image_run_5_wf.bold_confounds_wf.crowncc_metadata_fmt" in "/work/fmriprep_25_0_wf/sub_GEO015_wf/bold_ses_t2_task_image_run_5_wf/bold_confounds_wf/crowncc_metadata_fmt".
250527-23:05:48,227 nipype.workflow INFO:
	 [Node] Executing "crowncc_metadata_fmt" <niworkflows.interfaces.utility.TSV2JSON>
250527-23:05:48,237 nipype.workflow INFO:
	 [Node] Finished "crowncc_metadata_fmt", elapsed time 0.008801s.
250527-23:05:48,581 nipype.workflow INFO:
	 [Node] Executing "signals" <niworkflows.interfaces.images.SignalExtraction>
250527-23:05:49,273 nipype.workflow INFO:
	 [Node] Setting-up "fmriprep_25_0_wf.sub_GEO015_wf.bold_ses_t2_task_image_run_4_wf.bold_confounds_wf.spike_regressors" in "/work/fmriprep_25_0_wf/sub_GEO015_wf/bold_ses_t2_task_image_run_4_wf/bold_confounds_wf/spike_regressors".
250527-23:05:50,988 nipype.workflow INFO:
	 [Node] Executing "spike_regressors" <niworkflows.interfaces.confounds.SpikeRegressors>
250527-23:05:51,356 nipype.workflow INFO:
	 [Node] Finished "spike_regressors", elapsed time 0.366769s.
250527-23:05:52,885 nipype.workflow INFO:
	 [Node] Setting-up "fmriprep_25_0_wf.sub_GEO015_wf.bold_ses_t2_task_image_run_5_wf.bold_confounds_wf.compcor_plot" in "/work/fmriprep_25_0_wf/sub_GEO015_wf/bold_ses_t2_task_image_run_5_wf/bold_confounds_wf/compcor_plot".
250527-23:05:53,999 nipype.workflow INFO:
	 [Node] Executing "compcor_plot" <nireports.interfaces.nuisance.CompCorVariancePlot>
250527-23:05:54,510 nipype.workflow INFO:
	 [Node] Finished "compcor_plot", elapsed time 0.509781s.
250527-23:05:54,638 nipype.workflow INFO:
	 [Node] Finished "signals", elapsed time 6.055698s.
250527-23:05:57,460 nipype.workflow INFO:
	 [Node] Setting-up "fmriprep_25_0_wf.sub_GEO015_wf.bold_ses_t3_task_image_run_1_wf.bold_confounds_wf.crowncompcor" in "/work/fmriprep_25_0_wf/sub_GEO015_wf/bold_ses_t3_task_image_run_1_wf/bold_confounds_wf/crowncompcor".
250527-23:05:58,740 nipype.workflow INFO:
	 [Node] Executing "crowncompcor" <niworkflows.interfaces.patches.RobustACompCor>
250527-23:06:05,688 nipype.workflow INFO:
	 [Node] Setting-up "fmriprep_25_0_wf.sub_GEO015_wf.bold_ses_t2_task_image_run_5_wf.bold_confounds_wf.model_expansion" in "/work/fmriprep_25_0_wf/sub_GEO015_wf/bold_ses_t2_task_image_run_5_wf/bold_confounds_wf/model_expansion".
250527-23:06:05,689 nipype.workflow INFO:
	 [Node] Setting-up "fmriprep_25_0_wf.sub_GEO015_wf.bold_ses_t2_task_image_run_5_wf.bold_confounds_wf.conf_corr_plot" in "/work/fmriprep_25_0_wf/sub_GEO015_wf/bold_ses_t2_task_image_run_5_wf/bold_confounds_wf/conf_corr_plot".
250527-23:06:07,78 nipype.workflow INFO:
	 [Node] Executing "model_expansion" <niworkflows.interfaces.confounds.ExpandModel>
250527-23:06:07,165 nipype.workflow INFO:
	 [Node] Executing "conf_corr_plot" <nireports.interfaces.nuisance.ConfoundsCorrelationPlot>
250527-23:06:07,351 nipype.workflow INFO:
	 [Node] Finished "model_expansion", elapsed time 0.271712s.
250527-23:06:07,362 nipype.workflow INFO:
	 [Node] Finished "crowncompcor", elapsed time 8.617072s.
250527-23:06:08,181 nipype.workflow INFO:
	 [Node] Finished "conf_corr_plot", elapsed time 1.015176s.
250527-23:06:09,737 nipype.workflow INFO:
	 [Node] Setting-up "fmriprep_25_0_wf.sub_GEO015_wf.bold_ses_t3_task_image_run_1_wf.bold_confounds_wf.signals" in "/work/fmriprep_25_0_wf/sub_GEO015_wf/bold_ses_t3_task_image_run_1_wf/bold_confounds_wf/signals".
250527-23:06:09,738 nipype.workflow INFO:
	 [Node] Setting-up "fmriprep_25_0_wf.sub_GEO015_wf.bold_ses_t3_task_image_run_1_wf.bold_confounds_wf.crowncc_metadata_fmt" in "/work/fmriprep_25_0_wf/sub_GEO015_wf/bold_ses_t3_task_image_run_1_wf/bold_confounds_wf/crowncc_metadata_fmt".
250527-23:06:10,670 nipype.workflow INFO:
	 [Node] Executing "crowncc_metadata_fmt" <niworkflows.interfaces.utility.TSV2JSON>
250527-23:06:10,678 nipype.workflow INFO:
	 [Node] Finished "crowncc_metadata_fmt", elapsed time 0.007555s.
250527-23:06:10,747 nipype.workflow INFO:
	 [Node] Executing "signals" <niworkflows.interfaces.images.SignalExtraction>
250527-23:06:11,668 nipype.workflow INFO:
	 [Node] Setting-up "fmriprep_25_0_wf.sub_GEO015_wf.bold_ses_t2_task_image_run_5_wf.bold_confounds_wf.spike_regressors" in "/work/fmriprep_25_0_wf/sub_GEO015_wf/bold_ses_t2_task_image_run_5_wf/bold_confounds_wf/spike_regressors".
250527-23:06:13,163 nipype.workflow INFO:
	 [Node] Executing "spike_regressors" <niworkflows.interfaces.confounds.SpikeRegressors>
250527-23:06:13,466 nipype.workflow INFO:
	 [Node] Finished "spike_regressors", elapsed time 0.301487s.
250527-23:06:14,608 nipype.workflow INFO:
	 [Node] Setting-up "fmriprep_25_0_wf.sub_GEO015_wf.bold_ses_t3_task_image_run_1_wf.bold_confounds_wf.compcor_plot" in "/work/fmriprep_25_0_wf/sub_GEO015_wf/bold_ses_t3_task_image_run_1_wf/bold_confounds_wf/compcor_plot".
250527-23:06:15,657 nipype.workflow INFO:
	 [Node] Executing "compcor_plot" <nireports.interfaces.nuisance.CompCorVariancePlot>
250527-23:06:16,37 nipype.workflow INFO:
	 [Node] Finished "compcor_plot", elapsed time 0.379357s.
250527-23:06:17,0 nipype.workflow INFO:
	 [Node] Finished "signals", elapsed time 6.252185s.
250527-23:06:19,966 nipype.workflow INFO:
	 [Node] Setting-up "fmriprep_25_0_wf.sub_GEO015_wf.bold_ses_t3_task_image_run_2_wf.bold_confounds_wf.crowncompcor" in "/work/fmriprep_25_0_wf/sub_GEO015_wf/bold_ses_t3_task_image_run_2_wf/bold_confounds_wf/crowncompcor".
250527-23:06:21,260 nipype.workflow INFO:
	 [Node] Executing "crowncompcor" <niworkflows.interfaces.patches.RobustACompCor>
250527-23:06:26,501 nipype.workflow INFO:
	 [Node] Setting-up "fmriprep_25_0_wf.sub_GEO015_wf.bold_ses_t3_task_image_run_1_wf.bold_confounds_wf.model_expansion" in "/work/fmriprep_25_0_wf/sub_GEO015_wf/bold_ses_t3_task_image_run_1_wf/bold_confounds_wf/model_expansion".
250527-23:06:26,502 nipype.workflow INFO:
	 [Node] Setting-up "fmriprep_25_0_wf.sub_GEO015_wf.bold_ses_t3_task_image_run_1_wf.bold_confounds_wf.conf_corr_plot" in "/work/fmriprep_25_0_wf/sub_GEO015_wf/bold_ses_t3_task_image_run_1_wf/bold_confounds_wf/conf_corr_plot".
250527-23:06:27,963 nipype.workflow INFO:
	 [Node] Executing "model_expansion" <niworkflows.interfaces.confounds.ExpandModel>
250527-23:06:28,262 nipype.workflow INFO:
	 [Node] Executing "conf_corr_plot" <nireports.interfaces.nuisance.ConfoundsCorrelationPlot>
250527-23:06:28,400 nipype.workflow INFO:
	 [Node] Finished "model_expansion", elapsed time 0.43604s.
250527-23:06:29,152 nipype.workflow INFO:
	 [Node] Finished "conf_corr_plot", elapsed time 0.888382s.
250527-23:06:30,509 nipype.workflow INFO:
	 [Node] Setting-up "fmriprep_25_0_wf.sub_GEO015_wf.bold_ses_t3_task_image_run_1_wf.bold_confounds_wf.spike_regressors" in "/work/fmriprep_25_0_wf/sub_GEO015_wf/bold_ses_t3_task_image_run_1_wf/bold_confounds_wf/spike_regressors".
250527-23:06:31,622 nipype.workflow INFO:
	 [Node] Executing "spike_regressors" <niworkflows.interfaces.confounds.SpikeRegressors>
250527-23:06:31,834 nipype.workflow INFO:
	 [Node] Finished "spike_regressors", elapsed time 0.210488s.
250527-23:06:33,882 nipype.workflow INFO:
	 [Node] Finished "crowncompcor", elapsed time 12.620292s.
250527-23:06:35,815 nipype.workflow INFO:
	 [Node] Setting-up "fmriprep_25_0_wf.sub_GEO015_wf.bold_ses_t3_task_image_run_2_wf.bold_confounds_wf.signals" in "/work/fmriprep_25_0_wf/sub_GEO015_wf/bold_ses_t3_task_image_run_2_wf/bold_confounds_wf/signals".
250527-23:06:35,816 nipype.workflow INFO:
	 [Node] Setting-up "fmriprep_25_0_wf.sub_GEO015_wf.bold_ses_t3_task_image_run_2_wf.bold_confounds_wf.crowncc_metadata_fmt" in "/work/fmriprep_25_0_wf/sub_GEO015_wf/bold_ses_t3_task_image_run_2_wf/bold_confounds_wf/crowncc_metadata_fmt".
250527-23:06:38,791 nipype.workflow INFO:
	 [Node] Executing "crowncc_metadata_fmt" <niworkflows.interfaces.utility.TSV2JSON>
250527-23:06:38,794 nipype.workflow INFO:
	 [Node] Executing "signals" <niworkflows.interfaces.images.SignalExtraction>
250527-23:06:38,802 nipype.workflow INFO:
	 [Node] Finished "crowncc_metadata_fmt", elapsed time 0.009707s.
250527-23:06:39,938 nipype.workflow INFO:
	 [Node] Setting-up "fmriprep_25_0_wf.sub_GEO015_wf.bold_ses_t3_task_image_run_2_wf.bold_confounds_wf.compcor_plot" in "/work/fmriprep_25_0_wf/sub_GEO015_wf/bold_ses_t3_task_image_run_2_wf/bold_confounds_wf/compcor_plot".
250527-23:06:41,649 nipype.workflow INFO:
	 [Node] Executing "compcor_plot" <nireports.interfaces.nuisance.CompCorVariancePlot>
250527-23:06:41,974 nipype.workflow INFO:
	 [Node] Finished "compcor_plot", elapsed time 0.32333s.
250527-23:06:44,972 nipype.workflow INFO:
	 [Node] Finished "signals", elapsed time 6.177194s.
250527-23:06:50,415 nipype.workflow INFO:
	 [Node] Setting-up "fmriprep_25_0_wf.sub_GEO015_wf.bold_ses_t3_task_image_run_3_wf.bold_confounds_wf.crowncompcor" in "/work/fmriprep_25_0_wf/sub_GEO015_wf/bold_ses_t3_task_image_run_3_wf/bold_confounds_wf/crowncompcor".
250527-23:06:51,952 nipype.workflow INFO:
	 [Node] Executing "crowncompcor" <niworkflows.interfaces.patches.RobustACompCor>
250527-23:06:54,108 nipype.workflow INFO:
	 [Node] Setting-up "fmriprep_25_0_wf.sub_GEO015_wf.bold_ses_t3_task_image_run_2_wf.bold_confounds_wf.model_expansion" in "/work/fmriprep_25_0_wf/sub_GEO015_wf/bold_ses_t3_task_image_run_2_wf/bold_confounds_wf/model_expansion".
250527-23:06:54,109 nipype.workflow INFO:
	 [Node] Setting-up "fmriprep_25_0_wf.sub_GEO015_wf.bold_ses_t3_task_image_run_2_wf.bold_confounds_wf.conf_corr_plot" in "/work/fmriprep_25_0_wf/sub_GEO015_wf/bold_ses_t3_task_image_run_2_wf/bold_confounds_wf/conf_corr_plot".
250527-23:06:56,509 nipype.workflow INFO:
	 [Node] Executing "model_expansion" <niworkflows.interfaces.confounds.ExpandModel>
250527-23:06:57,43 nipype.workflow INFO:
	 [Node] Executing "conf_corr_plot" <nireports.interfaces.nuisance.ConfoundsCorrelationPlot>
250527-23:06:57,101 nipype.workflow INFO:
	 [Node] Finished "model_expansion", elapsed time 0.589226s.
250527-23:06:58,54 nipype.workflow INFO:
	 [Node] Finished "conf_corr_plot", elapsed time 1.006224s.
250527-23:06:58,111 nipype.workflow INFO:
	 [Node] Setting-up "fmriprep_25_0_wf.sub_GEO015_wf.bold_ses_t3_task_image_run_2_wf.bold_confounds_wf.spike_regressors" in "/work/fmriprep_25_0_wf/sub_GEO015_wf/bold_ses_t3_task_image_run_2_wf/bold_confounds_wf/spike_regressors".
250527-23:06:59,239 nipype.workflow INFO:
	 [Node] Executing "spike_regressors" <niworkflows.interfaces.confounds.SpikeRegressors>
250527-23:06:59,514 nipype.workflow INFO:
	 [Node] Finished "spike_regressors", elapsed time 0.272802s.
250527-23:07:00,223 nipype.workflow INFO:
	 [Node] Finished "crowncompcor", elapsed time 8.27048s.
250527-23:07:02,686 nipype.workflow INFO:
	 [Node] Setting-up "fmriprep_25_0_wf.sub_GEO015_wf.bold_ses_t3_task_image_run_3_wf.bold_confounds_wf.signals" in "/work/fmriprep_25_0_wf/sub_GEO015_wf/bold_ses_t3_task_image_run_3_wf/bold_confounds_wf/signals".
250527-23:07:02,687 nipype.workflow INFO:
	 [Node] Setting-up "fmriprep_25_0_wf.sub_GEO015_wf.bold_ses_t3_task_image_run_3_wf.bold_confounds_wf.crowncc_metadata_fmt" in "/work/fmriprep_25_0_wf/sub_GEO015_wf/bold_ses_t3_task_image_run_3_wf/bold_confounds_wf/crowncc_metadata_fmt".
250527-23:07:03,833 nipype.workflow INFO:
	 [Node] Executing "crowncc_metadata_fmt" <niworkflows.interfaces.utility.TSV2JSON>
250527-23:07:03,849 nipype.workflow INFO:
	 [Node] Finished "crowncc_metadata_fmt", elapsed time 0.014613s.
250527-23:07:04,496 nipype.workflow INFO:
	 [Node] Executing "signals" <niworkflows.interfaces.images.SignalExtraction>
250527-23:07:08,796 nipype.workflow INFO:
	 [Node] Setting-up "fmriprep_25_0_wf.sub_GEO015_wf.bold_ses_t3_task_image_run_3_wf.bold_confounds_wf.compcor_plot" in "/work/fmriprep_25_0_wf/sub_GEO015_wf/bold_ses_t3_task_image_run_3_wf/bold_confounds_wf/compcor_plot".
250527-23:07:10,329 nipype.workflow INFO:
	 [Node] Executing "compcor_plot" <nireports.interfaces.nuisance.CompCorVariancePlot>
250527-23:07:10,876 nipype.workflow INFO:
	 [Node] Finished "signals", elapsed time 6.378643s.
250527-23:07:10,986 nipype.workflow INFO:
	 [Node] Finished "compcor_plot", elapsed time 0.655714s.
250527-23:07:12,712 nipype.workflow INFO:
	 [Node] Setting-up "fmriprep_25_0_wf.sub_GEO015_wf.bold_ses_t3_task_image_run_4_wf.bold_confounds_wf.crowncompcor" in "/work/fmriprep_25_0_wf/sub_GEO015_wf/bold_ses_t3_task_image_run_4_wf/bold_confounds_wf/crowncompcor".
250527-23:07:13,890 nipype.workflow INFO:
	 [Node] Executing "crowncompcor" <niworkflows.interfaces.patches.RobustACompCor>
250527-23:07:22,790 nipype.workflow INFO:
	 [Node] Finished "crowncompcor", elapsed time 8.898262s.
250527-23:07:24,796 nipype.workflow INFO:
	 [Node] Setting-up "fmriprep_25_0_wf.sub_GEO015_wf.bold_ses_t3_task_image_run_4_wf.bold_confounds_wf.signals" in "/work/fmriprep_25_0_wf/sub_GEO015_wf/bold_ses_t3_task_image_run_4_wf/bold_confounds_wf/signals".
250527-23:07:24,797 nipype.workflow INFO:
	 [Node] Setting-up "fmriprep_25_0_wf.sub_GEO015_wf.bold_ses_t3_task_image_run_4_wf.bold_confounds_wf.crowncc_metadata_fmt" in "/work/fmriprep_25_0_wf/sub_GEO015_wf/bold_ses_t3_task_image_run_4_wf/bold_confounds_wf/crowncc_metadata_fmt".
250527-23:07:26,192 nipype.workflow INFO:
	 [Node] Executing "signals" <niworkflows.interfaces.images.SignalExtraction>
250527-23:07:26,295 nipype.workflow INFO:
	 [Node] Executing "crowncc_metadata_fmt" <niworkflows.interfaces.utility.TSV2JSON>
250527-23:07:26,309 nipype.workflow INFO:
	 [Node] Finished "crowncc_metadata_fmt", elapsed time 0.012126s.
250527-23:07:27,227 nipype.workflow INFO:
	 [Node] Setting-up "fmriprep_25_0_wf.sub_GEO015_wf.bold_ses_t3_task_image_run_3_wf.bold_confounds_wf.model_expansion" in "/work/fmriprep_25_0_wf/sub_GEO015_wf/bold_ses_t3_task_image_run_3_wf/bold_confounds_wf/model_expansion".
250527-23:07:27,229 nipype.workflow INFO:
	 [Node] Setting-up "fmriprep_25_0_wf.sub_GEO015_wf.bold_ses_t3_task_image_run_3_wf.bold_confounds_wf.conf_corr_plot" in "/work/fmriprep_25_0_wf/sub_GEO015_wf/bold_ses_t3_task_image_run_3_wf/bold_confounds_wf/conf_corr_plot".
250527-23:07:27,632 nipype.workflow INFO:
	 [Node] Setting-up "fmriprep_25_0_wf.sub_GEO015_wf.bold_ses_t3_task_image_run_4_wf.bold_confounds_wf.compcor_plot" in "/work/fmriprep_25_0_wf/sub_GEO015_wf/bold_ses_t3_task_image_run_4_wf/bold_confounds_wf/compcor_plot".
250527-23:07:29,237 nipype.workflow INFO:
	 [Node] Executing "model_expansion" <niworkflows.interfaces.confounds.ExpandModel>
250527-23:07:29,547 nipype.workflow INFO:
	 [Node] Executing "conf_corr_plot" <nireports.interfaces.nuisance.ConfoundsCorrelationPlot>
250527-23:07:29,586 nipype.workflow INFO:
	 [Node] Executing "compcor_plot" <nireports.interfaces.nuisance.CompCorVariancePlot>
250527-23:07:29,648 nipype.workflow INFO:
	 [Node] Finished "model_expansion", elapsed time 0.410381s.
250527-23:07:30,167 nipype.workflow INFO:
	 [Node] Finished "compcor_plot", elapsed time 0.580462s.
250527-23:07:30,748 nipype.workflow INFO:
	 [Node] Finished "conf_corr_plot", elapsed time 1.199869s.
250527-23:07:31,645 nipype.workflow INFO:
	 [Node] Setting-up "fmriprep_25_0_wf.sub_GEO015_wf.bold_ses_t3_task_image_run_3_wf.bold_confounds_wf.spike_regressors" in "/work/fmriprep_25_0_wf/sub_GEO015_wf/bold_ses_t3_task_image_run_3_wf/bold_confounds_wf/spike_regressors".
250527-23:07:32,548 nipype.workflow INFO:
	 [Node] Finished "signals", elapsed time 6.354521s.
250527-23:07:32,791 nipype.workflow INFO:
	 [Node] Executing "spike_regressors" <niworkflows.interfaces.confounds.SpikeRegressors>
250527-23:07:33,360 nipype.workflow INFO:
	 [Node] Finished "spike_regressors", elapsed time 0.566685s.
250527-23:07:37,995 nipype.workflow INFO:
	 [Node] Setting-up "fmriprep_25_0_wf.sub_GEO015_wf.bold_ses_t3_task_image_run_5_wf.bold_confounds_wf.crowncompcor" in "/work/fmriprep_25_0_wf/sub_GEO015_wf/bold_ses_t3_task_image_run_5_wf/bold_confounds_wf/crowncompcor".
250527-23:07:39,765 nipype.workflow INFO:
	 [Node] Executing "crowncompcor" <niworkflows.interfaces.patches.RobustACompCor>
250527-23:07:48,318 nipype.workflow INFO:
	 [Node] Finished "crowncompcor", elapsed time 8.551764s.
250527-23:07:49,399 nipype.workflow INFO:
	 [Node] Setting-up "fmriprep_25_0_wf.sub_GEO015_wf.bold_ses_t3_task_image_run_5_wf.bold_confounds_wf.signals" in "/work/fmriprep_25_0_wf/sub_GEO015_wf/bold_ses_t3_task_image_run_5_wf/bold_confounds_wf/signals".
250527-23:07:49,400 nipype.workflow INFO:
	 [Node] Setting-up "fmriprep_25_0_wf.sub_GEO015_wf.bold_ses_t3_task_image_run_5_wf.bold_confounds_wf.crowncc_metadata_fmt" in "/work/fmriprep_25_0_wf/sub_GEO015_wf/bold_ses_t3_task_image_run_5_wf/bold_confounds_wf/crowncc_metadata_fmt".
250527-23:07:50,974 nipype.workflow INFO:
	 [Node] Executing "crowncc_metadata_fmt" <niworkflows.interfaces.utility.TSV2JSON>
250527-23:07:50,983 nipype.workflow INFO:
	 [Node] Finished "crowncc_metadata_fmt", elapsed time 0.008536s.
250527-23:07:51,410 nipype.workflow INFO:
	 [Node] Executing "signals" <niworkflows.interfaces.images.SignalExtraction>
250527-23:07:52,331 nipype.workflow INFO:
	 [Node] Setting-up "fmriprep_25_0_wf.sub_GEO015_wf.bold_ses_t3_task_image_run_4_wf.bold_confounds_wf.model_expansion" in "/work/fmriprep_25_0_wf/sub_GEO015_wf/bold_ses_t3_task_image_run_4_wf/bold_confounds_wf/model_expansion".
250527-23:07:52,333 nipype.workflow INFO:
	 [Node] Setting-up "fmriprep_25_0_wf.sub_GEO015_wf.bold_ses_t3_task_image_run_4_wf.bold_confounds_wf.conf_corr_plot" in "/work/fmriprep_25_0_wf/sub_GEO015_wf/bold_ses_t3_task_image_run_4_wf/bold_confounds_wf/conf_corr_plot".
250527-23:07:52,739 nipype.workflow INFO:
	 [Node] Setting-up "fmriprep_25_0_wf.sub_GEO015_wf.bold_ses_t3_task_image_run_5_wf.bold_confounds_wf.compcor_plot" in "/work/fmriprep_25_0_wf/sub_GEO015_wf/bold_ses_t3_task_image_run_5_wf/bold_confounds_wf/compcor_plot".
250527-23:07:53,583 nipype.workflow INFO:
	 [Node] Executing "conf_corr_plot" <nireports.interfaces.nuisance.ConfoundsCorrelationPlot>
250527-23:07:53,771 nipype.workflow INFO:
	 [Node] Executing "model_expansion" <niworkflows.interfaces.confounds.ExpandModel>
250527-23:07:53,895 nipype.workflow INFO:
	 [Node] Executing "compcor_plot" <nireports.interfaces.nuisance.CompCorVariancePlot>
250527-23:07:54,137 nipype.workflow INFO:
	 [Node] Finished "model_expansion", elapsed time 0.364474s.
250527-23:07:54,244 nipype.workflow INFO:
	 [Node] Finished "compcor_plot", elapsed time 0.348209s.
250527-23:07:54,606 nipype.workflow INFO:
	 [Node] Finished "conf_corr_plot", elapsed time 1.021942s.
250527-23:07:56,751 nipype.workflow INFO:
	 [Node] Setting-up "fmriprep_25_0_wf.sub_GEO015_wf.bold_ses_t3_task_image_run_4_wf.bold_confounds_wf.spike_regressors" in "/work/fmriprep_25_0_wf/sub_GEO015_wf/bold_ses_t3_task_image_run_4_wf/bold_confounds_wf/spike_regressors".
250527-23:07:57,829 nipype.workflow INFO:
	 [Node] Finished "signals", elapsed time 6.417962s.
250527-23:07:57,994 nipype.workflow INFO:
	 [Node] Executing "spike_regressors" <niworkflows.interfaces.confounds.SpikeRegressors>
250527-23:07:58,206 nipype.workflow INFO:
	 [Node] Finished "spike_regressors", elapsed time 0.211757s.
250527-23:08:04,612 nipype.workflow INFO:
	 [Node] Setting-up "fmriprep_25_0_wf.sub_GEO015_wf.bold_ses_t2_task_image_run_1_wf.bold_confounds_wf.rois_plot" in "/work/fmriprep_25_0_wf/sub_GEO015_wf/bold_ses_t2_task_image_run_1_wf/bold_confounds_wf/rois_plot".
250527-23:08:06,322 nipype.workflow INFO:
	 [Node] Executing "rois_plot" <niworkflows.interfaces.reportlets.masks.ROIsPlot>
250527-23:08:14,2 nipype.workflow INFO:
	 [Node] Setting-up "fmriprep_25_0_wf.sub_GEO015_wf.bold_ses_t3_task_image_run_5_wf.bold_confounds_wf.model_expansion" in "/work/fmriprep_25_0_wf/sub_GEO015_wf/bold_ses_t3_task_image_run_5_wf/bold_confounds_wf/model_expansion".
250527-23:08:14,3 nipype.workflow INFO:
	 [Node] Setting-up "fmriprep_25_0_wf.sub_GEO015_wf.bold_ses_t3_task_image_run_5_wf.bold_confounds_wf.conf_corr_plot" in "/work/fmriprep_25_0_wf/sub_GEO015_wf/bold_ses_t3_task_image_run_5_wf/bold_confounds_wf/conf_corr_plot".
250527-23:08:15,532 nipype.workflow INFO:
	 [Node] Executing "model_expansion" <niworkflows.interfaces.confounds.ExpandModel>
250527-23:08:15,573 nipype.workflow INFO:
	 [Node] Executing "conf_corr_plot" <nireports.interfaces.nuisance.ConfoundsCorrelationPlot>
250527-23:08:16,102 nipype.workflow INFO:
	 [Node] Finished "model_expansion", elapsed time 0.567793s.
250527-23:08:16,956 nipype.workflow INFO:
	 [Node] Finished "conf_corr_plot", elapsed time 1.381284s.
250527-23:08:18,8 nipype.workflow INFO:
	 [Node] Setting-up "fmriprep_25_0_wf.sub_GEO015_wf.bold_ses_t3_task_image_run_5_wf.bold_confounds_wf.spike_regressors" in "/work/fmriprep_25_0_wf/sub_GEO015_wf/bold_ses_t3_task_image_run_5_wf/bold_confounds_wf/spike_regressors".
250527-23:08:19,693 nipype.workflow INFO:
	 [Node] Executing "spike_regressors" <niworkflows.interfaces.confounds.SpikeRegressors>
250527-23:08:19,996 nipype.workflow INFO:
	 [Node] Finished "spike_regressors", elapsed time 0.302668s.
250527-23:08:25,339 nipype.workflow INFO:
	 [Node] Finished "rois_plot", elapsed time 19.015615s.
250527-23:08:28,912 nipype.workflow INFO:
	 [Node] Setting-up "fmriprep_25_0_wf.sub_GEO015_wf.bold_ses_t2_task_image_run_2_wf.bold_confounds_wf.rois_plot" in "/work/fmriprep_25_0_wf/sub_GEO015_wf/bold_ses_t2_task_image_run_2_wf/bold_confounds_wf/rois_plot".
250527-23:08:30,434 nipype.workflow INFO:
	 [Node] Executing "rois_plot" <niworkflows.interfaces.reportlets.masks.ROIsPlot>
250527-23:08:46,467 nipype.workflow INFO:
	 [Node] Finished "rois_plot", elapsed time 16.031033s.
250527-23:08:47,614 nipype.workflow INFO:
	 [Node] Setting-up "fmriprep_25_0_wf.sub_GEO015_wf.bold_ses_t2_task_image_run_3_wf.bold_confounds_wf.rois_plot" in "/work/fmriprep_25_0_wf/sub_GEO015_wf/bold_ses_t2_task_image_run_3_wf/bold_confounds_wf/rois_plot".
250527-23:08:50,989 nipype.workflow INFO:
	 [Node] Executing "rois_plot" <niworkflows.interfaces.reportlets.masks.ROIsPlot>
250527-23:09:07,181 nipype.workflow INFO:
	 [Node] Finished "rois_plot", elapsed time 16.190434s.
250527-23:09:08,431 nipype.workflow INFO:
	 [Node] Setting-up "fmriprep_25_0_wf.sub_GEO015_wf.bold_ses_t2_task_image_run_4_wf.bold_confounds_wf.rois_plot" in "/work/fmriprep_25_0_wf/sub_GEO015_wf/bold_ses_t2_task_image_run_4_wf/bold_confounds_wf/rois_plot".
250527-23:09:10,184 nipype.workflow INFO:
	 [Node] Executing "rois_plot" <niworkflows.interfaces.reportlets.masks.ROIsPlot>
250527-23:09:26,163 nipype.workflow INFO:
	 [Node] Finished "rois_plot", elapsed time 15.977402s.
250527-23:09:29,191 nipype.workflow INFO:
	 [Node] Setting-up "fmriprep_25_0_wf.sub_GEO015_wf.bold_ses_t2_task_image_run_5_wf.bold_confounds_wf.rois_plot" in "/work/fmriprep_25_0_wf/sub_GEO015_wf/bold_ses_t2_task_image_run_5_wf/bold_confounds_wf/rois_plot".
250527-23:09:30,701 nipype.workflow INFO:
	 [Node] Executing "rois_plot" <niworkflows.interfaces.reportlets.masks.ROIsPlot>
250527-23:09:46,836 nipype.workflow INFO:
	 [Node] Finished "rois_plot", elapsed time 16.133513s.
250527-23:09:48,324 nipype.workflow INFO:
	 [Node] Setting-up "fmriprep_25_0_wf.sub_GEO015_wf.bold_ses_t3_task_image_run_1_wf.bold_confounds_wf.rois_plot" in "/work/fmriprep_25_0_wf/sub_GEO015_wf/bold_ses_t3_task_image_run_1_wf/bold_confounds_wf/rois_plot".
250527-23:09:50,24 nipype.workflow INFO:
	 [Node] Executing "rois_plot" <niworkflows.interfaces.reportlets.masks.ROIsPlot>
250527-23:10:06,223 nipype.workflow INFO:
	 [Node] Finished "rois_plot", elapsed time 16.197371s.
250527-23:10:07,842 nipype.workflow INFO:
	 [Node] Setting-up "fmriprep_25_0_wf.sub_GEO015_wf.bold_ses_t3_task_image_run_2_wf.bold_confounds_wf.rois_plot" in "/work/fmriprep_25_0_wf/sub_GEO015_wf/bold_ses_t3_task_image_run_2_wf/bold_confounds_wf/rois_plot".
250527-23:10:08,829 nipype.workflow INFO:
	 [Node] Executing "rois_plot" <niworkflows.interfaces.reportlets.masks.ROIsPlot>
250527-23:10:25,243 nipype.workflow INFO:
	 [Node] Finished "rois_plot", elapsed time 16.413422s.
250527-23:10:27,502 nipype.workflow INFO:
	 [Node] Setting-up "fmriprep_25_0_wf.sub_GEO015_wf.bold_ses_t3_task_image_run_3_wf.bold_confounds_wf.rois_plot" in "/work/fmriprep_25_0_wf/sub_GEO015_wf/bold_ses_t3_task_image_run_3_wf/bold_confounds_wf/rois_plot".
250527-23:10:29,454 nipype.workflow INFO:
	 [Node] Executing "rois_plot" <niworkflows.interfaces.reportlets.masks.ROIsPlot>
250527-23:10:45,553 nipype.workflow INFO:
	 [Node] Finished "rois_plot", elapsed time 16.098579s.
250527-23:10:46,821 nipype.workflow INFO:
	 [Node] Setting-up "fmriprep_25_0_wf.sub_GEO015_wf.bold_ses_t3_task_image_run_4_wf.bold_confounds_wf.rois_plot" in "/work/fmriprep_25_0_wf/sub_GEO015_wf/bold_ses_t3_task_image_run_4_wf/bold_confounds_wf/rois_plot".
250527-23:10:49,34 nipype.workflow INFO:
	 [Node] Executing "rois_plot" <niworkflows.interfaces.reportlets.masks.ROIsPlot>
250527-23:11:05,249 nipype.workflow INFO:
	 [Node] Finished "rois_plot", elapsed time 16.213914s.
250527-23:11:06,715 nipype.workflow INFO:
	 [Node] Setting-up "fmriprep_25_0_wf.sub_GEO015_wf.bold_ses_t3_task_image_run_5_wf.bold_confounds_wf.rois_plot" in "/work/fmriprep_25_0_wf/sub_GEO015_wf/bold_ses_t3_task_image_run_5_wf/bold_confounds_wf/rois_plot".
250527-23:11:08,289 nipype.workflow INFO:
	 [Node] Executing "rois_plot" <niworkflows.interfaces.reportlets.masks.ROIsPlot>
250527-23:11:24,698 nipype.workflow INFO:
	 [Node] Finished "rois_plot", elapsed time 16.408181s.
250527-23:34:35,352 nipype.workflow INFO:
	 [Node] Finished "_msmsulc1", elapsed time 1943.305594s.
250527-23:34:38,109 nipype.workflow INFO:
	 [Node] Setting-up "fmriprep_25_0_wf.sub_GEO015_wf.anat_fit_wf.register_template_wf.registration" in "/work/fmriprep_25_0_wf/sub_GEO015_wf/anat_fit_wf/register_template_wf/_template_MNI152NLin2009cAsym/registration".
250527-23:34:39,345 nipype.workflow INFO:
	 [Node] Executing "registration" <niworkflows.interfaces.norm.SpatialNormalization>
250527-23:34:57,709 nipype.workflow INFO:
	 [Node] Finished "_msmsulc0", elapsed time 1965.629875s.
250527-23:35:00,561 nipype.workflow INFO:
	 [Node] Setting-up "_msmsulc0" in "/work/fmriprep_25_0_wf/sub_GEO015_wf/anat_fit_wf/msm_sulc_wf/msmsulc/mapflow/_msmsulc0".
250527-23:35:00,567 nipype.workflow INFO:
	 [Node] Cached "_msmsulc0" - collecting precomputed outputs
250527-23:35:00,568 nipype.workflow INFO:
	 [Node] "_msmsulc0" found cached.
250527-23:35:00,568 nipype.workflow INFO:
	 [Node] Setting-up "_msmsulc1" in "/work/fmriprep_25_0_wf/sub_GEO015_wf/anat_fit_wf/msm_sulc_wf/msmsulc/mapflow/_msmsulc1".
250527-23:35:00,581 nipype.workflow INFO:
	 [Node] Cached "_msmsulc1" - collecting precomputed outputs
250527-23:35:00,581 nipype.workflow INFO:
	 [Node] "_msmsulc1" found cached.
250527-23:55:52,535 nipype.workflow INFO:
	 [Node] Finished "registration", elapsed time 1273.188812s.
250527-23:55:53,454 nipype.workflow INFO:
	 [Node] Setting-up "fmriprep_25_0_wf.sub_GEO015_wf.anat_fit_wf.register_template_wf.outputnode" in "/work/fmriprep_25_0_wf/sub_GEO015_wf/anat_fit_wf/register_template_wf/outputnode".
250527-23:55:53,463 nipype.workflow INFO:
	 [Node] Setting-up "fmriprep_25_0_wf.sub_GEO015_wf.bold_ses_t2_task_image_run_1_wf.bold_anat_wf.resample" in "/work/fmriprep_25_0_wf/sub_GEO015_wf/bold_ses_t2_task_image_run_1_wf/bold_anat_wf/resample".
250527-23:55:54,254 nipype.workflow INFO:
	 [Node] Executing "outputnode" <nipype.interfaces.utility.base.IdentityInterface>
250527-23:55:54,255 nipype.workflow INFO:
	 [Node] Finished "outputnode", elapsed time 0.000559s.
250527-23:55:54,553 nipype.workflow INFO:
	 [Node] Executing "resample" <fmriprep.interfaces.resampling.ResampleSeries>
250527-23:55:55,463 nipype.workflow INFO:
	 [Node] Setting-up "fmriprep_25_0_wf.sub_GEO015_wf.anat_fit_wf.template_buffer" in "/work/fmriprep_25_0_wf/sub_GEO015_wf/anat_fit_wf/template_buffer".
250527-23:55:56,40 nipype.workflow INFO:
	 [Node] Executing "template_buffer" <nipype.interfaces.utility.base.Merge>
250527-23:55:56,42 nipype.workflow INFO:
	 [Node] Finished "template_buffer", elapsed time 0.000469s.
250527-23:56:05,359 nipype.workflow INFO:
	 [Node] Setting-up "fmriprep_25_0_wf.sub_GEO015_wf.anat_fit_wf.anat2std_buffer" in "/work/fmriprep_25_0_wf/sub_GEO015_wf/anat_fit_wf/anat2std_buffer".
250527-23:56:06,609 nipype.workflow INFO:
	 [Node] Executing "anat2std_buffer" <nipype.interfaces.utility.base.Merge>
250527-23:56:06,611 nipype.workflow INFO:
	 [Node] Finished "anat2std_buffer", elapsed time 0.000607s.
250527-23:56:09,361 nipype.workflow INFO:
	 [Node] Setting-up "fmriprep_25_0_wf.sub_GEO015_wf.anat_fit_wf.std2anat_buffer" in "/work/fmriprep_25_0_wf/sub_GEO015_wf/anat_fit_wf/std2anat_buffer".
250527-23:56:10,512 nipype.workflow INFO:
	 [Node] Executing "std2anat_buffer" <nipype.interfaces.utility.base.Merge>
250527-23:56:10,513 nipype.workflow INFO:
	 [Node] Finished "std2anat_buffer", elapsed time 0.000405s.
250527-23:56:18,771 nipype.workflow INFO:
	 [Node] Finished "resample", elapsed time 24.216597s.
250527-23:56:20,774 nipype.workflow INFO:
	 [Node] Setting-up "fmriprep_25_0_wf.sub_GEO015_wf.ds_std_volumes_wf.anat2std_mask" in "/work/fmriprep_25_0_wf/sub_GEO015_wf/ds_std_volumes_wf/_in_tuple_MNI152NLin2009cAsym.resnative/anat2std_mask".
250527-23:56:20,776 nipype.workflow INFO:
	 [Node] Setting-up "fmriprep_25_0_wf.sub_GEO015_wf.ds_std_volumes_wf.anat2std_dseg" in "/work/fmriprep_25_0_wf/sub_GEO015_wf/ds_std_volumes_wf/_in_tuple_MNI152NLin2009cAsym.resnative/anat2std_dseg".
250527-23:56:21,151 nipype.workflow INFO:
	 [Node] Setting-up "fmriprep_25_0_wf.sub_GEO015_wf.ds_std_volumes_wf.anat2std_t1w" in "/work/fmriprep_25_0_wf/sub_GEO015_wf/ds_std_volumes_wf/_in_tuple_MNI152NLin2009cAsym.resnative/anat2std_t1w".
250527-23:56:21,153 nipype.workflow INFO:
	 [Node] Setting-up "fmriprep_25_0_wf.sub_GEO015_wf.anat_fit_wf.anat_reports_wf.t1w_std" in "/work/fmriprep_25_0_wf/sub_GEO015_wf/anat_fit_wf/anat_reports_wf/_in_tuple_MNI152NLin2009cAsym.resnative/t1w_std".
250527-23:56:21,154 nipype.workflow INFO:
	 [Node] Setting-up "fmriprep_25_0_wf.sub_GEO015_wf.bold_ses_t2_task_image_run_1_wf.carpetplot_wf.mrg_xfms" in "/work/fmriprep_25_0_wf/sub_GEO015_wf/bold_ses_t2_task_image_run_1_wf/carpetplot_wf/mrg_xfms".
250527-23:56:21,154 nipype.workflow INFO:
	 [Node] Setting-up "fmriprep_25_0_wf.sub_GEO015_wf.anat_fit_wf.anat_reports_wf.mask_std" in "/work/fmriprep_25_0_wf/sub_GEO015_wf/anat_fit_wf/anat_reports_wf/_in_tuple_MNI152NLin2009cAsym.resnative/mask_std".
250527-23:56:21,154 nipype.workflow INFO:
	 [Node] Setting-up "fmriprep_25_0_wf.sub_GEO015_wf.bold_ses_t2_task_image_run_1_wf.ds_bold_std_wf.sources" in "/work/fmriprep_25_0_wf/sub_GEO015_wf/bold_ses_t2_task_image_run_1_wf/ds_bold_std_wf/_in_tuple_MNI152NLin2009cAsym.resnative/sources".
250527-23:56:21,876 nipype.workflow INFO:
	 [Node] Executing "anat2std_dseg" <niworkflows.interfaces.fixes.FixHeaderApplyTransforms>
250527-23:56:21,950 nipype.workflow INFO:
	 [Node] Executing "anat2std_mask" <niworkflows.interfaces.fixes.FixHeaderApplyTransforms>
250527-23:56:22,189 nipype.workflow INFO:
	 [Node] Executing "anat2std_t1w" <niworkflows.interfaces.fixes.FixHeaderApplyTransforms>
250527-23:56:22,260 nipype.workflow INFO:
	 [Node] Executing "mrg_xfms" <nipype.interfaces.utility.base.Merge>
250527-23:56:22,261 nipype.workflow INFO:
	 [Node] Finished "mrg_xfms", elapsed time 0.000327s.
250527-23:56:22,305 nipype.workflow INFO:
	 [Node] Executing "mask_std" <niworkflows.interfaces.fixes.FixHeaderApplyTransforms>
250527-23:56:22,312 nipype.workflow INFO:
	 [Node] Executing "t1w_std" <niworkflows.interfaces.fixes.FixHeaderApplyTransforms>
250527-23:56:22,518 nipype.workflow INFO:
	 [Node] Executing "sources" <fmriprep.interfaces.bids.BIDSURI>
250527-23:56:22,520 nipype.workflow INFO:
	 [Node] Finished "sources", elapsed time 0.001312s.
250527-23:56:23,104 nipype.workflow INFO:
	 [Node] Setting-up "fmriprep_25_0_wf.sub_GEO015_wf.bold_ses_t2_task_image_run_1_wf.ds_bold_std_wf.boldref2target" in "/work/fmriprep_25_0_wf/sub_GEO015_wf/bold_ses_t2_task_image_run_1_wf/ds_bold_std_wf/_in_tuple_MNI152NLin2009cAsym.resnative/boldref2target".
250527-23:56:23,530 nipype.workflow INFO:
	 [Node] Executing "boldref2target" <nipype.interfaces.utility.base.Merge>
250527-23:56:23,531 nipype.workflow INFO:
	 [Node] Finished "boldref2target", elapsed time 0.000437s.
250527-23:56:23,550 nipype.workflow INFO:
	 [Node] Setting-up "fmriprep_25_0_wf.sub_GEO015_wf.bold_ses_t2_task_image_run_2_wf.carpetplot_wf.mrg_xfms" in "/work/fmriprep_25_0_wf/sub_GEO015_wf/bold_ses_t2_task_image_run_2_wf/carpetplot_wf/mrg_xfms".
250527-23:56:26,944 nipype.workflow INFO:
	 [Node] Executing "mrg_xfms" <nipype.interfaces.utility.base.Merge>
250527-23:56:26,946 nipype.workflow INFO:
	 [Node] Finished "mrg_xfms", elapsed time 0.000463s.
250527-23:56:28,502 nipype.workflow INFO:
	 [Node] Setting-up "fmriprep_25_0_wf.sub_GEO015_wf.bold_ses_t2_task_image_run_2_wf.ds_bold_std_wf.sources" in "/work/fmriprep_25_0_wf/sub_GEO015_wf/bold_ses_t2_task_image_run_2_wf/ds_bold_std_wf/_in_tuple_MNI152NLin2009cAsym.resnative/sources".
250527-23:56:28,502 nipype.workflow INFO:
	 [Node] Setting-up "fmriprep_25_0_wf.sub_GEO015_wf.bold_ses_t2_task_image_run_2_wf.ds_bold_std_wf.boldref2target" in "/work/fmriprep_25_0_wf/sub_GEO015_wf/bold_ses_t2_task_image_run_2_wf/ds_bold_std_wf/_in_tuple_MNI152NLin2009cAsym.resnative/boldref2target".
250527-23:56:28,506 nipype.workflow INFO:
	 [Node] Setting-up "fmriprep_25_0_wf.sub_GEO015_wf.bold_ses_t2_task_image_run_3_wf.carpetplot_wf.mrg_xfms" in "/work/fmriprep_25_0_wf/sub_GEO015_wf/bold_ses_t2_task_image_run_3_wf/carpetplot_wf/mrg_xfms".
250527-23:56:29,551 nipype.workflow INFO:
	 [Node] Executing "boldref2target" <nipype.interfaces.utility.base.Merge>
250527-23:56:29,553 nipype.workflow INFO:
	 [Node] Finished "boldref2target", elapsed time 0.000561s.
250527-23:56:29,582 nipype.workflow INFO:
	 [Node] Executing "mrg_xfms" <nipype.interfaces.utility.base.Merge>
250527-23:56:29,584 nipype.workflow INFO:
	 [Node] Finished "mrg_xfms", elapsed time 0.000528s.
250527-23:56:29,789 nipype.workflow INFO:
	 [Node] Executing "sources" <fmriprep.interfaces.bids.BIDSURI>
250527-23:56:29,790 nipype.workflow INFO:
	 [Node] Finished "sources", elapsed time 0.000898s.
250527-23:56:30,519 nipype.workflow INFO:
	 [Node] Setting-up "fmriprep_25_0_wf.sub_GEO015_wf.bold_ses_t2_task_image_run_3_wf.ds_bold_std_wf.sources" in "/work/fmriprep_25_0_wf/sub_GEO015_wf/bold_ses_t2_task_image_run_3_wf/ds_bold_std_wf/_in_tuple_MNI152NLin2009cAsym.resnative/sources".
250527-23:56:31,892 nipype.workflow INFO:
	 [Node] Executing "sources" <fmriprep.interfaces.bids.BIDSURI>
250527-23:56:31,894 nipype.workflow INFO:
	 [Node] Finished "sources", elapsed time 0.00097s.
250527-23:56:34,828 nipype.workflow INFO:
	 [Node] Setting-up "fmriprep_25_0_wf.sub_GEO015_wf.bold_ses_t2_task_image_run_3_wf.ds_bold_std_wf.boldref2target" in "/work/fmriprep_25_0_wf/sub_GEO015_wf/bold_ses_t2_task_image_run_3_wf/ds_bold_std_wf/_in_tuple_MNI152NLin2009cAsym.resnative/boldref2target".
250527-23:56:34,833 nipype.workflow INFO:
	 [Node] Setting-up "fmriprep_25_0_wf.sub_GEO015_wf.bold_ses_t2_task_image_run_4_wf.carpetplot_wf.mrg_xfms" in "/work/fmriprep_25_0_wf/sub_GEO015_wf/bold_ses_t2_task_image_run_4_wf/carpetplot_wf/mrg_xfms".
250527-23:56:35,828 nipype.workflow INFO:
	 [Node] Executing "boldref2target" <nipype.interfaces.utility.base.Merge>
250527-23:56:35,922 nipype.workflow INFO:
	 [Node] Finished "boldref2target", elapsed time 0.000485s.
250527-23:56:36,494 nipype.workflow INFO:
	 [Node] Executing "mrg_xfms" <nipype.interfaces.utility.base.Merge>
250527-23:56:36,496 nipype.workflow INFO:
	 [Node] Finished "mrg_xfms", elapsed time 0.00044s.
250527-23:56:37,46 nipype.workflow INFO:
	 [Node] Setting-up "fmriprep_25_0_wf.sub_GEO015_wf.bold_ses_t2_task_image_run_4_wf.ds_bold_std_wf.boldref2target" in "/work/fmriprep_25_0_wf/sub_GEO015_wf/bold_ses_t2_task_image_run_4_wf/ds_bold_std_wf/_in_tuple_MNI152NLin2009cAsym.resnative/boldref2target".
250527-23:56:37,453 nipype.workflow INFO:
	 [Node] Setting-up "fmriprep_25_0_wf.sub_GEO015_wf.bold_ses_t2_task_image_run_4_wf.ds_bold_std_wf.sources" in "/work/fmriprep_25_0_wf/sub_GEO015_wf/bold_ses_t2_task_image_run_4_wf/ds_bold_std_wf/_in_tuple_MNI152NLin2009cAsym.resnative/sources".
250527-23:56:37,457 nipype.workflow INFO:
	 [Node] Setting-up "fmriprep_25_0_wf.sub_GEO015_wf.bold_ses_t2_task_image_run_5_wf.carpetplot_wf.mrg_xfms" in "/work/fmriprep_25_0_wf/sub_GEO015_wf/bold_ses_t2_task_image_run_5_wf/carpetplot_wf/mrg_xfms".
250527-23:56:37,589 nipype.workflow INFO:
	 [Node] Executing "boldref2target" <nipype.interfaces.utility.base.Merge>
250527-23:56:37,591 nipype.workflow INFO:
	 [Node] Finished "boldref2target", elapsed time 0.000195s.
250527-23:56:38,90 nipype.workflow INFO:
	 [Node] Executing "sources" <fmriprep.interfaces.bids.BIDSURI>
250527-23:56:38,92 nipype.workflow INFO:
	 [Node] Finished "sources", elapsed time 0.001002s.
250527-23:56:38,200 nipype.workflow INFO:
	 [Node] Executing "mrg_xfms" <nipype.interfaces.utility.base.Merge>
250527-23:56:38,201 nipype.workflow INFO:
	 [Node] Finished "mrg_xfms", elapsed time 0.000407s.
250527-23:56:39,454 nipype.workflow INFO:
	 [Node] Setting-up "fmriprep_25_0_wf.sub_GEO015_wf.bold_ses_t2_task_image_run_5_wf.ds_bold_std_wf.sources" in "/work/fmriprep_25_0_wf/sub_GEO015_wf/bold_ses_t2_task_image_run_5_wf/ds_bold_std_wf/_in_tuple_MNI152NLin2009cAsym.resnative/sources".
250527-23:56:40,162 nipype.workflow INFO:
	 [Node] Executing "sources" <fmriprep.interfaces.bids.BIDSURI>
250527-23:56:40,164 nipype.workflow INFO:
	 [Node] Finished "sources", elapsed time 0.001037s.
250527-23:56:40,261 nipype.workflow INFO:
	 [Node] Setting-up "fmriprep_25_0_wf.sub_GEO015_wf.bold_ses_t2_task_image_run_5_wf.ds_bold_std_wf.boldref2target" in "/work/fmriprep_25_0_wf/sub_GEO015_wf/bold_ses_t2_task_image_run_5_wf/ds_bold_std_wf/_in_tuple_MNI152NLin2009cAsym.resnative/boldref2target".
250527-23:56:40,264 nipype.workflow INFO:
	 [Node] Setting-up "fmriprep_25_0_wf.sub_GEO015_wf.bold_ses_t3_task_image_run_1_wf.carpetplot_wf.mrg_xfms" in "/work/fmriprep_25_0_wf/sub_GEO015_wf/bold_ses_t3_task_image_run_1_wf/carpetplot_wf/mrg_xfms".
250527-23:56:40,707 nipype.workflow INFO:
	 [Node] Executing "boldref2target" <nipype.interfaces.utility.base.Merge>
250527-23:56:40,708 nipype.workflow INFO:
	 [Node] Finished "boldref2target", elapsed time 0.000398s.
250527-23:56:40,730 nipype.workflow INFO:
	 [Node] Executing "mrg_xfms" <nipype.interfaces.utility.base.Merge>
250527-23:56:40,731 nipype.workflow INFO:
	 [Node] Finished "mrg_xfms", elapsed time 0.000393s.
250527-23:56:43,44 nipype.workflow INFO:
	 [Node] Setting-up "fmriprep_25_0_wf.sub_GEO015_wf.bold_ses_t3_task_image_run_1_wf.ds_bold_std_wf.boldref2target" in "/work/fmriprep_25_0_wf/sub_GEO015_wf/bold_ses_t3_task_image_run_1_wf/ds_bold_std_wf/_in_tuple_MNI152NLin2009cAsym.resnative/boldref2target".
250527-23:56:43,44 nipype.workflow INFO:
	 [Node] Setting-up "fmriprep_25_0_wf.sub_GEO015_wf.bold_ses_t3_task_image_run_1_wf.ds_bold_std_wf.sources" in "/work/fmriprep_25_0_wf/sub_GEO015_wf/bold_ses_t3_task_image_run_1_wf/ds_bold_std_wf/_in_tuple_MNI152NLin2009cAsym.resnative/sources".
250527-23:56:43,49 nipype.workflow INFO:
	 [Node] Setting-up "fmriprep_25_0_wf.sub_GEO015_wf.bold_ses_t3_task_image_run_2_wf.carpetplot_wf.mrg_xfms" in "/work/fmriprep_25_0_wf/sub_GEO015_wf/bold_ses_t3_task_image_run_2_wf/carpetplot_wf/mrg_xfms".
250527-23:56:43,617 nipype.workflow INFO:
	 [Node] Executing "sources" <fmriprep.interfaces.bids.BIDSURI>
250527-23:56:43,619 nipype.workflow INFO:
	 [Node] Finished "sources", elapsed time 0.001054s.
250527-23:56:43,644 nipype.workflow INFO:
	 [Node] Executing "boldref2target" <nipype.interfaces.utility.base.Merge>
250527-23:56:43,645 nipype.workflow INFO:
	 [Node] Finished "boldref2target", elapsed time 0.000485s.
250527-23:56:43,660 nipype.workflow INFO:
	 [Node] Executing "mrg_xfms" <nipype.interfaces.utility.base.Merge>
250527-23:56:43,662 nipype.workflow INFO:
	 [Node] Finished "mrg_xfms", elapsed time 0.000507s.
250527-23:56:46,674 nipype.workflow INFO:
	 [Node] Setting-up "fmriprep_25_0_wf.sub_GEO015_wf.bold_ses_t3_task_image_run_2_wf.ds_bold_std_wf.boldref2target" in "/work/fmriprep_25_0_wf/sub_GEO015_wf/bold_ses_t3_task_image_run_2_wf/ds_bold_std_wf/_in_tuple_MNI152NLin2009cAsym.resnative/boldref2target".
250527-23:56:46,674 nipype.workflow INFO:
	 [Node] Setting-up "fmriprep_25_0_wf.sub_GEO015_wf.bold_ses_t3_task_image_run_2_wf.ds_bold_std_wf.sources" in "/work/fmriprep_25_0_wf/sub_GEO015_wf/bold_ses_t3_task_image_run_2_wf/ds_bold_std_wf/_in_tuple_MNI152NLin2009cAsym.resnative/sources".
250527-23:56:46,691 nipype.workflow INFO:
	 [Node] Setting-up "fmriprep_25_0_wf.sub_GEO015_wf.bold_ses_t3_task_image_run_3_wf.carpetplot_wf.mrg_xfms" in "/work/fmriprep_25_0_wf/sub_GEO015_wf/bold_ses_t3_task_image_run_3_wf/carpetplot_wf/mrg_xfms".
250527-23:56:47,479 nipype.workflow INFO:
	 [Node] Executing "boldref2target" <nipype.interfaces.utility.base.Merge>
250527-23:56:47,481 nipype.workflow INFO:
	 [Node] Finished "boldref2target", elapsed time 0.000707s.
250527-23:56:47,544 nipype.workflow INFO:
	 [Node] Executing "mrg_xfms" <nipype.interfaces.utility.base.Merge>
250527-23:56:47,545 nipype.workflow INFO:
	 [Node] Finished "mrg_xfms", elapsed time 0.000436s.
250527-23:56:47,627 nipype.workflow INFO:
	 [Node] Executing "sources" <fmriprep.interfaces.bids.BIDSURI>
250527-23:56:47,635 nipype.workflow INFO:
	 [Node] Finished "sources", elapsed time 0.002392s.
250527-23:56:48,831 nipype.workflow INFO:
	 [Node] Finished "t1w_std", elapsed time 26.517326s.
250527-23:56:50,137 nipype.workflow INFO:
	 [Node] Finished "anat2std_t1w", elapsed time 27.946971s.
250527-23:56:50,625 nipype.workflow INFO:
	 [Node] Setting-up "fmriprep_25_0_wf.sub_GEO015_wf.bold_ses_t3_task_image_run_3_wf.ds_bold_std_wf.sources" in "/work/fmriprep_25_0_wf/sub_GEO015_wf/bold_ses_t3_task_image_run_3_wf/ds_bold_std_wf/_in_tuple_MNI152NLin2009cAsym.resnative/sources".
250527-23:56:50,625 nipype.workflow INFO:
	 [Node] Setting-up "fmriprep_25_0_wf.sub_GEO015_wf.bold_ses_t3_task_image_run_3_wf.ds_bold_std_wf.boldref2target" in "/work/fmriprep_25_0_wf/sub_GEO015_wf/bold_ses_t3_task_image_run_3_wf/ds_bold_std_wf/_in_tuple_MNI152NLin2009cAsym.resnative/boldref2target".
250527-23:56:50,628 nipype.workflow INFO:
	 [Node] Setting-up "fmriprep_25_0_wf.sub_GEO015_wf.bold_ses_t3_task_image_run_4_wf.carpetplot_wf.mrg_xfms" in "/work/fmriprep_25_0_wf/sub_GEO015_wf/bold_ses_t3_task_image_run_4_wf/carpetplot_wf/mrg_xfms".
250527-23:56:51,83 nipype.workflow INFO:
	 [Node] Executing "mrg_xfms" <nipype.interfaces.utility.base.Merge>
250527-23:56:51,84 nipype.workflow INFO:
	 [Node] Finished "mrg_xfms", elapsed time 0.000408s.
250527-23:56:51,231 nipype.workflow INFO:
	 [Node] Executing "sources" <fmriprep.interfaces.bids.BIDSURI>
250527-23:56:51,234 nipype.workflow INFO:
	 [Node] Finished "sources", elapsed time 0.001024s.
250527-23:56:51,413 nipype.workflow INFO:
	 [Node] Executing "boldref2target" <nipype.interfaces.utility.base.Merge>
250527-23:56:51,414 nipype.workflow INFO:
	 [Node] Finished "boldref2target", elapsed time 0.000397s.
250527-23:56:51,467 nipype.workflow INFO:
	 [Node] Setting-up "fmriprep_25_0_wf.sub_GEO015_wf.bold_ses_t3_task_image_run_4_wf.ds_bold_std_wf.sources" in "/work/fmriprep_25_0_wf/sub_GEO015_wf/bold_ses_t3_task_image_run_4_wf/ds_bold_std_wf/_in_tuple_MNI152NLin2009cAsym.resnative/sources".
250527-23:56:52,282 nipype.workflow INFO:
	 [Node] Executing "sources" <fmriprep.interfaces.bids.BIDSURI>
250527-23:56:52,285 nipype.workflow INFO:
	 [Node] Finished "sources", elapsed time 0.00152s.
250527-23:56:52,599 nipype.workflow INFO:
	 [Node] Setting-up "fmriprep_25_0_wf.sub_GEO015_wf.bold_ses_t3_task_image_run_4_wf.ds_bold_std_wf.boldref2target" in "/work/fmriprep_25_0_wf/sub_GEO015_wf/bold_ses_t3_task_image_run_4_wf/ds_bold_std_wf/_in_tuple_MNI152NLin2009cAsym.resnative/boldref2target".
250527-23:56:53,11 nipype.workflow INFO:
	 [Node] Executing "boldref2target" <nipype.interfaces.utility.base.Merge>
250527-23:56:53,12 nipype.workflow INFO:
	 [Node] Finished "boldref2target", elapsed time 0.000412s.
250527-23:56:53,462 nipype.workflow INFO:
	 [Node] Setting-up "fmriprep_25_0_wf.sub_GEO015_wf.bold_ses_t3_task_image_run_5_wf.carpetplot_wf.mrg_xfms" in "/work/fmriprep_25_0_wf/sub_GEO015_wf/bold_ses_t3_task_image_run_5_wf/carpetplot_wf/mrg_xfms".
250527-23:56:53,463 nipype.workflow INFO:
	 [Node] Setting-up "fmriprep_25_0_wf.sub_GEO015_wf.bold_ses_t3_task_image_run_5_wf.ds_bold_std_wf.sources" in "/work/fmriprep_25_0_wf/sub_GEO015_wf/bold_ses_t3_task_image_run_5_wf/ds_bold_std_wf/_in_tuple_MNI152NLin2009cAsym.resnative/sources".
250527-23:56:55,390 nipype.workflow INFO:
	 [Node] Executing "mrg_xfms" <nipype.interfaces.utility.base.Merge>
250527-23:56:55,392 nipype.workflow INFO:
	 [Node] Finished "mrg_xfms", elapsed time 0.00042s.
250527-23:56:55,488 nipype.workflow INFO:
	 [Node] Executing "sources" <fmriprep.interfaces.bids.BIDSURI>
250527-23:56:55,490 nipype.workflow INFO:
	 [Node] Finished "sources", elapsed time 0.001363s.
250527-23:56:55,977 nipype.workflow INFO:
	 [Node] Setting-up "fmriprep_25_0_wf.sub_GEO015_wf.bold_ses_t3_task_image_run_5_wf.ds_bold_std_wf.boldref2target" in "/work/fmriprep_25_0_wf/sub_GEO015_wf/bold_ses_t3_task_image_run_5_wf/ds_bold_std_wf/_in_tuple_MNI152NLin2009cAsym.resnative/boldref2target".
250527-23:56:55,980 nipype.workflow INFO:
	 [Node] Setting-up "fmriprep_25_0_wf.sub_GEO015_wf.bold_ses_t3_task_retrans_run_1_wf.carpetplot_wf.mrg_xfms" in "/work/fmriprep_25_0_wf/sub_GEO015_wf/bold_ses_t3_task_retrans_run_1_wf/carpetplot_wf/mrg_xfms".
250527-23:56:56,522 nipype.workflow INFO:
	 [Node] Executing "boldref2target" <nipype.interfaces.utility.base.Merge>
250527-23:56:56,524 nipype.workflow INFO:
	 [Node] Finished "boldref2target", elapsed time 0.000411s.
250527-23:56:56,708 nipype.workflow INFO:
	 [Node] Executing "mrg_xfms" <nipype.interfaces.utility.base.Merge>
250527-23:56:56,710 nipype.workflow INFO:
	 [Node] Finished "mrg_xfms", elapsed time 0.000439s.
250527-23:56:57,426 nipype.workflow INFO:
	 [Node] Setting-up "fmriprep_25_0_wf.sub_GEO015_wf.bold_ses_t3_task_retrans_run_1_wf.ds_bold_std_wf.boldref2target" in "/work/fmriprep_25_0_wf/sub_GEO015_wf/bold_ses_t3_task_retrans_run_1_wf/ds_bold_std_wf/_in_tuple_MNI152NLin2009cAsym.resnative/boldref2target".
250527-23:56:57,427 nipype.workflow INFO:
	 [Node] Setting-up "fmriprep_25_0_wf.sub_GEO015_wf.bold_ses_t3_task_retrans_run_1_wf.ds_bold_std_wf.sources" in "/work/fmriprep_25_0_wf/sub_GEO015_wf/bold_ses_t3_task_retrans_run_1_wf/ds_bold_std_wf/_in_tuple_MNI152NLin2009cAsym.resnative/sources".
250527-23:56:58,282 nipype.workflow INFO:
	 [Node] Executing "boldref2target" <nipype.interfaces.utility.base.Merge>
250527-23:56:58,283 nipype.workflow INFO:
	 [Node] Finished "boldref2target", elapsed time 0.000367s.
250527-23:56:58,498 nipype.workflow INFO:
	 [Node] Executing "sources" <fmriprep.interfaces.bids.BIDSURI>
250527-23:56:58,500 nipype.workflow INFO:
	 [Node] Finished "sources", elapsed time 0.001326s.
250527-23:57:00,601 nipype.workflow INFO:
	 [Node] Setting-up "fmriprep_25_0_wf.sub_GEO015_wf.bold_ses_t2_task_image_run_1_wf.carpetplot_wf.resample_parc" in "/work/fmriprep_25_0_wf/sub_GEO015_wf/bold_ses_t2_task_image_run_1_wf/carpetplot_wf/resample_parc".
250527-23:57:00,988 nipype.workflow INFO:
	 [Node] Executing "resample_parc" <niworkflows.interfaces.fixes.FixHeaderApplyTransforms>
250527-23:57:01,844 nipype.workflow INFO:
	 [Node] Setting-up "fmriprep_25_0_wf.sub_GEO015_wf.bold_ses_t2_task_image_run_1_wf.ds_bold_std_wf.resample_ref" in "/work/fmriprep_25_0_wf/sub_GEO015_wf/bold_ses_t2_task_image_run_1_wf/ds_bold_std_wf/_in_tuple_MNI152NLin2009cAsym.resnative/resample_ref".
250527-23:57:01,845 nipype.workflow INFO:
	 [Node] Setting-up "fmriprep_25_0_wf.sub_GEO015_wf.bold_ses_t2_task_image_run_1_wf.ds_bold_std_wf.resample_mask" in "/work/fmriprep_25_0_wf/sub_GEO015_wf/bold_ses_t2_task_image_run_1_wf/ds_bold_std_wf/_in_tuple_MNI152NLin2009cAsym.resnative/resample_mask".
250527-23:57:01,847 nipype.workflow INFO:
	 [Node] Setting-up "fmriprep_25_0_wf.sub_GEO015_wf.bold_ses_t2_task_image_run_2_wf.carpetplot_wf.resample_parc" in "/work/fmriprep_25_0_wf/sub_GEO015_wf/bold_ses_t2_task_image_run_2_wf/carpetplot_wf/resample_parc".
250527-23:57:02,342 nipype.workflow INFO:
	 [Node] Executing "resample_parc" <niworkflows.interfaces.fixes.FixHeaderApplyTransforms>
250527-23:57:02,460 nipype.workflow INFO:
	 [Node] Executing "resample_ref" <niworkflows.interfaces.fixes.FixHeaderApplyTransforms>
250527-23:57:02,482 nipype.workflow INFO:
	 [Node] Executing "resample_mask" <niworkflows.interfaces.fixes.FixHeaderApplyTransforms>
250527-23:57:02,793 nipype.workflow INFO:
	 [Node] Setting-up "fmriprep_25_0_wf.sub_GEO015_wf.bold_ses_t2_task_image_run_2_wf.ds_bold_std_wf.resample_ref" in "/work/fmriprep_25_0_wf/sub_GEO015_wf/bold_ses_t2_task_image_run_2_wf/ds_bold_std_wf/_in_tuple_MNI152NLin2009cAsym.resnative/resample_ref".
250527-23:57:03,256 nipype.workflow INFO:
	 [Node] Executing "resample_ref" <niworkflows.interfaces.fixes.FixHeaderApplyTransforms>
250527-23:57:04,405 nipype.workflow INFO:
	 [Node] Finished "mask_std", elapsed time 42.099184s.
250527-23:57:05,87 nipype.workflow INFO:
	 [Node] Finished "resample_ref", elapsed time 2.626051s.
250527-23:57:05,124 nipype.workflow INFO:
	 [Node] Finished "resample_parc", elapsed time 4.135543s.
250527-23:57:05,203 nipype.workflow INFO:
	 [Node] Setting-up "fmriprep_25_0_wf.sub_GEO015_wf.anat_fit_wf.anat_reports_wf.norm_msk" in "/work/fmriprep_25_0_wf/sub_GEO015_wf/anat_fit_wf/anat_reports_wf/_in_tuple_MNI152NLin2009cAsym.resnative/norm_msk".
250527-23:57:06,144 nipype.workflow INFO:
	 [Node] Finished "resample_parc", elapsed time 3.801816s.
250527-23:57:06,162 nipype.workflow INFO:
	 [Node] Finished "resample_mask", elapsed time 3.678265s.
250527-23:57:06,190 nipype.workflow INFO:
	 [Node] Finished "resample_ref", elapsed time 2.932128s.
250527-23:57:06,486 nipype.workflow INFO:
	 [Node] Executing "norm_msk" <nipype.interfaces.utility.wrappers.Function>
250527-23:57:07,233 nipype.workflow INFO:
	 [Node] Setting-up "fmriprep_25_0_wf.sub_GEO015_wf.bold_ses_t2_task_image_run_2_wf.ds_bold_std_wf.resample_mask" in "/work/fmriprep_25_0_wf/sub_GEO015_wf/bold_ses_t2_task_image_run_2_wf/ds_bold_std_wf/_in_tuple_MNI152NLin2009cAsym.resnative/resample_mask".
250527-23:57:07,233 nipype.workflow INFO:
	 [Node] Setting-up "fmriprep_25_0_wf.sub_GEO015_wf.bold_ses_t2_task_image_run_3_wf.carpetplot_wf.resample_parc" in "/work/fmriprep_25_0_wf/sub_GEO015_wf/bold_ses_t2_task_image_run_3_wf/carpetplot_wf/resample_parc".
250527-23:57:07,899 nipype.workflow INFO:
	 [Node] Executing "resample_mask" <niworkflows.interfaces.fixes.FixHeaderApplyTransforms>
250527-23:57:08,189 nipype.workflow INFO:
	 [Node] Finished "norm_msk", elapsed time 1.701643s.
250527-23:57:08,217 nipype.workflow INFO:
	 [Node] Executing "resample_parc" <niworkflows.interfaces.fixes.FixHeaderApplyTransforms>
250527-23:57:08,354 nipype.workflow INFO:
	 [Node] Setting-up "fmriprep_25_0_wf.sub_GEO015_wf.bold_ses_t2_task_image_run_3_wf.ds_bold_std_wf.resample_ref" in "/work/fmriprep_25_0_wf/sub_GEO015_wf/bold_ses_t2_task_image_run_3_wf/ds_bold_std_wf/_in_tuple_MNI152NLin2009cAsym.resnative/resample_ref".
250527-23:57:08,355 nipype.workflow INFO:
	 [Node] Setting-up "fmriprep_25_0_wf.sub_GEO015_wf.bold_ses_t2_task_image_run_3_wf.ds_bold_std_wf.resample_mask" in "/work/fmriprep_25_0_wf/sub_GEO015_wf/bold_ses_t2_task_image_run_3_wf/ds_bold_std_wf/_in_tuple_MNI152NLin2009cAsym.resnative/resample_mask".
250527-23:57:08,357 nipype.workflow INFO:
	 [Node] Setting-up "fmriprep_25_0_wf.sub_GEO015_wf.bold_ses_t2_task_image_run_4_wf.carpetplot_wf.resample_parc" in "/work/fmriprep_25_0_wf/sub_GEO015_wf/bold_ses_t2_task_image_run_4_wf/carpetplot_wf/resample_parc".
250527-23:57:08,871 nipype.workflow INFO:
	 [Node] Executing "resample_mask" <niworkflows.interfaces.fixes.FixHeaderApplyTransforms>
250527-23:57:09,11 nipype.workflow INFO:
	 [Node] Executing "resample_ref" <niworkflows.interfaces.fixes.FixHeaderApplyTransforms>
250527-23:57:09,474 nipype.workflow INFO:
	 [Node] Executing "resample_parc" <niworkflows.interfaces.fixes.FixHeaderApplyTransforms>
250527-23:57:10,70 nipype.workflow INFO:
	 [Node] Finished "anat2std_mask", elapsed time 48.118086s.
250527-23:57:11,39 nipype.workflow INFO:
	 [Node] Setting-up "fmriprep_25_0_wf.sub_GEO015_wf.bold_ses_t2_task_image_run_4_wf.ds_bold_std_wf.resample_ref" in "/work/fmriprep_25_0_wf/sub_GEO015_wf/bold_ses_t2_task_image_run_4_wf/ds_bold_std_wf/_in_tuple_MNI152NLin2009cAsym.resnative/resample_ref".
250527-23:57:11,158 nipype.workflow INFO:
	 [Node] Finished "resample_mask", elapsed time 3.258345s.
250527-23:57:11,460 nipype.workflow INFO:
	 [Node] Executing "resample_ref" <niworkflows.interfaces.fixes.FixHeaderApplyTransforms>
250527-23:57:11,631 nipype.workflow INFO:
	 [Node] Finished "resample_ref", elapsed time 2.618021s.
250527-23:57:11,909 nipype.workflow INFO:
	 [Node] Finished "resample_parc", elapsed time 3.690991s.
250527-23:57:12,77 nipype.interface WARNING:
	 Changing /out/sub-GEO015/anat/sub-GEO015_space-MNI152NLin2009cAsym_desc-brain_mask.nii.gz dtype from float64 to uint8
250527-23:57:12,183 nipype.workflow INFO:
	 [Node] Finished "resample_mask", elapsed time 3.311207s.
250527-23:57:13,350 nipype.workflow INFO:
	 [Node] Finished "resample_parc", elapsed time 3.874854s.
250527-23:57:13,500 nipype.workflow INFO:
	 [Node] Setting-up "fmriprep_25_0_wf.sub_GEO015_wf.bold_ses_t2_task_image_run_4_wf.ds_bold_std_wf.resample_mask" in "/work/fmriprep_25_0_wf/sub_GEO015_wf/bold_ses_t2_task_image_run_4_wf/ds_bold_std_wf/_in_tuple_MNI152NLin2009cAsym.resnative/resample_mask".
250527-23:57:13,845 nipype.workflow INFO:
	 [Node] Executing "resample_mask" <niworkflows.interfaces.fixes.FixHeaderApplyTransforms>
250527-23:57:13,915 nipype.workflow INFO:
	 [Node] Setting-up "fmriprep_25_0_wf.sub_GEO015_wf.bold_ses_t2_task_image_run_5_wf.carpetplot_wf.resample_parc" in "/work/fmriprep_25_0_wf/sub_GEO015_wf/bold_ses_t2_task_image_run_5_wf/carpetplot_wf/resample_parc".
250527-23:57:14,59 nipype.workflow INFO:
	 [Node] Finished "resample_ref", elapsed time 2.59811s.
250527-23:57:14,404 nipype.workflow INFO:
	 [Node] Executing "resample_parc" <niworkflows.interfaces.fixes.FixHeaderApplyTransforms>
250527-23:57:14,741 nipype.workflow INFO:
	 [Node] Setting-up "fmriprep_25_0_wf.sub_GEO015_wf.bold_ses_t2_task_image_run_5_wf.ds_bold_std_wf.resample_ref" in "/work/fmriprep_25_0_wf/sub_GEO015_wf/bold_ses_t2_task_image_run_5_wf/ds_bold_std_wf/_in_tuple_MNI152NLin2009cAsym.resnative/resample_ref".
250527-23:57:14,742 nipype.workflow INFO:
	 [Node] Setting-up "fmriprep_25_0_wf.sub_GEO015_wf.bold_ses_t2_task_image_run_5_wf.ds_bold_std_wf.resample_mask" in "/work/fmriprep_25_0_wf/sub_GEO015_wf/bold_ses_t2_task_image_run_5_wf/ds_bold_std_wf/_in_tuple_MNI152NLin2009cAsym.resnative/resample_mask".
250527-23:57:14,744 nipype.workflow INFO:
	 [Node] Setting-up "fmriprep_25_0_wf.sub_GEO015_wf.bold_ses_t3_task_image_run_1_wf.carpetplot_wf.resample_parc" in "/work/fmriprep_25_0_wf/sub_GEO015_wf/bold_ses_t3_task_image_run_1_wf/carpetplot_wf/resample_parc".
250527-23:57:15,403 nipype.workflow INFO:
	 [Node] Executing "resample_parc" <niworkflows.interfaces.fixes.FixHeaderApplyTransforms>
250527-23:57:15,407 nipype.workflow INFO:
	 [Node] Executing "resample_ref" <niworkflows.interfaces.fixes.FixHeaderApplyTransforms>
250527-23:57:15,477 nipype.workflow INFO:
	 [Node] Executing "resample_mask" <niworkflows.interfaces.fixes.FixHeaderApplyTransforms>
250527-23:57:16,835 nipype.workflow INFO:
	 [Node] Finished "anat2std_dseg", elapsed time 54.958016s.
250527-23:57:16,904 nipype.workflow INFO:
	 [Node] Setting-up "fmriprep_25_0_wf.sub_GEO015_wf.bold_ses_t3_task_image_run_1_wf.ds_bold_std_wf.resample_ref" in "/work/fmriprep_25_0_wf/sub_GEO015_wf/bold_ses_t3_task_image_run_1_wf/ds_bold_std_wf/_in_tuple_MNI152NLin2009cAsym.resnative/resample_ref".
250527-23:57:16,906 nipype.workflow INFO:
	 [Node] Setting-up "fmriprep_25_0_wf.sub_GEO015_wf.bold_ses_t3_task_image_run_1_wf.ds_bold_std_wf.resample_mask" in "/work/fmriprep_25_0_wf/sub_GEO015_wf/bold_ses_t3_task_image_run_1_wf/ds_bold_std_wf/_in_tuple_MNI152NLin2009cAsym.resnative/resample_mask".
250527-23:57:17,36 nipype.workflow INFO:
	 [Node] Finished "resample_mask", elapsed time 3.189525s.
250527-23:57:17,325 nipype.workflow INFO:
	 [Node] Executing "resample_ref" <niworkflows.interfaces.fixes.FixHeaderApplyTransforms>
250527-23:57:17,452 nipype.workflow INFO:
	 [Node] Executing "resample_mask" <niworkflows.interfaces.fixes.FixHeaderApplyTransforms>
250527-23:57:17,845 nipype.workflow INFO:
	 [Node] Finished "resample_ref", elapsed time 2.435794s.
250527-23:57:17,921 nipype.workflow INFO:
	 [Node] Finished "resample_parc", elapsed time 3.516143s.
250527-23:57:18,265 nipype.interface WARNING:
	 Changing /out/sub-GEO015/anat/sub-GEO015_space-MNI152NLin2009cAsym_dseg.nii.gz dtype from float64 to int16
250527-23:57:18,874 nipype.workflow INFO:
	 [Node] Finished "resample_mask", elapsed time 3.393491s.
250527-23:57:19,148 nipype.workflow INFO:
	 [Node] Finished "resample_parc", elapsed time 3.738974s.
250527-23:57:19,946 nipype.workflow INFO:
	 [Node] Finished "resample_ref", elapsed time 2.620075s.
250527-23:57:20,557 nipype.workflow INFO:
	 [Node] Finished "resample_mask", elapsed time 3.103844s.
250527-23:57:20,666 nipype.workflow INFO:
	 [Node] Setting-up "fmriprep_25_0_wf.sub_GEO015_wf.bold_ses_t3_task_image_run_2_wf.carpetplot_wf.resample_parc" in "/work/fmriprep_25_0_wf/sub_GEO015_wf/bold_ses_t3_task_image_run_2_wf/carpetplot_wf/resample_parc".
250527-23:57:21,374 nipype.workflow INFO:
	 [Node] Executing "resample_parc" <niworkflows.interfaces.fixes.FixHeaderApplyTransforms>
250527-23:57:22,504 nipype.workflow INFO:
	 [Node] Setting-up "fmriprep_25_0_wf.sub_GEO015_wf.bold_ses_t3_task_image_run_2_wf.ds_bold_std_wf.resample_ref" in "/work/fmriprep_25_0_wf/sub_GEO015_wf/bold_ses_t3_task_image_run_2_wf/ds_bold_std_wf/_in_tuple_MNI152NLin2009cAsym.resnative/resample_ref".
250527-23:57:22,917 nipype.workflow INFO:
	 [Node] Setting-up "fmriprep_25_0_wf.sub_GEO015_wf.bold_ses_t3_task_image_run_2_wf.ds_bold_std_wf.resample_mask" in "/work/fmriprep_25_0_wf/sub_GEO015_wf/bold_ses_t3_task_image_run_2_wf/ds_bold_std_wf/_in_tuple_MNI152NLin2009cAsym.resnative/resample_mask".
250527-23:57:22,918 nipype.workflow INFO:
	 [Node] Setting-up "fmriprep_25_0_wf.sub_GEO015_wf.bold_ses_t3_task_image_run_3_wf.carpetplot_wf.resample_parc" in "/work/fmriprep_25_0_wf/sub_GEO015_wf/bold_ses_t3_task_image_run_3_wf/carpetplot_wf/resample_parc".
250527-23:57:23,674 nipype.workflow INFO:
	 [Node] Executing "resample_ref" <niworkflows.interfaces.fixes.FixHeaderApplyTransforms>
250527-23:57:24,213 nipype.workflow INFO:
	 [Node] Executing "resample_parc" <niworkflows.interfaces.fixes.FixHeaderApplyTransforms>
250527-23:57:24,895 nipype.workflow INFO:
	 [Node] Executing "resample_mask" <niworkflows.interfaces.fixes.FixHeaderApplyTransforms>
250527-23:57:25,92 nipype.workflow INFO:
	 [Node] Finished "resample_parc", elapsed time 3.716887s.
250527-23:57:25,349 nipype.workflow INFO:
	 [Node] Setting-up "fmriprep_25_0_wf.sub_GEO015_wf.bold_ses_t3_task_image_run_3_wf.ds_bold_std_wf.resample_ref" in "/work/fmriprep_25_0_wf/sub_GEO015_wf/bold_ses_t3_task_image_run_3_wf/ds_bold_std_wf/_in_tuple_MNI152NLin2009cAsym.resnative/resample_ref".
250527-23:57:25,350 nipype.workflow INFO:
	 [Node] Setting-up "fmriprep_25_0_wf.sub_GEO015_wf.bold_ses_t3_task_image_run_3_wf.ds_bold_std_wf.resample_mask" in "/work/fmriprep_25_0_wf/sub_GEO015_wf/bold_ses_t3_task_image_run_3_wf/ds_bold_std_wf/_in_tuple_MNI152NLin2009cAsym.resnative/resample_mask".
250527-23:57:25,351 nipype.workflow INFO:
	 [Node] Setting-up "fmriprep_25_0_wf.sub_GEO015_wf.bold_ses_t3_task_image_run_4_wf.carpetplot_wf.resample_parc" in "/work/fmriprep_25_0_wf/sub_GEO015_wf/bold_ses_t3_task_image_run_4_wf/carpetplot_wf/resample_parc".
250527-23:57:26,388 nipype.workflow INFO:
	 [Node] Finished "resample_ref", elapsed time 2.713731s.
250527-23:57:26,414 nipype.workflow INFO:
	 [Node] Executing "resample_ref" <niworkflows.interfaces.fixes.FixHeaderApplyTransforms>
250527-23:57:26,418 nipype.workflow INFO:
	 [Node] Executing "resample_mask" <niworkflows.interfaces.fixes.FixHeaderApplyTransforms>
250527-23:57:26,501 nipype.workflow INFO:
	 [Node] Executing "resample_parc" <niworkflows.interfaces.fixes.FixHeaderApplyTransforms>
250527-23:57:26,961 nipype.workflow INFO:
	 [Node] Setting-up "fmriprep_25_0_wf.sub_GEO015_wf.bold_ses_t3_task_image_run_4_wf.ds_bold_std_wf.resample_ref" in "/work/fmriprep_25_0_wf/sub_GEO015_wf/bold_ses_t3_task_image_run_4_wf/ds_bold_std_wf/_in_tuple_MNI152NLin2009cAsym.resnative/resample_ref".
250527-23:57:27,387 nipype.workflow INFO:
	 [Node] Setting-up "fmriprep_25_0_wf.sub_GEO015_wf.bold_ses_t3_task_image_run_4_wf.ds_bold_std_wf.resample_mask" in "/work/fmriprep_25_0_wf/sub_GEO015_wf/bold_ses_t3_task_image_run_4_wf/ds_bold_std_wf/_in_tuple_MNI152NLin2009cAsym.resnative/resample_mask".
250527-23:57:27,388 nipype.workflow INFO:
	 [Node] Setting-up "fmriprep_25_0_wf.sub_GEO015_wf.bold_ses_t3_task_image_run_5_wf.carpetplot_wf.resample_parc" in "/work/fmriprep_25_0_wf/sub_GEO015_wf/bold_ses_t3_task_image_run_5_wf/carpetplot_wf/resample_parc".
250527-23:57:27,484 nipype.workflow INFO:
	 [Node] Executing "resample_ref" <niworkflows.interfaces.fixes.FixHeaderApplyTransforms>
250527-23:57:27,645 nipype.workflow INFO:
	 [Node] Finished "resample_parc", elapsed time 3.43157s.
250527-23:57:27,805 nipype.workflow INFO:
	 [Node] Executing "resample_mask" <niworkflows.interfaces.fixes.FixHeaderApplyTransforms>
250527-23:57:27,989 nipype.workflow INFO:
	 [Node] Executing "resample_parc" <niworkflows.interfaces.fixes.FixHeaderApplyTransforms>
250527-23:57:28,103 nipype.workflow INFO:
	 [Node] Finished "resample_mask", elapsed time 3.206337s.
250527-23:57:28,870 nipype.workflow INFO:
	 [Node] Finished "resample_ref", elapsed time 2.455241s.
250527-23:57:29,524 nipype.workflow INFO:
	 [Node] Finished "resample_mask", elapsed time 3.104807s.
250527-23:57:29,945 nipype.workflow INFO:
	 [Node] Finished "resample_parc", elapsed time 3.4426550000000002s.
250527-23:57:30,3 nipype.workflow INFO:
	 [Node] Finished "resample_ref", elapsed time 2.518061s.
250527-23:57:30,222 nipype.workflow INFO:
	 [Node] Setting-up "fmriprep_25_0_wf.sub_GEO015_wf.bold_ses_t3_task_image_run_5_wf.ds_bold_std_wf.resample_ref" in "/work/fmriprep_25_0_wf/sub_GEO015_wf/bold_ses_t3_task_image_run_5_wf/ds_bold_std_wf/_in_tuple_MNI152NLin2009cAsym.resnative/resample_ref".
250527-23:57:30,224 nipype.workflow INFO:
	 [Node] Setting-up "fmriprep_25_0_wf.sub_GEO015_wf.bold_ses_t3_task_image_run_5_wf.ds_bold_std_wf.resample_mask" in "/work/fmriprep_25_0_wf/sub_GEO015_wf/bold_ses_t3_task_image_run_5_wf/ds_bold_std_wf/_in_tuple_MNI152NLin2009cAsym.resnative/resample_mask".
250527-23:57:30,226 nipype.workflow INFO:
	 [Node] Setting-up "fmriprep_25_0_wf.sub_GEO015_wf.bold_ses_t3_task_retrans_run_1_wf.carpetplot_wf.resample_parc" in "/work/fmriprep_25_0_wf/sub_GEO015_wf/bold_ses_t3_task_retrans_run_1_wf/carpetplot_wf/resample_parc".
250527-23:57:30,611 nipype.workflow INFO:
	 [Node] Executing "resample_mask" <niworkflows.interfaces.fixes.FixHeaderApplyTransforms>
250527-23:57:30,778 nipype.workflow INFO:
	 [Node] Executing "resample_parc" <niworkflows.interfaces.fixes.FixHeaderApplyTransforms>
250527-23:57:30,788 nipype.workflow INFO:
	 [Node] Executing "resample_ref" <niworkflows.interfaces.fixes.FixHeaderApplyTransforms>
250527-23:57:31,64 nipype.workflow INFO:
	 [Node] Finished "resample_mask", elapsed time 3.257707s.
250527-23:57:31,694 nipype.workflow INFO:
	 [Node] Finished "resample_parc", elapsed time 3.703889s.
250527-23:57:32,318 nipype.workflow INFO:
	 [Node] Setting-up "fmriprep_25_0_wf.sub_GEO015_wf.bold_ses_t3_task_retrans_run_1_wf.ds_bold_std_wf.resample_ref" in "/work/fmriprep_25_0_wf/sub_GEO015_wf/bold_ses_t3_task_retrans_run_1_wf/ds_bold_std_wf/_in_tuple_MNI152NLin2009cAsym.resnative/resample_ref".
250527-23:57:32,320 nipype.workflow INFO:
	 [Node] Setting-up "fmriprep_25_0_wf.sub_GEO015_wf.bold_ses_t3_task_retrans_run_1_wf.ds_bold_std_wf.resample_mask" in "/work/fmriprep_25_0_wf/sub_GEO015_wf/bold_ses_t3_task_retrans_run_1_wf/ds_bold_std_wf/_in_tuple_MNI152NLin2009cAsym.resnative/resample_mask".
250527-23:57:32,321 nipype.workflow INFO:
	 [Node] Setting-up "fmriprep_25_0_wf.sub_GEO015_wf.anat_fit_wf.anat_reports_wf.norm_rpt" in "/work/fmriprep_25_0_wf/sub_GEO015_wf/anat_fit_wf/anat_reports_wf/_in_tuple_MNI152NLin2009cAsym.resnative/norm_rpt".
250527-23:57:32,660 nipype.workflow INFO:
	 [Node] Executing "norm_rpt" <niworkflows.interfaces.reportlets.registration.SimpleBeforeAfterRPT>
250527-23:57:32,715 nipype.workflow INFO:
	 [Node] Executing "resample_mask" <niworkflows.interfaces.fixes.FixHeaderApplyTransforms>
250527-23:57:32,750 nipype.workflow INFO:
	 [Node] Executing "resample_ref" <niworkflows.interfaces.fixes.FixHeaderApplyTransforms>
250527-23:57:33,572 nipype.workflow INFO:
	 [Node] Finished "resample_ref", elapsed time 2.783398s.
250527-23:57:33,864 nipype.workflow INFO:
	 [Node] Finished "resample_mask", elapsed time 3.2525399999999998s.
250527-23:57:34,357 nipype.workflow INFO:
	 [Node] Finished "resample_parc", elapsed time 3.578147s.
250527-23:57:35,66 nipype.interface WARNING:
	 Changing /out/sub-GEO015/ses-t2/func/sub-GEO015_ses-t2_task-image_run-1_space-MNI152NLin2009cAsym_desc-brain_mask.nii.gz dtype from float64 to uint8
250527-23:57:35,212 nipype.workflow INFO:
	 [Node] Finished "resample_ref", elapsed time 2.461164s.
250527-23:57:35,979 nipype.workflow INFO:
	 [Node] Finished "resample_mask", elapsed time 3.263121s.
250527-23:57:37,884 nipype.interface WARNING:
	 Changing /out/sub-GEO015/ses-t2/func/sub-GEO015_ses-t2_task-image_run-2_space-MNI152NLin2009cAsym_desc-brain_mask.nii.gz dtype from float64 to uint8
250527-23:57:40,118 nipype.interface WARNING:
	 Changing /out/sub-GEO015/ses-t2/func/sub-GEO015_ses-t2_task-image_run-3_space-MNI152NLin2009cAsym_desc-brain_mask.nii.gz dtype from float64 to uint8
250527-23:57:42,654 nipype.interface WARNING:
	 Changing /out/sub-GEO015/ses-t2/func/sub-GEO015_ses-t2_task-image_run-4_space-MNI152NLin2009cAsym_desc-brain_mask.nii.gz dtype from float64 to uint8
250527-23:57:45,254 nipype.interface WARNING:
	 Changing /out/sub-GEO015/ses-t2/func/sub-GEO015_ses-t2_task-image_run-5_space-MNI152NLin2009cAsym_desc-brain_mask.nii.gz dtype from float64 to uint8
250527-23:57:47,572 nipype.interface WARNING:
	 Changing /out/sub-GEO015/ses-t3/func/sub-GEO015_ses-t3_task-image_run-1_space-MNI152NLin2009cAsym_desc-brain_mask.nii.gz dtype from float64 to uint8
250527-23:57:50,397 nipype.interface WARNING:
	 Changing /out/sub-GEO015/ses-t3/func/sub-GEO015_ses-t3_task-image_run-2_space-MNI152NLin2009cAsym_desc-brain_mask.nii.gz dtype from float64 to uint8
250527-23:57:52,489 nipype.workflow INFO:
	 [Node] Finished "norm_rpt", elapsed time 19.827787999999998s.
250527-23:57:52,941 nipype.interface WARNING:
	 Changing /out/sub-GEO015/ses-t3/func/sub-GEO015_ses-t3_task-image_run-3_space-MNI152NLin2009cAsym_desc-brain_mask.nii.gz dtype from float64 to uint8
250527-23:57:55,394 nipype.interface WARNING:
	 Changing /out/sub-GEO015/ses-t3/func/sub-GEO015_ses-t3_task-image_run-4_space-MNI152NLin2009cAsym_desc-brain_mask.nii.gz dtype from float64 to uint8
250527-23:57:56,33 nipype.workflow INFO:
	 [Node] Setting-up "fmriprep_25_0_wf.sub_GEO015_wf.bold_ses_t3_task_retrans_run_1_wf.bold_confounds_wf.acompcor" in "/work/fmriprep_25_0_wf/sub_GEO015_wf/bold_ses_t3_task_retrans_run_1_wf/bold_confounds_wf/acompcor".
250527-23:57:56,34 nipype.workflow INFO:
	 [Node] Setting-up "fmriprep_25_0_wf.sub_GEO015_wf.bold_ses_t2_task_image_run_1_wf.carpetplot_wf.parcels" in "/work/fmriprep_25_0_wf/sub_GEO015_wf/bold_ses_t2_task_image_run_1_wf/carpetplot_wf/parcels".
250527-23:57:56,459 nipype.workflow INFO:
	 [Node] Executing "parcels" <nipype.interfaces.utility.wrappers.Function>
250527-23:57:56,508 nipype.workflow INFO:
	 [Node] Executing "acompcor" <niworkflows.interfaces.patches.RobustACompCor>
250527-23:57:56,788 nipype.workflow INFO:
	 [Node] Finished "parcels", elapsed time 0.328113s.
250527-23:57:58,245 nipype.interface WARNING:
	 Changing /out/sub-GEO015/ses-t3/func/sub-GEO015_ses-t3_task-image_run-5_space-MNI152NLin2009cAsym_desc-brain_mask.nii.gz dtype from float64 to uint8
250527-23:58:01,87 nipype.interface WARNING:
	 Changing /out/sub-GEO015/ses-t3/func/sub-GEO015_ses-t3_task-retrans_run-1_space-MNI152NLin2009cAsym_desc-brain_mask.nii.gz dtype from float64 to uint8
250527-23:58:03,201 nipype.workflow INFO:
	 [Node] Setting-up "fmriprep_25_0_wf.sub_GEO015_wf.bold_ses_t2_task_image_run_2_wf.carpetplot_wf.parcels" in "/work/fmriprep_25_0_wf/sub_GEO015_wf/bold_ses_t2_task_image_run_2_wf/carpetplot_wf/parcels".
250527-23:58:03,201 nipype.workflow INFO:
	 [Node] Setting-up "fmriprep_25_0_wf.sub_GEO015_wf.bold_ses_t2_task_image_run_3_wf.carpetplot_wf.parcels" in "/work/fmriprep_25_0_wf/sub_GEO015_wf/bold_ses_t2_task_image_run_3_wf/carpetplot_wf/parcels".
250527-23:58:03,202 nipype.workflow INFO:
	 [Node] Setting-up "fmriprep_25_0_wf.sub_GEO015_wf.bold_ses_t2_task_image_run_4_wf.carpetplot_wf.parcels" in "/work/fmriprep_25_0_wf/sub_GEO015_wf/bold_ses_t2_task_image_run_4_wf/carpetplot_wf/parcels".
250527-23:58:03,204 nipype.workflow INFO:
	 [Node] Setting-up "fmriprep_25_0_wf.sub_GEO015_wf.bold_ses_t2_task_image_run_5_wf.carpetplot_wf.parcels" in "/work/fmriprep_25_0_wf/sub_GEO015_wf/bold_ses_t2_task_image_run_5_wf/carpetplot_wf/parcels".
250527-23:58:03,205 nipype.workflow INFO:
	 [Node] Setting-up "fmriprep_25_0_wf.sub_GEO015_wf.bold_ses_t3_task_image_run_1_wf.carpetplot_wf.parcels" in "/work/fmriprep_25_0_wf/sub_GEO015_wf/bold_ses_t3_task_image_run_1_wf/carpetplot_wf/parcels".
250527-23:58:03,644 nipype.workflow INFO:
	 [Node] Setting-up "fmriprep_25_0_wf.sub_GEO015_wf.bold_ses_t3_task_image_run_2_wf.carpetplot_wf.parcels" in "/work/fmriprep_25_0_wf/sub_GEO015_wf/bold_ses_t3_task_image_run_2_wf/carpetplot_wf/parcels".
250527-23:58:03,836 nipype.workflow INFO:
	 [Node] Executing "parcels" <nipype.interfaces.utility.wrappers.Function>
250527-23:58:03,955 nipype.workflow INFO:
	 [Node] Finished "parcels", elapsed time 0.118034s.
250527-23:58:03,961 nipype.workflow INFO:
	 [Node] Executing "parcels" <nipype.interfaces.utility.wrappers.Function>
250527-23:58:03,963 nipype.workflow INFO:
	 [Node] Executing "parcels" <nipype.interfaces.utility.wrappers.Function>
250527-23:58:03,983 nipype.workflow INFO:
	 [Node] Executing "parcels" <nipype.interfaces.utility.wrappers.Function>
250527-23:58:04,129 nipype.workflow INFO:
	 [Node] Finished "parcels", elapsed time 0.164597s.
250527-23:58:04,138 nipype.workflow INFO:
	 [Node] Finished "parcels", elapsed time 0.175495s.
250527-23:58:04,151 nipype.workflow INFO:
	 [Node] Finished "parcels", elapsed time 0.167351s.
250527-23:58:04,169 nipype.workflow INFO:
	 [Node] Executing "parcels" <nipype.interfaces.utility.wrappers.Function>
250527-23:58:04,296 nipype.workflow INFO:
	 [Node] Finished "parcels", elapsed time 0.125651s.
250527-23:58:04,466 nipype.workflow INFO:
	 [Node] Executing "parcels" <nipype.interfaces.utility.wrappers.Function>
250527-23:58:04,617 nipype.workflow INFO:
	 [Node] Finished "parcels", elapsed time 0.148407s.
250527-23:58:05,629 nipype.workflow INFO:
	 [Node] Setting-up "fmriprep_25_0_wf.sub_GEO015_wf.bold_ses_t3_task_image_run_3_wf.carpetplot_wf.parcels" in "/work/fmriprep_25_0_wf/sub_GEO015_wf/bold_ses_t3_task_image_run_3_wf/carpetplot_wf/parcels".
250527-23:58:05,630 nipype.workflow INFO:
	 [Node] Setting-up "fmriprep_25_0_wf.sub_GEO015_wf.bold_ses_t3_task_image_run_4_wf.carpetplot_wf.parcels" in "/work/fmriprep_25_0_wf/sub_GEO015_wf/bold_ses_t3_task_image_run_4_wf/carpetplot_wf/parcels".
250527-23:58:05,631 nipype.workflow INFO:
	 [Node] Setting-up "fmriprep_25_0_wf.sub_GEO015_wf.bold_ses_t3_task_image_run_5_wf.carpetplot_wf.parcels" in "/work/fmriprep_25_0_wf/sub_GEO015_wf/bold_ses_t3_task_image_run_5_wf/carpetplot_wf/parcels".
250527-23:58:05,632 nipype.workflow INFO:
	 [Node] Setting-up "fmriprep_25_0_wf.sub_GEO015_wf.bold_ses_t3_task_retrans_run_1_wf.carpetplot_wf.parcels" in "/work/fmriprep_25_0_wf/sub_GEO015_wf/bold_ses_t3_task_retrans_run_1_wf/carpetplot_wf/parcels".
250527-23:58:05,671 nipype.workflow INFO:
	 [Node] Setting-up "_anat2std_tpms0" in "/work/fmriprep_25_0_wf/sub_GEO015_wf/ds_std_volumes_wf/_in_tuple_MNI152NLin2009cAsym.resnative/anat2std_tpms/mapflow/_anat2std_tpms0".
250527-23:58:05,679 nipype.workflow INFO:
	 [Node] Setting-up "_anat2std_tpms1" in "/work/fmriprep_25_0_wf/sub_GEO015_wf/ds_std_volumes_wf/_in_tuple_MNI152NLin2009cAsym.resnative/anat2std_tpms/mapflow/_anat2std_tpms1".
250527-23:58:06,278 nipype.workflow INFO:
	 [Node] Executing "parcels" <nipype.interfaces.utility.wrappers.Function>
250527-23:58:06,282 nipype.workflow INFO:
	 [Node] Executing "parcels" <nipype.interfaces.utility.wrappers.Function>
250527-23:58:06,320 nipype.workflow INFO:
	 [Node] Executing "parcels" <nipype.interfaces.utility.wrappers.Function>
250527-23:58:06,355 nipype.workflow INFO:
	 [Node] Executing "parcels" <nipype.interfaces.utility.wrappers.Function>
250527-23:58:06,364 nipype.workflow INFO:
	 [Node] Executing "_anat2std_tpms0" <niworkflows.interfaces.fixes.FixHeaderApplyTransforms>
250527-23:58:06,367 nipype.workflow INFO:
	 [Node] Executing "_anat2std_tpms1" <niworkflows.interfaces.fixes.FixHeaderApplyTransforms>
250527-23:58:06,367 nipype.workflow INFO:
	 [Node] Finished "parcels", elapsed time 0.088098s.
250527-23:58:06,381 nipype.workflow INFO:
	 [Node] Finished "parcels", elapsed time 0.097893s.
250527-23:58:06,475 nipype.workflow INFO:
	 [Node] Finished "parcels", elapsed time 0.154482s.
250527-23:58:06,513 nipype.workflow INFO:
	 [Node] Finished "parcels", elapsed time 0.15705s.
250527-23:58:07,653 nipype.workflow INFO:
	 [Node] Setting-up "_anat2std_tpms2" in "/work/fmriprep_25_0_wf/sub_GEO015_wf/ds_std_volumes_wf/_in_tuple_MNI152NLin2009cAsym.resnative/anat2std_tpms/mapflow/_anat2std_tpms2".
250527-23:58:08,144 nipype.workflow INFO:
	 [Node] Executing "_anat2std_tpms2" <niworkflows.interfaces.fixes.FixHeaderApplyTransforms>
250527-23:58:09,100 nipype.workflow INFO:
	 [Node] Finished "acompcor", elapsed time 12.590864s.
250527-23:58:11,625 nipype.workflow INFO:
	 [Node] Setting-up "fmriprep_25_0_wf.sub_GEO015_wf.bold_ses_t3_task_retrans_run_1_wf.bold_confounds_wf.crowncompcor" in "/work/fmriprep_25_0_wf/sub_GEO015_wf/bold_ses_t3_task_retrans_run_1_wf/bold_confounds_wf/crowncompcor".
250527-23:58:11,626 nipype.workflow INFO:
	 [Node] Setting-up "fmriprep_25_0_wf.sub_GEO015_wf.bold_ses_t3_task_retrans_run_1_wf.bold_confounds_wf.rename_acompcor" in "/work/fmriprep_25_0_wf/sub_GEO015_wf/bold_ses_t3_task_retrans_run_1_wf/bold_confounds_wf/rename_acompcor".
250527-23:58:12,659 nipype.workflow INFO:
	 [Node] Executing "rename_acompcor" <fmriprep.interfaces.confounds.RenameACompCor>
250527-23:58:12,973 nipype.workflow INFO:
	 [Node] Finished "rename_acompcor", elapsed time 0.313623s.
250527-23:58:12,996 nipype.workflow INFO:
	 [Node] Executing "crowncompcor" <niworkflows.interfaces.patches.RobustACompCor>
250527-23:58:13,630 nipype.workflow INFO:
	 [Node] Setting-up "fmriprep_25_0_wf.sub_GEO015_wf.bold_ses_t3_task_retrans_run_1_wf.bold_confounds_wf.acc_metadata_filter" in "/work/fmriprep_25_0_wf/sub_GEO015_wf/bold_ses_t3_task_retrans_run_1_wf/bold_confounds_wf/acc_metadata_filter".
250527-23:58:14,283 nipype.workflow INFO:
	 [Node] Executing "acc_metadata_filter" <fmriprep.interfaces.confounds.FilterDropped>
250527-23:58:14,314 nipype.workflow INFO:
	 [Node] Finished "acc_metadata_filter", elapsed time 0.029907s.
250527-23:58:15,629 nipype.workflow INFO:
	 [Node] Setting-up "fmriprep_25_0_wf.sub_GEO015_wf.bold_ses_t3_task_retrans_run_1_wf.bold_confounds_wf.acc_metadata_fmt" in "/work/fmriprep_25_0_wf/sub_GEO015_wf/bold_ses_t3_task_retrans_run_1_wf/bold_confounds_wf/acc_metadata_fmt".
250527-23:58:17,557 nipype.workflow INFO:
	 [Node] Executing "acc_metadata_fmt" <niworkflows.interfaces.utility.TSV2JSON>
250527-23:58:17,568 nipype.workflow INFO:
	 [Node] Finished "acc_metadata_fmt", elapsed time 0.009402s.
250527-23:58:18,300 nipype.workflow INFO:
	 [Node] Finished "_anat2std_tpms0", elapsed time 11.93443s.
250527-23:58:18,393 nipype.workflow INFO:
	 [Node] Finished "_anat2std_tpms1", elapsed time 12.024936s.
250527-23:58:18,879 nipype.workflow INFO:
	 [Node] Finished "_anat2std_tpms2", elapsed time 10.733845s.
250527-23:58:21,934 nipype.workflow INFO:
	 [Node] Setting-up "_anat2std_tpms0" in "/work/fmriprep_25_0_wf/sub_GEO015_wf/ds_std_volumes_wf/_in_tuple_MNI152NLin2009cAsym.resnative/anat2std_tpms/mapflow/_anat2std_tpms0".
250527-23:58:21,939 nipype.workflow INFO:
	 [Node] Cached "_anat2std_tpms0" - collecting precomputed outputs
250527-23:58:21,939 nipype.workflow INFO:
	 [Node] "_anat2std_tpms0" found cached.
250527-23:58:21,939 nipype.workflow INFO:
	 [Node] Setting-up "_anat2std_tpms1" in "/work/fmriprep_25_0_wf/sub_GEO015_wf/ds_std_volumes_wf/_in_tuple_MNI152NLin2009cAsym.resnative/anat2std_tpms/mapflow/_anat2std_tpms1".
250527-23:58:21,942 nipype.workflow INFO:
	 [Node] Cached "_anat2std_tpms1" - collecting precomputed outputs
250527-23:58:21,943 nipype.workflow INFO:
	 [Node] "_anat2std_tpms1" found cached.
250527-23:58:21,943 nipype.workflow INFO:
	 [Node] Setting-up "_anat2std_tpms2" in "/work/fmriprep_25_0_wf/sub_GEO015_wf/ds_std_volumes_wf/_in_tuple_MNI152NLin2009cAsym.resnative/anat2std_tpms/mapflow/_anat2std_tpms2".
250527-23:58:21,946 nipype.workflow INFO:
	 [Node] Cached "_anat2std_tpms2" - collecting precomputed outputs
250527-23:58:21,946 nipype.workflow INFO:
	 [Node] "_anat2std_tpms2" found cached.
250527-23:58:27,932 nipype.workflow INFO:
	 [Node] Finished "crowncompcor", elapsed time 14.93452s.
250527-23:58:29,592 nipype.workflow INFO:
	 [Node] Setting-up "fmriprep_25_0_wf.sub_GEO015_wf.bold_ses_t2_task_image_run_1_wf.bold_std_wf.resample" in "/work/fmriprep_25_0_wf/sub_GEO015_wf/bold_ses_t2_task_image_run_1_wf/bold_std_wf/_in_tuple_MNI152NLin2009cAsym.resnative/resample".
250527-23:58:29,593 nipype.workflow INFO:
	 [Node] Setting-up "fmriprep_25_0_wf.sub_GEO015_wf.bold_ses_t3_task_retrans_run_1_wf.bold_confounds_wf.crowncc_metadata_fmt" in "/work/fmriprep_25_0_wf/sub_GEO015_wf/bold_ses_t3_task_retrans_run_1_wf/bold_confounds_wf/crowncc_metadata_fmt".
250527-23:58:29,952 nipype.workflow INFO:
	 [Node] Executing "resample" <fmriprep.interfaces.resampling.ResampleSeries>
250527-23:58:29,985 nipype.workflow INFO:
	 [Node] Executing "crowncc_metadata_fmt" <niworkflows.interfaces.utility.TSV2JSON>
250527-23:58:29,994 nipype.workflow INFO:
	 [Node] Finished "crowncc_metadata_fmt", elapsed time 0.00833s.
250527-23:58:33,941 nipype.workflow INFO:
	 [Node] Setting-up "fmriprep_25_0_wf.sub_GEO015_wf.bold_ses_t2_task_image_run_1_wf.carpetplot_wf.conf_plot" in "/work/fmriprep_25_0_wf/sub_GEO015_wf/bold_ses_t2_task_image_run_1_wf/carpetplot_wf/conf_plot".
250527-23:58:34,486 nipype.workflow INFO:
	 [Node] Executing "conf_plot" <fmriprep.interfaces.confounds.FMRISummary>
250527-23:58:45,584 nipype.workflow INFO:
	 [Node] Finished "conf_plot", elapsed time 11.096348s.
250527-23:58:46,352 nipype.workflow INFO:
	 [Node] Setting-up "fmriprep_25_0_wf.sub_GEO015_wf.bold_ses_t3_task_retrans_run_1_wf.bold_confounds_wf.compcor_plot" in "/work/fmriprep_25_0_wf/sub_GEO015_wf/bold_ses_t3_task_retrans_run_1_wf/bold_confounds_wf/compcor_plot".
250527-23:58:46,797 nipype.workflow INFO:
	 [Node] Executing "compcor_plot" <nireports.interfaces.nuisance.CompCorVariancePlot>
250527-23:58:47,112 nipype.workflow INFO:
	 [Node] Finished "compcor_plot", elapsed time 0.313591s.
250527-23:58:49,757 nipype.workflow INFO:
	 [Node] Setting-up "fmriprep_25_0_wf.sub_GEO015_wf.bold_ses_t2_task_image_run_2_wf.carpetplot_wf.conf_plot" in "/work/fmriprep_25_0_wf/sub_GEO015_wf/bold_ses_t2_task_image_run_2_wf/carpetplot_wf/conf_plot".
250527-23:58:50,543 nipype.workflow INFO:
	 [Node] Executing "conf_plot" <fmriprep.interfaces.confounds.FMRISummary>
250527-23:59:02,396 nipype.workflow INFO:
	 [Node] Finished "conf_plot", elapsed time 11.851668s.
250527-23:59:02,657 nipype.workflow INFO:
	 [Node] Finished "resample", elapsed time 32.703769s.
250527-23:59:04,387 nipype.workflow INFO:
	 [Node] Setting-up "fmriprep_25_0_wf.sub_GEO015_wf.bold_ses_t2_task_image_run_2_wf.bold_anat_wf.resample" in "/work/fmriprep_25_0_wf/sub_GEO015_wf/bold_ses_t2_task_image_run_2_wf/bold_anat_wf/resample".
250527-23:59:04,396 nipype.workflow INFO:
	 [Node] Setting-up "fmriprep_25_0_wf.sub_GEO015_wf.bold_ses_t2_task_image_run_1_wf.ds_bold_std_wf.ds_bold" in "/work/fmriprep_25_0_wf/sub_GEO015_wf/bold_ses_t2_task_image_run_1_wf/ds_bold_std_wf/_in_tuple_MNI152NLin2009cAsym.resnative/ds_bold".
250527-23:59:05,119 nipype.workflow INFO:
	 [Node] Executing "ds_bold" <fmriprep.interfaces.DerivativesDataSink>
250527-23:59:06,149 nipype.workflow INFO:
	 [Node] Executing "resample" <fmriprep.interfaces.resampling.ResampleSeries>
250527-23:59:28,76 nipype.workflow INFO:
	 [Node] Finished "resample", elapsed time 21.925337s.
250527-23:59:30,350 nipype.workflow INFO:
	 [Node] Finished "ds_bold", elapsed time 25.229878s.
250527-23:59:30,380 nipype.workflow INFO:
	 [Node] Setting-up "fmriprep_25_0_wf.sub_GEO015_wf.bold_ses_t2_task_image_run_2_wf.bold_std_wf.resample" in "/work/fmriprep_25_0_wf/sub_GEO015_wf/bold_ses_t2_task_image_run_2_wf/bold_std_wf/_in_tuple_MNI152NLin2009cAsym.resnative/resample".
250527-23:59:30,774 nipype.workflow INFO:
	 [Node] Executing "resample" <fmriprep.interfaces.resampling.ResampleSeries>
250527-23:59:32,387 nipype.workflow INFO:
	 [Node] Setting-up "fmriprep_25_0_wf.sub_GEO015_wf.bold_ses_t2_task_image_run_3_wf.carpetplot_wf.conf_plot" in "/work/fmriprep_25_0_wf/sub_GEO015_wf/bold_ses_t2_task_image_run_3_wf/carpetplot_wf/conf_plot".
250527-23:59:33,136 nipype.workflow INFO:
	 [Node] Executing "conf_plot" <fmriprep.interfaces.confounds.FMRISummary>
250527-23:59:44,351 nipype.workflow INFO:
	 [Node] Finished "conf_plot", elapsed time 11.214321s.
250527-23:59:46,377 nipype.workflow INFO:
	 [Node] Setting-up "fmriprep_25_0_wf.sub_GEO015_wf.bold_ses_t2_task_image_run_4_wf.carpetplot_wf.conf_plot" in "/work/fmriprep_25_0_wf/sub_GEO015_wf/bold_ses_t2_task_image_run_4_wf/carpetplot_wf/conf_plot".
250527-23:59:47,87 nipype.workflow INFO:
	 [Node] Executing "conf_plot" <fmriprep.interfaces.confounds.FMRISummary>
250527-23:59:58,335 nipype.workflow INFO:
	 [Node] Finished "conf_plot", elapsed time 11.247386s.
250528-00:00:00,404 nipype.workflow INFO:
	 [Node] Setting-up "fmriprep_25_0_wf.sub_GEO015_wf.bold_ses_t2_task_image_run_5_wf.carpetplot_wf.conf_plot" in "/work/fmriprep_25_0_wf/sub_GEO015_wf/bold_ses_t2_task_image_run_5_wf/carpetplot_wf/conf_plot".
250528-00:00:01,142 nipype.workflow INFO:
	 [Node] Executing "conf_plot" <fmriprep.interfaces.confounds.FMRISummary>
250528-00:00:03,830 nipype.workflow INFO:
	 [Node] Finished "resample", elapsed time 33.020372s.
250528-00:00:06,420 nipype.workflow INFO:
	 [Node] Setting-up "fmriprep_25_0_wf.sub_GEO015_wf.bold_ses_t2_task_image_run_3_wf.bold_anat_wf.resample" in "/work/fmriprep_25_0_wf/sub_GEO015_wf/bold_ses_t2_task_image_run_3_wf/bold_anat_wf/resample".
250528-00:00:07,695 nipype.workflow INFO:
	 [Node] Executing "resample" <fmriprep.interfaces.resampling.ResampleSeries>
250528-00:00:13,384 nipype.workflow INFO:
	 [Node] Finished "conf_plot", elapsed time 12.240505s.
250528-00:00:14,450 nipype.workflow INFO:
	 [Node] Setting-up "fmriprep_25_0_wf.sub_GEO015_wf.bold_ses_t2_task_image_run_2_wf.ds_bold_std_wf.ds_bold" in "/work/fmriprep_25_0_wf/sub_GEO015_wf/bold_ses_t2_task_image_run_2_wf/ds_bold_std_wf/_in_tuple_MNI152NLin2009cAsym.resnative/ds_bold".
250528-00:00:14,911 nipype.workflow INFO:
	 [Node] Executing "ds_bold" <fmriprep.interfaces.DerivativesDataSink>
250528-00:00:29,608 nipype.workflow INFO:
	 [Node] Finished "resample", elapsed time 21.910244s.
250528-00:00:30,459 nipype.workflow INFO:
	 [Node] Setting-up "fmriprep_25_0_wf.sub_GEO015_wf.bold_ses_t2_task_image_run_3_wf.bold_std_wf.resample" in "/work/fmriprep_25_0_wf/sub_GEO015_wf/bold_ses_t2_task_image_run_3_wf/bold_std_wf/_in_tuple_MNI152NLin2009cAsym.resnative/resample".
250528-00:00:31,32 nipype.workflow INFO:
	 [Node] Executing "resample" <fmriprep.interfaces.resampling.ResampleSeries>
250528-00:00:40,520 nipype.workflow INFO:
	 [Node] Finished "ds_bold", elapsed time 25.607769s.
250528-00:00:42,447 nipype.workflow INFO:
	 [Node] Setting-up "fmriprep_25_0_wf.sub_GEO015_wf.bold_ses_t3_task_image_run_1_wf.carpetplot_wf.conf_plot" in "/work/fmriprep_25_0_wf/sub_GEO015_wf/bold_ses_t3_task_image_run_1_wf/carpetplot_wf/conf_plot".
250528-00:00:43,275 nipype.workflow INFO:
	 [Node] Executing "conf_plot" <fmriprep.interfaces.confounds.FMRISummary>
250528-00:00:54,758 nipype.workflow INFO:
	 [Node] Finished "conf_plot", elapsed time 11.48208s.
250528-00:00:56,461 nipype.workflow INFO:
	 [Node] Setting-up "fmriprep_25_0_wf.sub_GEO015_wf.bold_ses_t3_task_image_run_2_wf.carpetplot_wf.conf_plot" in "/work/fmriprep_25_0_wf/sub_GEO015_wf/bold_ses_t3_task_image_run_2_wf/carpetplot_wf/conf_plot".
250528-00:00:57,313 nipype.workflow INFO:
	 [Node] Executing "conf_plot" <fmriprep.interfaces.confounds.FMRISummary>
250528-00:01:04,321 nipype.workflow INFO:
	 [Node] Finished "resample", elapsed time 33.287369s.
250528-00:01:06,425 nipype.workflow INFO:
	 [Node] Setting-up "fmriprep_25_0_wf.sub_GEO015_wf.bold_ses_t2_task_image_run_4_wf.bold_anat_wf.resample" in "/work/fmriprep_25_0_wf/sub_GEO015_wf/bold_ses_t2_task_image_run_4_wf/bold_anat_wf/resample".
250528-00:01:07,308 nipype.workflow INFO:
	 [Node] Executing "resample" <fmriprep.interfaces.resampling.ResampleSeries>
250528-00:01:08,516 nipype.workflow INFO:
	 [Node] Finished "conf_plot", elapsed time 11.201742s.
250528-00:01:10,473 nipype.workflow INFO:
	 [Node] Setting-up "fmriprep_25_0_wf.sub_GEO015_wf.bold_ses_t2_task_image_run_3_wf.ds_bold_std_wf.ds_bold" in "/work/fmriprep_25_0_wf/sub_GEO015_wf/bold_ses_t2_task_image_run_3_wf/ds_bold_std_wf/_in_tuple_MNI152NLin2009cAsym.resnative/ds_bold".
250528-00:01:11,187 nipype.workflow INFO:
	 [Node] Executing "ds_bold" <fmriprep.interfaces.DerivativesDataSink>
250528-00:01:29,917 nipype.workflow INFO:
	 [Node] Finished "resample", elapsed time 22.600587s.
250528-00:01:32,481 nipype.workflow INFO:
	 [Node] Setting-up "fmriprep_25_0_wf.sub_GEO015_wf.bold_ses_t2_task_image_run_4_wf.bold_std_wf.resample" in "/work/fmriprep_25_0_wf/sub_GEO015_wf/bold_ses_t2_task_image_run_4_wf/bold_std_wf/_in_tuple_MNI152NLin2009cAsym.resnative/resample".
250528-00:01:33,192 nipype.workflow INFO:
	 [Node] Executing "resample" <fmriprep.interfaces.resampling.ResampleSeries>
250528-00:01:36,910 nipype.workflow INFO:
	 [Node] Finished "ds_bold", elapsed time 25.721852s.
250528-00:01:38,334 nipype.workflow INFO:
	 [Node] Setting-up "fmriprep_25_0_wf.sub_GEO015_wf.bold_ses_t3_task_image_run_3_wf.carpetplot_wf.conf_plot" in "/work/fmriprep_25_0_wf/sub_GEO015_wf/bold_ses_t3_task_image_run_3_wf/carpetplot_wf/conf_plot".
250528-00:01:38,836 nipype.workflow INFO:
	 [Node] Executing "conf_plot" <fmriprep.interfaces.confounds.FMRISummary>
250528-00:01:50,396 nipype.workflow INFO:
	 [Node] Finished "conf_plot", elapsed time 11.559713s.
250528-00:01:52,405 nipype.workflow INFO:
	 [Node] Setting-up "fmriprep_25_0_wf.sub_GEO015_wf.bold_ses_t3_task_image_run_4_wf.carpetplot_wf.conf_plot" in "/work/fmriprep_25_0_wf/sub_GEO015_wf/bold_ses_t3_task_image_run_4_wf/carpetplot_wf/conf_plot".
250528-00:01:53,35 nipype.workflow INFO:
	 [Node] Executing "conf_plot" <fmriprep.interfaces.confounds.FMRISummary>
250528-00:02:06,34 nipype.workflow INFO:
	 [Node] Finished "resample", elapsed time 32.840789s.
250528-00:02:06,667 nipype.workflow INFO:
	 [Node] Finished "conf_plot", elapsed time 13.630669s.
250528-00:02:08,423 nipype.workflow INFO:
	 [Node] Setting-up "fmriprep_25_0_wf.sub_GEO015_wf.bold_ses_t2_task_image_run_5_wf.bold_anat_wf.resample" in "/work/fmriprep_25_0_wf/sub_GEO015_wf/bold_ses_t2_task_image_run_5_wf/bold_anat_wf/resample".
250528-00:02:08,428 nipype.workflow INFO:
	 [Node] Setting-up "fmriprep_25_0_wf.sub_GEO015_wf.bold_ses_t2_task_image_run_4_wf.ds_bold_std_wf.ds_bold" in "/work/fmriprep_25_0_wf/sub_GEO015_wf/bold_ses_t2_task_image_run_4_wf/ds_bold_std_wf/_in_tuple_MNI152NLin2009cAsym.resnative/ds_bold".
250528-00:02:09,96 nipype.workflow INFO:
	 [Node] Executing "resample" <fmriprep.interfaces.resampling.ResampleSeries>
250528-00:02:09,99 nipype.workflow INFO:
	 [Node] Executing "ds_bold" <fmriprep.interfaces.DerivativesDataSink>
250528-00:02:30,888 nipype.workflow INFO:
	 [Node] Finished "resample", elapsed time 21.790985s.
250528-00:02:32,446 nipype.workflow INFO:
	 [Node] Setting-up "fmriprep_25_0_wf.sub_GEO015_wf.bold_ses_t2_task_image_run_5_wf.bold_std_wf.resample" in "/work/fmriprep_25_0_wf/sub_GEO015_wf/bold_ses_t2_task_image_run_5_wf/bold_std_wf/_in_tuple_MNI152NLin2009cAsym.resnative/resample".
250528-00:02:32,977 nipype.workflow INFO:
	 [Node] Executing "resample" <fmriprep.interfaces.resampling.ResampleSeries>
250528-00:02:34,954 nipype.workflow INFO:
	 [Node] Finished "ds_bold", elapsed time 25.854378s.
250528-00:02:36,466 nipype.workflow INFO:
	 [Node] Setting-up "fmriprep_25_0_wf.sub_GEO015_wf.bold_ses_t3_task_image_run_5_wf.carpetplot_wf.conf_plot" in "/work/fmriprep_25_0_wf/sub_GEO015_wf/bold_ses_t3_task_image_run_5_wf/carpetplot_wf/conf_plot".
250528-00:02:36,953 nipype.workflow INFO:
	 [Node] Executing "conf_plot" <fmriprep.interfaces.confounds.FMRISummary>
250528-00:02:48,306 nipype.workflow INFO:
	 [Node] Finished "conf_plot", elapsed time 11.352360000000001s.
250528-00:03:06,319 nipype.workflow INFO:
	 [Node] Finished "resample", elapsed time 33.340785s.
250528-00:03:08,328 nipype.workflow INFO:
	 [Node] Setting-up "fmriprep_25_0_wf.sub_GEO015_wf.bold_ses_t3_task_image_run_1_wf.bold_anat_wf.resample" in "/work/fmriprep_25_0_wf/sub_GEO015_wf/bold_ses_t3_task_image_run_1_wf/bold_anat_wf/resample".
250528-00:03:08,335 nipype.workflow INFO:
	 [Node] Setting-up "fmriprep_25_0_wf.sub_GEO015_wf.bold_ses_t2_task_image_run_5_wf.ds_bold_std_wf.ds_bold" in "/work/fmriprep_25_0_wf/sub_GEO015_wf/bold_ses_t2_task_image_run_5_wf/ds_bold_std_wf/_in_tuple_MNI152NLin2009cAsym.resnative/ds_bold".
250528-00:03:08,808 nipype.workflow INFO:
	 [Node] Executing "ds_bold" <fmriprep.interfaces.DerivativesDataSink>
250528-00:03:08,904 nipype.workflow INFO:
	 [Node] Executing "resample" <fmriprep.interfaces.resampling.ResampleSeries>
250528-00:03:29,983 nipype.workflow INFO:
	 [Node] Finished "resample", elapsed time 21.077756s.
250528-00:03:32,334 nipype.workflow INFO:
	 [Node] Setting-up "fmriprep_25_0_wf.sub_GEO015_wf.bold_ses_t3_task_image_run_1_wf.bold_std_wf.resample" in "/work/fmriprep_25_0_wf/sub_GEO015_wf/bold_ses_t3_task_image_run_1_wf/bold_std_wf/_in_tuple_MNI152NLin2009cAsym.resnative/resample".
250528-00:03:33,69 nipype.workflow INFO:
	 [Node] Executing "resample" <fmriprep.interfaces.resampling.ResampleSeries>
250528-00:03:34,193 nipype.workflow INFO:
	 [Node] Finished "ds_bold", elapsed time 25.38325s.
250528-00:04:05,585 nipype.workflow INFO:
	 [Node] Finished "resample", elapsed time 32.513493s.
250528-00:04:08,353 nipype.workflow INFO:
	 [Node] Setting-up "fmriprep_25_0_wf.sub_GEO015_wf.bold_ses_t3_task_image_run_2_wf.bold_anat_wf.resample" in "/work/fmriprep_25_0_wf/sub_GEO015_wf/bold_ses_t3_task_image_run_2_wf/bold_anat_wf/resample".
250528-00:04:08,378 nipype.workflow INFO:
	 [Node] Setting-up "fmriprep_25_0_wf.sub_GEO015_wf.bold_ses_t3_task_image_run_1_wf.ds_bold_std_wf.ds_bold" in "/work/fmriprep_25_0_wf/sub_GEO015_wf/bold_ses_t3_task_image_run_1_wf/ds_bold_std_wf/_in_tuple_MNI152NLin2009cAsym.resnative/ds_bold".
250528-00:04:09,903 nipype.workflow INFO:
	 [Node] Executing "resample" <fmriprep.interfaces.resampling.ResampleSeries>
250528-00:04:10,737 nipype.workflow INFO:
	 [Node] Executing "ds_bold" <fmriprep.interfaces.DerivativesDataSink>
250528-00:04:31,256 nipype.workflow INFO:
	 [Node] Finished "resample", elapsed time 21.352451s.
250528-00:04:32,357 nipype.workflow INFO:
	 [Node] Setting-up "fmriprep_25_0_wf.sub_GEO015_wf.bold_ses_t3_task_image_run_2_wf.bold_std_wf.resample" in "/work/fmriprep_25_0_wf/sub_GEO015_wf/bold_ses_t3_task_image_run_2_wf/bold_std_wf/_in_tuple_MNI152NLin2009cAsym.resnative/resample".
250528-00:04:32,903 nipype.workflow INFO:
	 [Node] Executing "resample" <fmriprep.interfaces.resampling.ResampleSeries>
250528-00:04:36,338 nipype.workflow INFO:
	 [Node] Finished "ds_bold", elapsed time 25.599859s.
250528-00:05:05,668 nipype.workflow INFO:
	 [Node] Finished "resample", elapsed time 32.762773s.
250528-00:05:06,370 nipype.workflow INFO:
	 [Node] Setting-up "fmriprep_25_0_wf.sub_GEO015_wf.bold_ses_t3_task_image_run_3_wf.bold_anat_wf.resample" in "/work/fmriprep_25_0_wf/sub_GEO015_wf/bold_ses_t3_task_image_run_3_wf/bold_anat_wf/resample".
250528-00:05:06,377 nipype.workflow INFO:
	 [Node] Setting-up "fmriprep_25_0_wf.sub_GEO015_wf.bold_ses_t3_task_image_run_2_wf.ds_bold_std_wf.ds_bold" in "/work/fmriprep_25_0_wf/sub_GEO015_wf/bold_ses_t3_task_image_run_2_wf/ds_bold_std_wf/_in_tuple_MNI152NLin2009cAsym.resnative/ds_bold".
250528-00:05:07,880 nipype.workflow INFO:
	 [Node] Executing "resample" <fmriprep.interfaces.resampling.ResampleSeries>
250528-00:05:08,920 nipype.workflow INFO:
	 [Node] Executing "ds_bold" <fmriprep.interfaces.DerivativesDataSink>
250528-00:05:28,985 nipype.workflow INFO:
	 [Node] Finished "resample", elapsed time 21.103706s.
250528-00:05:30,408 nipype.workflow INFO:
	 [Node] Setting-up "fmriprep_25_0_wf.sub_GEO015_wf.bold_ses_t3_task_image_run_3_wf.bold_std_wf.resample" in "/work/fmriprep_25_0_wf/sub_GEO015_wf/bold_ses_t3_task_image_run_3_wf/bold_std_wf/_in_tuple_MNI152NLin2009cAsym.resnative/resample".
250528-00:05:31,96 nipype.workflow INFO:
	 [Node] Executing "resample" <fmriprep.interfaces.resampling.ResampleSeries>
250528-00:05:34,319 nipype.workflow INFO:
	 [Node] Finished "ds_bold", elapsed time 25.397393s.
250528-00:06:04,368 nipype.workflow INFO:
	 [Node] Finished "resample", elapsed time 33.27093s.
250528-00:06:06,396 nipype.workflow INFO:
	 [Node] Setting-up "fmriprep_25_0_wf.sub_GEO015_wf.bold_ses_t3_task_image_run_4_wf.bold_anat_wf.resample" in "/work/fmriprep_25_0_wf/sub_GEO015_wf/bold_ses_t3_task_image_run_4_wf/bold_anat_wf/resample".
250528-00:06:06,405 nipype.workflow INFO:
	 [Node] Setting-up "fmriprep_25_0_wf.sub_GEO015_wf.bold_ses_t3_task_image_run_3_wf.ds_bold_std_wf.ds_bold" in "/work/fmriprep_25_0_wf/sub_GEO015_wf/bold_ses_t3_task_image_run_3_wf/ds_bold_std_wf/_in_tuple_MNI152NLin2009cAsym.resnative/ds_bold".
250528-00:06:07,45 nipype.workflow INFO:
	 [Node] Executing "resample" <fmriprep.interfaces.resampling.ResampleSeries>
250528-00:06:07,47 nipype.workflow INFO:
	 [Node] Executing "ds_bold" <fmriprep.interfaces.DerivativesDataSink>
250528-00:06:28,622 nipype.workflow INFO:
	 [Node] Finished "resample", elapsed time 21.575596s.
250528-00:06:30,429 nipype.workflow INFO:
	 [Node] Setting-up "fmriprep_25_0_wf.sub_GEO015_wf.bold_ses_t3_task_image_run_4_wf.bold_std_wf.resample" in "/work/fmriprep_25_0_wf/sub_GEO015_wf/bold_ses_t3_task_image_run_4_wf/bold_std_wf/_in_tuple_MNI152NLin2009cAsym.resnative/resample".
250528-00:06:32,43 nipype.workflow INFO:
	 [Node] Finished "ds_bold", elapsed time 24.99388s.
250528-00:06:32,43 nipype.workflow INFO:
	 [Node] Executing "resample" <fmriprep.interfaces.resampling.ResampleSeries>
250528-00:07:04,198 nipype.workflow INFO:
	 [Node] Finished "resample", elapsed time 32.129372s.
250528-00:07:06,401 nipype.workflow INFO:
	 [Node] Setting-up "fmriprep_25_0_wf.sub_GEO015_wf.bold_ses_t3_task_image_run_5_wf.bold_anat_wf.resample" in "/work/fmriprep_25_0_wf/sub_GEO015_wf/bold_ses_t3_task_image_run_5_wf/bold_anat_wf/resample".
250528-00:07:06,528 nipype.workflow INFO:
	 [Node] Setting-up "fmriprep_25_0_wf.sub_GEO015_wf.bold_ses_t3_task_image_run_4_wf.ds_bold_std_wf.ds_bold" in "/work/fmriprep_25_0_wf/sub_GEO015_wf/bold_ses_t3_task_image_run_4_wf/ds_bold_std_wf/_in_tuple_MNI152NLin2009cAsym.resnative/ds_bold".
250528-00:07:07,74 nipype.workflow INFO:
	 [Node] Executing "ds_bold" <fmriprep.interfaces.DerivativesDataSink>
250528-00:07:07,141 nipype.workflow INFO:
	 [Node] Executing "resample" <fmriprep.interfaces.resampling.ResampleSeries>
250528-00:07:28,494 nipype.workflow INFO:
	 [Node] Finished "resample", elapsed time 21.352292s.
250528-00:07:30,409 nipype.workflow INFO:
	 [Node] Setting-up "fmriprep_25_0_wf.sub_GEO015_wf.bold_ses_t3_task_image_run_5_wf.bold_std_wf.resample" in "/work/fmriprep_25_0_wf/sub_GEO015_wf/bold_ses_t3_task_image_run_5_wf/bold_std_wf/_in_tuple_MNI152NLin2009cAsym.resnative/resample".
250528-00:07:31,564 nipype.workflow INFO:
	 [Node] Executing "resample" <fmriprep.interfaces.resampling.ResampleSeries>
250528-00:07:31,975 nipype.workflow INFO:
	 [Node] Finished "ds_bold", elapsed time 24.89893s.
250528-00:08:02,956 nipype.workflow INFO:
	 [Node] Finished "resample", elapsed time 31.391312s.
250528-00:08:04,423 nipype.workflow INFO:
	 [Node] Setting-up "fmriprep_25_0_wf.sub_GEO015_wf.bold_ses_t3_task_retrans_run_1_wf.bold_anat_wf.resample" in "/work/fmriprep_25_0_wf/sub_GEO015_wf/bold_ses_t3_task_retrans_run_1_wf/bold_anat_wf/resample".
250528-00:08:04,430 nipype.workflow INFO:
	 [Node] Setting-up "fmriprep_25_0_wf.sub_GEO015_wf.bold_ses_t3_task_image_run_5_wf.ds_bold_std_wf.ds_bold" in "/work/fmriprep_25_0_wf/sub_GEO015_wf/bold_ses_t3_task_image_run_5_wf/ds_bold_std_wf/_in_tuple_MNI152NLin2009cAsym.resnative/ds_bold".
250528-00:08:05,30 nipype.workflow INFO:
	 [Node] Executing "resample" <fmriprep.interfaces.resampling.ResampleSeries>
250528-00:08:05,128 nipype.workflow INFO:
	 [Node] Executing "ds_bold" <fmriprep.interfaces.DerivativesDataSink>
250528-00:08:29,925 nipype.workflow INFO:
	 [Node] Finished "ds_bold", elapsed time 24.794465s.
250528-00:08:30,624 nipype.workflow INFO:
	 [Node] Finished "resample", elapsed time 25.593529s.
250528-00:08:32,440 nipype.workflow INFO:
	 [Node] Setting-up "fmriprep_25_0_wf.sub_GEO015_wf.bold_ses_t3_task_retrans_run_1_wf.bold_std_wf.resample" in "/work/fmriprep_25_0_wf/sub_GEO015_wf/bold_ses_t3_task_retrans_run_1_wf/bold_std_wf/_in_tuple_MNI152NLin2009cAsym.resnative/resample".
250528-00:08:33,116 nipype.workflow INFO:
	 [Node] Executing "resample" <fmriprep.interfaces.resampling.ResampleSeries>
250528-00:09:11,269 nipype.workflow INFO:
	 [Node] Finished "resample", elapsed time 38.150962s.
250528-00:09:12,436 nipype.workflow INFO:
	 [Node] Setting-up "fmriprep_25_0_wf.sub_GEO015_wf.bold_ses_t3_task_retrans_run_1_wf.ds_bold_std_wf.ds_bold" in "/work/fmriprep_25_0_wf/sub_GEO015_wf/bold_ses_t3_task_retrans_run_1_wf/ds_bold_std_wf/_in_tuple_MNI152NLin2009cAsym.resnative/ds_bold".
250528-00:09:12,442 nipype.workflow INFO:
	 [Node] Setting-up "fmriprep_25_0_wf.sub_GEO015_wf.bold_ses_t3_task_retrans_run_1_wf.bold_confounds_wf.signals" in "/work/fmriprep_25_0_wf/sub_GEO015_wf/bold_ses_t3_task_retrans_run_1_wf/bold_confounds_wf/signals".
250528-00:09:13,238 nipype.workflow INFO:
	 [Node] Executing "ds_bold" <fmriprep.interfaces.DerivativesDataSink>
250528-00:09:13,375 nipype.workflow INFO:
	 [Node] Executing "signals" <niworkflows.interfaces.images.SignalExtraction>
250528-00:09:21,761 nipype.workflow INFO:
	 [Node] Finished "signals", elapsed time 8.384060999999999s.
250528-00:09:24,424 nipype.workflow INFO:
	 [Node] Setting-up "fmriprep_25_0_wf.sub_GEO015_wf.bold_ses_t3_task_retrans_run_1_wf.bold_confounds_wf.rois_plot" in "/work/fmriprep_25_0_wf/sub_GEO015_wf/bold_ses_t3_task_retrans_run_1_wf/bold_confounds_wf/rois_plot".
250528-00:09:25,274 nipype.workflow INFO:
	 [Node] Executing "rois_plot" <niworkflows.interfaces.reportlets.masks.ROIsPlot>
250528-00:09:28,52 nipype.workflow INFO:
	 [Node] Setting-up "fmriprep_25_0_wf.sub_GEO015_wf.bold_ses_t3_task_retrans_run_1_wf.bold_confounds_wf.model_expansion" in "/work/fmriprep_25_0_wf/sub_GEO015_wf/bold_ses_t3_task_retrans_run_1_wf/bold_confounds_wf/model_expansion".
250528-00:09:28,53 nipype.workflow INFO:
	 [Node] Setting-up "fmriprep_25_0_wf.sub_GEO015_wf.bold_ses_t3_task_retrans_run_1_wf.bold_confounds_wf.conf_corr_plot" in "/work/fmriprep_25_0_wf/sub_GEO015_wf/bold_ses_t3_task_retrans_run_1_wf/bold_confounds_wf/conf_corr_plot".
250528-00:09:28,579 nipype.workflow INFO:
	 [Node] Executing "model_expansion" <niworkflows.interfaces.confounds.ExpandModel>
250528-00:09:29,163 nipype.workflow INFO:
	 [Node] Finished "model_expansion", elapsed time 0.583355s.
250528-00:09:29,449 nipype.workflow INFO:
	 [Node] Executing "conf_corr_plot" <nireports.interfaces.nuisance.ConfoundsCorrelationPlot>
250528-00:09:30,21 nipype.workflow INFO:
	 [Node] Setting-up "fmriprep_25_0_wf.sub_GEO015_wf.bold_ses_t3_task_retrans_run_1_wf.bold_confounds_wf.spike_regressors" in "/work/fmriprep_25_0_wf/sub_GEO015_wf/bold_ses_t3_task_retrans_run_1_wf/bold_confounds_wf/spike_regressors".
250528-00:09:30,451 nipype.workflow INFO:
	 [Node] Executing "spike_regressors" <niworkflows.interfaces.confounds.SpikeRegressors>
250528-00:09:30,673 nipype.workflow INFO:
	 [Node] Finished "conf_corr_plot", elapsed time 1.222963s.
250528-00:09:30,720 nipype.workflow INFO:
	 [Node] Finished "spike_regressors", elapsed time 0.268659s.
250528-00:09:45,174 nipype.workflow INFO:
	 [Node] Finished "ds_bold", elapsed time 31.935572s.
250528-00:09:45,591 nipype.workflow INFO:
	 [Node] Finished "rois_plot", elapsed time 20.315611s.
250528-00:09:50,321 nipype.workflow INFO:
	 [Node] Setting-up "fmriprep_25_0_wf.sub_GEO015_wf.bold_ses_t3_task_retrans_run_1_wf.carpetplot_wf.conf_plot" in "/work/fmriprep_25_0_wf/sub_GEO015_wf/bold_ses_t3_task_retrans_run_1_wf/carpetplot_wf/conf_plot".
250528-00:09:51,166 nipype.workflow INFO:
	 [Node] Executing "conf_plot" <fmriprep.interfaces.confounds.FMRISummary>
250528-00:10:05,367 nipype.workflow INFO:
	 [Node] Finished "conf_plot", elapsed time 14.199505s.
250528-00:10:08,581 nipype.workflow IMPORTANT:
	 fMRIPrep finished successfully!
250528-00:10:08,620 nipype.workflow IMPORTANT:
	 Works derived from this fMRIPrep execution should include the boilerplate text found in <OUTPUT_PATH>/logs/CITATION.md.
