250528-00:28:17,298 nipype.workflow IMPORTANT:
	 Running fMRIPrep version 25.0.0

         License NOTICE ##################################################
         fMRIPrep 25.0.0
         Copyright The NiPreps Developers.
         
         This product includes software developed by
         the NiPreps Community (https://nipreps.org/).
         
         Portions of this software were developed at the Department of
         Psychology at Stanford University, Stanford, CA, US.
         
         This software is also distributed as a Docker container image.
         The bootstrapping file for the image ("Dockerfile") is licensed
         under the MIT License.
         
         This software may be distributed through an add-on package called
         "Docker Wrapper" that is under the BSD 3-clause License.
         #################################################################
250528-00:52:31,213 nipype.workflow IMPORTANT:
	 Building fMRIPrep's workflow:
           * BIDS dataset path: /data.
           * Participant list: ['GEO067'].
           * Run identifier: 20250527-230758_48bb41d4-93b1-4612-a567-bec222eaa172.
           * Output spaces: MNI152NLin2009cAsym:res-native.
           * Pre-run FreeSurfer's SUBJECTS_DIR: /out/sourcedata/freesurfer.
250528-00:52:41,321 nipype.workflow INFO:
	 ANAT Stage 1: Adding template workflow
250528-00:52:48,189 nipype.workflow INFO:
	 ANAT Stage 2: Preparing brain extraction workflow
250528-00:52:48,361 nipype.workflow INFO:
	 ANAT Stage 3: Preparing segmentation workflow
250528-00:52:48,365 nipype.workflow INFO:
	 ANAT Stage 4: Preparing normalization workflow for ['MNI152NLin2009cAsym']
250528-00:52:48,389 nipype.workflow INFO:
	 ANAT Stage 5: Preparing surface reconstruction workflow
250528-00:52:48,407 nipype.workflow INFO:
	 ANAT Stage 6: Preparing mask refinement workflow
250528-00:52:48,409 nipype.workflow INFO:
	 ANAT Stage 7: Creating T2w template
250528-00:52:48,416 nipype.workflow INFO:
	 ANAT Stage 8: Creating GIFTI surfaces for ['white', 'pial', 'midthickness', 'sphere_reg', 'sphere']
250528-00:52:48,430 nipype.workflow INFO:
	 ANAT Stage 8: Creating GIFTI metrics for ['thickness', 'sulc']
250528-00:52:48,436 nipype.workflow INFO:
	 ANAT Stage 8a: Creating cortical ribbon mask
250528-00:52:48,439 nipype.workflow INFO:
	 ANAT Stage 9: Creating fsLR registration sphere
250528-00:52:48,443 nipype.workflow INFO:
	 ANAT Stage 10: Creating MSM-Sulc registration sphere
250528-00:53:34,73 nipype.workflow INFO:
	 No single-band-reference found for sub-GEO067_ses-t2_task-image_run-1_bold.nii.gz.
250528-00:53:34,258 nipype.workflow INFO:
	 Stage 1: Adding HMC boldref workflow
250528-00:53:34,266 nipype.workflow INFO:
	 Stage 2: Adding motion correction workflow
250528-00:53:34,272 nipype.workflow INFO:
	 Stage 3: Adding coregistration boldref workflow
250528-00:53:37,39 nipype.workflow INFO:
	 No single-band-reference found for sub-GEO067_ses-t2_task-image_run-2_bold.nii.gz.
250528-00:53:37,145 nipype.workflow INFO:
	 Stage 1: Adding HMC boldref workflow
250528-00:53:37,151 nipype.workflow INFO:
	 Stage 2: Adding motion correction workflow
250528-00:53:37,154 nipype.workflow INFO:
	 Stage 3: Adding coregistration boldref workflow
250528-00:53:39,862 nipype.workflow INFO:
	 No single-band-reference found for sub-GEO067_ses-t2_task-image_run-3_bold.nii.gz.
250528-00:53:39,968 nipype.workflow INFO:
	 Stage 1: Adding HMC boldref workflow
250528-00:53:39,973 nipype.workflow INFO:
	 Stage 2: Adding motion correction workflow
250528-00:53:39,977 nipype.workflow INFO:
	 Stage 3: Adding coregistration boldref workflow
250528-00:53:42,461 nipype.workflow INFO:
	 No single-band-reference found for sub-GEO067_ses-t2_task-image_run-4_bold.nii.gz.
250528-00:53:42,567 nipype.workflow INFO:
	 Stage 1: Adding HMC boldref workflow
250528-00:53:42,573 nipype.workflow INFO:
	 Stage 2: Adding motion correction workflow
250528-00:53:42,577 nipype.workflow INFO:
	 Stage 3: Adding coregistration boldref workflow
250528-00:53:45,240 nipype.workflow INFO:
	 No single-band-reference found for sub-GEO067_ses-t2_task-image_run-5_bold.nii.gz.
250528-00:53:45,345 nipype.workflow INFO:
	 Stage 1: Adding HMC boldref workflow
250528-00:53:45,350 nipype.workflow INFO:
	 Stage 2: Adding motion correction workflow
250528-00:53:45,354 nipype.workflow INFO:
	 Stage 3: Adding coregistration boldref workflow
250528-00:53:48,868 nipype.workflow INFO:
	 No single-band-reference found for sub-GEO067_ses-t3_task-image_run-1_bold.nii.gz.
250528-00:53:48,977 nipype.workflow INFO:
	 Stage 1: Adding HMC boldref workflow
250528-00:53:48,983 nipype.workflow INFO:
	 Stage 2: Adding motion correction workflow
250528-00:53:48,987 nipype.workflow INFO:
	 Stage 3: Adding coregistration boldref workflow
250528-00:53:51,368 nipype.workflow INFO:
	 No single-band-reference found for sub-GEO067_ses-t3_task-image_run-2_bold.nii.gz.
250528-00:53:51,473 nipype.workflow INFO:
	 Stage 1: Adding HMC boldref workflow
250528-00:53:51,478 nipype.workflow INFO:
	 Stage 2: Adding motion correction workflow
250528-00:53:51,482 nipype.workflow INFO:
	 Stage 3: Adding coregistration boldref workflow
250528-00:53:54,172 nipype.workflow INFO:
	 No single-band-reference found for sub-GEO067_ses-t3_task-image_run-3_bold.nii.gz.
250528-00:53:54,277 nipype.workflow INFO:
	 Stage 1: Adding HMC boldref workflow
250528-00:53:54,283 nipype.workflow INFO:
	 Stage 2: Adding motion correction workflow
250528-00:53:54,287 nipype.workflow INFO:
	 Stage 3: Adding coregistration boldref workflow
250528-00:53:57,56 nipype.workflow INFO:
	 No single-band-reference found for sub-GEO067_ses-t3_task-image_run-4_bold.nii.gz.
250528-00:53:57,164 nipype.workflow INFO:
	 Stage 1: Adding HMC boldref workflow
250528-00:53:57,170 nipype.workflow INFO:
	 Stage 2: Adding motion correction workflow
250528-00:53:57,173 nipype.workflow INFO:
	 Stage 3: Adding coregistration boldref workflow
250528-00:54:01,221 nipype.workflow INFO:
	 No single-band-reference found for sub-GEO067_ses-t3_task-image_run-5_bold.nii.gz.
250528-00:54:01,328 nipype.workflow INFO:
	 Stage 1: Adding HMC boldref workflow
250528-00:54:01,334 nipype.workflow INFO:
	 Stage 2: Adding motion correction workflow
250528-00:54:01,337 nipype.workflow INFO:
	 Stage 3: Adding coregistration boldref workflow
250528-00:54:04,555 nipype.workflow INFO:
	 No single-band-reference found for sub-GEO067_ses-t3_task-retrans_run-1_bold.nii.gz.
250528-00:54:04,658 nipype.workflow INFO:
	 Stage 1: Adding HMC boldref workflow
250528-00:54:04,665 nipype.workflow INFO:
	 Stage 2: Adding motion correction workflow
250528-00:54:04,668 nipype.workflow INFO:
	 Stage 3: Adding coregistration boldref workflow
250528-00:54:12,846 nipype.workflow INFO:
	 fMRIPrep workflow graph with 1955 nodes built successfully.
250528-00:55:37,170 nipype.workflow IMPORTANT:
	 fMRIPrep started!
250528-00:55:47,504 nipype.workflow INFO:
	 [Node] Setting-up "fmriprep_25_0_wf.sub_GEO067_wf.anat_fit_wf.brain_extraction_wf.full_wm" in "/work/fmriprep_25_0_wf/sub_GEO067_wf/anat_fit_wf/brain_extraction_wf/full_wm".
250528-00:55:47,567 nipype.workflow INFO:
	 [Node] Setting-up "fmriprep_25_0_wf.sub_GEO067_wf.anat_fit_wf.brain_extraction_wf.lap_tmpl" in "/work/fmriprep_25_0_wf/sub_GEO067_wf/anat_fit_wf/brain_extraction_wf/lap_tmpl".
250528-00:55:47,593 nipype.workflow INFO:
	 [Node] Setting-up "fmriprep_25_0_wf.sub_GEO067_wf.anat_fit_wf.brain_extraction_wf.res_tmpl" in "/work/fmriprep_25_0_wf/sub_GEO067_wf/anat_fit_wf/brain_extraction_wf/res_tmpl".
250528-00:55:47,613 nipype.workflow INFO:
	 [Node] Setting-up "fmriprep_25_0_wf.sub_GEO067_wf.bold_ses_t2_task_image_run_1_wf.bold_fit_wf.hmc_boldref_wf.validation_and_dummies_wf.val_bold" in "/work/fmriprep_25_0_wf/sub_GEO067_wf/bold_ses_t2_task_image_run_1_wf/bold_fit_wf/hmc_boldref_wf/validation_and_dummies_wf/val_bold".
250528-00:55:47,619 nipype.workflow INFO:
	 [Node] Setting-up "fmriprep_25_0_wf.sub_GEO067_wf.bold_ses_t2_task_image_run_1_wf.bold_fit_wf.hmc_boldref_wf.validation_and_dummies_wf.get_dummy" in "/work/fmriprep_25_0_wf/sub_GEO067_wf/bold_ses_t2_task_image_run_1_wf/bold_fit_wf/hmc_boldref_wf/validation_and_dummies_wf/get_dummy".
250528-00:55:47,773 nipype.workflow INFO:
	 [Node] Executing "lap_tmpl" <nipype.interfaces.ants.utils.ImageMath>
250528-00:55:47,856 nipype.workflow INFO:
	 [Node] Executing "full_wm" <nipype.interfaces.utility.wrappers.Function>
250528-00:55:47,861 nipype.workflow INFO:
	 [Node] Executing "res_tmpl" <niworkflows.interfaces.nibabel.RegridToZooms>
250528-00:55:47,976 nipype.workflow INFO:
	 [Node] Executing "val_bold" <niworkflows.interfaces.header.ValidateImage>
250528-00:55:48,3 nipype.workflow INFO:
	 [Node] Executing "get_dummy" <niworkflows.interfaces.bold.NonsteadyStatesDetector>
250528-00:55:48,59 nipype.workflow INFO:
	 [Node] Finished "val_bold", elapsed time 0.080434s.
250528-00:55:48,835 nipype.workflow INFO:
	 [Node] Finished "full_wm", elapsed time 0.976321s.
250528-00:55:49,270 nipype.workflow INFO:
	 [Node] Finished "res_tmpl", elapsed time 1.406411s.
250528-00:55:49,479 nipype.workflow INFO:
	 [Node] Setting-up "fmriprep_25_0_wf.sub_GEO067_wf.bidssrc" in "/work/fmriprep_25_0_wf/sub_GEO067_wf/bidssrc".
250528-00:55:49,573 nipype.workflow INFO:
	 [Node] Setting-up "fmriprep_25_0_wf.sub_GEO067_wf.bold_ses_t2_task_image_run_1_wf.bold_fit_wf.ds_hmc_boldref_wf.sources" in "/work/fmriprep_25_0_wf/sub_GEO067_wf/bold_ses_t2_task_image_run_1_wf/bold_fit_wf/ds_hmc_boldref_wf/sources".
250528-00:55:49,671 nipype.workflow INFO:
	 [Node] Setting-up "fmriprep_25_0_wf.sub_GEO067_wf.bold_ses_t2_task_image_run_1_wf.bold_fit_wf.ds_hmc_wf.sources" in "/work/fmriprep_25_0_wf/sub_GEO067_wf/bold_ses_t2_task_image_run_1_wf/bold_fit_wf/ds_hmc_wf/sources".
250528-00:55:49,690 nipype.workflow INFO:
	 [Node] Executing "bidssrc" <niworkflows.interfaces.bids.BIDSDataGrabber>
250528-00:55:49,692 nipype.interface INFO:
	 No "flair" images found for sub-GEO067
250528-00:55:49,693 nipype.interface INFO:
	 No "fmap" images found for sub-GEO067
250528-00:55:49,693 nipype.interface INFO:
	 No "sbref" images found for sub-GEO067
250528-00:55:49,693 nipype.interface INFO:
	 No "roi" images found for sub-GEO067
250528-00:55:49,693 nipype.interface INFO:
	 No "pet" images found for sub-GEO067
250528-00:55:49,693 nipype.interface INFO:
	 No "asl" images found for sub-GEO067
250528-00:55:49,693 nipype.workflow INFO:
	 [Node] Finished "bidssrc", elapsed time 0.00093s.
250528-00:55:49,851 nipype.workflow INFO:
	 [Node] Executing "sources" <fmriprep.interfaces.bids.BIDSURI>
250528-00:55:49,855 nipype.workflow INFO:
	 [Node] Finished "sources", elapsed time 0.000577s.
250528-00:55:49,937 nipype.workflow INFO:
	 [Node] Executing "sources" <fmriprep.interfaces.bids.BIDSURI>
250528-00:55:49,940 nipype.workflow INFO:
	 [Node] Finished "sources", elapsed time 0.0007s.
250528-00:55:49,957 nipype.workflow INFO:
	 [Node] Setting-up "fmriprep_25_0_wf.sub_GEO067_wf.bold_ses_t2_task_image_run_1_wf.bold_native_wf.bold_source" in "/work/fmriprep_25_0_wf/sub_GEO067_wf/bold_ses_t2_task_image_run_1_wf/bold_native_wf/bold_source".
250528-00:55:49,962 nipype.workflow INFO:
	 [Node] Setting-up "fmriprep_25_0_wf.sub_GEO067_wf.bold_ses_t2_task_image_run_2_wf.bold_fit_wf.hmc_boldref_wf.validation_and_dummies_wf.val_bold" in "/work/fmriprep_25_0_wf/sub_GEO067_wf/bold_ses_t2_task_image_run_2_wf/bold_fit_wf/hmc_boldref_wf/validation_and_dummies_wf/val_bold".
250528-00:55:50,233 nipype.workflow INFO:
	 [Node] Executing "bold_source" <nipype.interfaces.utility.base.Select>
250528-00:55:50,234 nipype.workflow INFO:
	 [Node] Executing "val_bold" <niworkflows.interfaces.header.ValidateImage>
250528-00:55:50,234 nipype.workflow INFO:
	 [Node] Finished "bold_source", elapsed time 0.000458s.
250528-00:55:50,311 nipype.workflow INFO:
	 [Node] Finished "val_bold", elapsed time 0.075887s.
250528-00:55:51,56 nipype.workflow INFO:
	 [Node] Finished "get_dummy", elapsed time 3.048665s.
250528-00:55:51,876 nipype.workflow INFO:
	 [Node] Setting-up "fmriprep_25_0_wf.sub_GEO067_wf.bold_ses_t2_task_image_run_1_wf.bold_fit_wf.ds_boldmask_wf.sources" in "/work/fmriprep_25_0_wf/sub_GEO067_wf/bold_ses_t2_task_image_run_1_wf/bold_fit_wf/ds_boldmask_wf/sources".
250528-00:55:51,988 nipype.workflow INFO:
	 [Node] Setting-up "fmriprep_25_0_wf.sub_GEO067_wf.bold_ses_t2_task_image_run_2_wf.bold_fit_wf.ds_hmc_boldref_wf.sources" in "/work/fmriprep_25_0_wf/sub_GEO067_wf/bold_ses_t2_task_image_run_2_wf/bold_fit_wf/ds_hmc_boldref_wf/sources".
250528-00:55:51,988 nipype.workflow INFO:
	 [Node] Setting-up "fmriprep_25_0_wf.sub_GEO067_wf.bold_ses_t2_task_image_run_2_wf.bold_fit_wf.hmc_boldref_wf.validation_and_dummies_wf.get_dummy" in "/work/fmriprep_25_0_wf/sub_GEO067_wf/bold_ses_t2_task_image_run_2_wf/bold_fit_wf/hmc_boldref_wf/validation_and_dummies_wf/get_dummy".
250528-00:55:51,988 nipype.workflow INFO:
	 [Node] Setting-up "fmriprep_25_0_wf.sub_GEO067_wf.bold_ses_t2_task_image_run_2_wf.bold_fit_wf.ds_hmc_wf.sources" in "/work/fmriprep_25_0_wf/sub_GEO067_wf/bold_ses_t2_task_image_run_2_wf/bold_fit_wf/ds_hmc_wf/sources".
250528-00:55:51,990 nipype.workflow INFO:
	 [Node] Setting-up "fmriprep_25_0_wf.sub_GEO067_wf.bold_ses_t2_task_image_run_2_wf.bold_native_wf.bold_source" in "/work/fmriprep_25_0_wf/sub_GEO067_wf/bold_ses_t2_task_image_run_2_wf/bold_native_wf/bold_source".
250528-00:55:51,994 nipype.workflow INFO:
	 [Node] Setting-up "fmriprep_25_0_wf.sub_GEO067_wf.bold_ses_t2_task_image_run_3_wf.bold_fit_wf.hmc_boldref_wf.validation_and_dummies_wf.val_bold" in "/work/fmriprep_25_0_wf/sub_GEO067_wf/bold_ses_t2_task_image_run_3_wf/bold_fit_wf/hmc_boldref_wf/validation_and_dummies_wf/val_bold".
250528-00:55:52,164 nipype.workflow INFO:
	 [Node] Executing "sources" <fmriprep.interfaces.bids.BIDSURI>
250528-00:55:52,165 nipype.workflow INFO:
	 [Node] Finished "sources", elapsed time 0.000535s.
250528-00:55:52,171 nipype.workflow INFO:
	 [Node] Executing "get_dummy" <niworkflows.interfaces.bold.NonsteadyStatesDetector>
250528-00:55:52,216 nipype.workflow INFO:
	 [Node] Executing "bold_source" <nipype.interfaces.utility.base.Select>
250528-00:55:52,217 nipype.workflow INFO:
	 [Node] Finished "bold_source", elapsed time 0.000532s.
250528-00:55:52,365 nipype.workflow INFO:
	 [Node] Executing "sources" <fmriprep.interfaces.bids.BIDSURI>
250528-00:55:52,367 nipype.workflow INFO:
	 [Node] Finished "sources", elapsed time 0.0007s.
250528-00:55:52,369 nipype.workflow INFO:
	 [Node] Executing "val_bold" <niworkflows.interfaces.header.ValidateImage>
250528-00:55:52,369 nipype.workflow INFO:
	 [Node] Executing "sources" <fmriprep.interfaces.bids.BIDSURI>
250528-00:55:52,370 nipype.workflow INFO:
	 [Node] Finished "sources", elapsed time 0.000671s.
250528-00:55:52,461 nipype.workflow INFO:
	 [Node] Finished "val_bold", elapsed time 0.091525s.
250528-00:55:53,959 nipype.workflow INFO:
	 [Node] Setting-up "fmriprep_25_0_wf.sub_GEO067_wf.bold_ses_t2_task_image_run_2_wf.bold_fit_wf.ds_boldmask_wf.sources" in "/work/fmriprep_25_0_wf/sub_GEO067_wf/bold_ses_t2_task_image_run_2_wf/bold_fit_wf/ds_boldmask_wf/sources".
250528-00:55:53,978 nipype.workflow INFO:
	 [Node] Setting-up "fmriprep_25_0_wf.sub_GEO067_wf.bold_ses_t2_task_image_run_3_wf.bold_fit_wf.ds_hmc_boldref_wf.sources" in "/work/fmriprep_25_0_wf/sub_GEO067_wf/bold_ses_t2_task_image_run_3_wf/bold_fit_wf/ds_hmc_boldref_wf/sources".
250528-00:55:53,978 nipype.workflow INFO:
	 [Node] Setting-up "fmriprep_25_0_wf.sub_GEO067_wf.bold_ses_t2_task_image_run_3_wf.bold_fit_wf.hmc_boldref_wf.validation_and_dummies_wf.get_dummy" in "/work/fmriprep_25_0_wf/sub_GEO067_wf/bold_ses_t2_task_image_run_3_wf/bold_fit_wf/hmc_boldref_wf/validation_and_dummies_wf/get_dummy".
250528-00:55:53,979 nipype.workflow INFO:
	 [Node] Setting-up "fmriprep_25_0_wf.sub_GEO067_wf.bold_ses_t2_task_image_run_3_wf.bold_fit_wf.ds_hmc_wf.sources" in "/work/fmriprep_25_0_wf/sub_GEO067_wf/bold_ses_t2_task_image_run_3_wf/bold_fit_wf/ds_hmc_wf/sources".
250528-00:55:53,979 nipype.workflow INFO:
	 [Node] Setting-up "fmriprep_25_0_wf.sub_GEO067_wf.bold_ses_t2_task_image_run_3_wf.bold_fit_wf.ds_boldmask_wf.sources" in "/work/fmriprep_25_0_wf/sub_GEO067_wf/bold_ses_t2_task_image_run_3_wf/bold_fit_wf/ds_boldmask_wf/sources".
250528-00:55:53,980 nipype.workflow INFO:
	 [Node] Setting-up "fmriprep_25_0_wf.sub_GEO067_wf.bold_ses_t2_task_image_run_3_wf.bold_native_wf.bold_source" in "/work/fmriprep_25_0_wf/sub_GEO067_wf/bold_ses_t2_task_image_run_3_wf/bold_native_wf/bold_source".
250528-00:55:54,490 nipype.workflow INFO:
	 [Node] Executing "get_dummy" <niworkflows.interfaces.bold.NonsteadyStatesDetector>
250528-00:55:54,526 nipype.workflow INFO:
	 [Node] Executing "sources" <fmriprep.interfaces.bids.BIDSURI>
250528-00:55:54,528 nipype.workflow INFO:
	 [Node] Finished "sources", elapsed time 0.000605s.
250528-00:55:54,564 nipype.workflow INFO:
	 [Node] Executing "bold_source" <nipype.interfaces.utility.base.Select>
250528-00:55:54,566 nipype.workflow INFO:
	 [Node] Finished "bold_source", elapsed time 0.000663s.
250528-00:55:54,608 nipype.workflow INFO:
	 [Node] Executing "sources" <fmriprep.interfaces.bids.BIDSURI>
250528-00:55:54,610 nipype.workflow INFO:
	 [Node] Finished "sources", elapsed time 0.000599s.
250528-00:55:54,638 nipype.workflow INFO:
	 [Node] Executing "sources" <fmriprep.interfaces.bids.BIDSURI>
250528-00:55:54,640 nipype.workflow INFO:
	 [Node] Finished "sources", elapsed time 0.000705s.
250528-00:55:54,701 nipype.workflow INFO:
	 [Node] Executing "sources" <fmriprep.interfaces.bids.BIDSURI>
250528-00:55:54,702 nipype.workflow INFO:
	 [Node] Finished "sources", elapsed time 0.000566s.
250528-00:55:55,939 nipype.workflow INFO:
	 [Node] Setting-up "fmriprep_25_0_wf.sub_GEO067_wf.bold_ses_t2_task_image_run_4_wf.bold_fit_wf.hmc_boldref_wf.validation_and_dummies_wf.val_bold" in "/work/fmriprep_25_0_wf/sub_GEO067_wf/bold_ses_t2_task_image_run_4_wf/bold_fit_wf/hmc_boldref_wf/validation_and_dummies_wf/val_bold".
250528-00:55:55,941 nipype.workflow INFO:
	 [Node] Setting-up "fmriprep_25_0_wf.sub_GEO067_wf.bold_ses_t2_task_image_run_4_wf.bold_fit_wf.hmc_boldref_wf.validation_and_dummies_wf.get_dummy" in "/work/fmriprep_25_0_wf/sub_GEO067_wf/bold_ses_t2_task_image_run_4_wf/bold_fit_wf/hmc_boldref_wf/validation_and_dummies_wf/get_dummy".
250528-00:55:55,941 nipype.workflow INFO:
	 [Node] Setting-up "fmriprep_25_0_wf.sub_GEO067_wf.bold_ses_t2_task_image_run_4_wf.bold_fit_wf.ds_hmc_boldref_wf.sources" in "/work/fmriprep_25_0_wf/sub_GEO067_wf/bold_ses_t2_task_image_run_4_wf/bold_fit_wf/ds_hmc_boldref_wf/sources".
250528-00:55:55,941 nipype.workflow INFO:
	 [Node] Setting-up "fmriprep_25_0_wf.sub_GEO067_wf.bold_ses_t2_task_image_run_4_wf.bold_fit_wf.ds_hmc_wf.sources" in "/work/fmriprep_25_0_wf/sub_GEO067_wf/bold_ses_t2_task_image_run_4_wf/bold_fit_wf/ds_hmc_wf/sources".
250528-00:55:55,941 nipype.workflow INFO:
	 [Node] Setting-up "fmriprep_25_0_wf.sub_GEO067_wf.bold_ses_t2_task_image_run_4_wf.bold_fit_wf.ds_boldmask_wf.sources" in "/work/fmriprep_25_0_wf/sub_GEO067_wf/bold_ses_t2_task_image_run_4_wf/bold_fit_wf/ds_boldmask_wf/sources".
250528-00:55:56,249 nipype.workflow INFO:
	 [Node] Finished "get_dummy", elapsed time 4.076875s.
250528-00:55:56,266 nipype.workflow INFO:
	 [Node] Executing "get_dummy" <niworkflows.interfaces.bold.NonsteadyStatesDetector>
250528-00:55:56,317 nipype.workflow INFO:
	 [Node] Executing "sources" <fmriprep.interfaces.bids.BIDSURI>
250528-00:55:56,317 nipype.workflow INFO:
	 [Node] Executing "val_bold" <niworkflows.interfaces.header.ValidateImage>
250528-00:55:56,319 nipype.workflow INFO:
	 [Node] Finished "sources", elapsed time 0.000603s.
250528-00:55:56,325 nipype.workflow INFO:
	 [Node] Executing "sources" <fmriprep.interfaces.bids.BIDSURI>
250528-00:55:56,326 nipype.workflow INFO:
	 [Node] Finished "sources", elapsed time 0.000504s.
250528-00:55:56,339 nipype.workflow INFO:
	 [Node] Executing "sources" <fmriprep.interfaces.bids.BIDSURI>
250528-00:55:56,341 nipype.workflow INFO:
	 [Node] Finished "sources", elapsed time 0.00048s.
250528-00:55:56,418 nipype.workflow INFO:
	 [Node] Finished "val_bold", elapsed time 0.099555s.
250528-00:55:57,302 nipype.workflow INFO:
	 [Node] Finished "lap_tmpl", elapsed time 9.300817s.
250528-00:55:57,622 nipype.workflow INFO:
	 [Node] Finished "get_dummy", elapsed time 3.128975s.
250528-00:55:57,898 nipype.workflow INFO:
	 [Node] Setting-up "fmriprep_25_0_wf.sub_GEO067_wf.bold_ses_t2_task_image_run_4_wf.bold_native_wf.bold_source" in "/work/fmriprep_25_0_wf/sub_GEO067_wf/bold_ses_t2_task_image_run_4_wf/bold_native_wf/bold_source".
250528-00:55:57,901 nipype.workflow INFO:
	 [Node] Setting-up "fmriprep_25_0_wf.sub_GEO067_wf.bold_ses_t2_task_image_run_5_wf.bold_fit_wf.ds_hmc_boldref_wf.sources" in "/work/fmriprep_25_0_wf/sub_GEO067_wf/bold_ses_t2_task_image_run_5_wf/bold_fit_wf/ds_hmc_boldref_wf/sources".
250528-00:55:57,901 nipype.workflow INFO:
	 [Node] Setting-up "fmriprep_25_0_wf.sub_GEO067_wf.bold_ses_t2_task_image_run_5_wf.bold_fit_wf.ds_hmc_wf.sources" in "/work/fmriprep_25_0_wf/sub_GEO067_wf/bold_ses_t2_task_image_run_5_wf/bold_fit_wf/ds_hmc_wf/sources".
250528-00:55:57,902 nipype.workflow INFO:
	 [Node] Setting-up "fmriprep_25_0_wf.sub_GEO067_wf.bold_ses_t2_task_image_run_5_wf.bold_fit_wf.hmc_boldref_wf.validation_and_dummies_wf.get_dummy" in "/work/fmriprep_25_0_wf/sub_GEO067_wf/bold_ses_t2_task_image_run_5_wf/bold_fit_wf/hmc_boldref_wf/validation_and_dummies_wf/get_dummy".
250528-00:55:57,905 nipype.workflow INFO:
	 [Node] Setting-up "fmriprep_25_0_wf.sub_GEO067_wf.bold_ses_t2_task_image_run_5_wf.bold_fit_wf.hmc_boldref_wf.validation_and_dummies_wf.val_bold" in "/work/fmriprep_25_0_wf/sub_GEO067_wf/bold_ses_t2_task_image_run_5_wf/bold_fit_wf/hmc_boldref_wf/validation_and_dummies_wf/val_bold".
250528-00:55:58,281 nipype.workflow INFO:
	 [Node] Executing "sources" <fmriprep.interfaces.bids.BIDSURI>
250528-00:55:58,283 nipype.workflow INFO:
	 [Node] Finished "sources", elapsed time 0.000536s.
250528-00:55:58,354 nipype.workflow INFO:
	 [Node] Executing "bold_source" <nipype.interfaces.utility.base.Select>
250528-00:55:58,357 nipype.workflow INFO:
	 [Node] Finished "bold_source", elapsed time 0.001032s.
250528-00:55:58,393 nipype.workflow INFO:
	 [Node] Executing "get_dummy" <niworkflows.interfaces.bold.NonsteadyStatesDetector>
250528-00:55:58,417 nipype.workflow INFO:
	 [Node] Executing "sources" <fmriprep.interfaces.bids.BIDSURI>
250528-00:55:58,421 nipype.workflow INFO:
	 [Node] Finished "sources", elapsed time 0.001781s.
250528-00:55:58,501 nipype.workflow INFO:
	 [Node] Executing "val_bold" <niworkflows.interfaces.header.ValidateImage>
250528-00:55:58,680 nipype.workflow INFO:
	 [Node] Finished "val_bold", elapsed time 0.177821s.
250528-00:55:59,616 nipype.workflow INFO:
	 [Node] Finished "get_dummy", elapsed time 3.349278s.
250528-00:55:59,887 nipype.workflow INFO:
	 [Node] Setting-up "fmriprep_25_0_wf.sub_GEO067_wf.bold_ses_t2_task_image_run_5_wf.bold_fit_wf.ds_boldmask_wf.sources" in "/work/fmriprep_25_0_wf/sub_GEO067_wf/bold_ses_t2_task_image_run_5_wf/bold_fit_wf/ds_boldmask_wf/sources".
250528-00:55:59,907 nipype.workflow INFO:
	 [Node] Setting-up "fmriprep_25_0_wf.sub_GEO067_wf.bold_ses_t2_task_image_run_5_wf.bold_native_wf.bold_source" in "/work/fmriprep_25_0_wf/sub_GEO067_wf/bold_ses_t2_task_image_run_5_wf/bold_native_wf/bold_source".
250528-00:55:59,909 nipype.workflow INFO:
	 [Node] Setting-up "fmriprep_25_0_wf.sub_GEO067_wf.bold_ses_t3_task_image_run_1_wf.bold_fit_wf.ds_hmc_boldref_wf.sources" in "/work/fmriprep_25_0_wf/sub_GEO067_wf/bold_ses_t3_task_image_run_1_wf/bold_fit_wf/ds_hmc_boldref_wf/sources".
250528-00:55:59,909 nipype.workflow INFO:
	 [Node] Setting-up "fmriprep_25_0_wf.sub_GEO067_wf.bold_ses_t3_task_image_run_1_wf.bold_fit_wf.hmc_boldref_wf.validation_and_dummies_wf.get_dummy" in "/work/fmriprep_25_0_wf/sub_GEO067_wf/bold_ses_t3_task_image_run_1_wf/bold_fit_wf/hmc_boldref_wf/validation_and_dummies_wf/get_dummy".
250528-00:55:59,910 nipype.workflow INFO:
	 [Node] Setting-up "fmriprep_25_0_wf.sub_GEO067_wf.bold_ses_t3_task_image_run_1_wf.bold_fit_wf.ds_hmc_wf.sources" in "/work/fmriprep_25_0_wf/sub_GEO067_wf/bold_ses_t3_task_image_run_1_wf/bold_fit_wf/ds_hmc_wf/sources".
250528-00:55:59,912 nipype.workflow INFO:
	 [Node] Setting-up "fmriprep_25_0_wf.sub_GEO067_wf.bold_ses_t3_task_image_run_1_wf.bold_fit_wf.hmc_boldref_wf.validation_and_dummies_wf.val_bold" in "/work/fmriprep_25_0_wf/sub_GEO067_wf/bold_ses_t3_task_image_run_1_wf/bold_fit_wf/hmc_boldref_wf/validation_and_dummies_wf/val_bold".
250528-00:56:00,333 nipype.workflow INFO:
	 [Node] Executing "bold_source" <nipype.interfaces.utility.base.Select>
250528-00:56:00,335 nipype.workflow INFO:
	 [Node] Finished "bold_source", elapsed time 0.00057s.
250528-00:56:00,343 nipype.workflow INFO:
	 [Node] Executing "sources" <fmriprep.interfaces.bids.BIDSURI>
250528-00:56:00,345 nipype.workflow INFO:
	 [Node] Finished "sources", elapsed time 0.000552s.
250528-00:56:00,389 nipype.workflow INFO:
	 [Node] Executing "val_bold" <niworkflows.interfaces.header.ValidateImage>
250528-00:56:00,403 nipype.workflow INFO:
	 [Node] Executing "sources" <fmriprep.interfaces.bids.BIDSURI>
250528-00:56:00,422 nipype.workflow INFO:
	 [Node] Finished "sources", elapsed time 0.018118s.
250528-00:56:00,423 nipype.workflow INFO:
	 [Node] Executing "sources" <fmriprep.interfaces.bids.BIDSURI>
250528-00:56:00,425 nipype.workflow INFO:
	 [Node] Finished "sources", elapsed time 0.000621s.
250528-00:56:00,449 nipype.workflow INFO:
	 [Node] Executing "get_dummy" <niworkflows.interfaces.bold.NonsteadyStatesDetector>
250528-00:56:00,486 nipype.workflow INFO:
	 [Node] Finished "val_bold", elapsed time 0.096036s.
250528-00:56:01,891 nipype.workflow INFO:
	 [Node] Finished "get_dummy", elapsed time 3.497661s.
250528-00:56:01,911 nipype.workflow INFO:
	 [Node] Setting-up "fmriprep_25_0_wf.sub_GEO067_wf.bold_ses_t3_task_image_run_1_wf.bold_native_wf.bold_source" in "/work/fmriprep_25_0_wf/sub_GEO067_wf/bold_ses_t3_task_image_run_1_wf/bold_native_wf/bold_source".
250528-00:56:01,913 nipype.workflow INFO:
	 [Node] Setting-up "fmriprep_25_0_wf.sub_GEO067_wf.bold_ses_t3_task_image_run_2_wf.bold_fit_wf.hmc_boldref_wf.validation_and_dummies_wf.val_bold" in "/work/fmriprep_25_0_wf/sub_GEO067_wf/bold_ses_t3_task_image_run_2_wf/bold_fit_wf/hmc_boldref_wf/validation_and_dummies_wf/val_bold".
250528-00:56:01,914 nipype.workflow INFO:
	 [Node] Setting-up "fmriprep_25_0_wf.sub_GEO067_wf.bold_ses_t3_task_image_run_2_wf.bold_fit_wf.ds_hmc_boldref_wf.sources" in "/work/fmriprep_25_0_wf/sub_GEO067_wf/bold_ses_t3_task_image_run_2_wf/bold_fit_wf/ds_hmc_boldref_wf/sources".
250528-00:56:01,914 nipype.workflow INFO:
	 [Node] Setting-up "fmriprep_25_0_wf.sub_GEO067_wf.bold_ses_t3_task_image_run_2_wf.bold_fit_wf.ds_hmc_wf.sources" in "/work/fmriprep_25_0_wf/sub_GEO067_wf/bold_ses_t3_task_image_run_2_wf/bold_fit_wf/ds_hmc_wf/sources".
250528-00:56:01,915 nipype.workflow INFO:
	 [Node] Setting-up "fmriprep_25_0_wf.sub_GEO067_wf.bold_ses_t3_task_image_run_2_wf.bold_fit_wf.hmc_boldref_wf.validation_and_dummies_wf.get_dummy" in "/work/fmriprep_25_0_wf/sub_GEO067_wf/bold_ses_t3_task_image_run_2_wf/bold_fit_wf/hmc_boldref_wf/validation_and_dummies_wf/get_dummy".
250528-00:56:02,171 nipype.workflow INFO:
	 [Node] Executing "bold_source" <nipype.interfaces.utility.base.Select>
250528-00:56:02,172 nipype.workflow INFO:
	 [Node] Finished "bold_source", elapsed time 0.000403s.
250528-00:56:02,221 nipype.workflow INFO:
	 [Node] Executing "val_bold" <niworkflows.interfaces.header.ValidateImage>
250528-00:56:02,242 nipype.workflow INFO:
	 [Node] Executing "sources" <fmriprep.interfaces.bids.BIDSURI>
250528-00:56:02,243 nipype.workflow INFO:
	 [Node] Finished "sources", elapsed time 0.000546s.
250528-00:56:02,280 nipype.workflow INFO:
	 [Node] Executing "get_dummy" <niworkflows.interfaces.bold.NonsteadyStatesDetector>
250528-00:56:02,293 nipype.workflow INFO:
	 [Node] Executing "sources" <fmriprep.interfaces.bids.BIDSURI>
250528-00:56:02,294 nipype.workflow INFO:
	 [Node] Finished "sources", elapsed time 0.000661s.
250528-00:56:02,299 nipype.workflow INFO:
	 [Node] Finished "val_bold", elapsed time 0.077245s.
250528-00:56:03,923 nipype.workflow INFO:
	 [Node] Setting-up "fmriprep_25_0_wf.sub_GEO067_wf.bold_ses_t3_task_image_run_2_wf.bold_fit_wf.ds_boldmask_wf.sources" in "/work/fmriprep_25_0_wf/sub_GEO067_wf/bold_ses_t3_task_image_run_2_wf/bold_fit_wf/ds_boldmask_wf/sources".
250528-00:56:03,923 nipype.workflow INFO:
	 [Node] Setting-up "fmriprep_25_0_wf.sub_GEO067_wf.bold_ses_t3_task_image_run_2_wf.bold_native_wf.bold_source" in "/work/fmriprep_25_0_wf/sub_GEO067_wf/bold_ses_t3_task_image_run_2_wf/bold_native_wf/bold_source".
250528-00:56:03,925 nipype.workflow INFO:
	 [Node] Setting-up "fmriprep_25_0_wf.sub_GEO067_wf.bold_ses_t3_task_image_run_3_wf.bold_fit_wf.ds_hmc_boldref_wf.sources" in "/work/fmriprep_25_0_wf/sub_GEO067_wf/bold_ses_t3_task_image_run_3_wf/bold_fit_wf/ds_hmc_boldref_wf/sources".
250528-00:56:03,925 nipype.workflow INFO:
	 [Node] Setting-up "fmriprep_25_0_wf.sub_GEO067_wf.bold_ses_t3_task_image_run_3_wf.bold_fit_wf.hmc_boldref_wf.validation_and_dummies_wf.get_dummy" in "/work/fmriprep_25_0_wf/sub_GEO067_wf/bold_ses_t3_task_image_run_3_wf/bold_fit_wf/hmc_boldref_wf/validation_and_dummies_wf/get_dummy".
250528-00:56:03,928 nipype.workflow INFO:
	 [Node] Setting-up "fmriprep_25_0_wf.sub_GEO067_wf.bold_ses_t3_task_image_run_3_wf.bold_fit_wf.hmc_boldref_wf.validation_and_dummies_wf.val_bold" in "/work/fmriprep_25_0_wf/sub_GEO067_wf/bold_ses_t3_task_image_run_3_wf/bold_fit_wf/hmc_boldref_wf/validation_and_dummies_wf/val_bold".
250528-00:56:03,975 nipype.workflow INFO:
	 [Node] Setting-up "fmriprep_25_0_wf.sub_GEO067_wf.bold_ses_t3_task_image_run_1_wf.bold_fit_wf.ds_boldmask_wf.sources" in "/work/fmriprep_25_0_wf/sub_GEO067_wf/bold_ses_t3_task_image_run_1_wf/bold_fit_wf/ds_boldmask_wf/sources".
250528-00:56:04,98 nipype.workflow INFO:
	 [Node] Finished "get_dummy", elapsed time 3.647878s.
250528-00:56:04,166 nipype.workflow INFO:
	 [Node] Executing "bold_source" <nipype.interfaces.utility.base.Select>
250528-00:56:04,168 nipype.workflow INFO:
	 [Node] Finished "bold_source", elapsed time 0.00047s.
250528-00:56:04,268 nipype.workflow INFO:
	 [Node] Executing "sources" <fmriprep.interfaces.bids.BIDSURI>
250528-00:56:04,270 nipype.workflow INFO:
	 [Node] Finished "sources", elapsed time 0.000523s.
250528-00:56:04,424 nipype.workflow INFO:
	 [Node] Executing "sources" <fmriprep.interfaces.bids.BIDSURI>
250528-00:56:04,426 nipype.workflow INFO:
	 [Node] Finished "sources", elapsed time 0.001565s.
250528-00:56:04,465 nipype.workflow INFO:
	 [Node] Executing "sources" <fmriprep.interfaces.bids.BIDSURI>
250528-00:56:04,467 nipype.workflow INFO:
	 [Node] Finished "sources", elapsed time 0.000612s.
250528-00:56:04,467 nipype.workflow INFO:
	 [Node] Executing "val_bold" <niworkflows.interfaces.header.ValidateImage>
250528-00:56:04,469 nipype.workflow INFO:
	 [Node] Executing "get_dummy" <niworkflows.interfaces.bold.NonsteadyStatesDetector>
250528-00:56:04,573 nipype.workflow INFO:
	 [Node] Finished "val_bold", elapsed time 0.105035s.
250528-00:56:05,921 nipype.workflow INFO:
	 [Node] Setting-up "fmriprep_25_0_wf.sub_GEO067_wf.bold_ses_t3_task_image_run_3_wf.bold_fit_wf.ds_hmc_wf.sources" in "/work/fmriprep_25_0_wf/sub_GEO067_wf/bold_ses_t3_task_image_run_3_wf/bold_fit_wf/ds_hmc_wf/sources".
250528-00:56:05,923 nipype.workflow INFO:
	 [Node] Setting-up "fmriprep_25_0_wf.sub_GEO067_wf.bold_ses_t3_task_image_run_3_wf.bold_native_wf.bold_source" in "/work/fmriprep_25_0_wf/sub_GEO067_wf/bold_ses_t3_task_image_run_3_wf/bold_native_wf/bold_source".
250528-00:56:05,926 nipype.workflow INFO:
	 [Node] Setting-up "fmriprep_25_0_wf.sub_GEO067_wf.bold_ses_t3_task_image_run_4_wf.bold_fit_wf.hmc_boldref_wf.validation_and_dummies_wf.val_bold" in "/work/fmriprep_25_0_wf/sub_GEO067_wf/bold_ses_t3_task_image_run_4_wf/bold_fit_wf/hmc_boldref_wf/validation_and_dummies_wf/val_bold".
250528-00:56:05,926 nipype.workflow INFO:
	 [Node] Setting-up "fmriprep_25_0_wf.sub_GEO067_wf.bold_ses_t3_task_image_run_4_wf.bold_fit_wf.ds_hmc_boldref_wf.sources" in "/work/fmriprep_25_0_wf/sub_GEO067_wf/bold_ses_t3_task_image_run_4_wf/bold_fit_wf/ds_hmc_boldref_wf/sources".
250528-00:56:05,926 nipype.workflow INFO:
	 [Node] Setting-up "fmriprep_25_0_wf.sub_GEO067_wf.bold_ses_t3_task_image_run_4_wf.bold_fit_wf.hmc_boldref_wf.validation_and_dummies_wf.get_dummy" in "/work/fmriprep_25_0_wf/sub_GEO067_wf/bold_ses_t3_task_image_run_4_wf/bold_fit_wf/hmc_boldref_wf/validation_and_dummies_wf/get_dummy".
250528-00:56:06,196 nipype.workflow INFO:
	 [Node] Finished "get_dummy", elapsed time 3.914898s.
250528-00:56:06,222 nipype.workflow INFO:
	 [Node] Executing "sources" <fmriprep.interfaces.bids.BIDSURI>
250528-00:56:06,223 nipype.workflow INFO:
	 [Node] Finished "sources", elapsed time 0.000609s.
250528-00:56:06,225 nipype.workflow INFO:
	 [Node] Executing "bold_source" <nipype.interfaces.utility.base.Select>
250528-00:56:06,227 nipype.workflow INFO:
	 [Node] Finished "bold_source", elapsed time 0.000582s.
250528-00:56:06,271 nipype.workflow INFO:
	 [Node] Executing "val_bold" <niworkflows.interfaces.header.ValidateImage>
250528-00:56:06,271 nipype.workflow INFO:
	 [Node] Executing "get_dummy" <niworkflows.interfaces.bold.NonsteadyStatesDetector>
250528-00:56:06,291 nipype.workflow INFO:
	 [Node] Executing "sources" <fmriprep.interfaces.bids.BIDSURI>
250528-00:56:06,293 nipype.workflow INFO:
	 [Node] Finished "sources", elapsed time 0.000759s.
250528-00:56:06,357 nipype.workflow INFO:
	 [Node] Finished "val_bold", elapsed time 0.085076s.
250528-00:56:07,462 nipype.workflow INFO:
	 [Node] Finished "get_dummy", elapsed time 2.991102s.
250528-00:56:07,885 nipype.workflow INFO:
	 [Node] Setting-up "fmriprep_25_0_wf.sub_GEO067_wf.bold_ses_t3_task_image_run_3_wf.bold_fit_wf.ds_boldmask_wf.sources" in "/work/fmriprep_25_0_wf/sub_GEO067_wf/bold_ses_t3_task_image_run_3_wf/bold_fit_wf/ds_boldmask_wf/sources".
250528-00:56:07,901 nipype.workflow INFO:
	 [Node] Setting-up "fmriprep_25_0_wf.sub_GEO067_wf.bold_ses_t3_task_image_run_4_wf.bold_fit_wf.ds_hmc_wf.sources" in "/work/fmriprep_25_0_wf/sub_GEO067_wf/bold_ses_t3_task_image_run_4_wf/bold_fit_wf/ds_hmc_wf/sources".
250528-00:56:07,903 nipype.workflow INFO:
	 [Node] Setting-up "fmriprep_25_0_wf.sub_GEO067_wf.bold_ses_t3_task_image_run_4_wf.bold_fit_wf.ds_boldmask_wf.sources" in "/work/fmriprep_25_0_wf/sub_GEO067_wf/bold_ses_t3_task_image_run_4_wf/bold_fit_wf/ds_boldmask_wf/sources".
250528-00:56:07,903 nipype.workflow INFO:
	 [Node] Setting-up "fmriprep_25_0_wf.sub_GEO067_wf.bold_ses_t3_task_image_run_4_wf.bold_native_wf.bold_source" in "/work/fmriprep_25_0_wf/sub_GEO067_wf/bold_ses_t3_task_image_run_4_wf/bold_native_wf/bold_source".
250528-00:56:07,905 nipype.workflow INFO:
	 [Node] Setting-up "fmriprep_25_0_wf.sub_GEO067_wf.bold_ses_t3_task_image_run_5_wf.bold_fit_wf.hmc_boldref_wf.validation_and_dummies_wf.val_bold" in "/work/fmriprep_25_0_wf/sub_GEO067_wf/bold_ses_t3_task_image_run_5_wf/bold_fit_wf/hmc_boldref_wf/validation_and_dummies_wf/val_bold".
250528-00:56:07,905 nipype.workflow INFO:
	 [Node] Setting-up "fmriprep_25_0_wf.sub_GEO067_wf.bold_ses_t3_task_image_run_5_wf.bold_fit_wf.ds_hmc_boldref_wf.sources" in "/work/fmriprep_25_0_wf/sub_GEO067_wf/bold_ses_t3_task_image_run_5_wf/bold_fit_wf/ds_hmc_boldref_wf/sources".
250528-00:56:07,906 nipype.workflow INFO:
	 [Node] Setting-up "fmriprep_25_0_wf.sub_GEO067_wf.bold_ses_t3_task_image_run_5_wf.bold_fit_wf.hmc_boldref_wf.validation_and_dummies_wf.get_dummy" in "/work/fmriprep_25_0_wf/sub_GEO067_wf/bold_ses_t3_task_image_run_5_wf/bold_fit_wf/hmc_boldref_wf/validation_and_dummies_wf/get_dummy".
250528-00:56:08,142 nipype.workflow INFO:
	 [Node] Executing "sources" <fmriprep.interfaces.bids.BIDSURI>
250528-00:56:08,143 nipype.workflow INFO:
	 [Node] Finished "sources", elapsed time 0.000624s.
250528-00:56:08,160 nipype.workflow INFO:
	 [Node] Executing "bold_source" <nipype.interfaces.utility.base.Select>
250528-00:56:08,162 nipype.workflow INFO:
	 [Node] Finished "bold_source", elapsed time 0.000463s.
250528-00:56:08,163 nipype.workflow INFO:
	 [Node] Executing "sources" <fmriprep.interfaces.bids.BIDSURI>
250528-00:56:08,165 nipype.workflow INFO:
	 [Node] Finished "sources", elapsed time 0.000685s.
250528-00:56:08,200 nipype.workflow INFO:
	 [Node] Executing "sources" <fmriprep.interfaces.bids.BIDSURI>
250528-00:56:08,201 nipype.workflow INFO:
	 [Node] Finished "sources", elapsed time 0.000507s.
250528-00:56:08,254 nipype.workflow INFO:
	 [Node] Executing "sources" <fmriprep.interfaces.bids.BIDSURI>
250528-00:56:08,255 nipype.workflow INFO:
	 [Node] Finished "sources", elapsed time 0.000581s.
250528-00:56:08,256 nipype.workflow INFO:
	 [Node] Executing "get_dummy" <niworkflows.interfaces.bold.NonsteadyStatesDetector>
250528-00:56:08,269 nipype.workflow INFO:
	 [Node] Executing "val_bold" <niworkflows.interfaces.header.ValidateImage>
250528-00:56:08,346 nipype.workflow INFO:
	 [Node] Finished "val_bold", elapsed time 0.075829s.
250528-00:56:09,506 nipype.workflow INFO:
	 [Node] Finished "get_dummy", elapsed time 3.234023s.
250528-00:56:09,901 nipype.workflow INFO:
	 [Node] Setting-up "fmriprep_25_0_wf.sub_GEO067_wf.bold_ses_t3_task_image_run_5_wf.bold_fit_wf.ds_hmc_wf.sources" in "/work/fmriprep_25_0_wf/sub_GEO067_wf/bold_ses_t3_task_image_run_5_wf/bold_fit_wf/ds_hmc_wf/sources".
250528-00:56:09,902 nipype.workflow INFO:
	 [Node] Setting-up "fmriprep_25_0_wf.sub_GEO067_wf.bold_ses_t3_task_image_run_5_wf.bold_fit_wf.ds_boldmask_wf.sources" in "/work/fmriprep_25_0_wf/sub_GEO067_wf/bold_ses_t3_task_image_run_5_wf/bold_fit_wf/ds_boldmask_wf/sources".
250528-00:56:09,903 nipype.workflow INFO:
	 [Node] Setting-up "fmriprep_25_0_wf.sub_GEO067_wf.bold_ses_t3_task_image_run_5_wf.bold_native_wf.bold_source" in "/work/fmriprep_25_0_wf/sub_GEO067_wf/bold_ses_t3_task_image_run_5_wf/bold_native_wf/bold_source".
250528-00:56:09,906 nipype.workflow INFO:
	 [Node] Setting-up "fmriprep_25_0_wf.sub_GEO067_wf.bold_ses_t3_task_retrans_run_1_wf.bold_fit_wf.ds_hmc_boldref_wf.sources" in "/work/fmriprep_25_0_wf/sub_GEO067_wf/bold_ses_t3_task_retrans_run_1_wf/bold_fit_wf/ds_hmc_boldref_wf/sources".
250528-00:56:09,906 nipype.workflow INFO:
	 [Node] Setting-up "fmriprep_25_0_wf.sub_GEO067_wf.bold_ses_t3_task_retrans_run_1_wf.bold_fit_wf.hmc_boldref_wf.validation_and_dummies_wf.get_dummy" in "/work/fmriprep_25_0_wf/sub_GEO067_wf/bold_ses_t3_task_retrans_run_1_wf/bold_fit_wf/hmc_boldref_wf/validation_and_dummies_wf/get_dummy".
250528-00:56:09,906 nipype.workflow INFO:
	 [Node] Setting-up "fmriprep_25_0_wf.sub_GEO067_wf.bold_ses_t3_task_retrans_run_1_wf.bold_fit_wf.ds_hmc_wf.sources" in "/work/fmriprep_25_0_wf/sub_GEO067_wf/bold_ses_t3_task_retrans_run_1_wf/bold_fit_wf/ds_hmc_wf/sources".
250528-00:56:09,909 nipype.workflow INFO:
	 [Node] Setting-up "fmriprep_25_0_wf.sub_GEO067_wf.bold_ses_t3_task_retrans_run_1_wf.bold_fit_wf.hmc_boldref_wf.validation_and_dummies_wf.val_bold" in "/work/fmriprep_25_0_wf/sub_GEO067_wf/bold_ses_t3_task_retrans_run_1_wf/bold_fit_wf/hmc_boldref_wf/validation_and_dummies_wf/val_bold".
250528-00:56:10,209 nipype.workflow INFO:
	 [Node] Executing "bold_source" <nipype.interfaces.utility.base.Select>
250528-00:56:10,210 nipype.workflow INFO:
	 [Node] Finished "bold_source", elapsed time 0.00046s.
250528-00:56:10,239 nipype.workflow INFO:
	 [Node] Executing "sources" <fmriprep.interfaces.bids.BIDSURI>
250528-00:56:10,239 nipype.workflow INFO:
	 [Node] Executing "sources" <fmriprep.interfaces.bids.BIDSURI>
250528-00:56:10,241 nipype.workflow INFO:
	 [Node] Finished "sources", elapsed time 0.000823s.
250528-00:56:10,241 nipype.workflow INFO:
	 [Node] Finished "sources", elapsed time 0.000534s.
250528-00:56:10,265 nipype.workflow INFO:
	 [Node] Executing "get_dummy" <niworkflows.interfaces.bold.NonsteadyStatesDetector>
250528-00:56:10,276 nipype.workflow INFO:
	 [Node] Executing "val_bold" <niworkflows.interfaces.header.ValidateImage>
250528-00:56:10,288 nipype.workflow INFO:
	 [Node] Executing "sources" <fmriprep.interfaces.bids.BIDSURI>
250528-00:56:10,290 nipype.workflow INFO:
	 [Node] Finished "sources", elapsed time 0.000735s.
250528-00:56:10,291 nipype.workflow INFO:
	 [Node] Executing "sources" <fmriprep.interfaces.bids.BIDSURI>
250528-00:56:10,292 nipype.workflow INFO:
	 [Node] Finished "sources", elapsed time 0.000767s.
250528-00:56:10,365 nipype.workflow INFO:
	 [Node] Finished "val_bold", elapsed time 0.087407s.
250528-00:56:11,932 nipype.workflow INFO:
	 [Node] Setting-up "fmriprep_25_0_wf.sub_GEO067_wf.bold_ses_t3_task_retrans_run_1_wf.bold_fit_wf.ds_boldmask_wf.sources" in "/work/fmriprep_25_0_wf/sub_GEO067_wf/bold_ses_t3_task_retrans_run_1_wf/bold_fit_wf/ds_boldmask_wf/sources".
250528-00:56:11,933 nipype.workflow INFO:
	 [Node] Setting-up "fmriprep_25_0_wf.sub_GEO067_wf.bold_ses_t3_task_retrans_run_1_wf.bold_native_wf.bold_source" in "/work/fmriprep_25_0_wf/sub_GEO067_wf/bold_ses_t3_task_retrans_run_1_wf/bold_native_wf/bold_source".
250528-00:56:12,177 nipype.workflow INFO:
	 [Node] Executing "bold_source" <nipype.interfaces.utility.base.Select>
250528-00:56:12,179 nipype.workflow INFO:
	 [Node] Finished "bold_source", elapsed time 0.000655s.
250528-00:56:12,222 nipype.workflow INFO:
	 [Node] Executing "sources" <fmriprep.interfaces.bids.BIDSURI>
250528-00:56:12,224 nipype.workflow INFO:
	 [Node] Finished "sources", elapsed time 0.000695s.
250528-00:56:12,381 nipype.workflow INFO:
	 [Node] Finished "get_dummy", elapsed time 4.123373s.
250528-00:56:13,816 nipype.workflow INFO:
	 [Node] Finished "get_dummy", elapsed time 3.550531s.
250528-00:56:13,821 nipype.workflow INFO:
	 [Node] Setting-up "fmriprep_25_0_wf.sub_GEO067_wf.bids_info" in "/work/fmriprep_25_0_wf/sub_GEO067_wf/bids_info".
250528-00:56:13,824 nipype.workflow INFO:
	 [Node] Setting-up "fmriprep_25_0_wf.sub_GEO067_wf.anat_fit_wf.anat_template_wf.anat_ref_dimensions" in "/work/fmriprep_25_0_wf/sub_GEO067_wf/anat_fit_wf/anat_template_wf/anat_ref_dimensions".
250528-00:56:13,825 nipype.workflow INFO:
	 [Node] Setting-up "fmriprep_25_0_wf.sub_GEO067_wf.anat_fit_wf.t2w_template_wf.anat_ref_dimensions" in "/work/fmriprep_25_0_wf/sub_GEO067_wf/anat_fit_wf/t2w_template_wf/anat_ref_dimensions".
250528-00:56:14,0 nipype.workflow INFO:
	 [Node] Executing "bids_info" <niworkflows.interfaces.bids.BIDSInfo>
250528-00:56:14,6 nipype.workflow INFO:
	 [Node] Finished "bids_info", elapsed time 0.00528s.
250528-00:56:14,33 nipype.workflow INFO:
	 [Node] Executing "anat_ref_dimensions" <niworkflows.interfaces.images.TemplateDimensions>
250528-00:56:14,52 nipype.workflow INFO:
	 [Node] Executing "anat_ref_dimensions" <niworkflows.interfaces.images.TemplateDimensions>
250528-00:56:14,579 nipype.workflow INFO:
	 [Node] Setting-up "fmriprep_25_0_wf.sub_GEO067_wf.anat_fit_wf.brain_extraction_wf.mrg_tmpl" in "/work/fmriprep_25_0_wf/sub_GEO067_wf/anat_fit_wf/brain_extraction_wf/mrg_tmpl".
250528-00:56:14,724 nipype.workflow INFO:
	 [Node] Finished "anat_ref_dimensions", elapsed time 0.690374s.
250528-00:56:14,735 nipype.workflow INFO:
	 [Node] Finished "anat_ref_dimensions", elapsed time 0.681655s.
250528-00:56:14,826 nipype.workflow INFO:
	 [Node] Executing "mrg_tmpl" <nipype.interfaces.utility.base.Merge>
250528-00:56:14,827 nipype.workflow INFO:
	 [Node] Finished "mrg_tmpl", elapsed time 0.000454s.
250528-00:56:15,906 nipype.workflow INFO:
	 [Node] Setting-up "fmriprep_25_0_wf.sub_GEO067_wf.bold_ses_t2_task_image_run_1_wf.bold_fit_wf.hmc_boldref_wf.gen_avg" in "/work/fmriprep_25_0_wf/sub_GEO067_wf/bold_ses_t2_task_image_run_1_wf/bold_fit_wf/hmc_boldref_wf/gen_avg".
250528-00:56:15,907 nipype.workflow INFO:
	 [Node] Setting-up "fmriprep_25_0_wf.sub_GEO067_wf.bold_ses_t2_task_image_run_1_wf.bold_native_wf.validate_bold" in "/work/fmriprep_25_0_wf/sub_GEO067_wf/bold_ses_t2_task_image_run_1_wf/bold_native_wf/validate_bold".
250528-00:56:16,74 nipype.workflow INFO:
	 [Node] Executing "gen_avg" <niworkflows.interfaces.images.RobustAverage>
250528-00:56:16,139 nipype.workflow INFO:
	 [Node] Executing "validate_bold" <niworkflows.interfaces.header.ValidateImage>
250528-00:56:16,217 nipype.workflow INFO:
	 [Node] Finished "validate_bold", elapsed time 0.077102s.
250528-00:56:16,969 nipype.workflow INFO:
	 [Node] Setting-up "fmriprep_25_0_wf.sub_GEO067_wf.bold_ses_t2_task_image_run_2_wf.bold_native_wf.validate_bold" in "/work/fmriprep_25_0_wf/sub_GEO067_wf/bold_ses_t2_task_image_run_2_wf/bold_native_wf/validate_bold".
250528-00:56:16,971 nipype.workflow INFO:
	 [Node] Setting-up "fmriprep_25_0_wf.sub_GEO067_wf.bold_ses_t2_task_image_run_2_wf.bold_fit_wf.hmc_boldref_wf.gen_avg" in "/work/fmriprep_25_0_wf/sub_GEO067_wf/bold_ses_t2_task_image_run_2_wf/bold_fit_wf/hmc_boldref_wf/gen_avg".
250528-00:56:17,184 nipype.workflow INFO:
	 [Node] Executing "gen_avg" <niworkflows.interfaces.images.RobustAverage>
250528-00:56:17,198 nipype.workflow INFO:
	 [Node] Executing "validate_bold" <niworkflows.interfaces.header.ValidateImage>
250528-00:56:17,278 nipype.workflow INFO:
	 [Node] Finished "validate_bold", elapsed time 0.078466s.
250528-00:56:18,110 nipype.workflow INFO:
	 [Node] Setting-up "fmriprep_25_0_wf.sub_GEO067_wf.bold_ses_t2_task_image_run_3_wf.bold_fit_wf.hmc_boldref_wf.gen_avg" in "/work/fmriprep_25_0_wf/sub_GEO067_wf/bold_ses_t2_task_image_run_3_wf/bold_fit_wf/hmc_boldref_wf/gen_avg".
250528-00:56:18,365 nipype.workflow INFO:
	 [Node] Setting-up "fmriprep_25_0_wf.sub_GEO067_wf.bold_ses_t2_task_image_run_3_wf.bold_native_wf.validate_bold" in "/work/fmriprep_25_0_wf/sub_GEO067_wf/bold_ses_t2_task_image_run_3_wf/bold_native_wf/validate_bold".
250528-00:56:18,416 nipype.workflow INFO:
	 [Node] Executing "gen_avg" <niworkflows.interfaces.images.RobustAverage>
250528-00:56:18,673 nipype.workflow INFO:
	 [Node] Executing "validate_bold" <niworkflows.interfaces.header.ValidateImage>
250528-00:56:18,772 nipype.workflow INFO:
	 [Node] Finished "validate_bold", elapsed time 0.097414s.
250528-00:56:19,730 nipype.interface INFO:
	 stderr 2025-05-28T00:56:19.730545:++ 3dvolreg: AFNI version=AFNI_25.0.11 (Mar 24 2025) [64-bit]
250528-00:56:19,730 nipype.interface INFO:
	 stderr 2025-05-28T00:56:19.730545:++ Authored by: RW Cox
250528-00:56:19,734 nipype.interface INFO:
	 stderr 2025-05-28T00:56:19.734777:** AFNI converts NIFTI_datatype=512 (UINT16) in file /work/fmriprep_25_0_wf/sub_GEO067_wf/bold_ses_t2_task_image_run_1_wf/bold_fit_wf/hmc_boldref_wf/gen_avg/sub-GEO067_ses-t2_task-image_run-1_bold_sliced.nii.gz to FLOAT32
250528-00:56:19,734 nipype.interface INFO:
	 stderr 2025-05-28T00:56:19.734777:     Warnings of this type will be muted for this session.
250528-00:56:19,734 nipype.interface INFO:
	 stderr 2025-05-28T00:56:19.734777:     Set AFNI_NIFTI_TYPE_WARN to YES to see them all, NO to see none.
250528-00:56:19,736 nipype.interface INFO:
	 stderr 2025-05-28T00:56:19.736666:[7m*+ WARNING:[0m   If you are performing spatial transformations on an oblique dset,
250528-00:56:19,736 nipype.interface INFO:
	 stderr 2025-05-28T00:56:19.736666:  such as /work/fmriprep_25_0_wf/sub_GEO067_wf/bold_ses_t2_task_image_run_1_wf/bold_fit_wf/hmc_boldref_wf/gen_avg/sub-GEO067_ses-t2_task-image_run-1_bold_sliced.nii.gz,
250528-00:56:19,736 nipype.interface INFO:
	 stderr 2025-05-28T00:56:19.736666:  or viewing/combining it with volumes of differing obliquity,
250528-00:56:19,736 nipype.interface INFO:
	 stderr 2025-05-28T00:56:19.736666:  you should consider running: 
250528-00:56:19,736 nipype.interface INFO:
	 stderr 2025-05-28T00:56:19.736666:     3dWarp -deoblique 
250528-00:56:19,736 nipype.interface INFO:
	 stderr 2025-05-28T00:56:19.736666:  on this and  other oblique datasets in the same session.
250528-00:56:19,736 nipype.interface INFO:
	 stderr 2025-05-28T00:56:19.736666: See 3dWarp -help for details.
250528-00:56:19,736 nipype.interface INFO:
	 stderr 2025-05-28T00:56:19.736666:++ Oblique dataset:/work/fmriprep_25_0_wf/sub_GEO067_wf/bold_ses_t2_task_image_run_1_wf/bold_fit_wf/hmc_boldref_wf/gen_avg/sub-GEO067_ses-t2_task-image_run-1_bold_sliced.nii.gz is 45.000000 degrees from plumb.
250528-00:56:19,736 nipype.interface INFO:
	 stderr 2025-05-28T00:56:19.736827:++ Coarse del was 10, replaced with 6
250528-00:56:19,775 nipype.workflow INFO:
	 [Node] Setting-up "fmriprep_25_0_wf.sub_GEO067_wf.bold_ses_t2_task_image_run_4_wf.bold_fit_wf.hmc_boldref_wf.gen_avg" in "/work/fmriprep_25_0_wf/sub_GEO067_wf/bold_ses_t2_task_image_run_4_wf/bold_fit_wf/hmc_boldref_wf/gen_avg".
250528-00:56:19,777 nipype.workflow INFO:
	 [Node] Setting-up "fmriprep_25_0_wf.sub_GEO067_wf.bold_ses_t2_task_image_run_4_wf.bold_native_wf.validate_bold" in "/work/fmriprep_25_0_wf/sub_GEO067_wf/bold_ses_t2_task_image_run_4_wf/bold_native_wf/validate_bold".
250528-00:56:20,12 nipype.workflow INFO:
	 [Node] Executing "gen_avg" <niworkflows.interfaces.images.RobustAverage>
250528-00:56:20,22 nipype.workflow INFO:
	 [Node] Executing "validate_bold" <niworkflows.interfaces.header.ValidateImage>
250528-00:56:20,48 nipype.interface INFO:
	 stderr 2025-05-28T00:56:20.048053:++ edt_blur: sigx 2, dx 1, fwhm 4.70964, sfac 2.5, firx 5
250528-00:56:20,104 nipype.workflow INFO:
	 [Node] Finished "validate_bold", elapsed time 0.080583s.
250528-00:56:20,452 nipype.interface INFO:
	 stderr 2025-05-28T00:56:20.452065:++ 3dvolreg: AFNI version=AFNI_25.0.11 (Mar 24 2025) [64-bit]
250528-00:56:20,452 nipype.interface INFO:
	 stderr 2025-05-28T00:56:20.452065:++ Authored by: RW Cox
250528-00:56:20,457 nipype.interface INFO:
	 stderr 2025-05-28T00:56:20.457136:** AFNI converts NIFTI_datatype=512 (UINT16) in file /work/fmriprep_25_0_wf/sub_GEO067_wf/bold_ses_t2_task_image_run_2_wf/bold_fit_wf/hmc_boldref_wf/gen_avg/sub-GEO067_ses-t2_task-image_run-2_bold_sliced.nii.gz to FLOAT32
250528-00:56:20,457 nipype.interface INFO:
	 stderr 2025-05-28T00:56:20.457136:     Warnings of this type will be muted for this session.
250528-00:56:20,457 nipype.interface INFO:
	 stderr 2025-05-28T00:56:20.457136:     Set AFNI_NIFTI_TYPE_WARN to YES to see them all, NO to see none.
250528-00:56:20,460 nipype.interface INFO:
	 stderr 2025-05-28T00:56:20.460040:[7m*+ WARNING:[0m   If you are performing spatial transformations on an oblique dset,
250528-00:56:20,460 nipype.interface INFO:
	 stderr 2025-05-28T00:56:20.460040:  such as /work/fmriprep_25_0_wf/sub_GEO067_wf/bold_ses_t2_task_image_run_2_wf/bold_fit_wf/hmc_boldref_wf/gen_avg/sub-GEO067_ses-t2_task-image_run-2_bold_sliced.nii.gz,
250528-00:56:20,460 nipype.interface INFO:
	 stderr 2025-05-28T00:56:20.460040:  or viewing/combining it with volumes of differing obliquity,
250528-00:56:20,460 nipype.interface INFO:
	 stderr 2025-05-28T00:56:20.460040:  you should consider running: 
250528-00:56:20,460 nipype.interface INFO:
	 stderr 2025-05-28T00:56:20.460040:     3dWarp -deoblique 
250528-00:56:20,460 nipype.interface INFO:
	 stderr 2025-05-28T00:56:20.460040:  on this and  other oblique datasets in the same session.
250528-00:56:20,460 nipype.interface INFO:
	 stderr 2025-05-28T00:56:20.460040: See 3dWarp -help for details.
250528-00:56:20,460 nipype.interface INFO:
	 stderr 2025-05-28T00:56:20.460040:++ Oblique dataset:/work/fmriprep_25_0_wf/sub_GEO067_wf/bold_ses_t2_task_image_run_2_wf/bold_fit_wf/hmc_boldref_wf/gen_avg/sub-GEO067_ses-t2_task-image_run-2_bold_sliced.nii.gz is 45.000000 degrees from plumb.
250528-00:56:20,460 nipype.interface INFO:
	 stderr 2025-05-28T00:56:20.460040:++ Coarse del was 10, replaced with 6
250528-00:56:20,764 nipype.interface INFO:
	 stderr 2025-05-28T00:56:20.764031:++ edt_blur: sigx 2, dx 1, fwhm 4.70964, sfac 2.5, firx 5
250528-00:56:21,233 nipype.workflow INFO:
	 [Node] Setting-up "fmriprep_25_0_wf.sub_GEO067_wf.bold_ses_t2_task_image_run_5_wf.bold_native_wf.validate_bold" in "/work/fmriprep_25_0_wf/sub_GEO067_wf/bold_ses_t2_task_image_run_5_wf/bold_native_wf/validate_bold".
250528-00:56:21,235 nipype.workflow INFO:
	 [Node] Setting-up "fmriprep_25_0_wf.sub_GEO067_wf.bold_ses_t2_task_image_run_5_wf.bold_fit_wf.hmc_boldref_wf.gen_avg" in "/work/fmriprep_25_0_wf/sub_GEO067_wf/bold_ses_t2_task_image_run_5_wf/bold_fit_wf/hmc_boldref_wf/gen_avg".
250528-00:56:21,428 nipype.workflow INFO:
	 [Node] Executing "gen_avg" <niworkflows.interfaces.images.RobustAverage>
250528-00:56:21,462 nipype.workflow INFO:
	 [Node] Executing "validate_bold" <niworkflows.interfaces.header.ValidateImage>
250528-00:56:21,558 nipype.workflow INFO:
	 [Node] Finished "validate_bold", elapsed time 0.095538s.
250528-00:56:21,753 nipype.interface INFO:
	 stderr 2025-05-28T00:56:21.753757:++ 3dvolreg: AFNI version=AFNI_25.0.11 (Mar 24 2025) [64-bit]
250528-00:56:21,753 nipype.interface INFO:
	 stderr 2025-05-28T00:56:21.753757:++ Authored by: RW Cox
250528-00:56:21,757 nipype.interface INFO:
	 stderr 2025-05-28T00:56:21.757070:** AFNI converts NIFTI_datatype=512 (UINT16) in file /work/fmriprep_25_0_wf/sub_GEO067_wf/bold_ses_t2_task_image_run_3_wf/bold_fit_wf/hmc_boldref_wf/gen_avg/sub-GEO067_ses-t2_task-image_run-3_bold_sliced.nii.gz to FLOAT32
250528-00:56:21,757 nipype.interface INFO:
	 stderr 2025-05-28T00:56:21.757070:     Warnings of this type will be muted for this session.
250528-00:56:21,757 nipype.interface INFO:
	 stderr 2025-05-28T00:56:21.757070:     Set AFNI_NIFTI_TYPE_WARN to YES to see them all, NO to see none.
250528-00:56:21,759 nipype.interface INFO:
	 stderr 2025-05-28T00:56:21.759084:[7m*+ WARNING:[0m   If you are performing spatial transformations on an oblique dset,
250528-00:56:21,759 nipype.interface INFO:
	 stderr 2025-05-28T00:56:21.759084:  such as /work/fmriprep_25_0_wf/sub_GEO067_wf/bold_ses_t2_task_image_run_3_wf/bold_fit_wf/hmc_boldref_wf/gen_avg/sub-GEO067_ses-t2_task-image_run-3_bold_sliced.nii.gz,
250528-00:56:21,759 nipype.interface INFO:
	 stderr 2025-05-28T00:56:21.759084:  or viewing/combining it with volumes of differing obliquity,
250528-00:56:21,759 nipype.interface INFO:
	 stderr 2025-05-28T00:56:21.759084:  you should consider running: 
250528-00:56:21,759 nipype.interface INFO:
	 stderr 2025-05-28T00:56:21.759084:     3dWarp -deoblique 
250528-00:56:21,759 nipype.interface INFO:
	 stderr 2025-05-28T00:56:21.759084:  on this and  other oblique datasets in the same session.
250528-00:56:21,759 nipype.interface INFO:
	 stderr 2025-05-28T00:56:21.759084: See 3dWarp -help for details.
250528-00:56:21,759 nipype.interface INFO:
	 stderr 2025-05-28T00:56:21.759084:++ Oblique dataset:/work/fmriprep_25_0_wf/sub_GEO067_wf/bold_ses_t2_task_image_run_3_wf/bold_fit_wf/hmc_boldref_wf/gen_avg/sub-GEO067_ses-t2_task-image_run-3_bold_sliced.nii.gz is 45.000000 degrees from plumb.
250528-00:56:21,759 nipype.interface INFO:
	 stderr 2025-05-28T00:56:21.759084:++ Coarse del was 10, replaced with 6
250528-00:56:22,61 nipype.interface INFO:
	 stderr 2025-05-28T00:56:22.061313:++ edt_blur: sigx 2, dx 1, fwhm 4.70964, sfac 2.5, firx 5
250528-00:56:23,77 nipype.workflow INFO:
	 [Node] Setting-up "fmriprep_25_0_wf.sub_GEO067_wf.bold_ses_t3_task_image_run_1_wf.bold_fit_wf.hmc_boldref_wf.gen_avg" in "/work/fmriprep_25_0_wf/sub_GEO067_wf/bold_ses_t3_task_image_run_1_wf/bold_fit_wf/hmc_boldref_wf/gen_avg".
250528-00:56:23,78 nipype.workflow INFO:
	 [Node] Setting-up "fmriprep_25_0_wf.sub_GEO067_wf.bold_ses_t3_task_image_run_1_wf.bold_native_wf.validate_bold" in "/work/fmriprep_25_0_wf/sub_GEO067_wf/bold_ses_t3_task_image_run_1_wf/bold_native_wf/validate_bold".
250528-00:56:23,300 nipype.workflow INFO:
	 [Node] Executing "gen_avg" <niworkflows.interfaces.images.RobustAverage>
250528-00:56:23,308 nipype.workflow INFO:
	 [Node] Executing "validate_bold" <niworkflows.interfaces.header.ValidateImage>
250528-00:56:23,319 nipype.interface INFO:
	 stderr 2025-05-28T00:56:23.319724:++ 3dvolreg: AFNI version=AFNI_25.0.11 (Mar 24 2025) [64-bit]
250528-00:56:23,319 nipype.interface INFO:
	 stderr 2025-05-28T00:56:23.319724:++ Authored by: RW Cox
250528-00:56:23,322 nipype.interface INFO:
	 stderr 2025-05-28T00:56:23.322356:** AFNI converts NIFTI_datatype=512 (UINT16) in file /work/fmriprep_25_0_wf/sub_GEO067_wf/bold_ses_t2_task_image_run_4_wf/bold_fit_wf/hmc_boldref_wf/gen_avg/sub-GEO067_ses-t2_task-image_run-4_bold_sliced.nii.gz to FLOAT32
250528-00:56:23,322 nipype.interface INFO:
	 stderr 2025-05-28T00:56:23.322356:     Warnings of this type will be muted for this session.
250528-00:56:23,322 nipype.interface INFO:
	 stderr 2025-05-28T00:56:23.322356:     Set AFNI_NIFTI_TYPE_WARN to YES to see them all, NO to see none.
250528-00:56:23,323 nipype.interface INFO:
	 stderr 2025-05-28T00:56:23.323848:[7m*+ WARNING:[0m   If you are performing spatial transformations on an oblique dset,
250528-00:56:23,323 nipype.interface INFO:
	 stderr 2025-05-28T00:56:23.323848:  such as /work/fmriprep_25_0_wf/sub_GEO067_wf/bold_ses_t2_task_image_run_4_wf/bold_fit_wf/hmc_boldref_wf/gen_avg/sub-GEO067_ses-t2_task-image_run-4_bold_sliced.nii.gz,
250528-00:56:23,323 nipype.interface INFO:
	 stderr 2025-05-28T00:56:23.323848:  or viewing/combining it with volumes of differing obliquity,
250528-00:56:23,323 nipype.interface INFO:
	 stderr 2025-05-28T00:56:23.323848:  you should consider running: 
250528-00:56:23,323 nipype.interface INFO:
	 stderr 2025-05-28T00:56:23.323848:     3dWarp -deoblique 
250528-00:56:23,323 nipype.interface INFO:
	 stderr 2025-05-28T00:56:23.323848:  on this and  other oblique datasets in the same session.
250528-00:56:23,323 nipype.interface INFO:
	 stderr 2025-05-28T00:56:23.323848: See 3dWarp -help for details.
250528-00:56:23,323 nipype.interface INFO:
	 stderr 2025-05-28T00:56:23.323848:++ Oblique dataset:/work/fmriprep_25_0_wf/sub_GEO067_wf/bold_ses_t2_task_image_run_4_wf/bold_fit_wf/hmc_boldref_wf/gen_avg/sub-GEO067_ses-t2_task-image_run-4_bold_sliced.nii.gz is 45.000000 degrees from plumb.
250528-00:56:23,323 nipype.interface INFO:
	 stderr 2025-05-28T00:56:23.323990:++ Coarse del was 10, replaced with 6
250528-00:56:23,401 nipype.workflow INFO:
	 [Node] Finished "validate_bold", elapsed time 0.092339s.
250528-00:56:23,633 nipype.interface INFO:
	 stderr 2025-05-28T00:56:23.633537:++ edt_blur: sigx 2, dx 1, fwhm 4.70964, sfac 2.5, firx 5
250528-00:56:25,112 nipype.interface INFO:
	 stderr 2025-05-28T00:56:25.112102:++ 3dvolreg: AFNI version=AFNI_25.0.11 (Mar 24 2025) [64-bit]
250528-00:56:25,112 nipype.interface INFO:
	 stderr 2025-05-28T00:56:25.112102:++ Authored by: RW Cox
250528-00:56:25,115 nipype.interface INFO:
	 stderr 2025-05-28T00:56:25.115233:** AFNI converts NIFTI_datatype=512 (UINT16) in file /work/fmriprep_25_0_wf/sub_GEO067_wf/bold_ses_t2_task_image_run_5_wf/bold_fit_wf/hmc_boldref_wf/gen_avg/sub-GEO067_ses-t2_task-image_run-5_bold_sliced.nii.gz to FLOAT32
250528-00:56:25,115 nipype.interface INFO:
	 stderr 2025-05-28T00:56:25.115233:     Warnings of this type will be muted for this session.
250528-00:56:25,115 nipype.interface INFO:
	 stderr 2025-05-28T00:56:25.115233:     Set AFNI_NIFTI_TYPE_WARN to YES to see them all, NO to see none.
250528-00:56:25,116 nipype.interface INFO:
	 stderr 2025-05-28T00:56:25.116776:[7m*+ WARNING:[0m   If you are performing spatial transformations on an oblique dset,
250528-00:56:25,116 nipype.interface INFO:
	 stderr 2025-05-28T00:56:25.116776:  such as /work/fmriprep_25_0_wf/sub_GEO067_wf/bold_ses_t2_task_image_run_5_wf/bold_fit_wf/hmc_boldref_wf/gen_avg/sub-GEO067_ses-t2_task-image_run-5_bold_sliced.nii.gz,
250528-00:56:25,116 nipype.interface INFO:
	 stderr 2025-05-28T00:56:25.116776:  or viewing/combining it with volumes of differing obliquity,
250528-00:56:25,116 nipype.interface INFO:
	 stderr 2025-05-28T00:56:25.116776:  you should consider running: 
250528-00:56:25,116 nipype.interface INFO:
	 stderr 2025-05-28T00:56:25.116776:     3dWarp -deoblique 
250528-00:56:25,116 nipype.interface INFO:
	 stderr 2025-05-28T00:56:25.116776:  on this and  other oblique datasets in the same session.
250528-00:56:25,116 nipype.interface INFO:
	 stderr 2025-05-28T00:56:25.116776: See 3dWarp -help for details.
250528-00:56:25,116 nipype.interface INFO:
	 stderr 2025-05-28T00:56:25.116776:++ Oblique dataset:/work/fmriprep_25_0_wf/sub_GEO067_wf/bold_ses_t2_task_image_run_5_wf/bold_fit_wf/hmc_boldref_wf/gen_avg/sub-GEO067_ses-t2_task-image_run-5_bold_sliced.nii.gz is 45.000000 degrees from plumb.
250528-00:56:25,116 nipype.interface INFO:
	 stderr 2025-05-28T00:56:25.116926:++ Coarse del was 10, replaced with 6
250528-00:56:25,425 nipype.interface INFO:
	 stderr 2025-05-28T00:56:25.425272:++ edt_blur: sigx 2, dx 1, fwhm 4.70964, sfac 2.5, firx 5
250528-00:56:26,141 nipype.workflow INFO:
	 [Node] Setting-up "fmriprep_25_0_wf.sub_GEO067_wf.bold_ses_t3_task_image_run_2_wf.bold_fit_wf.hmc_boldref_wf.gen_avg" in "/work/fmriprep_25_0_wf/sub_GEO067_wf/bold_ses_t3_task_image_run_2_wf/bold_fit_wf/hmc_boldref_wf/gen_avg".
250528-00:56:26,142 nipype.workflow INFO:
	 [Node] Setting-up "fmriprep_25_0_wf.sub_GEO067_wf.bold_ses_t3_task_image_run_2_wf.bold_native_wf.validate_bold" in "/work/fmriprep_25_0_wf/sub_GEO067_wf/bold_ses_t3_task_image_run_2_wf/bold_native_wf/validate_bold".
250528-00:56:26,358 nipype.workflow INFO:
	 [Node] Executing "validate_bold" <niworkflows.interfaces.header.ValidateImage>
250528-00:56:26,415 nipype.workflow INFO:
	 [Node] Executing "gen_avg" <niworkflows.interfaces.images.RobustAverage>
250528-00:56:26,448 nipype.workflow INFO:
	 [Node] Finished "validate_bold", elapsed time 0.08847s.
250528-00:56:26,664 nipype.interface INFO:
	 stderr 2025-05-28T00:56:26.664856:++ 3dvolreg: AFNI version=AFNI_25.0.11 (Mar 24 2025) [64-bit]
250528-00:56:26,664 nipype.interface INFO:
	 stderr 2025-05-28T00:56:26.664856:++ Authored by: RW Cox
250528-00:56:26,667 nipype.interface INFO:
	 stderr 2025-05-28T00:56:26.667912:** AFNI converts NIFTI_datatype=512 (UINT16) in file /work/fmriprep_25_0_wf/sub_GEO067_wf/bold_ses_t3_task_image_run_1_wf/bold_fit_wf/hmc_boldref_wf/gen_avg/sub-GEO067_ses-t3_task-image_run-1_bold_sliced.nii.gz to FLOAT32
250528-00:56:26,667 nipype.interface INFO:
	 stderr 2025-05-28T00:56:26.667912:     Warnings of this type will be muted for this session.
250528-00:56:26,667 nipype.interface INFO:
	 stderr 2025-05-28T00:56:26.667912:     Set AFNI_NIFTI_TYPE_WARN to YES to see them all, NO to see none.
250528-00:56:26,669 nipype.interface INFO:
	 stderr 2025-05-28T00:56:26.669407:[7m*+ WARNING:[0m   If you are performing spatial transformations on an oblique dset,
250528-00:56:26,669 nipype.interface INFO:
	 stderr 2025-05-28T00:56:26.669407:  such as /work/fmriprep_25_0_wf/sub_GEO067_wf/bold_ses_t3_task_image_run_1_wf/bold_fit_wf/hmc_boldref_wf/gen_avg/sub-GEO067_ses-t3_task-image_run-1_bold_sliced.nii.gz,
250528-00:56:26,669 nipype.interface INFO:
	 stderr 2025-05-28T00:56:26.669407:  or viewing/combining it with volumes of differing obliquity,
250528-00:56:26,669 nipype.interface INFO:
	 stderr 2025-05-28T00:56:26.669407:  you should consider running: 
250528-00:56:26,669 nipype.interface INFO:
	 stderr 2025-05-28T00:56:26.669407:     3dWarp -deoblique 
250528-00:56:26,669 nipype.interface INFO:
	 stderr 2025-05-28T00:56:26.669407:  on this and  other oblique datasets in the same session.
250528-00:56:26,669 nipype.interface INFO:
	 stderr 2025-05-28T00:56:26.669407: See 3dWarp -help for details.
250528-00:56:26,669 nipype.interface INFO:
	 stderr 2025-05-28T00:56:26.669407:++ Oblique dataset:/work/fmriprep_25_0_wf/sub_GEO067_wf/bold_ses_t3_task_image_run_1_wf/bold_fit_wf/hmc_boldref_wf/gen_avg/sub-GEO067_ses-t3_task-image_run-1_bold_sliced.nii.gz is 31.299990 degrees from plumb.
250528-00:56:26,669 nipype.interface INFO:
	 stderr 2025-05-28T00:56:26.669552:++ Coarse del was 10, replaced with 6
250528-00:56:26,967 nipype.interface INFO:
	 stderr 2025-05-28T00:56:26.967599:++ edt_blur: sigx 2, dx 1, fwhm 4.70964, sfac 2.5, firx 5
250528-00:56:28,894 nipype.interface INFO:
	 stderr 2025-05-28T00:56:28.894628:++ 3dvolreg: AFNI version=AFNI_25.0.11 (Mar 24 2025) [64-bit]
250528-00:56:28,894 nipype.interface INFO:
	 stderr 2025-05-28T00:56:28.894628:++ Authored by: RW Cox
250528-00:56:28,898 nipype.interface INFO:
	 stderr 2025-05-28T00:56:28.898940:** AFNI converts NIFTI_datatype=512 (UINT16) in file /work/fmriprep_25_0_wf/sub_GEO067_wf/bold_ses_t3_task_image_run_2_wf/bold_fit_wf/hmc_boldref_wf/gen_avg/sub-GEO067_ses-t3_task-image_run-2_bold_sliced.nii.gz to FLOAT32
250528-00:56:28,899 nipype.interface INFO:
	 stderr 2025-05-28T00:56:28.898940:     Warnings of this type will be muted for this session.
250528-00:56:28,899 nipype.interface INFO:
	 stderr 2025-05-28T00:56:28.898940:     Set AFNI_NIFTI_TYPE_WARN to YES to see them all, NO to see none.
250528-00:56:28,901 nipype.interface INFO:
	 stderr 2025-05-28T00:56:28.900995:[7m*+ WARNING:[0m   If you are performing spatial transformations on an oblique dset,
250528-00:56:28,901 nipype.interface INFO:
	 stderr 2025-05-28T00:56:28.900995:  such as /work/fmriprep_25_0_wf/sub_GEO067_wf/bold_ses_t3_task_image_run_2_wf/bold_fit_wf/hmc_boldref_wf/gen_avg/sub-GEO067_ses-t3_task-image_run-2_bold_sliced.nii.gz,
250528-00:56:28,901 nipype.interface INFO:
	 stderr 2025-05-28T00:56:28.900995:  or viewing/combining it with volumes of differing obliquity,
250528-00:56:28,901 nipype.interface INFO:
	 stderr 2025-05-28T00:56:28.900995:  you should consider running: 
250528-00:56:28,901 nipype.interface INFO:
	 stderr 2025-05-28T00:56:28.900995:     3dWarp -deoblique 
250528-00:56:28,901 nipype.interface INFO:
	 stderr 2025-05-28T00:56:28.900995:  on this and  other oblique datasets in the same session.
250528-00:56:28,901 nipype.interface INFO:
	 stderr 2025-05-28T00:56:28.900995: See 3dWarp -help for details.
250528-00:56:28,901 nipype.interface INFO:
	 stderr 2025-05-28T00:56:28.900995:++ Oblique dataset:/work/fmriprep_25_0_wf/sub_GEO067_wf/bold_ses_t3_task_image_run_2_wf/bold_fit_wf/hmc_boldref_wf/gen_avg/sub-GEO067_ses-t3_task-image_run-2_bold_sliced.nii.gz is 31.299990 degrees from plumb.
250528-00:56:28,901 nipype.interface INFO:
	 stderr 2025-05-28T00:56:28.900995:++ Coarse del was 10, replaced with 6
250528-00:56:29,24 nipype.interface INFO:
	 stderr 2025-05-28T00:56:29.024171:++ edt_blur: sigx 2, dx 1, fwhm 4.70964, sfac 2.5, firx 5
250528-00:56:29,673 nipype.workflow INFO:
	 [Node] Setting-up "fmriprep_25_0_wf.sub_GEO067_wf.bold_ses_t3_task_image_run_3_wf.bold_fit_wf.hmc_boldref_wf.gen_avg" in "/work/fmriprep_25_0_wf/sub_GEO067_wf/bold_ses_t3_task_image_run_3_wf/bold_fit_wf/hmc_boldref_wf/gen_avg".
250528-00:56:29,895 nipype.workflow INFO:
	 [Node] Executing "gen_avg" <niworkflows.interfaces.images.RobustAverage>
250528-00:56:31,552 nipype.interface INFO:
	 stderr 2025-05-28T00:56:31.552862:++ Max displacement in automask = 0.57 (mm) at sub-brick 1
250528-00:56:31,553 nipype.interface INFO:
	 stderr 2025-05-28T00:56:31.552862:++ Max delta displ  in automask = 0.57 (mm) at sub-brick 1
250528-00:56:32,219 nipype.workflow INFO:
	 [Node] Finished "gen_avg", elapsed time 5.802695s.
250528-00:56:33,225 nipype.interface INFO:
	 stderr 2025-05-28T00:56:33.225109:++ 3dvolreg: AFNI version=AFNI_25.0.11 (Mar 24 2025) [64-bit]
250528-00:56:33,225 nipype.interface INFO:
	 stderr 2025-05-28T00:56:33.225109:++ Authored by: RW Cox
250528-00:56:33,229 nipype.interface INFO:
	 stderr 2025-05-28T00:56:33.229081:** AFNI converts NIFTI_datatype=512 (UINT16) in file /work/fmriprep_25_0_wf/sub_GEO067_wf/bold_ses_t3_task_image_run_3_wf/bold_fit_wf/hmc_boldref_wf/gen_avg/sub-GEO067_ses-t3_task-image_run-3_bold_sliced.nii.gz to FLOAT32
250528-00:56:33,229 nipype.interface INFO:
	 stderr 2025-05-28T00:56:33.229081:     Warnings of this type will be muted for this session.
250528-00:56:33,229 nipype.interface INFO:
	 stderr 2025-05-28T00:56:33.229081:     Set AFNI_NIFTI_TYPE_WARN to YES to see them all, NO to see none.
250528-00:56:33,231 nipype.interface INFO:
	 stderr 2025-05-28T00:56:33.231483:[7m*+ WARNING:[0m   If you are performing spatial transformations on an oblique dset,
250528-00:56:33,231 nipype.interface INFO:
	 stderr 2025-05-28T00:56:33.231483:  such as /work/fmriprep_25_0_wf/sub_GEO067_wf/bold_ses_t3_task_image_run_3_wf/bold_fit_wf/hmc_boldref_wf/gen_avg/sub-GEO067_ses-t3_task-image_run-3_bold_sliced.nii.gz,
250528-00:56:33,231 nipype.interface INFO:
	 stderr 2025-05-28T00:56:33.231483:  or viewing/combining it with volumes of differing obliquity,
250528-00:56:33,231 nipype.interface INFO:
	 stderr 2025-05-28T00:56:33.231483:  you should consider running: 
250528-00:56:33,231 nipype.interface INFO:
	 stderr 2025-05-28T00:56:33.231483:     3dWarp -deoblique 
250528-00:56:33,231 nipype.interface INFO:
	 stderr 2025-05-28T00:56:33.231483:  on this and  other oblique datasets in the same session.
250528-00:56:33,231 nipype.interface INFO:
	 stderr 2025-05-28T00:56:33.231483: See 3dWarp -help for details.
250528-00:56:33,231 nipype.interface INFO:
	 stderr 2025-05-28T00:56:33.231483:++ Oblique dataset:/work/fmriprep_25_0_wf/sub_GEO067_wf/bold_ses_t3_task_image_run_3_wf/bold_fit_wf/hmc_boldref_wf/gen_avg/sub-GEO067_ses-t3_task-image_run-3_bold_sliced.nii.gz is 31.299990 degrees from plumb.
250528-00:56:33,231 nipype.interface INFO:
	 stderr 2025-05-28T00:56:33.231483:++ Coarse del was 10, replaced with 6
250528-00:56:33,542 nipype.interface INFO:
	 stderr 2025-05-28T00:56:33.542220:++ edt_blur: sigx 2, dx 1, fwhm 4.70964, sfac 2.5, firx 5
250528-00:56:34,166 nipype.workflow INFO:
	 [Node] Setting-up "fmriprep_25_0_wf.sub_GEO067_wf.bold_ses_t3_task_image_run_3_wf.bold_native_wf.validate_bold" in "/work/fmriprep_25_0_wf/sub_GEO067_wf/bold_ses_t3_task_image_run_3_wf/bold_native_wf/validate_bold".
250528-00:56:34,516 nipype.workflow INFO:
	 [Node] Executing "validate_bold" <niworkflows.interfaces.header.ValidateImage>
250528-00:56:34,618 nipype.workflow INFO:
	 [Node] Finished "validate_bold", elapsed time 0.10092s.
250528-00:56:37,425 nipype.workflow INFO:
	 [Node] Setting-up "fmriprep_25_0_wf.sub_GEO067_wf.bold_ses_t3_task_image_run_4_wf.bold_fit_wf.hmc_boldref_wf.gen_avg" in "/work/fmriprep_25_0_wf/sub_GEO067_wf/bold_ses_t3_task_image_run_4_wf/bold_fit_wf/hmc_boldref_wf/gen_avg".
250528-00:56:37,590 nipype.workflow INFO:
	 [Node] Executing "gen_avg" <niworkflows.interfaces.images.RobustAverage>
250528-00:56:40,916 nipype.interface INFO:
	 stderr 2025-05-28T00:56:40.916374:++ 3dvolreg: AFNI version=AFNI_25.0.11 (Mar 24 2025) [64-bit]
250528-00:56:40,916 nipype.interface INFO:
	 stderr 2025-05-28T00:56:40.916374:++ Authored by: RW Cox
250528-00:56:40,919 nipype.interface INFO:
	 stderr 2025-05-28T00:56:40.919853:** AFNI converts NIFTI_datatype=512 (UINT16) in file /work/fmriprep_25_0_wf/sub_GEO067_wf/bold_ses_t3_task_image_run_4_wf/bold_fit_wf/hmc_boldref_wf/gen_avg/sub-GEO067_ses-t3_task-image_run-4_bold_sliced.nii.gz to FLOAT32
250528-00:56:40,919 nipype.interface INFO:
	 stderr 2025-05-28T00:56:40.919853:     Warnings of this type will be muted for this session.
250528-00:56:40,919 nipype.interface INFO:
	 stderr 2025-05-28T00:56:40.919853:     Set AFNI_NIFTI_TYPE_WARN to YES to see them all, NO to see none.
250528-00:56:40,921 nipype.interface INFO:
	 stderr 2025-05-28T00:56:40.921689:[7m*+ WARNING:[0m   If you are performing spatial transformations on an oblique dset,
250528-00:56:40,921 nipype.interface INFO:
	 stderr 2025-05-28T00:56:40.921689:  such as /work/fmriprep_25_0_wf/sub_GEO067_wf/bold_ses_t3_task_image_run_4_wf/bold_fit_wf/hmc_boldref_wf/gen_avg/sub-GEO067_ses-t3_task-image_run-4_bold_sliced.nii.gz,
250528-00:56:40,921 nipype.interface INFO:
	 stderr 2025-05-28T00:56:40.921689:  or viewing/combining it with volumes of differing obliquity,
250528-00:56:40,921 nipype.interface INFO:
	 stderr 2025-05-28T00:56:40.921689:  you should consider running: 
250528-00:56:40,921 nipype.interface INFO:
	 stderr 2025-05-28T00:56:40.921689:     3dWarp -deoblique 
250528-00:56:40,921 nipype.interface INFO:
	 stderr 2025-05-28T00:56:40.921689:  on this and  other oblique datasets in the same session.
250528-00:56:40,921 nipype.interface INFO:
	 stderr 2025-05-28T00:56:40.921689: See 3dWarp -help for details.
250528-00:56:40,921 nipype.interface INFO:
	 stderr 2025-05-28T00:56:40.921689:++ Oblique dataset:/work/fmriprep_25_0_wf/sub_GEO067_wf/bold_ses_t3_task_image_run_4_wf/bold_fit_wf/hmc_boldref_wf/gen_avg/sub-GEO067_ses-t3_task-image_run-4_bold_sliced.nii.gz is 31.299990 degrees from plumb.
250528-00:56:40,921 nipype.interface INFO:
	 stderr 2025-05-28T00:56:40.921689:++ Coarse del was 10, replaced with 6
250528-00:56:41,252 nipype.interface INFO:
	 stderr 2025-05-28T00:56:41.252170:++ edt_blur: sigx 2, dx 1, fwhm 4.70964, sfac 2.5, firx 5
250528-00:56:43,90 nipype.interface INFO:
	 stderr 2025-05-28T00:56:43.090919:++ Max displacement in automask = 1.69 (mm) at sub-brick 16
250528-00:56:43,91 nipype.interface INFO:
	 stderr 2025-05-28T00:56:43.090919:++ Max delta displ  in automask = 1.37 (mm) at sub-brick 16
250528-00:56:43,524 nipype.interface INFO:
	 stderr 2025-05-28T00:56:43.524560:++ Max displacement in automask = 0.68 (mm) at sub-brick 17
250528-00:56:43,524 nipype.interface INFO:
	 stderr 2025-05-28T00:56:43.524560:++ Max delta displ  in automask = 0.75 (mm) at sub-brick 2
250528-00:56:44,790 nipype.interface INFO:
	 stderr 2025-05-28T00:56:44.790244:++ Max displacement in automask = 1.05 (mm) at sub-brick 2
250528-00:56:44,790 nipype.interface INFO:
	 stderr 2025-05-28T00:56:44.790244:++ Max delta displ  in automask = 1.62 (mm) at sub-brick 2
250528-00:56:45,857 nipype.workflow INFO:
	 [Node] Finished "gen_avg", elapsed time 29.782445s.
250528-00:56:46,420 nipype.interface INFO:
	 stderr 2025-05-28T00:56:46.420393:++ Max displacement in automask = 1.45 (mm) at sub-brick 11
250528-00:56:46,420 nipype.interface INFO:
	 stderr 2025-05-28T00:56:46.420393:++ Max delta displ  in automask = 1.41 (mm) at sub-brick 8
250528-00:56:46,439 nipype.workflow INFO:
	 [Node] Finished "gen_avg", elapsed time 29.253336s.
250528-00:56:47,697 nipype.workflow INFO:
	 [Node] Finished "gen_avg", elapsed time 29.279615s.
250528-00:56:48,23 nipype.interface INFO:
	 stderr 2025-05-28T00:56:48.023926:++ Max displacement in automask = 0.50 (mm) at sub-brick 17
250528-00:56:48,24 nipype.interface INFO:
	 stderr 2025-05-28T00:56:48.023926:++ Max delta displ  in automask = 0.49 (mm) at sub-brick 17
250528-00:56:48,197 nipype.workflow INFO:
	 [Node] Setting-up "fmriprep_25_0_wf.sub_GEO067_wf.bold_ses_t3_task_image_run_4_wf.bold_native_wf.validate_bold" in "/work/fmriprep_25_0_wf/sub_GEO067_wf/bold_ses_t3_task_image_run_4_wf/bold_native_wf/validate_bold".
250528-00:56:48,526 nipype.workflow INFO:
	 [Node] Executing "validate_bold" <niworkflows.interfaces.header.ValidateImage>
250528-00:56:48,616 nipype.workflow INFO:
	 [Node] Finished "validate_bold", elapsed time 0.087892s.
250528-00:56:49,349 nipype.workflow INFO:
	 [Node] Finished "gen_avg", elapsed time 29.336243s.
250528-00:56:49,657 nipype.workflow INFO:
	 [Node] Setting-up "fmriprep_25_0_wf.sub_GEO067_wf.bold_ses_t3_task_image_run_5_wf.bold_fit_wf.hmc_boldref_wf.gen_avg" in "/work/fmriprep_25_0_wf/sub_GEO067_wf/bold_ses_t3_task_image_run_5_wf/bold_fit_wf/hmc_boldref_wf/gen_avg".
250528-00:56:49,896 nipype.interface INFO:
	 stderr 2025-05-28T00:56:49.896806:++ Max displacement in automask = 1.14 (mm) at sub-brick 16
250528-00:56:49,897 nipype.interface INFO:
	 stderr 2025-05-28T00:56:49.896806:++ Max delta displ  in automask = 0.83 (mm) at sub-brick 1
250528-00:56:49,914 nipype.workflow INFO:
	 [Node] Executing "gen_avg" <niworkflows.interfaces.images.RobustAverage>
250528-00:56:50,160 nipype.workflow INFO:
	 [Node] Setting-up "fmriprep_25_0_wf.sub_GEO067_wf.bold_ses_t3_task_image_run_5_wf.bold_native_wf.validate_bold" in "/work/fmriprep_25_0_wf/sub_GEO067_wf/bold_ses_t3_task_image_run_5_wf/bold_native_wf/validate_bold".
250528-00:56:50,352 nipype.workflow INFO:
	 [Node] Executing "validate_bold" <niworkflows.interfaces.header.ValidateImage>
250528-00:56:50,458 nipype.workflow INFO:
	 [Node] Finished "validate_bold", elapsed time 0.099258s.
250528-00:56:51,5 nipype.workflow INFO:
	 [Node] Finished "gen_avg", elapsed time 29.575782s.
250528-00:56:51,387 nipype.workflow INFO:
	 [Node] Setting-up "fmriprep_25_0_wf.sub_GEO067_wf.bold_ses_t3_task_retrans_run_1_wf.bold_fit_wf.hmc_boldref_wf.gen_avg" in "/work/fmriprep_25_0_wf/sub_GEO067_wf/bold_ses_t3_task_retrans_run_1_wf/bold_fit_wf/hmc_boldref_wf/gen_avg".
250528-00:56:51,388 nipype.workflow INFO:
	 [Node] Setting-up "fmriprep_25_0_wf.sub_GEO067_wf.bold_ses_t3_task_retrans_run_1_wf.bold_native_wf.validate_bold" in "/work/fmriprep_25_0_wf/sub_GEO067_wf/bold_ses_t3_task_retrans_run_1_wf/bold_native_wf/validate_bold".
250528-00:56:51,588 nipype.workflow INFO:
	 [Node] Executing "validate_bold" <niworkflows.interfaces.header.ValidateImage>
250528-00:56:51,606 nipype.workflow INFO:
	 [Node] Executing "gen_avg" <niworkflows.interfaces.images.RobustAverage>
250528-00:56:51,665 nipype.workflow INFO:
	 [Node] Finished "validate_bold", elapsed time 0.075258s.
250528-00:56:52,697 nipype.workflow INFO:
	 [Node] Finished "gen_avg", elapsed time 29.396294s.
250528-00:56:53,187 nipype.interface INFO:
	 stderr 2025-05-28T00:56:53.187299:++ 3dvolreg: AFNI version=AFNI_25.0.11 (Mar 24 2025) [64-bit]
250528-00:56:53,187 nipype.interface INFO:
	 stderr 2025-05-28T00:56:53.187299:++ Authored by: RW Cox
250528-00:56:53,192 nipype.interface INFO:
	 stderr 2025-05-28T00:56:53.192929:** AFNI converts NIFTI_datatype=512 (UINT16) in file /work/fmriprep_25_0_wf/sub_GEO067_wf/bold_ses_t3_task_image_run_5_wf/bold_fit_wf/hmc_boldref_wf/gen_avg/sub-GEO067_ses-t3_task-image_run-5_bold_sliced.nii.gz to FLOAT32
250528-00:56:53,192 nipype.interface INFO:
	 stderr 2025-05-28T00:56:53.192929:     Warnings of this type will be muted for this session.
250528-00:56:53,193 nipype.interface INFO:
	 stderr 2025-05-28T00:56:53.192929:     Set AFNI_NIFTI_TYPE_WARN to YES to see them all, NO to see none.
250528-00:56:53,198 nipype.interface INFO:
	 stderr 2025-05-28T00:56:53.198858:[7m*+ WARNING:[0m   If you are performing spatial transformations on an oblique dset,
250528-00:56:53,198 nipype.interface INFO:
	 stderr 2025-05-28T00:56:53.198858:  such as /work/fmriprep_25_0_wf/sub_GEO067_wf/bold_ses_t3_task_image_run_5_wf/bold_fit_wf/hmc_boldref_wf/gen_avg/sub-GEO067_ses-t3_task-image_run-5_bold_sliced.nii.gz,
250528-00:56:53,198 nipype.interface INFO:
	 stderr 2025-05-28T00:56:53.198858:  or viewing/combining it with volumes of differing obliquity,
250528-00:56:53,198 nipype.interface INFO:
	 stderr 2025-05-28T00:56:53.198858:  you should consider running: 
250528-00:56:53,198 nipype.interface INFO:
	 stderr 2025-05-28T00:56:53.198858:     3dWarp -deoblique 
250528-00:56:53,198 nipype.interface INFO:
	 stderr 2025-05-28T00:56:53.198858:  on this and  other oblique datasets in the same session.
250528-00:56:53,199 nipype.interface INFO:
	 stderr 2025-05-28T00:56:53.198858: See 3dWarp -help for details.
250528-00:56:53,199 nipype.interface INFO:
	 stderr 2025-05-28T00:56:53.198858:++ Oblique dataset:/work/fmriprep_25_0_wf/sub_GEO067_wf/bold_ses_t3_task_image_run_5_wf/bold_fit_wf/hmc_boldref_wf/gen_avg/sub-GEO067_ses-t3_task-image_run-5_bold_sliced.nii.gz is 31.299990 degrees from plumb.
250528-00:56:53,199 nipype.interface INFO:
	 stderr 2025-05-28T00:56:53.198858:++ Coarse del was 10, replaced with 6
250528-00:56:53,500 nipype.interface INFO:
	 stderr 2025-05-28T00:56:53.500739:++ edt_blur: sigx 2, dx 1, fwhm 4.70964, sfac 2.5, firx 5
250528-00:56:55,457 nipype.interface INFO:
	 stderr 2025-05-28T00:56:55.457854:++ 3dvolreg: AFNI version=AFNI_25.0.11 (Mar 24 2025) [64-bit]
250528-00:56:55,458 nipype.interface INFO:
	 stderr 2025-05-28T00:56:55.457854:++ Authored by: RW Cox
250528-00:56:55,466 nipype.interface INFO:
	 stderr 2025-05-28T00:56:55.466943:** AFNI converts NIFTI_datatype=512 (UINT16) in file /work/fmriprep_25_0_wf/sub_GEO067_wf/bold_ses_t3_task_retrans_run_1_wf/bold_fit_wf/hmc_boldref_wf/gen_avg/sub-GEO067_ses-t3_task-retrans_run-1_bold_sliced.nii.gz to FLOAT32
250528-00:56:55,467 nipype.interface INFO:
	 stderr 2025-05-28T00:56:55.466943:     Warnings of this type will be muted for this session.
250528-00:56:55,467 nipype.interface INFO:
	 stderr 2025-05-28T00:56:55.466943:     Set AFNI_NIFTI_TYPE_WARN to YES to see them all, NO to see none.
250528-00:56:55,469 nipype.interface INFO:
	 stderr 2025-05-28T00:56:55.469681:[7m*+ WARNING:[0m   If you are performing spatial transformations on an oblique dset,
250528-00:56:55,469 nipype.interface INFO:
	 stderr 2025-05-28T00:56:55.469681:  such as /work/fmriprep_25_0_wf/sub_GEO067_wf/bold_ses_t3_task_retrans_run_1_wf/bold_fit_wf/hmc_boldref_wf/gen_avg/sub-GEO067_ses-t3_task-retrans_run-1_bold_sliced.nii.gz,
250528-00:56:55,469 nipype.interface INFO:
	 stderr 2025-05-28T00:56:55.469681:  or viewing/combining it with volumes of differing obliquity,
250528-00:56:55,469 nipype.interface INFO:
	 stderr 2025-05-28T00:56:55.469681:  you should consider running: 
250528-00:56:55,469 nipype.interface INFO:
	 stderr 2025-05-28T00:56:55.469681:     3dWarp -deoblique 
250528-00:56:55,469 nipype.interface INFO:
	 stderr 2025-05-28T00:56:55.469681:  on this and  other oblique datasets in the same session.
250528-00:56:55,469 nipype.interface INFO:
	 stderr 2025-05-28T00:56:55.469681: See 3dWarp -help for details.
250528-00:56:55,469 nipype.interface INFO:
	 stderr 2025-05-28T00:56:55.469681:++ Oblique dataset:/work/fmriprep_25_0_wf/sub_GEO067_wf/bold_ses_t3_task_retrans_run_1_wf/bold_fit_wf/hmc_boldref_wf/gen_avg/sub-GEO067_ses-t3_task-retrans_run-1_bold_sliced.nii.gz is 31.299990 degrees from plumb.
250528-00:56:55,469 nipype.interface INFO:
	 stderr 2025-05-28T00:56:55.469681:++ Coarse del was 10, replaced with 6
250528-00:56:55,763 nipype.interface INFO:
	 stderr 2025-05-28T00:56:55.763868:++ edt_blur: sigx 2, dx 1, fwhm 4.70964, sfac 2.5, firx 5
250528-00:56:56,332 nipype.interface INFO:
	 stderr 2025-05-28T00:56:56.332153:++ Max displacement in automask = 0.93 (mm) at sub-brick 11
250528-00:56:56,332 nipype.interface INFO:
	 stderr 2025-05-28T00:56:56.332153:++ Max delta displ  in automask = 0.75 (mm) at sub-brick 9
250528-00:56:56,924 nipype.workflow INFO:
	 [Node] Setting-up "fmriprep_25_0_wf.sub_GEO067_wf.anat_fit_wf.fs_isrunning" in "/work/fmriprep_25_0_wf/sub_GEO067_wf/anat_fit_wf/fs_isrunning".
250528-00:56:56,925 nipype.workflow INFO:
	 [Node] Setting-up "fmriprep_25_0_wf.sub_GEO067_wf.anat_fit_wf.ds_t1w_mask_wf.raw_sources" in "/work/fmriprep_25_0_wf/sub_GEO067_wf/anat_fit_wf/ds_t1w_mask_wf/raw_sources".
250528-00:56:56,926 nipype.workflow INFO:
	 [Node] Setting-up "fmriprep_25_0_wf.sub_GEO067_wf.anat_fit_wf.ds_ribbon_mask_wf.raw_sources" in "/work/fmriprep_25_0_wf/sub_GEO067_wf/anat_fit_wf/ds_ribbon_mask_wf/raw_sources".
250528-00:56:57,112 nipype.workflow INFO:
	 [Node] Executing "fs_isrunning" <nipype.interfaces.utility.wrappers.Function>
250528-00:56:57,114 nipype.workflow INFO:
	 [Node] Finished "fs_isrunning", elapsed time 0.000884s.
250528-00:56:57,144 nipype.workflow INFO:
	 [Node] Executing "raw_sources" <nipype.interfaces.utility.wrappers.Function>
250528-00:56:57,145 nipype.workflow INFO:
	 [Node] Finished "raw_sources", elapsed time 0.000883s.
250528-00:56:57,180 nipype.workflow INFO:
	 [Node] Executing "raw_sources" <nipype.interfaces.utility.wrappers.Function>
250528-00:56:57,182 nipype.workflow INFO:
	 [Node] Finished "raw_sources", elapsed time 0.000991s.
250528-00:56:57,738 nipype.workflow INFO:
	 [Node] Setting-up "fmriprep_25_0_wf.sub_GEO067_wf.bold_ses_t2_task_image_run_1_wf.bold_fit_wf.fmapref_buffer" in "/work/fmriprep_25_0_wf/sub_GEO067_wf/bold_ses_t2_task_image_run_1_wf/bold_fit_wf/fmapref_buffer".
250528-00:56:57,939 nipype.workflow INFO:
	 [Node] Executing "fmapref_buffer" <nipype.interfaces.utility.wrappers.Function>
250528-00:56:57,941 nipype.workflow INFO:
	 [Node] Finished "fmapref_buffer", elapsed time 0.001042s.
250528-00:56:59,105 nipype.workflow INFO:
	 [Node] Finished "gen_avg", elapsed time 29.208876s.
250528-00:56:59,510 nipype.interface WARNING:
	 Changing /out/sub-GEO067/ses-t2/func/sub-GEO067_ses-t2_task-image_run-1_desc-hmc_boldref.nii.gz dtype from uint16 to float32
250528-00:56:59,996 nipype.workflow INFO:
	 [Node] Setting-up "fmriprep_25_0_wf.sub_GEO067_wf.bold_ses_t2_task_image_run_2_wf.bold_fit_wf.fmapref_buffer" in "/work/fmriprep_25_0_wf/sub_GEO067_wf/bold_ses_t2_task_image_run_2_wf/bold_fit_wf/fmapref_buffer".
250528-00:57:00,36 nipype.workflow INFO:
	 [Node] Setting-up "fmriprep_25_0_wf.sub_GEO067_wf.bold_ses_t2_task_image_run_1_wf.bold_fit_wf.bold_hmc_wf.mcflirt" in "/work/fmriprep_25_0_wf/sub_GEO067_wf/bold_ses_t2_task_image_run_1_wf/bold_fit_wf/bold_hmc_wf/mcflirt".
250528-00:57:00,178 nipype.workflow INFO:
	 [Node] Executing "fmapref_buffer" <nipype.interfaces.utility.wrappers.Function>
250528-00:57:00,179 nipype.workflow INFO:
	 [Node] Finished "fmapref_buffer", elapsed time 0.000827s.
250528-00:57:00,219 nipype.interface WARNING:
	 Changing /out/sub-GEO067/ses-t2/func/sub-GEO067_ses-t2_task-image_run-2_desc-hmc_boldref.nii.gz dtype from uint16 to float32
250528-00:57:00,234 nipype.workflow INFO:
	 [Node] Executing "mcflirt" <nipype.interfaces.fsl.preprocess.MCFLIRT>
250528-00:57:00,778 nipype.workflow INFO:
	 [Node] Setting-up "fmriprep_25_0_wf.sub_GEO067_wf.bold_ses_t2_task_image_run_3_wf.bold_fit_wf.fmapref_buffer" in "/work/fmriprep_25_0_wf/sub_GEO067_wf/bold_ses_t2_task_image_run_3_wf/bold_fit_wf/fmapref_buffer".
250528-00:57:00,818 nipype.workflow INFO:
	 [Node] Setting-up "fmriprep_25_0_wf.sub_GEO067_wf.bold_ses_t2_task_image_run_2_wf.bold_fit_wf.bold_hmc_wf.mcflirt" in "/work/fmriprep_25_0_wf/sub_GEO067_wf/bold_ses_t2_task_image_run_2_wf/bold_fit_wf/bold_hmc_wf/mcflirt".
250528-00:57:00,939 nipype.workflow INFO:
	 [Node] Executing "fmapref_buffer" <nipype.interfaces.utility.wrappers.Function>
250528-00:57:00,941 nipype.workflow INFO:
	 [Node] Finished "fmapref_buffer", elapsed time 0.000768s.
250528-00:57:01,1 nipype.workflow INFO:
	 [Node] Executing "mcflirt" <nipype.interfaces.fsl.preprocess.MCFLIRT>
250528-00:57:01,618 nipype.interface WARNING:
	 Changing /out/sub-GEO067/ses-t2/func/sub-GEO067_ses-t2_task-image_run-3_desc-hmc_boldref.nii.gz dtype from uint16 to float32
250528-00:57:02,88 nipype.workflow INFO:
	 [Node] Setting-up "fmriprep_25_0_wf.sub_GEO067_wf.bold_ses_t2_task_image_run_4_wf.bold_fit_wf.fmapref_buffer" in "/work/fmriprep_25_0_wf/sub_GEO067_wf/bold_ses_t2_task_image_run_4_wf/bold_fit_wf/fmapref_buffer".
250528-00:57:02,124 nipype.workflow INFO:
	 [Node] Setting-up "fmriprep_25_0_wf.sub_GEO067_wf.bold_ses_t2_task_image_run_3_wf.bold_fit_wf.bold_hmc_wf.mcflirt" in "/work/fmriprep_25_0_wf/sub_GEO067_wf/bold_ses_t2_task_image_run_3_wf/bold_fit_wf/bold_hmc_wf/mcflirt".
250528-00:57:02,297 nipype.workflow INFO:
	 [Node] Executing "fmapref_buffer" <nipype.interfaces.utility.wrappers.Function>
250528-00:57:02,299 nipype.workflow INFO:
	 [Node] Finished "fmapref_buffer", elapsed time 0.000662s.
250528-00:57:02,367 nipype.workflow INFO:
	 [Node] Executing "mcflirt" <nipype.interfaces.fsl.preprocess.MCFLIRT>
250528-00:57:03,430 nipype.interface WARNING:
	 Changing /out/sub-GEO067/ses-t2/func/sub-GEO067_ses-t2_task-image_run-4_desc-hmc_boldref.nii.gz dtype from uint16 to float32
250528-00:57:04,197 nipype.interface INFO:
	 stderr 2025-05-28T00:57:04.197537:++ Max displacement in automask = 1.40 (mm) at sub-brick 16
250528-00:57:04,197 nipype.interface INFO:
	 stderr 2025-05-28T00:57:04.197537:++ Max delta displ  in automask = 0.84 (mm) at sub-brick 1
250528-00:57:04,631 nipype.workflow INFO:
	 [Node] Setting-up "fmriprep_25_0_wf.sub_GEO067_wf.bold_ses_t2_task_image_run_5_wf.bold_fit_wf.fmapref_buffer" in "/work/fmriprep_25_0_wf/sub_GEO067_wf/bold_ses_t2_task_image_run_5_wf/bold_fit_wf/fmapref_buffer".
250528-00:57:04,808 nipype.workflow INFO:
	 [Node] Executing "fmapref_buffer" <nipype.interfaces.utility.wrappers.Function>
250528-00:57:04,810 nipype.workflow INFO:
	 [Node] Finished "fmapref_buffer", elapsed time 0.000878s.
250528-00:57:04,935 nipype.interface WARNING:
	 Changing /out/sub-GEO067/ses-t2/func/sub-GEO067_ses-t2_task-image_run-5_desc-hmc_boldref.nii.gz dtype from uint16 to float32
250528-00:57:05,402 nipype.workflow INFO:
	 [Node] Setting-up "fmriprep_25_0_wf.sub_GEO067_wf.bold_ses_t3_task_image_run_1_wf.bold_fit_wf.fmapref_buffer" in "/work/fmriprep_25_0_wf/sub_GEO067_wf/bold_ses_t3_task_image_run_1_wf/bold_fit_wf/fmapref_buffer".
250528-00:57:05,621 nipype.workflow INFO:
	 [Node] Executing "fmapref_buffer" <nipype.interfaces.utility.wrappers.Function>
250528-00:57:05,622 nipype.workflow INFO:
	 [Node] Finished "fmapref_buffer", elapsed time 0.000534s.
250528-00:57:05,980 nipype.interface WARNING:
	 Changing /out/sub-GEO067/ses-t3/func/sub-GEO067_ses-t3_task-image_run-1_desc-hmc_boldref.nii.gz dtype from uint16 to float32
250528-00:57:06,438 nipype.workflow INFO:
	 [Node] Setting-up "fmriprep_25_0_wf.sub_GEO067_wf.bold_ses_t3_task_image_run_2_wf.bold_fit_wf.fmapref_buffer" in "/work/fmriprep_25_0_wf/sub_GEO067_wf/bold_ses_t3_task_image_run_2_wf/bold_fit_wf/fmapref_buffer".
250528-00:57:06,651 nipype.workflow INFO:
	 [Node] Executing "fmapref_buffer" <nipype.interfaces.utility.wrappers.Function>
250528-00:57:06,653 nipype.workflow INFO:
	 [Node] Finished "fmapref_buffer", elapsed time 0.000647s.
250528-00:57:06,989 nipype.workflow INFO:
	 [Node] Finished "gen_avg", elapsed time 29.398389s.
250528-00:57:07,902 nipype.interface WARNING:
	 Changing /out/sub-GEO067/ses-t3/func/sub-GEO067_ses-t3_task-image_run-2_desc-hmc_boldref.nii.gz dtype from uint16 to float32
250528-00:57:08,450 nipype.workflow INFO:
	 [Node] Setting-up "fmriprep_25_0_wf.sub_GEO067_wf.bold_ses_t3_task_image_run_3_wf.bold_fit_wf.fmapref_buffer" in "/work/fmriprep_25_0_wf/sub_GEO067_wf/bold_ses_t3_task_image_run_3_wf/bold_fit_wf/fmapref_buffer".
250528-00:57:08,723 nipype.workflow INFO:
	 [Node] Executing "fmapref_buffer" <nipype.interfaces.utility.wrappers.Function>
250528-00:57:08,725 nipype.workflow INFO:
	 [Node] Finished "fmapref_buffer", elapsed time 0.000837s.
250528-00:57:08,799 nipype.interface WARNING:
	 Changing /out/sub-GEO067/ses-t3/func/sub-GEO067_ses-t3_task-image_run-3_desc-hmc_boldref.nii.gz dtype from uint16 to float32
250528-00:57:09,280 nipype.workflow INFO:
	 [Node] Setting-up "fmriprep_25_0_wf.sub_GEO067_wf.bold_ses_t3_task_image_run_4_wf.bold_fit_wf.fmapref_buffer" in "/work/fmriprep_25_0_wf/sub_GEO067_wf/bold_ses_t3_task_image_run_4_wf/bold_fit_wf/fmapref_buffer".
250528-00:57:09,505 nipype.workflow INFO:
	 [Node] Executing "fmapref_buffer" <nipype.interfaces.utility.wrappers.Function>
250528-00:57:09,507 nipype.workflow INFO:
	 [Node] Finished "fmapref_buffer", elapsed time 0.000652s.
250528-00:57:09,537 nipype.interface WARNING:
	 Changing /out/sub-GEO067/ses-t3/func/sub-GEO067_ses-t3_task-image_run-4_desc-hmc_boldref.nii.gz dtype from uint16 to float32
250528-00:57:10,61 nipype.workflow INFO:
	 [Node] Setting-up "fmriprep_25_0_wf.sub_GEO067_wf.anat_fit_wf.register_template_wf.set_reference" in "/work/fmriprep_25_0_wf/sub_GEO067_wf/anat_fit_wf/register_template_wf/_template_MNI152NLin2009cAsym/set_reference".
250528-00:57:10,232 nipype.workflow INFO:
	 [Node] Executing "set_reference" <nipype.interfaces.utility.wrappers.Function>
250528-00:57:10,234 nipype.workflow INFO:
	 [Node] Finished "set_reference", elapsed time 0.000971s.
250528-00:57:11,548 nipype.workflow INFO:
	 [Node] Setting-up "fmriprep_25_0_wf.sub_GEO067_wf.bold_ses_t2_task_image_run_1_wf.bold_fit_wf.ds_coreg_boldref_wf.sources" in "/work/fmriprep_25_0_wf/sub_GEO067_wf/bold_ses_t2_task_image_run_1_wf/bold_fit_wf/ds_coreg_boldref_wf/sources".
250528-00:57:11,549 nipype.workflow INFO:
	 [Node] Setting-up "fmriprep_25_0_wf.sub_GEO067_wf.bold_ses_t2_task_image_run_2_wf.bold_fit_wf.ds_coreg_boldref_wf.sources" in "/work/fmriprep_25_0_wf/sub_GEO067_wf/bold_ses_t2_task_image_run_2_wf/bold_fit_wf/ds_coreg_boldref_wf/sources".
250528-00:57:11,778 nipype.workflow INFO:
	 [Node] Executing "sources" <fmriprep.interfaces.bids.BIDSURI>
250528-00:57:11,779 nipype.workflow INFO:
	 [Node] Finished "sources", elapsed time 0.000581s.
250528-00:57:11,787 nipype.workflow INFO:
	 [Node] Executing "sources" <fmriprep.interfaces.bids.BIDSURI>
250528-00:57:11,789 nipype.workflow INFO:
	 [Node] Finished "sources", elapsed time 0.000547s.
250528-00:57:12,315 nipype.workflow INFO:
	 [Node] Setting-up "fmriprep_25_0_wf.sub_GEO067_wf.bold_ses_t2_task_image_run_3_wf.bold_fit_wf.ds_coreg_boldref_wf.sources" in "/work/fmriprep_25_0_wf/sub_GEO067_wf/bold_ses_t2_task_image_run_3_wf/bold_fit_wf/ds_coreg_boldref_wf/sources".
250528-00:57:12,316 nipype.workflow INFO:
	 [Node] Setting-up "fmriprep_25_0_wf.sub_GEO067_wf.bold_ses_t2_task_image_run_4_wf.bold_fit_wf.ds_coreg_boldref_wf.sources" in "/work/fmriprep_25_0_wf/sub_GEO067_wf/bold_ses_t2_task_image_run_4_wf/bold_fit_wf/ds_coreg_boldref_wf/sources".
250528-00:57:12,317 nipype.workflow INFO:
	 [Node] Setting-up "fmriprep_25_0_wf.sub_GEO067_wf.bold_ses_t2_task_image_run_5_wf.bold_fit_wf.ds_coreg_boldref_wf.sources" in "/work/fmriprep_25_0_wf/sub_GEO067_wf/bold_ses_t2_task_image_run_5_wf/bold_fit_wf/ds_coreg_boldref_wf/sources".
250528-00:57:12,555 nipype.workflow INFO:
	 [Node] Executing "sources" <fmriprep.interfaces.bids.BIDSURI>
250528-00:57:12,558 nipype.workflow INFO:
	 [Node] Finished "sources", elapsed time 0.001579s.
250528-00:57:12,560 nipype.workflow INFO:
	 [Node] Executing "sources" <fmriprep.interfaces.bids.BIDSURI>
250528-00:57:12,563 nipype.workflow INFO:
	 [Node] Finished "sources", elapsed time 0.001489s.
250528-00:57:12,603 nipype.workflow INFO:
	 [Node] Executing "sources" <fmriprep.interfaces.bids.BIDSURI>
250528-00:57:12,605 nipype.workflow INFO:
	 [Node] Finished "sources", elapsed time 0.000669s.
250528-00:57:14,329 nipype.workflow INFO:
	 [Node] Setting-up "fmriprep_25_0_wf.sub_GEO067_wf.bold_ses_t3_task_image_run_1_wf.bold_fit_wf.ds_coreg_boldref_wf.sources" in "/work/fmriprep_25_0_wf/sub_GEO067_wf/bold_ses_t3_task_image_run_1_wf/bold_fit_wf/ds_coreg_boldref_wf/sources".
250528-00:57:14,330 nipype.workflow INFO:
	 [Node] Setting-up "fmriprep_25_0_wf.sub_GEO067_wf.bold_ses_t3_task_image_run_2_wf.bold_fit_wf.ds_coreg_boldref_wf.sources" in "/work/fmriprep_25_0_wf/sub_GEO067_wf/bold_ses_t3_task_image_run_2_wf/bold_fit_wf/ds_coreg_boldref_wf/sources".
250528-00:57:14,331 nipype.workflow INFO:
	 [Node] Setting-up "fmriprep_25_0_wf.sub_GEO067_wf.bold_ses_t3_task_image_run_3_wf.bold_fit_wf.ds_coreg_boldref_wf.sources" in "/work/fmriprep_25_0_wf/sub_GEO067_wf/bold_ses_t3_task_image_run_3_wf/bold_fit_wf/ds_coreg_boldref_wf/sources".
250528-00:57:14,591 nipype.workflow INFO:
	 [Node] Executing "sources" <fmriprep.interfaces.bids.BIDSURI>
250528-00:57:14,593 nipype.workflow INFO:
	 [Node] Finished "sources", elapsed time 0.000718s.
250528-00:57:14,597 nipype.workflow INFO:
	 [Node] Executing "sources" <fmriprep.interfaces.bids.BIDSURI>
250528-00:57:14,598 nipype.workflow INFO:
	 [Node] Finished "sources", elapsed time 0.000569s.
250528-00:57:14,608 nipype.workflow INFO:
	 [Node] Executing "sources" <fmriprep.interfaces.bids.BIDSURI>
250528-00:57:14,610 nipype.workflow INFO:
	 [Node] Finished "sources", elapsed time 0.000615s.
250528-00:57:16,124 nipype.interface INFO:
	 stderr 2025-05-28T00:57:16.124920:++ Max displacement in automask = 0.88 (mm) at sub-brick 14
250528-00:57:16,125 nipype.interface INFO:
	 stderr 2025-05-28T00:57:16.124920:++ Max delta displ  in automask = 0.77 (mm) at sub-brick 4
250528-00:57:16,317 nipype.workflow INFO:
	 [Node] Setting-up "fmriprep_25_0_wf.sub_GEO067_wf.bold_ses_t3_task_image_run_4_wf.bold_fit_wf.ds_coreg_boldref_wf.sources" in "/work/fmriprep_25_0_wf/sub_GEO067_wf/bold_ses_t3_task_image_run_4_wf/bold_fit_wf/ds_coreg_boldref_wf/sources".
250528-00:57:16,509 nipype.workflow INFO:
	 [Node] Executing "sources" <fmriprep.interfaces.bids.BIDSURI>
250528-00:57:16,511 nipype.workflow INFO:
	 [Node] Finished "sources", elapsed time 0.000702s.
250528-00:57:18,317 nipype.interface INFO:
	 stderr 2025-05-28T00:57:18.317838:++ Max displacement in automask = 0.55 (mm) at sub-brick 8
250528-00:57:18,318 nipype.interface INFO:
	 stderr 2025-05-28T00:57:18.317838:++ Max delta displ  in automask = 0.81 (mm) at sub-brick 12
250528-00:57:18,944 nipype.workflow INFO:
	 [Node] Finished "gen_avg", elapsed time 29.029764s.
250528-00:57:20,318 nipype.workflow INFO:
	 [Node] Setting-up "fmriprep_25_0_wf.sub_GEO067_wf.bold_ses_t3_task_image_run_5_wf.bold_fit_wf.fmapref_buffer" in "/work/fmriprep_25_0_wf/sub_GEO067_wf/bold_ses_t3_task_image_run_5_wf/bold_fit_wf/fmapref_buffer".
250528-00:57:20,582 nipype.workflow INFO:
	 [Node] Executing "fmapref_buffer" <nipype.interfaces.utility.wrappers.Function>
250528-00:57:20,584 nipype.workflow INFO:
	 [Node] Finished "fmapref_buffer", elapsed time 0.001025s.
250528-00:57:20,672 nipype.interface WARNING:
	 Changing /out/sub-GEO067/ses-t3/func/sub-GEO067_ses-t3_task-image_run-5_desc-hmc_boldref.nii.gz dtype from uint16 to float32
250528-00:57:21,107 nipype.workflow INFO:
	 [Node] Finished "gen_avg", elapsed time 29.499655s.
250528-00:57:22,309 nipype.workflow INFO:
	 [Node] Setting-up "fmriprep_25_0_wf.sub_GEO067_wf.bold_ses_t3_task_retrans_run_1_wf.bold_fit_wf.fmapref_buffer" in "/work/fmriprep_25_0_wf/sub_GEO067_wf/bold_ses_t3_task_retrans_run_1_wf/bold_fit_wf/fmapref_buffer".
250528-00:57:22,522 nipype.workflow INFO:
	 [Node] Executing "fmapref_buffer" <nipype.interfaces.utility.wrappers.Function>
250528-00:57:22,523 nipype.workflow INFO:
	 [Node] Finished "fmapref_buffer", elapsed time 0.000883s.
250528-00:57:22,583 nipype.interface WARNING:
	 Changing /out/sub-GEO067/ses-t3/func/sub-GEO067_ses-t3_task-retrans_run-1_desc-hmc_boldref.nii.gz dtype from uint16 to float32
250528-00:57:23,163 nipype.workflow INFO:
	 [Node] Setting-up "fmriprep_25_0_wf.sub_GEO067_wf.bold_ses_t3_task_image_run_5_wf.bold_fit_wf.ds_coreg_boldref_wf.sources" in "/work/fmriprep_25_0_wf/sub_GEO067_wf/bold_ses_t3_task_image_run_5_wf/bold_fit_wf/ds_coreg_boldref_wf/sources".
250528-00:57:23,412 nipype.workflow INFO:
	 [Node] Executing "sources" <fmriprep.interfaces.bids.BIDSURI>
250528-00:57:23,414 nipype.workflow INFO:
	 [Node] Finished "sources", elapsed time 0.000527s.
250528-00:57:24,447 nipype.workflow INFO:
	 [Node] Setting-up "fmriprep_25_0_wf.sub_GEO067_wf.bold_ses_t3_task_retrans_run_1_wf.bold_fit_wf.ds_coreg_boldref_wf.sources" in "/work/fmriprep_25_0_wf/sub_GEO067_wf/bold_ses_t3_task_retrans_run_1_wf/bold_fit_wf/ds_coreg_boldref_wf/sources".
250528-00:57:25,38 nipype.workflow INFO:
	 [Node] Executing "sources" <fmriprep.interfaces.bids.BIDSURI>
250528-00:57:25,40 nipype.workflow INFO:
	 [Node] Finished "sources", elapsed time 0.000617s.
250528-00:59:31,619 nipype.workflow INFO:
	 [Node] Finished "mcflirt", elapsed time 149.24373s.
250528-00:59:31,619 nipype.workflow INFO:
	 [Node] Finished "mcflirt", elapsed time 150.613196s.
250528-00:59:32,45 nipype.workflow INFO:
	 [Node] Finished "mcflirt", elapsed time 151.809361s.
250528-00:59:32,405 nipype.workflow INFO:
	 [Node] Setting-up "fmriprep_25_0_wf.sub_GEO067_wf.bold_ses_t2_task_image_run_4_wf.bold_fit_wf.bold_hmc_wf.mcflirt" in "/work/fmriprep_25_0_wf/sub_GEO067_wf/bold_ses_t2_task_image_run_4_wf/bold_fit_wf/bold_hmc_wf/mcflirt".
250528-00:59:32,413 nipype.workflow INFO:
	 [Node] Setting-up "fmriprep_25_0_wf.sub_GEO067_wf.bold_ses_t2_task_image_run_5_wf.bold_fit_wf.bold_hmc_wf.mcflirt" in "/work/fmriprep_25_0_wf/sub_GEO067_wf/bold_ses_t2_task_image_run_5_wf/bold_fit_wf/bold_hmc_wf/mcflirt".
250528-00:59:32,626 nipype.workflow INFO:
	 [Node] Executing "mcflirt" <nipype.interfaces.fsl.preprocess.MCFLIRT>
250528-00:59:32,708 nipype.workflow INFO:
	 [Node] Executing "mcflirt" <nipype.interfaces.fsl.preprocess.MCFLIRT>
250528-00:59:34,386 nipype.workflow INFO:
	 [Node] Setting-up "fmriprep_25_0_wf.sub_GEO067_wf.bold_ses_t3_task_image_run_1_wf.bold_fit_wf.bold_hmc_wf.mcflirt" in "/work/fmriprep_25_0_wf/sub_GEO067_wf/bold_ses_t3_task_image_run_1_wf/bold_fit_wf/bold_hmc_wf/mcflirt".
250528-00:59:34,620 nipype.workflow INFO:
	 [Node] Executing "mcflirt" <nipype.interfaces.fsl.preprocess.MCFLIRT>
250528-01:02:03,257 nipype.workflow INFO:
	 [Node] Finished "mcflirt", elapsed time 150.54626s.
250528-01:02:03,395 nipype.workflow INFO:
	 [Node] Finished "mcflirt", elapsed time 150.768319s.
250528-01:02:04,409 nipype.workflow INFO:
	 [Node] Setting-up "fmriprep_25_0_wf.sub_GEO067_wf.bold_ses_t3_task_image_run_2_wf.bold_fit_wf.bold_hmc_wf.mcflirt" in "/work/fmriprep_25_0_wf/sub_GEO067_wf/bold_ses_t3_task_image_run_2_wf/bold_fit_wf/bold_hmc_wf/mcflirt".
250528-01:02:04,444 nipype.workflow INFO:
	 [Node] Setting-up "fmriprep_25_0_wf.sub_GEO067_wf.bold_ses_t3_task_image_run_3_wf.bold_fit_wf.bold_hmc_wf.mcflirt" in "/work/fmriprep_25_0_wf/sub_GEO067_wf/bold_ses_t3_task_image_run_3_wf/bold_fit_wf/bold_hmc_wf/mcflirt".
250528-01:02:04,799 nipype.workflow INFO:
	 [Node] Executing "mcflirt" <nipype.interfaces.fsl.preprocess.MCFLIRT>
250528-01:02:04,801 nipype.workflow INFO:
	 [Node] Executing "mcflirt" <nipype.interfaces.fsl.preprocess.MCFLIRT>
250528-01:02:10,194 nipype.workflow INFO:
	 [Node] Finished "mcflirt", elapsed time 155.573793s.
250528-01:02:12,361 nipype.workflow INFO:
	 [Node] Setting-up "fmriprep_25_0_wf.sub_GEO067_wf.bold_ses_t3_task_image_run_4_wf.bold_fit_wf.bold_hmc_wf.mcflirt" in "/work/fmriprep_25_0_wf/sub_GEO067_wf/bold_ses_t3_task_image_run_4_wf/bold_fit_wf/bold_hmc_wf/mcflirt".
250528-01:02:12,561 nipype.workflow INFO:
	 [Node] Executing "mcflirt" <nipype.interfaces.fsl.preprocess.MCFLIRT>
250528-01:04:34,451 nipype.workflow INFO:
	 [Node] Finished "mcflirt", elapsed time 149.650145s.
250528-01:04:34,688 nipype.workflow INFO:
	 [Node] Finished "mcflirt", elapsed time 149.88623s.
250528-01:04:36,379 nipype.workflow INFO:
	 [Node] Setting-up "fmriprep_25_0_wf.sub_GEO067_wf.bold_ses_t3_task_image_run_5_wf.bold_fit_wf.bold_hmc_wf.mcflirt" in "/work/fmriprep_25_0_wf/sub_GEO067_wf/bold_ses_t3_task_image_run_5_wf/bold_fit_wf/bold_hmc_wf/mcflirt".
250528-01:04:36,386 nipype.workflow INFO:
	 [Node] Setting-up "fmriprep_25_0_wf.sub_GEO067_wf.bold_ses_t3_task_retrans_run_1_wf.bold_fit_wf.bold_hmc_wf.mcflirt" in "/work/fmriprep_25_0_wf/sub_GEO067_wf/bold_ses_t3_task_retrans_run_1_wf/bold_fit_wf/bold_hmc_wf/mcflirt".
250528-01:04:36,643 nipype.workflow INFO:
	 [Node] Executing "mcflirt" <nipype.interfaces.fsl.preprocess.MCFLIRT>
250528-01:04:36,649 nipype.workflow INFO:
	 [Node] Executing "mcflirt" <nipype.interfaces.fsl.preprocess.MCFLIRT>
250528-01:04:40,588 nipype.workflow INFO:
	 [Node] Finished "mcflirt", elapsed time 148.025955s.
250528-01:07:06,906 nipype.workflow INFO:
	 [Node] Finished "mcflirt", elapsed time 150.261309s.
250528-01:07:08,434 nipype.workflow INFO:
	 [Node] Setting-up "fmriprep_25_0_wf.sub_GEO067_wf.bold_ses_t2_task_image_run_1_wf.bold_fit_wf.enhance_and_skullstrip_bold_wf.init_aff" in "/work/fmriprep_25_0_wf/sub_GEO067_wf/bold_ses_t2_task_image_run_1_wf/bold_fit_wf/enhance_and_skullstrip_bold_wf/init_aff".
250528-01:07:08,720 nipype.workflow INFO:
	 [Node] Executing "init_aff" <nipype.interfaces.ants.utils.AI>
250528-01:07:31,891 nipype.workflow INFO:
	 [Node] Finished "mcflirt", elapsed time 175.241066s.
250528-01:07:33,187 nipype.workflow INFO:
	 [Node] Finished "init_aff", elapsed time 23.981165s.
250528-01:07:34,588 nipype.workflow INFO:
	 [Node] Setting-up "fmriprep_25_0_wf.sub_GEO067_wf.bold_ses_t2_task_image_run_1_wf.bold_fit_wf.bold_hmc_wf.fsl2itk" in "/work/fmriprep_25_0_wf/sub_GEO067_wf/bold_ses_t2_task_image_run_1_wf/bold_fit_wf/bold_hmc_wf/fsl2itk".
250528-01:07:35,962 nipype.workflow INFO:
	 [Node] Executing "fsl2itk" <niworkflows.interfaces.itk.MCFLIRT2ITK>
250528-01:07:35,963 nipype.interface WARNING:
	 Multithreading is deprecated. Remove the num_threads input.
250528-01:07:37,930 nipype.workflow INFO:
	 [Node] Finished "fsl2itk", elapsed time 1.9668510000000001s.
250528-01:07:38,408 nipype.workflow INFO:
	 [Node] Setting-up "fmriprep_25_0_wf.sub_GEO067_wf.bold_ses_t2_task_image_run_2_wf.bold_fit_wf.enhance_and_skullstrip_bold_wf.init_aff" in "/work/fmriprep_25_0_wf/sub_GEO067_wf/bold_ses_t2_task_image_run_2_wf/bold_fit_wf/enhance_and_skullstrip_bold_wf/init_aff".
250528-01:07:38,770 nipype.workflow INFO:
	 [Node] Executing "init_aff" <nipype.interfaces.ants.utils.AI>
250528-01:07:41,879 nipype.workflow INFO:
	 [Node] Setting-up "fmriprep_25_0_wf.sub_GEO067_wf.bold_ses_t2_task_image_run_1_wf.bold_confounds_wf.motion_params" in "/work/fmriprep_25_0_wf/sub_GEO067_wf/bold_ses_t2_task_image_run_1_wf/bold_confounds_wf/motion_params".
250528-01:07:42,98 nipype.workflow INFO:
	 [Node] Executing "motion_params" <fmriprep.interfaces.confounds.FSLMotionParams>
250528-01:07:42,554 nipype.workflow INFO:
	 [Node] Finished "motion_params", elapsed time 0.454529s.
250528-01:07:45,293 nipype.workflow INFO:
	 [Node] Setting-up "fmriprep_25_0_wf.sub_GEO067_wf.bold_ses_t2_task_image_run_1_wf.bold_confounds_wf.rmsd" in "/work/fmriprep_25_0_wf/sub_GEO067_wf/bold_ses_t2_task_image_run_1_wf/bold_confounds_wf/rmsd".
250528-01:07:45,467 nipype.workflow INFO:
	 [Node] Executing "rmsd" <fmriprep.interfaces.confounds.FSLRMSDeviation>
250528-01:07:45,607 nipype.workflow INFO:
	 [Node] Finished "rmsd", elapsed time 0.1384s.
250528-01:07:47,233 nipype.workflow INFO:
	 [Node] Setting-up "fmriprep_25_0_wf.sub_GEO067_wf.bold_ses_t2_task_image_run_1_wf.bold_confounds_wf.fdisp" in "/work/fmriprep_25_0_wf/sub_GEO067_wf/bold_ses_t2_task_image_run_1_wf/bold_confounds_wf/fdisp".
250528-01:07:47,573 nipype.workflow INFO:
	 [Node] Executing "fdisp" <fmriprep.interfaces.confounds.FramewiseDisplacement>
250528-01:07:47,607 nipype.workflow INFO:
	 [Node] Finished "fdisp", elapsed time 0.033144s.
250528-01:08:00,584 nipype.workflow INFO:
	 [Node] Finished "init_aff", elapsed time 21.68073s.
250528-01:08:02,461 nipype.workflow INFO:
	 [Node] Setting-up "fmriprep_25_0_wf.sub_GEO067_wf.bold_ses_t2_task_image_run_2_wf.bold_fit_wf.bold_hmc_wf.fsl2itk" in "/work/fmriprep_25_0_wf/sub_GEO067_wf/bold_ses_t2_task_image_run_2_wf/bold_fit_wf/bold_hmc_wf/fsl2itk".
250528-01:08:03,789 nipype.workflow INFO:
	 [Node] Executing "fsl2itk" <niworkflows.interfaces.itk.MCFLIRT2ITK>
250528-01:08:03,790 nipype.interface WARNING:
	 Multithreading is deprecated. Remove the num_threads input.
250528-01:08:05,828 nipype.workflow INFO:
	 [Node] Finished "fsl2itk", elapsed time 2.038539s.
250528-01:08:06,428 nipype.workflow INFO:
	 [Node] Setting-up "fmriprep_25_0_wf.sub_GEO067_wf.bold_ses_t2_task_image_run_3_wf.bold_fit_wf.enhance_and_skullstrip_bold_wf.init_aff" in "/work/fmriprep_25_0_wf/sub_GEO067_wf/bold_ses_t2_task_image_run_3_wf/bold_fit_wf/enhance_and_skullstrip_bold_wf/init_aff".
250528-01:08:06,801 nipype.workflow INFO:
	 [Node] Executing "init_aff" <nipype.interfaces.ants.utils.AI>
250528-01:08:09,326 nipype.workflow INFO:
	 [Node] Setting-up "fmriprep_25_0_wf.sub_GEO067_wf.bold_ses_t2_task_image_run_2_wf.bold_confounds_wf.motion_params" in "/work/fmriprep_25_0_wf/sub_GEO067_wf/bold_ses_t2_task_image_run_2_wf/bold_confounds_wf/motion_params".
250528-01:08:09,622 nipype.workflow INFO:
	 [Node] Executing "motion_params" <fmriprep.interfaces.confounds.FSLMotionParams>
250528-01:08:09,815 nipype.workflow INFO:
	 [Node] Finished "motion_params", elapsed time 0.192152s.
250528-01:08:11,321 nipype.workflow INFO:
	 [Node] Setting-up "fmriprep_25_0_wf.sub_GEO067_wf.bold_ses_t2_task_image_run_2_wf.bold_confounds_wf.rmsd" in "/work/fmriprep_25_0_wf/sub_GEO067_wf/bold_ses_t2_task_image_run_2_wf/bold_confounds_wf/rmsd".
250528-01:08:11,513 nipype.workflow INFO:
	 [Node] Executing "rmsd" <fmriprep.interfaces.confounds.FSLRMSDeviation>
250528-01:08:11,871 nipype.workflow INFO:
	 [Node] Finished "rmsd", elapsed time 0.35704s.
250528-01:08:12,403 nipype.workflow INFO:
	 [Node] Setting-up "fmriprep_25_0_wf.sub_GEO067_wf.bold_ses_t2_task_image_run_2_wf.bold_confounds_wf.fdisp" in "/work/fmriprep_25_0_wf/sub_GEO067_wf/bold_ses_t2_task_image_run_2_wf/bold_confounds_wf/fdisp".
250528-01:08:12,583 nipype.workflow INFO:
	 [Node] Executing "fdisp" <fmriprep.interfaces.confounds.FramewiseDisplacement>
250528-01:08:12,958 nipype.workflow INFO:
	 [Node] Finished "fdisp", elapsed time 0.37466s.
250528-01:08:28,941 nipype.workflow INFO:
	 [Node] Finished "init_aff", elapsed time 21.998647s.
250528-01:08:30,430 nipype.workflow INFO:
	 [Node] Setting-up "fmriprep_25_0_wf.sub_GEO067_wf.bold_ses_t2_task_image_run_3_wf.bold_fit_wf.bold_hmc_wf.fsl2itk" in "/work/fmriprep_25_0_wf/sub_GEO067_wf/bold_ses_t2_task_image_run_3_wf/bold_fit_wf/bold_hmc_wf/fsl2itk".
250528-01:08:31,547 nipype.workflow INFO:
	 [Node] Executing "fsl2itk" <niworkflows.interfaces.itk.MCFLIRT2ITK>
250528-01:08:31,548 nipype.interface WARNING:
	 Multithreading is deprecated. Remove the num_threads input.
250528-01:08:33,580 nipype.workflow INFO:
	 [Node] Finished "fsl2itk", elapsed time 2.032098s.
250528-01:08:34,425 nipype.workflow INFO:
	 [Node] Setting-up "fmriprep_25_0_wf.sub_GEO067_wf.bold_ses_t2_task_image_run_4_wf.bold_fit_wf.enhance_and_skullstrip_bold_wf.init_aff" in "/work/fmriprep_25_0_wf/sub_GEO067_wf/bold_ses_t2_task_image_run_4_wf/bold_fit_wf/enhance_and_skullstrip_bold_wf/init_aff".
250528-01:08:34,637 nipype.workflow INFO:
	 [Node] Executing "init_aff" <nipype.interfaces.ants.utils.AI>
250528-01:08:37,262 nipype.workflow INFO:
	 [Node] Setting-up "fmriprep_25_0_wf.sub_GEO067_wf.bold_ses_t2_task_image_run_3_wf.bold_confounds_wf.motion_params" in "/work/fmriprep_25_0_wf/sub_GEO067_wf/bold_ses_t2_task_image_run_3_wf/bold_confounds_wf/motion_params".
250528-01:08:37,451 nipype.workflow INFO:
	 [Node] Executing "motion_params" <fmriprep.interfaces.confounds.FSLMotionParams>
250528-01:08:37,621 nipype.workflow INFO:
	 [Node] Finished "motion_params", elapsed time 0.168825s.
250528-01:08:39,291 nipype.workflow INFO:
	 [Node] Setting-up "fmriprep_25_0_wf.sub_GEO067_wf.bold_ses_t2_task_image_run_3_wf.bold_confounds_wf.rmsd" in "/work/fmriprep_25_0_wf/sub_GEO067_wf/bold_ses_t2_task_image_run_3_wf/bold_confounds_wf/rmsd".
250528-01:08:39,678 nipype.workflow INFO:
	 [Node] Executing "rmsd" <fmriprep.interfaces.confounds.FSLRMSDeviation>
250528-01:08:39,844 nipype.workflow INFO:
	 [Node] Finished "rmsd", elapsed time 0.16484s.
250528-01:08:40,406 nipype.workflow INFO:
	 [Node] Setting-up "fmriprep_25_0_wf.sub_GEO067_wf.bold_ses_t2_task_image_run_3_wf.bold_confounds_wf.fdisp" in "/work/fmriprep_25_0_wf/sub_GEO067_wf/bold_ses_t2_task_image_run_3_wf/bold_confounds_wf/fdisp".
250528-01:08:40,580 nipype.workflow INFO:
	 [Node] Executing "fdisp" <fmriprep.interfaces.confounds.FramewiseDisplacement>
250528-01:08:40,655 nipype.workflow INFO:
	 [Node] Finished "fdisp", elapsed time 0.073588s.
250528-01:08:57,816 nipype.workflow INFO:
	 [Node] Finished "init_aff", elapsed time 22.993424s.
250528-01:08:58,407 nipype.workflow INFO:
	 [Node] Setting-up "fmriprep_25_0_wf.sub_GEO067_wf.bold_ses_t2_task_image_run_4_wf.bold_fit_wf.bold_hmc_wf.fsl2itk" in "/work/fmriprep_25_0_wf/sub_GEO067_wf/bold_ses_t2_task_image_run_4_wf/bold_fit_wf/bold_hmc_wf/fsl2itk".
250528-01:08:59,329 nipype.workflow INFO:
	 [Node] Executing "fsl2itk" <niworkflows.interfaces.itk.MCFLIRT2ITK>
250528-01:08:59,330 nipype.interface WARNING:
	 Multithreading is deprecated. Remove the num_threads input.
250528-01:09:00,898 nipype.workflow INFO:
	 [Node] Finished "fsl2itk", elapsed time 1.5680830000000001s.
250528-01:09:02,433 nipype.workflow INFO:
	 [Node] Setting-up "fmriprep_25_0_wf.sub_GEO067_wf.bold_ses_t2_task_image_run_5_wf.bold_fit_wf.enhance_and_skullstrip_bold_wf.init_aff" in "/work/fmriprep_25_0_wf/sub_GEO067_wf/bold_ses_t2_task_image_run_5_wf/bold_fit_wf/enhance_and_skullstrip_bold_wf/init_aff".
250528-01:09:02,612 nipype.workflow INFO:
	 [Node] Executing "init_aff" <nipype.interfaces.ants.utils.AI>
250528-01:09:05,268 nipype.workflow INFO:
	 [Node] Setting-up "fmriprep_25_0_wf.sub_GEO067_wf.bold_ses_t2_task_image_run_4_wf.bold_confounds_wf.motion_params" in "/work/fmriprep_25_0_wf/sub_GEO067_wf/bold_ses_t2_task_image_run_4_wf/bold_confounds_wf/motion_params".
250528-01:09:05,399 nipype.workflow INFO:
	 [Node] Executing "motion_params" <fmriprep.interfaces.confounds.FSLMotionParams>
250528-01:09:05,576 nipype.workflow INFO:
	 [Node] Finished "motion_params", elapsed time 0.175434s.
250528-01:09:06,421 nipype.workflow INFO:
	 [Node] Setting-up "fmriprep_25_0_wf.sub_GEO067_wf.bold_ses_t2_task_image_run_4_wf.bold_confounds_wf.rmsd" in "/work/fmriprep_25_0_wf/sub_GEO067_wf/bold_ses_t2_task_image_run_4_wf/bold_confounds_wf/rmsd".
250528-01:09:06,609 nipype.workflow INFO:
	 [Node] Executing "rmsd" <fmriprep.interfaces.confounds.FSLRMSDeviation>
250528-01:09:06,752 nipype.workflow INFO:
	 [Node] Finished "rmsd", elapsed time 0.142033s.
250528-01:09:08,491 nipype.workflow INFO:
	 [Node] Setting-up "fmriprep_25_0_wf.sub_GEO067_wf.bold_ses_t2_task_image_run_4_wf.bold_confounds_wf.fdisp" in "/work/fmriprep_25_0_wf/sub_GEO067_wf/bold_ses_t2_task_image_run_4_wf/bold_confounds_wf/fdisp".
250528-01:09:08,663 nipype.workflow INFO:
	 [Node] Executing "fdisp" <fmriprep.interfaces.confounds.FramewiseDisplacement>
250528-01:09:08,729 nipype.workflow INFO:
	 [Node] Finished "fdisp", elapsed time 0.065477s.
250528-01:09:24,874 nipype.workflow INFO:
	 [Node] Finished "init_aff", elapsed time 22.081371s.
250528-01:09:26,426 nipype.workflow INFO:
	 [Node] Setting-up "fmriprep_25_0_wf.sub_GEO067_wf.bold_ses_t2_task_image_run_5_wf.bold_fit_wf.bold_hmc_wf.fsl2itk" in "/work/fmriprep_25_0_wf/sub_GEO067_wf/bold_ses_t2_task_image_run_5_wf/bold_fit_wf/bold_hmc_wf/fsl2itk".
250528-01:09:27,408 nipype.workflow INFO:
	 [Node] Executing "fsl2itk" <niworkflows.interfaces.itk.MCFLIRT2ITK>
250528-01:09:27,409 nipype.interface WARNING:
	 Multithreading is deprecated. Remove the num_threads input.
250528-01:09:29,257 nipype.workflow INFO:
	 [Node] Finished "fsl2itk", elapsed time 1.848248s.
250528-01:09:30,429 nipype.workflow INFO:
	 [Node] Setting-up "fmriprep_25_0_wf.sub_GEO067_wf.bold_ses_t3_task_image_run_1_wf.bold_fit_wf.enhance_and_skullstrip_bold_wf.init_aff" in "/work/fmriprep_25_0_wf/sub_GEO067_wf/bold_ses_t3_task_image_run_1_wf/bold_fit_wf/enhance_and_skullstrip_bold_wf/init_aff".
250528-01:09:30,650 nipype.workflow INFO:
	 [Node] Executing "init_aff" <nipype.interfaces.ants.utils.AI>
250528-01:09:32,413 nipype.workflow INFO:
	 [Node] Setting-up "fmriprep_25_0_wf.sub_GEO067_wf.bold_ses_t2_task_image_run_5_wf.bold_confounds_wf.motion_params" in "/work/fmriprep_25_0_wf/sub_GEO067_wf/bold_ses_t2_task_image_run_5_wf/bold_confounds_wf/motion_params".
250528-01:09:32,535 nipype.workflow INFO:
	 [Node] Executing "motion_params" <fmriprep.interfaces.confounds.FSLMotionParams>
250528-01:09:32,696 nipype.workflow INFO:
	 [Node] Finished "motion_params", elapsed time 0.160224s.
250528-01:09:34,416 nipype.workflow INFO:
	 [Node] Setting-up "fmriprep_25_0_wf.sub_GEO067_wf.bold_ses_t2_task_image_run_5_wf.bold_confounds_wf.rmsd" in "/work/fmriprep_25_0_wf/sub_GEO067_wf/bold_ses_t2_task_image_run_5_wf/bold_confounds_wf/rmsd".
250528-01:09:34,857 nipype.workflow INFO:
	 [Node] Executing "rmsd" <fmriprep.interfaces.confounds.FSLRMSDeviation>
250528-01:09:34,992 nipype.workflow INFO:
	 [Node] Finished "rmsd", elapsed time 0.13434s.
250528-01:09:36,414 nipype.workflow INFO:
	 [Node] Setting-up "fmriprep_25_0_wf.sub_GEO067_wf.bold_ses_t2_task_image_run_5_wf.bold_confounds_wf.fdisp" in "/work/fmriprep_25_0_wf/sub_GEO067_wf/bold_ses_t2_task_image_run_5_wf/bold_confounds_wf/fdisp".
250528-01:09:36,563 nipype.workflow INFO:
	 [Node] Executing "fdisp" <fmriprep.interfaces.confounds.FramewiseDisplacement>
250528-01:09:36,587 nipype.workflow INFO:
	 [Node] Finished "fdisp", elapsed time 0.023008s.
250528-01:09:53,643 nipype.workflow INFO:
	 [Node] Finished "init_aff", elapsed time 22.991843s.
250528-01:09:54,416 nipype.workflow INFO:
	 [Node] Setting-up "fmriprep_25_0_wf.sub_GEO067_wf.bold_ses_t3_task_image_run_1_wf.bold_fit_wf.bold_hmc_wf.fsl2itk" in "/work/fmriprep_25_0_wf/sub_GEO067_wf/bold_ses_t3_task_image_run_1_wf/bold_fit_wf/bold_hmc_wf/fsl2itk".
250528-01:09:55,306 nipype.workflow INFO:
	 [Node] Executing "fsl2itk" <niworkflows.interfaces.itk.MCFLIRT2ITK>
250528-01:09:55,307 nipype.interface WARNING:
	 Multithreading is deprecated. Remove the num_threads input.
250528-01:09:56,838 nipype.workflow INFO:
	 [Node] Finished "fsl2itk", elapsed time 1.530516s.
250528-01:09:58,433 nipype.workflow INFO:
	 [Node] Setting-up "fmriprep_25_0_wf.sub_GEO067_wf.bold_ses_t3_task_image_run_2_wf.bold_fit_wf.enhance_and_skullstrip_bold_wf.init_aff" in "/work/fmriprep_25_0_wf/sub_GEO067_wf/bold_ses_t3_task_image_run_2_wf/bold_fit_wf/enhance_and_skullstrip_bold_wf/init_aff".
250528-01:09:58,552 nipype.workflow INFO:
	 [Node] Executing "init_aff" <nipype.interfaces.ants.utils.AI>
250528-01:10:00,421 nipype.workflow INFO:
	 [Node] Setting-up "fmriprep_25_0_wf.sub_GEO067_wf.bold_ses_t3_task_image_run_1_wf.bold_confounds_wf.motion_params" in "/work/fmriprep_25_0_wf/sub_GEO067_wf/bold_ses_t3_task_image_run_1_wf/bold_confounds_wf/motion_params".
250528-01:10:00,567 nipype.workflow INFO:
	 [Node] Executing "motion_params" <fmriprep.interfaces.confounds.FSLMotionParams>
250528-01:10:00,728 nipype.workflow INFO:
	 [Node] Finished "motion_params", elapsed time 0.15975s.
250528-01:10:02,427 nipype.workflow INFO:
	 [Node] Setting-up "fmriprep_25_0_wf.sub_GEO067_wf.bold_ses_t3_task_image_run_1_wf.bold_confounds_wf.rmsd" in "/work/fmriprep_25_0_wf/sub_GEO067_wf/bold_ses_t3_task_image_run_1_wf/bold_confounds_wf/rmsd".
250528-01:10:02,558 nipype.workflow INFO:
	 [Node] Executing "rmsd" <fmriprep.interfaces.confounds.FSLRMSDeviation>
250528-01:10:02,687 nipype.workflow INFO:
	 [Node] Finished "rmsd", elapsed time 0.126744s.
250528-01:10:04,435 nipype.workflow INFO:
	 [Node] Setting-up "fmriprep_25_0_wf.sub_GEO067_wf.bold_ses_t3_task_image_run_1_wf.bold_confounds_wf.fdisp" in "/work/fmriprep_25_0_wf/sub_GEO067_wf/bold_ses_t3_task_image_run_1_wf/bold_confounds_wf/fdisp".
250528-01:10:04,586 nipype.workflow INFO:
	 [Node] Executing "fdisp" <fmriprep.interfaces.confounds.FramewiseDisplacement>
250528-01:10:04,608 nipype.workflow INFO:
	 [Node] Finished "fdisp", elapsed time 0.021215s.
250528-01:10:20,972 nipype.workflow INFO:
	 [Node] Finished "init_aff", elapsed time 22.419082s.
250528-01:10:22,406 nipype.workflow INFO:
	 [Node] Setting-up "fmriprep_25_0_wf.sub_GEO067_wf.bold_ses_t3_task_image_run_2_wf.bold_fit_wf.bold_hmc_wf.fsl2itk" in "/work/fmriprep_25_0_wf/sub_GEO067_wf/bold_ses_t3_task_image_run_2_wf/bold_fit_wf/bold_hmc_wf/fsl2itk".
250528-01:10:23,700 nipype.workflow INFO:
	 [Node] Executing "fsl2itk" <niworkflows.interfaces.itk.MCFLIRT2ITK>
250528-01:10:23,701 nipype.interface WARNING:
	 Multithreading is deprecated. Remove the num_threads input.
250528-01:10:25,210 nipype.workflow INFO:
	 [Node] Finished "fsl2itk", elapsed time 1.5092349999999999s.
250528-01:10:26,418 nipype.workflow INFO:
	 [Node] Setting-up "fmriprep_25_0_wf.sub_GEO067_wf.bold_ses_t3_task_image_run_3_wf.bold_fit_wf.enhance_and_skullstrip_bold_wf.init_aff" in "/work/fmriprep_25_0_wf/sub_GEO067_wf/bold_ses_t3_task_image_run_3_wf/bold_fit_wf/enhance_and_skullstrip_bold_wf/init_aff".
250528-01:10:26,684 nipype.workflow INFO:
	 [Node] Executing "init_aff" <nipype.interfaces.ants.utils.AI>
250528-01:10:28,432 nipype.workflow INFO:
	 [Node] Setting-up "fmriprep_25_0_wf.sub_GEO067_wf.bold_ses_t3_task_image_run_2_wf.bold_confounds_wf.motion_params" in "/work/fmriprep_25_0_wf/sub_GEO067_wf/bold_ses_t3_task_image_run_2_wf/bold_confounds_wf/motion_params".
250528-01:10:28,647 nipype.workflow INFO:
	 [Node] Executing "motion_params" <fmriprep.interfaces.confounds.FSLMotionParams>
250528-01:10:28,861 nipype.workflow INFO:
	 [Node] Finished "motion_params", elapsed time 0.213485s.
250528-01:10:30,429 nipype.workflow INFO:
	 [Node] Setting-up "fmriprep_25_0_wf.sub_GEO067_wf.bold_ses_t3_task_image_run_2_wf.bold_confounds_wf.rmsd" in "/work/fmriprep_25_0_wf/sub_GEO067_wf/bold_ses_t3_task_image_run_2_wf/bold_confounds_wf/rmsd".
250528-01:10:30,636 nipype.workflow INFO:
	 [Node] Executing "rmsd" <fmriprep.interfaces.confounds.FSLRMSDeviation>
250528-01:10:30,780 nipype.workflow INFO:
	 [Node] Finished "rmsd", elapsed time 0.142634s.
250528-01:10:32,432 nipype.workflow INFO:
	 [Node] Setting-up "fmriprep_25_0_wf.sub_GEO067_wf.bold_ses_t3_task_image_run_2_wf.bold_confounds_wf.fdisp" in "/work/fmriprep_25_0_wf/sub_GEO067_wf/bold_ses_t3_task_image_run_2_wf/bold_confounds_wf/fdisp".
250528-01:10:32,622 nipype.workflow INFO:
	 [Node] Executing "fdisp" <fmriprep.interfaces.confounds.FramewiseDisplacement>
250528-01:10:32,651 nipype.workflow INFO:
	 [Node] Finished "fdisp", elapsed time 0.027383s.
250528-01:10:50,12 nipype.workflow INFO:
	 [Node] Finished "init_aff", elapsed time 23.32689s.
250528-01:10:50,502 nipype.workflow INFO:
	 [Node] Setting-up "fmriprep_25_0_wf.sub_GEO067_wf.bold_ses_t3_task_image_run_3_wf.bold_fit_wf.bold_hmc_wf.fsl2itk" in "/work/fmriprep_25_0_wf/sub_GEO067_wf/bold_ses_t3_task_image_run_3_wf/bold_fit_wf/bold_hmc_wf/fsl2itk".
250528-01:10:52,51 nipype.workflow INFO:
	 [Node] Executing "fsl2itk" <niworkflows.interfaces.itk.MCFLIRT2ITK>
250528-01:10:52,52 nipype.interface WARNING:
	 Multithreading is deprecated. Remove the num_threads input.
250528-01:10:53,829 nipype.workflow INFO:
	 [Node] Finished "fsl2itk", elapsed time 1.777399s.
250528-01:10:54,433 nipype.workflow INFO:
	 [Node] Setting-up "fmriprep_25_0_wf.sub_GEO067_wf.bold_ses_t3_task_image_run_4_wf.bold_fit_wf.enhance_and_skullstrip_bold_wf.init_aff" in "/work/fmriprep_25_0_wf/sub_GEO067_wf/bold_ses_t3_task_image_run_4_wf/bold_fit_wf/enhance_and_skullstrip_bold_wf/init_aff".
250528-01:10:54,833 nipype.workflow INFO:
	 [Node] Executing "init_aff" <nipype.interfaces.ants.utils.AI>
250528-01:10:56,431 nipype.workflow INFO:
	 [Node] Setting-up "fmriprep_25_0_wf.sub_GEO067_wf.bold_ses_t3_task_image_run_3_wf.bold_confounds_wf.motion_params" in "/work/fmriprep_25_0_wf/sub_GEO067_wf/bold_ses_t3_task_image_run_3_wf/bold_confounds_wf/motion_params".
250528-01:10:56,784 nipype.workflow INFO:
	 [Node] Executing "motion_params" <fmriprep.interfaces.confounds.FSLMotionParams>
250528-01:10:56,993 nipype.workflow INFO:
	 [Node] Finished "motion_params", elapsed time 0.207592s.
250528-01:10:58,433 nipype.workflow INFO:
	 [Node] Setting-up "fmriprep_25_0_wf.sub_GEO067_wf.bold_ses_t3_task_image_run_3_wf.bold_confounds_wf.rmsd" in "/work/fmriprep_25_0_wf/sub_GEO067_wf/bold_ses_t3_task_image_run_3_wf/bold_confounds_wf/rmsd".
250528-01:10:58,618 nipype.workflow INFO:
	 [Node] Executing "rmsd" <fmriprep.interfaces.confounds.FSLRMSDeviation>
250528-01:10:58,787 nipype.workflow INFO:
	 [Node] Finished "rmsd", elapsed time 0.167101s.
250528-01:11:00,536 nipype.workflow INFO:
	 [Node] Setting-up "fmriprep_25_0_wf.sub_GEO067_wf.bold_ses_t3_task_image_run_3_wf.bold_confounds_wf.fdisp" in "/work/fmriprep_25_0_wf/sub_GEO067_wf/bold_ses_t3_task_image_run_3_wf/bold_confounds_wf/fdisp".
250528-01:11:00,761 nipype.workflow INFO:
	 [Node] Executing "fdisp" <fmriprep.interfaces.confounds.FramewiseDisplacement>
250528-01:11:00,805 nipype.workflow INFO:
	 [Node] Finished "fdisp", elapsed time 0.042898s.
250528-01:11:17,384 nipype.workflow INFO:
	 [Node] Finished "init_aff", elapsed time 22.549874s.
250528-01:11:18,435 nipype.workflow INFO:
	 [Node] Setting-up "fmriprep_25_0_wf.sub_GEO067_wf.bold_ses_t3_task_image_run_4_wf.bold_fit_wf.bold_hmc_wf.fsl2itk" in "/work/fmriprep_25_0_wf/sub_GEO067_wf/bold_ses_t3_task_image_run_4_wf/bold_fit_wf/bold_hmc_wf/fsl2itk".
250528-01:11:19,873 nipype.workflow INFO:
	 [Node] Executing "fsl2itk" <niworkflows.interfaces.itk.MCFLIRT2ITK>
250528-01:11:19,874 nipype.interface WARNING:
	 Multithreading is deprecated. Remove the num_threads input.
250528-01:11:21,545 nipype.workflow INFO:
	 [Node] Finished "fsl2itk", elapsed time 1.6709429999999998s.
250528-01:11:22,453 nipype.workflow INFO:
	 [Node] Setting-up "fmriprep_25_0_wf.sub_GEO067_wf.bold_ses_t3_task_image_run_5_wf.bold_fit_wf.enhance_and_skullstrip_bold_wf.init_aff" in "/work/fmriprep_25_0_wf/sub_GEO067_wf/bold_ses_t3_task_image_run_5_wf/bold_fit_wf/enhance_and_skullstrip_bold_wf/init_aff".
250528-01:11:22,744 nipype.workflow INFO:
	 [Node] Executing "init_aff" <nipype.interfaces.ants.utils.AI>
250528-01:11:24,489 nipype.workflow INFO:
	 [Node] Setting-up "fmriprep_25_0_wf.sub_GEO067_wf.bold_ses_t3_task_image_run_4_wf.bold_confounds_wf.motion_params" in "/work/fmriprep_25_0_wf/sub_GEO067_wf/bold_ses_t3_task_image_run_4_wf/bold_confounds_wf/motion_params".
250528-01:11:24,763 nipype.workflow INFO:
	 [Node] Executing "motion_params" <fmriprep.interfaces.confounds.FSLMotionParams>
250528-01:11:24,970 nipype.workflow INFO:
	 [Node] Finished "motion_params", elapsed time 0.206588s.
250528-01:11:26,452 nipype.workflow INFO:
	 [Node] Setting-up "fmriprep_25_0_wf.sub_GEO067_wf.bold_ses_t3_task_image_run_4_wf.bold_confounds_wf.rmsd" in "/work/fmriprep_25_0_wf/sub_GEO067_wf/bold_ses_t3_task_image_run_4_wf/bold_confounds_wf/rmsd".
250528-01:11:26,675 nipype.workflow INFO:
	 [Node] Executing "rmsd" <fmriprep.interfaces.confounds.FSLRMSDeviation>
250528-01:11:26,825 nipype.workflow INFO:
	 [Node] Finished "rmsd", elapsed time 0.149256s.
250528-01:11:28,439 nipype.workflow INFO:
	 [Node] Setting-up "fmriprep_25_0_wf.sub_GEO067_wf.bold_ses_t3_task_image_run_4_wf.bold_confounds_wf.fdisp" in "/work/fmriprep_25_0_wf/sub_GEO067_wf/bold_ses_t3_task_image_run_4_wf/bold_confounds_wf/fdisp".
250528-01:11:28,809 nipype.workflow INFO:
	 [Node] Executing "fdisp" <fmriprep.interfaces.confounds.FramewiseDisplacement>
250528-01:11:28,865 nipype.workflow INFO:
	 [Node] Finished "fdisp", elapsed time 0.055357s.
250528-01:11:45,662 nipype.workflow INFO:
	 [Node] Finished "init_aff", elapsed time 22.916649s.
250528-01:11:46,422 nipype.workflow INFO:
	 [Node] Setting-up "fmriprep_25_0_wf.sub_GEO067_wf.bold_ses_t3_task_image_run_5_wf.bold_fit_wf.bold_hmc_wf.fsl2itk" in "/work/fmriprep_25_0_wf/sub_GEO067_wf/bold_ses_t3_task_image_run_5_wf/bold_fit_wf/bold_hmc_wf/fsl2itk".
250528-01:11:48,33 nipype.workflow INFO:
	 [Node] Executing "fsl2itk" <niworkflows.interfaces.itk.MCFLIRT2ITK>
250528-01:11:48,34 nipype.interface WARNING:
	 Multithreading is deprecated. Remove the num_threads input.
250528-01:11:49,649 nipype.workflow INFO:
	 [Node] Finished "fsl2itk", elapsed time 1.615551s.
250528-01:11:50,437 nipype.workflow INFO:
	 [Node] Setting-up "fmriprep_25_0_wf.sub_GEO067_wf.bold_ses_t3_task_retrans_run_1_wf.bold_fit_wf.enhance_and_skullstrip_bold_wf.init_aff" in "/work/fmriprep_25_0_wf/sub_GEO067_wf/bold_ses_t3_task_retrans_run_1_wf/bold_fit_wf/enhance_and_skullstrip_bold_wf/init_aff".
250528-01:11:50,878 nipype.workflow INFO:
	 [Node] Executing "init_aff" <nipype.interfaces.ants.utils.AI>
250528-01:11:52,443 nipype.workflow INFO:
	 [Node] Setting-up "fmriprep_25_0_wf.sub_GEO067_wf.bold_ses_t3_task_image_run_5_wf.bold_confounds_wf.motion_params" in "/work/fmriprep_25_0_wf/sub_GEO067_wf/bold_ses_t3_task_image_run_5_wf/bold_confounds_wf/motion_params".
250528-01:11:52,874 nipype.workflow INFO:
	 [Node] Executing "motion_params" <fmriprep.interfaces.confounds.FSLMotionParams>
250528-01:11:53,37 nipype.workflow INFO:
	 [Node] Finished "motion_params", elapsed time 0.161704s.
250528-01:11:54,445 nipype.workflow INFO:
	 [Node] Setting-up "fmriprep_25_0_wf.sub_GEO067_wf.bold_ses_t3_task_image_run_5_wf.bold_confounds_wf.rmsd" in "/work/fmriprep_25_0_wf/sub_GEO067_wf/bold_ses_t3_task_image_run_5_wf/bold_confounds_wf/rmsd".
250528-01:11:54,736 nipype.workflow INFO:
	 [Node] Executing "rmsd" <fmriprep.interfaces.confounds.FSLRMSDeviation>
250528-01:11:54,877 nipype.workflow INFO:
	 [Node] Finished "rmsd", elapsed time 0.140187s.
250528-01:11:56,500 nipype.workflow INFO:
	 [Node] Setting-up "fmriprep_25_0_wf.sub_GEO067_wf.bold_ses_t3_task_image_run_5_wf.bold_confounds_wf.fdisp" in "/work/fmriprep_25_0_wf/sub_GEO067_wf/bold_ses_t3_task_image_run_5_wf/bold_confounds_wf/fdisp".
250528-01:11:56,894 nipype.workflow INFO:
	 [Node] Executing "fdisp" <fmriprep.interfaces.confounds.FramewiseDisplacement>
250528-01:11:56,949 nipype.workflow INFO:
	 [Node] Finished "fdisp", elapsed time 0.053906s.
250528-01:12:13,192 nipype.workflow INFO:
	 [Node] Finished "init_aff", elapsed time 22.312338s.
250528-01:12:14,438 nipype.workflow INFO:
	 [Node] Setting-up "fmriprep_25_0_wf.sub_GEO067_wf.bold_ses_t3_task_retrans_run_1_wf.bold_fit_wf.bold_hmc_wf.fsl2itk" in "/work/fmriprep_25_0_wf/sub_GEO067_wf/bold_ses_t3_task_retrans_run_1_wf/bold_fit_wf/bold_hmc_wf/fsl2itk".
250528-01:12:16,49 nipype.workflow INFO:
	 [Node] Executing "fsl2itk" <niworkflows.interfaces.itk.MCFLIRT2ITK>
250528-01:12:16,50 nipype.interface WARNING:
	 Multithreading is deprecated. Remove the num_threads input.
250528-01:12:18,600 nipype.workflow INFO:
	 [Node] Finished "fsl2itk", elapsed time 2.549987s.
250528-01:12:20,461 nipype.workflow INFO:
	 [Node] Setting-up "fmriprep_25_0_wf.sub_GEO067_wf.bold_ses_t2_task_image_run_1_wf.bold_fit_wf.enhance_and_skullstrip_bold_wf.norm" in "/work/fmriprep_25_0_wf/sub_GEO067_wf/bold_ses_t2_task_image_run_1_wf/bold_fit_wf/enhance_and_skullstrip_bold_wf/norm".
250528-01:12:20,740 nipype.workflow INFO:
	 [Node] Executing "norm" <niworkflows.interfaces.fixes.FixHeaderRegistration>
250528-01:12:21,560 nipype.workflow INFO:
	 [Node] Finished "norm", elapsed time 0.818719s.
250528-01:12:22,444 nipype.workflow INFO:
	 [Node] Setting-up "fmriprep_25_0_wf.sub_GEO067_wf.bold_ses_t2_task_image_run_1_wf.bold_fit_wf.enhance_and_skullstrip_bold_wf.map_brainmask" in "/work/fmriprep_25_0_wf/sub_GEO067_wf/bold_ses_t2_task_image_run_1_wf/bold_fit_wf/enhance_and_skullstrip_bold_wf/map_brainmask".
250528-01:12:22,445 nipype.workflow INFO:
	 [Node] Setting-up "fmriprep_25_0_wf.sub_GEO067_wf.bold_ses_t2_task_image_run_2_wf.bold_fit_wf.enhance_and_skullstrip_bold_wf.norm" in "/work/fmriprep_25_0_wf/sub_GEO067_wf/bold_ses_t2_task_image_run_2_wf/bold_fit_wf/enhance_and_skullstrip_bold_wf/norm".
250528-01:12:22,907 nipype.workflow INFO:
	 [Node] Executing "map_brainmask" <niworkflows.interfaces.fixes.FixHeaderApplyTransforms>
250528-01:12:22,916 nipype.workflow INFO:
	 [Node] Executing "norm" <niworkflows.interfaces.fixes.FixHeaderRegistration>
250528-01:12:23,618 nipype.workflow INFO:
	 [Node] Finished "map_brainmask", elapsed time 0.710368s.
250528-01:12:24,149 nipype.workflow INFO:
	 [Node] Finished "norm", elapsed time 1.2311s.
250528-01:12:24,430 nipype.workflow INFO:
	 [Node] Setting-up "fmriprep_25_0_wf.sub_GEO067_wf.bold_ses_t3_task_retrans_run_1_wf.bold_confounds_wf.motion_params" in "/work/fmriprep_25_0_wf/sub_GEO067_wf/bold_ses_t3_task_retrans_run_1_wf/bold_confounds_wf/motion_params".
250528-01:12:24,752 nipype.workflow INFO:
	 [Node] Executing "motion_params" <fmriprep.interfaces.confounds.FSLMotionParams>
250528-01:12:24,947 nipype.workflow INFO:
	 [Node] Finished "motion_params", elapsed time 0.194013s.
250528-01:12:26,457 nipype.workflow INFO:
	 [Node] Setting-up "fmriprep_25_0_wf.sub_GEO067_wf.bold_ses_t2_task_image_run_3_wf.bold_fit_wf.enhance_and_skullstrip_bold_wf.norm" in "/work/fmriprep_25_0_wf/sub_GEO067_wf/bold_ses_t2_task_image_run_3_wf/bold_fit_wf/enhance_and_skullstrip_bold_wf/norm".
250528-01:12:26,459 nipype.workflow INFO:
	 [Node] Setting-up "fmriprep_25_0_wf.sub_GEO067_wf.bold_ses_t2_task_image_run_2_wf.bold_fit_wf.enhance_and_skullstrip_bold_wf.map_brainmask" in "/work/fmriprep_25_0_wf/sub_GEO067_wf/bold_ses_t2_task_image_run_2_wf/bold_fit_wf/enhance_and_skullstrip_bold_wf/map_brainmask".
250528-01:12:26,825 nipype.workflow INFO:
	 [Node] Executing "map_brainmask" <niworkflows.interfaces.fixes.FixHeaderApplyTransforms>
250528-01:12:27,22 nipype.workflow INFO:
	 [Node] Executing "norm" <niworkflows.interfaces.fixes.FixHeaderRegistration>
250528-01:12:27,440 nipype.workflow INFO:
	 [Node] Finished "map_brainmask", elapsed time 0.612296s.
250528-01:12:27,868 nipype.workflow INFO:
	 [Node] Finished "norm", elapsed time 0.662937s.
250528-01:12:28,454 nipype.workflow INFO:
	 [Node] Setting-up "fmriprep_25_0_wf.sub_GEO067_wf.bold_ses_t2_task_image_run_3_wf.bold_fit_wf.enhance_and_skullstrip_bold_wf.map_brainmask" in "/work/fmriprep_25_0_wf/sub_GEO067_wf/bold_ses_t2_task_image_run_3_wf/bold_fit_wf/enhance_and_skullstrip_bold_wf/map_brainmask".
250528-01:12:28,454 nipype.workflow INFO:
	 [Node] Setting-up "fmriprep_25_0_wf.sub_GEO067_wf.bold_ses_t2_task_image_run_4_wf.bold_fit_wf.enhance_and_skullstrip_bold_wf.norm" in "/work/fmriprep_25_0_wf/sub_GEO067_wf/bold_ses_t2_task_image_run_4_wf/bold_fit_wf/enhance_and_skullstrip_bold_wf/norm".
250528-01:12:28,826 nipype.workflow INFO:
	 [Node] Executing "norm" <niworkflows.interfaces.fixes.FixHeaderRegistration>
250528-01:12:28,911 nipype.workflow INFO:
	 [Node] Executing "map_brainmask" <niworkflows.interfaces.fixes.FixHeaderApplyTransforms>
250528-01:12:29,799 nipype.workflow INFO:
	 [Node] Finished "map_brainmask", elapsed time 0.700024s.
250528-01:12:30,455 nipype.workflow INFO:
	 [Node] Setting-up "fmriprep_25_0_wf.sub_GEO067_wf.bold_ses_t3_task_retrans_run_1_wf.bold_confounds_wf.rmsd" in "/work/fmriprep_25_0_wf/sub_GEO067_wf/bold_ses_t3_task_retrans_run_1_wf/bold_confounds_wf/rmsd".
250528-01:12:30,822 nipype.workflow INFO:
	 [Node] Executing "rmsd" <fmriprep.interfaces.confounds.FSLRMSDeviation>
250528-01:12:30,896 nipype.workflow INFO:
	 [Node] Finished "norm", elapsed time 2.068654s.
250528-01:12:31,13 nipype.workflow INFO:
	 [Node] Finished "rmsd", elapsed time 0.189764s.
250528-01:12:32,436 nipype.workflow INFO:
	 [Node] Setting-up "fmriprep_25_0_wf.sub_GEO067_wf.bold_ses_t2_task_image_run_5_wf.bold_fit_wf.enhance_and_skullstrip_bold_wf.norm" in "/work/fmriprep_25_0_wf/sub_GEO067_wf/bold_ses_t2_task_image_run_5_wf/bold_fit_wf/enhance_and_skullstrip_bold_wf/norm".
250528-01:12:32,437 nipype.workflow INFO:
	 [Node] Setting-up "fmriprep_25_0_wf.sub_GEO067_wf.bold_ses_t2_task_image_run_4_wf.bold_fit_wf.enhance_and_skullstrip_bold_wf.map_brainmask" in "/work/fmriprep_25_0_wf/sub_GEO067_wf/bold_ses_t2_task_image_run_4_wf/bold_fit_wf/enhance_and_skullstrip_bold_wf/map_brainmask".
250528-01:12:32,766 nipype.workflow INFO:
	 [Node] Executing "map_brainmask" <niworkflows.interfaces.fixes.FixHeaderApplyTransforms>
250528-01:12:32,830 nipype.workflow INFO:
	 [Node] Executing "norm" <niworkflows.interfaces.fixes.FixHeaderRegistration>
250528-01:12:33,328 nipype.workflow INFO:
	 [Node] Finished "map_brainmask", elapsed time 0.561701s.
250528-01:12:33,405 nipype.workflow INFO:
	 [Node] Finished "norm", elapsed time 0.573969s.
250528-01:12:34,454 nipype.workflow INFO:
	 [Node] Setting-up "fmriprep_25_0_wf.sub_GEO067_wf.bold_ses_t2_task_image_run_5_wf.bold_fit_wf.enhance_and_skullstrip_bold_wf.map_brainmask" in "/work/fmriprep_25_0_wf/sub_GEO067_wf/bold_ses_t2_task_image_run_5_wf/bold_fit_wf/enhance_and_skullstrip_bold_wf/map_brainmask".
250528-01:12:34,455 nipype.workflow INFO:
	 [Node] Setting-up "fmriprep_25_0_wf.sub_GEO067_wf.bold_ses_t3_task_image_run_1_wf.bold_fit_wf.enhance_and_skullstrip_bold_wf.norm" in "/work/fmriprep_25_0_wf/sub_GEO067_wf/bold_ses_t3_task_image_run_1_wf/bold_fit_wf/enhance_and_skullstrip_bold_wf/norm".
250528-01:12:34,934 nipype.workflow INFO:
	 [Node] Executing "norm" <niworkflows.interfaces.fixes.FixHeaderRegistration>
250528-01:12:34,979 nipype.workflow INFO:
	 [Node] Executing "map_brainmask" <niworkflows.interfaces.fixes.FixHeaderApplyTransforms>
250528-01:12:35,629 nipype.workflow INFO:
	 [Node] Finished "map_brainmask", elapsed time 0.648165s.
250528-01:12:35,989 nipype.workflow INFO:
	 [Node] Finished "norm", elapsed time 1.053338s.
250528-01:12:36,455 nipype.workflow INFO:
	 [Node] Setting-up "fmriprep_25_0_wf.sub_GEO067_wf.bold_ses_t3_task_image_run_2_wf.bold_fit_wf.enhance_and_skullstrip_bold_wf.norm" in "/work/fmriprep_25_0_wf/sub_GEO067_wf/bold_ses_t3_task_image_run_2_wf/bold_fit_wf/enhance_and_skullstrip_bold_wf/norm".
250528-01:12:36,456 nipype.workflow INFO:
	 [Node] Setting-up "fmriprep_25_0_wf.sub_GEO067_wf.bold_ses_t3_task_image_run_1_wf.bold_fit_wf.enhance_and_skullstrip_bold_wf.map_brainmask" in "/work/fmriprep_25_0_wf/sub_GEO067_wf/bold_ses_t3_task_image_run_1_wf/bold_fit_wf/enhance_and_skullstrip_bold_wf/map_brainmask".
250528-01:12:36,850 nipype.workflow INFO:
	 [Node] Executing "norm" <niworkflows.interfaces.fixes.FixHeaderRegistration>
250528-01:12:36,859 nipype.workflow INFO:
	 [Node] Executing "map_brainmask" <niworkflows.interfaces.fixes.FixHeaderApplyTransforms>
250528-01:12:37,600 nipype.workflow INFO:
	 [Node] Finished "map_brainmask", elapsed time 0.740324s.
250528-01:12:37,630 nipype.workflow INFO:
	 [Node] Finished "norm", elapsed time 0.779747s.
250528-01:12:38,452 nipype.workflow INFO:
	 [Node] Setting-up "fmriprep_25_0_wf.sub_GEO067_wf.bold_ses_t3_task_image_run_3_wf.bold_fit_wf.enhance_and_skullstrip_bold_wf.norm" in "/work/fmriprep_25_0_wf/sub_GEO067_wf/bold_ses_t3_task_image_run_3_wf/bold_fit_wf/enhance_and_skullstrip_bold_wf/norm".
250528-01:12:38,453 nipype.workflow INFO:
	 [Node] Setting-up "fmriprep_25_0_wf.sub_GEO067_wf.bold_ses_t3_task_image_run_2_wf.bold_fit_wf.enhance_and_skullstrip_bold_wf.map_brainmask" in "/work/fmriprep_25_0_wf/sub_GEO067_wf/bold_ses_t3_task_image_run_2_wf/bold_fit_wf/enhance_and_skullstrip_bold_wf/map_brainmask".
250528-01:12:38,822 nipype.workflow INFO:
	 [Node] Executing "map_brainmask" <niworkflows.interfaces.fixes.FixHeaderApplyTransforms>
250528-01:12:38,923 nipype.workflow INFO:
	 [Node] Executing "norm" <niworkflows.interfaces.fixes.FixHeaderRegistration>
250528-01:12:39,445 nipype.workflow INFO:
	 [Node] Finished "map_brainmask", elapsed time 0.62159s.
250528-01:12:39,745 nipype.workflow INFO:
	 [Node] Finished "norm", elapsed time 0.820805s.
250528-01:12:40,453 nipype.workflow INFO:
	 [Node] Setting-up "fmriprep_25_0_wf.sub_GEO067_wf.bold_ses_t3_task_image_run_4_wf.bold_fit_wf.enhance_and_skullstrip_bold_wf.norm" in "/work/fmriprep_25_0_wf/sub_GEO067_wf/bold_ses_t3_task_image_run_4_wf/bold_fit_wf/enhance_and_skullstrip_bold_wf/norm".
250528-01:12:40,454 nipype.workflow INFO:
	 [Node] Setting-up "fmriprep_25_0_wf.sub_GEO067_wf.bold_ses_t3_task_image_run_3_wf.bold_fit_wf.enhance_and_skullstrip_bold_wf.map_brainmask" in "/work/fmriprep_25_0_wf/sub_GEO067_wf/bold_ses_t3_task_image_run_3_wf/bold_fit_wf/enhance_and_skullstrip_bold_wf/map_brainmask".
250528-01:12:40,853 nipype.workflow INFO:
	 [Node] Executing "norm" <niworkflows.interfaces.fixes.FixHeaderRegistration>
250528-01:12:40,878 nipype.workflow INFO:
	 [Node] Executing "map_brainmask" <niworkflows.interfaces.fixes.FixHeaderApplyTransforms>
250528-01:12:41,472 nipype.workflow INFO:
	 [Node] Finished "map_brainmask", elapsed time 0.591484s.
250528-01:12:41,555 nipype.workflow INFO:
	 [Node] Finished "norm", elapsed time 0.701321s.
250528-01:12:42,455 nipype.workflow INFO:
	 [Node] Setting-up "fmriprep_25_0_wf.sub_GEO067_wf.bold_ses_t3_task_image_run_5_wf.bold_fit_wf.enhance_and_skullstrip_bold_wf.norm" in "/work/fmriprep_25_0_wf/sub_GEO067_wf/bold_ses_t3_task_image_run_5_wf/bold_fit_wf/enhance_and_skullstrip_bold_wf/norm".
250528-01:12:42,455 nipype.workflow INFO:
	 [Node] Setting-up "fmriprep_25_0_wf.sub_GEO067_wf.bold_ses_t3_task_image_run_4_wf.bold_fit_wf.enhance_and_skullstrip_bold_wf.map_brainmask" in "/work/fmriprep_25_0_wf/sub_GEO067_wf/bold_ses_t3_task_image_run_4_wf/bold_fit_wf/enhance_and_skullstrip_bold_wf/map_brainmask".
250528-01:12:42,754 nipype.workflow INFO:
	 [Node] Executing "norm" <niworkflows.interfaces.fixes.FixHeaderRegistration>
250528-01:12:42,773 nipype.workflow INFO:
	 [Node] Executing "map_brainmask" <niworkflows.interfaces.fixes.FixHeaderApplyTransforms>
250528-01:12:43,249 nipype.workflow INFO:
	 [Node] Finished "norm", elapsed time 0.493766s.
250528-01:12:43,349 nipype.workflow INFO:
	 [Node] Finished "map_brainmask", elapsed time 0.574548s.
250528-01:12:44,444 nipype.workflow INFO:
	 [Node] Setting-up "fmriprep_25_0_wf.sub_GEO067_wf.bold_ses_t3_task_retrans_run_1_wf.bold_fit_wf.enhance_and_skullstrip_bold_wf.norm" in "/work/fmriprep_25_0_wf/sub_GEO067_wf/bold_ses_t3_task_retrans_run_1_wf/bold_fit_wf/enhance_and_skullstrip_bold_wf/norm".
250528-01:12:44,444 nipype.workflow INFO:
	 [Node] Setting-up "fmriprep_25_0_wf.sub_GEO067_wf.bold_ses_t3_task_image_run_5_wf.bold_fit_wf.enhance_and_skullstrip_bold_wf.map_brainmask" in "/work/fmriprep_25_0_wf/sub_GEO067_wf/bold_ses_t3_task_image_run_5_wf/bold_fit_wf/enhance_and_skullstrip_bold_wf/map_brainmask".
250528-01:12:44,969 nipype.workflow INFO:
	 [Node] Executing "norm" <niworkflows.interfaces.fixes.FixHeaderRegistration>
250528-01:12:45,0 nipype.workflow INFO:
	 [Node] Executing "map_brainmask" <niworkflows.interfaces.fixes.FixHeaderApplyTransforms>
250528-01:12:45,618 nipype.workflow INFO:
	 [Node] Finished "map_brainmask", elapsed time 0.61726s.
250528-01:12:45,848 nipype.workflow INFO:
	 [Node] Finished "norm", elapsed time 0.877228s.
250528-01:12:54,774 nipype.workflow INFO:
	 [Node] Setting-up "fmriprep_25_0_wf.sub_GEO067_wf.bold_ses_t3_task_retrans_run_1_wf.bold_confounds_wf.fdisp" in "/work/fmriprep_25_0_wf/sub_GEO067_wf/bold_ses_t3_task_retrans_run_1_wf/bold_confounds_wf/fdisp".
250528-01:12:55,38 nipype.workflow INFO:
	 [Node] Setting-up "fmriprep_25_0_wf.sub_GEO067_wf.bold_ses_t3_task_retrans_run_1_wf.bold_fit_wf.enhance_and_skullstrip_bold_wf.map_brainmask" in "/work/fmriprep_25_0_wf/sub_GEO067_wf/bold_ses_t3_task_retrans_run_1_wf/bold_fit_wf/enhance_and_skullstrip_bold_wf/map_brainmask".
250528-01:12:55,39 nipype.workflow INFO:
	 [Node] Setting-up "fmriprep_25_0_wf.sub_GEO067_wf.bold_ses_t2_task_image_run_1_wf.bold_fit_wf.enhance_and_skullstrip_bold_wf.n4_correct" in "/work/fmriprep_25_0_wf/sub_GEO067_wf/bold_ses_t2_task_image_run_1_wf/bold_fit_wf/enhance_and_skullstrip_bold_wf/n4_correct".
250528-01:12:55,40 nipype.workflow INFO:
	 [Node] Setting-up "fmriprep_25_0_wf.sub_GEO067_wf.bold_ses_t2_task_image_run_2_wf.bold_fit_wf.enhance_and_skullstrip_bold_wf.n4_correct" in "/work/fmriprep_25_0_wf/sub_GEO067_wf/bold_ses_t2_task_image_run_2_wf/bold_fit_wf/enhance_and_skullstrip_bold_wf/n4_correct".
250528-01:12:55,42 nipype.workflow INFO:
	 [Node] Setting-up "fmriprep_25_0_wf.sub_GEO067_wf.bold_ses_t2_task_image_run_3_wf.bold_fit_wf.enhance_and_skullstrip_bold_wf.n4_correct" in "/work/fmriprep_25_0_wf/sub_GEO067_wf/bold_ses_t2_task_image_run_3_wf/bold_fit_wf/enhance_and_skullstrip_bold_wf/n4_correct".
250528-01:12:55,42 nipype.workflow INFO:
	 [Node] Setting-up "fmriprep_25_0_wf.sub_GEO067_wf.bold_ses_t2_task_image_run_4_wf.bold_fit_wf.enhance_and_skullstrip_bold_wf.n4_correct" in "/work/fmriprep_25_0_wf/sub_GEO067_wf/bold_ses_t2_task_image_run_4_wf/bold_fit_wf/enhance_and_skullstrip_bold_wf/n4_correct".
250528-01:12:55,43 nipype.workflow INFO:
	 [Node] Setting-up "fmriprep_25_0_wf.sub_GEO067_wf.bold_ses_t2_task_image_run_5_wf.bold_fit_wf.enhance_and_skullstrip_bold_wf.n4_correct" in "/work/fmriprep_25_0_wf/sub_GEO067_wf/bold_ses_t2_task_image_run_5_wf/bold_fit_wf/enhance_and_skullstrip_bold_wf/n4_correct".
250528-01:12:55,44 nipype.workflow INFO:
	 [Node] Setting-up "fmriprep_25_0_wf.sub_GEO067_wf.bold_ses_t3_task_image_run_1_wf.bold_fit_wf.enhance_and_skullstrip_bold_wf.n4_correct" in "/work/fmriprep_25_0_wf/sub_GEO067_wf/bold_ses_t3_task_image_run_1_wf/bold_fit_wf/enhance_and_skullstrip_bold_wf/n4_correct".
250528-01:12:55,464 nipype.workflow INFO:
	 [Node] Executing "fdisp" <fmriprep.interfaces.confounds.FramewiseDisplacement>
250528-01:12:55,490 nipype.workflow INFO:
	 [Node] Executing "map_brainmask" <niworkflows.interfaces.fixes.FixHeaderApplyTransforms>
250528-01:12:55,520 nipype.workflow INFO:
	 [Node] Finished "fdisp", elapsed time 0.054839s.
250528-01:12:55,565 nipype.workflow INFO:
	 [Node] Executing "n4_correct" <niworkflows.interfaces.fixes.FixN4BiasFieldCorrection>
250528-01:12:55,597 nipype.workflow INFO:
	 [Node] Executing "n4_correct" <niworkflows.interfaces.fixes.FixN4BiasFieldCorrection>
250528-01:12:55,604 nipype.workflow INFO:
	 [Node] Executing "n4_correct" <niworkflows.interfaces.fixes.FixN4BiasFieldCorrection>
250528-01:12:55,616 nipype.workflow INFO:
	 [Node] Executing "n4_correct" <niworkflows.interfaces.fixes.FixN4BiasFieldCorrection>
250528-01:12:55,638 nipype.workflow INFO:
	 [Node] Executing "n4_correct" <niworkflows.interfaces.fixes.FixN4BiasFieldCorrection>
250528-01:12:55,651 nipype.workflow INFO:
	 [Node] Executing "n4_correct" <niworkflows.interfaces.fixes.FixN4BiasFieldCorrection>
250528-01:12:56,170 nipype.workflow INFO:
	 [Node] Finished "map_brainmask", elapsed time 0.677505s.
250528-01:12:56,884 nipype.workflow INFO:
	 [Node] Finished "n4_correct", elapsed time 1.317983s.
250528-01:12:57,680 nipype.workflow INFO:
	 [Node] Finished "n4_correct", elapsed time 2.063325s.
250528-01:12:57,707 nipype.workflow INFO:
	 [Node] Finished "n4_correct", elapsed time 2.067526s.
250528-01:12:57,740 nipype.workflow INFO:
	 [Node] Finished "n4_correct", elapsed time 2.134957s.
250528-01:12:57,776 nipype.workflow INFO:
	 [Node] Finished "n4_correct", elapsed time 2.123897s.
250528-01:12:57,850 nipype.workflow INFO:
	 [Node] Finished "n4_correct", elapsed time 2.252333s.
250528-01:12:58,35 nipype.workflow INFO:
	 [Node] Setting-up "fmriprep_25_0_wf.sub_GEO067_wf.bold_ses_t3_task_image_run_2_wf.bold_fit_wf.enhance_and_skullstrip_bold_wf.n4_correct" in "/work/fmriprep_25_0_wf/sub_GEO067_wf/bold_ses_t3_task_image_run_2_wf/bold_fit_wf/enhance_and_skullstrip_bold_wf/n4_correct".
250528-01:12:58,36 nipype.workflow INFO:
	 [Node] Setting-up "fmriprep_25_0_wf.sub_GEO067_wf.bold_ses_t3_task_image_run_3_wf.bold_fit_wf.enhance_and_skullstrip_bold_wf.n4_correct" in "/work/fmriprep_25_0_wf/sub_GEO067_wf/bold_ses_t3_task_image_run_3_wf/bold_fit_wf/enhance_and_skullstrip_bold_wf/n4_correct".
250528-01:12:58,332 nipype.workflow INFO:
	 [Node] Executing "n4_correct" <niworkflows.interfaces.fixes.FixN4BiasFieldCorrection>
250528-01:12:58,356 nipype.workflow INFO:
	 [Node] Executing "n4_correct" <niworkflows.interfaces.fixes.FixN4BiasFieldCorrection>
250528-01:12:59,43 nipype.workflow INFO:
	 [Node] Setting-up "fmriprep_25_0_wf.sub_GEO067_wf.bold_ses_t3_task_image_run_4_wf.bold_fit_wf.enhance_and_skullstrip_bold_wf.n4_correct" in "/work/fmriprep_25_0_wf/sub_GEO067_wf/bold_ses_t3_task_image_run_4_wf/bold_fit_wf/enhance_and_skullstrip_bold_wf/n4_correct".
250528-01:12:59,44 nipype.workflow INFO:
	 [Node] Setting-up "fmriprep_25_0_wf.sub_GEO067_wf.bold_ses_t3_task_image_run_5_wf.bold_fit_wf.enhance_and_skullstrip_bold_wf.n4_correct" in "/work/fmriprep_25_0_wf/sub_GEO067_wf/bold_ses_t3_task_image_run_5_wf/bold_fit_wf/enhance_and_skullstrip_bold_wf/n4_correct".
250528-01:12:59,45 nipype.workflow INFO:
	 [Node] Setting-up "fmriprep_25_0_wf.sub_GEO067_wf.bold_ses_t3_task_retrans_run_1_wf.bold_fit_wf.enhance_and_skullstrip_bold_wf.n4_correct" in "/work/fmriprep_25_0_wf/sub_GEO067_wf/bold_ses_t3_task_retrans_run_1_wf/bold_fit_wf/enhance_and_skullstrip_bold_wf/n4_correct".
250528-01:12:59,46 nipype.workflow INFO:
	 [Node] Setting-up "fmriprep_25_0_wf.sub_GEO067_wf.bold_ses_t2_task_image_run_1_wf.bold_fit_wf.enhance_and_skullstrip_bold_wf.skullstrip_first_pass" in "/work/fmriprep_25_0_wf/sub_GEO067_wf/bold_ses_t2_task_image_run_1_wf/bold_fit_wf/enhance_and_skullstrip_bold_wf/skullstrip_first_pass".
250528-01:12:59,304 nipype.workflow INFO:
	 [Node] Executing "n4_correct" <niworkflows.interfaces.fixes.FixN4BiasFieldCorrection>
250528-01:12:59,316 nipype.workflow INFO:
	 [Node] Executing "n4_correct" <niworkflows.interfaces.fixes.FixN4BiasFieldCorrection>
250528-01:12:59,443 nipype.interface WARNING:
	 Changing /out/sub-GEO067/ses-t2/func/sub-GEO067_ses-t2_task-image_run-1_desc-coreg_boldref.nii.gz dtype from uint16 to float32
250528-01:12:59,475 nipype.workflow INFO:
	 [Node] Executing "n4_correct" <niworkflows.interfaces.fixes.FixN4BiasFieldCorrection>
250528-01:12:59,523 nipype.workflow INFO:
	 [Node] Executing "skullstrip_first_pass" <nipype.interfaces.fsl.preprocess.BET>
250528-01:13:00,356 nipype.workflow INFO:
	 [Node] Setting-up "fmriprep_25_0_wf.sub_GEO067_wf.bold_ses_t2_task_image_run_2_wf.bold_fit_wf.enhance_and_skullstrip_bold_wf.skullstrip_first_pass" in "/work/fmriprep_25_0_wf/sub_GEO067_wf/bold_ses_t2_task_image_run_2_wf/bold_fit_wf/enhance_and_skullstrip_bold_wf/skullstrip_first_pass".
250528-01:13:00,480 nipype.workflow INFO:
	 [Node] Finished "n4_correct", elapsed time 2.146166s.
250528-01:13:00,619 nipype.workflow INFO:
	 [Node] Finished "n4_correct", elapsed time 2.262527s.
250528-01:13:00,716 nipype.interface WARNING:
	 Changing /out/sub-GEO067/ses-t2/func/sub-GEO067_ses-t2_task-image_run-2_desc-coreg_boldref.nii.gz dtype from uint16 to float32
250528-01:13:00,928 nipype.workflow INFO:
	 [Node] Executing "skullstrip_first_pass" <nipype.interfaces.fsl.preprocess.BET>
250528-01:13:01,86 nipype.workflow INFO:
	 [Node] Finished "n4_correct", elapsed time 1.609997s.
250528-01:13:01,282 nipype.workflow INFO:
	 [Node] Finished "skullstrip_first_pass", elapsed time 1.757763s.
250528-01:13:01,574 nipype.workflow INFO:
	 [Node] Finished "n4_correct", elapsed time 2.257009s.
250528-01:13:01,582 nipype.workflow INFO:
	 [Node] Finished "n4_correct", elapsed time 2.276515s.
250528-01:13:01,607 nipype.workflow INFO:
	 [Node] Setting-up "fmriprep_25_0_wf.sub_GEO067_wf.bold_ses_t2_task_image_run_3_wf.bold_fit_wf.enhance_and_skullstrip_bold_wf.skullstrip_first_pass" in "/work/fmriprep_25_0_wf/sub_GEO067_wf/bold_ses_t2_task_image_run_3_wf/bold_fit_wf/enhance_and_skullstrip_bold_wf/skullstrip_first_pass".
250528-01:13:02,214 nipype.interface WARNING:
	 Changing /out/sub-GEO067/ses-t2/func/sub-GEO067_ses-t2_task-image_run-3_desc-coreg_boldref.nii.gz dtype from uint16 to float32
250528-01:13:02,264 nipype.workflow INFO:
	 [Node] Finished "skullstrip_first_pass", elapsed time 1.334638s.
250528-01:13:02,275 nipype.workflow INFO:
	 [Node] Executing "skullstrip_first_pass" <nipype.interfaces.fsl.preprocess.BET>
250528-01:13:02,840 nipype.workflow INFO:
	 [Node] Setting-up "fmriprep_25_0_wf.sub_GEO067_wf.bold_ses_t2_task_image_run_4_wf.bold_fit_wf.enhance_and_skullstrip_bold_wf.skullstrip_first_pass" in "/work/fmriprep_25_0_wf/sub_GEO067_wf/bold_ses_t2_task_image_run_4_wf/bold_fit_wf/enhance_and_skullstrip_bold_wf/skullstrip_first_pass".
250528-01:13:03,295 nipype.interface WARNING:
	 Changing /out/sub-GEO067/ses-t2/func/sub-GEO067_ses-t2_task-image_run-4_desc-coreg_boldref.nii.gz dtype from uint16 to float32
250528-01:13:03,401 nipype.workflow INFO:
	 [Node] Executing "skullstrip_first_pass" <nipype.interfaces.fsl.preprocess.BET>
250528-01:13:03,602 nipype.workflow INFO:
	 [Node] Finished "skullstrip_first_pass", elapsed time 1.325913s.
250528-01:13:04,123 nipype.workflow INFO:
	 [Node] Setting-up "fmriprep_25_0_wf.sub_GEO067_wf.bold_ses_t2_task_image_run_5_wf.bold_fit_wf.enhance_and_skullstrip_bold_wf.skullstrip_first_pass" in "/work/fmriprep_25_0_wf/sub_GEO067_wf/bold_ses_t2_task_image_run_5_wf/bold_fit_wf/enhance_and_skullstrip_bold_wf/skullstrip_first_pass".
250528-01:13:04,534 nipype.workflow INFO:
	 [Node] Executing "skullstrip_first_pass" <nipype.interfaces.fsl.preprocess.BET>
250528-01:13:04,745 nipype.workflow INFO:
	 [Node] Finished "skullstrip_first_pass", elapsed time 1.343021s.
250528-01:13:04,814 nipype.interface WARNING:
	 Changing /out/sub-GEO067/ses-t2/func/sub-GEO067_ses-t2_task-image_run-5_desc-coreg_boldref.nii.gz dtype from uint16 to float32
250528-01:13:05,474 nipype.workflow INFO:
	 [Node] Setting-up "fmriprep_25_0_wf.sub_GEO067_wf.bold_ses_t3_task_image_run_1_wf.bold_fit_wf.enhance_and_skullstrip_bold_wf.skullstrip_first_pass" in "/work/fmriprep_25_0_wf/sub_GEO067_wf/bold_ses_t3_task_image_run_1_wf/bold_fit_wf/enhance_and_skullstrip_bold_wf/skullstrip_first_pass".
250528-01:13:06,9 nipype.workflow INFO:
	 [Node] Finished "skullstrip_first_pass", elapsed time 1.4742s.
250528-01:13:06,33 nipype.interface WARNING:
	 Changing /out/sub-GEO067/ses-t3/func/sub-GEO067_ses-t3_task-image_run-1_desc-coreg_boldref.nii.gz dtype from uint16 to float32
250528-01:13:06,85 nipype.workflow INFO:
	 [Node] Executing "skullstrip_first_pass" <nipype.interfaces.fsl.preprocess.BET>
250528-01:13:06,570 nipype.workflow INFO:
	 [Node] Setting-up "fmriprep_25_0_wf.sub_GEO067_wf.bold_ses_t3_task_image_run_2_wf.bold_fit_wf.enhance_and_skullstrip_bold_wf.skullstrip_first_pass" in "/work/fmriprep_25_0_wf/sub_GEO067_wf/bold_ses_t3_task_image_run_2_wf/bold_fit_wf/enhance_and_skullstrip_bold_wf/skullstrip_first_pass".
250528-01:13:06,838 nipype.workflow INFO:
	 [Node] Executing "skullstrip_first_pass" <nipype.interfaces.fsl.preprocess.BET>
250528-01:13:06,999 nipype.interface WARNING:
	 Changing /out/sub-GEO067/ses-t3/func/sub-GEO067_ses-t3_task-image_run-2_desc-coreg_boldref.nii.gz dtype from uint16 to float32
250528-01:13:07,564 nipype.workflow INFO:
	 [Node] Finished "skullstrip_first_pass", elapsed time 1.4788000000000001s.
250528-01:13:07,836 nipype.workflow INFO:
	 [Node] Setting-up "fmriprep_25_0_wf.sub_GEO067_wf.bold_ses_t3_task_image_run_3_wf.bold_fit_wf.enhance_and_skullstrip_bold_wf.skullstrip_first_pass" in "/work/fmriprep_25_0_wf/sub_GEO067_wf/bold_ses_t3_task_image_run_3_wf/bold_fit_wf/enhance_and_skullstrip_bold_wf/skullstrip_first_pass".
250528-01:13:08,131 nipype.workflow INFO:
	 [Node] Finished "skullstrip_first_pass", elapsed time 1.292504s.
250528-01:13:08,210 nipype.interface WARNING:
	 Changing /out/sub-GEO067/ses-t3/func/sub-GEO067_ses-t3_task-image_run-3_desc-coreg_boldref.nii.gz dtype from uint16 to float32
250528-01:13:08,259 nipype.workflow INFO:
	 [Node] Executing "skullstrip_first_pass" <nipype.interfaces.fsl.preprocess.BET>
250528-01:13:08,702 nipype.workflow INFO:
	 [Node] Setting-up "fmriprep_25_0_wf.sub_GEO067_wf.bold_ses_t3_task_image_run_4_wf.bold_fit_wf.enhance_and_skullstrip_bold_wf.skullstrip_first_pass" in "/work/fmriprep_25_0_wf/sub_GEO067_wf/bold_ses_t3_task_image_run_4_wf/bold_fit_wf/enhance_and_skullstrip_bold_wf/skullstrip_first_pass".
250528-01:13:08,974 nipype.workflow INFO:
	 [Node] Executing "skullstrip_first_pass" <nipype.interfaces.fsl.preprocess.BET>
250528-01:13:09,166 nipype.interface WARNING:
	 Changing /out/sub-GEO067/ses-t3/func/sub-GEO067_ses-t3_task-image_run-4_desc-coreg_boldref.nii.gz dtype from uint16 to float32
250528-01:13:09,514 nipype.workflow INFO:
	 [Node] Finished "skullstrip_first_pass", elapsed time 1.254404s.
250528-01:13:09,837 nipype.workflow INFO:
	 [Node] Setting-up "fmriprep_25_0_wf.sub_GEO067_wf.bold_ses_t3_task_image_run_5_wf.bold_fit_wf.enhance_and_skullstrip_bold_wf.skullstrip_first_pass" in "/work/fmriprep_25_0_wf/sub_GEO067_wf/bold_ses_t3_task_image_run_5_wf/bold_fit_wf/enhance_and_skullstrip_bold_wf/skullstrip_first_pass".
250528-01:13:10,213 nipype.workflow INFO:
	 [Node] Executing "skullstrip_first_pass" <nipype.interfaces.fsl.preprocess.BET>
250528-01:13:10,247 nipype.interface WARNING:
	 Changing /out/sub-GEO067/ses-t3/func/sub-GEO067_ses-t3_task-image_run-5_desc-coreg_boldref.nii.gz dtype from uint16 to float32
250528-01:13:10,266 nipype.workflow INFO:
	 [Node] Finished "skullstrip_first_pass", elapsed time 1.290877s.
250528-01:13:10,845 nipype.workflow INFO:
	 [Node] Setting-up "fmriprep_25_0_wf.sub_GEO067_wf.bold_ses_t3_task_retrans_run_1_wf.bold_fit_wf.enhance_and_skullstrip_bold_wf.skullstrip_first_pass" in "/work/fmriprep_25_0_wf/sub_GEO067_wf/bold_ses_t3_task_retrans_run_1_wf/bold_fit_wf/enhance_and_skullstrip_bold_wf/skullstrip_first_pass".
250528-01:13:11,318 nipype.workflow INFO:
	 [Node] Executing "skullstrip_first_pass" <nipype.interfaces.fsl.preprocess.BET>
250528-01:13:11,443 nipype.interface WARNING:
	 Changing /out/sub-GEO067/ses-t3/func/sub-GEO067_ses-t3_task-retrans_run-1_desc-coreg_boldref.nii.gz dtype from uint16 to float32
250528-01:13:11,489 nipype.workflow INFO:
	 [Node] Finished "skullstrip_first_pass", elapsed time 1.275681s.
250528-01:13:12,27 nipype.workflow INFO:
	 [Node] Setting-up "fmriprep_25_0_wf.sub_GEO067_wf.bold_ses_t2_task_image_run_1_wf.bold_fit_wf.ds_boldreg_wf.sources" in "/work/fmriprep_25_0_wf/sub_GEO067_wf/bold_ses_t2_task_image_run_1_wf/bold_fit_wf/ds_boldreg_wf/sources".
250528-01:13:12,29 nipype.workflow INFO:
	 [Node] Setting-up "fmriprep_25_0_wf.sub_GEO067_wf.bold_ses_t2_task_image_run_2_wf.bold_fit_wf.enhance_and_skullstrip_bold_wf.first_dilate" in "/work/fmriprep_25_0_wf/sub_GEO067_wf/bold_ses_t2_task_image_run_2_wf/bold_fit_wf/enhance_and_skullstrip_bold_wf/first_dilate".
250528-01:13:12,29 nipype.workflow INFO:
	 [Node] Setting-up "fmriprep_25_0_wf.sub_GEO067_wf.bold_ses_t2_task_image_run_1_wf.bold_fit_wf.enhance_and_skullstrip_bold_wf.first_dilate" in "/work/fmriprep_25_0_wf/sub_GEO067_wf/bold_ses_t2_task_image_run_1_wf/bold_fit_wf/enhance_and_skullstrip_bold_wf/first_dilate".
250528-01:13:12,29 nipype.workflow INFO:
	 [Node] Setting-up "fmriprep_25_0_wf.sub_GEO067_wf.bold_ses_t2_task_image_run_2_wf.bold_fit_wf.ds_boldreg_wf.sources" in "/work/fmriprep_25_0_wf/sub_GEO067_wf/bold_ses_t2_task_image_run_2_wf/bold_fit_wf/ds_boldreg_wf/sources".
250528-01:13:12,31 nipype.workflow INFO:
	 [Node] Setting-up "fmriprep_25_0_wf.sub_GEO067_wf.bold_ses_t2_task_image_run_1_wf.bold_std_wf.gen_ref" in "/work/fmriprep_25_0_wf/sub_GEO067_wf/bold_ses_t2_task_image_run_1_wf/bold_std_wf/_in_tuple_MNI152NLin2009cAsym.resnative/gen_ref".
250528-01:13:12,33 nipype.workflow INFO:
	 [Node] Setting-up "fmriprep_25_0_wf.sub_GEO067_wf.bold_ses_t2_task_image_run_2_wf.bold_std_wf.gen_ref" in "/work/fmriprep_25_0_wf/sub_GEO067_wf/bold_ses_t2_task_image_run_2_wf/bold_std_wf/_in_tuple_MNI152NLin2009cAsym.resnative/gen_ref".
250528-01:13:12,553 nipype.workflow INFO:
	 [Node] Executing "first_dilate" <niworkflows.interfaces.nibabel.BinaryDilation>
250528-01:13:12,553 nipype.workflow INFO:
	 [Node] Executing "first_dilate" <niworkflows.interfaces.nibabel.BinaryDilation>
250528-01:13:12,692 nipype.workflow INFO:
	 [Node] Finished "skullstrip_first_pass", elapsed time 1.3735680000000001s.
250528-01:13:12,861 nipype.workflow INFO:
	 [Node] Executing "gen_ref" <niworkflows.interfaces.nibabel.GenerateSamplingReference>
250528-01:13:12,929 nipype.workflow INFO:
	 [Node] Executing "sources" <fmriprep.interfaces.bids.BIDSURI>
250528-01:13:12,930 nipype.workflow INFO:
	 [Node] Finished "sources", elapsed time 0.000542s.
250528-01:13:12,936 nipype.workflow INFO:
	 [Node] Executing "sources" <fmriprep.interfaces.bids.BIDSURI>
250528-01:13:12,938 nipype.workflow INFO:
	 [Node] Finished "sources", elapsed time 0.00052s.
250528-01:13:12,972 nipype.workflow INFO:
	 [Node] Executing "gen_ref" <niworkflows.interfaces.nibabel.GenerateSamplingReference>
250528-01:13:13,94 nipype.workflow INFO:
	 [Node] Finished "first_dilate", elapsed time 0.539929s.
250528-01:13:13,102 nipype.workflow INFO:
	 [Node] Finished "first_dilate", elapsed time 0.548053s.
250528-01:13:13,115 nipype.workflow INFO:
	 [Node] Setting-up "fmriprep_25_0_wf.sub_GEO067_wf.bold_ses_t2_task_image_run_3_wf.bold_fit_wf.enhance_and_skullstrip_bold_wf.first_dilate" in "/work/fmriprep_25_0_wf/sub_GEO067_wf/bold_ses_t2_task_image_run_3_wf/bold_fit_wf/enhance_and_skullstrip_bold_wf/first_dilate".
250528-01:13:13,385 nipype.workflow INFO:
	 [Node] Executing "first_dilate" <niworkflows.interfaces.nibabel.BinaryDilation>
250528-01:13:13,660 nipype.workflow INFO:
	 [Node] Finished "first_dilate", elapsed time 0.274421s.
250528-01:13:13,957 nipype.workflow INFO:
	 [Node] Finished "gen_ref", elapsed time 0.98401s.
250528-01:13:13,968 nipype.workflow INFO:
	 [Node] Finished "gen_ref", elapsed time 1.106036s.
250528-01:13:15,108 nipype.workflow INFO:
	 [Node] Setting-up "fmriprep_25_0_wf.sub_GEO067_wf.bold_ses_t2_task_image_run_3_wf.bold_fit_wf.ds_boldreg_wf.sources" in "/work/fmriprep_25_0_wf/sub_GEO067_wf/bold_ses_t2_task_image_run_3_wf/bold_fit_wf/ds_boldreg_wf/sources".
250528-01:13:15,114 nipype.workflow INFO:
	 [Node] Setting-up "fmriprep_25_0_wf.sub_GEO067_wf.bold_ses_t2_task_image_run_1_wf.bold_native_wf.boldref_bold" in "/work/fmriprep_25_0_wf/sub_GEO067_wf/bold_ses_t2_task_image_run_1_wf/bold_native_wf/boldref_bold".
250528-01:13:15,433 nipype.workflow INFO:
	 [Node] Executing "boldref_bold" <fmriprep.interfaces.resampling.ResampleSeries>
250528-01:13:15,519 nipype.workflow INFO:
	 [Node] Executing "sources" <fmriprep.interfaces.bids.BIDSURI>
250528-01:13:15,520 nipype.workflow INFO:
	 [Node] Finished "sources", elapsed time 0.000564s.
250528-01:13:17,101 nipype.workflow INFO:
	 [Node] Setting-up "fmriprep_25_0_wf.sub_GEO067_wf.bold_ses_t2_task_image_run_3_wf.bold_std_wf.gen_ref" in "/work/fmriprep_25_0_wf/sub_GEO067_wf/bold_ses_t2_task_image_run_3_wf/bold_std_wf/_in_tuple_MNI152NLin2009cAsym.resnative/gen_ref".
250528-01:13:17,411 nipype.workflow INFO:
	 [Node] Executing "gen_ref" <niworkflows.interfaces.nibabel.GenerateSamplingReference>
250528-01:13:18,349 nipype.workflow INFO:
	 [Node] Finished "gen_ref", elapsed time 0.936505s.
250528-01:13:19,121 nipype.workflow INFO:
	 [Node] Setting-up "fmriprep_25_0_wf.sub_GEO067_wf.bold_ses_t2_task_image_run_4_wf.bold_fit_wf.enhance_and_skullstrip_bold_wf.first_dilate" in "/work/fmriprep_25_0_wf/sub_GEO067_wf/bold_ses_t2_task_image_run_4_wf/bold_fit_wf/enhance_and_skullstrip_bold_wf/first_dilate".
250528-01:13:19,589 nipype.workflow INFO:
	 [Node] Executing "first_dilate" <niworkflows.interfaces.nibabel.BinaryDilation>
250528-01:13:19,905 nipype.workflow INFO:
	 [Node] Finished "first_dilate", elapsed time 0.311365s.
250528-01:13:21,113 nipype.workflow INFO:
	 [Node] Setting-up "fmriprep_25_0_wf.sub_GEO067_wf.bold_ses_t2_task_image_run_4_wf.bold_fit_wf.ds_boldreg_wf.sources" in "/work/fmriprep_25_0_wf/sub_GEO067_wf/bold_ses_t2_task_image_run_4_wf/bold_fit_wf/ds_boldreg_wf/sources".
250528-01:13:21,591 nipype.workflow INFO:
	 [Node] Executing "sources" <fmriprep.interfaces.bids.BIDSURI>
250528-01:13:21,624 nipype.workflow INFO:
	 [Node] Finished "sources", elapsed time 0.01113s.
250528-01:13:23,116 nipype.workflow INFO:
	 [Node] Setting-up "fmriprep_25_0_wf.sub_GEO067_wf.bold_ses_t2_task_image_run_4_wf.bold_std_wf.gen_ref" in "/work/fmriprep_25_0_wf/sub_GEO067_wf/bold_ses_t2_task_image_run_4_wf/bold_std_wf/_in_tuple_MNI152NLin2009cAsym.resnative/gen_ref".
250528-01:13:23,555 nipype.workflow INFO:
	 [Node] Executing "gen_ref" <niworkflows.interfaces.nibabel.GenerateSamplingReference>
250528-01:13:24,441 nipype.workflow INFO:
	 [Node] Finished "gen_ref", elapsed time 0.885243s.
250528-01:13:25,156 nipype.workflow INFO:
	 [Node] Setting-up "fmriprep_25_0_wf.sub_GEO067_wf.bold_ses_t2_task_image_run_5_wf.bold_fit_wf.enhance_and_skullstrip_bold_wf.first_dilate" in "/work/fmriprep_25_0_wf/sub_GEO067_wf/bold_ses_t2_task_image_run_5_wf/bold_fit_wf/enhance_and_skullstrip_bold_wf/first_dilate".
250528-01:13:25,510 nipype.workflow INFO:
	 [Node] Executing "first_dilate" <niworkflows.interfaces.nibabel.BinaryDilation>
250528-01:13:25,791 nipype.workflow INFO:
	 [Node] Finished "first_dilate", elapsed time 0.279394s.
250528-01:13:27,124 nipype.workflow INFO:
	 [Node] Setting-up "fmriprep_25_0_wf.sub_GEO067_wf.bold_ses_t2_task_image_run_5_wf.bold_fit_wf.ds_boldreg_wf.sources" in "/work/fmriprep_25_0_wf/sub_GEO067_wf/bold_ses_t2_task_image_run_5_wf/bold_fit_wf/ds_boldreg_wf/sources".
250528-01:13:27,469 nipype.workflow INFO:
	 [Node] Executing "sources" <fmriprep.interfaces.bids.BIDSURI>
250528-01:13:27,488 nipype.workflow INFO:
	 [Node] Finished "sources", elapsed time 0.008094s.
250528-01:13:29,118 nipype.workflow INFO:
	 [Node] Setting-up "fmriprep_25_0_wf.sub_GEO067_wf.bold_ses_t2_task_image_run_5_wf.bold_std_wf.gen_ref" in "/work/fmriprep_25_0_wf/sub_GEO067_wf/bold_ses_t2_task_image_run_5_wf/bold_std_wf/_in_tuple_MNI152NLin2009cAsym.resnative/gen_ref".
250528-01:13:29,459 nipype.workflow INFO:
	 [Node] Executing "gen_ref" <niworkflows.interfaces.nibabel.GenerateSamplingReference>
250528-01:13:30,336 nipype.workflow INFO:
	 [Node] Finished "gen_ref", elapsed time 0.875955s.
250528-01:13:31,107 nipype.workflow INFO:
	 [Node] Setting-up "fmriprep_25_0_wf.sub_GEO067_wf.bold_ses_t3_task_image_run_1_wf.bold_fit_wf.enhance_and_skullstrip_bold_wf.first_dilate" in "/work/fmriprep_25_0_wf/sub_GEO067_wf/bold_ses_t3_task_image_run_1_wf/bold_fit_wf/enhance_and_skullstrip_bold_wf/first_dilate".
250528-01:13:31,364 nipype.workflow INFO:
	 [Node] Executing "first_dilate" <niworkflows.interfaces.nibabel.BinaryDilation>
250528-01:13:31,629 nipype.workflow INFO:
	 [Node] Finished "first_dilate", elapsed time 0.263781s.
250528-01:13:33,112 nipype.workflow INFO:
	 [Node] Setting-up "fmriprep_25_0_wf.sub_GEO067_wf.bold_ses_t3_task_image_run_1_wf.bold_fit_wf.ds_boldreg_wf.sources" in "/work/fmriprep_25_0_wf/sub_GEO067_wf/bold_ses_t3_task_image_run_1_wf/bold_fit_wf/ds_boldreg_wf/sources".
250528-01:13:33,463 nipype.workflow INFO:
	 [Node] Executing "sources" <fmriprep.interfaces.bids.BIDSURI>
250528-01:13:33,464 nipype.workflow INFO:
	 [Node] Finished "sources", elapsed time 0.000565s.
250528-01:13:35,117 nipype.workflow INFO:
	 [Node] Setting-up "fmriprep_25_0_wf.sub_GEO067_wf.bold_ses_t3_task_image_run_1_wf.bold_std_wf.gen_ref" in "/work/fmriprep_25_0_wf/sub_GEO067_wf/bold_ses_t3_task_image_run_1_wf/bold_std_wf/_in_tuple_MNI152NLin2009cAsym.resnative/gen_ref".
250528-01:13:35,489 nipype.workflow INFO:
	 [Node] Executing "gen_ref" <niworkflows.interfaces.nibabel.GenerateSamplingReference>
250528-01:13:36,308 nipype.workflow INFO:
	 [Node] Finished "gen_ref", elapsed time 0.818428s.
250528-01:13:37,123 nipype.workflow INFO:
	 [Node] Setting-up "fmriprep_25_0_wf.sub_GEO067_wf.bold_ses_t3_task_image_run_2_wf.bold_fit_wf.enhance_and_skullstrip_bold_wf.first_dilate" in "/work/fmriprep_25_0_wf/sub_GEO067_wf/bold_ses_t3_task_image_run_2_wf/bold_fit_wf/enhance_and_skullstrip_bold_wf/first_dilate".
250528-01:13:37,417 nipype.workflow INFO:
	 [Node] Executing "first_dilate" <niworkflows.interfaces.nibabel.BinaryDilation>
250528-01:13:37,684 nipype.workflow INFO:
	 [Node] Finished "first_dilate", elapsed time 0.265862s.
250528-01:13:39,104 nipype.workflow INFO:
	 [Node] Setting-up "fmriprep_25_0_wf.sub_GEO067_wf.bold_ses_t3_task_image_run_2_wf.bold_fit_wf.ds_boldreg_wf.sources" in "/work/fmriprep_25_0_wf/sub_GEO067_wf/bold_ses_t3_task_image_run_2_wf/bold_fit_wf/ds_boldreg_wf/sources".
250528-01:13:39,519 nipype.workflow INFO:
	 [Node] Executing "sources" <fmriprep.interfaces.bids.BIDSURI>
250528-01:13:39,523 nipype.workflow INFO:
	 [Node] Finished "sources", elapsed time 0.001113s.
250528-01:13:41,117 nipype.workflow INFO:
	 [Node] Setting-up "fmriprep_25_0_wf.sub_GEO067_wf.bold_ses_t3_task_image_run_2_wf.bold_std_wf.gen_ref" in "/work/fmriprep_25_0_wf/sub_GEO067_wf/bold_ses_t3_task_image_run_2_wf/bold_std_wf/_in_tuple_MNI152NLin2009cAsym.resnative/gen_ref".
250528-01:13:41,461 nipype.workflow INFO:
	 [Node] Executing "gen_ref" <niworkflows.interfaces.nibabel.GenerateSamplingReference>
250528-01:13:42,139 nipype.workflow INFO:
	 [Node] Finished "gen_ref", elapsed time 0.676725s.
250528-01:13:43,117 nipype.workflow INFO:
	 [Node] Setting-up "fmriprep_25_0_wf.sub_GEO067_wf.bold_ses_t3_task_image_run_3_wf.bold_fit_wf.enhance_and_skullstrip_bold_wf.first_dilate" in "/work/fmriprep_25_0_wf/sub_GEO067_wf/bold_ses_t3_task_image_run_3_wf/bold_fit_wf/enhance_and_skullstrip_bold_wf/first_dilate".
250528-01:13:43,451 nipype.workflow INFO:
	 [Node] Executing "first_dilate" <niworkflows.interfaces.nibabel.BinaryDilation>
250528-01:13:43,752 nipype.workflow INFO:
	 [Node] Finished "first_dilate", elapsed time 0.300179s.
250528-01:13:45,114 nipype.workflow INFO:
	 [Node] Setting-up "fmriprep_25_0_wf.sub_GEO067_wf.bold_ses_t3_task_image_run_3_wf.bold_fit_wf.ds_boldreg_wf.sources" in "/work/fmriprep_25_0_wf/sub_GEO067_wf/bold_ses_t3_task_image_run_3_wf/bold_fit_wf/ds_boldreg_wf/sources".
250528-01:13:45,722 nipype.workflow INFO:
	 [Node] Executing "sources" <fmriprep.interfaces.bids.BIDSURI>
250528-01:13:45,723 nipype.workflow INFO:
	 [Node] Finished "sources", elapsed time 0.000595s.
250528-01:13:47,129 nipype.workflow INFO:
	 [Node] Setting-up "fmriprep_25_0_wf.sub_GEO067_wf.bold_ses_t3_task_image_run_3_wf.bold_std_wf.gen_ref" in "/work/fmriprep_25_0_wf/sub_GEO067_wf/bold_ses_t3_task_image_run_3_wf/bold_std_wf/_in_tuple_MNI152NLin2009cAsym.resnative/gen_ref".
250528-01:13:47,609 nipype.workflow INFO:
	 [Node] Executing "gen_ref" <niworkflows.interfaces.nibabel.GenerateSamplingReference>
250528-01:13:48,407 nipype.workflow INFO:
	 [Node] Finished "gen_ref", elapsed time 0.797099s.
250528-01:13:49,138 nipype.workflow INFO:
	 [Node] Setting-up "fmriprep_25_0_wf.sub_GEO067_wf.bold_ses_t3_task_image_run_4_wf.bold_fit_wf.enhance_and_skullstrip_bold_wf.first_dilate" in "/work/fmriprep_25_0_wf/sub_GEO067_wf/bold_ses_t3_task_image_run_4_wf/bold_fit_wf/enhance_and_skullstrip_bold_wf/first_dilate".
250528-01:13:49,757 nipype.workflow INFO:
	 [Node] Executing "first_dilate" <niworkflows.interfaces.nibabel.BinaryDilation>
250528-01:13:50,34 nipype.workflow INFO:
	 [Node] Finished "first_dilate", elapsed time 0.275332s.
250528-01:13:51,113 nipype.workflow INFO:
	 [Node] Setting-up "fmriprep_25_0_wf.sub_GEO067_wf.bold_ses_t3_task_image_run_4_wf.bold_fit_wf.ds_boldreg_wf.sources" in "/work/fmriprep_25_0_wf/sub_GEO067_wf/bold_ses_t3_task_image_run_4_wf/bold_fit_wf/ds_boldreg_wf/sources".
250528-01:13:51,412 nipype.workflow INFO:
	 [Node] Executing "sources" <fmriprep.interfaces.bids.BIDSURI>
250528-01:13:51,414 nipype.workflow INFO:
	 [Node] Finished "sources", elapsed time 0.000591s.
250528-01:13:52,957 nipype.workflow INFO:
	 [Node] Finished "boldref_bold", elapsed time 37.523864s.
250528-01:13:53,114 nipype.workflow INFO:
	 [Node] Setting-up "fmriprep_25_0_wf.sub_GEO067_wf.bold_ses_t3_task_image_run_4_wf.bold_std_wf.gen_ref" in "/work/fmriprep_25_0_wf/sub_GEO067_wf/bold_ses_t3_task_image_run_4_wf/bold_std_wf/_in_tuple_MNI152NLin2009cAsym.resnative/gen_ref".
250528-01:13:53,455 nipype.workflow INFO:
	 [Node] Executing "gen_ref" <niworkflows.interfaces.nibabel.GenerateSamplingReference>
250528-01:13:54,139 nipype.workflow INFO:
	 [Node] Finished "gen_ref", elapsed time 0.683025s.
250528-01:13:55,120 nipype.workflow INFO:
	 [Node] Setting-up "fmriprep_25_0_wf.sub_GEO067_wf.bold_ses_t2_task_image_run_2_wf.bold_native_wf.boldref_bold" in "/work/fmriprep_25_0_wf/sub_GEO067_wf/bold_ses_t2_task_image_run_2_wf/bold_native_wf/boldref_bold".
250528-01:13:55,129 nipype.workflow INFO:
	 [Node] Setting-up "fmriprep_25_0_wf.sub_GEO067_wf.bold_ses_t3_task_image_run_5_wf.bold_fit_wf.enhance_and_skullstrip_bold_wf.first_dilate" in "/work/fmriprep_25_0_wf/sub_GEO067_wf/bold_ses_t3_task_image_run_5_wf/bold_fit_wf/enhance_and_skullstrip_bold_wf/first_dilate".
250528-01:13:55,453 nipype.workflow INFO:
	 [Node] Executing "boldref_bold" <fmriprep.interfaces.resampling.ResampleSeries>
250528-01:13:55,455 nipype.workflow INFO:
	 [Node] Executing "first_dilate" <niworkflows.interfaces.nibabel.BinaryDilation>
250528-01:13:55,748 nipype.workflow INFO:
	 [Node] Finished "first_dilate", elapsed time 0.291874s.
250528-01:13:57,103 nipype.workflow INFO:
	 [Node] Setting-up "fmriprep_25_0_wf.sub_GEO067_wf.bold_ses_t3_task_image_run_5_wf.bold_fit_wf.ds_boldreg_wf.sources" in "/work/fmriprep_25_0_wf/sub_GEO067_wf/bold_ses_t3_task_image_run_5_wf/bold_fit_wf/ds_boldreg_wf/sources".
250528-01:13:57,556 nipype.workflow INFO:
	 [Node] Executing "sources" <fmriprep.interfaces.bids.BIDSURI>
250528-01:13:57,558 nipype.workflow INFO:
	 [Node] Finished "sources", elapsed time 0.000596s.
250528-01:13:59,154 nipype.workflow INFO:
	 [Node] Setting-up "fmriprep_25_0_wf.sub_GEO067_wf.bold_ses_t3_task_image_run_5_wf.bold_std_wf.gen_ref" in "/work/fmriprep_25_0_wf/sub_GEO067_wf/bold_ses_t3_task_image_run_5_wf/bold_std_wf/_in_tuple_MNI152NLin2009cAsym.resnative/gen_ref".
250528-01:13:59,475 nipype.workflow INFO:
	 [Node] Executing "gen_ref" <niworkflows.interfaces.nibabel.GenerateSamplingReference>
250528-01:14:00,250 nipype.workflow INFO:
	 [Node] Finished "gen_ref", elapsed time 0.773669s.
250528-01:14:01,162 nipype.workflow INFO:
	 [Node] Setting-up "fmriprep_25_0_wf.sub_GEO067_wf.bold_ses_t3_task_retrans_run_1_wf.bold_fit_wf.enhance_and_skullstrip_bold_wf.first_dilate" in "/work/fmriprep_25_0_wf/sub_GEO067_wf/bold_ses_t3_task_retrans_run_1_wf/bold_fit_wf/enhance_and_skullstrip_bold_wf/first_dilate".
250528-01:14:01,561 nipype.workflow INFO:
	 [Node] Executing "first_dilate" <niworkflows.interfaces.nibabel.BinaryDilation>
250528-01:14:01,797 nipype.workflow INFO:
	 [Node] Finished "first_dilate", elapsed time 0.234742s.
250528-01:14:03,120 nipype.workflow INFO:
	 [Node] Setting-up "fmriprep_25_0_wf.sub_GEO067_wf.bold_ses_t3_task_retrans_run_1_wf.bold_fit_wf.ds_boldreg_wf.sources" in "/work/fmriprep_25_0_wf/sub_GEO067_wf/bold_ses_t3_task_retrans_run_1_wf/bold_fit_wf/ds_boldreg_wf/sources".
250528-01:14:03,433 nipype.workflow INFO:
	 [Node] Executing "sources" <fmriprep.interfaces.bids.BIDSURI>
250528-01:14:03,435 nipype.workflow INFO:
	 [Node] Finished "sources", elapsed time 0.000565s.
250528-01:14:05,121 nipype.workflow INFO:
	 [Node] Setting-up "fmriprep_25_0_wf.sub_GEO067_wf.bold_ses_t3_task_retrans_run_1_wf.bold_std_wf.gen_ref" in "/work/fmriprep_25_0_wf/sub_GEO067_wf/bold_ses_t3_task_retrans_run_1_wf/bold_std_wf/_in_tuple_MNI152NLin2009cAsym.resnative/gen_ref".
250528-01:14:05,627 nipype.workflow INFO:
	 [Node] Executing "gen_ref" <niworkflows.interfaces.nibabel.GenerateSamplingReference>
250528-01:14:06,427 nipype.workflow INFO:
	 [Node] Finished "gen_ref", elapsed time 0.798558s.
250528-01:14:07,125 nipype.workflow INFO:
	 [Node] Setting-up "fmriprep_25_0_wf.sub_GEO067_wf.bold_ses_t2_task_image_run_1_wf.bold_fit_wf.enhance_and_skullstrip_bold_wf.first_mask" in "/work/fmriprep_25_0_wf/sub_GEO067_wf/bold_ses_t2_task_image_run_1_wf/bold_fit_wf/enhance_and_skullstrip_bold_wf/first_mask".
250528-01:14:07,379 nipype.workflow INFO:
	 [Node] Executing "first_mask" <niworkflows.interfaces.nibabel.ApplyMask>
250528-01:14:07,464 nipype.workflow INFO:
	 [Node] Finished "first_mask", elapsed time 0.084131s.
250528-01:14:09,108 nipype.workflow INFO:
	 [Node] Setting-up "fmriprep_25_0_wf.sub_GEO067_wf.bold_ses_t2_task_image_run_2_wf.bold_fit_wf.enhance_and_skullstrip_bold_wf.first_mask" in "/work/fmriprep_25_0_wf/sub_GEO067_wf/bold_ses_t2_task_image_run_2_wf/bold_fit_wf/enhance_and_skullstrip_bold_wf/first_mask".
250528-01:14:09,423 nipype.workflow INFO:
	 [Node] Executing "first_mask" <niworkflows.interfaces.nibabel.ApplyMask>
250528-01:14:09,505 nipype.workflow INFO:
	 [Node] Finished "first_mask", elapsed time 0.081198s.
250528-01:14:11,118 nipype.workflow INFO:
	 [Node] Setting-up "fmriprep_25_0_wf.sub_GEO067_wf.bold_ses_t2_task_image_run_3_wf.bold_fit_wf.enhance_and_skullstrip_bold_wf.first_mask" in "/work/fmriprep_25_0_wf/sub_GEO067_wf/bold_ses_t2_task_image_run_3_wf/bold_fit_wf/enhance_and_skullstrip_bold_wf/first_mask".
250528-01:14:11,407 nipype.workflow INFO:
	 [Node] Executing "first_mask" <niworkflows.interfaces.nibabel.ApplyMask>
250528-01:14:11,490 nipype.workflow INFO:
	 [Node] Finished "first_mask", elapsed time 0.08258s.
250528-01:14:13,120 nipype.workflow INFO:
	 [Node] Setting-up "fmriprep_25_0_wf.sub_GEO067_wf.bold_ses_t2_task_image_run_4_wf.bold_fit_wf.enhance_and_skullstrip_bold_wf.first_mask" in "/work/fmriprep_25_0_wf/sub_GEO067_wf/bold_ses_t2_task_image_run_4_wf/bold_fit_wf/enhance_and_skullstrip_bold_wf/first_mask".
250528-01:14:13,602 nipype.workflow INFO:
	 [Node] Executing "first_mask" <niworkflows.interfaces.nibabel.ApplyMask>
250528-01:14:13,702 nipype.workflow INFO:
	 [Node] Finished "first_mask", elapsed time 0.098863s.
250528-01:14:15,122 nipype.workflow INFO:
	 [Node] Setting-up "fmriprep_25_0_wf.sub_GEO067_wf.bold_ses_t2_task_image_run_5_wf.bold_fit_wf.enhance_and_skullstrip_bold_wf.first_mask" in "/work/fmriprep_25_0_wf/sub_GEO067_wf/bold_ses_t2_task_image_run_5_wf/bold_fit_wf/enhance_and_skullstrip_bold_wf/first_mask".
250528-01:14:15,452 nipype.workflow INFO:
	 [Node] Executing "first_mask" <niworkflows.interfaces.nibabel.ApplyMask>
250528-01:14:15,783 nipype.workflow INFO:
	 [Node] Finished "first_mask", elapsed time 0.330462s.
250528-01:14:17,135 nipype.workflow INFO:
	 [Node] Setting-up "fmriprep_25_0_wf.sub_GEO067_wf.bold_ses_t3_task_image_run_1_wf.bold_fit_wf.enhance_and_skullstrip_bold_wf.first_mask" in "/work/fmriprep_25_0_wf/sub_GEO067_wf/bold_ses_t3_task_image_run_1_wf/bold_fit_wf/enhance_and_skullstrip_bold_wf/first_mask".
250528-01:14:17,552 nipype.workflow INFO:
	 [Node] Executing "first_mask" <niworkflows.interfaces.nibabel.ApplyMask>
250528-01:14:17,640 nipype.workflow INFO:
	 [Node] Finished "first_mask", elapsed time 0.087153s.
250528-01:14:19,120 nipype.workflow INFO:
	 [Node] Setting-up "fmriprep_25_0_wf.sub_GEO067_wf.bold_ses_t3_task_image_run_2_wf.bold_fit_wf.enhance_and_skullstrip_bold_wf.first_mask" in "/work/fmriprep_25_0_wf/sub_GEO067_wf/bold_ses_t3_task_image_run_2_wf/bold_fit_wf/enhance_and_skullstrip_bold_wf/first_mask".
250528-01:14:19,330 nipype.workflow INFO:
	 [Node] Executing "first_mask" <niworkflows.interfaces.nibabel.ApplyMask>
250528-01:14:19,407 nipype.workflow INFO:
	 [Node] Finished "first_mask", elapsed time 0.074706s.
250528-01:14:21,120 nipype.workflow INFO:
	 [Node] Setting-up "fmriprep_25_0_wf.sub_GEO067_wf.bold_ses_t3_task_image_run_3_wf.bold_fit_wf.enhance_and_skullstrip_bold_wf.first_mask" in "/work/fmriprep_25_0_wf/sub_GEO067_wf/bold_ses_t3_task_image_run_3_wf/bold_fit_wf/enhance_and_skullstrip_bold_wf/first_mask".
250528-01:14:21,595 nipype.workflow INFO:
	 [Node] Executing "first_mask" <niworkflows.interfaces.nibabel.ApplyMask>
250528-01:14:21,677 nipype.workflow INFO:
	 [Node] Finished "first_mask", elapsed time 0.080813s.
250528-01:14:23,109 nipype.workflow INFO:
	 [Node] Setting-up "fmriprep_25_0_wf.sub_GEO067_wf.bold_ses_t3_task_image_run_4_wf.bold_fit_wf.enhance_and_skullstrip_bold_wf.first_mask" in "/work/fmriprep_25_0_wf/sub_GEO067_wf/bold_ses_t3_task_image_run_4_wf/bold_fit_wf/enhance_and_skullstrip_bold_wf/first_mask".
250528-01:14:23,482 nipype.workflow INFO:
	 [Node] Executing "first_mask" <niworkflows.interfaces.nibabel.ApplyMask>
250528-01:14:23,588 nipype.workflow INFO:
	 [Node] Finished "first_mask", elapsed time 0.099681s.
250528-01:14:25,112 nipype.workflow INFO:
	 [Node] Setting-up "fmriprep_25_0_wf.sub_GEO067_wf.bold_ses_t3_task_image_run_5_wf.bold_fit_wf.enhance_and_skullstrip_bold_wf.first_mask" in "/work/fmriprep_25_0_wf/sub_GEO067_wf/bold_ses_t3_task_image_run_5_wf/bold_fit_wf/enhance_and_skullstrip_bold_wf/first_mask".
250528-01:14:25,509 nipype.workflow INFO:
	 [Node] Executing "first_mask" <niworkflows.interfaces.nibabel.ApplyMask>
250528-01:14:25,953 nipype.workflow INFO:
	 [Node] Finished "first_mask", elapsed time 0.442558s.
250528-01:14:27,116 nipype.workflow INFO:
	 [Node] Setting-up "fmriprep_25_0_wf.sub_GEO067_wf.bold_ses_t3_task_retrans_run_1_wf.bold_fit_wf.enhance_and_skullstrip_bold_wf.first_mask" in "/work/fmriprep_25_0_wf/sub_GEO067_wf/bold_ses_t3_task_retrans_run_1_wf/bold_fit_wf/enhance_and_skullstrip_bold_wf/first_mask".
250528-01:14:27,509 nipype.workflow INFO:
	 [Node] Executing "first_mask" <niworkflows.interfaces.nibabel.ApplyMask>
250528-01:14:27,594 nipype.workflow INFO:
	 [Node] Finished "first_mask", elapsed time 0.083792s.
250528-01:14:29,119 nipype.workflow INFO:
	 [Node] Setting-up "fmriprep_25_0_wf.sub_GEO067_wf.bold_ses_t2_task_image_run_1_wf.bold_fit_wf.enhance_and_skullstrip_bold_wf.unifize" in "/work/fmriprep_25_0_wf/sub_GEO067_wf/bold_ses_t2_task_image_run_1_wf/bold_fit_wf/enhance_and_skullstrip_bold_wf/unifize".
250528-01:14:29,437 nipype.workflow INFO:
	 [Node] Executing "unifize" <nipype.interfaces.afni.utils.Unifize>
250528-01:14:32,911 nipype.workflow INFO:
	 [Node] Finished "boldref_bold", elapsed time 37.457143s.
250528-01:14:35,140 nipype.workflow INFO:
	 [Node] Setting-up "fmriprep_25_0_wf.sub_GEO067_wf.bold_ses_t2_task_image_run_3_wf.bold_native_wf.boldref_bold" in "/work/fmriprep_25_0_wf/sub_GEO067_wf/bold_ses_t2_task_image_run_3_wf/bold_native_wf/boldref_bold".
250528-01:14:35,708 nipype.workflow INFO:
	 [Node] Executing "boldref_bold" <fmriprep.interfaces.resampling.ResampleSeries>
250528-01:15:13,511 nipype.workflow INFO:
	 [Node] Finished "boldref_bold", elapsed time 37.802285s.
250528-01:15:15,167 nipype.workflow INFO:
	 [Node] Setting-up "fmriprep_25_0_wf.sub_GEO067_wf.bold_ses_t2_task_image_run_4_wf.bold_native_wf.boldref_bold" in "/work/fmriprep_25_0_wf/sub_GEO067_wf/bold_ses_t2_task_image_run_4_wf/bold_native_wf/boldref_bold".
250528-01:15:15,652 nipype.workflow INFO:
	 [Node] Executing "boldref_bold" <fmriprep.interfaces.resampling.ResampleSeries>
250528-01:15:52,683 nipype.workflow INFO:
	 [Node] Finished "boldref_bold", elapsed time 37.022255s.
250528-01:15:53,197 nipype.workflow INFO:
	 [Node] Setting-up "fmriprep_25_0_wf.sub_GEO067_wf.bold_ses_t2_task_image_run_5_wf.bold_native_wf.boldref_bold" in "/work/fmriprep_25_0_wf/sub_GEO067_wf/bold_ses_t2_task_image_run_5_wf/bold_native_wf/boldref_bold".
250528-01:15:53,606 nipype.workflow INFO:
	 [Node] Executing "boldref_bold" <fmriprep.interfaces.resampling.ResampleSeries>
250528-01:16:32,151 nipype.workflow INFO:
	 [Node] Finished "boldref_bold", elapsed time 38.543828s.
250528-01:16:33,201 nipype.workflow INFO:
	 [Node] Setting-up "fmriprep_25_0_wf.sub_GEO067_wf.bold_ses_t3_task_image_run_1_wf.bold_native_wf.boldref_bold" in "/work/fmriprep_25_0_wf/sub_GEO067_wf/bold_ses_t3_task_image_run_1_wf/bold_native_wf/boldref_bold".
250528-01:16:33,662 nipype.workflow INFO:
	 [Node] Executing "boldref_bold" <fmriprep.interfaces.resampling.ResampleSeries>
250528-01:17:11,240 nipype.workflow INFO:
	 [Node] Finished "boldref_bold", elapsed time 37.576053s.
250528-01:17:13,216 nipype.workflow INFO:
	 [Node] Setting-up "fmriprep_25_0_wf.sub_GEO067_wf.bold_ses_t3_task_image_run_2_wf.bold_native_wf.boldref_bold" in "/work/fmriprep_25_0_wf/sub_GEO067_wf/bold_ses_t3_task_image_run_2_wf/bold_native_wf/boldref_bold".
250528-01:17:13,691 nipype.workflow INFO:
	 [Node] Executing "boldref_bold" <fmriprep.interfaces.resampling.ResampleSeries>
250528-01:17:51,782 nipype.workflow INFO:
	 [Node] Finished "boldref_bold", elapsed time 38.089738s.
250528-01:17:53,233 nipype.workflow INFO:
	 [Node] Setting-up "fmriprep_25_0_wf.sub_GEO067_wf.bold_ses_t3_task_image_run_3_wf.bold_native_wf.boldref_bold" in "/work/fmriprep_25_0_wf/sub_GEO067_wf/bold_ses_t3_task_image_run_3_wf/bold_native_wf/boldref_bold".
250528-01:17:53,693 nipype.workflow INFO:
	 [Node] Executing "boldref_bold" <fmriprep.interfaces.resampling.ResampleSeries>
250528-01:17:53,975 nipype.workflow INFO:
	 [Node] Finished "unifize", elapsed time 204.537965s.
250528-01:17:55,229 nipype.workflow INFO:
	 [Node] Setting-up "fmriprep_25_0_wf.sub_GEO067_wf.bold_ses_t2_task_image_run_2_wf.bold_fit_wf.enhance_and_skullstrip_bold_wf.unifize" in "/work/fmriprep_25_0_wf/sub_GEO067_wf/bold_ses_t2_task_image_run_2_wf/bold_fit_wf/enhance_and_skullstrip_bold_wf/unifize".
250528-01:17:55,927 nipype.workflow INFO:
	 [Node] Executing "unifize" <nipype.interfaces.afni.utils.Unifize>
250528-01:18:30,413 nipype.workflow INFO:
	 [Node] Finished "boldref_bold", elapsed time 36.714857s.
250528-01:18:31,233 nipype.workflow INFO:
	 [Node] Setting-up "fmriprep_25_0_wf.sub_GEO067_wf.bold_ses_t3_task_image_run_4_wf.bold_native_wf.boldref_bold" in "/work/fmriprep_25_0_wf/sub_GEO067_wf/bold_ses_t3_task_image_run_4_wf/bold_native_wf/boldref_bold".
250528-01:18:32,785 nipype.workflow INFO:
	 [Node] Executing "boldref_bold" <fmriprep.interfaces.resampling.ResampleSeries>
250528-01:19:09,669 nipype.workflow INFO:
	 [Node] Finished "boldref_bold", elapsed time 36.882697s.
250528-01:19:11,256 nipype.workflow INFO:
	 [Node] Setting-up "fmriprep_25_0_wf.sub_GEO067_wf.bold_ses_t3_task_image_run_5_wf.bold_native_wf.boldref_bold" in "/work/fmriprep_25_0_wf/sub_GEO067_wf/bold_ses_t3_task_image_run_5_wf/bold_native_wf/boldref_bold".
250528-01:19:11,998 nipype.workflow INFO:
	 [Node] Executing "boldref_bold" <fmriprep.interfaces.resampling.ResampleSeries>
250528-01:19:49,663 nipype.workflow INFO:
	 [Node] Finished "boldref_bold", elapsed time 37.664032s.
250528-01:19:51,261 nipype.workflow INFO:
	 [Node] Setting-up "fmriprep_25_0_wf.sub_GEO067_wf.bold_ses_t3_task_retrans_run_1_wf.bold_native_wf.boldref_bold" in "/work/fmriprep_25_0_wf/sub_GEO067_wf/bold_ses_t3_task_retrans_run_1_wf/bold_native_wf/boldref_bold".
250528-01:19:51,728 nipype.workflow INFO:
	 [Node] Executing "boldref_bold" <fmriprep.interfaces.resampling.ResampleSeries>
250528-01:20:36,814 nipype.workflow INFO:
	 [Node] Finished "boldref_bold", elapsed time 45.085245s.
250528-01:20:39,269 nipype.workflow INFO:
	 [Node] Setting-up "fmriprep_25_0_wf.sub_GEO067_wf.bold_ses_t2_task_image_run_3_wf.bold_fit_wf.enhance_and_skullstrip_bold_wf.unifize" in "/work/fmriprep_25_0_wf/sub_GEO067_wf/bold_ses_t2_task_image_run_3_wf/bold_fit_wf/enhance_and_skullstrip_bold_wf/unifize".
250528-01:20:39,283 nipype.workflow INFO:
	 [Node] Setting-up "fmriprep_25_0_wf.sub_GEO067_wf.bold_ses_t2_task_image_run_4_wf.bold_fit_wf.enhance_and_skullstrip_bold_wf.unifize" in "/work/fmriprep_25_0_wf/sub_GEO067_wf/bold_ses_t2_task_image_run_4_wf/bold_fit_wf/enhance_and_skullstrip_bold_wf/unifize".
250528-01:20:39,299 nipype.workflow INFO:
	 [Node] Setting-up "fmriprep_25_0_wf.sub_GEO067_wf.bold_ses_t2_task_image_run_5_wf.bold_fit_wf.enhance_and_skullstrip_bold_wf.unifize" in "/work/fmriprep_25_0_wf/sub_GEO067_wf/bold_ses_t2_task_image_run_5_wf/bold_fit_wf/enhance_and_skullstrip_bold_wf/unifize".
250528-01:20:39,311 nipype.workflow INFO:
	 [Node] Setting-up "fmriprep_25_0_wf.sub_GEO067_wf.bold_ses_t3_task_image_run_1_wf.bold_fit_wf.enhance_and_skullstrip_bold_wf.unifize" in "/work/fmriprep_25_0_wf/sub_GEO067_wf/bold_ses_t3_task_image_run_1_wf/bold_fit_wf/enhance_and_skullstrip_bold_wf/unifize".
250528-01:20:39,323 nipype.workflow INFO:
	 [Node] Setting-up "fmriprep_25_0_wf.sub_GEO067_wf.bold_ses_t3_task_image_run_2_wf.bold_fit_wf.enhance_and_skullstrip_bold_wf.unifize" in "/work/fmriprep_25_0_wf/sub_GEO067_wf/bold_ses_t3_task_image_run_2_wf/bold_fit_wf/enhance_and_skullstrip_bold_wf/unifize".
250528-01:20:39,343 nipype.workflow INFO:
	 [Node] Setting-up "fmriprep_25_0_wf.sub_GEO067_wf.bold_ses_t3_task_image_run_3_wf.bold_fit_wf.enhance_and_skullstrip_bold_wf.unifize" in "/work/fmriprep_25_0_wf/sub_GEO067_wf/bold_ses_t3_task_image_run_3_wf/bold_fit_wf/enhance_and_skullstrip_bold_wf/unifize".
250528-01:20:39,355 nipype.workflow INFO:
	 [Node] Setting-up "fmriprep_25_0_wf.sub_GEO067_wf.bold_ses_t3_task_image_run_4_wf.bold_fit_wf.enhance_and_skullstrip_bold_wf.unifize" in "/work/fmriprep_25_0_wf/sub_GEO067_wf/bold_ses_t3_task_image_run_4_wf/bold_fit_wf/enhance_and_skullstrip_bold_wf/unifize".
250528-01:20:39,761 nipype.workflow INFO:
	 [Node] Executing "unifize" <nipype.interfaces.afni.utils.Unifize>
250528-01:20:39,796 nipype.workflow INFO:
	 [Node] Executing "unifize" <nipype.interfaces.afni.utils.Unifize>
250528-01:20:39,884 nipype.workflow INFO:
	 [Node] Executing "unifize" <nipype.interfaces.afni.utils.Unifize>
250528-01:20:39,892 nipype.workflow INFO:
	 [Node] Executing "unifize" <nipype.interfaces.afni.utils.Unifize>
250528-01:20:39,896 nipype.workflow INFO:
	 [Node] Executing "unifize" <nipype.interfaces.afni.utils.Unifize>
250528-01:20:39,900 nipype.workflow INFO:
	 [Node] Executing "unifize" <nipype.interfaces.afni.utils.Unifize>
250528-01:20:40,93 nipype.workflow INFO:
	 [Node] Executing "unifize" <nipype.interfaces.afni.utils.Unifize>
250528-01:21:20,538 nipype.workflow INFO:
	 [Node] Finished "unifize", elapsed time 204.610264s.
250528-01:21:23,294 nipype.workflow INFO:
	 [Node] Setting-up "fmriprep_25_0_wf.sub_GEO067_wf.bold_ses_t3_task_image_run_5_wf.bold_fit_wf.enhance_and_skullstrip_bold_wf.unifize" in "/work/fmriprep_25_0_wf/sub_GEO067_wf/bold_ses_t3_task_image_run_5_wf/bold_fit_wf/enhance_and_skullstrip_bold_wf/unifize".
250528-01:21:24,412 nipype.workflow INFO:
	 [Node] Executing "unifize" <nipype.interfaces.afni.utils.Unifize>
250528-01:24:05,41 nipype.workflow INFO:
	 [Node] Finished "unifize", elapsed time 205.144421s.
250528-01:24:05,473 nipype.workflow INFO:
	 [Node] Finished "unifize", elapsed time 205.580272s.
250528-01:24:05,571 nipype.workflow INFO:
	 [Node] Finished "unifize", elapsed time 205.774852s.
250528-01:24:05,609 nipype.workflow INFO:
	 [Node] Setting-up "fmriprep_25_0_wf.sub_GEO067_wf.bold_ses_t3_task_retrans_run_1_wf.bold_fit_wf.enhance_and_skullstrip_bold_wf.unifize" in "/work/fmriprep_25_0_wf/sub_GEO067_wf/bold_ses_t3_task_retrans_run_1_wf/bold_fit_wf/enhance_and_skullstrip_bold_wf/unifize".
250528-01:24:06,359 nipype.workflow INFO:
	 [Node] Finished "unifize", elapsed time 206.596961s.
250528-01:24:06,849 nipype.workflow INFO:
	 [Node] Executing "unifize" <nipype.interfaces.afni.utils.Unifize>
250528-01:24:07,576 nipype.workflow INFO:
	 [Node] Setting-up "fmriprep_25_0_wf.sub_GEO067_wf.bold_ses_t2_task_image_run_1_wf.bold_fit_wf.enhance_and_skullstrip_bold_wf.fixhdr_unifize" in "/work/fmriprep_25_0_wf/sub_GEO067_wf/bold_ses_t2_task_image_run_1_wf/bold_fit_wf/enhance_and_skullstrip_bold_wf/fixhdr_unifize".
250528-01:24:07,600 nipype.workflow INFO:
	 [Node] Setting-up "fmriprep_25_0_wf.sub_GEO067_wf.bold_ses_t2_task_image_run_2_wf.bold_fit_wf.enhance_and_skullstrip_bold_wf.fixhdr_unifize" in "/work/fmriprep_25_0_wf/sub_GEO067_wf/bold_ses_t2_task_image_run_2_wf/bold_fit_wf/enhance_and_skullstrip_bold_wf/fixhdr_unifize".
250528-01:24:07,601 nipype.workflow INFO:
	 [Node] Setting-up "fmriprep_25_0_wf.sub_GEO067_wf.bold_ses_t2_task_image_run_3_wf.bold_fit_wf.enhance_and_skullstrip_bold_wf.fixhdr_unifize" in "/work/fmriprep_25_0_wf/sub_GEO067_wf/bold_ses_t2_task_image_run_3_wf/bold_fit_wf/enhance_and_skullstrip_bold_wf/fixhdr_unifize".
250528-01:24:08,447 nipype.workflow INFO:
	 [Node] Executing "fixhdr_unifize" <niworkflows.interfaces.header.CopyXForm>
250528-01:24:08,464 nipype.workflow INFO:
	 [Node] Executing "fixhdr_unifize" <niworkflows.interfaces.header.CopyXForm>
250528-01:24:08,667 nipype.workflow INFO:
	 [Node] Finished "fixhdr_unifize", elapsed time 0.218185s.
250528-01:24:08,669 nipype.workflow INFO:
	 [Node] Executing "fixhdr_unifize" <niworkflows.interfaces.header.CopyXForm>
250528-01:24:08,764 nipype.workflow INFO:
	 [Node] Finished "fixhdr_unifize", elapsed time 0.299192s.
250528-01:24:08,825 nipype.workflow INFO:
	 [Node] Finished "fixhdr_unifize", elapsed time 0.154882s.
250528-01:24:09,558 nipype.workflow INFO:
	 [Node] Setting-up "fmriprep_25_0_wf.sub_GEO067_wf.bold_ses_t2_task_image_run_4_wf.bold_fit_wf.enhance_and_skullstrip_bold_wf.fixhdr_unifize" in "/work/fmriprep_25_0_wf/sub_GEO067_wf/bold_ses_t2_task_image_run_4_wf/bold_fit_wf/enhance_and_skullstrip_bold_wf/fixhdr_unifize".
250528-01:24:09,559 nipype.workflow INFO:
	 [Node] Setting-up "fmriprep_25_0_wf.sub_GEO067_wf.bold_ses_t2_task_image_run_5_wf.bold_fit_wf.enhance_and_skullstrip_bold_wf.fixhdr_unifize" in "/work/fmriprep_25_0_wf/sub_GEO067_wf/bold_ses_t2_task_image_run_5_wf/bold_fit_wf/enhance_and_skullstrip_bold_wf/fixhdr_unifize".
250528-01:24:09,560 nipype.workflow INFO:
	 [Node] Setting-up "fmriprep_25_0_wf.sub_GEO067_wf.bold_ses_t3_task_image_run_1_wf.bold_fit_wf.enhance_and_skullstrip_bold_wf.fixhdr_unifize" in "/work/fmriprep_25_0_wf/sub_GEO067_wf/bold_ses_t3_task_image_run_1_wf/bold_fit_wf/enhance_and_skullstrip_bold_wf/fixhdr_unifize".
250528-01:24:09,980 nipype.workflow INFO:
	 [Node] Executing "fixhdr_unifize" <niworkflows.interfaces.header.CopyXForm>
250528-01:24:10,92 nipype.workflow INFO:
	 [Node] Executing "fixhdr_unifize" <niworkflows.interfaces.header.CopyXForm>
250528-01:24:10,149 nipype.workflow INFO:
	 [Node] Finished "fixhdr_unifize", elapsed time 0.167769s.
250528-01:24:10,202 nipype.workflow INFO:
	 [Node] Executing "fixhdr_unifize" <niworkflows.interfaces.header.CopyXForm>
250528-01:24:10,293 nipype.workflow INFO:
	 [Node] Finished "fixhdr_unifize", elapsed time 0.200129s.
250528-01:24:10,470 nipype.workflow INFO:
	 [Node] Finished "fixhdr_unifize", elapsed time 0.2676s.
250528-01:24:10,844 nipype.workflow INFO:
	 [Node] Finished "unifize", elapsed time 210.959048s.
250528-01:24:11,583 nipype.workflow INFO:
	 [Node] Setting-up "fmriprep_25_0_wf.sub_GEO067_wf.bold_ses_t3_task_image_run_3_wf.bold_fit_wf.enhance_and_skullstrip_bold_wf.fixhdr_unifize" in "/work/fmriprep_25_0_wf/sub_GEO067_wf/bold_ses_t3_task_image_run_3_wf/bold_fit_wf/enhance_and_skullstrip_bold_wf/fixhdr_unifize".
250528-01:24:11,584 nipype.workflow INFO:
	 [Node] Setting-up "fmriprep_25_0_wf.sub_GEO067_wf.bold_ses_t2_task_image_run_1_wf.bold_fit_wf.enhance_and_skullstrip_bold_wf.skullstrip_second_pass" in "/work/fmriprep_25_0_wf/sub_GEO067_wf/bold_ses_t2_task_image_run_1_wf/bold_fit_wf/enhance_and_skullstrip_bold_wf/skullstrip_second_pass".
250528-01:24:11,585 nipype.workflow INFO:
	 [Node] Setting-up "fmriprep_25_0_wf.sub_GEO067_wf.bold_ses_t2_task_image_run_2_wf.bold_fit_wf.enhance_and_skullstrip_bold_wf.skullstrip_second_pass" in "/work/fmriprep_25_0_wf/sub_GEO067_wf/bold_ses_t2_task_image_run_2_wf/bold_fit_wf/enhance_and_skullstrip_bold_wf/skullstrip_second_pass".
250528-01:24:11,586 nipype.workflow INFO:
	 [Node] Setting-up "fmriprep_25_0_wf.sub_GEO067_wf.bold_ses_t2_task_image_run_3_wf.bold_fit_wf.enhance_and_skullstrip_bold_wf.skullstrip_second_pass" in "/work/fmriprep_25_0_wf/sub_GEO067_wf/bold_ses_t2_task_image_run_3_wf/bold_fit_wf/enhance_and_skullstrip_bold_wf/skullstrip_second_pass".
250528-01:24:11,621 nipype.workflow INFO:
	 [Node] Finished "unifize", elapsed time 211.720429s.
250528-01:24:12,108 nipype.workflow INFO:
	 [Node] Finished "unifize", elapsed time 212.013689s.
250528-01:24:12,167 nipype.workflow INFO:
	 [Node] Executing "fixhdr_unifize" <niworkflows.interfaces.header.CopyXForm>
250528-01:24:12,179 nipype.workflow INFO:
	 [Node] Executing "skullstrip_second_pass" <nipype.interfaces.afni.preprocess.Automask>
250528-01:24:12,239 nipype.workflow INFO:
	 [Node] Executing "skullstrip_second_pass" <nipype.interfaces.afni.preprocess.Automask>
250528-01:24:12,263 nipype.workflow INFO:
	 [Node] Executing "skullstrip_second_pass" <nipype.interfaces.afni.preprocess.Automask>
250528-01:24:12,333 nipype.workflow INFO:
	 [Node] Finished "fixhdr_unifize", elapsed time 0.164455s.
250528-01:24:12,800 nipype.workflow INFO:
	 [Node] Finished "skullstrip_second_pass", elapsed time 0.536716s.
250528-01:24:12,920 nipype.workflow INFO:
	 [Node] Finished "skullstrip_second_pass", elapsed time 0.740524s.
250528-01:24:12,923 nipype.workflow INFO:
	 [Node] Finished "skullstrip_second_pass", elapsed time 0.683256s.
250528-01:24:13,582 nipype.workflow INFO:
	 [Node] Setting-up "fmriprep_25_0_wf.sub_GEO067_wf.bold_ses_t3_task_image_run_2_wf.bold_fit_wf.enhance_and_skullstrip_bold_wf.fixhdr_unifize" in "/work/fmriprep_25_0_wf/sub_GEO067_wf/bold_ses_t3_task_image_run_2_wf/bold_fit_wf/enhance_and_skullstrip_bold_wf/fixhdr_unifize".
250528-01:24:13,582 nipype.workflow INFO:
	 [Node] Setting-up "fmriprep_25_0_wf.sub_GEO067_wf.bold_ses_t3_task_image_run_4_wf.bold_fit_wf.enhance_and_skullstrip_bold_wf.fixhdr_unifize" in "/work/fmriprep_25_0_wf/sub_GEO067_wf/bold_ses_t3_task_image_run_4_wf/bold_fit_wf/enhance_and_skullstrip_bold_wf/fixhdr_unifize".
250528-01:24:13,583 nipype.workflow INFO:
	 [Node] Setting-up "fmriprep_25_0_wf.sub_GEO067_wf.bold_ses_t2_task_image_run_4_wf.bold_fit_wf.enhance_and_skullstrip_bold_wf.skullstrip_second_pass" in "/work/fmriprep_25_0_wf/sub_GEO067_wf/bold_ses_t2_task_image_run_4_wf/bold_fit_wf/enhance_and_skullstrip_bold_wf/skullstrip_second_pass".
250528-01:24:13,585 nipype.workflow INFO:
	 [Node] Setting-up "fmriprep_25_0_wf.sub_GEO067_wf.bold_ses_t2_task_image_run_5_wf.bold_fit_wf.enhance_and_skullstrip_bold_wf.skullstrip_second_pass" in "/work/fmriprep_25_0_wf/sub_GEO067_wf/bold_ses_t2_task_image_run_5_wf/bold_fit_wf/enhance_and_skullstrip_bold_wf/skullstrip_second_pass".
250528-01:24:13,585 nipype.workflow INFO:
	 [Node] Setting-up "fmriprep_25_0_wf.sub_GEO067_wf.bold_ses_t3_task_image_run_1_wf.bold_fit_wf.enhance_and_skullstrip_bold_wf.skullstrip_second_pass" in "/work/fmriprep_25_0_wf/sub_GEO067_wf/bold_ses_t3_task_image_run_1_wf/bold_fit_wf/enhance_and_skullstrip_bold_wf/skullstrip_second_pass".
250528-01:24:13,586 nipype.workflow INFO:
	 [Node] Setting-up "fmriprep_25_0_wf.sub_GEO067_wf.bold_ses_t3_task_image_run_3_wf.bold_fit_wf.enhance_and_skullstrip_bold_wf.skullstrip_second_pass" in "/work/fmriprep_25_0_wf/sub_GEO067_wf/bold_ses_t3_task_image_run_3_wf/bold_fit_wf/enhance_and_skullstrip_bold_wf/skullstrip_second_pass".
250528-01:24:14,33 nipype.workflow INFO:
	 [Node] Executing "fixhdr_unifize" <niworkflows.interfaces.header.CopyXForm>
250528-01:24:14,92 nipype.workflow INFO:
	 [Node] Executing "skullstrip_second_pass" <nipype.interfaces.afni.preprocess.Automask>
250528-01:24:14,168 nipype.workflow INFO:
	 [Node] Finished "fixhdr_unifize", elapsed time 0.134002s.
250528-01:24:14,169 nipype.workflow INFO:
	 [Node] Executing "skullstrip_second_pass" <nipype.interfaces.afni.preprocess.Automask>
250528-01:24:14,213 nipype.workflow INFO:
	 [Node] Executing "fixhdr_unifize" <niworkflows.interfaces.header.CopyXForm>
250528-01:24:14,214 nipype.workflow INFO:
	 [Node] Executing "skullstrip_second_pass" <nipype.interfaces.afni.preprocess.Automask>
250528-01:24:14,408 nipype.workflow INFO:
	 [Node] Executing "skullstrip_second_pass" <nipype.interfaces.afni.preprocess.Automask>
250528-01:24:14,568 nipype.workflow INFO:
	 [Node] Finished "fixhdr_unifize", elapsed time 0.353607s.
250528-01:24:14,614 nipype.workflow INFO:
	 [Node] Finished "skullstrip_second_pass", elapsed time 0.521388s.
250528-01:24:14,711 nipype.workflow INFO:
	 [Node] Finished "skullstrip_second_pass", elapsed time 0.541763s.
250528-01:24:14,847 nipype.workflow INFO:
	 [Node] Finished "skullstrip_second_pass", elapsed time 0.632145s.
250528-01:24:14,881 nipype.workflow INFO:
	 [Node] Finished "skullstrip_second_pass", elapsed time 0.472496s.
250528-01:24:15,582 nipype.workflow INFO:
	 [Node] Setting-up "fmriprep_25_0_wf.sub_GEO067_wf.bold_ses_t3_task_image_run_2_wf.bold_fit_wf.enhance_and_skullstrip_bold_wf.skullstrip_second_pass" in "/work/fmriprep_25_0_wf/sub_GEO067_wf/bold_ses_t3_task_image_run_2_wf/bold_fit_wf/enhance_and_skullstrip_bold_wf/skullstrip_second_pass".
250528-01:24:15,583 nipype.workflow INFO:
	 [Node] Setting-up "fmriprep_25_0_wf.sub_GEO067_wf.bold_ses_t3_task_image_run_4_wf.bold_fit_wf.enhance_and_skullstrip_bold_wf.skullstrip_second_pass" in "/work/fmriprep_25_0_wf/sub_GEO067_wf/bold_ses_t3_task_image_run_4_wf/bold_fit_wf/enhance_and_skullstrip_bold_wf/skullstrip_second_pass".
250528-01:24:15,585 nipype.workflow INFO:
	 [Node] Setting-up "fmriprep_25_0_wf.sub_GEO067_wf.bold_ses_t2_task_image_run_1_wf.bold_fit_wf.enhance_and_skullstrip_bold_wf.fixhdr_skullstrip2" in "/work/fmriprep_25_0_wf/sub_GEO067_wf/bold_ses_t2_task_image_run_1_wf/bold_fit_wf/enhance_and_skullstrip_bold_wf/fixhdr_skullstrip2".
250528-01:24:15,587 nipype.workflow INFO:
	 [Node] Setting-up "fmriprep_25_0_wf.sub_GEO067_wf.bold_ses_t2_task_image_run_2_wf.bold_fit_wf.enhance_and_skullstrip_bold_wf.fixhdr_skullstrip2" in "/work/fmriprep_25_0_wf/sub_GEO067_wf/bold_ses_t2_task_image_run_2_wf/bold_fit_wf/enhance_and_skullstrip_bold_wf/fixhdr_skullstrip2".
250528-01:24:15,588 nipype.workflow INFO:
	 [Node] Setting-up "fmriprep_25_0_wf.sub_GEO067_wf.bold_ses_t2_task_image_run_3_wf.bold_fit_wf.enhance_and_skullstrip_bold_wf.fixhdr_skullstrip2" in "/work/fmriprep_25_0_wf/sub_GEO067_wf/bold_ses_t2_task_image_run_3_wf/bold_fit_wf/enhance_and_skullstrip_bold_wf/fixhdr_skullstrip2".
250528-01:24:15,589 nipype.workflow INFO:
	 [Node] Setting-up "fmriprep_25_0_wf.sub_GEO067_wf.bold_ses_t2_task_image_run_4_wf.bold_fit_wf.enhance_and_skullstrip_bold_wf.fixhdr_skullstrip2" in "/work/fmriprep_25_0_wf/sub_GEO067_wf/bold_ses_t2_task_image_run_4_wf/bold_fit_wf/enhance_and_skullstrip_bold_wf/fixhdr_skullstrip2".
250528-01:24:16,289 nipype.workflow INFO:
	 [Node] Executing "fixhdr_skullstrip2" <niworkflows.interfaces.header.CopyXForm>
250528-01:24:16,360 nipype.workflow INFO:
	 [Node] Executing "fixhdr_skullstrip2" <niworkflows.interfaces.header.CopyXForm>
250528-01:24:16,363 nipype.workflow INFO:
	 [Node] Executing "fixhdr_skullstrip2" <niworkflows.interfaces.header.CopyXForm>
250528-01:24:16,398 nipype.workflow INFO:
	 [Node] Executing "fixhdr_skullstrip2" <niworkflows.interfaces.header.CopyXForm>
250528-01:24:16,401 nipype.workflow INFO:
	 [Node] Executing "skullstrip_second_pass" <nipype.interfaces.afni.preprocess.Automask>
250528-01:24:16,434 nipype.workflow INFO:
	 [Node] Executing "skullstrip_second_pass" <nipype.interfaces.afni.preprocess.Automask>
250528-01:24:16,479 nipype.workflow INFO:
	 [Node] Finished "fixhdr_skullstrip2", elapsed time 0.11551s.
250528-01:24:16,481 nipype.workflow INFO:
	 [Node] Finished "fixhdr_skullstrip2", elapsed time 0.19041s.
250528-01:24:16,520 nipype.workflow INFO:
	 [Node] Finished "fixhdr_skullstrip2", elapsed time 0.158779s.
250528-01:24:16,594 nipype.workflow INFO:
	 [Node] Finished "fixhdr_skullstrip2", elapsed time 0.194254s.
250528-01:24:16,937 nipype.workflow INFO:
	 [Node] Finished "skullstrip_second_pass", elapsed time 0.502109s.
250528-01:24:16,977 nipype.workflow INFO:
	 [Node] Finished "skullstrip_second_pass", elapsed time 0.575679s.
250528-01:24:17,572 nipype.workflow INFO:
	 [Node] Setting-up "fmriprep_25_0_wf.sub_GEO067_wf.bold_ses_t2_task_image_run_5_wf.bold_fit_wf.enhance_and_skullstrip_bold_wf.fixhdr_skullstrip2" in "/work/fmriprep_25_0_wf/sub_GEO067_wf/bold_ses_t2_task_image_run_5_wf/bold_fit_wf/enhance_and_skullstrip_bold_wf/fixhdr_skullstrip2".
250528-01:24:17,572 nipype.workflow INFO:
	 [Node] Setting-up "fmriprep_25_0_wf.sub_GEO067_wf.bold_ses_t3_task_image_run_1_wf.bold_fit_wf.enhance_and_skullstrip_bold_wf.fixhdr_skullstrip2" in "/work/fmriprep_25_0_wf/sub_GEO067_wf/bold_ses_t3_task_image_run_1_wf/bold_fit_wf/enhance_and_skullstrip_bold_wf/fixhdr_skullstrip2".
250528-01:24:17,573 nipype.workflow INFO:
	 [Node] Setting-up "fmriprep_25_0_wf.sub_GEO067_wf.bold_ses_t3_task_image_run_2_wf.bold_fit_wf.enhance_and_skullstrip_bold_wf.fixhdr_skullstrip2" in "/work/fmriprep_25_0_wf/sub_GEO067_wf/bold_ses_t3_task_image_run_2_wf/bold_fit_wf/enhance_and_skullstrip_bold_wf/fixhdr_skullstrip2".
250528-01:24:17,574 nipype.workflow INFO:
	 [Node] Setting-up "fmriprep_25_0_wf.sub_GEO067_wf.bold_ses_t3_task_image_run_3_wf.bold_fit_wf.enhance_and_skullstrip_bold_wf.fixhdr_skullstrip2" in "/work/fmriprep_25_0_wf/sub_GEO067_wf/bold_ses_t3_task_image_run_3_wf/bold_fit_wf/enhance_and_skullstrip_bold_wf/fixhdr_skullstrip2".
250528-01:24:17,574 nipype.workflow INFO:
	 [Node] Setting-up "fmriprep_25_0_wf.sub_GEO067_wf.bold_ses_t3_task_image_run_4_wf.bold_fit_wf.enhance_and_skullstrip_bold_wf.fixhdr_skullstrip2" in "/work/fmriprep_25_0_wf/sub_GEO067_wf/bold_ses_t3_task_image_run_4_wf/bold_fit_wf/enhance_and_skullstrip_bold_wf/fixhdr_skullstrip2".
250528-01:24:17,574 nipype.workflow INFO:
	 [Node] Setting-up "fmriprep_25_0_wf.sub_GEO067_wf.bold_ses_t2_task_image_run_1_wf.bold_fit_wf.enhance_and_skullstrip_bold_wf.combine_masks" in "/work/fmriprep_25_0_wf/sub_GEO067_wf/bold_ses_t2_task_image_run_1_wf/bold_fit_wf/enhance_and_skullstrip_bold_wf/combine_masks".
250528-01:24:18,304 nipype.workflow INFO:
	 [Node] Executing "fixhdr_skullstrip2" <niworkflows.interfaces.header.CopyXForm>
250528-01:24:18,321 nipype.workflow INFO:
	 [Node] Executing "fixhdr_skullstrip2" <niworkflows.interfaces.header.CopyXForm>
250528-01:24:18,330 nipype.workflow INFO:
	 [Node] Executing "fixhdr_skullstrip2" <niworkflows.interfaces.header.CopyXForm>
250528-01:24:18,364 nipype.workflow INFO:
	 [Node] Executing "combine_masks" <nipype.interfaces.fsl.maths.BinaryMaths>
250528-01:24:18,386 nipype.workflow INFO:
	 [Node] Executing "fixhdr_skullstrip2" <niworkflows.interfaces.header.CopyXForm>
250528-01:24:18,424 nipype.workflow INFO:
	 [Node] Executing "fixhdr_skullstrip2" <niworkflows.interfaces.header.CopyXForm>
250528-01:24:18,443 nipype.workflow INFO:
	 [Node] Finished "fixhdr_skullstrip2", elapsed time 0.137759s.
250528-01:24:18,491 nipype.workflow INFO:
	 [Node] Finished "fixhdr_skullstrip2", elapsed time 0.168259s.
250528-01:24:18,494 nipype.workflow INFO:
	 [Node] Finished "fixhdr_skullstrip2", elapsed time 0.163289s.
250528-01:24:18,658 nipype.workflow INFO:
	 [Node] Finished "fixhdr_skullstrip2", elapsed time 0.271453s.
250528-01:24:18,755 nipype.workflow INFO:
	 [Node] Finished "fixhdr_skullstrip2", elapsed time 0.329029s.
250528-01:24:18,764 nipype.workflow INFO:
	 [Node] Finished "combine_masks", elapsed time 0.399159s.
250528-01:24:19,580 nipype.workflow INFO:
	 [Node] Setting-up "fmriprep_25_0_wf.sub_GEO067_wf.bold_ses_t2_task_image_run_2_wf.bold_fit_wf.enhance_and_skullstrip_bold_wf.combine_masks" in "/work/fmriprep_25_0_wf/sub_GEO067_wf/bold_ses_t2_task_image_run_2_wf/bold_fit_wf/enhance_and_skullstrip_bold_wf/combine_masks".
250528-01:24:19,580 nipype.workflow INFO:
	 [Node] Setting-up "fmriprep_25_0_wf.sub_GEO067_wf.bold_ses_t2_task_image_run_3_wf.bold_fit_wf.enhance_and_skullstrip_bold_wf.combine_masks" in "/work/fmriprep_25_0_wf/sub_GEO067_wf/bold_ses_t2_task_image_run_3_wf/bold_fit_wf/enhance_and_skullstrip_bold_wf/combine_masks".
250528-01:24:19,580 nipype.workflow INFO:
	 [Node] Setting-up "fmriprep_25_0_wf.sub_GEO067_wf.bold_ses_t2_task_image_run_4_wf.bold_fit_wf.enhance_and_skullstrip_bold_wf.combine_masks" in "/work/fmriprep_25_0_wf/sub_GEO067_wf/bold_ses_t2_task_image_run_4_wf/bold_fit_wf/enhance_and_skullstrip_bold_wf/combine_masks".
250528-01:24:19,581 nipype.workflow INFO:
	 [Node] Setting-up "fmriprep_25_0_wf.sub_GEO067_wf.bold_ses_t2_task_image_run_5_wf.bold_fit_wf.enhance_and_skullstrip_bold_wf.combine_masks" in "/work/fmriprep_25_0_wf/sub_GEO067_wf/bold_ses_t2_task_image_run_5_wf/bold_fit_wf/enhance_and_skullstrip_bold_wf/combine_masks".
250528-01:24:19,583 nipype.workflow INFO:
	 [Node] Setting-up "fmriprep_25_0_wf.sub_GEO067_wf.bold_ses_t3_task_image_run_1_wf.bold_fit_wf.enhance_and_skullstrip_bold_wf.combine_masks" in "/work/fmriprep_25_0_wf/sub_GEO067_wf/bold_ses_t3_task_image_run_1_wf/bold_fit_wf/enhance_and_skullstrip_bold_wf/combine_masks".
250528-01:24:20,167 nipype.workflow INFO:
	 [Node] Executing "combine_masks" <nipype.interfaces.fsl.maths.BinaryMaths>
250528-01:24:20,625 nipype.workflow INFO:
	 [Node] Finished "combine_masks", elapsed time 0.456555s.
250528-01:24:20,629 nipype.workflow INFO:
	 [Node] Executing "combine_masks" <nipype.interfaces.fsl.maths.BinaryMaths>
250528-01:24:20,642 nipype.workflow INFO:
	 [Node] Executing "combine_masks" <nipype.interfaces.fsl.maths.BinaryMaths>
250528-01:24:20,811 nipype.workflow INFO:
	 [Node] Executing "combine_masks" <nipype.interfaces.fsl.maths.BinaryMaths>
250528-01:24:20,883 nipype.workflow INFO:
	 [Node] Finished "combine_masks", elapsed time 0.239842s.
250528-01:24:20,893 nipype.workflow INFO:
	 [Node] Finished "combine_masks", elapsed time 0.262343s.
250528-01:24:21,114 nipype.workflow INFO:
	 [Node] Executing "combine_masks" <nipype.interfaces.fsl.maths.BinaryMaths>
250528-01:24:21,175 nipype.workflow INFO:
	 [Node] Finished "combine_masks", elapsed time 0.363606s.
250528-01:24:21,361 nipype.workflow INFO:
	 [Node] Finished "combine_masks", elapsed time 0.244732s.
250528-01:24:21,597 nipype.workflow INFO:
	 [Node] Setting-up "fmriprep_25_0_wf.sub_GEO067_wf.bold_ses_t3_task_image_run_2_wf.bold_fit_wf.enhance_and_skullstrip_bold_wf.combine_masks" in "/work/fmriprep_25_0_wf/sub_GEO067_wf/bold_ses_t3_task_image_run_2_wf/bold_fit_wf/enhance_and_skullstrip_bold_wf/combine_masks".
250528-01:24:21,597 nipype.workflow INFO:
	 [Node] Setting-up "fmriprep_25_0_wf.sub_GEO067_wf.bold_ses_t3_task_image_run_3_wf.bold_fit_wf.enhance_and_skullstrip_bold_wf.combine_masks" in "/work/fmriprep_25_0_wf/sub_GEO067_wf/bold_ses_t3_task_image_run_3_wf/bold_fit_wf/enhance_and_skullstrip_bold_wf/combine_masks".
250528-01:24:21,598 nipype.workflow INFO:
	 [Node] Setting-up "fmriprep_25_0_wf.sub_GEO067_wf.bold_ses_t3_task_image_run_4_wf.bold_fit_wf.enhance_and_skullstrip_bold_wf.combine_masks" in "/work/fmriprep_25_0_wf/sub_GEO067_wf/bold_ses_t3_task_image_run_4_wf/bold_fit_wf/enhance_and_skullstrip_bold_wf/combine_masks".
250528-01:24:22,395 nipype.workflow INFO:
	 [Node] Executing "combine_masks" <nipype.interfaces.fsl.maths.BinaryMaths>
250528-01:24:22,464 nipype.workflow INFO:
	 [Node] Executing "combine_masks" <nipype.interfaces.fsl.maths.BinaryMaths>
250528-01:24:22,527 nipype.workflow INFO:
	 [Node] Executing "combine_masks" <nipype.interfaces.fsl.maths.BinaryMaths>
250528-01:24:22,729 nipype.workflow INFO:
	 [Node] Finished "combine_masks", elapsed time 0.264059s.
250528-01:24:22,756 nipype.workflow INFO:
	 [Node] Finished "combine_masks", elapsed time 0.360448s.
250528-01:24:22,763 nipype.workflow INFO:
	 [Node] Finished "combine_masks", elapsed time 0.235138s.
250528-01:24:23,586 nipype.workflow INFO:
	 [Node] Setting-up "fmriprep_25_0_wf.sub_GEO067_wf.bold_ses_t2_task_image_run_1_wf.bold_fit_wf.enhance_and_skullstrip_bold_wf.apply_mask" in "/work/fmriprep_25_0_wf/sub_GEO067_wf/bold_ses_t2_task_image_run_1_wf/bold_fit_wf/enhance_and_skullstrip_bold_wf/apply_mask".
250528-01:24:24,212 nipype.interface WARNING:
	 Changing /out/sub-GEO067/ses-t2/func/sub-GEO067_ses-t2_task-image_run-1_desc-brain_mask.nii.gz dtype from float32 to uint8
250528-01:24:25,218 nipype.workflow INFO:
	 [Node] Executing "apply_mask" <niworkflows.interfaces.nibabel.ApplyMask>
250528-01:24:25,299 nipype.workflow INFO:
	 [Node] Setting-up "fmriprep_25_0_wf.sub_GEO067_wf.bold_ses_t2_task_image_run_2_wf.bold_fit_wf.enhance_and_skullstrip_bold_wf.apply_mask" in "/work/fmriprep_25_0_wf/sub_GEO067_wf/bold_ses_t2_task_image_run_2_wf/bold_fit_wf/enhance_and_skullstrip_bold_wf/apply_mask".
250528-01:24:25,561 nipype.workflow INFO:
	 [Node] Finished "apply_mask", elapsed time 0.342027s.
250528-01:24:26,168 nipype.workflow INFO:
	 [Node] Executing "apply_mask" <niworkflows.interfaces.nibabel.ApplyMask>
250528-01:24:26,233 nipype.workflow INFO:
	 [Node] Finished "apply_mask", elapsed time 0.06425s.
250528-01:24:26,740 nipype.interface WARNING:
	 Changing /out/sub-GEO067/ses-t2/func/sub-GEO067_ses-t2_task-image_run-2_desc-brain_mask.nii.gz dtype from float32 to uint8
250528-01:24:27,732 nipype.workflow INFO:
	 [Node] Setting-up "fmriprep_25_0_wf.sub_GEO067_wf.bold_ses_t2_task_image_run_3_wf.bold_fit_wf.enhance_and_skullstrip_bold_wf.apply_mask" in "/work/fmriprep_25_0_wf/sub_GEO067_wf/bold_ses_t2_task_image_run_3_wf/bold_fit_wf/enhance_and_skullstrip_bold_wf/apply_mask".
250528-01:24:28,654 nipype.interface WARNING:
	 Changing /out/sub-GEO067/ses-t2/func/sub-GEO067_ses-t2_task-image_run-3_desc-brain_mask.nii.gz dtype from float32 to uint8
250528-01:24:29,209 nipype.workflow INFO:
	 [Node] Executing "apply_mask" <niworkflows.interfaces.nibabel.ApplyMask>
250528-01:24:29,314 nipype.workflow INFO:
	 [Node] Finished "apply_mask", elapsed time 0.104518s.
250528-01:24:29,564 nipype.workflow INFO:
	 [Node] Setting-up "fmriprep_25_0_wf.sub_GEO067_wf.bold_ses_t2_task_image_run_4_wf.bold_fit_wf.enhance_and_skullstrip_bold_wf.apply_mask" in "/work/fmriprep_25_0_wf/sub_GEO067_wf/bold_ses_t2_task_image_run_4_wf/bold_fit_wf/enhance_and_skullstrip_bold_wf/apply_mask".
250528-01:24:30,344 nipype.interface WARNING:
	 Changing /out/sub-GEO067/ses-t2/func/sub-GEO067_ses-t2_task-image_run-4_desc-brain_mask.nii.gz dtype from float32 to uint8
250528-01:24:31,101 nipype.workflow INFO:
	 [Node] Executing "apply_mask" <niworkflows.interfaces.nibabel.ApplyMask>
250528-01:24:31,214 nipype.workflow INFO:
	 [Node] Finished "apply_mask", elapsed time 0.11166s.
250528-01:24:31,703 nipype.workflow INFO:
	 [Node] Setting-up "fmriprep_25_0_wf.sub_GEO067_wf.bold_ses_t2_task_image_run_5_wf.bold_fit_wf.enhance_and_skullstrip_bold_wf.apply_mask" in "/work/fmriprep_25_0_wf/sub_GEO067_wf/bold_ses_t2_task_image_run_5_wf/bold_fit_wf/enhance_and_skullstrip_bold_wf/apply_mask".
250528-01:24:32,388 nipype.workflow INFO:
	 [Node] Executing "apply_mask" <niworkflows.interfaces.nibabel.ApplyMask>
250528-01:24:32,401 nipype.interface WARNING:
	 Changing /out/sub-GEO067/ses-t2/func/sub-GEO067_ses-t2_task-image_run-5_desc-brain_mask.nii.gz dtype from float32 to uint8
250528-01:24:32,523 nipype.workflow INFO:
	 [Node] Finished "apply_mask", elapsed time 0.134s.
250528-01:24:33,67 nipype.workflow INFO:
	 [Node] Setting-up "fmriprep_25_0_wf.sub_GEO067_wf.bold_ses_t3_task_image_run_1_wf.bold_fit_wf.enhance_and_skullstrip_bold_wf.apply_mask" in "/work/fmriprep_25_0_wf/sub_GEO067_wf/bold_ses_t3_task_image_run_1_wf/bold_fit_wf/enhance_and_skullstrip_bold_wf/apply_mask".
250528-01:24:34,38 nipype.workflow INFO:
	 [Node] Executing "apply_mask" <niworkflows.interfaces.nibabel.ApplyMask>
250528-01:24:34,179 nipype.workflow INFO:
	 [Node] Finished "apply_mask", elapsed time 0.140632s.
250528-01:24:34,467 nipype.interface WARNING:
	 Changing /out/sub-GEO067/ses-t3/func/sub-GEO067_ses-t3_task-image_run-1_desc-brain_mask.nii.gz dtype from float32 to uint8
250528-01:24:35,148 nipype.workflow INFO:
	 [Node] Setting-up "fmriprep_25_0_wf.sub_GEO067_wf.bold_ses_t3_task_image_run_2_wf.bold_fit_wf.enhance_and_skullstrip_bold_wf.apply_mask" in "/work/fmriprep_25_0_wf/sub_GEO067_wf/bold_ses_t3_task_image_run_2_wf/bold_fit_wf/enhance_and_skullstrip_bold_wf/apply_mask".
250528-01:24:35,841 nipype.interface WARNING:
	 Changing /out/sub-GEO067/ses-t3/func/sub-GEO067_ses-t3_task-image_run-2_desc-brain_mask.nii.gz dtype from float32 to uint8
250528-01:24:35,862 nipype.workflow INFO:
	 [Node] Executing "apply_mask" <niworkflows.interfaces.nibabel.ApplyMask>
250528-01:24:36,47 nipype.workflow INFO:
	 [Node] Finished "apply_mask", elapsed time 0.183343s.
250528-01:24:36,671 nipype.workflow INFO:
	 [Node] Setting-up "fmriprep_25_0_wf.sub_GEO067_wf.bold_ses_t3_task_image_run_3_wf.bold_fit_wf.enhance_and_skullstrip_bold_wf.apply_mask" in "/work/fmriprep_25_0_wf/sub_GEO067_wf/bold_ses_t3_task_image_run_3_wf/bold_fit_wf/enhance_and_skullstrip_bold_wf/apply_mask".
250528-01:24:37,221 nipype.interface WARNING:
	 Changing /out/sub-GEO067/ses-t3/func/sub-GEO067_ses-t3_task-image_run-3_desc-brain_mask.nii.gz dtype from float32 to uint8
250528-01:24:37,890 nipype.workflow INFO:
	 [Node] Executing "apply_mask" <niworkflows.interfaces.nibabel.ApplyMask>
250528-01:24:38,55 nipype.workflow INFO:
	 [Node] Finished "apply_mask", elapsed time 0.163596s.
250528-01:24:38,909 nipype.workflow INFO:
	 [Node] Setting-up "fmriprep_25_0_wf.sub_GEO067_wf.bold_ses_t3_task_image_run_4_wf.bold_fit_wf.enhance_and_skullstrip_bold_wf.apply_mask" in "/work/fmriprep_25_0_wf/sub_GEO067_wf/bold_ses_t3_task_image_run_4_wf/bold_fit_wf/enhance_and_skullstrip_bold_wf/apply_mask".
250528-01:24:39,804 nipype.workflow INFO:
	 [Node] Executing "apply_mask" <niworkflows.interfaces.nibabel.ApplyMask>
250528-01:24:39,975 nipype.interface WARNING:
	 Changing /out/sub-GEO067/ses-t3/func/sub-GEO067_ses-t3_task-image_run-4_desc-brain_mask.nii.gz dtype from float32 to uint8
250528-01:24:40,15 nipype.workflow INFO:
	 [Node] Finished "apply_mask", elapsed time 0.209557s.
250528-01:24:41,332 nipype.workflow INFO:
	 [Node] Setting-up "fmriprep_25_0_wf.sub_GEO067_wf.bold_ses_t2_task_image_run_1_wf.bold_confounds_wf.dvars" in "/work/fmriprep_25_0_wf/sub_GEO067_wf/bold_ses_t2_task_image_run_1_wf/bold_confounds_wf/dvars".
250528-01:24:42,158 nipype.workflow INFO:
	 [Node] Executing "dvars" <nipype.algorithms.confounds.ComputeDVARS>
250528-01:24:53,877 nipype.workflow INFO:
	 [Node] Finished "unifize", elapsed time 209.464566s.
250528-01:24:55,625 nipype.workflow INFO:
	 [Node] Setting-up "fmriprep_25_0_wf.sub_GEO067_wf.bold_ses_t3_task_image_run_5_wf.bold_fit_wf.enhance_and_skullstrip_bold_wf.fixhdr_unifize" in "/work/fmriprep_25_0_wf/sub_GEO067_wf/bold_ses_t3_task_image_run_5_wf/bold_fit_wf/enhance_and_skullstrip_bold_wf/fixhdr_unifize".
250528-01:24:56,536 nipype.workflow INFO:
	 [Node] Executing "fixhdr_unifize" <niworkflows.interfaces.header.CopyXForm>
250528-01:24:57,120 nipype.workflow INFO:
	 [Node] Finished "fixhdr_unifize", elapsed time 0.582742s.
250528-01:24:59,606 nipype.workflow INFO:
	 [Node] Setting-up "fmriprep_25_0_wf.sub_GEO067_wf.bold_ses_t3_task_image_run_5_wf.bold_fit_wf.enhance_and_skullstrip_bold_wf.skullstrip_second_pass" in "/work/fmriprep_25_0_wf/sub_GEO067_wf/bold_ses_t3_task_image_run_5_wf/bold_fit_wf/enhance_and_skullstrip_bold_wf/skullstrip_second_pass".
250528-01:25:00,253 nipype.workflow INFO:
	 [Node] Executing "skullstrip_second_pass" <nipype.interfaces.afni.preprocess.Automask>
250528-01:25:01,344 nipype.workflow INFO:
	 [Node] Finished "skullstrip_second_pass", elapsed time 1.090055s.
250528-01:25:01,600 nipype.workflow INFO:
	 [Node] Finished "dvars", elapsed time 19.440913s.
250528-01:25:03,606 nipype.workflow INFO:
	 [Node] Setting-up "fmriprep_25_0_wf.sub_GEO067_wf.bold_ses_t3_task_image_run_5_wf.bold_fit_wf.enhance_and_skullstrip_bold_wf.fixhdr_skullstrip2" in "/work/fmriprep_25_0_wf/sub_GEO067_wf/bold_ses_t3_task_image_run_5_wf/bold_fit_wf/enhance_and_skullstrip_bold_wf/fixhdr_skullstrip2".
250528-01:25:03,624 nipype.workflow INFO:
	 [Node] Setting-up "fmriprep_25_0_wf.sub_GEO067_wf.bold_ses_t2_task_image_run_1_wf.bold_confounds_wf.tcompcor" in "/work/fmriprep_25_0_wf/sub_GEO067_wf/bold_ses_t2_task_image_run_1_wf/bold_confounds_wf/tcompcor".
250528-01:25:04,230 nipype.workflow INFO:
	 [Node] Executing "fixhdr_skullstrip2" <niworkflows.interfaces.header.CopyXForm>
250528-01:25:04,250 nipype.workflow INFO:
	 [Node] Executing "tcompcor" <niworkflows.interfaces.patches.RobustTCompCor>
250528-01:25:04,349 nipype.workflow INFO:
	 [Node] Finished "fixhdr_skullstrip2", elapsed time 0.117841s.
250528-01:25:05,988 nipype.workflow INFO:
	 [Node] Setting-up "fmriprep_25_0_wf.sub_GEO067_wf.bold_ses_t3_task_image_run_5_wf.bold_fit_wf.enhance_and_skullstrip_bold_wf.combine_masks" in "/work/fmriprep_25_0_wf/sub_GEO067_wf/bold_ses_t3_task_image_run_5_wf/bold_fit_wf/enhance_and_skullstrip_bold_wf/combine_masks".
250528-01:25:06,712 nipype.workflow INFO:
	 [Node] Executing "combine_masks" <nipype.interfaces.fsl.maths.BinaryMaths>
250528-01:25:07,13 nipype.workflow INFO:
	 [Node] Finished "combine_masks", elapsed time 0.300353s.
250528-01:25:07,996 nipype.workflow INFO:
	 [Node] Setting-up "fmriprep_25_0_wf.sub_GEO067_wf.bold_ses_t3_task_image_run_5_wf.bold_fit_wf.enhance_and_skullstrip_bold_wf.apply_mask" in "/work/fmriprep_25_0_wf/sub_GEO067_wf/bold_ses_t3_task_image_run_5_wf/bold_fit_wf/enhance_and_skullstrip_bold_wf/apply_mask".
250528-01:25:10,18 nipype.interface WARNING:
	 Changing /out/sub-GEO067/ses-t3/func/sub-GEO067_ses-t3_task-image_run-5_desc-brain_mask.nii.gz dtype from float32 to uint8
250528-01:25:10,198 nipype.workflow INFO:
	 [Node] Executing "apply_mask" <niworkflows.interfaces.nibabel.ApplyMask>
250528-01:25:10,443 nipype.workflow INFO:
	 [Node] Finished "apply_mask", elapsed time 0.244504s.
250528-01:25:14,593 nipype.workflow INFO:
	 [Node] Finished "tcompcor", elapsed time 10.340956s.
250528-01:25:15,499 nipype.workflow INFO:
	 [Node] Setting-up "fmriprep_25_0_wf.sub_GEO067_wf.bold_ses_t2_task_image_run_2_wf.bold_confounds_wf.dvars" in "/work/fmriprep_25_0_wf/sub_GEO067_wf/bold_ses_t2_task_image_run_2_wf/bold_confounds_wf/dvars".
250528-01:25:15,500 nipype.workflow INFO:
	 [Node] Setting-up "fmriprep_25_0_wf.sub_GEO067_wf.bold_ses_t2_task_image_run_1_wf.bold_confounds_wf.tcc_metadata_filter" in "/work/fmriprep_25_0_wf/sub_GEO067_wf/bold_ses_t2_task_image_run_1_wf/bold_confounds_wf/tcc_metadata_filter".
250528-01:25:16,223 nipype.workflow INFO:
	 [Node] Executing "tcc_metadata_filter" <fmriprep.interfaces.confounds.FilterDropped>
250528-01:25:16,292 nipype.workflow INFO:
	 [Node] Executing "dvars" <nipype.algorithms.confounds.ComputeDVARS>
250528-01:25:16,320 nipype.workflow INFO:
	 [Node] Finished "tcc_metadata_filter", elapsed time 0.095721s.
250528-01:25:17,563 nipype.workflow INFO:
	 [Node] Setting-up "fmriprep_25_0_wf.sub_GEO067_wf.bold_ses_t2_task_image_run_1_wf.bold_confounds_wf.tcc_metadata_fmt" in "/work/fmriprep_25_0_wf/sub_GEO067_wf/bold_ses_t2_task_image_run_1_wf/bold_confounds_wf/tcc_metadata_fmt".
250528-01:25:18,180 nipype.workflow INFO:
	 [Node] Executing "tcc_metadata_fmt" <niworkflows.interfaces.utility.TSV2JSON>
250528-01:25:18,188 nipype.workflow INFO:
	 [Node] Finished "tcc_metadata_fmt", elapsed time 0.006872s.
250528-01:25:35,118 nipype.workflow INFO:
	 [Node] Finished "dvars", elapsed time 18.824964s.
250528-01:25:37,492 nipype.workflow INFO:
	 [Node] Setting-up "fmriprep_25_0_wf.sub_GEO067_wf.bold_ses_t2_task_image_run_2_wf.bold_confounds_wf.tcompcor" in "/work/fmriprep_25_0_wf/sub_GEO067_wf/bold_ses_t2_task_image_run_2_wf/bold_confounds_wf/tcompcor".
250528-01:25:38,294 nipype.workflow INFO:
	 [Node] Executing "tcompcor" <niworkflows.interfaces.patches.RobustTCompCor>
250528-01:25:48,885 nipype.workflow INFO:
	 [Node] Finished "tcompcor", elapsed time 10.589297s.
250528-01:25:49,589 nipype.workflow INFO:
	 [Node] Setting-up "fmriprep_25_0_wf.sub_GEO067_wf.bold_ses_t2_task_image_run_2_wf.bold_confounds_wf.tcc_metadata_filter" in "/work/fmriprep_25_0_wf/sub_GEO067_wf/bold_ses_t2_task_image_run_2_wf/bold_confounds_wf/tcc_metadata_filter".
250528-01:25:49,592 nipype.workflow INFO:
	 [Node] Setting-up "fmriprep_25_0_wf.sub_GEO067_wf.bold_ses_t2_task_image_run_3_wf.bold_confounds_wf.dvars" in "/work/fmriprep_25_0_wf/sub_GEO067_wf/bold_ses_t2_task_image_run_3_wf/bold_confounds_wf/dvars".
250528-01:25:51,63 nipype.workflow INFO:
	 [Node] Executing "dvars" <nipype.algorithms.confounds.ComputeDVARS>
250528-01:25:51,295 nipype.workflow INFO:
	 [Node] Executing "tcc_metadata_filter" <fmriprep.interfaces.confounds.FilterDropped>
250528-01:25:51,716 nipype.workflow INFO:
	 [Node] Finished "tcc_metadata_filter", elapsed time 0.41996s.
250528-01:25:53,612 nipype.workflow INFO:
	 [Node] Setting-up "fmriprep_25_0_wf.sub_GEO067_wf.bold_ses_t2_task_image_run_2_wf.bold_confounds_wf.tcc_metadata_fmt" in "/work/fmriprep_25_0_wf/sub_GEO067_wf/bold_ses_t2_task_image_run_2_wf/bold_confounds_wf/tcc_metadata_fmt".
250528-01:25:56,897 nipype.workflow INFO:
	 [Node] Executing "tcc_metadata_fmt" <niworkflows.interfaces.utility.TSV2JSON>
250528-01:25:56,904 nipype.workflow INFO:
	 [Node] Finished "tcc_metadata_fmt", elapsed time 0.006411s.
250528-01:26:09,392 nipype.workflow INFO:
	 [Node] Finished "dvars", elapsed time 18.327827s.
250528-01:26:11,570 nipype.workflow INFO:
	 [Node] Setting-up "fmriprep_25_0_wf.sub_GEO067_wf.bold_ses_t2_task_image_run_3_wf.bold_confounds_wf.tcompcor" in "/work/fmriprep_25_0_wf/sub_GEO067_wf/bold_ses_t2_task_image_run_3_wf/bold_confounds_wf/tcompcor".
250528-01:26:13,451 nipype.workflow INFO:
	 [Node] Executing "tcompcor" <niworkflows.interfaces.patches.RobustTCompCor>
250528-01:26:24,209 nipype.workflow INFO:
	 [Node] Finished "tcompcor", elapsed time 10.756545s.
250528-01:26:24,776 nipype.workflow INFO:
	 [Node] Setting-up "fmriprep_25_0_wf.sub_GEO067_wf.bold_ses_t2_task_image_run_4_wf.bold_confounds_wf.dvars" in "/work/fmriprep_25_0_wf/sub_GEO067_wf/bold_ses_t2_task_image_run_4_wf/bold_confounds_wf/dvars".
250528-01:26:24,777 nipype.workflow INFO:
	 [Node] Setting-up "fmriprep_25_0_wf.sub_GEO067_wf.bold_ses_t2_task_image_run_3_wf.bold_confounds_wf.tcc_metadata_filter" in "/work/fmriprep_25_0_wf/sub_GEO067_wf/bold_ses_t2_task_image_run_3_wf/bold_confounds_wf/tcc_metadata_filter".
250528-01:26:25,296 nipype.workflow INFO:
	 [Node] Executing "tcc_metadata_filter" <fmriprep.interfaces.confounds.FilterDropped>
250528-01:26:25,368 nipype.workflow INFO:
	 [Node] Finished "tcc_metadata_filter", elapsed time 0.070824s.
250528-01:26:25,370 nipype.workflow INFO:
	 [Node] Executing "dvars" <nipype.algorithms.confounds.ComputeDVARS>
250528-01:26:26,768 nipype.workflow INFO:
	 [Node] Setting-up "fmriprep_25_0_wf.sub_GEO067_wf.bold_ses_t2_task_image_run_3_wf.bold_confounds_wf.tcc_metadata_fmt" in "/work/fmriprep_25_0_wf/sub_GEO067_wf/bold_ses_t2_task_image_run_3_wf/bold_confounds_wf/tcc_metadata_fmt".
250528-01:26:27,507 nipype.workflow INFO:
	 [Node] Executing "tcc_metadata_fmt" <niworkflows.interfaces.utility.TSV2JSON>
250528-01:26:27,513 nipype.workflow INFO:
	 [Node] Finished "tcc_metadata_fmt", elapsed time 0.005788s.
250528-01:26:43,639 nipype.workflow INFO:
	 [Node] Finished "dvars", elapsed time 18.267447s.
250528-01:26:44,748 nipype.workflow INFO:
	 [Node] Setting-up "fmriprep_25_0_wf.sub_GEO067_wf.bold_ses_t2_task_image_run_4_wf.bold_confounds_wf.tcompcor" in "/work/fmriprep_25_0_wf/sub_GEO067_wf/bold_ses_t2_task_image_run_4_wf/bold_confounds_wf/tcompcor".
250528-01:26:45,533 nipype.workflow INFO:
	 [Node] Executing "tcompcor" <niworkflows.interfaces.patches.RobustTCompCor>
250528-01:26:57,81 nipype.workflow INFO:
	 [Node] Finished "tcompcor", elapsed time 11.546894s.
250528-01:26:58,796 nipype.workflow INFO:
	 [Node] Setting-up "fmriprep_25_0_wf.sub_GEO067_wf.bold_ses_t2_task_image_run_5_wf.bold_confounds_wf.dvars" in "/work/fmriprep_25_0_wf/sub_GEO067_wf/bold_ses_t2_task_image_run_5_wf/bold_confounds_wf/dvars".
250528-01:26:58,797 nipype.workflow INFO:
	 [Node] Setting-up "fmriprep_25_0_wf.sub_GEO067_wf.bold_ses_t2_task_image_run_4_wf.bold_confounds_wf.tcc_metadata_filter" in "/work/fmriprep_25_0_wf/sub_GEO067_wf/bold_ses_t2_task_image_run_4_wf/bold_confounds_wf/tcc_metadata_filter".
250528-01:27:00,486 nipype.workflow INFO:
	 [Node] Executing "dvars" <nipype.algorithms.confounds.ComputeDVARS>
250528-01:27:00,772 nipype.workflow INFO:
	 [Node] Executing "tcc_metadata_filter" <fmriprep.interfaces.confounds.FilterDropped>
250528-01:27:01,26 nipype.workflow INFO:
	 [Node] Finished "tcc_metadata_filter", elapsed time 0.252723s.
250528-01:27:02,803 nipype.workflow INFO:
	 [Node] Setting-up "fmriprep_25_0_wf.sub_GEO067_wf.bold_ses_t2_task_image_run_4_wf.bold_confounds_wf.tcc_metadata_fmt" in "/work/fmriprep_25_0_wf/sub_GEO067_wf/bold_ses_t2_task_image_run_4_wf/bold_confounds_wf/tcc_metadata_fmt".
250528-01:27:03,504 nipype.workflow INFO:
	 [Node] Executing "tcc_metadata_fmt" <niworkflows.interfaces.utility.TSV2JSON>
250528-01:27:03,510 nipype.workflow INFO:
	 [Node] Finished "tcc_metadata_fmt", elapsed time 0.00509s.
250528-01:27:18,195 nipype.workflow INFO:
	 [Node] Finished "dvars", elapsed time 17.708191s.
250528-01:27:18,787 nipype.workflow INFO:
	 [Node] Setting-up "fmriprep_25_0_wf.sub_GEO067_wf.bold_ses_t2_task_image_run_5_wf.bold_confounds_wf.tcompcor" in "/work/fmriprep_25_0_wf/sub_GEO067_wf/bold_ses_t2_task_image_run_5_wf/bold_confounds_wf/tcompcor".
250528-01:27:19,363 nipype.workflow INFO:
	 [Node] Executing "tcompcor" <niworkflows.interfaces.patches.RobustTCompCor>
250528-01:27:29,867 nipype.workflow INFO:
	 [Node] Finished "tcompcor", elapsed time 10.503498s.
250528-01:27:31,424 nipype.workflow INFO:
	 [Node] Setting-up "fmriprep_25_0_wf.sub_GEO067_wf.bold_ses_t3_task_image_run_1_wf.bold_confounds_wf.dvars" in "/work/fmriprep_25_0_wf/sub_GEO067_wf/bold_ses_t3_task_image_run_1_wf/bold_confounds_wf/dvars".
250528-01:27:31,424 nipype.workflow INFO:
	 [Node] Setting-up "fmriprep_25_0_wf.sub_GEO067_wf.bold_ses_t2_task_image_run_5_wf.bold_confounds_wf.tcc_metadata_filter" in "/work/fmriprep_25_0_wf/sub_GEO067_wf/bold_ses_t2_task_image_run_5_wf/bold_confounds_wf/tcc_metadata_filter".
250528-01:27:32,522 nipype.workflow INFO:
	 [Node] Executing "tcc_metadata_filter" <fmriprep.interfaces.confounds.FilterDropped>
250528-01:27:32,559 nipype.workflow INFO:
	 [Node] Finished "tcc_metadata_filter", elapsed time 0.036188s.
250528-01:27:33,428 nipype.workflow INFO:
	 [Node] Setting-up "fmriprep_25_0_wf.sub_GEO067_wf.bold_ses_t2_task_image_run_5_wf.bold_confounds_wf.tcc_metadata_fmt" in "/work/fmriprep_25_0_wf/sub_GEO067_wf/bold_ses_t2_task_image_run_5_wf/bold_confounds_wf/tcc_metadata_fmt".
250528-01:27:34,340 nipype.workflow INFO:
	 [Node] Executing "dvars" <nipype.algorithms.confounds.ComputeDVARS>
250528-01:27:34,794 nipype.workflow INFO:
	 [Node] Executing "tcc_metadata_fmt" <niworkflows.interfaces.utility.TSV2JSON>
250528-01:27:34,800 nipype.workflow INFO:
	 [Node] Finished "tcc_metadata_fmt", elapsed time 0.005115s.
250528-01:27:35,871 nipype.workflow INFO:
	 [Node] Finished "unifize", elapsed time 209.021868s.
250528-01:27:37,442 nipype.workflow INFO:
	 [Node] Setting-up "fmriprep_25_0_wf.sub_GEO067_wf.bold_ses_t3_task_retrans_run_1_wf.bold_fit_wf.enhance_and_skullstrip_bold_wf.fixhdr_unifize" in "/work/fmriprep_25_0_wf/sub_GEO067_wf/bold_ses_t3_task_retrans_run_1_wf/bold_fit_wf/enhance_and_skullstrip_bold_wf/fixhdr_unifize".
250528-01:27:39,144 nipype.workflow INFO:
	 [Node] Executing "fixhdr_unifize" <niworkflows.interfaces.header.CopyXForm>
250528-01:27:40,65 nipype.workflow INFO:
	 [Node] Finished "fixhdr_unifize", elapsed time 0.920641s.
250528-01:27:41,436 nipype.workflow INFO:
	 [Node] Setting-up "fmriprep_25_0_wf.sub_GEO067_wf.bold_ses_t3_task_retrans_run_1_wf.bold_fit_wf.enhance_and_skullstrip_bold_wf.skullstrip_second_pass" in "/work/fmriprep_25_0_wf/sub_GEO067_wf/bold_ses_t3_task_retrans_run_1_wf/bold_fit_wf/enhance_and_skullstrip_bold_wf/skullstrip_second_pass".
250528-01:27:42,131 nipype.workflow INFO:
	 [Node] Executing "skullstrip_second_pass" <nipype.interfaces.afni.preprocess.Automask>
250528-01:27:42,852 nipype.workflow INFO:
	 [Node] Finished "skullstrip_second_pass", elapsed time 0.720248s.
250528-01:27:43,437 nipype.workflow INFO:
	 [Node] Setting-up "fmriprep_25_0_wf.sub_GEO067_wf.bold_ses_t3_task_retrans_run_1_wf.bold_fit_wf.enhance_and_skullstrip_bold_wf.fixhdr_skullstrip2" in "/work/fmriprep_25_0_wf/sub_GEO067_wf/bold_ses_t3_task_retrans_run_1_wf/bold_fit_wf/enhance_and_skullstrip_bold_wf/fixhdr_skullstrip2".
250528-01:27:44,621 nipype.workflow INFO:
	 [Node] Executing "fixhdr_skullstrip2" <niworkflows.interfaces.header.CopyXForm>
250528-01:27:44,746 nipype.workflow INFO:
	 [Node] Finished "fixhdr_skullstrip2", elapsed time 0.123762s.
250528-01:27:47,432 nipype.workflow INFO:
	 [Node] Setting-up "fmriprep_25_0_wf.sub_GEO067_wf.bold_ses_t3_task_retrans_run_1_wf.bold_fit_wf.enhance_and_skullstrip_bold_wf.combine_masks" in "/work/fmriprep_25_0_wf/sub_GEO067_wf/bold_ses_t3_task_retrans_run_1_wf/bold_fit_wf/enhance_and_skullstrip_bold_wf/combine_masks".
250528-01:27:48,612 nipype.workflow INFO:
	 [Node] Executing "combine_masks" <nipype.interfaces.fsl.maths.BinaryMaths>
250528-01:27:49,79 nipype.workflow INFO:
	 [Node] Finished "combine_masks", elapsed time 0.465948s.
250528-01:27:51,439 nipype.workflow INFO:
	 [Node] Setting-up "fmriprep_25_0_wf.sub_GEO067_wf.bold_ses_t3_task_retrans_run_1_wf.bold_fit_wf.enhance_and_skullstrip_bold_wf.apply_mask" in "/work/fmriprep_25_0_wf/sub_GEO067_wf/bold_ses_t3_task_retrans_run_1_wf/bold_fit_wf/enhance_and_skullstrip_bold_wf/apply_mask".
250528-01:27:52,382 nipype.workflow INFO:
	 [Node] Executing "apply_mask" <niworkflows.interfaces.nibabel.ApplyMask>
250528-01:27:52,527 nipype.workflow INFO:
	 [Node] Finished "apply_mask", elapsed time 0.144284s.
250528-01:27:53,476 nipype.interface WARNING:
	 Changing /out/sub-GEO067/ses-t3/func/sub-GEO067_ses-t3_task-retrans_run-1_desc-brain_mask.nii.gz dtype from float32 to uint8
250528-01:27:53,769 nipype.workflow INFO:
	 [Node] Finished "dvars", elapsed time 19.427578s.
250528-01:27:54,634 nipype.workflow INFO:
	 [Node] Setting-up "fmriprep_25_0_wf.sub_GEO067_wf.bold_ses_t3_task_image_run_1_wf.bold_confounds_wf.tcompcor" in "/work/fmriprep_25_0_wf/sub_GEO067_wf/bold_ses_t3_task_image_run_1_wf/bold_confounds_wf/tcompcor".
250528-01:27:55,356 nipype.workflow INFO:
	 [Node] Executing "tcompcor" <niworkflows.interfaces.patches.RobustTCompCor>
250528-01:27:59,237 nipype.workflow INFO:
	 [Node] Setting-up "_denoise0" in "/work/fmriprep_25_0_wf/sub_GEO067_wf/anat_fit_wf/anat_template_wf/denoise/mapflow/_denoise0".
250528-01:28:00,26 nipype.workflow INFO:
	 [Node] Executing "_denoise0" <nipype.interfaces.ants.segmentation.DenoiseImage>
250528-01:28:07,118 nipype.workflow INFO:
	 [Node] Finished "tcompcor", elapsed time 11.760743s.
250528-01:28:09,770 nipype.workflow INFO:
	 [Node] Setting-up "fmriprep_25_0_wf.sub_GEO067_wf.bold_ses_t3_task_image_run_2_wf.bold_confounds_wf.dvars" in "/work/fmriprep_25_0_wf/sub_GEO067_wf/bold_ses_t3_task_image_run_2_wf/bold_confounds_wf/dvars".
250528-01:28:10,634 nipype.workflow INFO:
	 [Node] Executing "dvars" <nipype.algorithms.confounds.ComputeDVARS>
250528-01:28:28,657 nipype.workflow INFO:
	 [Node] Finished "dvars", elapsed time 18.021564s.
250528-01:28:29,532 nipype.workflow INFO:
	 [Node] Setting-up "fmriprep_25_0_wf.sub_GEO067_wf.bold_ses_t3_task_image_run_2_wf.bold_confounds_wf.tcompcor" in "/work/fmriprep_25_0_wf/sub_GEO067_wf/bold_ses_t3_task_image_run_2_wf/bold_confounds_wf/tcompcor".
250528-01:28:30,575 nipype.workflow INFO:
	 [Node] Executing "tcompcor" <niworkflows.interfaces.patches.RobustTCompCor>
250528-01:28:37,744 nipype.workflow INFO:
	 [Node] Finished "_denoise0", elapsed time 37.716864s.
250528-01:28:39,522 nipype.workflow INFO:
	 [Node] Setting-up "fmriprep_25_0_wf.sub_GEO067_wf.bold_ses_t3_task_image_run_1_wf.bold_confounds_wf.tcc_metadata_filter" in "/work/fmriprep_25_0_wf/sub_GEO067_wf/bold_ses_t3_task_image_run_1_wf/bold_confounds_wf/tcc_metadata_filter".
250528-01:28:40,81 nipype.workflow INFO:
	 [Node] Executing "tcc_metadata_filter" <fmriprep.interfaces.confounds.FilterDropped>
250528-01:28:40,130 nipype.workflow INFO:
	 [Node] Finished "tcc_metadata_filter", elapsed time 0.048032s.
250528-01:28:41,484 nipype.workflow INFO:
	 [Node] Finished "tcompcor", elapsed time 10.907109s.
250528-01:28:46,53 nipype.workflow INFO:
	 [Node] Setting-up "fmriprep_25_0_wf.sub_GEO067_wf.bold_ses_t3_task_image_run_3_wf.bold_confounds_wf.dvars" in "/work/fmriprep_25_0_wf/sub_GEO067_wf/bold_ses_t3_task_image_run_3_wf/bold_confounds_wf/dvars".
250528-01:28:46,54 nipype.workflow INFO:
	 [Node] Setting-up "fmriprep_25_0_wf.sub_GEO067_wf.bold_ses_t3_task_image_run_2_wf.bold_confounds_wf.tcc_metadata_filter" in "/work/fmriprep_25_0_wf/sub_GEO067_wf/bold_ses_t3_task_image_run_2_wf/bold_confounds_wf/tcc_metadata_filter".
250528-01:28:46,54 nipype.workflow INFO:
	 [Node] Setting-up "fmriprep_25_0_wf.sub_GEO067_wf.bold_ses_t3_task_image_run_1_wf.bold_confounds_wf.tcc_metadata_fmt" in "/work/fmriprep_25_0_wf/sub_GEO067_wf/bold_ses_t3_task_image_run_1_wf/bold_confounds_wf/tcc_metadata_fmt".
250528-01:28:46,658 nipype.workflow INFO:
	 [Node] Executing "tcc_metadata_filter" <fmriprep.interfaces.confounds.FilterDropped>
250528-01:28:46,676 nipype.workflow INFO:
	 [Node] Executing "dvars" <nipype.algorithms.confounds.ComputeDVARS>
250528-01:28:46,729 nipype.workflow INFO:
	 [Node] Finished "tcc_metadata_filter", elapsed time 0.070198s.
250528-01:28:47,252 nipype.workflow INFO:
	 [Node] Executing "tcc_metadata_fmt" <niworkflows.interfaces.utility.TSV2JSON>
250528-01:28:47,258 nipype.workflow INFO:
	 [Node] Finished "tcc_metadata_fmt", elapsed time 0.00543s.
250528-01:28:48,55 nipype.workflow INFO:
	 [Node] Setting-up "fmriprep_25_0_wf.sub_GEO067_wf.bold_ses_t3_task_image_run_2_wf.bold_confounds_wf.tcc_metadata_fmt" in "/work/fmriprep_25_0_wf/sub_GEO067_wf/bold_ses_t3_task_image_run_2_wf/bold_confounds_wf/tcc_metadata_fmt".
250528-01:28:49,110 nipype.workflow INFO:
	 [Node] Executing "tcc_metadata_fmt" <niworkflows.interfaces.utility.TSV2JSON>
250528-01:28:49,117 nipype.workflow INFO:
	 [Node] Finished "tcc_metadata_fmt", elapsed time 0.006264s.
250528-01:28:50,74 nipype.workflow INFO:
	 [Node] Setting-up "_denoise1" in "/work/fmriprep_25_0_wf/sub_GEO067_wf/anat_fit_wf/anat_template_wf/denoise/mapflow/_denoise1".
250528-01:28:51,337 nipype.workflow INFO:
	 [Node] Executing "_denoise1" <nipype.interfaces.ants.segmentation.DenoiseImage>
250528-01:29:05,732 nipype.workflow INFO:
	 [Node] Finished "dvars", elapsed time 19.055189s.
250528-01:29:06,61 nipype.workflow INFO:
	 [Node] Setting-up "fmriprep_25_0_wf.sub_GEO067_wf.bold_ses_t3_task_image_run_3_wf.bold_confounds_wf.tcompcor" in "/work/fmriprep_25_0_wf/sub_GEO067_wf/bold_ses_t3_task_image_run_3_wf/bold_confounds_wf/tcompcor".
250528-01:29:07,165 nipype.workflow INFO:
	 [Node] Executing "tcompcor" <niworkflows.interfaces.patches.RobustTCompCor>
250528-01:29:17,872 nipype.workflow INFO:
	 [Node] Finished "tcompcor", elapsed time 10.70314s.
250528-01:29:20,74 nipype.workflow INFO:
	 [Node] Setting-up "fmriprep_25_0_wf.sub_GEO067_wf.bold_ses_t3_task_image_run_4_wf.bold_confounds_wf.dvars" in "/work/fmriprep_25_0_wf/sub_GEO067_wf/bold_ses_t3_task_image_run_4_wf/bold_confounds_wf/dvars".
250528-01:29:21,8 nipype.workflow INFO:
	 [Node] Executing "dvars" <nipype.algorithms.confounds.ComputeDVARS>
250528-01:29:31,393 nipype.workflow INFO:
	 [Node] Finished "_denoise1", elapsed time 40.055034s.
250528-01:29:35,551 nipype.workflow INFO:
	 [Node] Setting-up "_denoise0" in "/work/fmriprep_25_0_wf/sub_GEO067_wf/anat_fit_wf/anat_template_wf/denoise/mapflow/_denoise0".
250528-01:29:35,558 nipype.workflow INFO:
	 [Node] Cached "_denoise0" - collecting precomputed outputs
250528-01:29:35,558 nipype.workflow INFO:
	 [Node] "_denoise0" found cached.
250528-01:29:35,559 nipype.workflow INFO:
	 [Node] Setting-up "_denoise1" in "/work/fmriprep_25_0_wf/sub_GEO067_wf/anat_fit_wf/anat_template_wf/denoise/mapflow/_denoise1".
250528-01:29:35,562 nipype.workflow INFO:
	 [Node] Cached "_denoise1" - collecting precomputed outputs
250528-01:29:35,562 nipype.workflow INFO:
	 [Node] "_denoise1" found cached.
250528-01:29:39,41 nipype.workflow INFO:
	 [Node] Finished "dvars", elapsed time 18.031629s.
250528-01:29:44,914 nipype.workflow INFO:
	 [Node] Setting-up "fmriprep_25_0_wf.sub_GEO067_wf.bold_ses_t3_task_image_run_3_wf.bold_confounds_wf.tcc_metadata_filter" in "/work/fmriprep_25_0_wf/sub_GEO067_wf/bold_ses_t3_task_image_run_3_wf/bold_confounds_wf/tcc_metadata_filter".
250528-01:29:45,173 nipype.workflow INFO:
	 [Node] Setting-up "fmriprep_25_0_wf.sub_GEO067_wf.bold_ses_t3_task_image_run_4_wf.bold_confounds_wf.tcompcor" in "/work/fmriprep_25_0_wf/sub_GEO067_wf/bold_ses_t3_task_image_run_4_wf/bold_confounds_wf/tcompcor".
250528-01:29:46,163 nipype.workflow INFO:
	 [Node] Executing "tcc_metadata_filter" <fmriprep.interfaces.confounds.FilterDropped>
250528-01:29:46,371 nipype.workflow INFO:
	 [Node] Finished "tcc_metadata_filter", elapsed time 0.207092s.
250528-01:29:46,533 nipype.workflow INFO:
	 [Node] Executing "tcompcor" <niworkflows.interfaces.patches.RobustTCompCor>
250528-01:29:49,23 nipype.workflow INFO:
	 [Node] Setting-up "_anat_conform0" in "/work/fmriprep_25_0_wf/sub_GEO067_wf/anat_fit_wf/anat_template_wf/anat_conform/mapflow/_anat_conform0".
250528-01:29:49,23 nipype.workflow INFO:
	 [Node] Setting-up "_anat_conform1" in "/work/fmriprep_25_0_wf/sub_GEO067_wf/anat_fit_wf/anat_template_wf/anat_conform/mapflow/_anat_conform1".
250528-01:29:49,297 nipype.workflow INFO:
	 [Node] Setting-up "fmriprep_25_0_wf.sub_GEO067_wf.bold_ses_t3_task_image_run_3_wf.bold_confounds_wf.tcc_metadata_fmt" in "/work/fmriprep_25_0_wf/sub_GEO067_wf/bold_ses_t3_task_image_run_3_wf/bold_confounds_wf/tcc_metadata_fmt".
250528-01:29:50,508 nipype.workflow INFO:
	 [Node] Executing "_anat_conform0" <niworkflows.interfaces.images.Conform>
250528-01:29:50,641 nipype.workflow INFO:
	 [Node] Executing "_anat_conform1" <niworkflows.interfaces.images.Conform>
250528-01:29:50,657 nipype.workflow INFO:
	 [Node] Finished "_anat_conform0", elapsed time 0.148318s.
250528-01:29:50,766 nipype.workflow INFO:
	 [Node] Finished "_anat_conform1", elapsed time 0.124271s.
250528-01:29:50,796 nipype.workflow INFO:
	 [Node] Executing "tcc_metadata_fmt" <niworkflows.interfaces.utility.TSV2JSON>
250528-01:29:50,804 nipype.workflow INFO:
	 [Node] Finished "tcc_metadata_fmt", elapsed time 0.007094s.
250528-01:29:52,88 nipype.workflow INFO:
	 [Node] Setting-up "_anat_conform0" in "/work/fmriprep_25_0_wf/sub_GEO067_wf/anat_fit_wf/anat_template_wf/anat_conform/mapflow/_anat_conform0".
250528-01:29:52,91 nipype.workflow INFO:
	 [Node] Cached "_anat_conform0" - collecting precomputed outputs
250528-01:29:52,91 nipype.workflow INFO:
	 [Node] "_anat_conform0" found cached.
250528-01:29:52,92 nipype.workflow INFO:
	 [Node] Setting-up "_anat_conform1" in "/work/fmriprep_25_0_wf/sub_GEO067_wf/anat_fit_wf/anat_template_wf/anat_conform/mapflow/_anat_conform1".
250528-01:29:52,95 nipype.workflow INFO:
	 [Node] Cached "_anat_conform1" - collecting precomputed outputs
250528-01:29:52,95 nipype.workflow INFO:
	 [Node] "_anat_conform1" found cached.
250528-01:29:53,766 nipype.workflow INFO:
	 [Node] Setting-up "_denoise0" in "/work/fmriprep_25_0_wf/sub_GEO067_wf/anat_fit_wf/t2w_template_wf/denoise/mapflow/_denoise0".
250528-01:29:54,246 nipype.workflow INFO:
	 [Node] Executing "_denoise0" <nipype.interfaces.ants.segmentation.DenoiseImage>
250528-01:29:57,840 nipype.workflow INFO:
	 [Node] Finished "tcompcor", elapsed time 11.305541999999999s.
250528-01:30:01,533 nipype.workflow INFO:
	 [Node] Setting-up "fmriprep_25_0_wf.sub_GEO067_wf.bold_ses_t3_task_image_run_5_wf.bold_confounds_wf.dvars" in "/work/fmriprep_25_0_wf/sub_GEO067_wf/bold_ses_t3_task_image_run_5_wf/bold_confounds_wf/dvars".
250528-01:30:04,33 nipype.workflow INFO:
	 [Node] Executing "dvars" <nipype.algorithms.confounds.ComputeDVARS>
250528-01:30:23,334 nipype.workflow INFO:
	 [Node] Finished "dvars", elapsed time 19.288327s.
250528-01:30:25,313 nipype.workflow INFO:
	 [Node] Setting-up "fmriprep_25_0_wf.sub_GEO067_wf.bold_ses_t3_task_image_run_5_wf.bold_confounds_wf.tcompcor" in "/work/fmriprep_25_0_wf/sub_GEO067_wf/bold_ses_t3_task_image_run_5_wf/bold_confounds_wf/tcompcor".
250528-01:30:26,33 nipype.workflow INFO:
	 [Node] Executing "tcompcor" <niworkflows.interfaces.patches.RobustTCompCor>
250528-01:30:36,561 nipype.workflow INFO:
	 [Node] Finished "tcompcor", elapsed time 10.52668s.
250528-01:30:37,365 nipype.workflow INFO:
	 [Node] Setting-up "fmriprep_25_0_wf.sub_GEO067_wf.bold_ses_t3_task_retrans_run_1_wf.bold_confounds_wf.dvars" in "/work/fmriprep_25_0_wf/sub_GEO067_wf/bold_ses_t3_task_retrans_run_1_wf/bold_confounds_wf/dvars".
250528-01:30:38,789 nipype.workflow INFO:
	 [Node] Executing "dvars" <nipype.algorithms.confounds.ComputeDVARS>
250528-01:30:52,578 nipype.workflow INFO:
	 [Node] Finished "_denoise0", elapsed time 58.330885s.
250528-01:30:53,413 nipype.workflow INFO:
	 [Node] Setting-up "fmriprep_25_0_wf.sub_GEO067_wf.bold_ses_t3_task_image_run_4_wf.bold_confounds_wf.tcc_metadata_filter" in "/work/fmriprep_25_0_wf/sub_GEO067_wf/bold_ses_t3_task_image_run_4_wf/bold_confounds_wf/tcc_metadata_filter".
250528-01:30:54,559 nipype.workflow INFO:
	 [Node] Executing "tcc_metadata_filter" <fmriprep.interfaces.confounds.FilterDropped>
250528-01:30:54,673 nipype.workflow INFO:
	 [Node] Finished "tcc_metadata_filter", elapsed time 0.112967s.
250528-01:30:56,132 nipype.workflow INFO:
	 [Node] Setting-up "fmriprep_25_0_wf.sub_GEO067_wf.bold_ses_t3_task_image_run_5_wf.bold_confounds_wf.tcc_metadata_filter" in "/work/fmriprep_25_0_wf/sub_GEO067_wf/bold_ses_t3_task_image_run_5_wf/bold_confounds_wf/tcc_metadata_filter".
250528-01:30:56,164 nipype.workflow INFO:
	 [Node] Setting-up "_n4_correct0" in "/work/fmriprep_25_0_wf/sub_GEO067_wf/anat_fit_wf/anat_template_wf/n4_correct/mapflow/_n4_correct0".
250528-01:30:56,167 nipype.workflow INFO:
	 [Node] Setting-up "_n4_correct1" in "/work/fmriprep_25_0_wf/sub_GEO067_wf/anat_fit_wf/anat_template_wf/n4_correct/mapflow/_n4_correct1".
250528-01:30:56,435 nipype.workflow INFO:
	 [Node] Setting-up "fmriprep_25_0_wf.sub_GEO067_wf.bold_ses_t3_task_image_run_4_wf.bold_confounds_wf.tcc_metadata_fmt" in "/work/fmriprep_25_0_wf/sub_GEO067_wf/bold_ses_t3_task_image_run_4_wf/bold_confounds_wf/tcc_metadata_fmt".
250528-01:30:56,443 nipype.workflow INFO:
	 [Node] Setting-up "_anat_conform_xfm0" in "/work/fmriprep_25_0_wf/sub_GEO067_wf/anat_fit_wf/anat_template_wf/anat_conform_xfm/mapflow/_anat_conform_xfm0".
250528-01:30:56,446 nipype.workflow INFO:
	 [Node] Setting-up "_anat_conform_xfm1" in "/work/fmriprep_25_0_wf/sub_GEO067_wf/anat_fit_wf/anat_template_wf/anat_conform_xfm/mapflow/_anat_conform_xfm1".
250528-01:30:57,288 nipype.workflow INFO:
	 [Node] Executing "_anat_conform_xfm1" <niworkflows.interfaces.freesurfer.PatchedLTAConvert>
250528-01:30:57,373 nipype.workflow INFO:
	 [Node] Executing "_n4_correct0" <nipype.interfaces.ants.segmentation.N4BiasFieldCorrection>
250528-01:30:57,677 nipype.workflow INFO:
	 [Node] Executing "tcc_metadata_filter" <fmriprep.interfaces.confounds.FilterDropped>
250528-01:30:57,780 nipype.workflow INFO:
	 [Node] Executing "_anat_conform_xfm0" <niworkflows.interfaces.freesurfer.PatchedLTAConvert>
250528-01:30:57,794 nipype.workflow INFO:
	 [Node] Finished "tcc_metadata_filter", elapsed time 0.114825s.
250528-01:30:57,962 nipype.workflow INFO:
	 [Node] Finished "dvars", elapsed time 19.17165s.
250528-01:30:58,15 nipype.workflow INFO:
	 [Node] Finished "_anat_conform_xfm1", elapsed time 0.726067s.
250528-01:30:58,78 nipype.workflow INFO:
	 [Node] Executing "tcc_metadata_fmt" <niworkflows.interfaces.utility.TSV2JSON>
250528-01:30:58,84 nipype.workflow INFO:
	 [Node] Finished "tcc_metadata_fmt", elapsed time 0.004824s.
250528-01:30:58,372 nipype.workflow INFO:
	 [Node] Finished "_anat_conform_xfm0", elapsed time 0.591203s.
250528-01:30:58,433 nipype.workflow INFO:
	 [Node] Setting-up "fmriprep_25_0_wf.sub_GEO067_wf.bold_ses_t3_task_retrans_run_1_wf.bold_confounds_wf.tcompcor" in "/work/fmriprep_25_0_wf/sub_GEO067_wf/bold_ses_t3_task_retrans_run_1_wf/bold_confounds_wf/tcompcor".
250528-01:30:58,460 nipype.workflow INFO:
	 [Node] Executing "_n4_correct1" <nipype.interfaces.ants.segmentation.N4BiasFieldCorrection>
250528-01:30:59,293 nipype.workflow INFO:
	 [Node] Executing "tcompcor" <niworkflows.interfaces.patches.RobustTCompCor>
250528-01:31:01,755 nipype.workflow INFO:
	 [Node] Setting-up "fmriprep_25_0_wf.sub_GEO067_wf.bold_ses_t3_task_image_run_5_wf.bold_confounds_wf.tcc_metadata_fmt" in "/work/fmriprep_25_0_wf/sub_GEO067_wf/bold_ses_t3_task_image_run_5_wf/bold_confounds_wf/tcc_metadata_fmt".
250528-01:31:02,13 nipype.workflow INFO:
	 [Node] Setting-up "_anat_conform_xfm0" in "/work/fmriprep_25_0_wf/sub_GEO067_wf/anat_fit_wf/anat_template_wf/anat_conform_xfm/mapflow/_anat_conform_xfm0".
250528-01:31:02,16 nipype.workflow INFO:
	 [Node] Cached "_anat_conform_xfm0" - collecting precomputed outputs
250528-01:31:02,17 nipype.workflow INFO:
	 [Node] "_anat_conform_xfm0" found cached.
250528-01:31:02,17 nipype.workflow INFO:
	 [Node] Setting-up "_anat_conform_xfm1" in "/work/fmriprep_25_0_wf/sub_GEO067_wf/anat_fit_wf/anat_template_wf/anat_conform_xfm/mapflow/_anat_conform_xfm1".
250528-01:31:02,20 nipype.workflow INFO:
	 [Node] Cached "_anat_conform_xfm1" - collecting precomputed outputs
250528-01:31:02,20 nipype.workflow INFO:
	 [Node] "_anat_conform_xfm1" found cached.
250528-01:31:02,388 nipype.workflow INFO:
	 [Node] Executing "tcc_metadata_fmt" <niworkflows.interfaces.utility.TSV2JSON>
250528-01:31:02,393 nipype.workflow INFO:
	 [Node] Finished "tcc_metadata_fmt", elapsed time 0.004235s.
250528-01:31:11,264 nipype.workflow INFO:
	 [Node] Finished "tcompcor", elapsed time 11.970194s.
250528-01:31:13,790 nipype.workflow INFO:
	 [Node] Setting-up "fmriprep_25_0_wf.sub_GEO067_wf.bold_ses_t3_task_retrans_run_1_wf.bold_confounds_wf.tcc_metadata_filter" in "/work/fmriprep_25_0_wf/sub_GEO067_wf/bold_ses_t3_task_retrans_run_1_wf/bold_confounds_wf/tcc_metadata_filter".
250528-01:31:14,425 nipype.workflow INFO:
	 [Node] Executing "tcc_metadata_filter" <fmriprep.interfaces.confounds.FilterDropped>
250528-01:31:14,595 nipype.workflow INFO:
	 [Node] Finished "tcc_metadata_filter", elapsed time 0.168683s.
250528-01:31:15,786 nipype.workflow INFO:
	 [Node] Setting-up "fmriprep_25_0_wf.sub_GEO067_wf.bold_ses_t3_task_retrans_run_1_wf.bold_confounds_wf.tcc_metadata_fmt" in "/work/fmriprep_25_0_wf/sub_GEO067_wf/bold_ses_t3_task_retrans_run_1_wf/bold_confounds_wf/tcc_metadata_fmt".
250528-01:31:16,458 nipype.workflow INFO:
	 [Node] Executing "tcc_metadata_fmt" <niworkflows.interfaces.utility.TSV2JSON>
250528-01:31:16,464 nipype.workflow INFO:
	 [Node] Finished "tcc_metadata_fmt", elapsed time 0.005557s.
250528-01:31:57,982 nipype.workflow INFO:
	 [Node] Finished "_n4_correct0", elapsed time 60.607325s.
250528-01:31:59,464 nipype.workflow INFO:
	 [Node] Finished "_n4_correct1", elapsed time 61.003507s.
250528-01:31:59,798 nipype.workflow INFO:
	 [Node] Setting-up "_denoise1" in "/work/fmriprep_25_0_wf/sub_GEO067_wf/anat_fit_wf/t2w_template_wf/denoise/mapflow/_denoise1".
250528-01:32:00,310 nipype.workflow INFO:
	 [Node] Executing "_denoise1" <nipype.interfaces.ants.segmentation.DenoiseImage>
250528-01:32:02,505 nipype.workflow INFO:
	 [Node] Setting-up "_n4_correct0" in "/work/fmriprep_25_0_wf/sub_GEO067_wf/anat_fit_wf/anat_template_wf/n4_correct/mapflow/_n4_correct0".
250528-01:32:02,512 nipype.workflow INFO:
	 [Node] Cached "_n4_correct0" - collecting precomputed outputs
250528-01:32:02,512 nipype.workflow INFO:
	 [Node] "_n4_correct0" found cached.
250528-01:32:02,513 nipype.workflow INFO:
	 [Node] Setting-up "_n4_correct1" in "/work/fmriprep_25_0_wf/sub_GEO067_wf/anat_fit_wf/anat_template_wf/n4_correct/mapflow/_n4_correct1".
250528-01:32:02,564 nipype.workflow INFO:
	 [Node] Cached "_n4_correct1" - collecting precomputed outputs
250528-01:32:02,564 nipype.workflow INFO:
	 [Node] "_n4_correct1" found cached.
250528-01:32:04,135 nipype.workflow INFO:
	 [Node] Setting-up "fmriprep_25_0_wf.sub_GEO067_wf.anat_fit_wf.anat_template_wf.anat_merge" in "/work/fmriprep_25_0_wf/sub_GEO067_wf/anat_fit_wf/anat_template_wf/anat_merge".
250528-01:32:06,90 nipype.workflow INFO:
	 [Node] Executing "anat_merge" <niworkflows.interfaces.freesurfer.StructuralReference>
250528-01:33:04,646 nipype.workflow INFO:
	 [Node] Finished "_denoise1", elapsed time 64.334139s.
250528-01:33:05,189 nipype.workflow INFO:
	 [Node] Finished "anat_merge", elapsed time 59.08766s.
250528-01:33:05,828 nipype.workflow INFO:
	 [Node] Setting-up "fmriprep_25_0_wf.sub_GEO067_wf.anat_fit_wf.anat_template_wf.anat_reorient" in "/work/fmriprep_25_0_wf/sub_GEO067_wf/anat_fit_wf/anat_template_wf/anat_reorient".
250528-01:33:06,332 nipype.workflow INFO:
	 [Node] Setting-up "_denoise0" in "/work/fmriprep_25_0_wf/sub_GEO067_wf/anat_fit_wf/t2w_template_wf/denoise/mapflow/_denoise0".
250528-01:33:06,440 nipype.workflow INFO:
	 [Node] Cached "_denoise0" - collecting precomputed outputs
250528-01:33:06,441 nipype.workflow INFO:
	 [Node] "_denoise0" found cached.
250528-01:33:06,441 nipype.workflow INFO:
	 [Node] Setting-up "_denoise1" in "/work/fmriprep_25_0_wf/sub_GEO067_wf/anat_fit_wf/t2w_template_wf/denoise/mapflow/_denoise1".
250528-01:33:06,446 nipype.workflow INFO:
	 [Node] Cached "_denoise1" - collecting precomputed outputs
250528-01:33:06,446 nipype.workflow INFO:
	 [Node] "_denoise1" found cached.
250528-01:33:06,541 nipype.workflow INFO:
	 [Node] Executing "anat_reorient" <nipype.interfaces.image.Reorient>
250528-01:33:06,731 nipype.workflow INFO:
	 [Node] Finished "anat_reorient", elapsed time 0.188918s.
250528-01:33:14,842 nipype.workflow INFO:
	 [Node] Setting-up "fmriprep_25_0_wf.sub_GEO067_wf.anat_fit_wf.surface_recon_wf.fov_check" in "/work/fmriprep_25_0_wf/sub_GEO067_wf/anat_fit_wf/surface_recon_wf/fov_check".
250528-01:33:14,845 nipype.workflow INFO:
	 [Node] Setting-up "_anat_conform0" in "/work/fmriprep_25_0_wf/sub_GEO067_wf/anat_fit_wf/t2w_template_wf/anat_conform/mapflow/_anat_conform0".
250528-01:33:14,846 nipype.workflow INFO:
	 [Node] Setting-up "_anat_conform1" in "/work/fmriprep_25_0_wf/sub_GEO067_wf/anat_fit_wf/t2w_template_wf/anat_conform/mapflow/_anat_conform1".
250528-01:33:14,885 nipype.workflow INFO:
	 [Node] Setting-up "fmriprep_25_0_wf.sub_GEO067_wf.anat_fit_wf.surface_recon_wf.recon_config" in "/work/fmriprep_25_0_wf/sub_GEO067_wf/anat_fit_wf/surface_recon_wf/recon_config".
250528-01:33:15,285 nipype.workflow INFO:
	 [Node] Setting-up "_truncate_images0" in "/work/fmriprep_25_0_wf/sub_GEO067_wf/anat_fit_wf/brain_extraction_wf/truncate_images/mapflow/_truncate_images0".
250528-01:33:15,543 nipype.workflow INFO:
	 [Node] Executing "fov_check" <nipype.interfaces.utility.wrappers.Function>
250528-01:33:15,564 nipype.workflow INFO:
	 [Node] Executing "_anat_conform0" <niworkflows.interfaces.images.Conform>
250528-01:33:15,827 nipype.workflow INFO:
	 [Node] Finished "_anat_conform0", elapsed time 0.262473s.
250528-01:33:15,860 nipype.workflow INFO:
	 [Node] Executing "recon_config" <niworkflows.interfaces.freesurfer.FSDetectInputs>
250528-01:33:15,888 nipype.workflow INFO:
	 [Node] Executing "_anat_conform1" <niworkflows.interfaces.images.Conform>
250528-01:33:15,918 nipype.workflow INFO:
	 [Node] Finished "fov_check", elapsed time 0.374321s.
250528-01:33:15,983 nipype.workflow INFO:
	 [Node] Finished "recon_config", elapsed time 0.122306s.
250528-01:33:16,63 nipype.workflow INFO:
	 [Node] Finished "_anat_conform1", elapsed time 0.17333s.
250528-01:33:16,216 nipype.workflow INFO:
	 [Node] Executing "_truncate_images0" <nipype.interfaces.ants.utils.ImageMath>
250528-01:33:18,152 nipype.workflow INFO:
	 [Node] Setting-up "_anat_conform0" in "/work/fmriprep_25_0_wf/sub_GEO067_wf/anat_fit_wf/t2w_template_wf/anat_conform/mapflow/_anat_conform0".
250528-01:33:18,156 nipype.workflow INFO:
	 [Node] Cached "_anat_conform0" - collecting precomputed outputs
250528-01:33:18,156 nipype.workflow INFO:
	 [Node] "_anat_conform0" found cached.
250528-01:33:18,156 nipype.workflow INFO:
	 [Node] Setting-up "_anat_conform1" in "/work/fmriprep_25_0_wf/sub_GEO067_wf/anat_fit_wf/t2w_template_wf/anat_conform/mapflow/_anat_conform1".
250528-01:33:18,159 nipype.workflow INFO:
	 [Node] Cached "_anat_conform1" - collecting precomputed outputs
250528-01:33:18,159 nipype.workflow INFO:
	 [Node] "_anat_conform1" found cached.
250528-01:33:22,655 nipype.workflow INFO:
	 [Node] Setting-up "fmriprep_25_0_wf.sub_GEO067_wf.anat_fit_wf.surface_recon_wf.autorecon1" in "/work/fmriprep_25_0_wf/sub_GEO067_wf/anat_fit_wf/surface_recon_wf/autorecon1".
250528-01:33:23,553 nipype.workflow INFO:
	 [Node] Executing "autorecon1" <smriprep.interfaces.freesurfer.ReconAll>
250528-01:33:23,949 nipype.workflow INFO:
	 [Node] Finished "_truncate_images0", elapsed time 7.732038s.
250528-01:33:25,234 nipype.workflow INFO:
	 [Node] Setting-up "_anat_conform_xfm0" in "/work/fmriprep_25_0_wf/sub_GEO067_wf/anat_fit_wf/t2w_template_wf/anat_conform_xfm/mapflow/_anat_conform_xfm0".
250528-01:33:25,726 nipype.workflow INFO:
	 [Node] Executing "_anat_conform_xfm0" <niworkflows.interfaces.freesurfer.PatchedLTAConvert>
250528-01:33:26,138 nipype.workflow INFO:
	 [Node] Finished "_anat_conform_xfm0", elapsed time 0.410221s.
250528-01:33:26,838 nipype.workflow INFO:
	 [Node] Setting-up "_anat_conform_xfm1" in "/work/fmriprep_25_0_wf/sub_GEO067_wf/anat_fit_wf/t2w_template_wf/anat_conform_xfm/mapflow/_anat_conform_xfm1".
250528-01:33:27,650 nipype.workflow INFO:
	 [Node] Executing "_anat_conform_xfm1" <niworkflows.interfaces.freesurfer.PatchedLTAConvert>
250528-01:33:27,899 nipype.workflow INFO:
	 [Node] Finished "_anat_conform_xfm1", elapsed time 0.247402s.
250528-01:33:29,739 nipype.workflow INFO:
	 [Node] Setting-up "_anat_conform_xfm0" in "/work/fmriprep_25_0_wf/sub_GEO067_wf/anat_fit_wf/t2w_template_wf/anat_conform_xfm/mapflow/_anat_conform_xfm0".
250528-01:33:29,742 nipype.workflow INFO:
	 [Node] Cached "_anat_conform_xfm0" - collecting precomputed outputs
250528-01:33:29,742 nipype.workflow INFO:
	 [Node] "_anat_conform_xfm0" found cached.
250528-01:33:29,743 nipype.workflow INFO:
	 [Node] Setting-up "_anat_conform_xfm1" in "/work/fmriprep_25_0_wf/sub_GEO067_wf/anat_fit_wf/t2w_template_wf/anat_conform_xfm/mapflow/_anat_conform_xfm1".
250528-01:33:29,748 nipype.workflow INFO:
	 [Node] Cached "_anat_conform_xfm1" - collecting precomputed outputs
250528-01:33:29,748 nipype.workflow INFO:
	 [Node] "_anat_conform_xfm1" found cached.
250528-01:33:30,866 nipype.workflow INFO:
	 [Node] Setting-up "_n4_correct0" in "/work/fmriprep_25_0_wf/sub_GEO067_wf/anat_fit_wf/t2w_template_wf/n4_correct/mapflow/_n4_correct0".
250528-01:33:31,456 nipype.workflow INFO:
	 [Node] Executing "_n4_correct0" <nipype.interfaces.ants.segmentation.N4BiasFieldCorrection>
250528-01:35:00,196 nipype.workflow INFO:
	 [Node] Finished "_n4_correct0", elapsed time 88.738622s.
250528-01:35:00,886 nipype.workflow INFO:
	 [Node] Setting-up "_n4_correct1" in "/work/fmriprep_25_0_wf/sub_GEO067_wf/anat_fit_wf/t2w_template_wf/n4_correct/mapflow/_n4_correct1".
250528-01:35:01,650 nipype.workflow INFO:
	 [Node] Executing "_n4_correct1" <nipype.interfaces.ants.segmentation.N4BiasFieldCorrection>
250528-01:36:29,123 nipype.workflow INFO:
	 [Node] Finished "_n4_correct1", elapsed time 87.470757s.
250528-01:36:31,466 nipype.workflow INFO:
	 [Node] Setting-up "_n4_correct0" in "/work/fmriprep_25_0_wf/sub_GEO067_wf/anat_fit_wf/t2w_template_wf/n4_correct/mapflow/_n4_correct0".
250528-01:36:31,476 nipype.workflow INFO:
	 [Node] Cached "_n4_correct0" - collecting precomputed outputs
250528-01:36:31,477 nipype.workflow INFO:
	 [Node] "_n4_correct0" found cached.
250528-01:36:31,477 nipype.workflow INFO:
	 [Node] Setting-up "_n4_correct1" in "/work/fmriprep_25_0_wf/sub_GEO067_wf/anat_fit_wf/t2w_template_wf/n4_correct/mapflow/_n4_correct1".
250528-01:36:31,480 nipype.workflow INFO:
	 [Node] Cached "_n4_correct1" - collecting precomputed outputs
250528-01:36:31,480 nipype.workflow INFO:
	 [Node] "_n4_correct1" found cached.
250528-01:36:32,892 nipype.workflow INFO:
	 [Node] Setting-up "fmriprep_25_0_wf.sub_GEO067_wf.anat_fit_wf.t2w_template_wf.anat_merge" in "/work/fmriprep_25_0_wf/sub_GEO067_wf/anat_fit_wf/t2w_template_wf/anat_merge".
250528-01:36:34,756 nipype.workflow INFO:
	 [Node] Executing "anat_merge" <niworkflows.interfaces.freesurfer.StructuralReference>
250528-01:37:47,605 nipype.workflow INFO:
	 [Node] Finished "anat_merge", elapsed time 72.839883s.
250528-01:37:48,899 nipype.workflow INFO:
	 [Node] Setting-up "fmriprep_25_0_wf.sub_GEO067_wf.anat_fit_wf.t2w_template_wf.anat_reorient" in "/work/fmriprep_25_0_wf/sub_GEO067_wf/anat_fit_wf/t2w_template_wf/anat_reorient".
250528-01:37:49,681 nipype.workflow INFO:
	 [Node] Executing "anat_reorient" <nipype.interfaces.image.Reorient>
250528-01:37:49,862 nipype.workflow INFO:
	 [Node] Finished "anat_reorient", elapsed time 0.18006s.
250528-01:40:48,715 nipype.workflow INFO:
	 [Node] Finished "autorecon1", elapsed time 445.160823s.
250528-01:40:50,853 nipype.workflow INFO:
	 [Node] Setting-up "fmriprep_25_0_wf.sub_GEO067_wf.anat_fit_wf.surface_recon_wf.fsnative2t1w_xfm" in "/work/fmriprep_25_0_wf/sub_GEO067_wf/anat_fit_wf/surface_recon_wf/fsnative2t1w_xfm".
250528-01:40:51,524 nipype.workflow INFO:
	 [Node] Setting-up "_inu_n40" in "/work/fmriprep_25_0_wf/sub_GEO067_wf/anat_fit_wf/brain_extraction_wf/inu_n4/mapflow/_inu_n40".
250528-01:40:52,124 nipype.workflow INFO:
	 [Node] Executing "fsnative2t1w_xfm" <niworkflows.interfaces.freesurfer.PatchedRobustRegister>
250528-01:40:52,649 nipype.workflow INFO:
	 [Node] Executing "_inu_n40" <nipype.interfaces.ants.segmentation.N4BiasFieldCorrection>
250528-01:41:08,451 nipype.workflow INFO:
	 [Node] Finished "_inu_n40", elapsed time 15.800622s.
250528-01:41:10,874 nipype.workflow INFO:
	 [Node] Setting-up "fmriprep_25_0_wf.sub_GEO067_wf.anat_fit_wf.brain_extraction_wf.res_target" in "/work/fmriprep_25_0_wf/sub_GEO067_wf/anat_fit_wf/brain_extraction_wf/res_target".
250528-01:41:10,874 nipype.workflow INFO:
	 [Node] Setting-up "fmriprep_25_0_wf.sub_GEO067_wf.anat_fit_wf.brain_extraction_wf.lap_target" in "/work/fmriprep_25_0_wf/sub_GEO067_wf/anat_fit_wf/brain_extraction_wf/lap_target".
250528-01:41:11,408 nipype.workflow INFO:
	 [Node] Executing "res_target" <niworkflows.interfaces.nibabel.RegridToZooms>
250528-01:41:11,472 nipype.workflow INFO:
	 [Node] Executing "lap_target" <nipype.interfaces.ants.utils.ImageMath>
250528-01:41:12,236 nipype.workflow INFO:
	 [Node] Finished "res_target", elapsed time 0.827122s.
250528-01:41:18,654 nipype.workflow INFO:
	 [Node] Finished "fsnative2t1w_xfm", elapsed time 26.529019s.
250528-01:41:19,57 nipype.workflow INFO:
	 [Node] Finished "lap_target", elapsed time 7.584217s.
250528-01:41:20,863 nipype.workflow INFO:
	 [Node] Setting-up "fmriprep_25_0_wf.sub_GEO067_wf.anat_fit_wf.brain_extraction_wf.init_aff" in "/work/fmriprep_25_0_wf/sub_GEO067_wf/anat_fit_wf/brain_extraction_wf/init_aff".
250528-01:41:20,864 nipype.workflow INFO:
	 [Node] Setting-up "fmriprep_25_0_wf.sub_GEO067_wf.anat_fit_wf.brain_extraction_wf.mrg_target" in "/work/fmriprep_25_0_wf/sub_GEO067_wf/anat_fit_wf/brain_extraction_wf/mrg_target".
250528-01:41:21,662 nipype.workflow INFO:
	 [Node] Executing "mrg_target" <nipype.interfaces.utility.base.Merge>
250528-01:41:21,663 nipype.workflow INFO:
	 [Node] Finished "mrg_target", elapsed time 0.000424s.
250528-01:41:22,159 nipype.workflow INFO:
	 [Node] Executing "init_aff" <nipype.interfaces.ants.utils.AI>
250528-01:41:35,989 nipype.workflow INFO:
	 [Node] Finished "init_aff", elapsed time 13.829711s.
250528-01:41:37,571 nipype.workflow INFO:
	 [Node] Setting-up "fmriprep_25_0_wf.sub_GEO067_wf.anat_fit_wf.brain_extraction_wf.norm" in "/work/fmriprep_25_0_wf/sub_GEO067_wf/anat_fit_wf/brain_extraction_wf/norm".
250528-01:41:38,123 nipype.workflow INFO:
	 [Node] Executing "norm" <niworkflows.interfaces.fixes.FixHeaderRegistration>
250528-01:46:58,768 nipype.workflow INFO:
	 [Node] Finished "norm", elapsed time 320.643872s.
250528-01:46:59,822 nipype.workflow INFO:
	 [Node] Setting-up "fmriprep_25_0_wf.sub_GEO067_wf.anat_fit_wf.brain_extraction_wf.map_brainmask" in "/work/fmriprep_25_0_wf/sub_GEO067_wf/anat_fit_wf/brain_extraction_wf/map_brainmask".
250528-01:46:59,823 nipype.workflow INFO:
	 [Node] Setting-up "fmriprep_25_0_wf.sub_GEO067_wf.anat_fit_wf.brain_extraction_wf.map_wmmask" in "/work/fmriprep_25_0_wf/sub_GEO067_wf/anat_fit_wf/brain_extraction_wf/map_wmmask".
250528-01:47:00,258 nipype.workflow INFO:
	 [Node] Executing "map_brainmask" <niworkflows.interfaces.fixes.FixHeaderApplyTransforms>
250528-01:47:00,332 nipype.workflow INFO:
	 [Node] Executing "map_wmmask" <niworkflows.interfaces.fixes.FixHeaderApplyTransforms>
250528-01:47:12,587 nipype.workflow INFO:
	 [Node] Finished "map_brainmask", elapsed time 12.328191s.
250528-01:47:13,725 nipype.workflow INFO:
	 [Node] Setting-up "fmriprep_25_0_wf.sub_GEO067_wf.anat_fit_wf.brain_extraction_wf.thr_brainmask" in "/work/fmriprep_25_0_wf/sub_GEO067_wf/anat_fit_wf/brain_extraction_wf/thr_brainmask".
250528-01:47:13,928 nipype.workflow INFO:
	 [Node] Executing "thr_brainmask" <nipype.interfaces.ants.utils.ThresholdImage>
250528-01:47:14,747 nipype.workflow INFO:
	 [Node] Finished "thr_brainmask", elapsed time 0.817589s.
250528-01:47:15,171 nipype.workflow INFO:
	 [Node] Finished "map_wmmask", elapsed time 14.837597s.
250528-01:47:15,717 nipype.workflow INFO:
	 [Node] Setting-up "fmriprep_25_0_wf.sub_GEO067_wf.anat_fit_wf.brain_extraction_wf.atropos_wf.dil_brainmask" in "/work/fmriprep_25_0_wf/sub_GEO067_wf/anat_fit_wf/brain_extraction_wf/atropos_wf/dil_brainmask".
250528-01:47:15,718 nipype.workflow INFO:
	 [Node] Setting-up "fmriprep_25_0_wf.sub_GEO067_wf.anat_fit_wf.brain_extraction_wf.atropos_wf.03_pad_mask" in "/work/fmriprep_25_0_wf/sub_GEO067_wf/anat_fit_wf/brain_extraction_wf/atropos_wf/03_pad_mask".
250528-01:47:16,616 nipype.workflow INFO:
	 [Node] Executing "03_pad_mask" <nipype.interfaces.ants.utils.ImageMath>
250528-01:47:16,762 nipype.workflow INFO:
	 [Node] Executing "dil_brainmask" <nipype.interfaces.ants.utils.ImageMath>
250528-01:47:17,848 nipype.workflow INFO:
	 [Node] Finished "03_pad_mask", elapsed time 1.230854s.
250528-01:47:17,928 nipype.workflow INFO:
	 [Node] Finished "dil_brainmask", elapsed time 1.165479s.
250528-01:47:19,734 nipype.workflow INFO:
	 [Node] Setting-up "fmriprep_25_0_wf.sub_GEO067_wf.anat_fit_wf.brain_extraction_wf.atropos_wf.get_brainmask" in "/work/fmriprep_25_0_wf/sub_GEO067_wf/anat_fit_wf/brain_extraction_wf/atropos_wf/get_brainmask".
250528-01:47:20,47 nipype.workflow INFO:
	 [Node] Setting-up "_inu_n4_final0" in "/work/fmriprep_25_0_wf/sub_GEO067_wf/anat_fit_wf/brain_extraction_wf/inu_n4_final/mapflow/_inu_n4_final0".
250528-01:47:20,690 nipype.workflow INFO:
	 [Node] Executing "_inu_n4_final0" <nipype.interfaces.ants.segmentation.N4BiasFieldCorrection>
250528-01:47:20,708 nipype.workflow INFO:
	 [Node] Executing "get_brainmask" <nipype.interfaces.ants.utils.ImageMath>
250528-01:47:22,446 nipype.workflow INFO:
	 [Node] Finished "get_brainmask", elapsed time 1.73724s.
250528-01:47:34,727 nipype.workflow INFO:
	 [Node] Finished "_inu_n4_final0", elapsed time 14.036755s.
250528-01:47:35,714 nipype.workflow INFO:
	 [Node] Setting-up "fmriprep_25_0_wf.sub_GEO067_wf.anat_fit_wf.brain_extraction_wf.atropos_wf.01_atropos" in "/work/fmriprep_25_0_wf/sub_GEO067_wf/anat_fit_wf/brain_extraction_wf/atropos_wf/01_atropos".
250528-01:47:36,156 nipype.workflow INFO:
	 [Node] Executing "01_atropos" <nipype.interfaces.ants.segmentation.Atropos>
250528-01:47:36,168 nipype.workflow INFO:
	 [Node] Setting-up "_apply_mask0" in "/work/fmriprep_25_0_wf/sub_GEO067_wf/anat_fit_wf/brain_extraction_wf/apply_mask/mapflow/_apply_mask0".
250528-01:47:36,576 nipype.workflow INFO:
	 [Node] Executing "_apply_mask0" <niworkflows.interfaces.nibabel.ApplyMask>
250528-01:47:37,265 nipype.workflow INFO:
	 [Node] Finished "_apply_mask0", elapsed time 0.687561s.
250528-01:48:01,262 nipype.workflow INFO:
	 [Node] Finished "01_atropos", elapsed time 25.104315s.
250528-01:48:01,741 nipype.workflow INFO:
	 [Node] Setting-up "fmriprep_25_0_wf.sub_GEO067_wf.anat_fit_wf.brain_extraction_wf.atropos_wf.02_pad_segm" in "/work/fmriprep_25_0_wf/sub_GEO067_wf/anat_fit_wf/brain_extraction_wf/atropos_wf/02_pad_segm".
250528-01:48:01,973 nipype.workflow INFO:
	 [Node] Executing "02_pad_segm" <nipype.interfaces.ants.utils.ImageMath>
250528-01:48:02,650 nipype.workflow INFO:
	 [Node] Finished "02_pad_segm", elapsed time 0.675778s.
250528-01:48:03,734 nipype.workflow INFO:
	 [Node] Setting-up "fmriprep_25_0_wf.sub_GEO067_wf.anat_fit_wf.brain_extraction_wf.atropos_wf.04_sel_labels" in "/work/fmriprep_25_0_wf/sub_GEO067_wf/anat_fit_wf/brain_extraction_wf/atropos_wf/04_sel_labels".
250528-01:48:03,999 nipype.workflow INFO:
	 [Node] Executing "04_sel_labels" <nipype.interfaces.utility.wrappers.Function>
250528-01:48:04,400 nipype.workflow INFO:
	 [Node] Finished "04_sel_labels", elapsed time 0.40036s.
250528-01:48:06,697 nipype.workflow INFO:
	 [Node] Setting-up "fmriprep_25_0_wf.sub_GEO067_wf.anat_fit_wf.brain_extraction_wf.atropos_wf.05_get_wm" in "/work/fmriprep_25_0_wf/sub_GEO067_wf/anat_fit_wf/brain_extraction_wf/atropos_wf/05_get_wm".
250528-01:48:06,697 nipype.workflow INFO:
	 [Node] Setting-up "fmriprep_25_0_wf.sub_GEO067_wf.anat_fit_wf.brain_extraction_wf.atropos_wf.06_get_gm" in "/work/fmriprep_25_0_wf/sub_GEO067_wf/anat_fit_wf/brain_extraction_wf/atropos_wf/06_get_gm".
250528-01:48:06,698 nipype.workflow INFO:
	 [Node] Setting-up "fmriprep_25_0_wf.sub_GEO067_wf.anat_fit_wf.brain_extraction_wf.atropos_wf.10_me_csf" in "/work/fmriprep_25_0_wf/sub_GEO067_wf/anat_fit_wf/brain_extraction_wf/atropos_wf/10_me_csf".
250528-01:48:06,698 nipype.workflow INFO:
	 [Node] Setting-up "fmriprep_25_0_wf.sub_GEO067_wf.anat_fit_wf.brain_extraction_wf.atropos_wf.27_depad_csf" in "/work/fmriprep_25_0_wf/sub_GEO067_wf/anat_fit_wf/brain_extraction_wf/atropos_wf/27_depad_csf".
250528-01:48:07,33 nipype.workflow INFO:
	 [Node] Executing "05_get_wm" <nipype.interfaces.ants.utils.ImageMath>
250528-01:48:07,42 nipype.workflow INFO:
	 [Node] Executing "06_get_gm" <nipype.interfaces.ants.utils.ImageMath>
250528-01:48:07,65 nipype.workflow INFO:
	 [Node] Executing "10_me_csf" <nipype.interfaces.ants.utils.ImageMath>
250528-01:48:07,252 nipype.workflow INFO:
	 [Node] Executing "27_depad_csf" <nipype.interfaces.ants.utils.ImageMath>
250528-01:48:07,823 nipype.workflow INFO:
	 [Node] Finished "27_depad_csf", elapsed time 0.569988s.
250528-01:48:08,72 nipype.workflow INFO:
	 [Node] Finished "05_get_wm", elapsed time 1.038295s.
250528-01:48:08,181 nipype.workflow INFO:
	 [Node] Finished "06_get_gm", elapsed time 1.137887s.
250528-01:48:08,740 nipype.workflow INFO:
	 [Node] Setting-up "fmriprep_25_0_wf.sub_GEO067_wf.anat_fit_wf.brain_extraction_wf.atropos_wf.09_relabel_wm" in "/work/fmriprep_25_0_wf/sub_GEO067_wf/anat_fit_wf/brain_extraction_wf/atropos_wf/09_relabel_wm".
250528-01:48:08,741 nipype.workflow INFO:
	 [Node] Setting-up "fmriprep_25_0_wf.sub_GEO067_wf.anat_fit_wf.brain_extraction_wf.atropos_wf.07_fill_gm" in "/work/fmriprep_25_0_wf/sub_GEO067_wf/anat_fit_wf/brain_extraction_wf/atropos_wf/07_fill_gm".
250528-01:48:09,47 nipype.workflow INFO:
	 [Node] Executing "09_relabel_wm" <nipype.interfaces.ants.utils.MultiplyImages>
250528-01:48:09,100 nipype.workflow INFO:
	 [Node] Executing "07_fill_gm" <nipype.interfaces.ants.utils.ImageMath>
250528-01:48:09,373 nipype.workflow INFO:
	 [Node] Finished "10_me_csf", elapsed time 2.306154s.
250528-01:48:09,677 nipype.workflow INFO:
	 [Node] Finished "09_relabel_wm", elapsed time 0.628746s.
250528-01:48:10,722 nipype.workflow INFO:
	 [Node] Setting-up "fmriprep_25_0_wf.sub_GEO067_wf.anat_fit_wf.brain_extraction_wf.atropos_wf.26_depad_wm" in "/work/fmriprep_25_0_wf/sub_GEO067_wf/anat_fit_wf/brain_extraction_wf/atropos_wf/26_depad_wm".
250528-01:48:10,722 nipype.workflow INFO:
	 [Node] Setting-up "fmriprep_25_0_wf.sub_GEO067_wf.anat_fit_wf.brain_extraction_wf.atropos_wf.apply_wm_prior" in "/work/fmriprep_25_0_wf/sub_GEO067_wf/anat_fit_wf/brain_extraction_wf/atropos_wf/apply_wm_prior".
250528-01:48:10,911 nipype.workflow INFO:
	 [Node] Executing "26_depad_wm" <nipype.interfaces.ants.utils.ImageMath>
250528-01:48:10,912 nipype.workflow INFO:
	 [Node] Executing "apply_wm_prior" <nipype.interfaces.utility.wrappers.Function>
250528-01:48:11,525 nipype.workflow INFO:
	 [Node] Finished "apply_wm_prior", elapsed time 0.612159s.
250528-01:48:11,553 nipype.workflow INFO:
	 [Node] Finished "26_depad_wm", elapsed time 0.641415s.
250528-01:48:13,28 nipype.workflow INFO:
	 [Node] Setting-up "_inu_n4_final0" in "/work/fmriprep_25_0_wf/sub_GEO067_wf/anat_fit_wf/brain_extraction_wf/atropos_wf/inu_n4_final/mapflow/_inu_n4_final0".
250528-01:48:13,350 nipype.workflow INFO:
	 [Node] Executing "_inu_n4_final0" <nipype.interfaces.ants.segmentation.N4BiasFieldCorrection>
250528-01:48:14,973 nipype.workflow INFO:
	 [Node] Finished "07_fill_gm", elapsed time 5.871662s.
250528-01:48:16,834 nipype.workflow INFO:
	 [Node] Setting-up "fmriprep_25_0_wf.sub_GEO067_wf.anat_fit_wf.brain_extraction_wf.atropos_wf.08_mult_gm" in "/work/fmriprep_25_0_wf/sub_GEO067_wf/anat_fit_wf/brain_extraction_wf/atropos_wf/08_mult_gm".
250528-01:48:17,188 nipype.workflow INFO:
	 [Node] Executing "08_mult_gm" <nipype.interfaces.ants.utils.MultiplyImages>
250528-01:48:18,13 nipype.workflow INFO:
	 [Node] Finished "08_mult_gm", elapsed time 0.823668s.
250528-01:48:18,749 nipype.workflow INFO:
	 [Node] Setting-up "fmriprep_25_0_wf.sub_GEO067_wf.anat_fit_wf.brain_extraction_wf.atropos_wf.11_add_gm" in "/work/fmriprep_25_0_wf/sub_GEO067_wf/anat_fit_wf/brain_extraction_wf/atropos_wf/11_add_gm".
250528-01:48:19,56 nipype.workflow INFO:
	 [Node] Executing "11_add_gm" <nipype.interfaces.ants.utils.ImageMath>
250528-01:48:20,116 nipype.workflow INFO:
	 [Node] Finished "11_add_gm", elapsed time 1.057903s.
250528-01:48:20,747 nipype.workflow INFO:
	 [Node] Setting-up "fmriprep_25_0_wf.sub_GEO067_wf.anat_fit_wf.brain_extraction_wf.atropos_wf.12_relabel_gm" in "/work/fmriprep_25_0_wf/sub_GEO067_wf/anat_fit_wf/brain_extraction_wf/atropos_wf/12_relabel_gm".
250528-01:48:20,863 nipype.workflow INFO:
	 [Node] Executing "12_relabel_gm" <nipype.interfaces.ants.utils.MultiplyImages>
250528-01:48:21,448 nipype.workflow INFO:
	 [Node] Finished "12_relabel_gm", elapsed time 0.584651s.
250528-01:48:22,741 nipype.workflow INFO:
	 [Node] Setting-up "fmriprep_25_0_wf.sub_GEO067_wf.anat_fit_wf.brain_extraction_wf.atropos_wf.13_add_gm_wm" in "/work/fmriprep_25_0_wf/sub_GEO067_wf/anat_fit_wf/brain_extraction_wf/atropos_wf/13_add_gm_wm".
250528-01:48:22,947 nipype.workflow INFO:
	 [Node] Executing "13_add_gm_wm" <nipype.interfaces.ants.utils.ImageMath>
250528-01:48:24,83 nipype.workflow INFO:
	 [Node] Finished "13_add_gm_wm", elapsed time 1.135194s.
250528-01:48:24,759 nipype.workflow INFO:
	 [Node] Setting-up "fmriprep_25_0_wf.sub_GEO067_wf.anat_fit_wf.brain_extraction_wf.atropos_wf.25_depad_gm" in "/work/fmriprep_25_0_wf/sub_GEO067_wf/anat_fit_wf/brain_extraction_wf/atropos_wf/25_depad_gm".
250528-01:48:25,294 nipype.workflow INFO:
	 [Node] Executing "25_depad_gm" <nipype.interfaces.ants.utils.ImageMath>
250528-01:48:26,61 nipype.workflow INFO:
	 [Node] Finished "25_depad_gm", elapsed time 0.765226s.
250528-01:48:26,742 nipype.workflow INFO:
	 [Node] Setting-up "fmriprep_25_0_wf.sub_GEO067_wf.anat_fit_wf.brain_extraction_wf.atropos_wf.14_sel_labels2" in "/work/fmriprep_25_0_wf/sub_GEO067_wf/anat_fit_wf/brain_extraction_wf/atropos_wf/14_sel_labels2".
250528-01:48:27,96 nipype.workflow INFO:
	 [Node] Finished "_inu_n4_final0", elapsed time 13.743046s.
250528-01:48:27,251 nipype.workflow INFO:
	 [Node] Executing "14_sel_labels2" <nipype.interfaces.utility.wrappers.Function>
250528-01:48:27,441 nipype.workflow INFO:
	 [Node] Finished "14_sel_labels2", elapsed time 0.189225s.
250528-01:48:28,739 nipype.workflow INFO:
	 [Node] Setting-up "fmriprep_25_0_wf.sub_GEO067_wf.anat_fit_wf.brain_extraction_wf.atropos_wf.24_depad_segm" in "/work/fmriprep_25_0_wf/sub_GEO067_wf/anat_fit_wf/brain_extraction_wf/atropos_wf/24_depad_segm".
250528-01:48:28,739 nipype.workflow INFO:
	 [Node] Setting-up "fmriprep_25_0_wf.sub_GEO067_wf.anat_fit_wf.brain_extraction_wf.atropos_wf.merge_tpms" in "/work/fmriprep_25_0_wf/sub_GEO067_wf/anat_fit_wf/brain_extraction_wf/atropos_wf/merge_tpms".
250528-01:48:28,740 nipype.workflow INFO:
	 [Node] Setting-up "fmriprep_25_0_wf.sub_GEO067_wf.anat_fit_wf.brain_extraction_wf.atropos_wf.15_add_7" in "/work/fmriprep_25_0_wf/sub_GEO067_wf/anat_fit_wf/brain_extraction_wf/atropos_wf/15_add_7".
250528-01:48:28,998 nipype.workflow INFO:
	 [Node] Executing "24_depad_segm" <nipype.interfaces.ants.utils.ImageMath>
250528-01:48:29,87 nipype.workflow INFO:
	 [Node] Executing "15_add_7" <nipype.interfaces.ants.utils.ImageMath>
250528-01:48:29,93 nipype.workflow INFO:
	 [Node] Executing "merge_tpms" <nipype.interfaces.utility.base.Merge>
250528-01:48:29,95 nipype.workflow INFO:
	 [Node] Finished "merge_tpms", elapsed time 0.000577s.
250528-01:48:29,685 nipype.workflow INFO:
	 [Node] Finished "24_depad_segm", elapsed time 0.685329s.
250528-01:48:30,67 nipype.workflow INFO:
	 [Node] Finished "15_add_7", elapsed time 0.97917s.
250528-01:48:30,730 nipype.workflow INFO:
	 [Node] Setting-up "fmriprep_25_0_wf.sub_GEO067_wf.anat_fit_wf.brain_extraction_wf.atropos_wf.16_me_7" in "/work/fmriprep_25_0_wf/sub_GEO067_wf/anat_fit_wf/brain_extraction_wf/atropos_wf/16_me_7".
250528-01:48:31,30 nipype.workflow INFO:
	 [Node] Executing "16_me_7" <nipype.interfaces.ants.utils.ImageMath>
250528-01:48:32,787 nipype.workflow INFO:
	 [Node] Finished "16_me_7", elapsed time 1.7558340000000001s.
250528-01:48:34,737 nipype.workflow INFO:
	 [Node] Setting-up "fmriprep_25_0_wf.sub_GEO067_wf.anat_fit_wf.brain_extraction_wf.atropos_wf.17_comp_7" in "/work/fmriprep_25_0_wf/sub_GEO067_wf/anat_fit_wf/brain_extraction_wf/atropos_wf/17_comp_7".
250528-01:48:34,977 nipype.workflow INFO:
	 [Node] Executing "17_comp_7" <nipype.interfaces.ants.utils.ImageMath>
250528-01:48:36,80 nipype.workflow INFO:
	 [Node] Finished "17_comp_7", elapsed time 1.101716s.
250528-01:48:36,737 nipype.workflow INFO:
	 [Node] Setting-up "fmriprep_25_0_wf.sub_GEO067_wf.anat_fit_wf.brain_extraction_wf.atropos_wf.18_md_7" in "/work/fmriprep_25_0_wf/sub_GEO067_wf/anat_fit_wf/brain_extraction_wf/atropos_wf/18_md_7".
250528-01:48:37,154 nipype.workflow INFO:
	 [Node] Executing "18_md_7" <nipype.interfaces.ants.utils.ImageMath>
250528-01:48:38,306 nipype.workflow INFO:
	 [Node] Finished "18_md_7", elapsed time 1.1507830000000001s.
250528-01:48:40,741 nipype.workflow INFO:
	 [Node] Setting-up "fmriprep_25_0_wf.sub_GEO067_wf.anat_fit_wf.brain_extraction_wf.atropos_wf.19_fill_7" in "/work/fmriprep_25_0_wf/sub_GEO067_wf/anat_fit_wf/brain_extraction_wf/atropos_wf/19_fill_7".
250528-01:48:40,878 nipype.workflow INFO:
	 [Node] Executing "19_fill_7" <nipype.interfaces.ants.utils.ImageMath>
250528-01:48:46,220 nipype.workflow INFO:
	 [Node] Finished "19_fill_7", elapsed time 5.340888s.
250528-01:48:46,733 nipype.workflow INFO:
	 [Node] Setting-up "fmriprep_25_0_wf.sub_GEO067_wf.anat_fit_wf.brain_extraction_wf.atropos_wf.20_add_7_2" in "/work/fmriprep_25_0_wf/sub_GEO067_wf/anat_fit_wf/brain_extraction_wf/atropos_wf/20_add_7_2".
250528-01:48:47,57 nipype.workflow INFO:
	 [Node] Executing "20_add_7_2" <nipype.interfaces.ants.utils.ImageMath>
250528-01:48:48,84 nipype.workflow INFO:
	 [Node] Finished "20_add_7_2", elapsed time 1.025772s.
250528-01:48:48,715 nipype.workflow INFO:
	 [Node] Setting-up "fmriprep_25_0_wf.sub_GEO067_wf.anat_fit_wf.brain_extraction_wf.atropos_wf.21_md_7_2" in "/work/fmriprep_25_0_wf/sub_GEO067_wf/anat_fit_wf/brain_extraction_wf/atropos_wf/21_md_7_2".
250528-01:48:49,55 nipype.workflow INFO:
	 [Node] Executing "21_md_7_2" <nipype.interfaces.ants.utils.ImageMath>
250528-01:48:50,251 nipype.workflow INFO:
	 [Node] Finished "21_md_7_2", elapsed time 1.194925s.
250528-01:48:52,727 nipype.workflow INFO:
	 [Node] Setting-up "fmriprep_25_0_wf.sub_GEO067_wf.anat_fit_wf.brain_extraction_wf.atropos_wf.22_me_7_2" in "/work/fmriprep_25_0_wf/sub_GEO067_wf/anat_fit_wf/brain_extraction_wf/atropos_wf/22_me_7_2".
250528-01:48:53,95 nipype.workflow INFO:
	 [Node] Executing "22_me_7_2" <nipype.interfaces.ants.utils.ImageMath>
250528-01:48:55,192 nipype.workflow INFO:
	 [Node] Finished "22_me_7_2", elapsed time 2.095246s.
250528-01:48:56,751 nipype.workflow INFO:
	 [Node] Setting-up "fmriprep_25_0_wf.sub_GEO067_wf.anat_fit_wf.brain_extraction_wf.atropos_wf.23_depad_mask" in "/work/fmriprep_25_0_wf/sub_GEO067_wf/anat_fit_wf/brain_extraction_wf/atropos_wf/23_depad_mask".
250528-01:48:57,4 nipype.workflow INFO:
	 [Node] Executing "23_depad_mask" <nipype.interfaces.ants.utils.ImageMath>
250528-01:48:57,702 nipype.workflow INFO:
	 [Node] Finished "23_depad_mask", elapsed time 0.696497s.
250528-01:48:58,731 nipype.workflow INFO:
	 [Node] Setting-up "fmriprep_25_0_wf.sub_GEO067_wf.anat_fit_wf.brain_extraction_wf.atropos_wf.msk_conform" in "/work/fmriprep_25_0_wf/sub_GEO067_wf/anat_fit_wf/brain_extraction_wf/atropos_wf/msk_conform".
250528-01:48:59,232 nipype.workflow INFO:
	 [Node] Executing "msk_conform" <nipype.interfaces.utility.wrappers.Function>
250528-01:48:59,472 nipype.workflow INFO:
	 [Node] Finished "msk_conform", elapsed time 0.239185s.
250528-01:49:11,277 nipype.workflow INFO:
	 [Node] Setting-up "_apply_mask0" in "/work/fmriprep_25_0_wf/sub_GEO067_wf/anat_fit_wf/brain_extraction_wf/atropos_wf/apply_mask/mapflow/_apply_mask0".
250528-01:49:11,473 nipype.workflow INFO:
	 [Node] Executing "_apply_mask0" <niworkflows.interfaces.nibabel.ApplyMask>
250528-01:49:12,211 nipype.workflow INFO:
	 [Node] Finished "_apply_mask0", elapsed time 0.736046s.
250528-01:49:13,932 nipype.workflow INFO:
	 [Node] Setting-up "fmriprep_25_0_wf.sub_GEO067_wf.anat_fit_wf.register_template_wf.trunc_mov" in "/work/fmriprep_25_0_wf/sub_GEO067_wf/anat_fit_wf/register_template_wf/_template_MNI152NLin2009cAsym/trunc_mov".
250528-01:49:14,169 nipype.workflow INFO:
	 [Node] Executing "trunc_mov" <nipype.interfaces.ants.utils.ImageMath>
250528-01:49:14,206 nipype.workflow INFO:
	 [Node] Setting-up "fmriprep_25_0_wf.sub_GEO067_wf.anat_fit_wf.surface_recon_wf.skull_strip_extern" in "/work/fmriprep_25_0_wf/sub_GEO067_wf/anat_fit_wf/surface_recon_wf/skull_strip_extern".
250528-01:49:14,209 nipype.workflow INFO:
	 [Node] Setting-up "fmriprep_25_0_wf.sub_GEO067_wf.ds_std_volumes_wf.gen_ref" in "/work/fmriprep_25_0_wf/sub_GEO067_wf/ds_std_volumes_wf/_in_tuple_MNI152NLin2009cAsym.resnative/gen_ref".
250528-01:49:14,557 nipype.workflow INFO:
	 [Node] Executing "skull_strip_extern" <niworkflows.interfaces.freesurfer.FSInjectBrainExtracted>
250528-01:49:14,663 nipype.workflow INFO:
	 [Node] Executing "gen_ref" <niworkflows.interfaces.nibabel.GenerateSamplingReference>
250528-01:49:15,731 nipype.workflow INFO:
	 [Node] Finished "skull_strip_extern", elapsed time 1.172487s.
250528-01:49:16,201 nipype.workflow INFO:
	 [Node] Finished "gen_ref", elapsed time 1.53686s.
250528-01:49:18,219 nipype.workflow INFO:
	 [Node] Setting-up "fmriprep_25_0_wf.sub_GEO067_wf.anat_fit_wf.surface_recon_wf.autorecon_resume_wf.gcareg" in "/work/fmriprep_25_0_wf/sub_GEO067_wf/anat_fit_wf/surface_recon_wf/autorecon_resume_wf/gcareg".
250528-01:49:18,598 nipype.workflow INFO:
	 [Node] Executing "gcareg" <smriprep.interfaces.freesurfer.ReconAll>
250528-01:49:18,610 nipype.interface INFO:
	 resume recon-all : recon-all -openmp 7 -subjid sub-GEO067 -sd /out/sourcedata/freesurfer -gcareg
250528-01:49:18,610 nipype.interface INFO:
	 resume recon-all : recon-all -openmp 7 -subjid sub-GEO067 -sd /out/sourcedata/freesurfer -gcareg
250528-01:49:18,950 nipype.workflow INFO:
	 [Node] Finished "trunc_mov", elapsed time 4.780771s.
250528-01:52:45,977 nipype.workflow INFO:
	 [Node] Finished "gcareg", elapsed time 207.37682s.
250528-01:52:48,268 nipype.workflow INFO:
	 [Node] Setting-up "fmriprep_25_0_wf.sub_GEO067_wf.anat_fit_wf.surface_recon_wf.autorecon_resume_wf.autorecon2_vol" in "/work/fmriprep_25_0_wf/sub_GEO067_wf/anat_fit_wf/surface_recon_wf/autorecon_resume_wf/autorecon2_vol".
250528-01:52:50,797 nipype.workflow INFO:
	 [Node] Executing "autorecon2_vol" <smriprep.interfaces.freesurfer.ReconAll>
250528-01:52:50,802 nipype.interface INFO:
	 resume recon-all : recon-all -autorecon2-volonly -openmp 7 -subjid sub-GEO067 -sd /out/sourcedata/freesurfer -nogcareg
250528-01:52:50,802 nipype.interface INFO:
	 resume recon-all : recon-all -autorecon2-volonly -openmp 7 -subjid sub-GEO067 -sd /out/sourcedata/freesurfer -nogcareg
250528-03:07:51,136 nipype.workflow INFO:
	 [Node] Finished "autorecon2_vol", elapsed time 4500.333518s.
250528-03:07:55,32 nipype.workflow INFO:
	 [Node] Setting-up "_autorecon_surfs0" in "/work/fmriprep_25_0_wf/sub_GEO067_wf/anat_fit_wf/surface_recon_wf/autorecon_resume_wf/autorecon_surfs/mapflow/_autorecon_surfs0".
250528-03:07:55,125 nipype.workflow INFO:
	 [Node] Executing "_autorecon_surfs0" <smriprep.interfaces.freesurfer.ReconAll>
250528-03:07:55,130 nipype.interface INFO:
	 resume recon-all : recon-all -autorecon-hemi lh -noparcstats -noparcstats2 -noparcstats3 -nohyporelabel -nobalabels -lh-only -openmp 7 -subjid sub-GEO067 -sd /out/sourcedata/freesurfer 
250528-03:07:55,130 nipype.interface INFO:
	 resume recon-all : recon-all -autorecon-hemi lh -noparcstats -noparcstats2 -noparcstats3 -nohyporelabel -nobalabels -lh-only -openmp 7 -subjid sub-GEO067 -sd /out/sourcedata/freesurfer 
250528-03:29:19,580 nipype.workflow INFO:
	 [Node] Finished "_autorecon_surfs0", elapsed time 1284.453344s.
250528-03:29:21,205 nipype.workflow INFO:
	 [Node] Setting-up "_autorecon_surfs1" in "/work/fmriprep_25_0_wf/sub_GEO067_wf/anat_fit_wf/surface_recon_wf/autorecon_resume_wf/autorecon_surfs/mapflow/_autorecon_surfs1".
250528-03:29:21,288 nipype.workflow INFO:
	 [Node] Executing "_autorecon_surfs1" <smriprep.interfaces.freesurfer.ReconAll>
250528-03:29:21,298 nipype.interface INFO:
	 resume recon-all : recon-all -autorecon-hemi rh -noparcstats -noparcstats2 -noparcstats3 -nohyporelabel -nobalabels -rh-only -openmp 7 -subjid sub-GEO067 -sd /out/sourcedata/freesurfer 
250528-03:29:21,299 nipype.interface INFO:
	 resume recon-all : recon-all -autorecon-hemi rh -noparcstats -noparcstats2 -noparcstats3 -nohyporelabel -nobalabels -rh-only -openmp 7 -subjid sub-GEO067 -sd /out/sourcedata/freesurfer 
250528-03:48:49,766 nipype.workflow INFO:
	 [Node] Finished "_autorecon_surfs1", elapsed time 1168.477146s.
250528-03:48:51,530 nipype.workflow INFO:
	 [Node] Setting-up "_autorecon_surfs0" in "/work/fmriprep_25_0_wf/sub_GEO067_wf/anat_fit_wf/surface_recon_wf/autorecon_resume_wf/autorecon_surfs/mapflow/_autorecon_surfs0".
250528-03:48:51,716 nipype.workflow INFO:
	 [Node] Executing "_autorecon_surfs0" <smriprep.interfaces.freesurfer.ReconAll>
250528-03:48:51,804 nipype.interface INFO:
	 recon-all complete : Not running
250528-03:48:51,805 nipype.interface INFO:
	 recon-all complete : Not running
250528-03:48:51,964 nipype.workflow INFO:
	 [Node] Finished "_autorecon_surfs0", elapsed time 0.246541s.
250528-03:48:52,14 nipype.workflow INFO:
	 [Node] Setting-up "_autorecon_surfs1" in "/work/fmriprep_25_0_wf/sub_GEO067_wf/anat_fit_wf/surface_recon_wf/autorecon_resume_wf/autorecon_surfs/mapflow/_autorecon_surfs1".
250528-03:48:52,200 nipype.workflow INFO:
	 [Node] Executing "_autorecon_surfs1" <smriprep.interfaces.freesurfer.ReconAll>
250528-03:48:52,236 nipype.interface INFO:
	 recon-all complete : Not running
250528-03:48:52,237 nipype.interface INFO:
	 recon-all complete : Not running
250528-03:48:52,388 nipype.workflow INFO:
	 [Node] Finished "_autorecon_surfs1", elapsed time 0.186532s.
250528-03:48:53,374 nipype.workflow INFO:
	 [Node] Setting-up "fmriprep_25_0_wf.sub_GEO067_wf.anat_fit_wf.surface_recon_wf.autorecon_resume_wf.cortribbon" in "/work/fmriprep_25_0_wf/sub_GEO067_wf/anat_fit_wf/surface_recon_wf/autorecon_resume_wf/cortribbon".
250528-03:48:53,484 nipype.workflow INFO:
	 [Node] Executing "cortribbon" <smriprep.interfaces.freesurfer.ReconAll>
250528-03:48:53,486 nipype.interface INFO:
	 resume recon-all : recon-all -parallel -subjid sub-GEO067 -sd /out/sourcedata/freesurfer -T2pial -cortribbon
250528-03:48:53,487 nipype.interface INFO:
	 resume recon-all : recon-all -parallel -subjid sub-GEO067 -sd /out/sourcedata/freesurfer -T2pial -cortribbon
250528-04:31:01,372 nipype.workflow INFO:
	 [Node] Finished "cortribbon", elapsed time 2527.885913s.
250528-04:31:05,628 nipype.workflow INFO:
	 [Node] Setting-up "_parcstats0" in "/work/fmriprep_25_0_wf/sub_GEO067_wf/anat_fit_wf/surface_recon_wf/autorecon_resume_wf/parcstats/mapflow/_parcstats0".
250528-04:31:05,734 nipype.workflow INFO:
	 [Node] Executing "_parcstats0" <smriprep.interfaces.freesurfer.ReconAll>
250528-04:31:05,736 nipype.interface INFO:
	 resume recon-all : recon-all -autorecon-hemi lh -nohyporelabel -lh-only -openmp 7 -subjid sub-GEO067 -sd /out/sourcedata/freesurfer -notessellate -nosmooth1 -noinflate1 -noqsphere -nofix -nowhite -nosmooth2 -noinflate2 -nocurvHK -nocurvstats -nosphere -nosurfreg -nojacobian_white -noavgcurv -nocortparc -nopial -nocortparc2 -nocortparc3 -nopctsurfcon
250528-04:31:05,736 nipype.interface INFO:
	 resume recon-all : recon-all -autorecon-hemi lh -nohyporelabel -lh-only -openmp 7 -subjid sub-GEO067 -sd /out/sourcedata/freesurfer -notessellate -nosmooth1 -noinflate1 -noqsphere -nofix -nowhite -nosmooth2 -noinflate2 -nocurvHK -nocurvstats -nosphere -nosurfreg -nojacobian_white -noavgcurv -nocortparc -nopial -nocortparc2 -nocortparc3 -nopctsurfcon
250528-04:33:55,28 nipype.workflow INFO:
	 [Node] Finished "_parcstats0", elapsed time 169.29259s.
250528-04:33:55,622 nipype.workflow INFO:
	 [Node] Setting-up "_parcstats1" in "/work/fmriprep_25_0_wf/sub_GEO067_wf/anat_fit_wf/surface_recon_wf/autorecon_resume_wf/parcstats/mapflow/_parcstats1".
250528-04:33:55,722 nipype.workflow INFO:
	 [Node] Executing "_parcstats1" <smriprep.interfaces.freesurfer.ReconAll>
250528-04:33:55,797 nipype.interface INFO:
	 resume recon-all : recon-all -autorecon-hemi rh -nohyporelabel -rh-only -openmp 7 -subjid sub-GEO067 -sd /out/sourcedata/freesurfer -notessellate -nosmooth1 -noinflate1 -noqsphere -nofix -nowhite -nosmooth2 -noinflate2 -nocurvHK -nocurvstats -nosphere -nosurfreg -nojacobian_white -noavgcurv -nocortparc -nopial -nocortparc2 -nocortparc3 -nopctsurfcon
250528-04:33:55,799 nipype.interface INFO:
	 resume recon-all : recon-all -autorecon-hemi rh -nohyporelabel -rh-only -openmp 7 -subjid sub-GEO067 -sd /out/sourcedata/freesurfer -notessellate -nosmooth1 -noinflate1 -noqsphere -nofix -nowhite -nosmooth2 -noinflate2 -nocurvHK -nocurvstats -nosphere -nosurfreg -nojacobian_white -noavgcurv -nocortparc -nopial -nocortparc2 -nocortparc3 -nopctsurfcon
250528-04:36:42,986 nipype.workflow INFO:
	 [Node] Finished "_parcstats1", elapsed time 167.262531s.
250528-04:36:43,851 nipype.workflow INFO:
	 [Node] Setting-up "_parcstats0" in "/work/fmriprep_25_0_wf/sub_GEO067_wf/anat_fit_wf/surface_recon_wf/autorecon_resume_wf/parcstats/mapflow/_parcstats0".
250528-04:36:44,276 nipype.workflow INFO:
	 [Node] Executing "_parcstats0" <smriprep.interfaces.freesurfer.ReconAll>
250528-04:36:44,392 nipype.interface INFO:
	 recon-all complete : Not running
250528-04:36:44,393 nipype.interface INFO:
	 recon-all complete : Not running
250528-04:36:44,577 nipype.workflow INFO:
	 [Node] Finished "_parcstats0", elapsed time 0.298955s.
250528-04:36:44,670 nipype.workflow INFO:
	 [Node] Setting-up "_parcstats1" in "/work/fmriprep_25_0_wf/sub_GEO067_wf/anat_fit_wf/surface_recon_wf/autorecon_resume_wf/parcstats/mapflow/_parcstats1".
250528-04:36:45,225 nipype.workflow INFO:
	 [Node] Executing "_parcstats1" <smriprep.interfaces.freesurfer.ReconAll>
250528-04:36:45,290 nipype.interface INFO:
	 recon-all complete : Not running
250528-04:36:45,291 nipype.interface INFO:
	 recon-all complete : Not running
250528-04:36:45,454 nipype.workflow INFO:
	 [Node] Finished "_parcstats1", elapsed time 0.227352s.
250528-04:36:47,659 nipype.workflow INFO:
	 [Node] Setting-up "fmriprep_25_0_wf.sub_GEO067_wf.anat_fit_wf.surface_recon_wf.autorecon_resume_wf.autorecon3" in "/work/fmriprep_25_0_wf/sub_GEO067_wf/anat_fit_wf/surface_recon_wf/autorecon_resume_wf/autorecon3".
250528-04:36:48,38 nipype.workflow INFO:
	 [Node] Executing "autorecon3" <smriprep.interfaces.freesurfer.ReconAll>
250528-04:36:48,48 nipype.interface INFO:
	 resume recon-all : recon-all -autorecon3 -openmp 7 -subjid sub-GEO067 -sd /out/sourcedata/freesurfer -nosphere -nosurfreg -nojacobian_white -noavgcurv -nocortparc -nopial -noparcstats -nocortparc2 -noparcstats2 -nocortparc3 -noparcstats3 -nopctsurfcon -nocortribbon -nobalabels
250528-04:36:48,50 nipype.interface INFO:
	 resume recon-all : recon-all -autorecon3 -openmp 7 -subjid sub-GEO067 -sd /out/sourcedata/freesurfer -nosphere -nosurfreg -nojacobian_white -noavgcurv -nocortparc -nopial -noparcstats -nocortparc2 -noparcstats2 -nocortparc3 -noparcstats3 -nopctsurfcon -nocortribbon -nobalabels
250528-04:42:17,252 nipype.workflow INFO:
	 [Node] Finished "autorecon3", elapsed time 329.212355s.
250528-04:42:19,732 nipype.workflow INFO:
	 [Node] Setting-up "fmriprep_25_0_wf.sub_GEO067_wf.anat_fit_wf.surface_recon_wf.get_surfaces" in "/work/fmriprep_25_0_wf/sub_GEO067_wf/anat_fit_wf/surface_recon_wf/get_surfaces".
250528-04:42:20,61 nipype.workflow INFO:
	 [Node] Executing "get_surfaces" <niworkflows.interfaces.patches.FreeSurferSource>
250528-04:42:20,76 nipype.workflow INFO:
	 [Node] Finished "get_surfaces", elapsed time 0.014123s.
250528-04:42:23,747 nipype.workflow INFO:
	 [Node] Setting-up "_midthickness0" in "/work/fmriprep_25_0_wf/sub_GEO067_wf/anat_fit_wf/surface_recon_wf/midthickness/mapflow/_midthickness0".
250528-04:42:24,195 nipype.workflow INFO:
	 [Node] Executing "_midthickness0" <smriprep.interfaces.freesurfer.MakeMidthickness>
250528-05:01:39,822 nipype.workflow INFO:
	 [Node] Finished "_midthickness0", elapsed time 1155.619901s.
250528-05:01:41,937 nipype.workflow INFO:
	 [Node] Setting-up "_midthickness1" in "/work/fmriprep_25_0_wf/sub_GEO067_wf/anat_fit_wf/surface_recon_wf/midthickness/mapflow/_midthickness1".
250528-05:01:42,78 nipype.workflow INFO:
	 [Node] Executing "_midthickness1" <smriprep.interfaces.freesurfer.MakeMidthickness>
250528-05:18:10,723 nipype.workflow INFO:
	 [Node] Finished "_midthickness1", elapsed time 988.634027s.
250528-05:18:12,199 nipype.workflow INFO:
	 [Node] Setting-up "_midthickness0" in "/work/fmriprep_25_0_wf/sub_GEO067_wf/anat_fit_wf/surface_recon_wf/midthickness/mapflow/_midthickness0".
250528-05:18:12,232 nipype.workflow INFO:
	 [Node] Cached "_midthickness0" - collecting precomputed outputs
250528-05:18:12,232 nipype.workflow INFO:
	 [Node] "_midthickness0" found cached.
250528-05:18:12,233 nipype.workflow INFO:
	 [Node] Setting-up "_midthickness1" in "/work/fmriprep_25_0_wf/sub_GEO067_wf/anat_fit_wf/surface_recon_wf/midthickness/mapflow/_midthickness1".
250528-05:18:12,236 nipype.workflow INFO:
	 [Node] Cached "_midthickness1" - collecting precomputed outputs
250528-05:18:12,236 nipype.workflow INFO:
	 [Node] "_midthickness1" found cached.
250528-05:18:14,32 nipype.workflow INFO:
	 [Node] Setting-up "fmriprep_25_0_wf.sub_GEO067_wf.anat_fit_wf.surface_recon_wf.save_midthickness" in "/work/fmriprep_25_0_wf/sub_GEO067_wf/anat_fit_wf/surface_recon_wf/save_midthickness".
250528-05:18:14,425 nipype.workflow INFO:
	 [Node] Executing "save_midthickness" <nipype.interfaces.io.DataSink>
250528-05:18:14,797 nipype.workflow INFO:
	 [Node] Finished "save_midthickness", elapsed time 0.37081s.
250528-05:18:15,970 nipype.workflow INFO:
	 [Node] Setting-up "fmriprep_25_0_wf.sub_GEO067_wf.anat_fit_wf.surface_recon_wf.sync" in "/work/fmriprep_25_0_wf/sub_GEO067_wf/anat_fit_wf/surface_recon_wf/sync".
250528-05:18:16,191 nipype.workflow INFO:
	 [Node] Executing "sync" <nipype.interfaces.utility.wrappers.Function>
250528-05:18:16,195 nipype.workflow INFO:
	 [Node] Finished "sync", elapsed time 0.001983s.
250528-05:18:17,948 nipype.workflow INFO:
	 [Node] Setting-up "fmriprep_25_0_wf.sub_GEO067_wf.anat_fit_wf.bbreg" in "/work/fmriprep_25_0_wf/sub_GEO067_wf/anat_fit_wf/bbreg".
250528-05:18:17,948 nipype.workflow INFO:
	 [Node] Setting-up "fmriprep_25_0_wf.sub_GEO067_wf.anat_fit_wf.gifti_surface_wf.get_surfaces" in "/work/fmriprep_25_0_wf/sub_GEO067_wf/anat_fit_wf/gifti_surface_wf/get_surfaces".
250528-05:18:17,950 nipype.workflow INFO:
	 [Node] Setting-up "fmriprep_25_0_wf.sub_GEO067_wf.anat_fit_wf.gifti_spheres_wf.get_surfaces" in "/work/fmriprep_25_0_wf/sub_GEO067_wf/anat_fit_wf/gifti_spheres_wf/get_surfaces".
250528-05:18:17,950 nipype.workflow INFO:
	 [Node] Setting-up "fmriprep_25_0_wf.sub_GEO067_wf.anat_fit_wf.gifti_morphometrics_wf.get_surfaces" in "/work/fmriprep_25_0_wf/sub_GEO067_wf/anat_fit_wf/gifti_morphometrics_wf/get_surfaces".
250528-05:18:17,951 nipype.workflow INFO:
	 [Node] Setting-up "fmriprep_25_0_wf.sub_GEO067_wf.anat_fit_wf.refinement_wf.segs_to_native_wf_aseg.fs_datasource" in "/work/fmriprep_25_0_wf/sub_GEO067_wf/anat_fit_wf/refinement_wf/segs_to_native_wf_aseg/fs_datasource".
250528-05:18:17,963 nipype.workflow INFO:
	 [Node] Setting-up "fmriprep_25_0_wf.sub_GEO067_wf.anat_fit_wf.anat_reports_wf.recon_report" in "/work/fmriprep_25_0_wf/sub_GEO067_wf/anat_fit_wf/anat_reports_wf/recon_report".
250528-05:18:18,18 nipype.workflow INFO:
	 [Node] Setting-up "fmriprep_25_0_wf.sub_GEO067_wf.bold_ses_t2_task_image_run_1_wf.bold_fit_wf.bold_reg_wf.bbreg_wf.fssource" in "/work/fmriprep_25_0_wf/sub_GEO067_wf/bold_ses_t2_task_image_run_1_wf/bold_fit_wf/bold_reg_wf/bbreg_wf/fssource".
250528-05:18:18,19 nipype.workflow INFO:
	 [Node] Setting-up "fmriprep_25_0_wf.sub_GEO067_wf.bold_ses_t2_task_image_run_2_wf.bold_fit_wf.bold_reg_wf.bbreg_wf.fssource" in "/work/fmriprep_25_0_wf/sub_GEO067_wf/bold_ses_t2_task_image_run_2_wf/bold_fit_wf/bold_reg_wf/bbreg_wf/fssource".
250528-05:18:18,196 nipype.workflow INFO:
	 [Node] Executing "get_surfaces" <nipype.interfaces.utility.wrappers.Function>
250528-05:18:18,215 nipype.workflow INFO:
	 [Node] Executing "recon_report" <smriprep.interfaces.reports.FSSurfaceReport>
250528-05:18:18,223 nipype.workflow INFO:
	 [Node] Finished "get_surfaces", elapsed time 0.026022s.
250528-05:18:18,233 nipype.workflow INFO:
	 [Node] Executing "get_surfaces" <nipype.interfaces.utility.wrappers.Function>
250528-05:18:18,236 nipype.workflow INFO:
	 [Node] Finished "get_surfaces", elapsed time 0.002917s.
250528-05:18:18,252 nipype.workflow INFO:
	 [Node] Executing "get_surfaces" <niworkflows.interfaces.patches.FreeSurferSource>
250528-05:18:18,256 nipype.workflow INFO:
	 [Node] Executing "fs_datasource" <niworkflows.interfaces.patches.FreeSurferSource>
250528-05:18:18,281 nipype.workflow INFO:
	 [Node] Executing "bbreg" <nipype.interfaces.freesurfer.preprocess.BBRegister>
250528-05:18:18,291 nipype.workflow INFO:
	 [Node] Executing "fssource" <fmriprep.interfaces.patches.FreeSurferSource>
250528-05:18:18,309 nipype.workflow INFO:
	 [Node] Executing "fssource" <fmriprep.interfaces.patches.FreeSurferSource>
250528-05:18:19,364 nipype.workflow INFO:
	 [Node] Finished "fssource", elapsed time 1.071808s.
250528-05:18:19,364 nipype.workflow INFO:
	 [Node] Finished "fssource", elapsed time 1.053788s.
250528-05:18:19,364 nipype.workflow INFO:
	 [Node] Finished "fs_datasource", elapsed time 1.106927s.
250528-05:18:19,364 nipype.workflow INFO:
	 [Node] Finished "get_surfaces", elapsed time 1.110047s.
250528-05:18:19,999 nipype.workflow INFO:
	 [Node] Setting-up "fmriprep_25_0_wf.sub_GEO067_wf.bold_ses_t2_task_image_run_3_wf.bold_fit_wf.bold_reg_wf.bbreg_wf.fssource" in "/work/fmriprep_25_0_wf/sub_GEO067_wf/bold_ses_t2_task_image_run_3_wf/bold_fit_wf/bold_reg_wf/bbreg_wf/fssource".
250528-05:18:20,16 nipype.workflow INFO:
	 [Node] Setting-up "fmriprep_25_0_wf.sub_GEO067_wf.bold_ses_t2_task_image_run_4_wf.bold_fit_wf.bold_reg_wf.bbreg_wf.fssource" in "/work/fmriprep_25_0_wf/sub_GEO067_wf/bold_ses_t2_task_image_run_4_wf/bold_fit_wf/bold_reg_wf/bbreg_wf/fssource".
250528-05:18:20,35 nipype.workflow INFO:
	 [Node] Setting-up "fmriprep_25_0_wf.sub_GEO067_wf.bold_ses_t2_task_image_run_5_wf.bold_fit_wf.bold_reg_wf.bbreg_wf.fssource" in "/work/fmriprep_25_0_wf/sub_GEO067_wf/bold_ses_t2_task_image_run_5_wf/bold_fit_wf/bold_reg_wf/bbreg_wf/fssource".
250528-05:18:20,81 nipype.workflow INFO:
	 [Node] Setting-up "fmriprep_25_0_wf.sub_GEO067_wf.bold_ses_t3_task_image_run_1_wf.bold_fit_wf.bold_reg_wf.bbreg_wf.fssource" in "/work/fmriprep_25_0_wf/sub_GEO067_wf/bold_ses_t3_task_image_run_1_wf/bold_fit_wf/bold_reg_wf/bbreg_wf/fssource".
250528-05:18:20,101 nipype.workflow INFO:
	 [Node] Setting-up "fmriprep_25_0_wf.sub_GEO067_wf.bold_ses_t3_task_image_run_2_wf.bold_fit_wf.bold_reg_wf.bbreg_wf.fssource" in "/work/fmriprep_25_0_wf/sub_GEO067_wf/bold_ses_t3_task_image_run_2_wf/bold_fit_wf/bold_reg_wf/bbreg_wf/fssource".
250528-05:18:20,134 nipype.workflow INFO:
	 [Node] Setting-up "fmriprep_25_0_wf.sub_GEO067_wf.bold_ses_t3_task_image_run_3_wf.bold_fit_wf.bold_reg_wf.bbreg_wf.fssource" in "/work/fmriprep_25_0_wf/sub_GEO067_wf/bold_ses_t3_task_image_run_3_wf/bold_fit_wf/bold_reg_wf/bbreg_wf/fssource".
250528-05:18:20,322 nipype.workflow INFO:
	 [Node] Executing "fssource" <fmriprep.interfaces.patches.FreeSurferSource>
250528-05:18:20,336 nipype.workflow INFO:
	 [Node] Finished "fssource", elapsed time 0.013153s.
250528-05:18:20,358 nipype.workflow INFO:
	 [Node] Executing "fssource" <fmriprep.interfaces.patches.FreeSurferSource>
250528-05:18:20,361 nipype.workflow INFO:
	 [Node] Executing "fssource" <fmriprep.interfaces.patches.FreeSurferSource>
250528-05:18:20,372 nipype.workflow INFO:
	 [Node] Finished "fssource", elapsed time 0.013053s.
250528-05:18:20,382 nipype.workflow INFO:
	 [Node] Finished "fssource", elapsed time 0.020017s.
250528-05:18:20,418 nipype.workflow INFO:
	 [Node] Executing "fssource" <fmriprep.interfaces.patches.FreeSurferSource>
250528-05:18:20,419 nipype.workflow INFO:
	 [Node] Executing "fssource" <fmriprep.interfaces.patches.FreeSurferSource>
250528-05:18:20,419 nipype.workflow INFO:
	 [Node] Executing "fssource" <fmriprep.interfaces.patches.FreeSurferSource>
250528-05:18:20,433 nipype.workflow INFO:
	 [Node] Finished "fssource", elapsed time 0.013313s.
250528-05:18:20,433 nipype.workflow INFO:
	 [Node] Finished "fssource", elapsed time 0.013092s.
250528-05:18:20,437 nipype.workflow INFO:
	 [Node] Finished "fssource", elapsed time 0.017085s.
250528-05:18:21,981 nipype.workflow INFO:
	 [Node] Setting-up "fmriprep_25_0_wf.sub_GEO067_wf.bold_ses_t3_task_image_run_4_wf.bold_fit_wf.bold_reg_wf.bbreg_wf.fssource" in "/work/fmriprep_25_0_wf/sub_GEO067_wf/bold_ses_t3_task_image_run_4_wf/bold_fit_wf/bold_reg_wf/bbreg_wf/fssource".
250528-05:18:21,994 nipype.workflow INFO:
	 [Node] Setting-up "fmriprep_25_0_wf.sub_GEO067_wf.bold_ses_t3_task_image_run_5_wf.bold_fit_wf.bold_reg_wf.bbreg_wf.fssource" in "/work/fmriprep_25_0_wf/sub_GEO067_wf/bold_ses_t3_task_image_run_5_wf/bold_fit_wf/bold_reg_wf/bbreg_wf/fssource".
250528-05:18:21,999 nipype.workflow INFO:
	 [Node] Setting-up "fmriprep_25_0_wf.sub_GEO067_wf.bold_ses_t3_task_retrans_run_1_wf.bold_fit_wf.bold_reg_wf.bbreg_wf.fssource" in "/work/fmriprep_25_0_wf/sub_GEO067_wf/bold_ses_t3_task_retrans_run_1_wf/bold_fit_wf/bold_reg_wf/bbreg_wf/fssource".
250528-05:18:22,174 nipype.workflow INFO:
	 [Node] Executing "fssource" <fmriprep.interfaces.patches.FreeSurferSource>
250528-05:18:22,177 nipype.workflow INFO:
	 [Node] Executing "fssource" <fmriprep.interfaces.patches.FreeSurferSource>
250528-05:18:22,190 nipype.workflow INFO:
	 [Node] Executing "fssource" <fmriprep.interfaces.patches.FreeSurferSource>
250528-05:18:22,191 nipype.workflow INFO:
	 [Node] Finished "fssource", elapsed time 0.013747s.
250528-05:18:22,193 nipype.workflow INFO:
	 [Node] Finished "fssource", elapsed time 0.017659s.
250528-05:18:22,209 nipype.workflow INFO:
	 [Node] Finished "fssource", elapsed time 0.017879s.
250528-05:18:24,302 nipype.workflow INFO:
	 [Node] Setting-up "fmriprep_25_0_wf.sub_GEO067_wf.anat_fit_wf.refinement_wf.segs_to_native_wf_aseg.select_seg" in "/work/fmriprep_25_0_wf/sub_GEO067_wf/anat_fit_wf/refinement_wf/segs_to_native_wf_aseg/select_seg".
250528-05:18:24,931 nipype.workflow INFO:
	 [Node] Executing "select_seg" <nipype.interfaces.utility.wrappers.Function>
250528-05:18:24,933 nipype.workflow INFO:
	 [Node] Finished "select_seg", elapsed time 0.000798s.
250528-05:18:26,577 nipype.workflow INFO:
	 [Node] Setting-up "fmriprep_25_0_wf.sub_GEO067_wf.anat_fit_wf.refinement_wf.segs_to_native_wf_aseg.resample" in "/work/fmriprep_25_0_wf/sub_GEO067_wf/anat_fit_wf/refinement_wf/segs_to_native_wf_aseg/resample".
250528-05:18:26,581 nipype.workflow INFO:
	 [Node] Setting-up "_fs2gii0" in "/work/fmriprep_25_0_wf/sub_GEO067_wf/anat_fit_wf/gifti_surface_wf/fs2gii/mapflow/_fs2gii0".
250528-05:18:26,583 nipype.workflow INFO:
	 [Node] Setting-up "_fs2gii2" in "/work/fmriprep_25_0_wf/sub_GEO067_wf/anat_fit_wf/gifti_surface_wf/fs2gii/mapflow/_fs2gii2".
250528-05:18:26,583 nipype.workflow INFO:
	 [Node] Setting-up "_fs2gii1" in "/work/fmriprep_25_0_wf/sub_GEO067_wf/anat_fit_wf/gifti_surface_wf/fs2gii/mapflow/_fs2gii1".
250528-05:18:26,584 nipype.workflow INFO:
	 [Node] Setting-up "_fs2gii3" in "/work/fmriprep_25_0_wf/sub_GEO067_wf/anat_fit_wf/gifti_surface_wf/fs2gii/mapflow/_fs2gii3".
250528-05:18:26,584 nipype.workflow INFO:
	 [Node] Setting-up "_fs2gii4" in "/work/fmriprep_25_0_wf/sub_GEO067_wf/anat_fit_wf/gifti_surface_wf/fs2gii/mapflow/_fs2gii4".
250528-05:18:26,895 nipype.workflow INFO:
	 [Node] Executing "_fs2gii1" <nipype.interfaces.freesurfer.utils.MRIsConvert>
250528-05:18:26,906 nipype.workflow INFO:
	 [Node] Executing "_fs2gii0" <nipype.interfaces.freesurfer.utils.MRIsConvert>
250528-05:18:26,945 nipype.workflow INFO:
	 [Node] Executing "resample" <nipype.interfaces.freesurfer.preprocess.ApplyVolTransform>
250528-05:18:26,959 nipype.workflow INFO:
	 [Node] Executing "_fs2gii2" <nipype.interfaces.freesurfer.utils.MRIsConvert>
250528-05:18:26,968 nipype.workflow INFO:
	 [Node] Executing "_fs2gii3" <nipype.interfaces.freesurfer.utils.MRIsConvert>
250528-05:18:26,982 nipype.workflow INFO:
	 [Node] Executing "_fs2gii4" <nipype.interfaces.freesurfer.utils.MRIsConvert>
250528-05:18:28,196 nipype.workflow INFO:
	 [Node] Finished "resample", elapsed time 1.249954s.
250528-05:18:28,386 nipype.workflow INFO:
	 [Node] Finished "_fs2gii2", elapsed time 1.425325s.
250528-05:18:28,406 nipype.workflow INFO:
	 [Node] Finished "_fs2gii3", elapsed time 1.437424s.
250528-05:18:28,431 nipype.workflow INFO:
	 [Node] Finished "_fs2gii4", elapsed time 1.447243s.
250528-05:18:28,440 nipype.workflow INFO:
	 [Node] Finished "_fs2gii1", elapsed time 1.5404200000000001s.
250528-05:18:28,490 nipype.workflow INFO:
	 [Node] Finished "_fs2gii0", elapsed time 1.5823040000000002s.
250528-05:18:30,580 nipype.workflow INFO:
	 [Node] Setting-up "fmriprep_25_0_wf.sub_GEO067_wf.anat_fit_wf.refinement_wf.refine" in "/work/fmriprep_25_0_wf/sub_GEO067_wf/anat_fit_wf/refinement_wf/refine".
250528-05:18:30,582 nipype.workflow INFO:
	 [Node] Setting-up "_fs2gii5" in "/work/fmriprep_25_0_wf/sub_GEO067_wf/anat_fit_wf/gifti_surface_wf/fs2gii/mapflow/_fs2gii5".
250528-05:18:30,583 nipype.workflow INFO:
	 [Node] Setting-up "_fs2gii0" in "/work/fmriprep_25_0_wf/sub_GEO067_wf/anat_fit_wf/gifti_spheres_wf/fs2gii/mapflow/_fs2gii0".
250528-05:18:30,584 nipype.workflow INFO:
	 [Node] Setting-up "_fs2gii1" in "/work/fmriprep_25_0_wf/sub_GEO067_wf/anat_fit_wf/gifti_spheres_wf/fs2gii/mapflow/_fs2gii1".
250528-05:18:30,585 nipype.workflow INFO:
	 [Node] Setting-up "_fs2gii2" in "/work/fmriprep_25_0_wf/sub_GEO067_wf/anat_fit_wf/gifti_spheres_wf/fs2gii/mapflow/_fs2gii2".
250528-05:18:30,586 nipype.workflow INFO:
	 [Node] Setting-up "_fs2gii3" in "/work/fmriprep_25_0_wf/sub_GEO067_wf/anat_fit_wf/gifti_spheres_wf/fs2gii/mapflow/_fs2gii3".
250528-05:18:30,781 nipype.workflow INFO:
	 [Node] Executing "_fs2gii5" <nipype.interfaces.freesurfer.utils.MRIsConvert>
250528-05:18:30,797 nipype.workflow INFO:
	 [Node] Executing "refine" <niworkflows.interfaces.freesurfer.RefineBrainMask>
250528-05:18:30,815 nipype.workflow INFO:
	 [Node] Executing "_fs2gii0" <nipype.interfaces.freesurfer.utils.MRIsConvert>
250528-05:18:30,817 nipype.workflow INFO:
	 [Node] Executing "_fs2gii1" <nipype.interfaces.freesurfer.utils.MRIsConvert>
250528-05:18:30,843 nipype.workflow INFO:
	 [Node] Executing "_fs2gii2" <nipype.interfaces.freesurfer.utils.MRIsConvert>
250528-05:18:30,867 nipype.workflow INFO:
	 [Node] Executing "_fs2gii3" <nipype.interfaces.freesurfer.utils.MRIsConvert>
250528-05:18:32,150 nipype.workflow INFO:
	 [Node] Finished "_fs2gii5", elapsed time 1.366654s.
250528-05:18:32,190 nipype.workflow INFO:
	 [Node] Finished "_fs2gii1", elapsed time 1.372016s.
250528-05:18:32,211 nipype.workflow INFO:
	 [Node] Finished "_fs2gii0", elapsed time 1.39443s.
250528-05:18:32,270 nipype.workflow INFO:
	 [Node] Finished "_fs2gii3", elapsed time 1.401506s.
250528-05:18:32,394 nipype.workflow INFO:
	 [Node] Finished "_fs2gii2", elapsed time 1.549409s.
250528-05:18:32,581 nipype.workflow INFO:
	 [Node] Setting-up "_morphs2gii0" in "/work/fmriprep_25_0_wf/sub_GEO067_wf/anat_fit_wf/gifti_morphometrics_wf/morphs2gii/mapflow/_morphs2gii0".
250528-05:18:32,582 nipype.workflow INFO:
	 [Node] Setting-up "_morphs2gii1" in "/work/fmriprep_25_0_wf/sub_GEO067_wf/anat_fit_wf/gifti_morphometrics_wf/morphs2gii/mapflow/_morphs2gii1".
250528-05:18:32,721 nipype.workflow INFO:
	 [Node] Setting-up "_fs2gii0" in "/work/fmriprep_25_0_wf/sub_GEO067_wf/anat_fit_wf/gifti_surface_wf/fs2gii/mapflow/_fs2gii0".
250528-05:18:32,725 nipype.workflow INFO:
	 [Node] Cached "_fs2gii0" - collecting precomputed outputs
250528-05:18:32,725 nipype.workflow INFO:
	 [Node] "_fs2gii0" found cached.
250528-05:18:32,725 nipype.workflow INFO:
	 [Node] Setting-up "_fs2gii1" in "/work/fmriprep_25_0_wf/sub_GEO067_wf/anat_fit_wf/gifti_surface_wf/fs2gii/mapflow/_fs2gii1".
250528-05:18:32,728 nipype.workflow INFO:
	 [Node] Cached "_fs2gii1" - collecting precomputed outputs
250528-05:18:32,728 nipype.workflow INFO:
	 [Node] "_fs2gii1" found cached.
250528-05:18:32,729 nipype.workflow INFO:
	 [Node] Setting-up "_fs2gii2" in "/work/fmriprep_25_0_wf/sub_GEO067_wf/anat_fit_wf/gifti_surface_wf/fs2gii/mapflow/_fs2gii2".
250528-05:18:32,732 nipype.workflow INFO:
	 [Node] Cached "_fs2gii2" - collecting precomputed outputs
250528-05:18:32,732 nipype.workflow INFO:
	 [Node] "_fs2gii2" found cached.
250528-05:18:32,733 nipype.workflow INFO:
	 [Node] Setting-up "_fs2gii3" in "/work/fmriprep_25_0_wf/sub_GEO067_wf/anat_fit_wf/gifti_surface_wf/fs2gii/mapflow/_fs2gii3".
250528-05:18:32,736 nipype.workflow INFO:
	 [Node] Cached "_fs2gii3" - collecting precomputed outputs
250528-05:18:32,736 nipype.workflow INFO:
	 [Node] "_fs2gii3" found cached.
250528-05:18:32,736 nipype.workflow INFO:
	 [Node] Setting-up "_fs2gii4" in "/work/fmriprep_25_0_wf/sub_GEO067_wf/anat_fit_wf/gifti_surface_wf/fs2gii/mapflow/_fs2gii4".
250528-05:18:32,739 nipype.workflow INFO:
	 [Node] Cached "_fs2gii4" - collecting precomputed outputs
250528-05:18:32,739 nipype.workflow INFO:
	 [Node] "_fs2gii4" found cached.
250528-05:18:32,740 nipype.workflow INFO:
	 [Node] Setting-up "_fs2gii5" in "/work/fmriprep_25_0_wf/sub_GEO067_wf/anat_fit_wf/gifti_surface_wf/fs2gii/mapflow/_fs2gii5".
250528-05:18:32,743 nipype.workflow INFO:
	 [Node] Cached "_fs2gii5" - collecting precomputed outputs
250528-05:18:32,743 nipype.workflow INFO:
	 [Node] "_fs2gii5" found cached.
250528-05:18:32,765 nipype.workflow INFO:
	 [Node] Executing "_morphs2gii0" <smriprep.interfaces.freesurfer.MRIsConvertData>
250528-05:18:33,11 nipype.workflow INFO:
	 [Node] Executing "_morphs2gii1" <smriprep.interfaces.freesurfer.MRIsConvertData>
250528-05:18:33,655 nipype.workflow INFO:
	 [Node] Finished "_morphs2gii0", elapsed time 0.888852s.
250528-05:18:33,862 nipype.workflow INFO:
	 [Node] Finished "_morphs2gii1", elapsed time 0.849731s.
250528-05:18:34,656 nipype.workflow INFO:
	 [Node] Setting-up "_morphs2gii2" in "/work/fmriprep_25_0_wf/sub_GEO067_wf/anat_fit_wf/gifti_morphometrics_wf/morphs2gii/mapflow/_morphs2gii2".
250528-05:18:34,657 nipype.workflow INFO:
	 [Node] Setting-up "_morphs2gii3" in "/work/fmriprep_25_0_wf/sub_GEO067_wf/anat_fit_wf/gifti_morphometrics_wf/morphs2gii/mapflow/_morphs2gii3".
250528-05:18:34,718 nipype.workflow INFO:
	 [Node] Setting-up "_fs2gii0" in "/work/fmriprep_25_0_wf/sub_GEO067_wf/anat_fit_wf/gifti_spheres_wf/fs2gii/mapflow/_fs2gii0".
250528-05:18:34,721 nipype.workflow INFO:
	 [Node] Cached "_fs2gii0" - collecting precomputed outputs
250528-05:18:34,721 nipype.workflow INFO:
	 [Node] "_fs2gii0" found cached.
250528-05:18:34,722 nipype.workflow INFO:
	 [Node] Setting-up "_fs2gii1" in "/work/fmriprep_25_0_wf/sub_GEO067_wf/anat_fit_wf/gifti_spheres_wf/fs2gii/mapflow/_fs2gii1".
250528-05:18:34,726 nipype.workflow INFO:
	 [Node] Cached "_fs2gii1" - collecting precomputed outputs
250528-05:18:34,726 nipype.workflow INFO:
	 [Node] "_fs2gii1" found cached.
250528-05:18:34,726 nipype.workflow INFO:
	 [Node] Setting-up "_fs2gii2" in "/work/fmriprep_25_0_wf/sub_GEO067_wf/anat_fit_wf/gifti_spheres_wf/fs2gii/mapflow/_fs2gii2".
250528-05:18:34,732 nipype.workflow INFO:
	 [Node] Cached "_fs2gii2" - collecting precomputed outputs
250528-05:18:34,732 nipype.workflow INFO:
	 [Node] "_fs2gii2" found cached.
250528-05:18:34,732 nipype.workflow INFO:
	 [Node] Setting-up "_fs2gii3" in "/work/fmriprep_25_0_wf/sub_GEO067_wf/anat_fit_wf/gifti_spheres_wf/fs2gii/mapflow/_fs2gii3".
250528-05:18:34,736 nipype.workflow INFO:
	 [Node] Cached "_fs2gii3" - collecting precomputed outputs
250528-05:18:34,736 nipype.workflow INFO:
	 [Node] "_fs2gii3" found cached.
250528-05:18:34,851 nipype.workflow INFO:
	 [Node] Executing "_morphs2gii2" <smriprep.interfaces.freesurfer.MRIsConvertData>
250528-05:18:34,883 nipype.workflow INFO:
	 [Node] Executing "_morphs2gii3" <smriprep.interfaces.freesurfer.MRIsConvertData>
250528-05:18:35,720 nipype.workflow INFO:
	 [Node] Finished "_morphs2gii3", elapsed time 0.835489s.
250528-05:18:35,725 nipype.workflow INFO:
	 [Node] Finished "_morphs2gii2", elapsed time 0.872821s.
250528-05:18:36,649 nipype.workflow INFO:
	 [Node] Setting-up "_fix_surfs2" in "/work/fmriprep_25_0_wf/sub_GEO067_wf/anat_fit_wf/gifti_surface_wf/fix_surfs/mapflow/_fix_surfs2".
250528-05:18:36,649 nipype.workflow INFO:
	 [Node] Setting-up "_fix_surfs1" in "/work/fmriprep_25_0_wf/sub_GEO067_wf/anat_fit_wf/gifti_surface_wf/fix_surfs/mapflow/_fix_surfs1".
250528-05:18:36,649 nipype.workflow INFO:
	 [Node] Setting-up "_fix_surfs0" in "/work/fmriprep_25_0_wf/sub_GEO067_wf/anat_fit_wf/gifti_surface_wf/fix_surfs/mapflow/_fix_surfs0".
250528-05:18:36,650 nipype.workflow INFO:
	 [Node] Setting-up "_fix_surfs3" in "/work/fmriprep_25_0_wf/sub_GEO067_wf/anat_fit_wf/gifti_surface_wf/fix_surfs/mapflow/_fix_surfs3".
250528-05:18:36,702 nipype.workflow INFO:
	 [Node] Setting-up "_morphs2gii0" in "/work/fmriprep_25_0_wf/sub_GEO067_wf/anat_fit_wf/gifti_morphometrics_wf/morphs2gii/mapflow/_morphs2gii0".
250528-05:18:36,705 nipype.workflow INFO:
	 [Node] Cached "_morphs2gii0" - collecting precomputed outputs
250528-05:18:36,705 nipype.workflow INFO:
	 [Node] "_morphs2gii0" found cached.
250528-05:18:36,706 nipype.workflow INFO:
	 [Node] Setting-up "_morphs2gii1" in "/work/fmriprep_25_0_wf/sub_GEO067_wf/anat_fit_wf/gifti_morphometrics_wf/morphs2gii/mapflow/_morphs2gii1".
250528-05:18:36,711 nipype.workflow INFO:
	 [Node] Cached "_morphs2gii1" - collecting precomputed outputs
250528-05:18:36,711 nipype.workflow INFO:
	 [Node] "_morphs2gii1" found cached.
250528-05:18:36,711 nipype.workflow INFO:
	 [Node] Setting-up "_morphs2gii2" in "/work/fmriprep_25_0_wf/sub_GEO067_wf/anat_fit_wf/gifti_morphometrics_wf/morphs2gii/mapflow/_morphs2gii2".
250528-05:18:36,716 nipype.workflow INFO:
	 [Node] Cached "_morphs2gii2" - collecting precomputed outputs
250528-05:18:36,717 nipype.workflow INFO:
	 [Node] "_morphs2gii2" found cached.
250528-05:18:36,717 nipype.workflow INFO:
	 [Node] Setting-up "_morphs2gii3" in "/work/fmriprep_25_0_wf/sub_GEO067_wf/anat_fit_wf/gifti_morphometrics_wf/morphs2gii/mapflow/_morphs2gii3".
250528-05:18:36,726 nipype.workflow INFO:
	 [Node] Cached "_morphs2gii3" - collecting precomputed outputs
250528-05:18:36,726 nipype.workflow INFO:
	 [Node] "_morphs2gii3" found cached.
250528-05:18:36,894 nipype.workflow INFO:
	 [Node] Executing "_fix_surfs2" <smriprep.interfaces.surf.NormalizeSurf>
250528-05:18:36,924 nipype.workflow INFO:
	 [Node] Executing "_fix_surfs1" <smriprep.interfaces.surf.NormalizeSurf>
250528-05:18:36,980 nipype.workflow INFO:
	 [Node] Executing "_fix_surfs3" <smriprep.interfaces.surf.NormalizeSurf>
250528-05:18:36,981 nipype.workflow INFO:
	 [Node] Executing "_fix_surfs0" <smriprep.interfaces.surf.NormalizeSurf>
250528-05:18:37,536 nipype.workflow INFO:
	 [Node] Finished "_fix_surfs2", elapsed time 0.640715s.
250528-05:18:37,548 nipype.workflow INFO:
	 [Node] Finished "_fix_surfs1", elapsed time 0.62285s.
250528-05:18:37,551 nipype.workflow INFO:
	 [Node] Finished "_fix_surfs3", elapsed time 0.569311s.
250528-05:18:37,584 nipype.workflow INFO:
	 [Node] Finished "_fix_surfs0", elapsed time 0.601738s.
250528-05:18:39,42 nipype.workflow INFO:
	 [Node] Finished "recon_report", elapsed time 20.826178s.
250528-05:18:39,96 nipype.workflow INFO:
	 [Node] Setting-up "_fix_surfs5" in "/work/fmriprep_25_0_wf/sub_GEO067_wf/anat_fit_wf/gifti_surface_wf/fix_surfs/mapflow/_fix_surfs5".
250528-05:18:39,97 nipype.workflow INFO:
	 [Node] Setting-up "_fix_surfs4" in "/work/fmriprep_25_0_wf/sub_GEO067_wf/anat_fit_wf/gifti_surface_wf/fix_surfs/mapflow/_fix_surfs4".
250528-05:18:39,97 nipype.workflow INFO:
	 [Node] Setting-up "_fix_surfs0" in "/work/fmriprep_25_0_wf/sub_GEO067_wf/anat_fit_wf/gifti_spheres_wf/fix_surfs/mapflow/_fix_surfs0".
250528-05:18:39,98 nipype.workflow INFO:
	 [Node] Setting-up "_fix_surfs1" in "/work/fmriprep_25_0_wf/sub_GEO067_wf/anat_fit_wf/gifti_spheres_wf/fix_surfs/mapflow/_fix_surfs1".
250528-05:18:39,101 nipype.workflow INFO:
	 [Node] Setting-up "_fix_surfs2" in "/work/fmriprep_25_0_wf/sub_GEO067_wf/anat_fit_wf/gifti_spheres_wf/fix_surfs/mapflow/_fix_surfs2".
250528-05:18:39,259 nipype.workflow INFO:
	 [Node] Executing "_fix_surfs0" <smriprep.interfaces.surf.NormalizeSurf>
250528-05:18:39,262 nipype.workflow INFO:
	 [Node] Executing "_fix_surfs4" <smriprep.interfaces.surf.NormalizeSurf>
250528-05:18:39,267 nipype.workflow INFO:
	 [Node] Executing "_fix_surfs5" <smriprep.interfaces.surf.NormalizeSurf>
250528-05:18:39,282 nipype.workflow INFO:
	 [Node] Executing "_fix_surfs2" <smriprep.interfaces.surf.NormalizeSurf>
250528-05:18:39,319 nipype.workflow INFO:
	 [Node] Executing "_fix_surfs1" <smriprep.interfaces.surf.NormalizeSurf>
250528-05:18:39,904 nipype.workflow INFO:
	 [Node] Finished "_fix_surfs5", elapsed time 0.632128s.
250528-05:18:39,908 nipype.workflow INFO:
	 [Node] Finished "_fix_surfs0", elapsed time 0.647662s.
250528-05:18:39,908 nipype.workflow INFO:
	 [Node] Finished "_fix_surfs1", elapsed time 0.587543s.
250528-05:18:39,909 nipype.workflow INFO:
	 [Node] Finished "_fix_surfs4", elapsed time 0.636877s.
250528-05:18:39,920 nipype.workflow INFO:
	 [Node] Finished "_fix_surfs2", elapsed time 0.637138s.
250528-05:18:41,442 nipype.workflow INFO:
	 [Node] Setting-up "_fix_surfs0" in "/work/fmriprep_25_0_wf/sub_GEO067_wf/anat_fit_wf/gifti_surface_wf/fix_surfs/mapflow/_fix_surfs0".
250528-05:18:41,445 nipype.workflow INFO:
	 [Node] Cached "_fix_surfs0" - collecting precomputed outputs
250528-05:18:41,446 nipype.workflow INFO:
	 [Node] "_fix_surfs0" found cached.
250528-05:18:41,446 nipype.workflow INFO:
	 [Node] Setting-up "_fix_surfs1" in "/work/fmriprep_25_0_wf/sub_GEO067_wf/anat_fit_wf/gifti_surface_wf/fix_surfs/mapflow/_fix_surfs1".
250528-05:18:41,449 nipype.workflow INFO:
	 [Node] Cached "_fix_surfs1" - collecting precomputed outputs
250528-05:18:41,449 nipype.workflow INFO:
	 [Node] "_fix_surfs1" found cached.
250528-05:18:41,450 nipype.workflow INFO:
	 [Node] Setting-up "_fix_surfs2" in "/work/fmriprep_25_0_wf/sub_GEO067_wf/anat_fit_wf/gifti_surface_wf/fix_surfs/mapflow/_fix_surfs2".
250528-05:18:41,456 nipype.workflow INFO:
	 [Node] Cached "_fix_surfs2" - collecting precomputed outputs
250528-05:18:41,456 nipype.workflow INFO:
	 [Node] "_fix_surfs2" found cached.
250528-05:18:41,457 nipype.workflow INFO:
	 [Node] Setting-up "_fix_surfs3" in "/work/fmriprep_25_0_wf/sub_GEO067_wf/anat_fit_wf/gifti_surface_wf/fix_surfs/mapflow/_fix_surfs3".
250528-05:18:41,460 nipype.workflow INFO:
	 [Node] Cached "_fix_surfs3" - collecting precomputed outputs
250528-05:18:41,460 nipype.workflow INFO:
	 [Node] "_fix_surfs3" found cached.
250528-05:18:41,460 nipype.workflow INFO:
	 [Node] Setting-up "_fix_surfs4" in "/work/fmriprep_25_0_wf/sub_GEO067_wf/anat_fit_wf/gifti_surface_wf/fix_surfs/mapflow/_fix_surfs4".
250528-05:18:41,464 nipype.workflow INFO:
	 [Node] Cached "_fix_surfs4" - collecting precomputed outputs
250528-05:18:41,464 nipype.workflow INFO:
	 [Node] "_fix_surfs4" found cached.
250528-05:18:41,464 nipype.workflow INFO:
	 [Node] Setting-up "_fix_surfs5" in "/work/fmriprep_25_0_wf/sub_GEO067_wf/anat_fit_wf/gifti_surface_wf/fix_surfs/mapflow/_fix_surfs5".
250528-05:18:41,467 nipype.workflow INFO:
	 [Node] Cached "_fix_surfs5" - collecting precomputed outputs
250528-05:18:41,467 nipype.workflow INFO:
	 [Node] "_fix_surfs5" found cached.
250528-05:18:41,569 nipype.workflow INFO:
	 [Node] Setting-up "_fix_surfs3" in "/work/fmriprep_25_0_wf/sub_GEO067_wf/anat_fit_wf/gifti_spheres_wf/fix_surfs/mapflow/_fix_surfs3".
250528-05:18:41,715 nipype.workflow INFO:
	 [Node] Executing "_fix_surfs3" <smriprep.interfaces.surf.NormalizeSurf>
250528-05:18:42,296 nipype.workflow INFO:
	 [Node] Finished "_fix_surfs3", elapsed time 0.579806s.
250528-05:18:45,549 nipype.workflow INFO:
	 [Node] Setting-up "_invert_sulc0" in "/work/fmriprep_25_0_wf/sub_GEO067_wf/anat_fit_wf/msm_sulc_wf/invert_sulc/mapflow/_invert_sulc0".
250528-05:18:45,550 nipype.workflow INFO:
	 [Node] Setting-up "_invert_sulc1" in "/work/fmriprep_25_0_wf/sub_GEO067_wf/anat_fit_wf/msm_sulc_wf/invert_sulc/mapflow/_invert_sulc1".
250528-05:18:45,748 nipype.workflow INFO:
	 [Node] Executing "_invert_sulc1" <smriprep.interfaces.gifti.MetricMath>
250528-05:18:45,752 nipype.workflow INFO:
	 [Node] Executing "_invert_sulc0" <smriprep.interfaces.gifti.MetricMath>
250528-05:18:45,832 nipype.workflow INFO:
	 [Node] Finished "_invert_sulc1", elapsed time 0.082964s.
250528-05:18:45,892 nipype.workflow INFO:
	 [Node] Finished "_invert_sulc0", elapsed time 0.138858s.
250528-05:18:46,231 nipype.workflow INFO:
	 [Node] Setting-up "_fix_surfs0" in "/work/fmriprep_25_0_wf/sub_GEO067_wf/anat_fit_wf/gifti_spheres_wf/fix_surfs/mapflow/_fix_surfs0".
250528-05:18:46,235 nipype.workflow INFO:
	 [Node] Cached "_fix_surfs0" - collecting precomputed outputs
250528-05:18:46,235 nipype.workflow INFO:
	 [Node] "_fix_surfs0" found cached.
250528-05:18:46,236 nipype.workflow INFO:
	 [Node] Setting-up "_fix_surfs1" in "/work/fmriprep_25_0_wf/sub_GEO067_wf/anat_fit_wf/gifti_spheres_wf/fix_surfs/mapflow/_fix_surfs1".
250528-05:18:46,239 nipype.workflow INFO:
	 [Node] Cached "_fix_surfs1" - collecting precomputed outputs
250528-05:18:46,239 nipype.workflow INFO:
	 [Node] "_fix_surfs1" found cached.
250528-05:18:46,240 nipype.workflow INFO:
	 [Node] Setting-up "_fix_surfs2" in "/work/fmriprep_25_0_wf/sub_GEO067_wf/anat_fit_wf/gifti_spheres_wf/fix_surfs/mapflow/_fix_surfs2".
250528-05:18:46,244 nipype.workflow INFO:
	 [Node] Cached "_fix_surfs2" - collecting precomputed outputs
250528-05:18:46,244 nipype.workflow INFO:
	 [Node] "_fix_surfs2" found cached.
250528-05:18:46,244 nipype.workflow INFO:
	 [Node] Setting-up "_fix_surfs3" in "/work/fmriprep_25_0_wf/sub_GEO067_wf/anat_fit_wf/gifti_spheres_wf/fix_surfs/mapflow/_fix_surfs3".
250528-05:18:46,249 nipype.workflow INFO:
	 [Node] Cached "_fix_surfs3" - collecting precomputed outputs
250528-05:18:46,249 nipype.workflow INFO:
	 [Node] "_fix_surfs3" found cached.
250528-05:18:50,593 nipype.workflow INFO:
	 [Node] Setting-up "_invert_sulc0" in "/work/fmriprep_25_0_wf/sub_GEO067_wf/anat_fit_wf/msm_sulc_wf/invert_sulc/mapflow/_invert_sulc0".
250528-05:18:50,596 nipype.workflow INFO:
	 [Node] Cached "_invert_sulc0" - collecting precomputed outputs
250528-05:18:50,596 nipype.workflow INFO:
	 [Node] "_invert_sulc0" found cached.
250528-05:18:50,597 nipype.workflow INFO:
	 [Node] Setting-up "_invert_sulc1" in "/work/fmriprep_25_0_wf/sub_GEO067_wf/anat_fit_wf/msm_sulc_wf/invert_sulc/mapflow/_invert_sulc1".
250528-05:18:50,601 nipype.workflow INFO:
	 [Node] Cached "_invert_sulc1" - collecting precomputed outputs
250528-05:18:50,601 nipype.workflow INFO:
	 [Node] "_invert_sulc1" found cached.
250528-05:18:51,303 nipype.workflow INFO:
	 [Node] Finished "refine", elapsed time 20.505189s.
250528-05:18:55,299 nipype.workflow INFO:
	 [Node] Setting-up "_create_wm_distvol1" in "/work/fmriprep_25_0_wf/sub_GEO067_wf/anat_fit_wf/anat_ribbon_wf/create_wm_distvol/mapflow/_create_wm_distvol1".
250528-05:18:55,302 nipype.workflow INFO:
	 [Node] Setting-up "_create_pial_distvol0" in "/work/fmriprep_25_0_wf/sub_GEO067_wf/anat_fit_wf/anat_ribbon_wf/create_pial_distvol/mapflow/_create_pial_distvol0".
250528-05:18:55,304 nipype.workflow INFO:
	 [Node] Setting-up "_create_wm_distvol0" in "/work/fmriprep_25_0_wf/sub_GEO067_wf/anat_fit_wf/anat_ribbon_wf/create_wm_distvol/mapflow/_create_wm_distvol0".
250528-05:18:55,304 nipype.workflow INFO:
	 [Node] Setting-up "_create_pial_distvol1" in "/work/fmriprep_25_0_wf/sub_GEO067_wf/anat_fit_wf/anat_ribbon_wf/create_pial_distvol/mapflow/_create_pial_distvol1".
250528-05:18:55,486 nipype.workflow INFO:
	 [Node] Executing "_create_wm_distvol1" <smriprep.interfaces.workbench.CreateSignedDistanceVolume>
250528-05:18:55,505 nipype.workflow INFO:
	 [Node] Executing "_create_pial_distvol0" <smriprep.interfaces.workbench.CreateSignedDistanceVolume>
250528-05:18:55,524 nipype.workflow INFO:
	 [Node] Executing "_create_wm_distvol0" <smriprep.interfaces.workbench.CreateSignedDistanceVolume>
250528-05:18:55,553 nipype.workflow INFO:
	 [Node] Executing "_create_pial_distvol1" <smriprep.interfaces.workbench.CreateSignedDistanceVolume>
250528-05:18:55,567 nipype.workflow INFO:
	 [Node] Setting-up "fmriprep_25_0_wf.sub_GEO067_wf.anat_fit_wf.applyrefined" in "/work/fmriprep_25_0_wf/sub_GEO067_wf/anat_fit_wf/applyrefined".
250528-05:18:55,727 nipype.workflow INFO:
	 [Node] Executing "applyrefined" <nipype.interfaces.fsl.maths.ApplyMask>
250528-05:18:58,191 nipype.workflow INFO:
	 [Node] Finished "applyrefined", elapsed time 2.462767s.
250528-05:19:03,372 nipype.workflow INFO:
	 [Node] Setting-up "fmriprep_25_0_wf.sub_GEO067_wf.anat_fit_wf.fast" in "/work/fmriprep_25_0_wf/sub_GEO067_wf/anat_fit_wf/fast".
250528-05:19:03,379 nipype.workflow INFO:
	 [Node] Setting-up "fmriprep_25_0_wf.sub_GEO067_wf.ds_std_volumes_wf.mask_anat" in "/work/fmriprep_25_0_wf/sub_GEO067_wf/ds_std_volumes_wf/mask_anat".
250528-05:19:03,380 nipype.workflow INFO:
	 [Node] Setting-up "fmriprep_25_0_wf.sub_GEO067_wf.bold_ses_t2_task_image_run_1_wf.bold_anat_wf.gen_ref" in "/work/fmriprep_25_0_wf/sub_GEO067_wf/bold_ses_t2_task_image_run_1_wf/bold_anat_wf/gen_ref".
250528-05:19:03,622 nipype.workflow INFO:
	 [Node] Executing "fast" <nipype.interfaces.fsl.preprocess.FAST>
250528-05:19:03,686 nipype.workflow INFO:
	 [Node] Executing "mask_anat" <niworkflows.interfaces.nibabel.ApplyMask>
250528-05:19:03,733 nipype.workflow INFO:
	 [Node] Executing "gen_ref" <niworkflows.interfaces.nibabel.GenerateSamplingReference>
250528-05:19:04,516 nipype.workflow INFO:
	 [Node] Finished "mask_anat", elapsed time 0.829035s.
250528-05:19:04,892 nipype.workflow INFO:
	 [Node] Finished "gen_ref", elapsed time 1.157622s.
250528-05:19:05,371 nipype.workflow INFO:
	 [Node] Setting-up "fmriprep_25_0_wf.sub_GEO067_wf.bold_ses_t2_task_image_run_2_wf.bold_anat_wf.gen_ref" in "/work/fmriprep_25_0_wf/sub_GEO067_wf/bold_ses_t2_task_image_run_2_wf/bold_anat_wf/gen_ref".
250528-05:19:05,372 nipype.workflow INFO:
	 [Node] Setting-up "fmriprep_25_0_wf.sub_GEO067_wf.bold_ses_t2_task_image_run_3_wf.bold_anat_wf.gen_ref" in "/work/fmriprep_25_0_wf/sub_GEO067_wf/bold_ses_t2_task_image_run_3_wf/bold_anat_wf/gen_ref".
250528-05:19:05,607 nipype.workflow INFO:
	 [Node] Executing "gen_ref" <niworkflows.interfaces.nibabel.GenerateSamplingReference>
250528-05:19:05,648 nipype.workflow INFO:
	 [Node] Executing "gen_ref" <niworkflows.interfaces.nibabel.GenerateSamplingReference>
250528-05:19:06,575 nipype.workflow INFO:
	 [Node] Finished "gen_ref", elapsed time 0.966612s.
250528-05:19:06,583 nipype.workflow INFO:
	 [Node] Finished "gen_ref", elapsed time 0.933318s.
250528-05:19:07,371 nipype.workflow INFO:
	 [Node] Setting-up "fmriprep_25_0_wf.sub_GEO067_wf.bold_ses_t2_task_image_run_4_wf.bold_anat_wf.gen_ref" in "/work/fmriprep_25_0_wf/sub_GEO067_wf/bold_ses_t2_task_image_run_4_wf/bold_anat_wf/gen_ref".
250528-05:19:07,372 nipype.workflow INFO:
	 [Node] Setting-up "fmriprep_25_0_wf.sub_GEO067_wf.bold_ses_t2_task_image_run_5_wf.bold_anat_wf.gen_ref" in "/work/fmriprep_25_0_wf/sub_GEO067_wf/bold_ses_t2_task_image_run_5_wf/bold_anat_wf/gen_ref".
250528-05:19:07,586 nipype.workflow INFO:
	 [Node] Executing "gen_ref" <niworkflows.interfaces.nibabel.GenerateSamplingReference>
250528-05:19:07,614 nipype.workflow INFO:
	 [Node] Executing "gen_ref" <niworkflows.interfaces.nibabel.GenerateSamplingReference>
250528-05:19:08,558 nipype.workflow INFO:
	 [Node] Finished "gen_ref", elapsed time 0.970914s.
250528-05:19:08,559 nipype.workflow INFO:
	 [Node] Finished "gen_ref", elapsed time 0.943947s.
250528-05:19:09,374 nipype.workflow INFO:
	 [Node] Setting-up "fmriprep_25_0_wf.sub_GEO067_wf.bold_ses_t3_task_image_run_1_wf.bold_anat_wf.gen_ref" in "/work/fmriprep_25_0_wf/sub_GEO067_wf/bold_ses_t3_task_image_run_1_wf/bold_anat_wf/gen_ref".
250528-05:19:09,375 nipype.workflow INFO:
	 [Node] Setting-up "fmriprep_25_0_wf.sub_GEO067_wf.bold_ses_t3_task_image_run_2_wf.bold_anat_wf.gen_ref" in "/work/fmriprep_25_0_wf/sub_GEO067_wf/bold_ses_t3_task_image_run_2_wf/bold_anat_wf/gen_ref".
250528-05:19:09,637 nipype.workflow INFO:
	 [Node] Executing "gen_ref" <niworkflows.interfaces.nibabel.GenerateSamplingReference>
250528-05:19:09,653 nipype.workflow INFO:
	 [Node] Executing "gen_ref" <niworkflows.interfaces.nibabel.GenerateSamplingReference>
250528-05:19:10,683 nipype.workflow INFO:
	 [Node] Finished "gen_ref", elapsed time 1.045029s.
250528-05:19:10,746 nipype.workflow INFO:
	 [Node] Finished "gen_ref", elapsed time 1.085845s.
250528-05:19:11,375 nipype.workflow INFO:
	 [Node] Setting-up "fmriprep_25_0_wf.sub_GEO067_wf.bold_ses_t3_task_image_run_3_wf.bold_anat_wf.gen_ref" in "/work/fmriprep_25_0_wf/sub_GEO067_wf/bold_ses_t3_task_image_run_3_wf/bold_anat_wf/gen_ref".
250528-05:19:11,376 nipype.workflow INFO:
	 [Node] Setting-up "fmriprep_25_0_wf.sub_GEO067_wf.bold_ses_t3_task_image_run_4_wf.bold_anat_wf.gen_ref" in "/work/fmriprep_25_0_wf/sub_GEO067_wf/bold_ses_t3_task_image_run_4_wf/bold_anat_wf/gen_ref".
250528-05:19:11,685 nipype.workflow INFO:
	 [Node] Executing "gen_ref" <niworkflows.interfaces.nibabel.GenerateSamplingReference>
250528-05:19:11,719 nipype.workflow INFO:
	 [Node] Executing "gen_ref" <niworkflows.interfaces.nibabel.GenerateSamplingReference>
250528-05:19:12,636 nipype.workflow INFO:
	 [Node] Finished "gen_ref", elapsed time 0.949971s.
250528-05:19:12,649 nipype.workflow INFO:
	 [Node] Finished "gen_ref", elapsed time 0.929503s.
250528-05:19:13,382 nipype.workflow INFO:
	 [Node] Setting-up "fmriprep_25_0_wf.sub_GEO067_wf.bold_ses_t3_task_image_run_5_wf.bold_anat_wf.gen_ref" in "/work/fmriprep_25_0_wf/sub_GEO067_wf/bold_ses_t3_task_image_run_5_wf/bold_anat_wf/gen_ref".
250528-05:19:13,383 nipype.workflow INFO:
	 [Node] Setting-up "fmriprep_25_0_wf.sub_GEO067_wf.bold_ses_t3_task_retrans_run_1_wf.bold_anat_wf.gen_ref" in "/work/fmriprep_25_0_wf/sub_GEO067_wf/bold_ses_t3_task_retrans_run_1_wf/bold_anat_wf/gen_ref".
250528-05:19:13,682 nipype.workflow INFO:
	 [Node] Executing "gen_ref" <niworkflows.interfaces.nibabel.GenerateSamplingReference>
250528-05:19:13,683 nipype.workflow INFO:
	 [Node] Executing "gen_ref" <niworkflows.interfaces.nibabel.GenerateSamplingReference>
250528-05:19:14,655 nipype.workflow INFO:
	 [Node] Finished "gen_ref", elapsed time 0.972259s.
250528-05:19:14,741 nipype.workflow INFO:
	 [Node] Finished "gen_ref", elapsed time 1.057297s.
250528-05:19:18,266 nipype.workflow INFO:
	 [Node] Setting-up "_project_unproject0" in "/work/fmriprep_25_0_wf/sub_GEO067_wf/anat_fit_wf/fsLR_reg_wf/project_unproject/mapflow/_project_unproject0".
250528-05:19:18,270 nipype.workflow INFO:
	 [Node] Setting-up "_project_unproject1" in "/work/fmriprep_25_0_wf/sub_GEO067_wf/anat_fit_wf/fsLR_reg_wf/project_unproject/mapflow/_project_unproject1".
250528-05:19:18,474 nipype.workflow INFO:
	 [Node] Executing "_project_unproject0" <smriprep.interfaces.workbench.SurfaceSphereProjectUnproject>
250528-05:19:18,489 nipype.workflow INFO:
	 [Node] Executing "_project_unproject1" <smriprep.interfaces.workbench.SurfaceSphereProjectUnproject>
250528-05:19:21,419 nipype.workflow INFO:
	 [Node] Finished "_project_unproject1", elapsed time 2.722249s.
250528-05:19:21,442 nipype.workflow INFO:
	 [Node] Finished "_project_unproject0", elapsed time 2.780411s.
250528-05:19:26,753 nipype.workflow INFO:
	 [Node] Setting-up "_project_unproject0" in "/work/fmriprep_25_0_wf/sub_GEO067_wf/anat_fit_wf/fsLR_reg_wf/project_unproject/mapflow/_project_unproject0".
250528-05:19:26,759 nipype.workflow INFO:
	 [Node] Cached "_project_unproject0" - collecting precomputed outputs
250528-05:19:26,759 nipype.workflow INFO:
	 [Node] "_project_unproject0" found cached.
250528-05:19:26,760 nipype.workflow INFO:
	 [Node] Setting-up "_project_unproject1" in "/work/fmriprep_25_0_wf/sub_GEO067_wf/anat_fit_wf/fsLR_reg_wf/project_unproject/mapflow/_project_unproject1".
250528-05:19:26,765 nipype.workflow INFO:
	 [Node] Cached "_project_unproject1" - collecting precomputed outputs
250528-05:19:26,765 nipype.workflow INFO:
	 [Node] "_project_unproject1" found cached.
250528-05:19:36,910 nipype.workflow INFO:
	 [Node] Setting-up "_regress_affine0" in "/work/fmriprep_25_0_wf/sub_GEO067_wf/anat_fit_wf/msm_sulc_wf/regress_affine/mapflow/_regress_affine0".
250528-05:19:36,910 nipype.workflow INFO:
	 [Node] Setting-up "_regress_affine1" in "/work/fmriprep_25_0_wf/sub_GEO067_wf/anat_fit_wf/msm_sulc_wf/regress_affine/mapflow/_regress_affine1".
250528-05:19:37,142 nipype.workflow INFO:
	 [Node] Executing "_regress_affine1" <smriprep.interfaces.workbench.SurfaceAffineRegression>
250528-05:19:37,160 nipype.workflow INFO:
	 [Node] Executing "_regress_affine0" <smriprep.interfaces.workbench.SurfaceAffineRegression>
250528-05:19:37,770 nipype.workflow INFO:
	 [Node] Finished "_regress_affine1", elapsed time 0.414317s.
250528-05:19:37,809 nipype.workflow INFO:
	 [Node] Finished "_regress_affine0", elapsed time 0.424202s.
250528-05:19:37,976 nipype.workflow INFO:
	 [Node] Finished "_create_wm_distvol1", elapsed time 39.487301s.
250528-05:19:38,132 nipype.workflow INFO:
	 [Node] Finished "_create_wm_distvol0", elapsed time 39.6254s.
250528-05:19:39,136 nipype.workflow INFO:
	 [Node] Setting-up "_regress_affine0" in "/work/fmriprep_25_0_wf/sub_GEO067_wf/anat_fit_wf/msm_sulc_wf/regress_affine/mapflow/_regress_affine0".
250528-05:19:39,144 nipype.workflow INFO:
	 [Node] Cached "_regress_affine0" - collecting precomputed outputs
250528-05:19:39,144 nipype.workflow INFO:
	 [Node] "_regress_affine0" found cached.
250528-05:19:39,144 nipype.workflow INFO:
	 [Node] Setting-up "_regress_affine1" in "/work/fmriprep_25_0_wf/sub_GEO067_wf/anat_fit_wf/msm_sulc_wf/regress_affine/mapflow/_regress_affine1".
250528-05:19:39,149 nipype.workflow INFO:
	 [Node] Cached "_regress_affine1" - collecting precomputed outputs
250528-05:19:39,149 nipype.workflow INFO:
	 [Node] "_regress_affine1" found cached.
250528-05:19:39,163 nipype.workflow INFO:
	 [Node] Setting-up "_create_wm_distvol0" in "/work/fmriprep_25_0_wf/sub_GEO067_wf/anat_fit_wf/anat_ribbon_wf/create_wm_distvol/mapflow/_create_wm_distvol0".
250528-05:19:39,168 nipype.workflow INFO:
	 [Node] Cached "_create_wm_distvol0" - collecting precomputed outputs
250528-05:19:39,169 nipype.workflow INFO:
	 [Node] "_create_wm_distvol0" found cached.
250528-05:19:39,169 nipype.workflow INFO:
	 [Node] Setting-up "_create_wm_distvol1" in "/work/fmriprep_25_0_wf/sub_GEO067_wf/anat_fit_wf/anat_ribbon_wf/create_wm_distvol/mapflow/_create_wm_distvol1".
250528-05:19:39,173 nipype.workflow INFO:
	 [Node] Cached "_create_wm_distvol1" - collecting precomputed outputs
250528-05:19:39,173 nipype.workflow INFO:
	 [Node] "_create_wm_distvol1" found cached.
250528-05:19:42,906 nipype.workflow INFO:
	 [Node] Setting-up "_apply_surface_affine0" in "/work/fmriprep_25_0_wf/sub_GEO067_wf/anat_fit_wf/msm_sulc_wf/apply_surface_affine/mapflow/_apply_surface_affine0".
250528-05:19:42,906 nipype.workflow INFO:
	 [Node] Setting-up "_apply_surface_affine1" in "/work/fmriprep_25_0_wf/sub_GEO067_wf/anat_fit_wf/msm_sulc_wf/apply_surface_affine/mapflow/_apply_surface_affine1".
250528-05:19:43,105 nipype.workflow INFO:
	 [Node] Executing "_apply_surface_affine0" <smriprep.interfaces.workbench.SurfaceApplyAffine>
250528-05:19:43,108 nipype.workflow INFO:
	 [Node] Executing "_apply_surface_affine1" <smriprep.interfaces.workbench.SurfaceApplyAffine>
250528-05:19:44,169 nipype.workflow INFO:
	 [Node] Finished "_apply_surface_affine1", elapsed time 0.850647s.
250528-05:19:44,201 nipype.workflow INFO:
	 [Node] Finished "_apply_surface_affine0", elapsed time 0.906147s.
250528-05:19:45,47 nipype.workflow INFO:
	 [Node] Setting-up "_apply_surface_affine0" in "/work/fmriprep_25_0_wf/sub_GEO067_wf/anat_fit_wf/msm_sulc_wf/apply_surface_affine/mapflow/_apply_surface_affine0".
250528-05:19:45,52 nipype.workflow INFO:
	 [Node] Cached "_apply_surface_affine0" - collecting precomputed outputs
250528-05:19:45,52 nipype.workflow INFO:
	 [Node] "_apply_surface_affine0" found cached.
250528-05:19:45,53 nipype.workflow INFO:
	 [Node] Setting-up "_apply_surface_affine1" in "/work/fmriprep_25_0_wf/sub_GEO067_wf/anat_fit_wf/msm_sulc_wf/apply_surface_affine/mapflow/_apply_surface_affine1".
250528-05:19:45,60 nipype.workflow INFO:
	 [Node] Cached "_apply_surface_affine1" - collecting precomputed outputs
250528-05:19:45,60 nipype.workflow INFO:
	 [Node] "_apply_surface_affine1" found cached.
250528-05:19:47,297 nipype.workflow INFO:
	 [Node] Finished "_create_pial_distvol1", elapsed time 48.820195s.
250528-05:19:47,794 nipype.workflow INFO:
	 [Node] Finished "_create_pial_distvol0", elapsed time 49.333915s.
250528-05:19:48,912 nipype.workflow INFO:
	 [Node] Setting-up "_modify_sphere0" in "/work/fmriprep_25_0_wf/sub_GEO067_wf/anat_fit_wf/msm_sulc_wf/modify_sphere/mapflow/_modify_sphere0".
250528-05:19:48,912 nipype.workflow INFO:
	 [Node] Setting-up "_modify_sphere1" in "/work/fmriprep_25_0_wf/sub_GEO067_wf/anat_fit_wf/msm_sulc_wf/modify_sphere/mapflow/_modify_sphere1".
250528-05:19:49,53 nipype.workflow INFO:
	 [Node] Setting-up "_create_pial_distvol0" in "/work/fmriprep_25_0_wf/sub_GEO067_wf/anat_fit_wf/anat_ribbon_wf/create_pial_distvol/mapflow/_create_pial_distvol0".
250528-05:19:49,56 nipype.workflow INFO:
	 [Node] Cached "_create_pial_distvol0" - collecting precomputed outputs
250528-05:19:49,56 nipype.workflow INFO:
	 [Node] "_create_pial_distvol0" found cached.
250528-05:19:49,57 nipype.workflow INFO:
	 [Node] Setting-up "_create_pial_distvol1" in "/work/fmriprep_25_0_wf/sub_GEO067_wf/anat_fit_wf/anat_ribbon_wf/create_pial_distvol/mapflow/_create_pial_distvol1".
250528-05:19:49,61 nipype.workflow INFO:
	 [Node] Cached "_create_pial_distvol1" - collecting precomputed outputs
250528-05:19:49,61 nipype.workflow INFO:
	 [Node] "_create_pial_distvol1" found cached.
250528-05:19:49,103 nipype.workflow INFO:
	 [Node] Executing "_modify_sphere0" <smriprep.interfaces.workbench.SurfaceModifySphere>
250528-05:19:49,110 nipype.workflow INFO:
	 [Node] Executing "_modify_sphere1" <smriprep.interfaces.workbench.SurfaceModifySphere>
250528-05:19:50,123 nipype.workflow INFO:
	 [Node] Finished "_modify_sphere1", elapsed time 0.832846s.
250528-05:19:50,172 nipype.workflow INFO:
	 [Node] Finished "_modify_sphere0", elapsed time 0.876232s.
250528-05:19:50,920 nipype.workflow INFO:
	 [Node] Setting-up "fmriprep_25_0_wf.sub_GEO067_wf.anat_fit_wf.anat_ribbon_wf.make_ribbon" in "/work/fmriprep_25_0_wf/sub_GEO067_wf/anat_fit_wf/anat_ribbon_wf/make_ribbon".
250528-05:19:51,73 nipype.workflow INFO:
	 [Node] Setting-up "_modify_sphere0" in "/work/fmriprep_25_0_wf/sub_GEO067_wf/anat_fit_wf/msm_sulc_wf/modify_sphere/mapflow/_modify_sphere0".
250528-05:19:51,77 nipype.workflow INFO:
	 [Node] Cached "_modify_sphere0" - collecting precomputed outputs
250528-05:19:51,77 nipype.workflow INFO:
	 [Node] "_modify_sphere0" found cached.
250528-05:19:51,77 nipype.workflow INFO:
	 [Node] Setting-up "_modify_sphere1" in "/work/fmriprep_25_0_wf/sub_GEO067_wf/anat_fit_wf/msm_sulc_wf/modify_sphere/mapflow/_modify_sphere1".
250528-05:19:51,80 nipype.workflow INFO:
	 [Node] Cached "_modify_sphere1" - collecting precomputed outputs
250528-05:19:51,81 nipype.workflow INFO:
	 [Node] "_modify_sphere1" found cached.
250528-05:19:51,152 nipype.workflow INFO:
	 [Node] Executing "make_ribbon" <smriprep.interfaces.surf.MakeRibbon>
250528-05:19:51,617 nipype.workflow INFO:
	 [Node] Finished "make_ribbon", elapsed time 0.464118s.
250528-05:19:55,129 nipype.workflow INFO:
	 [Node] Setting-up "_msmsulc1" in "/work/fmriprep_25_0_wf/sub_GEO067_wf/anat_fit_wf/msm_sulc_wf/msmsulc/mapflow/_msmsulc1".
250528-05:19:55,129 nipype.workflow INFO:
	 [Node] Setting-up "_msmsulc0" in "/work/fmriprep_25_0_wf/sub_GEO067_wf/anat_fit_wf/msm_sulc_wf/msmsulc/mapflow/_msmsulc0".
250528-05:19:55,347 nipype.workflow INFO:
	 [Node] Executing "_msmsulc0" <smriprep.interfaces.msm.MSM>
250528-05:19:55,419 nipype.workflow INFO:
	 [Node] Executing "_msmsulc1" <smriprep.interfaces.msm.MSM>
250528-05:20:12,820 nipype.workflow INFO:
	 [Node] Finished "fast", elapsed time 69.17318s.
250528-05:20:15,163 nipype.workflow INFO:
	 [Node] Setting-up "fmriprep_25_0_wf.sub_GEO067_wf.anat_fit_wf.lut_t1w_dseg" in "/work/fmriprep_25_0_wf/sub_GEO067_wf/anat_fit_wf/lut_t1w_dseg".
250528-05:20:15,460 nipype.workflow INFO:
	 [Node] Executing "lut_t1w_dseg" <nipype.interfaces.utility.wrappers.Function>
250528-05:20:15,687 nipype.workflow INFO:
	 [Node] Finished "lut_t1w_dseg", elapsed time 0.224848s.
250528-05:20:23,662 nipype.workflow INFO:
	 [Node] Setting-up "fmriprep_25_0_wf.sub_GEO067_wf.anat_fit_wf.anat_reports_wf.seg_rpt" in "/work/fmriprep_25_0_wf/sub_GEO067_wf/anat_fit_wf/anat_reports_wf/seg_rpt".
250528-05:20:23,672 nipype.workflow INFO:
	 [Node] Setting-up "fmriprep_25_0_wf.sub_GEO067_wf.bold_ses_t2_task_image_run_1_wf.bold_fit_wf.func_fit_reports_wf.t1w_wm" in "/work/fmriprep_25_0_wf/sub_GEO067_wf/bold_ses_t2_task_image_run_1_wf/bold_fit_wf/func_fit_reports_wf/t1w_wm".
250528-05:20:23,691 nipype.workflow INFO:
	 [Node] Setting-up "fmriprep_25_0_wf.sub_GEO067_wf.bold_ses_t2_task_image_run_2_wf.bold_fit_wf.func_fit_reports_wf.t1w_wm" in "/work/fmriprep_25_0_wf/sub_GEO067_wf/bold_ses_t2_task_image_run_2_wf/bold_fit_wf/func_fit_reports_wf/t1w_wm".
250528-05:20:23,705 nipype.workflow INFO:
	 [Node] Setting-up "fmriprep_25_0_wf.sub_GEO067_wf.bold_ses_t2_task_image_run_3_wf.bold_fit_wf.func_fit_reports_wf.t1w_wm" in "/work/fmriprep_25_0_wf/sub_GEO067_wf/bold_ses_t2_task_image_run_3_wf/bold_fit_wf/func_fit_reports_wf/t1w_wm".
250528-05:20:23,749 nipype.workflow INFO:
	 [Node] Setting-up "fmriprep_25_0_wf.sub_GEO067_wf.bold_ses_t2_task_image_run_4_wf.bold_fit_wf.func_fit_reports_wf.t1w_wm" in "/work/fmriprep_25_0_wf/sub_GEO067_wf/bold_ses_t2_task_image_run_4_wf/bold_fit_wf/func_fit_reports_wf/t1w_wm".
250528-05:20:23,908 nipype.workflow INFO:
	 [Node] Executing "seg_rpt" <niworkflows.interfaces.reportlets.masks.ROIsPlot>
250528-05:20:23,915 nipype.workflow INFO:
	 [Node] Executing "t1w_wm" <nipype.interfaces.utility.wrappers.Function>
250528-05:20:23,930 nipype.workflow INFO:
	 [Node] Executing "t1w_wm" <nipype.interfaces.utility.wrappers.Function>
250528-05:20:23,943 nipype.workflow INFO:
	 [Node] Executing "t1w_wm" <nipype.interfaces.utility.wrappers.Function>
250528-05:20:23,968 nipype.workflow INFO:
	 [Node] Executing "t1w_wm" <nipype.interfaces.utility.wrappers.Function>
250528-05:20:24,14 nipype.workflow INFO:
	 [Node] Finished "t1w_wm", elapsed time 0.097676s.
250528-05:20:24,26 nipype.workflow INFO:
	 [Node] Finished "t1w_wm", elapsed time 0.094901s.
250528-05:20:24,48 nipype.workflow INFO:
	 [Node] Finished "t1w_wm", elapsed time 0.103167s.
250528-05:20:24,59 nipype.workflow INFO:
	 [Node] Finished "t1w_wm", elapsed time 0.090357s.
250528-05:20:25,802 nipype.workflow INFO:
	 [Node] Setting-up "fmriprep_25_0_wf.sub_GEO067_wf.bold_ses_t2_task_image_run_5_wf.bold_fit_wf.func_fit_reports_wf.t1w_wm" in "/work/fmriprep_25_0_wf/sub_GEO067_wf/bold_ses_t2_task_image_run_5_wf/bold_fit_wf/func_fit_reports_wf/t1w_wm".
250528-05:20:25,819 nipype.workflow INFO:
	 [Node] Setting-up "fmriprep_25_0_wf.sub_GEO067_wf.bold_ses_t3_task_image_run_1_wf.bold_fit_wf.func_fit_reports_wf.t1w_wm" in "/work/fmriprep_25_0_wf/sub_GEO067_wf/bold_ses_t3_task_image_run_1_wf/bold_fit_wf/func_fit_reports_wf/t1w_wm".
250528-05:20:25,831 nipype.workflow INFO:
	 [Node] Setting-up "fmriprep_25_0_wf.sub_GEO067_wf.bold_ses_t3_task_image_run_2_wf.bold_fit_wf.func_fit_reports_wf.t1w_wm" in "/work/fmriprep_25_0_wf/sub_GEO067_wf/bold_ses_t3_task_image_run_2_wf/bold_fit_wf/func_fit_reports_wf/t1w_wm".
250528-05:20:25,844 nipype.workflow INFO:
	 [Node] Setting-up "fmriprep_25_0_wf.sub_GEO067_wf.bold_ses_t3_task_image_run_3_wf.bold_fit_wf.func_fit_reports_wf.t1w_wm" in "/work/fmriprep_25_0_wf/sub_GEO067_wf/bold_ses_t3_task_image_run_3_wf/bold_fit_wf/func_fit_reports_wf/t1w_wm".
250528-05:20:26,477 nipype.workflow INFO:
	 [Node] Executing "t1w_wm" <nipype.interfaces.utility.wrappers.Function>
250528-05:20:26,480 nipype.workflow INFO:
	 [Node] Executing "t1w_wm" <nipype.interfaces.utility.wrappers.Function>
250528-05:20:26,500 nipype.workflow INFO:
	 [Node] Executing "t1w_wm" <nipype.interfaces.utility.wrappers.Function>
250528-05:20:26,502 nipype.workflow INFO:
	 [Node] Executing "t1w_wm" <nipype.interfaces.utility.wrappers.Function>
250528-05:20:26,577 nipype.workflow INFO:
	 [Node] Finished "t1w_wm", elapsed time 0.098503s.
250528-05:20:26,597 nipype.workflow INFO:
	 [Node] Finished "t1w_wm", elapsed time 0.115855s.
250528-05:20:26,597 nipype.workflow INFO:
	 [Node] Finished "t1w_wm", elapsed time 0.095487s.
250528-05:20:26,613 nipype.workflow INFO:
	 [Node] Finished "t1w_wm", elapsed time 0.102232s.
250528-05:20:27,830 nipype.workflow INFO:
	 [Node] Setting-up "fmriprep_25_0_wf.sub_GEO067_wf.bold_ses_t3_task_image_run_4_wf.bold_fit_wf.func_fit_reports_wf.t1w_wm" in "/work/fmriprep_25_0_wf/sub_GEO067_wf/bold_ses_t3_task_image_run_4_wf/bold_fit_wf/func_fit_reports_wf/t1w_wm".
250528-05:20:27,853 nipype.workflow INFO:
	 [Node] Setting-up "fmriprep_25_0_wf.sub_GEO067_wf.bold_ses_t3_task_image_run_5_wf.bold_fit_wf.func_fit_reports_wf.t1w_wm" in "/work/fmriprep_25_0_wf/sub_GEO067_wf/bold_ses_t3_task_image_run_5_wf/bold_fit_wf/func_fit_reports_wf/t1w_wm".
250528-05:20:27,864 nipype.workflow INFO:
	 [Node] Setting-up "fmriprep_25_0_wf.sub_GEO067_wf.bold_ses_t3_task_retrans_run_1_wf.bold_fit_wf.func_fit_reports_wf.t1w_wm" in "/work/fmriprep_25_0_wf/sub_GEO067_wf/bold_ses_t3_task_retrans_run_1_wf/bold_fit_wf/func_fit_reports_wf/t1w_wm".
250528-05:20:27,875 nipype.workflow INFO:
	 [Node] Setting-up "fmriprep_25_0_wf.sub_GEO067_wf.bold_ses_t2_task_image_run_1_wf.bold_confounds_wf.acc_masks" in "/work/fmriprep_25_0_wf/sub_GEO067_wf/bold_ses_t2_task_image_run_1_wf/bold_confounds_wf/acc_masks".
250528-05:20:28,105 nipype.workflow INFO:
	 [Node] Executing "t1w_wm" <nipype.interfaces.utility.wrappers.Function>
250528-05:20:28,196 nipype.workflow INFO:
	 [Node] Executing "t1w_wm" <nipype.interfaces.utility.wrappers.Function>
250528-05:20:28,217 nipype.workflow INFO:
	 [Node] Finished "t1w_wm", elapsed time 0.11007s.
250528-05:20:28,219 nipype.workflow INFO:
	 [Node] Executing "t1w_wm" <nipype.interfaces.utility.wrappers.Function>
250528-05:20:28,301 nipype.workflow INFO:
	 [Node] Finished "t1w_wm", elapsed time 0.103677s.
250528-05:20:28,315 nipype.workflow INFO:
	 [Node] Finished "t1w_wm", elapsed time 0.09448s.
250528-05:20:28,404 nipype.workflow INFO:
	 [Node] Executing "acc_masks" <fmriprep.interfaces.confounds.aCompCorMasks>
250528-05:20:29,691 nipype.workflow INFO:
	 [Node] Setting-up "fmriprep_25_0_wf.sub_GEO067_wf.bold_ses_t2_task_image_run_2_wf.bold_confounds_wf.acc_masks" in "/work/fmriprep_25_0_wf/sub_GEO067_wf/bold_ses_t2_task_image_run_2_wf/bold_confounds_wf/acc_masks".
250528-05:20:29,698 nipype.workflow INFO:
	 [Node] Setting-up "fmriprep_25_0_wf.sub_GEO067_wf.bold_ses_t2_task_image_run_3_wf.bold_confounds_wf.acc_masks" in "/work/fmriprep_25_0_wf/sub_GEO067_wf/bold_ses_t2_task_image_run_3_wf/bold_confounds_wf/acc_masks".
250528-05:20:29,704 nipype.workflow INFO:
	 [Node] Setting-up "fmriprep_25_0_wf.sub_GEO067_wf.bold_ses_t2_task_image_run_4_wf.bold_confounds_wf.acc_masks" in "/work/fmriprep_25_0_wf/sub_GEO067_wf/bold_ses_t2_task_image_run_4_wf/bold_confounds_wf/acc_masks".
250528-05:20:30,179 nipype.workflow INFO:
	 [Node] Executing "acc_masks" <fmriprep.interfaces.confounds.aCompCorMasks>
250528-05:20:30,224 nipype.workflow INFO:
	 [Node] Executing "acc_masks" <fmriprep.interfaces.confounds.aCompCorMasks>
250528-05:20:30,286 nipype.workflow INFO:
	 [Node] Executing "acc_masks" <fmriprep.interfaces.confounds.aCompCorMasks>
250528-05:20:32,62 nipype.workflow INFO:
	 [Node] Finished "acc_masks", elapsed time 3.65752s.
250528-05:20:32,608 nipype.workflow INFO:
	 [Node] Finished "bbreg", elapsed time 134.325612s.
250528-05:20:33,282 nipype.workflow INFO:
	 [Node] Finished "acc_masks", elapsed time 3.10135s.
250528-05:20:33,430 nipype.workflow INFO:
	 [Node] Finished "acc_masks", elapsed time 3.204619s.
250528-05:20:33,755 nipype.workflow INFO:
	 [Node] Finished "acc_masks", elapsed time 3.467261s.
250528-05:20:34,394 nipype.workflow INFO:
	 [Node] Setting-up "fmriprep_25_0_wf.sub_GEO067_wf.bold_ses_t2_task_image_run_5_wf.bold_confounds_wf.acc_masks" in "/work/fmriprep_25_0_wf/sub_GEO067_wf/bold_ses_t2_task_image_run_5_wf/bold_confounds_wf/acc_masks".
250528-05:20:34,399 nipype.workflow INFO:
	 [Node] Setting-up "fmriprep_25_0_wf.sub_GEO067_wf.bold_ses_t3_task_image_run_1_wf.bold_confounds_wf.acc_masks" in "/work/fmriprep_25_0_wf/sub_GEO067_wf/bold_ses_t3_task_image_run_1_wf/bold_confounds_wf/acc_masks".
250528-05:20:34,910 nipype.workflow INFO:
	 [Node] Executing "acc_masks" <fmriprep.interfaces.confounds.aCompCorMasks>
250528-05:20:34,954 nipype.workflow INFO:
	 [Node] Executing "acc_masks" <fmriprep.interfaces.confounds.aCompCorMasks>
250528-05:20:36,826 nipype.workflow INFO:
	 [Node] Setting-up "fmriprep_25_0_wf.sub_GEO067_wf.bold_ses_t3_task_image_run_2_wf.bold_confounds_wf.acc_masks" in "/work/fmriprep_25_0_wf/sub_GEO067_wf/bold_ses_t3_task_image_run_2_wf/bold_confounds_wf/acc_masks".
250528-05:20:36,837 nipype.workflow INFO:
	 [Node] Setting-up "fmriprep_25_0_wf.sub_GEO067_wf.bold_ses_t3_task_image_run_3_wf.bold_confounds_wf.acc_masks" in "/work/fmriprep_25_0_wf/sub_GEO067_wf/bold_ses_t3_task_image_run_3_wf/bold_confounds_wf/acc_masks".
250528-05:20:36,844 nipype.workflow INFO:
	 [Node] Setting-up "fmriprep_25_0_wf.sub_GEO067_wf.bold_ses_t3_task_image_run_4_wf.bold_confounds_wf.acc_masks" in "/work/fmriprep_25_0_wf/sub_GEO067_wf/bold_ses_t3_task_image_run_4_wf/bold_confounds_wf/acc_masks".
250528-05:20:37,265 nipype.workflow INFO:
	 [Node] Executing "acc_masks" <fmriprep.interfaces.confounds.aCompCorMasks>
250528-05:20:37,274 nipype.workflow INFO:
	 [Node] Executing "acc_masks" <fmriprep.interfaces.confounds.aCompCorMasks>
250528-05:20:37,302 nipype.workflow INFO:
	 [Node] Executing "acc_masks" <fmriprep.interfaces.confounds.aCompCorMasks>
250528-05:20:37,880 nipype.workflow INFO:
	 [Node] Finished "acc_masks", elapsed time 2.968674s.
250528-05:20:38,165 nipype.workflow INFO:
	 [Node] Finished "acc_masks", elapsed time 3.209766s.
250528-05:20:39,147 nipype.workflow INFO:
	 [Node] Finished "seg_rpt", elapsed time 15.237423s.
250528-05:20:39,662 nipype.workflow INFO:
	 [Node] Setting-up "fmriprep_25_0_wf.sub_GEO067_wf.anat_fit_wf.t2w_resample" in "/work/fmriprep_25_0_wf/sub_GEO067_wf/anat_fit_wf/t2w_resample".
250528-05:20:39,666 nipype.workflow INFO:
	 [Node] Setting-up "fmriprep_25_0_wf.sub_GEO067_wf.bold_ses_t3_task_image_run_5_wf.bold_confounds_wf.acc_masks" in "/work/fmriprep_25_0_wf/sub_GEO067_wf/bold_ses_t3_task_image_run_5_wf/bold_confounds_wf/acc_masks".
250528-05:20:39,672 nipype.workflow INFO:
	 [Node] Setting-up "fmriprep_25_0_wf.sub_GEO067_wf.bold_ses_t3_task_retrans_run_1_wf.bold_confounds_wf.acc_masks" in "/work/fmriprep_25_0_wf/sub_GEO067_wf/bold_ses_t3_task_retrans_run_1_wf/bold_confounds_wf/acc_masks".
250528-05:20:39,956 nipype.workflow INFO:
	 [Node] Finished "acc_masks", elapsed time 2.6901260000000002s.
250528-05:20:39,960 nipype.workflow INFO:
	 [Node] Executing "t2w_resample" <niworkflows.interfaces.fixes.FixHeaderApplyTransforms>
250528-05:20:40,65 nipype.workflow INFO:
	 [Node] Executing "acc_masks" <fmriprep.interfaces.confounds.aCompCorMasks>
250528-05:20:40,163 nipype.workflow INFO:
	 [Node] Executing "acc_masks" <fmriprep.interfaces.confounds.aCompCorMasks>
250528-05:20:40,177 nipype.workflow INFO:
	 [Node] Finished "acc_masks", elapsed time 2.873105s.
250528-05:20:40,356 nipype.workflow INFO:
	 [Node] Finished "acc_masks", elapsed time 3.080533s.
250528-05:20:42,922 nipype.workflow INFO:
	 [Node] Finished "acc_masks", elapsed time 2.758s.
250528-05:20:42,971 nipype.workflow INFO:
	 [Node] Finished "acc_masks", elapsed time 2.905291s.
250528-05:21:05,185 nipype.workflow INFO:
	 [Node] Finished "t2w_resample", elapsed time 25.224707s.
250528-05:51:57,941 nipype.workflow INFO:
	 [Node] Finished "_msmsulc0", elapsed time 1922.591812s.
250528-05:51:59,723 nipype.workflow INFO:
	 [Node] Setting-up "fmriprep_25_0_wf.sub_GEO067_wf.bold_ses_t2_task_image_run_1_wf.bold_fit_wf.bold_reg_wf.bbreg_wf.mri_coreg" in "/work/fmriprep_25_0_wf/sub_GEO067_wf/bold_ses_t2_task_image_run_1_wf/bold_fit_wf/bold_reg_wf/bbreg_wf/mri_coreg".
250528-05:51:59,871 nipype.workflow INFO:
	 [Node] Executing "mri_coreg" <fmriprep.interfaces.patches.MRICoreg>
250528-05:52:06,880 nipype.workflow INFO:
	 [Node] Finished "_msmsulc1", elapsed time 1931.459952s.
250528-05:52:07,782 nipype.workflow INFO:
	 [Node] Setting-up "_msmsulc0" in "/work/fmriprep_25_0_wf/sub_GEO067_wf/anat_fit_wf/msm_sulc_wf/msmsulc/mapflow/_msmsulc0".
250528-05:52:07,787 nipype.workflow INFO:
	 [Node] Cached "_msmsulc0" - collecting precomputed outputs
250528-05:52:07,787 nipype.workflow INFO:
	 [Node] "_msmsulc0" found cached.
250528-05:52:07,788 nipype.workflow INFO:
	 [Node] Setting-up "_msmsulc1" in "/work/fmriprep_25_0_wf/sub_GEO067_wf/anat_fit_wf/msm_sulc_wf/msmsulc/mapflow/_msmsulc1".
250528-05:52:07,793 nipype.workflow INFO:
	 [Node] Cached "_msmsulc1" - collecting precomputed outputs
250528-05:52:07,793 nipype.workflow INFO:
	 [Node] "_msmsulc1" found cached.
250528-05:52:42,370 nipype.workflow INFO:
	 [Node] Finished "mri_coreg", elapsed time 42.497676s.
250528-05:52:43,668 nipype.workflow INFO:
	 [Node] Setting-up "fmriprep_25_0_wf.sub_GEO067_wf.bold_ses_t2_task_image_run_2_wf.bold_fit_wf.bold_reg_wf.bbreg_wf.mri_coreg" in "/work/fmriprep_25_0_wf/sub_GEO067_wf/bold_ses_t2_task_image_run_2_wf/bold_fit_wf/bold_reg_wf/bbreg_wf/mri_coreg".
250528-05:52:43,973 nipype.workflow INFO:
	 [Node] Executing "mri_coreg" <fmriprep.interfaces.patches.MRICoreg>
250528-05:53:24,352 nipype.workflow INFO:
	 [Node] Finished "mri_coreg", elapsed time 40.377924s.
250528-05:53:25,650 nipype.workflow INFO:
	 [Node] Setting-up "fmriprep_25_0_wf.sub_GEO067_wf.bold_ses_t2_task_image_run_3_wf.bold_fit_wf.bold_reg_wf.bbreg_wf.mri_coreg" in "/work/fmriprep_25_0_wf/sub_GEO067_wf/bold_ses_t2_task_image_run_3_wf/bold_fit_wf/bold_reg_wf/bbreg_wf/mri_coreg".
250528-05:53:25,863 nipype.workflow INFO:
	 [Node] Executing "mri_coreg" <fmriprep.interfaces.patches.MRICoreg>
250528-05:54:05,598 nipype.workflow INFO:
	 [Node] Finished "mri_coreg", elapsed time 39.733825s.
250528-05:54:07,645 nipype.workflow INFO:
	 [Node] Setting-up "fmriprep_25_0_wf.sub_GEO067_wf.bold_ses_t2_task_image_run_4_wf.bold_fit_wf.bold_reg_wf.bbreg_wf.mri_coreg" in "/work/fmriprep_25_0_wf/sub_GEO067_wf/bold_ses_t2_task_image_run_4_wf/bold_fit_wf/bold_reg_wf/bbreg_wf/mri_coreg".
250528-05:54:07,906 nipype.workflow INFO:
	 [Node] Executing "mri_coreg" <fmriprep.interfaces.patches.MRICoreg>
250528-05:54:48,72 nipype.workflow INFO:
	 [Node] Finished "mri_coreg", elapsed time 40.159679s.
250528-05:54:49,637 nipype.workflow INFO:
	 [Node] Setting-up "fmriprep_25_0_wf.sub_GEO067_wf.bold_ses_t2_task_image_run_5_wf.bold_fit_wf.bold_reg_wf.bbreg_wf.mri_coreg" in "/work/fmriprep_25_0_wf/sub_GEO067_wf/bold_ses_t2_task_image_run_5_wf/bold_fit_wf/bold_reg_wf/bbreg_wf/mri_coreg".
250528-05:54:49,819 nipype.workflow INFO:
	 [Node] Executing "mri_coreg" <fmriprep.interfaces.patches.MRICoreg>
250528-05:55:30,62 nipype.workflow INFO:
	 [Node] Finished "mri_coreg", elapsed time 40.242756s.
250528-05:55:31,715 nipype.workflow INFO:
	 [Node] Setting-up "fmriprep_25_0_wf.sub_GEO067_wf.bold_ses_t3_task_image_run_1_wf.bold_fit_wf.bold_reg_wf.bbreg_wf.mri_coreg" in "/work/fmriprep_25_0_wf/sub_GEO067_wf/bold_ses_t3_task_image_run_1_wf/bold_fit_wf/bold_reg_wf/bbreg_wf/mri_coreg".
250528-05:55:31,882 nipype.workflow INFO:
	 [Node] Executing "mri_coreg" <fmriprep.interfaces.patches.MRICoreg>
250528-05:56:13,18 nipype.workflow INFO:
	 [Node] Finished "mri_coreg", elapsed time 41.130643s.
250528-05:56:13,659 nipype.workflow INFO:
	 [Node] Setting-up "fmriprep_25_0_wf.sub_GEO067_wf.bold_ses_t3_task_image_run_2_wf.bold_fit_wf.bold_reg_wf.bbreg_wf.mri_coreg" in "/work/fmriprep_25_0_wf/sub_GEO067_wf/bold_ses_t3_task_image_run_2_wf/bold_fit_wf/bold_reg_wf/bbreg_wf/mri_coreg".
250528-05:56:13,819 nipype.workflow INFO:
	 [Node] Executing "mri_coreg" <fmriprep.interfaces.patches.MRICoreg>
250528-05:56:55,987 nipype.workflow INFO:
	 [Node] Finished "mri_coreg", elapsed time 42.167052s.
250528-05:56:57,656 nipype.workflow INFO:
	 [Node] Setting-up "fmriprep_25_0_wf.sub_GEO067_wf.bold_ses_t3_task_image_run_3_wf.bold_fit_wf.bold_reg_wf.bbreg_wf.mri_coreg" in "/work/fmriprep_25_0_wf/sub_GEO067_wf/bold_ses_t3_task_image_run_3_wf/bold_fit_wf/bold_reg_wf/bbreg_wf/mri_coreg".
250528-05:56:57,811 nipype.workflow INFO:
	 [Node] Executing "mri_coreg" <fmriprep.interfaces.patches.MRICoreg>
250528-05:57:40,265 nipype.workflow INFO:
	 [Node] Finished "mri_coreg", elapsed time 42.448968s.
250528-05:57:41,773 nipype.workflow INFO:
	 [Node] Setting-up "fmriprep_25_0_wf.sub_GEO067_wf.bold_ses_t3_task_image_run_4_wf.bold_fit_wf.bold_reg_wf.bbreg_wf.mri_coreg" in "/work/fmriprep_25_0_wf/sub_GEO067_wf/bold_ses_t3_task_image_run_4_wf/bold_fit_wf/bold_reg_wf/bbreg_wf/mri_coreg".
250528-05:57:41,936 nipype.workflow INFO:
	 [Node] Executing "mri_coreg" <fmriprep.interfaces.patches.MRICoreg>
250528-05:58:24,858 nipype.workflow INFO:
	 [Node] Finished "mri_coreg", elapsed time 42.921632s.
250528-05:58:25,672 nipype.workflow INFO:
	 [Node] Setting-up "fmriprep_25_0_wf.sub_GEO067_wf.bold_ses_t3_task_image_run_5_wf.bold_fit_wf.bold_reg_wf.bbreg_wf.mri_coreg" in "/work/fmriprep_25_0_wf/sub_GEO067_wf/bold_ses_t3_task_image_run_5_wf/bold_fit_wf/bold_reg_wf/bbreg_wf/mri_coreg".
250528-05:58:26,73 nipype.workflow INFO:
	 [Node] Executing "mri_coreg" <fmriprep.interfaces.patches.MRICoreg>
250528-05:59:09,414 nipype.workflow INFO:
	 [Node] Finished "mri_coreg", elapsed time 43.333947s.
250528-05:59:11,687 nipype.workflow INFO:
	 [Node] Setting-up "fmriprep_25_0_wf.sub_GEO067_wf.bold_ses_t3_task_retrans_run_1_wf.bold_fit_wf.bold_reg_wf.bbreg_wf.mri_coreg" in "/work/fmriprep_25_0_wf/sub_GEO067_wf/bold_ses_t3_task_retrans_run_1_wf/bold_fit_wf/bold_reg_wf/bbreg_wf/mri_coreg".
250528-05:59:11,934 nipype.workflow INFO:
	 [Node] Executing "mri_coreg" <fmriprep.interfaces.patches.MRICoreg>
250528-05:59:54,883 nipype.workflow INFO:
	 [Node] Finished "mri_coreg", elapsed time 42.948231s.
250528-05:59:55,702 nipype.workflow INFO:
	 [Node] Setting-up "fmriprep_25_0_wf.sub_GEO067_wf.bold_ses_t2_task_image_run_1_wf.bold_fit_wf.bold_reg_wf.bbreg_wf.bbregister" in "/work/fmriprep_25_0_wf/sub_GEO067_wf/bold_ses_t2_task_image_run_1_wf/bold_fit_wf/bold_reg_wf/bbreg_wf/bbregister".
250528-05:59:55,864 nipype.workflow INFO:
	 [Node] Executing "bbregister" <nipype.interfaces.freesurfer.preprocess.BBRegister>
250528-06:00:16,736 nipype.workflow INFO:
	 [Node] Finished "bbregister", elapsed time 20.851311s.
250528-06:00:17,727 nipype.workflow INFO:
	 [Node] Setting-up "fmriprep_25_0_wf.sub_GEO067_wf.bold_ses_t2_task_image_run_2_wf.bold_fit_wf.bold_reg_wf.bbreg_wf.bbregister" in "/work/fmriprep_25_0_wf/sub_GEO067_wf/bold_ses_t2_task_image_run_2_wf/bold_fit_wf/bold_reg_wf/bbreg_wf/bbregister".
250528-06:00:17,872 nipype.workflow INFO:
	 [Node] Executing "bbregister" <nipype.interfaces.freesurfer.preprocess.BBRegister>
250528-06:00:19,691 nipype.workflow INFO:
	 [Node] Setting-up "fmriprep_25_0_wf.sub_GEO067_wf.bold_ses_t2_task_image_run_1_wf.bold_fit_wf.bold_reg_wf.bbreg_wf.compare_transforms" in "/work/fmriprep_25_0_wf/sub_GEO067_wf/bold_ses_t2_task_image_run_1_wf/bold_fit_wf/bold_reg_wf/bbreg_wf/compare_transforms".
250528-06:00:19,833 nipype.workflow INFO:
	 [Node] Executing "compare_transforms" <nipype.interfaces.utility.wrappers.Function>
250528-06:00:19,848 nipype.workflow INFO:
	 [Node] Finished "compare_transforms", elapsed time 0.014383s.
250528-06:00:25,724 nipype.workflow INFO:
	 [Node] Setting-up "fmriprep_25_0_wf.sub_GEO067_wf.bold_ses_t2_task_image_run_1_wf.bold_fit_wf.bold_reg_wf.bbreg_wf.concat_xfm" in "/work/fmriprep_25_0_wf/sub_GEO067_wf/bold_ses_t2_task_image_run_1_wf/bold_fit_wf/bold_reg_wf/bbreg_wf/concat_xfm".
250528-06:00:25,821 nipype.workflow INFO:
	 [Node] Executing "concat_xfm" <niworkflows.interfaces.nitransforms.ConcatenateXFMs>
250528-06:00:25,882 nipype.workflow INFO:
	 [Node] Finished "concat_xfm", elapsed time 0.059006s.
250528-06:00:29,699 nipype.workflow INFO:
	 [Node] Setting-up "fmriprep_25_0_wf.sub_GEO067_wf.bold_ses_t2_task_image_run_1_wf.bold_fit_wf.func_fit_reports_wf.t1w_boldref" in "/work/fmriprep_25_0_wf/sub_GEO067_wf/bold_ses_t2_task_image_run_1_wf/bold_fit_wf/func_fit_reports_wf/t1w_boldref".
250528-06:00:29,807 nipype.workflow INFO:
	 [Node] Executing "t1w_boldref" <niworkflows.interfaces.fixes.FixHeaderApplyTransforms>
250528-06:00:30,123 nipype.workflow INFO:
	 [Node] Setting-up "fmriprep_25_0_wf.sub_GEO067_wf.bold_ses_t2_task_image_run_1_wf.bold_confounds_wf.t1w_mask_tfm" in "/work/fmriprep_25_0_wf/sub_GEO067_wf/bold_ses_t2_task_image_run_1_wf/bold_confounds_wf/t1w_mask_tfm".
250528-06:00:30,235 nipype.workflow INFO:
	 [Node] Executing "t1w_mask_tfm" <niworkflows.interfaces.fixes.FixHeaderApplyTransforms>
250528-06:00:31,423 nipype.workflow INFO:
	 [Node] Finished "t1w_boldref", elapsed time 1.615517s.
250528-06:00:32,127 nipype.workflow INFO:
	 [Node] Setting-up "_acc_msk_tfm0" in "/work/fmriprep_25_0_wf/sub_GEO067_wf/bold_ses_t2_task_image_run_1_wf/bold_confounds_wf/acc_msk_tfm/mapflow/_acc_msk_tfm0".
250528-06:00:32,129 nipype.workflow INFO:
	 [Node] Setting-up "_acc_msk_tfm1" in "/work/fmriprep_25_0_wf/sub_GEO067_wf/bold_ses_t2_task_image_run_1_wf/bold_confounds_wf/acc_msk_tfm/mapflow/_acc_msk_tfm1".
250528-06:00:32,129 nipype.workflow INFO:
	 [Node] Setting-up "_acc_msk_tfm2" in "/work/fmriprep_25_0_wf/sub_GEO067_wf/bold_ses_t2_task_image_run_1_wf/bold_confounds_wf/acc_msk_tfm/mapflow/_acc_msk_tfm2".
250528-06:00:32,322 nipype.workflow INFO:
	 [Node] Executing "_acc_msk_tfm0" <niworkflows.interfaces.fixes.FixHeaderApplyTransforms>
250528-06:00:32,336 nipype.workflow INFO:
	 [Node] Executing "_acc_msk_tfm2" <niworkflows.interfaces.fixes.FixHeaderApplyTransforms>
250528-06:00:32,344 nipype.workflow INFO:
	 [Node] Executing "_acc_msk_tfm1" <niworkflows.interfaces.fixes.FixHeaderApplyTransforms>
250528-06:00:32,350 nipype.workflow INFO:
	 [Node] Finished "t1w_mask_tfm", elapsed time 2.113782s.
250528-06:00:33,149 nipype.workflow INFO:
	 [Node] Finished "_acc_msk_tfm0", elapsed time 0.826185s.
250528-06:00:33,206 nipype.workflow INFO:
	 [Node] Finished "_acc_msk_tfm1", elapsed time 0.861321s.
250528-06:00:33,222 nipype.workflow INFO:
	 [Node] Finished "_acc_msk_tfm2", elapsed time 0.8844s.
250528-06:00:33,694 nipype.workflow INFO:
	 [Node] Setting-up "fmriprep_25_0_wf.sub_GEO067_wf.bold_ses_t2_task_image_run_1_wf.bold_fit_wf.func_fit_reports_wf.boldref_wm" in "/work/fmriprep_25_0_wf/sub_GEO067_wf/bold_ses_t2_task_image_run_1_wf/bold_fit_wf/func_fit_reports_wf/boldref_wm".
250528-06:00:33,699 nipype.workflow INFO:
	 [Node] Setting-up "fmriprep_25_0_wf.sub_GEO067_wf.bold_ses_t2_task_image_run_1_wf.bold_confounds_wf.union_mask" in "/work/fmriprep_25_0_wf/sub_GEO067_wf/bold_ses_t2_task_image_run_1_wf/bold_confounds_wf/union_mask".
250528-06:00:33,759 nipype.workflow INFO:
	 [Node] Setting-up "_acc_msk_tfm0" in "/work/fmriprep_25_0_wf/sub_GEO067_wf/bold_ses_t2_task_image_run_1_wf/bold_confounds_wf/acc_msk_tfm/mapflow/_acc_msk_tfm0".
250528-06:00:33,762 nipype.workflow INFO:
	 [Node] Cached "_acc_msk_tfm0" - collecting precomputed outputs
250528-06:00:33,762 nipype.workflow INFO:
	 [Node] "_acc_msk_tfm0" found cached.
250528-06:00:33,763 nipype.workflow INFO:
	 [Node] Setting-up "_acc_msk_tfm1" in "/work/fmriprep_25_0_wf/sub_GEO067_wf/bold_ses_t2_task_image_run_1_wf/bold_confounds_wf/acc_msk_tfm/mapflow/_acc_msk_tfm1".
250528-06:00:33,766 nipype.workflow INFO:
	 [Node] Cached "_acc_msk_tfm1" - collecting precomputed outputs
250528-06:00:33,766 nipype.workflow INFO:
	 [Node] "_acc_msk_tfm1" found cached.
250528-06:00:33,767 nipype.workflow INFO:
	 [Node] Setting-up "_acc_msk_tfm2" in "/work/fmriprep_25_0_wf/sub_GEO067_wf/bold_ses_t2_task_image_run_1_wf/bold_confounds_wf/acc_msk_tfm/mapflow/_acc_msk_tfm2".
250528-06:00:33,770 nipype.workflow INFO:
	 [Node] Cached "_acc_msk_tfm2" - collecting precomputed outputs
250528-06:00:33,770 nipype.workflow INFO:
	 [Node] "_acc_msk_tfm2" found cached.
250528-06:00:33,776 nipype.workflow INFO:
	 [Node] Executing "union_mask" <nipype.interfaces.utility.wrappers.Function>
250528-06:00:33,786 nipype.workflow INFO:
	 [Node] Executing "boldref_wm" <niworkflows.interfaces.fixes.FixHeaderApplyTransforms>
250528-06:00:33,817 nipype.workflow INFO:
	 [Node] Finished "union_mask", elapsed time 0.040742s.
250528-06:00:34,195 nipype.workflow INFO:
	 [Node] Finished "boldref_wm", elapsed time 0.408834s.
250528-06:00:35,773 nipype.workflow INFO:
	 [Node] Setting-up "fmriprep_25_0_wf.sub_GEO067_wf.bold_ses_t2_task_image_run_1_wf.bold_confounds_wf.dilated_mask" in "/work/fmriprep_25_0_wf/sub_GEO067_wf/bold_ses_t2_task_image_run_1_wf/bold_confounds_wf/dilated_mask".
250528-06:00:35,900 nipype.workflow INFO:
	 [Node] Executing "dilated_mask" <niworkflows.interfaces.morphology.BinaryDilation>
250528-06:00:35,973 nipype.workflow INFO:
	 [Node] Finished "dilated_mask", elapsed time 0.07055s.
250528-06:00:36,47 nipype.workflow INFO:
	 [Node] Setting-up "fmriprep_25_0_wf.sub_GEO067_wf.bold_ses_t2_task_image_run_1_wf.bold_fit_wf.func_fit_reports_wf.epi_t1_report" in "/work/fmriprep_25_0_wf/sub_GEO067_wf/bold_ses_t2_task_image_run_1_wf/bold_fit_wf/func_fit_reports_wf/epi_t1_report".
250528-06:00:36,157 nipype.workflow INFO:
	 [Node] Executing "epi_t1_report" <nireports.interfaces.reporting.base.SimpleBeforeAfterRPT>
250528-06:00:36,158 nipype.interface INFO:
	 Report - setting before (/out/sub-GEO067/ses-t2/func/sub-GEO067_ses-t2_task-image_run-1_desc-coreg_boldref.nii.gz) and after (/work/fmriprep_25_0_wf/sub_GEO067_wf/bold_ses_t2_task_image_run_1_wf/bold_fit_wf/func_fit_reports_wf/t1w_boldref/sub-GEO067_desc-preproc_T1w_trans.nii.gz) images
250528-06:00:36,158 nipype.interface INFO:
	 Generating visual report
250528-06:00:37,690 nipype.workflow INFO:
	 [Node] Setting-up "fmriprep_25_0_wf.sub_GEO067_wf.bold_ses_t2_task_image_run_1_wf.bold_confounds_wf.subtract_mask" in "/work/fmriprep_25_0_wf/sub_GEO067_wf/bold_ses_t2_task_image_run_1_wf/bold_confounds_wf/subtract_mask".
250528-06:00:37,692 nipype.workflow INFO:
	 [Node] Setting-up "_acc_msk_brain0" in "/work/fmriprep_25_0_wf/sub_GEO067_wf/bold_ses_t2_task_image_run_1_wf/bold_confounds_wf/acc_msk_brain/mapflow/_acc_msk_brain0".
250528-06:00:37,693 nipype.workflow INFO:
	 [Node] Setting-up "_acc_msk_brain1" in "/work/fmriprep_25_0_wf/sub_GEO067_wf/bold_ses_t2_task_image_run_1_wf/bold_confounds_wf/acc_msk_brain/mapflow/_acc_msk_brain1".
250528-06:00:37,693 nipype.workflow INFO:
	 [Node] Setting-up "_acc_msk_brain2" in "/work/fmriprep_25_0_wf/sub_GEO067_wf/bold_ses_t2_task_image_run_1_wf/bold_confounds_wf/acc_msk_brain/mapflow/_acc_msk_brain2".
250528-06:00:37,767 nipype.workflow INFO:
	 [Node] Executing "subtract_mask" <niworkflows.interfaces.morphology.BinarySubtraction>
250528-06:00:37,770 nipype.workflow INFO:
	 [Node] Executing "_acc_msk_brain0" <niworkflows.interfaces.nibabel.ApplyMask>
250528-06:00:37,777 nipype.workflow INFO:
	 [Node] Executing "_acc_msk_brain2" <niworkflows.interfaces.nibabel.ApplyMask>
250528-06:00:37,784 nipype.workflow INFO:
	 [Node] Executing "_acc_msk_brain1" <niworkflows.interfaces.nibabel.ApplyMask>
250528-06:00:37,805 nipype.workflow INFO:
	 [Node] Finished "subtract_mask", elapsed time 0.03684s.
250528-06:00:37,856 nipype.workflow INFO:
	 [Node] Finished "_acc_msk_brain2", elapsed time 0.078217s.
250528-06:00:37,861 nipype.workflow INFO:
	 [Node] Finished "_acc_msk_brain0", elapsed time 0.089253s.
250528-06:00:37,864 nipype.workflow INFO:
	 [Node] Finished "_acc_msk_brain1", elapsed time 0.078001s.
250528-06:00:39,765 nipype.workflow INFO:
	 [Node] Setting-up "_acc_msk_brain0" in "/work/fmriprep_25_0_wf/sub_GEO067_wf/bold_ses_t2_task_image_run_1_wf/bold_confounds_wf/acc_msk_brain/mapflow/_acc_msk_brain0".
250528-06:00:39,768 nipype.workflow INFO:
	 [Node] Cached "_acc_msk_brain0" - collecting precomputed outputs
250528-06:00:39,768 nipype.workflow INFO:
	 [Node] "_acc_msk_brain0" found cached.
250528-06:00:39,768 nipype.workflow INFO:
	 [Node] Setting-up "_acc_msk_brain1" in "/work/fmriprep_25_0_wf/sub_GEO067_wf/bold_ses_t2_task_image_run_1_wf/bold_confounds_wf/acc_msk_brain/mapflow/_acc_msk_brain1".
250528-06:00:39,771 nipype.workflow INFO:
	 [Node] Cached "_acc_msk_brain1" - collecting precomputed outputs
250528-06:00:39,771 nipype.workflow INFO:
	 [Node] "_acc_msk_brain1" found cached.
250528-06:00:39,771 nipype.workflow INFO:
	 [Node] Setting-up "_acc_msk_brain2" in "/work/fmriprep_25_0_wf/sub_GEO067_wf/bold_ses_t2_task_image_run_1_wf/bold_confounds_wf/acc_msk_brain/mapflow/_acc_msk_brain2".
250528-06:00:39,773 nipype.workflow INFO:
	 [Node] Cached "_acc_msk_brain2" - collecting precomputed outputs
250528-06:00:39,774 nipype.workflow INFO:
	 [Node] "_acc_msk_brain2" found cached.
250528-06:00:42,398 nipype.workflow INFO:
	 [Node] Finished "bbregister", elapsed time 24.52529s.
250528-06:00:43,708 nipype.workflow INFO:
	 [Node] Setting-up "fmriprep_25_0_wf.sub_GEO067_wf.bold_ses_t2_task_image_run_3_wf.bold_fit_wf.bold_reg_wf.bbreg_wf.bbregister" in "/work/fmriprep_25_0_wf/sub_GEO067_wf/bold_ses_t2_task_image_run_3_wf/bold_fit_wf/bold_reg_wf/bbreg_wf/bbregister".
250528-06:00:43,820 nipype.workflow INFO:
	 [Node] Executing "bbregister" <nipype.interfaces.freesurfer.preprocess.BBRegister>
250528-06:00:44,119 nipype.workflow INFO:
	 [Node] Setting-up "_acc_msk_bin0" in "/work/fmriprep_25_0_wf/sub_GEO067_wf/bold_ses_t2_task_image_run_1_wf/bold_confounds_wf/acc_msk_bin/mapflow/_acc_msk_bin0".
250528-06:00:44,120 nipype.workflow INFO:
	 [Node] Setting-up "_acc_msk_bin1" in "/work/fmriprep_25_0_wf/sub_GEO067_wf/bold_ses_t2_task_image_run_1_wf/bold_confounds_wf/acc_msk_bin/mapflow/_acc_msk_bin1".
250528-06:00:44,120 nipype.workflow INFO:
	 [Node] Setting-up "_acc_msk_bin2" in "/work/fmriprep_25_0_wf/sub_GEO067_wf/bold_ses_t2_task_image_run_1_wf/bold_confounds_wf/acc_msk_bin/mapflow/_acc_msk_bin2".
250528-06:00:44,200 nipype.workflow INFO:
	 [Node] Executing "_acc_msk_bin0" <niworkflows.interfaces.nibabel.Binarize>
250528-06:00:44,208 nipype.workflow INFO:
	 [Node] Executing "_acc_msk_bin2" <niworkflows.interfaces.nibabel.Binarize>
250528-06:00:44,215 nipype.workflow INFO:
	 [Node] Executing "_acc_msk_bin1" <niworkflows.interfaces.nibabel.Binarize>
250528-06:00:44,277 nipype.workflow INFO:
	 [Node] Finished "_acc_msk_bin0", elapsed time 0.075524s.
250528-06:00:44,282 nipype.workflow INFO:
	 [Node] Finished "_acc_msk_bin1", elapsed time 0.065645s.
250528-06:00:44,283 nipype.workflow INFO:
	 [Node] Finished "_acc_msk_bin2", elapsed time 0.073787s.
250528-06:00:45,715 nipype.workflow INFO:
	 [Node] Setting-up "fmriprep_25_0_wf.sub_GEO067_wf.bold_ses_t2_task_image_run_2_wf.bold_fit_wf.bold_reg_wf.bbreg_wf.compare_transforms" in "/work/fmriprep_25_0_wf/sub_GEO067_wf/bold_ses_t2_task_image_run_2_wf/bold_fit_wf/bold_reg_wf/bbreg_wf/compare_transforms".
250528-06:00:45,778 nipype.workflow INFO:
	 [Node] Setting-up "_acc_msk_bin0" in "/work/fmriprep_25_0_wf/sub_GEO067_wf/bold_ses_t2_task_image_run_1_wf/bold_confounds_wf/acc_msk_bin/mapflow/_acc_msk_bin0".
250528-06:00:45,780 nipype.workflow INFO:
	 [Node] Cached "_acc_msk_bin0" - collecting precomputed outputs
250528-06:00:45,780 nipype.workflow INFO:
	 [Node] "_acc_msk_bin0" found cached.
250528-06:00:45,781 nipype.workflow INFO:
	 [Node] Setting-up "_acc_msk_bin1" in "/work/fmriprep_25_0_wf/sub_GEO067_wf/bold_ses_t2_task_image_run_1_wf/bold_confounds_wf/acc_msk_bin/mapflow/_acc_msk_bin1".
250528-06:00:45,783 nipype.workflow INFO:
	 [Node] Cached "_acc_msk_bin1" - collecting precomputed outputs
250528-06:00:45,783 nipype.workflow INFO:
	 [Node] "_acc_msk_bin1" found cached.
250528-06:00:45,783 nipype.workflow INFO:
	 [Node] Setting-up "_acc_msk_bin2" in "/work/fmriprep_25_0_wf/sub_GEO067_wf/bold_ses_t2_task_image_run_1_wf/bold_confounds_wf/acc_msk_bin/mapflow/_acc_msk_bin2".
250528-06:00:45,787 nipype.workflow INFO:
	 [Node] Cached "_acc_msk_bin2" - collecting precomputed outputs
250528-06:00:45,787 nipype.workflow INFO:
	 [Node] "_acc_msk_bin2" found cached.
250528-06:00:45,800 nipype.workflow INFO:
	 [Node] Executing "compare_transforms" <nipype.interfaces.utility.wrappers.Function>
250528-06:00:45,811 nipype.workflow INFO:
	 [Node] Finished "compare_transforms", elapsed time 0.009987s.
250528-06:00:51,430 nipype.workflow INFO:
	 [Node] Finished "epi_t1_report", elapsed time 15.272338s.
250528-06:00:51,754 nipype.workflow INFO:
	 [Node] Setting-up "fmriprep_25_0_wf.sub_GEO067_wf.bold_ses_t2_task_image_run_2_wf.bold_fit_wf.bold_reg_wf.bbreg_wf.concat_xfm" in "/work/fmriprep_25_0_wf/sub_GEO067_wf/bold_ses_t2_task_image_run_2_wf/bold_fit_wf/bold_reg_wf/bbreg_wf/concat_xfm".
250528-06:00:51,755 nipype.workflow INFO:
	 [Node] Setting-up "fmriprep_25_0_wf.sub_GEO067_wf.bold_ses_t2_task_image_run_1_wf.bold_fit_wf.func_fit_reports_wf.ds_epi_t1_report" in "/work/fmriprep_25_0_wf/sub_GEO067_wf/bold_ses_t2_task_image_run_1_wf/bold_fit_wf/func_fit_reports_wf/ds_epi_t1_report".
250528-06:00:51,842 nipype.workflow INFO:
	 [Node] Executing "concat_xfm" <niworkflows.interfaces.nitransforms.ConcatenateXFMs>
250528-06:00:51,849 nipype.workflow INFO:
	 [Node] Executing "ds_epi_t1_report" <fmriprep.interfaces.DerivativesDataSink>
250528-06:00:51,877 nipype.workflow INFO:
	 [Node] Finished "concat_xfm", elapsed time 0.034924s.
250528-06:00:51,918 nipype.workflow INFO:
	 [Node] Finished "ds_epi_t1_report", elapsed time 0.068725s.
250528-06:00:55,760 nipype.workflow INFO:
	 [Node] Setting-up "fmriprep_25_0_wf.sub_GEO067_wf.bold_ses_t2_task_image_run_2_wf.bold_fit_wf.func_fit_reports_wf.t1w_boldref" in "/work/fmriprep_25_0_wf/sub_GEO067_wf/bold_ses_t2_task_image_run_2_wf/bold_fit_wf/func_fit_reports_wf/t1w_boldref".
250528-06:00:55,878 nipype.workflow INFO:
	 [Node] Executing "t1w_boldref" <niworkflows.interfaces.fixes.FixHeaderApplyTransforms>
250528-06:00:56,253 nipype.workflow INFO:
	 [Node] Setting-up "fmriprep_25_0_wf.sub_GEO067_wf.bold_ses_t2_task_image_run_2_wf.bold_confounds_wf.t1w_mask_tfm" in "/work/fmriprep_25_0_wf/sub_GEO067_wf/bold_ses_t2_task_image_run_2_wf/bold_confounds_wf/t1w_mask_tfm".
250528-06:00:56,378 nipype.workflow INFO:
	 [Node] Executing "t1w_mask_tfm" <niworkflows.interfaces.fixes.FixHeaderApplyTransforms>
250528-06:00:57,617 nipype.workflow INFO:
	 [Node] Finished "t1w_boldref", elapsed time 1.7365s.
250528-06:00:58,162 nipype.workflow INFO:
	 [Node] Setting-up "_acc_msk_tfm0" in "/work/fmriprep_25_0_wf/sub_GEO067_wf/bold_ses_t2_task_image_run_2_wf/bold_confounds_wf/acc_msk_tfm/mapflow/_acc_msk_tfm0".
250528-06:00:58,162 nipype.workflow INFO:
	 [Node] Setting-up "_acc_msk_tfm1" in "/work/fmriprep_25_0_wf/sub_GEO067_wf/bold_ses_t2_task_image_run_2_wf/bold_confounds_wf/acc_msk_tfm/mapflow/_acc_msk_tfm1".
250528-06:00:58,162 nipype.workflow INFO:
	 [Node] Setting-up "_acc_msk_tfm2" in "/work/fmriprep_25_0_wf/sub_GEO067_wf/bold_ses_t2_task_image_run_2_wf/bold_confounds_wf/acc_msk_tfm/mapflow/_acc_msk_tfm2".
250528-06:00:58,251 nipype.workflow INFO:
	 [Node] Executing "_acc_msk_tfm0" <niworkflows.interfaces.fixes.FixHeaderApplyTransforms>
250528-06:00:58,260 nipype.workflow INFO:
	 [Node] Executing "_acc_msk_tfm2" <niworkflows.interfaces.fixes.FixHeaderApplyTransforms>
250528-06:00:58,274 nipype.workflow INFO:
	 [Node] Executing "_acc_msk_tfm1" <niworkflows.interfaces.fixes.FixHeaderApplyTransforms>
250528-06:00:58,423 nipype.workflow INFO:
	 [Node] Finished "t1w_mask_tfm", elapsed time 2.044801s.
250528-06:00:59,27 nipype.workflow INFO:
	 [Node] Finished "_acc_msk_tfm1", elapsed time 0.752044s.
250528-06:00:59,109 nipype.workflow INFO:
	 [Node] Finished "_acc_msk_tfm0", elapsed time 0.856968s.
250528-06:00:59,135 nipype.workflow INFO:
	 [Node] Finished "_acc_msk_tfm2", elapsed time 0.874583s.
250528-06:00:59,769 nipype.workflow INFO:
	 [Node] Setting-up "fmriprep_25_0_wf.sub_GEO067_wf.bold_ses_t2_task_image_run_2_wf.bold_fit_wf.func_fit_reports_wf.boldref_wm" in "/work/fmriprep_25_0_wf/sub_GEO067_wf/bold_ses_t2_task_image_run_2_wf/bold_fit_wf/func_fit_reports_wf/boldref_wm".
250528-06:00:59,771 nipype.workflow INFO:
	 [Node] Setting-up "fmriprep_25_0_wf.sub_GEO067_wf.bold_ses_t2_task_image_run_2_wf.bold_confounds_wf.union_mask" in "/work/fmriprep_25_0_wf/sub_GEO067_wf/bold_ses_t2_task_image_run_2_wf/bold_confounds_wf/union_mask".
250528-06:00:59,838 nipype.workflow INFO:
	 [Node] Setting-up "_acc_msk_tfm0" in "/work/fmriprep_25_0_wf/sub_GEO067_wf/bold_ses_t2_task_image_run_2_wf/bold_confounds_wf/acc_msk_tfm/mapflow/_acc_msk_tfm0".
250528-06:00:59,842 nipype.workflow INFO:
	 [Node] Cached "_acc_msk_tfm0" - collecting precomputed outputs
250528-06:00:59,842 nipype.workflow INFO:
	 [Node] "_acc_msk_tfm0" found cached.
250528-06:00:59,843 nipype.workflow INFO:
	 [Node] Setting-up "_acc_msk_tfm1" in "/work/fmriprep_25_0_wf/sub_GEO067_wf/bold_ses_t2_task_image_run_2_wf/bold_confounds_wf/acc_msk_tfm/mapflow/_acc_msk_tfm1".
250528-06:00:59,847 nipype.workflow INFO:
	 [Node] Cached "_acc_msk_tfm1" - collecting precomputed outputs
250528-06:00:59,847 nipype.workflow INFO:
	 [Node] "_acc_msk_tfm1" found cached.
250528-06:00:59,848 nipype.workflow INFO:
	 [Node] Setting-up "_acc_msk_tfm2" in "/work/fmriprep_25_0_wf/sub_GEO067_wf/bold_ses_t2_task_image_run_2_wf/bold_confounds_wf/acc_msk_tfm/mapflow/_acc_msk_tfm2".
250528-06:00:59,851 nipype.workflow INFO:
	 [Node] Cached "_acc_msk_tfm2" - collecting precomputed outputs
250528-06:00:59,852 nipype.workflow INFO:
	 [Node] "_acc_msk_tfm2" found cached.
250528-06:00:59,863 nipype.workflow INFO:
	 [Node] Executing "union_mask" <nipype.interfaces.utility.wrappers.Function>
250528-06:00:59,867 nipype.workflow INFO:
	 [Node] Executing "boldref_wm" <niworkflows.interfaces.fixes.FixHeaderApplyTransforms>
250528-06:00:59,900 nipype.workflow INFO:
	 [Node] Finished "union_mask", elapsed time 0.036279s.
250528-06:01:00,293 nipype.workflow INFO:
	 [Node] Finished "boldref_wm", elapsed time 0.425529s.
250528-06:01:01,864 nipype.workflow INFO:
	 [Node] Setting-up "fmriprep_25_0_wf.sub_GEO067_wf.bold_ses_t2_task_image_run_2_wf.bold_confounds_wf.dilated_mask" in "/work/fmriprep_25_0_wf/sub_GEO067_wf/bold_ses_t2_task_image_run_2_wf/bold_confounds_wf/dilated_mask".
250528-06:01:01,945 nipype.workflow INFO:
	 [Node] Executing "dilated_mask" <niworkflows.interfaces.morphology.BinaryDilation>
250528-06:01:01,995 nipype.workflow INFO:
	 [Node] Finished "dilated_mask", elapsed time 0.048224s.
250528-06:01:02,106 nipype.workflow INFO:
	 [Node] Setting-up "fmriprep_25_0_wf.sub_GEO067_wf.bold_ses_t2_task_image_run_2_wf.bold_fit_wf.func_fit_reports_wf.epi_t1_report" in "/work/fmriprep_25_0_wf/sub_GEO067_wf/bold_ses_t2_task_image_run_2_wf/bold_fit_wf/func_fit_reports_wf/epi_t1_report".
250528-06:01:02,195 nipype.workflow INFO:
	 [Node] Executing "epi_t1_report" <nireports.interfaces.reporting.base.SimpleBeforeAfterRPT>
250528-06:01:02,196 nipype.interface INFO:
	 Report - setting before (/out/sub-GEO067/ses-t2/func/sub-GEO067_ses-t2_task-image_run-2_desc-coreg_boldref.nii.gz) and after (/work/fmriprep_25_0_wf/sub_GEO067_wf/bold_ses_t2_task_image_run_2_wf/bold_fit_wf/func_fit_reports_wf/t1w_boldref/sub-GEO067_desc-preproc_T1w_trans.nii.gz) images
250528-06:01:02,196 nipype.interface INFO:
	 Generating visual report
250528-06:01:03,776 nipype.workflow INFO:
	 [Node] Setting-up "fmriprep_25_0_wf.sub_GEO067_wf.bold_ses_t2_task_image_run_2_wf.bold_confounds_wf.subtract_mask" in "/work/fmriprep_25_0_wf/sub_GEO067_wf/bold_ses_t2_task_image_run_2_wf/bold_confounds_wf/subtract_mask".
250528-06:01:03,777 nipype.workflow INFO:
	 [Node] Setting-up "_acc_msk_brain0" in "/work/fmriprep_25_0_wf/sub_GEO067_wf/bold_ses_t2_task_image_run_2_wf/bold_confounds_wf/acc_msk_brain/mapflow/_acc_msk_brain0".
250528-06:01:03,778 nipype.workflow INFO:
	 [Node] Setting-up "_acc_msk_brain1" in "/work/fmriprep_25_0_wf/sub_GEO067_wf/bold_ses_t2_task_image_run_2_wf/bold_confounds_wf/acc_msk_brain/mapflow/_acc_msk_brain1".
250528-06:01:03,779 nipype.workflow INFO:
	 [Node] Setting-up "_acc_msk_brain2" in "/work/fmriprep_25_0_wf/sub_GEO067_wf/bold_ses_t2_task_image_run_2_wf/bold_confounds_wf/acc_msk_brain/mapflow/_acc_msk_brain2".
250528-06:01:03,864 nipype.workflow INFO:
	 [Node] Executing "subtract_mask" <niworkflows.interfaces.morphology.BinarySubtraction>
250528-06:01:03,874 nipype.workflow INFO:
	 [Node] Executing "_acc_msk_brain0" <niworkflows.interfaces.nibabel.ApplyMask>
250528-06:01:03,881 nipype.workflow INFO:
	 [Node] Executing "_acc_msk_brain2" <niworkflows.interfaces.nibabel.ApplyMask>
250528-06:01:03,884 nipype.workflow INFO:
	 [Node] Executing "_acc_msk_brain1" <niworkflows.interfaces.nibabel.ApplyMask>
250528-06:01:03,897 nipype.workflow INFO:
	 [Node] Finished "subtract_mask", elapsed time 0.032226s.
250528-06:01:03,957 nipype.workflow INFO:
	 [Node] Finished "_acc_msk_brain1", elapsed time 0.072274s.
250528-06:01:03,964 nipype.workflow INFO:
	 [Node] Finished "_acc_msk_brain2", elapsed time 0.081408s.
250528-06:01:03,976 nipype.workflow INFO:
	 [Node] Finished "_acc_msk_brain0", elapsed time 0.100395s.
250528-06:01:04,265 nipype.workflow INFO:
	 [Node] Finished "bbregister", elapsed time 20.443767s.
250528-06:01:05,772 nipype.workflow INFO:
	 [Node] Setting-up "fmriprep_25_0_wf.sub_GEO067_wf.bold_ses_t2_task_image_run_4_wf.bold_fit_wf.bold_reg_wf.bbreg_wf.bbregister" in "/work/fmriprep_25_0_wf/sub_GEO067_wf/bold_ses_t2_task_image_run_4_wf/bold_fit_wf/bold_reg_wf/bbreg_wf/bbregister".
250528-06:01:05,910 nipype.workflow INFO:
	 [Node] Executing "bbregister" <nipype.interfaces.freesurfer.preprocess.BBRegister>
250528-06:01:06,305 nipype.workflow INFO:
	 [Node] Setting-up "_acc_msk_brain0" in "/work/fmriprep_25_0_wf/sub_GEO067_wf/bold_ses_t2_task_image_run_2_wf/bold_confounds_wf/acc_msk_brain/mapflow/_acc_msk_brain0".
250528-06:01:06,308 nipype.workflow INFO:
	 [Node] Cached "_acc_msk_brain0" - collecting precomputed outputs
250528-06:01:06,308 nipype.workflow INFO:
	 [Node] "_acc_msk_brain0" found cached.
250528-06:01:06,308 nipype.workflow INFO:
	 [Node] Setting-up "_acc_msk_brain1" in "/work/fmriprep_25_0_wf/sub_GEO067_wf/bold_ses_t2_task_image_run_2_wf/bold_confounds_wf/acc_msk_brain/mapflow/_acc_msk_brain1".
250528-06:01:06,311 nipype.workflow INFO:
	 [Node] Cached "_acc_msk_brain1" - collecting precomputed outputs
250528-06:01:06,311 nipype.workflow INFO:
	 [Node] "_acc_msk_brain1" found cached.
250528-06:01:06,312 nipype.workflow INFO:
	 [Node] Setting-up "_acc_msk_brain2" in "/work/fmriprep_25_0_wf/sub_GEO067_wf/bold_ses_t2_task_image_run_2_wf/bold_confounds_wf/acc_msk_brain/mapflow/_acc_msk_brain2".
250528-06:01:06,315 nipype.workflow INFO:
	 [Node] Cached "_acc_msk_brain2" - collecting precomputed outputs
250528-06:01:06,315 nipype.workflow INFO:
	 [Node] "_acc_msk_brain2" found cached.
250528-06:01:07,772 nipype.workflow INFO:
	 [Node] Setting-up "fmriprep_25_0_wf.sub_GEO067_wf.bold_ses_t2_task_image_run_3_wf.bold_fit_wf.bold_reg_wf.bbreg_wf.compare_transforms" in "/work/fmriprep_25_0_wf/sub_GEO067_wf/bold_ses_t2_task_image_run_3_wf/bold_fit_wf/bold_reg_wf/bbreg_wf/compare_transforms".
250528-06:01:07,866 nipype.workflow INFO:
	 [Node] Executing "compare_transforms" <nipype.interfaces.utility.wrappers.Function>
250528-06:01:07,873 nipype.workflow INFO:
	 [Node] Finished "compare_transforms", elapsed time 0.006626s.
250528-06:01:10,660 nipype.workflow INFO:
	 [Node] Setting-up "_acc_msk_bin0" in "/work/fmriprep_25_0_wf/sub_GEO067_wf/bold_ses_t2_task_image_run_2_wf/bold_confounds_wf/acc_msk_bin/mapflow/_acc_msk_bin0".
250528-06:01:10,660 nipype.workflow INFO:
	 [Node] Setting-up "_acc_msk_bin1" in "/work/fmriprep_25_0_wf/sub_GEO067_wf/bold_ses_t2_task_image_run_2_wf/bold_confounds_wf/acc_msk_bin/mapflow/_acc_msk_bin1".
250528-06:01:10,661 nipype.workflow INFO:
	 [Node] Setting-up "_acc_msk_bin2" in "/work/fmriprep_25_0_wf/sub_GEO067_wf/bold_ses_t2_task_image_run_2_wf/bold_confounds_wf/acc_msk_bin/mapflow/_acc_msk_bin2".
250528-06:01:10,760 nipype.workflow INFO:
	 [Node] Executing "_acc_msk_bin0" <niworkflows.interfaces.nibabel.Binarize>
250528-06:01:10,771 nipype.workflow INFO:
	 [Node] Executing "_acc_msk_bin2" <niworkflows.interfaces.nibabel.Binarize>
250528-06:01:10,780 nipype.workflow INFO:
	 [Node] Executing "_acc_msk_bin1" <niworkflows.interfaces.nibabel.Binarize>
250528-06:01:10,848 nipype.workflow INFO:
	 [Node] Finished "_acc_msk_bin0", elapsed time 0.087773s.
250528-06:01:10,852 nipype.workflow INFO:
	 [Node] Finished "_acc_msk_bin2", elapsed time 0.080044s.
250528-06:01:10,861 nipype.workflow INFO:
	 [Node] Finished "_acc_msk_bin1", elapsed time 0.079893s.
250528-06:01:12,815 nipype.workflow INFO:
	 [Node] Setting-up "_acc_msk_bin0" in "/work/fmriprep_25_0_wf/sub_GEO067_wf/bold_ses_t2_task_image_run_2_wf/bold_confounds_wf/acc_msk_bin/mapflow/_acc_msk_bin0".
250528-06:01:12,818 nipype.workflow INFO:
	 [Node] Cached "_acc_msk_bin0" - collecting precomputed outputs
250528-06:01:12,818 nipype.workflow INFO:
	 [Node] "_acc_msk_bin0" found cached.
250528-06:01:12,819 nipype.workflow INFO:
	 [Node] Setting-up "_acc_msk_bin1" in "/work/fmriprep_25_0_wf/sub_GEO067_wf/bold_ses_t2_task_image_run_2_wf/bold_confounds_wf/acc_msk_bin/mapflow/_acc_msk_bin1".
250528-06:01:12,821 nipype.workflow INFO:
	 [Node] Cached "_acc_msk_bin1" - collecting precomputed outputs
250528-06:01:12,822 nipype.workflow INFO:
	 [Node] "_acc_msk_bin1" found cached.
250528-06:01:12,822 nipype.workflow INFO:
	 [Node] Setting-up "_acc_msk_bin2" in "/work/fmriprep_25_0_wf/sub_GEO067_wf/bold_ses_t2_task_image_run_2_wf/bold_confounds_wf/acc_msk_bin/mapflow/_acc_msk_bin2".
250528-06:01:12,824 nipype.workflow INFO:
	 [Node] Cached "_acc_msk_bin2" - collecting precomputed outputs
250528-06:01:12,824 nipype.workflow INFO:
	 [Node] "_acc_msk_bin2" found cached.
250528-06:01:13,768 nipype.workflow INFO:
	 [Node] Setting-up "fmriprep_25_0_wf.sub_GEO067_wf.bold_ses_t2_task_image_run_3_wf.bold_fit_wf.bold_reg_wf.bbreg_wf.concat_xfm" in "/work/fmriprep_25_0_wf/sub_GEO067_wf/bold_ses_t2_task_image_run_3_wf/bold_fit_wf/bold_reg_wf/bbreg_wf/concat_xfm".
250528-06:01:13,848 nipype.workflow INFO:
	 [Node] Executing "concat_xfm" <niworkflows.interfaces.nitransforms.ConcatenateXFMs>
250528-06:01:13,876 nipype.workflow INFO:
	 [Node] Finished "concat_xfm", elapsed time 0.026615s.
250528-06:01:17,789 nipype.workflow INFO:
	 [Node] Setting-up "fmriprep_25_0_wf.sub_GEO067_wf.bold_ses_t2_task_image_run_3_wf.bold_fit_wf.func_fit_reports_wf.t1w_boldref" in "/work/fmriprep_25_0_wf/sub_GEO067_wf/bold_ses_t2_task_image_run_3_wf/bold_fit_wf/func_fit_reports_wf/t1w_boldref".
250528-06:01:17,809 nipype.workflow INFO:
	 [Node] Finished "epi_t1_report", elapsed time 15.612849s.
250528-06:01:17,982 nipype.workflow INFO:
	 [Node] Executing "t1w_boldref" <niworkflows.interfaces.fixes.FixHeaderApplyTransforms>
250528-06:01:18,324 nipype.workflow INFO:
	 [Node] Setting-up "fmriprep_25_0_wf.sub_GEO067_wf.bold_ses_t2_task_image_run_3_wf.bold_confounds_wf.t1w_mask_tfm" in "/work/fmriprep_25_0_wf/sub_GEO067_wf/bold_ses_t2_task_image_run_3_wf/bold_confounds_wf/t1w_mask_tfm".
250528-06:01:18,437 nipype.workflow INFO:
	 [Node] Executing "t1w_mask_tfm" <niworkflows.interfaces.fixes.FixHeaderApplyTransforms>
250528-06:01:19,584 nipype.workflow INFO:
	 [Node] Finished "t1w_boldref", elapsed time 1.601121s.
250528-06:01:20,247 nipype.workflow INFO:
	 [Node] Setting-up "fmriprep_25_0_wf.sub_GEO067_wf.bold_ses_t2_task_image_run_2_wf.bold_fit_wf.func_fit_reports_wf.ds_epi_t1_report" in "/work/fmriprep_25_0_wf/sub_GEO067_wf/bold_ses_t2_task_image_run_2_wf/bold_fit_wf/func_fit_reports_wf/ds_epi_t1_report".
250528-06:01:20,249 nipype.workflow INFO:
	 [Node] Setting-up "_acc_msk_tfm0" in "/work/fmriprep_25_0_wf/sub_GEO067_wf/bold_ses_t2_task_image_run_3_wf/bold_confounds_wf/acc_msk_tfm/mapflow/_acc_msk_tfm0".
250528-06:01:20,249 nipype.workflow INFO:
	 [Node] Setting-up "_acc_msk_tfm1" in "/work/fmriprep_25_0_wf/sub_GEO067_wf/bold_ses_t2_task_image_run_3_wf/bold_confounds_wf/acc_msk_tfm/mapflow/_acc_msk_tfm1".
250528-06:01:20,250 nipype.workflow INFO:
	 [Node] Setting-up "_acc_msk_tfm2" in "/work/fmriprep_25_0_wf/sub_GEO067_wf/bold_ses_t2_task_image_run_3_wf/bold_confounds_wf/acc_msk_tfm/mapflow/_acc_msk_tfm2".
250528-06:01:20,340 nipype.workflow INFO:
	 [Node] Executing "ds_epi_t1_report" <fmriprep.interfaces.DerivativesDataSink>
250528-06:01:20,349 nipype.workflow INFO:
	 [Node] Executing "_acc_msk_tfm0" <niworkflows.interfaces.fixes.FixHeaderApplyTransforms>
250528-06:01:20,359 nipype.workflow INFO:
	 [Node] Executing "_acc_msk_tfm1" <niworkflows.interfaces.fixes.FixHeaderApplyTransforms>
250528-06:01:20,361 nipype.workflow INFO:
	 [Node] Executing "_acc_msk_tfm2" <niworkflows.interfaces.fixes.FixHeaderApplyTransforms>
250528-06:01:20,417 nipype.workflow INFO:
	 [Node] Finished "ds_epi_t1_report", elapsed time 0.075543s.
250528-06:01:20,583 nipype.workflow INFO:
	 [Node] Finished "t1w_mask_tfm", elapsed time 2.145493s.
250528-06:01:21,212 nipype.workflow INFO:
	 [Node] Finished "_acc_msk_tfm0", elapsed time 0.861846s.
250528-06:01:21,357 nipype.workflow INFO:
	 [Node] Finished "_acc_msk_tfm1", elapsed time 0.997078s.
250528-06:01:21,392 nipype.workflow INFO:
	 [Node] Finished "_acc_msk_tfm2", elapsed time 1.02906s.
250528-06:01:21,770 nipype.workflow INFO:
	 [Node] Setting-up "fmriprep_25_0_wf.sub_GEO067_wf.bold_ses_t2_task_image_run_3_wf.bold_fit_wf.func_fit_reports_wf.boldref_wm" in "/work/fmriprep_25_0_wf/sub_GEO067_wf/bold_ses_t2_task_image_run_3_wf/bold_fit_wf/func_fit_reports_wf/boldref_wm".
250528-06:01:21,772 nipype.workflow INFO:
	 [Node] Setting-up "fmriprep_25_0_wf.sub_GEO067_wf.bold_ses_t2_task_image_run_3_wf.bold_confounds_wf.union_mask" in "/work/fmriprep_25_0_wf/sub_GEO067_wf/bold_ses_t2_task_image_run_3_wf/bold_confounds_wf/union_mask".
250528-06:01:21,843 nipype.workflow INFO:
	 [Node] Setting-up "_acc_msk_tfm0" in "/work/fmriprep_25_0_wf/sub_GEO067_wf/bold_ses_t2_task_image_run_3_wf/bold_confounds_wf/acc_msk_tfm/mapflow/_acc_msk_tfm0".
250528-06:01:21,846 nipype.workflow INFO:
	 [Node] Cached "_acc_msk_tfm0" - collecting precomputed outputs
250528-06:01:21,846 nipype.workflow INFO:
	 [Node] "_acc_msk_tfm0" found cached.
250528-06:01:21,847 nipype.workflow INFO:
	 [Node] Setting-up "_acc_msk_tfm1" in "/work/fmriprep_25_0_wf/sub_GEO067_wf/bold_ses_t2_task_image_run_3_wf/bold_confounds_wf/acc_msk_tfm/mapflow/_acc_msk_tfm1".
250528-06:01:21,850 nipype.workflow INFO:
	 [Node] Cached "_acc_msk_tfm1" - collecting precomputed outputs
250528-06:01:21,850 nipype.workflow INFO:
	 [Node] "_acc_msk_tfm1" found cached.
250528-06:01:21,851 nipype.workflow INFO:
	 [Node] Setting-up "_acc_msk_tfm2" in "/work/fmriprep_25_0_wf/sub_GEO067_wf/bold_ses_t2_task_image_run_3_wf/bold_confounds_wf/acc_msk_tfm/mapflow/_acc_msk_tfm2".
250528-06:01:21,853 nipype.workflow INFO:
	 [Node] Cached "_acc_msk_tfm2" - collecting precomputed outputs
250528-06:01:21,853 nipype.workflow INFO:
	 [Node] "_acc_msk_tfm2" found cached.
250528-06:01:21,867 nipype.workflow INFO:
	 [Node] Executing "union_mask" <nipype.interfaces.utility.wrappers.Function>
250528-06:01:21,873 nipype.workflow INFO:
	 [Node] Executing "boldref_wm" <niworkflows.interfaces.fixes.FixHeaderApplyTransforms>
250528-06:01:21,908 nipype.workflow INFO:
	 [Node] Finished "union_mask", elapsed time 0.039495s.
250528-06:01:22,290 nipype.workflow INFO:
	 [Node] Finished "boldref_wm", elapsed time 0.416299s.
250528-06:01:23,891 nipype.workflow INFO:
	 [Node] Setting-up "fmriprep_25_0_wf.sub_GEO067_wf.bold_ses_t2_task_image_run_3_wf.bold_fit_wf.func_fit_reports_wf.epi_t1_report" in "/work/fmriprep_25_0_wf/sub_GEO067_wf/bold_ses_t2_task_image_run_3_wf/bold_fit_wf/func_fit_reports_wf/epi_t1_report".
250528-06:01:23,961 nipype.workflow INFO:
	 [Node] Setting-up "fmriprep_25_0_wf.sub_GEO067_wf.bold_ses_t2_task_image_run_3_wf.bold_confounds_wf.dilated_mask" in "/work/fmriprep_25_0_wf/sub_GEO067_wf/bold_ses_t2_task_image_run_3_wf/bold_confounds_wf/dilated_mask".
250528-06:01:24,10 nipype.workflow INFO:
	 [Node] Executing "epi_t1_report" <nireports.interfaces.reporting.base.SimpleBeforeAfterRPT>
250528-06:01:24,12 nipype.interface INFO:
	 Report - setting before (/out/sub-GEO067/ses-t2/func/sub-GEO067_ses-t2_task-image_run-3_desc-coreg_boldref.nii.gz) and after (/work/fmriprep_25_0_wf/sub_GEO067_wf/bold_ses_t2_task_image_run_3_wf/bold_fit_wf/func_fit_reports_wf/t1w_boldref/sub-GEO067_desc-preproc_T1w_trans.nii.gz) images
250528-06:01:24,12 nipype.interface INFO:
	 Generating visual report
250528-06:01:24,45 nipype.workflow INFO:
	 [Node] Executing "dilated_mask" <niworkflows.interfaces.morphology.BinaryDilation>
250528-06:01:24,89 nipype.workflow INFO:
	 [Node] Finished "dilated_mask", elapsed time 0.042545s.
250528-06:01:25,830 nipype.workflow INFO:
	 [Node] Setting-up "fmriprep_25_0_wf.sub_GEO067_wf.bold_ses_t2_task_image_run_3_wf.bold_confounds_wf.subtract_mask" in "/work/fmriprep_25_0_wf/sub_GEO067_wf/bold_ses_t2_task_image_run_3_wf/bold_confounds_wf/subtract_mask".
250528-06:01:25,832 nipype.workflow INFO:
	 [Node] Setting-up "_acc_msk_brain0" in "/work/fmriprep_25_0_wf/sub_GEO067_wf/bold_ses_t2_task_image_run_3_wf/bold_confounds_wf/acc_msk_brain/mapflow/_acc_msk_brain0".
250528-06:01:25,833 nipype.workflow INFO:
	 [Node] Setting-up "_acc_msk_brain1" in "/work/fmriprep_25_0_wf/sub_GEO067_wf/bold_ses_t2_task_image_run_3_wf/bold_confounds_wf/acc_msk_brain/mapflow/_acc_msk_brain1".
250528-06:01:25,833 nipype.workflow INFO:
	 [Node] Setting-up "_acc_msk_brain2" in "/work/fmriprep_25_0_wf/sub_GEO067_wf/bold_ses_t2_task_image_run_3_wf/bold_confounds_wf/acc_msk_brain/mapflow/_acc_msk_brain2".
250528-06:01:25,932 nipype.workflow INFO:
	 [Node] Executing "_acc_msk_brain0" <niworkflows.interfaces.nibabel.ApplyMask>
250528-06:01:25,940 nipype.workflow INFO:
	 [Node] Executing "subtract_mask" <niworkflows.interfaces.morphology.BinarySubtraction>
250528-06:01:25,947 nipype.workflow INFO:
	 [Node] Executing "_acc_msk_brain1" <niworkflows.interfaces.nibabel.ApplyMask>
250528-06:01:25,948 nipype.workflow INFO:
	 [Node] Executing "_acc_msk_brain2" <niworkflows.interfaces.nibabel.ApplyMask>
250528-06:01:25,985 nipype.workflow INFO:
	 [Node] Finished "subtract_mask", elapsed time 0.044223s.
250528-06:01:26,19 nipype.workflow INFO:
	 [Node] Finished "_acc_msk_brain1", elapsed time 0.071101s.
250528-06:01:26,23 nipype.workflow INFO:
	 [Node] Finished "_acc_msk_brain2", elapsed time 0.074174s.
250528-06:01:26,44 nipype.workflow INFO:
	 [Node] Finished "_acc_msk_brain0", elapsed time 0.111542s.
250528-06:01:27,909 nipype.workflow INFO:
	 [Node] Setting-up "_acc_msk_brain0" in "/work/fmriprep_25_0_wf/sub_GEO067_wf/bold_ses_t2_task_image_run_3_wf/bold_confounds_wf/acc_msk_brain/mapflow/_acc_msk_brain0".
250528-06:01:27,911 nipype.workflow INFO:
	 [Node] Cached "_acc_msk_brain0" - collecting precomputed outputs
250528-06:01:27,912 nipype.workflow INFO:
	 [Node] "_acc_msk_brain0" found cached.
250528-06:01:27,912 nipype.workflow INFO:
	 [Node] Setting-up "_acc_msk_brain1" in "/work/fmriprep_25_0_wf/sub_GEO067_wf/bold_ses_t2_task_image_run_3_wf/bold_confounds_wf/acc_msk_brain/mapflow/_acc_msk_brain1".
250528-06:01:27,916 nipype.workflow INFO:
	 [Node] Cached "_acc_msk_brain1" - collecting precomputed outputs
250528-06:01:27,916 nipype.workflow INFO:
	 [Node] "_acc_msk_brain1" found cached.
250528-06:01:27,917 nipype.workflow INFO:
	 [Node] Setting-up "_acc_msk_brain2" in "/work/fmriprep_25_0_wf/sub_GEO067_wf/bold_ses_t2_task_image_run_3_wf/bold_confounds_wf/acc_msk_brain/mapflow/_acc_msk_brain2".
250528-06:01:27,921 nipype.workflow INFO:
	 [Node] Cached "_acc_msk_brain2" - collecting precomputed outputs
250528-06:01:27,921 nipype.workflow INFO:
	 [Node] "_acc_msk_brain2" found cached.
250528-06:01:31,812 nipype.workflow INFO:
	 [Node] Setting-up "_acc_msk_bin0" in "/work/fmriprep_25_0_wf/sub_GEO067_wf/bold_ses_t2_task_image_run_3_wf/bold_confounds_wf/acc_msk_bin/mapflow/_acc_msk_bin0".
250528-06:01:31,813 nipype.workflow INFO:
	 [Node] Setting-up "_acc_msk_bin1" in "/work/fmriprep_25_0_wf/sub_GEO067_wf/bold_ses_t2_task_image_run_3_wf/bold_confounds_wf/acc_msk_bin/mapflow/_acc_msk_bin1".
250528-06:01:31,813 nipype.workflow INFO:
	 [Node] Setting-up "_acc_msk_bin2" in "/work/fmriprep_25_0_wf/sub_GEO067_wf/bold_ses_t2_task_image_run_3_wf/bold_confounds_wf/acc_msk_bin/mapflow/_acc_msk_bin2".
250528-06:01:31,921 nipype.workflow INFO:
	 [Node] Executing "_acc_msk_bin0" <niworkflows.interfaces.nibabel.Binarize>
250528-06:01:31,932 nipype.workflow INFO:
	 [Node] Executing "_acc_msk_bin2" <niworkflows.interfaces.nibabel.Binarize>
250528-06:01:31,933 nipype.workflow INFO:
	 [Node] Executing "_acc_msk_bin1" <niworkflows.interfaces.nibabel.Binarize>
250528-06:01:31,999 nipype.workflow INFO:
	 [Node] Finished "_acc_msk_bin1", elapsed time 0.065112s.
250528-06:01:31,999 nipype.workflow INFO:
	 [Node] Finished "_acc_msk_bin2", elapsed time 0.066011s.
250528-06:01:32,6 nipype.workflow INFO:
	 [Node] Finished "_acc_msk_bin0", elapsed time 0.083298s.
250528-06:01:33,552 nipype.workflow INFO:
	 [Node] Finished "bbregister", elapsed time 27.6411s.
250528-06:01:33,851 nipype.workflow INFO:
	 [Node] Setting-up "_acc_msk_bin0" in "/work/fmriprep_25_0_wf/sub_GEO067_wf/bold_ses_t2_task_image_run_3_wf/bold_confounds_wf/acc_msk_bin/mapflow/_acc_msk_bin0".
250528-06:01:33,854 nipype.workflow INFO:
	 [Node] Cached "_acc_msk_bin0" - collecting precomputed outputs
250528-06:01:33,855 nipype.workflow INFO:
	 [Node] "_acc_msk_bin0" found cached.
250528-06:01:33,855 nipype.workflow INFO:
	 [Node] Setting-up "_acc_msk_bin1" in "/work/fmriprep_25_0_wf/sub_GEO067_wf/bold_ses_t2_task_image_run_3_wf/bold_confounds_wf/acc_msk_bin/mapflow/_acc_msk_bin1".
250528-06:01:33,858 nipype.workflow INFO:
	 [Node] Cached "_acc_msk_bin1" - collecting precomputed outputs
250528-06:01:33,858 nipype.workflow INFO:
	 [Node] "_acc_msk_bin1" found cached.
250528-06:01:33,859 nipype.workflow INFO:
	 [Node] Setting-up "_acc_msk_bin2" in "/work/fmriprep_25_0_wf/sub_GEO067_wf/bold_ses_t2_task_image_run_3_wf/bold_confounds_wf/acc_msk_bin/mapflow/_acc_msk_bin2".
250528-06:01:33,861 nipype.workflow INFO:
	 [Node] Cached "_acc_msk_bin2" - collecting precomputed outputs
250528-06:01:33,861 nipype.workflow INFO:
	 [Node] "_acc_msk_bin2" found cached.
250528-06:01:35,818 nipype.workflow INFO:
	 [Node] Setting-up "fmriprep_25_0_wf.sub_GEO067_wf.bold_ses_t2_task_image_run_5_wf.bold_fit_wf.bold_reg_wf.bbreg_wf.bbregister" in "/work/fmriprep_25_0_wf/sub_GEO067_wf/bold_ses_t2_task_image_run_5_wf/bold_fit_wf/bold_reg_wf/bbreg_wf/bbregister".
250528-06:01:35,956 nipype.workflow INFO:
	 [Node] Executing "bbregister" <nipype.interfaces.freesurfer.preprocess.BBRegister>
250528-06:01:37,826 nipype.workflow INFO:
	 [Node] Setting-up "fmriprep_25_0_wf.sub_GEO067_wf.bold_ses_t2_task_image_run_4_wf.bold_fit_wf.bold_reg_wf.bbreg_wf.compare_transforms" in "/work/fmriprep_25_0_wf/sub_GEO067_wf/bold_ses_t2_task_image_run_4_wf/bold_fit_wf/bold_reg_wf/bbreg_wf/compare_transforms".
250528-06:01:37,911 nipype.workflow INFO:
	 [Node] Executing "compare_transforms" <nipype.interfaces.utility.wrappers.Function>
250528-06:01:37,920 nipype.workflow INFO:
	 [Node] Finished "compare_transforms", elapsed time 0.008718s.
250528-06:01:41,179 nipype.workflow INFO:
	 [Node] Finished "epi_t1_report", elapsed time 17.166998s.
250528-06:01:42,706 nipype.workflow INFO:
	 [Node] Setting-up "fmriprep_25_0_wf.sub_GEO067_wf.bold_ses_t2_task_image_run_3_wf.bold_fit_wf.func_fit_reports_wf.ds_epi_t1_report" in "/work/fmriprep_25_0_wf/sub_GEO067_wf/bold_ses_t2_task_image_run_3_wf/bold_fit_wf/func_fit_reports_wf/ds_epi_t1_report".
250528-06:01:43,62 nipype.workflow INFO:
	 [Node] Executing "ds_epi_t1_report" <fmriprep.interfaces.DerivativesDataSink>
250528-06:01:43,128 nipype.workflow INFO:
	 [Node] Finished "ds_epi_t1_report", elapsed time 0.065283s.
250528-06:01:43,774 nipype.workflow INFO:
	 [Node] Setting-up "fmriprep_25_0_wf.sub_GEO067_wf.bold_ses_t2_task_image_run_4_wf.bold_fit_wf.bold_reg_wf.bbreg_wf.concat_xfm" in "/work/fmriprep_25_0_wf/sub_GEO067_wf/bold_ses_t2_task_image_run_4_wf/bold_fit_wf/bold_reg_wf/bbreg_wf/concat_xfm".
250528-06:01:43,859 nipype.workflow INFO:
	 [Node] Executing "concat_xfm" <niworkflows.interfaces.nitransforms.ConcatenateXFMs>
250528-06:01:43,890 nipype.workflow INFO:
	 [Node] Finished "concat_xfm", elapsed time 0.028535s.
250528-06:01:47,784 nipype.workflow INFO:
	 [Node] Setting-up "fmriprep_25_0_wf.sub_GEO067_wf.bold_ses_t2_task_image_run_4_wf.bold_fit_wf.func_fit_reports_wf.t1w_boldref" in "/work/fmriprep_25_0_wf/sub_GEO067_wf/bold_ses_t2_task_image_run_4_wf/bold_fit_wf/func_fit_reports_wf/t1w_boldref".
250528-06:01:48,135 nipype.workflow INFO:
	 [Node] Executing "t1w_boldref" <niworkflows.interfaces.fixes.FixHeaderApplyTransforms>
250528-06:01:48,466 nipype.workflow INFO:
	 [Node] Setting-up "fmriprep_25_0_wf.sub_GEO067_wf.bold_ses_t2_task_image_run_4_wf.bold_confounds_wf.t1w_mask_tfm" in "/work/fmriprep_25_0_wf/sub_GEO067_wf/bold_ses_t2_task_image_run_4_wf/bold_confounds_wf/t1w_mask_tfm".
250528-06:01:48,585 nipype.workflow INFO:
	 [Node] Executing "t1w_mask_tfm" <niworkflows.interfaces.fixes.FixHeaderApplyTransforms>
250528-06:01:49,679 nipype.workflow INFO:
	 [Node] Finished "t1w_boldref", elapsed time 1.543459s.
250528-06:01:50,232 nipype.workflow INFO:
	 [Node] Setting-up "_acc_msk_tfm0" in "/work/fmriprep_25_0_wf/sub_GEO067_wf/bold_ses_t2_task_image_run_4_wf/bold_confounds_wf/acc_msk_tfm/mapflow/_acc_msk_tfm0".
250528-06:01:50,233 nipype.workflow INFO:
	 [Node] Setting-up "_acc_msk_tfm1" in "/work/fmriprep_25_0_wf/sub_GEO067_wf/bold_ses_t2_task_image_run_4_wf/bold_confounds_wf/acc_msk_tfm/mapflow/_acc_msk_tfm1".
250528-06:01:50,234 nipype.workflow INFO:
	 [Node] Setting-up "_acc_msk_tfm2" in "/work/fmriprep_25_0_wf/sub_GEO067_wf/bold_ses_t2_task_image_run_4_wf/bold_confounds_wf/acc_msk_tfm/mapflow/_acc_msk_tfm2".
250528-06:01:50,329 nipype.workflow INFO:
	 [Node] Executing "_acc_msk_tfm1" <niworkflows.interfaces.fixes.FixHeaderApplyTransforms>
250528-06:01:50,330 nipype.workflow INFO:
	 [Node] Executing "_acc_msk_tfm0" <niworkflows.interfaces.fixes.FixHeaderApplyTransforms>
250528-06:01:50,342 nipype.workflow INFO:
	 [Node] Executing "_acc_msk_tfm2" <niworkflows.interfaces.fixes.FixHeaderApplyTransforms>
250528-06:01:51,103 nipype.workflow INFO:
	 [Node] Finished "t1w_mask_tfm", elapsed time 2.516425s.
250528-06:01:51,228 nipype.workflow INFO:
	 [Node] Finished "_acc_msk_tfm0", elapsed time 0.897342s.
250528-06:01:51,286 nipype.workflow INFO:
	 [Node] Finished "_acc_msk_tfm2", elapsed time 0.942915s.
250528-06:01:51,323 nipype.workflow INFO:
	 [Node] Finished "_acc_msk_tfm1", elapsed time 0.992862s.
250528-06:01:51,772 nipype.workflow INFO:
	 [Node] Setting-up "fmriprep_25_0_wf.sub_GEO067_wf.bold_ses_t2_task_image_run_4_wf.bold_fit_wf.func_fit_reports_wf.boldref_wm" in "/work/fmriprep_25_0_wf/sub_GEO067_wf/bold_ses_t2_task_image_run_4_wf/bold_fit_wf/func_fit_reports_wf/boldref_wm".
250528-06:01:51,775 nipype.workflow INFO:
	 [Node] Setting-up "fmriprep_25_0_wf.sub_GEO067_wf.bold_ses_t2_task_image_run_4_wf.bold_confounds_wf.union_mask" in "/work/fmriprep_25_0_wf/sub_GEO067_wf/bold_ses_t2_task_image_run_4_wf/bold_confounds_wf/union_mask".
250528-06:01:51,852 nipype.workflow INFO:
	 [Node] Setting-up "_acc_msk_tfm0" in "/work/fmriprep_25_0_wf/sub_GEO067_wf/bold_ses_t2_task_image_run_4_wf/bold_confounds_wf/acc_msk_tfm/mapflow/_acc_msk_tfm0".
250528-06:01:51,855 nipype.workflow INFO:
	 [Node] Cached "_acc_msk_tfm0" - collecting precomputed outputs
250528-06:01:51,856 nipype.workflow INFO:
	 [Node] "_acc_msk_tfm0" found cached.
250528-06:01:51,856 nipype.workflow INFO:
	 [Node] Setting-up "_acc_msk_tfm1" in "/work/fmriprep_25_0_wf/sub_GEO067_wf/bold_ses_t2_task_image_run_4_wf/bold_confounds_wf/acc_msk_tfm/mapflow/_acc_msk_tfm1".
250528-06:01:51,859 nipype.workflow INFO:
	 [Node] Cached "_acc_msk_tfm1" - collecting precomputed outputs
250528-06:01:51,859 nipype.workflow INFO:
	 [Node] "_acc_msk_tfm1" found cached.
250528-06:01:51,860 nipype.workflow INFO:
	 [Node] Setting-up "_acc_msk_tfm2" in "/work/fmriprep_25_0_wf/sub_GEO067_wf/bold_ses_t2_task_image_run_4_wf/bold_confounds_wf/acc_msk_tfm/mapflow/_acc_msk_tfm2".
250528-06:01:51,864 nipype.workflow INFO:
	 [Node] Cached "_acc_msk_tfm2" - collecting precomputed outputs
250528-06:01:51,865 nipype.workflow INFO:
	 [Node] "_acc_msk_tfm2" found cached.
250528-06:01:51,867 nipype.workflow INFO:
	 [Node] Executing "union_mask" <nipype.interfaces.utility.wrappers.Function>
250528-06:01:51,873 nipype.workflow INFO:
	 [Node] Executing "boldref_wm" <niworkflows.interfaces.fixes.FixHeaderApplyTransforms>
250528-06:01:51,905 nipype.workflow INFO:
	 [Node] Finished "union_mask", elapsed time 0.036781s.
250528-06:01:52,338 nipype.workflow INFO:
	 [Node] Finished "boldref_wm", elapsed time 0.463125s.
250528-06:01:53,808 nipype.workflow INFO:
	 [Node] Setting-up "fmriprep_25_0_wf.sub_GEO067_wf.bold_ses_t2_task_image_run_4_wf.bold_confounds_wf.dilated_mask" in "/work/fmriprep_25_0_wf/sub_GEO067_wf/bold_ses_t2_task_image_run_4_wf/bold_confounds_wf/dilated_mask".
250528-06:01:53,901 nipype.workflow INFO:
	 [Node] Executing "dilated_mask" <niworkflows.interfaces.morphology.BinaryDilation>
250528-06:01:53,949 nipype.workflow INFO:
	 [Node] Finished "dilated_mask", elapsed time 0.047255s.
250528-06:01:54,19 nipype.workflow INFO:
	 [Node] Setting-up "fmriprep_25_0_wf.sub_GEO067_wf.bold_ses_t2_task_image_run_4_wf.bold_fit_wf.func_fit_reports_wf.epi_t1_report" in "/work/fmriprep_25_0_wf/sub_GEO067_wf/bold_ses_t2_task_image_run_4_wf/bold_fit_wf/func_fit_reports_wf/epi_t1_report".
250528-06:01:54,144 nipype.workflow INFO:
	 [Node] Executing "epi_t1_report" <nireports.interfaces.reporting.base.SimpleBeforeAfterRPT>
250528-06:01:54,145 nipype.interface INFO:
	 Report - setting before (/out/sub-GEO067/ses-t2/func/sub-GEO067_ses-t2_task-image_run-4_desc-coreg_boldref.nii.gz) and after (/work/fmriprep_25_0_wf/sub_GEO067_wf/bold_ses_t2_task_image_run_4_wf/bold_fit_wf/func_fit_reports_wf/t1w_boldref/sub-GEO067_desc-preproc_T1w_trans.nii.gz) images
250528-06:01:54,145 nipype.interface INFO:
	 Generating visual report
250528-06:01:55,788 nipype.workflow INFO:
	 [Node] Setting-up "fmriprep_25_0_wf.sub_GEO067_wf.bold_ses_t2_task_image_run_4_wf.bold_confounds_wf.subtract_mask" in "/work/fmriprep_25_0_wf/sub_GEO067_wf/bold_ses_t2_task_image_run_4_wf/bold_confounds_wf/subtract_mask".
250528-06:01:55,792 nipype.workflow INFO:
	 [Node] Setting-up "_acc_msk_brain0" in "/work/fmriprep_25_0_wf/sub_GEO067_wf/bold_ses_t2_task_image_run_4_wf/bold_confounds_wf/acc_msk_brain/mapflow/_acc_msk_brain0".
250528-06:01:55,792 nipype.workflow INFO:
	 [Node] Setting-up "_acc_msk_brain1" in "/work/fmriprep_25_0_wf/sub_GEO067_wf/bold_ses_t2_task_image_run_4_wf/bold_confounds_wf/acc_msk_brain/mapflow/_acc_msk_brain1".
250528-06:01:55,793 nipype.workflow INFO:
	 [Node] Setting-up "_acc_msk_brain2" in "/work/fmriprep_25_0_wf/sub_GEO067_wf/bold_ses_t2_task_image_run_4_wf/bold_confounds_wf/acc_msk_brain/mapflow/_acc_msk_brain2".
250528-06:01:55,881 nipype.workflow INFO:
	 [Node] Executing "subtract_mask" <niworkflows.interfaces.morphology.BinarySubtraction>
250528-06:01:55,887 nipype.workflow INFO:
	 [Node] Executing "_acc_msk_brain0" <niworkflows.interfaces.nibabel.ApplyMask>
250528-06:01:55,902 nipype.workflow INFO:
	 [Node] Executing "_acc_msk_brain1" <niworkflows.interfaces.nibabel.ApplyMask>
250528-06:01:55,917 nipype.workflow INFO:
	 [Node] Executing "_acc_msk_brain2" <niworkflows.interfaces.nibabel.ApplyMask>
250528-06:01:55,924 nipype.workflow INFO:
	 [Node] Finished "subtract_mask", elapsed time 0.041819s.
250528-06:01:55,966 nipype.workflow INFO:
	 [Node] Finished "_acc_msk_brain1", elapsed time 0.063256s.
250528-06:01:55,974 nipype.workflow INFO:
	 [Node] Finished "_acc_msk_brain0", elapsed time 0.086259s.
250528-06:01:55,982 nipype.workflow INFO:
	 [Node] Finished "_acc_msk_brain2", elapsed time 0.064138s.
250528-06:01:57,867 nipype.workflow INFO:
	 [Node] Setting-up "_acc_msk_brain0" in "/work/fmriprep_25_0_wf/sub_GEO067_wf/bold_ses_t2_task_image_run_4_wf/bold_confounds_wf/acc_msk_brain/mapflow/_acc_msk_brain0".
250528-06:01:57,869 nipype.workflow INFO:
	 [Node] Cached "_acc_msk_brain0" - collecting precomputed outputs
250528-06:01:57,870 nipype.workflow INFO:
	 [Node] "_acc_msk_brain0" found cached.
250528-06:01:57,870 nipype.workflow INFO:
	 [Node] Setting-up "_acc_msk_brain1" in "/work/fmriprep_25_0_wf/sub_GEO067_wf/bold_ses_t2_task_image_run_4_wf/bold_confounds_wf/acc_msk_brain/mapflow/_acc_msk_brain1".
250528-06:01:57,874 nipype.workflow INFO:
	 [Node] Cached "_acc_msk_brain1" - collecting precomputed outputs
250528-06:01:57,874 nipype.workflow INFO:
	 [Node] "_acc_msk_brain1" found cached.
250528-06:01:57,874 nipype.workflow INFO:
	 [Node] Setting-up "_acc_msk_brain2" in "/work/fmriprep_25_0_wf/sub_GEO067_wf/bold_ses_t2_task_image_run_4_wf/bold_confounds_wf/acc_msk_brain/mapflow/_acc_msk_brain2".
250528-06:01:57,876 nipype.workflow INFO:
	 [Node] Cached "_acc_msk_brain2" - collecting precomputed outputs
250528-06:01:57,877 nipype.workflow INFO:
	 [Node] "_acc_msk_brain2" found cached.
250528-06:02:01,812 nipype.workflow INFO:
	 [Node] Setting-up "_acc_msk_bin0" in "/work/fmriprep_25_0_wf/sub_GEO067_wf/bold_ses_t2_task_image_run_4_wf/bold_confounds_wf/acc_msk_bin/mapflow/_acc_msk_bin0".
250528-06:02:01,814 nipype.workflow INFO:
	 [Node] Setting-up "_acc_msk_bin1" in "/work/fmriprep_25_0_wf/sub_GEO067_wf/bold_ses_t2_task_image_run_4_wf/bold_confounds_wf/acc_msk_bin/mapflow/_acc_msk_bin1".
250528-06:02:01,814 nipype.workflow INFO:
	 [Node] Setting-up "_acc_msk_bin2" in "/work/fmriprep_25_0_wf/sub_GEO067_wf/bold_ses_t2_task_image_run_4_wf/bold_confounds_wf/acc_msk_bin/mapflow/_acc_msk_bin2".
250528-06:02:01,909 nipype.workflow INFO:
	 [Node] Executing "_acc_msk_bin0" <niworkflows.interfaces.nibabel.Binarize>
250528-06:02:01,922 nipype.workflow INFO:
	 [Node] Executing "_acc_msk_bin1" <niworkflows.interfaces.nibabel.Binarize>
250528-06:02:01,931 nipype.workflow INFO:
	 [Node] Executing "_acc_msk_bin2" <niworkflows.interfaces.nibabel.Binarize>
250528-06:02:01,981 nipype.workflow INFO:
	 [Node] Finished "_acc_msk_bin0", elapsed time 0.071618s.
250528-06:02:01,994 nipype.workflow INFO:
	 [Node] Finished "_acc_msk_bin1", elapsed time 0.070535s.
250528-06:02:02,4 nipype.workflow INFO:
	 [Node] Finished "_acc_msk_bin2", elapsed time 0.072682s.
250528-06:02:03,890 nipype.workflow INFO:
	 [Node] Setting-up "_acc_msk_bin0" in "/work/fmriprep_25_0_wf/sub_GEO067_wf/bold_ses_t2_task_image_run_4_wf/bold_confounds_wf/acc_msk_bin/mapflow/_acc_msk_bin0".
250528-06:02:03,893 nipype.workflow INFO:
	 [Node] Cached "_acc_msk_bin0" - collecting precomputed outputs
250528-06:02:03,893 nipype.workflow INFO:
	 [Node] "_acc_msk_bin0" found cached.
250528-06:02:03,893 nipype.workflow INFO:
	 [Node] Setting-up "_acc_msk_bin1" in "/work/fmriprep_25_0_wf/sub_GEO067_wf/bold_ses_t2_task_image_run_4_wf/bold_confounds_wf/acc_msk_bin/mapflow/_acc_msk_bin1".
250528-06:02:03,896 nipype.workflow INFO:
	 [Node] Cached "_acc_msk_bin1" - collecting precomputed outputs
250528-06:02:03,896 nipype.workflow INFO:
	 [Node] "_acc_msk_bin1" found cached.
250528-06:02:03,897 nipype.workflow INFO:
	 [Node] Setting-up "_acc_msk_bin2" in "/work/fmriprep_25_0_wf/sub_GEO067_wf/bold_ses_t2_task_image_run_4_wf/bold_confounds_wf/acc_msk_bin/mapflow/_acc_msk_bin2".
250528-06:02:03,899 nipype.workflow INFO:
	 [Node] Cached "_acc_msk_bin2" - collecting precomputed outputs
250528-06:02:03,899 nipype.workflow INFO:
	 [Node] "_acc_msk_bin2" found cached.
250528-06:02:07,174 nipype.workflow INFO:
	 [Node] Finished "bbregister", elapsed time 31.216528s.
250528-06:02:07,783 nipype.workflow INFO:
	 [Node] Setting-up "fmriprep_25_0_wf.sub_GEO067_wf.bold_ses_t3_task_image_run_1_wf.bold_fit_wf.bold_reg_wf.bbreg_wf.bbregister" in "/work/fmriprep_25_0_wf/sub_GEO067_wf/bold_ses_t3_task_image_run_1_wf/bold_fit_wf/bold_reg_wf/bbreg_wf/bbregister".
250528-06:02:07,921 nipype.workflow INFO:
	 [Node] Executing "bbregister" <nipype.interfaces.freesurfer.preprocess.BBRegister>
250528-06:02:09,638 nipype.workflow INFO:
	 [Node] Finished "epi_t1_report", elapsed time 15.492794s.
250528-06:02:09,790 nipype.workflow INFO:
	 [Node] Setting-up "fmriprep_25_0_wf.sub_GEO067_wf.bold_ses_t2_task_image_run_5_wf.bold_fit_wf.bold_reg_wf.bbreg_wf.compare_transforms" in "/work/fmriprep_25_0_wf/sub_GEO067_wf/bold_ses_t2_task_image_run_5_wf/bold_fit_wf/bold_reg_wf/bbreg_wf/compare_transforms".
250528-06:02:09,908 nipype.workflow INFO:
	 [Node] Executing "compare_transforms" <nipype.interfaces.utility.wrappers.Function>
250528-06:02:09,915 nipype.workflow INFO:
	 [Node] Finished "compare_transforms", elapsed time 0.006768s.
250528-06:02:12,754 nipype.workflow INFO:
	 [Node] Setting-up "fmriprep_25_0_wf.sub_GEO067_wf.bold_ses_t2_task_image_run_4_wf.bold_fit_wf.func_fit_reports_wf.ds_epi_t1_report" in "/work/fmriprep_25_0_wf/sub_GEO067_wf/bold_ses_t2_task_image_run_4_wf/bold_fit_wf/func_fit_reports_wf/ds_epi_t1_report".
250528-06:02:12,849 nipype.workflow INFO:
	 [Node] Executing "ds_epi_t1_report" <fmriprep.interfaces.DerivativesDataSink>
250528-06:02:12,915 nipype.workflow INFO:
	 [Node] Finished "ds_epi_t1_report", elapsed time 0.064322s.
250528-06:02:15,779 nipype.workflow INFO:
	 [Node] Setting-up "fmriprep_25_0_wf.sub_GEO067_wf.bold_ses_t2_task_image_run_5_wf.bold_fit_wf.bold_reg_wf.bbreg_wf.concat_xfm" in "/work/fmriprep_25_0_wf/sub_GEO067_wf/bold_ses_t2_task_image_run_5_wf/bold_fit_wf/bold_reg_wf/bbreg_wf/concat_xfm".
250528-06:02:15,861 nipype.workflow INFO:
	 [Node] Executing "concat_xfm" <niworkflows.interfaces.nitransforms.ConcatenateXFMs>
250528-06:02:15,888 nipype.workflow INFO:
	 [Node] Finished "concat_xfm", elapsed time 0.025771s.
250528-06:02:19,793 nipype.workflow INFO:
	 [Node] Setting-up "fmriprep_25_0_wf.sub_GEO067_wf.bold_ses_t2_task_image_run_5_wf.bold_fit_wf.func_fit_reports_wf.t1w_boldref" in "/work/fmriprep_25_0_wf/sub_GEO067_wf/bold_ses_t2_task_image_run_5_wf/bold_fit_wf/func_fit_reports_wf/t1w_boldref".
250528-06:02:19,894 nipype.workflow INFO:
	 [Node] Executing "t1w_boldref" <niworkflows.interfaces.fixes.FixHeaderApplyTransforms>
250528-06:02:20,223 nipype.workflow INFO:
	 [Node] Setting-up "fmriprep_25_0_wf.sub_GEO067_wf.bold_ses_t2_task_image_run_5_wf.bold_confounds_wf.t1w_mask_tfm" in "/work/fmriprep_25_0_wf/sub_GEO067_wf/bold_ses_t2_task_image_run_5_wf/bold_confounds_wf/t1w_mask_tfm".
250528-06:02:20,324 nipype.workflow INFO:
	 [Node] Executing "t1w_mask_tfm" <niworkflows.interfaces.fixes.FixHeaderApplyTransforms>
250528-06:02:21,430 nipype.workflow INFO:
	 [Node] Finished "t1w_boldref", elapsed time 1.535507s.
250528-06:02:21,773 nipype.workflow INFO:
	 [Node] Setting-up "fmriprep_25_0_wf.sub_GEO067_wf.bold_ses_t2_task_image_run_5_wf.bold_fit_wf.func_fit_reports_wf.boldref_wm" in "/work/fmriprep_25_0_wf/sub_GEO067_wf/bold_ses_t2_task_image_run_5_wf/bold_fit_wf/func_fit_reports_wf/boldref_wm".
250528-06:02:21,878 nipype.workflow INFO:
	 [Node] Executing "boldref_wm" <niworkflows.interfaces.fixes.FixHeaderApplyTransforms>
250528-06:02:22,224 nipype.workflow INFO:
	 [Node] Setting-up "_acc_msk_tfm1" in "/work/fmriprep_25_0_wf/sub_GEO067_wf/bold_ses_t2_task_image_run_5_wf/bold_confounds_wf/acc_msk_tfm/mapflow/_acc_msk_tfm1".
250528-06:02:22,224 nipype.workflow INFO:
	 [Node] Setting-up "_acc_msk_tfm0" in "/work/fmriprep_25_0_wf/sub_GEO067_wf/bold_ses_t2_task_image_run_5_wf/bold_confounds_wf/acc_msk_tfm/mapflow/_acc_msk_tfm0".
250528-06:02:22,225 nipype.workflow INFO:
	 [Node] Setting-up "_acc_msk_tfm2" in "/work/fmriprep_25_0_wf/sub_GEO067_wf/bold_ses_t2_task_image_run_5_wf/bold_confounds_wf/acc_msk_tfm/mapflow/_acc_msk_tfm2".
250528-06:02:22,326 nipype.workflow INFO:
	 [Node] Executing "_acc_msk_tfm1" <niworkflows.interfaces.fixes.FixHeaderApplyTransforms>
250528-06:02:22,329 nipype.workflow INFO:
	 [Node] Executing "_acc_msk_tfm2" <niworkflows.interfaces.fixes.FixHeaderApplyTransforms>
250528-06:02:22,339 nipype.workflow INFO:
	 [Node] Executing "_acc_msk_tfm0" <niworkflows.interfaces.fixes.FixHeaderApplyTransforms>
250528-06:02:22,366 nipype.workflow INFO:
	 [Node] Finished "boldref_wm", elapsed time 0.486839s.
250528-06:02:22,590 nipype.workflow INFO:
	 [Node] Finished "t1w_mask_tfm", elapsed time 2.264756s.
250528-06:02:23,299 nipype.workflow INFO:
	 [Node] Finished "_acc_msk_tfm1", elapsed time 0.971189s.
250528-06:02:23,310 nipype.workflow INFO:
	 [Node] Finished "_acc_msk_tfm0", elapsed time 0.969895s.
250528-06:02:23,358 nipype.workflow INFO:
	 [Node] Finished "_acc_msk_tfm2", elapsed time 1.027812s.
250528-06:02:23,900 nipype.workflow INFO:
	 [Node] Setting-up "fmriprep_25_0_wf.sub_GEO067_wf.bold_ses_t2_task_image_run_5_wf.bold_confounds_wf.union_mask" in "/work/fmriprep_25_0_wf/sub_GEO067_wf/bold_ses_t2_task_image_run_5_wf/bold_confounds_wf/union_mask".
250528-06:02:24,113 nipype.workflow INFO:
	 [Node] Setting-up "_acc_msk_tfm0" in "/work/fmriprep_25_0_wf/sub_GEO067_wf/bold_ses_t2_task_image_run_5_wf/bold_confounds_wf/acc_msk_tfm/mapflow/_acc_msk_tfm0".
250528-06:02:24,117 nipype.workflow INFO:
	 [Node] Cached "_acc_msk_tfm0" - collecting precomputed outputs
250528-06:02:24,117 nipype.workflow INFO:
	 [Node] "_acc_msk_tfm0" found cached.
250528-06:02:24,118 nipype.workflow INFO:
	 [Node] Setting-up "_acc_msk_tfm1" in "/work/fmriprep_25_0_wf/sub_GEO067_wf/bold_ses_t2_task_image_run_5_wf/bold_confounds_wf/acc_msk_tfm/mapflow/_acc_msk_tfm1".
250528-06:02:24,122 nipype.workflow INFO:
	 [Node] Cached "_acc_msk_tfm1" - collecting precomputed outputs
250528-06:02:24,122 nipype.workflow INFO:
	 [Node] "_acc_msk_tfm1" found cached.
250528-06:02:24,122 nipype.workflow INFO:
	 [Node] Setting-up "_acc_msk_tfm2" in "/work/fmriprep_25_0_wf/sub_GEO067_wf/bold_ses_t2_task_image_run_5_wf/bold_confounds_wf/acc_msk_tfm/mapflow/_acc_msk_tfm2".
250528-06:02:24,125 nipype.workflow INFO:
	 [Node] Cached "_acc_msk_tfm2" - collecting precomputed outputs
250528-06:02:24,125 nipype.workflow INFO:
	 [Node] "_acc_msk_tfm2" found cached.
250528-06:02:24,179 nipype.workflow INFO:
	 [Node] Setting-up "fmriprep_25_0_wf.sub_GEO067_wf.bold_ses_t2_task_image_run_5_wf.bold_fit_wf.func_fit_reports_wf.epi_t1_report" in "/work/fmriprep_25_0_wf/sub_GEO067_wf/bold_ses_t2_task_image_run_5_wf/bold_fit_wf/func_fit_reports_wf/epi_t1_report".
250528-06:02:24,259 nipype.workflow INFO:
	 [Node] Executing "union_mask" <nipype.interfaces.utility.wrappers.Function>
250528-06:02:24,304 nipype.workflow INFO:
	 [Node] Finished "union_mask", elapsed time 0.043639s.
250528-06:02:24,327 nipype.workflow INFO:
	 [Node] Executing "epi_t1_report" <nireports.interfaces.reporting.base.SimpleBeforeAfterRPT>
250528-06:02:24,328 nipype.interface INFO:
	 Report - setting before (/out/sub-GEO067/ses-t2/func/sub-GEO067_ses-t2_task-image_run-5_desc-coreg_boldref.nii.gz) and after (/work/fmriprep_25_0_wf/sub_GEO067_wf/bold_ses_t2_task_image_run_5_wf/bold_fit_wf/func_fit_reports_wf/t1w_boldref/sub-GEO067_desc-preproc_T1w_trans.nii.gz) images
250528-06:02:24,328 nipype.interface INFO:
	 Generating visual report
250528-06:02:25,850 nipype.workflow INFO:
	 [Node] Setting-up "fmriprep_25_0_wf.sub_GEO067_wf.bold_ses_t2_task_image_run_5_wf.bold_confounds_wf.dilated_mask" in "/work/fmriprep_25_0_wf/sub_GEO067_wf/bold_ses_t2_task_image_run_5_wf/bold_confounds_wf/dilated_mask".
250528-06:02:25,946 nipype.workflow INFO:
	 [Node] Executing "dilated_mask" <niworkflows.interfaces.morphology.BinaryDilation>
250528-06:02:26,1 nipype.workflow INFO:
	 [Node] Finished "dilated_mask", elapsed time 0.054035s.
250528-06:02:27,780 nipype.workflow INFO:
	 [Node] Setting-up "fmriprep_25_0_wf.sub_GEO067_wf.bold_ses_t2_task_image_run_5_wf.bold_confounds_wf.subtract_mask" in "/work/fmriprep_25_0_wf/sub_GEO067_wf/bold_ses_t2_task_image_run_5_wf/bold_confounds_wf/subtract_mask".
250528-06:02:27,782 nipype.workflow INFO:
	 [Node] Setting-up "_acc_msk_brain0" in "/work/fmriprep_25_0_wf/sub_GEO067_wf/bold_ses_t2_task_image_run_5_wf/bold_confounds_wf/acc_msk_brain/mapflow/_acc_msk_brain0".
250528-06:02:27,783 nipype.workflow INFO:
	 [Node] Setting-up "_acc_msk_brain1" in "/work/fmriprep_25_0_wf/sub_GEO067_wf/bold_ses_t2_task_image_run_5_wf/bold_confounds_wf/acc_msk_brain/mapflow/_acc_msk_brain1".
250528-06:02:27,784 nipype.workflow INFO:
	 [Node] Setting-up "_acc_msk_brain2" in "/work/fmriprep_25_0_wf/sub_GEO067_wf/bold_ses_t2_task_image_run_5_wf/bold_confounds_wf/acc_msk_brain/mapflow/_acc_msk_brain2".
250528-06:02:27,884 nipype.workflow INFO:
	 [Node] Executing "_acc_msk_brain0" <niworkflows.interfaces.nibabel.ApplyMask>
250528-06:02:27,889 nipype.workflow INFO:
	 [Node] Executing "subtract_mask" <niworkflows.interfaces.morphology.BinarySubtraction>
250528-06:02:27,904 nipype.workflow INFO:
	 [Node] Executing "_acc_msk_brain1" <niworkflows.interfaces.nibabel.ApplyMask>
250528-06:02:27,908 nipype.workflow INFO:
	 [Node] Executing "_acc_msk_brain2" <niworkflows.interfaces.nibabel.ApplyMask>
250528-06:02:27,925 nipype.workflow INFO:
	 [Node] Finished "subtract_mask", elapsed time 0.034058s.
250528-06:02:27,973 nipype.workflow INFO:
	 [Node] Finished "_acc_msk_brain0", elapsed time 0.087243s.
250528-06:02:27,983 nipype.workflow INFO:
	 [Node] Finished "_acc_msk_brain1", elapsed time 0.078064s.
250528-06:02:27,990 nipype.workflow INFO:
	 [Node] Finished "_acc_msk_brain2", elapsed time 0.081046s.
250528-06:02:29,873 nipype.workflow INFO:
	 [Node] Setting-up "_acc_msk_brain0" in "/work/fmriprep_25_0_wf/sub_GEO067_wf/bold_ses_t2_task_image_run_5_wf/bold_confounds_wf/acc_msk_brain/mapflow/_acc_msk_brain0".
250528-06:02:29,876 nipype.workflow INFO:
	 [Node] Cached "_acc_msk_brain0" - collecting precomputed outputs
250528-06:02:29,876 nipype.workflow INFO:
	 [Node] "_acc_msk_brain0" found cached.
250528-06:02:29,876 nipype.workflow INFO:
	 [Node] Setting-up "_acc_msk_brain1" in "/work/fmriprep_25_0_wf/sub_GEO067_wf/bold_ses_t2_task_image_run_5_wf/bold_confounds_wf/acc_msk_brain/mapflow/_acc_msk_brain1".
250528-06:02:29,878 nipype.workflow INFO:
	 [Node] Cached "_acc_msk_brain1" - collecting precomputed outputs
250528-06:02:29,879 nipype.workflow INFO:
	 [Node] "_acc_msk_brain1" found cached.
250528-06:02:29,879 nipype.workflow INFO:
	 [Node] Setting-up "_acc_msk_brain2" in "/work/fmriprep_25_0_wf/sub_GEO067_wf/bold_ses_t2_task_image_run_5_wf/bold_confounds_wf/acc_msk_brain/mapflow/_acc_msk_brain2".
250528-06:02:29,881 nipype.workflow INFO:
	 [Node] Cached "_acc_msk_brain2" - collecting precomputed outputs
250528-06:02:29,881 nipype.workflow INFO:
	 [Node] "_acc_msk_brain2" found cached.
250528-06:02:30,149 nipype.workflow INFO:
	 [Node] Finished "bbregister", elapsed time 22.227635s.
250528-06:02:31,798 nipype.workflow INFO:
	 [Node] Setting-up "fmriprep_25_0_wf.sub_GEO067_wf.bold_ses_t3_task_image_run_2_wf.bold_fit_wf.bold_reg_wf.bbreg_wf.bbregister" in "/work/fmriprep_25_0_wf/sub_GEO067_wf/bold_ses_t3_task_image_run_2_wf/bold_fit_wf/bold_reg_wf/bbreg_wf/bbregister".
250528-06:02:31,914 nipype.workflow INFO:
	 [Node] Executing "bbregister" <nipype.interfaces.freesurfer.preprocess.BBRegister>
250528-06:02:33,802 nipype.workflow INFO:
	 [Node] Setting-up "fmriprep_25_0_wf.sub_GEO067_wf.bold_ses_t3_task_image_run_1_wf.bold_fit_wf.bold_reg_wf.bbreg_wf.compare_transforms" in "/work/fmriprep_25_0_wf/sub_GEO067_wf/bold_ses_t3_task_image_run_1_wf/bold_fit_wf/bold_reg_wf/bbreg_wf/compare_transforms".
250528-06:02:33,804 nipype.workflow INFO:
	 [Node] Setting-up "_acc_msk_bin0" in "/work/fmriprep_25_0_wf/sub_GEO067_wf/bold_ses_t2_task_image_run_5_wf/bold_confounds_wf/acc_msk_bin/mapflow/_acc_msk_bin0".
250528-06:02:33,806 nipype.workflow INFO:
	 [Node] Setting-up "_acc_msk_bin1" in "/work/fmriprep_25_0_wf/sub_GEO067_wf/bold_ses_t2_task_image_run_5_wf/bold_confounds_wf/acc_msk_bin/mapflow/_acc_msk_bin1".
250528-06:02:33,807 nipype.workflow INFO:
	 [Node] Setting-up "_acc_msk_bin2" in "/work/fmriprep_25_0_wf/sub_GEO067_wf/bold_ses_t2_task_image_run_5_wf/bold_confounds_wf/acc_msk_bin/mapflow/_acc_msk_bin2".
250528-06:02:33,931 nipype.workflow INFO:
	 [Node] Executing "compare_transforms" <nipype.interfaces.utility.wrappers.Function>
250528-06:02:33,937 nipype.workflow INFO:
	 [Node] Executing "_acc_msk_bin0" <niworkflows.interfaces.nibabel.Binarize>
250528-06:02:33,937 nipype.workflow INFO:
	 [Node] Executing "_acc_msk_bin1" <niworkflows.interfaces.nibabel.Binarize>
250528-06:02:33,941 nipype.workflow INFO:
	 [Node] Finished "compare_transforms", elapsed time 0.009179s.
250528-06:02:33,948 nipype.workflow INFO:
	 [Node] Executing "_acc_msk_bin2" <niworkflows.interfaces.nibabel.Binarize>
250528-06:02:34,6 nipype.workflow INFO:
	 [Node] Finished "_acc_msk_bin2", elapsed time 0.057647s.
250528-06:02:34,8 nipype.workflow INFO:
	 [Node] Finished "_acc_msk_bin0", elapsed time 0.069499s.
250528-06:02:34,13 nipype.workflow INFO:
	 [Node] Finished "_acc_msk_bin1", elapsed time 0.074545s.
250528-06:02:36,811 nipype.workflow INFO:
	 [Node] Setting-up "_acc_msk_bin0" in "/work/fmriprep_25_0_wf/sub_GEO067_wf/bold_ses_t2_task_image_run_5_wf/bold_confounds_wf/acc_msk_bin/mapflow/_acc_msk_bin0".
250528-06:02:36,815 nipype.workflow INFO:
	 [Node] Cached "_acc_msk_bin0" - collecting precomputed outputs
250528-06:02:36,816 nipype.workflow INFO:
	 [Node] "_acc_msk_bin0" found cached.
250528-06:02:36,816 nipype.workflow INFO:
	 [Node] Setting-up "_acc_msk_bin1" in "/work/fmriprep_25_0_wf/sub_GEO067_wf/bold_ses_t2_task_image_run_5_wf/bold_confounds_wf/acc_msk_bin/mapflow/_acc_msk_bin1".
250528-06:02:36,818 nipype.workflow INFO:
	 [Node] Cached "_acc_msk_bin1" - collecting precomputed outputs
250528-06:02:36,818 nipype.workflow INFO:
	 [Node] "_acc_msk_bin1" found cached.
250528-06:02:36,819 nipype.workflow INFO:
	 [Node] Setting-up "_acc_msk_bin2" in "/work/fmriprep_25_0_wf/sub_GEO067_wf/bold_ses_t2_task_image_run_5_wf/bold_confounds_wf/acc_msk_bin/mapflow/_acc_msk_bin2".
250528-06:02:36,821 nipype.workflow INFO:
	 [Node] Cached "_acc_msk_bin2" - collecting precomputed outputs
250528-06:02:36,821 nipype.workflow INFO:
	 [Node] "_acc_msk_bin2" found cached.
250528-06:02:39,948 nipype.workflow INFO:
	 [Node] Setting-up "fmriprep_25_0_wf.sub_GEO067_wf.bold_ses_t3_task_image_run_1_wf.bold_fit_wf.bold_reg_wf.bbreg_wf.concat_xfm" in "/work/fmriprep_25_0_wf/sub_GEO067_wf/bold_ses_t3_task_image_run_1_wf/bold_fit_wf/bold_reg_wf/bbreg_wf/concat_xfm".
250528-06:02:40,43 nipype.workflow INFO:
	 [Node] Executing "concat_xfm" <niworkflows.interfaces.nitransforms.ConcatenateXFMs>
250528-06:02:40,72 nipype.workflow INFO:
	 [Node] Finished "concat_xfm", elapsed time 0.028214s.
250528-06:02:40,243 nipype.workflow INFO:
	 [Node] Finished "epi_t1_report", elapsed time 15.914398s.
250528-06:02:42,562 nipype.workflow INFO:
	 [Node] Setting-up "fmriprep_25_0_wf.sub_GEO067_wf.bold_ses_t2_task_image_run_5_wf.bold_fit_wf.func_fit_reports_wf.ds_epi_t1_report" in "/work/fmriprep_25_0_wf/sub_GEO067_wf/bold_ses_t2_task_image_run_5_wf/bold_fit_wf/func_fit_reports_wf/ds_epi_t1_report".
250528-06:02:42,657 nipype.workflow INFO:
	 [Node] Executing "ds_epi_t1_report" <fmriprep.interfaces.DerivativesDataSink>
250528-06:02:42,719 nipype.workflow INFO:
	 [Node] Finished "ds_epi_t1_report", elapsed time 0.061134s.
250528-06:02:43,986 nipype.workflow INFO:
	 [Node] Setting-up "fmriprep_25_0_wf.sub_GEO067_wf.bold_ses_t3_task_image_run_1_wf.bold_fit_wf.func_fit_reports_wf.t1w_boldref" in "/work/fmriprep_25_0_wf/sub_GEO067_wf/bold_ses_t3_task_image_run_1_wf/bold_fit_wf/func_fit_reports_wf/t1w_boldref".
250528-06:02:44,104 nipype.workflow INFO:
	 [Node] Executing "t1w_boldref" <niworkflows.interfaces.fixes.FixHeaderApplyTransforms>
250528-06:02:44,487 nipype.workflow INFO:
	 [Node] Setting-up "fmriprep_25_0_wf.sub_GEO067_wf.bold_ses_t3_task_image_run_1_wf.bold_confounds_wf.t1w_mask_tfm" in "/work/fmriprep_25_0_wf/sub_GEO067_wf/bold_ses_t3_task_image_run_1_wf/bold_confounds_wf/t1w_mask_tfm".
250528-06:02:44,602 nipype.workflow INFO:
	 [Node] Executing "t1w_mask_tfm" <niworkflows.interfaces.fixes.FixHeaderApplyTransforms>
250528-06:02:45,882 nipype.workflow INFO:
	 [Node] Finished "t1w_boldref", elapsed time 1.776288s.
250528-06:02:46,477 nipype.workflow INFO:
	 [Node] Setting-up "_acc_msk_tfm0" in "/work/fmriprep_25_0_wf/sub_GEO067_wf/bold_ses_t3_task_image_run_1_wf/bold_confounds_wf/acc_msk_tfm/mapflow/_acc_msk_tfm0".
250528-06:02:46,477 nipype.workflow INFO:
	 [Node] Setting-up "_acc_msk_tfm1" in "/work/fmriprep_25_0_wf/sub_GEO067_wf/bold_ses_t3_task_image_run_1_wf/bold_confounds_wf/acc_msk_tfm/mapflow/_acc_msk_tfm1".
250528-06:02:46,478 nipype.workflow INFO:
	 [Node] Setting-up "_acc_msk_tfm2" in "/work/fmriprep_25_0_wf/sub_GEO067_wf/bold_ses_t3_task_image_run_1_wf/bold_confounds_wf/acc_msk_tfm/mapflow/_acc_msk_tfm2".
250528-06:02:46,579 nipype.workflow INFO:
	 [Node] Executing "_acc_msk_tfm0" <niworkflows.interfaces.fixes.FixHeaderApplyTransforms>
250528-06:02:46,605 nipype.workflow INFO:
	 [Node] Executing "_acc_msk_tfm1" <niworkflows.interfaces.fixes.FixHeaderApplyTransforms>
250528-06:02:46,632 nipype.workflow INFO:
	 [Node] Executing "_acc_msk_tfm2" <niworkflows.interfaces.fixes.FixHeaderApplyTransforms>
250528-06:02:47,496 nipype.workflow INFO:
	 [Node] Finished "_acc_msk_tfm1", elapsed time 0.889786s.
250528-06:02:47,560 nipype.workflow INFO:
	 [Node] Finished "t1w_mask_tfm", elapsed time 2.956744s.
250528-06:02:47,674 nipype.workflow INFO:
	 [Node] Finished "_acc_msk_tfm2", elapsed time 1.040278s.
250528-06:02:47,680 nipype.workflow INFO:
	 [Node] Finished "_acc_msk_tfm0", elapsed time 1.099377s.
250528-06:02:47,978 nipype.workflow INFO:
	 [Node] Setting-up "fmriprep_25_0_wf.sub_GEO067_wf.bold_ses_t3_task_image_run_1_wf.bold_fit_wf.func_fit_reports_wf.boldref_wm" in "/work/fmriprep_25_0_wf/sub_GEO067_wf/bold_ses_t3_task_image_run_1_wf/bold_fit_wf/func_fit_reports_wf/boldref_wm".
250528-06:02:47,978 nipype.workflow INFO:
	 [Node] Setting-up "fmriprep_25_0_wf.sub_GEO067_wf.bold_ses_t3_task_image_run_1_wf.bold_confounds_wf.union_mask" in "/work/fmriprep_25_0_wf/sub_GEO067_wf/bold_ses_t3_task_image_run_1_wf/bold_confounds_wf/union_mask".
250528-06:02:48,73 nipype.workflow INFO:
	 [Node] Executing "union_mask" <nipype.interfaces.utility.wrappers.Function>
250528-06:02:48,78 nipype.workflow INFO:
	 [Node] Executing "boldref_wm" <niworkflows.interfaces.fixes.FixHeaderApplyTransforms>
250528-06:02:48,119 nipype.workflow INFO:
	 [Node] Finished "union_mask", elapsed time 0.045039s.
250528-06:02:48,610 nipype.workflow INFO:
	 [Node] Finished "boldref_wm", elapsed time 0.530471s.
250528-06:02:49,938 nipype.workflow INFO:
	 [Node] Setting-up "fmriprep_25_0_wf.sub_GEO067_wf.bold_ses_t3_task_image_run_1_wf.bold_confounds_wf.dilated_mask" in "/work/fmriprep_25_0_wf/sub_GEO067_wf/bold_ses_t3_task_image_run_1_wf/bold_confounds_wf/dilated_mask".
250528-06:02:50,5 nipype.workflow INFO:
	 [Node] Setting-up "_acc_msk_tfm0" in "/work/fmriprep_25_0_wf/sub_GEO067_wf/bold_ses_t3_task_image_run_1_wf/bold_confounds_wf/acc_msk_tfm/mapflow/_acc_msk_tfm0".
250528-06:02:50,9 nipype.workflow INFO:
	 [Node] Cached "_acc_msk_tfm0" - collecting precomputed outputs
250528-06:02:50,9 nipype.workflow INFO:
	 [Node] "_acc_msk_tfm0" found cached.
250528-06:02:50,10 nipype.workflow INFO:
	 [Node] Setting-up "_acc_msk_tfm1" in "/work/fmriprep_25_0_wf/sub_GEO067_wf/bold_ses_t3_task_image_run_1_wf/bold_confounds_wf/acc_msk_tfm/mapflow/_acc_msk_tfm1".
250528-06:02:50,16 nipype.workflow INFO:
	 [Node] Cached "_acc_msk_tfm1" - collecting precomputed outputs
250528-06:02:50,16 nipype.workflow INFO:
	 [Node] "_acc_msk_tfm1" found cached.
250528-06:02:50,17 nipype.workflow INFO:
	 [Node] Setting-up "_acc_msk_tfm2" in "/work/fmriprep_25_0_wf/sub_GEO067_wf/bold_ses_t3_task_image_run_1_wf/bold_confounds_wf/acc_msk_tfm/mapflow/_acc_msk_tfm2".
250528-06:02:50,21 nipype.workflow INFO:
	 [Node] Cached "_acc_msk_tfm2" - collecting precomputed outputs
250528-06:02:50,21 nipype.workflow INFO:
	 [Node] "_acc_msk_tfm2" found cached.
250528-06:02:50,26 nipype.workflow INFO:
	 [Node] Executing "dilated_mask" <niworkflows.interfaces.morphology.BinaryDilation>
250528-06:02:50,73 nipype.workflow INFO:
	 [Node] Finished "dilated_mask", elapsed time 0.045906s.
250528-06:02:50,252 nipype.workflow INFO:
	 [Node] Setting-up "fmriprep_25_0_wf.sub_GEO067_wf.bold_ses_t3_task_image_run_1_wf.bold_fit_wf.func_fit_reports_wf.epi_t1_report" in "/work/fmriprep_25_0_wf/sub_GEO067_wf/bold_ses_t3_task_image_run_1_wf/bold_fit_wf/func_fit_reports_wf/epi_t1_report".
250528-06:02:50,354 nipype.workflow INFO:
	 [Node] Executing "epi_t1_report" <nireports.interfaces.reporting.base.SimpleBeforeAfterRPT>
250528-06:02:50,355 nipype.interface INFO:
	 Report - setting before (/out/sub-GEO067/ses-t3/func/sub-GEO067_ses-t3_task-image_run-1_desc-coreg_boldref.nii.gz) and after (/work/fmriprep_25_0_wf/sub_GEO067_wf/bold_ses_t3_task_image_run_1_wf/bold_fit_wf/func_fit_reports_wf/t1w_boldref/sub-GEO067_desc-preproc_T1w_trans.nii.gz) images
250528-06:02:50,355 nipype.interface INFO:
	 Generating visual report
250528-06:02:52,59 nipype.workflow INFO:
	 [Node] Setting-up "fmriprep_25_0_wf.sub_GEO067_wf.bold_ses_t3_task_image_run_1_wf.bold_confounds_wf.subtract_mask" in "/work/fmriprep_25_0_wf/sub_GEO067_wf/bold_ses_t3_task_image_run_1_wf/bold_confounds_wf/subtract_mask".
250528-06:02:52,173 nipype.workflow INFO:
	 [Node] Executing "subtract_mask" <niworkflows.interfaces.morphology.BinarySubtraction>
250528-06:02:52,217 nipype.workflow INFO:
	 [Node] Finished "subtract_mask", elapsed time 0.043125s.
250528-06:02:53,934 nipype.workflow INFO:
	 [Node] Setting-up "_acc_msk_brain1" in "/work/fmriprep_25_0_wf/sub_GEO067_wf/bold_ses_t3_task_image_run_1_wf/bold_confounds_wf/acc_msk_brain/mapflow/_acc_msk_brain1".
250528-06:02:53,934 nipype.workflow INFO:
	 [Node] Setting-up "_acc_msk_brain0" in "/work/fmriprep_25_0_wf/sub_GEO067_wf/bold_ses_t3_task_image_run_1_wf/bold_confounds_wf/acc_msk_brain/mapflow/_acc_msk_brain0".
250528-06:02:53,935 nipype.workflow INFO:
	 [Node] Setting-up "_acc_msk_brain2" in "/work/fmriprep_25_0_wf/sub_GEO067_wf/bold_ses_t3_task_image_run_1_wf/bold_confounds_wf/acc_msk_brain/mapflow/_acc_msk_brain2".
250528-06:02:53,979 nipype.workflow INFO:
	 [Node] Finished "bbregister", elapsed time 22.063408s.
250528-06:02:54,44 nipype.workflow INFO:
	 [Node] Executing "_acc_msk_brain1" <niworkflows.interfaces.nibabel.ApplyMask>
250528-06:02:54,49 nipype.workflow INFO:
	 [Node] Executing "_acc_msk_brain0" <niworkflows.interfaces.nibabel.ApplyMask>
250528-06:02:54,60 nipype.workflow INFO:
	 [Node] Executing "_acc_msk_brain2" <niworkflows.interfaces.nibabel.ApplyMask>
250528-06:02:54,125 nipype.workflow INFO:
	 [Node] Finished "_acc_msk_brain1", elapsed time 0.080004s.
250528-06:02:54,131 nipype.workflow INFO:
	 [Node] Finished "_acc_msk_brain2", elapsed time 0.070221s.
250528-06:02:54,148 nipype.workflow INFO:
	 [Node] Finished "_acc_msk_brain0", elapsed time 0.098433s.
250528-06:02:55,976 nipype.workflow INFO:
	 [Node] Setting-up "fmriprep_25_0_wf.sub_GEO067_wf.bold_ses_t3_task_image_run_3_wf.bold_fit_wf.bold_reg_wf.bbreg_wf.bbregister" in "/work/fmriprep_25_0_wf/sub_GEO067_wf/bold_ses_t3_task_image_run_3_wf/bold_fit_wf/bold_reg_wf/bbreg_wf/bbregister".
250528-06:02:56,113 nipype.workflow INFO:
	 [Node] Executing "bbregister" <nipype.interfaces.freesurfer.preprocess.BBRegister>
250528-06:02:56,519 nipype.workflow INFO:
	 [Node] Setting-up "_acc_msk_brain0" in "/work/fmriprep_25_0_wf/sub_GEO067_wf/bold_ses_t3_task_image_run_1_wf/bold_confounds_wf/acc_msk_brain/mapflow/_acc_msk_brain0".
250528-06:02:56,523 nipype.workflow INFO:
	 [Node] Cached "_acc_msk_brain0" - collecting precomputed outputs
250528-06:02:56,523 nipype.workflow INFO:
	 [Node] "_acc_msk_brain0" found cached.
250528-06:02:56,524 nipype.workflow INFO:
	 [Node] Setting-up "_acc_msk_brain1" in "/work/fmriprep_25_0_wf/sub_GEO067_wf/bold_ses_t3_task_image_run_1_wf/bold_confounds_wf/acc_msk_brain/mapflow/_acc_msk_brain1".
250528-06:02:56,527 nipype.workflow INFO:
	 [Node] Cached "_acc_msk_brain1" - collecting precomputed outputs
250528-06:02:56,527 nipype.workflow INFO:
	 [Node] "_acc_msk_brain1" found cached.
250528-06:02:56,527 nipype.workflow INFO:
	 [Node] Setting-up "_acc_msk_brain2" in "/work/fmriprep_25_0_wf/sub_GEO067_wf/bold_ses_t3_task_image_run_1_wf/bold_confounds_wf/acc_msk_brain/mapflow/_acc_msk_brain2".
250528-06:02:56,530 nipype.workflow INFO:
	 [Node] Cached "_acc_msk_brain2" - collecting precomputed outputs
250528-06:02:56,530 nipype.workflow INFO:
	 [Node] "_acc_msk_brain2" found cached.
250528-06:02:57,983 nipype.workflow INFO:
	 [Node] Setting-up "fmriprep_25_0_wf.sub_GEO067_wf.bold_ses_t3_task_image_run_2_wf.bold_fit_wf.bold_reg_wf.bbreg_wf.compare_transforms" in "/work/fmriprep_25_0_wf/sub_GEO067_wf/bold_ses_t3_task_image_run_2_wf/bold_fit_wf/bold_reg_wf/bbreg_wf/compare_transforms".
250528-06:02:58,100 nipype.workflow INFO:
	 [Node] Executing "compare_transforms" <nipype.interfaces.utility.wrappers.Function>
250528-06:02:58,113 nipype.workflow INFO:
	 [Node] Finished "compare_transforms", elapsed time 0.011649s.
250528-06:03:01,26 nipype.workflow INFO:
	 [Node] Setting-up "_acc_msk_bin0" in "/work/fmriprep_25_0_wf/sub_GEO067_wf/bold_ses_t3_task_image_run_1_wf/bold_confounds_wf/acc_msk_bin/mapflow/_acc_msk_bin0".
250528-06:03:01,27 nipype.workflow INFO:
	 [Node] Setting-up "_acc_msk_bin1" in "/work/fmriprep_25_0_wf/sub_GEO067_wf/bold_ses_t3_task_image_run_1_wf/bold_confounds_wf/acc_msk_bin/mapflow/_acc_msk_bin1".
250528-06:03:01,27 nipype.workflow INFO:
	 [Node] Setting-up "_acc_msk_bin2" in "/work/fmriprep_25_0_wf/sub_GEO067_wf/bold_ses_t3_task_image_run_1_wf/bold_confounds_wf/acc_msk_bin/mapflow/_acc_msk_bin2".
250528-06:03:01,162 nipype.workflow INFO:
	 [Node] Executing "_acc_msk_bin0" <niworkflows.interfaces.nibabel.Binarize>
250528-06:03:01,165 nipype.workflow INFO:
	 [Node] Executing "_acc_msk_bin2" <niworkflows.interfaces.nibabel.Binarize>
250528-06:03:01,189 nipype.workflow INFO:
	 [Node] Executing "_acc_msk_bin1" <niworkflows.interfaces.nibabel.Binarize>
250528-06:03:01,242 nipype.workflow INFO:
	 [Node] Finished "_acc_msk_bin2", elapsed time 0.075865s.
250528-06:03:01,243 nipype.workflow INFO:
	 [Node] Finished "_acc_msk_bin0", elapsed time 0.080507s.
250528-06:03:01,262 nipype.workflow INFO:
	 [Node] Finished "_acc_msk_bin1", elapsed time 0.07181s.
250528-06:03:03,113 nipype.workflow INFO:
	 [Node] Setting-up "_acc_msk_bin0" in "/work/fmriprep_25_0_wf/sub_GEO067_wf/bold_ses_t3_task_image_run_1_wf/bold_confounds_wf/acc_msk_bin/mapflow/_acc_msk_bin0".
250528-06:03:03,118 nipype.workflow INFO:
	 [Node] Cached "_acc_msk_bin0" - collecting precomputed outputs
250528-06:03:03,118 nipype.workflow INFO:
	 [Node] "_acc_msk_bin0" found cached.
250528-06:03:03,118 nipype.workflow INFO:
	 [Node] Setting-up "_acc_msk_bin1" in "/work/fmriprep_25_0_wf/sub_GEO067_wf/bold_ses_t3_task_image_run_1_wf/bold_confounds_wf/acc_msk_bin/mapflow/_acc_msk_bin1".
250528-06:03:03,121 nipype.workflow INFO:
	 [Node] Cached "_acc_msk_bin1" - collecting precomputed outputs
250528-06:03:03,121 nipype.workflow INFO:
	 [Node] "_acc_msk_bin1" found cached.
250528-06:03:03,121 nipype.workflow INFO:
	 [Node] Setting-up "_acc_msk_bin2" in "/work/fmriprep_25_0_wf/sub_GEO067_wf/bold_ses_t3_task_image_run_1_wf/bold_confounds_wf/acc_msk_bin/mapflow/_acc_msk_bin2".
250528-06:03:03,123 nipype.workflow INFO:
	 [Node] Cached "_acc_msk_bin2" - collecting precomputed outputs
250528-06:03:03,124 nipype.workflow INFO:
	 [Node] "_acc_msk_bin2" found cached.
250528-06:03:03,985 nipype.workflow INFO:
	 [Node] Setting-up "fmriprep_25_0_wf.sub_GEO067_wf.bold_ses_t3_task_image_run_2_wf.bold_fit_wf.bold_reg_wf.bbreg_wf.concat_xfm" in "/work/fmriprep_25_0_wf/sub_GEO067_wf/bold_ses_t3_task_image_run_2_wf/bold_fit_wf/bold_reg_wf/bbreg_wf/concat_xfm".
250528-06:03:04,116 nipype.workflow INFO:
	 [Node] Executing "concat_xfm" <niworkflows.interfaces.nitransforms.ConcatenateXFMs>
250528-06:03:04,172 nipype.workflow INFO:
	 [Node] Finished "concat_xfm", elapsed time 0.054934s.
250528-06:03:07,970 nipype.workflow INFO:
	 [Node] Setting-up "fmriprep_25_0_wf.sub_GEO067_wf.bold_ses_t3_task_image_run_2_wf.bold_fit_wf.func_fit_reports_wf.t1w_boldref" in "/work/fmriprep_25_0_wf/sub_GEO067_wf/bold_ses_t3_task_image_run_2_wf/bold_fit_wf/func_fit_reports_wf/t1w_boldref".
250528-06:03:08,98 nipype.workflow INFO:
	 [Node] Executing "t1w_boldref" <niworkflows.interfaces.fixes.FixHeaderApplyTransforms>
250528-06:03:08,206 nipype.workflow INFO:
	 [Node] Finished "epi_t1_report", elapsed time 17.850955s.
250528-06:03:08,465 nipype.workflow INFO:
	 [Node] Setting-up "fmriprep_25_0_wf.sub_GEO067_wf.bold_ses_t3_task_image_run_2_wf.bold_confounds_wf.t1w_mask_tfm" in "/work/fmriprep_25_0_wf/sub_GEO067_wf/bold_ses_t3_task_image_run_2_wf/bold_confounds_wf/t1w_mask_tfm".
250528-06:03:08,766 nipype.workflow INFO:
	 [Node] Executing "t1w_mask_tfm" <niworkflows.interfaces.fixes.FixHeaderApplyTransforms>
250528-06:03:09,945 nipype.workflow INFO:
	 [Node] Finished "t1w_boldref", elapsed time 1.845982s.
250528-06:03:10,497 nipype.workflow INFO:
	 [Node] Setting-up "fmriprep_25_0_wf.sub_GEO067_wf.bold_ses_t3_task_image_run_1_wf.bold_fit_wf.func_fit_reports_wf.ds_epi_t1_report" in "/work/fmriprep_25_0_wf/sub_GEO067_wf/bold_ses_t3_task_image_run_1_wf/bold_fit_wf/func_fit_reports_wf/ds_epi_t1_report".
250528-06:03:10,498 nipype.workflow INFO:
	 [Node] Setting-up "_acc_msk_tfm0" in "/work/fmriprep_25_0_wf/sub_GEO067_wf/bold_ses_t3_task_image_run_2_wf/bold_confounds_wf/acc_msk_tfm/mapflow/_acc_msk_tfm0".
250528-06:03:10,499 nipype.workflow INFO:
	 [Node] Setting-up "_acc_msk_tfm1" in "/work/fmriprep_25_0_wf/sub_GEO067_wf/bold_ses_t3_task_image_run_2_wf/bold_confounds_wf/acc_msk_tfm/mapflow/_acc_msk_tfm1".
250528-06:03:10,500 nipype.workflow INFO:
	 [Node] Setting-up "_acc_msk_tfm2" in "/work/fmriprep_25_0_wf/sub_GEO067_wf/bold_ses_t3_task_image_run_2_wf/bold_confounds_wf/acc_msk_tfm/mapflow/_acc_msk_tfm2".
250528-06:03:10,605 nipype.workflow INFO:
	 [Node] Executing "ds_epi_t1_report" <fmriprep.interfaces.DerivativesDataSink>
250528-06:03:10,613 nipype.workflow INFO:
	 [Node] Executing "_acc_msk_tfm0" <niworkflows.interfaces.fixes.FixHeaderApplyTransforms>
250528-06:03:10,621 nipype.workflow INFO:
	 [Node] Executing "_acc_msk_tfm1" <niworkflows.interfaces.fixes.FixHeaderApplyTransforms>
250528-06:03:10,672 nipype.workflow INFO:
	 [Node] Executing "_acc_msk_tfm2" <niworkflows.interfaces.fixes.FixHeaderApplyTransforms>
250528-06:03:10,717 nipype.workflow INFO:
	 [Node] Finished "ds_epi_t1_report", elapsed time 0.111388s.
250528-06:03:11,500 nipype.workflow INFO:
	 [Node] Finished "_acc_msk_tfm0", elapsed time 0.886265s.
250528-06:03:11,651 nipype.workflow INFO:
	 [Node] Finished "_acc_msk_tfm1", elapsed time 1.028356s.
250528-06:03:11,664 nipype.workflow INFO:
	 [Node] Finished "t1w_mask_tfm", elapsed time 2.89647s.
250528-06:03:11,727 nipype.workflow INFO:
	 [Node] Finished "_acc_msk_tfm2", elapsed time 1.053156s.
250528-06:03:11,939 nipype.workflow INFO:
	 [Node] Setting-up "fmriprep_25_0_wf.sub_GEO067_wf.bold_ses_t3_task_image_run_2_wf.bold_fit_wf.func_fit_reports_wf.boldref_wm" in "/work/fmriprep_25_0_wf/sub_GEO067_wf/bold_ses_t3_task_image_run_2_wf/bold_fit_wf/func_fit_reports_wf/boldref_wm".
250528-06:03:12,80 nipype.workflow INFO:
	 [Node] Executing "boldref_wm" <niworkflows.interfaces.fixes.FixHeaderApplyTransforms>
250528-06:03:12,590 nipype.workflow INFO:
	 [Node] Finished "boldref_wm", elapsed time 0.508377s.
250528-06:03:13,990 nipype.workflow INFO:
	 [Node] Setting-up "fmriprep_25_0_wf.sub_GEO067_wf.bold_ses_t3_task_image_run_2_wf.bold_fit_wf.func_fit_reports_wf.epi_t1_report" in "/work/fmriprep_25_0_wf/sub_GEO067_wf/bold_ses_t3_task_image_run_2_wf/bold_fit_wf/func_fit_reports_wf/epi_t1_report".
250528-06:03:13,991 nipype.workflow INFO:
	 [Node] Setting-up "fmriprep_25_0_wf.sub_GEO067_wf.bold_ses_t3_task_image_run_2_wf.bold_confounds_wf.union_mask" in "/work/fmriprep_25_0_wf/sub_GEO067_wf/bold_ses_t3_task_image_run_2_wf/bold_confounds_wf/union_mask".
250528-06:03:14,60 nipype.workflow INFO:
	 [Node] Setting-up "_acc_msk_tfm0" in "/work/fmriprep_25_0_wf/sub_GEO067_wf/bold_ses_t3_task_image_run_2_wf/bold_confounds_wf/acc_msk_tfm/mapflow/_acc_msk_tfm0".
250528-06:03:14,63 nipype.workflow INFO:
	 [Node] Cached "_acc_msk_tfm0" - collecting precomputed outputs
250528-06:03:14,63 nipype.workflow INFO:
	 [Node] "_acc_msk_tfm0" found cached.
250528-06:03:14,64 nipype.workflow INFO:
	 [Node] Setting-up "_acc_msk_tfm1" in "/work/fmriprep_25_0_wf/sub_GEO067_wf/bold_ses_t3_task_image_run_2_wf/bold_confounds_wf/acc_msk_tfm/mapflow/_acc_msk_tfm1".
250528-06:03:14,67 nipype.workflow INFO:
	 [Node] Cached "_acc_msk_tfm1" - collecting precomputed outputs
250528-06:03:14,67 nipype.workflow INFO:
	 [Node] "_acc_msk_tfm1" found cached.
250528-06:03:14,68 nipype.workflow INFO:
	 [Node] Setting-up "_acc_msk_tfm2" in "/work/fmriprep_25_0_wf/sub_GEO067_wf/bold_ses_t3_task_image_run_2_wf/bold_confounds_wf/acc_msk_tfm/mapflow/_acc_msk_tfm2".
250528-06:03:14,72 nipype.workflow INFO:
	 [Node] Cached "_acc_msk_tfm2" - collecting precomputed outputs
250528-06:03:14,72 nipype.workflow INFO:
	 [Node] "_acc_msk_tfm2" found cached.
250528-06:03:14,102 nipype.workflow INFO:
	 [Node] Executing "union_mask" <nipype.interfaces.utility.wrappers.Function>
250528-06:03:14,114 nipype.workflow INFO:
	 [Node] Executing "epi_t1_report" <nireports.interfaces.reporting.base.SimpleBeforeAfterRPT>
250528-06:03:14,115 nipype.interface INFO:
	 Report - setting before (/out/sub-GEO067/ses-t3/func/sub-GEO067_ses-t3_task-image_run-2_desc-coreg_boldref.nii.gz) and after (/work/fmriprep_25_0_wf/sub_GEO067_wf/bold_ses_t3_task_image_run_2_wf/bold_fit_wf/func_fit_reports_wf/t1w_boldref/sub-GEO067_desc-preproc_T1w_trans.nii.gz) images
250528-06:03:14,115 nipype.interface INFO:
	 Generating visual report
250528-06:03:14,146 nipype.workflow INFO:
	 [Node] Finished "union_mask", elapsed time 0.04338s.
250528-06:03:16,65 nipype.workflow INFO:
	 [Node] Setting-up "fmriprep_25_0_wf.sub_GEO067_wf.bold_ses_t3_task_image_run_2_wf.bold_confounds_wf.dilated_mask" in "/work/fmriprep_25_0_wf/sub_GEO067_wf/bold_ses_t3_task_image_run_2_wf/bold_confounds_wf/dilated_mask".
250528-06:03:16,179 nipype.workflow INFO:
	 [Node] Executing "dilated_mask" <niworkflows.interfaces.morphology.BinaryDilation>
250528-06:03:16,224 nipype.workflow INFO:
	 [Node] Finished "dilated_mask", elapsed time 0.043884s.
250528-06:03:17,987 nipype.workflow INFO:
	 [Node] Setting-up "fmriprep_25_0_wf.sub_GEO067_wf.bold_ses_t3_task_image_run_2_wf.bold_confounds_wf.subtract_mask" in "/work/fmriprep_25_0_wf/sub_GEO067_wf/bold_ses_t3_task_image_run_2_wf/bold_confounds_wf/subtract_mask".
250528-06:03:17,989 nipype.workflow INFO:
	 [Node] Setting-up "_acc_msk_brain0" in "/work/fmriprep_25_0_wf/sub_GEO067_wf/bold_ses_t3_task_image_run_2_wf/bold_confounds_wf/acc_msk_brain/mapflow/_acc_msk_brain0".
250528-06:03:17,990 nipype.workflow INFO:
	 [Node] Setting-up "_acc_msk_brain1" in "/work/fmriprep_25_0_wf/sub_GEO067_wf/bold_ses_t3_task_image_run_2_wf/bold_confounds_wf/acc_msk_brain/mapflow/_acc_msk_brain1".
250528-06:03:17,991 nipype.workflow INFO:
	 [Node] Setting-up "_acc_msk_brain2" in "/work/fmriprep_25_0_wf/sub_GEO067_wf/bold_ses_t3_task_image_run_2_wf/bold_confounds_wf/acc_msk_brain/mapflow/_acc_msk_brain2".
250528-06:03:18,81 nipype.workflow INFO:
	 [Node] Executing "_acc_msk_brain0" <niworkflows.interfaces.nibabel.ApplyMask>
250528-06:03:18,81 nipype.workflow INFO:
	 [Node] Executing "subtract_mask" <niworkflows.interfaces.morphology.BinarySubtraction>
250528-06:03:18,93 nipype.workflow INFO:
	 [Node] Executing "_acc_msk_brain1" <niworkflows.interfaces.nibabel.ApplyMask>
250528-06:03:18,115 nipype.workflow INFO:
	 [Node] Executing "_acc_msk_brain2" <niworkflows.interfaces.nibabel.ApplyMask>
250528-06:03:18,119 nipype.workflow INFO:
	 [Node] Finished "subtract_mask", elapsed time 0.037147s.
250528-06:03:18,171 nipype.workflow INFO:
	 [Node] Finished "_acc_msk_brain1", elapsed time 0.076969s.
250528-06:03:18,186 nipype.workflow INFO:
	 [Node] Finished "_acc_msk_brain0", elapsed time 0.103761s.
250528-06:03:18,205 nipype.workflow INFO:
	 [Node] Finished "_acc_msk_brain2", elapsed time 0.088813s.
250528-06:03:20,59 nipype.workflow INFO:
	 [Node] Setting-up "_acc_msk_brain0" in "/work/fmriprep_25_0_wf/sub_GEO067_wf/bold_ses_t3_task_image_run_2_wf/bold_confounds_wf/acc_msk_brain/mapflow/_acc_msk_brain0".
250528-06:03:20,62 nipype.workflow INFO:
	 [Node] Cached "_acc_msk_brain0" - collecting precomputed outputs
250528-06:03:20,62 nipype.workflow INFO:
	 [Node] "_acc_msk_brain0" found cached.
250528-06:03:20,63 nipype.workflow INFO:
	 [Node] Setting-up "_acc_msk_brain1" in "/work/fmriprep_25_0_wf/sub_GEO067_wf/bold_ses_t3_task_image_run_2_wf/bold_confounds_wf/acc_msk_brain/mapflow/_acc_msk_brain1".
250528-06:03:20,66 nipype.workflow INFO:
	 [Node] Cached "_acc_msk_brain1" - collecting precomputed outputs
250528-06:03:20,66 nipype.workflow INFO:
	 [Node] "_acc_msk_brain1" found cached.
250528-06:03:20,66 nipype.workflow INFO:
	 [Node] Setting-up "_acc_msk_brain2" in "/work/fmriprep_25_0_wf/sub_GEO067_wf/bold_ses_t3_task_image_run_2_wf/bold_confounds_wf/acc_msk_brain/mapflow/_acc_msk_brain2".
250528-06:03:20,69 nipype.workflow INFO:
	 [Node] Cached "_acc_msk_brain2" - collecting precomputed outputs
250528-06:03:20,70 nipype.workflow INFO:
	 [Node] "_acc_msk_brain2" found cached.
250528-06:03:23,982 nipype.workflow INFO:
	 [Node] Setting-up "_acc_msk_bin0" in "/work/fmriprep_25_0_wf/sub_GEO067_wf/bold_ses_t3_task_image_run_2_wf/bold_confounds_wf/acc_msk_bin/mapflow/_acc_msk_bin0".
250528-06:03:23,984 nipype.workflow INFO:
	 [Node] Setting-up "_acc_msk_bin1" in "/work/fmriprep_25_0_wf/sub_GEO067_wf/bold_ses_t3_task_image_run_2_wf/bold_confounds_wf/acc_msk_bin/mapflow/_acc_msk_bin1".
250528-06:03:23,984 nipype.workflow INFO:
	 [Node] Setting-up "_acc_msk_bin2" in "/work/fmriprep_25_0_wf/sub_GEO067_wf/bold_ses_t3_task_image_run_2_wf/bold_confounds_wf/acc_msk_bin/mapflow/_acc_msk_bin2".
250528-06:03:24,104 nipype.workflow INFO:
	 [Node] Executing "_acc_msk_bin0" <niworkflows.interfaces.nibabel.Binarize>
250528-06:03:24,119 nipype.workflow INFO:
	 [Node] Executing "_acc_msk_bin2" <niworkflows.interfaces.nibabel.Binarize>
250528-06:03:24,125 nipype.workflow INFO:
	 [Node] Executing "_acc_msk_bin1" <niworkflows.interfaces.nibabel.Binarize>
250528-06:03:24,186 nipype.workflow INFO:
	 [Node] Finished "_acc_msk_bin0", elapsed time 0.08112s.
250528-06:03:24,196 nipype.workflow INFO:
	 [Node] Finished "_acc_msk_bin2", elapsed time 0.07689s.
250528-06:03:24,212 nipype.workflow INFO:
	 [Node] Finished "_acc_msk_bin1", elapsed time 0.085698s.
250528-06:03:24,952 nipype.workflow INFO:
	 [Node] Finished "bbregister", elapsed time 28.838044s.
250528-06:03:25,996 nipype.workflow INFO:
	 [Node] Setting-up "fmriprep_25_0_wf.sub_GEO067_wf.bold_ses_t3_task_image_run_4_wf.bold_fit_wf.bold_reg_wf.bbreg_wf.bbregister" in "/work/fmriprep_25_0_wf/sub_GEO067_wf/bold_ses_t3_task_image_run_4_wf/bold_fit_wf/bold_reg_wf/bbreg_wf/bbregister".
250528-06:03:26,117 nipype.workflow INFO:
	 [Node] Executing "bbregister" <nipype.interfaces.freesurfer.preprocess.BBRegister>
250528-06:03:26,477 nipype.workflow INFO:
	 [Node] Setting-up "_acc_msk_bin0" in "/work/fmriprep_25_0_wf/sub_GEO067_wf/bold_ses_t3_task_image_run_2_wf/bold_confounds_wf/acc_msk_bin/mapflow/_acc_msk_bin0".
250528-06:03:26,480 nipype.workflow INFO:
	 [Node] Cached "_acc_msk_bin0" - collecting precomputed outputs
250528-06:03:26,480 nipype.workflow INFO:
	 [Node] "_acc_msk_bin0" found cached.
250528-06:03:26,481 nipype.workflow INFO:
	 [Node] Setting-up "_acc_msk_bin1" in "/work/fmriprep_25_0_wf/sub_GEO067_wf/bold_ses_t3_task_image_run_2_wf/bold_confounds_wf/acc_msk_bin/mapflow/_acc_msk_bin1".
250528-06:03:26,483 nipype.workflow INFO:
	 [Node] Cached "_acc_msk_bin1" - collecting precomputed outputs
250528-06:03:26,483 nipype.workflow INFO:
	 [Node] "_acc_msk_bin1" found cached.
250528-06:03:26,483 nipype.workflow INFO:
	 [Node] Setting-up "_acc_msk_bin2" in "/work/fmriprep_25_0_wf/sub_GEO067_wf/bold_ses_t3_task_image_run_2_wf/bold_confounds_wf/acc_msk_bin/mapflow/_acc_msk_bin2".
250528-06:03:26,486 nipype.workflow INFO:
	 [Node] Cached "_acc_msk_bin2" - collecting precomputed outputs
250528-06:03:26,486 nipype.workflow INFO:
	 [Node] "_acc_msk_bin2" found cached.
250528-06:03:27,944 nipype.workflow INFO:
	 [Node] Setting-up "fmriprep_25_0_wf.sub_GEO067_wf.bold_ses_t3_task_image_run_3_wf.bold_fit_wf.bold_reg_wf.bbreg_wf.compare_transforms" in "/work/fmriprep_25_0_wf/sub_GEO067_wf/bold_ses_t3_task_image_run_3_wf/bold_fit_wf/bold_reg_wf/bbreg_wf/compare_transforms".
250528-06:03:28,38 nipype.workflow INFO:
	 [Node] Executing "compare_transforms" <nipype.interfaces.utility.wrappers.Function>
250528-06:03:28,52 nipype.workflow INFO:
	 [Node] Finished "compare_transforms", elapsed time 0.012594s.
250528-06:03:32,332 nipype.workflow INFO:
	 [Node] Finished "epi_t1_report", elapsed time 18.216495s.
250528-06:03:34,44 nipype.workflow INFO:
	 [Node] Setting-up "fmriprep_25_0_wf.sub_GEO067_wf.bold_ses_t3_task_image_run_3_wf.bold_fit_wf.bold_reg_wf.bbreg_wf.concat_xfm" in "/work/fmriprep_25_0_wf/sub_GEO067_wf/bold_ses_t3_task_image_run_3_wf/bold_fit_wf/bold_reg_wf/bbreg_wf/concat_xfm".
250528-06:03:34,47 nipype.workflow INFO:
	 [Node] Setting-up "fmriprep_25_0_wf.sub_GEO067_wf.bold_ses_t3_task_image_run_2_wf.bold_fit_wf.func_fit_reports_wf.ds_epi_t1_report" in "/work/fmriprep_25_0_wf/sub_GEO067_wf/bold_ses_t3_task_image_run_2_wf/bold_fit_wf/func_fit_reports_wf/ds_epi_t1_report".
250528-06:03:34,135 nipype.workflow INFO:
	 [Node] Executing "concat_xfm" <niworkflows.interfaces.nitransforms.ConcatenateXFMs>
250528-06:03:34,139 nipype.workflow INFO:
	 [Node] Executing "ds_epi_t1_report" <fmriprep.interfaces.DerivativesDataSink>
250528-06:03:34,168 nipype.workflow INFO:
	 [Node] Finished "concat_xfm", elapsed time 0.032709s.
250528-06:03:34,207 nipype.workflow INFO:
	 [Node] Finished "ds_epi_t1_report", elapsed time 0.066224s.
250528-06:03:37,962 nipype.workflow INFO:
	 [Node] Setting-up "fmriprep_25_0_wf.sub_GEO067_wf.bold_ses_t3_task_image_run_3_wf.bold_fit_wf.func_fit_reports_wf.t1w_boldref" in "/work/fmriprep_25_0_wf/sub_GEO067_wf/bold_ses_t3_task_image_run_3_wf/bold_fit_wf/func_fit_reports_wf/t1w_boldref".
250528-06:03:38,62 nipype.workflow INFO:
	 [Node] Executing "t1w_boldref" <niworkflows.interfaces.fixes.FixHeaderApplyTransforms>
250528-06:03:38,383 nipype.workflow INFO:
	 [Node] Setting-up "fmriprep_25_0_wf.sub_GEO067_wf.bold_ses_t3_task_image_run_3_wf.bold_confounds_wf.t1w_mask_tfm" in "/work/fmriprep_25_0_wf/sub_GEO067_wf/bold_ses_t3_task_image_run_3_wf/bold_confounds_wf/t1w_mask_tfm".
250528-06:03:38,500 nipype.workflow INFO:
	 [Node] Executing "t1w_mask_tfm" <niworkflows.interfaces.fixes.FixHeaderApplyTransforms>
250528-06:03:39,728 nipype.workflow INFO:
	 [Node] Finished "t1w_boldref", elapsed time 1.66445s.
250528-06:03:40,421 nipype.workflow INFO:
	 [Node] Setting-up "_acc_msk_tfm0" in "/work/fmriprep_25_0_wf/sub_GEO067_wf/bold_ses_t3_task_image_run_3_wf/bold_confounds_wf/acc_msk_tfm/mapflow/_acc_msk_tfm0".
250528-06:03:40,423 nipype.workflow INFO:
	 [Node] Setting-up "_acc_msk_tfm2" in "/work/fmriprep_25_0_wf/sub_GEO067_wf/bold_ses_t3_task_image_run_3_wf/bold_confounds_wf/acc_msk_tfm/mapflow/_acc_msk_tfm2".
250528-06:03:40,423 nipype.workflow INFO:
	 [Node] Setting-up "_acc_msk_tfm1" in "/work/fmriprep_25_0_wf/sub_GEO067_wf/bold_ses_t3_task_image_run_3_wf/bold_confounds_wf/acc_msk_tfm/mapflow/_acc_msk_tfm1".
250528-06:03:40,532 nipype.workflow INFO:
	 [Node] Executing "_acc_msk_tfm0" <niworkflows.interfaces.fixes.FixHeaderApplyTransforms>
250528-06:03:40,534 nipype.workflow INFO:
	 [Node] Executing "_acc_msk_tfm1" <niworkflows.interfaces.fixes.FixHeaderApplyTransforms>
250528-06:03:40,551 nipype.workflow INFO:
	 [Node] Executing "_acc_msk_tfm2" <niworkflows.interfaces.fixes.FixHeaderApplyTransforms>
250528-06:03:40,888 nipype.workflow INFO:
	 [Node] Finished "t1w_mask_tfm", elapsed time 2.386994s.
250528-06:03:41,460 nipype.workflow INFO:
	 [Node] Finished "_acc_msk_tfm0", elapsed time 0.927334s.
250528-06:03:41,486 nipype.workflow INFO:
	 [Node] Finished "_acc_msk_tfm2", elapsed time 0.933774s.
250528-06:03:41,549 nipype.workflow INFO:
	 [Node] Finished "_acc_msk_tfm1", elapsed time 1.0148s.
250528-06:03:41,944 nipype.workflow INFO:
	 [Node] Setting-up "fmriprep_25_0_wf.sub_GEO067_wf.bold_ses_t3_task_image_run_3_wf.bold_fit_wf.func_fit_reports_wf.boldref_wm" in "/work/fmriprep_25_0_wf/sub_GEO067_wf/bold_ses_t3_task_image_run_3_wf/bold_fit_wf/func_fit_reports_wf/boldref_wm".
250528-06:03:41,948 nipype.workflow INFO:
	 [Node] Setting-up "fmriprep_25_0_wf.sub_GEO067_wf.bold_ses_t3_task_image_run_3_wf.bold_confounds_wf.union_mask" in "/work/fmriprep_25_0_wf/sub_GEO067_wf/bold_ses_t3_task_image_run_3_wf/bold_confounds_wf/union_mask".
250528-06:03:42,14 nipype.workflow INFO:
	 [Node] Setting-up "_acc_msk_tfm0" in "/work/fmriprep_25_0_wf/sub_GEO067_wf/bold_ses_t3_task_image_run_3_wf/bold_confounds_wf/acc_msk_tfm/mapflow/_acc_msk_tfm0".
250528-06:03:42,17 nipype.workflow INFO:
	 [Node] Cached "_acc_msk_tfm0" - collecting precomputed outputs
250528-06:03:42,17 nipype.workflow INFO:
	 [Node] "_acc_msk_tfm0" found cached.
250528-06:03:42,18 nipype.workflow INFO:
	 [Node] Setting-up "_acc_msk_tfm1" in "/work/fmriprep_25_0_wf/sub_GEO067_wf/bold_ses_t3_task_image_run_3_wf/bold_confounds_wf/acc_msk_tfm/mapflow/_acc_msk_tfm1".
250528-06:03:42,20 nipype.workflow INFO:
	 [Node] Cached "_acc_msk_tfm1" - collecting precomputed outputs
250528-06:03:42,20 nipype.workflow INFO:
	 [Node] "_acc_msk_tfm1" found cached.
250528-06:03:42,21 nipype.workflow INFO:
	 [Node] Setting-up "_acc_msk_tfm2" in "/work/fmriprep_25_0_wf/sub_GEO067_wf/bold_ses_t3_task_image_run_3_wf/bold_confounds_wf/acc_msk_tfm/mapflow/_acc_msk_tfm2".
250528-06:03:42,24 nipype.workflow INFO:
	 [Node] Cached "_acc_msk_tfm2" - collecting precomputed outputs
250528-06:03:42,24 nipype.workflow INFO:
	 [Node] "_acc_msk_tfm2" found cached.
250528-06:03:42,25 nipype.workflow INFO:
	 [Node] Executing "union_mask" <nipype.interfaces.utility.wrappers.Function>
250528-06:03:42,40 nipype.workflow INFO:
	 [Node] Executing "boldref_wm" <niworkflows.interfaces.fixes.FixHeaderApplyTransforms>
250528-06:03:42,68 nipype.workflow INFO:
	 [Node] Finished "union_mask", elapsed time 0.042317s.
250528-06:03:42,491 nipype.workflow INFO:
	 [Node] Finished "boldref_wm", elapsed time 0.450321s.
250528-06:03:43,993 nipype.workflow INFO:
	 [Node] Setting-up "fmriprep_25_0_wf.sub_GEO067_wf.bold_ses_t3_task_image_run_3_wf.bold_fit_wf.func_fit_reports_wf.epi_t1_report" in "/work/fmriprep_25_0_wf/sub_GEO067_wf/bold_ses_t3_task_image_run_3_wf/bold_fit_wf/func_fit_reports_wf/epi_t1_report".
250528-06:03:44,39 nipype.workflow INFO:
	 [Node] Setting-up "fmriprep_25_0_wf.sub_GEO067_wf.bold_ses_t3_task_image_run_3_wf.bold_confounds_wf.dilated_mask" in "/work/fmriprep_25_0_wf/sub_GEO067_wf/bold_ses_t3_task_image_run_3_wf/bold_confounds_wf/dilated_mask".
250528-06:03:44,87 nipype.workflow INFO:
	 [Node] Executing "epi_t1_report" <nireports.interfaces.reporting.base.SimpleBeforeAfterRPT>
250528-06:03:44,88 nipype.interface INFO:
	 Report - setting before (/out/sub-GEO067/ses-t3/func/sub-GEO067_ses-t3_task-image_run-3_desc-coreg_boldref.nii.gz) and after (/work/fmriprep_25_0_wf/sub_GEO067_wf/bold_ses_t3_task_image_run_3_wf/bold_fit_wf/func_fit_reports_wf/t1w_boldref/sub-GEO067_desc-preproc_T1w_trans.nii.gz) images
250528-06:03:44,88 nipype.interface INFO:
	 Generating visual report
250528-06:03:44,124 nipype.workflow INFO:
	 [Node] Executing "dilated_mask" <niworkflows.interfaces.morphology.BinaryDilation>
250528-06:03:44,161 nipype.workflow INFO:
	 [Node] Finished "dilated_mask", elapsed time 0.036494s.
250528-06:03:46,18 nipype.workflow INFO:
	 [Node] Setting-up "fmriprep_25_0_wf.sub_GEO067_wf.bold_ses_t3_task_image_run_3_wf.bold_confounds_wf.subtract_mask" in "/work/fmriprep_25_0_wf/sub_GEO067_wf/bold_ses_t3_task_image_run_3_wf/bold_confounds_wf/subtract_mask".
250528-06:03:46,21 nipype.workflow INFO:
	 [Node] Setting-up "_acc_msk_brain0" in "/work/fmriprep_25_0_wf/sub_GEO067_wf/bold_ses_t3_task_image_run_3_wf/bold_confounds_wf/acc_msk_brain/mapflow/_acc_msk_brain0".
250528-06:03:46,23 nipype.workflow INFO:
	 [Node] Setting-up "_acc_msk_brain1" in "/work/fmriprep_25_0_wf/sub_GEO067_wf/bold_ses_t3_task_image_run_3_wf/bold_confounds_wf/acc_msk_brain/mapflow/_acc_msk_brain1".
250528-06:03:46,24 nipype.workflow INFO:
	 [Node] Setting-up "_acc_msk_brain2" in "/work/fmriprep_25_0_wf/sub_GEO067_wf/bold_ses_t3_task_image_run_3_wf/bold_confounds_wf/acc_msk_brain/mapflow/_acc_msk_brain2".
250528-06:03:46,132 nipype.workflow INFO:
	 [Node] Executing "subtract_mask" <niworkflows.interfaces.morphology.BinarySubtraction>
250528-06:03:46,136 nipype.workflow INFO:
	 [Node] Executing "_acc_msk_brain0" <niworkflows.interfaces.nibabel.ApplyMask>
250528-06:03:46,157 nipype.workflow INFO:
	 [Node] Executing "_acc_msk_brain2" <niworkflows.interfaces.nibabel.ApplyMask>
250528-06:03:46,162 nipype.workflow INFO:
	 [Node] Executing "_acc_msk_brain1" <niworkflows.interfaces.nibabel.ApplyMask>
250528-06:03:46,177 nipype.workflow INFO:
	 [Node] Finished "subtract_mask", elapsed time 0.043675s.
250528-06:03:46,241 nipype.workflow INFO:
	 [Node] Finished "_acc_msk_brain0", elapsed time 0.104139s.
250528-06:03:46,265 nipype.workflow INFO:
	 [Node] Finished "_acc_msk_brain1", elapsed time 0.101927s.
250528-06:03:46,267 nipype.workflow INFO:
	 [Node] Finished "_acc_msk_brain2", elapsed time 0.109472s.
250528-06:03:48,22 nipype.workflow INFO:
	 [Node] Setting-up "_acc_msk_brain0" in "/work/fmriprep_25_0_wf/sub_GEO067_wf/bold_ses_t3_task_image_run_3_wf/bold_confounds_wf/acc_msk_brain/mapflow/_acc_msk_brain0".
250528-06:03:48,25 nipype.workflow INFO:
	 [Node] Cached "_acc_msk_brain0" - collecting precomputed outputs
250528-06:03:48,25 nipype.workflow INFO:
	 [Node] "_acc_msk_brain0" found cached.
250528-06:03:48,26 nipype.workflow INFO:
	 [Node] Setting-up "_acc_msk_brain1" in "/work/fmriprep_25_0_wf/sub_GEO067_wf/bold_ses_t3_task_image_run_3_wf/bold_confounds_wf/acc_msk_brain/mapflow/_acc_msk_brain1".
250528-06:03:48,28 nipype.workflow INFO:
	 [Node] Cached "_acc_msk_brain1" - collecting precomputed outputs
250528-06:03:48,28 nipype.workflow INFO:
	 [Node] "_acc_msk_brain1" found cached.
250528-06:03:48,28 nipype.workflow INFO:
	 [Node] Setting-up "_acc_msk_brain2" in "/work/fmriprep_25_0_wf/sub_GEO067_wf/bold_ses_t3_task_image_run_3_wf/bold_confounds_wf/acc_msk_brain/mapflow/_acc_msk_brain2".
250528-06:03:48,31 nipype.workflow INFO:
	 [Node] Cached "_acc_msk_brain2" - collecting precomputed outputs
250528-06:03:48,31 nipype.workflow INFO:
	 [Node] "_acc_msk_brain2" found cached.
250528-06:03:51,982 nipype.workflow INFO:
	 [Node] Setting-up "_acc_msk_bin0" in "/work/fmriprep_25_0_wf/sub_GEO067_wf/bold_ses_t3_task_image_run_3_wf/bold_confounds_wf/acc_msk_bin/mapflow/_acc_msk_bin0".
250528-06:03:51,982 nipype.workflow INFO:
	 [Node] Setting-up "_acc_msk_bin1" in "/work/fmriprep_25_0_wf/sub_GEO067_wf/bold_ses_t3_task_image_run_3_wf/bold_confounds_wf/acc_msk_bin/mapflow/_acc_msk_bin1".
250528-06:03:51,983 nipype.workflow INFO:
	 [Node] Setting-up "_acc_msk_bin2" in "/work/fmriprep_25_0_wf/sub_GEO067_wf/bold_ses_t3_task_image_run_3_wf/bold_confounds_wf/acc_msk_bin/mapflow/_acc_msk_bin2".
250528-06:03:52,105 nipype.workflow INFO:
	 [Node] Executing "_acc_msk_bin0" <niworkflows.interfaces.nibabel.Binarize>
250528-06:03:52,106 nipype.workflow INFO:
	 [Node] Executing "_acc_msk_bin2" <niworkflows.interfaces.nibabel.Binarize>
250528-06:03:52,116 nipype.workflow INFO:
	 [Node] Executing "_acc_msk_bin1" <niworkflows.interfaces.nibabel.Binarize>
250528-06:03:52,177 nipype.workflow INFO:
	 [Node] Finished "_acc_msk_bin2", elapsed time 0.069533s.
250528-06:03:52,186 nipype.workflow INFO:
	 [Node] Finished "_acc_msk_bin1", elapsed time 0.06828s.
250528-06:03:52,186 nipype.workflow INFO:
	 [Node] Finished "_acc_msk_bin0", elapsed time 0.079345s.
250528-06:03:54,50 nipype.workflow INFO:
	 [Node] Setting-up "_acc_msk_bin0" in "/work/fmriprep_25_0_wf/sub_GEO067_wf/bold_ses_t3_task_image_run_3_wf/bold_confounds_wf/acc_msk_bin/mapflow/_acc_msk_bin0".
250528-06:03:54,53 nipype.workflow INFO:
	 [Node] Cached "_acc_msk_bin0" - collecting precomputed outputs
250528-06:03:54,53 nipype.workflow INFO:
	 [Node] "_acc_msk_bin0" found cached.
250528-06:03:54,54 nipype.workflow INFO:
	 [Node] Setting-up "_acc_msk_bin1" in "/work/fmriprep_25_0_wf/sub_GEO067_wf/bold_ses_t3_task_image_run_3_wf/bold_confounds_wf/acc_msk_bin/mapflow/_acc_msk_bin1".
250528-06:03:54,57 nipype.workflow INFO:
	 [Node] Cached "_acc_msk_bin1" - collecting precomputed outputs
250528-06:03:54,57 nipype.workflow INFO:
	 [Node] "_acc_msk_bin1" found cached.
250528-06:03:54,57 nipype.workflow INFO:
	 [Node] Setting-up "_acc_msk_bin2" in "/work/fmriprep_25_0_wf/sub_GEO067_wf/bold_ses_t3_task_image_run_3_wf/bold_confounds_wf/acc_msk_bin/mapflow/_acc_msk_bin2".
250528-06:03:54,60 nipype.workflow INFO:
	 [Node] Cached "_acc_msk_bin2" - collecting precomputed outputs
250528-06:03:54,60 nipype.workflow INFO:
	 [Node] "_acc_msk_bin2" found cached.
250528-06:04:00,709 nipype.workflow INFO:
	 [Node] Finished "bbregister", elapsed time 34.590576s.
250528-06:04:01,996 nipype.workflow INFO:
	 [Node] Finished "epi_t1_report", elapsed time 17.908248s.
250528-06:04:02,4 nipype.workflow INFO:
	 [Node] Setting-up "fmriprep_25_0_wf.sub_GEO067_wf.bold_ses_t3_task_image_run_5_wf.bold_fit_wf.bold_reg_wf.bbreg_wf.bbregister" in "/work/fmriprep_25_0_wf/sub_GEO067_wf/bold_ses_t3_task_image_run_5_wf/bold_fit_wf/bold_reg_wf/bbreg_wf/bbregister".
250528-06:04:02,127 nipype.workflow INFO:
	 [Node] Executing "bbregister" <nipype.interfaces.freesurfer.preprocess.BBRegister>
250528-06:04:03,947 nipype.workflow INFO:
	 [Node] Setting-up "fmriprep_25_0_wf.sub_GEO067_wf.bold_ses_t3_task_image_run_4_wf.bold_fit_wf.bold_reg_wf.bbreg_wf.compare_transforms" in "/work/fmriprep_25_0_wf/sub_GEO067_wf/bold_ses_t3_task_image_run_4_wf/bold_fit_wf/bold_reg_wf/bbreg_wf/compare_transforms".
250528-06:04:03,949 nipype.workflow INFO:
	 [Node] Setting-up "fmriprep_25_0_wf.sub_GEO067_wf.bold_ses_t3_task_image_run_3_wf.bold_fit_wf.func_fit_reports_wf.ds_epi_t1_report" in "/work/fmriprep_25_0_wf/sub_GEO067_wf/bold_ses_t3_task_image_run_3_wf/bold_fit_wf/func_fit_reports_wf/ds_epi_t1_report".
250528-06:04:04,38 nipype.workflow INFO:
	 [Node] Executing "compare_transforms" <nipype.interfaces.utility.wrappers.Function>
250528-06:04:04,54 nipype.workflow INFO:
	 [Node] Finished "compare_transforms", elapsed time 0.009136s.
250528-06:04:04,63 nipype.workflow INFO:
	 [Node] Executing "ds_epi_t1_report" <fmriprep.interfaces.DerivativesDataSink>
250528-06:04:04,127 nipype.workflow INFO:
	 [Node] Finished "ds_epi_t1_report", elapsed time 0.062745s.
250528-06:04:09,986 nipype.workflow INFO:
	 [Node] Setting-up "fmriprep_25_0_wf.sub_GEO067_wf.bold_ses_t3_task_image_run_4_wf.bold_fit_wf.bold_reg_wf.bbreg_wf.concat_xfm" in "/work/fmriprep_25_0_wf/sub_GEO067_wf/bold_ses_t3_task_image_run_4_wf/bold_fit_wf/bold_reg_wf/bbreg_wf/concat_xfm".
250528-06:04:10,78 nipype.workflow INFO:
	 [Node] Executing "concat_xfm" <niworkflows.interfaces.nitransforms.ConcatenateXFMs>
250528-06:04:10,109 nipype.workflow INFO:
	 [Node] Finished "concat_xfm", elapsed time 0.029355s.
250528-06:04:13,946 nipype.workflow INFO:
	 [Node] Setting-up "fmriprep_25_0_wf.sub_GEO067_wf.bold_ses_t3_task_image_run_4_wf.bold_fit_wf.func_fit_reports_wf.t1w_boldref" in "/work/fmriprep_25_0_wf/sub_GEO067_wf/bold_ses_t3_task_image_run_4_wf/bold_fit_wf/func_fit_reports_wf/t1w_boldref".
250528-06:04:14,54 nipype.workflow INFO:
	 [Node] Executing "t1w_boldref" <niworkflows.interfaces.fixes.FixHeaderApplyTransforms>
250528-06:04:14,389 nipype.workflow INFO:
	 [Node] Setting-up "fmriprep_25_0_wf.sub_GEO067_wf.bold_ses_t3_task_image_run_4_wf.bold_confounds_wf.t1w_mask_tfm" in "/work/fmriprep_25_0_wf/sub_GEO067_wf/bold_ses_t3_task_image_run_4_wf/bold_confounds_wf/t1w_mask_tfm".
250528-06:04:14,496 nipype.workflow INFO:
	 [Node] Executing "t1w_mask_tfm" <niworkflows.interfaces.fixes.FixHeaderApplyTransforms>
250528-06:04:16,228 nipype.workflow INFO:
	 [Node] Finished "t1w_boldref", elapsed time 2.173545s.
250528-06:04:16,566 nipype.workflow INFO:
	 [Node] Setting-up "_acc_msk_tfm0" in "/work/fmriprep_25_0_wf/sub_GEO067_wf/bold_ses_t3_task_image_run_4_wf/bold_confounds_wf/acc_msk_tfm/mapflow/_acc_msk_tfm0".
250528-06:04:16,568 nipype.workflow INFO:
	 [Node] Setting-up "_acc_msk_tfm1" in "/work/fmriprep_25_0_wf/sub_GEO067_wf/bold_ses_t3_task_image_run_4_wf/bold_confounds_wf/acc_msk_tfm/mapflow/_acc_msk_tfm1".
250528-06:04:16,568 nipype.workflow INFO:
	 [Node] Setting-up "_acc_msk_tfm2" in "/work/fmriprep_25_0_wf/sub_GEO067_wf/bold_ses_t3_task_image_run_4_wf/bold_confounds_wf/acc_msk_tfm/mapflow/_acc_msk_tfm2".
250528-06:04:16,677 nipype.workflow INFO:
	 [Node] Executing "_acc_msk_tfm0" <niworkflows.interfaces.fixes.FixHeaderApplyTransforms>
250528-06:04:16,688 nipype.workflow INFO:
	 [Node] Executing "_acc_msk_tfm1" <niworkflows.interfaces.fixes.FixHeaderApplyTransforms>
250528-06:04:16,702 nipype.workflow INFO:
	 [Node] Executing "_acc_msk_tfm2" <niworkflows.interfaces.fixes.FixHeaderApplyTransforms>
250528-06:04:17,233 nipype.workflow INFO:
	 [Node] Finished "t1w_mask_tfm", elapsed time 2.736236s.
250528-06:04:17,625 nipype.workflow INFO:
	 [Node] Finished "_acc_msk_tfm2", elapsed time 0.921902s.
250528-06:04:17,838 nipype.workflow INFO:
	 [Node] Finished "_acc_msk_tfm0", elapsed time 1.159418s.
250528-06:04:17,883 nipype.workflow INFO:
	 [Node] Finished "_acc_msk_tfm1", elapsed time 1.194146s.
250528-06:04:17,997 nipype.workflow INFO:
	 [Node] Setting-up "fmriprep_25_0_wf.sub_GEO067_wf.bold_ses_t3_task_image_run_4_wf.bold_fit_wf.func_fit_reports_wf.boldref_wm" in "/work/fmriprep_25_0_wf/sub_GEO067_wf/bold_ses_t3_task_image_run_4_wf/bold_fit_wf/func_fit_reports_wf/boldref_wm".
250528-06:04:17,997 nipype.workflow INFO:
	 [Node] Setting-up "fmriprep_25_0_wf.sub_GEO067_wf.bold_ses_t3_task_image_run_4_wf.bold_confounds_wf.union_mask" in "/work/fmriprep_25_0_wf/sub_GEO067_wf/bold_ses_t3_task_image_run_4_wf/bold_confounds_wf/union_mask".
250528-06:04:18,98 nipype.workflow INFO:
	 [Node] Executing "union_mask" <nipype.interfaces.utility.wrappers.Function>
250528-06:04:18,101 nipype.workflow INFO:
	 [Node] Executing "boldref_wm" <niworkflows.interfaces.fixes.FixHeaderApplyTransforms>
250528-06:04:18,148 nipype.workflow INFO:
	 [Node] Finished "union_mask", elapsed time 0.049217s.
250528-06:04:18,671 nipype.workflow INFO:
	 [Node] Finished "boldref_wm", elapsed time 0.569207s.
250528-06:04:19,972 nipype.workflow INFO:
	 [Node] Setting-up "fmriprep_25_0_wf.sub_GEO067_wf.bold_ses_t3_task_image_run_4_wf.bold_fit_wf.func_fit_reports_wf.epi_t1_report" in "/work/fmriprep_25_0_wf/sub_GEO067_wf/bold_ses_t3_task_image_run_4_wf/bold_fit_wf/func_fit_reports_wf/epi_t1_report".
250528-06:04:19,972 nipype.workflow INFO:
	 [Node] Setting-up "fmriprep_25_0_wf.sub_GEO067_wf.bold_ses_t3_task_image_run_4_wf.bold_confounds_wf.dilated_mask" in "/work/fmriprep_25_0_wf/sub_GEO067_wf/bold_ses_t3_task_image_run_4_wf/bold_confounds_wf/dilated_mask".
250528-06:04:20,48 nipype.workflow INFO:
	 [Node] Setting-up "_acc_msk_tfm0" in "/work/fmriprep_25_0_wf/sub_GEO067_wf/bold_ses_t3_task_image_run_4_wf/bold_confounds_wf/acc_msk_tfm/mapflow/_acc_msk_tfm0".
250528-06:04:20,51 nipype.workflow INFO:
	 [Node] Cached "_acc_msk_tfm0" - collecting precomputed outputs
250528-06:04:20,51 nipype.workflow INFO:
	 [Node] "_acc_msk_tfm0" found cached.
250528-06:04:20,52 nipype.workflow INFO:
	 [Node] Setting-up "_acc_msk_tfm1" in "/work/fmriprep_25_0_wf/sub_GEO067_wf/bold_ses_t3_task_image_run_4_wf/bold_confounds_wf/acc_msk_tfm/mapflow/_acc_msk_tfm1".
250528-06:04:20,55 nipype.workflow INFO:
	 [Node] Cached "_acc_msk_tfm1" - collecting precomputed outputs
250528-06:04:20,56 nipype.workflow INFO:
	 [Node] "_acc_msk_tfm1" found cached.
250528-06:04:20,56 nipype.workflow INFO:
	 [Node] Executing "dilated_mask" <niworkflows.interfaces.morphology.BinaryDilation>
250528-06:04:20,56 nipype.workflow INFO:
	 [Node] Setting-up "_acc_msk_tfm2" in "/work/fmriprep_25_0_wf/sub_GEO067_wf/bold_ses_t3_task_image_run_4_wf/bold_confounds_wf/acc_msk_tfm/mapflow/_acc_msk_tfm2".
250528-06:04:20,59 nipype.workflow INFO:
	 [Node] Cached "_acc_msk_tfm2" - collecting precomputed outputs
250528-06:04:20,59 nipype.workflow INFO:
	 [Node] "_acc_msk_tfm2" found cached.
250528-06:04:20,67 nipype.workflow INFO:
	 [Node] Executing "epi_t1_report" <nireports.interfaces.reporting.base.SimpleBeforeAfterRPT>
250528-06:04:20,69 nipype.interface INFO:
	 Report - setting before (/out/sub-GEO067/ses-t3/func/sub-GEO067_ses-t3_task-image_run-4_desc-coreg_boldref.nii.gz) and after (/work/fmriprep_25_0_wf/sub_GEO067_wf/bold_ses_t3_task_image_run_4_wf/bold_fit_wf/func_fit_reports_wf/t1w_boldref/sub-GEO067_desc-preproc_T1w_trans.nii.gz) images
250528-06:04:20,69 nipype.interface INFO:
	 Generating visual report
250528-06:04:20,107 nipype.workflow INFO:
	 [Node] Finished "dilated_mask", elapsed time 0.050457s.
250528-06:04:22,27 nipype.workflow INFO:
	 [Node] Setting-up "fmriprep_25_0_wf.sub_GEO067_wf.bold_ses_t3_task_image_run_4_wf.bold_confounds_wf.subtract_mask" in "/work/fmriprep_25_0_wf/sub_GEO067_wf/bold_ses_t3_task_image_run_4_wf/bold_confounds_wf/subtract_mask".
250528-06:04:22,115 nipype.workflow INFO:
	 [Node] Executing "subtract_mask" <niworkflows.interfaces.morphology.BinarySubtraction>
250528-06:04:22,148 nipype.workflow INFO:
	 [Node] Finished "subtract_mask", elapsed time 0.032658s.
250528-06:04:23,997 nipype.workflow INFO:
	 [Node] Setting-up "_acc_msk_brain0" in "/work/fmriprep_25_0_wf/sub_GEO067_wf/bold_ses_t3_task_image_run_4_wf/bold_confounds_wf/acc_msk_brain/mapflow/_acc_msk_brain0".
250528-06:04:23,998 nipype.workflow INFO:
	 [Node] Setting-up "_acc_msk_brain1" in "/work/fmriprep_25_0_wf/sub_GEO067_wf/bold_ses_t3_task_image_run_4_wf/bold_confounds_wf/acc_msk_brain/mapflow/_acc_msk_brain1".
250528-06:04:23,999 nipype.workflow INFO:
	 [Node] Setting-up "_acc_msk_brain2" in "/work/fmriprep_25_0_wf/sub_GEO067_wf/bold_ses_t3_task_image_run_4_wf/bold_confounds_wf/acc_msk_brain/mapflow/_acc_msk_brain2".
250528-06:04:24,102 nipype.workflow INFO:
	 [Node] Executing "_acc_msk_brain1" <niworkflows.interfaces.nibabel.ApplyMask>
250528-06:04:24,108 nipype.workflow INFO:
	 [Node] Executing "_acc_msk_brain0" <niworkflows.interfaces.nibabel.ApplyMask>
250528-06:04:24,126 nipype.workflow INFO:
	 [Node] Executing "_acc_msk_brain2" <niworkflows.interfaces.nibabel.ApplyMask>
250528-06:04:24,180 nipype.workflow INFO:
	 [Node] Finished "_acc_msk_brain1", elapsed time 0.077189s.
250528-06:04:24,203 nipype.workflow INFO:
	 [Node] Finished "_acc_msk_brain2", elapsed time 0.076782s.
250528-06:04:24,211 nipype.workflow INFO:
	 [Node] Finished "_acc_msk_brain0", elapsed time 0.101839s.
250528-06:04:26,102 nipype.workflow INFO:
	 [Node] Setting-up "_acc_msk_brain0" in "/work/fmriprep_25_0_wf/sub_GEO067_wf/bold_ses_t3_task_image_run_4_wf/bold_confounds_wf/acc_msk_brain/mapflow/_acc_msk_brain0".
250528-06:04:26,105 nipype.workflow INFO:
	 [Node] Cached "_acc_msk_brain0" - collecting precomputed outputs
250528-06:04:26,105 nipype.workflow INFO:
	 [Node] "_acc_msk_brain0" found cached.
250528-06:04:26,106 nipype.workflow INFO:
	 [Node] Setting-up "_acc_msk_brain1" in "/work/fmriprep_25_0_wf/sub_GEO067_wf/bold_ses_t3_task_image_run_4_wf/bold_confounds_wf/acc_msk_brain/mapflow/_acc_msk_brain1".
250528-06:04:26,109 nipype.workflow INFO:
	 [Node] Cached "_acc_msk_brain1" - collecting precomputed outputs
250528-06:04:26,109 nipype.workflow INFO:
	 [Node] "_acc_msk_brain1" found cached.
250528-06:04:26,110 nipype.workflow INFO:
	 [Node] Setting-up "_acc_msk_brain2" in "/work/fmriprep_25_0_wf/sub_GEO067_wf/bold_ses_t3_task_image_run_4_wf/bold_confounds_wf/acc_msk_brain/mapflow/_acc_msk_brain2".
250528-06:04:26,113 nipype.workflow INFO:
	 [Node] Cached "_acc_msk_brain2" - collecting precomputed outputs
250528-06:04:26,113 nipype.workflow INFO:
	 [Node] "_acc_msk_brain2" found cached.
250528-06:04:27,641 nipype.workflow INFO:
	 [Node] Finished "bbregister", elapsed time 25.512542s.
250528-06:04:29,979 nipype.workflow INFO:
	 [Node] Setting-up "fmriprep_25_0_wf.sub_GEO067_wf.bold_ses_t3_task_retrans_run_1_wf.bold_fit_wf.bold_reg_wf.bbreg_wf.bbregister" in "/work/fmriprep_25_0_wf/sub_GEO067_wf/bold_ses_t3_task_retrans_run_1_wf/bold_fit_wf/bold_reg_wf/bbreg_wf/bbregister".
250528-06:04:30,112 nipype.workflow INFO:
	 [Node] Executing "bbregister" <nipype.interfaces.freesurfer.preprocess.BBRegister>
250528-06:04:30,482 nipype.workflow INFO:
	 [Node] Setting-up "_acc_msk_bin0" in "/work/fmriprep_25_0_wf/sub_GEO067_wf/bold_ses_t3_task_image_run_4_wf/bold_confounds_wf/acc_msk_bin/mapflow/_acc_msk_bin0".
250528-06:04:30,483 nipype.workflow INFO:
	 [Node] Setting-up "_acc_msk_bin1" in "/work/fmriprep_25_0_wf/sub_GEO067_wf/bold_ses_t3_task_image_run_4_wf/bold_confounds_wf/acc_msk_bin/mapflow/_acc_msk_bin1".
250528-06:04:30,483 nipype.workflow INFO:
	 [Node] Setting-up "_acc_msk_bin2" in "/work/fmriprep_25_0_wf/sub_GEO067_wf/bold_ses_t3_task_image_run_4_wf/bold_confounds_wf/acc_msk_bin/mapflow/_acc_msk_bin2".
250528-06:04:30,575 nipype.workflow INFO:
	 [Node] Executing "_acc_msk_bin0" <niworkflows.interfaces.nibabel.Binarize>
250528-06:04:30,584 nipype.workflow INFO:
	 [Node] Executing "_acc_msk_bin1" <niworkflows.interfaces.nibabel.Binarize>
250528-06:04:30,596 nipype.workflow INFO:
	 [Node] Executing "_acc_msk_bin2" <niworkflows.interfaces.nibabel.Binarize>
250528-06:04:30,656 nipype.workflow INFO:
	 [Node] Finished "_acc_msk_bin0", elapsed time 0.080311s.
250528-06:04:30,663 nipype.workflow INFO:
	 [Node] Finished "_acc_msk_bin1", elapsed time 0.077156s.
250528-06:04:30,668 nipype.workflow INFO:
	 [Node] Finished "_acc_msk_bin2", elapsed time 0.069779s.
250528-06:04:31,989 nipype.workflow INFO:
	 [Node] Setting-up "fmriprep_25_0_wf.sub_GEO067_wf.bold_ses_t3_task_image_run_5_wf.bold_fit_wf.bold_reg_wf.bbreg_wf.compare_transforms" in "/work/fmriprep_25_0_wf/sub_GEO067_wf/bold_ses_t3_task_image_run_5_wf/bold_fit_wf/bold_reg_wf/bbreg_wf/compare_transforms".
250528-06:04:32,68 nipype.workflow INFO:
	 [Node] Setting-up "_acc_msk_bin0" in "/work/fmriprep_25_0_wf/sub_GEO067_wf/bold_ses_t3_task_image_run_4_wf/bold_confounds_wf/acc_msk_bin/mapflow/_acc_msk_bin0".
250528-06:04:32,71 nipype.workflow INFO:
	 [Node] Cached "_acc_msk_bin0" - collecting precomputed outputs
250528-06:04:32,71 nipype.workflow INFO:
	 [Node] "_acc_msk_bin0" found cached.
250528-06:04:32,71 nipype.workflow INFO:
	 [Node] Setting-up "_acc_msk_bin1" in "/work/fmriprep_25_0_wf/sub_GEO067_wf/bold_ses_t3_task_image_run_4_wf/bold_confounds_wf/acc_msk_bin/mapflow/_acc_msk_bin1".
250528-06:04:32,73 nipype.workflow INFO:
	 [Node] Cached "_acc_msk_bin1" - collecting precomputed outputs
250528-06:04:32,73 nipype.workflow INFO:
	 [Node] "_acc_msk_bin1" found cached.
250528-06:04:32,74 nipype.workflow INFO:
	 [Node] Setting-up "_acc_msk_bin2" in "/work/fmriprep_25_0_wf/sub_GEO067_wf/bold_ses_t3_task_image_run_4_wf/bold_confounds_wf/acc_msk_bin/mapflow/_acc_msk_bin2".
250528-06:04:32,77 nipype.workflow INFO:
	 [Node] Cached "_acc_msk_bin2" - collecting precomputed outputs
250528-06:04:32,77 nipype.workflow INFO:
	 [Node] "_acc_msk_bin2" found cached.
250528-06:04:32,80 nipype.workflow INFO:
	 [Node] Executing "compare_transforms" <nipype.interfaces.utility.wrappers.Function>
250528-06:04:32,93 nipype.workflow INFO:
	 [Node] Finished "compare_transforms", elapsed time 0.012175s.
250528-06:04:38,36 nipype.workflow INFO:
	 [Node] Finished "epi_t1_report", elapsed time 17.968236s.
250528-06:04:38,71 nipype.workflow INFO:
	 [Node] Setting-up "fmriprep_25_0_wf.sub_GEO067_wf.bold_ses_t3_task_image_run_5_wf.bold_fit_wf.bold_reg_wf.bbreg_wf.concat_xfm" in "/work/fmriprep_25_0_wf/sub_GEO067_wf/bold_ses_t3_task_image_run_5_wf/bold_fit_wf/bold_reg_wf/bbreg_wf/concat_xfm".
250528-06:04:38,173 nipype.workflow INFO:
	 [Node] Executing "concat_xfm" <niworkflows.interfaces.nitransforms.ConcatenateXFMs>
250528-06:04:38,204 nipype.workflow INFO:
	 [Node] Finished "concat_xfm", elapsed time 0.029962s.
250528-06:04:40,654 nipype.workflow INFO:
	 [Node] Setting-up "fmriprep_25_0_wf.sub_GEO067_wf.bold_ses_t3_task_image_run_4_wf.bold_fit_wf.func_fit_reports_wf.ds_epi_t1_report" in "/work/fmriprep_25_0_wf/sub_GEO067_wf/bold_ses_t3_task_image_run_4_wf/bold_fit_wf/func_fit_reports_wf/ds_epi_t1_report".
250528-06:04:40,757 nipype.workflow INFO:
	 [Node] Executing "ds_epi_t1_report" <fmriprep.interfaces.DerivativesDataSink>
250528-06:04:40,835 nipype.workflow INFO:
	 [Node] Finished "ds_epi_t1_report", elapsed time 0.07696s.
250528-06:04:42,58 nipype.workflow INFO:
	 [Node] Setting-up "fmriprep_25_0_wf.sub_GEO067_wf.bold_ses_t3_task_image_run_5_wf.bold_fit_wf.func_fit_reports_wf.t1w_boldref" in "/work/fmriprep_25_0_wf/sub_GEO067_wf/bold_ses_t3_task_image_run_5_wf/bold_fit_wf/func_fit_reports_wf/t1w_boldref".
250528-06:04:42,172 nipype.workflow INFO:
	 [Node] Executing "t1w_boldref" <niworkflows.interfaces.fixes.FixHeaderApplyTransforms>
250528-06:04:42,556 nipype.workflow INFO:
	 [Node] Setting-up "fmriprep_25_0_wf.sub_GEO067_wf.bold_ses_t3_task_image_run_5_wf.bold_confounds_wf.t1w_mask_tfm" in "/work/fmriprep_25_0_wf/sub_GEO067_wf/bold_ses_t3_task_image_run_5_wf/bold_confounds_wf/t1w_mask_tfm".
250528-06:04:42,667 nipype.workflow INFO:
	 [Node] Executing "t1w_mask_tfm" <niworkflows.interfaces.fixes.FixHeaderApplyTransforms>
250528-06:04:43,932 nipype.workflow INFO:
	 [Node] Finished "t1w_boldref", elapsed time 1.758654s.
250528-06:04:44,490 nipype.workflow INFO:
	 [Node] Setting-up "_acc_msk_tfm0" in "/work/fmriprep_25_0_wf/sub_GEO067_wf/bold_ses_t3_task_image_run_5_wf/bold_confounds_wf/acc_msk_tfm/mapflow/_acc_msk_tfm0".
250528-06:04:44,491 nipype.workflow INFO:
	 [Node] Setting-up "_acc_msk_tfm2" in "/work/fmriprep_25_0_wf/sub_GEO067_wf/bold_ses_t3_task_image_run_5_wf/bold_confounds_wf/acc_msk_tfm/mapflow/_acc_msk_tfm2".
250528-06:04:44,491 nipype.workflow INFO:
	 [Node] Setting-up "_acc_msk_tfm1" in "/work/fmriprep_25_0_wf/sub_GEO067_wf/bold_ses_t3_task_image_run_5_wf/bold_confounds_wf/acc_msk_tfm/mapflow/_acc_msk_tfm1".
250528-06:04:44,596 nipype.workflow INFO:
	 [Node] Executing "_acc_msk_tfm0" <niworkflows.interfaces.fixes.FixHeaderApplyTransforms>
250528-06:04:44,604 nipype.workflow INFO:
	 [Node] Executing "_acc_msk_tfm1" <niworkflows.interfaces.fixes.FixHeaderApplyTransforms>
250528-06:04:44,609 nipype.workflow INFO:
	 [Node] Executing "_acc_msk_tfm2" <niworkflows.interfaces.fixes.FixHeaderApplyTransforms>
250528-06:04:45,513 nipype.workflow INFO:
	 [Node] Finished "_acc_msk_tfm0", elapsed time 0.916374s.
250528-06:04:45,589 nipype.workflow INFO:
	 [Node] Finished "_acc_msk_tfm1", elapsed time 0.984136s.
250528-06:04:45,603 nipype.workflow INFO:
	 [Node] Finished "_acc_msk_tfm2", elapsed time 0.992585s.
250528-06:04:45,912 nipype.workflow INFO:
	 [Node] Finished "t1w_mask_tfm", elapsed time 3.244247s.
250528-06:04:46,18 nipype.workflow INFO:
	 [Node] Setting-up "fmriprep_25_0_wf.sub_GEO067_wf.bold_ses_t3_task_image_run_5_wf.bold_fit_wf.func_fit_reports_wf.boldref_wm" in "/work/fmriprep_25_0_wf/sub_GEO067_wf/bold_ses_t3_task_image_run_5_wf/bold_fit_wf/func_fit_reports_wf/boldref_wm".
250528-06:04:46,129 nipype.workflow INFO:
	 [Node] Setting-up "_acc_msk_tfm0" in "/work/fmriprep_25_0_wf/sub_GEO067_wf/bold_ses_t3_task_image_run_5_wf/bold_confounds_wf/acc_msk_tfm/mapflow/_acc_msk_tfm0".
250528-06:04:46,132 nipype.workflow INFO:
	 [Node] Cached "_acc_msk_tfm0" - collecting precomputed outputs
250528-06:04:46,132 nipype.workflow INFO:
	 [Node] "_acc_msk_tfm0" found cached.
250528-06:04:46,132 nipype.workflow INFO:
	 [Node] Setting-up "_acc_msk_tfm1" in "/work/fmriprep_25_0_wf/sub_GEO067_wf/bold_ses_t3_task_image_run_5_wf/bold_confounds_wf/acc_msk_tfm/mapflow/_acc_msk_tfm1".
250528-06:04:46,136 nipype.workflow INFO:
	 [Node] Cached "_acc_msk_tfm1" - collecting precomputed outputs
250528-06:04:46,136 nipype.workflow INFO:
	 [Node] "_acc_msk_tfm1" found cached.
250528-06:04:46,136 nipype.workflow INFO:
	 [Node] Setting-up "_acc_msk_tfm2" in "/work/fmriprep_25_0_wf/sub_GEO067_wf/bold_ses_t3_task_image_run_5_wf/bold_confounds_wf/acc_msk_tfm/mapflow/_acc_msk_tfm2".
250528-06:04:46,139 nipype.workflow INFO:
	 [Node] Cached "_acc_msk_tfm2" - collecting precomputed outputs
250528-06:04:46,139 nipype.workflow INFO:
	 [Node] "_acc_msk_tfm2" found cached.
250528-06:04:46,173 nipype.workflow INFO:
	 [Node] Executing "boldref_wm" <niworkflows.interfaces.fixes.FixHeaderApplyTransforms>
250528-06:04:46,648 nipype.workflow INFO:
	 [Node] Finished "boldref_wm", elapsed time 0.473775s.
250528-06:04:48,75 nipype.workflow INFO:
	 [Node] Setting-up "fmriprep_25_0_wf.sub_GEO067_wf.bold_ses_t3_task_image_run_5_wf.bold_fit_wf.func_fit_reports_wf.epi_t1_report" in "/work/fmriprep_25_0_wf/sub_GEO067_wf/bold_ses_t3_task_image_run_5_wf/bold_fit_wf/func_fit_reports_wf/epi_t1_report".
250528-06:04:48,76 nipype.workflow INFO:
	 [Node] Setting-up "fmriprep_25_0_wf.sub_GEO067_wf.bold_ses_t3_task_image_run_5_wf.bold_confounds_wf.union_mask" in "/work/fmriprep_25_0_wf/sub_GEO067_wf/bold_ses_t3_task_image_run_5_wf/bold_confounds_wf/union_mask".
250528-06:04:48,171 nipype.workflow INFO:
	 [Node] Executing "epi_t1_report" <nireports.interfaces.reporting.base.SimpleBeforeAfterRPT>
250528-06:04:48,172 nipype.interface INFO:
	 Report - setting before (/out/sub-GEO067/ses-t3/func/sub-GEO067_ses-t3_task-image_run-5_desc-coreg_boldref.nii.gz) and after (/work/fmriprep_25_0_wf/sub_GEO067_wf/bold_ses_t3_task_image_run_5_wf/bold_fit_wf/func_fit_reports_wf/t1w_boldref/sub-GEO067_desc-preproc_T1w_trans.nii.gz) images
250528-06:04:48,172 nipype.interface INFO:
	 Generating visual report
250528-06:04:48,194 nipype.workflow INFO:
	 [Node] Executing "union_mask" <nipype.interfaces.utility.wrappers.Function>
250528-06:04:48,247 nipype.workflow INFO:
	 [Node] Finished "union_mask", elapsed time 0.052002s.
250528-06:04:50,82 nipype.workflow INFO:
	 [Node] Setting-up "fmriprep_25_0_wf.sub_GEO067_wf.bold_ses_t3_task_image_run_5_wf.bold_confounds_wf.dilated_mask" in "/work/fmriprep_25_0_wf/sub_GEO067_wf/bold_ses_t3_task_image_run_5_wf/bold_confounds_wf/dilated_mask".
250528-06:04:50,84 nipype.workflow INFO:
	 [Node] Setting-up "_acc_msk_brain0" in "/work/fmriprep_25_0_wf/sub_GEO067_wf/bold_ses_t3_task_image_run_5_wf/bold_confounds_wf/acc_msk_brain/mapflow/_acc_msk_brain0".
250528-06:04:50,86 nipype.workflow INFO:
	 [Node] Setting-up "_acc_msk_brain1" in "/work/fmriprep_25_0_wf/sub_GEO067_wf/bold_ses_t3_task_image_run_5_wf/bold_confounds_wf/acc_msk_brain/mapflow/_acc_msk_brain1".
250528-06:04:50,87 nipype.workflow INFO:
	 [Node] Setting-up "_acc_msk_brain2" in "/work/fmriprep_25_0_wf/sub_GEO067_wf/bold_ses_t3_task_image_run_5_wf/bold_confounds_wf/acc_msk_brain/mapflow/_acc_msk_brain2".
250528-06:04:50,176 nipype.workflow INFO:
	 [Node] Executing "dilated_mask" <niworkflows.interfaces.morphology.BinaryDilation>
250528-06:04:50,183 nipype.workflow INFO:
	 [Node] Executing "_acc_msk_brain0" <niworkflows.interfaces.nibabel.ApplyMask>
250528-06:04:50,201 nipype.workflow INFO:
	 [Node] Executing "_acc_msk_brain1" <niworkflows.interfaces.nibabel.ApplyMask>
250528-06:04:50,204 nipype.workflow INFO:
	 [Node] Executing "_acc_msk_brain2" <niworkflows.interfaces.nibabel.ApplyMask>
250528-06:04:50,217 nipype.workflow INFO:
	 [Node] Finished "dilated_mask", elapsed time 0.040417s.
250528-06:04:50,266 nipype.workflow INFO:
	 [Node] Finished "_acc_msk_brain1", elapsed time 0.06411s.
250528-06:04:50,271 nipype.workflow INFO:
	 [Node] Finished "_acc_msk_brain2", elapsed time 0.065924s.
250528-06:04:50,288 nipype.workflow INFO:
	 [Node] Finished "_acc_msk_brain0", elapsed time 0.103952s.
250528-06:04:52,66 nipype.workflow INFO:
	 [Node] Setting-up "fmriprep_25_0_wf.sub_GEO067_wf.bold_ses_t3_task_image_run_5_wf.bold_confounds_wf.subtract_mask" in "/work/fmriprep_25_0_wf/sub_GEO067_wf/bold_ses_t3_task_image_run_5_wf/bold_confounds_wf/subtract_mask".
250528-06:04:52,135 nipype.workflow INFO:
	 [Node] Setting-up "_acc_msk_brain0" in "/work/fmriprep_25_0_wf/sub_GEO067_wf/bold_ses_t3_task_image_run_5_wf/bold_confounds_wf/acc_msk_brain/mapflow/_acc_msk_brain0".
250528-06:04:52,139 nipype.workflow INFO:
	 [Node] Cached "_acc_msk_brain0" - collecting precomputed outputs
250528-06:04:52,139 nipype.workflow INFO:
	 [Node] "_acc_msk_brain0" found cached.
250528-06:04:52,139 nipype.workflow INFO:
	 [Node] Setting-up "_acc_msk_brain1" in "/work/fmriprep_25_0_wf/sub_GEO067_wf/bold_ses_t3_task_image_run_5_wf/bold_confounds_wf/acc_msk_brain/mapflow/_acc_msk_brain1".
250528-06:04:52,143 nipype.workflow INFO:
	 [Node] Cached "_acc_msk_brain1" - collecting precomputed outputs
250528-06:04:52,143 nipype.workflow INFO:
	 [Node] "_acc_msk_brain1" found cached.
250528-06:04:52,143 nipype.workflow INFO:
	 [Node] Setting-up "_acc_msk_brain2" in "/work/fmriprep_25_0_wf/sub_GEO067_wf/bold_ses_t3_task_image_run_5_wf/bold_confounds_wf/acc_msk_brain/mapflow/_acc_msk_brain2".
250528-06:04:52,149 nipype.workflow INFO:
	 [Node] Cached "_acc_msk_brain2" - collecting precomputed outputs
250528-06:04:52,149 nipype.workflow INFO:
	 [Node] "_acc_msk_brain2" found cached.
250528-06:04:52,164 nipype.workflow INFO:
	 [Node] Executing "subtract_mask" <niworkflows.interfaces.morphology.BinarySubtraction>
250528-06:04:52,202 nipype.workflow INFO:
	 [Node] Finished "subtract_mask", elapsed time 0.037127s.
250528-06:04:56,38 nipype.workflow INFO:
	 [Node] Setting-up "_acc_msk_bin0" in "/work/fmriprep_25_0_wf/sub_GEO067_wf/bold_ses_t3_task_image_run_5_wf/bold_confounds_wf/acc_msk_bin/mapflow/_acc_msk_bin0".
250528-06:04:56,39 nipype.workflow INFO:
	 [Node] Setting-up "_acc_msk_bin1" in "/work/fmriprep_25_0_wf/sub_GEO067_wf/bold_ses_t3_task_image_run_5_wf/bold_confounds_wf/acc_msk_bin/mapflow/_acc_msk_bin1".
250528-06:04:56,40 nipype.workflow INFO:
	 [Node] Setting-up "_acc_msk_bin2" in "/work/fmriprep_25_0_wf/sub_GEO067_wf/bold_ses_t3_task_image_run_5_wf/bold_confounds_wf/acc_msk_bin/mapflow/_acc_msk_bin2".
250528-06:04:56,141 nipype.workflow INFO:
	 [Node] Executing "_acc_msk_bin0" <niworkflows.interfaces.nibabel.Binarize>
250528-06:04:56,153 nipype.workflow INFO:
	 [Node] Executing "_acc_msk_bin1" <niworkflows.interfaces.nibabel.Binarize>
250528-06:04:56,171 nipype.workflow INFO:
	 [Node] Executing "_acc_msk_bin2" <niworkflows.interfaces.nibabel.Binarize>
250528-06:04:56,225 nipype.workflow INFO:
	 [Node] Finished "_acc_msk_bin0", elapsed time 0.083309s.
250528-06:04:56,233 nipype.workflow INFO:
	 [Node] Finished "_acc_msk_bin1", elapsed time 0.078436s.
250528-06:04:56,249 nipype.workflow INFO:
	 [Node] Finished "_acc_msk_bin2", elapsed time 0.077604s.
250528-06:04:58,127 nipype.workflow INFO:
	 [Node] Setting-up "_acc_msk_bin0" in "/work/fmriprep_25_0_wf/sub_GEO067_wf/bold_ses_t3_task_image_run_5_wf/bold_confounds_wf/acc_msk_bin/mapflow/_acc_msk_bin0".
250528-06:04:58,130 nipype.workflow INFO:
	 [Node] Cached "_acc_msk_bin0" - collecting precomputed outputs
250528-06:04:58,131 nipype.workflow INFO:
	 [Node] "_acc_msk_bin0" found cached.
250528-06:04:58,131 nipype.workflow INFO:
	 [Node] Setting-up "_acc_msk_bin1" in "/work/fmriprep_25_0_wf/sub_GEO067_wf/bold_ses_t3_task_image_run_5_wf/bold_confounds_wf/acc_msk_bin/mapflow/_acc_msk_bin1".
250528-06:04:58,137 nipype.workflow INFO:
	 [Node] Cached "_acc_msk_bin1" - collecting precomputed outputs
250528-06:04:58,137 nipype.workflow INFO:
	 [Node] "_acc_msk_bin1" found cached.
250528-06:04:58,138 nipype.workflow INFO:
	 [Node] Setting-up "_acc_msk_bin2" in "/work/fmriprep_25_0_wf/sub_GEO067_wf/bold_ses_t3_task_image_run_5_wf/bold_confounds_wf/acc_msk_bin/mapflow/_acc_msk_bin2".
250528-06:04:58,142 nipype.workflow INFO:
	 [Node] Cached "_acc_msk_bin2" - collecting precomputed outputs
250528-06:04:58,142 nipype.workflow INFO:
	 [Node] "_acc_msk_bin2" found cached.
250528-06:05:00,694 nipype.workflow INFO:
	 [Node] Finished "bbregister", elapsed time 30.581577s.
250528-06:05:02,545 nipype.workflow INFO:
	 [Node] Setting-up "fmriprep_25_0_wf.sub_GEO067_wf.anat_fit_wf.register_template_wf.registration" in "/work/fmriprep_25_0_wf/sub_GEO067_wf/anat_fit_wf/register_template_wf/_template_MNI152NLin2009cAsym/registration".
250528-06:05:02,741 nipype.workflow INFO:
	 [Node] Executing "registration" <niworkflows.interfaces.norm.SpatialNormalization>
250528-06:05:05,891 nipype.workflow INFO:
	 [Node] Finished "epi_t1_report", elapsed time 17.718729s.
250528-06:05:08,92 nipype.workflow INFO:
	 [Node] Setting-up "fmriprep_25_0_wf.sub_GEO067_wf.bold_ses_t3_task_retrans_run_1_wf.bold_fit_wf.bold_reg_wf.bbreg_wf.compare_transforms" in "/work/fmriprep_25_0_wf/sub_GEO067_wf/bold_ses_t3_task_retrans_run_1_wf/bold_fit_wf/bold_reg_wf/bbreg_wf/compare_transforms".
250528-06:05:08,192 nipype.workflow INFO:
	 [Node] Executing "compare_transforms" <nipype.interfaces.utility.wrappers.Function>
250528-06:05:08,202 nipype.workflow INFO:
	 [Node] Finished "compare_transforms", elapsed time 0.008958s.
250528-06:05:11,94 nipype.workflow INFO:
	 [Node] Setting-up "fmriprep_25_0_wf.sub_GEO067_wf.bold_ses_t3_task_image_run_5_wf.bold_fit_wf.func_fit_reports_wf.ds_epi_t1_report" in "/work/fmriprep_25_0_wf/sub_GEO067_wf/bold_ses_t3_task_image_run_5_wf/bold_fit_wf/func_fit_reports_wf/ds_epi_t1_report".
250528-06:05:11,259 nipype.workflow INFO:
	 [Node] Executing "ds_epi_t1_report" <fmriprep.interfaces.DerivativesDataSink>
250528-06:05:11,357 nipype.workflow INFO:
	 [Node] Finished "ds_epi_t1_report", elapsed time 0.096866s.
250528-06:05:13,141 nipype.workflow INFO:
	 [Node] Setting-up "fmriprep_25_0_wf.sub_GEO067_wf.bold_ses_t2_task_image_run_1_wf.bold_confounds_wf.acompcor" in "/work/fmriprep_25_0_wf/sub_GEO067_wf/bold_ses_t2_task_image_run_1_wf/bold_confounds_wf/acompcor".
250528-06:05:13,305 nipype.workflow INFO:
	 [Node] Executing "acompcor" <niworkflows.interfaces.patches.RobustACompCor>
250528-06:05:19,352 nipype.workflow INFO:
	 [Node] Finished "acompcor", elapsed time 6.045405s.
250528-06:05:20,89 nipype.workflow INFO:
	 [Node] Setting-up "fmriprep_25_0_wf.sub_GEO067_wf.bold_ses_t3_task_retrans_run_1_wf.bold_fit_wf.bold_reg_wf.bbreg_wf.concat_xfm" in "/work/fmriprep_25_0_wf/sub_GEO067_wf/bold_ses_t3_task_retrans_run_1_wf/bold_fit_wf/bold_reg_wf/bbreg_wf/concat_xfm".
250528-06:05:20,288 nipype.workflow INFO:
	 [Node] Executing "concat_xfm" <niworkflows.interfaces.nitransforms.ConcatenateXFMs>
250528-06:05:20,330 nipype.workflow INFO:
	 [Node] Finished "concat_xfm", elapsed time 0.038879s.
250528-06:05:22,671 nipype.workflow INFO:
	 [Node] Setting-up "fmriprep_25_0_wf.sub_GEO067_wf.bold_ses_t2_task_image_run_2_wf.bold_confounds_wf.acompcor" in "/work/fmriprep_25_0_wf/sub_GEO067_wf/bold_ses_t2_task_image_run_2_wf/bold_confounds_wf/acompcor".
250528-06:05:22,825 nipype.workflow INFO:
	 [Node] Executing "acompcor" <niworkflows.interfaces.patches.RobustACompCor>
250528-06:05:28,700 nipype.workflow INFO:
	 [Node] Finished "acompcor", elapsed time 5.87365s.
250528-06:05:30,78 nipype.workflow INFO:
	 [Node] Setting-up "fmriprep_25_0_wf.sub_GEO067_wf.bold_ses_t3_task_retrans_run_1_wf.bold_fit_wf.func_fit_reports_wf.t1w_boldref" in "/work/fmriprep_25_0_wf/sub_GEO067_wf/bold_ses_t3_task_retrans_run_1_wf/bold_fit_wf/func_fit_reports_wf/t1w_boldref".
250528-06:05:30,454 nipype.workflow INFO:
	 [Node] Executing "t1w_boldref" <niworkflows.interfaces.fixes.FixHeaderApplyTransforms>
250528-06:05:32,506 nipype.workflow INFO:
	 [Node] Finished "t1w_boldref", elapsed time 2.050909s.
250528-06:05:34,87 nipype.workflow INFO:
	 [Node] Setting-up "fmriprep_25_0_wf.sub_GEO067_wf.bold_ses_t3_task_retrans_run_1_wf.bold_fit_wf.func_fit_reports_wf.boldref_wm" in "/work/fmriprep_25_0_wf/sub_GEO067_wf/bold_ses_t3_task_retrans_run_1_wf/bold_fit_wf/func_fit_reports_wf/boldref_wm".
250528-06:05:34,238 nipype.workflow INFO:
	 [Node] Executing "boldref_wm" <niworkflows.interfaces.fixes.FixHeaderApplyTransforms>
250528-06:05:34,769 nipype.workflow INFO:
	 [Node] Finished "boldref_wm", elapsed time 0.529899s.
250528-06:05:36,591 nipype.workflow INFO:
	 [Node] Setting-up "fmriprep_25_0_wf.sub_GEO067_wf.bold_ses_t3_task_retrans_run_1_wf.bold_confounds_wf.t1w_mask_tfm" in "/work/fmriprep_25_0_wf/sub_GEO067_wf/bold_ses_t3_task_retrans_run_1_wf/bold_confounds_wf/t1w_mask_tfm".
250528-06:05:36,745 nipype.workflow INFO:
	 [Node] Executing "t1w_mask_tfm" <niworkflows.interfaces.fixes.FixHeaderApplyTransforms>
250528-06:05:39,829 nipype.workflow INFO:
	 [Node] Finished "t1w_mask_tfm", elapsed time 3.082284s.
250528-06:05:42,78 nipype.workflow INFO:
	 [Node] Setting-up "fmriprep_25_0_wf.sub_GEO067_wf.bold_ses_t3_task_retrans_run_1_wf.bold_fit_wf.func_fit_reports_wf.epi_t1_report" in "/work/fmriprep_25_0_wf/sub_GEO067_wf/bold_ses_t3_task_retrans_run_1_wf/bold_fit_wf/func_fit_reports_wf/epi_t1_report".
250528-06:05:42,179 nipype.workflow INFO:
	 [Node] Executing "epi_t1_report" <nireports.interfaces.reporting.base.SimpleBeforeAfterRPT>
250528-06:05:42,180 nipype.interface INFO:
	 Report - setting before (/out/sub-GEO067/ses-t3/func/sub-GEO067_ses-t3_task-retrans_run-1_desc-coreg_boldref.nii.gz) and after (/work/fmriprep_25_0_wf/sub_GEO067_wf/bold_ses_t3_task_retrans_run_1_wf/bold_fit_wf/func_fit_reports_wf/t1w_boldref/sub-GEO067_desc-preproc_T1w_trans.nii.gz) images
250528-06:05:42,180 nipype.interface INFO:
	 Generating visual report
250528-06:06:01,525 nipype.workflow INFO:
	 [Node] Finished "epi_t1_report", elapsed time 19.345036s.
250528-06:06:02,676 nipype.workflow INFO:
	 [Node] Setting-up "fmriprep_25_0_wf.sub_GEO067_wf.bold_ses_t3_task_retrans_run_1_wf.bold_confounds_wf.union_mask" in "/work/fmriprep_25_0_wf/sub_GEO067_wf/bold_ses_t3_task_retrans_run_1_wf/bold_confounds_wf/union_mask".
250528-06:06:02,812 nipype.workflow INFO:
	 [Node] Executing "union_mask" <nipype.interfaces.utility.wrappers.Function>
250528-06:06:02,867 nipype.workflow INFO:
	 [Node] Finished "union_mask", elapsed time 0.05313s.
250528-06:06:04,113 nipype.workflow INFO:
	 [Node] Setting-up "fmriprep_25_0_wf.sub_GEO067_wf.bold_ses_t3_task_retrans_run_1_wf.bold_fit_wf.func_fit_reports_wf.ds_epi_t1_report" in "/work/fmriprep_25_0_wf/sub_GEO067_wf/bold_ses_t3_task_retrans_run_1_wf/bold_fit_wf/func_fit_reports_wf/ds_epi_t1_report".
250528-06:06:04,266 nipype.workflow INFO:
	 [Node] Executing "ds_epi_t1_report" <fmriprep.interfaces.DerivativesDataSink>
250528-06:06:04,355 nipype.workflow INFO:
	 [Node] Finished "ds_epi_t1_report", elapsed time 0.088006s.
250528-06:06:06,133 nipype.workflow INFO:
	 [Node] Setting-up "fmriprep_25_0_wf.sub_GEO067_wf.bold_ses_t3_task_retrans_run_1_wf.bold_confounds_wf.dilated_mask" in "/work/fmriprep_25_0_wf/sub_GEO067_wf/bold_ses_t3_task_retrans_run_1_wf/bold_confounds_wf/dilated_mask".
250528-06:06:06,264 nipype.workflow INFO:
	 [Node] Executing "dilated_mask" <niworkflows.interfaces.morphology.BinaryDilation>
250528-06:06:06,326 nipype.workflow INFO:
	 [Node] Finished "dilated_mask", elapsed time 0.060417s.
250528-06:06:08,113 nipype.workflow INFO:
	 [Node] Setting-up "fmriprep_25_0_wf.sub_GEO067_wf.bold_ses_t2_task_image_run_3_wf.bold_confounds_wf.acompcor" in "/work/fmriprep_25_0_wf/sub_GEO067_wf/bold_ses_t2_task_image_run_3_wf/bold_confounds_wf/acompcor".
250528-06:06:08,310 nipype.workflow INFO:
	 [Node] Executing "acompcor" <niworkflows.interfaces.patches.RobustACompCor>
250528-06:06:14,203 nipype.workflow INFO:
	 [Node] Finished "acompcor", elapsed time 5.892389s.
250528-06:06:16,118 nipype.workflow INFO:
	 [Node] Setting-up "fmriprep_25_0_wf.sub_GEO067_wf.bold_ses_t2_task_image_run_4_wf.bold_confounds_wf.acompcor" in "/work/fmriprep_25_0_wf/sub_GEO067_wf/bold_ses_t2_task_image_run_4_wf/bold_confounds_wf/acompcor".
250528-06:06:16,372 nipype.workflow INFO:
	 [Node] Executing "acompcor" <niworkflows.interfaces.patches.RobustACompCor>
250528-06:06:22,582 nipype.workflow INFO:
	 [Node] Finished "acompcor", elapsed time 6.201529s.
250528-06:06:24,130 nipype.workflow INFO:
	 [Node] Setting-up "fmriprep_25_0_wf.sub_GEO067_wf.bold_ses_t2_task_image_run_5_wf.bold_confounds_wf.acompcor" in "/work/fmriprep_25_0_wf/sub_GEO067_wf/bold_ses_t2_task_image_run_5_wf/bold_confounds_wf/acompcor".
250528-06:06:24,372 nipype.workflow INFO:
	 [Node] Executing "acompcor" <niworkflows.interfaces.patches.RobustACompCor>
250528-06:06:30,515 nipype.workflow INFO:
	 [Node] Finished "acompcor", elapsed time 6.141585s.
250528-06:06:32,140 nipype.workflow INFO:
	 [Node] Setting-up "fmriprep_25_0_wf.sub_GEO067_wf.bold_ses_t3_task_image_run_1_wf.bold_confounds_wf.acompcor" in "/work/fmriprep_25_0_wf/sub_GEO067_wf/bold_ses_t3_task_image_run_1_wf/bold_confounds_wf/acompcor".
250528-06:06:32,423 nipype.workflow INFO:
	 [Node] Executing "acompcor" <niworkflows.interfaces.patches.RobustACompCor>
250528-06:06:38,410 nipype.workflow INFO:
	 [Node] Finished "acompcor", elapsed time 5.985444s.
250528-06:06:40,119 nipype.workflow INFO:
	 [Node] Setting-up "fmriprep_25_0_wf.sub_GEO067_wf.bold_ses_t3_task_image_run_2_wf.bold_confounds_wf.acompcor" in "/work/fmriprep_25_0_wf/sub_GEO067_wf/bold_ses_t3_task_image_run_2_wf/bold_confounds_wf/acompcor".
250528-06:06:40,389 nipype.workflow INFO:
	 [Node] Executing "acompcor" <niworkflows.interfaces.patches.RobustACompCor>
250528-06:06:50,806 nipype.workflow INFO:
	 [Node] Finished "acompcor", elapsed time 10.415582s.
250528-06:06:52,133 nipype.workflow INFO:
	 [Node] Setting-up "fmriprep_25_0_wf.sub_GEO067_wf.bold_ses_t3_task_image_run_3_wf.bold_confounds_wf.acompcor" in "/work/fmriprep_25_0_wf/sub_GEO067_wf/bold_ses_t3_task_image_run_3_wf/bold_confounds_wf/acompcor".
250528-06:06:52,370 nipype.workflow INFO:
	 [Node] Executing "acompcor" <niworkflows.interfaces.patches.RobustACompCor>
250528-06:06:58,843 nipype.workflow INFO:
	 [Node] Finished "acompcor", elapsed time 6.471802s.
250528-06:07:00,139 nipype.workflow INFO:
	 [Node] Setting-up "fmriprep_25_0_wf.sub_GEO067_wf.bold_ses_t3_task_image_run_4_wf.bold_confounds_wf.acompcor" in "/work/fmriprep_25_0_wf/sub_GEO067_wf/bold_ses_t3_task_image_run_4_wf/bold_confounds_wf/acompcor".
250528-06:07:00,414 nipype.workflow INFO:
	 [Node] Executing "acompcor" <niworkflows.interfaces.patches.RobustACompCor>
250528-06:07:06,492 nipype.workflow INFO:
	 [Node] Finished "acompcor", elapsed time 6.07709s.
250528-06:07:08,160 nipype.workflow INFO:
	 [Node] Setting-up "fmriprep_25_0_wf.sub_GEO067_wf.bold_ses_t3_task_image_run_5_wf.bold_confounds_wf.acompcor" in "/work/fmriprep_25_0_wf/sub_GEO067_wf/bold_ses_t3_task_image_run_5_wf/bold_confounds_wf/acompcor".
250528-06:07:08,572 nipype.workflow INFO:
	 [Node] Executing "acompcor" <niworkflows.interfaces.patches.RobustACompCor>
250528-06:07:14,825 nipype.workflow INFO:
	 [Node] Finished "acompcor", elapsed time 6.251654s.
250528-06:07:16,174 nipype.workflow INFO:
	 [Node] Setting-up "fmriprep_25_0_wf.sub_GEO067_wf.bold_ses_t3_task_retrans_run_1_wf.bold_confounds_wf.subtract_mask" in "/work/fmriprep_25_0_wf/sub_GEO067_wf/bold_ses_t3_task_retrans_run_1_wf/bold_confounds_wf/subtract_mask".
250528-06:07:16,375 nipype.workflow INFO:
	 [Node] Executing "subtract_mask" <niworkflows.interfaces.morphology.BinarySubtraction>
250528-06:07:16,502 nipype.workflow INFO:
	 [Node] Finished "subtract_mask", elapsed time 0.125969s.
250528-06:07:18,170 nipype.workflow INFO:
	 [Node] Setting-up "fmriprep_25_0_wf.sub_GEO067_wf.bold_ses_t2_task_image_run_1_wf.bold_confounds_wf.crowncompcor" in "/work/fmriprep_25_0_wf/sub_GEO067_wf/bold_ses_t2_task_image_run_1_wf/bold_confounds_wf/crowncompcor".
250528-06:07:18,359 nipype.workflow INFO:
	 [Node] Executing "crowncompcor" <niworkflows.interfaces.patches.RobustACompCor>
250528-06:07:26,208 nipype.workflow INFO:
	 [Node] Finished "crowncompcor", elapsed time 7.847383s.
250528-06:07:28,129 nipype.workflow INFO:
	 [Node] Setting-up "fmriprep_25_0_wf.sub_GEO067_wf.bold_ses_t2_task_image_run_1_wf.bold_confounds_wf.rename_acompcor" in "/work/fmriprep_25_0_wf/sub_GEO067_wf/bold_ses_t2_task_image_run_1_wf/bold_confounds_wf/rename_acompcor".
250528-06:07:28,242 nipype.workflow INFO:
	 [Node] Executing "rename_acompcor" <fmriprep.interfaces.confounds.RenameACompCor>
250528-06:07:28,446 nipype.workflow INFO:
	 [Node] Finished "rename_acompcor", elapsed time 0.203313s.
250528-06:07:30,167 nipype.workflow INFO:
	 [Node] Setting-up "fmriprep_25_0_wf.sub_GEO067_wf.bold_ses_t2_task_image_run_1_wf.bold_confounds_wf.signals" in "/work/fmriprep_25_0_wf/sub_GEO067_wf/bold_ses_t2_task_image_run_1_wf/bold_confounds_wf/signals".
250528-06:07:30,321 nipype.workflow INFO:
	 [Node] Executing "signals" <niworkflows.interfaces.images.SignalExtraction>
250528-06:07:36,690 nipype.workflow INFO:
	 [Node] Finished "signals", elapsed time 6.365908s.
250528-06:07:38,180 nipype.workflow INFO:
	 [Node] Setting-up "fmriprep_25_0_wf.sub_GEO067_wf.bold_ses_t2_task_image_run_2_wf.bold_confounds_wf.crowncompcor" in "/work/fmriprep_25_0_wf/sub_GEO067_wf/bold_ses_t2_task_image_run_2_wf/bold_confounds_wf/crowncompcor".
250528-06:07:38,399 nipype.workflow INFO:
	 [Node] Executing "crowncompcor" <niworkflows.interfaces.patches.RobustACompCor>
250528-06:07:46,471 nipype.workflow INFO:
	 [Node] Finished "crowncompcor", elapsed time 8.070326s.
250528-06:07:48,176 nipype.workflow INFO:
	 [Node] Setting-up "fmriprep_25_0_wf.sub_GEO067_wf.bold_ses_t2_task_image_run_2_wf.bold_confounds_wf.rename_acompcor" in "/work/fmriprep_25_0_wf/sub_GEO067_wf/bold_ses_t2_task_image_run_2_wf/bold_confounds_wf/rename_acompcor".
250528-06:07:48,343 nipype.workflow INFO:
	 [Node] Executing "rename_acompcor" <fmriprep.interfaces.confounds.RenameACompCor>
250528-06:07:48,521 nipype.workflow INFO:
	 [Node] Finished "rename_acompcor", elapsed time 0.176376s.
250528-06:07:50,229 nipype.workflow INFO:
	 [Node] Setting-up "fmriprep_25_0_wf.sub_GEO067_wf.bold_ses_t2_task_image_run_2_wf.bold_confounds_wf.signals" in "/work/fmriprep_25_0_wf/sub_GEO067_wf/bold_ses_t2_task_image_run_2_wf/bold_confounds_wf/signals".
250528-06:07:50,381 nipype.workflow INFO:
	 [Node] Executing "signals" <niworkflows.interfaces.images.SignalExtraction>
250528-06:07:56,852 nipype.workflow INFO:
	 [Node] Finished "signals", elapsed time 6.470602s.
250528-06:07:58,163 nipype.workflow INFO:
	 [Node] Setting-up "fmriprep_25_0_wf.sub_GEO067_wf.bold_ses_t2_task_image_run_3_wf.bold_confounds_wf.crowncompcor" in "/work/fmriprep_25_0_wf/sub_GEO067_wf/bold_ses_t2_task_image_run_3_wf/bold_confounds_wf/crowncompcor".
250528-06:07:58,329 nipype.workflow INFO:
	 [Node] Executing "crowncompcor" <niworkflows.interfaces.patches.RobustACompCor>
250528-06:08:07,580 nipype.workflow INFO:
	 [Node] Finished "crowncompcor", elapsed time 9.249599s.
250528-06:08:08,147 nipype.workflow INFO:
	 [Node] Setting-up "fmriprep_25_0_wf.sub_GEO067_wf.bold_ses_t2_task_image_run_3_wf.bold_confounds_wf.rename_acompcor" in "/work/fmriprep_25_0_wf/sub_GEO067_wf/bold_ses_t2_task_image_run_3_wf/bold_confounds_wf/rename_acompcor".
250528-06:08:08,386 nipype.workflow INFO:
	 [Node] Executing "rename_acompcor" <fmriprep.interfaces.confounds.RenameACompCor>
250528-06:08:08,684 nipype.workflow INFO:
	 [Node] Finished "rename_acompcor", elapsed time 0.296655s.
250528-06:08:10,190 nipype.workflow INFO:
	 [Node] Setting-up "fmriprep_25_0_wf.sub_GEO067_wf.bold_ses_t2_task_image_run_3_wf.bold_confounds_wf.signals" in "/work/fmriprep_25_0_wf/sub_GEO067_wf/bold_ses_t2_task_image_run_3_wf/bold_confounds_wf/signals".
250528-06:08:10,361 nipype.workflow INFO:
	 [Node] Executing "signals" <niworkflows.interfaces.images.SignalExtraction>
250528-06:08:16,898 nipype.workflow INFO:
	 [Node] Finished "signals", elapsed time 6.536455s.
250528-06:08:18,357 nipype.workflow INFO:
	 [Node] Setting-up "fmriprep_25_0_wf.sub_GEO067_wf.bold_ses_t2_task_image_run_4_wf.bold_confounds_wf.crowncompcor" in "/work/fmriprep_25_0_wf/sub_GEO067_wf/bold_ses_t2_task_image_run_4_wf/bold_confounds_wf/crowncompcor".
250528-06:08:18,514 nipype.workflow INFO:
	 [Node] Executing "crowncompcor" <niworkflows.interfaces.patches.RobustACompCor>
250528-06:08:27,738 nipype.workflow INFO:
	 [Node] Finished "crowncompcor", elapsed time 9.22273s.
250528-06:08:30,222 nipype.workflow INFO:
	 [Node] Setting-up "fmriprep_25_0_wf.sub_GEO067_wf.bold_ses_t2_task_image_run_4_wf.bold_confounds_wf.rename_acompcor" in "/work/fmriprep_25_0_wf/sub_GEO067_wf/bold_ses_t2_task_image_run_4_wf/bold_confounds_wf/rename_acompcor".
250528-06:08:30,749 nipype.workflow INFO:
	 [Node] Executing "rename_acompcor" <fmriprep.interfaces.confounds.RenameACompCor>
250528-06:08:30,900 nipype.workflow INFO:
	 [Node] Finished "rename_acompcor", elapsed time 0.149707s.
250528-06:08:32,212 nipype.workflow INFO:
	 [Node] Setting-up "fmriprep_25_0_wf.sub_GEO067_wf.bold_ses_t2_task_image_run_4_wf.bold_confounds_wf.signals" in "/work/fmriprep_25_0_wf/sub_GEO067_wf/bold_ses_t2_task_image_run_4_wf/bold_confounds_wf/signals".
250528-06:08:32,534 nipype.workflow INFO:
	 [Node] Executing "signals" <niworkflows.interfaces.images.SignalExtraction>
250528-06:08:38,891 nipype.workflow INFO:
	 [Node] Finished "signals", elapsed time 6.355753s.
250528-06:08:40,305 nipype.workflow INFO:
	 [Node] Setting-up "fmriprep_25_0_wf.sub_GEO067_wf.bold_ses_t2_task_image_run_5_wf.bold_confounds_wf.crowncompcor" in "/work/fmriprep_25_0_wf/sub_GEO067_wf/bold_ses_t2_task_image_run_5_wf/bold_confounds_wf/crowncompcor".
250528-06:08:40,503 nipype.workflow INFO:
	 [Node] Executing "crowncompcor" <niworkflows.interfaces.patches.RobustACompCor>
250528-06:08:48,899 nipype.workflow INFO:
	 [Node] Finished "crowncompcor", elapsed time 8.39472s.
250528-06:08:50,222 nipype.workflow INFO:
	 [Node] Setting-up "fmriprep_25_0_wf.sub_GEO067_wf.bold_ses_t2_task_image_run_5_wf.bold_confounds_wf.rename_acompcor" in "/work/fmriprep_25_0_wf/sub_GEO067_wf/bold_ses_t2_task_image_run_5_wf/bold_confounds_wf/rename_acompcor".
250528-06:08:50,336 nipype.workflow INFO:
	 [Node] Executing "rename_acompcor" <fmriprep.interfaces.confounds.RenameACompCor>
250528-06:08:50,538 nipype.workflow INFO:
	 [Node] Finished "rename_acompcor", elapsed time 0.200357s.
250528-06:08:52,332 nipype.workflow INFO:
	 [Node] Setting-up "fmriprep_25_0_wf.sub_GEO067_wf.bold_ses_t2_task_image_run_5_wf.bold_confounds_wf.signals" in "/work/fmriprep_25_0_wf/sub_GEO067_wf/bold_ses_t2_task_image_run_5_wf/bold_confounds_wf/signals".
250528-06:08:52,553 nipype.workflow INFO:
	 [Node] Executing "signals" <niworkflows.interfaces.images.SignalExtraction>
250528-06:08:59,18 nipype.workflow INFO:
	 [Node] Finished "signals", elapsed time 6.464097s.
250528-06:09:00,244 nipype.workflow INFO:
	 [Node] Setting-up "fmriprep_25_0_wf.sub_GEO067_wf.bold_ses_t3_task_image_run_1_wf.bold_confounds_wf.crowncompcor" in "/work/fmriprep_25_0_wf/sub_GEO067_wf/bold_ses_t3_task_image_run_1_wf/bold_confounds_wf/crowncompcor".
250528-06:09:00,392 nipype.workflow INFO:
	 [Node] Executing "crowncompcor" <niworkflows.interfaces.patches.RobustACompCor>
250528-06:09:09,633 nipype.workflow INFO:
	 [Node] Finished "crowncompcor", elapsed time 9.239643s.
250528-06:09:12,255 nipype.workflow INFO:
	 [Node] Setting-up "fmriprep_25_0_wf.sub_GEO067_wf.bold_ses_t3_task_image_run_1_wf.bold_confounds_wf.rename_acompcor" in "/work/fmriprep_25_0_wf/sub_GEO067_wf/bold_ses_t3_task_image_run_1_wf/bold_confounds_wf/rename_acompcor".
250528-06:09:12,368 nipype.workflow INFO:
	 [Node] Executing "rename_acompcor" <fmriprep.interfaces.confounds.RenameACompCor>
250528-06:09:12,553 nipype.workflow INFO:
	 [Node] Finished "rename_acompcor", elapsed time 0.183754s.
250528-06:09:14,259 nipype.workflow INFO:
	 [Node] Setting-up "fmriprep_25_0_wf.sub_GEO067_wf.bold_ses_t3_task_image_run_1_wf.bold_confounds_wf.signals" in "/work/fmriprep_25_0_wf/sub_GEO067_wf/bold_ses_t3_task_image_run_1_wf/bold_confounds_wf/signals".
250528-06:09:14,425 nipype.workflow INFO:
	 [Node] Executing "signals" <niworkflows.interfaces.images.SignalExtraction>
250528-06:09:21,173 nipype.workflow INFO:
	 [Node] Finished "signals", elapsed time 6.746828s.
250528-06:09:22,263 nipype.workflow INFO:
	 [Node] Setting-up "fmriprep_25_0_wf.sub_GEO067_wf.bold_ses_t3_task_image_run_2_wf.bold_confounds_wf.crowncompcor" in "/work/fmriprep_25_0_wf/sub_GEO067_wf/bold_ses_t3_task_image_run_2_wf/bold_confounds_wf/crowncompcor".
250528-06:09:22,657 nipype.workflow INFO:
	 [Node] Executing "crowncompcor" <niworkflows.interfaces.patches.RobustACompCor>
250528-06:09:35,511 nipype.workflow INFO:
	 [Node] Finished "crowncompcor", elapsed time 12.852598s.
250528-06:09:36,256 nipype.workflow INFO:
	 [Node] Setting-up "fmriprep_25_0_wf.sub_GEO067_wf.bold_ses_t3_task_image_run_2_wf.bold_confounds_wf.rename_acompcor" in "/work/fmriprep_25_0_wf/sub_GEO067_wf/bold_ses_t3_task_image_run_2_wf/bold_confounds_wf/rename_acompcor".
250528-06:09:36,798 nipype.workflow INFO:
	 [Node] Executing "rename_acompcor" <fmriprep.interfaces.confounds.RenameACompCor>
250528-06:09:37,39 nipype.workflow INFO:
	 [Node] Finished "rename_acompcor", elapsed time 0.236344s.
250528-06:09:38,339 nipype.workflow INFO:
	 [Node] Setting-up "fmriprep_25_0_wf.sub_GEO067_wf.bold_ses_t3_task_image_run_2_wf.bold_confounds_wf.signals" in "/work/fmriprep_25_0_wf/sub_GEO067_wf/bold_ses_t3_task_image_run_2_wf/bold_confounds_wf/signals".
250528-06:09:38,528 nipype.workflow INFO:
	 [Node] Executing "signals" <niworkflows.interfaces.images.SignalExtraction>
250528-06:09:44,864 nipype.workflow INFO:
	 [Node] Finished "signals", elapsed time 6.334859s.
250528-06:09:46,499 nipype.workflow INFO:
	 [Node] Setting-up "fmriprep_25_0_wf.sub_GEO067_wf.bold_ses_t3_task_image_run_3_wf.bold_confounds_wf.crowncompcor" in "/work/fmriprep_25_0_wf/sub_GEO067_wf/bold_ses_t3_task_image_run_3_wf/bold_confounds_wf/crowncompcor".
250528-06:09:46,675 nipype.workflow INFO:
	 [Node] Executing "crowncompcor" <niworkflows.interfaces.patches.RobustACompCor>
250528-06:09:55,639 nipype.workflow INFO:
	 [Node] Finished "crowncompcor", elapsed time 8.962248s.
250528-06:09:56,242 nipype.workflow INFO:
	 [Node] Setting-up "fmriprep_25_0_wf.sub_GEO067_wf.bold_ses_t3_task_image_run_3_wf.bold_confounds_wf.rename_acompcor" in "/work/fmriprep_25_0_wf/sub_GEO067_wf/bold_ses_t3_task_image_run_3_wf/bold_confounds_wf/rename_acompcor".
250528-06:09:56,369 nipype.workflow INFO:
	 [Node] Executing "rename_acompcor" <fmriprep.interfaces.confounds.RenameACompCor>
250528-06:09:56,579 nipype.workflow INFO:
	 [Node] Finished "rename_acompcor", elapsed time 0.206936s.
250528-06:09:58,335 nipype.workflow INFO:
	 [Node] Setting-up "fmriprep_25_0_wf.sub_GEO067_wf.bold_ses_t3_task_image_run_3_wf.bold_confounds_wf.signals" in "/work/fmriprep_25_0_wf/sub_GEO067_wf/bold_ses_t3_task_image_run_3_wf/bold_confounds_wf/signals".
250528-06:09:59,2 nipype.workflow INFO:
	 [Node] Executing "signals" <niworkflows.interfaces.images.SignalExtraction>
250528-06:10:05,682 nipype.workflow INFO:
	 [Node] Finished "signals", elapsed time 6.677954s.
250528-06:10:06,300 nipype.workflow INFO:
	 [Node] Setting-up "fmriprep_25_0_wf.sub_GEO067_wf.bold_ses_t3_task_image_run_4_wf.bold_confounds_wf.crowncompcor" in "/work/fmriprep_25_0_wf/sub_GEO067_wf/bold_ses_t3_task_image_run_4_wf/bold_confounds_wf/crowncompcor".
250528-06:10:06,469 nipype.workflow INFO:
	 [Node] Executing "crowncompcor" <niworkflows.interfaces.patches.RobustACompCor>
250528-06:10:15,770 nipype.workflow INFO:
	 [Node] Finished "crowncompcor", elapsed time 9.299686s.
250528-06:10:16,311 nipype.workflow INFO:
	 [Node] Setting-up "fmriprep_25_0_wf.sub_GEO067_wf.bold_ses_t3_task_image_run_4_wf.bold_confounds_wf.rename_acompcor" in "/work/fmriprep_25_0_wf/sub_GEO067_wf/bold_ses_t3_task_image_run_4_wf/bold_confounds_wf/rename_acompcor".
250528-06:10:16,466 nipype.workflow INFO:
	 [Node] Executing "rename_acompcor" <fmriprep.interfaces.confounds.RenameACompCor>
250528-06:10:16,656 nipype.workflow INFO:
	 [Node] Finished "rename_acompcor", elapsed time 0.188772s.
250528-06:10:18,491 nipype.workflow INFO:
	 [Node] Setting-up "fmriprep_25_0_wf.sub_GEO067_wf.bold_ses_t3_task_image_run_4_wf.bold_confounds_wf.signals" in "/work/fmriprep_25_0_wf/sub_GEO067_wf/bold_ses_t3_task_image_run_4_wf/bold_confounds_wf/signals".
250528-06:10:18,725 nipype.workflow INFO:
	 [Node] Executing "signals" <niworkflows.interfaces.images.SignalExtraction>
250528-06:10:25,158 nipype.workflow INFO:
	 [Node] Finished "signals", elapsed time 6.431248s.
250528-06:10:26,282 nipype.workflow INFO:
	 [Node] Setting-up "fmriprep_25_0_wf.sub_GEO067_wf.bold_ses_t3_task_image_run_5_wf.bold_confounds_wf.crowncompcor" in "/work/fmriprep_25_0_wf/sub_GEO067_wf/bold_ses_t3_task_image_run_5_wf/bold_confounds_wf/crowncompcor".
250528-06:10:26,459 nipype.workflow INFO:
	 [Node] Executing "crowncompcor" <niworkflows.interfaces.patches.RobustACompCor>
250528-06:10:34,791 nipype.workflow INFO:
	 [Node] Finished "crowncompcor", elapsed time 8.330326s.
250528-06:10:36,630 nipype.workflow INFO:
	 [Node] Setting-up "fmriprep_25_0_wf.sub_GEO067_wf.bold_ses_t3_task_image_run_5_wf.bold_confounds_wf.rename_acompcor" in "/work/fmriprep_25_0_wf/sub_GEO067_wf/bold_ses_t3_task_image_run_5_wf/bold_confounds_wf/rename_acompcor".
250528-06:10:36,809 nipype.workflow INFO:
	 [Node] Executing "rename_acompcor" <fmriprep.interfaces.confounds.RenameACompCor>
250528-06:10:37,25 nipype.workflow INFO:
	 [Node] Finished "rename_acompcor", elapsed time 0.214874s.
250528-06:10:38,352 nipype.workflow INFO:
	 [Node] Setting-up "fmriprep_25_0_wf.sub_GEO067_wf.bold_ses_t3_task_image_run_5_wf.bold_confounds_wf.signals" in "/work/fmriprep_25_0_wf/sub_GEO067_wf/bold_ses_t3_task_image_run_5_wf/bold_confounds_wf/signals".
250528-06:10:38,516 nipype.workflow INFO:
	 [Node] Executing "signals" <niworkflows.interfaces.images.SignalExtraction>
250528-06:10:44,794 nipype.workflow INFO:
	 [Node] Finished "signals", elapsed time 6.27682s.
250528-06:10:46,306 nipype.workflow INFO:
	 [Node] Setting-up "fmriprep_25_0_wf.sub_GEO067_wf.bold_ses_t3_task_retrans_run_1_wf.bold_confounds_wf.crowncompcor" in "/work/fmriprep_25_0_wf/sub_GEO067_wf/bold_ses_t3_task_retrans_run_1_wf/bold_confounds_wf/crowncompcor".
250528-06:10:46,441 nipype.workflow INFO:
	 [Node] Executing "crowncompcor" <niworkflows.interfaces.patches.RobustACompCor>
250528-06:10:56,830 nipype.workflow INFO:
	 [Node] Finished "crowncompcor", elapsed time 10.388023s.
250528-06:10:58,305 nipype.workflow INFO:
	 [Node] Setting-up "fmriprep_25_0_wf.sub_GEO067_wf.bold_ses_t2_task_image_run_1_wf.bold_confounds_wf.crowncc_metadata_fmt" in "/work/fmriprep_25_0_wf/sub_GEO067_wf/bold_ses_t2_task_image_run_1_wf/bold_confounds_wf/crowncc_metadata_fmt".
250528-06:10:58,397 nipype.workflow INFO:
	 [Node] Executing "crowncc_metadata_fmt" <niworkflows.interfaces.utility.TSV2JSON>
250528-06:10:58,839 nipype.workflow INFO:
	 [Node] Finished "crowncc_metadata_fmt", elapsed time 0.441016s.
250528-06:11:00,932 nipype.workflow INFO:
	 [Node] Setting-up "fmriprep_25_0_wf.sub_GEO067_wf.bold_ses_t2_task_image_run_1_wf.bold_confounds_wf.rois_plot" in "/work/fmriprep_25_0_wf/sub_GEO067_wf/bold_ses_t2_task_image_run_1_wf/bold_confounds_wf/rois_plot".
250528-06:11:01,463 nipype.workflow INFO:
	 [Node] Executing "rois_plot" <niworkflows.interfaces.reportlets.masks.ROIsPlot>
250528-06:11:22,420 nipype.workflow INFO:
	 [Node] Finished "rois_plot", elapsed time 20.955346s.
250528-06:11:24,322 nipype.workflow INFO:
	 [Node] Setting-up "fmriprep_25_0_wf.sub_GEO067_wf.bold_ses_t2_task_image_run_1_wf.bold_confounds_wf.acc_metadata_filter" in "/work/fmriprep_25_0_wf/sub_GEO067_wf/bold_ses_t2_task_image_run_1_wf/bold_confounds_wf/acc_metadata_filter".
250528-06:11:24,407 nipype.workflow INFO:
	 [Node] Executing "acc_metadata_filter" <fmriprep.interfaces.confounds.FilterDropped>
250528-06:11:24,425 nipype.workflow INFO:
	 [Node] Finished "acc_metadata_filter", elapsed time 0.017305s.
250528-06:11:27,414 nipype.workflow INFO:
	 [Node] Setting-up "fmriprep_25_0_wf.sub_GEO067_wf.bold_ses_t2_task_image_run_2_wf.bold_confounds_wf.crowncc_metadata_fmt" in "/work/fmriprep_25_0_wf/sub_GEO067_wf/bold_ses_t2_task_image_run_2_wf/bold_confounds_wf/crowncc_metadata_fmt".
250528-06:11:27,495 nipype.workflow INFO:
	 [Node] Executing "crowncc_metadata_fmt" <niworkflows.interfaces.utility.TSV2JSON>
250528-06:11:27,506 nipype.workflow INFO:
	 [Node] Finished "crowncc_metadata_fmt", elapsed time 0.009948s.
250528-06:11:28,895 nipype.workflow INFO:
	 [Node] Setting-up "fmriprep_25_0_wf.sub_GEO067_wf.bold_ses_t2_task_image_run_2_wf.bold_confounds_wf.rois_plot" in "/work/fmriprep_25_0_wf/sub_GEO067_wf/bold_ses_t2_task_image_run_2_wf/bold_confounds_wf/rois_plot".
250528-06:11:29,37 nipype.workflow INFO:
	 [Node] Executing "rois_plot" <niworkflows.interfaces.reportlets.masks.ROIsPlot>
250528-06:11:49,624 nipype.workflow INFO:
	 [Node] Finished "rois_plot", elapsed time 20.582069s.
250528-06:11:50,426 nipype.workflow INFO:
	 [Node] Setting-up "fmriprep_25_0_wf.sub_GEO067_wf.bold_ses_t2_task_image_run_2_wf.bold_confounds_wf.acc_metadata_filter" in "/work/fmriprep_25_0_wf/sub_GEO067_wf/bold_ses_t2_task_image_run_2_wf/bold_confounds_wf/acc_metadata_filter".
250528-06:11:50,982 nipype.workflow INFO:
	 [Node] Executing "acc_metadata_filter" <fmriprep.interfaces.confounds.FilterDropped>
250528-06:11:50,999 nipype.workflow INFO:
	 [Node] Finished "acc_metadata_filter", elapsed time 0.015883s.
250528-06:11:53,309 nipype.workflow INFO:
	 [Node] Setting-up "fmriprep_25_0_wf.sub_GEO067_wf.bold_ses_t2_task_image_run_3_wf.bold_confounds_wf.crowncc_metadata_fmt" in "/work/fmriprep_25_0_wf/sub_GEO067_wf/bold_ses_t2_task_image_run_3_wf/bold_confounds_wf/crowncc_metadata_fmt".
250528-06:11:53,812 nipype.workflow INFO:
	 [Node] Executing "crowncc_metadata_fmt" <niworkflows.interfaces.utility.TSV2JSON>
250528-06:11:53,821 nipype.workflow INFO:
	 [Node] Finished "crowncc_metadata_fmt", elapsed time 0.007881s.
250528-06:11:54,797 nipype.workflow INFO:
	 [Node] Setting-up "fmriprep_25_0_wf.sub_GEO067_wf.bold_ses_t2_task_image_run_3_wf.bold_confounds_wf.rois_plot" in "/work/fmriprep_25_0_wf/sub_GEO067_wf/bold_ses_t2_task_image_run_3_wf/bold_confounds_wf/rois_plot".
250528-06:11:55,110 nipype.workflow INFO:
	 [Node] Executing "rois_plot" <niworkflows.interfaces.reportlets.masks.ROIsPlot>
250528-06:12:12,732 nipype.workflow INFO:
	 [Node] Finished "rois_plot", elapsed time 17.621739s.
250528-06:12:14,397 nipype.workflow INFO:
	 [Node] Setting-up "fmriprep_25_0_wf.sub_GEO067_wf.bold_ses_t2_task_image_run_3_wf.bold_confounds_wf.acc_metadata_filter" in "/work/fmriprep_25_0_wf/sub_GEO067_wf/bold_ses_t2_task_image_run_3_wf/bold_confounds_wf/acc_metadata_filter".
250528-06:12:14,549 nipype.workflow INFO:
	 [Node] Executing "acc_metadata_filter" <fmriprep.interfaces.confounds.FilterDropped>
250528-06:12:14,582 nipype.workflow INFO:
	 [Node] Finished "acc_metadata_filter", elapsed time 0.031756s.
250528-06:12:17,411 nipype.workflow INFO:
	 [Node] Setting-up "fmriprep_25_0_wf.sub_GEO067_wf.bold_ses_t2_task_image_run_4_wf.bold_confounds_wf.crowncc_metadata_fmt" in "/work/fmriprep_25_0_wf/sub_GEO067_wf/bold_ses_t2_task_image_run_4_wf/bold_confounds_wf/crowncc_metadata_fmt".
250528-06:12:17,531 nipype.workflow INFO:
	 [Node] Executing "crowncc_metadata_fmt" <niworkflows.interfaces.utility.TSV2JSON>
250528-06:12:17,540 nipype.workflow INFO:
	 [Node] Finished "crowncc_metadata_fmt", elapsed time 0.007434s.
250528-06:12:19,300 nipype.workflow INFO:
	 [Node] Setting-up "fmriprep_25_0_wf.sub_GEO067_wf.bold_ses_t2_task_image_run_4_wf.bold_confounds_wf.rois_plot" in "/work/fmriprep_25_0_wf/sub_GEO067_wf/bold_ses_t2_task_image_run_4_wf/bold_confounds_wf/rois_plot".
250528-06:12:19,521 nipype.workflow INFO:
	 [Node] Executing "rois_plot" <niworkflows.interfaces.reportlets.masks.ROIsPlot>
250528-06:12:37,493 nipype.workflow INFO:
	 [Node] Finished "rois_plot", elapsed time 17.971388s.
250528-06:12:38,426 nipype.workflow INFO:
	 [Node] Setting-up "fmriprep_25_0_wf.sub_GEO067_wf.bold_ses_t2_task_image_run_4_wf.bold_confounds_wf.acc_metadata_filter" in "/work/fmriprep_25_0_wf/sub_GEO067_wf/bold_ses_t2_task_image_run_4_wf/bold_confounds_wf/acc_metadata_filter".
250528-06:12:38,537 nipype.workflow INFO:
	 [Node] Executing "acc_metadata_filter" <fmriprep.interfaces.confounds.FilterDropped>
250528-06:12:38,573 nipype.workflow INFO:
	 [Node] Finished "acc_metadata_filter", elapsed time 0.034791s.
250528-06:12:41,291 nipype.workflow INFO:
	 [Node] Setting-up "fmriprep_25_0_wf.sub_GEO067_wf.bold_ses_t2_task_image_run_5_wf.bold_confounds_wf.crowncc_metadata_fmt" in "/work/fmriprep_25_0_wf/sub_GEO067_wf/bold_ses_t2_task_image_run_5_wf/bold_confounds_wf/crowncc_metadata_fmt".
250528-06:12:41,457 nipype.workflow INFO:
	 [Node] Executing "crowncc_metadata_fmt" <niworkflows.interfaces.utility.TSV2JSON>
250528-06:12:41,468 nipype.workflow INFO:
	 [Node] Finished "crowncc_metadata_fmt", elapsed time 0.009593s.
250528-06:12:43,569 nipype.workflow INFO:
	 [Node] Setting-up "fmriprep_25_0_wf.sub_GEO067_wf.bold_ses_t2_task_image_run_5_wf.bold_confounds_wf.rois_plot" in "/work/fmriprep_25_0_wf/sub_GEO067_wf/bold_ses_t2_task_image_run_5_wf/bold_confounds_wf/rois_plot".
250528-06:12:43,755 nipype.workflow INFO:
	 [Node] Executing "rois_plot" <niworkflows.interfaces.reportlets.masks.ROIsPlot>
250528-06:13:01,288 nipype.workflow INFO:
	 [Node] Finished "rois_plot", elapsed time 17.521307s.
250528-06:13:02,455 nipype.workflow INFO:
	 [Node] Setting-up "fmriprep_25_0_wf.sub_GEO067_wf.bold_ses_t2_task_image_run_5_wf.bold_confounds_wf.acc_metadata_filter" in "/work/fmriprep_25_0_wf/sub_GEO067_wf/bold_ses_t2_task_image_run_5_wf/bold_confounds_wf/acc_metadata_filter".
250528-06:13:02,562 nipype.workflow INFO:
	 [Node] Executing "acc_metadata_filter" <fmriprep.interfaces.confounds.FilterDropped>
250528-06:13:02,585 nipype.workflow INFO:
	 [Node] Finished "acc_metadata_filter", elapsed time 0.021834s.
250528-06:13:06,625 nipype.workflow INFO:
	 [Node] Setting-up "fmriprep_25_0_wf.sub_GEO067_wf.bold_ses_t3_task_image_run_1_wf.bold_confounds_wf.crowncc_metadata_fmt" in "/work/fmriprep_25_0_wf/sub_GEO067_wf/bold_ses_t3_task_image_run_1_wf/bold_confounds_wf/crowncc_metadata_fmt".
250528-06:13:07,249 nipype.workflow INFO:
	 [Node] Executing "crowncc_metadata_fmt" <niworkflows.interfaces.utility.TSV2JSON>
250528-06:13:07,291 nipype.workflow INFO:
	 [Node] Finished "crowncc_metadata_fmt", elapsed time 0.03048s.
250528-06:13:09,856 nipype.workflow INFO:
	 [Node] Setting-up "fmriprep_25_0_wf.sub_GEO067_wf.bold_ses_t3_task_image_run_1_wf.bold_confounds_wf.rois_plot" in "/work/fmriprep_25_0_wf/sub_GEO067_wf/bold_ses_t3_task_image_run_1_wf/bold_confounds_wf/rois_plot".
250528-06:13:10,58 nipype.workflow INFO:
	 [Node] Executing "rois_plot" <niworkflows.interfaces.reportlets.masks.ROIsPlot>
250528-06:13:27,302 nipype.workflow INFO:
	 [Node] Finished "rois_plot", elapsed time 17.242796s.
250528-06:13:29,252 nipype.workflow INFO:
	 [Node] Setting-up "fmriprep_25_0_wf.sub_GEO067_wf.bold_ses_t3_task_image_run_1_wf.bold_confounds_wf.acc_metadata_filter" in "/work/fmriprep_25_0_wf/sub_GEO067_wf/bold_ses_t3_task_image_run_1_wf/bold_confounds_wf/acc_metadata_filter".
250528-06:13:29,687 nipype.workflow INFO:
	 [Node] Executing "acc_metadata_filter" <fmriprep.interfaces.confounds.FilterDropped>
250528-06:13:29,743 nipype.workflow INFO:
	 [Node] Finished "acc_metadata_filter", elapsed time 0.05439s.
250528-06:13:33,95 nipype.workflow INFO:
	 [Node] Setting-up "fmriprep_25_0_wf.sub_GEO067_wf.bold_ses_t3_task_image_run_2_wf.bold_confounds_wf.crowncc_metadata_fmt" in "/work/fmriprep_25_0_wf/sub_GEO067_wf/bold_ses_t3_task_image_run_2_wf/bold_confounds_wf/crowncc_metadata_fmt".
250528-06:13:33,284 nipype.workflow INFO:
	 [Node] Executing "crowncc_metadata_fmt" <niworkflows.interfaces.utility.TSV2JSON>
250528-06:13:33,296 nipype.workflow INFO:
	 [Node] Finished "crowncc_metadata_fmt", elapsed time 0.01089s.
250528-06:13:36,527 nipype.workflow INFO:
	 [Node] Setting-up "fmriprep_25_0_wf.sub_GEO067_wf.bold_ses_t3_task_image_run_2_wf.bold_confounds_wf.rois_plot" in "/work/fmriprep_25_0_wf/sub_GEO067_wf/bold_ses_t3_task_image_run_2_wf/bold_confounds_wf/rois_plot".
250528-06:13:36,706 nipype.workflow INFO:
	 [Node] Executing "rois_plot" <niworkflows.interfaces.reportlets.masks.ROIsPlot>
250528-06:13:56,297 nipype.workflow INFO:
	 [Node] Finished "rois_plot", elapsed time 19.590184s.
250528-06:13:57,452 nipype.workflow INFO:
	 [Node] Setting-up "fmriprep_25_0_wf.sub_GEO067_wf.bold_ses_t3_task_image_run_2_wf.bold_confounds_wf.acc_metadata_filter" in "/work/fmriprep_25_0_wf/sub_GEO067_wf/bold_ses_t3_task_image_run_2_wf/bold_confounds_wf/acc_metadata_filter".
250528-06:13:57,588 nipype.workflow INFO:
	 [Node] Executing "acc_metadata_filter" <fmriprep.interfaces.confounds.FilterDropped>
250528-06:13:57,611 nipype.workflow INFO:
	 [Node] Finished "acc_metadata_filter", elapsed time 0.021865s.
250528-06:14:00,225 nipype.workflow INFO:
	 [Node] Setting-up "fmriprep_25_0_wf.sub_GEO067_wf.bold_ses_t3_task_image_run_3_wf.bold_confounds_wf.crowncc_metadata_fmt" in "/work/fmriprep_25_0_wf/sub_GEO067_wf/bold_ses_t3_task_image_run_3_wf/bold_confounds_wf/crowncc_metadata_fmt".
250528-06:14:00,418 nipype.workflow INFO:
	 [Node] Executing "crowncc_metadata_fmt" <niworkflows.interfaces.utility.TSV2JSON>
250528-06:14:00,430 nipype.workflow INFO:
	 [Node] Finished "crowncc_metadata_fmt", elapsed time 0.010525s.
250528-06:14:02,312 nipype.workflow INFO:
	 [Node] Setting-up "fmriprep_25_0_wf.sub_GEO067_wf.bold_ses_t3_task_image_run_3_wf.bold_confounds_wf.rois_plot" in "/work/fmriprep_25_0_wf/sub_GEO067_wf/bold_ses_t3_task_image_run_3_wf/bold_confounds_wf/rois_plot".
250528-06:14:02,600 nipype.workflow INFO:
	 [Node] Executing "rois_plot" <niworkflows.interfaces.reportlets.masks.ROIsPlot>
250528-06:14:22,586 nipype.workflow INFO:
	 [Node] Finished "rois_plot", elapsed time 19.985322s.
250528-06:14:23,457 nipype.workflow INFO:
	 [Node] Setting-up "fmriprep_25_0_wf.sub_GEO067_wf.bold_ses_t3_task_image_run_3_wf.bold_confounds_wf.acc_metadata_filter" in "/work/fmriprep_25_0_wf/sub_GEO067_wf/bold_ses_t3_task_image_run_3_wf/bold_confounds_wf/acc_metadata_filter".
250528-06:14:23,593 nipype.workflow INFO:
	 [Node] Executing "acc_metadata_filter" <fmriprep.interfaces.confounds.FilterDropped>
250528-06:14:23,644 nipype.workflow INFO:
	 [Node] Finished "acc_metadata_filter", elapsed time 0.049285s.
250528-06:14:26,292 nipype.workflow INFO:
	 [Node] Setting-up "fmriprep_25_0_wf.sub_GEO067_wf.bold_ses_t3_task_image_run_4_wf.bold_confounds_wf.crowncc_metadata_fmt" in "/work/fmriprep_25_0_wf/sub_GEO067_wf/bold_ses_t3_task_image_run_4_wf/bold_confounds_wf/crowncc_metadata_fmt".
250528-06:14:26,468 nipype.workflow INFO:
	 [Node] Executing "crowncc_metadata_fmt" <niworkflows.interfaces.utility.TSV2JSON>
250528-06:14:26,479 nipype.workflow INFO:
	 [Node] Finished "crowncc_metadata_fmt", elapsed time 0.010054s.
250528-06:14:28,6 nipype.workflow INFO:
	 [Node] Setting-up "fmriprep_25_0_wf.sub_GEO067_wf.bold_ses_t3_task_image_run_4_wf.bold_confounds_wf.rois_plot" in "/work/fmriprep_25_0_wf/sub_GEO067_wf/bold_ses_t3_task_image_run_4_wf/bold_confounds_wf/rois_plot".
250528-06:14:28,165 nipype.workflow INFO:
	 [Node] Executing "rois_plot" <niworkflows.interfaces.reportlets.masks.ROIsPlot>
250528-06:14:46,867 nipype.workflow INFO:
	 [Node] Finished "rois_plot", elapsed time 18.700756s.
250528-06:14:47,466 nipype.workflow INFO:
	 [Node] Setting-up "fmriprep_25_0_wf.sub_GEO067_wf.bold_ses_t3_task_image_run_4_wf.bold_confounds_wf.acc_metadata_filter" in "/work/fmriprep_25_0_wf/sub_GEO067_wf/bold_ses_t3_task_image_run_4_wf/bold_confounds_wf/acc_metadata_filter".
250528-06:14:47,572 nipype.workflow INFO:
	 [Node] Executing "acc_metadata_filter" <fmriprep.interfaces.confounds.FilterDropped>
250528-06:14:47,593 nipype.workflow INFO:
	 [Node] Finished "acc_metadata_filter", elapsed time 0.019806s.
250528-06:14:50,253 nipype.workflow INFO:
	 [Node] Setting-up "fmriprep_25_0_wf.sub_GEO067_wf.bold_ses_t3_task_image_run_5_wf.bold_confounds_wf.crowncc_metadata_fmt" in "/work/fmriprep_25_0_wf/sub_GEO067_wf/bold_ses_t3_task_image_run_5_wf/bold_confounds_wf/crowncc_metadata_fmt".
250528-06:14:50,345 nipype.workflow INFO:
	 [Node] Executing "crowncc_metadata_fmt" <niworkflows.interfaces.utility.TSV2JSON>
250528-06:14:50,357 nipype.workflow INFO:
	 [Node] Finished "crowncc_metadata_fmt", elapsed time 0.010948s.
250528-06:14:51,934 nipype.workflow INFO:
	 [Node] Setting-up "fmriprep_25_0_wf.sub_GEO067_wf.bold_ses_t3_task_image_run_5_wf.bold_confounds_wf.rois_plot" in "/work/fmriprep_25_0_wf/sub_GEO067_wf/bold_ses_t3_task_image_run_5_wf/bold_confounds_wf/rois_plot".
250528-06:14:52,58 nipype.workflow INFO:
	 [Node] Executing "rois_plot" <niworkflows.interfaces.reportlets.masks.ROIsPlot>
250528-06:15:12,342 nipype.workflow INFO:
	 [Node] Finished "rois_plot", elapsed time 20.279463s.
250528-06:15:13,501 nipype.workflow INFO:
	 [Node] Setting-up "fmriprep_25_0_wf.sub_GEO067_wf.bold_ses_t3_task_image_run_5_wf.bold_confounds_wf.acc_metadata_filter" in "/work/fmriprep_25_0_wf/sub_GEO067_wf/bold_ses_t3_task_image_run_5_wf/bold_confounds_wf/acc_metadata_filter".
250528-06:15:13,574 nipype.workflow INFO:
	 [Node] Executing "acc_metadata_filter" <fmriprep.interfaces.confounds.FilterDropped>
250528-06:15:13,592 nipype.workflow INFO:
	 [Node] Finished "acc_metadata_filter", elapsed time 0.016305s.
250528-06:15:16,367 nipype.workflow INFO:
	 [Node] Setting-up "fmriprep_25_0_wf.sub_GEO067_wf.bold_ses_t3_task_retrans_run_1_wf.bold_confounds_wf.crowncc_metadata_fmt" in "/work/fmriprep_25_0_wf/sub_GEO067_wf/bold_ses_t3_task_retrans_run_1_wf/bold_confounds_wf/crowncc_metadata_fmt".
250528-06:15:16,450 nipype.workflow INFO:
	 [Node] Executing "crowncc_metadata_fmt" <niworkflows.interfaces.utility.TSV2JSON>
250528-06:15:16,462 nipype.workflow INFO:
	 [Node] Finished "crowncc_metadata_fmt", elapsed time 0.01064s.
250528-06:15:17,483 nipype.workflow INFO:
	 [Node] Setting-up "fmriprep_25_0_wf.sub_GEO067_wf.bold_ses_t2_task_image_run_1_wf.bold_confounds_wf.compcor_plot" in "/work/fmriprep_25_0_wf/sub_GEO067_wf/bold_ses_t2_task_image_run_1_wf/bold_confounds_wf/compcor_plot".
250528-06:15:17,560 nipype.workflow INFO:
	 [Node] Executing "compcor_plot" <nireports.interfaces.nuisance.CompCorVariancePlot>
250528-06:15:17,966 nipype.workflow INFO:
	 [Node] Finished "compcor_plot", elapsed time 0.405217s.
250528-06:15:19,998 nipype.workflow INFO:
	 [Node] Setting-up "fmriprep_25_0_wf.sub_GEO067_wf.bold_ses_t2_task_image_run_1_wf.bold_confounds_wf.acc_metadata_fmt" in "/work/fmriprep_25_0_wf/sub_GEO067_wf/bold_ses_t2_task_image_run_1_wf/bold_confounds_wf/acc_metadata_fmt".
250528-06:15:20,78 nipype.workflow INFO:
	 [Node] Executing "acc_metadata_fmt" <niworkflows.interfaces.utility.TSV2JSON>
250528-06:15:20,89 nipype.workflow INFO:
	 [Node] Finished "acc_metadata_fmt", elapsed time 0.009962s.
250528-06:15:21,529 nipype.workflow INFO:
	 [Node] Setting-up "fmriprep_25_0_wf.sub_GEO067_wf.bold_ses_t2_task_image_run_1_wf.bold_confounds_wf.model_expansion" in "/work/fmriprep_25_0_wf/sub_GEO067_wf/bold_ses_t2_task_image_run_1_wf/bold_confounds_wf/model_expansion".
250528-06:15:21,619 nipype.workflow INFO:
	 [Node] Executing "model_expansion" <niworkflows.interfaces.confounds.ExpandModel>
250528-06:15:21,833 nipype.workflow INFO:
	 [Node] Finished "model_expansion", elapsed time 0.213147s.
250528-06:15:23,574 nipype.workflow INFO:
	 [Node] Setting-up "fmriprep_25_0_wf.sub_GEO067_wf.bold_ses_t2_task_image_run_1_wf.bold_confounds_wf.conf_corr_plot" in "/work/fmriprep_25_0_wf/sub_GEO067_wf/bold_ses_t2_task_image_run_1_wf/bold_confounds_wf/conf_corr_plot".
250528-06:15:23,712 nipype.workflow INFO:
	 [Node] Executing "conf_corr_plot" <nireports.interfaces.nuisance.ConfoundsCorrelationPlot>
250528-06:15:24,897 nipype.workflow INFO:
	 [Node] Finished "conf_corr_plot", elapsed time 1.183874s.
250528-06:15:25,900 nipype.workflow INFO:
	 [Node] Setting-up "fmriprep_25_0_wf.sub_GEO067_wf.bold_ses_t2_task_image_run_2_wf.bold_confounds_wf.compcor_plot" in "/work/fmriprep_25_0_wf/sub_GEO067_wf/bold_ses_t2_task_image_run_2_wf/bold_confounds_wf/compcor_plot".
250528-06:15:26,541 nipype.workflow INFO:
	 [Node] Executing "compcor_plot" <nireports.interfaces.nuisance.CompCorVariancePlot>
250528-06:15:27,121 nipype.workflow INFO:
	 [Node] Finished "compcor_plot", elapsed time 0.568772s.
250528-06:15:30,562 nipype.workflow INFO:
	 [Node] Setting-up "fmriprep_25_0_wf.sub_GEO067_wf.bold_ses_t2_task_image_run_2_wf.bold_confounds_wf.acc_metadata_fmt" in "/work/fmriprep_25_0_wf/sub_GEO067_wf/bold_ses_t2_task_image_run_2_wf/bold_confounds_wf/acc_metadata_fmt".
250528-06:15:30,658 nipype.workflow INFO:
	 [Node] Executing "acc_metadata_fmt" <niworkflows.interfaces.utility.TSV2JSON>
250528-06:15:30,690 nipype.workflow INFO:
	 [Node] Finished "acc_metadata_fmt", elapsed time 0.027449s.
250528-06:15:31,489 nipype.workflow INFO:
	 [Node] Setting-up "fmriprep_25_0_wf.sub_GEO067_wf.bold_ses_t2_task_image_run_2_wf.bold_confounds_wf.model_expansion" in "/work/fmriprep_25_0_wf/sub_GEO067_wf/bold_ses_t2_task_image_run_2_wf/bold_confounds_wf/model_expansion".
250528-06:15:31,575 nipype.workflow INFO:
	 [Node] Executing "model_expansion" <niworkflows.interfaces.confounds.ExpandModel>
250528-06:15:31,742 nipype.workflow INFO:
	 [Node] Finished "model_expansion", elapsed time 0.166861s.
250528-06:15:33,451 nipype.workflow INFO:
	 [Node] Setting-up "fmriprep_25_0_wf.sub_GEO067_wf.bold_ses_t2_task_image_run_2_wf.bold_confounds_wf.conf_corr_plot" in "/work/fmriprep_25_0_wf/sub_GEO067_wf/bold_ses_t2_task_image_run_2_wf/bold_confounds_wf/conf_corr_plot".
250528-06:15:33,543 nipype.workflow INFO:
	 [Node] Executing "conf_corr_plot" <nireports.interfaces.nuisance.ConfoundsCorrelationPlot>
250528-06:15:34,350 nipype.workflow INFO:
	 [Node] Finished "conf_corr_plot", elapsed time 0.805897s.
250528-06:15:35,517 nipype.workflow INFO:
	 [Node] Setting-up "fmriprep_25_0_wf.sub_GEO067_wf.bold_ses_t2_task_image_run_3_wf.bold_confounds_wf.compcor_plot" in "/work/fmriprep_25_0_wf/sub_GEO067_wf/bold_ses_t2_task_image_run_3_wf/bold_confounds_wf/compcor_plot".
250528-06:15:35,599 nipype.workflow INFO:
	 [Node] Executing "compcor_plot" <nireports.interfaces.nuisance.CompCorVariancePlot>
250528-06:15:35,954 nipype.workflow INFO:
	 [Node] Finished "compcor_plot", elapsed time 0.354467s.
250528-06:15:38,45 nipype.workflow INFO:
	 [Node] Setting-up "fmriprep_25_0_wf.sub_GEO067_wf.bold_ses_t2_task_image_run_3_wf.bold_confounds_wf.acc_metadata_fmt" in "/work/fmriprep_25_0_wf/sub_GEO067_wf/bold_ses_t2_task_image_run_3_wf/bold_confounds_wf/acc_metadata_fmt".
250528-06:15:38,122 nipype.workflow INFO:
	 [Node] Executing "acc_metadata_fmt" <niworkflows.interfaces.utility.TSV2JSON>
250528-06:15:38,131 nipype.workflow INFO:
	 [Node] Finished "acc_metadata_fmt", elapsed time 0.00797s.
250528-06:15:39,492 nipype.workflow INFO:
	 [Node] Setting-up "fmriprep_25_0_wf.sub_GEO067_wf.bold_ses_t2_task_image_run_3_wf.bold_confounds_wf.model_expansion" in "/work/fmriprep_25_0_wf/sub_GEO067_wf/bold_ses_t2_task_image_run_3_wf/bold_confounds_wf/model_expansion".
250528-06:15:39,564 nipype.workflow INFO:
	 [Node] Executing "model_expansion" <niworkflows.interfaces.confounds.ExpandModel>
250528-06:15:39,745 nipype.workflow INFO:
	 [Node] Finished "model_expansion", elapsed time 0.179939s.
250528-06:15:41,775 nipype.workflow INFO:
	 [Node] Setting-up "fmriprep_25_0_wf.sub_GEO067_wf.bold_ses_t2_task_image_run_3_wf.bold_confounds_wf.conf_corr_plot" in "/work/fmriprep_25_0_wf/sub_GEO067_wf/bold_ses_t2_task_image_run_3_wf/bold_confounds_wf/conf_corr_plot".
250528-06:15:41,927 nipype.workflow INFO:
	 [Node] Executing "conf_corr_plot" <nireports.interfaces.nuisance.ConfoundsCorrelationPlot>
250528-06:15:42,822 nipype.workflow INFO:
	 [Node] Finished "conf_corr_plot", elapsed time 0.893805s.
250528-06:15:43,567 nipype.workflow INFO:
	 [Node] Setting-up "fmriprep_25_0_wf.sub_GEO067_wf.bold_ses_t2_task_image_run_4_wf.bold_confounds_wf.compcor_plot" in "/work/fmriprep_25_0_wf/sub_GEO067_wf/bold_ses_t2_task_image_run_4_wf/bold_confounds_wf/compcor_plot".
250528-06:15:43,654 nipype.workflow INFO:
	 [Node] Executing "compcor_plot" <nireports.interfaces.nuisance.CompCorVariancePlot>
250528-06:15:43,922 nipype.workflow INFO:
	 [Node] Finished "compcor_plot", elapsed time 0.266821s.
250528-06:15:46,27 nipype.workflow INFO:
	 [Node] Setting-up "fmriprep_25_0_wf.sub_GEO067_wf.bold_ses_t2_task_image_run_4_wf.bold_confounds_wf.acc_metadata_fmt" in "/work/fmriprep_25_0_wf/sub_GEO067_wf/bold_ses_t2_task_image_run_4_wf/bold_confounds_wf/acc_metadata_fmt".
250528-06:15:46,116 nipype.workflow INFO:
	 [Node] Executing "acc_metadata_fmt" <niworkflows.interfaces.utility.TSV2JSON>
250528-06:15:46,123 nipype.workflow INFO:
	 [Node] Finished "acc_metadata_fmt", elapsed time 0.005695s.
250528-06:15:47,531 nipype.workflow INFO:
	 [Node] Setting-up "fmriprep_25_0_wf.sub_GEO067_wf.bold_ses_t2_task_image_run_4_wf.bold_confounds_wf.model_expansion" in "/work/fmriprep_25_0_wf/sub_GEO067_wf/bold_ses_t2_task_image_run_4_wf/bold_confounds_wf/model_expansion".
250528-06:15:47,649 nipype.workflow INFO:
	 [Node] Executing "model_expansion" <niworkflows.interfaces.confounds.ExpandModel>
250528-06:15:48,31 nipype.workflow INFO:
	 [Node] Finished "model_expansion", elapsed time 0.370784s.
250528-06:15:49,664 nipype.workflow INFO:
	 [Node] Setting-up "fmriprep_25_0_wf.sub_GEO067_wf.bold_ses_t2_task_image_run_4_wf.bold_confounds_wf.conf_corr_plot" in "/work/fmriprep_25_0_wf/sub_GEO067_wf/bold_ses_t2_task_image_run_4_wf/bold_confounds_wf/conf_corr_plot".
250528-06:15:50,287 nipype.workflow INFO:
	 [Node] Executing "conf_corr_plot" <nireports.interfaces.nuisance.ConfoundsCorrelationPlot>
250528-06:15:51,344 nipype.workflow INFO:
	 [Node] Finished "conf_corr_plot", elapsed time 1.045724s.
250528-06:15:53,711 nipype.workflow INFO:
	 [Node] Setting-up "fmriprep_25_0_wf.sub_GEO067_wf.bold_ses_t2_task_image_run_5_wf.bold_confounds_wf.compcor_plot" in "/work/fmriprep_25_0_wf/sub_GEO067_wf/bold_ses_t2_task_image_run_5_wf/bold_confounds_wf/compcor_plot".
250528-06:15:53,791 nipype.workflow INFO:
	 [Node] Executing "compcor_plot" <nireports.interfaces.nuisance.CompCorVariancePlot>
250528-06:15:54,103 nipype.workflow INFO:
	 [Node] Finished "compcor_plot", elapsed time 0.310923s.
250528-06:15:55,974 nipype.workflow INFO:
	 [Node] Setting-up "fmriprep_25_0_wf.sub_GEO067_wf.bold_ses_t2_task_image_run_5_wf.bold_confounds_wf.acc_metadata_fmt" in "/work/fmriprep_25_0_wf/sub_GEO067_wf/bold_ses_t2_task_image_run_5_wf/bold_confounds_wf/acc_metadata_fmt".
250528-06:15:56,52 nipype.workflow INFO:
	 [Node] Executing "acc_metadata_fmt" <niworkflows.interfaces.utility.TSV2JSON>
250528-06:15:56,62 nipype.workflow INFO:
	 [Node] Finished "acc_metadata_fmt", elapsed time 0.008131s.
250528-06:15:57,509 nipype.workflow INFO:
	 [Node] Setting-up "fmriprep_25_0_wf.sub_GEO067_wf.bold_ses_t2_task_image_run_5_wf.bold_confounds_wf.model_expansion" in "/work/fmriprep_25_0_wf/sub_GEO067_wf/bold_ses_t2_task_image_run_5_wf/bold_confounds_wf/model_expansion".
250528-06:15:57,578 nipype.workflow INFO:
	 [Node] Executing "model_expansion" <niworkflows.interfaces.confounds.ExpandModel>
250528-06:15:57,808 nipype.workflow INFO:
	 [Node] Finished "model_expansion", elapsed time 0.22938s.
250528-06:15:59,461 nipype.workflow INFO:
	 [Node] Setting-up "fmriprep_25_0_wf.sub_GEO067_wf.bold_ses_t2_task_image_run_5_wf.bold_confounds_wf.conf_corr_plot" in "/work/fmriprep_25_0_wf/sub_GEO067_wf/bold_ses_t2_task_image_run_5_wf/bold_confounds_wf/conf_corr_plot".
250528-06:15:59,554 nipype.workflow INFO:
	 [Node] Executing "conf_corr_plot" <nireports.interfaces.nuisance.ConfoundsCorrelationPlot>
250528-06:16:00,542 nipype.workflow INFO:
	 [Node] Finished "conf_corr_plot", elapsed time 0.987158s.
250528-06:16:01,502 nipype.workflow INFO:
	 [Node] Setting-up "fmriprep_25_0_wf.sub_GEO067_wf.bold_ses_t3_task_image_run_1_wf.bold_confounds_wf.compcor_plot" in "/work/fmriprep_25_0_wf/sub_GEO067_wf/bold_ses_t3_task_image_run_1_wf/bold_confounds_wf/compcor_plot".
250528-06:16:01,581 nipype.workflow INFO:
	 [Node] Executing "compcor_plot" <nireports.interfaces.nuisance.CompCorVariancePlot>
250528-06:16:01,933 nipype.workflow INFO:
	 [Node] Finished "compcor_plot", elapsed time 0.35164s.
250528-06:16:03,939 nipype.workflow INFO:
	 [Node] Setting-up "fmriprep_25_0_wf.sub_GEO067_wf.bold_ses_t3_task_image_run_1_wf.bold_confounds_wf.acc_metadata_fmt" in "/work/fmriprep_25_0_wf/sub_GEO067_wf/bold_ses_t3_task_image_run_1_wf/bold_confounds_wf/acc_metadata_fmt".
250528-06:16:04,8 nipype.workflow INFO:
	 [Node] Executing "acc_metadata_fmt" <niworkflows.interfaces.utility.TSV2JSON>
250528-06:16:04,17 nipype.workflow INFO:
	 [Node] Finished "acc_metadata_fmt", elapsed time 0.007822s.
250528-06:16:05,516 nipype.workflow INFO:
	 [Node] Setting-up "fmriprep_25_0_wf.sub_GEO067_wf.bold_ses_t3_task_image_run_1_wf.bold_confounds_wf.model_expansion" in "/work/fmriprep_25_0_wf/sub_GEO067_wf/bold_ses_t3_task_image_run_1_wf/bold_confounds_wf/model_expansion".
250528-06:16:05,591 nipype.workflow INFO:
	 [Node] Executing "model_expansion" <niworkflows.interfaces.confounds.ExpandModel>
250528-06:16:05,815 nipype.workflow INFO:
	 [Node] Finished "model_expansion", elapsed time 0.222797s.
250528-06:16:07,495 nipype.workflow INFO:
	 [Node] Setting-up "fmriprep_25_0_wf.sub_GEO067_wf.bold_ses_t3_task_image_run_1_wf.bold_confounds_wf.conf_corr_plot" in "/work/fmriprep_25_0_wf/sub_GEO067_wf/bold_ses_t3_task_image_run_1_wf/bold_confounds_wf/conf_corr_plot".
250528-06:16:07,791 nipype.workflow INFO:
	 [Node] Executing "conf_corr_plot" <nireports.interfaces.nuisance.ConfoundsCorrelationPlot>
250528-06:16:08,768 nipype.workflow INFO:
	 [Node] Finished "conf_corr_plot", elapsed time 0.97616s.
250528-06:16:09,543 nipype.workflow INFO:
	 [Node] Setting-up "fmriprep_25_0_wf.sub_GEO067_wf.bold_ses_t3_task_image_run_2_wf.bold_confounds_wf.compcor_plot" in "/work/fmriprep_25_0_wf/sub_GEO067_wf/bold_ses_t3_task_image_run_2_wf/bold_confounds_wf/compcor_plot".
250528-06:16:09,631 nipype.workflow INFO:
	 [Node] Executing "compcor_plot" <nireports.interfaces.nuisance.CompCorVariancePlot>
250528-06:16:09,897 nipype.workflow INFO:
	 [Node] Finished "compcor_plot", elapsed time 0.264906s.
250528-06:16:12,636 nipype.workflow INFO:
	 [Node] Setting-up "fmriprep_25_0_wf.sub_GEO067_wf.bold_ses_t3_task_image_run_2_wf.bold_confounds_wf.acc_metadata_fmt" in "/work/fmriprep_25_0_wf/sub_GEO067_wf/bold_ses_t3_task_image_run_2_wf/bold_confounds_wf/acc_metadata_fmt".
250528-06:16:13,218 nipype.workflow INFO:
	 [Node] Executing "acc_metadata_fmt" <niworkflows.interfaces.utility.TSV2JSON>
250528-06:16:13,278 nipype.workflow INFO:
	 [Node] Finished "acc_metadata_fmt", elapsed time 0.048208s.
250528-06:16:15,734 nipype.workflow INFO:
	 [Node] Setting-up "fmriprep_25_0_wf.sub_GEO067_wf.bold_ses_t3_task_image_run_2_wf.bold_confounds_wf.model_expansion" in "/work/fmriprep_25_0_wf/sub_GEO067_wf/bold_ses_t3_task_image_run_2_wf/bold_confounds_wf/model_expansion".
250528-06:16:16,89 nipype.workflow INFO:
	 [Node] Executing "model_expansion" <niworkflows.interfaces.confounds.ExpandModel>
250528-06:16:16,334 nipype.workflow INFO:
	 [Node] Finished "model_expansion", elapsed time 0.241408s.
250528-06:16:17,506 nipype.workflow INFO:
	 [Node] Setting-up "fmriprep_25_0_wf.sub_GEO067_wf.bold_ses_t3_task_image_run_2_wf.bold_confounds_wf.conf_corr_plot" in "/work/fmriprep_25_0_wf/sub_GEO067_wf/bold_ses_t3_task_image_run_2_wf/bold_confounds_wf/conf_corr_plot".
250528-06:16:17,596 nipype.workflow INFO:
	 [Node] Executing "conf_corr_plot" <nireports.interfaces.nuisance.ConfoundsCorrelationPlot>
250528-06:16:18,616 nipype.workflow INFO:
	 [Node] Finished "conf_corr_plot", elapsed time 1.019623s.
250528-06:16:19,506 nipype.workflow INFO:
	 [Node] Setting-up "fmriprep_25_0_wf.sub_GEO067_wf.bold_ses_t3_task_image_run_3_wf.bold_confounds_wf.compcor_plot" in "/work/fmriprep_25_0_wf/sub_GEO067_wf/bold_ses_t3_task_image_run_3_wf/bold_confounds_wf/compcor_plot".
250528-06:16:19,594 nipype.workflow INFO:
	 [Node] Executing "compcor_plot" <nireports.interfaces.nuisance.CompCorVariancePlot>
250528-06:16:19,840 nipype.workflow INFO:
	 [Node] Finished "compcor_plot", elapsed time 0.245317s.
250528-06:16:21,999 nipype.workflow INFO:
	 [Node] Setting-up "fmriprep_25_0_wf.sub_GEO067_wf.bold_ses_t3_task_image_run_3_wf.bold_confounds_wf.acc_metadata_fmt" in "/work/fmriprep_25_0_wf/sub_GEO067_wf/bold_ses_t3_task_image_run_3_wf/bold_confounds_wf/acc_metadata_fmt".
250528-06:16:22,74 nipype.workflow INFO:
	 [Node] Executing "acc_metadata_fmt" <niworkflows.interfaces.utility.TSV2JSON>
250528-06:16:22,82 nipype.workflow INFO:
	 [Node] Finished "acc_metadata_fmt", elapsed time 0.007399s.
250528-06:16:23,505 nipype.workflow INFO:
	 [Node] Setting-up "fmriprep_25_0_wf.sub_GEO067_wf.bold_ses_t3_task_image_run_3_wf.bold_confounds_wf.model_expansion" in "/work/fmriprep_25_0_wf/sub_GEO067_wf/bold_ses_t3_task_image_run_3_wf/bold_confounds_wf/model_expansion".
250528-06:16:23,579 nipype.workflow INFO:
	 [Node] Executing "model_expansion" <niworkflows.interfaces.confounds.ExpandModel>
250528-06:16:23,785 nipype.workflow INFO:
	 [Node] Finished "model_expansion", elapsed time 0.204347s.
250528-06:16:25,488 nipype.workflow INFO:
	 [Node] Setting-up "fmriprep_25_0_wf.sub_GEO067_wf.bold_ses_t3_task_image_run_3_wf.bold_confounds_wf.conf_corr_plot" in "/work/fmriprep_25_0_wf/sub_GEO067_wf/bold_ses_t3_task_image_run_3_wf/bold_confounds_wf/conf_corr_plot".
250528-06:16:25,583 nipype.workflow INFO:
	 [Node] Executing "conf_corr_plot" <nireports.interfaces.nuisance.ConfoundsCorrelationPlot>
250528-06:16:26,472 nipype.workflow INFO:
	 [Node] Finished "conf_corr_plot", elapsed time 0.88739s.
250528-06:16:27,514 nipype.workflow INFO:
	 [Node] Setting-up "fmriprep_25_0_wf.sub_GEO067_wf.bold_ses_t3_task_image_run_4_wf.bold_confounds_wf.compcor_plot" in "/work/fmriprep_25_0_wf/sub_GEO067_wf/bold_ses_t3_task_image_run_4_wf/bold_confounds_wf/compcor_plot".
250528-06:16:27,605 nipype.workflow INFO:
	 [Node] Executing "compcor_plot" <nireports.interfaces.nuisance.CompCorVariancePlot>
250528-06:16:27,926 nipype.workflow INFO:
	 [Node] Finished "compcor_plot", elapsed time 0.320485s.
250528-06:16:30,77 nipype.workflow INFO:
	 [Node] Setting-up "fmriprep_25_0_wf.sub_GEO067_wf.bold_ses_t3_task_image_run_4_wf.bold_confounds_wf.acc_metadata_fmt" in "/work/fmriprep_25_0_wf/sub_GEO067_wf/bold_ses_t3_task_image_run_4_wf/bold_confounds_wf/acc_metadata_fmt".
250528-06:16:30,157 nipype.workflow INFO:
	 [Node] Executing "acc_metadata_fmt" <niworkflows.interfaces.utility.TSV2JSON>
250528-06:16:30,165 nipype.workflow INFO:
	 [Node] Finished "acc_metadata_fmt", elapsed time 0.006939s.
250528-06:16:31,517 nipype.workflow INFO:
	 [Node] Setting-up "fmriprep_25_0_wf.sub_GEO067_wf.bold_ses_t3_task_image_run_4_wf.bold_confounds_wf.model_expansion" in "/work/fmriprep_25_0_wf/sub_GEO067_wf/bold_ses_t3_task_image_run_4_wf/bold_confounds_wf/model_expansion".
250528-06:16:31,594 nipype.workflow INFO:
	 [Node] Executing "model_expansion" <niworkflows.interfaces.confounds.ExpandModel>
250528-06:16:31,774 nipype.workflow INFO:
	 [Node] Finished "model_expansion", elapsed time 0.179103s.
250528-06:16:33,510 nipype.workflow INFO:
	 [Node] Setting-up "fmriprep_25_0_wf.sub_GEO067_wf.bold_ses_t3_task_image_run_4_wf.bold_confounds_wf.conf_corr_plot" in "/work/fmriprep_25_0_wf/sub_GEO067_wf/bold_ses_t3_task_image_run_4_wf/bold_confounds_wf/conf_corr_plot".
250528-06:16:33,650 nipype.workflow INFO:
	 [Node] Executing "conf_corr_plot" <nireports.interfaces.nuisance.ConfoundsCorrelationPlot>
250528-06:16:34,772 nipype.workflow INFO:
	 [Node] Finished "conf_corr_plot", elapsed time 1.120519s.
250528-06:16:37,843 nipype.workflow INFO:
	 [Node] Setting-up "fmriprep_25_0_wf.sub_GEO067_wf.bold_ses_t3_task_image_run_5_wf.bold_confounds_wf.compcor_plot" in "/work/fmriprep_25_0_wf/sub_GEO067_wf/bold_ses_t3_task_image_run_5_wf/bold_confounds_wf/compcor_plot".
250528-06:16:38,570 nipype.workflow INFO:
	 [Node] Executing "compcor_plot" <nireports.interfaces.nuisance.CompCorVariancePlot>
250528-06:16:39,31 nipype.workflow INFO:
	 [Node] Finished "compcor_plot", elapsed time 0.450064s.
250528-06:16:40,0 nipype.workflow INFO:
	 [Node] Setting-up "fmriprep_25_0_wf.sub_GEO067_wf.bold_ses_t3_task_image_run_5_wf.bold_confounds_wf.acc_metadata_fmt" in "/work/fmriprep_25_0_wf/sub_GEO067_wf/bold_ses_t3_task_image_run_5_wf/bold_confounds_wf/acc_metadata_fmt".
250528-06:16:40,78 nipype.workflow INFO:
	 [Node] Executing "acc_metadata_fmt" <niworkflows.interfaces.utility.TSV2JSON>
250528-06:16:40,88 nipype.workflow INFO:
	 [Node] Finished "acc_metadata_fmt", elapsed time 0.008182s.
250528-06:16:41,518 nipype.workflow INFO:
	 [Node] Setting-up "fmriprep_25_0_wf.sub_GEO067_wf.bold_ses_t3_task_image_run_5_wf.bold_confounds_wf.model_expansion" in "/work/fmriprep_25_0_wf/sub_GEO067_wf/bold_ses_t3_task_image_run_5_wf/bold_confounds_wf/model_expansion".
250528-06:16:41,592 nipype.workflow INFO:
	 [Node] Executing "model_expansion" <niworkflows.interfaces.confounds.ExpandModel>
250528-06:16:41,771 nipype.workflow INFO:
	 [Node] Finished "model_expansion", elapsed time 0.177516s.
250528-06:16:43,472 nipype.workflow INFO:
	 [Node] Setting-up "fmriprep_25_0_wf.sub_GEO067_wf.bold_ses_t3_task_image_run_5_wf.bold_confounds_wf.conf_corr_plot" in "/work/fmriprep_25_0_wf/sub_GEO067_wf/bold_ses_t3_task_image_run_5_wf/bold_confounds_wf/conf_corr_plot".
250528-06:16:43,572 nipype.workflow INFO:
	 [Node] Executing "conf_corr_plot" <nireports.interfaces.nuisance.ConfoundsCorrelationPlot>
250528-06:16:44,522 nipype.workflow INFO:
	 [Node] Finished "conf_corr_plot", elapsed time 0.949352s.
250528-06:16:46,623 nipype.workflow INFO:
	 [Node] Setting-up "fmriprep_25_0_wf.sub_GEO067_wf.bold_ses_t2_task_image_run_1_wf.bold_confounds_wf.spike_regressors" in "/work/fmriprep_25_0_wf/sub_GEO067_wf/bold_ses_t2_task_image_run_1_wf/bold_confounds_wf/spike_regressors".
250528-06:16:46,701 nipype.workflow INFO:
	 [Node] Executing "spike_regressors" <niworkflows.interfaces.confounds.SpikeRegressors>
250528-06:16:46,917 nipype.workflow INFO:
	 [Node] Finished "spike_regressors", elapsed time 0.21544s.
250528-06:16:49,188 nipype.workflow INFO:
	 [Node] Setting-up "fmriprep_25_0_wf.sub_GEO067_wf.bold_ses_t2_task_image_run_2_wf.bold_confounds_wf.spike_regressors" in "/work/fmriprep_25_0_wf/sub_GEO067_wf/bold_ses_t2_task_image_run_2_wf/bold_confounds_wf/spike_regressors".
250528-06:16:49,310 nipype.workflow INFO:
	 [Node] Executing "spike_regressors" <niworkflows.interfaces.confounds.SpikeRegressors>
250528-06:16:49,537 nipype.workflow INFO:
	 [Node] Finished "spike_regressors", elapsed time 0.226244s.
250528-06:16:53,184 nipype.workflow INFO:
	 [Node] Setting-up "fmriprep_25_0_wf.sub_GEO067_wf.bold_ses_t2_task_image_run_3_wf.bold_confounds_wf.spike_regressors" in "/work/fmriprep_25_0_wf/sub_GEO067_wf/bold_ses_t2_task_image_run_3_wf/bold_confounds_wf/spike_regressors".
250528-06:16:53,276 nipype.workflow INFO:
	 [Node] Executing "spike_regressors" <niworkflows.interfaces.confounds.SpikeRegressors>
250528-06:16:53,465 nipype.workflow INFO:
	 [Node] Finished "spike_regressors", elapsed time 0.187633s.
250528-06:16:57,380 nipype.workflow INFO:
	 [Node] Setting-up "fmriprep_25_0_wf.sub_GEO067_wf.bold_ses_t2_task_image_run_4_wf.bold_confounds_wf.spike_regressors" in "/work/fmriprep_25_0_wf/sub_GEO067_wf/bold_ses_t2_task_image_run_4_wf/bold_confounds_wf/spike_regressors".
250528-06:16:57,459 nipype.workflow INFO:
	 [Node] Executing "spike_regressors" <niworkflows.interfaces.confounds.SpikeRegressors>
250528-06:16:57,693 nipype.workflow INFO:
	 [Node] Finished "spike_regressors", elapsed time 0.233068s.
250528-06:17:03,615 nipype.workflow INFO:
	 [Node] Setting-up "fmriprep_25_0_wf.sub_GEO067_wf.bold_ses_t2_task_image_run_5_wf.bold_confounds_wf.spike_regressors" in "/work/fmriprep_25_0_wf/sub_GEO067_wf/bold_ses_t2_task_image_run_5_wf/bold_confounds_wf/spike_regressors".
250528-06:17:03,737 nipype.workflow INFO:
	 [Node] Executing "spike_regressors" <niworkflows.interfaces.confounds.SpikeRegressors>
250528-06:17:03,962 nipype.workflow INFO:
	 [Node] Finished "spike_regressors", elapsed time 0.224312s.
250528-06:17:07,709 nipype.workflow INFO:
	 [Node] Setting-up "fmriprep_25_0_wf.sub_GEO067_wf.bold_ses_t3_task_image_run_1_wf.bold_confounds_wf.spike_regressors" in "/work/fmriprep_25_0_wf/sub_GEO067_wf/bold_ses_t3_task_image_run_1_wf/bold_confounds_wf/spike_regressors".
250528-06:17:07,789 nipype.workflow INFO:
	 [Node] Executing "spike_regressors" <niworkflows.interfaces.confounds.SpikeRegressors>
250528-06:17:08,28 nipype.workflow INFO:
	 [Node] Finished "spike_regressors", elapsed time 0.238638s.
250528-06:17:11,675 nipype.workflow INFO:
	 [Node] Setting-up "fmriprep_25_0_wf.sub_GEO067_wf.bold_ses_t3_task_image_run_2_wf.bold_confounds_wf.spike_regressors" in "/work/fmriprep_25_0_wf/sub_GEO067_wf/bold_ses_t3_task_image_run_2_wf/bold_confounds_wf/spike_regressors".
250528-06:17:11,745 nipype.workflow INFO:
	 [Node] Executing "spike_regressors" <niworkflows.interfaces.confounds.SpikeRegressors>
250528-06:17:11,973 nipype.workflow INFO:
	 [Node] Finished "spike_regressors", elapsed time 0.226893s.
250528-06:17:15,456 nipype.workflow INFO:
	 [Node] Setting-up "fmriprep_25_0_wf.sub_GEO067_wf.bold_ses_t3_task_image_run_3_wf.bold_confounds_wf.spike_regressors" in "/work/fmriprep_25_0_wf/sub_GEO067_wf/bold_ses_t3_task_image_run_3_wf/bold_confounds_wf/spike_regressors".
250528-06:17:15,691 nipype.workflow INFO:
	 [Node] Executing "spike_regressors" <niworkflows.interfaces.confounds.SpikeRegressors>
250528-06:17:15,835 nipype.workflow INFO:
	 [Node] Finished "spike_regressors", elapsed time 0.143245s.
250528-06:17:19,558 nipype.workflow INFO:
	 [Node] Setting-up "fmriprep_25_0_wf.sub_GEO067_wf.bold_ses_t3_task_image_run_4_wf.bold_confounds_wf.spike_regressors" in "/work/fmriprep_25_0_wf/sub_GEO067_wf/bold_ses_t3_task_image_run_4_wf/bold_confounds_wf/spike_regressors".
250528-06:17:19,641 nipype.workflow INFO:
	 [Node] Executing "spike_regressors" <niworkflows.interfaces.confounds.SpikeRegressors>
250528-06:17:19,801 nipype.workflow INFO:
	 [Node] Finished "spike_regressors", elapsed time 0.159148s.
250528-06:17:25,673 nipype.workflow INFO:
	 [Node] Setting-up "fmriprep_25_0_wf.sub_GEO067_wf.bold_ses_t3_task_image_run_5_wf.bold_confounds_wf.spike_regressors" in "/work/fmriprep_25_0_wf/sub_GEO067_wf/bold_ses_t3_task_image_run_5_wf/bold_confounds_wf/spike_regressors".
250528-06:17:25,746 nipype.workflow INFO:
	 [Node] Executing "spike_regressors" <niworkflows.interfaces.confounds.SpikeRegressors>
250528-06:17:25,898 nipype.workflow INFO:
	 [Node] Finished "spike_regressors", elapsed time 0.151233s.
250528-06:17:34,98 nipype.workflow INFO:
	 [Node] Setting-up "_acc_msk_tfm0" in "/work/fmriprep_25_0_wf/sub_GEO067_wf/bold_ses_t3_task_retrans_run_1_wf/bold_confounds_wf/acc_msk_tfm/mapflow/_acc_msk_tfm0".
250528-06:17:34,191 nipype.workflow INFO:
	 [Node] Executing "_acc_msk_tfm0" <niworkflows.interfaces.fixes.FixHeaderApplyTransforms>
250528-06:17:36,391 nipype.workflow INFO:
	 [Node] Finished "_acc_msk_tfm0", elapsed time 2.199245s.
250528-06:17:47,520 nipype.workflow INFO:
	 [Node] Setting-up "_acc_msk_tfm1" in "/work/fmriprep_25_0_wf/sub_GEO067_wf/bold_ses_t3_task_retrans_run_1_wf/bold_confounds_wf/acc_msk_tfm/mapflow/_acc_msk_tfm1".
250528-06:17:47,984 nipype.workflow INFO:
	 [Node] Executing "_acc_msk_tfm1" <niworkflows.interfaces.fixes.FixHeaderApplyTransforms>
250528-06:17:49,456 nipype.workflow INFO:
	 [Node] Finished "_acc_msk_tfm1", elapsed time 1.4702169999999999s.
250528-06:17:49,901 nipype.workflow INFO:
	 [Node] Setting-up "_acc_msk_tfm2" in "/work/fmriprep_25_0_wf/sub_GEO067_wf/bold_ses_t3_task_retrans_run_1_wf/bold_confounds_wf/acc_msk_tfm/mapflow/_acc_msk_tfm2".
250528-06:17:49,982 nipype.workflow INFO:
	 [Node] Executing "_acc_msk_tfm2" <niworkflows.interfaces.fixes.FixHeaderApplyTransforms>
250528-06:17:50,905 nipype.workflow INFO:
	 [Node] Finished "_acc_msk_tfm2", elapsed time 0.922007s.
250528-06:17:51,975 nipype.workflow INFO:
	 [Node] Setting-up "_acc_msk_tfm0" in "/work/fmriprep_25_0_wf/sub_GEO067_wf/bold_ses_t3_task_retrans_run_1_wf/bold_confounds_wf/acc_msk_tfm/mapflow/_acc_msk_tfm0".
250528-06:17:51,979 nipype.workflow INFO:
	 [Node] Cached "_acc_msk_tfm0" - collecting precomputed outputs
250528-06:17:51,979 nipype.workflow INFO:
	 [Node] "_acc_msk_tfm0" found cached.
250528-06:17:51,980 nipype.workflow INFO:
	 [Node] Setting-up "_acc_msk_tfm1" in "/work/fmriprep_25_0_wf/sub_GEO067_wf/bold_ses_t3_task_retrans_run_1_wf/bold_confounds_wf/acc_msk_tfm/mapflow/_acc_msk_tfm1".
250528-06:17:51,982 nipype.workflow INFO:
	 [Node] Cached "_acc_msk_tfm1" - collecting precomputed outputs
250528-06:17:51,982 nipype.workflow INFO:
	 [Node] "_acc_msk_tfm1" found cached.
250528-06:17:51,983 nipype.workflow INFO:
	 [Node] Setting-up "_acc_msk_tfm2" in "/work/fmriprep_25_0_wf/sub_GEO067_wf/bold_ses_t3_task_retrans_run_1_wf/bold_confounds_wf/acc_msk_tfm/mapflow/_acc_msk_tfm2".
250528-06:17:51,985 nipype.workflow INFO:
	 [Node] Cached "_acc_msk_tfm2" - collecting precomputed outputs
250528-06:17:51,985 nipype.workflow INFO:
	 [Node] "_acc_msk_tfm2" found cached.
250528-06:17:55,923 nipype.workflow INFO:
	 [Node] Setting-up "_acc_msk_brain0" in "/work/fmriprep_25_0_wf/sub_GEO067_wf/bold_ses_t3_task_retrans_run_1_wf/bold_confounds_wf/acc_msk_brain/mapflow/_acc_msk_brain0".
250528-06:17:56,18 nipype.workflow INFO:
	 [Node] Executing "_acc_msk_brain0" <niworkflows.interfaces.nibabel.ApplyMask>
250528-06:17:56,103 nipype.workflow INFO:
	 [Node] Finished "_acc_msk_brain0", elapsed time 0.084465s.
250528-06:17:57,853 nipype.workflow INFO:
	 [Node] Setting-up "_acc_msk_brain1" in "/work/fmriprep_25_0_wf/sub_GEO067_wf/bold_ses_t3_task_retrans_run_1_wf/bold_confounds_wf/acc_msk_brain/mapflow/_acc_msk_brain1".
250528-06:17:57,934 nipype.workflow INFO:
	 [Node] Executing "_acc_msk_brain1" <niworkflows.interfaces.nibabel.ApplyMask>
250528-06:17:58,5 nipype.workflow INFO:
	 [Node] Finished "_acc_msk_brain1", elapsed time 0.07023s.
250528-06:17:59,848 nipype.workflow INFO:
	 [Node] Setting-up "_acc_msk_brain2" in "/work/fmriprep_25_0_wf/sub_GEO067_wf/bold_ses_t3_task_retrans_run_1_wf/bold_confounds_wf/acc_msk_brain/mapflow/_acc_msk_brain2".
250528-06:17:59,922 nipype.workflow INFO:
	 [Node] Executing "_acc_msk_brain2" <niworkflows.interfaces.nibabel.ApplyMask>
250528-06:17:59,988 nipype.workflow INFO:
	 [Node] Finished "_acc_msk_brain2", elapsed time 0.064754s.
250528-06:18:01,971 nipype.workflow INFO:
	 [Node] Setting-up "_acc_msk_brain0" in "/work/fmriprep_25_0_wf/sub_GEO067_wf/bold_ses_t3_task_retrans_run_1_wf/bold_confounds_wf/acc_msk_brain/mapflow/_acc_msk_brain0".
250528-06:18:01,974 nipype.workflow INFO:
	 [Node] Cached "_acc_msk_brain0" - collecting precomputed outputs
250528-06:18:01,974 nipype.workflow INFO:
	 [Node] "_acc_msk_brain0" found cached.
250528-06:18:01,974 nipype.workflow INFO:
	 [Node] Setting-up "_acc_msk_brain1" in "/work/fmriprep_25_0_wf/sub_GEO067_wf/bold_ses_t3_task_retrans_run_1_wf/bold_confounds_wf/acc_msk_brain/mapflow/_acc_msk_brain1".
250528-06:18:01,977 nipype.workflow INFO:
	 [Node] Cached "_acc_msk_brain1" - collecting precomputed outputs
250528-06:18:01,977 nipype.workflow INFO:
	 [Node] "_acc_msk_brain1" found cached.
250528-06:18:01,977 nipype.workflow INFO:
	 [Node] Setting-up "_acc_msk_brain2" in "/work/fmriprep_25_0_wf/sub_GEO067_wf/bold_ses_t3_task_retrans_run_1_wf/bold_confounds_wf/acc_msk_brain/mapflow/_acc_msk_brain2".
250528-06:18:01,979 nipype.workflow INFO:
	 [Node] Cached "_acc_msk_brain2" - collecting precomputed outputs
250528-06:18:01,979 nipype.workflow INFO:
	 [Node] "_acc_msk_brain2" found cached.
250528-06:18:05,953 nipype.workflow INFO:
	 [Node] Setting-up "_acc_msk_bin0" in "/work/fmriprep_25_0_wf/sub_GEO067_wf/bold_ses_t3_task_retrans_run_1_wf/bold_confounds_wf/acc_msk_bin/mapflow/_acc_msk_bin0".
250528-06:18:06,503 nipype.workflow INFO:
	 [Node] Executing "_acc_msk_bin0" <niworkflows.interfaces.nibabel.Binarize>
250528-06:18:06,867 nipype.workflow INFO:
	 [Node] Finished "_acc_msk_bin0", elapsed time 0.352767s.
250528-06:18:07,917 nipype.workflow INFO:
	 [Node] Setting-up "_acc_msk_bin1" in "/work/fmriprep_25_0_wf/sub_GEO067_wf/bold_ses_t3_task_retrans_run_1_wf/bold_confounds_wf/acc_msk_bin/mapflow/_acc_msk_bin1".
250528-06:18:08,55 nipype.workflow INFO:
	 [Node] Executing "_acc_msk_bin1" <niworkflows.interfaces.nibabel.Binarize>
250528-06:18:08,167 nipype.workflow INFO:
	 [Node] Finished "_acc_msk_bin1", elapsed time 0.111261s.
250528-06:18:09,855 nipype.workflow INFO:
	 [Node] Setting-up "_acc_msk_bin2" in "/work/fmriprep_25_0_wf/sub_GEO067_wf/bold_ses_t3_task_retrans_run_1_wf/bold_confounds_wf/acc_msk_bin/mapflow/_acc_msk_bin2".
250528-06:18:09,925 nipype.workflow INFO:
	 [Node] Executing "_acc_msk_bin2" <niworkflows.interfaces.nibabel.Binarize>
250528-06:18:09,982 nipype.workflow INFO:
	 [Node] Finished "_acc_msk_bin2", elapsed time 0.055259s.
250528-06:18:11,863 nipype.workflow INFO:
	 [Node] Setting-up "_acc_msk_bin0" in "/work/fmriprep_25_0_wf/sub_GEO067_wf/bold_ses_t3_task_retrans_run_1_wf/bold_confounds_wf/acc_msk_bin/mapflow/_acc_msk_bin0".
250528-06:18:11,865 nipype.workflow INFO:
	 [Node] Cached "_acc_msk_bin0" - collecting precomputed outputs
250528-06:18:11,866 nipype.workflow INFO:
	 [Node] "_acc_msk_bin0" found cached.
250528-06:18:11,866 nipype.workflow INFO:
	 [Node] Setting-up "_acc_msk_bin1" in "/work/fmriprep_25_0_wf/sub_GEO067_wf/bold_ses_t3_task_retrans_run_1_wf/bold_confounds_wf/acc_msk_bin/mapflow/_acc_msk_bin1".
250528-06:18:11,868 nipype.workflow INFO:
	 [Node] Cached "_acc_msk_bin1" - collecting precomputed outputs
250528-06:18:11,868 nipype.workflow INFO:
	 [Node] "_acc_msk_bin1" found cached.
250528-06:18:11,869 nipype.workflow INFO:
	 [Node] Setting-up "_acc_msk_bin2" in "/work/fmriprep_25_0_wf/sub_GEO067_wf/bold_ses_t3_task_retrans_run_1_wf/bold_confounds_wf/acc_msk_bin/mapflow/_acc_msk_bin2".
250528-06:18:11,871 nipype.workflow INFO:
	 [Node] Cached "_acc_msk_bin2" - collecting precomputed outputs
250528-06:18:11,871 nipype.workflow INFO:
	 [Node] "_acc_msk_bin2" found cached.
250528-06:18:13,818 nipype.workflow INFO:
	 [Node] Setting-up "fmriprep_25_0_wf.sub_GEO067_wf.bold_ses_t3_task_retrans_run_1_wf.bold_confounds_wf.acompcor" in "/work/fmriprep_25_0_wf/sub_GEO067_wf/bold_ses_t3_task_retrans_run_1_wf/bold_confounds_wf/acompcor".
250528-06:18:13,930 nipype.workflow INFO:
	 [Node] Executing "acompcor" <niworkflows.interfaces.patches.RobustACompCor>
250528-06:18:20,722 nipype.workflow INFO:
	 [Node] Finished "acompcor", elapsed time 6.791307s.
250528-06:18:22,665 nipype.workflow INFO:
	 [Node] Setting-up "fmriprep_25_0_wf.sub_GEO067_wf.bold_ses_t3_task_retrans_run_1_wf.bold_confounds_wf.rename_acompcor" in "/work/fmriprep_25_0_wf/sub_GEO067_wf/bold_ses_t3_task_retrans_run_1_wf/bold_confounds_wf/rename_acompcor".
250528-06:18:22,738 nipype.workflow INFO:
	 [Node] Executing "rename_acompcor" <fmriprep.interfaces.confounds.RenameACompCor>
250528-06:18:22,851 nipype.workflow INFO:
	 [Node] Finished "rename_acompcor", elapsed time 0.111943s.
250528-06:18:23,842 nipype.workflow INFO:
	 [Node] Setting-up "fmriprep_25_0_wf.sub_GEO067_wf.bold_ses_t3_task_retrans_run_1_wf.bold_confounds_wf.signals" in "/work/fmriprep_25_0_wf/sub_GEO067_wf/bold_ses_t3_task_retrans_run_1_wf/bold_confounds_wf/signals".
250528-06:18:23,920 nipype.workflow INFO:
	 [Node] Executing "signals" <niworkflows.interfaces.images.SignalExtraction>
250528-06:18:31,247 nipype.workflow INFO:
	 [Node] Finished "signals", elapsed time 7.326131s.
250528-06:18:32,285 nipype.workflow INFO:
	 [Node] Setting-up "fmriprep_25_0_wf.sub_GEO067_wf.bold_ses_t3_task_retrans_run_1_wf.bold_confounds_wf.rois_plot" in "/work/fmriprep_25_0_wf/sub_GEO067_wf/bold_ses_t3_task_retrans_run_1_wf/bold_confounds_wf/rois_plot".
250528-06:18:32,444 nipype.workflow INFO:
	 [Node] Executing "rois_plot" <niworkflows.interfaces.reportlets.masks.ROIsPlot>
250528-06:18:51,874 nipype.workflow INFO:
	 [Node] Finished "rois_plot", elapsed time 19.429152s.
250528-06:18:53,957 nipype.workflow INFO:
	 [Node] Setting-up "fmriprep_25_0_wf.sub_GEO067_wf.bold_ses_t3_task_retrans_run_1_wf.bold_confounds_wf.acc_metadata_filter" in "/work/fmriprep_25_0_wf/sub_GEO067_wf/bold_ses_t3_task_retrans_run_1_wf/bold_confounds_wf/acc_metadata_filter".
250528-06:18:54,32 nipype.workflow INFO:
	 [Node] Executing "acc_metadata_filter" <fmriprep.interfaces.confounds.FilterDropped>
250528-06:18:54,46 nipype.workflow INFO:
	 [Node] Finished "acc_metadata_filter", elapsed time 0.014003s.
250528-06:18:56,573 nipype.workflow INFO:
	 [Node] Setting-up "fmriprep_25_0_wf.sub_GEO067_wf.bold_ses_t3_task_retrans_run_1_wf.bold_confounds_wf.compcor_plot" in "/work/fmriprep_25_0_wf/sub_GEO067_wf/bold_ses_t3_task_retrans_run_1_wf/bold_confounds_wf/compcor_plot".
250528-06:18:56,648 nipype.workflow INFO:
	 [Node] Executing "compcor_plot" <nireports.interfaces.nuisance.CompCorVariancePlot>
250528-06:18:57,92 nipype.workflow INFO:
	 [Node] Finished "compcor_plot", elapsed time 0.443744s.
250528-06:18:58,398 nipype.workflow INFO:
	 [Node] Setting-up "fmriprep_25_0_wf.sub_GEO067_wf.bold_ses_t3_task_retrans_run_1_wf.bold_confounds_wf.acc_metadata_fmt" in "/work/fmriprep_25_0_wf/sub_GEO067_wf/bold_ses_t3_task_retrans_run_1_wf/bold_confounds_wf/acc_metadata_fmt".
250528-06:18:58,471 nipype.workflow INFO:
	 [Node] Executing "acc_metadata_fmt" <niworkflows.interfaces.utility.TSV2JSON>
250528-06:18:58,478 nipype.workflow INFO:
	 [Node] Finished "acc_metadata_fmt", elapsed time 0.006123s.
250528-06:18:59,843 nipype.workflow INFO:
	 [Node] Setting-up "fmriprep_25_0_wf.sub_GEO067_wf.bold_ses_t3_task_retrans_run_1_wf.bold_confounds_wf.model_expansion" in "/work/fmriprep_25_0_wf/sub_GEO067_wf/bold_ses_t3_task_retrans_run_1_wf/bold_confounds_wf/model_expansion".
250528-06:18:59,918 nipype.workflow INFO:
	 [Node] Executing "model_expansion" <niworkflows.interfaces.confounds.ExpandModel>
250528-06:19:00,73 nipype.workflow INFO:
	 [Node] Finished "model_expansion", elapsed time 0.15458s.
250528-06:19:01,841 nipype.workflow INFO:
	 [Node] Setting-up "fmriprep_25_0_wf.sub_GEO067_wf.bold_ses_t3_task_retrans_run_1_wf.bold_confounds_wf.conf_corr_plot" in "/work/fmriprep_25_0_wf/sub_GEO067_wf/bold_ses_t3_task_retrans_run_1_wf/bold_confounds_wf/conf_corr_plot".
250528-06:19:01,947 nipype.workflow INFO:
	 [Node] Executing "conf_corr_plot" <nireports.interfaces.nuisance.ConfoundsCorrelationPlot>
250528-06:19:02,873 nipype.workflow INFO:
	 [Node] Finished "conf_corr_plot", elapsed time 0.925415s.
250528-06:19:05,77 nipype.workflow INFO:
	 [Node] Setting-up "fmriprep_25_0_wf.sub_GEO067_wf.bold_ses_t3_task_retrans_run_1_wf.bold_confounds_wf.spike_regressors" in "/work/fmriprep_25_0_wf/sub_GEO067_wf/bold_ses_t3_task_retrans_run_1_wf/bold_confounds_wf/spike_regressors".
250528-06:19:05,145 nipype.workflow INFO:
	 [Node] Executing "spike_regressors" <niworkflows.interfaces.confounds.SpikeRegressors>
250528-06:19:05,354 nipype.workflow INFO:
	 [Node] Finished "spike_regressors", elapsed time 0.207434s.
250528-06:28:09,792 nipype.workflow INFO:
	 [Node] Finished "registration", elapsed time 1387.049558s.
250528-06:28:12,101 nipype.workflow INFO:
	 [Node] Setting-up "fmriprep_25_0_wf.sub_GEO067_wf.anat_fit_wf.register_template_wf.outputnode" in "/work/fmriprep_25_0_wf/sub_GEO067_wf/anat_fit_wf/register_template_wf/outputnode".
250528-06:28:12,110 nipype.workflow INFO:
	 [Node] Setting-up "fmriprep_25_0_wf.sub_GEO067_wf.bold_ses_t2_task_image_run_1_wf.bold_anat_wf.resample" in "/work/fmriprep_25_0_wf/sub_GEO067_wf/bold_ses_t2_task_image_run_1_wf/bold_anat_wf/resample".
250528-06:28:12,425 nipype.workflow INFO:
	 [Node] Executing "outputnode" <nipype.interfaces.utility.base.IdentityInterface>
250528-06:28:12,426 nipype.workflow INFO:
	 [Node] Finished "outputnode", elapsed time 0.000527s.
250528-06:28:12,438 nipype.workflow INFO:
	 [Node] Executing "resample" <fmriprep.interfaces.resampling.ResampleSeries>
250528-06:28:14,87 nipype.workflow INFO:
	 [Node] Setting-up "fmriprep_25_0_wf.sub_GEO067_wf.anat_fit_wf.template_buffer" in "/work/fmriprep_25_0_wf/sub_GEO067_wf/anat_fit_wf/template_buffer".
250528-06:28:14,323 nipype.workflow INFO:
	 [Node] Executing "template_buffer" <nipype.interfaces.utility.base.Merge>
250528-06:28:14,324 nipype.workflow INFO:
	 [Node] Finished "template_buffer", elapsed time 0.000482s.
250528-06:28:20,225 nipype.workflow INFO:
	 [Node] Setting-up "fmriprep_25_0_wf.sub_GEO067_wf.anat_fit_wf.anat2std_buffer" in "/work/fmriprep_25_0_wf/sub_GEO067_wf/anat_fit_wf/anat2std_buffer".
250528-06:28:20,535 nipype.workflow INFO:
	 [Node] Executing "anat2std_buffer" <nipype.interfaces.utility.base.Merge>
250528-06:28:20,536 nipype.workflow INFO:
	 [Node] Finished "anat2std_buffer", elapsed time 0.000478s.
250528-06:28:22,225 nipype.workflow INFO:
	 [Node] Setting-up "fmriprep_25_0_wf.sub_GEO067_wf.anat_fit_wf.std2anat_buffer" in "/work/fmriprep_25_0_wf/sub_GEO067_wf/anat_fit_wf/std2anat_buffer".
250528-06:28:22,495 nipype.workflow INFO:
	 [Node] Executing "std2anat_buffer" <nipype.interfaces.utility.base.Merge>
250528-06:28:22,496 nipype.workflow INFO:
	 [Node] Finished "std2anat_buffer", elapsed time 0.000411s.
250528-06:28:27,102 nipype.workflow INFO:
	 [Node] Setting-up "fmriprep_25_0_wf.sub_GEO067_wf.ds_std_volumes_wf.anat2std_mask" in "/work/fmriprep_25_0_wf/sub_GEO067_wf/ds_std_volumes_wf/_in_tuple_MNI152NLin2009cAsym.resnative/anat2std_mask".
250528-06:28:27,282 nipype.workflow INFO:
	 [Node] Executing "anat2std_mask" <niworkflows.interfaces.fixes.FixHeaderApplyTransforms>
250528-06:28:33,597 nipype.workflow INFO:
	 [Node] Finished "resample", elapsed time 21.158075s.
250528-06:28:35,213 nipype.workflow INFO:
	 [Node] Setting-up "fmriprep_25_0_wf.sub_GEO067_wf.ds_std_volumes_wf.anat2std_dseg" in "/work/fmriprep_25_0_wf/sub_GEO067_wf/ds_std_volumes_wf/_in_tuple_MNI152NLin2009cAsym.resnative/anat2std_dseg".
250528-06:28:35,214 nipype.workflow INFO:
	 [Node] Setting-up "fmriprep_25_0_wf.sub_GEO067_wf.ds_std_volumes_wf.anat2std_t1w" in "/work/fmriprep_25_0_wf/sub_GEO067_wf/ds_std_volumes_wf/_in_tuple_MNI152NLin2009cAsym.resnative/anat2std_t1w".
250528-06:28:35,216 nipype.workflow INFO:
	 [Node] Setting-up "fmriprep_25_0_wf.sub_GEO067_wf.anat_fit_wf.anat_reports_wf.t1w_std" in "/work/fmriprep_25_0_wf/sub_GEO067_wf/anat_fit_wf/anat_reports_wf/_in_tuple_MNI152NLin2009cAsym.resnative/t1w_std".
250528-06:28:35,216 nipype.workflow INFO:
	 [Node] Setting-up "fmriprep_25_0_wf.sub_GEO067_wf.anat_fit_wf.anat_reports_wf.mask_std" in "/work/fmriprep_25_0_wf/sub_GEO067_wf/anat_fit_wf/anat_reports_wf/_in_tuple_MNI152NLin2009cAsym.resnative/mask_std".
250528-06:28:35,217 nipype.workflow INFO:
	 [Node] Setting-up "fmriprep_25_0_wf.sub_GEO067_wf.bold_ses_t2_task_image_run_1_wf.carpetplot_wf.mrg_xfms" in "/work/fmriprep_25_0_wf/sub_GEO067_wf/bold_ses_t2_task_image_run_1_wf/carpetplot_wf/mrg_xfms".
250528-06:28:35,218 nipype.workflow INFO:
	 [Node] Setting-up "fmriprep_25_0_wf.sub_GEO067_wf.bold_ses_t2_task_image_run_1_wf.ds_bold_std_wf.boldref2target" in "/work/fmriprep_25_0_wf/sub_GEO067_wf/bold_ses_t2_task_image_run_1_wf/ds_bold_std_wf/_in_tuple_MNI152NLin2009cAsym.resnative/boldref2target".
250528-06:28:35,422 nipype.workflow INFO:
	 [Node] Executing "anat2std_t1w" <niworkflows.interfaces.fixes.FixHeaderApplyTransforms>
250528-06:28:35,429 nipype.workflow INFO:
	 [Node] Executing "mask_std" <niworkflows.interfaces.fixes.FixHeaderApplyTransforms>
250528-06:28:35,430 nipype.workflow INFO:
	 [Node] Executing "boldref2target" <nipype.interfaces.utility.base.Merge>
250528-06:28:35,431 nipype.workflow INFO:
	 [Node] Finished "boldref2target", elapsed time 0.000326s.
250528-06:28:35,439 nipype.workflow INFO:
	 [Node] Executing "t1w_std" <niworkflows.interfaces.fixes.FixHeaderApplyTransforms>
250528-06:28:35,439 nipype.workflow INFO:
	 [Node] Executing "anat2std_dseg" <niworkflows.interfaces.fixes.FixHeaderApplyTransforms>
250528-06:28:35,471 nipype.workflow INFO:
	 [Node] Executing "mrg_xfms" <nipype.interfaces.utility.base.Merge>
250528-06:28:35,473 nipype.workflow INFO:
	 [Node] Finished "mrg_xfms", elapsed time 0.000507s.
250528-06:28:35,847 nipype.workflow INFO:
	 [Node] Setting-up "fmriprep_25_0_wf.sub_GEO067_wf.bold_ses_t2_task_image_run_1_wf.ds_bold_std_wf.sources" in "/work/fmriprep_25_0_wf/sub_GEO067_wf/bold_ses_t2_task_image_run_1_wf/ds_bold_std_wf/_in_tuple_MNI152NLin2009cAsym.resnative/sources".
250528-06:28:36,31 nipype.workflow INFO:
	 [Node] Executing "sources" <fmriprep.interfaces.bids.BIDSURI>
250528-06:28:36,39 nipype.workflow INFO:
	 [Node] Finished "sources", elapsed time 0.001028s.
250528-06:28:37,116 nipype.workflow INFO:
	 [Node] Setting-up "fmriprep_25_0_wf.sub_GEO067_wf.bold_ses_t2_task_image_run_2_wf.carpetplot_wf.mrg_xfms" in "/work/fmriprep_25_0_wf/sub_GEO067_wf/bold_ses_t2_task_image_run_2_wf/carpetplot_wf/mrg_xfms".
250528-06:28:37,117 nipype.workflow INFO:
	 [Node] Setting-up "fmriprep_25_0_wf.sub_GEO067_wf.bold_ses_t2_task_image_run_2_wf.ds_bold_std_wf.boldref2target" in "/work/fmriprep_25_0_wf/sub_GEO067_wf/bold_ses_t2_task_image_run_2_wf/ds_bold_std_wf/_in_tuple_MNI152NLin2009cAsym.resnative/boldref2target".
250528-06:28:37,374 nipype.workflow INFO:
	 [Node] Executing "mrg_xfms" <nipype.interfaces.utility.base.Merge>
250528-06:28:37,376 nipype.workflow INFO:
	 [Node] Finished "mrg_xfms", elapsed time 0.000429s.
250528-06:28:37,419 nipype.workflow INFO:
	 [Node] Executing "boldref2target" <nipype.interfaces.utility.base.Merge>
250528-06:28:37,420 nipype.workflow INFO:
	 [Node] Finished "boldref2target", elapsed time 0.000466s.
250528-06:28:37,857 nipype.workflow INFO:
	 [Node] Setting-up "fmriprep_25_0_wf.sub_GEO067_wf.bold_ses_t2_task_image_run_2_wf.ds_bold_std_wf.sources" in "/work/fmriprep_25_0_wf/sub_GEO067_wf/bold_ses_t2_task_image_run_2_wf/ds_bold_std_wf/_in_tuple_MNI152NLin2009cAsym.resnative/sources".
250528-06:28:38,113 nipype.workflow INFO:
	 [Node] Executing "sources" <fmriprep.interfaces.bids.BIDSURI>
250528-06:28:38,115 nipype.workflow INFO:
	 [Node] Finished "sources", elapsed time 0.001252s.
250528-06:28:39,212 nipype.workflow INFO:
	 [Node] Setting-up "fmriprep_25_0_wf.sub_GEO067_wf.bold_ses_t2_task_image_run_3_wf.carpetplot_wf.mrg_xfms" in "/work/fmriprep_25_0_wf/sub_GEO067_wf/bold_ses_t2_task_image_run_3_wf/carpetplot_wf/mrg_xfms".
250528-06:28:39,213 nipype.workflow INFO:
	 [Node] Setting-up "fmriprep_25_0_wf.sub_GEO067_wf.bold_ses_t2_task_image_run_3_wf.ds_bold_std_wf.sources" in "/work/fmriprep_25_0_wf/sub_GEO067_wf/bold_ses_t2_task_image_run_3_wf/ds_bold_std_wf/_in_tuple_MNI152NLin2009cAsym.resnative/sources".
250528-06:28:39,485 nipype.workflow INFO:
	 [Node] Executing "mrg_xfms" <nipype.interfaces.utility.base.Merge>
250528-06:28:39,486 nipype.workflow INFO:
	 [Node] Finished "mrg_xfms", elapsed time 0.000374s.
250528-06:28:39,520 nipype.workflow INFO:
	 [Node] Executing "sources" <fmriprep.interfaces.bids.BIDSURI>
250528-06:28:39,522 nipype.workflow INFO:
	 [Node] Finished "sources", elapsed time 0.001075s.
250528-06:28:40,26 nipype.workflow INFO:
	 [Node] Setting-up "fmriprep_25_0_wf.sub_GEO067_wf.bold_ses_t2_task_image_run_3_wf.ds_bold_std_wf.boldref2target" in "/work/fmriprep_25_0_wf/sub_GEO067_wf/bold_ses_t2_task_image_run_3_wf/ds_bold_std_wf/_in_tuple_MNI152NLin2009cAsym.resnative/boldref2target".
250528-06:28:40,145 nipype.workflow INFO:
	 [Node] Executing "boldref2target" <nipype.interfaces.utility.base.Merge>
250528-06:28:40,146 nipype.workflow INFO:
	 [Node] Finished "boldref2target", elapsed time 0.000413s.
250528-06:28:41,122 nipype.workflow INFO:
	 [Node] Setting-up "fmriprep_25_0_wf.sub_GEO067_wf.bold_ses_t2_task_image_run_4_wf.carpetplot_wf.mrg_xfms" in "/work/fmriprep_25_0_wf/sub_GEO067_wf/bold_ses_t2_task_image_run_4_wf/carpetplot_wf/mrg_xfms".
250528-06:28:41,123 nipype.workflow INFO:
	 [Node] Setting-up "fmriprep_25_0_wf.sub_GEO067_wf.bold_ses_t2_task_image_run_4_wf.ds_bold_std_wf.boldref2target" in "/work/fmriprep_25_0_wf/sub_GEO067_wf/bold_ses_t2_task_image_run_4_wf/ds_bold_std_wf/_in_tuple_MNI152NLin2009cAsym.resnative/boldref2target".
250528-06:28:41,262 nipype.workflow INFO:
	 [Node] Executing "mrg_xfms" <nipype.interfaces.utility.base.Merge>
250528-06:28:41,264 nipype.workflow INFO:
	 [Node] Finished "mrg_xfms", elapsed time 0.000457s.
250528-06:28:41,289 nipype.workflow INFO:
	 [Node] Executing "boldref2target" <nipype.interfaces.utility.base.Merge>
250528-06:28:41,290 nipype.workflow INFO:
	 [Node] Finished "boldref2target", elapsed time 0.000426s.
250528-06:28:41,673 nipype.workflow INFO:
	 [Node] Setting-up "fmriprep_25_0_wf.sub_GEO067_wf.bold_ses_t2_task_image_run_4_wf.ds_bold_std_wf.sources" in "/work/fmriprep_25_0_wf/sub_GEO067_wf/bold_ses_t2_task_image_run_4_wf/ds_bold_std_wf/_in_tuple_MNI152NLin2009cAsym.resnative/sources".
250528-06:28:41,815 nipype.workflow INFO:
	 [Node] Executing "sources" <fmriprep.interfaces.bids.BIDSURI>
250528-06:28:41,817 nipype.workflow INFO:
	 [Node] Finished "sources", elapsed time 0.0013s.
250528-06:28:43,104 nipype.workflow INFO:
	 [Node] Setting-up "fmriprep_25_0_wf.sub_GEO067_wf.bold_ses_t2_task_image_run_5_wf.carpetplot_wf.mrg_xfms" in "/work/fmriprep_25_0_wf/sub_GEO067_wf/bold_ses_t2_task_image_run_5_wf/carpetplot_wf/mrg_xfms".
250528-06:28:43,105 nipype.workflow INFO:
	 [Node] Setting-up "fmriprep_25_0_wf.sub_GEO067_wf.bold_ses_t2_task_image_run_5_wf.ds_bold_std_wf.boldref2target" in "/work/fmriprep_25_0_wf/sub_GEO067_wf/bold_ses_t2_task_image_run_5_wf/ds_bold_std_wf/_in_tuple_MNI152NLin2009cAsym.resnative/boldref2target".
250528-06:28:43,106 nipype.workflow INFO:
	 [Node] Setting-up "fmriprep_25_0_wf.sub_GEO067_wf.bold_ses_t2_task_image_run_5_wf.ds_bold_std_wf.sources" in "/work/fmriprep_25_0_wf/sub_GEO067_wf/bold_ses_t2_task_image_run_5_wf/ds_bold_std_wf/_in_tuple_MNI152NLin2009cAsym.resnative/sources".
250528-06:28:43,361 nipype.workflow INFO:
	 [Node] Executing "boldref2target" <nipype.interfaces.utility.base.Merge>
250528-06:28:43,362 nipype.workflow INFO:
	 [Node] Finished "boldref2target", elapsed time 0.000426s.
250528-06:28:43,474 nipype.workflow INFO:
	 [Node] Executing "mrg_xfms" <nipype.interfaces.utility.base.Merge>
250528-06:28:43,475 nipype.workflow INFO:
	 [Node] Finished "mrg_xfms", elapsed time 0.00075s.
250528-06:28:43,585 nipype.workflow INFO:
	 [Node] Executing "sources" <fmriprep.interfaces.bids.BIDSURI>
250528-06:28:43,587 nipype.workflow INFO:
	 [Node] Finished "sources", elapsed time 0.001181s.
250528-06:28:46,74 nipype.workflow INFO:
	 [Node] Setting-up "fmriprep_25_0_wf.sub_GEO067_wf.bold_ses_t3_task_image_run_1_wf.carpetplot_wf.mrg_xfms" in "/work/fmriprep_25_0_wf/sub_GEO067_wf/bold_ses_t3_task_image_run_1_wf/carpetplot_wf/mrg_xfms".
250528-06:28:46,74 nipype.workflow INFO:
	 [Node] Setting-up "fmriprep_25_0_wf.sub_GEO067_wf.bold_ses_t3_task_image_run_1_wf.ds_bold_std_wf.sources" in "/work/fmriprep_25_0_wf/sub_GEO067_wf/bold_ses_t3_task_image_run_1_wf/ds_bold_std_wf/_in_tuple_MNI152NLin2009cAsym.resnative/sources".
250528-06:28:46,357 nipype.workflow INFO:
	 [Node] Executing "sources" <fmriprep.interfaces.bids.BIDSURI>
250528-06:28:46,359 nipype.workflow INFO:
	 [Node] Finished "sources", elapsed time 0.000974s.
250528-06:28:46,368 nipype.workflow INFO:
	 [Node] Executing "mrg_xfms" <nipype.interfaces.utility.base.Merge>
250528-06:28:46,369 nipype.workflow INFO:
	 [Node] Finished "mrg_xfms", elapsed time 0.000411s.
250528-06:28:46,754 nipype.workflow INFO:
	 [Node] Setting-up "fmriprep_25_0_wf.sub_GEO067_wf.bold_ses_t3_task_image_run_1_wf.ds_bold_std_wf.boldref2target" in "/work/fmriprep_25_0_wf/sub_GEO067_wf/bold_ses_t3_task_image_run_1_wf/ds_bold_std_wf/_in_tuple_MNI152NLin2009cAsym.resnative/boldref2target".
250528-06:28:46,889 nipype.workflow INFO:
	 [Node] Executing "boldref2target" <nipype.interfaces.utility.base.Merge>
250528-06:28:46,891 nipype.workflow INFO:
	 [Node] Finished "boldref2target", elapsed time 0.000468s.
250528-06:28:47,201 nipype.workflow INFO:
	 [Node] Setting-up "fmriprep_25_0_wf.sub_GEO067_wf.bold_ses_t3_task_image_run_2_wf.carpetplot_wf.mrg_xfms" in "/work/fmriprep_25_0_wf/sub_GEO067_wf/bold_ses_t3_task_image_run_2_wf/carpetplot_wf/mrg_xfms".
250528-06:28:47,201 nipype.workflow INFO:
	 [Node] Setting-up "fmriprep_25_0_wf.sub_GEO067_wf.bold_ses_t3_task_image_run_2_wf.ds_bold_std_wf.boldref2target" in "/work/fmriprep_25_0_wf/sub_GEO067_wf/bold_ses_t3_task_image_run_2_wf/ds_bold_std_wf/_in_tuple_MNI152NLin2009cAsym.resnative/boldref2target".
250528-06:28:47,564 nipype.workflow INFO:
	 [Node] Executing "boldref2target" <nipype.interfaces.utility.base.Merge>
250528-06:28:47,565 nipype.workflow INFO:
	 [Node] Finished "boldref2target", elapsed time 0.000467s.
250528-06:28:47,594 nipype.workflow INFO:
	 [Node] Executing "mrg_xfms" <nipype.interfaces.utility.base.Merge>
250528-06:28:47,595 nipype.workflow INFO:
	 [Node] Finished "mrg_xfms", elapsed time 0.000429s.
250528-06:28:49,147 nipype.workflow INFO:
	 [Node] Setting-up "fmriprep_25_0_wf.sub_GEO067_wf.bold_ses_t3_task_image_run_2_wf.ds_bold_std_wf.sources" in "/work/fmriprep_25_0_wf/sub_GEO067_wf/bold_ses_t3_task_image_run_2_wf/ds_bold_std_wf/_in_tuple_MNI152NLin2009cAsym.resnative/sources".
250528-06:28:49,492 nipype.workflow INFO:
	 [Node] Executing "sources" <fmriprep.interfaces.bids.BIDSURI>
250528-06:28:49,495 nipype.workflow INFO:
	 [Node] Finished "sources", elapsed time 0.001293s.
250528-06:28:50,48 nipype.workflow INFO:
	 [Node] Setting-up "fmriprep_25_0_wf.sub_GEO067_wf.bold_ses_t3_task_image_run_3_wf.carpetplot_wf.mrg_xfms" in "/work/fmriprep_25_0_wf/sub_GEO067_wf/bold_ses_t3_task_image_run_3_wf/carpetplot_wf/mrg_xfms".
250528-06:28:50,48 nipype.workflow INFO:
	 [Node] Setting-up "fmriprep_25_0_wf.sub_GEO067_wf.bold_ses_t3_task_image_run_3_wf.ds_bold_std_wf.boldref2target" in "/work/fmriprep_25_0_wf/sub_GEO067_wf/bold_ses_t3_task_image_run_3_wf/ds_bold_std_wf/_in_tuple_MNI152NLin2009cAsym.resnative/boldref2target".
250528-06:28:50,274 nipype.workflow INFO:
	 [Node] Executing "mrg_xfms" <nipype.interfaces.utility.base.Merge>
250528-06:28:50,275 nipype.workflow INFO:
	 [Node] Finished "mrg_xfms", elapsed time 0.000418s.
250528-06:28:50,301 nipype.workflow INFO:
	 [Node] Executing "boldref2target" <nipype.interfaces.utility.base.Merge>
250528-06:28:50,303 nipype.workflow INFO:
	 [Node] Finished "boldref2target", elapsed time 0.000381s.
250528-06:28:51,143 nipype.workflow INFO:
	 [Node] Setting-up "fmriprep_25_0_wf.sub_GEO067_wf.bold_ses_t3_task_image_run_3_wf.ds_bold_std_wf.sources" in "/work/fmriprep_25_0_wf/sub_GEO067_wf/bold_ses_t3_task_image_run_3_wf/ds_bold_std_wf/_in_tuple_MNI152NLin2009cAsym.resnative/sources".
250528-06:28:51,305 nipype.workflow INFO:
	 [Node] Executing "sources" <fmriprep.interfaces.bids.BIDSURI>
250528-06:28:51,308 nipype.workflow INFO:
	 [Node] Finished "sources", elapsed time 0.001649s.
250528-06:28:51,701 nipype.workflow INFO:
	 [Node] Setting-up "fmriprep_25_0_wf.sub_GEO067_wf.bold_ses_t3_task_image_run_4_wf.carpetplot_wf.mrg_xfms" in "/work/fmriprep_25_0_wf/sub_GEO067_wf/bold_ses_t3_task_image_run_4_wf/carpetplot_wf/mrg_xfms".
250528-06:28:51,702 nipype.workflow INFO:
	 [Node] Setting-up "fmriprep_25_0_wf.sub_GEO067_wf.bold_ses_t3_task_image_run_4_wf.ds_bold_std_wf.sources" in "/work/fmriprep_25_0_wf/sub_GEO067_wf/bold_ses_t3_task_image_run_4_wf/ds_bold_std_wf/_in_tuple_MNI152NLin2009cAsym.resnative/sources".
250528-06:28:51,904 nipype.workflow INFO:
	 [Node] Executing "mrg_xfms" <nipype.interfaces.utility.base.Merge>
250528-06:28:51,906 nipype.workflow INFO:
	 [Node] Finished "mrg_xfms", elapsed time 0.000516s.
250528-06:28:51,917 nipype.workflow INFO:
	 [Node] Executing "sources" <fmriprep.interfaces.bids.BIDSURI>
250528-06:28:51,919 nipype.workflow INFO:
	 [Node] Finished "sources", elapsed time 0.001365s.
250528-06:28:53,144 nipype.workflow INFO:
	 [Node] Setting-up "fmriprep_25_0_wf.sub_GEO067_wf.bold_ses_t3_task_image_run_4_wf.ds_bold_std_wf.boldref2target" in "/work/fmriprep_25_0_wf/sub_GEO067_wf/bold_ses_t3_task_image_run_4_wf/ds_bold_std_wf/_in_tuple_MNI152NLin2009cAsym.resnative/boldref2target".
250528-06:28:53,364 nipype.workflow INFO:
	 [Node] Executing "boldref2target" <nipype.interfaces.utility.base.Merge>
250528-06:28:53,365 nipype.workflow INFO:
	 [Node] Finished "boldref2target", elapsed time 0.000447s.
250528-06:28:53,735 nipype.workflow INFO:
	 [Node] Setting-up "fmriprep_25_0_wf.sub_GEO067_wf.bold_ses_t3_task_image_run_5_wf.carpetplot_wf.mrg_xfms" in "/work/fmriprep_25_0_wf/sub_GEO067_wf/bold_ses_t3_task_image_run_5_wf/carpetplot_wf/mrg_xfms".
250528-06:28:53,944 nipype.workflow INFO:
	 [Node] Executing "mrg_xfms" <nipype.interfaces.utility.base.Merge>
250528-06:28:53,946 nipype.workflow INFO:
	 [Node] Finished "mrg_xfms", elapsed time 0.000415s.
250528-06:28:54,289 nipype.workflow INFO:
	 [Node] Setting-up "fmriprep_25_0_wf.sub_GEO067_wf.bold_ses_t3_task_image_run_5_wf.ds_bold_std_wf.boldref2target" in "/work/fmriprep_25_0_wf/sub_GEO067_wf/bold_ses_t3_task_image_run_5_wf/ds_bold_std_wf/_in_tuple_MNI152NLin2009cAsym.resnative/boldref2target".
250528-06:28:54,476 nipype.workflow INFO:
	 [Node] Executing "boldref2target" <nipype.interfaces.utility.base.Merge>
250528-06:28:54,477 nipype.workflow INFO:
	 [Node] Finished "boldref2target", elapsed time 0.000456s.
250528-06:28:55,116 nipype.workflow INFO:
	 [Node] Setting-up "fmriprep_25_0_wf.sub_GEO067_wf.bold_ses_t3_task_image_run_5_wf.ds_bold_std_wf.sources" in "/work/fmriprep_25_0_wf/sub_GEO067_wf/bold_ses_t3_task_image_run_5_wf/ds_bold_std_wf/_in_tuple_MNI152NLin2009cAsym.resnative/sources".
250528-06:28:55,119 nipype.workflow INFO:
	 [Node] Setting-up "fmriprep_25_0_wf.sub_GEO067_wf.bold_ses_t3_task_retrans_run_1_wf.carpetplot_wf.mrg_xfms" in "/work/fmriprep_25_0_wf/sub_GEO067_wf/bold_ses_t3_task_retrans_run_1_wf/carpetplot_wf/mrg_xfms".
250528-06:28:55,120 nipype.workflow INFO:
	 [Node] Setting-up "fmriprep_25_0_wf.sub_GEO067_wf.bold_ses_t3_task_retrans_run_1_wf.ds_bold_std_wf.boldref2target" in "/work/fmriprep_25_0_wf/sub_GEO067_wf/bold_ses_t3_task_retrans_run_1_wf/ds_bold_std_wf/_in_tuple_MNI152NLin2009cAsym.resnative/boldref2target".
250528-06:28:55,263 nipype.workflow INFO:
	 [Node] Executing "sources" <fmriprep.interfaces.bids.BIDSURI>
250528-06:28:55,265 nipype.workflow INFO:
	 [Node] Finished "sources", elapsed time 0.001313s.
250528-06:28:55,341 nipype.workflow INFO:
	 [Node] Executing "boldref2target" <nipype.interfaces.utility.base.Merge>
250528-06:28:55,343 nipype.workflow INFO:
	 [Node] Finished "boldref2target", elapsed time 0.000451s.
250528-06:28:55,360 nipype.workflow INFO:
	 [Node] Executing "mrg_xfms" <nipype.interfaces.utility.base.Merge>
250528-06:28:55,362 nipype.workflow INFO:
	 [Node] Finished "mrg_xfms", elapsed time 0.000452s.
250528-06:28:57,728 nipype.workflow INFO:
	 [Node] Setting-up "fmriprep_25_0_wf.sub_GEO067_wf.bold_ses_t3_task_retrans_run_1_wf.ds_bold_std_wf.sources" in "/work/fmriprep_25_0_wf/sub_GEO067_wf/bold_ses_t3_task_retrans_run_1_wf/ds_bold_std_wf/_in_tuple_MNI152NLin2009cAsym.resnative/sources".
250528-06:28:57,734 nipype.workflow INFO:
	 [Node] Setting-up "fmriprep_25_0_wf.sub_GEO067_wf.bold_ses_t2_task_image_run_1_wf.carpetplot_wf.resample_parc" in "/work/fmriprep_25_0_wf/sub_GEO067_wf/bold_ses_t2_task_image_run_1_wf/carpetplot_wf/resample_parc".
250528-06:28:57,736 nipype.workflow INFO:
	 [Node] Setting-up "fmriprep_25_0_wf.sub_GEO067_wf.bold_ses_t2_task_image_run_1_wf.ds_bold_std_wf.resample_ref" in "/work/fmriprep_25_0_wf/sub_GEO067_wf/bold_ses_t2_task_image_run_1_wf/ds_bold_std_wf/_in_tuple_MNI152NLin2009cAsym.resnative/resample_ref".
250528-06:28:58,120 nipype.workflow INFO:
	 [Node] Executing "resample_parc" <niworkflows.interfaces.fixes.FixHeaderApplyTransforms>
250528-06:28:58,122 nipype.workflow INFO:
	 [Node] Executing "resample_ref" <niworkflows.interfaces.fixes.FixHeaderApplyTransforms>
250528-06:28:58,238 nipype.workflow INFO:
	 [Node] Executing "sources" <fmriprep.interfaces.bids.BIDSURI>
250528-06:28:58,241 nipype.workflow INFO:
	 [Node] Finished "sources", elapsed time 0.001339s.
250528-06:28:59,157 nipype.workflow INFO:
	 [Node] Setting-up "fmriprep_25_0_wf.sub_GEO067_wf.bold_ses_t2_task_image_run_1_wf.ds_bold_std_wf.resample_mask" in "/work/fmriprep_25_0_wf/sub_GEO067_wf/bold_ses_t2_task_image_run_1_wf/ds_bold_std_wf/_in_tuple_MNI152NLin2009cAsym.resnative/resample_mask".
250528-06:28:59,465 nipype.workflow INFO:
	 [Node] Executing "resample_mask" <niworkflows.interfaces.fixes.FixHeaderApplyTransforms>
250528-06:29:00,722 nipype.workflow INFO:
	 [Node] Finished "resample_ref", elapsed time 2.59833s.
250528-06:29:01,603 nipype.workflow INFO:
	 [Node] Finished "resample_parc", elapsed time 3.482295s.
250528-06:29:02,878 nipype.workflow INFO:
	 [Node] Finished "resample_mask", elapsed time 3.4123580000000002s.
250528-06:29:03,762 nipype.workflow INFO:
	 [Node] Setting-up "fmriprep_25_0_wf.sub_GEO067_wf.bold_ses_t2_task_image_run_2_wf.carpetplot_wf.resample_parc" in "/work/fmriprep_25_0_wf/sub_GEO067_wf/bold_ses_t2_task_image_run_2_wf/carpetplot_wf/resample_parc".
250528-06:29:03,763 nipype.workflow INFO:
	 [Node] Setting-up "fmriprep_25_0_wf.sub_GEO067_wf.bold_ses_t2_task_image_run_2_wf.ds_bold_std_wf.resample_ref" in "/work/fmriprep_25_0_wf/sub_GEO067_wf/bold_ses_t2_task_image_run_2_wf/ds_bold_std_wf/_in_tuple_MNI152NLin2009cAsym.resnative/resample_ref".
250528-06:29:03,998 nipype.workflow INFO:
	 [Node] Executing "resample_parc" <niworkflows.interfaces.fixes.FixHeaderApplyTransforms>
250528-06:29:04,131 nipype.workflow INFO:
	 [Node] Executing "resample_ref" <niworkflows.interfaces.fixes.FixHeaderApplyTransforms>
250528-06:29:04,224 nipype.workflow INFO:
	 [Node] Finished "t1w_std", elapsed time 28.783623s.
250528-06:29:05,114 nipype.workflow INFO:
	 [Node] Setting-up "fmriprep_25_0_wf.sub_GEO067_wf.bold_ses_t2_task_image_run_2_wf.ds_bold_std_wf.resample_mask" in "/work/fmriprep_25_0_wf/sub_GEO067_wf/bold_ses_t2_task_image_run_2_wf/ds_bold_std_wf/_in_tuple_MNI152NLin2009cAsym.resnative/resample_mask".
250528-06:29:05,277 nipype.workflow INFO:
	 [Node] Executing "resample_mask" <niworkflows.interfaces.fixes.FixHeaderApplyTransforms>
250528-06:29:05,525 nipype.workflow INFO:
	 [Node] Finished "anat2std_t1w", elapsed time 30.100667s.
250528-06:29:05,988 nipype.workflow INFO:
	 [Node] Setting-up "fmriprep_25_0_wf.sub_GEO067_wf.bold_ses_t2_task_image_run_3_wf.carpetplot_wf.resample_parc" in "/work/fmriprep_25_0_wf/sub_GEO067_wf/bold_ses_t2_task_image_run_3_wf/carpetplot_wf/resample_parc".
250528-06:29:06,331 nipype.workflow INFO:
	 [Node] Executing "resample_parc" <niworkflows.interfaces.fixes.FixHeaderApplyTransforms>
250528-06:29:06,817 nipype.workflow INFO:
	 [Node] Finished "resample_ref", elapsed time 2.685313s.
250528-06:29:07,454 nipype.workflow INFO:
	 [Node] Finished "resample_parc", elapsed time 3.4554869999999998s.
250528-06:29:08,273 nipype.workflow INFO:
	 [Node] Finished "resample_mask", elapsed time 2.994688s.
250528-06:29:09,450 nipype.workflow INFO:
	 [Node] Finished "resample_parc", elapsed time 3.117384s.
250528-06:29:09,528 nipype.workflow INFO:
	 [Node] Setting-up "fmriprep_25_0_wf.sub_GEO067_wf.bold_ses_t2_task_image_run_3_wf.ds_bold_std_wf.resample_ref" in "/work/fmriprep_25_0_wf/sub_GEO067_wf/bold_ses_t2_task_image_run_3_wf/ds_bold_std_wf/_in_tuple_MNI152NLin2009cAsym.resnative/resample_ref".
250528-06:29:09,828 nipype.workflow INFO:
	 [Node] Setting-up "fmriprep_25_0_wf.sub_GEO067_wf.bold_ses_t2_task_image_run_3_wf.ds_bold_std_wf.resample_mask" in "/work/fmriprep_25_0_wf/sub_GEO067_wf/bold_ses_t2_task_image_run_3_wf/ds_bold_std_wf/_in_tuple_MNI152NLin2009cAsym.resnative/resample_mask".
250528-06:29:09,832 nipype.workflow INFO:
	 [Node] Setting-up "fmriprep_25_0_wf.sub_GEO067_wf.bold_ses_t2_task_image_run_4_wf.carpetplot_wf.resample_parc" in "/work/fmriprep_25_0_wf/sub_GEO067_wf/bold_ses_t2_task_image_run_4_wf/carpetplot_wf/resample_parc".
250528-06:29:09,833 nipype.workflow INFO:
	 [Node] Setting-up "fmriprep_25_0_wf.sub_GEO067_wf.bold_ses_t2_task_image_run_4_wf.ds_bold_std_wf.resample_ref" in "/work/fmriprep_25_0_wf/sub_GEO067_wf/bold_ses_t2_task_image_run_4_wf/ds_bold_std_wf/_in_tuple_MNI152NLin2009cAsym.resnative/resample_ref".
250528-06:29:09,835 nipype.workflow INFO:
	 [Node] Executing "resample_ref" <niworkflows.interfaces.fixes.FixHeaderApplyTransforms>
250528-06:29:10,66 nipype.workflow INFO:
	 [Node] Executing "resample_mask" <niworkflows.interfaces.fixes.FixHeaderApplyTransforms>
250528-06:29:10,83 nipype.workflow INFO:
	 [Node] Executing "resample_parc" <niworkflows.interfaces.fixes.FixHeaderApplyTransforms>
250528-06:29:10,146 nipype.workflow INFO:
	 [Node] Executing "resample_ref" <niworkflows.interfaces.fixes.FixHeaderApplyTransforms>
250528-06:29:11,867 nipype.workflow INFO:
	 [Node] Setting-up "fmriprep_25_0_wf.sub_GEO067_wf.bold_ses_t2_task_image_run_4_wf.ds_bold_std_wf.resample_mask" in "/work/fmriprep_25_0_wf/sub_GEO067_wf/bold_ses_t2_task_image_run_4_wf/ds_bold_std_wf/_in_tuple_MNI152NLin2009cAsym.resnative/resample_mask".
250528-06:29:11,981 nipype.workflow INFO:
	 [Node] Executing "resample_mask" <niworkflows.interfaces.fixes.FixHeaderApplyTransforms>
250528-06:29:12,323 nipype.workflow INFO:
	 [Node] Finished "resample_ref", elapsed time 2.4871090000000002s.
250528-06:29:12,758 nipype.workflow INFO:
	 [Node] Finished "resample_ref", elapsed time 2.610364s.
250528-06:29:13,199 nipype.workflow INFO:
	 [Node] Finished "resample_parc", elapsed time 3.114638s.
250528-06:29:13,309 nipype.workflow INFO:
	 [Node] Finished "resample_mask", elapsed time 3.242102s.
250528-06:29:14,714 nipype.workflow INFO:
	 [Node] Setting-up "fmriprep_25_0_wf.sub_GEO067_wf.bold_ses_t2_task_image_run_5_wf.carpetplot_wf.resample_parc" in "/work/fmriprep_25_0_wf/sub_GEO067_wf/bold_ses_t2_task_image_run_5_wf/carpetplot_wf/resample_parc".
250528-06:29:14,715 nipype.workflow INFO:
	 [Node] Setting-up "fmriprep_25_0_wf.sub_GEO067_wf.bold_ses_t2_task_image_run_5_wf.ds_bold_std_wf.resample_ref" in "/work/fmriprep_25_0_wf/sub_GEO067_wf/bold_ses_t2_task_image_run_5_wf/ds_bold_std_wf/_in_tuple_MNI152NLin2009cAsym.resnative/resample_ref".
250528-06:29:14,715 nipype.workflow INFO:
	 [Node] Setting-up "fmriprep_25_0_wf.sub_GEO067_wf.bold_ses_t2_task_image_run_5_wf.ds_bold_std_wf.resample_mask" in "/work/fmriprep_25_0_wf/sub_GEO067_wf/bold_ses_t2_task_image_run_5_wf/ds_bold_std_wf/_in_tuple_MNI152NLin2009cAsym.resnative/resample_mask".
250528-06:29:15,40 nipype.workflow INFO:
	 [Node] Executing "resample_ref" <niworkflows.interfaces.fixes.FixHeaderApplyTransforms>
250528-06:29:15,40 nipype.workflow INFO:
	 [Node] Executing "resample_mask" <niworkflows.interfaces.fixes.FixHeaderApplyTransforms>
250528-06:29:15,65 nipype.workflow INFO:
	 [Node] Executing "resample_parc" <niworkflows.interfaces.fixes.FixHeaderApplyTransforms>
250528-06:29:15,245 nipype.workflow INFO:
	 [Node] Finished "resample_mask", elapsed time 3.262766s.
250528-06:29:15,657 nipype.workflow INFO:
	 [Node] Setting-up "fmriprep_25_0_wf.sub_GEO067_wf.bold_ses_t3_task_image_run_1_wf.carpetplot_wf.resample_parc" in "/work/fmriprep_25_0_wf/sub_GEO067_wf/bold_ses_t3_task_image_run_1_wf/carpetplot_wf/resample_parc".
250528-06:29:16,96 nipype.workflow INFO:
	 [Node] Executing "resample_parc" <niworkflows.interfaces.fixes.FixHeaderApplyTransforms>
250528-06:29:16,575 nipype.workflow INFO:
	 [Node] Setting-up "fmriprep_25_0_wf.sub_GEO067_wf.bold_ses_t3_task_image_run_1_wf.ds_bold_std_wf.resample_ref" in "/work/fmriprep_25_0_wf/sub_GEO067_wf/bold_ses_t3_task_image_run_1_wf/ds_bold_std_wf/_in_tuple_MNI152NLin2009cAsym.resnative/resample_ref".
250528-06:29:16,740 nipype.workflow INFO:
	 [Node] Executing "resample_ref" <niworkflows.interfaces.fixes.FixHeaderApplyTransforms>
250528-06:29:17,437 nipype.workflow INFO:
	 [Node] Finished "resample_ref", elapsed time 2.396255s.
250528-06:29:17,964 nipype.workflow INFO:
	 [Node] Setting-up "fmriprep_25_0_wf.sub_GEO067_wf.bold_ses_t3_task_image_run_1_wf.ds_bold_std_wf.resample_mask" in "/work/fmriprep_25_0_wf/sub_GEO067_wf/bold_ses_t3_task_image_run_1_wf/ds_bold_std_wf/_in_tuple_MNI152NLin2009cAsym.resnative/resample_mask".
250528-06:29:18,69 nipype.workflow INFO:
	 [Node] Finished "resample_mask", elapsed time 3.028203s.
250528-06:29:18,150 nipype.workflow INFO:
	 [Node] Executing "resample_mask" <niworkflows.interfaces.fixes.FixHeaderApplyTransforms>
250528-06:29:18,247 nipype.workflow INFO:
	 [Node] Finished "resample_parc", elapsed time 3.18071s.
250528-06:29:19,212 nipype.workflow INFO:
	 [Node] Finished "resample_ref", elapsed time 2.470318s.
250528-06:29:19,873 nipype.workflow INFO:
	 [Node] Finished "resample_parc", elapsed time 3.776217s.
250528-06:29:20,7 nipype.workflow INFO:
	 [Node] Setting-up "fmriprep_25_0_wf.sub_GEO067_wf.bold_ses_t3_task_image_run_2_wf.carpetplot_wf.resample_parc" in "/work/fmriprep_25_0_wf/sub_GEO067_wf/bold_ses_t3_task_image_run_2_wf/carpetplot_wf/resample_parc".
250528-06:29:20,8 nipype.workflow INFO:
	 [Node] Setting-up "fmriprep_25_0_wf.sub_GEO067_wf.bold_ses_t3_task_image_run_2_wf.ds_bold_std_wf.resample_ref" in "/work/fmriprep_25_0_wf/sub_GEO067_wf/bold_ses_t3_task_image_run_2_wf/ds_bold_std_wf/_in_tuple_MNI152NLin2009cAsym.resnative/resample_ref".
250528-06:29:20,9 nipype.workflow INFO:
	 [Node] Setting-up "fmriprep_25_0_wf.sub_GEO067_wf.bold_ses_t3_task_image_run_2_wf.ds_bold_std_wf.resample_mask" in "/work/fmriprep_25_0_wf/sub_GEO067_wf/bold_ses_t3_task_image_run_2_wf/ds_bold_std_wf/_in_tuple_MNI152NLin2009cAsym.resnative/resample_mask".
250528-06:29:20,217 nipype.workflow INFO:
	 [Node] Executing "resample_ref" <niworkflows.interfaces.fixes.FixHeaderApplyTransforms>
250528-06:29:20,220 nipype.workflow INFO:
	 [Node] Executing "resample_parc" <niworkflows.interfaces.fixes.FixHeaderApplyTransforms>
250528-06:29:20,224 nipype.workflow INFO:
	 [Node] Executing "resample_mask" <niworkflows.interfaces.fixes.FixHeaderApplyTransforms>
250528-06:29:21,376 nipype.workflow INFO:
	 [Node] Finished "resample_mask", elapsed time 3.225139s.
250528-06:29:22,423 nipype.workflow INFO:
	 [Node] Finished "anat2std_mask", elapsed time 55.140632s.
250528-06:29:22,539 nipype.workflow INFO:
	 [Node] Finished "resample_ref", elapsed time 2.321158s.
250528-06:29:22,560 nipype.workflow INFO:
	 [Node] Setting-up "fmriprep_25_0_wf.sub_GEO067_wf.bold_ses_t3_task_image_run_3_wf.carpetplot_wf.resample_parc" in "/work/fmriprep_25_0_wf/sub_GEO067_wf/bold_ses_t3_task_image_run_3_wf/carpetplot_wf/resample_parc".
250528-06:29:22,560 nipype.workflow INFO:
	 [Node] Setting-up "fmriprep_25_0_wf.sub_GEO067_wf.bold_ses_t3_task_image_run_3_wf.ds_bold_std_wf.resample_ref" in "/work/fmriprep_25_0_wf/sub_GEO067_wf/bold_ses_t3_task_image_run_3_wf/ds_bold_std_wf/_in_tuple_MNI152NLin2009cAsym.resnative/resample_ref".
250528-06:29:23,83 nipype.workflow INFO:
	 [Node] Executing "resample_ref" <niworkflows.interfaces.fixes.FixHeaderApplyTransforms>
250528-06:29:23,86 nipype.workflow INFO:
	 [Node] Executing "resample_parc" <niworkflows.interfaces.fixes.FixHeaderApplyTransforms>
250528-06:29:23,578 nipype.workflow INFO:
	 [Node] Finished "resample_mask", elapsed time 3.352405s.
250528-06:29:23,768 nipype.workflow INFO:
	 [Node] Finished "resample_parc", elapsed time 3.547001s.
250528-06:29:24,246 nipype.interface WARNING:
	 Changing /out/sub-GEO067/anat/sub-GEO067_space-MNI152NLin2009cAsym_desc-brain_mask.nii.gz dtype from float64 to uint8
250528-06:29:24,312 nipype.workflow INFO:
	 [Node] Finished "mask_std", elapsed time 48.882502s.
250528-06:29:25,343 nipype.workflow INFO:
	 [Node] Setting-up "fmriprep_25_0_wf.sub_GEO067_wf.bold_ses_t3_task_image_run_3_wf.ds_bold_std_wf.resample_mask" in "/work/fmriprep_25_0_wf/sub_GEO067_wf/bold_ses_t3_task_image_run_3_wf/ds_bold_std_wf/_in_tuple_MNI152NLin2009cAsym.resnative/resample_mask".
250528-06:29:25,528 nipype.workflow INFO:
	 [Node] Finished "resample_ref", elapsed time 2.444607s.
250528-06:29:25,587 nipype.workflow INFO:
	 [Node] Executing "resample_mask" <niworkflows.interfaces.fixes.FixHeaderApplyTransforms>
250528-06:29:25,901 nipype.workflow INFO:
	 [Node] Setting-up "fmriprep_25_0_wf.sub_GEO067_wf.bold_ses_t3_task_image_run_4_wf.carpetplot_wf.resample_parc" in "/work/fmriprep_25_0_wf/sub_GEO067_wf/bold_ses_t3_task_image_run_4_wf/carpetplot_wf/resample_parc".
250528-06:29:26,75 nipype.workflow INFO:
	 [Node] Executing "resample_parc" <niworkflows.interfaces.fixes.FixHeaderApplyTransforms>
250528-06:29:26,209 nipype.workflow INFO:
	 [Node] Setting-up "fmriprep_25_0_wf.sub_GEO067_wf.anat_fit_wf.anat_reports_wf.norm_msk" in "/work/fmriprep_25_0_wf/sub_GEO067_wf/anat_fit_wf/anat_reports_wf/_in_tuple_MNI152NLin2009cAsym.resnative/norm_msk".
250528-06:29:26,209 nipype.workflow INFO:
	 [Node] Setting-up "fmriprep_25_0_wf.sub_GEO067_wf.bold_ses_t3_task_image_run_4_wf.ds_bold_std_wf.resample_ref" in "/work/fmriprep_25_0_wf/sub_GEO067_wf/bold_ses_t3_task_image_run_4_wf/ds_bold_std_wf/_in_tuple_MNI152NLin2009cAsym.resnative/resample_ref".
250528-06:29:26,210 nipype.workflow INFO:
	 [Node] Setting-up "fmriprep_25_0_wf.sub_GEO067_wf.bold_ses_t3_task_image_run_4_wf.ds_bold_std_wf.resample_mask" in "/work/fmriprep_25_0_wf/sub_GEO067_wf/bold_ses_t3_task_image_run_4_wf/ds_bold_std_wf/_in_tuple_MNI152NLin2009cAsym.resnative/resample_mask".
250528-06:29:26,338 nipype.workflow INFO:
	 [Node] Executing "resample_mask" <niworkflows.interfaces.fixes.FixHeaderApplyTransforms>
250528-06:29:26,367 nipype.workflow INFO:
	 [Node] Executing "norm_msk" <nipype.interfaces.utility.wrappers.Function>
250528-06:29:26,408 nipype.workflow INFO:
	 [Node] Executing "resample_ref" <niworkflows.interfaces.fixes.FixHeaderApplyTransforms>
250528-06:29:26,438 nipype.workflow INFO:
	 [Node] Finished "resample_parc", elapsed time 3.350551s.
250528-06:29:26,841 nipype.workflow INFO:
	 [Node] Setting-up "fmriprep_25_0_wf.sub_GEO067_wf.bold_ses_t3_task_image_run_5_wf.carpetplot_wf.resample_parc" in "/work/fmriprep_25_0_wf/sub_GEO067_wf/bold_ses_t3_task_image_run_5_wf/carpetplot_wf/resample_parc".
250528-06:29:26,971 nipype.workflow INFO:
	 [Node] Executing "resample_parc" <niworkflows.interfaces.fixes.FixHeaderApplyTransforms>
250528-06:29:28,204 nipype.workflow INFO:
	 [Node] Finished "norm_msk", elapsed time 1.835722s.
250528-06:29:28,812 nipype.workflow INFO:
	 [Node] Setting-up "fmriprep_25_0_wf.sub_GEO067_wf.bold_ses_t3_task_image_run_5_wf.ds_bold_std_wf.resample_ref" in "/work/fmriprep_25_0_wf/sub_GEO067_wf/bold_ses_t3_task_image_run_5_wf/ds_bold_std_wf/_in_tuple_MNI152NLin2009cAsym.resnative/resample_ref".
250528-06:29:28,963 nipype.workflow INFO:
	 [Node] Executing "resample_ref" <niworkflows.interfaces.fixes.FixHeaderApplyTransforms>
250528-06:29:29,52 nipype.workflow INFO:
	 [Node] Finished "resample_mask", elapsed time 3.464451s.
250528-06:29:29,141 nipype.workflow INFO:
	 [Node] Finished "resample_ref", elapsed time 2.731885s.
250528-06:29:29,577 nipype.workflow INFO:
	 [Node] Finished "resample_mask", elapsed time 3.236836s.
250528-06:29:29,721 nipype.workflow INFO:
	 [Node] Finished "resample_parc", elapsed time 3.645414s.
250528-06:29:30,216 nipype.workflow INFO:
	 [Node] Setting-up "fmriprep_25_0_wf.sub_GEO067_wf.bold_ses_t3_task_image_run_5_wf.ds_bold_std_wf.resample_mask" in "/work/fmriprep_25_0_wf/sub_GEO067_wf/bold_ses_t3_task_image_run_5_wf/ds_bold_std_wf/_in_tuple_MNI152NLin2009cAsym.resnative/resample_mask".
250528-06:29:30,217 nipype.workflow INFO:
	 [Node] Setting-up "fmriprep_25_0_wf.sub_GEO067_wf.bold_ses_t3_task_retrans_run_1_wf.carpetplot_wf.resample_parc" in "/work/fmriprep_25_0_wf/sub_GEO067_wf/bold_ses_t3_task_retrans_run_1_wf/carpetplot_wf/resample_parc".
250528-06:29:30,218 nipype.workflow INFO:
	 [Node] Setting-up "fmriprep_25_0_wf.sub_GEO067_wf.bold_ses_t3_task_retrans_run_1_wf.ds_bold_std_wf.resample_ref" in "/work/fmriprep_25_0_wf/sub_GEO067_wf/bold_ses_t3_task_retrans_run_1_wf/ds_bold_std_wf/_in_tuple_MNI152NLin2009cAsym.resnative/resample_ref".
250528-06:29:30,219 nipype.workflow INFO:
	 [Node] Setting-up "fmriprep_25_0_wf.sub_GEO067_wf.bold_ses_t3_task_retrans_run_1_wf.ds_bold_std_wf.resample_mask" in "/work/fmriprep_25_0_wf/sub_GEO067_wf/bold_ses_t3_task_retrans_run_1_wf/ds_bold_std_wf/_in_tuple_MNI152NLin2009cAsym.resnative/resample_mask".
250528-06:29:30,325 nipype.workflow INFO:
	 [Node] Finished "resample_parc", elapsed time 3.3529590000000002s.
250528-06:29:30,344 nipype.workflow INFO:
	 [Node] Executing "resample_mask" <niworkflows.interfaces.fixes.FixHeaderApplyTransforms>
250528-06:29:30,403 nipype.workflow INFO:
	 [Node] Executing "resample_ref" <niworkflows.interfaces.fixes.FixHeaderApplyTransforms>
250528-06:29:30,403 nipype.workflow INFO:
	 [Node] Executing "resample_parc" <niworkflows.interfaces.fixes.FixHeaderApplyTransforms>
250528-06:29:30,414 nipype.workflow INFO:
	 [Node] Executing "resample_mask" <niworkflows.interfaces.fixes.FixHeaderApplyTransforms>
250528-06:29:30,751 nipype.workflow INFO:
	 [Node] Setting-up "fmriprep_25_0_wf.sub_GEO067_wf.anat_fit_wf.anat_reports_wf.norm_rpt" in "/work/fmriprep_25_0_wf/sub_GEO067_wf/anat_fit_wf/anat_reports_wf/_in_tuple_MNI152NLin2009cAsym.resnative/norm_rpt".
250528-06:29:30,956 nipype.workflow INFO:
	 [Node] Executing "norm_rpt" <niworkflows.interfaces.reportlets.registration.SimpleBeforeAfterRPT>
250528-06:29:31,476 nipype.workflow INFO:
	 [Node] Finished "resample_ref", elapsed time 2.511826s.
250528-06:29:32,986 nipype.workflow INFO:
	 [Node] Finished "resample_ref", elapsed time 2.581989s.
250528-06:29:33,110 nipype.interface WARNING:
	 Changing /out/sub-GEO067/ses-t2/func/sub-GEO067_ses-t2_task-image_run-1_space-MNI152NLin2009cAsym_desc-brain_mask.nii.gz dtype from float64 to uint8
250528-06:29:33,568 nipype.workflow INFO:
	 [Node] Finished "resample_mask", elapsed time 3.15288s.
250528-06:29:34,80 nipype.workflow INFO:
	 [Node] Finished "resample_mask", elapsed time 3.7356160000000003s.
250528-06:29:34,334 nipype.workflow INFO:
	 [Node] Finished "resample_parc", elapsed time 3.928936s.
250528-06:29:34,510 nipype.interface WARNING:
	 Changing /out/sub-GEO067/ses-t2/func/sub-GEO067_ses-t2_task-image_run-2_space-MNI152NLin2009cAsym_desc-brain_mask.nii.gz dtype from float64 to uint8
250528-06:29:35,835 nipype.interface WARNING:
	 Changing /out/sub-GEO067/ses-t2/func/sub-GEO067_ses-t2_task-image_run-3_space-MNI152NLin2009cAsym_desc-brain_mask.nii.gz dtype from float64 to uint8
250528-06:29:37,77 nipype.interface WARNING:
	 Changing /out/sub-GEO067/ses-t2/func/sub-GEO067_ses-t2_task-image_run-4_space-MNI152NLin2009cAsym_desc-brain_mask.nii.gz dtype from float64 to uint8
250528-06:29:37,865 nipype.workflow INFO:
	 [Node] Finished "anat2std_dseg", elapsed time 62.424788s.
250528-06:29:38,291 nipype.interface WARNING:
	 Changing /out/sub-GEO067/ses-t2/func/sub-GEO067_ses-t2_task-image_run-5_space-MNI152NLin2009cAsym_desc-brain_mask.nii.gz dtype from float64 to uint8
250528-06:29:39,657 nipype.interface WARNING:
	 Changing /out/sub-GEO067/ses-t3/func/sub-GEO067_ses-t3_task-image_run-1_space-MNI152NLin2009cAsym_desc-brain_mask.nii.gz dtype from float64 to uint8
250528-06:29:40,847 nipype.interface WARNING:
	 Changing /out/sub-GEO067/ses-t3/func/sub-GEO067_ses-t3_task-image_run-2_space-MNI152NLin2009cAsym_desc-brain_mask.nii.gz dtype from float64 to uint8
250528-06:29:42,261 nipype.interface WARNING:
	 Changing /out/sub-GEO067/ses-t3/func/sub-GEO067_ses-t3_task-image_run-3_space-MNI152NLin2009cAsym_desc-brain_mask.nii.gz dtype from float64 to uint8
250528-06:29:43,479 nipype.interface WARNING:
	 Changing /out/sub-GEO067/ses-t3/func/sub-GEO067_ses-t3_task-image_run-4_space-MNI152NLin2009cAsym_desc-brain_mask.nii.gz dtype from float64 to uint8
250528-06:29:44,649 nipype.workflow INFO:
	 [Node] Setting-up "fmriprep_25_0_wf.sub_GEO067_wf.bold_ses_t2_task_image_run_1_wf.carpetplot_wf.parcels" in "/work/fmriprep_25_0_wf/sub_GEO067_wf/bold_ses_t2_task_image_run_1_wf/carpetplot_wf/parcels".
250528-06:29:44,654 nipype.workflow INFO:
	 [Node] Setting-up "fmriprep_25_0_wf.sub_GEO067_wf.bold_ses_t2_task_image_run_2_wf.carpetplot_wf.parcels" in "/work/fmriprep_25_0_wf/sub_GEO067_wf/bold_ses_t2_task_image_run_2_wf/carpetplot_wf/parcels".
250528-06:29:44,770 nipype.workflow INFO:
	 [Node] Executing "parcels" <nipype.interfaces.utility.wrappers.Function>
250528-06:29:44,797 nipype.workflow INFO:
	 [Node] Executing "parcels" <nipype.interfaces.utility.wrappers.Function>
250528-06:29:44,855 nipype.workflow INFO:
	 [Node] Finished "parcels", elapsed time 0.05771s.
250528-06:29:44,860 nipype.workflow INFO:
	 [Node] Finished "parcels", elapsed time 0.089632s.
250528-06:29:45,109 nipype.interface WARNING:
	 Changing /out/sub-GEO067/anat/sub-GEO067_space-MNI152NLin2009cAsym_dseg.nii.gz dtype from float64 to int16
250528-06:29:47,532 nipype.interface WARNING:
	 Changing /out/sub-GEO067/ses-t3/func/sub-GEO067_ses-t3_task-image_run-5_space-MNI152NLin2009cAsym_desc-brain_mask.nii.gz dtype from float64 to uint8
250528-06:29:48,712 nipype.interface WARNING:
	 Changing /out/sub-GEO067/ses-t3/func/sub-GEO067_ses-t3_task-retrans_run-1_space-MNI152NLin2009cAsym_desc-brain_mask.nii.gz dtype from float64 to uint8
250528-06:29:49,134 nipype.workflow INFO:
	 [Node] Setting-up "fmriprep_25_0_wf.sub_GEO067_wf.bold_ses_t2_task_image_run_3_wf.carpetplot_wf.parcels" in "/work/fmriprep_25_0_wf/sub_GEO067_wf/bold_ses_t2_task_image_run_3_wf/carpetplot_wf/parcels".
250528-06:29:49,134 nipype.workflow INFO:
	 [Node] Setting-up "fmriprep_25_0_wf.sub_GEO067_wf.bold_ses_t2_task_image_run_4_wf.carpetplot_wf.parcels" in "/work/fmriprep_25_0_wf/sub_GEO067_wf/bold_ses_t2_task_image_run_4_wf/carpetplot_wf/parcels".
250528-06:29:49,138 nipype.workflow INFO:
	 [Node] Setting-up "fmriprep_25_0_wf.sub_GEO067_wf.bold_ses_t2_task_image_run_5_wf.carpetplot_wf.parcels" in "/work/fmriprep_25_0_wf/sub_GEO067_wf/bold_ses_t2_task_image_run_5_wf/carpetplot_wf/parcels".
250528-06:29:49,142 nipype.workflow INFO:
	 [Node] Setting-up "fmriprep_25_0_wf.sub_GEO067_wf.bold_ses_t3_task_image_run_1_wf.carpetplot_wf.parcels" in "/work/fmriprep_25_0_wf/sub_GEO067_wf/bold_ses_t3_task_image_run_1_wf/carpetplot_wf/parcels".
250528-06:29:49,143 nipype.workflow INFO:
	 [Node] Setting-up "fmriprep_25_0_wf.sub_GEO067_wf.bold_ses_t3_task_image_run_2_wf.carpetplot_wf.parcels" in "/work/fmriprep_25_0_wf/sub_GEO067_wf/bold_ses_t3_task_image_run_2_wf/carpetplot_wf/parcels".
250528-06:29:49,246 nipype.workflow INFO:
	 [Node] Executing "parcels" <nipype.interfaces.utility.wrappers.Function>
250528-06:29:49,248 nipype.workflow INFO:
	 [Node] Executing "parcels" <nipype.interfaces.utility.wrappers.Function>
250528-06:29:49,249 nipype.workflow INFO:
	 [Node] Executing "parcels" <nipype.interfaces.utility.wrappers.Function>
250528-06:29:49,251 nipype.workflow INFO:
	 [Node] Executing "parcels" <nipype.interfaces.utility.wrappers.Function>
250528-06:29:49,254 nipype.workflow INFO:
	 [Node] Executing "parcels" <nipype.interfaces.utility.wrappers.Function>
250528-06:29:49,313 nipype.workflow INFO:
	 [Node] Finished "parcels", elapsed time 0.066731s.
250528-06:29:49,316 nipype.workflow INFO:
	 [Node] Finished "parcels", elapsed time 0.063368s.
250528-06:29:49,317 nipype.workflow INFO:
	 [Node] Finished "parcels", elapsed time 0.068102s.
250528-06:29:49,325 nipype.workflow INFO:
	 [Node] Finished "parcels", elapsed time 0.070467s.
250528-06:29:49,328 nipype.workflow INFO:
	 [Node] Finished "parcels", elapsed time 0.077967s.
250528-06:29:49,481 nipype.workflow INFO:
	 [Node] Finished "norm_rpt", elapsed time 18.52464s.
250528-06:29:49,491 nipype.workflow INFO:
	 [Node] Setting-up "fmriprep_25_0_wf.sub_GEO067_wf.bold_ses_t3_task_image_run_3_wf.carpetplot_wf.parcels" in "/work/fmriprep_25_0_wf/sub_GEO067_wf/bold_ses_t3_task_image_run_3_wf/carpetplot_wf/parcels".
250528-06:29:49,491 nipype.workflow INFO:
	 [Node] Setting-up "fmriprep_25_0_wf.sub_GEO067_wf.bold_ses_t3_task_image_run_4_wf.carpetplot_wf.parcels" in "/work/fmriprep_25_0_wf/sub_GEO067_wf/bold_ses_t3_task_image_run_4_wf/carpetplot_wf/parcels".
250528-06:29:49,715 nipype.workflow INFO:
	 [Node] Executing "parcels" <nipype.interfaces.utility.wrappers.Function>
250528-06:29:49,774 nipype.workflow INFO:
	 [Node] Executing "parcels" <nipype.interfaces.utility.wrappers.Function>
250528-06:29:49,781 nipype.workflow INFO:
	 [Node] Finished "parcels", elapsed time 0.065162s.
250528-06:29:49,840 nipype.workflow INFO:
	 [Node] Finished "parcels", elapsed time 0.065442s.
250528-06:29:51,472 nipype.workflow INFO:
	 [Node] Setting-up "fmriprep_25_0_wf.sub_GEO067_wf.bold_ses_t2_task_image_run_1_wf.bold_std_wf.resample" in "/work/fmriprep_25_0_wf/sub_GEO067_wf/bold_ses_t2_task_image_run_1_wf/bold_std_wf/_in_tuple_MNI152NLin2009cAsym.resnative/resample".
250528-06:29:51,609 nipype.workflow INFO:
	 [Node] Executing "resample" <fmriprep.interfaces.resampling.ResampleSeries>
250528-06:29:51,999 nipype.workflow INFO:
	 [Node] Setting-up "fmriprep_25_0_wf.sub_GEO067_wf.bold_ses_t3_task_image_run_5_wf.carpetplot_wf.parcels" in "/work/fmriprep_25_0_wf/sub_GEO067_wf/bold_ses_t3_task_image_run_5_wf/carpetplot_wf/parcels".
250528-06:29:52,164 nipype.workflow INFO:
	 [Node] Executing "parcels" <nipype.interfaces.utility.wrappers.Function>
250528-06:29:52,258 nipype.workflow INFO:
	 [Node] Finished "parcels", elapsed time 0.092686s.
250528-06:29:53,452 nipype.workflow INFO:
	 [Node] Setting-up "fmriprep_25_0_wf.sub_GEO067_wf.bold_ses_t3_task_retrans_run_1_wf.carpetplot_wf.parcels" in "/work/fmriprep_25_0_wf/sub_GEO067_wf/bold_ses_t3_task_retrans_run_1_wf/carpetplot_wf/parcels".
250528-06:29:53,574 nipype.workflow INFO:
	 [Node] Executing "parcels" <nipype.interfaces.utility.wrappers.Function>
250528-06:29:53,640 nipype.workflow INFO:
	 [Node] Finished "parcels", elapsed time 0.064801s.
250528-06:29:55,449 nipype.workflow INFO:
	 [Node] Setting-up "fmriprep_25_0_wf.sub_GEO067_wf.bold_ses_t2_task_image_run_1_wf.carpetplot_wf.conf_plot" in "/work/fmriprep_25_0_wf/sub_GEO067_wf/bold_ses_t2_task_image_run_1_wf/carpetplot_wf/conf_plot".
250528-06:29:55,566 nipype.workflow INFO:
	 [Node] Executing "conf_plot" <fmriprep.interfaces.confounds.FMRISummary>
250528-06:30:06,539 nipype.workflow INFO:
	 [Node] Finished "conf_plot", elapsed time 10.972809s.
250528-06:30:07,484 nipype.workflow INFO:
	 [Node] Setting-up "fmriprep_25_0_wf.sub_GEO067_wf.bold_ses_t2_task_image_run_2_wf.carpetplot_wf.conf_plot" in "/work/fmriprep_25_0_wf/sub_GEO067_wf/bold_ses_t2_task_image_run_2_wf/carpetplot_wf/conf_plot".
250528-06:30:07,618 nipype.workflow INFO:
	 [Node] Executing "conf_plot" <fmriprep.interfaces.confounds.FMRISummary>
250528-06:30:18,17 nipype.workflow INFO:
	 [Node] Finished "conf_plot", elapsed time 10.397292s.
250528-06:30:19,456 nipype.workflow INFO:
	 [Node] Setting-up "fmriprep_25_0_wf.sub_GEO067_wf.bold_ses_t2_task_image_run_3_wf.carpetplot_wf.conf_plot" in "/work/fmriprep_25_0_wf/sub_GEO067_wf/bold_ses_t2_task_image_run_3_wf/carpetplot_wf/conf_plot".
250528-06:30:19,577 nipype.workflow INFO:
	 [Node] Executing "conf_plot" <fmriprep.interfaces.confounds.FMRISummary>
250528-06:30:23,733 nipype.workflow INFO:
	 [Node] Finished "resample", elapsed time 32.122141s.
250528-06:30:25,487 nipype.workflow INFO:
	 [Node] Setting-up "fmriprep_25_0_wf.sub_GEO067_wf.bold_ses_t2_task_image_run_2_wf.bold_anat_wf.resample" in "/work/fmriprep_25_0_wf/sub_GEO067_wf/bold_ses_t2_task_image_run_2_wf/bold_anat_wf/resample".
250528-06:30:25,622 nipype.workflow INFO:
	 [Node] Executing "resample" <fmriprep.interfaces.resampling.ResampleSeries>
250528-06:30:29,687 nipype.workflow INFO:
	 [Node] Finished "conf_plot", elapsed time 10.108843s.
250528-06:30:31,481 nipype.workflow INFO:
	 [Node] Setting-up "fmriprep_25_0_wf.sub_GEO067_wf.bold_ses_t2_task_image_run_1_wf.ds_bold_std_wf.ds_bold" in "/work/fmriprep_25_0_wf/sub_GEO067_wf/bold_ses_t2_task_image_run_1_wf/ds_bold_std_wf/_in_tuple_MNI152NLin2009cAsym.resnative/ds_bold".
250528-06:30:31,569 nipype.workflow INFO:
	 [Node] Executing "ds_bold" <fmriprep.interfaces.DerivativesDataSink>
250528-06:30:46,489 nipype.workflow INFO:
	 [Node] Finished "resample", elapsed time 20.866531s.
250528-06:30:47,471 nipype.workflow INFO:
	 [Node] Setting-up "fmriprep_25_0_wf.sub_GEO067_wf.bold_ses_t2_task_image_run_2_wf.bold_std_wf.resample" in "/work/fmriprep_25_0_wf/sub_GEO067_wf/bold_ses_t2_task_image_run_2_wf/bold_std_wf/_in_tuple_MNI152NLin2009cAsym.resnative/resample".
250528-06:30:47,578 nipype.workflow INFO:
	 [Node] Executing "resample" <fmriprep.interfaces.resampling.ResampleSeries>
250528-06:30:57,136 nipype.workflow INFO:
	 [Node] Finished "ds_bold", elapsed time 25.566275s.
250528-06:30:59,492 nipype.workflow INFO:
	 [Node] Setting-up "fmriprep_25_0_wf.sub_GEO067_wf.bold_ses_t2_task_image_run_4_wf.carpetplot_wf.conf_plot" in "/work/fmriprep_25_0_wf/sub_GEO067_wf/bold_ses_t2_task_image_run_4_wf/carpetplot_wf/conf_plot".
250528-06:30:59,622 nipype.workflow INFO:
	 [Node] Executing "conf_plot" <fmriprep.interfaces.confounds.FMRISummary>
250528-06:31:10,320 nipype.workflow INFO:
	 [Node] Finished "conf_plot", elapsed time 10.697234s.
250528-06:31:11,503 nipype.workflow INFO:
	 [Node] Setting-up "fmriprep_25_0_wf.sub_GEO067_wf.bold_ses_t2_task_image_run_5_wf.carpetplot_wf.conf_plot" in "/work/fmriprep_25_0_wf/sub_GEO067_wf/bold_ses_t2_task_image_run_5_wf/carpetplot_wf/conf_plot".
250528-06:31:11,692 nipype.workflow INFO:
	 [Node] Executing "conf_plot" <fmriprep.interfaces.confounds.FMRISummary>
250528-06:31:20,758 nipype.workflow INFO:
	 [Node] Finished "resample", elapsed time 33.178411s.
250528-06:31:21,518 nipype.workflow INFO:
	 [Node] Setting-up "fmriprep_25_0_wf.sub_GEO067_wf.bold_ses_t2_task_image_run_3_wf.bold_anat_wf.resample" in "/work/fmriprep_25_0_wf/sub_GEO067_wf/bold_ses_t2_task_image_run_3_wf/bold_anat_wf/resample".
250528-06:31:21,662 nipype.workflow INFO:
	 [Node] Executing "resample" <fmriprep.interfaces.resampling.ResampleSeries>
250528-06:31:22,85 nipype.workflow INFO:
	 [Node] Finished "conf_plot", elapsed time 10.391962s.
250528-06:31:23,481 nipype.workflow INFO:
	 [Node] Setting-up "fmriprep_25_0_wf.sub_GEO067_wf.bold_ses_t2_task_image_run_2_wf.ds_bold_std_wf.ds_bold" in "/work/fmriprep_25_0_wf/sub_GEO067_wf/bold_ses_t2_task_image_run_2_wf/ds_bold_std_wf/_in_tuple_MNI152NLin2009cAsym.resnative/ds_bold".
250528-06:31:23,582 nipype.workflow INFO:
	 [Node] Executing "ds_bold" <fmriprep.interfaces.DerivativesDataSink>
250528-06:31:42,842 nipype.workflow INFO:
	 [Node] Finished "resample", elapsed time 21.178413s.
250528-06:31:43,490 nipype.workflow INFO:
	 [Node] Setting-up "fmriprep_25_0_wf.sub_GEO067_wf.bold_ses_t2_task_image_run_3_wf.bold_std_wf.resample" in "/work/fmriprep_25_0_wf/sub_GEO067_wf/bold_ses_t2_task_image_run_3_wf/bold_std_wf/_in_tuple_MNI152NLin2009cAsym.resnative/resample".
250528-06:31:43,597 nipype.workflow INFO:
	 [Node] Executing "resample" <fmriprep.interfaces.resampling.ResampleSeries>
250528-06:31:49,6 nipype.workflow INFO:
	 [Node] Finished "ds_bold", elapsed time 25.422592s.
250528-06:31:49,517 nipype.workflow INFO:
	 [Node] Setting-up "fmriprep_25_0_wf.sub_GEO067_wf.bold_ses_t3_task_image_run_1_wf.carpetplot_wf.conf_plot" in "/work/fmriprep_25_0_wf/sub_GEO067_wf/bold_ses_t3_task_image_run_1_wf/carpetplot_wf/conf_plot".
250528-06:31:49,659 nipype.workflow INFO:
	 [Node] Executing "conf_plot" <fmriprep.interfaces.confounds.FMRISummary>
250528-06:31:59,978 nipype.workflow INFO:
	 [Node] Finished "conf_plot", elapsed time 10.31779s.
250528-06:32:01,486 nipype.workflow INFO:
	 [Node] Setting-up "fmriprep_25_0_wf.sub_GEO067_wf.bold_ses_t3_task_image_run_2_wf.carpetplot_wf.conf_plot" in "/work/fmriprep_25_0_wf/sub_GEO067_wf/bold_ses_t3_task_image_run_2_wf/carpetplot_wf/conf_plot".
250528-06:32:01,664 nipype.workflow INFO:
	 [Node] Executing "conf_plot" <fmriprep.interfaces.confounds.FMRISummary>
250528-06:32:11,918 nipype.workflow INFO:
	 [Node] Finished "conf_plot", elapsed time 10.253165s.
250528-06:32:13,515 nipype.workflow INFO:
	 [Node] Setting-up "fmriprep_25_0_wf.sub_GEO067_wf.bold_ses_t3_task_image_run_3_wf.carpetplot_wf.conf_plot" in "/work/fmriprep_25_0_wf/sub_GEO067_wf/bold_ses_t3_task_image_run_3_wf/carpetplot_wf/conf_plot".
250528-06:32:13,637 nipype.workflow INFO:
	 [Node] Executing "conf_plot" <fmriprep.interfaces.confounds.FMRISummary>
250528-06:32:17,403 nipype.workflow INFO:
	 [Node] Finished "resample", elapsed time 33.805144s.
250528-06:32:19,499 nipype.workflow INFO:
	 [Node] Setting-up "fmriprep_25_0_wf.sub_GEO067_wf.bold_ses_t2_task_image_run_4_wf.bold_anat_wf.resample" in "/work/fmriprep_25_0_wf/sub_GEO067_wf/bold_ses_t2_task_image_run_4_wf/bold_anat_wf/resample".
250528-06:32:19,653 nipype.workflow INFO:
	 [Node] Executing "resample" <fmriprep.interfaces.resampling.ResampleSeries>
250528-06:32:24,323 nipype.workflow INFO:
	 [Node] Finished "conf_plot", elapsed time 10.68515s.
250528-06:32:25,538 nipype.workflow INFO:
	 [Node] Setting-up "fmriprep_25_0_wf.sub_GEO067_wf.bold_ses_t2_task_image_run_3_wf.ds_bold_std_wf.ds_bold" in "/work/fmriprep_25_0_wf/sub_GEO067_wf/bold_ses_t2_task_image_run_3_wf/ds_bold_std_wf/_in_tuple_MNI152NLin2009cAsym.resnative/ds_bold".
250528-06:32:25,642 nipype.workflow INFO:
	 [Node] Executing "ds_bold" <fmriprep.interfaces.DerivativesDataSink>
250528-06:32:40,182 nipype.workflow INFO:
	 [Node] Finished "resample", elapsed time 20.527949s.
250528-06:32:41,503 nipype.workflow INFO:
	 [Node] Setting-up "fmriprep_25_0_wf.sub_GEO067_wf.bold_ses_t2_task_image_run_4_wf.bold_std_wf.resample" in "/work/fmriprep_25_0_wf/sub_GEO067_wf/bold_ses_t2_task_image_run_4_wf/bold_std_wf/_in_tuple_MNI152NLin2009cAsym.resnative/resample".
250528-06:32:41,603 nipype.workflow INFO:
	 [Node] Executing "resample" <fmriprep.interfaces.resampling.ResampleSeries>
250528-06:32:50,661 nipype.workflow INFO:
	 [Node] Finished "ds_bold", elapsed time 25.017091s.
250528-06:32:51,551 nipype.workflow INFO:
	 [Node] Setting-up "fmriprep_25_0_wf.sub_GEO067_wf.bold_ses_t3_task_image_run_4_wf.carpetplot_wf.conf_plot" in "/work/fmriprep_25_0_wf/sub_GEO067_wf/bold_ses_t3_task_image_run_4_wf/carpetplot_wf/conf_plot".
250528-06:32:51,692 nipype.workflow INFO:
	 [Node] Executing "conf_plot" <fmriprep.interfaces.confounds.FMRISummary>
250528-06:33:02,32 nipype.workflow INFO:
	 [Node] Finished "conf_plot", elapsed time 10.339658s.
250528-06:33:03,495 nipype.workflow INFO:
	 [Node] Setting-up "fmriprep_25_0_wf.sub_GEO067_wf.bold_ses_t3_task_image_run_5_wf.carpetplot_wf.conf_plot" in "/work/fmriprep_25_0_wf/sub_GEO067_wf/bold_ses_t3_task_image_run_5_wf/carpetplot_wf/conf_plot".
250528-06:33:03,626 nipype.workflow INFO:
	 [Node] Executing "conf_plot" <fmriprep.interfaces.confounds.FMRISummary>
250528-06:33:13,871 nipype.workflow INFO:
	 [Node] Finished "conf_plot", elapsed time 10.244356s.
250528-06:33:15,139 nipype.workflow INFO:
	 [Node] Finished "resample", elapsed time 33.534856s.
250528-06:33:15,537 nipype.workflow INFO:
	 [Node] Setting-up "fmriprep_25_0_wf.sub_GEO067_wf.bold_ses_t2_task_image_run_5_wf.bold_anat_wf.resample" in "/work/fmriprep_25_0_wf/sub_GEO067_wf/bold_ses_t2_task_image_run_5_wf/bold_anat_wf/resample".
250528-06:33:15,543 nipype.workflow INFO:
	 [Node] Setting-up "fmriprep_25_0_wf.sub_GEO067_wf.bold_ses_t2_task_image_run_4_wf.ds_bold_std_wf.ds_bold" in "/work/fmriprep_25_0_wf/sub_GEO067_wf/bold_ses_t2_task_image_run_4_wf/ds_bold_std_wf/_in_tuple_MNI152NLin2009cAsym.resnative/ds_bold".
250528-06:33:15,632 nipype.workflow INFO:
	 [Node] Executing "ds_bold" <fmriprep.interfaces.DerivativesDataSink>
250528-06:33:15,657 nipype.workflow INFO:
	 [Node] Executing "resample" <fmriprep.interfaces.resampling.ResampleSeries>
250528-06:33:36,506 nipype.workflow INFO:
	 [Node] Finished "resample", elapsed time 20.847967s.
250528-06:33:37,529 nipype.workflow INFO:
	 [Node] Setting-up "fmriprep_25_0_wf.sub_GEO067_wf.bold_ses_t2_task_image_run_5_wf.bold_std_wf.resample" in "/work/fmriprep_25_0_wf/sub_GEO067_wf/bold_ses_t2_task_image_run_5_wf/bold_std_wf/_in_tuple_MNI152NLin2009cAsym.resnative/resample".
250528-06:33:37,633 nipype.workflow INFO:
	 [Node] Executing "resample" <fmriprep.interfaces.resampling.ResampleSeries>
250528-06:33:40,917 nipype.workflow INFO:
	 [Node] Finished "ds_bold", elapsed time 25.28359s.
250528-06:33:41,517 nipype.workflow INFO:
	 [Node] Setting-up "fmriprep_25_0_wf.sub_GEO067_wf.bold_ses_t3_task_retrans_run_1_wf.carpetplot_wf.conf_plot" in "/work/fmriprep_25_0_wf/sub_GEO067_wf/bold_ses_t3_task_retrans_run_1_wf/carpetplot_wf/conf_plot".
250528-06:33:41,646 nipype.workflow INFO:
	 [Node] Executing "conf_plot" <fmriprep.interfaces.confounds.FMRISummary>
250528-06:33:54,797 nipype.workflow INFO:
	 [Node] Finished "conf_plot", elapsed time 13.14922s.
250528-06:34:00,790 nipype.workflow INFO:
	 [Node] Setting-up "_anat2std_tpms0" in "/work/fmriprep_25_0_wf/sub_GEO067_wf/ds_std_volumes_wf/_in_tuple_MNI152NLin2009cAsym.resnative/anat2std_tpms/mapflow/_anat2std_tpms0".
250528-06:34:00,868 nipype.workflow INFO:
	 [Node] Executing "_anat2std_tpms0" <niworkflows.interfaces.fixes.FixHeaderApplyTransforms>
250528-06:34:10,728 nipype.workflow INFO:
	 [Node] Finished "resample", elapsed time 33.094251s.
250528-06:34:11,118 nipype.workflow INFO:
	 [Node] Setting-up "fmriprep_25_0_wf.sub_GEO067_wf.bold_ses_t3_task_image_run_1_wf.bold_anat_wf.resample" in "/work/fmriprep_25_0_wf/sub_GEO067_wf/bold_ses_t3_task_image_run_1_wf/bold_anat_wf/resample".
250528-06:34:11,259 nipype.workflow INFO:
	 [Node] Executing "resample" <fmriprep.interfaces.resampling.ResampleSeries>
250528-06:34:14,481 nipype.workflow INFO:
	 [Node] Finished "_anat2std_tpms0", elapsed time 13.612137s.
250528-06:34:15,143 nipype.workflow INFO:
	 [Node] Setting-up "fmriprep_25_0_wf.sub_GEO067_wf.bold_ses_t2_task_image_run_5_wf.ds_bold_std_wf.ds_bold" in "/work/fmriprep_25_0_wf/sub_GEO067_wf/bold_ses_t2_task_image_run_5_wf/ds_bold_std_wf/_in_tuple_MNI152NLin2009cAsym.resnative/ds_bold".
250528-06:34:15,263 nipype.workflow INFO:
	 [Node] Executing "ds_bold" <fmriprep.interfaces.DerivativesDataSink>
250528-06:34:32,809 nipype.workflow INFO:
	 [Node] Finished "resample", elapsed time 21.549805s.
250528-06:34:35,92 nipype.workflow INFO:
	 [Node] Setting-up "fmriprep_25_0_wf.sub_GEO067_wf.bold_ses_t3_task_image_run_1_wf.bold_std_wf.resample" in "/work/fmriprep_25_0_wf/sub_GEO067_wf/bold_ses_t3_task_image_run_1_wf/bold_std_wf/_in_tuple_MNI152NLin2009cAsym.resnative/resample".
250528-06:34:35,182 nipype.workflow INFO:
	 [Node] Executing "resample" <fmriprep.interfaces.resampling.ResampleSeries>
250528-06:34:40,338 nipype.workflow INFO:
	 [Node] Finished "ds_bold", elapsed time 25.071944s.
250528-06:34:41,108 nipype.workflow INFO:
	 [Node] Setting-up "_anat2std_tpms1" in "/work/fmriprep_25_0_wf/sub_GEO067_wf/ds_std_volumes_wf/_in_tuple_MNI152NLin2009cAsym.resnative/anat2std_tpms/mapflow/_anat2std_tpms1".
250528-06:34:41,188 nipype.workflow INFO:
	 [Node] Executing "_anat2std_tpms1" <niworkflows.interfaces.fixes.FixHeaderApplyTransforms>
250528-06:34:53,290 nipype.workflow INFO:
	 [Node] Finished "_anat2std_tpms1", elapsed time 12.10076s.
250528-06:34:55,105 nipype.workflow INFO:
	 [Node] Setting-up "_anat2std_tpms2" in "/work/fmriprep_25_0_wf/sub_GEO067_wf/ds_std_volumes_wf/_in_tuple_MNI152NLin2009cAsym.resnative/anat2std_tpms/mapflow/_anat2std_tpms2".
250528-06:34:55,194 nipype.workflow INFO:
	 [Node] Executing "_anat2std_tpms2" <niworkflows.interfaces.fixes.FixHeaderApplyTransforms>
250528-06:35:06,687 nipype.workflow INFO:
	 [Node] Finished "_anat2std_tpms2", elapsed time 11.492258s.
250528-06:35:07,858 nipype.workflow INFO:
	 [Node] Setting-up "_anat2std_tpms0" in "/work/fmriprep_25_0_wf/sub_GEO067_wf/ds_std_volumes_wf/_in_tuple_MNI152NLin2009cAsym.resnative/anat2std_tpms/mapflow/_anat2std_tpms0".
250528-06:35:07,863 nipype.workflow INFO:
	 [Node] Cached "_anat2std_tpms0" - collecting precomputed outputs
250528-06:35:07,863 nipype.workflow INFO:
	 [Node] "_anat2std_tpms0" found cached.
250528-06:35:07,864 nipype.workflow INFO:
	 [Node] Setting-up "_anat2std_tpms1" in "/work/fmriprep_25_0_wf/sub_GEO067_wf/ds_std_volumes_wf/_in_tuple_MNI152NLin2009cAsym.resnative/anat2std_tpms/mapflow/_anat2std_tpms1".
250528-06:35:07,866 nipype.workflow INFO:
	 [Node] Cached "_anat2std_tpms1" - collecting precomputed outputs
250528-06:35:07,866 nipype.workflow INFO:
	 [Node] "_anat2std_tpms1" found cached.
250528-06:35:07,867 nipype.workflow INFO:
	 [Node] Setting-up "_anat2std_tpms2" in "/work/fmriprep_25_0_wf/sub_GEO067_wf/ds_std_volumes_wf/_in_tuple_MNI152NLin2009cAsym.resnative/anat2std_tpms/mapflow/_anat2std_tpms2".
250528-06:35:07,869 nipype.workflow INFO:
	 [Node] Cached "_anat2std_tpms2" - collecting precomputed outputs
250528-06:35:07,869 nipype.workflow INFO:
	 [Node] "_anat2std_tpms2" found cached.
250528-06:35:07,998 nipype.workflow INFO:
	 [Node] Finished "resample", elapsed time 32.81518s.
250528-06:35:13,116 nipype.workflow INFO:
	 [Node] Setting-up "fmriprep_25_0_wf.sub_GEO067_wf.bold_ses_t3_task_image_run_2_wf.bold_anat_wf.resample" in "/work/fmriprep_25_0_wf/sub_GEO067_wf/bold_ses_t3_task_image_run_2_wf/bold_anat_wf/resample".
250528-06:35:13,124 nipype.workflow INFO:
	 [Node] Setting-up "fmriprep_25_0_wf.sub_GEO067_wf.bold_ses_t3_task_image_run_1_wf.ds_bold_std_wf.ds_bold" in "/work/fmriprep_25_0_wf/sub_GEO067_wf/bold_ses_t3_task_image_run_1_wf/ds_bold_std_wf/_in_tuple_MNI152NLin2009cAsym.resnative/ds_bold".
250528-06:35:13,211 nipype.workflow INFO:
	 [Node] Executing "ds_bold" <fmriprep.interfaces.DerivativesDataSink>
250528-06:35:13,237 nipype.workflow INFO:
	 [Node] Executing "resample" <fmriprep.interfaces.resampling.ResampleSeries>
250528-06:35:35,326 nipype.workflow INFO:
	 [Node] Finished "resample", elapsed time 22.087776s.
250528-06:35:37,488 nipype.workflow INFO:
	 [Node] Setting-up "fmriprep_25_0_wf.sub_GEO067_wf.bold_ses_t3_task_image_run_2_wf.bold_std_wf.resample" in "/work/fmriprep_25_0_wf/sub_GEO067_wf/bold_ses_t3_task_image_run_2_wf/bold_std_wf/_in_tuple_MNI152NLin2009cAsym.resnative/resample".
250528-06:35:37,584 nipype.workflow INFO:
	 [Node] Executing "resample" <fmriprep.interfaces.resampling.ResampleSeries>
250528-06:35:39,23 nipype.workflow INFO:
	 [Node] Finished "ds_bold", elapsed time 25.810389s.
250528-06:36:11,3 nipype.workflow INFO:
	 [Node] Finished "resample", elapsed time 33.417933s.
250528-06:36:11,437 nipype.workflow INFO:
	 [Node] Setting-up "fmriprep_25_0_wf.sub_GEO067_wf.bold_ses_t3_task_image_run_3_wf.bold_anat_wf.resample" in "/work/fmriprep_25_0_wf/sub_GEO067_wf/bold_ses_t3_task_image_run_3_wf/bold_anat_wf/resample".
250528-06:36:11,444 nipype.workflow INFO:
	 [Node] Setting-up "fmriprep_25_0_wf.sub_GEO067_wf.bold_ses_t3_task_image_run_2_wf.ds_bold_std_wf.ds_bold" in "/work/fmriprep_25_0_wf/sub_GEO067_wf/bold_ses_t3_task_image_run_2_wf/ds_bold_std_wf/_in_tuple_MNI152NLin2009cAsym.resnative/ds_bold".
250528-06:36:11,551 nipype.workflow INFO:
	 [Node] Executing "ds_bold" <fmriprep.interfaces.DerivativesDataSink>
250528-06:36:11,560 nipype.workflow INFO:
	 [Node] Executing "resample" <fmriprep.interfaces.resampling.ResampleSeries>
250528-06:36:34,971 nipype.workflow INFO:
	 [Node] Finished "resample", elapsed time 23.410299s.
250528-06:36:35,468 nipype.workflow INFO:
	 [Node] Setting-up "fmriprep_25_0_wf.sub_GEO067_wf.bold_ses_t3_task_image_run_3_wf.bold_std_wf.resample" in "/work/fmriprep_25_0_wf/sub_GEO067_wf/bold_ses_t3_task_image_run_3_wf/bold_std_wf/_in_tuple_MNI152NLin2009cAsym.resnative/resample".
250528-06:36:35,599 nipype.workflow INFO:
	 [Node] Executing "resample" <fmriprep.interfaces.resampling.ResampleSeries>
250528-06:36:37,283 nipype.workflow INFO:
	 [Node] Finished "ds_bold", elapsed time 25.730656s.
250528-06:37:09,188 nipype.workflow INFO:
	 [Node] Finished "resample", elapsed time 33.587783s.
250528-06:37:11,496 nipype.workflow INFO:
	 [Node] Setting-up "fmriprep_25_0_wf.sub_GEO067_wf.bold_ses_t3_task_image_run_4_wf.bold_anat_wf.resample" in "/work/fmriprep_25_0_wf/sub_GEO067_wf/bold_ses_t3_task_image_run_4_wf/bold_anat_wf/resample".
250528-06:37:11,503 nipype.workflow INFO:
	 [Node] Setting-up "fmriprep_25_0_wf.sub_GEO067_wf.bold_ses_t3_task_image_run_3_wf.ds_bold_std_wf.ds_bold" in "/work/fmriprep_25_0_wf/sub_GEO067_wf/bold_ses_t3_task_image_run_3_wf/ds_bold_std_wf/_in_tuple_MNI152NLin2009cAsym.resnative/ds_bold".
250528-06:37:11,597 nipype.workflow INFO:
	 [Node] Executing "ds_bold" <fmriprep.interfaces.DerivativesDataSink>
250528-06:37:11,616 nipype.workflow INFO:
	 [Node] Executing "resample" <fmriprep.interfaces.resampling.ResampleSeries>
250528-06:37:32,763 nipype.workflow INFO:
	 [Node] Finished "resample", elapsed time 21.145758s.
250528-06:37:33,479 nipype.workflow INFO:
	 [Node] Setting-up "fmriprep_25_0_wf.sub_GEO067_wf.bold_ses_t3_task_image_run_4_wf.bold_std_wf.resample" in "/work/fmriprep_25_0_wf/sub_GEO067_wf/bold_ses_t3_task_image_run_4_wf/bold_std_wf/_in_tuple_MNI152NLin2009cAsym.resnative/resample".
250528-06:37:33,584 nipype.workflow INFO:
	 [Node] Executing "resample" <fmriprep.interfaces.resampling.ResampleSeries>
250528-06:37:37,683 nipype.workflow INFO:
	 [Node] Finished "ds_bold", elapsed time 26.085205s.
250528-06:38:07,333 nipype.workflow INFO:
	 [Node] Finished "resample", elapsed time 33.748436s.
250528-06:38:09,510 nipype.workflow INFO:
	 [Node] Setting-up "fmriprep_25_0_wf.sub_GEO067_wf.bold_ses_t3_task_image_run_5_wf.bold_anat_wf.resample" in "/work/fmriprep_25_0_wf/sub_GEO067_wf/bold_ses_t3_task_image_run_5_wf/bold_anat_wf/resample".
250528-06:38:09,535 nipype.workflow INFO:
	 [Node] Setting-up "fmriprep_25_0_wf.sub_GEO067_wf.bold_ses_t3_task_image_run_4_wf.ds_bold_std_wf.ds_bold" in "/work/fmriprep_25_0_wf/sub_GEO067_wf/bold_ses_t3_task_image_run_4_wf/ds_bold_std_wf/_in_tuple_MNI152NLin2009cAsym.resnative/ds_bold".
250528-06:38:09,651 nipype.workflow INFO:
	 [Node] Executing "ds_bold" <fmriprep.interfaces.DerivativesDataSink>
250528-06:38:09,677 nipype.workflow INFO:
	 [Node] Executing "resample" <fmriprep.interfaces.resampling.ResampleSeries>
250528-06:38:31,387 nipype.workflow INFO:
	 [Node] Finished "resample", elapsed time 21.708679s.
250528-06:38:33,485 nipype.workflow INFO:
	 [Node] Setting-up "fmriprep_25_0_wf.sub_GEO067_wf.bold_ses_t3_task_image_run_5_wf.bold_std_wf.resample" in "/work/fmriprep_25_0_wf/sub_GEO067_wf/bold_ses_t3_task_image_run_5_wf/bold_std_wf/_in_tuple_MNI152NLin2009cAsym.resnative/resample".
250528-06:38:33,615 nipype.workflow INFO:
	 [Node] Executing "resample" <fmriprep.interfaces.resampling.ResampleSeries>
250528-06:38:35,724 nipype.workflow INFO:
	 [Node] Finished "ds_bold", elapsed time 26.071288s.
250528-06:39:06,431 nipype.workflow INFO:
	 [Node] Finished "resample", elapsed time 32.814894s.
250528-06:39:07,508 nipype.workflow INFO:
	 [Node] Setting-up "fmriprep_25_0_wf.sub_GEO067_wf.bold_ses_t3_task_retrans_run_1_wf.bold_anat_wf.resample" in "/work/fmriprep_25_0_wf/sub_GEO067_wf/bold_ses_t3_task_retrans_run_1_wf/bold_anat_wf/resample".
250528-06:39:07,514 nipype.workflow INFO:
	 [Node] Setting-up "fmriprep_25_0_wf.sub_GEO067_wf.bold_ses_t3_task_image_run_5_wf.ds_bold_std_wf.ds_bold" in "/work/fmriprep_25_0_wf/sub_GEO067_wf/bold_ses_t3_task_image_run_5_wf/ds_bold_std_wf/_in_tuple_MNI152NLin2009cAsym.resnative/ds_bold".
250528-06:39:07,631 nipype.workflow INFO:
	 [Node] Executing "ds_bold" <fmriprep.interfaces.DerivativesDataSink>
250528-06:39:07,661 nipype.workflow INFO:
	 [Node] Executing "resample" <fmriprep.interfaces.resampling.ResampleSeries>
250528-06:39:32,767 nipype.workflow INFO:
	 [Node] Finished "resample", elapsed time 25.105035s.
250528-06:39:33,408 nipype.workflow INFO:
	 [Node] Finished "ds_bold", elapsed time 25.776166s.
250528-06:39:33,533 nipype.workflow INFO:
	 [Node] Setting-up "fmriprep_25_0_wf.sub_GEO067_wf.bold_ses_t3_task_retrans_run_1_wf.bold_std_wf.resample" in "/work/fmriprep_25_0_wf/sub_GEO067_wf/bold_ses_t3_task_retrans_run_1_wf/bold_std_wf/_in_tuple_MNI152NLin2009cAsym.resnative/resample".
250528-06:39:33,670 nipype.workflow INFO:
	 [Node] Executing "resample" <fmriprep.interfaces.resampling.ResampleSeries>
250528-06:40:12,244 nipype.workflow INFO:
	 [Node] Finished "resample", elapsed time 38.572102s.
250528-06:40:13,573 nipype.workflow INFO:
	 [Node] Setting-up "fmriprep_25_0_wf.sub_GEO067_wf.bold_ses_t3_task_retrans_run_1_wf.ds_bold_std_wf.ds_bold" in "/work/fmriprep_25_0_wf/sub_GEO067_wf/bold_ses_t3_task_retrans_run_1_wf/ds_bold_std_wf/_in_tuple_MNI152NLin2009cAsym.resnative/ds_bold".
250528-06:40:13,679 nipype.workflow INFO:
	 [Node] Executing "ds_bold" <fmriprep.interfaces.DerivativesDataSink>
250528-06:40:44,506 nipype.workflow INFO:
	 [Node] Finished "ds_bold", elapsed time 30.826346s.
250528-06:40:47,506 nipype.workflow IMPORTANT:
	 fMRIPrep finished successfully!
250528-06:40:47,657 nipype.workflow IMPORTANT:
	 Works derived from this fMRIPrep execution should include the boilerplate text found in <OUTPUT_PATH>/logs/CITATION.md.
