250527-18:08:48,442 nipype.workflow IMPORTANT:
	 Running fMRIPrep version 25.0.0

         License NOTICE ##################################################
         fMRIPrep 25.0.0
         Copyright The NiPreps Developers.
         
         This product includes software developed by
         the NiPreps Community (https://nipreps.org/).
         
         Portions of this software were developed at the Department of
         Psychology at Stanford University, Stanford, CA, US.
         
         This software is also distributed as a Docker container image.
         The bootstrapping file for the image ("Dockerfile") is licensed
         under the MIT License.
         
         This software may be distributed through an add-on package called
         "Docker Wrapper" that is under the BSD 3-clause License.
         #################################################################
250527-19:25:02,780 nipype.workflow IMPORTANT:
	 Building fMRIPrep's workflow:
           * BIDS dataset path: /data.
           * Participant list: ['GEO013'].
           * Run identifier: 20250527-150751_6ef72de6-c3cf-488d-9bd0-8a4013f2a914.
           * Output spaces: MNI152NLin2009cAsym:res-native.
           * Pre-run FreeSurfer's SUBJECTS_DIR: /out/sourcedata/freesurfer.
250527-19:25:23,451 nipype.workflow INFO:
	 ANAT Stage 1: Adding template workflow
250527-19:25:34,659 nipype.workflow INFO:
	 ANAT Stage 2: Preparing brain extraction workflow
250527-19:25:34,819 nipype.workflow INFO:
	 ANAT Stage 3: Preparing segmentation workflow
250527-19:25:34,823 nipype.workflow INFO:
	 ANAT Stage 4: Preparing normalization workflow for ['MNI152NLin2009cAsym']
250527-19:25:34,835 nipype.workflow INFO:
	 ANAT Stage 5: Preparing surface reconstruction workflow
250527-19:25:34,853 nipype.workflow INFO:
	 ANAT Stage 6: Preparing mask refinement workflow
250527-19:25:34,856 nipype.workflow INFO:
	 ANAT Stage 7: Creating T2w template
250527-19:25:34,863 nipype.workflow INFO:
	 ANAT Stage 8: Creating GIFTI surfaces for ['white', 'pial', 'midthickness', 'sphere_reg', 'sphere']
250527-19:25:34,877 nipype.workflow INFO:
	 ANAT Stage 8: Creating GIFTI metrics for ['thickness', 'sulc']
250527-19:25:34,883 nipype.workflow INFO:
	 ANAT Stage 8a: Creating cortical ribbon mask
250527-19:25:34,886 nipype.workflow INFO:
	 ANAT Stage 9: Creating fsLR registration sphere
250527-19:25:34,889 nipype.workflow INFO:
	 ANAT Stage 10: Creating MSM-Sulc registration sphere
250527-19:25:44,838 nipype.workflow INFO:
	 No single-band-reference found for sub-GEO013_ses-t2_task-image_run-1_bold.nii.gz.
250527-19:25:45,63 nipype.workflow INFO:
	 Stage 1: Adding HMC boldref workflow
250527-19:25:45,70 nipype.workflow INFO:
	 Stage 2: Adding motion correction workflow
250527-19:25:45,75 nipype.workflow INFO:
	 Stage 3: Adding coregistration boldref workflow
250527-19:25:50,159 nipype.workflow INFO:
	 No single-band-reference found for sub-GEO013_ses-t2_task-image_run-2_bold.nii.gz.
250527-19:25:50,275 nipype.workflow INFO:
	 Stage 1: Adding HMC boldref workflow
250527-19:25:50,281 nipype.workflow INFO:
	 Stage 2: Adding motion correction workflow
250527-19:25:50,285 nipype.workflow INFO:
	 Stage 3: Adding coregistration boldref workflow
250527-19:25:55,986 nipype.workflow INFO:
	 No single-band-reference found for sub-GEO013_ses-t2_task-image_run-3_bold.nii.gz.
250527-19:25:56,99 nipype.workflow INFO:
	 Stage 1: Adding HMC boldref workflow
250527-19:25:56,105 nipype.workflow INFO:
	 Stage 2: Adding motion correction workflow
250527-19:25:56,108 nipype.workflow INFO:
	 Stage 3: Adding coregistration boldref workflow
250527-19:26:01,284 nipype.workflow INFO:
	 No single-band-reference found for sub-GEO013_ses-t2_task-image_run-4_bold.nii.gz.
250527-19:26:01,398 nipype.workflow INFO:
	 Stage 1: Adding HMC boldref workflow
250527-19:26:01,404 nipype.workflow INFO:
	 Stage 2: Adding motion correction workflow
250527-19:26:01,407 nipype.workflow INFO:
	 Stage 3: Adding coregistration boldref workflow
250527-19:26:05,621 nipype.workflow INFO:
	 No single-band-reference found for sub-GEO013_ses-t2_task-image_run-5_bold.nii.gz.
250527-19:26:05,740 nipype.workflow INFO:
	 Stage 1: Adding HMC boldref workflow
250527-19:26:05,748 nipype.workflow INFO:
	 Stage 2: Adding motion correction workflow
250527-19:26:05,752 nipype.workflow INFO:
	 Stage 3: Adding coregistration boldref workflow
250527-19:26:10,533 nipype.workflow INFO:
	 No single-band-reference found for sub-GEO013_ses-t3_task-image_run-1_bold.nii.gz.
250527-19:26:10,649 nipype.workflow INFO:
	 Stage 1: Adding HMC boldref workflow
250527-19:26:10,655 nipype.workflow INFO:
	 Stage 2: Adding motion correction workflow
250527-19:26:10,659 nipype.workflow INFO:
	 Stage 3: Adding coregistration boldref workflow
250527-19:26:14,964 nipype.workflow INFO:
	 No single-band-reference found for sub-GEO013_ses-t3_task-image_run-2_bold.nii.gz.
250527-19:26:15,79 nipype.workflow INFO:
	 Stage 1: Adding HMC boldref workflow
250527-19:26:15,85 nipype.workflow INFO:
	 Stage 2: Adding motion correction workflow
250527-19:26:15,88 nipype.workflow INFO:
	 Stage 3: Adding coregistration boldref workflow
250527-19:26:19,158 nipype.workflow INFO:
	 No single-band-reference found for sub-GEO013_ses-t3_task-image_run-3_bold.nii.gz.
250527-19:26:19,277 nipype.workflow INFO:
	 Stage 1: Adding HMC boldref workflow
250527-19:26:19,283 nipype.workflow INFO:
	 Stage 2: Adding motion correction workflow
250527-19:26:19,287 nipype.workflow INFO:
	 Stage 3: Adding coregistration boldref workflow
250527-19:26:23,466 nipype.workflow INFO:
	 No single-band-reference found for sub-GEO013_ses-t3_task-image_run-4_bold.nii.gz.
250527-19:26:23,595 nipype.workflow INFO:
	 Stage 1: Adding HMC boldref workflow
250527-19:26:23,601 nipype.workflow INFO:
	 Stage 2: Adding motion correction workflow
250527-19:26:23,604 nipype.workflow INFO:
	 Stage 3: Adding coregistration boldref workflow
250527-19:26:29,94 nipype.workflow INFO:
	 No single-band-reference found for sub-GEO013_ses-t3_task-image_run-5_bold.nii.gz.
250527-19:26:29,219 nipype.workflow INFO:
	 Stage 1: Adding HMC boldref workflow
250527-19:26:29,227 nipype.workflow INFO:
	 Stage 2: Adding motion correction workflow
250527-19:26:29,230 nipype.workflow INFO:
	 Stage 3: Adding coregistration boldref workflow
250527-19:26:34,502 nipype.workflow INFO:
	 No single-band-reference found for sub-GEO013_ses-t3_task-retrans_run-1_bold.nii.gz.
250527-19:26:34,634 nipype.workflow INFO:
	 Stage 1: Adding HMC boldref workflow
250527-19:26:34,640 nipype.workflow INFO:
	 Stage 2: Adding motion correction workflow
250527-19:26:34,644 nipype.workflow INFO:
	 Stage 3: Adding coregistration boldref workflow
250527-19:26:49,366 nipype.workflow INFO:
	 fMRIPrep workflow graph with 1955 nodes built successfully.
250527-19:27:38,254 nipype.workflow IMPORTANT:
	 fMRIPrep started!
250527-19:27:58,513 nipype.workflow INFO:
	 [Node] Setting-up "fmriprep_25_0_wf.sub_GEO013_wf.bidssrc" in "/work/fmriprep_25_0_wf/sub_GEO013_wf/bidssrc".
250527-19:27:59,69 nipype.workflow INFO:
	 [Node] Executing "bidssrc" <niworkflows.interfaces.bids.BIDSDataGrabber>
250527-19:27:59,72 nipype.interface INFO:
	 No "flair" images found for sub-GEO013
250527-19:27:59,72 nipype.interface INFO:
	 No "fmap" images found for sub-GEO013
250527-19:27:59,72 nipype.interface INFO:
	 No "sbref" images found for sub-GEO013
250527-19:27:59,72 nipype.interface INFO:
	 No "roi" images found for sub-GEO013
250527-19:27:59,72 nipype.interface INFO:
	 No "pet" images found for sub-GEO013
250527-19:27:59,72 nipype.interface INFO:
	 No "asl" images found for sub-GEO013
250527-19:27:59,73 nipype.workflow INFO:
	 [Node] Finished "bidssrc", elapsed time 0.001186s.
250527-19:28:01,87 nipype.workflow INFO:
	 [Node] Setting-up "fmriprep_25_0_wf.sub_GEO013_wf.anat_fit_wf.brain_extraction_wf.res_tmpl" in "/work/fmriprep_25_0_wf/sub_GEO013_wf/anat_fit_wf/brain_extraction_wf/res_tmpl".
250527-19:28:01,777 nipype.workflow INFO:
	 [Node] Executing "res_tmpl" <niworkflows.interfaces.nibabel.RegridToZooms>
250527-19:28:03,232 nipype.workflow INFO:
	 [Node] Finished "res_tmpl", elapsed time 1.451449s.
250527-19:28:03,741 nipype.workflow INFO:
	 [Node] Setting-up "fmriprep_25_0_wf.sub_GEO013_wf.anat_fit_wf.brain_extraction_wf.full_wm" in "/work/fmriprep_25_0_wf/sub_GEO013_wf/anat_fit_wf/brain_extraction_wf/full_wm".
250527-19:28:04,867 nipype.workflow INFO:
	 [Node] Executing "full_wm" <nipype.interfaces.utility.wrappers.Function>
250527-19:28:05,77 nipype.workflow INFO:
	 [Node] Setting-up "fmriprep_25_0_wf.sub_GEO013_wf.anat_fit_wf.brain_extraction_wf.lap_tmpl" in "/work/fmriprep_25_0_wf/sub_GEO013_wf/anat_fit_wf/brain_extraction_wf/lap_tmpl".
250527-19:28:05,155 nipype.workflow INFO:
	 [Node] Setting-up "fmriprep_25_0_wf.sub_GEO013_wf.bold_ses_t2_task_image_run_1_wf.bold_fit_wf.hmc_boldref_wf.validation_and_dummies_wf.val_bold" in "/work/fmriprep_25_0_wf/sub_GEO013_wf/bold_ses_t2_task_image_run_1_wf/bold_fit_wf/hmc_boldref_wf/validation_and_dummies_wf/val_bold".
250527-19:28:05,505 nipype.workflow INFO:
	 [Node] Setting-up "fmriprep_25_0_wf.sub_GEO013_wf.bold_ses_t2_task_image_run_1_wf.bold_fit_wf.hmc_boldref_wf.validation_and_dummies_wf.get_dummy" in "/work/fmriprep_25_0_wf/sub_GEO013_wf/bold_ses_t2_task_image_run_1_wf/bold_fit_wf/hmc_boldref_wf/validation_and_dummies_wf/get_dummy".
250527-19:28:05,654 nipype.workflow INFO:
	 [Node] Setting-up "fmriprep_25_0_wf.sub_GEO013_wf.bold_ses_t2_task_image_run_1_wf.bold_native_wf.bold_source" in "/work/fmriprep_25_0_wf/sub_GEO013_wf/bold_ses_t2_task_image_run_1_wf/bold_native_wf/bold_source".
250527-19:28:05,659 nipype.workflow INFO:
	 [Node] Finished "full_wm", elapsed time 0.790729s.
250527-19:28:06,452 nipype.workflow INFO:
	 [Node] Executing "lap_tmpl" <nipype.interfaces.ants.utils.ImageMath>
250527-19:28:06,610 nipype.workflow INFO:
	 [Node] Executing "get_dummy" <niworkflows.interfaces.bold.NonsteadyStatesDetector>
250527-19:28:06,838 nipype.workflow INFO:
	 [Node] Executing "val_bold" <niworkflows.interfaces.header.ValidateImage>
250527-19:28:06,995 nipype.workflow INFO:
	 [Node] Finished "val_bold", elapsed time 0.153956s.
250527-19:28:07,7 nipype.workflow INFO:
	 [Node] Executing "bold_source" <nipype.interfaces.utility.base.Select>
250527-19:28:07,13 nipype.workflow INFO:
	 [Node] Finished "bold_source", elapsed time 0.001682s.
250527-19:28:07,471 nipype.workflow INFO:
	 [Node] Setting-up "fmriprep_25_0_wf.sub_GEO013_wf.bold_ses_t2_task_image_run_2_wf.bold_fit_wf.hmc_boldref_wf.validation_and_dummies_wf.val_bold" in "/work/fmriprep_25_0_wf/sub_GEO013_wf/bold_ses_t2_task_image_run_2_wf/bold_fit_wf/hmc_boldref_wf/validation_and_dummies_wf/val_bold".
250527-19:28:07,479 nipype.workflow INFO:
	 [Node] Setting-up "fmriprep_25_0_wf.sub_GEO013_wf.bold_ses_t2_task_image_run_1_wf.bold_fit_wf.ds_hmc_boldref_wf.sources" in "/work/fmriprep_25_0_wf/sub_GEO013_wf/bold_ses_t2_task_image_run_1_wf/bold_fit_wf/ds_hmc_boldref_wf/sources".
250527-19:28:07,732 nipype.workflow INFO:
	 [Node] Setting-up "fmriprep_25_0_wf.sub_GEO013_wf.bold_ses_t2_task_image_run_1_wf.bold_fit_wf.ds_boldmask_wf.sources" in "/work/fmriprep_25_0_wf/sub_GEO013_wf/bold_ses_t2_task_image_run_1_wf/bold_fit_wf/ds_boldmask_wf/sources".
250527-19:28:07,735 nipype.workflow INFO:
	 [Node] Setting-up "fmriprep_25_0_wf.sub_GEO013_wf.bold_ses_t2_task_image_run_1_wf.bold_fit_wf.ds_hmc_wf.sources" in "/work/fmriprep_25_0_wf/sub_GEO013_wf/bold_ses_t2_task_image_run_1_wf/bold_fit_wf/ds_hmc_wf/sources".
250527-19:28:09,461 nipype.workflow INFO:
	 [Node] Setting-up "fmriprep_25_0_wf.sub_GEO013_wf.bold_ses_t2_task_image_run_2_wf.bold_fit_wf.hmc_boldref_wf.validation_and_dummies_wf.get_dummy" in "/work/fmriprep_25_0_wf/sub_GEO013_wf/bold_ses_t2_task_image_run_2_wf/bold_fit_wf/hmc_boldref_wf/validation_and_dummies_wf/get_dummy".
250527-19:28:09,481 nipype.workflow INFO:
	 [Node] Finished "get_dummy", elapsed time 2.868469s.
250527-19:28:09,784 nipype.workflow INFO:
	 [Node] Executing "sources" <fmriprep.interfaces.bids.BIDSURI>
250527-19:28:09,788 nipype.workflow INFO:
	 [Node] Finished "sources", elapsed time 0.001074s.
250527-19:28:09,943 nipype.workflow INFO:
	 [Node] Executing "val_bold" <niworkflows.interfaces.header.ValidateImage>
250527-19:28:10,47 nipype.workflow INFO:
	 [Node] Executing "sources" <fmriprep.interfaces.bids.BIDSURI>
250527-19:28:10,50 nipype.workflow INFO:
	 [Node] Finished "sources", elapsed time 0.000749s.
250527-19:28:10,72 nipype.workflow INFO:
	 [Node] Finished "val_bold", elapsed time 0.12506s.
250527-19:28:10,714 nipype.workflow INFO:
	 [Node] Executing "sources" <fmriprep.interfaces.bids.BIDSURI>
250527-19:28:10,722 nipype.workflow INFO:
	 [Node] Finished "sources", elapsed time 0.001804s.
250527-19:28:10,935 nipype.workflow INFO:
	 [Node] Executing "get_dummy" <niworkflows.interfaces.bold.NonsteadyStatesDetector>
250527-19:28:11,402 nipype.workflow INFO:
	 [Node] Setting-up "fmriprep_25_0_wf.sub_GEO013_wf.bold_ses_t2_task_image_run_2_wf.bold_fit_wf.ds_boldmask_wf.sources" in "/work/fmriprep_25_0_wf/sub_GEO013_wf/bold_ses_t2_task_image_run_2_wf/bold_fit_wf/ds_boldmask_wf/sources".
250527-19:28:11,403 nipype.workflow INFO:
	 [Node] Setting-up "fmriprep_25_0_wf.sub_GEO013_wf.bold_ses_t2_task_image_run_2_wf.bold_native_wf.bold_source" in "/work/fmriprep_25_0_wf/sub_GEO013_wf/bold_ses_t2_task_image_run_2_wf/bold_native_wf/bold_source".
250527-19:28:11,414 nipype.workflow INFO:
	 [Node] Setting-up "fmriprep_25_0_wf.sub_GEO013_wf.bold_ses_t2_task_image_run_3_wf.bold_fit_wf.hmc_boldref_wf.validation_and_dummies_wf.val_bold" in "/work/fmriprep_25_0_wf/sub_GEO013_wf/bold_ses_t2_task_image_run_3_wf/bold_fit_wf/hmc_boldref_wf/validation_and_dummies_wf/val_bold".
250527-19:28:11,610 nipype.workflow INFO:
	 [Node] Setting-up "fmriprep_25_0_wf.sub_GEO013_wf.bold_ses_t2_task_image_run_2_wf.bold_fit_wf.ds_hmc_boldref_wf.sources" in "/work/fmriprep_25_0_wf/sub_GEO013_wf/bold_ses_t2_task_image_run_2_wf/bold_fit_wf/ds_hmc_boldref_wf/sources".
250527-19:28:13,411 nipype.workflow INFO:
	 [Node] Setting-up "fmriprep_25_0_wf.sub_GEO013_wf.bold_ses_t2_task_image_run_2_wf.bold_fit_wf.ds_hmc_wf.sources" in "/work/fmriprep_25_0_wf/sub_GEO013_wf/bold_ses_t2_task_image_run_2_wf/bold_fit_wf/ds_hmc_wf/sources".
250527-19:28:13,464 nipype.workflow INFO:
	 [Node] Setting-up "fmriprep_25_0_wf.sub_GEO013_wf.bold_ses_t2_task_image_run_3_wf.bold_fit_wf.hmc_boldref_wf.validation_and_dummies_wf.get_dummy" in "/work/fmriprep_25_0_wf/sub_GEO013_wf/bold_ses_t2_task_image_run_3_wf/bold_fit_wf/hmc_boldref_wf/validation_and_dummies_wf/get_dummy".
250527-19:28:13,610 nipype.workflow INFO:
	 [Node] Executing "sources" <fmriprep.interfaces.bids.BIDSURI>
250527-19:28:13,612 nipype.workflow INFO:
	 [Node] Finished "sources", elapsed time 0.000775s.
250527-19:28:13,897 nipype.workflow INFO:
	 [Node] Finished "get_dummy", elapsed time 2.9554780000000003s.
250527-19:28:14,283 nipype.workflow INFO:
	 [Node] Executing "sources" <fmriprep.interfaces.bids.BIDSURI>
250527-19:28:14,285 nipype.workflow INFO:
	 [Node] Finished "sources", elapsed time 0.000788s.
250527-19:28:14,666 nipype.workflow INFO:
	 [Node] Executing "bold_source" <nipype.interfaces.utility.base.Select>
250527-19:28:14,668 nipype.workflow INFO:
	 [Node] Finished "bold_source", elapsed time 0.000719s.
250527-19:28:14,727 nipype.workflow INFO:
	 [Node] Executing "val_bold" <niworkflows.interfaces.header.ValidateImage>
250527-19:28:14,959 nipype.workflow INFO:
	 [Node] Finished "val_bold", elapsed time 0.230569s.
250527-19:28:15,262 nipype.workflow INFO:
	 [Node] Executing "get_dummy" <niworkflows.interfaces.bold.NonsteadyStatesDetector>
250527-19:28:15,262 nipype.workflow INFO:
	 [Node] Executing "sources" <fmriprep.interfaces.bids.BIDSURI>
250527-19:28:15,265 nipype.workflow INFO:
	 [Node] Finished "sources", elapsed time 0.000845s.
250527-19:28:15,466 nipype.workflow INFO:
	 [Node] Setting-up "fmriprep_25_0_wf.sub_GEO013_wf.bold_ses_t2_task_image_run_3_wf.bold_fit_wf.ds_hmc_wf.sources" in "/work/fmriprep_25_0_wf/sub_GEO013_wf/bold_ses_t2_task_image_run_3_wf/bold_fit_wf/ds_hmc_wf/sources".
250527-19:28:15,467 nipype.workflow INFO:
	 [Node] Setting-up "fmriprep_25_0_wf.sub_GEO013_wf.bold_ses_t2_task_image_run_3_wf.bold_fit_wf.ds_boldmask_wf.sources" in "/work/fmriprep_25_0_wf/sub_GEO013_wf/bold_ses_t2_task_image_run_3_wf/bold_fit_wf/ds_boldmask_wf/sources".
250527-19:28:17,274 nipype.workflow INFO:
	 [Node] Executing "sources" <fmriprep.interfaces.bids.BIDSURI>
250527-19:28:17,276 nipype.workflow INFO:
	 [Node] Finished "sources", elapsed time 0.00083s.
250527-19:28:17,302 nipype.workflow INFO:
	 [Node] Executing "sources" <fmriprep.interfaces.bids.BIDSURI>
250527-19:28:17,307 nipype.workflow INFO:
	 [Node] Finished "sources", elapsed time 0.001504s.
250527-19:28:17,461 nipype.workflow INFO:
	 [Node] Setting-up "fmriprep_25_0_wf.sub_GEO013_wf.bold_ses_t2_task_image_run_3_wf.bold_native_wf.bold_source" in "/work/fmriprep_25_0_wf/sub_GEO013_wf/bold_ses_t2_task_image_run_3_wf/bold_native_wf/bold_source".
250527-19:28:17,462 nipype.workflow INFO:
	 [Node] Setting-up "fmriprep_25_0_wf.sub_GEO013_wf.bold_ses_t2_task_image_run_4_wf.bold_fit_wf.hmc_boldref_wf.validation_and_dummies_wf.val_bold" in "/work/fmriprep_25_0_wf/sub_GEO013_wf/bold_ses_t2_task_image_run_4_wf/bold_fit_wf/hmc_boldref_wf/validation_and_dummies_wf/val_bold".
250527-19:28:17,462 nipype.workflow INFO:
	 [Node] Setting-up "fmriprep_25_0_wf.sub_GEO013_wf.bold_ses_t2_task_image_run_4_wf.bold_fit_wf.hmc_boldref_wf.validation_and_dummies_wf.get_dummy" in "/work/fmriprep_25_0_wf/sub_GEO013_wf/bold_ses_t2_task_image_run_4_wf/bold_fit_wf/hmc_boldref_wf/validation_and_dummies_wf/get_dummy".
250527-19:28:17,491 nipype.workflow INFO:
	 [Node] Finished "lap_tmpl", elapsed time 10.807593s.
250527-19:28:17,511 nipype.workflow INFO:
	 [Node] Setting-up "fmriprep_25_0_wf.sub_GEO013_wf.bold_ses_t2_task_image_run_3_wf.bold_fit_wf.ds_hmc_boldref_wf.sources" in "/work/fmriprep_25_0_wf/sub_GEO013_wf/bold_ses_t2_task_image_run_3_wf/bold_fit_wf/ds_hmc_boldref_wf/sources".
250527-19:28:18,735 nipype.workflow INFO:
	 [Node] Finished "get_dummy", elapsed time 3.472031s.
250527-19:28:18,897 nipype.workflow INFO:
	 [Node] Executing "bold_source" <nipype.interfaces.utility.base.Select>
250527-19:28:18,898 nipype.workflow INFO:
	 [Node] Finished "bold_source", elapsed time 0.000619s.
250527-19:28:19,64 nipype.workflow INFO:
	 [Node] Executing "val_bold" <niworkflows.interfaces.header.ValidateImage>
250527-19:28:19,224 nipype.workflow INFO:
	 [Node] Executing "sources" <fmriprep.interfaces.bids.BIDSURI>
250527-19:28:19,226 nipype.workflow INFO:
	 [Node] Finished "sources", elapsed time 0.000927s.
250527-19:28:19,234 nipype.workflow INFO:
	 [Node] Finished "val_bold", elapsed time 0.168575s.
250527-19:28:19,412 nipype.workflow INFO:
	 [Node] Executing "get_dummy" <niworkflows.interfaces.bold.NonsteadyStatesDetector>
250527-19:28:19,480 nipype.workflow INFO:
	 [Node] Setting-up "fmriprep_25_0_wf.sub_GEO013_wf.bold_ses_t2_task_image_run_4_wf.bold_fit_wf.ds_hmc_boldref_wf.sources" in "/work/fmriprep_25_0_wf/sub_GEO013_wf/bold_ses_t2_task_image_run_4_wf/bold_fit_wf/ds_hmc_boldref_wf/sources".
250527-19:28:19,481 nipype.workflow INFO:
	 [Node] Setting-up "fmriprep_25_0_wf.sub_GEO013_wf.bold_ses_t2_task_image_run_4_wf.bold_fit_wf.ds_hmc_wf.sources" in "/work/fmriprep_25_0_wf/sub_GEO013_wf/bold_ses_t2_task_image_run_4_wf/bold_fit_wf/ds_hmc_wf/sources".
250527-19:28:19,482 nipype.workflow INFO:
	 [Node] Setting-up "fmriprep_25_0_wf.sub_GEO013_wf.bold_ses_t2_task_image_run_4_wf.bold_native_wf.bold_source" in "/work/fmriprep_25_0_wf/sub_GEO013_wf/bold_ses_t2_task_image_run_4_wf/bold_native_wf/bold_source".
250527-19:28:20,615 nipype.workflow INFO:
	 [Node] Executing "sources" <fmriprep.interfaces.bids.BIDSURI>
250527-19:28:20,617 nipype.workflow INFO:
	 [Node] Finished "sources", elapsed time 0.000771s.
250527-19:28:20,750 nipype.workflow INFO:
	 [Node] Executing "bold_source" <nipype.interfaces.utility.base.Select>
250527-19:28:20,752 nipype.workflow INFO:
	 [Node] Finished "bold_source", elapsed time 0.000749s.
250527-19:28:21,259 nipype.workflow INFO:
	 [Node] Executing "sources" <fmriprep.interfaces.bids.BIDSURI>
250527-19:28:21,261 nipype.workflow INFO:
	 [Node] Finished "sources", elapsed time 0.000936s.
250527-19:28:21,460 nipype.workflow INFO:
	 [Node] Setting-up "fmriprep_25_0_wf.sub_GEO013_wf.bold_ses_t2_task_image_run_5_wf.bold_fit_wf.hmc_boldref_wf.validation_and_dummies_wf.val_bold" in "/work/fmriprep_25_0_wf/sub_GEO013_wf/bold_ses_t2_task_image_run_5_wf/bold_fit_wf/hmc_boldref_wf/validation_and_dummies_wf/val_bold".
250527-19:28:21,461 nipype.workflow INFO:
	 [Node] Setting-up "fmriprep_25_0_wf.sub_GEO013_wf.bold_ses_t2_task_image_run_5_wf.bold_fit_wf.ds_hmc_boldref_wf.sources" in "/work/fmriprep_25_0_wf/sub_GEO013_wf/bold_ses_t2_task_image_run_5_wf/bold_fit_wf/ds_hmc_boldref_wf/sources".
250527-19:28:21,461 nipype.workflow INFO:
	 [Node] Setting-up "fmriprep_25_0_wf.sub_GEO013_wf.bold_ses_t2_task_image_run_5_wf.bold_fit_wf.ds_hmc_wf.sources" in "/work/fmriprep_25_0_wf/sub_GEO013_wf/bold_ses_t2_task_image_run_5_wf/bold_fit_wf/ds_hmc_wf/sources".
250527-19:28:21,462 nipype.workflow INFO:
	 [Node] Setting-up "fmriprep_25_0_wf.sub_GEO013_wf.bold_ses_t2_task_image_run_5_wf.bold_fit_wf.hmc_boldref_wf.validation_and_dummies_wf.get_dummy" in "/work/fmriprep_25_0_wf/sub_GEO013_wf/bold_ses_t2_task_image_run_5_wf/bold_fit_wf/hmc_boldref_wf/validation_and_dummies_wf/get_dummy".
250527-19:28:21,573 nipype.workflow INFO:
	 [Node] Setting-up "fmriprep_25_0_wf.sub_GEO013_wf.bold_ses_t2_task_image_run_4_wf.bold_fit_wf.ds_boldmask_wf.sources" in "/work/fmriprep_25_0_wf/sub_GEO013_wf/bold_ses_t2_task_image_run_4_wf/bold_fit_wf/ds_boldmask_wf/sources".
250527-19:28:22,367 nipype.workflow INFO:
	 [Node] Finished "get_dummy", elapsed time 2.951991s.
250527-19:28:23,245 nipype.workflow INFO:
	 [Node] Executing "sources" <fmriprep.interfaces.bids.BIDSURI>
250527-19:28:23,247 nipype.workflow INFO:
	 [Node] Finished "sources", elapsed time 0.000661s.
250527-19:28:23,461 nipype.workflow INFO:
	 [Node] Setting-up "fmriprep_25_0_wf.sub_GEO013_wf.bold_ses_t2_task_image_run_5_wf.bold_fit_wf.ds_boldmask_wf.sources" in "/work/fmriprep_25_0_wf/sub_GEO013_wf/bold_ses_t2_task_image_run_5_wf/bold_fit_wf/ds_boldmask_wf/sources".
250527-19:28:23,462 nipype.workflow INFO:
	 [Node] Setting-up "fmriprep_25_0_wf.sub_GEO013_wf.bold_ses_t2_task_image_run_5_wf.bold_native_wf.bold_source" in "/work/fmriprep_25_0_wf/sub_GEO013_wf/bold_ses_t2_task_image_run_5_wf/bold_native_wf/bold_source".
250527-19:28:24,87 nipype.workflow INFO:
	 [Node] Executing "val_bold" <niworkflows.interfaces.header.ValidateImage>
250527-19:28:24,178 nipype.workflow INFO:
	 [Node] Executing "sources" <fmriprep.interfaces.bids.BIDSURI>
250527-19:28:24,180 nipype.workflow INFO:
	 [Node] Finished "sources", elapsed time 0.00071s.
250527-19:28:24,365 nipype.workflow INFO:
	 [Node] Finished "val_bold", elapsed time 0.276428s.
250527-19:28:24,745 nipype.workflow INFO:
	 [Node] Executing "sources" <fmriprep.interfaces.bids.BIDSURI>
250527-19:28:24,756 nipype.workflow INFO:
	 [Node] Finished "sources", elapsed time 0.002612s.
250527-19:28:24,812 nipype.workflow INFO:
	 [Node] Executing "get_dummy" <niworkflows.interfaces.bold.NonsteadyStatesDetector>
250527-19:28:25,225 nipype.workflow INFO:
	 [Node] Executing "sources" <fmriprep.interfaces.bids.BIDSURI>
250527-19:28:25,254 nipype.workflow INFO:
	 [Node] Finished "sources", elapsed time 0.001934s.
250527-19:28:25,408 nipype.workflow INFO:
	 [Node] Executing "bold_source" <nipype.interfaces.utility.base.Select>
250527-19:28:25,411 nipype.workflow INFO:
	 [Node] Finished "bold_source", elapsed time 0.000934s.
250527-19:28:25,472 nipype.workflow INFO:
	 [Node] Setting-up "fmriprep_25_0_wf.sub_GEO013_wf.bold_ses_t3_task_image_run_1_wf.bold_fit_wf.hmc_boldref_wf.validation_and_dummies_wf.get_dummy" in "/work/fmriprep_25_0_wf/sub_GEO013_wf/bold_ses_t3_task_image_run_1_wf/bold_fit_wf/hmc_boldref_wf/validation_and_dummies_wf/get_dummy".
250527-19:28:25,472 nipype.workflow INFO:
	 [Node] Setting-up "fmriprep_25_0_wf.sub_GEO013_wf.bold_ses_t3_task_image_run_1_wf.bold_fit_wf.ds_hmc_boldref_wf.sources" in "/work/fmriprep_25_0_wf/sub_GEO013_wf/bold_ses_t3_task_image_run_1_wf/bold_fit_wf/ds_hmc_boldref_wf/sources".
250527-19:28:25,475 nipype.workflow INFO:
	 [Node] Setting-up "fmriprep_25_0_wf.sub_GEO013_wf.bold_ses_t3_task_image_run_1_wf.bold_fit_wf.hmc_boldref_wf.validation_and_dummies_wf.val_bold" in "/work/fmriprep_25_0_wf/sub_GEO013_wf/bold_ses_t3_task_image_run_1_wf/bold_fit_wf/hmc_boldref_wf/validation_and_dummies_wf/val_bold".
250527-19:28:26,447 nipype.workflow INFO:
	 [Node] Executing "get_dummy" <niworkflows.interfaces.bold.NonsteadyStatesDetector>
250527-19:28:27,183 nipype.workflow INFO:
	 [Node] Executing "val_bold" <niworkflows.interfaces.header.ValidateImage>
250527-19:28:27,355 nipype.workflow INFO:
	 [Node] Finished "val_bold", elapsed time 0.165336s.
250527-19:28:27,433 nipype.workflow INFO:
	 [Node] Setting-up "fmriprep_25_0_wf.sub_GEO013_wf.bold_ses_t3_task_image_run_1_wf.bold_fit_wf.ds_boldmask_wf.sources" in "/work/fmriprep_25_0_wf/sub_GEO013_wf/bold_ses_t3_task_image_run_1_wf/bold_fit_wf/ds_boldmask_wf/sources".
250527-19:28:27,434 nipype.workflow INFO:
	 [Node] Setting-up "fmriprep_25_0_wf.sub_GEO013_wf.bold_ses_t3_task_image_run_1_wf.bold_fit_wf.ds_hmc_wf.sources" in "/work/fmriprep_25_0_wf/sub_GEO013_wf/bold_ses_t3_task_image_run_1_wf/bold_fit_wf/ds_hmc_wf/sources".
250527-19:28:27,438 nipype.workflow INFO:
	 [Node] Setting-up "fmriprep_25_0_wf.sub_GEO013_wf.bold_ses_t3_task_image_run_1_wf.bold_native_wf.bold_source" in "/work/fmriprep_25_0_wf/sub_GEO013_wf/bold_ses_t3_task_image_run_1_wf/bold_native_wf/bold_source".
250527-19:28:27,444 nipype.workflow INFO:
	 [Node] Setting-up "fmriprep_25_0_wf.sub_GEO013_wf.bold_ses_t3_task_image_run_2_wf.bold_fit_wf.hmc_boldref_wf.validation_and_dummies_wf.val_bold" in "/work/fmriprep_25_0_wf/sub_GEO013_wf/bold_ses_t3_task_image_run_2_wf/bold_fit_wf/hmc_boldref_wf/validation_and_dummies_wf/val_bold".
250527-19:28:27,751 nipype.workflow INFO:
	 [Node] Finished "get_dummy", elapsed time 2.937249s.
250527-19:28:28,239 nipype.workflow INFO:
	 [Node] Executing "bold_source" <nipype.interfaces.utility.base.Select>
250527-19:28:28,241 nipype.workflow INFO:
	 [Node] Finished "bold_source", elapsed time 0.000677s.
250527-19:28:28,300 nipype.workflow INFO:
	 [Node] Executing "sources" <fmriprep.interfaces.bids.BIDSURI>
250527-19:28:28,302 nipype.workflow INFO:
	 [Node] Finished "sources", elapsed time 0.000597s.
250527-19:28:29,349 nipype.workflow INFO:
	 [Node] Finished "get_dummy", elapsed time 2.900867s.
250527-19:28:29,463 nipype.workflow INFO:
	 [Node] Setting-up "fmriprep_25_0_wf.sub_GEO013_wf.bold_ses_t3_task_image_run_2_wf.bold_fit_wf.hmc_boldref_wf.validation_and_dummies_wf.get_dummy" in "/work/fmriprep_25_0_wf/sub_GEO013_wf/bold_ses_t3_task_image_run_2_wf/bold_fit_wf/hmc_boldref_wf/validation_and_dummies_wf/get_dummy".
250527-19:28:29,464 nipype.workflow INFO:
	 [Node] Setting-up "fmriprep_25_0_wf.sub_GEO013_wf.bold_ses_t3_task_image_run_2_wf.bold_fit_wf.ds_hmc_boldref_wf.sources" in "/work/fmriprep_25_0_wf/sub_GEO013_wf/bold_ses_t3_task_image_run_2_wf/bold_fit_wf/ds_hmc_boldref_wf/sources".
250527-19:28:29,528 nipype.workflow INFO:
	 [Node] Executing "sources" <fmriprep.interfaces.bids.BIDSURI>
250527-19:28:29,530 nipype.workflow INFO:
	 [Node] Finished "sources", elapsed time 0.000699s.
250527-19:28:29,718 nipype.workflow INFO:
	 [Node] Executing "val_bold" <niworkflows.interfaces.header.ValidateImage>
250527-19:28:30,178 nipype.workflow INFO:
	 [Node] Finished "val_bold", elapsed time 0.456486s.
250527-19:28:30,276 nipype.workflow INFO:
	 [Node] Executing "sources" <fmriprep.interfaces.bids.BIDSURI>
250527-19:28:30,277 nipype.workflow INFO:
	 [Node] Finished "sources", elapsed time 0.000641s.
250527-19:28:30,359 nipype.workflow INFO:
	 [Node] Executing "get_dummy" <niworkflows.interfaces.bold.NonsteadyStatesDetector>
250527-19:28:30,753 nipype.workflow INFO:
	 [Node] Executing "sources" <fmriprep.interfaces.bids.BIDSURI>
250527-19:28:30,758 nipype.workflow INFO:
	 [Node] Finished "sources", elapsed time 0.002652s.
250527-19:28:31,460 nipype.workflow INFO:
	 [Node] Setting-up "fmriprep_25_0_wf.sub_GEO013_wf.bold_ses_t3_task_image_run_2_wf.bold_fit_wf.ds_hmc_wf.sources" in "/work/fmriprep_25_0_wf/sub_GEO013_wf/bold_ses_t3_task_image_run_2_wf/bold_fit_wf/ds_hmc_wf/sources".
250527-19:28:31,460 nipype.workflow INFO:
	 [Node] Setting-up "fmriprep_25_0_wf.sub_GEO013_wf.bold_ses_t3_task_image_run_2_wf.bold_fit_wf.ds_boldmask_wf.sources" in "/work/fmriprep_25_0_wf/sub_GEO013_wf/bold_ses_t3_task_image_run_2_wf/bold_fit_wf/ds_boldmask_wf/sources".
250527-19:28:31,461 nipype.workflow INFO:
	 [Node] Setting-up "fmriprep_25_0_wf.sub_GEO013_wf.bold_ses_t3_task_image_run_2_wf.bold_native_wf.bold_source" in "/work/fmriprep_25_0_wf/sub_GEO013_wf/bold_ses_t3_task_image_run_2_wf/bold_native_wf/bold_source".
250527-19:28:31,463 nipype.workflow INFO:
	 [Node] Setting-up "fmriprep_25_0_wf.sub_GEO013_wf.bold_ses_t3_task_image_run_3_wf.bold_fit_wf.ds_hmc_boldref_wf.sources" in "/work/fmriprep_25_0_wf/sub_GEO013_wf/bold_ses_t3_task_image_run_3_wf/bold_fit_wf/ds_hmc_boldref_wf/sources".
250527-19:28:31,463 nipype.workflow INFO:
	 [Node] Setting-up "fmriprep_25_0_wf.sub_GEO013_wf.bold_ses_t3_task_image_run_3_wf.bold_fit_wf.ds_hmc_wf.sources" in "/work/fmriprep_25_0_wf/sub_GEO013_wf/bold_ses_t3_task_image_run_3_wf/bold_fit_wf/ds_hmc_wf/sources".
250527-19:28:31,464 nipype.workflow INFO:
	 [Node] Setting-up "fmriprep_25_0_wf.sub_GEO013_wf.bold_ses_t3_task_image_run_3_wf.bold_fit_wf.hmc_boldref_wf.validation_and_dummies_wf.get_dummy" in "/work/fmriprep_25_0_wf/sub_GEO013_wf/bold_ses_t3_task_image_run_3_wf/bold_fit_wf/hmc_boldref_wf/validation_and_dummies_wf/get_dummy".
250527-19:28:31,467 nipype.workflow INFO:
	 [Node] Setting-up "fmriprep_25_0_wf.sub_GEO013_wf.bold_ses_t3_task_image_run_3_wf.bold_fit_wf.hmc_boldref_wf.validation_and_dummies_wf.val_bold" in "/work/fmriprep_25_0_wf/sub_GEO013_wf/bold_ses_t3_task_image_run_3_wf/bold_fit_wf/hmc_boldref_wf/validation_and_dummies_wf/val_bold".
250527-19:28:33,351 nipype.workflow INFO:
	 [Node] Finished "get_dummy", elapsed time 2.989851s.
250527-19:28:34,919 nipype.workflow INFO:
	 [Node] Executing "sources" <fmriprep.interfaces.bids.BIDSURI>
250527-19:28:34,921 nipype.workflow INFO:
	 [Node] Finished "sources", elapsed time 0.000735s.
250527-19:28:34,954 nipype.workflow INFO:
	 [Node] Executing "sources" <fmriprep.interfaces.bids.BIDSURI>
250527-19:28:34,956 nipype.workflow INFO:
	 [Node] Finished "sources", elapsed time 0.000702s.
250527-19:28:35,15 nipype.workflow INFO:
	 [Node] Executing "sources" <fmriprep.interfaces.bids.BIDSURI>
250527-19:28:35,19 nipype.workflow INFO:
	 [Node] Finished "sources", elapsed time 0.001579s.
250527-19:28:35,49 nipype.workflow INFO:
	 [Node] Executing "bold_source" <nipype.interfaces.utility.base.Select>
250527-19:28:35,50 nipype.workflow INFO:
	 [Node] Finished "bold_source", elapsed time 0.000506s.
250527-19:28:35,451 nipype.workflow INFO:
	 [Node] Setting-up "fmriprep_25_0_wf.sub_GEO013_wf.bold_ses_t3_task_image_run_3_wf.bold_fit_wf.ds_boldmask_wf.sources" in "/work/fmriprep_25_0_wf/sub_GEO013_wf/bold_ses_t3_task_image_run_3_wf/bold_fit_wf/ds_boldmask_wf/sources".
250527-19:28:36,79 nipype.workflow INFO:
	 [Node] Executing "val_bold" <niworkflows.interfaces.header.ValidateImage>
250527-19:28:36,370 nipype.workflow INFO:
	 [Node] Executing "sources" <fmriprep.interfaces.bids.BIDSURI>
250527-19:28:36,372 nipype.workflow INFO:
	 [Node] Finished "sources", elapsed time 0.00075s.
250527-19:28:36,440 nipype.workflow INFO:
	 [Node] Executing "get_dummy" <niworkflows.interfaces.bold.NonsteadyStatesDetector>
250527-19:28:36,615 nipype.workflow INFO:
	 [Node] Finished "val_bold", elapsed time 0.534308s.
250527-19:28:37,296 nipype.workflow INFO:
	 [Node] Executing "sources" <fmriprep.interfaces.bids.BIDSURI>
250527-19:28:37,302 nipype.workflow INFO:
	 [Node] Finished "sources", elapsed time 0.001884s.
250527-19:28:37,461 nipype.workflow INFO:
	 [Node] Setting-up "fmriprep_25_0_wf.sub_GEO013_wf.bold_ses_t3_task_image_run_3_wf.bold_native_wf.bold_source" in "/work/fmriprep_25_0_wf/sub_GEO013_wf/bold_ses_t3_task_image_run_3_wf/bold_native_wf/bold_source".
250527-19:28:37,464 nipype.workflow INFO:
	 [Node] Setting-up "fmriprep_25_0_wf.sub_GEO013_wf.bold_ses_t3_task_image_run_4_wf.bold_fit_wf.ds_hmc_boldref_wf.sources" in "/work/fmriprep_25_0_wf/sub_GEO013_wf/bold_ses_t3_task_image_run_4_wf/bold_fit_wf/ds_hmc_boldref_wf/sources".
250527-19:28:37,464 nipype.workflow INFO:
	 [Node] Setting-up "fmriprep_25_0_wf.sub_GEO013_wf.bold_ses_t3_task_image_run_4_wf.bold_fit_wf.hmc_boldref_wf.validation_and_dummies_wf.get_dummy" in "/work/fmriprep_25_0_wf/sub_GEO013_wf/bold_ses_t3_task_image_run_4_wf/bold_fit_wf/hmc_boldref_wf/validation_and_dummies_wf/get_dummy".
250527-19:28:37,465 nipype.workflow INFO:
	 [Node] Setting-up "fmriprep_25_0_wf.sub_GEO013_wf.bold_ses_t3_task_image_run_4_wf.bold_fit_wf.ds_hmc_wf.sources" in "/work/fmriprep_25_0_wf/sub_GEO013_wf/bold_ses_t3_task_image_run_4_wf/bold_fit_wf/ds_hmc_wf/sources".
250527-19:28:37,466 nipype.workflow INFO:
	 [Node] Setting-up "fmriprep_25_0_wf.sub_GEO013_wf.bold_ses_t3_task_image_run_4_wf.bold_fit_wf.hmc_boldref_wf.validation_and_dummies_wf.val_bold" in "/work/fmriprep_25_0_wf/sub_GEO013_wf/bold_ses_t3_task_image_run_4_wf/bold_fit_wf/hmc_boldref_wf/validation_and_dummies_wf/val_bold".
250527-19:28:39,181 nipype.workflow INFO:
	 [Node] Executing "bold_source" <nipype.interfaces.utility.base.Select>
250527-19:28:39,188 nipype.workflow INFO:
	 [Node] Finished "bold_source", elapsed time 0.000699s.
250527-19:28:39,256 nipype.workflow INFO:
	 [Node] Executing "val_bold" <niworkflows.interfaces.header.ValidateImage>
250527-19:28:39,340 nipype.workflow INFO:
	 [Node] Finished "val_bold", elapsed time 0.08251s.
250527-19:28:39,437 nipype.workflow INFO:
	 [Node] Finished "get_dummy", elapsed time 2.996044s.
250527-19:28:39,442 nipype.workflow INFO:
	 [Node] Setting-up "fmriprep_25_0_wf.sub_GEO013_wf.bold_ses_t3_task_image_run_4_wf.bold_fit_wf.ds_boldmask_wf.sources" in "/work/fmriprep_25_0_wf/sub_GEO013_wf/bold_ses_t3_task_image_run_4_wf/bold_fit_wf/ds_boldmask_wf/sources".
250527-19:28:39,443 nipype.workflow INFO:
	 [Node] Setting-up "fmriprep_25_0_wf.sub_GEO013_wf.bold_ses_t3_task_image_run_4_wf.bold_native_wf.bold_source" in "/work/fmriprep_25_0_wf/sub_GEO013_wf/bold_ses_t3_task_image_run_4_wf/bold_native_wf/bold_source".
250527-19:28:39,547 nipype.workflow INFO:
	 [Node] Executing "sources" <fmriprep.interfaces.bids.BIDSURI>
250527-19:28:39,549 nipype.workflow INFO:
	 [Node] Finished "sources", elapsed time 0.000701s.
250527-19:28:39,683 nipype.workflow INFO:
	 [Node] Executing "get_dummy" <niworkflows.interfaces.bold.NonsteadyStatesDetector>
250527-19:28:39,823 nipype.workflow INFO:
	 [Node] Executing "sources" <fmriprep.interfaces.bids.BIDSURI>
250527-19:28:39,827 nipype.workflow INFO:
	 [Node] Finished "sources", elapsed time 0.00079s.
250527-19:28:40,678 nipype.workflow INFO:
	 [Node] Executing "bold_source" <nipype.interfaces.utility.base.Select>
250527-19:28:40,685 nipype.workflow INFO:
	 [Node] Finished "bold_source", elapsed time 0.003791s.
250527-19:28:40,967 nipype.workflow INFO:
	 [Node] Executing "sources" <fmriprep.interfaces.bids.BIDSURI>
250527-19:28:40,970 nipype.workflow INFO:
	 [Node] Finished "sources", elapsed time 0.000734s.
250527-19:28:41,470 nipype.workflow INFO:
	 [Node] Setting-up "fmriprep_25_0_wf.sub_GEO013_wf.bold_ses_t3_task_image_run_5_wf.bold_fit_wf.hmc_boldref_wf.validation_and_dummies_wf.val_bold" in "/work/fmriprep_25_0_wf/sub_GEO013_wf/bold_ses_t3_task_image_run_5_wf/bold_fit_wf/hmc_boldref_wf/validation_and_dummies_wf/val_bold".
250527-19:28:41,470 nipype.workflow INFO:
	 [Node] Setting-up "fmriprep_25_0_wf.sub_GEO013_wf.bold_ses_t3_task_image_run_5_wf.bold_fit_wf.hmc_boldref_wf.validation_and_dummies_wf.get_dummy" in "/work/fmriprep_25_0_wf/sub_GEO013_wf/bold_ses_t3_task_image_run_5_wf/bold_fit_wf/hmc_boldref_wf/validation_and_dummies_wf/get_dummy".
250527-19:28:41,470 nipype.workflow INFO:
	 [Node] Setting-up "fmriprep_25_0_wf.sub_GEO013_wf.bold_ses_t3_task_image_run_5_wf.bold_fit_wf.ds_hmc_boldref_wf.sources" in "/work/fmriprep_25_0_wf/sub_GEO013_wf/bold_ses_t3_task_image_run_5_wf/bold_fit_wf/ds_hmc_boldref_wf/sources".
250527-19:28:41,470 nipype.workflow INFO:
	 [Node] Setting-up "fmriprep_25_0_wf.sub_GEO013_wf.bold_ses_t3_task_image_run_5_wf.bold_fit_wf.ds_hmc_wf.sources" in "/work/fmriprep_25_0_wf/sub_GEO013_wf/bold_ses_t3_task_image_run_5_wf/bold_fit_wf/ds_hmc_wf/sources".
250527-19:28:41,470 nipype.workflow INFO:
	 [Node] Setting-up "fmriprep_25_0_wf.sub_GEO013_wf.bold_ses_t3_task_image_run_5_wf.bold_fit_wf.ds_boldmask_wf.sources" in "/work/fmriprep_25_0_wf/sub_GEO013_wf/bold_ses_t3_task_image_run_5_wf/bold_fit_wf/ds_boldmask_wf/sources".
250527-19:28:42,642 nipype.workflow INFO:
	 [Node] Finished "get_dummy", elapsed time 2.956674s.
250527-19:28:43,339 nipype.workflow INFO:
	 [Node] Executing "get_dummy" <niworkflows.interfaces.bold.NonsteadyStatesDetector>
250527-19:28:43,430 nipype.workflow INFO:
	 [Node] Executing "sources" <fmriprep.interfaces.bids.BIDSURI>
250527-19:28:43,432 nipype.workflow INFO:
	 [Node] Finished "sources", elapsed time 0.000742s.
250527-19:28:43,452 nipype.workflow INFO:
	 [Node] Setting-up "fmriprep_25_0_wf.sub_GEO013_wf.bold_ses_t3_task_image_run_5_wf.bold_native_wf.bold_source" in "/work/fmriprep_25_0_wf/sub_GEO013_wf/bold_ses_t3_task_image_run_5_wf/bold_native_wf/bold_source".
250527-19:28:43,455 nipype.workflow INFO:
	 [Node] Setting-up "fmriprep_25_0_wf.sub_GEO013_wf.bold_ses_t3_task_retrans_run_1_wf.bold_fit_wf.hmc_boldref_wf.validation_and_dummies_wf.val_bold" in "/work/fmriprep_25_0_wf/sub_GEO013_wf/bold_ses_t3_task_retrans_run_1_wf/bold_fit_wf/hmc_boldref_wf/validation_and_dummies_wf/val_bold".
250527-19:28:43,516 nipype.workflow INFO:
	 [Node] Executing "val_bold" <niworkflows.interfaces.header.ValidateImage>
250527-19:28:43,524 nipype.workflow INFO:
	 [Node] Executing "sources" <fmriprep.interfaces.bids.BIDSURI>
250527-19:28:43,526 nipype.workflow INFO:
	 [Node] Finished "sources", elapsed time 0.00101s.
250527-19:28:43,746 nipype.workflow INFO:
	 [Node] Finished "val_bold", elapsed time 0.22729s.
250527-19:28:43,802 nipype.workflow INFO:
	 [Node] Executing "sources" <fmriprep.interfaces.bids.BIDSURI>
250527-19:28:43,804 nipype.workflow INFO:
	 [Node] Finished "sources", elapsed time 0.000839s.
250527-19:28:45,206 nipype.workflow INFO:
	 [Node] Executing "bold_source" <nipype.interfaces.utility.base.Select>
250527-19:28:45,210 nipype.workflow INFO:
	 [Node] Finished "bold_source", elapsed time 0.000726s.
250527-19:28:45,465 nipype.workflow INFO:
	 [Node] Executing "val_bold" <niworkflows.interfaces.header.ValidateImage>
250527-19:28:45,466 nipype.workflow INFO:
	 [Node] Setting-up "fmriprep_25_0_wf.sub_GEO013_wf.bold_ses_t3_task_retrans_run_1_wf.bold_fit_wf.hmc_boldref_wf.validation_and_dummies_wf.get_dummy" in "/work/fmriprep_25_0_wf/sub_GEO013_wf/bold_ses_t3_task_retrans_run_1_wf/bold_fit_wf/hmc_boldref_wf/validation_and_dummies_wf/get_dummy".
250527-19:28:45,467 nipype.workflow INFO:
	 [Node] Setting-up "fmriprep_25_0_wf.sub_GEO013_wf.bold_ses_t3_task_retrans_run_1_wf.bold_fit_wf.ds_hmc_boldref_wf.sources" in "/work/fmriprep_25_0_wf/sub_GEO013_wf/bold_ses_t3_task_retrans_run_1_wf/bold_fit_wf/ds_hmc_boldref_wf/sources".
250527-19:28:45,468 nipype.workflow INFO:
	 [Node] Setting-up "fmriprep_25_0_wf.sub_GEO013_wf.bold_ses_t3_task_retrans_run_1_wf.bold_fit_wf.ds_hmc_wf.sources" in "/work/fmriprep_25_0_wf/sub_GEO013_wf/bold_ses_t3_task_retrans_run_1_wf/bold_fit_wf/ds_hmc_wf/sources".
250527-19:28:45,515 nipype.workflow INFO:
	 [Node] Setting-up "fmriprep_25_0_wf.sub_GEO013_wf.bold_ses_t3_task_retrans_run_1_wf.bold_fit_wf.ds_boldmask_wf.sources" in "/work/fmriprep_25_0_wf/sub_GEO013_wf/bold_ses_t3_task_retrans_run_1_wf/bold_fit_wf/ds_boldmask_wf/sources".
250527-19:28:45,516 nipype.workflow INFO:
	 [Node] Setting-up "fmriprep_25_0_wf.sub_GEO013_wf.bold_ses_t3_task_retrans_run_1_wf.bold_native_wf.bold_source" in "/work/fmriprep_25_0_wf/sub_GEO013_wf/bold_ses_t3_task_retrans_run_1_wf/bold_native_wf/bold_source".
250527-19:28:45,741 nipype.workflow INFO:
	 [Node] Finished "val_bold", elapsed time 0.274448s.
250527-19:28:46,225 nipype.workflow INFO:
	 [Node] Finished "get_dummy", elapsed time 2.884342s.
250527-19:28:46,763 nipype.workflow INFO:
	 [Node] Executing "sources" <fmriprep.interfaces.bids.BIDSURI>
250527-19:28:46,765 nipype.workflow INFO:
	 [Node] Finished "sources", elapsed time 0.000809s.
250527-19:28:47,657 nipype.workflow INFO:
	 [Node] Executing "get_dummy" <niworkflows.interfaces.bold.NonsteadyStatesDetector>
250527-19:28:47,819 nipype.workflow INFO:
	 [Node] Executing "sources" <fmriprep.interfaces.bids.BIDSURI>
250527-19:28:47,821 nipype.workflow INFO:
	 [Node] Finished "sources", elapsed time 0.001047s.
250527-19:28:48,206 nipype.workflow INFO:
	 [Node] Executing "bold_source" <nipype.interfaces.utility.base.Select>
250527-19:28:48,209 nipype.workflow INFO:
	 [Node] Finished "bold_source", elapsed time 0.001306s.
250527-19:28:48,216 nipype.workflow INFO:
	 [Node] Executing "sources" <fmriprep.interfaces.bids.BIDSURI>
250527-19:28:48,221 nipype.workflow INFO:
	 [Node] Finished "sources", elapsed time 0.000736s.
250527-19:28:51,80 nipype.workflow INFO:
	 [Node] Finished "get_dummy", elapsed time 3.420874s.
250527-19:28:58,264 nipype.workflow INFO:
	 [Node] Setting-up "fmriprep_25_0_wf.sub_GEO013_wf.bids_info" in "/work/fmriprep_25_0_wf/sub_GEO013_wf/bids_info".
250527-19:28:58,267 nipype.workflow INFO:
	 [Node] Setting-up "fmriprep_25_0_wf.sub_GEO013_wf.anat_fit_wf.anat_template_wf.anat_ref_dimensions" in "/work/fmriprep_25_0_wf/sub_GEO013_wf/anat_fit_wf/anat_template_wf/anat_ref_dimensions".
250527-19:28:58,278 nipype.workflow INFO:
	 [Node] Setting-up "fmriprep_25_0_wf.sub_GEO013_wf.anat_fit_wf.t2w_template_wf.anat_ref_dimensions" in "/work/fmriprep_25_0_wf/sub_GEO013_wf/anat_fit_wf/t2w_template_wf/anat_ref_dimensions".
250527-19:28:59,334 nipype.workflow INFO:
	 [Node] Executing "bids_info" <niworkflows.interfaces.bids.BIDSInfo>
250527-19:28:59,341 nipype.workflow INFO:
	 [Node] Finished "bids_info", elapsed time 0.005818s.
250527-19:28:59,360 nipype.workflow INFO:
	 [Node] Executing "anat_ref_dimensions" <niworkflows.interfaces.images.TemplateDimensions>
250527-19:28:59,552 nipype.workflow INFO:
	 [Node] Executing "anat_ref_dimensions" <niworkflows.interfaces.images.TemplateDimensions>
250527-19:29:00,60 nipype.workflow INFO:
	 [Node] Finished "anat_ref_dimensions", elapsed time 0.698804s.
250527-19:29:00,324 nipype.workflow INFO:
	 [Node] Finished "anat_ref_dimensions", elapsed time 0.771258s.
250527-19:29:01,507 nipype.workflow INFO:
	 [Node] Setting-up "fmriprep_25_0_wf.sub_GEO013_wf.anat_fit_wf.brain_extraction_wf.mrg_tmpl" in "/work/fmriprep_25_0_wf/sub_GEO013_wf/anat_fit_wf/brain_extraction_wf/mrg_tmpl".
250527-19:29:02,625 nipype.workflow INFO:
	 [Node] Executing "mrg_tmpl" <nipype.interfaces.utility.base.Merge>
250527-19:29:02,627 nipype.workflow INFO:
	 [Node] Finished "mrg_tmpl", elapsed time 0.000578s.
250527-19:29:07,183 nipype.workflow INFO:
	 [Node] Setting-up "fmriprep_25_0_wf.sub_GEO013_wf.bold_ses_t2_task_image_run_1_wf.bold_native_wf.validate_bold" in "/work/fmriprep_25_0_wf/sub_GEO013_wf/bold_ses_t2_task_image_run_1_wf/bold_native_wf/validate_bold".
250527-19:29:07,187 nipype.workflow INFO:
	 [Node] Setting-up "fmriprep_25_0_wf.sub_GEO013_wf.bold_ses_t2_task_image_run_1_wf.bold_fit_wf.hmc_boldref_wf.gen_avg" in "/work/fmriprep_25_0_wf/sub_GEO013_wf/bold_ses_t2_task_image_run_1_wf/bold_fit_wf/hmc_boldref_wf/gen_avg".
250527-19:29:08,815 nipype.workflow INFO:
	 [Node] Executing "validate_bold" <niworkflows.interfaces.header.ValidateImage>
250527-19:29:08,909 nipype.workflow INFO:
	 [Node] Finished "validate_bold", elapsed time 0.093167s.
250527-19:29:09,395 nipype.workflow INFO:
	 [Node] Executing "gen_avg" <niworkflows.interfaces.images.RobustAverage>
250527-19:29:12,513 nipype.workflow INFO:
	 [Node] Setting-up "fmriprep_25_0_wf.sub_GEO013_wf.bold_ses_t2_task_image_run_2_wf.bold_fit_wf.hmc_boldref_wf.gen_avg" in "/work/fmriprep_25_0_wf/sub_GEO013_wf/bold_ses_t2_task_image_run_2_wf/bold_fit_wf/hmc_boldref_wf/gen_avg".
250527-19:29:12,518 nipype.workflow INFO:
	 [Node] Setting-up "fmriprep_25_0_wf.sub_GEO013_wf.bold_ses_t2_task_image_run_2_wf.bold_native_wf.validate_bold" in "/work/fmriprep_25_0_wf/sub_GEO013_wf/bold_ses_t2_task_image_run_2_wf/bold_native_wf/validate_bold".
250527-19:29:13,301 nipype.workflow INFO:
	 [Node] Executing "gen_avg" <niworkflows.interfaces.images.RobustAverage>
250527-19:29:13,501 nipype.workflow INFO:
	 [Node] Executing "validate_bold" <niworkflows.interfaces.header.ValidateImage>
250527-19:29:13,603 nipype.workflow INFO:
	 [Node] Finished "validate_bold", elapsed time 0.100877s.
250527-19:29:14,347 nipype.interface INFO:
	 stderr 2025-05-27T19:29:14.347446:++ 3dvolreg: AFNI version=AFNI_25.0.11 (Mar 24 2025) [64-bit]
250527-19:29:14,347 nipype.interface INFO:
	 stderr 2025-05-27T19:29:14.347446:++ Authored by: RW Cox
250527-19:29:14,351 nipype.interface INFO:
	 stderr 2025-05-27T19:29:14.351604:** AFNI converts NIFTI_datatype=512 (UINT16) in file /work/fmriprep_25_0_wf/sub_GEO013_wf/bold_ses_t2_task_image_run_1_wf/bold_fit_wf/hmc_boldref_wf/gen_avg/sub-GEO013_ses-t2_task-image_run-1_bold_sliced.nii.gz to FLOAT32
250527-19:29:14,351 nipype.interface INFO:
	 stderr 2025-05-27T19:29:14.351604:     Warnings of this type will be muted for this session.
250527-19:29:14,351 nipype.interface INFO:
	 stderr 2025-05-27T19:29:14.351604:     Set AFNI_NIFTI_TYPE_WARN to YES to see them all, NO to see none.
250527-19:29:14,354 nipype.interface INFO:
	 stderr 2025-05-27T19:29:14.354624:[7m*+ WARNING:[0m   If you are performing spatial transformations on an oblique dset,
250527-19:29:14,354 nipype.interface INFO:
	 stderr 2025-05-27T19:29:14.354624:  such as /work/fmriprep_25_0_wf/sub_GEO013_wf/bold_ses_t2_task_image_run_1_wf/bold_fit_wf/hmc_boldref_wf/gen_avg/sub-GEO013_ses-t2_task-image_run-1_bold_sliced.nii.gz,
250527-19:29:14,354 nipype.interface INFO:
	 stderr 2025-05-27T19:29:14.354624:  or viewing/combining it with volumes of differing obliquity,
250527-19:29:14,354 nipype.interface INFO:
	 stderr 2025-05-27T19:29:14.354624:  you should consider running: 
250527-19:29:14,354 nipype.interface INFO:
	 stderr 2025-05-27T19:29:14.354624:     3dWarp -deoblique 
250527-19:29:14,354 nipype.interface INFO:
	 stderr 2025-05-27T19:29:14.354624:  on this and  other oblique datasets in the same session.
250527-19:29:14,354 nipype.interface INFO:
	 stderr 2025-05-27T19:29:14.354624: See 3dWarp -help for details.
250527-19:29:14,354 nipype.interface INFO:
	 stderr 2025-05-27T19:29:14.354624:++ Oblique dataset:/work/fmriprep_25_0_wf/sub_GEO013_wf/bold_ses_t2_task_image_run_1_wf/bold_fit_wf/hmc_boldref_wf/gen_avg/sub-GEO013_ses-t2_task-image_run-1_bold_sliced.nii.gz is 43.900013 degrees from plumb.
250527-19:29:14,354 nipype.interface INFO:
	 stderr 2025-05-27T19:29:14.354775:++ Coarse del was 10, replaced with 6
250527-19:29:14,657 nipype.interface INFO:
	 stderr 2025-05-27T19:29:14.657590:++ edt_blur: sigx 2, dx 1, fwhm 4.70964, sfac 2.5, firx 5
250527-19:29:17,143 nipype.interface INFO:
	 stderr 2025-05-27T19:29:17.143013:++ 3dvolreg: AFNI version=AFNI_25.0.11 (Mar 24 2025) [64-bit]
250527-19:29:17,143 nipype.interface INFO:
	 stderr 2025-05-27T19:29:17.143013:++ Authored by: RW Cox
250527-19:29:17,147 nipype.interface INFO:
	 stderr 2025-05-27T19:29:17.147319:** AFNI converts NIFTI_datatype=512 (UINT16) in file /work/fmriprep_25_0_wf/sub_GEO013_wf/bold_ses_t2_task_image_run_2_wf/bold_fit_wf/hmc_boldref_wf/gen_avg/sub-GEO013_ses-t2_task-image_run-2_bold_sliced.nii.gz to FLOAT32
250527-19:29:17,147 nipype.interface INFO:
	 stderr 2025-05-27T19:29:17.147319:     Warnings of this type will be muted for this session.
250527-19:29:17,147 nipype.interface INFO:
	 stderr 2025-05-27T19:29:17.147319:     Set AFNI_NIFTI_TYPE_WARN to YES to see them all, NO to see none.
250527-19:29:17,149 nipype.interface INFO:
	 stderr 2025-05-27T19:29:17.149713:[7m*+ WARNING:[0m   If you are performing spatial transformations on an oblique dset,
250527-19:29:17,149 nipype.interface INFO:
	 stderr 2025-05-27T19:29:17.149713:  such as /work/fmriprep_25_0_wf/sub_GEO013_wf/bold_ses_t2_task_image_run_2_wf/bold_fit_wf/hmc_boldref_wf/gen_avg/sub-GEO013_ses-t2_task-image_run-2_bold_sliced.nii.gz,
250527-19:29:17,149 nipype.interface INFO:
	 stderr 2025-05-27T19:29:17.149713:  or viewing/combining it with volumes of differing obliquity,
250527-19:29:17,149 nipype.interface INFO:
	 stderr 2025-05-27T19:29:17.149713:  you should consider running: 
250527-19:29:17,149 nipype.interface INFO:
	 stderr 2025-05-27T19:29:17.149713:     3dWarp -deoblique 
250527-19:29:17,149 nipype.interface INFO:
	 stderr 2025-05-27T19:29:17.149713:  on this and  other oblique datasets in the same session.
250527-19:29:17,149 nipype.interface INFO:
	 stderr 2025-05-27T19:29:17.149713: See 3dWarp -help for details.
250527-19:29:17,149 nipype.interface INFO:
	 stderr 2025-05-27T19:29:17.149713:++ Oblique dataset:/work/fmriprep_25_0_wf/sub_GEO013_wf/bold_ses_t2_task_image_run_2_wf/bold_fit_wf/hmc_boldref_wf/gen_avg/sub-GEO013_ses-t2_task-image_run-2_bold_sliced.nii.gz is 43.900013 degrees from plumb.
250527-19:29:17,149 nipype.interface INFO:
	 stderr 2025-05-27T19:29:17.149874:++ Coarse del was 10, replaced with 6
250527-19:29:17,335 nipype.workflow INFO:
	 [Node] Setting-up "fmriprep_25_0_wf.sub_GEO013_wf.bold_ses_t2_task_image_run_3_wf.bold_native_wf.validate_bold" in "/work/fmriprep_25_0_wf/sub_GEO013_wf/bold_ses_t2_task_image_run_3_wf/bold_native_wf/validate_bold".
250527-19:29:17,339 nipype.workflow INFO:
	 [Node] Setting-up "fmriprep_25_0_wf.sub_GEO013_wf.bold_ses_t2_task_image_run_3_wf.bold_fit_wf.hmc_boldref_wf.gen_avg" in "/work/fmriprep_25_0_wf/sub_GEO013_wf/bold_ses_t2_task_image_run_3_wf/bold_fit_wf/hmc_boldref_wf/gen_avg".
250527-19:29:17,454 nipype.interface INFO:
	 stderr 2025-05-27T19:29:17.454587:++ edt_blur: sigx 2, dx 1, fwhm 4.70964, sfac 2.5, firx 5
250527-19:29:18,195 nipype.workflow INFO:
	 [Node] Executing "gen_avg" <niworkflows.interfaces.images.RobustAverage>
250527-19:29:18,434 nipype.workflow INFO:
	 [Node] Executing "validate_bold" <niworkflows.interfaces.header.ValidateImage>
250527-19:29:18,605 nipype.workflow INFO:
	 [Node] Finished "validate_bold", elapsed time 0.169163s.
250527-19:29:21,319 nipype.workflow INFO:
	 [Node] Setting-up "fmriprep_25_0_wf.sub_GEO013_wf.bold_ses_t2_task_image_run_4_wf.bold_fit_wf.hmc_boldref_wf.gen_avg" in "/work/fmriprep_25_0_wf/sub_GEO013_wf/bold_ses_t2_task_image_run_4_wf/bold_fit_wf/hmc_boldref_wf/gen_avg".
250527-19:29:21,320 nipype.workflow INFO:
	 [Node] Setting-up "fmriprep_25_0_wf.sub_GEO013_wf.bold_ses_t2_task_image_run_4_wf.bold_native_wf.validate_bold" in "/work/fmriprep_25_0_wf/sub_GEO013_wf/bold_ses_t2_task_image_run_4_wf/bold_native_wf/validate_bold".
250527-19:29:21,929 nipype.interface INFO:
	 stderr 2025-05-27T19:29:21.929144:++ 3dvolreg: AFNI version=AFNI_25.0.11 (Mar 24 2025) [64-bit]
250527-19:29:21,929 nipype.interface INFO:
	 stderr 2025-05-27T19:29:21.929144:++ Authored by: RW Cox
250527-19:29:21,933 nipype.interface INFO:
	 stderr 2025-05-27T19:29:21.933247:** AFNI converts NIFTI_datatype=512 (UINT16) in file /work/fmriprep_25_0_wf/sub_GEO013_wf/bold_ses_t2_task_image_run_3_wf/bold_fit_wf/hmc_boldref_wf/gen_avg/sub-GEO013_ses-t2_task-image_run-3_bold_sliced.nii.gz to FLOAT32
250527-19:29:21,933 nipype.interface INFO:
	 stderr 2025-05-27T19:29:21.933247:     Warnings of this type will be muted for this session.
250527-19:29:21,933 nipype.interface INFO:
	 stderr 2025-05-27T19:29:21.933247:     Set AFNI_NIFTI_TYPE_WARN to YES to see them all, NO to see none.
250527-19:29:21,936 nipype.interface INFO:
	 stderr 2025-05-27T19:29:21.936970:[7m*+ WARNING:[0m   If you are performing spatial transformations on an oblique dset,
250527-19:29:21,937 nipype.interface INFO:
	 stderr 2025-05-27T19:29:21.936970:  such as /work/fmriprep_25_0_wf/sub_GEO013_wf/bold_ses_t2_task_image_run_3_wf/bold_fit_wf/hmc_boldref_wf/gen_avg/sub-GEO013_ses-t2_task-image_run-3_bold_sliced.nii.gz,
250527-19:29:21,937 nipype.interface INFO:
	 stderr 2025-05-27T19:29:21.936970:  or viewing/combining it with volumes of differing obliquity,
250527-19:29:21,937 nipype.interface INFO:
	 stderr 2025-05-27T19:29:21.936970:  you should consider running: 
250527-19:29:21,937 nipype.interface INFO:
	 stderr 2025-05-27T19:29:21.936970:     3dWarp -deoblique 
250527-19:29:21,937 nipype.interface INFO:
	 stderr 2025-05-27T19:29:21.936970:  on this and  other oblique datasets in the same session.
250527-19:29:21,937 nipype.interface INFO:
	 stderr 2025-05-27T19:29:21.936970: See 3dWarp -help for details.
250527-19:29:21,937 nipype.interface INFO:
	 stderr 2025-05-27T19:29:21.936970:++ Oblique dataset:/work/fmriprep_25_0_wf/sub_GEO013_wf/bold_ses_t2_task_image_run_3_wf/bold_fit_wf/hmc_boldref_wf/gen_avg/sub-GEO013_ses-t2_task-image_run-3_bold_sliced.nii.gz is 43.900013 degrees from plumb.
250527-19:29:21,937 nipype.interface INFO:
	 stderr 2025-05-27T19:29:21.937133:++ Coarse del was 10, replaced with 6
250527-19:29:22,241 nipype.interface INFO:
	 stderr 2025-05-27T19:29:22.241928:++ edt_blur: sigx 2, dx 1, fwhm 4.70964, sfac 2.5, firx 5
250527-19:29:22,364 nipype.workflow INFO:
	 [Node] Executing "gen_avg" <niworkflows.interfaces.images.RobustAverage>
250527-19:29:22,371 nipype.workflow INFO:
	 [Node] Executing "validate_bold" <niworkflows.interfaces.header.ValidateImage>
250527-19:29:22,562 nipype.workflow INFO:
	 [Node] Finished "validate_bold", elapsed time 0.189393s.
250527-19:29:24,799 nipype.workflow INFO:
	 [Node] Setting-up "fmriprep_25_0_wf.sub_GEO013_wf.bold_ses_t2_task_image_run_5_wf.bold_fit_wf.hmc_boldref_wf.gen_avg" in "/work/fmriprep_25_0_wf/sub_GEO013_wf/bold_ses_t2_task_image_run_5_wf/bold_fit_wf/hmc_boldref_wf/gen_avg".
250527-19:29:25,570 nipype.workflow INFO:
	 [Node] Executing "gen_avg" <niworkflows.interfaces.images.RobustAverage>
250527-19:29:25,789 nipype.workflow INFO:
	 [Node] Setting-up "fmriprep_25_0_wf.sub_GEO013_wf.bold_ses_t2_task_image_run_5_wf.bold_native_wf.validate_bold" in "/work/fmriprep_25_0_wf/sub_GEO013_wf/bold_ses_t2_task_image_run_5_wf/bold_native_wf/validate_bold".
250527-19:29:26,19 nipype.interface INFO:
	 stderr 2025-05-27T19:29:26.019439:++ 3dvolreg: AFNI version=AFNI_25.0.11 (Mar 24 2025) [64-bit]
250527-19:29:26,19 nipype.interface INFO:
	 stderr 2025-05-27T19:29:26.019439:++ Authored by: RW Cox
250527-19:29:26,28 nipype.interface INFO:
	 stderr 2025-05-27T19:29:26.028393:** AFNI converts NIFTI_datatype=512 (UINT16) in file /work/fmriprep_25_0_wf/sub_GEO013_wf/bold_ses_t2_task_image_run_4_wf/bold_fit_wf/hmc_boldref_wf/gen_avg/sub-GEO013_ses-t2_task-image_run-4_bold_sliced.nii.gz to FLOAT32
250527-19:29:26,28 nipype.interface INFO:
	 stderr 2025-05-27T19:29:26.028393:     Warnings of this type will be muted for this session.
250527-19:29:26,28 nipype.interface INFO:
	 stderr 2025-05-27T19:29:26.028393:     Set AFNI_NIFTI_TYPE_WARN to YES to see them all, NO to see none.
250527-19:29:26,35 nipype.interface INFO:
	 stderr 2025-05-27T19:29:26.035254:[7m*+ WARNING:[0m   If you are performing spatial transformations on an oblique dset,
250527-19:29:26,35 nipype.interface INFO:
	 stderr 2025-05-27T19:29:26.035254:  such as /work/fmriprep_25_0_wf/sub_GEO013_wf/bold_ses_t2_task_image_run_4_wf/bold_fit_wf/hmc_boldref_wf/gen_avg/sub-GEO013_ses-t2_task-image_run-4_bold_sliced.nii.gz,
250527-19:29:26,35 nipype.interface INFO:
	 stderr 2025-05-27T19:29:26.035254:  or viewing/combining it with volumes of differing obliquity,
250527-19:29:26,35 nipype.interface INFO:
	 stderr 2025-05-27T19:29:26.035254:  you should consider running: 
250527-19:29:26,35 nipype.interface INFO:
	 stderr 2025-05-27T19:29:26.035254:     3dWarp -deoblique 
250527-19:29:26,35 nipype.interface INFO:
	 stderr 2025-05-27T19:29:26.035254:  on this and  other oblique datasets in the same session.
250527-19:29:26,35 nipype.interface INFO:
	 stderr 2025-05-27T19:29:26.035254: See 3dWarp -help for details.
250527-19:29:26,35 nipype.interface INFO:
	 stderr 2025-05-27T19:29:26.035254:++ Oblique dataset:/work/fmriprep_25_0_wf/sub_GEO013_wf/bold_ses_t2_task_image_run_4_wf/bold_fit_wf/hmc_boldref_wf/gen_avg/sub-GEO013_ses-t2_task-image_run-4_bold_sliced.nii.gz is 43.900013 degrees from plumb.
250527-19:29:26,35 nipype.interface INFO:
	 stderr 2025-05-27T19:29:26.035254:++ Coarse del was 10, replaced with 6
250527-19:29:26,338 nipype.interface INFO:
	 stderr 2025-05-27T19:29:26.338035:++ edt_blur: sigx 2, dx 1, fwhm 4.70964, sfac 2.5, firx 5
250527-19:29:26,824 nipype.workflow INFO:
	 [Node] Executing "validate_bold" <niworkflows.interfaces.header.ValidateImage>
250527-19:29:27,130 nipype.workflow INFO:
	 [Node] Finished "validate_bold", elapsed time 0.305224s.
250527-19:29:29,662 nipype.interface INFO:
	 stderr 2025-05-27T19:29:29.662622:++ 3dvolreg: AFNI version=AFNI_25.0.11 (Mar 24 2025) [64-bit]
250527-19:29:29,662 nipype.interface INFO:
	 stderr 2025-05-27T19:29:29.662622:++ Authored by: RW Cox
250527-19:29:29,667 nipype.interface INFO:
	 stderr 2025-05-27T19:29:29.667033:** AFNI converts NIFTI_datatype=512 (UINT16) in file /work/fmriprep_25_0_wf/sub_GEO013_wf/bold_ses_t2_task_image_run_5_wf/bold_fit_wf/hmc_boldref_wf/gen_avg/sub-GEO013_ses-t2_task-image_run-5_bold_sliced.nii.gz to FLOAT32
250527-19:29:29,667 nipype.interface INFO:
	 stderr 2025-05-27T19:29:29.667033:     Warnings of this type will be muted for this session.
250527-19:29:29,667 nipype.interface INFO:
	 stderr 2025-05-27T19:29:29.667033:     Set AFNI_NIFTI_TYPE_WARN to YES to see them all, NO to see none.
250527-19:29:29,669 nipype.interface INFO:
	 stderr 2025-05-27T19:29:29.669500:[7m*+ WARNING:[0m   If you are performing spatial transformations on an oblique dset,
250527-19:29:29,669 nipype.interface INFO:
	 stderr 2025-05-27T19:29:29.669500:  such as /work/fmriprep_25_0_wf/sub_GEO013_wf/bold_ses_t2_task_image_run_5_wf/bold_fit_wf/hmc_boldref_wf/gen_avg/sub-GEO013_ses-t2_task-image_run-5_bold_sliced.nii.gz,
250527-19:29:29,669 nipype.interface INFO:
	 stderr 2025-05-27T19:29:29.669500:  or viewing/combining it with volumes of differing obliquity,
250527-19:29:29,669 nipype.interface INFO:
	 stderr 2025-05-27T19:29:29.669500:  you should consider running: 
250527-19:29:29,669 nipype.interface INFO:
	 stderr 2025-05-27T19:29:29.669500:     3dWarp -deoblique 
250527-19:29:29,669 nipype.interface INFO:
	 stderr 2025-05-27T19:29:29.669500:  on this and  other oblique datasets in the same session.
250527-19:29:29,669 nipype.interface INFO:
	 stderr 2025-05-27T19:29:29.669500: See 3dWarp -help for details.
250527-19:29:29,669 nipype.interface INFO:
	 stderr 2025-05-27T19:29:29.669500:++ Oblique dataset:/work/fmriprep_25_0_wf/sub_GEO013_wf/bold_ses_t2_task_image_run_5_wf/bold_fit_wf/hmc_boldref_wf/gen_avg/sub-GEO013_ses-t2_task-image_run-5_bold_sliced.nii.gz is 43.900013 degrees from plumb.
250527-19:29:29,669 nipype.interface INFO:
	 stderr 2025-05-27T19:29:29.669500:++ Coarse del was 10, replaced with 6
250527-19:29:29,974 nipype.interface INFO:
	 stderr 2025-05-27T19:29:29.974532:++ edt_blur: sigx 2, dx 1, fwhm 4.70964, sfac 2.5, firx 5
250527-19:29:30,232 nipype.workflow INFO:
	 [Node] Setting-up "fmriprep_25_0_wf.sub_GEO013_wf.bold_ses_t3_task_image_run_1_wf.bold_fit_wf.hmc_boldref_wf.gen_avg" in "/work/fmriprep_25_0_wf/sub_GEO013_wf/bold_ses_t3_task_image_run_1_wf/bold_fit_wf/hmc_boldref_wf/gen_avg".
250527-19:29:30,235 nipype.workflow INFO:
	 [Node] Setting-up "fmriprep_25_0_wf.sub_GEO013_wf.bold_ses_t3_task_image_run_1_wf.bold_native_wf.validate_bold" in "/work/fmriprep_25_0_wf/sub_GEO013_wf/bold_ses_t3_task_image_run_1_wf/bold_native_wf/validate_bold".
250527-19:29:31,983 nipype.workflow INFO:
	 [Node] Executing "validate_bold" <niworkflows.interfaces.header.ValidateImage>
250527-19:29:32,88 nipype.workflow INFO:
	 [Node] Finished "validate_bold", elapsed time 0.103856s.
250527-19:29:32,155 nipype.workflow INFO:
	 [Node] Executing "gen_avg" <niworkflows.interfaces.images.RobustAverage>
250527-19:29:34,404 nipype.workflow INFO:
	 [Node] Setting-up "fmriprep_25_0_wf.sub_GEO013_wf.bold_ses_t3_task_image_run_2_wf.bold_fit_wf.hmc_boldref_wf.gen_avg" in "/work/fmriprep_25_0_wf/sub_GEO013_wf/bold_ses_t3_task_image_run_2_wf/bold_fit_wf/hmc_boldref_wf/gen_avg".
250527-19:29:34,657 nipype.workflow INFO:
	 [Node] Setting-up "fmriprep_25_0_wf.sub_GEO013_wf.bold_ses_t3_task_image_run_2_wf.bold_native_wf.validate_bold" in "/work/fmriprep_25_0_wf/sub_GEO013_wf/bold_ses_t3_task_image_run_2_wf/bold_native_wf/validate_bold".
250527-19:29:35,740 nipype.workflow INFO:
	 [Node] Executing "validate_bold" <niworkflows.interfaces.header.ValidateImage>
250527-19:29:35,907 nipype.workflow INFO:
	 [Node] Executing "gen_avg" <niworkflows.interfaces.images.RobustAverage>
250527-19:29:35,926 nipype.workflow INFO:
	 [Node] Finished "validate_bold", elapsed time 0.176114s.
250527-19:29:36,229 nipype.interface INFO:
	 stderr 2025-05-27T19:29:36.229166:++ 3dvolreg: AFNI version=AFNI_25.0.11 (Mar 24 2025) [64-bit]
250527-19:29:36,229 nipype.interface INFO:
	 stderr 2025-05-27T19:29:36.229166:++ Authored by: RW Cox
250527-19:29:36,233 nipype.interface INFO:
	 stderr 2025-05-27T19:29:36.233627:** AFNI converts NIFTI_datatype=512 (UINT16) in file /work/fmriprep_25_0_wf/sub_GEO013_wf/bold_ses_t3_task_image_run_1_wf/bold_fit_wf/hmc_boldref_wf/gen_avg/sub-GEO013_ses-t3_task-image_run-1_bold_sliced.nii.gz to FLOAT32
250527-19:29:36,233 nipype.interface INFO:
	 stderr 2025-05-27T19:29:36.233627:     Warnings of this type will be muted for this session.
250527-19:29:36,233 nipype.interface INFO:
	 stderr 2025-05-27T19:29:36.233627:     Set AFNI_NIFTI_TYPE_WARN to YES to see them all, NO to see none.
250527-19:29:36,236 nipype.interface INFO:
	 stderr 2025-05-27T19:29:36.236122:[7m*+ WARNING:[0m   If you are performing spatial transformations on an oblique dset,
250527-19:29:36,236 nipype.interface INFO:
	 stderr 2025-05-27T19:29:36.236122:  such as /work/fmriprep_25_0_wf/sub_GEO013_wf/bold_ses_t3_task_image_run_1_wf/bold_fit_wf/hmc_boldref_wf/gen_avg/sub-GEO013_ses-t3_task-image_run-1_bold_sliced.nii.gz,
250527-19:29:36,236 nipype.interface INFO:
	 stderr 2025-05-27T19:29:36.236122:  or viewing/combining it with volumes of differing obliquity,
250527-19:29:36,236 nipype.interface INFO:
	 stderr 2025-05-27T19:29:36.236122:  you should consider running: 
250527-19:29:36,236 nipype.interface INFO:
	 stderr 2025-05-27T19:29:36.236122:     3dWarp -deoblique 
250527-19:29:36,236 nipype.interface INFO:
	 stderr 2025-05-27T19:29:36.236122:  on this and  other oblique datasets in the same session.
250527-19:29:36,236 nipype.interface INFO:
	 stderr 2025-05-27T19:29:36.236122: See 3dWarp -help for details.
250527-19:29:36,236 nipype.interface INFO:
	 stderr 2025-05-27T19:29:36.236122:++ Oblique dataset:/work/fmriprep_25_0_wf/sub_GEO013_wf/bold_ses_t3_task_image_run_1_wf/bold_fit_wf/hmc_boldref_wf/gen_avg/sub-GEO013_ses-t3_task-image_run-1_bold_sliced.nii.gz is 42.799980 degrees from plumb.
250527-19:29:36,236 nipype.interface INFO:
	 stderr 2025-05-27T19:29:36.236275:++ Coarse del was 10, replaced with 6
250527-19:29:36,593 nipype.interface INFO:
	 stderr 2025-05-27T19:29:36.593613:++ edt_blur: sigx 2, dx 1, fwhm 4.70964, sfac 2.5, firx 5
250527-19:29:37,355 nipype.interface INFO:
	 stderr 2025-05-27T19:29:37.355052:++ Max displacement in automask = 0.36 (mm) at sub-brick 8
250527-19:29:37,355 nipype.interface INFO:
	 stderr 2025-05-27T19:29:37.355052:++ Max delta displ  in automask = 0.47 (mm) at sub-brick 5
250527-19:29:40,29 nipype.interface INFO:
	 stderr 2025-05-27T19:29:40.029295:++ Max displacement in automask = 0.29 (mm) at sub-brick 16
250527-19:29:40,29 nipype.interface INFO:
	 stderr 2025-05-27T19:29:40.029295:++ Max delta displ  in automask = 0.42 (mm) at sub-brick 4
250527-19:29:40,463 nipype.interface INFO:
	 stderr 2025-05-27T19:29:40.463189:++ 3dvolreg: AFNI version=AFNI_25.0.11 (Mar 24 2025) [64-bit]
250527-19:29:40,463 nipype.interface INFO:
	 stderr 2025-05-27T19:29:40.463189:++ Authored by: RW Cox
250527-19:29:40,467 nipype.interface INFO:
	 stderr 2025-05-27T19:29:40.467541:** AFNI converts NIFTI_datatype=512 (UINT16) in file /work/fmriprep_25_0_wf/sub_GEO013_wf/bold_ses_t3_task_image_run_2_wf/bold_fit_wf/hmc_boldref_wf/gen_avg/sub-GEO013_ses-t3_task-image_run-2_bold_sliced.nii.gz to FLOAT32
250527-19:29:40,467 nipype.interface INFO:
	 stderr 2025-05-27T19:29:40.467541:     Warnings of this type will be muted for this session.
250527-19:29:40,467 nipype.interface INFO:
	 stderr 2025-05-27T19:29:40.467541:     Set AFNI_NIFTI_TYPE_WARN to YES to see them all, NO to see none.
250527-19:29:40,469 nipype.interface INFO:
	 stderr 2025-05-27T19:29:40.469739:[7m*+ WARNING:[0m   If you are performing spatial transformations on an oblique dset,
250527-19:29:40,469 nipype.interface INFO:
	 stderr 2025-05-27T19:29:40.469739:  such as /work/fmriprep_25_0_wf/sub_GEO013_wf/bold_ses_t3_task_image_run_2_wf/bold_fit_wf/hmc_boldref_wf/gen_avg/sub-GEO013_ses-t3_task-image_run-2_bold_sliced.nii.gz,
250527-19:29:40,469 nipype.interface INFO:
	 stderr 2025-05-27T19:29:40.469739:  or viewing/combining it with volumes of differing obliquity,
250527-19:29:40,469 nipype.interface INFO:
	 stderr 2025-05-27T19:29:40.469739:  you should consider running: 
250527-19:29:40,469 nipype.interface INFO:
	 stderr 2025-05-27T19:29:40.469739:     3dWarp -deoblique 
250527-19:29:40,469 nipype.interface INFO:
	 stderr 2025-05-27T19:29:40.469739:  on this and  other oblique datasets in the same session.
250527-19:29:40,469 nipype.interface INFO:
	 stderr 2025-05-27T19:29:40.469739: See 3dWarp -help for details.
250527-19:29:40,469 nipype.interface INFO:
	 stderr 2025-05-27T19:29:40.469739:++ Oblique dataset:/work/fmriprep_25_0_wf/sub_GEO013_wf/bold_ses_t3_task_image_run_2_wf/bold_fit_wf/hmc_boldref_wf/gen_avg/sub-GEO013_ses-t3_task-image_run-2_bold_sliced.nii.gz is 42.799980 degrees from plumb.
250527-19:29:40,469 nipype.interface INFO:
	 stderr 2025-05-27T19:29:40.469739:++ Coarse del was 10, replaced with 6
250527-19:29:40,774 nipype.interface INFO:
	 stderr 2025-05-27T19:29:40.774687:++ edt_blur: sigx 2, dx 1, fwhm 4.70964, sfac 2.5, firx 5
250527-19:29:43,37 nipype.workflow INFO:
	 [Node] Finished "gen_avg", elapsed time 33.641096s.
250527-19:29:44,460 nipype.workflow INFO:
	 [Node] Setting-up "fmriprep_25_0_wf.sub_GEO013_wf.bold_ses_t3_task_image_run_3_wf.bold_fit_wf.hmc_boldref_wf.gen_avg" in "/work/fmriprep_25_0_wf/sub_GEO013_wf/bold_ses_t3_task_image_run_3_wf/bold_fit_wf/hmc_boldref_wf/gen_avg".
250527-19:29:44,507 nipype.workflow INFO:
	 [Node] Finished "gen_avg", elapsed time 31.205098s.
250527-19:29:44,716 nipype.workflow INFO:
	 [Node] Setting-up "fmriprep_25_0_wf.sub_GEO013_wf.bold_ses_t3_task_image_run_3_wf.bold_native_wf.validate_bold" in "/work/fmriprep_25_0_wf/sub_GEO013_wf/bold_ses_t3_task_image_run_3_wf/bold_native_wf/validate_bold".
250527-19:29:45,178 nipype.interface INFO:
	 stderr 2025-05-27T19:29:45.177985:++ Max displacement in automask = 0.38 (mm) at sub-brick 2
250527-19:29:45,178 nipype.interface INFO:
	 stderr 2025-05-27T19:29:45.177985:++ Max delta displ  in automask = 0.41 (mm) at sub-brick 2
250527-19:29:45,578 nipype.workflow INFO:
	 [Node] Executing "gen_avg" <niworkflows.interfaces.images.RobustAverage>
250527-19:29:45,886 nipype.workflow INFO:
	 [Node] Executing "validate_bold" <niworkflows.interfaces.header.ValidateImage>
250527-19:29:46,64 nipype.workflow INFO:
	 [Node] Finished "validate_bold", elapsed time 0.177047s.
250527-19:29:49,78 nipype.interface INFO:
	 stderr 2025-05-27T19:29:49.078699:++ Max displacement in automask = 0.47 (mm) at sub-brick 10
250527-19:29:49,78 nipype.interface INFO:
	 stderr 2025-05-27T19:29:49.078699:++ Max delta displ  in automask = 0.40 (mm) at sub-brick 4
250527-19:29:49,895 nipype.workflow INFO:
	 [Node] Finished "gen_avg", elapsed time 31.698695999999998s.
250527-19:29:50,837 nipype.interface INFO:
	 stderr 2025-05-27T19:29:50.837638:++ 3dvolreg: AFNI version=AFNI_25.0.11 (Mar 24 2025) [64-bit]
250527-19:29:50,837 nipype.interface INFO:
	 stderr 2025-05-27T19:29:50.837638:++ Authored by: RW Cox
250527-19:29:50,841 nipype.interface INFO:
	 stderr 2025-05-27T19:29:50.841469:** AFNI converts NIFTI_datatype=512 (UINT16) in file /work/fmriprep_25_0_wf/sub_GEO013_wf/bold_ses_t3_task_image_run_3_wf/bold_fit_wf/hmc_boldref_wf/gen_avg/sub-GEO013_ses-t3_task-image_run-3_bold_sliced.nii.gz to FLOAT32
250527-19:29:50,841 nipype.interface INFO:
	 stderr 2025-05-27T19:29:50.841469:     Warnings of this type will be muted for this session.
250527-19:29:50,841 nipype.interface INFO:
	 stderr 2025-05-27T19:29:50.841469:     Set AFNI_NIFTI_TYPE_WARN to YES to see them all, NO to see none.
250527-19:29:50,843 nipype.interface INFO:
	 stderr 2025-05-27T19:29:50.843405:[7m*+ WARNING:[0m   If you are performing spatial transformations on an oblique dset,
250527-19:29:50,843 nipype.interface INFO:
	 stderr 2025-05-27T19:29:50.843405:  such as /work/fmriprep_25_0_wf/sub_GEO013_wf/bold_ses_t3_task_image_run_3_wf/bold_fit_wf/hmc_boldref_wf/gen_avg/sub-GEO013_ses-t3_task-image_run-3_bold_sliced.nii.gz,
250527-19:29:50,843 nipype.interface INFO:
	 stderr 2025-05-27T19:29:50.843405:  or viewing/combining it with volumes of differing obliquity,
250527-19:29:50,843 nipype.interface INFO:
	 stderr 2025-05-27T19:29:50.843405:  you should consider running: 
250527-19:29:50,843 nipype.interface INFO:
	 stderr 2025-05-27T19:29:50.843405:     3dWarp -deoblique 
250527-19:29:50,843 nipype.interface INFO:
	 stderr 2025-05-27T19:29:50.843405:  on this and  other oblique datasets in the same session.
250527-19:29:50,843 nipype.interface INFO:
	 stderr 2025-05-27T19:29:50.843405: See 3dWarp -help for details.
250527-19:29:50,843 nipype.interface INFO:
	 stderr 2025-05-27T19:29:50.843405:++ Oblique dataset:/work/fmriprep_25_0_wf/sub_GEO013_wf/bold_ses_t3_task_image_run_3_wf/bold_fit_wf/hmc_boldref_wf/gen_avg/sub-GEO013_ses-t3_task-image_run-3_bold_sliced.nii.gz is 42.799980 degrees from plumb.
250527-19:29:50,843 nipype.interface INFO:
	 stderr 2025-05-27T19:29:50.843575:++ Coarse del was 10, replaced with 6
250527-19:29:51,157 nipype.interface INFO:
	 stderr 2025-05-27T19:29:51.157366:++ edt_blur: sigx 2, dx 1, fwhm 4.70964, sfac 2.5, firx 5
250527-19:29:51,949 nipype.workflow INFO:
	 [Node] Setting-up "fmriprep_25_0_wf.sub_GEO013_wf.bold_ses_t3_task_image_run_4_wf.bold_fit_wf.hmc_boldref_wf.gen_avg" in "/work/fmriprep_25_0_wf/sub_GEO013_wf/bold_ses_t3_task_image_run_4_wf/bold_fit_wf/hmc_boldref_wf/gen_avg".
250527-19:29:52,314 nipype.workflow INFO:
	 [Node] Setting-up "fmriprep_25_0_wf.sub_GEO013_wf.bold_ses_t3_task_image_run_4_wf.bold_native_wf.validate_bold" in "/work/fmriprep_25_0_wf/sub_GEO013_wf/bold_ses_t3_task_image_run_4_wf/bold_native_wf/validate_bold".
250527-19:29:52,803 nipype.workflow INFO:
	 [Node] Executing "validate_bold" <niworkflows.interfaces.header.ValidateImage>
250527-19:29:52,828 nipype.interface INFO:
	 stderr 2025-05-27T19:29:52.828217:++ Max displacement in automask = 0.60 (mm) at sub-brick 2
250527-19:29:52,828 nipype.interface INFO:
	 stderr 2025-05-27T19:29:52.828217:++ Max delta displ  in automask = 0.51 (mm) at sub-brick 2
250527-19:29:53,242 nipype.workflow INFO:
	 [Node] Finished "gen_avg", elapsed time 30.876677s.
250527-19:29:53,245 nipype.workflow INFO:
	 [Node] Finished "validate_bold", elapsed time 0.43963s.
250527-19:29:53,533 nipype.workflow INFO:
	 [Node] Executing "gen_avg" <niworkflows.interfaces.images.RobustAverage>
250527-19:29:56,616 nipype.workflow INFO:
	 [Node] Setting-up "fmriprep_25_0_wf.sub_GEO013_wf.bold_ses_t3_task_image_run_5_wf.bold_fit_wf.hmc_boldref_wf.gen_avg" in "/work/fmriprep_25_0_wf/sub_GEO013_wf/bold_ses_t3_task_image_run_5_wf/bold_fit_wf/hmc_boldref_wf/gen_avg".
250527-19:29:56,885 nipype.workflow INFO:
	 [Node] Finished "gen_avg", elapsed time 31.312089s.
250527-19:29:56,944 nipype.workflow INFO:
	 [Node] Setting-up "fmriprep_25_0_wf.sub_GEO013_wf.bold_ses_t3_task_image_run_5_wf.bold_native_wf.validate_bold" in "/work/fmriprep_25_0_wf/sub_GEO013_wf/bold_ses_t3_task_image_run_5_wf/bold_native_wf/validate_bold".
250527-19:29:57,383 nipype.interface INFO:
	 stderr 2025-05-27T19:29:57.383279:++ 3dvolreg: AFNI version=AFNI_25.0.11 (Mar 24 2025) [64-bit]
250527-19:29:57,383 nipype.interface INFO:
	 stderr 2025-05-27T19:29:57.383279:++ Authored by: RW Cox
250527-19:29:57,388 nipype.interface INFO:
	 stderr 2025-05-27T19:29:57.388229:** AFNI converts NIFTI_datatype=512 (UINT16) in file /work/fmriprep_25_0_wf/sub_GEO013_wf/bold_ses_t3_task_image_run_4_wf/bold_fit_wf/hmc_boldref_wf/gen_avg/sub-GEO013_ses-t3_task-image_run-4_bold_sliced.nii.gz to FLOAT32
250527-19:29:57,388 nipype.interface INFO:
	 stderr 2025-05-27T19:29:57.388229:     Warnings of this type will be muted for this session.
250527-19:29:57,388 nipype.interface INFO:
	 stderr 2025-05-27T19:29:57.388229:     Set AFNI_NIFTI_TYPE_WARN to YES to see them all, NO to see none.
250527-19:29:57,392 nipype.interface INFO:
	 stderr 2025-05-27T19:29:57.392914:[7m*+ WARNING:[0m   If you are performing spatial transformations on an oblique dset,
250527-19:29:57,392 nipype.interface INFO:
	 stderr 2025-05-27T19:29:57.392914:  such as /work/fmriprep_25_0_wf/sub_GEO013_wf/bold_ses_t3_task_image_run_4_wf/bold_fit_wf/hmc_boldref_wf/gen_avg/sub-GEO013_ses-t3_task-image_run-4_bold_sliced.nii.gz,
250527-19:29:57,392 nipype.interface INFO:
	 stderr 2025-05-27T19:29:57.392914:  or viewing/combining it with volumes of differing obliquity,
250527-19:29:57,393 nipype.interface INFO:
	 stderr 2025-05-27T19:29:57.392914:  you should consider running: 
250527-19:29:57,393 nipype.interface INFO:
	 stderr 2025-05-27T19:29:57.392914:     3dWarp -deoblique 
250527-19:29:57,393 nipype.interface INFO:
	 stderr 2025-05-27T19:29:57.392914:  on this and  other oblique datasets in the same session.
250527-19:29:57,393 nipype.interface INFO:
	 stderr 2025-05-27T19:29:57.392914: See 3dWarp -help for details.
250527-19:29:57,393 nipype.interface INFO:
	 stderr 2025-05-27T19:29:57.392914:++ Oblique dataset:/work/fmriprep_25_0_wf/sub_GEO013_wf/bold_ses_t3_task_image_run_4_wf/bold_fit_wf/hmc_boldref_wf/gen_avg/sub-GEO013_ses-t3_task-image_run-4_bold_sliced.nii.gz is 42.799980 degrees from plumb.
250527-19:29:57,393 nipype.interface INFO:
	 stderr 2025-05-27T19:29:57.393079:++ Coarse del was 10, replaced with 6
250527-19:29:57,682 nipype.workflow INFO:
	 [Node] Executing "gen_avg" <niworkflows.interfaces.images.RobustAverage>
250527-19:29:57,703 nipype.interface INFO:
	 stderr 2025-05-27T19:29:57.703768:++ edt_blur: sigx 2, dx 1, fwhm 4.70964, sfac 2.5, firx 5
250527-19:29:57,912 nipype.workflow INFO:
	 [Node] Executing "validate_bold" <niworkflows.interfaces.header.ValidateImage>
250527-19:29:58,55 nipype.workflow INFO:
	 [Node] Finished "validate_bold", elapsed time 0.141723s.
250527-19:29:59,373 nipype.interface INFO:
	 stderr 2025-05-27T19:29:59.373604:++ Max displacement in automask = 0.68 (mm) at sub-brick 2
250527-19:29:59,373 nipype.interface INFO:
	 stderr 2025-05-27T19:29:59.373604:++ Max delta displ  in automask = 0.65 (mm) at sub-brick 10
250527-19:30:00,399 nipype.workflow INFO:
	 [Node] Setting-up "fmriprep_25_0_wf.sub_GEO013_wf.bold_ses_t3_task_retrans_run_1_wf.bold_fit_wf.hmc_boldref_wf.gen_avg" in "/work/fmriprep_25_0_wf/sub_GEO013_wf/bold_ses_t3_task_retrans_run_1_wf/bold_fit_wf/hmc_boldref_wf/gen_avg".
250527-19:30:00,782 nipype.workflow INFO:
	 [Node] Setting-up "fmriprep_25_0_wf.sub_GEO013_wf.bold_ses_t3_task_retrans_run_1_wf.bold_native_wf.validate_bold" in "/work/fmriprep_25_0_wf/sub_GEO013_wf/bold_ses_t3_task_retrans_run_1_wf/bold_native_wf/validate_bold".
250527-19:30:01,206 nipype.workflow INFO:
	 [Node] Executing "gen_avg" <niworkflows.interfaces.images.RobustAverage>
250527-19:30:02,73 nipype.workflow INFO:
	 [Node] Executing "validate_bold" <niworkflows.interfaces.header.ValidateImage>
250527-19:30:02,138 nipype.interface INFO:
	 stderr 2025-05-27T19:30:02.138646:++ 3dvolreg: AFNI version=AFNI_25.0.11 (Mar 24 2025) [64-bit]
250527-19:30:02,138 nipype.interface INFO:
	 stderr 2025-05-27T19:30:02.138646:++ Authored by: RW Cox
250527-19:30:02,143 nipype.interface INFO:
	 stderr 2025-05-27T19:30:02.143061:** AFNI converts NIFTI_datatype=512 (UINT16) in file /work/fmriprep_25_0_wf/sub_GEO013_wf/bold_ses_t3_task_image_run_5_wf/bold_fit_wf/hmc_boldref_wf/gen_avg/sub-GEO013_ses-t3_task-image_run-5_bold_sliced.nii.gz to FLOAT32
250527-19:30:02,143 nipype.interface INFO:
	 stderr 2025-05-27T19:30:02.143061:     Warnings of this type will be muted for this session.
250527-19:30:02,143 nipype.interface INFO:
	 stderr 2025-05-27T19:30:02.143061:     Set AFNI_NIFTI_TYPE_WARN to YES to see them all, NO to see none.
250527-19:30:02,145 nipype.interface INFO:
	 stderr 2025-05-27T19:30:02.145297:[7m*+ WARNING:[0m   If you are performing spatial transformations on an oblique dset,
250527-19:30:02,145 nipype.interface INFO:
	 stderr 2025-05-27T19:30:02.145297:  such as /work/fmriprep_25_0_wf/sub_GEO013_wf/bold_ses_t3_task_image_run_5_wf/bold_fit_wf/hmc_boldref_wf/gen_avg/sub-GEO013_ses-t3_task-image_run-5_bold_sliced.nii.gz,
250527-19:30:02,145 nipype.interface INFO:
	 stderr 2025-05-27T19:30:02.145297:  or viewing/combining it with volumes of differing obliquity,
250527-19:30:02,145 nipype.interface INFO:
	 stderr 2025-05-27T19:30:02.145297:  you should consider running: 
250527-19:30:02,145 nipype.interface INFO:
	 stderr 2025-05-27T19:30:02.145297:     3dWarp -deoblique 
250527-19:30:02,145 nipype.interface INFO:
	 stderr 2025-05-27T19:30:02.145297:  on this and  other oblique datasets in the same session.
250527-19:30:02,145 nipype.interface INFO:
	 stderr 2025-05-27T19:30:02.145297: See 3dWarp -help for details.
250527-19:30:02,145 nipype.interface INFO:
	 stderr 2025-05-27T19:30:02.145297:++ Oblique dataset:/work/fmriprep_25_0_wf/sub_GEO013_wf/bold_ses_t3_task_image_run_5_wf/bold_fit_wf/hmc_boldref_wf/gen_avg/sub-GEO013_ses-t3_task-image_run-5_bold_sliced.nii.gz is 42.799980 degrees from plumb.
250527-19:30:02,145 nipype.interface INFO:
	 stderr 2025-05-27T19:30:02.145471:++ Coarse del was 10, replaced with 6
250527-19:30:02,242 nipype.workflow INFO:
	 [Node] Finished "validate_bold", elapsed time 0.167955s.
250527-19:30:02,496 nipype.interface INFO:
	 stderr 2025-05-27T19:30:02.496582:++ edt_blur: sigx 2, dx 1, fwhm 4.70964, sfac 2.5, firx 5
250527-19:30:03,723 nipype.workflow INFO:
	 [Node] Finished "gen_avg", elapsed time 31.567178s.
250527-19:30:04,142 nipype.interface INFO:
	 stderr 2025-05-27T19:30:04.142774:++ Max displacement in automask = 0.57 (mm) at sub-brick 1
250527-19:30:04,142 nipype.interface INFO:
	 stderr 2025-05-27T19:30:04.142774:++ Max delta displ  in automask = 0.57 (mm) at sub-brick 1
250527-19:30:08,50 nipype.interface INFO:
	 stderr 2025-05-27T19:30:08.050293:++ 3dvolreg: AFNI version=AFNI_25.0.11 (Mar 24 2025) [64-bit]
250527-19:30:08,50 nipype.interface INFO:
	 stderr 2025-05-27T19:30:08.050293:++ Authored by: RW Cox
250527-19:30:10,58 nipype.interface INFO:
	 stderr 2025-05-27T19:30:10.058152:** AFNI converts NIFTI_datatype=512 (UINT16) in file /work/fmriprep_25_0_wf/sub_GEO013_wf/bold_ses_t3_task_retrans_run_1_wf/bold_fit_wf/hmc_boldref_wf/gen_avg/sub-GEO013_ses-t3_task-retrans_run-1_bold_sliced.nii.gz to FLOAT32
250527-19:30:10,58 nipype.interface INFO:
	 stderr 2025-05-27T19:30:10.058152:     Warnings of this type will be muted for this session.
250527-19:30:10,58 nipype.interface INFO:
	 stderr 2025-05-27T19:30:10.058152:     Set AFNI_NIFTI_TYPE_WARN to YES to see them all, NO to see none.
250527-19:30:10,61 nipype.interface INFO:
	 stderr 2025-05-27T19:30:10.061132:[7m*+ WARNING:[0m   If you are performing spatial transformations on an oblique dset,
250527-19:30:10,61 nipype.interface INFO:
	 stderr 2025-05-27T19:30:10.061132:  such as /work/fmriprep_25_0_wf/sub_GEO013_wf/bold_ses_t3_task_retrans_run_1_wf/bold_fit_wf/hmc_boldref_wf/gen_avg/sub-GEO013_ses-t3_task-retrans_run-1_bold_sliced.nii.gz,
250527-19:30:10,61 nipype.interface INFO:
	 stderr 2025-05-27T19:30:10.061132:  or viewing/combining it with volumes of differing obliquity,
250527-19:30:10,61 nipype.interface INFO:
	 stderr 2025-05-27T19:30:10.061132:  you should consider running: 
250527-19:30:10,61 nipype.interface INFO:
	 stderr 2025-05-27T19:30:10.061132:     3dWarp -deoblique 
250527-19:30:10,61 nipype.interface INFO:
	 stderr 2025-05-27T19:30:10.061132:  on this and  other oblique datasets in the same session.
250527-19:30:10,61 nipype.interface INFO:
	 stderr 2025-05-27T19:30:10.061132: See 3dWarp -help for details.
250527-19:30:10,61 nipype.interface INFO:
	 stderr 2025-05-27T19:30:10.061132:++ Oblique dataset:/work/fmriprep_25_0_wf/sub_GEO013_wf/bold_ses_t3_task_retrans_run_1_wf/bold_fit_wf/hmc_boldref_wf/gen_avg/sub-GEO013_ses-t3_task-retrans_run-1_bold_sliced.nii.gz is 42.799980 degrees from plumb.
250527-19:30:10,61 nipype.interface INFO:
	 stderr 2025-05-27T19:30:10.061132:++ Coarse del was 10, replaced with 6
250527-19:30:11,233 nipype.interface INFO:
	 stderr 2025-05-27T19:30:11.233597:++ edt_blur: sigx 2, dx 1, fwhm 4.70964, sfac 2.5, firx 5
250527-19:30:11,822 nipype.workflow INFO:
	 [Node] Finished "gen_avg", elapsed time 35.913694s.
250527-19:30:14,361 nipype.interface INFO:
	 stderr 2025-05-27T19:30:14.361420:++ Max displacement in automask = 0.59 (mm) at sub-brick 10
250527-19:30:14,361 nipype.interface INFO:
	 stderr 2025-05-27T19:30:14.361420:++ Max delta displ  in automask = 0.64 (mm) at sub-brick 10
250527-19:30:18,130 nipype.workflow INFO:
	 [Node] Finished "gen_avg", elapsed time 32.54987s.
250527-19:30:20,333 nipype.interface INFO:
	 stderr 2025-05-27T19:30:20.333894:++ Max displacement in automask = 0.84 (mm) at sub-brick 19
250527-19:30:20,334 nipype.interface INFO:
	 stderr 2025-05-27T19:30:20.333894:++ Max delta displ  in automask = 0.65 (mm) at sub-brick 6
250527-19:30:20,525 nipype.workflow INFO:
	 [Node] Setting-up "fmriprep_25_0_wf.sub_GEO013_wf.anat_fit_wf.fs_isrunning" in "/work/fmriprep_25_0_wf/sub_GEO013_wf/anat_fit_wf/fs_isrunning".
250527-19:30:20,778 nipype.workflow INFO:
	 [Node] Setting-up "fmriprep_25_0_wf.sub_GEO013_wf.anat_fit_wf.ds_t1w_mask_wf.raw_sources" in "/work/fmriprep_25_0_wf/sub_GEO013_wf/anat_fit_wf/ds_t1w_mask_wf/raw_sources".
250527-19:30:20,787 nipype.workflow INFO:
	 [Node] Setting-up "fmriprep_25_0_wf.sub_GEO013_wf.anat_fit_wf.ds_ribbon_mask_wf.raw_sources" in "/work/fmriprep_25_0_wf/sub_GEO013_wf/anat_fit_wf/ds_ribbon_mask_wf/raw_sources".
250527-19:30:21,239 nipype.workflow INFO:
	 [Node] Executing "fs_isrunning" <nipype.interfaces.utility.wrappers.Function>
250527-19:30:21,242 nipype.workflow INFO:
	 [Node] Finished "fs_isrunning", elapsed time 0.00124s.
250527-19:30:21,699 nipype.workflow INFO:
	 [Node] Executing "raw_sources" <nipype.interfaces.utility.wrappers.Function>
250527-19:30:21,701 nipype.workflow INFO:
	 [Node] Finished "raw_sources", elapsed time 0.000959s.
250527-19:30:21,935 nipype.workflow INFO:
	 [Node] Executing "raw_sources" <nipype.interfaces.utility.wrappers.Function>
250527-19:30:21,938 nipype.workflow INFO:
	 [Node] Finished "raw_sources", elapsed time 0.001428s.
250527-19:30:22,450 nipype.workflow INFO:
	 [Node] Setting-up "fmriprep_25_0_wf.sub_GEO013_wf.bold_ses_t2_task_image_run_1_wf.bold_fit_wf.fmapref_buffer" in "/work/fmriprep_25_0_wf/sub_GEO013_wf/bold_ses_t2_task_image_run_1_wf/bold_fit_wf/fmapref_buffer".
250527-19:30:23,344 nipype.interface WARNING:
	 Changing /out/sub-GEO013/ses-t2/func/sub-GEO013_ses-t2_task-image_run-1_desc-hmc_boldref.nii.gz dtype from uint16 to float32
250527-19:30:23,345 nipype.workflow INFO:
	 [Node] Executing "fmapref_buffer" <nipype.interfaces.utility.wrappers.Function>
250527-19:30:23,348 nipype.workflow INFO:
	 [Node] Finished "fmapref_buffer", elapsed time 0.000976s.
250527-19:30:24,210 nipype.workflow INFO:
	 [Node] Finished "gen_avg", elapsed time 30.675783s.
250527-19:30:24,409 nipype.workflow INFO:
	 [Node] Setting-up "fmriprep_25_0_wf.sub_GEO013_wf.bold_ses_t2_task_image_run_1_wf.bold_fit_wf.bold_hmc_wf.mcflirt" in "/work/fmriprep_25_0_wf/sub_GEO013_wf/bold_ses_t2_task_image_run_1_wf/bold_fit_wf/bold_hmc_wf/mcflirt".
250527-19:30:24,803 nipype.workflow INFO:
	 [Node] Setting-up "fmriprep_25_0_wf.sub_GEO013_wf.bold_ses_t2_task_image_run_2_wf.bold_fit_wf.fmapref_buffer" in "/work/fmriprep_25_0_wf/sub_GEO013_wf/bold_ses_t2_task_image_run_2_wf/bold_fit_wf/fmapref_buffer".
250527-19:30:25,387 nipype.interface INFO:
	 stderr 2025-05-27T19:30:25.386956:++ Max displacement in automask = 0.80 (mm) at sub-brick 17
250527-19:30:25,387 nipype.interface INFO:
	 stderr 2025-05-27T19:30:25.386956:++ Max delta displ  in automask = 0.67 (mm) at sub-brick 18
250527-19:30:25,417 nipype.workflow INFO:
	 [Node] Executing "mcflirt" <nipype.interfaces.fsl.preprocess.MCFLIRT>
250527-19:30:25,538 nipype.workflow INFO:
	 [Node] Executing "fmapref_buffer" <nipype.interfaces.utility.wrappers.Function>
250527-19:30:25,540 nipype.workflow INFO:
	 [Node] Finished "fmapref_buffer", elapsed time 0.001138s.
250527-19:30:25,708 nipype.interface WARNING:
	 Changing /out/sub-GEO013/ses-t2/func/sub-GEO013_ses-t2_task-image_run-2_desc-hmc_boldref.nii.gz dtype from uint16 to float32
250527-19:30:26,611 nipype.workflow INFO:
	 [Node] Setting-up "fmriprep_25_0_wf.sub_GEO013_wf.bold_ses_t2_task_image_run_3_wf.bold_fit_wf.fmapref_buffer" in "/work/fmriprep_25_0_wf/sub_GEO013_wf/bold_ses_t2_task_image_run_3_wf/bold_fit_wf/fmapref_buffer".
250527-19:30:26,645 nipype.workflow INFO:
	 [Node] Setting-up "fmriprep_25_0_wf.sub_GEO013_wf.bold_ses_t2_task_image_run_2_wf.bold_fit_wf.bold_hmc_wf.mcflirt" in "/work/fmriprep_25_0_wf/sub_GEO013_wf/bold_ses_t2_task_image_run_2_wf/bold_fit_wf/bold_hmc_wf/mcflirt".
250527-19:30:27,872 nipype.workflow INFO:
	 [Node] Executing "mcflirt" <nipype.interfaces.fsl.preprocess.MCFLIRT>
250527-19:30:28,214 nipype.workflow INFO:
	 [Node] Executing "fmapref_buffer" <nipype.interfaces.utility.wrappers.Function>
250527-19:30:28,222 nipype.workflow INFO:
	 [Node] Finished "fmapref_buffer", elapsed time 0.001408s.
250527-19:30:28,413 nipype.interface WARNING:
	 Changing /out/sub-GEO013/ses-t2/func/sub-GEO013_ses-t2_task-image_run-3_desc-hmc_boldref.nii.gz dtype from uint16 to float32
250527-19:30:28,896 nipype.workflow INFO:
	 [Node] Finished "gen_avg", elapsed time 31.213198s.
250527-19:30:29,428 nipype.workflow INFO:
	 [Node] Setting-up "fmriprep_25_0_wf.sub_GEO013_wf.bold_ses_t2_task_image_run_3_wf.bold_fit_wf.bold_hmc_wf.mcflirt" in "/work/fmriprep_25_0_wf/sub_GEO013_wf/bold_ses_t2_task_image_run_3_wf/bold_fit_wf/bold_hmc_wf/mcflirt".
250527-19:30:29,855 nipype.workflow INFO:
	 [Node] Setting-up "fmriprep_25_0_wf.sub_GEO013_wf.bold_ses_t2_task_image_run_4_wf.bold_fit_wf.fmapref_buffer" in "/work/fmriprep_25_0_wf/sub_GEO013_wf/bold_ses_t2_task_image_run_4_wf/bold_fit_wf/fmapref_buffer".
250527-19:30:31,170 nipype.workflow INFO:
	 [Node] Executing "mcflirt" <nipype.interfaces.fsl.preprocess.MCFLIRT>
250527-19:30:31,227 nipype.interface WARNING:
	 Changing /out/sub-GEO013/ses-t2/func/sub-GEO013_ses-t2_task-image_run-4_desc-hmc_boldref.nii.gz dtype from uint16 to float32
250527-19:30:33,314 nipype.workflow INFO:
	 [Node] Executing "fmapref_buffer" <nipype.interfaces.utility.wrappers.Function>
250527-19:30:33,316 nipype.workflow INFO:
	 [Node] Finished "fmapref_buffer", elapsed time 0.001117s.
250527-19:30:35,145 nipype.interface INFO:
	 stderr 2025-05-27T19:30:35.145670:++ Max displacement in automask = 0.68 (mm) at sub-brick 8
250527-19:30:35,145 nipype.interface INFO:
	 stderr 2025-05-27T19:30:35.145670:++ Max delta displ  in automask = 0.67 (mm) at sub-brick 9
250527-19:30:35,272 nipype.workflow INFO:
	 [Node] Setting-up "fmriprep_25_0_wf.sub_GEO013_wf.bold_ses_t2_task_image_run_5_wf.bold_fit_wf.fmapref_buffer" in "/work/fmriprep_25_0_wf/sub_GEO013_wf/bold_ses_t2_task_image_run_5_wf/bold_fit_wf/fmapref_buffer".
250527-19:30:39,137 nipype.workflow INFO:
	 [Node] Executing "fmapref_buffer" <nipype.interfaces.utility.wrappers.Function>
250527-19:30:39,139 nipype.workflow INFO:
	 [Node] Finished "fmapref_buffer", elapsed time 0.00072s.
250527-19:30:39,389 nipype.interface WARNING:
	 Changing /out/sub-GEO013/ses-t2/func/sub-GEO013_ses-t2_task-image_run-5_desc-hmc_boldref.nii.gz dtype from uint16 to float32
250527-19:30:41,842 nipype.workflow INFO:
	 [Node] Finished "gen_avg", elapsed time 40.635058s.
250527-19:30:41,960 nipype.workflow INFO:
	 [Node] Setting-up "fmriprep_25_0_wf.sub_GEO013_wf.bold_ses_t3_task_image_run_1_wf.bold_fit_wf.fmapref_buffer" in "/work/fmriprep_25_0_wf/sub_GEO013_wf/bold_ses_t3_task_image_run_1_wf/bold_fit_wf/fmapref_buffer".
250527-19:30:42,990 nipype.workflow INFO:
	 [Node] Executing "fmapref_buffer" <nipype.interfaces.utility.wrappers.Function>
250527-19:30:42,992 nipype.workflow INFO:
	 [Node] Finished "fmapref_buffer", elapsed time 0.00076s.
250527-19:30:44,416 nipype.interface WARNING:
	 Changing /out/sub-GEO013/ses-t3/func/sub-GEO013_ses-t3_task-image_run-1_desc-hmc_boldref.nii.gz dtype from uint16 to float32
250527-19:30:46,98 nipype.workflow INFO:
	 [Node] Setting-up "fmriprep_25_0_wf.sub_GEO013_wf.bold_ses_t3_task_image_run_2_wf.bold_fit_wf.fmapref_buffer" in "/work/fmriprep_25_0_wf/sub_GEO013_wf/bold_ses_t3_task_image_run_2_wf/bold_fit_wf/fmapref_buffer".
250527-19:30:48,926 nipype.workflow INFO:
	 [Node] Executing "fmapref_buffer" <nipype.interfaces.utility.wrappers.Function>
250527-19:30:48,930 nipype.workflow INFO:
	 [Node] Finished "fmapref_buffer", elapsed time 0.002165s.
250527-19:30:49,654 nipype.interface WARNING:
	 Changing /out/sub-GEO013/ses-t3/func/sub-GEO013_ses-t3_task-image_run-2_desc-hmc_boldref.nii.gz dtype from uint16 to float32
250527-19:30:52,54 nipype.workflow INFO:
	 [Node] Setting-up "fmriprep_25_0_wf.sub_GEO013_wf.bold_ses_t3_task_image_run_3_wf.bold_fit_wf.fmapref_buffer" in "/work/fmriprep_25_0_wf/sub_GEO013_wf/bold_ses_t3_task_image_run_3_wf/bold_fit_wf/fmapref_buffer".
250527-19:30:53,135 nipype.interface WARNING:
	 Changing /out/sub-GEO013/ses-t3/func/sub-GEO013_ses-t3_task-image_run-3_desc-hmc_boldref.nii.gz dtype from uint16 to float32
250527-19:30:53,209 nipype.workflow INFO:
	 [Node] Executing "fmapref_buffer" <nipype.interfaces.utility.wrappers.Function>
250527-19:30:53,212 nipype.workflow INFO:
	 [Node] Finished "fmapref_buffer", elapsed time 0.000876s.
250527-19:30:55,51 nipype.workflow INFO:
	 [Node] Setting-up "fmriprep_25_0_wf.sub_GEO013_wf.bold_ses_t3_task_image_run_4_wf.bold_fit_wf.fmapref_buffer" in "/work/fmriprep_25_0_wf/sub_GEO013_wf/bold_ses_t3_task_image_run_4_wf/bold_fit_wf/fmapref_buffer".
250527-19:30:56,378 nipype.interface WARNING:
	 Changing /out/sub-GEO013/ses-t3/func/sub-GEO013_ses-t3_task-image_run-4_desc-hmc_boldref.nii.gz dtype from uint16 to float32
250527-19:30:57,292 nipype.workflow INFO:
	 [Node] Setting-up "fmriprep_25_0_wf.sub_GEO013_wf.bold_ses_t3_task_image_run_5_wf.bold_fit_wf.fmapref_buffer" in "/work/fmriprep_25_0_wf/sub_GEO013_wf/bold_ses_t3_task_image_run_5_wf/bold_fit_wf/fmapref_buffer".
250527-19:30:58,346 nipype.workflow INFO:
	 [Node] Executing "fmapref_buffer" <nipype.interfaces.utility.wrappers.Function>
250527-19:30:58,347 nipype.workflow INFO:
	 [Node] Finished "fmapref_buffer", elapsed time 0.000772s.
250527-19:30:59,150 nipype.interface WARNING:
	 Changing /out/sub-GEO013/ses-t3/func/sub-GEO013_ses-t3_task-image_run-5_desc-hmc_boldref.nii.gz dtype from uint16 to float32
250527-19:30:59,506 nipype.workflow INFO:
	 [Node] Executing "fmapref_buffer" <nipype.interfaces.utility.wrappers.Function>
250527-19:30:59,508 nipype.workflow INFO:
	 [Node] Finished "fmapref_buffer", elapsed time 0.000914s.
250527-19:31:00,700 nipype.workflow INFO:
	 [Node] Setting-up "fmriprep_25_0_wf.sub_GEO013_wf.bold_ses_t3_task_retrans_run_1_wf.bold_fit_wf.fmapref_buffer" in "/work/fmriprep_25_0_wf/sub_GEO013_wf/bold_ses_t3_task_retrans_run_1_wf/bold_fit_wf/fmapref_buffer".
250527-19:31:01,735 nipype.workflow INFO:
	 [Node] Executing "fmapref_buffer" <nipype.interfaces.utility.wrappers.Function>
250527-19:31:01,737 nipype.workflow INFO:
	 [Node] Finished "fmapref_buffer", elapsed time 0.000819s.
250527-19:31:01,886 nipype.interface WARNING:
	 Changing /out/sub-GEO013/ses-t3/func/sub-GEO013_ses-t3_task-retrans_run-1_desc-hmc_boldref.nii.gz dtype from uint16 to float32
250527-19:31:02,866 nipype.workflow INFO:
	 [Node] Setting-up "fmriprep_25_0_wf.sub_GEO013_wf.anat_fit_wf.register_template_wf.set_reference" in "/work/fmriprep_25_0_wf/sub_GEO013_wf/anat_fit_wf/register_template_wf/_template_MNI152NLin2009cAsym/set_reference".
250527-19:31:03,663 nipype.workflow INFO:
	 [Node] Executing "set_reference" <nipype.interfaces.utility.wrappers.Function>
250527-19:31:03,665 nipype.workflow INFO:
	 [Node] Finished "set_reference", elapsed time 0.000912s.
250527-19:31:08,228 nipype.workflow INFO:
	 [Node] Setting-up "fmriprep_25_0_wf.sub_GEO013_wf.bold_ses_t2_task_image_run_1_wf.bold_fit_wf.ds_coreg_boldref_wf.sources" in "/work/fmriprep_25_0_wf/sub_GEO013_wf/bold_ses_t2_task_image_run_1_wf/bold_fit_wf/ds_coreg_boldref_wf/sources".
250527-19:31:08,585 nipype.workflow INFO:
	 [Node] Setting-up "fmriprep_25_0_wf.sub_GEO013_wf.bold_ses_t2_task_image_run_2_wf.bold_fit_wf.ds_coreg_boldref_wf.sources" in "/work/fmriprep_25_0_wf/sub_GEO013_wf/bold_ses_t2_task_image_run_2_wf/bold_fit_wf/ds_coreg_boldref_wf/sources".
250527-19:31:08,588 nipype.workflow INFO:
	 [Node] Setting-up "fmriprep_25_0_wf.sub_GEO013_wf.bold_ses_t2_task_image_run_3_wf.bold_fit_wf.ds_coreg_boldref_wf.sources" in "/work/fmriprep_25_0_wf/sub_GEO013_wf/bold_ses_t2_task_image_run_3_wf/bold_fit_wf/ds_coreg_boldref_wf/sources".
250527-19:31:08,590 nipype.workflow INFO:
	 [Node] Setting-up "fmriprep_25_0_wf.sub_GEO013_wf.bold_ses_t2_task_image_run_4_wf.bold_fit_wf.ds_coreg_boldref_wf.sources" in "/work/fmriprep_25_0_wf/sub_GEO013_wf/bold_ses_t2_task_image_run_4_wf/bold_fit_wf/ds_coreg_boldref_wf/sources".
250527-19:31:08,592 nipype.workflow INFO:
	 [Node] Setting-up "fmriprep_25_0_wf.sub_GEO013_wf.bold_ses_t2_task_image_run_5_wf.bold_fit_wf.ds_coreg_boldref_wf.sources" in "/work/fmriprep_25_0_wf/sub_GEO013_wf/bold_ses_t2_task_image_run_5_wf/bold_fit_wf/ds_coreg_boldref_wf/sources".
250527-19:31:10,574 nipype.workflow INFO:
	 [Node] Executing "sources" <fmriprep.interfaces.bids.BIDSURI>
250527-19:31:10,576 nipype.workflow INFO:
	 [Node] Finished "sources", elapsed time 0.000697s.
250527-19:31:10,582 nipype.workflow INFO:
	 [Node] Executing "sources" <fmriprep.interfaces.bids.BIDSURI>
250527-19:31:10,583 nipype.workflow INFO:
	 [Node] Finished "sources", elapsed time 0.000612s.
250527-19:31:11,412 nipype.workflow INFO:
	 [Node] Executing "sources" <fmriprep.interfaces.bids.BIDSURI>
250527-19:31:11,414 nipype.workflow INFO:
	 [Node] Finished "sources", elapsed time 0.000668s.
250527-19:31:11,600 nipype.workflow INFO:
	 [Node] Executing "sources" <fmriprep.interfaces.bids.BIDSURI>
250527-19:31:11,602 nipype.workflow INFO:
	 [Node] Finished "sources", elapsed time 0.00079s.
250527-19:31:11,680 nipype.workflow INFO:
	 [Node] Executing "sources" <fmriprep.interfaces.bids.BIDSURI>
250527-19:31:11,682 nipype.workflow INFO:
	 [Node] Finished "sources", elapsed time 0.000671s.
250527-19:31:12,498 nipype.workflow INFO:
	 [Node] Setting-up "fmriprep_25_0_wf.sub_GEO013_wf.bold_ses_t3_task_image_run_1_wf.bold_fit_wf.ds_coreg_boldref_wf.sources" in "/work/fmriprep_25_0_wf/sub_GEO013_wf/bold_ses_t3_task_image_run_1_wf/bold_fit_wf/ds_coreg_boldref_wf/sources".
250527-19:31:12,499 nipype.workflow INFO:
	 [Node] Setting-up "fmriprep_25_0_wf.sub_GEO013_wf.bold_ses_t3_task_image_run_2_wf.bold_fit_wf.ds_coreg_boldref_wf.sources" in "/work/fmriprep_25_0_wf/sub_GEO013_wf/bold_ses_t3_task_image_run_2_wf/bold_fit_wf/ds_coreg_boldref_wf/sources".
250527-19:31:12,500 nipype.workflow INFO:
	 [Node] Setting-up "fmriprep_25_0_wf.sub_GEO013_wf.bold_ses_t3_task_image_run_3_wf.bold_fit_wf.ds_coreg_boldref_wf.sources" in "/work/fmriprep_25_0_wf/sub_GEO013_wf/bold_ses_t3_task_image_run_3_wf/bold_fit_wf/ds_coreg_boldref_wf/sources".
250527-19:31:14,481 nipype.workflow INFO:
	 [Node] Setting-up "fmriprep_25_0_wf.sub_GEO013_wf.bold_ses_t3_task_image_run_4_wf.bold_fit_wf.ds_coreg_boldref_wf.sources" in "/work/fmriprep_25_0_wf/sub_GEO013_wf/bold_ses_t3_task_image_run_4_wf/bold_fit_wf/ds_coreg_boldref_wf/sources".
250527-19:31:16,498 nipype.workflow INFO:
	 [Node] Setting-up "fmriprep_25_0_wf.sub_GEO013_wf.bold_ses_t3_task_image_run_5_wf.bold_fit_wf.ds_coreg_boldref_wf.sources" in "/work/fmriprep_25_0_wf/sub_GEO013_wf/bold_ses_t3_task_image_run_5_wf/bold_fit_wf/ds_coreg_boldref_wf/sources".
250527-19:31:17,369 nipype.workflow INFO:
	 [Node] Executing "sources" <fmriprep.interfaces.bids.BIDSURI>
250527-19:31:17,371 nipype.workflow INFO:
	 [Node] Finished "sources", elapsed time 0.000655s.
250527-19:31:17,381 nipype.workflow INFO:
	 [Node] Executing "sources" <fmriprep.interfaces.bids.BIDSURI>
250527-19:31:17,383 nipype.workflow INFO:
	 [Node] Finished "sources", elapsed time 0.000601s.
250527-19:31:18,398 nipype.workflow INFO:
	 [Node] Executing "sources" <fmriprep.interfaces.bids.BIDSURI>
250527-19:31:18,400 nipype.workflow INFO:
	 [Node] Finished "sources", elapsed time 0.000765s.
250527-19:31:18,490 nipype.workflow INFO:
	 [Node] Setting-up "fmriprep_25_0_wf.sub_GEO013_wf.bold_ses_t3_task_retrans_run_1_wf.bold_fit_wf.ds_coreg_boldref_wf.sources" in "/work/fmriprep_25_0_wf/sub_GEO013_wf/bold_ses_t3_task_retrans_run_1_wf/bold_fit_wf/ds_coreg_boldref_wf/sources".
250527-19:31:18,644 nipype.workflow INFO:
	 [Node] Executing "sources" <fmriprep.interfaces.bids.BIDSURI>
250527-19:31:18,647 nipype.workflow INFO:
	 [Node] Finished "sources", elapsed time 0.001125s.
250527-19:31:19,35 nipype.workflow INFO:
	 [Node] Executing "sources" <fmriprep.interfaces.bids.BIDSURI>
250527-19:31:19,37 nipype.workflow INFO:
	 [Node] Finished "sources", elapsed time 0.000597s.
250527-19:31:19,282 nipype.workflow INFO:
	 [Node] Executing "sources" <fmriprep.interfaces.bids.BIDSURI>
250527-19:31:19,284 nipype.workflow INFO:
	 [Node] Finished "sources", elapsed time 0.000776s.
250527-19:34:04,299 nipype.workflow INFO:
	 [Node] Finished "mcflirt", elapsed time 218.88011s.
250527-19:34:06,326 nipype.workflow INFO:
	 [Node] Finished "mcflirt", elapsed time 215.154125s.
250527-19:34:06,566 nipype.workflow INFO:
	 [Node] Setting-up "fmriprep_25_0_wf.sub_GEO013_wf.bold_ses_t2_task_image_run_4_wf.bold_fit_wf.bold_hmc_wf.mcflirt" in "/work/fmriprep_25_0_wf/sub_GEO013_wf/bold_ses_t2_task_image_run_4_wf/bold_fit_wf/bold_hmc_wf/mcflirt".
250527-19:34:07,454 nipype.workflow INFO:
	 [Node] Executing "mcflirt" <nipype.interfaces.fsl.preprocess.MCFLIRT>
250527-19:34:08,547 nipype.workflow INFO:
	 [Node] Setting-up "fmriprep_25_0_wf.sub_GEO013_wf.bold_ses_t2_task_image_run_5_wf.bold_fit_wf.bold_hmc_wf.mcflirt" in "/work/fmriprep_25_0_wf/sub_GEO013_wf/bold_ses_t2_task_image_run_5_wf/bold_fit_wf/bold_hmc_wf/mcflirt".
250527-19:34:09,738 nipype.workflow INFO:
	 [Node] Executing "mcflirt" <nipype.interfaces.fsl.preprocess.MCFLIRT>
250527-19:34:12,433 nipype.workflow INFO:
	 [Node] Finished "mcflirt", elapsed time 224.559816s.
250527-19:34:14,656 nipype.workflow INFO:
	 [Node] Setting-up "fmriprep_25_0_wf.sub_GEO013_wf.bold_ses_t3_task_image_run_1_wf.bold_fit_wf.bold_hmc_wf.mcflirt" in "/work/fmriprep_25_0_wf/sub_GEO013_wf/bold_ses_t3_task_image_run_1_wf/bold_fit_wf/bold_hmc_wf/mcflirt".
250527-19:34:17,233 nipype.workflow INFO:
	 [Node] Executing "mcflirt" <nipype.interfaces.fsl.preprocess.MCFLIRT>
250527-19:38:01,338 nipype.workflow INFO:
	 [Node] Finished "mcflirt", elapsed time 231.592807s.
250527-19:38:02,638 nipype.workflow INFO:
	 [Node] Setting-up "fmriprep_25_0_wf.sub_GEO013_wf.bold_ses_t3_task_image_run_2_wf.bold_fit_wf.bold_hmc_wf.mcflirt" in "/work/fmriprep_25_0_wf/sub_GEO013_wf/bold_ses_t3_task_image_run_2_wf/bold_fit_wf/bold_hmc_wf/mcflirt".
250527-19:38:03,901 nipype.workflow INFO:
	 [Node] Executing "mcflirt" <nipype.interfaces.fsl.preprocess.MCFLIRT>
250527-19:38:04,707 nipype.workflow INFO:
	 [Node] Finished "mcflirt", elapsed time 237.252196s.
250527-19:38:06,672 nipype.workflow INFO:
	 [Node] Setting-up "fmriprep_25_0_wf.sub_GEO013_wf.bold_ses_t3_task_image_run_3_wf.bold_fit_wf.bold_hmc_wf.mcflirt" in "/work/fmriprep_25_0_wf/sub_GEO013_wf/bold_ses_t3_task_image_run_3_wf/bold_fit_wf/bold_hmc_wf/mcflirt".
250527-19:38:07,600 nipype.workflow INFO:
	 [Node] Executing "mcflirt" <nipype.interfaces.fsl.preprocess.MCFLIRT>
250527-19:38:12,243 nipype.workflow INFO:
	 [Node] Finished "mcflirt", elapsed time 235.008586s.
250527-19:38:14,665 nipype.workflow INFO:
	 [Node] Setting-up "fmriprep_25_0_wf.sub_GEO013_wf.bold_ses_t3_task_image_run_4_wf.bold_fit_wf.bold_hmc_wf.mcflirt" in "/work/fmriprep_25_0_wf/sub_GEO013_wf/bold_ses_t3_task_image_run_4_wf/bold_fit_wf/bold_hmc_wf/mcflirt".
250527-19:38:18,827 nipype.workflow INFO:
	 [Node] Executing "mcflirt" <nipype.interfaces.fsl.preprocess.MCFLIRT>
250527-19:42:12,622 nipype.workflow INFO:
	 [Node] Finished "mcflirt", elapsed time 248.718561s.
250527-19:42:14,671 nipype.workflow INFO:
	 [Node] Setting-up "fmriprep_25_0_wf.sub_GEO013_wf.bold_ses_t3_task_image_run_5_wf.bold_fit_wf.bold_hmc_wf.mcflirt" in "/work/fmriprep_25_0_wf/sub_GEO013_wf/bold_ses_t3_task_image_run_5_wf/bold_fit_wf/bold_hmc_wf/mcflirt".
250527-19:42:14,889 nipype.workflow INFO:
	 [Node] Finished "mcflirt", elapsed time 247.287806s.
250527-19:42:15,201 nipype.workflow INFO:
	 [Node] Executing "mcflirt" <nipype.interfaces.fsl.preprocess.MCFLIRT>
250527-19:42:16,676 nipype.workflow INFO:
	 [Node] Setting-up "fmriprep_25_0_wf.sub_GEO013_wf.bold_ses_t3_task_retrans_run_1_wf.bold_fit_wf.bold_hmc_wf.mcflirt" in "/work/fmriprep_25_0_wf/sub_GEO013_wf/bold_ses_t3_task_retrans_run_1_wf/bold_fit_wf/bold_hmc_wf/mcflirt".
250527-19:42:17,868 nipype.workflow INFO:
	 [Node] Executing "mcflirt" <nipype.interfaces.fsl.preprocess.MCFLIRT>
250527-19:42:25,749 nipype.workflow INFO:
	 [Node] Finished "mcflirt", elapsed time 246.920561s.
250527-19:45:53,588 nipype.workflow INFO:
	 [Node] Finished "mcflirt", elapsed time 218.377989s.
250527-19:45:54,791 nipype.workflow INFO:
	 [Node] Setting-up "fmriprep_25_0_wf.sub_GEO013_wf.bold_ses_t2_task_image_run_1_wf.bold_fit_wf.enhance_and_skullstrip_bold_wf.init_aff" in "/work/fmriprep_25_0_wf/sub_GEO013_wf/bold_ses_t2_task_image_run_1_wf/bold_fit_wf/enhance_and_skullstrip_bold_wf/init_aff".
250527-19:45:56,514 nipype.workflow INFO:
	 [Node] Executing "init_aff" <nipype.interfaces.ants.utils.AI>
250527-19:46:26,48 nipype.workflow INFO:
	 [Node] Finished "init_aff", elapsed time 28.879319s.
250527-19:46:29,104 nipype.workflow INFO:
	 [Node] Setting-up "fmriprep_25_0_wf.sub_GEO013_wf.bold_ses_t2_task_image_run_1_wf.bold_fit_wf.bold_hmc_wf.fsl2itk" in "/work/fmriprep_25_0_wf/sub_GEO013_wf/bold_ses_t2_task_image_run_1_wf/bold_fit_wf/bold_hmc_wf/fsl2itk".
250527-19:46:33,604 nipype.workflow INFO:
	 [Node] Executing "fsl2itk" <niworkflows.interfaces.itk.MCFLIRT2ITK>
250527-19:46:33,606 nipype.interface WARNING:
	 Multithreading is deprecated. Remove the num_threads input.
250527-19:46:36,632 nipype.workflow INFO:
	 [Node] Finished "fsl2itk", elapsed time 3.02682s.
250527-19:46:38,730 nipype.workflow INFO:
	 [Node] Setting-up "fmriprep_25_0_wf.sub_GEO013_wf.bold_ses_t2_task_image_run_2_wf.bold_fit_wf.enhance_and_skullstrip_bold_wf.init_aff" in "/work/fmriprep_25_0_wf/sub_GEO013_wf/bold_ses_t2_task_image_run_2_wf/bold_fit_wf/enhance_and_skullstrip_bold_wf/init_aff".
250527-19:46:39,452 nipype.workflow INFO:
	 [Node] Executing "init_aff" <nipype.interfaces.ants.utils.AI>
250527-19:46:40,736 nipype.workflow INFO:
	 [Node] Finished "mcflirt", elapsed time 262.86679s.
250527-19:46:46,51 nipype.workflow INFO:
	 [Node] Setting-up "fmriprep_25_0_wf.sub_GEO013_wf.bold_ses_t2_task_image_run_1_wf.bold_confounds_wf.motion_params" in "/work/fmriprep_25_0_wf/sub_GEO013_wf/bold_ses_t2_task_image_run_1_wf/bold_confounds_wf/motion_params".
250527-19:46:47,552 nipype.workflow INFO:
	 [Node] Executing "motion_params" <fmriprep.interfaces.confounds.FSLMotionParams>
250527-19:46:48,11 nipype.workflow INFO:
	 [Node] Finished "motion_params", elapsed time 0.456947s.
250527-19:46:51,582 nipype.workflow INFO:
	 [Node] Setting-up "fmriprep_25_0_wf.sub_GEO013_wf.bold_ses_t2_task_image_run_1_wf.bold_confounds_wf.rmsd" in "/work/fmriprep_25_0_wf/sub_GEO013_wf/bold_ses_t2_task_image_run_1_wf/bold_confounds_wf/rmsd".
250527-19:46:52,511 nipype.workflow INFO:
	 [Node] Executing "rmsd" <fmriprep.interfaces.confounds.FSLRMSDeviation>
250527-19:46:52,730 nipype.workflow INFO:
	 [Node] Finished "rmsd", elapsed time 0.217362s.
250527-19:46:55,622 nipype.workflow INFO:
	 [Node] Setting-up "fmriprep_25_0_wf.sub_GEO013_wf.bold_ses_t2_task_image_run_1_wf.bold_confounds_wf.fdisp" in "/work/fmriprep_25_0_wf/sub_GEO013_wf/bold_ses_t2_task_image_run_1_wf/bold_confounds_wf/fdisp".
250527-19:46:56,721 nipype.workflow INFO:
	 [Node] Executing "fdisp" <fmriprep.interfaces.confounds.FramewiseDisplacement>
250527-19:46:56,824 nipype.workflow INFO:
	 [Node] Finished "fdisp", elapsed time 0.101045s.
250527-19:47:05,592 nipype.workflow INFO:
	 [Node] Finished "init_aff", elapsed time 25.984044s.
250527-19:47:08,766 nipype.workflow INFO:
	 [Node] Setting-up "fmriprep_25_0_wf.sub_GEO013_wf.bold_ses_t2_task_image_run_2_wf.bold_fit_wf.bold_hmc_wf.fsl2itk" in "/work/fmriprep_25_0_wf/sub_GEO013_wf/bold_ses_t2_task_image_run_2_wf/bold_fit_wf/bold_hmc_wf/fsl2itk".
250527-19:47:12,617 nipype.workflow INFO:
	 [Node] Executing "fsl2itk" <niworkflows.interfaces.itk.MCFLIRT2ITK>
250527-19:47:12,618 nipype.interface WARNING:
	 Multithreading is deprecated. Remove the num_threads input.
250527-19:47:15,571 nipype.workflow INFO:
	 [Node] Finished "fsl2itk", elapsed time 2.953389s.
250527-19:47:16,737 nipype.workflow INFO:
	 [Node] Setting-up "fmriprep_25_0_wf.sub_GEO013_wf.bold_ses_t2_task_image_run_3_wf.bold_fit_wf.enhance_and_skullstrip_bold_wf.init_aff" in "/work/fmriprep_25_0_wf/sub_GEO013_wf/bold_ses_t2_task_image_run_3_wf/bold_fit_wf/enhance_and_skullstrip_bold_wf/init_aff".
250527-19:47:17,915 nipype.workflow INFO:
	 [Node] Executing "init_aff" <nipype.interfaces.ants.utils.AI>
250527-19:47:20,223 nipype.workflow INFO:
	 [Node] Setting-up "fmriprep_25_0_wf.sub_GEO013_wf.bold_ses_t2_task_image_run_2_wf.bold_confounds_wf.motion_params" in "/work/fmriprep_25_0_wf/sub_GEO013_wf/bold_ses_t2_task_image_run_2_wf/bold_confounds_wf/motion_params".
250527-19:47:21,997 nipype.workflow INFO:
	 [Node] Executing "motion_params" <fmriprep.interfaces.confounds.FSLMotionParams>
250527-19:47:22,198 nipype.workflow INFO:
	 [Node] Finished "motion_params", elapsed time 0.2001s.
250527-19:47:26,126 nipype.workflow INFO:
	 [Node] Setting-up "fmriprep_25_0_wf.sub_GEO013_wf.bold_ses_t2_task_image_run_2_wf.bold_confounds_wf.rmsd" in "/work/fmriprep_25_0_wf/sub_GEO013_wf/bold_ses_t2_task_image_run_2_wf/bold_confounds_wf/rmsd".
250527-19:47:26,577 nipype.workflow INFO:
	 [Node] Executing "rmsd" <fmriprep.interfaces.confounds.FSLRMSDeviation>
250527-19:47:26,751 nipype.workflow INFO:
	 [Node] Finished "rmsd", elapsed time 0.1725s.
250527-19:47:29,223 nipype.workflow INFO:
	 [Node] Setting-up "fmriprep_25_0_wf.sub_GEO013_wf.bold_ses_t2_task_image_run_2_wf.bold_confounds_wf.fdisp" in "/work/fmriprep_25_0_wf/sub_GEO013_wf/bold_ses_t2_task_image_run_2_wf/bold_confounds_wf/fdisp".
250527-19:47:31,465 nipype.workflow INFO:
	 [Node] Executing "fdisp" <fmriprep.interfaces.confounds.FramewiseDisplacement>
250527-19:47:31,553 nipype.workflow INFO:
	 [Node] Finished "fdisp", elapsed time 0.087486s.
250527-19:47:42,404 nipype.workflow INFO:
	 [Node] Finished "init_aff", elapsed time 24.487659999999998s.
250527-19:47:45,237 nipype.workflow INFO:
	 [Node] Setting-up "fmriprep_25_0_wf.sub_GEO013_wf.bold_ses_t2_task_image_run_3_wf.bold_fit_wf.bold_hmc_wf.fsl2itk" in "/work/fmriprep_25_0_wf/sub_GEO013_wf/bold_ses_t2_task_image_run_3_wf/bold_fit_wf/bold_hmc_wf/fsl2itk".
250527-19:47:47,748 nipype.workflow INFO:
	 [Node] Executing "fsl2itk" <niworkflows.interfaces.itk.MCFLIRT2ITK>
250527-19:47:47,751 nipype.interface WARNING:
	 Multithreading is deprecated. Remove the num_threads input.
250527-19:47:52,574 nipype.workflow INFO:
	 [Node] Finished "fsl2itk", elapsed time 4.823768s.
250527-19:47:55,245 nipype.workflow INFO:
	 [Node] Setting-up "fmriprep_25_0_wf.sub_GEO013_wf.bold_ses_t2_task_image_run_4_wf.bold_fit_wf.enhance_and_skullstrip_bold_wf.init_aff" in "/work/fmriprep_25_0_wf/sub_GEO013_wf/bold_ses_t2_task_image_run_4_wf/bold_fit_wf/enhance_and_skullstrip_bold_wf/init_aff".
250527-19:47:55,911 nipype.workflow INFO:
	 [Node] Executing "init_aff" <nipype.interfaces.ants.utils.AI>
250527-19:47:58,637 nipype.workflow INFO:
	 [Node] Setting-up "fmriprep_25_0_wf.sub_GEO013_wf.bold_ses_t2_task_image_run_3_wf.bold_confounds_wf.motion_params" in "/work/fmriprep_25_0_wf/sub_GEO013_wf/bold_ses_t2_task_image_run_3_wf/bold_confounds_wf/motion_params".
250527-19:47:59,697 nipype.workflow INFO:
	 [Node] Executing "motion_params" <fmriprep.interfaces.confounds.FSLMotionParams>
250527-19:48:00,13 nipype.workflow INFO:
	 [Node] Finished "motion_params", elapsed time 0.311874s.
250527-19:48:02,645 nipype.workflow INFO:
	 [Node] Setting-up "fmriprep_25_0_wf.sub_GEO013_wf.bold_ses_t2_task_image_run_3_wf.bold_confounds_wf.rmsd" in "/work/fmriprep_25_0_wf/sub_GEO013_wf/bold_ses_t2_task_image_run_3_wf/bold_confounds_wf/rmsd".
250527-19:48:03,301 nipype.workflow INFO:
	 [Node] Executing "rmsd" <fmriprep.interfaces.confounds.FSLRMSDeviation>
250527-19:48:03,507 nipype.workflow INFO:
	 [Node] Finished "rmsd", elapsed time 0.204614s.
250527-19:48:05,511 nipype.workflow INFO:
	 [Node] Setting-up "fmriprep_25_0_wf.sub_GEO013_wf.bold_ses_t2_task_image_run_3_wf.bold_confounds_wf.fdisp" in "/work/fmriprep_25_0_wf/sub_GEO013_wf/bold_ses_t2_task_image_run_3_wf/bold_confounds_wf/fdisp".
250527-19:48:06,564 nipype.workflow INFO:
	 [Node] Executing "fdisp" <fmriprep.interfaces.confounds.FramewiseDisplacement>
250527-19:48:06,761 nipype.workflow INFO:
	 [Node] Finished "fdisp", elapsed time 0.195568s.
250527-19:48:22,750 nipype.workflow INFO:
	 [Node] Finished "init_aff", elapsed time 26.625696s.
250527-19:48:23,539 nipype.workflow INFO:
	 [Node] Setting-up "fmriprep_25_0_wf.sub_GEO013_wf.bold_ses_t2_task_image_run_4_wf.bold_fit_wf.bold_hmc_wf.fsl2itk" in "/work/fmriprep_25_0_wf/sub_GEO013_wf/bold_ses_t2_task_image_run_4_wf/bold_fit_wf/bold_hmc_wf/fsl2itk".
250527-19:48:27,736 nipype.workflow INFO:
	 [Node] Executing "fsl2itk" <niworkflows.interfaces.itk.MCFLIRT2ITK>
250527-19:48:27,737 nipype.interface WARNING:
	 Multithreading is deprecated. Remove the num_threads input.
250527-19:48:32,48 nipype.workflow INFO:
	 [Node] Finished "fsl2itk", elapsed time 4.310265s.
250527-19:48:34,150 nipype.workflow INFO:
	 [Node] Setting-up "fmriprep_25_0_wf.sub_GEO013_wf.bold_ses_t2_task_image_run_5_wf.bold_fit_wf.enhance_and_skullstrip_bold_wf.init_aff" in "/work/fmriprep_25_0_wf/sub_GEO013_wf/bold_ses_t2_task_image_run_5_wf/bold_fit_wf/enhance_and_skullstrip_bold_wf/init_aff".
250527-19:48:35,576 nipype.workflow INFO:
	 [Node] Executing "init_aff" <nipype.interfaces.ants.utils.AI>
250527-19:48:38,486 nipype.workflow INFO:
	 [Node] Setting-up "fmriprep_25_0_wf.sub_GEO013_wf.bold_ses_t2_task_image_run_4_wf.bold_confounds_wf.motion_params" in "/work/fmriprep_25_0_wf/sub_GEO013_wf/bold_ses_t2_task_image_run_4_wf/bold_confounds_wf/motion_params".
250527-19:48:39,765 nipype.workflow INFO:
	 [Node] Executing "motion_params" <fmriprep.interfaces.confounds.FSLMotionParams>
250527-19:48:40,18 nipype.workflow INFO:
	 [Node] Finished "motion_params", elapsed time 0.250831s.
250527-19:48:41,277 nipype.workflow INFO:
	 [Node] Setting-up "fmriprep_25_0_wf.sub_GEO013_wf.bold_ses_t2_task_image_run_4_wf.bold_confounds_wf.rmsd" in "/work/fmriprep_25_0_wf/sub_GEO013_wf/bold_ses_t2_task_image_run_4_wf/bold_confounds_wf/rmsd".
250527-19:48:41,922 nipype.workflow INFO:
	 [Node] Executing "rmsd" <fmriprep.interfaces.confounds.FSLRMSDeviation>
250527-19:48:42,302 nipype.workflow INFO:
	 [Node] Finished "rmsd", elapsed time 0.377651s.
250527-19:48:43,326 nipype.workflow INFO:
	 [Node] Setting-up "fmriprep_25_0_wf.sub_GEO013_wf.bold_ses_t2_task_image_run_4_wf.bold_confounds_wf.fdisp" in "/work/fmriprep_25_0_wf/sub_GEO013_wf/bold_ses_t2_task_image_run_4_wf/bold_confounds_wf/fdisp".
250527-19:48:44,714 nipype.workflow INFO:
	 [Node] Executing "fdisp" <fmriprep.interfaces.confounds.FramewiseDisplacement>
250527-19:48:44,902 nipype.workflow INFO:
	 [Node] Finished "fdisp", elapsed time 0.186873s.
250527-19:49:01,378 nipype.workflow INFO:
	 [Node] Finished "init_aff", elapsed time 25.79908s.
250527-19:49:03,266 nipype.workflow INFO:
	 [Node] Setting-up "fmriprep_25_0_wf.sub_GEO013_wf.bold_ses_t2_task_image_run_5_wf.bold_fit_wf.bold_hmc_wf.fsl2itk" in "/work/fmriprep_25_0_wf/sub_GEO013_wf/bold_ses_t2_task_image_run_5_wf/bold_fit_wf/bold_hmc_wf/fsl2itk".
250527-19:49:05,706 nipype.workflow INFO:
	 [Node] Executing "fsl2itk" <niworkflows.interfaces.itk.MCFLIRT2ITK>
250527-19:49:05,707 nipype.interface WARNING:
	 Multithreading is deprecated. Remove the num_threads input.
250527-19:49:09,880 nipype.workflow INFO:
	 [Node] Finished "fsl2itk", elapsed time 4.173446s.
250527-19:49:11,248 nipype.workflow INFO:
	 [Node] Setting-up "fmriprep_25_0_wf.sub_GEO013_wf.bold_ses_t3_task_image_run_1_wf.bold_fit_wf.enhance_and_skullstrip_bold_wf.init_aff" in "/work/fmriprep_25_0_wf/sub_GEO013_wf/bold_ses_t3_task_image_run_1_wf/bold_fit_wf/enhance_and_skullstrip_bold_wf/init_aff".
250527-19:49:12,73 nipype.workflow INFO:
	 [Node] Executing "init_aff" <nipype.interfaces.ants.utils.AI>
250527-19:49:13,915 nipype.workflow INFO:
	 [Node] Setting-up "fmriprep_25_0_wf.sub_GEO013_wf.bold_ses_t2_task_image_run_5_wf.bold_confounds_wf.motion_params" in "/work/fmriprep_25_0_wf/sub_GEO013_wf/bold_ses_t2_task_image_run_5_wf/bold_confounds_wf/motion_params".
250527-19:49:16,470 nipype.workflow INFO:
	 [Node] Executing "motion_params" <fmriprep.interfaces.confounds.FSLMotionParams>
250527-19:49:16,776 nipype.workflow INFO:
	 [Node] Finished "motion_params", elapsed time 0.305461s.
250527-19:49:17,932 nipype.workflow INFO:
	 [Node] Setting-up "fmriprep_25_0_wf.sub_GEO013_wf.bold_ses_t2_task_image_run_5_wf.bold_confounds_wf.rmsd" in "/work/fmriprep_25_0_wf/sub_GEO013_wf/bold_ses_t2_task_image_run_5_wf/bold_confounds_wf/rmsd".
250527-19:49:18,813 nipype.workflow INFO:
	 [Node] Executing "rmsd" <fmriprep.interfaces.confounds.FSLRMSDeviation>
250527-19:49:18,953 nipype.workflow INFO:
	 [Node] Finished "rmsd", elapsed time 0.139268s.
250527-19:49:21,944 nipype.workflow INFO:
	 [Node] Setting-up "fmriprep_25_0_wf.sub_GEO013_wf.bold_ses_t2_task_image_run_5_wf.bold_confounds_wf.fdisp" in "/work/fmriprep_25_0_wf/sub_GEO013_wf/bold_ses_t2_task_image_run_5_wf/bold_confounds_wf/fdisp".
250527-19:49:23,393 nipype.workflow INFO:
	 [Node] Executing "fdisp" <fmriprep.interfaces.confounds.FramewiseDisplacement>
250527-19:49:23,443 nipype.workflow INFO:
	 [Node] Finished "fdisp", elapsed time 0.048756s.
250527-19:49:40,443 nipype.workflow INFO:
	 [Node] Finished "init_aff", elapsed time 28.184193s.
250527-19:49:41,934 nipype.workflow INFO:
	 [Node] Setting-up "fmriprep_25_0_wf.sub_GEO013_wf.bold_ses_t3_task_image_run_1_wf.bold_fit_wf.bold_hmc_wf.fsl2itk" in "/work/fmriprep_25_0_wf/sub_GEO013_wf/bold_ses_t3_task_image_run_1_wf/bold_fit_wf/bold_hmc_wf/fsl2itk".
250527-19:49:44,677 nipype.workflow INFO:
	 [Node] Executing "fsl2itk" <niworkflows.interfaces.itk.MCFLIRT2ITK>
250527-19:49:44,679 nipype.interface WARNING:
	 Multithreading is deprecated. Remove the num_threads input.
250527-19:49:48,910 nipype.workflow INFO:
	 [Node] Finished "fsl2itk", elapsed time 4.231195s.
250527-19:49:49,968 nipype.workflow INFO:
	 [Node] Setting-up "fmriprep_25_0_wf.sub_GEO013_wf.bold_ses_t3_task_image_run_2_wf.bold_fit_wf.enhance_and_skullstrip_bold_wf.init_aff" in "/work/fmriprep_25_0_wf/sub_GEO013_wf/bold_ses_t3_task_image_run_2_wf/bold_fit_wf/enhance_and_skullstrip_bold_wf/init_aff".
250527-19:49:51,558 nipype.workflow INFO:
	 [Node] Executing "init_aff" <nipype.interfaces.ants.utils.AI>
250527-19:49:52,784 nipype.workflow INFO:
	 [Node] Setting-up "fmriprep_25_0_wf.sub_GEO013_wf.bold_ses_t3_task_image_run_1_wf.bold_confounds_wf.motion_params" in "/work/fmriprep_25_0_wf/sub_GEO013_wf/bold_ses_t3_task_image_run_1_wf/bold_confounds_wf/motion_params".
250527-19:49:53,549 nipype.workflow INFO:
	 [Node] Executing "motion_params" <fmriprep.interfaces.confounds.FSLMotionParams>
250527-19:49:53,803 nipype.workflow INFO:
	 [Node] Finished "motion_params", elapsed time 0.252163s.
250527-19:49:54,794 nipype.workflow INFO:
	 [Node] Setting-up "fmriprep_25_0_wf.sub_GEO013_wf.bold_ses_t3_task_image_run_1_wf.bold_confounds_wf.rmsd" in "/work/fmriprep_25_0_wf/sub_GEO013_wf/bold_ses_t3_task_image_run_1_wf/bold_confounds_wf/rmsd".
250527-19:49:55,802 nipype.workflow INFO:
	 [Node] Executing "rmsd" <fmriprep.interfaces.confounds.FSLRMSDeviation>
250527-19:49:56,185 nipype.workflow INFO:
	 [Node] Finished "rmsd", elapsed time 0.381891s.
250527-19:49:58,800 nipype.workflow INFO:
	 [Node] Setting-up "fmriprep_25_0_wf.sub_GEO013_wf.bold_ses_t3_task_image_run_1_wf.bold_confounds_wf.fdisp" in "/work/fmriprep_25_0_wf/sub_GEO013_wf/bold_ses_t3_task_image_run_1_wf/bold_confounds_wf/fdisp".
250527-19:49:59,230 nipype.workflow INFO:
	 [Node] Executing "fdisp" <fmriprep.interfaces.confounds.FramewiseDisplacement>
250527-19:49:59,278 nipype.workflow INFO:
	 [Node] Finished "fdisp", elapsed time 0.046718s.
250527-19:50:20,832 nipype.workflow INFO:
	 [Node] Finished "init_aff", elapsed time 29.271623s.
250527-19:50:22,763 nipype.workflow INFO:
	 [Node] Setting-up "fmriprep_25_0_wf.sub_GEO013_wf.bold_ses_t3_task_image_run_2_wf.bold_fit_wf.bold_hmc_wf.fsl2itk" in "/work/fmriprep_25_0_wf/sub_GEO013_wf/bold_ses_t3_task_image_run_2_wf/bold_fit_wf/bold_hmc_wf/fsl2itk".
250527-19:50:27,106 nipype.workflow INFO:
	 [Node] Executing "fsl2itk" <niworkflows.interfaces.itk.MCFLIRT2ITK>
250527-19:50:27,119 nipype.interface WARNING:
	 Multithreading is deprecated. Remove the num_threads input.
250527-19:50:31,754 nipype.workflow INFO:
	 [Node] Finished "fsl2itk", elapsed time 4.634883s.
250527-19:50:34,811 nipype.workflow INFO:
	 [Node] Setting-up "fmriprep_25_0_wf.sub_GEO013_wf.bold_ses_t3_task_image_run_3_wf.bold_fit_wf.enhance_and_skullstrip_bold_wf.init_aff" in "/work/fmriprep_25_0_wf/sub_GEO013_wf/bold_ses_t3_task_image_run_3_wf/bold_fit_wf/enhance_and_skullstrip_bold_wf/init_aff".
250527-19:50:37,607 nipype.workflow INFO:
	 [Node] Executing "init_aff" <nipype.interfaces.ants.utils.AI>
250527-19:50:38,370 nipype.workflow INFO:
	 [Node] Setting-up "fmriprep_25_0_wf.sub_GEO013_wf.bold_ses_t3_task_image_run_2_wf.bold_confounds_wf.motion_params" in "/work/fmriprep_25_0_wf/sub_GEO013_wf/bold_ses_t3_task_image_run_2_wf/bold_confounds_wf/motion_params".
250527-19:50:39,546 nipype.workflow INFO:
	 [Node] Executing "motion_params" <fmriprep.interfaces.confounds.FSLMotionParams>
250527-19:50:39,925 nipype.workflow INFO:
	 [Node] Finished "motion_params", elapsed time 0.377757s.
250527-19:50:42,409 nipype.workflow INFO:
	 [Node] Setting-up "fmriprep_25_0_wf.sub_GEO013_wf.bold_ses_t3_task_image_run_2_wf.bold_confounds_wf.rmsd" in "/work/fmriprep_25_0_wf/sub_GEO013_wf/bold_ses_t3_task_image_run_2_wf/bold_confounds_wf/rmsd".
250527-19:50:44,849 nipype.workflow INFO:
	 [Node] Executing "rmsd" <fmriprep.interfaces.confounds.FSLRMSDeviation>
250527-19:50:45,213 nipype.workflow INFO:
	 [Node] Finished "rmsd", elapsed time 0.362624s.
250527-19:50:46,321 nipype.workflow INFO:
	 [Node] Setting-up "fmriprep_25_0_wf.sub_GEO013_wf.bold_ses_t3_task_image_run_2_wf.bold_confounds_wf.fdisp" in "/work/fmriprep_25_0_wf/sub_GEO013_wf/bold_ses_t3_task_image_run_2_wf/bold_confounds_wf/fdisp".
250527-19:50:47,229 nipype.workflow INFO:
	 [Node] Executing "fdisp" <fmriprep.interfaces.confounds.FramewiseDisplacement>
250527-19:50:47,738 nipype.workflow INFO:
	 [Node] Finished "fdisp", elapsed time 0.507547s.
250527-19:51:04,267 nipype.workflow INFO:
	 [Node] Finished "init_aff", elapsed time 26.657546s.
250527-19:51:06,369 nipype.workflow INFO:
	 [Node] Setting-up "fmriprep_25_0_wf.sub_GEO013_wf.bold_ses_t3_task_image_run_3_wf.bold_fit_wf.bold_hmc_wf.fsl2itk" in "/work/fmriprep_25_0_wf/sub_GEO013_wf/bold_ses_t3_task_image_run_3_wf/bold_fit_wf/bold_hmc_wf/fsl2itk".
250527-19:51:12,291 nipype.workflow INFO:
	 [Node] Executing "fsl2itk" <niworkflows.interfaces.itk.MCFLIRT2ITK>
250527-19:51:12,300 nipype.interface WARNING:
	 Multithreading is deprecated. Remove the num_threads input.
250527-19:51:16,283 nipype.workflow INFO:
	 [Node] Finished "fsl2itk", elapsed time 3.9890660000000002s.
250527-19:51:18,318 nipype.workflow INFO:
	 [Node] Setting-up "fmriprep_25_0_wf.sub_GEO013_wf.bold_ses_t3_task_image_run_4_wf.bold_fit_wf.enhance_and_skullstrip_bold_wf.init_aff" in "/work/fmriprep_25_0_wf/sub_GEO013_wf/bold_ses_t3_task_image_run_4_wf/bold_fit_wf/enhance_and_skullstrip_bold_wf/init_aff".
250527-19:51:18,932 nipype.workflow INFO:
	 [Node] Executing "init_aff" <nipype.interfaces.ants.utils.AI>
250527-19:51:21,466 nipype.workflow INFO:
	 [Node] Setting-up "fmriprep_25_0_wf.sub_GEO013_wf.bold_ses_t3_task_image_run_3_wf.bold_confounds_wf.motion_params" in "/work/fmriprep_25_0_wf/sub_GEO013_wf/bold_ses_t3_task_image_run_3_wf/bold_confounds_wf/motion_params".
250527-19:51:22,886 nipype.workflow INFO:
	 [Node] Executing "motion_params" <fmriprep.interfaces.confounds.FSLMotionParams>
250527-19:51:23,237 nipype.workflow INFO:
	 [Node] Finished "motion_params", elapsed time 0.348759s.
250527-19:51:25,462 nipype.workflow INFO:
	 [Node] Setting-up "fmriprep_25_0_wf.sub_GEO013_wf.bold_ses_t3_task_image_run_3_wf.bold_confounds_wf.rmsd" in "/work/fmriprep_25_0_wf/sub_GEO013_wf/bold_ses_t3_task_image_run_3_wf/bold_confounds_wf/rmsd".
250527-19:51:26,228 nipype.workflow INFO:
	 [Node] Executing "rmsd" <fmriprep.interfaces.confounds.FSLRMSDeviation>
250527-19:51:26,459 nipype.workflow INFO:
	 [Node] Finished "rmsd", elapsed time 0.229536s.
250527-19:51:27,464 nipype.workflow INFO:
	 [Node] Setting-up "fmriprep_25_0_wf.sub_GEO013_wf.bold_ses_t3_task_image_run_3_wf.bold_confounds_wf.fdisp" in "/work/fmriprep_25_0_wf/sub_GEO013_wf/bold_ses_t3_task_image_run_3_wf/bold_confounds_wf/fdisp".
250527-19:51:28,424 nipype.workflow INFO:
	 [Node] Executing "fdisp" <fmriprep.interfaces.confounds.FramewiseDisplacement>
250527-19:51:28,565 nipype.workflow INFO:
	 [Node] Finished "fdisp", elapsed time 0.139759s.
250527-19:51:44,762 nipype.workflow INFO:
	 [Node] Finished "init_aff", elapsed time 25.828858s.
250527-19:51:47,468 nipype.workflow INFO:
	 [Node] Setting-up "fmriprep_25_0_wf.sub_GEO013_wf.bold_ses_t3_task_image_run_4_wf.bold_fit_wf.bold_hmc_wf.fsl2itk" in "/work/fmriprep_25_0_wf/sub_GEO013_wf/bold_ses_t3_task_image_run_4_wf/bold_fit_wf/bold_hmc_wf/fsl2itk".
250527-19:51:50,211 nipype.workflow INFO:
	 [Node] Executing "fsl2itk" <niworkflows.interfaces.itk.MCFLIRT2ITK>
250527-19:51:50,213 nipype.interface WARNING:
	 Multithreading is deprecated. Remove the num_threads input.
250527-19:51:55,798 nipype.workflow INFO:
	 [Node] Finished "fsl2itk", elapsed time 5.585235s.
250527-19:51:57,447 nipype.workflow INFO:
	 [Node] Setting-up "fmriprep_25_0_wf.sub_GEO013_wf.bold_ses_t3_task_image_run_5_wf.bold_fit_wf.enhance_and_skullstrip_bold_wf.init_aff" in "/work/fmriprep_25_0_wf/sub_GEO013_wf/bold_ses_t3_task_image_run_5_wf/bold_fit_wf/enhance_and_skullstrip_bold_wf/init_aff".
250527-19:51:58,558 nipype.workflow INFO:
	 [Node] Executing "init_aff" <nipype.interfaces.ants.utils.AI>
250527-19:51:59,907 nipype.workflow INFO:
	 [Node] Setting-up "fmriprep_25_0_wf.sub_GEO013_wf.bold_ses_t3_task_image_run_4_wf.bold_confounds_wf.motion_params" in "/work/fmriprep_25_0_wf/sub_GEO013_wf/bold_ses_t3_task_image_run_4_wf/bold_confounds_wf/motion_params".
250527-19:52:01,88 nipype.workflow INFO:
	 [Node] Executing "motion_params" <fmriprep.interfaces.confounds.FSLMotionParams>
250527-19:52:01,325 nipype.workflow INFO:
	 [Node] Finished "motion_params", elapsed time 0.235468s.
250527-19:52:04,42 nipype.workflow INFO:
	 [Node] Setting-up "fmriprep_25_0_wf.sub_GEO013_wf.bold_ses_t3_task_image_run_4_wf.bold_confounds_wf.rmsd" in "/work/fmriprep_25_0_wf/sub_GEO013_wf/bold_ses_t3_task_image_run_4_wf/bold_confounds_wf/rmsd".
250527-19:52:04,587 nipype.workflow INFO:
	 [Node] Executing "rmsd" <fmriprep.interfaces.confounds.FSLRMSDeviation>
250527-19:52:04,867 nipype.workflow INFO:
	 [Node] Finished "rmsd", elapsed time 0.273627s.
250527-19:52:06,55 nipype.workflow INFO:
	 [Node] Setting-up "fmriprep_25_0_wf.sub_GEO013_wf.bold_ses_t3_task_image_run_4_wf.bold_confounds_wf.fdisp" in "/work/fmriprep_25_0_wf/sub_GEO013_wf/bold_ses_t3_task_image_run_4_wf/bold_confounds_wf/fdisp".
250527-19:52:06,591 nipype.workflow INFO:
	 [Node] Executing "fdisp" <fmriprep.interfaces.confounds.FramewiseDisplacement>
250527-19:52:06,723 nipype.workflow INFO:
	 [Node] Finished "fdisp", elapsed time 0.130663s.
250527-19:52:25,821 nipype.workflow INFO:
	 [Node] Finished "init_aff", elapsed time 27.260922s.
250527-19:52:27,930 nipype.workflow INFO:
	 [Node] Setting-up "fmriprep_25_0_wf.sub_GEO013_wf.bold_ses_t3_task_image_run_5_wf.bold_fit_wf.bold_hmc_wf.fsl2itk" in "/work/fmriprep_25_0_wf/sub_GEO013_wf/bold_ses_t3_task_image_run_5_wf/bold_fit_wf/bold_hmc_wf/fsl2itk".
250527-19:52:28,429 nipype.workflow INFO:
	 [Node] Executing "fsl2itk" <niworkflows.interfaces.itk.MCFLIRT2ITK>
250527-19:52:28,430 nipype.interface WARNING:
	 Multithreading is deprecated. Remove the num_threads input.
250527-19:52:32,571 nipype.workflow INFO:
	 [Node] Finished "fsl2itk", elapsed time 4.141196s.
250527-19:52:34,20 nipype.workflow INFO:
	 [Node] Setting-up "fmriprep_25_0_wf.sub_GEO013_wf.bold_ses_t3_task_retrans_run_1_wf.bold_fit_wf.enhance_and_skullstrip_bold_wf.init_aff" in "/work/fmriprep_25_0_wf/sub_GEO013_wf/bold_ses_t3_task_retrans_run_1_wf/bold_fit_wf/enhance_and_skullstrip_bold_wf/init_aff".
250527-19:52:35,618 nipype.workflow INFO:
	 [Node] Executing "init_aff" <nipype.interfaces.ants.utils.AI>
250527-19:52:37,105 nipype.workflow INFO:
	 [Node] Setting-up "fmriprep_25_0_wf.sub_GEO013_wf.bold_ses_t3_task_image_run_5_wf.bold_confounds_wf.motion_params" in "/work/fmriprep_25_0_wf/sub_GEO013_wf/bold_ses_t3_task_image_run_5_wf/bold_confounds_wf/motion_params".
250527-19:52:42,25 nipype.workflow INFO:
	 [Node] Executing "motion_params" <fmriprep.interfaces.confounds.FSLMotionParams>
250527-19:52:42,234 nipype.workflow INFO:
	 [Node] Finished "motion_params", elapsed time 0.207365s.
250527-19:52:43,103 nipype.workflow INFO:
	 [Node] Setting-up "fmriprep_25_0_wf.sub_GEO013_wf.bold_ses_t3_task_image_run_5_wf.bold_confounds_wf.rmsd" in "/work/fmriprep_25_0_wf/sub_GEO013_wf/bold_ses_t3_task_image_run_5_wf/bold_confounds_wf/rmsd".
250527-19:52:44,273 nipype.workflow INFO:
	 [Node] Executing "rmsd" <fmriprep.interfaces.confounds.FSLRMSDeviation>
250527-19:52:44,599 nipype.workflow INFO:
	 [Node] Finished "rmsd", elapsed time 0.32508s.
250527-19:52:47,111 nipype.workflow INFO:
	 [Node] Setting-up "fmriprep_25_0_wf.sub_GEO013_wf.bold_ses_t3_task_image_run_5_wf.bold_confounds_wf.fdisp" in "/work/fmriprep_25_0_wf/sub_GEO013_wf/bold_ses_t3_task_image_run_5_wf/bold_confounds_wf/fdisp".
250527-19:52:49,22 nipype.workflow INFO:
	 [Node] Executing "fdisp" <fmriprep.interfaces.confounds.FramewiseDisplacement>
250527-19:52:49,205 nipype.workflow INFO:
	 [Node] Finished "fdisp", elapsed time 0.181505s.
250527-19:53:02,429 nipype.workflow INFO:
	 [Node] Finished "init_aff", elapsed time 26.809358s.
250527-19:53:05,89 nipype.workflow INFO:
	 [Node] Setting-up "fmriprep_25_0_wf.sub_GEO013_wf.bold_ses_t3_task_retrans_run_1_wf.bold_fit_wf.bold_hmc_wf.fsl2itk" in "/work/fmriprep_25_0_wf/sub_GEO013_wf/bold_ses_t3_task_retrans_run_1_wf/bold_fit_wf/bold_hmc_wf/fsl2itk".
250527-19:53:07,840 nipype.workflow INFO:
	 [Node] Executing "fsl2itk" <niworkflows.interfaces.itk.MCFLIRT2ITK>
250527-19:53:07,841 nipype.interface WARNING:
	 Multithreading is deprecated. Remove the num_threads input.
250527-19:53:16,312 nipype.workflow INFO:
	 [Node] Finished "fsl2itk", elapsed time 8.471401s.
250527-19:53:19,129 nipype.workflow INFO:
	 [Node] Setting-up "fmriprep_25_0_wf.sub_GEO013_wf.bold_ses_t2_task_image_run_1_wf.bold_fit_wf.enhance_and_skullstrip_bold_wf.norm" in "/work/fmriprep_25_0_wf/sub_GEO013_wf/bold_ses_t2_task_image_run_1_wf/bold_fit_wf/enhance_and_skullstrip_bold_wf/norm".
250527-19:53:21,18 nipype.workflow INFO:
	 [Node] Executing "norm" <niworkflows.interfaces.fixes.FixHeaderRegistration>
250527-19:53:22,124 nipype.workflow INFO:
	 [Node] Finished "norm", elapsed time 1.099566s.
250527-19:53:24,456 nipype.workflow INFO:
	 [Node] Setting-up "fmriprep_25_0_wf.sub_GEO013_wf.bold_ses_t2_task_image_run_2_wf.bold_fit_wf.enhance_and_skullstrip_bold_wf.norm" in "/work/fmriprep_25_0_wf/sub_GEO013_wf/bold_ses_t2_task_image_run_2_wf/bold_fit_wf/enhance_and_skullstrip_bold_wf/norm".
250527-19:53:24,471 nipype.workflow INFO:
	 [Node] Setting-up "fmriprep_25_0_wf.sub_GEO013_wf.bold_ses_t2_task_image_run_1_wf.bold_fit_wf.enhance_and_skullstrip_bold_wf.map_brainmask" in "/work/fmriprep_25_0_wf/sub_GEO013_wf/bold_ses_t2_task_image_run_1_wf/bold_fit_wf/enhance_and_skullstrip_bold_wf/map_brainmask".
250527-19:53:25,744 nipype.workflow INFO:
	 [Node] Executing "map_brainmask" <niworkflows.interfaces.fixes.FixHeaderApplyTransforms>
250527-19:53:25,968 nipype.workflow INFO:
	 [Node] Executing "norm" <niworkflows.interfaces.fixes.FixHeaderRegistration>
250527-19:53:27,8 nipype.workflow INFO:
	 [Node] Finished "norm", elapsed time 1.039225s.
250527-19:53:27,13 nipype.workflow INFO:
	 [Node] Finished "map_brainmask", elapsed time 1.039686s.
250527-19:53:28,440 nipype.workflow INFO:
	 [Node] Setting-up "fmriprep_25_0_wf.sub_GEO013_wf.bold_ses_t3_task_retrans_run_1_wf.bold_confounds_wf.motion_params" in "/work/fmriprep_25_0_wf/sub_GEO013_wf/bold_ses_t3_task_retrans_run_1_wf/bold_confounds_wf/motion_params".
250527-19:53:30,284 nipype.workflow INFO:
	 [Node] Executing "motion_params" <fmriprep.interfaces.confounds.FSLMotionParams>
250527-19:53:30,459 nipype.workflow INFO:
	 [Node] Setting-up "fmriprep_25_0_wf.sub_GEO013_wf.bold_ses_t2_task_image_run_3_wf.bold_fit_wf.enhance_and_skullstrip_bold_wf.norm" in "/work/fmriprep_25_0_wf/sub_GEO013_wf/bold_ses_t2_task_image_run_3_wf/bold_fit_wf/enhance_and_skullstrip_bold_wf/norm".
250527-19:53:30,556 nipype.workflow INFO:
	 [Node] Finished "motion_params", elapsed time 0.271069s.
250527-19:53:32,32 nipype.workflow INFO:
	 [Node] Executing "norm" <niworkflows.interfaces.fixes.FixHeaderRegistration>
250527-19:53:32,435 nipype.workflow INFO:
	 [Node] Setting-up "fmriprep_25_0_wf.sub_GEO013_wf.bold_ses_t2_task_image_run_2_wf.bold_fit_wf.enhance_and_skullstrip_bold_wf.map_brainmask" in "/work/fmriprep_25_0_wf/sub_GEO013_wf/bold_ses_t2_task_image_run_2_wf/bold_fit_wf/enhance_and_skullstrip_bold_wf/map_brainmask".
250527-19:53:33,64 nipype.workflow INFO:
	 [Node] Executing "map_brainmask" <niworkflows.interfaces.fixes.FixHeaderApplyTransforms>
250527-19:53:33,215 nipype.workflow INFO:
	 [Node] Finished "norm", elapsed time 0.955702s.
250527-19:53:34,70 nipype.workflow INFO:
	 [Node] Finished "map_brainmask", elapsed time 1.005338s.
250527-19:53:34,469 nipype.workflow INFO:
	 [Node] Setting-up "fmriprep_25_0_wf.sub_GEO013_wf.bold_ses_t2_task_image_run_4_wf.bold_fit_wf.enhance_and_skullstrip_bold_wf.norm" in "/work/fmriprep_25_0_wf/sub_GEO013_wf/bold_ses_t2_task_image_run_4_wf/bold_fit_wf/enhance_and_skullstrip_bold_wf/norm".
250527-19:53:36,409 nipype.workflow INFO:
	 [Node] Executing "norm" <niworkflows.interfaces.fixes.FixHeaderRegistration>
250527-19:53:36,428 nipype.workflow INFO:
	 [Node] Setting-up "fmriprep_25_0_wf.sub_GEO013_wf.bold_ses_t2_task_image_run_3_wf.bold_fit_wf.enhance_and_skullstrip_bold_wf.map_brainmask" in "/work/fmriprep_25_0_wf/sub_GEO013_wf/bold_ses_t2_task_image_run_3_wf/bold_fit_wf/enhance_and_skullstrip_bold_wf/map_brainmask".
250527-19:53:37,344 nipype.workflow INFO:
	 [Node] Finished "norm", elapsed time 0.933235s.
250527-19:53:37,672 nipype.workflow INFO:
	 [Node] Executing "map_brainmask" <niworkflows.interfaces.fixes.FixHeaderApplyTransforms>
250527-19:53:38,465 nipype.workflow INFO:
	 [Node] Setting-up "fmriprep_25_0_wf.sub_GEO013_wf.bold_ses_t2_task_image_run_5_wf.bold_fit_wf.enhance_and_skullstrip_bold_wf.norm" in "/work/fmriprep_25_0_wf/sub_GEO013_wf/bold_ses_t2_task_image_run_5_wf/bold_fit_wf/enhance_and_skullstrip_bold_wf/norm".
250527-19:53:38,996 nipype.workflow INFO:
	 [Node] Finished "map_brainmask", elapsed time 1.115807s.
250527-19:53:39,791 nipype.workflow INFO:
	 [Node] Executing "norm" <niworkflows.interfaces.fixes.FixHeaderRegistration>
250527-19:53:40,442 nipype.workflow INFO:
	 [Node] Setting-up "fmriprep_25_0_wf.sub_GEO013_wf.bold_ses_t2_task_image_run_4_wf.bold_fit_wf.enhance_and_skullstrip_bold_wf.map_brainmask" in "/work/fmriprep_25_0_wf/sub_GEO013_wf/bold_ses_t2_task_image_run_4_wf/bold_fit_wf/enhance_and_skullstrip_bold_wf/map_brainmask".
250527-19:53:41,111 nipype.workflow INFO:
	 [Node] Finished "norm", elapsed time 1.317588s.
250527-19:53:41,415 nipype.workflow INFO:
	 [Node] Executing "map_brainmask" <niworkflows.interfaces.fixes.FixHeaderApplyTransforms>
250527-19:53:42,461 nipype.workflow INFO:
	 [Node] Setting-up "fmriprep_25_0_wf.sub_GEO013_wf.bold_ses_t3_task_image_run_1_wf.bold_fit_wf.enhance_and_skullstrip_bold_wf.norm" in "/work/fmriprep_25_0_wf/sub_GEO013_wf/bold_ses_t3_task_image_run_1_wf/bold_fit_wf/enhance_and_skullstrip_bold_wf/norm".
250527-19:53:42,832 nipype.workflow INFO:
	 [Node] Finished "map_brainmask", elapsed time 1.416118s.
250527-19:53:44,235 nipype.workflow INFO:
	 [Node] Executing "norm" <niworkflows.interfaces.fixes.FixHeaderRegistration>
250527-19:53:44,921 nipype.workflow INFO:
	 [Node] Finished "norm", elapsed time 0.684683s.
250527-19:53:46,435 nipype.workflow INFO:
	 [Node] Setting-up "fmriprep_25_0_wf.sub_GEO013_wf.bold_ses_t3_task_image_run_2_wf.bold_fit_wf.enhance_and_skullstrip_bold_wf.norm" in "/work/fmriprep_25_0_wf/sub_GEO013_wf/bold_ses_t3_task_image_run_2_wf/bold_fit_wf/enhance_and_skullstrip_bold_wf/norm".
250527-19:53:46,437 nipype.workflow INFO:
	 [Node] Setting-up "fmriprep_25_0_wf.sub_GEO013_wf.bold_ses_t2_task_image_run_5_wf.bold_fit_wf.enhance_and_skullstrip_bold_wf.map_brainmask" in "/work/fmriprep_25_0_wf/sub_GEO013_wf/bold_ses_t2_task_image_run_5_wf/bold_fit_wf/enhance_and_skullstrip_bold_wf/map_brainmask".
250527-19:53:49,950 nipype.workflow INFO:
	 [Node] Executing "map_brainmask" <niworkflows.interfaces.fixes.FixHeaderApplyTransforms>
250527-19:53:49,999 nipype.workflow INFO:
	 [Node] Executing "norm" <niworkflows.interfaces.fixes.FixHeaderRegistration>
250527-19:53:51,600 nipype.workflow INFO:
	 [Node] Finished "norm", elapsed time 1.5994190000000001s.
250527-19:53:51,609 nipype.workflow INFO:
	 [Node] Finished "map_brainmask", elapsed time 1.656047s.
250527-19:53:52,365 nipype.workflow INFO:
	 [Node] Setting-up "fmriprep_25_0_wf.sub_GEO013_wf.bold_ses_t3_task_image_run_3_wf.bold_fit_wf.enhance_and_skullstrip_bold_wf.norm" in "/work/fmriprep_25_0_wf/sub_GEO013_wf/bold_ses_t3_task_image_run_3_wf/bold_fit_wf/enhance_and_skullstrip_bold_wf/norm".
250527-19:53:53,792 nipype.workflow INFO:
	 [Node] Executing "norm" <niworkflows.interfaces.fixes.FixHeaderRegistration>
250527-19:53:54,461 nipype.workflow INFO:
	 [Node] Setting-up "fmriprep_25_0_wf.sub_GEO013_wf.bold_ses_t3_task_image_run_1_wf.bold_fit_wf.enhance_and_skullstrip_bold_wf.map_brainmask" in "/work/fmriprep_25_0_wf/sub_GEO013_wf/bold_ses_t3_task_image_run_1_wf/bold_fit_wf/enhance_and_skullstrip_bold_wf/map_brainmask".
250527-19:53:55,227 nipype.workflow INFO:
	 [Node] Finished "norm", elapsed time 1.432552s.
250527-19:53:55,807 nipype.workflow INFO:
	 [Node] Executing "map_brainmask" <niworkflows.interfaces.fixes.FixHeaderApplyTransforms>
250527-19:53:56,741 nipype.workflow INFO:
	 [Node] Finished "map_brainmask", elapsed time 0.93241s.
250527-19:53:58,462 nipype.workflow INFO:
	 [Node] Setting-up "fmriprep_25_0_wf.sub_GEO013_wf.bold_ses_t3_task_image_run_4_wf.bold_fit_wf.enhance_and_skullstrip_bold_wf.norm" in "/work/fmriprep_25_0_wf/sub_GEO013_wf/bold_ses_t3_task_image_run_4_wf/bold_fit_wf/enhance_and_skullstrip_bold_wf/norm".
250527-19:53:58,463 nipype.workflow INFO:
	 [Node] Setting-up "fmriprep_25_0_wf.sub_GEO013_wf.bold_ses_t3_task_image_run_2_wf.bold_fit_wf.enhance_and_skullstrip_bold_wf.map_brainmask" in "/work/fmriprep_25_0_wf/sub_GEO013_wf/bold_ses_t3_task_image_run_2_wf/bold_fit_wf/enhance_and_skullstrip_bold_wf/map_brainmask".
250527-19:54:00,837 nipype.workflow INFO:
	 [Node] Executing "map_brainmask" <niworkflows.interfaces.fixes.FixHeaderApplyTransforms>
250527-19:54:01,282 nipype.workflow INFO:
	 [Node] Executing "norm" <niworkflows.interfaces.fixes.FixHeaderRegistration>
250527-19:54:01,766 nipype.workflow INFO:
	 [Node] Finished "map_brainmask", elapsed time 0.926714s.
250527-19:54:02,88 nipype.workflow INFO:
	 [Node] Finished "norm", elapsed time 0.802829s.
250527-19:54:04,465 nipype.workflow INFO:
	 [Node] Setting-up "fmriprep_25_0_wf.sub_GEO013_wf.bold_ses_t3_task_image_run_5_wf.bold_fit_wf.enhance_and_skullstrip_bold_wf.norm" in "/work/fmriprep_25_0_wf/sub_GEO013_wf/bold_ses_t3_task_image_run_5_wf/bold_fit_wf/enhance_and_skullstrip_bold_wf/norm".
250527-19:54:04,465 nipype.workflow INFO:
	 [Node] Setting-up "fmriprep_25_0_wf.sub_GEO013_wf.bold_ses_t3_task_image_run_3_wf.bold_fit_wf.enhance_and_skullstrip_bold_wf.map_brainmask" in "/work/fmriprep_25_0_wf/sub_GEO013_wf/bold_ses_t3_task_image_run_3_wf/bold_fit_wf/enhance_and_skullstrip_bold_wf/map_brainmask".
250527-19:54:05,780 nipype.workflow INFO:
	 [Node] Executing "norm" <niworkflows.interfaces.fixes.FixHeaderRegistration>
250527-19:54:05,815 nipype.workflow INFO:
	 [Node] Executing "map_brainmask" <niworkflows.interfaces.fixes.FixHeaderApplyTransforms>
250527-19:54:06,488 nipype.workflow INFO:
	 [Node] Finished "norm", elapsed time 0.70686s.
250527-19:54:06,923 nipype.workflow INFO:
	 [Node] Finished "map_brainmask", elapsed time 1.106466s.
250527-19:54:08,452 nipype.workflow INFO:
	 [Node] Setting-up "fmriprep_25_0_wf.sub_GEO013_wf.bold_ses_t3_task_retrans_run_1_wf.bold_fit_wf.enhance_and_skullstrip_bold_wf.norm" in "/work/fmriprep_25_0_wf/sub_GEO013_wf/bold_ses_t3_task_retrans_run_1_wf/bold_fit_wf/enhance_and_skullstrip_bold_wf/norm".
250527-19:54:08,453 nipype.workflow INFO:
	 [Node] Setting-up "fmriprep_25_0_wf.sub_GEO013_wf.bold_ses_t3_task_image_run_4_wf.bold_fit_wf.enhance_and_skullstrip_bold_wf.map_brainmask" in "/work/fmriprep_25_0_wf/sub_GEO013_wf/bold_ses_t3_task_image_run_4_wf/bold_fit_wf/enhance_and_skullstrip_bold_wf/map_brainmask".
250527-19:54:10,189 nipype.workflow INFO:
	 [Node] Executing "norm" <niworkflows.interfaces.fixes.FixHeaderRegistration>
250527-19:54:10,228 nipype.workflow INFO:
	 [Node] Executing "map_brainmask" <niworkflows.interfaces.fixes.FixHeaderApplyTransforms>
250527-19:54:11,339 nipype.workflow INFO:
	 [Node] Finished "norm", elapsed time 1.130953s.
250527-19:54:11,426 nipype.workflow INFO:
	 [Node] Finished "map_brainmask", elapsed time 1.196846s.
250527-19:54:12,467 nipype.workflow INFO:
	 [Node] Setting-up "fmriprep_25_0_wf.sub_GEO013_wf.bold_ses_t3_task_image_run_5_wf.bold_fit_wf.enhance_and_skullstrip_bold_wf.map_brainmask" in "/work/fmriprep_25_0_wf/sub_GEO013_wf/bold_ses_t3_task_image_run_5_wf/bold_fit_wf/enhance_and_skullstrip_bold_wf/map_brainmask".
250527-19:54:12,468 nipype.workflow INFO:
	 [Node] Setting-up "fmriprep_25_0_wf.sub_GEO013_wf.bold_ses_t3_task_retrans_run_1_wf.bold_fit_wf.enhance_and_skullstrip_bold_wf.map_brainmask" in "/work/fmriprep_25_0_wf/sub_GEO013_wf/bold_ses_t3_task_retrans_run_1_wf/bold_fit_wf/enhance_and_skullstrip_bold_wf/map_brainmask".
250527-19:54:12,470 nipype.workflow INFO:
	 [Node] Setting-up "fmriprep_25_0_wf.sub_GEO013_wf.bold_ses_t3_task_retrans_run_1_wf.bold_confounds_wf.rmsd" in "/work/fmriprep_25_0_wf/sub_GEO013_wf/bold_ses_t3_task_retrans_run_1_wf/bold_confounds_wf/rmsd".
250527-19:54:14,454 nipype.workflow INFO:
	 [Node] Executing "map_brainmask" <niworkflows.interfaces.fixes.FixHeaderApplyTransforms>
250527-19:54:14,895 nipype.workflow INFO:
	 [Node] Executing "map_brainmask" <niworkflows.interfaces.fixes.FixHeaderApplyTransforms>
250527-19:54:14,985 nipype.workflow INFO:
	 [Node] Executing "rmsd" <fmriprep.interfaces.confounds.FSLRMSDeviation>
250527-19:54:15,338 nipype.workflow INFO:
	 [Node] Finished "rmsd", elapsed time 0.351651s.
250527-19:54:15,727 nipype.workflow INFO:
	 [Node] Finished "map_brainmask", elapsed time 1.260754s.
250527-19:54:16,1 nipype.workflow INFO:
	 [Node] Finished "map_brainmask", elapsed time 1.103039s.
250527-19:54:35,47 nipype.workflow INFO:
	 [Node] Setting-up "fmriprep_25_0_wf.sub_GEO013_wf.bold_ses_t3_task_retrans_run_1_wf.bold_confounds_wf.fdisp" in "/work/fmriprep_25_0_wf/sub_GEO013_wf/bold_ses_t3_task_retrans_run_1_wf/bold_confounds_wf/fdisp".
250527-19:54:35,778 nipype.workflow INFO:
	 [Node] Executing "fdisp" <fmriprep.interfaces.confounds.FramewiseDisplacement>
250527-19:54:35,820 nipype.workflow INFO:
	 [Node] Finished "fdisp", elapsed time 0.040333s.
250527-19:54:39,828 nipype.workflow INFO:
	 [Node] Setting-up "fmriprep_25_0_wf.sub_GEO013_wf.bold_ses_t2_task_image_run_1_wf.bold_fit_wf.enhance_and_skullstrip_bold_wf.n4_correct" in "/work/fmriprep_25_0_wf/sub_GEO013_wf/bold_ses_t2_task_image_run_1_wf/bold_fit_wf/enhance_and_skullstrip_bold_wf/n4_correct".
250527-19:54:39,840 nipype.workflow INFO:
	 [Node] Setting-up "fmriprep_25_0_wf.sub_GEO013_wf.bold_ses_t2_task_image_run_2_wf.bold_fit_wf.enhance_and_skullstrip_bold_wf.n4_correct" in "/work/fmriprep_25_0_wf/sub_GEO013_wf/bold_ses_t2_task_image_run_2_wf/bold_fit_wf/enhance_and_skullstrip_bold_wf/n4_correct".
250527-19:54:39,857 nipype.workflow INFO:
	 [Node] Setting-up "fmriprep_25_0_wf.sub_GEO013_wf.bold_ses_t2_task_image_run_3_wf.bold_fit_wf.enhance_and_skullstrip_bold_wf.n4_correct" in "/work/fmriprep_25_0_wf/sub_GEO013_wf/bold_ses_t2_task_image_run_3_wf/bold_fit_wf/enhance_and_skullstrip_bold_wf/n4_correct".
250527-19:54:39,881 nipype.workflow INFO:
	 [Node] Setting-up "fmriprep_25_0_wf.sub_GEO013_wf.bold_ses_t2_task_image_run_4_wf.bold_fit_wf.enhance_and_skullstrip_bold_wf.n4_correct" in "/work/fmriprep_25_0_wf/sub_GEO013_wf/bold_ses_t2_task_image_run_4_wf/bold_fit_wf/enhance_and_skullstrip_bold_wf/n4_correct".
250527-19:54:39,884 nipype.workflow INFO:
	 [Node] Setting-up "fmriprep_25_0_wf.sub_GEO013_wf.bold_ses_t2_task_image_run_5_wf.bold_fit_wf.enhance_and_skullstrip_bold_wf.n4_correct" in "/work/fmriprep_25_0_wf/sub_GEO013_wf/bold_ses_t2_task_image_run_5_wf/bold_fit_wf/enhance_and_skullstrip_bold_wf/n4_correct".
250527-19:54:39,885 nipype.workflow INFO:
	 [Node] Setting-up "fmriprep_25_0_wf.sub_GEO013_wf.bold_ses_t3_task_image_run_1_wf.bold_fit_wf.enhance_and_skullstrip_bold_wf.n4_correct" in "/work/fmriprep_25_0_wf/sub_GEO013_wf/bold_ses_t3_task_image_run_1_wf/bold_fit_wf/enhance_and_skullstrip_bold_wf/n4_correct".
250527-19:54:39,887 nipype.workflow INFO:
	 [Node] Setting-up "fmriprep_25_0_wf.sub_GEO013_wf.bold_ses_t3_task_image_run_2_wf.bold_fit_wf.enhance_and_skullstrip_bold_wf.n4_correct" in "/work/fmriprep_25_0_wf/sub_GEO013_wf/bold_ses_t3_task_image_run_2_wf/bold_fit_wf/enhance_and_skullstrip_bold_wf/n4_correct".
250527-19:54:40,263 nipype.workflow INFO:
	 [Node] Setting-up "fmriprep_25_0_wf.sub_GEO013_wf.bold_ses_t3_task_image_run_3_wf.bold_fit_wf.enhance_and_skullstrip_bold_wf.n4_correct" in "/work/fmriprep_25_0_wf/sub_GEO013_wf/bold_ses_t3_task_image_run_3_wf/bold_fit_wf/enhance_and_skullstrip_bold_wf/n4_correct".
250527-19:54:41,394 nipype.workflow INFO:
	 [Node] Executing "n4_correct" <niworkflows.interfaces.fixes.FixN4BiasFieldCorrection>
250527-19:54:41,394 nipype.workflow INFO:
	 [Node] Executing "n4_correct" <niworkflows.interfaces.fixes.FixN4BiasFieldCorrection>
250527-19:54:41,410 nipype.workflow INFO:
	 [Node] Executing "n4_correct" <niworkflows.interfaces.fixes.FixN4BiasFieldCorrection>
250527-19:54:41,427 nipype.workflow INFO:
	 [Node] Executing "n4_correct" <niworkflows.interfaces.fixes.FixN4BiasFieldCorrection>
250527-19:54:41,437 nipype.workflow INFO:
	 [Node] Executing "n4_correct" <niworkflows.interfaces.fixes.FixN4BiasFieldCorrection>
250527-19:54:41,452 nipype.workflow INFO:
	 [Node] Executing "n4_correct" <niworkflows.interfaces.fixes.FixN4BiasFieldCorrection>
250527-19:54:41,575 nipype.workflow INFO:
	 [Node] Executing "n4_correct" <niworkflows.interfaces.fixes.FixN4BiasFieldCorrection>
250527-19:54:42,128 nipype.workflow INFO:
	 [Node] Executing "n4_correct" <niworkflows.interfaces.fixes.FixN4BiasFieldCorrection>
250527-19:54:45,295 nipype.workflow INFO:
	 [Node] Finished "n4_correct", elapsed time 3.718626s.
250527-19:54:46,849 nipype.workflow INFO:
	 [Node] Finished "n4_correct", elapsed time 5.411029s.
250527-19:54:46,871 nipype.workflow INFO:
	 [Node] Finished "n4_correct", elapsed time 5.450845s.
250527-19:54:46,945 nipype.workflow INFO:
	 [Node] Finished "n4_correct", elapsed time 5.515082s.
250527-19:54:46,972 nipype.workflow INFO:
	 [Node] Finished "n4_correct", elapsed time 5.574816s.
250527-19:54:47,81 nipype.workflow INFO:
	 [Node] Finished "n4_correct", elapsed time 4.951141s.
250527-19:54:47,151 nipype.workflow INFO:
	 [Node] Finished "n4_correct", elapsed time 5.7533s.
250527-19:54:47,197 nipype.workflow INFO:
	 [Node] Finished "n4_correct", elapsed time 5.741573s.
250527-19:54:48,178 nipype.workflow INFO:
	 [Node] Setting-up "fmriprep_25_0_wf.sub_GEO013_wf.bold_ses_t3_task_image_run_4_wf.bold_fit_wf.enhance_and_skullstrip_bold_wf.n4_correct" in "/work/fmriprep_25_0_wf/sub_GEO013_wf/bold_ses_t3_task_image_run_4_wf/bold_fit_wf/enhance_and_skullstrip_bold_wf/n4_correct".
250527-19:54:48,179 nipype.workflow INFO:
	 [Node] Setting-up "fmriprep_25_0_wf.sub_GEO013_wf.bold_ses_t3_task_image_run_5_wf.bold_fit_wf.enhance_and_skullstrip_bold_wf.n4_correct" in "/work/fmriprep_25_0_wf/sub_GEO013_wf/bold_ses_t3_task_image_run_5_wf/bold_fit_wf/enhance_and_skullstrip_bold_wf/n4_correct".
250527-19:54:48,180 nipype.workflow INFO:
	 [Node] Setting-up "fmriprep_25_0_wf.sub_GEO013_wf.bold_ses_t3_task_retrans_run_1_wf.bold_fit_wf.enhance_and_skullstrip_bold_wf.n4_correct" in "/work/fmriprep_25_0_wf/sub_GEO013_wf/bold_ses_t3_task_retrans_run_1_wf/bold_fit_wf/enhance_and_skullstrip_bold_wf/n4_correct".
250527-19:54:48,180 nipype.workflow INFO:
	 [Node] Setting-up "fmriprep_25_0_wf.sub_GEO013_wf.bold_ses_t2_task_image_run_1_wf.bold_fit_wf.enhance_and_skullstrip_bold_wf.skullstrip_first_pass" in "/work/fmriprep_25_0_wf/sub_GEO013_wf/bold_ses_t2_task_image_run_1_wf/bold_fit_wf/enhance_and_skullstrip_bold_wf/skullstrip_first_pass".
250527-19:54:49,923 nipype.workflow INFO:
	 [Node] Executing "skullstrip_first_pass" <nipype.interfaces.fsl.preprocess.BET>
250527-19:54:50,100 nipype.workflow INFO:
	 [Node] Executing "n4_correct" <niworkflows.interfaces.fixes.FixN4BiasFieldCorrection>
250527-19:54:50,451 nipype.interface WARNING:
	 Changing /out/sub-GEO013/ses-t2/func/sub-GEO013_ses-t2_task-image_run-1_desc-coreg_boldref.nii.gz dtype from uint16 to float32
250527-19:54:50,588 nipype.workflow INFO:
	 [Node] Executing "n4_correct" <niworkflows.interfaces.fixes.FixN4BiasFieldCorrection>
250527-19:54:50,612 nipype.workflow INFO:
	 [Node] Executing "n4_correct" <niworkflows.interfaces.fixes.FixN4BiasFieldCorrection>
250527-19:54:51,596 nipype.workflow INFO:
	 [Node] Setting-up "fmriprep_25_0_wf.sub_GEO013_wf.bold_ses_t2_task_image_run_3_wf.bold_fit_wf.enhance_and_skullstrip_bold_wf.skullstrip_first_pass" in "/work/fmriprep_25_0_wf/sub_GEO013_wf/bold_ses_t2_task_image_run_3_wf/bold_fit_wf/enhance_and_skullstrip_bold_wf/skullstrip_first_pass".
250527-19:54:52,145 nipype.workflow INFO:
	 [Node] Finished "skullstrip_first_pass", elapsed time 2.220763s.
250527-19:54:52,863 nipype.interface WARNING:
	 Changing /out/sub-GEO013/ses-t2/func/sub-GEO013_ses-t2_task-image_run-3_desc-coreg_boldref.nii.gz dtype from uint16 to float32
250527-19:54:53,174 nipype.workflow INFO:
	 [Node] Finished "n4_correct", elapsed time 3.072487s.
250527-19:54:53,455 nipype.workflow INFO:
	 [Node] Finished "n4_correct", elapsed time 2.8419470000000002s.
250527-19:54:53,476 nipype.workflow INFO:
	 [Node] Finished "n4_correct", elapsed time 2.886485s.
250527-19:54:53,519 nipype.workflow INFO:
	 [Node] Executing "skullstrip_first_pass" <nipype.interfaces.fsl.preprocess.BET>
250527-19:54:53,996 nipype.workflow INFO:
	 [Node] Setting-up "fmriprep_25_0_wf.sub_GEO013_wf.bold_ses_t2_task_image_run_4_wf.bold_fit_wf.enhance_and_skullstrip_bold_wf.skullstrip_first_pass" in "/work/fmriprep_25_0_wf/sub_GEO013_wf/bold_ses_t2_task_image_run_4_wf/bold_fit_wf/enhance_and_skullstrip_bold_wf/skullstrip_first_pass".
250527-19:54:54,853 nipype.interface WARNING:
	 Changing /out/sub-GEO013/ses-t2/func/sub-GEO013_ses-t2_task-image_run-4_desc-coreg_boldref.nii.gz dtype from uint16 to float32
250527-19:54:54,876 nipype.workflow INFO:
	 [Node] Executing "skullstrip_first_pass" <nipype.interfaces.fsl.preprocess.BET>
250527-19:54:55,298 nipype.workflow INFO:
	 [Node] Finished "skullstrip_first_pass", elapsed time 1.77869s.
250527-19:54:55,940 nipype.workflow INFO:
	 [Node] Setting-up "fmriprep_25_0_wf.sub_GEO013_wf.bold_ses_t2_task_image_run_5_wf.bold_fit_wf.enhance_and_skullstrip_bold_wf.skullstrip_first_pass" in "/work/fmriprep_25_0_wf/sub_GEO013_wf/bold_ses_t2_task_image_run_5_wf/bold_fit_wf/enhance_and_skullstrip_bold_wf/skullstrip_first_pass".
250527-19:54:56,314 nipype.workflow INFO:
	 [Node] Setting-up "fmriprep_25_0_wf.sub_GEO013_wf.bold_ses_t2_task_image_run_2_wf.bold_fit_wf.enhance_and_skullstrip_bold_wf.skullstrip_first_pass" in "/work/fmriprep_25_0_wf/sub_GEO013_wf/bold_ses_t2_task_image_run_2_wf/bold_fit_wf/enhance_and_skullstrip_bold_wf/skullstrip_first_pass".
250527-19:54:56,959 nipype.workflow INFO:
	 [Node] Finished "skullstrip_first_pass", elapsed time 2.082615s.
250527-19:54:57,762 nipype.workflow INFO:
	 [Node] Executing "skullstrip_first_pass" <nipype.interfaces.fsl.preprocess.BET>
250527-19:54:57,773 nipype.workflow INFO:
	 [Node] Executing "skullstrip_first_pass" <nipype.interfaces.fsl.preprocess.BET>
250527-19:54:57,841 nipype.interface WARNING:
	 Changing /out/sub-GEO013/ses-t2/func/sub-GEO013_ses-t2_task-image_run-2_desc-coreg_boldref.nii.gz dtype from uint16 to float32
250527-19:54:59,587 nipype.workflow INFO:
	 [Node] Finished "skullstrip_first_pass", elapsed time 1.812995s.
250527-19:54:59,601 nipype.workflow INFO:
	 [Node] Finished "skullstrip_first_pass", elapsed time 1.837953s.
250527-19:55:00,515 nipype.interface WARNING:
	 Changing /out/sub-GEO013/ses-t2/func/sub-GEO013_ses-t2_task-image_run-5_desc-coreg_boldref.nii.gz dtype from uint16 to float32
250527-19:55:01,386 nipype.workflow INFO:
	 [Node] Setting-up "fmriprep_25_0_wf.sub_GEO013_wf.bold_ses_t3_task_image_run_1_wf.bold_fit_wf.enhance_and_skullstrip_bold_wf.skullstrip_first_pass" in "/work/fmriprep_25_0_wf/sub_GEO013_wf/bold_ses_t3_task_image_run_1_wf/bold_fit_wf/enhance_and_skullstrip_bold_wf/skullstrip_first_pass".
250527-19:55:02,402 nipype.workflow INFO:
	 [Node] Executing "skullstrip_first_pass" <nipype.interfaces.fsl.preprocess.BET>
250527-19:55:02,840 nipype.interface WARNING:
	 Changing /out/sub-GEO013/ses-t3/func/sub-GEO013_ses-t3_task-image_run-1_desc-coreg_boldref.nii.gz dtype from uint16 to float32
250527-19:55:03,998 nipype.workflow INFO:
	 [Node] Finished "skullstrip_first_pass", elapsed time 1.594675s.
250527-19:55:04,434 nipype.workflow INFO:
	 [Node] Setting-up "fmriprep_25_0_wf.sub_GEO013_wf.bold_ses_t3_task_image_run_2_wf.bold_fit_wf.enhance_and_skullstrip_bold_wf.skullstrip_first_pass" in "/work/fmriprep_25_0_wf/sub_GEO013_wf/bold_ses_t3_task_image_run_2_wf/bold_fit_wf/enhance_and_skullstrip_bold_wf/skullstrip_first_pass".
250527-19:55:05,474 nipype.interface WARNING:
	 Changing /out/sub-GEO013/ses-t3/func/sub-GEO013_ses-t3_task-image_run-2_desc-coreg_boldref.nii.gz dtype from uint16 to float32
250527-19:55:05,688 nipype.workflow INFO:
	 [Node] Executing "skullstrip_first_pass" <nipype.interfaces.fsl.preprocess.BET>
250527-19:55:06,608 nipype.workflow INFO:
	 [Node] Setting-up "fmriprep_25_0_wf.sub_GEO013_wf.bold_ses_t3_task_image_run_3_wf.bold_fit_wf.enhance_and_skullstrip_bold_wf.skullstrip_first_pass" in "/work/fmriprep_25_0_wf/sub_GEO013_wf/bold_ses_t3_task_image_run_3_wf/bold_fit_wf/enhance_and_skullstrip_bold_wf/skullstrip_first_pass".
250527-19:55:07,172 nipype.workflow INFO:
	 [Node] Executing "skullstrip_first_pass" <nipype.interfaces.fsl.preprocess.BET>
250527-19:55:07,178 nipype.workflow INFO:
	 [Node] Finished "skullstrip_first_pass", elapsed time 1.489147s.
250527-19:55:08,249 nipype.interface WARNING:
	 Changing /out/sub-GEO013/ses-t3/func/sub-GEO013_ses-t3_task-image_run-3_desc-coreg_boldref.nii.gz dtype from uint16 to float32
250527-19:55:09,208 nipype.workflow INFO:
	 [Node] Finished "skullstrip_first_pass", elapsed time 2.035624s.
250527-19:55:10,189 nipype.workflow INFO:
	 [Node] Setting-up "fmriprep_25_0_wf.sub_GEO013_wf.bold_ses_t3_task_image_run_4_wf.bold_fit_wf.enhance_and_skullstrip_bold_wf.skullstrip_first_pass" in "/work/fmriprep_25_0_wf/sub_GEO013_wf/bold_ses_t3_task_image_run_4_wf/bold_fit_wf/enhance_and_skullstrip_bold_wf/skullstrip_first_pass".
250527-19:55:11,212 nipype.workflow INFO:
	 [Node] Executing "skullstrip_first_pass" <nipype.interfaces.fsl.preprocess.BET>
250527-19:55:11,602 nipype.interface WARNING:
	 Changing /out/sub-GEO013/ses-t3/func/sub-GEO013_ses-t3_task-image_run-4_desc-coreg_boldref.nii.gz dtype from uint16 to float32
250527-19:55:12,760 nipype.workflow INFO:
	 [Node] Finished "skullstrip_first_pass", elapsed time 1.547332s.
250527-19:55:13,154 nipype.workflow INFO:
	 [Node] Setting-up "fmriprep_25_0_wf.sub_GEO013_wf.bold_ses_t3_task_image_run_5_wf.bold_fit_wf.enhance_and_skullstrip_bold_wf.skullstrip_first_pass" in "/work/fmriprep_25_0_wf/sub_GEO013_wf/bold_ses_t3_task_image_run_5_wf/bold_fit_wf/enhance_and_skullstrip_bold_wf/skullstrip_first_pass".
250527-19:55:14,503 nipype.interface WARNING:
	 Changing /out/sub-GEO013/ses-t3/func/sub-GEO013_ses-t3_task-image_run-5_desc-coreg_boldref.nii.gz dtype from uint16 to float32
250527-19:55:15,273 nipype.workflow INFO:
	 [Node] Executing "skullstrip_first_pass" <nipype.interfaces.fsl.preprocess.BET>
250527-19:55:15,488 nipype.workflow INFO:
	 [Node] Setting-up "fmriprep_25_0_wf.sub_GEO013_wf.bold_ses_t3_task_retrans_run_1_wf.bold_fit_wf.enhance_and_skullstrip_bold_wf.skullstrip_first_pass" in "/work/fmriprep_25_0_wf/sub_GEO013_wf/bold_ses_t3_task_retrans_run_1_wf/bold_fit_wf/enhance_and_skullstrip_bold_wf/skullstrip_first_pass".
250527-19:55:16,627 nipype.interface WARNING:
	 Changing /out/sub-GEO013/ses-t3/func/sub-GEO013_ses-t3_task-retrans_run-1_desc-coreg_boldref.nii.gz dtype from uint16 to float32
250527-19:55:17,69 nipype.workflow INFO:
	 [Node] Executing "skullstrip_first_pass" <nipype.interfaces.fsl.preprocess.BET>
250527-19:55:17,244 nipype.workflow INFO:
	 [Node] Finished "skullstrip_first_pass", elapsed time 1.97012s.
250527-19:55:17,551 nipype.workflow INFO:
	 [Node] Setting-up "fmriprep_25_0_wf.sub_GEO013_wf.bold_ses_t2_task_image_run_1_wf.bold_fit_wf.ds_boldreg_wf.sources" in "/work/fmriprep_25_0_wf/sub_GEO013_wf/bold_ses_t2_task_image_run_1_wf/bold_fit_wf/ds_boldreg_wf/sources".
250527-19:55:17,553 nipype.workflow INFO:
	 [Node] Setting-up "fmriprep_25_0_wf.sub_GEO013_wf.bold_ses_t2_task_image_run_1_wf.bold_fit_wf.enhance_and_skullstrip_bold_wf.first_dilate" in "/work/fmriprep_25_0_wf/sub_GEO013_wf/bold_ses_t2_task_image_run_1_wf/bold_fit_wf/enhance_and_skullstrip_bold_wf/first_dilate".
250527-19:55:17,559 nipype.workflow INFO:
	 [Node] Setting-up "fmriprep_25_0_wf.sub_GEO013_wf.bold_ses_t2_task_image_run_1_wf.bold_std_wf.gen_ref" in "/work/fmriprep_25_0_wf/sub_GEO013_wf/bold_ses_t2_task_image_run_1_wf/bold_std_wf/_in_tuple_MNI152NLin2009cAsym.resnative/gen_ref".
250527-19:55:17,567 nipype.workflow INFO:
	 [Node] Setting-up "fmriprep_25_0_wf.sub_GEO013_wf.bold_ses_t2_task_image_run_2_wf.bold_fit_wf.enhance_and_skullstrip_bold_wf.first_dilate" in "/work/fmriprep_25_0_wf/sub_GEO013_wf/bold_ses_t2_task_image_run_2_wf/bold_fit_wf/enhance_and_skullstrip_bold_wf/first_dilate".
250527-19:55:17,917 nipype.workflow INFO:
	 [Node] Setting-up "fmriprep_25_0_wf.sub_GEO013_wf.bold_ses_t2_task_image_run_2_wf.bold_fit_wf.ds_boldreg_wf.sources" in "/work/fmriprep_25_0_wf/sub_GEO013_wf/bold_ses_t2_task_image_run_2_wf/bold_fit_wf/ds_boldreg_wf/sources".
250527-19:55:17,923 nipype.workflow INFO:
	 [Node] Setting-up "fmriprep_25_0_wf.sub_GEO013_wf.bold_ses_t2_task_image_run_2_wf.bold_std_wf.gen_ref" in "/work/fmriprep_25_0_wf/sub_GEO013_wf/bold_ses_t2_task_image_run_2_wf/bold_std_wf/_in_tuple_MNI152NLin2009cAsym.resnative/gen_ref".
250527-19:55:18,207 nipype.workflow INFO:
	 [Node] Executing "first_dilate" <niworkflows.interfaces.nibabel.BinaryDilation>
250527-19:55:18,222 nipype.workflow INFO:
	 [Node] Executing "gen_ref" <niworkflows.interfaces.nibabel.GenerateSamplingReference>
250527-19:55:18,281 nipype.workflow INFO:
	 [Node] Executing "first_dilate" <niworkflows.interfaces.nibabel.BinaryDilation>
250527-19:55:18,507 nipype.workflow INFO:
	 [Node] Finished "skullstrip_first_pass", elapsed time 1.437297s.
250527-19:55:18,513 nipype.workflow INFO:
	 [Node] Executing "sources" <fmriprep.interfaces.bids.BIDSURI>
250527-19:55:18,525 nipype.workflow INFO:
	 [Node] Finished "sources", elapsed time 0.008865s.
250527-19:55:18,568 nipype.workflow INFO:
	 [Node] Executing "sources" <fmriprep.interfaces.bids.BIDSURI>
250527-19:55:18,589 nipype.workflow INFO:
	 [Node] Finished "sources", elapsed time 0.010896s.
250527-19:55:18,719 nipype.workflow INFO:
	 [Node] Finished "first_dilate", elapsed time 0.511598s.
250527-19:55:18,735 nipype.workflow INFO:
	 [Node] Finished "first_dilate", elapsed time 0.452692s.
250527-19:55:18,761 nipype.workflow INFO:
	 [Node] Executing "gen_ref" <niworkflows.interfaces.nibabel.GenerateSamplingReference>
250527-19:55:19,654 nipype.workflow INFO:
	 [Node] Finished "gen_ref", elapsed time 1.430311s.
250527-19:55:19,830 nipype.workflow INFO:
	 [Node] Finished "gen_ref", elapsed time 1.0678860000000001s.
250527-19:55:19,835 nipype.workflow INFO:
	 [Node] Setting-up "fmriprep_25_0_wf.sub_GEO013_wf.bold_ses_t2_task_image_run_3_wf.bold_fit_wf.enhance_and_skullstrip_bold_wf.first_dilate" in "/work/fmriprep_25_0_wf/sub_GEO013_wf/bold_ses_t2_task_image_run_3_wf/bold_fit_wf/enhance_and_skullstrip_bold_wf/first_dilate".
250527-19:55:19,837 nipype.workflow INFO:
	 [Node] Setting-up "fmriprep_25_0_wf.sub_GEO013_wf.bold_ses_t2_task_image_run_3_wf.bold_fit_wf.ds_boldreg_wf.sources" in "/work/fmriprep_25_0_wf/sub_GEO013_wf/bold_ses_t2_task_image_run_3_wf/bold_fit_wf/ds_boldreg_wf/sources".
250527-19:55:19,847 nipype.workflow INFO:
	 [Node] Setting-up "fmriprep_25_0_wf.sub_GEO013_wf.bold_ses_t2_task_image_run_3_wf.bold_std_wf.gen_ref" in "/work/fmriprep_25_0_wf/sub_GEO013_wf/bold_ses_t2_task_image_run_3_wf/bold_std_wf/_in_tuple_MNI152NLin2009cAsym.resnative/gen_ref".
250527-19:55:19,848 nipype.workflow INFO:
	 [Node] Setting-up "fmriprep_25_0_wf.sub_GEO013_wf.bold_ses_t2_task_image_run_4_wf.bold_fit_wf.enhance_and_skullstrip_bold_wf.first_dilate" in "/work/fmriprep_25_0_wf/sub_GEO013_wf/bold_ses_t2_task_image_run_4_wf/bold_fit_wf/enhance_and_skullstrip_bold_wf/first_dilate".
250527-19:55:19,848 nipype.workflow INFO:
	 [Node] Setting-up "fmriprep_25_0_wf.sub_GEO013_wf.bold_ses_t2_task_image_run_4_wf.bold_fit_wf.ds_boldreg_wf.sources" in "/work/fmriprep_25_0_wf/sub_GEO013_wf/bold_ses_t2_task_image_run_4_wf/bold_fit_wf/ds_boldreg_wf/sources".
250527-19:55:19,872 nipype.workflow INFO:
	 [Node] Setting-up "fmriprep_25_0_wf.sub_GEO013_wf.bold_ses_t2_task_image_run_4_wf.bold_std_wf.gen_ref" in "/work/fmriprep_25_0_wf/sub_GEO013_wf/bold_ses_t2_task_image_run_4_wf/bold_std_wf/_in_tuple_MNI152NLin2009cAsym.resnative/gen_ref".
250527-19:55:20,590 nipype.workflow INFO:
	 [Node] Executing "first_dilate" <niworkflows.interfaces.nibabel.BinaryDilation>
250527-19:55:20,721 nipype.workflow INFO:
	 [Node] Executing "sources" <fmriprep.interfaces.bids.BIDSURI>
250527-19:55:20,724 nipype.workflow INFO:
	 [Node] Finished "sources", elapsed time 0.000845s.
250527-19:55:20,741 nipype.workflow INFO:
	 [Node] Executing "gen_ref" <niworkflows.interfaces.nibabel.GenerateSamplingReference>
250527-19:55:20,752 nipype.workflow INFO:
	 [Node] Executing "sources" <fmriprep.interfaces.bids.BIDSURI>
250527-19:55:20,754 nipype.workflow INFO:
	 [Node] Finished "sources", elapsed time 0.000935s.
250527-19:55:20,788 nipype.workflow INFO:
	 [Node] Executing "gen_ref" <niworkflows.interfaces.nibabel.GenerateSamplingReference>
250527-19:55:20,801 nipype.workflow INFO:
	 [Node] Executing "first_dilate" <niworkflows.interfaces.nibabel.BinaryDilation>
250527-19:55:20,941 nipype.workflow INFO:
	 [Node] Finished "first_dilate", elapsed time 0.349321s.
250527-19:55:21,145 nipype.workflow INFO:
	 [Node] Finished "first_dilate", elapsed time 0.342112s.
250527-19:55:21,619 nipype.workflow INFO:
	 [Node] Finished "gen_ref", elapsed time 0.874476s.
250527-19:55:21,720 nipype.workflow INFO:
	 [Node] Finished "gen_ref", elapsed time 0.927188s.
250527-19:55:21,836 nipype.workflow INFO:
	 [Node] Setting-up "fmriprep_25_0_wf.sub_GEO013_wf.bold_ses_t2_task_image_run_5_wf.bold_fit_wf.enhance_and_skullstrip_bold_wf.first_dilate" in "/work/fmriprep_25_0_wf/sub_GEO013_wf/bold_ses_t2_task_image_run_5_wf/bold_fit_wf/enhance_and_skullstrip_bold_wf/first_dilate".
250527-19:55:21,838 nipype.workflow INFO:
	 [Node] Setting-up "fmriprep_25_0_wf.sub_GEO013_wf.bold_ses_t2_task_image_run_5_wf.bold_fit_wf.ds_boldreg_wf.sources" in "/work/fmriprep_25_0_wf/sub_GEO013_wf/bold_ses_t2_task_image_run_5_wf/bold_fit_wf/ds_boldreg_wf/sources".
250527-19:55:21,840 nipype.workflow INFO:
	 [Node] Setting-up "fmriprep_25_0_wf.sub_GEO013_wf.bold_ses_t2_task_image_run_5_wf.bold_std_wf.gen_ref" in "/work/fmriprep_25_0_wf/sub_GEO013_wf/bold_ses_t2_task_image_run_5_wf/bold_std_wf/_in_tuple_MNI152NLin2009cAsym.resnative/gen_ref".
250527-19:55:21,844 nipype.workflow INFO:
	 [Node] Setting-up "fmriprep_25_0_wf.sub_GEO013_wf.bold_ses_t3_task_image_run_1_wf.bold_fit_wf.enhance_and_skullstrip_bold_wf.first_dilate" in "/work/fmriprep_25_0_wf/sub_GEO013_wf/bold_ses_t3_task_image_run_1_wf/bold_fit_wf/enhance_and_skullstrip_bold_wf/first_dilate".
250527-19:55:22,474 nipype.workflow INFO:
	 [Node] Executing "first_dilate" <niworkflows.interfaces.nibabel.BinaryDilation>
250527-19:55:22,705 nipype.workflow INFO:
	 [Node] Executing "first_dilate" <niworkflows.interfaces.nibabel.BinaryDilation>
250527-19:55:22,814 nipype.workflow INFO:
	 [Node] Finished "first_dilate", elapsed time 0.338211s.
250527-19:55:22,836 nipype.workflow INFO:
	 [Node] Executing "gen_ref" <niworkflows.interfaces.nibabel.GenerateSamplingReference>
250527-19:55:22,879 nipype.workflow INFO:
	 [Node] Executing "sources" <fmriprep.interfaces.bids.BIDSURI>
250527-19:55:22,881 nipype.workflow INFO:
	 [Node] Finished "sources", elapsed time 0.000747s.
250527-19:55:23,276 nipype.workflow INFO:
	 [Node] Finished "first_dilate", elapsed time 0.56994s.
250527-19:55:23,773 nipype.workflow INFO:
	 [Node] Finished "gen_ref", elapsed time 0.934902s.
250527-19:55:23,896 nipype.workflow INFO:
	 [Node] Setting-up "fmriprep_25_0_wf.sub_GEO013_wf.bold_ses_t3_task_image_run_1_wf.bold_fit_wf.ds_boldreg_wf.sources" in "/work/fmriprep_25_0_wf/sub_GEO013_wf/bold_ses_t3_task_image_run_1_wf/bold_fit_wf/ds_boldreg_wf/sources".
250527-19:55:23,900 nipype.workflow INFO:
	 [Node] Setting-up "fmriprep_25_0_wf.sub_GEO013_wf.bold_ses_t3_task_image_run_1_wf.bold_std_wf.gen_ref" in "/work/fmriprep_25_0_wf/sub_GEO013_wf/bold_ses_t3_task_image_run_1_wf/bold_std_wf/_in_tuple_MNI152NLin2009cAsym.resnative/gen_ref".
250527-19:55:23,902 nipype.workflow INFO:
	 [Node] Setting-up "fmriprep_25_0_wf.sub_GEO013_wf.bold_ses_t3_task_image_run_2_wf.bold_fit_wf.enhance_and_skullstrip_bold_wf.first_dilate" in "/work/fmriprep_25_0_wf/sub_GEO013_wf/bold_ses_t3_task_image_run_2_wf/bold_fit_wf/enhance_and_skullstrip_bold_wf/first_dilate".
250527-19:55:23,903 nipype.workflow INFO:
	 [Node] Setting-up "fmriprep_25_0_wf.sub_GEO013_wf.bold_ses_t3_task_image_run_2_wf.bold_fit_wf.ds_boldreg_wf.sources" in "/work/fmriprep_25_0_wf/sub_GEO013_wf/bold_ses_t3_task_image_run_2_wf/bold_fit_wf/ds_boldreg_wf/sources".
250527-19:55:23,907 nipype.workflow INFO:
	 [Node] Setting-up "fmriprep_25_0_wf.sub_GEO013_wf.bold_ses_t3_task_image_run_2_wf.bold_std_wf.gen_ref" in "/work/fmriprep_25_0_wf/sub_GEO013_wf/bold_ses_t3_task_image_run_2_wf/bold_std_wf/_in_tuple_MNI152NLin2009cAsym.resnative/gen_ref".
250527-19:55:24,724 nipype.workflow INFO:
	 [Node] Executing "first_dilate" <niworkflows.interfaces.nibabel.BinaryDilation>
250527-19:55:24,840 nipype.workflow INFO:
	 [Node] Executing "gen_ref" <niworkflows.interfaces.nibabel.GenerateSamplingReference>
250527-19:55:24,840 nipype.workflow INFO:
	 [Node] Executing "gen_ref" <niworkflows.interfaces.nibabel.GenerateSamplingReference>
250527-19:55:24,962 nipype.workflow INFO:
	 [Node] Executing "sources" <fmriprep.interfaces.bids.BIDSURI>
250527-19:55:24,965 nipype.workflow INFO:
	 [Node] Finished "sources", elapsed time 0.000751s.
250527-19:55:25,41 nipype.workflow INFO:
	 [Node] Finished "first_dilate", elapsed time 0.315211s.
250527-19:55:25,101 nipype.workflow INFO:
	 [Node] Executing "sources" <fmriprep.interfaces.bids.BIDSURI>
250527-19:55:25,104 nipype.workflow INFO:
	 [Node] Finished "sources", elapsed time 0.000819s.
250527-19:55:25,607 nipype.workflow INFO:
	 [Node] Finished "gen_ref", elapsed time 0.765668s.
250527-19:55:25,708 nipype.workflow INFO:
	 [Node] Finished "gen_ref", elapsed time 0.86605s.
250527-19:55:25,920 nipype.workflow INFO:
	 [Node] Setting-up "fmriprep_25_0_wf.sub_GEO013_wf.bold_ses_t3_task_image_run_3_wf.bold_fit_wf.enhance_and_skullstrip_bold_wf.first_dilate" in "/work/fmriprep_25_0_wf/sub_GEO013_wf/bold_ses_t3_task_image_run_3_wf/bold_fit_wf/enhance_and_skullstrip_bold_wf/first_dilate".
250527-19:55:25,921 nipype.workflow INFO:
	 [Node] Setting-up "fmriprep_25_0_wf.sub_GEO013_wf.bold_ses_t3_task_image_run_3_wf.bold_fit_wf.ds_boldreg_wf.sources" in "/work/fmriprep_25_0_wf/sub_GEO013_wf/bold_ses_t3_task_image_run_3_wf/bold_fit_wf/ds_boldreg_wf/sources".
250527-19:55:25,922 nipype.workflow INFO:
	 [Node] Setting-up "fmriprep_25_0_wf.sub_GEO013_wf.bold_ses_t3_task_image_run_3_wf.bold_std_wf.gen_ref" in "/work/fmriprep_25_0_wf/sub_GEO013_wf/bold_ses_t3_task_image_run_3_wf/bold_std_wf/_in_tuple_MNI152NLin2009cAsym.resnative/gen_ref".
250527-19:55:25,924 nipype.workflow INFO:
	 [Node] Setting-up "fmriprep_25_0_wf.sub_GEO013_wf.bold_ses_t3_task_image_run_4_wf.bold_fit_wf.enhance_and_skullstrip_bold_wf.first_dilate" in "/work/fmriprep_25_0_wf/sub_GEO013_wf/bold_ses_t3_task_image_run_4_wf/bold_fit_wf/enhance_and_skullstrip_bold_wf/first_dilate".
250527-19:55:25,925 nipype.workflow INFO:
	 [Node] Setting-up "fmriprep_25_0_wf.sub_GEO013_wf.bold_ses_t3_task_image_run_4_wf.bold_fit_wf.ds_boldreg_wf.sources" in "/work/fmriprep_25_0_wf/sub_GEO013_wf/bold_ses_t3_task_image_run_4_wf/bold_fit_wf/ds_boldreg_wf/sources".
250527-19:55:26,650 nipype.workflow INFO:
	 [Node] Executing "first_dilate" <niworkflows.interfaces.nibabel.BinaryDilation>
250527-19:55:26,689 nipype.workflow INFO:
	 [Node] Executing "sources" <fmriprep.interfaces.bids.BIDSURI>
250527-19:55:26,691 nipype.workflow INFO:
	 [Node] Finished "sources", elapsed time 0.000801s.
250527-19:55:27,104 nipype.workflow INFO:
	 [Node] Finished "first_dilate", elapsed time 0.452363s.
250527-19:55:27,125 nipype.workflow INFO:
	 [Node] Executing "sources" <fmriprep.interfaces.bids.BIDSURI>
250527-19:55:27,127 nipype.workflow INFO:
	 [Node] Finished "sources", elapsed time 0.000705s.
250527-19:55:27,166 nipype.workflow INFO:
	 [Node] Executing "gen_ref" <niworkflows.interfaces.nibabel.GenerateSamplingReference>
250527-19:55:27,185 nipype.workflow INFO:
	 [Node] Executing "first_dilate" <niworkflows.interfaces.nibabel.BinaryDilation>
250527-19:55:27,676 nipype.workflow INFO:
	 [Node] Finished "first_dilate", elapsed time 0.487579s.
250527-19:55:27,933 nipype.workflow INFO:
	 [Node] Setting-up "fmriprep_25_0_wf.sub_GEO013_wf.bold_ses_t3_task_image_run_4_wf.bold_std_wf.gen_ref" in "/work/fmriprep_25_0_wf/sub_GEO013_wf/bold_ses_t3_task_image_run_4_wf/bold_std_wf/_in_tuple_MNI152NLin2009cAsym.resnative/gen_ref".
250527-19:55:27,937 nipype.workflow INFO:
	 [Node] Setting-up "fmriprep_25_0_wf.sub_GEO013_wf.bold_ses_t3_task_image_run_5_wf.bold_fit_wf.enhance_and_skullstrip_bold_wf.first_dilate" in "/work/fmriprep_25_0_wf/sub_GEO013_wf/bold_ses_t3_task_image_run_5_wf/bold_fit_wf/enhance_and_skullstrip_bold_wf/first_dilate".
250527-19:55:27,946 nipype.workflow INFO:
	 [Node] Setting-up "fmriprep_25_0_wf.sub_GEO013_wf.bold_ses_t3_task_image_run_5_wf.bold_fit_wf.ds_boldreg_wf.sources" in "/work/fmriprep_25_0_wf/sub_GEO013_wf/bold_ses_t3_task_image_run_5_wf/bold_fit_wf/ds_boldreg_wf/sources".
250527-19:55:27,956 nipype.workflow INFO:
	 [Node] Setting-up "fmriprep_25_0_wf.sub_GEO013_wf.bold_ses_t3_task_image_run_5_wf.bold_std_wf.gen_ref" in "/work/fmriprep_25_0_wf/sub_GEO013_wf/bold_ses_t3_task_image_run_5_wf/bold_std_wf/_in_tuple_MNI152NLin2009cAsym.resnative/gen_ref".
250527-19:55:27,958 nipype.workflow INFO:
	 [Node] Setting-up "fmriprep_25_0_wf.sub_GEO013_wf.bold_ses_t3_task_retrans_run_1_wf.bold_fit_wf.enhance_and_skullstrip_bold_wf.first_dilate" in "/work/fmriprep_25_0_wf/sub_GEO013_wf/bold_ses_t3_task_retrans_run_1_wf/bold_fit_wf/enhance_and_skullstrip_bold_wf/first_dilate".
250527-19:55:27,961 nipype.workflow INFO:
	 [Node] Setting-up "fmriprep_25_0_wf.sub_GEO013_wf.bold_ses_t3_task_retrans_run_1_wf.bold_fit_wf.ds_boldreg_wf.sources" in "/work/fmriprep_25_0_wf/sub_GEO013_wf/bold_ses_t3_task_retrans_run_1_wf/bold_fit_wf/ds_boldreg_wf/sources".
250527-19:55:27,970 nipype.workflow INFO:
	 [Node] Finished "gen_ref", elapsed time 0.803444s.
250527-19:55:28,970 nipype.workflow INFO:
	 [Node] Executing "first_dilate" <niworkflows.interfaces.nibabel.BinaryDilation>
250527-19:55:29,65 nipype.workflow INFO:
	 [Node] Executing "first_dilate" <niworkflows.interfaces.nibabel.BinaryDilation>
250527-19:55:29,94 nipype.workflow INFO:
	 [Node] Executing "gen_ref" <niworkflows.interfaces.nibabel.GenerateSamplingReference>
250527-19:55:29,198 nipype.workflow INFO:
	 [Node] Executing "sources" <fmriprep.interfaces.bids.BIDSURI>
250527-19:55:29,203 nipype.workflow INFO:
	 [Node] Finished "sources", elapsed time 0.003018s.
250527-19:55:29,235 nipype.workflow INFO:
	 [Node] Executing "sources" <fmriprep.interfaces.bids.BIDSURI>
250527-19:55:29,238 nipype.workflow INFO:
	 [Node] Finished "sources", elapsed time 0.001433s.
250527-19:55:29,323 nipype.workflow INFO:
	 [Node] Executing "gen_ref" <niworkflows.interfaces.nibabel.GenerateSamplingReference>
250527-19:55:29,340 nipype.workflow INFO:
	 [Node] Finished "first_dilate", elapsed time 0.36822s.
250527-19:55:29,434 nipype.workflow INFO:
	 [Node] Finished "first_dilate", elapsed time 0.366911s.
250527-19:55:29,929 nipype.workflow INFO:
	 [Node] Setting-up "fmriprep_25_0_wf.sub_GEO013_wf.bold_ses_t3_task_retrans_run_1_wf.bold_std_wf.gen_ref" in "/work/fmriprep_25_0_wf/sub_GEO013_wf/bold_ses_t3_task_retrans_run_1_wf/bold_std_wf/_in_tuple_MNI152NLin2009cAsym.resnative/gen_ref".
250527-19:55:29,930 nipype.workflow INFO:
	 [Node] Setting-up "fmriprep_25_0_wf.sub_GEO013_wf.bold_ses_t2_task_image_run_1_wf.bold_fit_wf.enhance_and_skullstrip_bold_wf.first_mask" in "/work/fmriprep_25_0_wf/sub_GEO013_wf/bold_ses_t2_task_image_run_1_wf/bold_fit_wf/enhance_and_skullstrip_bold_wf/first_mask".
250527-19:55:29,939 nipype.workflow INFO:
	 [Node] Finished "gen_ref", elapsed time 0.843277s.
250527-19:55:30,259 nipype.workflow INFO:
	 [Node] Finished "gen_ref", elapsed time 0.923019s.
250527-19:55:30,845 nipype.workflow INFO:
	 [Node] Executing "first_mask" <niworkflows.interfaces.nibabel.ApplyMask>
250527-19:55:30,936 nipype.workflow INFO:
	 [Node] Finished "first_mask", elapsed time 0.08905s.
250527-19:55:31,460 nipype.workflow INFO:
	 [Node] Executing "gen_ref" <niworkflows.interfaces.nibabel.GenerateSamplingReference>
250527-19:55:31,939 nipype.workflow INFO:
	 [Node] Setting-up "fmriprep_25_0_wf.sub_GEO013_wf.bold_ses_t2_task_image_run_1_wf.bold_native_wf.boldref_bold" in "/work/fmriprep_25_0_wf/sub_GEO013_wf/bold_ses_t2_task_image_run_1_wf/bold_native_wf/boldref_bold".
250527-19:55:32,249 nipype.workflow INFO:
	 [Node] Finished "gen_ref", elapsed time 0.788106s.
250527-19:55:32,999 nipype.workflow INFO:
	 [Node] Executing "boldref_bold" <fmriprep.interfaces.resampling.ResampleSeries>
250527-19:55:33,915 nipype.workflow INFO:
	 [Node] Setting-up "fmriprep_25_0_wf.sub_GEO013_wf.bold_ses_t2_task_image_run_2_wf.bold_fit_wf.enhance_and_skullstrip_bold_wf.first_mask" in "/work/fmriprep_25_0_wf/sub_GEO013_wf/bold_ses_t2_task_image_run_2_wf/bold_fit_wf/enhance_and_skullstrip_bold_wf/first_mask".
250527-19:55:34,393 nipype.workflow INFO:
	 [Node] Executing "first_mask" <niworkflows.interfaces.nibabel.ApplyMask>
250527-19:55:34,536 nipype.workflow INFO:
	 [Node] Finished "first_mask", elapsed time 0.141536s.
250527-19:55:35,939 nipype.workflow INFO:
	 [Node] Setting-up "fmriprep_25_0_wf.sub_GEO013_wf.bold_ses_t2_task_image_run_3_wf.bold_fit_wf.enhance_and_skullstrip_bold_wf.first_mask" in "/work/fmriprep_25_0_wf/sub_GEO013_wf/bold_ses_t2_task_image_run_3_wf/bold_fit_wf/enhance_and_skullstrip_bold_wf/first_mask".
250527-19:55:36,819 nipype.workflow INFO:
	 [Node] Executing "first_mask" <niworkflows.interfaces.nibabel.ApplyMask>
250527-19:55:37,47 nipype.workflow INFO:
	 [Node] Finished "first_mask", elapsed time 0.218917s.
250527-19:55:39,949 nipype.workflow INFO:
	 [Node] Setting-up "fmriprep_25_0_wf.sub_GEO013_wf.bold_ses_t2_task_image_run_4_wf.bold_fit_wf.enhance_and_skullstrip_bold_wf.first_mask" in "/work/fmriprep_25_0_wf/sub_GEO013_wf/bold_ses_t2_task_image_run_4_wf/bold_fit_wf/enhance_and_skullstrip_bold_wf/first_mask".
250527-19:55:40,826 nipype.workflow INFO:
	 [Node] Executing "first_mask" <niworkflows.interfaces.nibabel.ApplyMask>
250527-19:55:41,79 nipype.workflow INFO:
	 [Node] Finished "first_mask", elapsed time 0.252018s.
250527-19:55:43,946 nipype.workflow INFO:
	 [Node] Setting-up "fmriprep_25_0_wf.sub_GEO013_wf.bold_ses_t2_task_image_run_5_wf.bold_fit_wf.enhance_and_skullstrip_bold_wf.first_mask" in "/work/fmriprep_25_0_wf/sub_GEO013_wf/bold_ses_t2_task_image_run_5_wf/bold_fit_wf/enhance_and_skullstrip_bold_wf/first_mask".
250527-19:55:44,289 nipype.workflow INFO:
	 [Node] Executing "first_mask" <niworkflows.interfaces.nibabel.ApplyMask>
250527-19:55:44,502 nipype.workflow INFO:
	 [Node] Finished "first_mask", elapsed time 0.211874s.
250527-19:55:45,832 nipype.workflow INFO:
	 [Node] Setting-up "fmriprep_25_0_wf.sub_GEO013_wf.bold_ses_t3_task_image_run_1_wf.bold_fit_wf.enhance_and_skullstrip_bold_wf.first_mask" in "/work/fmriprep_25_0_wf/sub_GEO013_wf/bold_ses_t3_task_image_run_1_wf/bold_fit_wf/enhance_and_skullstrip_bold_wf/first_mask".
250527-19:55:47,367 nipype.workflow INFO:
	 [Node] Executing "first_mask" <niworkflows.interfaces.nibabel.ApplyMask>
250527-19:55:47,504 nipype.workflow INFO:
	 [Node] Finished "first_mask", elapsed time 0.134616s.
250527-19:55:49,893 nipype.workflow INFO:
	 [Node] Setting-up "fmriprep_25_0_wf.sub_GEO013_wf.bold_ses_t3_task_image_run_2_wf.bold_fit_wf.enhance_and_skullstrip_bold_wf.first_mask" in "/work/fmriprep_25_0_wf/sub_GEO013_wf/bold_ses_t3_task_image_run_2_wf/bold_fit_wf/enhance_and_skullstrip_bold_wf/first_mask".
250527-19:55:50,732 nipype.workflow INFO:
	 [Node] Executing "first_mask" <niworkflows.interfaces.nibabel.ApplyMask>
250527-19:55:50,919 nipype.workflow INFO:
	 [Node] Finished "first_mask", elapsed time 0.185499s.
250527-19:55:51,920 nipype.workflow INFO:
	 [Node] Setting-up "fmriprep_25_0_wf.sub_GEO013_wf.bold_ses_t3_task_image_run_3_wf.bold_fit_wf.enhance_and_skullstrip_bold_wf.first_mask" in "/work/fmriprep_25_0_wf/sub_GEO013_wf/bold_ses_t3_task_image_run_3_wf/bold_fit_wf/enhance_and_skullstrip_bold_wf/first_mask".
250527-19:55:53,585 nipype.workflow INFO:
	 [Node] Executing "first_mask" <niworkflows.interfaces.nibabel.ApplyMask>
250527-19:55:53,779 nipype.workflow INFO:
	 [Node] Finished "first_mask", elapsed time 0.19301s.
250527-19:55:55,944 nipype.workflow INFO:
	 [Node] Setting-up "fmriprep_25_0_wf.sub_GEO013_wf.bold_ses_t3_task_image_run_4_wf.bold_fit_wf.enhance_and_skullstrip_bold_wf.first_mask" in "/work/fmriprep_25_0_wf/sub_GEO013_wf/bold_ses_t3_task_image_run_4_wf/bold_fit_wf/enhance_and_skullstrip_bold_wf/first_mask".
250527-19:55:56,742 nipype.workflow INFO:
	 [Node] Executing "first_mask" <niworkflows.interfaces.nibabel.ApplyMask>
250527-19:55:57,3 nipype.workflow INFO:
	 [Node] Finished "first_mask", elapsed time 0.25941s.
250527-19:55:57,895 nipype.workflow INFO:
	 [Node] Setting-up "fmriprep_25_0_wf.sub_GEO013_wf.bold_ses_t3_task_image_run_5_wf.bold_fit_wf.enhance_and_skullstrip_bold_wf.first_mask" in "/work/fmriprep_25_0_wf/sub_GEO013_wf/bold_ses_t3_task_image_run_5_wf/bold_fit_wf/enhance_and_skullstrip_bold_wf/first_mask".
250527-19:55:58,809 nipype.workflow INFO:
	 [Node] Executing "first_mask" <niworkflows.interfaces.nibabel.ApplyMask>
250527-19:55:59,78 nipype.workflow INFO:
	 [Node] Finished "first_mask", elapsed time 0.263528s.
250527-19:56:01,921 nipype.workflow INFO:
	 [Node] Setting-up "fmriprep_25_0_wf.sub_GEO013_wf.bold_ses_t3_task_retrans_run_1_wf.bold_fit_wf.enhance_and_skullstrip_bold_wf.first_mask" in "/work/fmriprep_25_0_wf/sub_GEO013_wf/bold_ses_t3_task_retrans_run_1_wf/bold_fit_wf/enhance_and_skullstrip_bold_wf/first_mask".
250527-19:56:03,40 nipype.workflow INFO:
	 [Node] Executing "first_mask" <niworkflows.interfaces.nibabel.ApplyMask>
250527-19:56:03,246 nipype.workflow INFO:
	 [Node] Finished "first_mask", elapsed time 0.205139s.
250527-19:56:05,945 nipype.workflow INFO:
	 [Node] Setting-up "fmriprep_25_0_wf.sub_GEO013_wf.bold_ses_t2_task_image_run_1_wf.bold_fit_wf.enhance_and_skullstrip_bold_wf.unifize" in "/work/fmriprep_25_0_wf/sub_GEO013_wf/bold_ses_t2_task_image_run_1_wf/bold_fit_wf/enhance_and_skullstrip_bold_wf/unifize".
250527-19:56:07,133 nipype.workflow INFO:
	 [Node] Executing "unifize" <nipype.interfaces.afni.utils.Unifize>
250527-19:56:14,637 nipype.workflow INFO:
	 [Node] Finished "boldref_bold", elapsed time 41.635009s.
250527-19:56:15,905 nipype.workflow INFO:
	 [Node] Setting-up "fmriprep_25_0_wf.sub_GEO013_wf.bold_ses_t2_task_image_run_2_wf.bold_native_wf.boldref_bold" in "/work/fmriprep_25_0_wf/sub_GEO013_wf/bold_ses_t2_task_image_run_2_wf/bold_native_wf/boldref_bold".
250527-19:56:16,709 nipype.workflow INFO:
	 [Node] Executing "boldref_bold" <fmriprep.interfaces.resampling.ResampleSeries>
250527-19:56:57,294 nipype.workflow INFO:
	 [Node] Finished "boldref_bold", elapsed time 40.579997s.
250527-19:56:59,957 nipype.workflow INFO:
	 [Node] Setting-up "fmriprep_25_0_wf.sub_GEO013_wf.bold_ses_t2_task_image_run_3_wf.bold_native_wf.boldref_bold" in "/work/fmriprep_25_0_wf/sub_GEO013_wf/bold_ses_t2_task_image_run_3_wf/bold_native_wf/boldref_bold".
250527-19:57:01,190 nipype.workflow INFO:
	 [Node] Executing "boldref_bold" <fmriprep.interfaces.resampling.ResampleSeries>
250527-19:57:39,436 nipype.workflow INFO:
	 [Node] Finished "boldref_bold", elapsed time 38.244039s.
250527-19:57:41,888 nipype.workflow INFO:
	 [Node] Setting-up "fmriprep_25_0_wf.sub_GEO013_wf.bold_ses_t2_task_image_run_4_wf.bold_native_wf.boldref_bold" in "/work/fmriprep_25_0_wf/sub_GEO013_wf/bold_ses_t2_task_image_run_4_wf/bold_native_wf/boldref_bold".
250527-19:57:43,140 nipype.workflow INFO:
	 [Node] Executing "boldref_bold" <fmriprep.interfaces.resampling.ResampleSeries>
250527-19:58:20,975 nipype.workflow INFO:
	 [Node] Finished "boldref_bold", elapsed time 37.830608s.
250527-19:58:21,997 nipype.workflow INFO:
	 [Node] Setting-up "fmriprep_25_0_wf.sub_GEO013_wf.bold_ses_t2_task_image_run_5_wf.bold_native_wf.boldref_bold" in "/work/fmriprep_25_0_wf/sub_GEO013_wf/bold_ses_t2_task_image_run_5_wf/bold_native_wf/boldref_bold".
250527-19:58:23,47 nipype.workflow INFO:
	 [Node] Executing "boldref_bold" <fmriprep.interfaces.resampling.ResampleSeries>
250527-19:59:03,698 nipype.workflow INFO:
	 [Node] Finished "boldref_bold", elapsed time 40.649831s.
250527-19:59:06,20 nipype.workflow INFO:
	 [Node] Setting-up "fmriprep_25_0_wf.sub_GEO013_wf.bold_ses_t3_task_image_run_1_wf.bold_native_wf.boldref_bold" in "/work/fmriprep_25_0_wf/sub_GEO013_wf/bold_ses_t3_task_image_run_1_wf/bold_native_wf/boldref_bold".
250527-19:59:07,84 nipype.workflow INFO:
	 [Node] Executing "boldref_bold" <fmriprep.interfaces.resampling.ResampleSeries>
250527-19:59:36,736 nipype.workflow INFO:
	 [Node] Finished "unifize", elapsed time 209.601967s.
250527-19:59:40,48 nipype.workflow INFO:
	 [Node] Setting-up "fmriprep_25_0_wf.sub_GEO013_wf.bold_ses_t2_task_image_run_2_wf.bold_fit_wf.enhance_and_skullstrip_bold_wf.unifize" in "/work/fmriprep_25_0_wf/sub_GEO013_wf/bold_ses_t2_task_image_run_2_wf/bold_fit_wf/enhance_and_skullstrip_bold_wf/unifize".
250527-19:59:41,605 nipype.workflow INFO:
	 [Node] Executing "unifize" <nipype.interfaces.afni.utils.Unifize>
250527-19:59:46,843 nipype.workflow INFO:
	 [Node] Finished "boldref_bold", elapsed time 39.757585s.
250527-19:59:48,27 nipype.workflow INFO:
	 [Node] Setting-up "fmriprep_25_0_wf.sub_GEO013_wf.bold_ses_t3_task_image_run_2_wf.bold_native_wf.boldref_bold" in "/work/fmriprep_25_0_wf/sub_GEO013_wf/bold_ses_t3_task_image_run_2_wf/bold_native_wf/boldref_bold".
250527-19:59:49,368 nipype.workflow INFO:
	 [Node] Executing "boldref_bold" <fmriprep.interfaces.resampling.ResampleSeries>
250527-20:00:27,681 nipype.workflow INFO:
	 [Node] Finished "boldref_bold", elapsed time 38.287546s.
250527-20:00:29,955 nipype.workflow INFO:
	 [Node] Setting-up "fmriprep_25_0_wf.sub_GEO013_wf.bold_ses_t3_task_image_run_3_wf.bold_native_wf.boldref_bold" in "/work/fmriprep_25_0_wf/sub_GEO013_wf/bold_ses_t3_task_image_run_3_wf/bold_native_wf/boldref_bold".
250527-20:00:31,442 nipype.workflow INFO:
	 [Node] Executing "boldref_bold" <fmriprep.interfaces.resampling.ResampleSeries>
250527-20:01:10,171 nipype.workflow INFO:
	 [Node] Finished "boldref_bold", elapsed time 38.71873s.
250527-20:01:12,66 nipype.workflow INFO:
	 [Node] Setting-up "fmriprep_25_0_wf.sub_GEO013_wf.bold_ses_t3_task_image_run_4_wf.bold_native_wf.boldref_bold" in "/work/fmriprep_25_0_wf/sub_GEO013_wf/bold_ses_t3_task_image_run_4_wf/bold_native_wf/boldref_bold".
250527-20:01:13,385 nipype.workflow INFO:
	 [Node] Executing "boldref_bold" <fmriprep.interfaces.resampling.ResampleSeries>
250527-20:01:50,910 nipype.workflow INFO:
	 [Node] Finished "boldref_bold", elapsed time 37.523809s.
250527-20:01:54,69 nipype.workflow INFO:
	 [Node] Setting-up "fmriprep_25_0_wf.sub_GEO013_wf.bold_ses_t3_task_image_run_5_wf.bold_native_wf.boldref_bold" in "/work/fmriprep_25_0_wf/sub_GEO013_wf/bold_ses_t3_task_image_run_5_wf/bold_native_wf/boldref_bold".
250527-20:01:57,168 nipype.workflow INFO:
	 [Node] Executing "boldref_bold" <fmriprep.interfaces.resampling.ResampleSeries>
250527-20:02:37,970 nipype.workflow INFO:
	 [Node] Finished "boldref_bold", elapsed time 40.792444s.
250527-20:02:40,9 nipype.workflow INFO:
	 [Node] Setting-up "fmriprep_25_0_wf.sub_GEO013_wf.bold_ses_t3_task_retrans_run_1_wf.bold_native_wf.boldref_bold" in "/work/fmriprep_25_0_wf/sub_GEO013_wf/bold_ses_t3_task_retrans_run_1_wf/bold_native_wf/boldref_bold".
250527-20:02:42,226 nipype.workflow INFO:
	 [Node] Executing "boldref_bold" <fmriprep.interfaces.resampling.ResampleSeries>
250527-20:03:11,31 nipype.workflow INFO:
	 [Node] Finished "unifize", elapsed time 209.424357s.
250527-20:03:14,94 nipype.workflow INFO:
	 [Node] Setting-up "fmriprep_25_0_wf.sub_GEO013_wf.bold_ses_t2_task_image_run_3_wf.bold_fit_wf.enhance_and_skullstrip_bold_wf.unifize" in "/work/fmriprep_25_0_wf/sub_GEO013_wf/bold_ses_t2_task_image_run_3_wf/bold_fit_wf/enhance_and_skullstrip_bold_wf/unifize".
250527-20:03:16,775 nipype.workflow INFO:
	 [Node] Executing "unifize" <nipype.interfaces.afni.utils.Unifize>
250527-20:03:28,361 nipype.workflow INFO:
	 [Node] Finished "boldref_bold", elapsed time 46.132756s.
250527-20:03:30,91 nipype.workflow INFO:
	 [Node] Setting-up "fmriprep_25_0_wf.sub_GEO013_wf.bold_ses_t2_task_image_run_4_wf.bold_fit_wf.enhance_and_skullstrip_bold_wf.unifize" in "/work/fmriprep_25_0_wf/sub_GEO013_wf/bold_ses_t2_task_image_run_4_wf/bold_fit_wf/enhance_and_skullstrip_bold_wf/unifize".
250527-20:03:30,107 nipype.workflow INFO:
	 [Node] Setting-up "fmriprep_25_0_wf.sub_GEO013_wf.bold_ses_t2_task_image_run_5_wf.bold_fit_wf.enhance_and_skullstrip_bold_wf.unifize" in "/work/fmriprep_25_0_wf/sub_GEO013_wf/bold_ses_t2_task_image_run_5_wf/bold_fit_wf/enhance_and_skullstrip_bold_wf/unifize".
250527-20:03:30,128 nipype.workflow INFO:
	 [Node] Setting-up "fmriprep_25_0_wf.sub_GEO013_wf.bold_ses_t3_task_image_run_1_wf.bold_fit_wf.enhance_and_skullstrip_bold_wf.unifize" in "/work/fmriprep_25_0_wf/sub_GEO013_wf/bold_ses_t3_task_image_run_1_wf/bold_fit_wf/enhance_and_skullstrip_bold_wf/unifize".
250527-20:03:30,141 nipype.workflow INFO:
	 [Node] Setting-up "fmriprep_25_0_wf.sub_GEO013_wf.bold_ses_t3_task_image_run_2_wf.bold_fit_wf.enhance_and_skullstrip_bold_wf.unifize" in "/work/fmriprep_25_0_wf/sub_GEO013_wf/bold_ses_t3_task_image_run_2_wf/bold_fit_wf/enhance_and_skullstrip_bold_wf/unifize".
250527-20:03:30,160 nipype.workflow INFO:
	 [Node] Setting-up "fmriprep_25_0_wf.sub_GEO013_wf.bold_ses_t3_task_image_run_3_wf.bold_fit_wf.enhance_and_skullstrip_bold_wf.unifize" in "/work/fmriprep_25_0_wf/sub_GEO013_wf/bold_ses_t3_task_image_run_3_wf/bold_fit_wf/enhance_and_skullstrip_bold_wf/unifize".
250527-20:03:30,180 nipype.workflow INFO:
	 [Node] Setting-up "fmriprep_25_0_wf.sub_GEO013_wf.bold_ses_t3_task_image_run_4_wf.bold_fit_wf.enhance_and_skullstrip_bold_wf.unifize" in "/work/fmriprep_25_0_wf/sub_GEO013_wf/bold_ses_t3_task_image_run_4_wf/bold_fit_wf/enhance_and_skullstrip_bold_wf/unifize".
250527-20:03:30,198 nipype.workflow INFO:
	 [Node] Setting-up "fmriprep_25_0_wf.sub_GEO013_wf.bold_ses_t3_task_image_run_5_wf.bold_fit_wf.enhance_and_skullstrip_bold_wf.unifize" in "/work/fmriprep_25_0_wf/sub_GEO013_wf/bold_ses_t3_task_image_run_5_wf/bold_fit_wf/enhance_and_skullstrip_bold_wf/unifize".
250527-20:03:31,652 nipype.workflow INFO:
	 [Node] Executing "unifize" <nipype.interfaces.afni.utils.Unifize>
250527-20:03:31,659 nipype.workflow INFO:
	 [Node] Executing "unifize" <nipype.interfaces.afni.utils.Unifize>
250527-20:03:31,965 nipype.workflow INFO:
	 [Node] Executing "unifize" <nipype.interfaces.afni.utils.Unifize>
250527-20:03:31,979 nipype.workflow INFO:
	 [Node] Executing "unifize" <nipype.interfaces.afni.utils.Unifize>
250527-20:03:31,990 nipype.workflow INFO:
	 [Node] Executing "unifize" <nipype.interfaces.afni.utils.Unifize>
250527-20:03:32,44 nipype.workflow INFO:
	 [Node] Executing "unifize" <nipype.interfaces.afni.utils.Unifize>
250527-20:03:32,98 nipype.workflow INFO:
	 [Node] Executing "unifize" <nipype.interfaces.afni.utils.Unifize>
250527-20:06:46,748 nipype.workflow INFO:
	 [Node] Finished "unifize", elapsed time 209.972325s.
250527-20:06:48,332 nipype.workflow INFO:
	 [Node] Setting-up "fmriprep_25_0_wf.sub_GEO013_wf.bold_ses_t3_task_retrans_run_1_wf.bold_fit_wf.enhance_and_skullstrip_bold_wf.unifize" in "/work/fmriprep_25_0_wf/sub_GEO013_wf/bold_ses_t3_task_retrans_run_1_wf/bold_fit_wf/enhance_and_skullstrip_bold_wf/unifize".
250527-20:06:50,643 nipype.workflow INFO:
	 [Node] Executing "unifize" <nipype.interfaces.afni.utils.Unifize>
250527-20:07:01,261 nipype.workflow INFO:
	 [Node] Finished "unifize", elapsed time 209.281482s.
250527-20:07:01,784 nipype.workflow INFO:
	 [Node] Finished "unifize", elapsed time 210.125058s.
250527-20:07:01,865 nipype.workflow INFO:
	 [Node] Finished "unifize", elapsed time 209.820187s.
250527-20:07:02,239 nipype.workflow INFO:
	 [Node] Finished "unifize", elapsed time 210.24818s.
250527-20:07:03,212 nipype.workflow INFO:
	 [Node] Finished "unifize", elapsed time 211.246849s.
250527-20:07:03,359 nipype.workflow INFO:
	 [Node] Finished "unifize", elapsed time 211.706396s.
250527-20:07:04,345 nipype.workflow INFO:
	 [Node] Setting-up "fmriprep_25_0_wf.sub_GEO013_wf.bold_ses_t2_task_image_run_1_wf.bold_fit_wf.enhance_and_skullstrip_bold_wf.fixhdr_unifize" in "/work/fmriprep_25_0_wf/sub_GEO013_wf/bold_ses_t2_task_image_run_1_wf/bold_fit_wf/enhance_and_skullstrip_bold_wf/fixhdr_unifize".
250527-20:07:04,355 nipype.workflow INFO:
	 [Node] Setting-up "fmriprep_25_0_wf.sub_GEO013_wf.bold_ses_t2_task_image_run_2_wf.bold_fit_wf.enhance_and_skullstrip_bold_wf.fixhdr_unifize" in "/work/fmriprep_25_0_wf/sub_GEO013_wf/bold_ses_t2_task_image_run_2_wf/bold_fit_wf/enhance_and_skullstrip_bold_wf/fixhdr_unifize".
250527-20:07:04,356 nipype.workflow INFO:
	 [Node] Setting-up "fmriprep_25_0_wf.sub_GEO013_wf.bold_ses_t2_task_image_run_3_wf.bold_fit_wf.enhance_and_skullstrip_bold_wf.fixhdr_unifize" in "/work/fmriprep_25_0_wf/sub_GEO013_wf/bold_ses_t2_task_image_run_3_wf/bold_fit_wf/enhance_and_skullstrip_bold_wf/fixhdr_unifize".
250527-20:07:05,819 nipype.workflow INFO:
	 [Node] Finished "unifize", elapsed time 213.720463s.
250527-20:07:06,105 nipype.workflow INFO:
	 [Node] Executing "fixhdr_unifize" <niworkflows.interfaces.header.CopyXForm>
250527-20:07:06,304 nipype.workflow INFO:
	 [Node] Setting-up "fmriprep_25_0_wf.sub_GEO013_wf.bold_ses_t2_task_image_run_4_wf.bold_fit_wf.enhance_and_skullstrip_bold_wf.fixhdr_unifize" in "/work/fmriprep_25_0_wf/sub_GEO013_wf/bold_ses_t2_task_image_run_4_wf/bold_fit_wf/enhance_and_skullstrip_bold_wf/fixhdr_unifize".
250527-20:07:06,307 nipype.workflow INFO:
	 [Node] Setting-up "fmriprep_25_0_wf.sub_GEO013_wf.bold_ses_t2_task_image_run_5_wf.bold_fit_wf.enhance_and_skullstrip_bold_wf.fixhdr_unifize" in "/work/fmriprep_25_0_wf/sub_GEO013_wf/bold_ses_t2_task_image_run_5_wf/bold_fit_wf/enhance_and_skullstrip_bold_wf/fixhdr_unifize".
250527-20:07:06,309 nipype.workflow INFO:
	 [Node] Setting-up "fmriprep_25_0_wf.sub_GEO013_wf.bold_ses_t3_task_image_run_2_wf.bold_fit_wf.enhance_and_skullstrip_bold_wf.fixhdr_unifize" in "/work/fmriprep_25_0_wf/sub_GEO013_wf/bold_ses_t3_task_image_run_2_wf/bold_fit_wf/enhance_and_skullstrip_bold_wf/fixhdr_unifize".
250527-20:07:07,14 nipype.workflow INFO:
	 [Node] Executing "fixhdr_unifize" <niworkflows.interfaces.header.CopyXForm>
250527-20:07:07,42 nipype.workflow INFO:
	 [Node] Finished "fixhdr_unifize", elapsed time 0.935715s.
250527-20:07:08,114 nipype.workflow INFO:
	 [Node] Finished "fixhdr_unifize", elapsed time 1.098055s.
250527-20:07:08,305 nipype.workflow INFO:
	 [Node] Setting-up "fmriprep_25_0_wf.sub_GEO013_wf.bold_ses_t3_task_image_run_1_wf.bold_fit_wf.enhance_and_skullstrip_bold_wf.fixhdr_unifize" in "/work/fmriprep_25_0_wf/sub_GEO013_wf/bold_ses_t3_task_image_run_1_wf/bold_fit_wf/enhance_and_skullstrip_bold_wf/fixhdr_unifize".
250527-20:07:08,588 nipype.workflow INFO:
	 [Node] Executing "fixhdr_unifize" <niworkflows.interfaces.header.CopyXForm>
250527-20:07:08,861 nipype.workflow INFO:
	 [Node] Executing "fixhdr_unifize" <niworkflows.interfaces.header.CopyXForm>
250527-20:07:09,113 nipype.workflow INFO:
	 [Node] Executing "fixhdr_unifize" <niworkflows.interfaces.header.CopyXForm>
250527-20:07:09,266 nipype.workflow INFO:
	 [Node] Finished "fixhdr_unifize", elapsed time 0.67688s.
250527-20:07:09,296 nipype.workflow INFO:
	 [Node] Executing "fixhdr_unifize" <niworkflows.interfaces.header.CopyXForm>
250527-20:07:09,494 nipype.workflow INFO:
	 [Node] Finished "fixhdr_unifize", elapsed time 0.380122s.
250527-20:07:09,509 nipype.workflow INFO:
	 [Node] Finished "fixhdr_unifize", elapsed time 0.64713s.
250527-20:07:10,99 nipype.workflow INFO:
	 [Node] Executing "fixhdr_unifize" <niworkflows.interfaces.header.CopyXForm>
250527-20:07:10,271 nipype.workflow INFO:
	 [Node] Finished "fixhdr_unifize", elapsed time 0.17088s.
250527-20:07:10,304 nipype.workflow INFO:
	 [Node] Setting-up "fmriprep_25_0_wf.sub_GEO013_wf.bold_ses_t3_task_image_run_3_wf.bold_fit_wf.enhance_and_skullstrip_bold_wf.fixhdr_unifize" in "/work/fmriprep_25_0_wf/sub_GEO013_wf/bold_ses_t3_task_image_run_3_wf/bold_fit_wf/enhance_and_skullstrip_bold_wf/fixhdr_unifize".
250527-20:07:10,306 nipype.workflow INFO:
	 [Node] Setting-up "fmriprep_25_0_wf.sub_GEO013_wf.bold_ses_t3_task_image_run_4_wf.bold_fit_wf.enhance_and_skullstrip_bold_wf.fixhdr_unifize" in "/work/fmriprep_25_0_wf/sub_GEO013_wf/bold_ses_t3_task_image_run_4_wf/bold_fit_wf/enhance_and_skullstrip_bold_wf/fixhdr_unifize".
250527-20:07:10,307 nipype.workflow INFO:
	 [Node] Setting-up "fmriprep_25_0_wf.sub_GEO013_wf.bold_ses_t3_task_image_run_5_wf.bold_fit_wf.enhance_and_skullstrip_bold_wf.fixhdr_unifize" in "/work/fmriprep_25_0_wf/sub_GEO013_wf/bold_ses_t3_task_image_run_5_wf/bold_fit_wf/enhance_and_skullstrip_bold_wf/fixhdr_unifize".
250527-20:07:10,541 nipype.workflow INFO:
	 [Node] Finished "fixhdr_unifize", elapsed time 1.243832s.
250527-20:07:11,719 nipype.workflow INFO:
	 [Node] Executing "fixhdr_unifize" <niworkflows.interfaces.header.CopyXForm>
250527-20:07:11,939 nipype.workflow INFO:
	 [Node] Executing "fixhdr_unifize" <niworkflows.interfaces.header.CopyXForm>
250527-20:07:11,993 nipype.workflow INFO:
	 [Node] Finished "fixhdr_unifize", elapsed time 0.272997s.
250527-20:07:12,143 nipype.workflow INFO:
	 [Node] Finished "fixhdr_unifize", elapsed time 0.202731s.
250527-20:07:12,276 nipype.workflow INFO:
	 [Node] Executing "fixhdr_unifize" <niworkflows.interfaces.header.CopyXForm>
250527-20:07:12,293 nipype.workflow INFO:
	 [Node] Setting-up "fmriprep_25_0_wf.sub_GEO013_wf.bold_ses_t2_task_image_run_1_wf.bold_fit_wf.enhance_and_skullstrip_bold_wf.skullstrip_second_pass" in "/work/fmriprep_25_0_wf/sub_GEO013_wf/bold_ses_t2_task_image_run_1_wf/bold_fit_wf/enhance_and_skullstrip_bold_wf/skullstrip_second_pass".
250527-20:07:12,293 nipype.workflow INFO:
	 [Node] Setting-up "fmriprep_25_0_wf.sub_GEO013_wf.bold_ses_t2_task_image_run_2_wf.bold_fit_wf.enhance_and_skullstrip_bold_wf.skullstrip_second_pass" in "/work/fmriprep_25_0_wf/sub_GEO013_wf/bold_ses_t2_task_image_run_2_wf/bold_fit_wf/enhance_and_skullstrip_bold_wf/skullstrip_second_pass".
250527-20:07:12,294 nipype.workflow INFO:
	 [Node] Setting-up "fmriprep_25_0_wf.sub_GEO013_wf.bold_ses_t2_task_image_run_3_wf.bold_fit_wf.enhance_and_skullstrip_bold_wf.skullstrip_second_pass" in "/work/fmriprep_25_0_wf/sub_GEO013_wf/bold_ses_t2_task_image_run_3_wf/bold_fit_wf/enhance_and_skullstrip_bold_wf/skullstrip_second_pass".
250527-20:07:12,295 nipype.workflow INFO:
	 [Node] Setting-up "fmriprep_25_0_wf.sub_GEO013_wf.bold_ses_t2_task_image_run_4_wf.bold_fit_wf.enhance_and_skullstrip_bold_wf.skullstrip_second_pass" in "/work/fmriprep_25_0_wf/sub_GEO013_wf/bold_ses_t2_task_image_run_4_wf/bold_fit_wf/enhance_and_skullstrip_bold_wf/skullstrip_second_pass".
250527-20:07:12,573 nipype.workflow INFO:
	 [Node] Finished "fixhdr_unifize", elapsed time 0.29628s.
250527-20:07:13,533 nipype.workflow INFO:
	 [Node] Executing "skullstrip_second_pass" <nipype.interfaces.afni.preprocess.Automask>
250527-20:07:14,27 nipype.workflow INFO:
	 [Node] Executing "skullstrip_second_pass" <nipype.interfaces.afni.preprocess.Automask>
250527-20:07:14,36 nipype.workflow INFO:
	 [Node] Executing "skullstrip_second_pass" <nipype.interfaces.afni.preprocess.Automask>
250527-20:07:14,304 nipype.workflow INFO:
	 [Node] Setting-up "fmriprep_25_0_wf.sub_GEO013_wf.bold_ses_t2_task_image_run_5_wf.bold_fit_wf.enhance_and_skullstrip_bold_wf.skullstrip_second_pass" in "/work/fmriprep_25_0_wf/sub_GEO013_wf/bold_ses_t2_task_image_run_5_wf/bold_fit_wf/enhance_and_skullstrip_bold_wf/skullstrip_second_pass".
250527-20:07:14,305 nipype.workflow INFO:
	 [Node] Setting-up "fmriprep_25_0_wf.sub_GEO013_wf.bold_ses_t3_task_image_run_1_wf.bold_fit_wf.enhance_and_skullstrip_bold_wf.skullstrip_second_pass" in "/work/fmriprep_25_0_wf/sub_GEO013_wf/bold_ses_t3_task_image_run_1_wf/bold_fit_wf/enhance_and_skullstrip_bold_wf/skullstrip_second_pass".
250527-20:07:14,306 nipype.workflow INFO:
	 [Node] Setting-up "fmriprep_25_0_wf.sub_GEO013_wf.bold_ses_t3_task_image_run_2_wf.bold_fit_wf.enhance_and_skullstrip_bold_wf.skullstrip_second_pass" in "/work/fmriprep_25_0_wf/sub_GEO013_wf/bold_ses_t3_task_image_run_2_wf/bold_fit_wf/enhance_and_skullstrip_bold_wf/skullstrip_second_pass".
250527-20:07:14,317 nipype.workflow INFO:
	 [Node] Executing "skullstrip_second_pass" <nipype.interfaces.afni.preprocess.Automask>
250527-20:07:15,280 nipype.workflow INFO:
	 [Node] Finished "skullstrip_second_pass", elapsed time 1.243078s.
250527-20:07:15,317 nipype.workflow INFO:
	 [Node] Finished "skullstrip_second_pass", elapsed time 1.783105s.
250527-20:07:15,340 nipype.workflow INFO:
	 [Node] Finished "skullstrip_second_pass", elapsed time 1.3118020000000001s.
250527-20:07:15,486 nipype.workflow INFO:
	 [Node] Finished "skullstrip_second_pass", elapsed time 1.168423s.
250527-20:07:16,367 nipype.workflow INFO:
	 [Node] Executing "skullstrip_second_pass" <nipype.interfaces.afni.preprocess.Automask>
250527-20:07:16,547 nipype.workflow INFO:
	 [Node] Executing "skullstrip_second_pass" <nipype.interfaces.afni.preprocess.Automask>
250527-20:07:16,967 nipype.workflow INFO:
	 [Node] Executing "skullstrip_second_pass" <nipype.interfaces.afni.preprocess.Automask>
250527-20:07:17,659 nipype.workflow INFO:
	 [Node] Finished "skullstrip_second_pass", elapsed time 1.290853s.
250527-20:07:17,776 nipype.workflow INFO:
	 [Node] Finished "skullstrip_second_pass", elapsed time 1.228909s.
250527-20:07:18,122 nipype.workflow INFO:
	 [Node] Finished "skullstrip_second_pass", elapsed time 1.15379s.
250527-20:07:18,291 nipype.workflow INFO:
	 [Node] Setting-up "fmriprep_25_0_wf.sub_GEO013_wf.bold_ses_t3_task_image_run_3_wf.bold_fit_wf.enhance_and_skullstrip_bold_wf.skullstrip_second_pass" in "/work/fmriprep_25_0_wf/sub_GEO013_wf/bold_ses_t3_task_image_run_3_wf/bold_fit_wf/enhance_and_skullstrip_bold_wf/skullstrip_second_pass".
250527-20:07:18,292 nipype.workflow INFO:
	 [Node] Setting-up "fmriprep_25_0_wf.sub_GEO013_wf.bold_ses_t3_task_image_run_4_wf.bold_fit_wf.enhance_and_skullstrip_bold_wf.skullstrip_second_pass" in "/work/fmriprep_25_0_wf/sub_GEO013_wf/bold_ses_t3_task_image_run_4_wf/bold_fit_wf/enhance_and_skullstrip_bold_wf/skullstrip_second_pass".
250527-20:07:18,292 nipype.workflow INFO:
	 [Node] Setting-up "fmriprep_25_0_wf.sub_GEO013_wf.bold_ses_t3_task_image_run_5_wf.bold_fit_wf.enhance_and_skullstrip_bold_wf.skullstrip_second_pass" in "/work/fmriprep_25_0_wf/sub_GEO013_wf/bold_ses_t3_task_image_run_5_wf/bold_fit_wf/enhance_and_skullstrip_bold_wf/skullstrip_second_pass".
250527-20:07:18,294 nipype.workflow INFO:
	 [Node] Setting-up "fmriprep_25_0_wf.sub_GEO013_wf.bold_ses_t2_task_image_run_1_wf.bold_fit_wf.enhance_and_skullstrip_bold_wf.fixhdr_skullstrip2" in "/work/fmriprep_25_0_wf/sub_GEO013_wf/bold_ses_t2_task_image_run_1_wf/bold_fit_wf/enhance_and_skullstrip_bold_wf/fixhdr_skullstrip2".
250527-20:07:19,840 nipype.workflow INFO:
	 [Node] Executing "skullstrip_second_pass" <nipype.interfaces.afni.preprocess.Automask>
250527-20:07:20,289 nipype.workflow INFO:
	 [Node] Setting-up "fmriprep_25_0_wf.sub_GEO013_wf.bold_ses_t2_task_image_run_2_wf.bold_fit_wf.enhance_and_skullstrip_bold_wf.fixhdr_skullstrip2" in "/work/fmriprep_25_0_wf/sub_GEO013_wf/bold_ses_t2_task_image_run_2_wf/bold_fit_wf/enhance_and_skullstrip_bold_wf/fixhdr_skullstrip2".
250527-20:07:20,290 nipype.workflow INFO:
	 [Node] Setting-up "fmriprep_25_0_wf.sub_GEO013_wf.bold_ses_t2_task_image_run_3_wf.bold_fit_wf.enhance_and_skullstrip_bold_wf.fixhdr_skullstrip2" in "/work/fmriprep_25_0_wf/sub_GEO013_wf/bold_ses_t2_task_image_run_3_wf/bold_fit_wf/enhance_and_skullstrip_bold_wf/fixhdr_skullstrip2".
250527-20:07:20,420 nipype.workflow INFO:
	 [Node] Executing "skullstrip_second_pass" <nipype.interfaces.afni.preprocess.Automask>
250527-20:07:20,589 nipype.workflow INFO:
	 [Node] Executing "skullstrip_second_pass" <nipype.interfaces.afni.preprocess.Automask>
250527-20:07:21,190 nipype.workflow INFO:
	 [Node] Executing "fixhdr_skullstrip2" <niworkflows.interfaces.header.CopyXForm>
250527-20:07:21,339 nipype.workflow INFO:
	 [Node] Finished "skullstrip_second_pass", elapsed time 0.917857s.
250527-20:07:21,344 nipype.workflow INFO:
	 [Node] Finished "skullstrip_second_pass", elapsed time 1.503629s.
250527-20:07:21,692 nipype.workflow INFO:
	 [Node] Finished "skullstrip_second_pass", elapsed time 1.10271s.
250527-20:07:22,312 nipype.workflow INFO:
	 [Node] Setting-up "fmriprep_25_0_wf.sub_GEO013_wf.bold_ses_t2_task_image_run_4_wf.bold_fit_wf.enhance_and_skullstrip_bold_wf.fixhdr_skullstrip2" in "/work/fmriprep_25_0_wf/sub_GEO013_wf/bold_ses_t2_task_image_run_4_wf/bold_fit_wf/enhance_and_skullstrip_bold_wf/fixhdr_skullstrip2".
250527-20:07:22,395 nipype.workflow INFO:
	 [Node] Finished "fixhdr_skullstrip2", elapsed time 1.204359s.
250527-20:07:23,357 nipype.workflow INFO:
	 [Node] Executing "fixhdr_skullstrip2" <niworkflows.interfaces.header.CopyXForm>
250527-20:07:23,403 nipype.workflow INFO:
	 [Node] Executing "fixhdr_skullstrip2" <niworkflows.interfaces.header.CopyXForm>
250527-20:07:23,718 nipype.workflow INFO:
	 [Node] Finished "fixhdr_skullstrip2", elapsed time 0.360341s.
250527-20:07:23,863 nipype.workflow INFO:
	 [Node] Finished "fixhdr_skullstrip2", elapsed time 0.458255s.
250527-20:07:23,869 nipype.workflow INFO:
	 [Node] Executing "fixhdr_skullstrip2" <niworkflows.interfaces.header.CopyXForm>
250527-20:07:24,166 nipype.workflow INFO:
	 [Node] Finished "fixhdr_skullstrip2", elapsed time 0.295626s.
250527-20:07:24,300 nipype.workflow INFO:
	 [Node] Setting-up "fmriprep_25_0_wf.sub_GEO013_wf.bold_ses_t2_task_image_run_5_wf.bold_fit_wf.enhance_and_skullstrip_bold_wf.fixhdr_skullstrip2" in "/work/fmriprep_25_0_wf/sub_GEO013_wf/bold_ses_t2_task_image_run_5_wf/bold_fit_wf/enhance_and_skullstrip_bold_wf/fixhdr_skullstrip2".
250527-20:07:24,300 nipype.workflow INFO:
	 [Node] Setting-up "fmriprep_25_0_wf.sub_GEO013_wf.bold_ses_t3_task_image_run_1_wf.bold_fit_wf.enhance_and_skullstrip_bold_wf.fixhdr_skullstrip2" in "/work/fmriprep_25_0_wf/sub_GEO013_wf/bold_ses_t3_task_image_run_1_wf/bold_fit_wf/enhance_and_skullstrip_bold_wf/fixhdr_skullstrip2".
250527-20:07:24,301 nipype.workflow INFO:
	 [Node] Setting-up "fmriprep_25_0_wf.sub_GEO013_wf.bold_ses_t3_task_image_run_2_wf.bold_fit_wf.enhance_and_skullstrip_bold_wf.fixhdr_skullstrip2" in "/work/fmriprep_25_0_wf/sub_GEO013_wf/bold_ses_t3_task_image_run_2_wf/bold_fit_wf/enhance_and_skullstrip_bold_wf/fixhdr_skullstrip2".
250527-20:07:24,302 nipype.workflow INFO:
	 [Node] Setting-up "fmriprep_25_0_wf.sub_GEO013_wf.bold_ses_t3_task_image_run_3_wf.bold_fit_wf.enhance_and_skullstrip_bold_wf.fixhdr_skullstrip2" in "/work/fmriprep_25_0_wf/sub_GEO013_wf/bold_ses_t3_task_image_run_3_wf/bold_fit_wf/enhance_and_skullstrip_bold_wf/fixhdr_skullstrip2".
250527-20:07:25,63 nipype.workflow INFO:
	 [Node] Executing "fixhdr_skullstrip2" <niworkflows.interfaces.header.CopyXForm>
250527-20:07:25,158 nipype.workflow INFO:
	 [Node] Finished "fixhdr_skullstrip2", elapsed time 0.094772s.
250527-20:07:25,351 nipype.workflow INFO:
	 [Node] Executing "fixhdr_skullstrip2" <niworkflows.interfaces.header.CopyXForm>
250527-20:07:25,405 nipype.workflow INFO:
	 [Node] Executing "fixhdr_skullstrip2" <niworkflows.interfaces.header.CopyXForm>
250527-20:07:25,406 nipype.workflow INFO:
	 [Node] Executing "fixhdr_skullstrip2" <niworkflows.interfaces.header.CopyXForm>
250527-20:07:25,472 nipype.workflow INFO:
	 [Node] Finished "fixhdr_skullstrip2", elapsed time 0.120194s.
250527-20:07:25,535 nipype.workflow INFO:
	 [Node] Finished "fixhdr_skullstrip2", elapsed time 0.127871s.
250527-20:07:25,544 nipype.workflow INFO:
	 [Node] Finished "fixhdr_skullstrip2", elapsed time 0.137659s.
250527-20:07:26,295 nipype.workflow INFO:
	 [Node] Setting-up "fmriprep_25_0_wf.sub_GEO013_wf.bold_ses_t3_task_image_run_4_wf.bold_fit_wf.enhance_and_skullstrip_bold_wf.fixhdr_skullstrip2" in "/work/fmriprep_25_0_wf/sub_GEO013_wf/bold_ses_t3_task_image_run_4_wf/bold_fit_wf/enhance_and_skullstrip_bold_wf/fixhdr_skullstrip2".
250527-20:07:26,296 nipype.workflow INFO:
	 [Node] Setting-up "fmriprep_25_0_wf.sub_GEO013_wf.bold_ses_t3_task_image_run_5_wf.bold_fit_wf.enhance_and_skullstrip_bold_wf.fixhdr_skullstrip2" in "/work/fmriprep_25_0_wf/sub_GEO013_wf/bold_ses_t3_task_image_run_5_wf/bold_fit_wf/enhance_and_skullstrip_bold_wf/fixhdr_skullstrip2".
250527-20:07:26,297 nipype.workflow INFO:
	 [Node] Setting-up "fmriprep_25_0_wf.sub_GEO013_wf.bold_ses_t2_task_image_run_1_wf.bold_fit_wf.enhance_and_skullstrip_bold_wf.combine_masks" in "/work/fmriprep_25_0_wf/sub_GEO013_wf/bold_ses_t2_task_image_run_1_wf/bold_fit_wf/enhance_and_skullstrip_bold_wf/combine_masks".
250527-20:07:27,711 nipype.workflow INFO:
	 [Node] Executing "fixhdr_skullstrip2" <niworkflows.interfaces.header.CopyXForm>
250527-20:07:27,847 nipype.workflow INFO:
	 [Node] Finished "fixhdr_skullstrip2", elapsed time 0.135008s.
250527-20:07:27,848 nipype.workflow INFO:
	 [Node] Executing "fixhdr_skullstrip2" <niworkflows.interfaces.header.CopyXForm>
250527-20:07:27,960 nipype.workflow INFO:
	 [Node] Finished "fixhdr_skullstrip2", elapsed time 0.110896s.
250527-20:07:28,316 nipype.workflow INFO:
	 [Node] Setting-up "fmriprep_25_0_wf.sub_GEO013_wf.bold_ses_t2_task_image_run_2_wf.bold_fit_wf.enhance_and_skullstrip_bold_wf.combine_masks" in "/work/fmriprep_25_0_wf/sub_GEO013_wf/bold_ses_t2_task_image_run_2_wf/bold_fit_wf/enhance_and_skullstrip_bold_wf/combine_masks".
250527-20:07:28,316 nipype.workflow INFO:
	 [Node] Setting-up "fmriprep_25_0_wf.sub_GEO013_wf.bold_ses_t2_task_image_run_3_wf.bold_fit_wf.enhance_and_skullstrip_bold_wf.combine_masks" in "/work/fmriprep_25_0_wf/sub_GEO013_wf/bold_ses_t2_task_image_run_3_wf/bold_fit_wf/enhance_and_skullstrip_bold_wf/combine_masks".
250527-20:07:28,317 nipype.workflow INFO:
	 [Node] Setting-up "fmriprep_25_0_wf.sub_GEO013_wf.bold_ses_t2_task_image_run_4_wf.bold_fit_wf.enhance_and_skullstrip_bold_wf.combine_masks" in "/work/fmriprep_25_0_wf/sub_GEO013_wf/bold_ses_t2_task_image_run_4_wf/bold_fit_wf/enhance_and_skullstrip_bold_wf/combine_masks".
250527-20:07:28,318 nipype.workflow INFO:
	 [Node] Setting-up "fmriprep_25_0_wf.sub_GEO013_wf.bold_ses_t2_task_image_run_5_wf.bold_fit_wf.enhance_and_skullstrip_bold_wf.combine_masks" in "/work/fmriprep_25_0_wf/sub_GEO013_wf/bold_ses_t2_task_image_run_5_wf/bold_fit_wf/enhance_and_skullstrip_bold_wf/combine_masks".
250527-20:07:29,166 nipype.workflow INFO:
	 [Node] Executing "combine_masks" <nipype.interfaces.fsl.maths.BinaryMaths>
250527-20:07:29,838 nipype.workflow INFO:
	 [Node] Executing "combine_masks" <nipype.interfaces.fsl.maths.BinaryMaths>
250527-20:07:29,949 nipype.workflow INFO:
	 [Node] Finished "combine_masks", elapsed time 0.78132s.
250527-20:07:30,107 nipype.workflow INFO:
	 [Node] Executing "combine_masks" <nipype.interfaces.fsl.maths.BinaryMaths>
250527-20:07:30,153 nipype.workflow INFO:
	 [Node] Executing "combine_masks" <nipype.interfaces.fsl.maths.BinaryMaths>
250527-20:07:30,250 nipype.workflow INFO:
	 [Node] Executing "combine_masks" <nipype.interfaces.fsl.maths.BinaryMaths>
250527-20:07:30,307 nipype.workflow INFO:
	 [Node] Setting-up "fmriprep_25_0_wf.sub_GEO013_wf.bold_ses_t3_task_image_run_1_wf.bold_fit_wf.enhance_and_skullstrip_bold_wf.combine_masks" in "/work/fmriprep_25_0_wf/sub_GEO013_wf/bold_ses_t3_task_image_run_1_wf/bold_fit_wf/enhance_and_skullstrip_bold_wf/combine_masks".
250527-20:07:30,308 nipype.workflow INFO:
	 [Node] Setting-up "fmriprep_25_0_wf.sub_GEO013_wf.bold_ses_t3_task_image_run_2_wf.bold_fit_wf.enhance_and_skullstrip_bold_wf.combine_masks" in "/work/fmriprep_25_0_wf/sub_GEO013_wf/bold_ses_t3_task_image_run_2_wf/bold_fit_wf/enhance_and_skullstrip_bold_wf/combine_masks".
250527-20:07:30,311 nipype.workflow INFO:
	 [Node] Finished "combine_masks", elapsed time 0.471345s.
250527-20:07:30,402 nipype.workflow INFO:
	 [Node] Finished "combine_masks", elapsed time 0.293314s.
250527-20:07:30,528 nipype.workflow INFO:
	 [Node] Finished "combine_masks", elapsed time 0.373538s.
250527-20:07:30,912 nipype.workflow INFO:
	 [Node] Finished "combine_masks", elapsed time 0.660531s.
250527-20:07:31,221 nipype.workflow INFO:
	 [Node] Executing "combine_masks" <nipype.interfaces.fsl.maths.BinaryMaths>
250527-20:07:31,465 nipype.workflow INFO:
	 [Node] Executing "combine_masks" <nipype.interfaces.fsl.maths.BinaryMaths>
250527-20:07:32,96 nipype.workflow INFO:
	 [Node] Finished "combine_masks", elapsed time 0.873872s.
250527-20:07:32,314 nipype.workflow INFO:
	 [Node] Setting-up "fmriprep_25_0_wf.sub_GEO013_wf.bold_ses_t3_task_image_run_3_wf.bold_fit_wf.enhance_and_skullstrip_bold_wf.combine_masks" in "/work/fmriprep_25_0_wf/sub_GEO013_wf/bold_ses_t3_task_image_run_3_wf/bold_fit_wf/enhance_and_skullstrip_bold_wf/combine_masks".
250527-20:07:32,315 nipype.workflow INFO:
	 [Node] Setting-up "fmriprep_25_0_wf.sub_GEO013_wf.bold_ses_t3_task_image_run_4_wf.bold_fit_wf.enhance_and_skullstrip_bold_wf.combine_masks" in "/work/fmriprep_25_0_wf/sub_GEO013_wf/bold_ses_t3_task_image_run_4_wf/bold_fit_wf/enhance_and_skullstrip_bold_wf/combine_masks".
250527-20:07:32,315 nipype.workflow INFO:
	 [Node] Setting-up "fmriprep_25_0_wf.sub_GEO013_wf.bold_ses_t3_task_image_run_5_wf.bold_fit_wf.enhance_and_skullstrip_bold_wf.combine_masks" in "/work/fmriprep_25_0_wf/sub_GEO013_wf/bold_ses_t3_task_image_run_5_wf/bold_fit_wf/enhance_and_skullstrip_bold_wf/combine_masks".
250527-20:07:32,316 nipype.workflow INFO:
	 [Node] Setting-up "fmriprep_25_0_wf.sub_GEO013_wf.bold_ses_t2_task_image_run_1_wf.bold_fit_wf.enhance_and_skullstrip_bold_wf.apply_mask" in "/work/fmriprep_25_0_wf/sub_GEO013_wf/bold_ses_t2_task_image_run_1_wf/bold_fit_wf/enhance_and_skullstrip_bold_wf/apply_mask".
250527-20:07:32,332 nipype.workflow INFO:
	 [Node] Finished "combine_masks", elapsed time 0.86503s.
250527-20:07:34,225 nipype.workflow INFO:
	 [Node] Executing "combine_masks" <nipype.interfaces.fsl.maths.BinaryMaths>
250527-20:07:34,315 nipype.workflow INFO:
	 [Node] Executing "combine_masks" <nipype.interfaces.fsl.maths.BinaryMaths>
250527-20:07:34,708 nipype.workflow INFO:
	 [Node] Executing "apply_mask" <niworkflows.interfaces.nibabel.ApplyMask>
250527-20:07:34,926 nipype.workflow INFO:
	 [Node] Finished "apply_mask", elapsed time 0.217094s.
250527-20:07:34,994 nipype.workflow INFO:
	 [Node] Finished "combine_masks", elapsed time 0.67717s.
250527-20:07:35,33 nipype.workflow INFO:
	 [Node] Finished "combine_masks", elapsed time 0.807104s.
250527-20:07:35,162 nipype.workflow INFO:
	 [Node] Executing "combine_masks" <nipype.interfaces.fsl.maths.BinaryMaths>
250527-20:07:35,806 nipype.workflow INFO:
	 [Node] Finished "combine_masks", elapsed time 0.642749s.
250527-20:07:35,941 nipype.interface WARNING:
	 Changing /out/sub-GEO013/ses-t2/func/sub-GEO013_ses-t2_task-image_run-1_desc-brain_mask.nii.gz dtype from float32 to uint8
250527-20:07:36,657 nipype.workflow INFO:
	 [Node] Setting-up "fmriprep_25_0_wf.sub_GEO013_wf.bold_ses_t2_task_image_run_2_wf.bold_fit_wf.enhance_and_skullstrip_bold_wf.apply_mask" in "/work/fmriprep_25_0_wf/sub_GEO013_wf/bold_ses_t2_task_image_run_2_wf/bold_fit_wf/enhance_and_skullstrip_bold_wf/apply_mask".
250527-20:07:37,862 nipype.workflow INFO:
	 [Node] Executing "apply_mask" <niworkflows.interfaces.nibabel.ApplyMask>
250527-20:07:37,972 nipype.workflow INFO:
	 [Node] Finished "apply_mask", elapsed time 0.108941s.
250527-20:07:38,48 nipype.interface WARNING:
	 Changing /out/sub-GEO013/ses-t2/func/sub-GEO013_ses-t2_task-image_run-2_desc-brain_mask.nii.gz dtype from float32 to uint8
250527-20:07:39,601 nipype.workflow INFO:
	 [Node] Setting-up "fmriprep_25_0_wf.sub_GEO013_wf.bold_ses_t2_task_image_run_3_wf.bold_fit_wf.enhance_and_skullstrip_bold_wf.apply_mask" in "/work/fmriprep_25_0_wf/sub_GEO013_wf/bold_ses_t2_task_image_run_3_wf/bold_fit_wf/enhance_and_skullstrip_bold_wf/apply_mask".
250527-20:07:41,478 nipype.workflow INFO:
	 [Node] Executing "apply_mask" <niworkflows.interfaces.nibabel.ApplyMask>
250527-20:07:41,943 nipype.workflow INFO:
	 [Node] Finished "apply_mask", elapsed time 0.461697s.
250527-20:07:42,621 nipype.interface WARNING:
	 Changing /out/sub-GEO013/ses-t2/func/sub-GEO013_ses-t2_task-image_run-3_desc-brain_mask.nii.gz dtype from float32 to uint8
250527-20:07:44,106 nipype.workflow INFO:
	 [Node] Setting-up "fmriprep_25_0_wf.sub_GEO013_wf.bold_ses_t2_task_image_run_4_wf.bold_fit_wf.enhance_and_skullstrip_bold_wf.apply_mask" in "/work/fmriprep_25_0_wf/sub_GEO013_wf/bold_ses_t2_task_image_run_4_wf/bold_fit_wf/enhance_and_skullstrip_bold_wf/apply_mask".
250527-20:07:46,343 nipype.interface WARNING:
	 Changing /out/sub-GEO013/ses-t2/func/sub-GEO013_ses-t2_task-image_run-4_desc-brain_mask.nii.gz dtype from float32 to uint8
250527-20:07:46,553 nipype.workflow INFO:
	 [Node] Executing "apply_mask" <niworkflows.interfaces.nibabel.ApplyMask>
250527-20:07:46,926 nipype.workflow INFO:
	 [Node] Finished "apply_mask", elapsed time 0.371784s.
250527-20:07:47,303 nipype.workflow INFO:
	 [Node] Setting-up "fmriprep_25_0_wf.sub_GEO013_wf.bold_ses_t2_task_image_run_5_wf.bold_fit_wf.enhance_and_skullstrip_bold_wf.apply_mask" in "/work/fmriprep_25_0_wf/sub_GEO013_wf/bold_ses_t2_task_image_run_5_wf/bold_fit_wf/enhance_and_skullstrip_bold_wf/apply_mask".
250527-20:07:48,110 nipype.workflow INFO:
	 [Node] Executing "apply_mask" <niworkflows.interfaces.nibabel.ApplyMask>
250527-20:07:48,280 nipype.workflow INFO:
	 [Node] Finished "apply_mask", elapsed time 0.169623s.
250527-20:07:48,370 nipype.interface WARNING:
	 Changing /out/sub-GEO013/ses-t2/func/sub-GEO013_ses-t2_task-image_run-5_desc-brain_mask.nii.gz dtype from float32 to uint8
250527-20:07:49,635 nipype.workflow INFO:
	 [Node] Setting-up "fmriprep_25_0_wf.sub_GEO013_wf.bold_ses_t3_task_image_run_1_wf.bold_fit_wf.enhance_and_skullstrip_bold_wf.apply_mask" in "/work/fmriprep_25_0_wf/sub_GEO013_wf/bold_ses_t3_task_image_run_1_wf/bold_fit_wf/enhance_and_skullstrip_bold_wf/apply_mask".
250527-20:07:50,581 nipype.workflow INFO:
	 [Node] Executing "apply_mask" <niworkflows.interfaces.nibabel.ApplyMask>
250527-20:07:50,758 nipype.workflow INFO:
	 [Node] Finished "apply_mask", elapsed time 0.176409s.
250527-20:07:50,798 nipype.interface WARNING:
	 Changing /out/sub-GEO013/ses-t3/func/sub-GEO013_ses-t3_task-image_run-1_desc-brain_mask.nii.gz dtype from float32 to uint8
250527-20:07:52,893 nipype.workflow INFO:
	 [Node] Setting-up "fmriprep_25_0_wf.sub_GEO013_wf.bold_ses_t3_task_image_run_2_wf.bold_fit_wf.enhance_and_skullstrip_bold_wf.apply_mask" in "/work/fmriprep_25_0_wf/sub_GEO013_wf/bold_ses_t3_task_image_run_2_wf/bold_fit_wf/enhance_and_skullstrip_bold_wf/apply_mask".
250527-20:07:53,832 nipype.workflow INFO:
	 [Node] Executing "apply_mask" <niworkflows.interfaces.nibabel.ApplyMask>
250527-20:07:54,39 nipype.interface WARNING:
	 Changing /out/sub-GEO013/ses-t3/func/sub-GEO013_ses-t3_task-image_run-2_desc-brain_mask.nii.gz dtype from float32 to uint8
250527-20:07:54,52 nipype.workflow INFO:
	 [Node] Finished "apply_mask", elapsed time 0.217699s.
250527-20:07:55,517 nipype.workflow INFO:
	 [Node] Setting-up "fmriprep_25_0_wf.sub_GEO013_wf.bold_ses_t3_task_image_run_3_wf.bold_fit_wf.enhance_and_skullstrip_bold_wf.apply_mask" in "/work/fmriprep_25_0_wf/sub_GEO013_wf/bold_ses_t3_task_image_run_3_wf/bold_fit_wf/enhance_and_skullstrip_bold_wf/apply_mask".
250527-20:07:57,171 nipype.interface WARNING:
	 Changing /out/sub-GEO013/ses-t3/func/sub-GEO013_ses-t3_task-image_run-3_desc-brain_mask.nii.gz dtype from float32 to uint8
250527-20:07:57,813 nipype.workflow INFO:
	 [Node] Executing "apply_mask" <niworkflows.interfaces.nibabel.ApplyMask>
250527-20:07:58,256 nipype.workflow INFO:
	 [Node] Finished "apply_mask", elapsed time 0.441608s.
250527-20:07:58,786 nipype.workflow INFO:
	 [Node] Setting-up "fmriprep_25_0_wf.sub_GEO013_wf.bold_ses_t3_task_image_run_4_wf.bold_fit_wf.enhance_and_skullstrip_bold_wf.apply_mask" in "/work/fmriprep_25_0_wf/sub_GEO013_wf/bold_ses_t3_task_image_run_4_wf/bold_fit_wf/enhance_and_skullstrip_bold_wf/apply_mask".
250527-20:07:59,872 nipype.interface WARNING:
	 Changing /out/sub-GEO013/ses-t3/func/sub-GEO013_ses-t3_task-image_run-4_desc-brain_mask.nii.gz dtype from float32 to uint8
250527-20:08:00,218 nipype.workflow INFO:
	 [Node] Executing "apply_mask" <niworkflows.interfaces.nibabel.ApplyMask>
250527-20:08:00,595 nipype.workflow INFO:
	 [Node] Finished "apply_mask", elapsed time 0.375398s.
250527-20:08:01,228 nipype.workflow INFO:
	 [Node] Setting-up "fmriprep_25_0_wf.sub_GEO013_wf.bold_ses_t3_task_image_run_5_wf.bold_fit_wf.enhance_and_skullstrip_bold_wf.apply_mask" in "/work/fmriprep_25_0_wf/sub_GEO013_wf/bold_ses_t3_task_image_run_5_wf/bold_fit_wf/enhance_and_skullstrip_bold_wf/apply_mask".
250527-20:08:02,419 nipype.workflow INFO:
	 [Node] Executing "apply_mask" <niworkflows.interfaces.nibabel.ApplyMask>
250527-20:08:02,700 nipype.workflow INFO:
	 [Node] Finished "apply_mask", elapsed time 0.279844s.
250527-20:08:02,834 nipype.interface WARNING:
	 Changing /out/sub-GEO013/ses-t3/func/sub-GEO013_ses-t3_task-image_run-5_desc-brain_mask.nii.gz dtype from float32 to uint8
250527-20:08:05,40 nipype.workflow INFO:
	 [Node] Setting-up "fmriprep_25_0_wf.sub_GEO013_wf.bold_ses_t2_task_image_run_1_wf.bold_confounds_wf.dvars" in "/work/fmriprep_25_0_wf/sub_GEO013_wf/bold_ses_t2_task_image_run_1_wf/bold_confounds_wf/dvars".
250527-20:08:06,610 nipype.workflow INFO:
	 [Node] Executing "dvars" <nipype.algorithms.confounds.ComputeDVARS>
250527-20:08:26,789 nipype.workflow INFO:
	 [Node] Finished "dvars", elapsed time 20.177568s.
250527-20:08:29,415 nipype.workflow INFO:
	 [Node] Setting-up "fmriprep_25_0_wf.sub_GEO013_wf.bold_ses_t2_task_image_run_1_wf.bold_confounds_wf.tcompcor" in "/work/fmriprep_25_0_wf/sub_GEO013_wf/bold_ses_t2_task_image_run_1_wf/bold_confounds_wf/tcompcor".
250527-20:08:31,35 nipype.workflow INFO:
	 [Node] Executing "tcompcor" <niworkflows.interfaces.patches.RobustTCompCor>
250527-20:08:42,382 nipype.workflow INFO:
	 [Node] Finished "tcompcor", elapsed time 11.344728s.
250527-20:08:44,215 nipype.workflow INFO:
	 [Node] Setting-up "fmriprep_25_0_wf.sub_GEO013_wf.bold_ses_t2_task_image_run_1_wf.bold_confounds_wf.tcc_metadata_filter" in "/work/fmriprep_25_0_wf/sub_GEO013_wf/bold_ses_t2_task_image_run_1_wf/bold_confounds_wf/tcc_metadata_filter".
250527-20:08:44,258 nipype.workflow INFO:
	 [Node] Setting-up "fmriprep_25_0_wf.sub_GEO013_wf.bold_ses_t2_task_image_run_2_wf.bold_confounds_wf.dvars" in "/work/fmriprep_25_0_wf/sub_GEO013_wf/bold_ses_t2_task_image_run_2_wf/bold_confounds_wf/dvars".
250527-20:08:45,488 nipype.workflow INFO:
	 [Node] Executing "tcc_metadata_filter" <fmriprep.interfaces.confounds.FilterDropped>
250527-20:08:45,607 nipype.workflow INFO:
	 [Node] Finished "tcc_metadata_filter", elapsed time 0.117529s.
250527-20:08:45,756 nipype.workflow INFO:
	 [Node] Executing "dvars" <nipype.algorithms.confounds.ComputeDVARS>
250527-20:08:48,370 nipype.workflow INFO:
	 [Node] Setting-up "fmriprep_25_0_wf.sub_GEO013_wf.bold_ses_t2_task_image_run_1_wf.bold_confounds_wf.tcc_metadata_fmt" in "/work/fmriprep_25_0_wf/sub_GEO013_wf/bold_ses_t2_task_image_run_1_wf/bold_confounds_wf/tcc_metadata_fmt".
250527-20:08:50,545 nipype.workflow INFO:
	 [Node] Executing "tcc_metadata_fmt" <niworkflows.interfaces.utility.TSV2JSON>
250527-20:08:50,553 nipype.workflow INFO:
	 [Node] Finished "tcc_metadata_fmt", elapsed time 0.006745s.
250527-20:09:04,698 nipype.workflow INFO:
	 [Node] Finished "dvars", elapsed time 18.937884s.
250527-20:09:06,306 nipype.workflow INFO:
	 [Node] Setting-up "fmriprep_25_0_wf.sub_GEO013_wf.bold_ses_t2_task_image_run_2_wf.bold_confounds_wf.tcompcor" in "/work/fmriprep_25_0_wf/sub_GEO013_wf/bold_ses_t2_task_image_run_2_wf/bold_confounds_wf/tcompcor".
250527-20:09:08,415 nipype.workflow INFO:
	 [Node] Executing "tcompcor" <niworkflows.interfaces.patches.RobustTCompCor>
250527-20:09:19,330 nipype.workflow INFO:
	 [Node] Finished "tcompcor", elapsed time 10.91448s.
250527-20:09:20,150 nipype.workflow INFO:
	 [Node] Setting-up "fmriprep_25_0_wf.sub_GEO013_wf.bold_ses_t2_task_image_run_3_wf.bold_confounds_wf.dvars" in "/work/fmriprep_25_0_wf/sub_GEO013_wf/bold_ses_t2_task_image_run_3_wf/bold_confounds_wf/dvars".
250527-20:09:20,151 nipype.workflow INFO:
	 [Node] Setting-up "fmriprep_25_0_wf.sub_GEO013_wf.bold_ses_t2_task_image_run_2_wf.bold_confounds_wf.tcc_metadata_filter" in "/work/fmriprep_25_0_wf/sub_GEO013_wf/bold_ses_t2_task_image_run_2_wf/bold_confounds_wf/tcc_metadata_filter".
250527-20:09:21,534 nipype.workflow INFO:
	 [Node] Executing "dvars" <nipype.algorithms.confounds.ComputeDVARS>
250527-20:09:22,127 nipype.workflow INFO:
	 [Node] Executing "tcc_metadata_filter" <fmriprep.interfaces.confounds.FilterDropped>
250527-20:09:22,254 nipype.workflow INFO:
	 [Node] Finished "tcc_metadata_filter", elapsed time 0.124637s.
250527-20:09:24,140 nipype.workflow INFO:
	 [Node] Setting-up "fmriprep_25_0_wf.sub_GEO013_wf.bold_ses_t2_task_image_run_2_wf.bold_confounds_wf.tcc_metadata_fmt" in "/work/fmriprep_25_0_wf/sub_GEO013_wf/bold_ses_t2_task_image_run_2_wf/bold_confounds_wf/tcc_metadata_fmt".
250527-20:09:25,917 nipype.workflow INFO:
	 [Node] Executing "tcc_metadata_fmt" <niworkflows.interfaces.utility.TSV2JSON>
250527-20:09:25,937 nipype.workflow INFO:
	 [Node] Finished "tcc_metadata_fmt", elapsed time 0.018687s.
250527-20:09:40,585 nipype.workflow INFO:
	 [Node] Finished "dvars", elapsed time 19.049188s.
250527-20:09:42,147 nipype.workflow INFO:
	 [Node] Setting-up "fmriprep_25_0_wf.sub_GEO013_wf.bold_ses_t2_task_image_run_3_wf.bold_confounds_wf.tcompcor" in "/work/fmriprep_25_0_wf/sub_GEO013_wf/bold_ses_t2_task_image_run_3_wf/bold_confounds_wf/tcompcor".
250527-20:09:45,45 nipype.workflow INFO:
	 [Node] Executing "tcompcor" <niworkflows.interfaces.patches.RobustTCompCor>
250527-20:09:55,613 nipype.workflow INFO:
	 [Node] Finished "tcompcor", elapsed time 10.565763s.
250527-20:09:57,480 nipype.workflow INFO:
	 [Node] Setting-up "fmriprep_25_0_wf.sub_GEO013_wf.bold_ses_t2_task_image_run_4_wf.bold_confounds_wf.dvars" in "/work/fmriprep_25_0_wf/sub_GEO013_wf/bold_ses_t2_task_image_run_4_wf/bold_confounds_wf/dvars".
250527-20:09:57,482 nipype.workflow INFO:
	 [Node] Setting-up "fmriprep_25_0_wf.sub_GEO013_wf.bold_ses_t2_task_image_run_3_wf.bold_confounds_wf.tcc_metadata_filter" in "/work/fmriprep_25_0_wf/sub_GEO013_wf/bold_ses_t2_task_image_run_3_wf/bold_confounds_wf/tcc_metadata_filter".
250527-20:09:59,0 nipype.workflow INFO:
	 [Node] Executing "dvars" <nipype.algorithms.confounds.ComputeDVARS>
250527-20:09:59,202 nipype.workflow INFO:
	 [Node] Executing "tcc_metadata_filter" <fmriprep.interfaces.confounds.FilterDropped>
250527-20:09:59,342 nipype.workflow INFO:
	 [Node] Finished "tcc_metadata_filter", elapsed time 0.138087s.
250527-20:10:01,529 nipype.workflow INFO:
	 [Node] Setting-up "fmriprep_25_0_wf.sub_GEO013_wf.bold_ses_t2_task_image_run_3_wf.bold_confounds_wf.tcc_metadata_fmt" in "/work/fmriprep_25_0_wf/sub_GEO013_wf/bold_ses_t2_task_image_run_3_wf/bold_confounds_wf/tcc_metadata_fmt".
250527-20:10:03,870 nipype.workflow INFO:
	 [Node] Executing "tcc_metadata_fmt" <niworkflows.interfaces.utility.TSV2JSON>
250527-20:10:03,879 nipype.workflow INFO:
	 [Node] Finished "tcc_metadata_fmt", elapsed time 0.008069s.
250527-20:10:18,465 nipype.workflow INFO:
	 [Node] Finished "dvars", elapsed time 19.463891s.
250527-20:10:19,502 nipype.workflow INFO:
	 [Node] Setting-up "fmriprep_25_0_wf.sub_GEO013_wf.bold_ses_t2_task_image_run_4_wf.bold_confounds_wf.tcompcor" in "/work/fmriprep_25_0_wf/sub_GEO013_wf/bold_ses_t2_task_image_run_4_wf/bold_confounds_wf/tcompcor".
250527-20:10:20,595 nipype.workflow INFO:
	 [Node] Executing "tcompcor" <niworkflows.interfaces.patches.RobustTCompCor>
250527-20:10:20,837 nipype.workflow INFO:
	 [Node] Finished "unifize", elapsed time 210.192625s.
250527-20:10:26,688 nipype.workflow INFO:
	 [Node] Setting-up "fmriprep_25_0_wf.sub_GEO013_wf.bold_ses_t3_task_retrans_run_1_wf.bold_fit_wf.enhance_and_skullstrip_bold_wf.fixhdr_unifize" in "/work/fmriprep_25_0_wf/sub_GEO013_wf/bold_ses_t3_task_retrans_run_1_wf/bold_fit_wf/enhance_and_skullstrip_bold_wf/fixhdr_unifize".
250527-20:10:27,679 nipype.workflow INFO:
	 [Node] Executing "fixhdr_unifize" <niworkflows.interfaces.header.CopyXForm>
250527-20:10:27,866 nipype.workflow INFO:
	 [Node] Finished "fixhdr_unifize", elapsed time 0.186066s.
250527-20:10:30,783 nipype.workflow INFO:
	 [Node] Setting-up "fmriprep_25_0_wf.sub_GEO013_wf.bold_ses_t3_task_retrans_run_1_wf.bold_fit_wf.enhance_and_skullstrip_bold_wf.skullstrip_second_pass" in "/work/fmriprep_25_0_wf/sub_GEO013_wf/bold_ses_t3_task_retrans_run_1_wf/bold_fit_wf/enhance_and_skullstrip_bold_wf/skullstrip_second_pass".
250527-20:10:31,593 nipype.workflow INFO:
	 [Node] Finished "tcompcor", elapsed time 10.989644s.
250527-20:10:31,828 nipype.workflow INFO:
	 [Node] Executing "skullstrip_second_pass" <nipype.interfaces.afni.preprocess.Automask>
250527-20:10:32,803 nipype.workflow INFO:
	 [Node] Setting-up "fmriprep_25_0_wf.sub_GEO013_wf.bold_ses_t2_task_image_run_5_wf.bold_confounds_wf.dvars" in "/work/fmriprep_25_0_wf/sub_GEO013_wf/bold_ses_t2_task_image_run_5_wf/bold_confounds_wf/dvars".
250527-20:10:32,803 nipype.workflow INFO:
	 [Node] Setting-up "fmriprep_25_0_wf.sub_GEO013_wf.bold_ses_t2_task_image_run_4_wf.bold_confounds_wf.tcc_metadata_filter" in "/work/fmriprep_25_0_wf/sub_GEO013_wf/bold_ses_t2_task_image_run_4_wf/bold_confounds_wf/tcc_metadata_filter".
250527-20:10:32,821 nipype.workflow INFO:
	 [Node] Finished "skullstrip_second_pass", elapsed time 0.992248s.
250527-20:10:33,319 nipype.workflow INFO:
	 [Node] Executing "tcc_metadata_filter" <fmriprep.interfaces.confounds.FilterDropped>
250527-20:10:33,473 nipype.workflow INFO:
	 [Node] Finished "tcc_metadata_filter", elapsed time 0.153157s.
250527-20:10:33,594 nipype.workflow INFO:
	 [Node] Executing "dvars" <nipype.algorithms.confounds.ComputeDVARS>
250527-20:10:34,786 nipype.workflow INFO:
	 [Node] Setting-up "fmriprep_25_0_wf.sub_GEO013_wf.bold_ses_t3_task_retrans_run_1_wf.bold_fit_wf.enhance_and_skullstrip_bold_wf.fixhdr_skullstrip2" in "/work/fmriprep_25_0_wf/sub_GEO013_wf/bold_ses_t3_task_retrans_run_1_wf/bold_fit_wf/enhance_and_skullstrip_bold_wf/fixhdr_skullstrip2".
250527-20:10:34,787 nipype.workflow INFO:
	 [Node] Setting-up "fmriprep_25_0_wf.sub_GEO013_wf.bold_ses_t2_task_image_run_4_wf.bold_confounds_wf.tcc_metadata_fmt" in "/work/fmriprep_25_0_wf/sub_GEO013_wf/bold_ses_t2_task_image_run_4_wf/bold_confounds_wf/tcc_metadata_fmt".
250527-20:10:36,303 nipype.workflow INFO:
	 [Node] Executing "fixhdr_skullstrip2" <niworkflows.interfaces.header.CopyXForm>
250527-20:10:36,388 nipype.workflow INFO:
	 [Node] Executing "tcc_metadata_fmt" <niworkflows.interfaces.utility.TSV2JSON>
250527-20:10:36,398 nipype.workflow INFO:
	 [Node] Finished "tcc_metadata_fmt", elapsed time 0.008386s.
250527-20:10:36,506 nipype.workflow INFO:
	 [Node] Finished "fixhdr_skullstrip2", elapsed time 0.201485s.
250527-20:10:38,793 nipype.workflow INFO:
	 [Node] Setting-up "fmriprep_25_0_wf.sub_GEO013_wf.bold_ses_t3_task_retrans_run_1_wf.bold_fit_wf.enhance_and_skullstrip_bold_wf.combine_masks" in "/work/fmriprep_25_0_wf/sub_GEO013_wf/bold_ses_t3_task_retrans_run_1_wf/bold_fit_wf/enhance_and_skullstrip_bold_wf/combine_masks".
250527-20:10:40,180 nipype.workflow INFO:
	 [Node] Executing "combine_masks" <nipype.interfaces.fsl.maths.BinaryMaths>
250527-20:10:41,97 nipype.workflow INFO:
	 [Node] Finished "combine_masks", elapsed time 0.915567s.
250527-20:10:42,789 nipype.workflow INFO:
	 [Node] Setting-up "fmriprep_25_0_wf.sub_GEO013_wf.bold_ses_t3_task_retrans_run_1_wf.bold_fit_wf.enhance_and_skullstrip_bold_wf.apply_mask" in "/work/fmriprep_25_0_wf/sub_GEO013_wf/bold_ses_t3_task_retrans_run_1_wf/bold_fit_wf/enhance_and_skullstrip_bold_wf/apply_mask".
250527-20:10:43,522 nipype.workflow INFO:
	 [Node] Executing "apply_mask" <niworkflows.interfaces.nibabel.ApplyMask>
250527-20:10:43,650 nipype.interface WARNING:
	 Changing /out/sub-GEO013/ses-t3/func/sub-GEO013_ses-t3_task-retrans_run-1_desc-brain_mask.nii.gz dtype from float32 to uint8
250527-20:10:43,808 nipype.workflow INFO:
	 [Node] Finished "apply_mask", elapsed time 0.284597s.
250527-20:10:45,159 nipype.workflow INFO:
	 [Node] Setting-up "_denoise0" in "/work/fmriprep_25_0_wf/sub_GEO013_wf/anat_fit_wf/anat_template_wf/denoise/mapflow/_denoise0".
250527-20:10:46,744 nipype.workflow INFO:
	 [Node] Executing "_denoise0" <nipype.interfaces.ants.segmentation.DenoiseImage>
250527-20:10:53,899 nipype.workflow INFO:
	 [Node] Finished "dvars", elapsed time 20.303994s.
250527-20:10:57,146 nipype.workflow INFO:
	 [Node] Setting-up "fmriprep_25_0_wf.sub_GEO013_wf.bold_ses_t2_task_image_run_5_wf.bold_confounds_wf.tcompcor" in "/work/fmriprep_25_0_wf/sub_GEO013_wf/bold_ses_t2_task_image_run_5_wf/bold_confounds_wf/tcompcor".
250527-20:10:58,427 nipype.workflow INFO:
	 [Node] Executing "tcompcor" <niworkflows.interfaces.patches.RobustTCompCor>
250527-20:11:11,638 nipype.workflow INFO:
	 [Node] Finished "tcompcor", elapsed time 13.209832s.
250527-20:11:15,151 nipype.workflow INFO:
	 [Node] Setting-up "fmriprep_25_0_wf.sub_GEO013_wf.bold_ses_t3_task_image_run_1_wf.bold_confounds_wf.dvars" in "/work/fmriprep_25_0_wf/sub_GEO013_wf/bold_ses_t3_task_image_run_1_wf/bold_confounds_wf/dvars".
250527-20:11:16,571 nipype.workflow INFO:
	 [Node] Executing "dvars" <nipype.algorithms.confounds.ComputeDVARS>
250527-20:11:26,305 nipype.workflow INFO:
	 [Node] Finished "_denoise0", elapsed time 39.559103s.
250527-20:11:33,802 nipype.workflow INFO:
	 [Node] Setting-up "fmriprep_25_0_wf.sub_GEO013_wf.bold_ses_t2_task_image_run_5_wf.bold_confounds_wf.tcc_metadata_filter" in "/work/fmriprep_25_0_wf/sub_GEO013_wf/bold_ses_t2_task_image_run_5_wf/bold_confounds_wf/tcc_metadata_filter".
250527-20:11:34,689 nipype.workflow INFO:
	 [Node] Executing "tcc_metadata_filter" <fmriprep.interfaces.confounds.FilterDropped>
250527-20:11:34,741 nipype.workflow INFO:
	 [Node] Finished "tcc_metadata_filter", elapsed time 0.050269s.
250527-20:11:36,164 nipype.workflow INFO:
	 [Node] Setting-up "fmriprep_25_0_wf.sub_GEO013_wf.bold_ses_t2_task_image_run_5_wf.bold_confounds_wf.tcc_metadata_fmt" in "/work/fmriprep_25_0_wf/sub_GEO013_wf/bold_ses_t2_task_image_run_5_wf/bold_confounds_wf/tcc_metadata_fmt".
250527-20:11:36,242 nipype.workflow INFO:
	 [Node] Finished "dvars", elapsed time 19.668676s.
250527-20:11:38,168 nipype.workflow INFO:
	 [Node] Setting-up "fmriprep_25_0_wf.sub_GEO013_wf.bold_ses_t3_task_image_run_1_wf.bold_confounds_wf.tcompcor" in "/work/fmriprep_25_0_wf/sub_GEO013_wf/bold_ses_t3_task_image_run_1_wf/bold_confounds_wf/tcompcor".
250527-20:11:38,293 nipype.workflow INFO:
	 [Node] Executing "tcc_metadata_fmt" <niworkflows.interfaces.utility.TSV2JSON>
250527-20:11:38,301 nipype.workflow INFO:
	 [Node] Finished "tcc_metadata_fmt", elapsed time 0.006036s.
250527-20:11:40,380 nipype.workflow INFO:
	 [Node] Executing "tcompcor" <niworkflows.interfaces.patches.RobustTCompCor>
250527-20:11:46,303 nipype.workflow INFO:
	 [Node] Setting-up "_denoise1" in "/work/fmriprep_25_0_wf/sub_GEO013_wf/anat_fit_wf/anat_template_wf/denoise/mapflow/_denoise1".
250527-20:11:47,268 nipype.workflow INFO:
	 [Node] Executing "_denoise1" <nipype.interfaces.ants.segmentation.DenoiseImage>
250527-20:11:52,122 nipype.workflow INFO:
	 [Node] Finished "tcompcor", elapsed time 11.733256s.
250527-20:11:54,489 nipype.workflow INFO:
	 [Node] Setting-up "fmriprep_25_0_wf.sub_GEO013_wf.bold_ses_t3_task_image_run_2_wf.bold_confounds_wf.dvars" in "/work/fmriprep_25_0_wf/sub_GEO013_wf/bold_ses_t3_task_image_run_2_wf/bold_confounds_wf/dvars".
250527-20:11:56,276 nipype.workflow INFO:
	 [Node] Executing "dvars" <nipype.algorithms.confounds.ComputeDVARS>
250527-20:12:15,301 nipype.workflow INFO:
	 [Node] Finished "dvars", elapsed time 19.012904s.
250527-20:12:18,161 nipype.workflow INFO:
	 [Node] Setting-up "fmriprep_25_0_wf.sub_GEO013_wf.bold_ses_t3_task_image_run_2_wf.bold_confounds_wf.tcompcor" in "/work/fmriprep_25_0_wf/sub_GEO013_wf/bold_ses_t3_task_image_run_2_wf/bold_confounds_wf/tcompcor".
250527-20:12:19,957 nipype.workflow INFO:
	 [Node] Executing "tcompcor" <niworkflows.interfaces.patches.RobustTCompCor>
250527-20:12:25,88 nipype.workflow INFO:
	 [Node] Finished "_denoise1", elapsed time 37.818249s.
250527-20:12:27,966 nipype.workflow INFO:
	 [Node] Setting-up "_denoise0" in "/work/fmriprep_25_0_wf/sub_GEO013_wf/anat_fit_wf/anat_template_wf/denoise/mapflow/_denoise0".
250527-20:12:27,976 nipype.workflow INFO:
	 [Node] Cached "_denoise0" - collecting precomputed outputs
250527-20:12:27,976 nipype.workflow INFO:
	 [Node] "_denoise0" found cached.
250527-20:12:27,977 nipype.workflow INFO:
	 [Node] Setting-up "_denoise1" in "/work/fmriprep_25_0_wf/sub_GEO013_wf/anat_fit_wf/anat_template_wf/denoise/mapflow/_denoise1".
250527-20:12:27,985 nipype.workflow INFO:
	 [Node] Cached "_denoise1" - collecting precomputed outputs
250527-20:12:27,985 nipype.workflow INFO:
	 [Node] "_denoise1" found cached.
250527-20:12:30,606 nipype.workflow INFO:
	 [Node] Setting-up "fmriprep_25_0_wf.sub_GEO013_wf.bold_ses_t3_task_image_run_1_wf.bold_confounds_wf.tcc_metadata_filter" in "/work/fmriprep_25_0_wf/sub_GEO013_wf/bold_ses_t3_task_image_run_1_wf/bold_confounds_wf/tcc_metadata_filter".
250527-20:12:31,617 nipype.workflow INFO:
	 [Node] Finished "tcompcor", elapsed time 11.658487000000001s.
250527-20:12:32,680 nipype.workflow INFO:
	 [Node] Executing "tcc_metadata_filter" <fmriprep.interfaces.confounds.FilterDropped>
250527-20:12:32,925 nipype.workflow INFO:
	 [Node] Finished "tcc_metadata_filter", elapsed time 0.244258s.
250527-20:12:36,34 nipype.workflow INFO:
	 [Node] Setting-up "fmriprep_25_0_wf.sub_GEO013_wf.bold_ses_t3_task_image_run_3_wf.bold_confounds_wf.dvars" in "/work/fmriprep_25_0_wf/sub_GEO013_wf/bold_ses_t3_task_image_run_3_wf/bold_confounds_wf/dvars".
250527-20:12:36,35 nipype.workflow INFO:
	 [Node] Setting-up "fmriprep_25_0_wf.sub_GEO013_wf.bold_ses_t3_task_image_run_2_wf.bold_confounds_wf.tcc_metadata_filter" in "/work/fmriprep_25_0_wf/sub_GEO013_wf/bold_ses_t3_task_image_run_2_wf/bold_confounds_wf/tcc_metadata_filter".
250527-20:12:36,40 nipype.workflow INFO:
	 [Node] Setting-up "fmriprep_25_0_wf.sub_GEO013_wf.bold_ses_t3_task_image_run_1_wf.bold_confounds_wf.tcc_metadata_fmt" in "/work/fmriprep_25_0_wf/sub_GEO013_wf/bold_ses_t3_task_image_run_1_wf/bold_confounds_wf/tcc_metadata_fmt".
250527-20:12:36,43 nipype.workflow INFO:
	 [Node] Setting-up "_anat_conform0" in "/work/fmriprep_25_0_wf/sub_GEO013_wf/anat_fit_wf/anat_template_wf/anat_conform/mapflow/_anat_conform0".
250527-20:12:36,44 nipype.workflow INFO:
	 [Node] Setting-up "_anat_conform1" in "/work/fmriprep_25_0_wf/sub_GEO013_wf/anat_fit_wf/anat_template_wf/anat_conform/mapflow/_anat_conform1".
250527-20:12:38,34 nipype.workflow INFO:
	 [Node] Executing "tcc_metadata_filter" <fmriprep.interfaces.confounds.FilterDropped>
250527-20:12:38,81 nipype.workflow INFO:
	 [Node] Executing "tcc_metadata_fmt" <niworkflows.interfaces.utility.TSV2JSON>
250527-20:12:38,92 nipype.workflow INFO:
	 [Node] Finished "tcc_metadata_fmt", elapsed time 0.009356s.
250527-20:12:38,360 nipype.workflow INFO:
	 [Node] Finished "tcc_metadata_filter", elapsed time 0.324375s.
250527-20:12:38,384 nipype.workflow INFO:
	 [Node] Executing "dvars" <nipype.algorithms.confounds.ComputeDVARS>
250527-20:12:38,428 nipype.workflow INFO:
	 [Node] Executing "_anat_conform1" <niworkflows.interfaces.images.Conform>
250527-20:12:38,643 nipype.workflow INFO:
	 [Node] Finished "_anat_conform1", elapsed time 0.214056s.
250527-20:12:38,650 nipype.workflow INFO:
	 [Node] Executing "_anat_conform0" <niworkflows.interfaces.images.Conform>
250527-20:12:38,908 nipype.workflow INFO:
	 [Node] Finished "_anat_conform0", elapsed time 0.256305s.
250527-20:12:40,12 nipype.workflow INFO:
	 [Node] Setting-up "fmriprep_25_0_wf.sub_GEO013_wf.bold_ses_t3_task_image_run_2_wf.bold_confounds_wf.tcc_metadata_fmt" in "/work/fmriprep_25_0_wf/sub_GEO013_wf/bold_ses_t3_task_image_run_2_wf/bold_confounds_wf/tcc_metadata_fmt".
250527-20:12:41,406 nipype.workflow INFO:
	 [Node] Setting-up "_anat_conform0" in "/work/fmriprep_25_0_wf/sub_GEO013_wf/anat_fit_wf/anat_template_wf/anat_conform/mapflow/_anat_conform0".
250527-20:12:41,412 nipype.workflow INFO:
	 [Node] Cached "_anat_conform0" - collecting precomputed outputs
250527-20:12:41,412 nipype.workflow INFO:
	 [Node] "_anat_conform0" found cached.
250527-20:12:41,413 nipype.workflow INFO:
	 [Node] Setting-up "_anat_conform1" in "/work/fmriprep_25_0_wf/sub_GEO013_wf/anat_fit_wf/anat_template_wf/anat_conform/mapflow/_anat_conform1".
250527-20:12:41,419 nipype.workflow INFO:
	 [Node] Cached "_anat_conform1" - collecting precomputed outputs
250527-20:12:41,419 nipype.workflow INFO:
	 [Node] "_anat_conform1" found cached.
250527-20:12:42,931 nipype.workflow INFO:
	 [Node] Executing "tcc_metadata_fmt" <niworkflows.interfaces.utility.TSV2JSON>
250527-20:12:42,938 nipype.workflow INFO:
	 [Node] Finished "tcc_metadata_fmt", elapsed time 0.005915s.
250527-20:12:46,39 nipype.workflow INFO:
	 [Node] Setting-up "_denoise0" in "/work/fmriprep_25_0_wf/sub_GEO013_wf/anat_fit_wf/t2w_template_wf/denoise/mapflow/_denoise0".
250527-20:12:47,695 nipype.workflow INFO:
	 [Node] Executing "_denoise0" <nipype.interfaces.ants.segmentation.DenoiseImage>
250527-20:12:59,776 nipype.workflow INFO:
	 [Node] Finished "dvars", elapsed time 21.390943s.
250527-20:13:02,215 nipype.workflow INFO:
	 [Node] Setting-up "fmriprep_25_0_wf.sub_GEO013_wf.bold_ses_t3_task_image_run_3_wf.bold_confounds_wf.tcompcor" in "/work/fmriprep_25_0_wf/sub_GEO013_wf/bold_ses_t3_task_image_run_3_wf/bold_confounds_wf/tcompcor".
250527-20:13:03,609 nipype.workflow INFO:
	 [Node] Executing "tcompcor" <niworkflows.interfaces.patches.RobustTCompCor>
250527-20:13:14,758 nipype.workflow INFO:
	 [Node] Finished "tcompcor", elapsed time 11.147392s.
250527-20:13:16,62 nipype.workflow INFO:
	 [Node] Setting-up "fmriprep_25_0_wf.sub_GEO013_wf.bold_ses_t3_task_image_run_4_wf.bold_confounds_wf.dvars" in "/work/fmriprep_25_0_wf/sub_GEO013_wf/bold_ses_t3_task_image_run_4_wf/bold_confounds_wf/dvars".
250527-20:13:19,223 nipype.workflow INFO:
	 [Node] Executing "dvars" <nipype.algorithms.confounds.ComputeDVARS>
250527-20:13:38,535 nipype.workflow INFO:
	 [Node] Finished "dvars", elapsed time 19.309446s.
250527-20:13:40,72 nipype.workflow INFO:
	 [Node] Setting-up "fmriprep_25_0_wf.sub_GEO013_wf.bold_ses_t3_task_image_run_4_wf.bold_confounds_wf.tcompcor" in "/work/fmriprep_25_0_wf/sub_GEO013_wf/bold_ses_t3_task_image_run_4_wf/bold_confounds_wf/tcompcor".
250527-20:13:41,59 nipype.workflow INFO:
	 [Node] Executing "tcompcor" <niworkflows.interfaces.patches.RobustTCompCor>
250527-20:13:44,613 nipype.workflow INFO:
	 [Node] Finished "_denoise0", elapsed time 56.916875s.
250527-20:13:49,204 nipype.workflow INFO:
	 [Node] Setting-up "fmriprep_25_0_wf.sub_GEO013_wf.bold_ses_t3_task_image_run_3_wf.bold_confounds_wf.tcc_metadata_filter" in "/work/fmriprep_25_0_wf/sub_GEO013_wf/bold_ses_t3_task_image_run_3_wf/bold_confounds_wf/tcc_metadata_filter".
250527-20:13:53,259 nipype.workflow INFO:
	 [Node] Executing "tcc_metadata_filter" <fmriprep.interfaces.confounds.FilterDropped>
250527-20:13:53,288 nipype.workflow INFO:
	 [Node] Finished "tcompcor", elapsed time 12.22813s.
250527-20:13:53,355 nipype.workflow INFO:
	 [Node] Finished "tcc_metadata_filter", elapsed time 0.095339s.
250527-20:13:56,553 nipype.workflow INFO:
	 [Node] Setting-up "_n4_correct0" in "/work/fmriprep_25_0_wf/sub_GEO013_wf/anat_fit_wf/anat_template_wf/n4_correct/mapflow/_n4_correct0".
250527-20:13:56,553 nipype.workflow INFO:
	 [Node] Setting-up "_n4_correct1" in "/work/fmriprep_25_0_wf/sub_GEO013_wf/anat_fit_wf/anat_template_wf/n4_correct/mapflow/_n4_correct1".
250527-20:13:56,898 nipype.workflow INFO:
	 [Node] Setting-up "_anat_conform_xfm1" in "/work/fmriprep_25_0_wf/sub_GEO013_wf/anat_fit_wf/anat_template_wf/anat_conform_xfm/mapflow/_anat_conform_xfm1".
250527-20:13:56,899 nipype.workflow INFO:
	 [Node] Setting-up "_anat_conform_xfm0" in "/work/fmriprep_25_0_wf/sub_GEO013_wf/anat_fit_wf/anat_template_wf/anat_conform_xfm/mapflow/_anat_conform_xfm0".
250527-20:13:56,937 nipype.workflow INFO:
	 [Node] Setting-up "fmriprep_25_0_wf.sub_GEO013_wf.bold_ses_t3_task_image_run_5_wf.bold_confounds_wf.dvars" in "/work/fmriprep_25_0_wf/sub_GEO013_wf/bold_ses_t3_task_image_run_5_wf/bold_confounds_wf/dvars".
250527-20:13:56,938 nipype.workflow INFO:
	 [Node] Setting-up "fmriprep_25_0_wf.sub_GEO013_wf.bold_ses_t3_task_image_run_4_wf.bold_confounds_wf.tcc_metadata_filter" in "/work/fmriprep_25_0_wf/sub_GEO013_wf/bold_ses_t3_task_image_run_4_wf/bold_confounds_wf/tcc_metadata_filter".
250527-20:13:56,950 nipype.workflow INFO:
	 [Node] Setting-up "fmriprep_25_0_wf.sub_GEO013_wf.bold_ses_t3_task_image_run_3_wf.bold_confounds_wf.tcc_metadata_fmt" in "/work/fmriprep_25_0_wf/sub_GEO013_wf/bold_ses_t3_task_image_run_3_wf/bold_confounds_wf/tcc_metadata_fmt".
250527-20:13:57,818 nipype.workflow INFO:
	 [Node] Executing "_n4_correct0" <nipype.interfaces.ants.segmentation.N4BiasFieldCorrection>
250527-20:13:58,397 nipype.workflow INFO:
	 [Node] Executing "_n4_correct1" <nipype.interfaces.ants.segmentation.N4BiasFieldCorrection>
250527-20:13:58,597 nipype.workflow INFO:
	 [Node] Executing "tcc_metadata_fmt" <niworkflows.interfaces.utility.TSV2JSON>
250527-20:13:58,607 nipype.workflow INFO:
	 [Node] Finished "tcc_metadata_fmt", elapsed time 0.007992s.
250527-20:13:58,887 nipype.workflow INFO:
	 [Node] Executing "_anat_conform_xfm0" <niworkflows.interfaces.freesurfer.PatchedLTAConvert>
250527-20:13:59,31 nipype.workflow INFO:
	 [Node] Executing "_anat_conform_xfm1" <niworkflows.interfaces.freesurfer.PatchedLTAConvert>
250527-20:13:59,33 nipype.workflow INFO:
	 [Node] Executing "tcc_metadata_filter" <fmriprep.interfaces.confounds.FilterDropped>
250527-20:13:59,51 nipype.workflow INFO:
	 [Node] Executing "dvars" <nipype.algorithms.confounds.ComputeDVARS>
250527-20:13:59,217 nipype.workflow INFO:
	 [Node] Finished "tcc_metadata_filter", elapsed time 0.181954s.
250527-20:13:59,942 nipype.workflow INFO:
	 [Node] Finished "_anat_conform_xfm1", elapsed time 0.908969s.
250527-20:14:00,14 nipype.workflow INFO:
	 [Node] Finished "_anat_conform_xfm0", elapsed time 1.126334s.
250527-20:14:00,974 nipype.workflow INFO:
	 [Node] Setting-up "fmriprep_25_0_wf.sub_GEO013_wf.bold_ses_t3_task_image_run_4_wf.bold_confounds_wf.tcc_metadata_fmt" in "/work/fmriprep_25_0_wf/sub_GEO013_wf/bold_ses_t3_task_image_run_4_wf/bold_confounds_wf/tcc_metadata_fmt".
250527-20:14:01,778 nipype.workflow INFO:
	 [Node] Executing "tcc_metadata_fmt" <niworkflows.interfaces.utility.TSV2JSON>
250527-20:14:01,803 nipype.workflow INFO:
	 [Node] Finished "tcc_metadata_fmt", elapsed time 0.023639s.
250527-20:14:03,869 nipype.workflow INFO:
	 [Node] Setting-up "_anat_conform_xfm0" in "/work/fmriprep_25_0_wf/sub_GEO013_wf/anat_fit_wf/anat_template_wf/anat_conform_xfm/mapflow/_anat_conform_xfm0".
250527-20:14:03,875 nipype.workflow INFO:
	 [Node] Cached "_anat_conform_xfm0" - collecting precomputed outputs
250527-20:14:03,875 nipype.workflow INFO:
	 [Node] "_anat_conform_xfm0" found cached.
250527-20:14:03,876 nipype.workflow INFO:
	 [Node] Setting-up "_anat_conform_xfm1" in "/work/fmriprep_25_0_wf/sub_GEO013_wf/anat_fit_wf/anat_template_wf/anat_conform_xfm/mapflow/_anat_conform_xfm1".
250527-20:14:03,881 nipype.workflow INFO:
	 [Node] Cached "_anat_conform_xfm1" - collecting precomputed outputs
250527-20:14:03,881 nipype.workflow INFO:
	 [Node] "_anat_conform_xfm1" found cached.
250527-20:14:18,181 nipype.workflow INFO:
	 [Node] Finished "dvars", elapsed time 19.1251s.
250527-20:14:20,915 nipype.workflow INFO:
	 [Node] Setting-up "fmriprep_25_0_wf.sub_GEO013_wf.bold_ses_t3_task_image_run_5_wf.bold_confounds_wf.tcompcor" in "/work/fmriprep_25_0_wf/sub_GEO013_wf/bold_ses_t3_task_image_run_5_wf/bold_confounds_wf/tcompcor".
250527-20:14:22,579 nipype.workflow INFO:
	 [Node] Executing "tcompcor" <niworkflows.interfaces.patches.RobustTCompCor>
250527-20:14:34,48 nipype.workflow INFO:
	 [Node] Finished "tcompcor", elapsed time 11.467695s.
250527-20:14:35,616 nipype.workflow INFO:
	 [Node] Setting-up "fmriprep_25_0_wf.sub_GEO013_wf.bold_ses_t3_task_retrans_run_1_wf.bold_confounds_wf.dvars" in "/work/fmriprep_25_0_wf/sub_GEO013_wf/bold_ses_t3_task_retrans_run_1_wf/bold_confounds_wf/dvars".
250527-20:14:35,617 nipype.workflow INFO:
	 [Node] Setting-up "fmriprep_25_0_wf.sub_GEO013_wf.bold_ses_t3_task_image_run_5_wf.bold_confounds_wf.tcc_metadata_filter" in "/work/fmriprep_25_0_wf/sub_GEO013_wf/bold_ses_t3_task_image_run_5_wf/bold_confounds_wf/tcc_metadata_filter".
250527-20:14:36,834 nipype.workflow INFO:
	 [Node] Executing "dvars" <nipype.algorithms.confounds.ComputeDVARS>
250527-20:14:38,94 nipype.workflow INFO:
	 [Node] Executing "tcc_metadata_filter" <fmriprep.interfaces.confounds.FilterDropped>
250527-20:14:38,397 nipype.workflow INFO:
	 [Node] Finished "tcc_metadata_filter", elapsed time 0.300837s.
250527-20:14:39,630 nipype.workflow INFO:
	 [Node] Setting-up "fmriprep_25_0_wf.sub_GEO013_wf.bold_ses_t3_task_image_run_5_wf.bold_confounds_wf.tcc_metadata_fmt" in "/work/fmriprep_25_0_wf/sub_GEO013_wf/bold_ses_t3_task_image_run_5_wf/bold_confounds_wf/tcc_metadata_fmt".
250527-20:14:41,920 nipype.workflow INFO:
	 [Node] Executing "tcc_metadata_fmt" <niworkflows.interfaces.utility.TSV2JSON>
250527-20:14:41,955 nipype.workflow INFO:
	 [Node] Finished "tcc_metadata_fmt", elapsed time 0.029531s.
250527-20:15:00,881 nipype.workflow INFO:
	 [Node] Finished "dvars", elapsed time 24.046455s.
250527-20:15:02,346 nipype.workflow INFO:
	 [Node] Finished "_n4_correct1", elapsed time 63.946901s.
250527-20:15:03,274 nipype.workflow INFO:
	 [Node] Finished "_n4_correct0", elapsed time 65.455371s.
250527-20:15:03,640 nipype.workflow INFO:
	 [Node] Setting-up "fmriprep_25_0_wf.sub_GEO013_wf.bold_ses_t3_task_retrans_run_1_wf.bold_confounds_wf.tcompcor" in "/work/fmriprep_25_0_wf/sub_GEO013_wf/bold_ses_t3_task_retrans_run_1_wf/bold_confounds_wf/tcompcor".
250527-20:15:06,381 nipype.workflow INFO:
	 [Node] Executing "tcompcor" <niworkflows.interfaces.patches.RobustTCompCor>
250527-20:15:12,755 nipype.workflow INFO:
	 [Node] Setting-up "_n4_correct0" in "/work/fmriprep_25_0_wf/sub_GEO013_wf/anat_fit_wf/anat_template_wf/n4_correct/mapflow/_n4_correct0".
250527-20:15:12,765 nipype.workflow INFO:
	 [Node] Cached "_n4_correct0" - collecting precomputed outputs
250527-20:15:12,765 nipype.workflow INFO:
	 [Node] "_n4_correct0" found cached.
250527-20:15:12,766 nipype.workflow INFO:
	 [Node] Setting-up "_n4_correct1" in "/work/fmriprep_25_0_wf/sub_GEO013_wf/anat_fit_wf/anat_template_wf/n4_correct/mapflow/_n4_correct1".
250527-20:15:12,781 nipype.workflow INFO:
	 [Node] Cached "_n4_correct1" - collecting precomputed outputs
250527-20:15:12,781 nipype.workflow INFO:
	 [Node] "_n4_correct1" found cached.
250527-20:15:14,696 nipype.workflow INFO:
	 [Node] Setting-up "_denoise1" in "/work/fmriprep_25_0_wf/sub_GEO013_wf/anat_fit_wf/t2w_template_wf/denoise/mapflow/_denoise1".
250527-20:15:15,235 nipype.workflow INFO:
	 [Node] Executing "_denoise1" <nipype.interfaces.ants.segmentation.DenoiseImage>
250527-20:15:20,299 nipype.workflow INFO:
	 [Node] Finished "tcompcor", elapsed time 13.906142s.
250527-20:15:22,789 nipype.workflow INFO:
	 [Node] Setting-up "fmriprep_25_0_wf.sub_GEO013_wf.anat_fit_wf.anat_template_wf.anat_merge" in "/work/fmriprep_25_0_wf/sub_GEO013_wf/anat_fit_wf/anat_template_wf/anat_merge".
250527-20:15:24,755 nipype.workflow INFO:
	 [Node] Executing "anat_merge" <niworkflows.interfaces.freesurfer.StructuralReference>
250527-20:16:12,571 nipype.workflow INFO:
	 [Node] Finished "_denoise1", elapsed time 57.335008s.
250527-20:16:16,9 nipype.workflow INFO:
	 [Node] Setting-up "_denoise0" in "/work/fmriprep_25_0_wf/sub_GEO013_wf/anat_fit_wf/t2w_template_wf/denoise/mapflow/_denoise0".
250527-20:16:16,33 nipype.workflow INFO:
	 [Node] Cached "_denoise0" - collecting precomputed outputs
250527-20:16:16,33 nipype.workflow INFO:
	 [Node] "_denoise0" found cached.
250527-20:16:16,35 nipype.workflow INFO:
	 [Node] Setting-up "_denoise1" in "/work/fmriprep_25_0_wf/sub_GEO013_wf/anat_fit_wf/t2w_template_wf/denoise/mapflow/_denoise1".
250527-20:16:16,40 nipype.workflow INFO:
	 [Node] Cached "_denoise1" - collecting precomputed outputs
250527-20:16:16,40 nipype.workflow INFO:
	 [Node] "_denoise1" found cached.
250527-20:16:18,851 nipype.workflow INFO:
	 [Node] Setting-up "fmriprep_25_0_wf.sub_GEO013_wf.bold_ses_t3_task_retrans_run_1_wf.bold_confounds_wf.tcc_metadata_filter" in "/work/fmriprep_25_0_wf/sub_GEO013_wf/bold_ses_t3_task_retrans_run_1_wf/bold_confounds_wf/tcc_metadata_filter".
250527-20:16:19,770 nipype.workflow INFO:
	 [Node] Executing "tcc_metadata_filter" <fmriprep.interfaces.confounds.FilterDropped>
250527-20:16:19,836 nipype.workflow INFO:
	 [Node] Finished "tcc_metadata_filter", elapsed time 0.064976s.
250527-20:16:20,551 nipype.workflow INFO:
	 [Node] Setting-up "fmriprep_25_0_wf.sub_GEO013_wf.bold_ses_t3_task_retrans_run_1_wf.bold_confounds_wf.tcc_metadata_fmt" in "/work/fmriprep_25_0_wf/sub_GEO013_wf/bold_ses_t3_task_retrans_run_1_wf/bold_confounds_wf/tcc_metadata_fmt".
250527-20:16:20,553 nipype.workflow INFO:
	 [Node] Setting-up "_anat_conform0" in "/work/fmriprep_25_0_wf/sub_GEO013_wf/anat_fit_wf/t2w_template_wf/anat_conform/mapflow/_anat_conform0".
250527-20:16:20,554 nipype.workflow INFO:
	 [Node] Setting-up "_anat_conform1" in "/work/fmriprep_25_0_wf/sub_GEO013_wf/anat_fit_wf/t2w_template_wf/anat_conform/mapflow/_anat_conform1".
250527-20:16:22,665 nipype.workflow INFO:
	 [Node] Executing "_anat_conform0" <niworkflows.interfaces.images.Conform>
250527-20:16:22,714 nipype.workflow INFO:
	 [Node] Executing "_anat_conform1" <niworkflows.interfaces.images.Conform>
250527-20:16:22,831 nipype.workflow INFO:
	 [Node] Finished "_anat_conform0", elapsed time 0.165581s.
250527-20:16:22,833 nipype.workflow INFO:
	 [Node] Finished "_anat_conform1", elapsed time 0.118189s.
250527-20:16:23,468 nipype.workflow INFO:
	 [Node] Executing "tcc_metadata_fmt" <niworkflows.interfaces.utility.TSV2JSON>
250527-20:16:23,475 nipype.workflow INFO:
	 [Node] Finished "tcc_metadata_fmt", elapsed time 0.006415s.
250527-20:16:25,923 nipype.workflow INFO:
	 [Node] Setting-up "_anat_conform0" in "/work/fmriprep_25_0_wf/sub_GEO013_wf/anat_fit_wf/t2w_template_wf/anat_conform/mapflow/_anat_conform0".
250527-20:16:25,928 nipype.workflow INFO:
	 [Node] Cached "_anat_conform0" - collecting precomputed outputs
250527-20:16:25,928 nipype.workflow INFO:
	 [Node] "_anat_conform0" found cached.
250527-20:16:25,928 nipype.workflow INFO:
	 [Node] Setting-up "_anat_conform1" in "/work/fmriprep_25_0_wf/sub_GEO013_wf/anat_fit_wf/t2w_template_wf/anat_conform/mapflow/_anat_conform1".
250527-20:16:25,933 nipype.workflow INFO:
	 [Node] Cached "_anat_conform1" - collecting precomputed outputs
250527-20:16:25,933 nipype.workflow INFO:
	 [Node] "_anat_conform1" found cached.
250527-20:16:30,575 nipype.workflow INFO:
	 [Node] Setting-up "_n4_correct0" in "/work/fmriprep_25_0_wf/sub_GEO013_wf/anat_fit_wf/t2w_template_wf/n4_correct/mapflow/_n4_correct0".
250527-20:16:30,575 nipype.workflow INFO:
	 [Node] Setting-up "_n4_correct1" in "/work/fmriprep_25_0_wf/sub_GEO013_wf/anat_fit_wf/t2w_template_wf/n4_correct/mapflow/_n4_correct1".
250527-20:16:30,616 nipype.workflow INFO:
	 [Node] Setting-up "_anat_conform_xfm0" in "/work/fmriprep_25_0_wf/sub_GEO013_wf/anat_fit_wf/t2w_template_wf/anat_conform_xfm/mapflow/_anat_conform_xfm0".
250527-20:16:30,617 nipype.workflow INFO:
	 [Node] Setting-up "_anat_conform_xfm1" in "/work/fmriprep_25_0_wf/sub_GEO013_wf/anat_fit_wf/t2w_template_wf/anat_conform_xfm/mapflow/_anat_conform_xfm1".
250527-20:16:31,649 nipype.workflow INFO:
	 [Node] Executing "_anat_conform_xfm1" <niworkflows.interfaces.freesurfer.PatchedLTAConvert>
250527-20:16:31,991 nipype.workflow INFO:
	 [Node] Finished "_anat_conform_xfm1", elapsed time 0.341097s.
250527-20:16:31,997 nipype.workflow INFO:
	 [Node] Executing "_n4_correct1" <nipype.interfaces.ants.segmentation.N4BiasFieldCorrection>
250527-20:16:32,3 nipype.workflow INFO:
	 [Node] Executing "_n4_correct0" <nipype.interfaces.ants.segmentation.N4BiasFieldCorrection>
250527-20:16:32,11 nipype.workflow INFO:
	 [Node] Executing "_anat_conform_xfm0" <niworkflows.interfaces.freesurfer.PatchedLTAConvert>
250527-20:16:32,707 nipype.workflow INFO:
	 [Node] Finished "_anat_conform_xfm0", elapsed time 0.695003s.
250527-20:16:35,658 nipype.workflow INFO:
	 [Node] Setting-up "_anat_conform_xfm0" in "/work/fmriprep_25_0_wf/sub_GEO013_wf/anat_fit_wf/t2w_template_wf/anat_conform_xfm/mapflow/_anat_conform_xfm0".
250527-20:16:35,665 nipype.workflow INFO:
	 [Node] Cached "_anat_conform_xfm0" - collecting precomputed outputs
250527-20:16:35,666 nipype.workflow INFO:
	 [Node] "_anat_conform_xfm0" found cached.
250527-20:16:35,666 nipype.workflow INFO:
	 [Node] Setting-up "_anat_conform_xfm1" in "/work/fmriprep_25_0_wf/sub_GEO013_wf/anat_fit_wf/t2w_template_wf/anat_conform_xfm/mapflow/_anat_conform_xfm1".
250527-20:16:35,676 nipype.workflow INFO:
	 [Node] Cached "_anat_conform_xfm1" - collecting precomputed outputs
250527-20:16:35,676 nipype.workflow INFO:
	 [Node] "_anat_conform_xfm1" found cached.
250527-20:16:46,892 nipype.workflow INFO:
	 [Node] Finished "anat_merge", elapsed time 82.12525s.
250527-20:16:48,578 nipype.workflow INFO:
	 [Node] Setting-up "fmriprep_25_0_wf.sub_GEO013_wf.anat_fit_wf.anat_template_wf.anat_reorient" in "/work/fmriprep_25_0_wf/sub_GEO013_wf/anat_fit_wf/anat_template_wf/anat_reorient".
250527-20:16:49,696 nipype.workflow INFO:
	 [Node] Executing "anat_reorient" <nipype.interfaces.image.Reorient>
250527-20:16:50,184 nipype.workflow INFO:
	 [Node] Finished "anat_reorient", elapsed time 0.486997s.
250527-20:17:05,139 nipype.workflow INFO:
	 [Node] Setting-up "fmriprep_25_0_wf.sub_GEO013_wf.anat_fit_wf.surface_recon_wf.recon_config" in "/work/fmriprep_25_0_wf/sub_GEO013_wf/anat_fit_wf/surface_recon_wf/recon_config".
250527-20:17:05,139 nipype.workflow INFO:
	 [Node] Setting-up "fmriprep_25_0_wf.sub_GEO013_wf.anat_fit_wf.surface_recon_wf.fov_check" in "/work/fmriprep_25_0_wf/sub_GEO013_wf/anat_fit_wf/surface_recon_wf/fov_check".
250527-20:17:06,802 nipype.workflow INFO:
	 [Node] Setting-up "_truncate_images0" in "/work/fmriprep_25_0_wf/sub_GEO013_wf/anat_fit_wf/brain_extraction_wf/truncate_images/mapflow/_truncate_images0".
250527-20:17:07,249 nipype.workflow INFO:
	 [Node] Executing "recon_config" <niworkflows.interfaces.freesurfer.FSDetectInputs>
250527-20:17:07,509 nipype.workflow INFO:
	 [Node] Finished "recon_config", elapsed time 0.258224s.
250527-20:17:07,871 nipype.workflow INFO:
	 [Node] Executing "fov_check" <nipype.interfaces.utility.wrappers.Function>
250527-20:17:08,249 nipype.workflow INFO:
	 [Node] Finished "fov_check", elapsed time 0.375963s.
250527-20:17:08,994 nipype.workflow INFO:
	 [Node] Executing "_truncate_images0" <nipype.interfaces.ants.utils.ImageMath>
250527-20:17:16,1 nipype.workflow INFO:
	 [Node] Finished "_truncate_images0", elapsed time 7.005855s.
250527-20:18:00,907 nipype.workflow INFO:
	 [Node] Finished "_n4_correct0", elapsed time 88.901174s.
250527-20:18:02,939 nipype.workflow INFO:
	 [Node] Finished "_n4_correct1", elapsed time 90.939507s.
250527-20:18:04,2 nipype.workflow INFO:
	 [Node] Setting-up "_inu_n40" in "/work/fmriprep_25_0_wf/sub_GEO013_wf/anat_fit_wf/brain_extraction_wf/inu_n4/mapflow/_inu_n40".
250527-20:18:06,496 nipype.workflow INFO:
	 [Node] Setting-up "_n4_correct0" in "/work/fmriprep_25_0_wf/sub_GEO013_wf/anat_fit_wf/t2w_template_wf/n4_correct/mapflow/_n4_correct0".
250527-20:18:06,501 nipype.workflow INFO:
	 [Node] Cached "_n4_correct0" - collecting precomputed outputs
250527-20:18:06,501 nipype.workflow INFO:
	 [Node] "_n4_correct0" found cached.
250527-20:18:06,502 nipype.workflow INFO:
	 [Node] Setting-up "_n4_correct1" in "/work/fmriprep_25_0_wf/sub_GEO013_wf/anat_fit_wf/t2w_template_wf/n4_correct/mapflow/_n4_correct1".
250527-20:18:06,505 nipype.workflow INFO:
	 [Node] Cached "_n4_correct1" - collecting precomputed outputs
250527-20:18:06,505 nipype.workflow INFO:
	 [Node] "_n4_correct1" found cached.
250527-20:18:07,945 nipype.workflow INFO:
	 [Node] Executing "_inu_n40" <nipype.interfaces.ants.segmentation.N4BiasFieldCorrection>
250527-20:18:08,905 nipype.workflow INFO:
	 [Node] Setting-up "fmriprep_25_0_wf.sub_GEO013_wf.anat_fit_wf.t2w_template_wf.anat_merge" in "/work/fmriprep_25_0_wf/sub_GEO013_wf/anat_fit_wf/t2w_template_wf/anat_merge".
250527-20:18:10,350 nipype.workflow INFO:
	 [Node] Executing "anat_merge" <niworkflows.interfaces.freesurfer.StructuralReference>
250527-20:18:25,275 nipype.workflow INFO:
	 [Node] Finished "_inu_n40", elapsed time 17.327957s.
250527-20:18:26,980 nipype.workflow INFO:
	 [Node] Setting-up "fmriprep_25_0_wf.sub_GEO013_wf.anat_fit_wf.surface_recon_wf.autorecon1" in "/work/fmriprep_25_0_wf/sub_GEO013_wf/anat_fit_wf/surface_recon_wf/autorecon1".
250527-20:18:29,183 nipype.workflow INFO:
	 [Node] Executing "autorecon1" <smriprep.interfaces.freesurfer.ReconAll>
250527-20:19:47,636 nipype.workflow INFO:
	 [Node] Finished "anat_merge", elapsed time 97.267538s.
250527-20:19:48,909 nipype.workflow INFO:
	 [Node] Setting-up "fmriprep_25_0_wf.sub_GEO013_wf.anat_fit_wf.t2w_template_wf.anat_reorient" in "/work/fmriprep_25_0_wf/sub_GEO013_wf/anat_fit_wf/t2w_template_wf/anat_reorient".
250527-20:19:49,478 nipype.workflow INFO:
	 [Node] Executing "anat_reorient" <nipype.interfaces.image.Reorient>
250527-20:19:49,792 nipype.workflow INFO:
	 [Node] Finished "anat_reorient", elapsed time 0.312171s.
250527-20:19:50,897 nipype.workflow INFO:
	 [Node] Setting-up "fmriprep_25_0_wf.sub_GEO013_wf.anat_fit_wf.brain_extraction_wf.res_target" in "/work/fmriprep_25_0_wf/sub_GEO013_wf/anat_fit_wf/brain_extraction_wf/res_target".
250527-20:19:51,620 nipype.workflow INFO:
	 [Node] Executing "res_target" <niworkflows.interfaces.nibabel.RegridToZooms>
250527-20:19:52,670 nipype.workflow INFO:
	 [Node] Finished "res_target", elapsed time 1.049329s.
250527-20:19:54,820 nipype.workflow INFO:
	 [Node] Setting-up "fmriprep_25_0_wf.sub_GEO013_wf.anat_fit_wf.brain_extraction_wf.lap_target" in "/work/fmriprep_25_0_wf/sub_GEO013_wf/anat_fit_wf/brain_extraction_wf/lap_target".
250527-20:19:55,465 nipype.workflow INFO:
	 [Node] Executing "lap_target" <nipype.interfaces.ants.utils.ImageMath>
250527-20:20:03,250 nipype.workflow INFO:
	 [Node] Finished "lap_target", elapsed time 7.783843s.
250527-20:20:04,940 nipype.workflow INFO:
	 [Node] Setting-up "fmriprep_25_0_wf.sub_GEO013_wf.anat_fit_wf.brain_extraction_wf.mrg_target" in "/work/fmriprep_25_0_wf/sub_GEO013_wf/anat_fit_wf/brain_extraction_wf/mrg_target".
250527-20:20:06,423 nipype.workflow INFO:
	 [Node] Executing "mrg_target" <nipype.interfaces.utility.base.Merge>
250527-20:20:06,425 nipype.workflow INFO:
	 [Node] Finished "mrg_target", elapsed time 0.000552s.
250527-20:25:38,920 nipype.workflow INFO:
	 [Node] Finished "autorecon1", elapsed time 429.729383s.
250527-20:25:40,955 nipype.workflow INFO:
	 [Node] Setting-up "fmriprep_25_0_wf.sub_GEO013_wf.anat_fit_wf.surface_recon_wf.fsnative2t1w_xfm" in "/work/fmriprep_25_0_wf/sub_GEO013_wf/anat_fit_wf/surface_recon_wf/fsnative2t1w_xfm".
250527-20:25:40,983 nipype.workflow INFO:
	 [Node] Setting-up "fmriprep_25_0_wf.sub_GEO013_wf.anat_fit_wf.brain_extraction_wf.init_aff" in "/work/fmriprep_25_0_wf/sub_GEO013_wf/anat_fit_wf/brain_extraction_wf/init_aff".
250527-20:25:42,686 nipype.workflow INFO:
	 [Node] Executing "fsnative2t1w_xfm" <niworkflows.interfaces.freesurfer.PatchedRobustRegister>
250527-20:25:42,733 nipype.workflow INFO:
	 [Node] Executing "init_aff" <nipype.interfaces.ants.utils.AI>
250527-20:25:57,227 nipype.workflow INFO:
	 [Node] Finished "init_aff", elapsed time 14.492365s.
250527-20:25:58,857 nipype.workflow INFO:
	 [Node] Setting-up "fmriprep_25_0_wf.sub_GEO013_wf.anat_fit_wf.brain_extraction_wf.norm" in "/work/fmriprep_25_0_wf/sub_GEO013_wf/anat_fit_wf/brain_extraction_wf/norm".
250527-20:25:59,495 nipype.workflow INFO:
	 [Node] Executing "norm" <niworkflows.interfaces.fixes.FixHeaderRegistration>
250527-20:26:12,48 nipype.workflow INFO:
	 [Node] Finished "fsnative2t1w_xfm", elapsed time 29.361436s.
250527-20:31:24,276 nipype.workflow INFO:
	 [Node] Finished "norm", elapsed time 324.779703s.
250527-20:31:25,738 nipype.workflow INFO:
	 [Node] Setting-up "fmriprep_25_0_wf.sub_GEO013_wf.anat_fit_wf.brain_extraction_wf.map_brainmask" in "/work/fmriprep_25_0_wf/sub_GEO013_wf/anat_fit_wf/brain_extraction_wf/map_brainmask".
250527-20:31:25,739 nipype.workflow INFO:
	 [Node] Setting-up "fmriprep_25_0_wf.sub_GEO013_wf.anat_fit_wf.brain_extraction_wf.map_wmmask" in "/work/fmriprep_25_0_wf/sub_GEO013_wf/anat_fit_wf/brain_extraction_wf/map_wmmask".
250527-20:31:26,436 nipype.workflow INFO:
	 [Node] Executing "map_brainmask" <niworkflows.interfaces.fixes.FixHeaderApplyTransforms>
250527-20:31:26,460 nipype.workflow INFO:
	 [Node] Executing "map_wmmask" <niworkflows.interfaces.fixes.FixHeaderApplyTransforms>
250527-20:31:38,840 nipype.workflow INFO:
	 [Node] Finished "map_brainmask", elapsed time 12.402141s.
250527-20:31:39,737 nipype.workflow INFO:
	 [Node] Setting-up "fmriprep_25_0_wf.sub_GEO013_wf.anat_fit_wf.brain_extraction_wf.thr_brainmask" in "/work/fmriprep_25_0_wf/sub_GEO013_wf/anat_fit_wf/brain_extraction_wf/thr_brainmask".
250527-20:31:40,671 nipype.workflow INFO:
	 [Node] Finished "map_wmmask", elapsed time 14.209532s.
250527-20:31:40,698 nipype.workflow INFO:
	 [Node] Executing "thr_brainmask" <nipype.interfaces.ants.utils.ThresholdImage>
250527-20:31:41,736 nipype.workflow INFO:
	 [Node] Finished "thr_brainmask", elapsed time 1.036333s.
250527-20:31:42,624 nipype.workflow INFO:
	 [Node] Setting-up "_inu_n4_final0" in "/work/fmriprep_25_0_wf/sub_GEO013_wf/anat_fit_wf/brain_extraction_wf/inu_n4_final/mapflow/_inu_n4_final0".
250527-20:31:43,375 nipype.workflow INFO:
	 [Node] Executing "_inu_n4_final0" <nipype.interfaces.ants.segmentation.N4BiasFieldCorrection>
250527-20:31:43,733 nipype.workflow INFO:
	 [Node] Setting-up "fmriprep_25_0_wf.sub_GEO013_wf.anat_fit_wf.brain_extraction_wf.atropos_wf.dil_brainmask" in "/work/fmriprep_25_0_wf/sub_GEO013_wf/anat_fit_wf/brain_extraction_wf/atropos_wf/dil_brainmask".
250527-20:31:43,951 nipype.workflow INFO:
	 [Node] Executing "dil_brainmask" <nipype.interfaces.ants.utils.ImageMath>
250527-20:31:44,978 nipype.workflow INFO:
	 [Node] Finished "dil_brainmask", elapsed time 1.025477s.
250527-20:31:45,686 nipype.workflow INFO:
	 [Node] Setting-up "fmriprep_25_0_wf.sub_GEO013_wf.anat_fit_wf.brain_extraction_wf.atropos_wf.03_pad_mask" in "/work/fmriprep_25_0_wf/sub_GEO013_wf/anat_fit_wf/brain_extraction_wf/atropos_wf/03_pad_mask".
250527-20:31:46,37 nipype.workflow INFO:
	 [Node] Executing "03_pad_mask" <nipype.interfaces.ants.utils.ImageMath>
250527-20:31:46,752 nipype.workflow INFO:
	 [Node] Finished "03_pad_mask", elapsed time 0.713514s.
250527-20:31:47,636 nipype.workflow INFO:
	 [Node] Setting-up "fmriprep_25_0_wf.sub_GEO013_wf.anat_fit_wf.brain_extraction_wf.atropos_wf.get_brainmask" in "/work/fmriprep_25_0_wf/sub_GEO013_wf/anat_fit_wf/brain_extraction_wf/atropos_wf/get_brainmask".
250527-20:31:47,908 nipype.workflow INFO:
	 [Node] Executing "get_brainmask" <nipype.interfaces.ants.utils.ImageMath>
250527-20:31:48,851 nipype.workflow INFO:
	 [Node] Finished "get_brainmask", elapsed time 0.941728s.
250527-20:31:56,855 nipype.workflow INFO:
	 [Node] Finished "_inu_n4_final0", elapsed time 13.4788s.
250527-20:31:59,732 nipype.workflow INFO:
	 [Node] Setting-up "fmriprep_25_0_wf.sub_GEO013_wf.anat_fit_wf.brain_extraction_wf.atropos_wf.01_atropos" in "/work/fmriprep_25_0_wf/sub_GEO013_wf/anat_fit_wf/brain_extraction_wf/atropos_wf/01_atropos".
250527-20:32:00,54 nipype.workflow INFO:
	 [Node] Executing "01_atropos" <nipype.interfaces.ants.segmentation.Atropos>
250527-20:32:00,60 nipype.workflow INFO:
	 [Node] Setting-up "_apply_mask0" in "/work/fmriprep_25_0_wf/sub_GEO013_wf/anat_fit_wf/brain_extraction_wf/apply_mask/mapflow/_apply_mask0".
250527-20:32:00,333 nipype.workflow INFO:
	 [Node] Executing "_apply_mask0" <niworkflows.interfaces.nibabel.ApplyMask>
250527-20:32:01,558 nipype.workflow INFO:
	 [Node] Finished "_apply_mask0", elapsed time 1.2211s.
250527-20:32:22,35 nipype.workflow INFO:
	 [Node] Finished "01_atropos", elapsed time 21.98014s.
250527-20:32:23,651 nipype.workflow INFO:
	 [Node] Setting-up "fmriprep_25_0_wf.sub_GEO013_wf.anat_fit_wf.brain_extraction_wf.atropos_wf.02_pad_segm" in "/work/fmriprep_25_0_wf/sub_GEO013_wf/anat_fit_wf/brain_extraction_wf/atropos_wf/02_pad_segm".
250527-20:32:24,72 nipype.workflow INFO:
	 [Node] Executing "02_pad_segm" <nipype.interfaces.ants.utils.ImageMath>
250527-20:32:24,788 nipype.workflow INFO:
	 [Node] Finished "02_pad_segm", elapsed time 0.715509s.
250527-20:32:25,640 nipype.workflow INFO:
	 [Node] Setting-up "fmriprep_25_0_wf.sub_GEO013_wf.anat_fit_wf.brain_extraction_wf.atropos_wf.04_sel_labels" in "/work/fmriprep_25_0_wf/sub_GEO013_wf/anat_fit_wf/brain_extraction_wf/atropos_wf/04_sel_labels".
250527-20:32:26,247 nipype.workflow INFO:
	 [Node] Executing "04_sel_labels" <nipype.interfaces.utility.wrappers.Function>
250527-20:32:26,567 nipype.workflow INFO:
	 [Node] Finished "04_sel_labels", elapsed time 0.317953s.
250527-20:32:29,278 nipype.workflow INFO:
	 [Node] Setting-up "fmriprep_25_0_wf.sub_GEO013_wf.anat_fit_wf.brain_extraction_wf.atropos_wf.05_get_wm" in "/work/fmriprep_25_0_wf/sub_GEO013_wf/anat_fit_wf/brain_extraction_wf/atropos_wf/05_get_wm".
250527-20:32:29,279 nipype.workflow INFO:
	 [Node] Setting-up "fmriprep_25_0_wf.sub_GEO013_wf.anat_fit_wf.brain_extraction_wf.atropos_wf.06_get_gm" in "/work/fmriprep_25_0_wf/sub_GEO013_wf/anat_fit_wf/brain_extraction_wf/atropos_wf/06_get_gm".
250527-20:32:29,281 nipype.workflow INFO:
	 [Node] Setting-up "fmriprep_25_0_wf.sub_GEO013_wf.anat_fit_wf.brain_extraction_wf.atropos_wf.10_me_csf" in "/work/fmriprep_25_0_wf/sub_GEO013_wf/anat_fit_wf/brain_extraction_wf/atropos_wf/10_me_csf".
250527-20:32:29,301 nipype.workflow INFO:
	 [Node] Setting-up "fmriprep_25_0_wf.sub_GEO013_wf.anat_fit_wf.brain_extraction_wf.atropos_wf.27_depad_csf" in "/work/fmriprep_25_0_wf/sub_GEO013_wf/anat_fit_wf/brain_extraction_wf/atropos_wf/27_depad_csf".
250527-20:32:30,19 nipype.workflow INFO:
	 [Node] Executing "06_get_gm" <nipype.interfaces.ants.utils.ImageMath>
250527-20:32:30,122 nipype.workflow INFO:
	 [Node] Executing "05_get_wm" <nipype.interfaces.ants.utils.ImageMath>
250527-20:32:30,124 nipype.workflow INFO:
	 [Node] Executing "10_me_csf" <nipype.interfaces.ants.utils.ImageMath>
250527-20:32:30,185 nipype.workflow INFO:
	 [Node] Executing "27_depad_csf" <nipype.interfaces.ants.utils.ImageMath>
250527-20:32:30,796 nipype.workflow INFO:
	 [Node] Finished "27_depad_csf", elapsed time 0.610351s.
250527-20:32:31,216 nipype.workflow INFO:
	 [Node] Finished "06_get_gm", elapsed time 1.196095s.
250527-20:32:31,313 nipype.workflow INFO:
	 [Node] Finished "05_get_wm", elapsed time 1.189041s.
250527-20:32:32,578 nipype.workflow INFO:
	 [Node] Finished "10_me_csf", elapsed time 2.452907s.
250527-20:32:33,276 nipype.workflow INFO:
	 [Node] Setting-up "fmriprep_25_0_wf.sub_GEO013_wf.anat_fit_wf.brain_extraction_wf.atropos_wf.09_relabel_wm" in "/work/fmriprep_25_0_wf/sub_GEO013_wf/anat_fit_wf/brain_extraction_wf/atropos_wf/09_relabel_wm".
250527-20:32:33,276 nipype.workflow INFO:
	 [Node] Setting-up "fmriprep_25_0_wf.sub_GEO013_wf.anat_fit_wf.brain_extraction_wf.atropos_wf.07_fill_gm" in "/work/fmriprep_25_0_wf/sub_GEO013_wf/anat_fit_wf/brain_extraction_wf/atropos_wf/07_fill_gm".
250527-20:32:33,277 nipype.workflow INFO:
	 [Node] Setting-up "fmriprep_25_0_wf.sub_GEO013_wf.anat_fit_wf.brain_extraction_wf.atropos_wf.apply_wm_prior" in "/work/fmriprep_25_0_wf/sub_GEO013_wf/anat_fit_wf/brain_extraction_wf/atropos_wf/apply_wm_prior".
250527-20:32:33,791 nipype.workflow INFO:
	 [Node] Executing "07_fill_gm" <nipype.interfaces.ants.utils.ImageMath>
250527-20:32:34,33 nipype.workflow INFO:
	 [Node] Executing "09_relabel_wm" <nipype.interfaces.ants.utils.MultiplyImages>
250527-20:32:34,53 nipype.workflow INFO:
	 [Node] Executing "apply_wm_prior" <nipype.interfaces.utility.wrappers.Function>
250527-20:32:34,742 nipype.workflow INFO:
	 [Node] Finished "09_relabel_wm", elapsed time 0.708281s.
250527-20:32:34,792 nipype.workflow INFO:
	 [Node] Finished "apply_wm_prior", elapsed time 0.737896s.
250527-20:32:35,272 nipype.workflow INFO:
	 [Node] Setting-up "fmriprep_25_0_wf.sub_GEO013_wf.anat_fit_wf.brain_extraction_wf.atropos_wf.26_depad_wm" in "/work/fmriprep_25_0_wf/sub_GEO013_wf/anat_fit_wf/brain_extraction_wf/atropos_wf/26_depad_wm".
250527-20:32:35,783 nipype.workflow INFO:
	 [Node] Executing "26_depad_wm" <nipype.interfaces.ants.utils.ImageMath>
250527-20:32:36,441 nipype.workflow INFO:
	 [Node] Finished "26_depad_wm", elapsed time 0.65679s.
250527-20:32:37,686 nipype.workflow INFO:
	 [Node] Setting-up "_inu_n4_final0" in "/work/fmriprep_25_0_wf/sub_GEO013_wf/anat_fit_wf/brain_extraction_wf/atropos_wf/inu_n4_final/mapflow/_inu_n4_final0".
250527-20:32:38,81 nipype.workflow INFO:
	 [Node] Executing "_inu_n4_final0" <nipype.interfaces.ants.segmentation.N4BiasFieldCorrection>
250527-20:32:39,923 nipype.workflow INFO:
	 [Node] Finished "07_fill_gm", elapsed time 6.130801s.
250527-20:32:41,281 nipype.workflow INFO:
	 [Node] Setting-up "fmriprep_25_0_wf.sub_GEO013_wf.anat_fit_wf.brain_extraction_wf.atropos_wf.08_mult_gm" in "/work/fmriprep_25_0_wf/sub_GEO013_wf/anat_fit_wf/brain_extraction_wf/atropos_wf/08_mult_gm".
250527-20:32:41,756 nipype.workflow INFO:
	 [Node] Executing "08_mult_gm" <nipype.interfaces.ants.utils.MultiplyImages>
250527-20:32:42,675 nipype.workflow INFO:
	 [Node] Finished "08_mult_gm", elapsed time 0.918187s.
250527-20:32:43,304 nipype.workflow INFO:
	 [Node] Setting-up "fmriprep_25_0_wf.sub_GEO013_wf.anat_fit_wf.brain_extraction_wf.atropos_wf.11_add_gm" in "/work/fmriprep_25_0_wf/sub_GEO013_wf/anat_fit_wf/brain_extraction_wf/atropos_wf/11_add_gm".
250527-20:32:43,773 nipype.workflow INFO:
	 [Node] Executing "11_add_gm" <nipype.interfaces.ants.utils.ImageMath>
250527-20:32:45,21 nipype.workflow INFO:
	 [Node] Finished "11_add_gm", elapsed time 1.24701s.
250527-20:32:47,271 nipype.workflow INFO:
	 [Node] Setting-up "fmriprep_25_0_wf.sub_GEO013_wf.anat_fit_wf.brain_extraction_wf.atropos_wf.12_relabel_gm" in "/work/fmriprep_25_0_wf/sub_GEO013_wf/anat_fit_wf/brain_extraction_wf/atropos_wf/12_relabel_gm".
250527-20:32:47,718 nipype.workflow INFO:
	 [Node] Executing "12_relabel_gm" <nipype.interfaces.ants.utils.MultiplyImages>
250527-20:32:48,461 nipype.workflow INFO:
	 [Node] Finished "12_relabel_gm", elapsed time 0.741999s.
250527-20:32:49,330 nipype.workflow INFO:
	 [Node] Setting-up "fmriprep_25_0_wf.sub_GEO013_wf.anat_fit_wf.brain_extraction_wf.atropos_wf.13_add_gm_wm" in "/work/fmriprep_25_0_wf/sub_GEO013_wf/anat_fit_wf/brain_extraction_wf/atropos_wf/13_add_gm_wm".
250527-20:32:49,937 nipype.workflow INFO:
	 [Node] Executing "13_add_gm_wm" <nipype.interfaces.ants.utils.ImageMath>
250527-20:32:51,135 nipype.workflow INFO:
	 [Node] Finished "13_add_gm_wm", elapsed time 1.196324s.
250527-20:32:52,570 nipype.workflow INFO:
	 [Node] Finished "_inu_n4_final0", elapsed time 14.487479s.
250527-20:32:53,284 nipype.workflow INFO:
	 [Node] Setting-up "fmriprep_25_0_wf.sub_GEO013_wf.anat_fit_wf.brain_extraction_wf.atropos_wf.25_depad_gm" in "/work/fmriprep_25_0_wf/sub_GEO013_wf/anat_fit_wf/brain_extraction_wf/atropos_wf/25_depad_gm".
250527-20:32:53,722 nipype.workflow INFO:
	 [Node] Executing "25_depad_gm" <nipype.interfaces.ants.utils.ImageMath>
250527-20:32:54,784 nipype.workflow INFO:
	 [Node] Finished "25_depad_gm", elapsed time 1.060203s.
250527-20:32:55,297 nipype.workflow INFO:
	 [Node] Setting-up "fmriprep_25_0_wf.sub_GEO013_wf.anat_fit_wf.brain_extraction_wf.atropos_wf.14_sel_labels2" in "/work/fmriprep_25_0_wf/sub_GEO013_wf/anat_fit_wf/brain_extraction_wf/atropos_wf/14_sel_labels2".
250527-20:32:55,302 nipype.workflow INFO:
	 [Node] Setting-up "fmriprep_25_0_wf.sub_GEO013_wf.anat_fit_wf.brain_extraction_wf.atropos_wf.24_depad_segm" in "/work/fmriprep_25_0_wf/sub_GEO013_wf/anat_fit_wf/brain_extraction_wf/atropos_wf/24_depad_segm".
250527-20:32:55,306 nipype.workflow INFO:
	 [Node] Setting-up "fmriprep_25_0_wf.sub_GEO013_wf.anat_fit_wf.brain_extraction_wf.atropos_wf.merge_tpms" in "/work/fmriprep_25_0_wf/sub_GEO013_wf/anat_fit_wf/brain_extraction_wf/atropos_wf/merge_tpms".
250527-20:32:56,216 nipype.workflow INFO:
	 [Node] Executing "14_sel_labels2" <nipype.interfaces.utility.wrappers.Function>
250527-20:32:57,21 nipype.workflow INFO:
	 [Node] Finished "14_sel_labels2", elapsed time 0.803701s.
250527-20:32:57,334 nipype.workflow INFO:
	 [Node] Executing "24_depad_segm" <nipype.interfaces.ants.utils.ImageMath>
250527-20:32:57,383 nipype.workflow INFO:
	 [Node] Executing "merge_tpms" <nipype.interfaces.utility.base.Merge>
250527-20:32:57,384 nipype.workflow INFO:
	 [Node] Finished "merge_tpms", elapsed time 0.000549s.
250527-20:32:58,85 nipype.workflow INFO:
	 [Node] Finished "24_depad_segm", elapsed time 0.747783s.
250527-20:32:59,295 nipype.workflow INFO:
	 [Node] Setting-up "fmriprep_25_0_wf.sub_GEO013_wf.anat_fit_wf.brain_extraction_wf.atropos_wf.15_add_7" in "/work/fmriprep_25_0_wf/sub_GEO013_wf/anat_fit_wf/brain_extraction_wf/atropos_wf/15_add_7".
250527-20:32:59,467 nipype.workflow INFO:
	 [Node] Executing "15_add_7" <nipype.interfaces.ants.utils.ImageMath>
250527-20:33:00,439 nipype.workflow INFO:
	 [Node] Finished "15_add_7", elapsed time 0.970739s.
250527-20:33:01,309 nipype.workflow INFO:
	 [Node] Setting-up "fmriprep_25_0_wf.sub_GEO013_wf.anat_fit_wf.brain_extraction_wf.atropos_wf.16_me_7" in "/work/fmriprep_25_0_wf/sub_GEO013_wf/anat_fit_wf/brain_extraction_wf/atropos_wf/16_me_7".
250527-20:33:01,588 nipype.workflow INFO:
	 [Node] Executing "16_me_7" <nipype.interfaces.ants.utils.ImageMath>
250527-20:33:03,547 nipype.workflow INFO:
	 [Node] Finished "16_me_7", elapsed time 1.95679s.
250527-20:33:05,282 nipype.workflow INFO:
	 [Node] Setting-up "fmriprep_25_0_wf.sub_GEO013_wf.anat_fit_wf.brain_extraction_wf.atropos_wf.17_comp_7" in "/work/fmriprep_25_0_wf/sub_GEO013_wf/anat_fit_wf/brain_extraction_wf/atropos_wf/17_comp_7".
250527-20:33:05,702 nipype.workflow INFO:
	 [Node] Executing "17_comp_7" <nipype.interfaces.ants.utils.ImageMath>
250527-20:33:07,73 nipype.workflow INFO:
	 [Node] Finished "17_comp_7", elapsed time 1.370674s.
250527-20:33:09,183 nipype.workflow INFO:
	 [Node] Setting-up "fmriprep_25_0_wf.sub_GEO013_wf.anat_fit_wf.brain_extraction_wf.atropos_wf.18_md_7" in "/work/fmriprep_25_0_wf/sub_GEO013_wf/anat_fit_wf/brain_extraction_wf/atropos_wf/18_md_7".
250527-20:33:09,545 nipype.workflow INFO:
	 [Node] Executing "18_md_7" <nipype.interfaces.ants.utils.ImageMath>
250527-20:33:10,884 nipype.workflow INFO:
	 [Node] Finished "18_md_7", elapsed time 1.338632s.
250527-20:33:13,173 nipype.workflow INFO:
	 [Node] Setting-up "fmriprep_25_0_wf.sub_GEO013_wf.anat_fit_wf.brain_extraction_wf.atropos_wf.19_fill_7" in "/work/fmriprep_25_0_wf/sub_GEO013_wf/anat_fit_wf/brain_extraction_wf/atropos_wf/19_fill_7".
250527-20:33:13,882 nipype.workflow INFO:
	 [Node] Executing "19_fill_7" <nipype.interfaces.ants.utils.ImageMath>
250527-20:33:19,687 nipype.workflow INFO:
	 [Node] Finished "19_fill_7", elapsed time 5.803658s.
250527-20:33:21,295 nipype.workflow INFO:
	 [Node] Setting-up "fmriprep_25_0_wf.sub_GEO013_wf.anat_fit_wf.brain_extraction_wf.atropos_wf.20_add_7_2" in "/work/fmriprep_25_0_wf/sub_GEO013_wf/anat_fit_wf/brain_extraction_wf/atropos_wf/20_add_7_2".
250527-20:33:21,491 nipype.workflow INFO:
	 [Node] Executing "20_add_7_2" <nipype.interfaces.ants.utils.ImageMath>
250527-20:33:22,665 nipype.workflow INFO:
	 [Node] Finished "20_add_7_2", elapsed time 1.17292s.
250527-20:33:25,330 nipype.workflow INFO:
	 [Node] Setting-up "fmriprep_25_0_wf.sub_GEO013_wf.anat_fit_wf.brain_extraction_wf.atropos_wf.21_md_7_2" in "/work/fmriprep_25_0_wf/sub_GEO013_wf/anat_fit_wf/brain_extraction_wf/atropos_wf/21_md_7_2".
250527-20:33:25,575 nipype.workflow INFO:
	 [Node] Executing "21_md_7_2" <nipype.interfaces.ants.utils.ImageMath>
250527-20:33:27,84 nipype.workflow INFO:
	 [Node] Finished "21_md_7_2", elapsed time 1.5085549999999999s.
250527-20:33:29,275 nipype.workflow INFO:
	 [Node] Setting-up "fmriprep_25_0_wf.sub_GEO013_wf.anat_fit_wf.brain_extraction_wf.atropos_wf.22_me_7_2" in "/work/fmriprep_25_0_wf/sub_GEO013_wf/anat_fit_wf/brain_extraction_wf/atropos_wf/22_me_7_2".
250527-20:33:29,599 nipype.workflow INFO:
	 [Node] Executing "22_me_7_2" <nipype.interfaces.ants.utils.ImageMath>
250527-20:33:31,502 nipype.workflow INFO:
	 [Node] Finished "22_me_7_2", elapsed time 1.902201s.
250527-20:33:33,279 nipype.workflow INFO:
	 [Node] Setting-up "fmriprep_25_0_wf.sub_GEO013_wf.anat_fit_wf.brain_extraction_wf.atropos_wf.23_depad_mask" in "/work/fmriprep_25_0_wf/sub_GEO013_wf/anat_fit_wf/brain_extraction_wf/atropos_wf/23_depad_mask".
250527-20:33:33,649 nipype.workflow INFO:
	 [Node] Executing "23_depad_mask" <nipype.interfaces.ants.utils.ImageMath>
250527-20:33:34,369 nipype.workflow INFO:
	 [Node] Finished "23_depad_mask", elapsed time 0.718451s.
250527-20:33:35,278 nipype.workflow INFO:
	 [Node] Setting-up "fmriprep_25_0_wf.sub_GEO013_wf.anat_fit_wf.brain_extraction_wf.atropos_wf.msk_conform" in "/work/fmriprep_25_0_wf/sub_GEO013_wf/anat_fit_wf/brain_extraction_wf/atropos_wf/msk_conform".
250527-20:33:35,864 nipype.workflow INFO:
	 [Node] Executing "msk_conform" <nipype.interfaces.utility.wrappers.Function>
250527-20:33:36,99 nipype.workflow INFO:
	 [Node] Finished "msk_conform", elapsed time 0.232673s.
250527-20:33:47,124 nipype.workflow INFO:
	 [Node] Setting-up "_apply_mask0" in "/work/fmriprep_25_0_wf/sub_GEO013_wf/anat_fit_wf/brain_extraction_wf/atropos_wf/apply_mask/mapflow/_apply_mask0".
250527-20:33:47,664 nipype.workflow INFO:
	 [Node] Executing "_apply_mask0" <niworkflows.interfaces.nibabel.ApplyMask>
250527-20:33:48,894 nipype.workflow INFO:
	 [Node] Finished "_apply_mask0", elapsed time 1.227964s.
250527-20:33:50,561 nipype.workflow INFO:
	 [Node] Setting-up "fmriprep_25_0_wf.sub_GEO013_wf.anat_fit_wf.register_template_wf.trunc_mov" in "/work/fmriprep_25_0_wf/sub_GEO013_wf/anat_fit_wf/register_template_wf/_template_MNI152NLin2009cAsym/trunc_mov".
250527-20:33:50,954 nipype.workflow INFO:
	 [Node] Setting-up "fmriprep_25_0_wf.sub_GEO013_wf.anat_fit_wf.surface_recon_wf.skull_strip_extern" in "/work/fmriprep_25_0_wf/sub_GEO013_wf/anat_fit_wf/surface_recon_wf/skull_strip_extern".
250527-20:33:50,961 nipype.workflow INFO:
	 [Node] Setting-up "fmriprep_25_0_wf.sub_GEO013_wf.ds_std_volumes_wf.gen_ref" in "/work/fmriprep_25_0_wf/sub_GEO013_wf/ds_std_volumes_wf/_in_tuple_MNI152NLin2009cAsym.resnative/gen_ref".
250527-20:33:50,968 nipype.workflow INFO:
	 [Node] Executing "trunc_mov" <nipype.interfaces.ants.utils.ImageMath>
250527-20:33:51,650 nipype.workflow INFO:
	 [Node] Executing "gen_ref" <niworkflows.interfaces.nibabel.GenerateSamplingReference>
250527-20:33:51,671 nipype.workflow INFO:
	 [Node] Executing "skull_strip_extern" <niworkflows.interfaces.freesurfer.FSInjectBrainExtracted>
250527-20:33:54,354 nipype.workflow INFO:
	 [Node] Finished "skull_strip_extern", elapsed time 2.677577s.
250527-20:33:54,511 nipype.workflow INFO:
	 [Node] Finished "gen_ref", elapsed time 2.86031s.
250527-20:33:56,845 nipype.workflow INFO:
	 [Node] Setting-up "fmriprep_25_0_wf.sub_GEO013_wf.anat_fit_wf.surface_recon_wf.autorecon_resume_wf.gcareg" in "/work/fmriprep_25_0_wf/sub_GEO013_wf/anat_fit_wf/surface_recon_wf/autorecon_resume_wf/gcareg".
250527-20:33:56,987 nipype.workflow INFO:
	 [Node] Finished "trunc_mov", elapsed time 6.017735s.
250527-20:33:57,642 nipype.workflow INFO:
	 [Node] Executing "gcareg" <smriprep.interfaces.freesurfer.ReconAll>
250527-20:33:57,653 nipype.interface INFO:
	 resume recon-all : recon-all -openmp 7 -subjid sub-GEO013 -sd /out/sourcedata/freesurfer -gcareg
250527-20:33:57,653 nipype.interface INFO:
	 resume recon-all : recon-all -openmp 7 -subjid sub-GEO013 -sd /out/sourcedata/freesurfer -gcareg
250527-20:35:57,620 nipype.workflow INFO:
	 [Node] Finished "gcareg", elapsed time 119.968117s.
250527-20:35:58,962 nipype.workflow INFO:
	 [Node] Setting-up "fmriprep_25_0_wf.sub_GEO013_wf.anat_fit_wf.surface_recon_wf.autorecon_resume_wf.autorecon2_vol" in "/work/fmriprep_25_0_wf/sub_GEO013_wf/anat_fit_wf/surface_recon_wf/autorecon_resume_wf/autorecon2_vol".
250527-20:35:59,643 nipype.workflow INFO:
	 [Node] Executing "autorecon2_vol" <smriprep.interfaces.freesurfer.ReconAll>
250527-20:35:59,649 nipype.interface INFO:
	 resume recon-all : recon-all -autorecon2-volonly -openmp 7 -subjid sub-GEO013 -sd /out/sourcedata/freesurfer -nogcareg
250527-20:35:59,650 nipype.interface INFO:
	 resume recon-all : recon-all -autorecon2-volonly -openmp 7 -subjid sub-GEO013 -sd /out/sourcedata/freesurfer -nogcareg
250527-21:57:22,714 nipype.workflow INFO:
	 [Node] Finished "autorecon2_vol", elapsed time 4883.048638s.
250527-21:57:25,688 nipype.workflow INFO:
	 [Node] Setting-up "_autorecon_surfs0" in "/work/fmriprep_25_0_wf/sub_GEO013_wf/anat_fit_wf/surface_recon_wf/autorecon_resume_wf/autorecon_surfs/mapflow/_autorecon_surfs0".
250527-21:57:26,743 nipype.workflow INFO:
	 [Node] Executing "_autorecon_surfs0" <smriprep.interfaces.freesurfer.ReconAll>
250527-21:57:26,757 nipype.interface INFO:
	 resume recon-all : recon-all -autorecon-hemi lh -noparcstats -noparcstats2 -noparcstats3 -nohyporelabel -nobalabels -lh-only -openmp 7 -subjid sub-GEO013 -sd /out/sourcedata/freesurfer 
250527-21:57:26,757 nipype.interface INFO:
	 resume recon-all : recon-all -autorecon-hemi lh -noparcstats -noparcstats2 -noparcstats3 -nohyporelabel -nobalabels -lh-only -openmp 7 -subjid sub-GEO013 -sd /out/sourcedata/freesurfer 
250527-22:21:29,755 nipype.workflow INFO:
	 [Node] Finished "_autorecon_surfs0", elapsed time 1443.002771s.
250527-22:21:31,957 nipype.workflow INFO:
	 [Node] Setting-up "_autorecon_surfs1" in "/work/fmriprep_25_0_wf/sub_GEO013_wf/anat_fit_wf/surface_recon_wf/autorecon_resume_wf/autorecon_surfs/mapflow/_autorecon_surfs1".
250527-22:21:32,639 nipype.workflow INFO:
	 [Node] Executing "_autorecon_surfs1" <smriprep.interfaces.freesurfer.ReconAll>
250527-22:21:32,648 nipype.interface INFO:
	 resume recon-all : recon-all -autorecon-hemi rh -noparcstats -noparcstats2 -noparcstats3 -nohyporelabel -nobalabels -rh-only -openmp 7 -subjid sub-GEO013 -sd /out/sourcedata/freesurfer 
250527-22:21:32,649 nipype.interface INFO:
	 resume recon-all : recon-all -autorecon-hemi rh -noparcstats -noparcstats2 -noparcstats3 -nohyporelabel -nobalabels -rh-only -openmp 7 -subjid sub-GEO013 -sd /out/sourcedata/freesurfer 
250527-22:45:02,550 nipype.workflow INFO:
	 [Node] Finished "_autorecon_surfs1", elapsed time 1409.901268s.
250527-22:45:04,592 nipype.workflow INFO:
	 [Node] Setting-up "_autorecon_surfs0" in "/work/fmriprep_25_0_wf/sub_GEO013_wf/anat_fit_wf/surface_recon_wf/autorecon_resume_wf/autorecon_surfs/mapflow/_autorecon_surfs0".
250527-22:45:05,564 nipype.workflow INFO:
	 [Node] Executing "_autorecon_surfs0" <smriprep.interfaces.freesurfer.ReconAll>
250527-22:45:05,715 nipype.interface INFO:
	 recon-all complete : Not running
250527-22:45:05,716 nipype.interface INFO:
	 recon-all complete : Not running
250527-22:45:06,30 nipype.workflow INFO:
	 [Node] Finished "_autorecon_surfs0", elapsed time 0.46336s.
250527-22:45:06,362 nipype.workflow INFO:
	 [Node] Setting-up "_autorecon_surfs1" in "/work/fmriprep_25_0_wf/sub_GEO013_wf/anat_fit_wf/surface_recon_wf/autorecon_resume_wf/autorecon_surfs/mapflow/_autorecon_surfs1".
250527-22:45:08,62 nipype.workflow INFO:
	 [Node] Executing "_autorecon_surfs1" <smriprep.interfaces.freesurfer.ReconAll>
250527-22:45:08,117 nipype.interface INFO:
	 recon-all complete : Not running
250527-22:45:08,118 nipype.interface INFO:
	 recon-all complete : Not running
250527-22:45:08,358 nipype.workflow INFO:
	 [Node] Finished "_autorecon_surfs1", elapsed time 0.294345s.
250527-22:45:12,166 nipype.workflow INFO:
	 [Node] Setting-up "fmriprep_25_0_wf.sub_GEO013_wf.anat_fit_wf.surface_recon_wf.autorecon_resume_wf.cortribbon" in "/work/fmriprep_25_0_wf/sub_GEO013_wf/anat_fit_wf/surface_recon_wf/autorecon_resume_wf/cortribbon".
250527-22:45:13,944 nipype.workflow INFO:
	 [Node] Executing "cortribbon" <smriprep.interfaces.freesurfer.ReconAll>
250527-22:45:13,947 nipype.interface INFO:
	 resume recon-all : recon-all -parallel -subjid sub-GEO013 -sd /out/sourcedata/freesurfer -T2pial -cortribbon
250527-22:45:13,948 nipype.interface INFO:
	 resume recon-all : recon-all -parallel -subjid sub-GEO013 -sd /out/sourcedata/freesurfer -T2pial -cortribbon
250527-23:35:00,133 nipype.workflow INFO:
	 [Node] Finished "cortribbon", elapsed time 2986.177735s.
250527-23:35:04,418 nipype.workflow INFO:
	 [Node] Setting-up "_parcstats0" in "/work/fmriprep_25_0_wf/sub_GEO013_wf/anat_fit_wf/surface_recon_wf/autorecon_resume_wf/parcstats/mapflow/_parcstats0".
250527-23:35:05,626 nipype.workflow INFO:
	 [Node] Executing "_parcstats0" <smriprep.interfaces.freesurfer.ReconAll>
250527-23:35:05,630 nipype.interface INFO:
	 resume recon-all : recon-all -autorecon-hemi lh -nohyporelabel -lh-only -openmp 7 -subjid sub-GEO013 -sd /out/sourcedata/freesurfer -notessellate -nosmooth1 -noinflate1 -noqsphere -nofix -nowhite -nosmooth2 -noinflate2 -nocurvHK -nocurvstats -nosphere -nosurfreg -nojacobian_white -noavgcurv -nocortparc -nopial -nocortparc2 -nocortparc3 -nopctsurfcon
250527-23:35:05,631 nipype.interface INFO:
	 resume recon-all : recon-all -autorecon-hemi lh -nohyporelabel -lh-only -openmp 7 -subjid sub-GEO013 -sd /out/sourcedata/freesurfer -notessellate -nosmooth1 -noinflate1 -noqsphere -nofix -nowhite -nosmooth2 -noinflate2 -nocurvHK -nocurvstats -nosphere -nosurfreg -nojacobian_white -noavgcurv -nocortparc -nopial -nocortparc2 -nocortparc3 -nopctsurfcon
250527-23:38:58,211 nipype.workflow INFO:
	 [Node] Finished "_parcstats0", elapsed time 232.570805s.
250527-23:39:00,632 nipype.workflow INFO:
	 [Node] Setting-up "_parcstats1" in "/work/fmriprep_25_0_wf/sub_GEO013_wf/anat_fit_wf/surface_recon_wf/autorecon_resume_wf/parcstats/mapflow/_parcstats1".
250527-23:39:01,219 nipype.workflow INFO:
	 [Node] Executing "_parcstats1" <smriprep.interfaces.freesurfer.ReconAll>
250527-23:39:01,423 nipype.interface INFO:
	 resume recon-all : recon-all -autorecon-hemi rh -nohyporelabel -rh-only -openmp 7 -subjid sub-GEO013 -sd /out/sourcedata/freesurfer -notessellate -nosmooth1 -noinflate1 -noqsphere -nofix -nowhite -nosmooth2 -noinflate2 -nocurvHK -nocurvstats -nosphere -nosurfreg -nojacobian_white -noavgcurv -nocortparc -nopial -nocortparc2 -nocortparc3 -nopctsurfcon
250527-23:39:01,425 nipype.interface INFO:
	 resume recon-all : recon-all -autorecon-hemi rh -nohyporelabel -rh-only -openmp 7 -subjid sub-GEO013 -sd /out/sourcedata/freesurfer -notessellate -nosmooth1 -noinflate1 -noqsphere -nofix -nowhite -nosmooth2 -noinflate2 -nocurvHK -nocurvstats -nosphere -nosurfreg -nojacobian_white -noavgcurv -nocortparc -nopial -nocortparc2 -nocortparc3 -nopctsurfcon
250527-23:42:49,313 nipype.workflow INFO:
	 [Node] Finished "_parcstats1", elapsed time 228.091541s.
250527-23:42:51,295 nipype.workflow INFO:
	 [Node] Setting-up "_parcstats0" in "/work/fmriprep_25_0_wf/sub_GEO013_wf/anat_fit_wf/surface_recon_wf/autorecon_resume_wf/parcstats/mapflow/_parcstats0".
250527-23:42:54,435 nipype.workflow INFO:
	 [Node] Executing "_parcstats0" <smriprep.interfaces.freesurfer.ReconAll>
250527-23:42:54,965 nipype.interface INFO:
	 recon-all complete : Not running
250527-23:42:54,966 nipype.interface INFO:
	 recon-all complete : Not running
250527-23:42:55,199 nipype.workflow INFO:
	 [Node] Finished "_parcstats0", elapsed time 0.41908s.
250527-23:42:55,607 nipype.workflow INFO:
	 [Node] Setting-up "_parcstats1" in "/work/fmriprep_25_0_wf/sub_GEO013_wf/anat_fit_wf/surface_recon_wf/autorecon_resume_wf/parcstats/mapflow/_parcstats1".
250527-23:42:56,860 nipype.workflow INFO:
	 [Node] Executing "_parcstats1" <smriprep.interfaces.freesurfer.ReconAll>
250527-23:42:56,941 nipype.interface INFO:
	 recon-all complete : Not running
250527-23:42:56,942 nipype.interface INFO:
	 recon-all complete : Not running
250527-23:42:57,151 nipype.workflow INFO:
	 [Node] Finished "_parcstats1", elapsed time 0.288126s.
250527-23:42:58,764 nipype.workflow INFO:
	 [Node] Setting-up "fmriprep_25_0_wf.sub_GEO013_wf.anat_fit_wf.surface_recon_wf.autorecon_resume_wf.autorecon3" in "/work/fmriprep_25_0_wf/sub_GEO013_wf/anat_fit_wf/surface_recon_wf/autorecon_resume_wf/autorecon3".
250527-23:42:59,325 nipype.workflow INFO:
	 [Node] Executing "autorecon3" <smriprep.interfaces.freesurfer.ReconAll>
250527-23:42:59,332 nipype.interface INFO:
	 resume recon-all : recon-all -autorecon3 -openmp 7 -subjid sub-GEO013 -sd /out/sourcedata/freesurfer -nosphere -nosurfreg -nojacobian_white -noavgcurv -nocortparc -nopial -noparcstats -nocortparc2 -noparcstats2 -nocortparc3 -noparcstats3 -nopctsurfcon -nocortribbon -nobalabels
250527-23:42:59,333 nipype.interface INFO:
	 resume recon-all : recon-all -autorecon3 -openmp 7 -subjid sub-GEO013 -sd /out/sourcedata/freesurfer -nosphere -nosurfreg -nojacobian_white -noavgcurv -nocortparc -nopial -noparcstats -nocortparc2 -noparcstats2 -nocortparc3 -noparcstats3 -nopctsurfcon -nocortribbon -nobalabels
250527-23:50:26,952 nipype.workflow INFO:
	 [Node] Finished "autorecon3", elapsed time 447.624661s.
250527-23:50:28,684 nipype.workflow INFO:
	 [Node] Setting-up "fmriprep_25_0_wf.sub_GEO013_wf.anat_fit_wf.surface_recon_wf.get_surfaces" in "/work/fmriprep_25_0_wf/sub_GEO013_wf/anat_fit_wf/surface_recon_wf/get_surfaces".
250527-23:50:29,524 nipype.workflow INFO:
	 [Node] Executing "get_surfaces" <niworkflows.interfaces.patches.FreeSurferSource>
250527-23:50:29,584 nipype.workflow INFO:
	 [Node] Finished "get_surfaces", elapsed time 0.058108s.
250527-23:50:32,667 nipype.workflow INFO:
	 [Node] Setting-up "_midthickness0" in "/work/fmriprep_25_0_wf/sub_GEO013_wf/anat_fit_wf/surface_recon_wf/midthickness/mapflow/_midthickness0".
250527-23:50:33,836 nipype.workflow INFO:
	 [Node] Executing "_midthickness0" <smriprep.interfaces.freesurfer.MakeMidthickness>
250528-00:15:47,864 nipype.workflow INFO:
	 [Node] Finished "_midthickness0", elapsed time 1514.025173s.
250528-00:15:50,882 nipype.workflow INFO:
	 [Node] Setting-up "_midthickness1" in "/work/fmriprep_25_0_wf/sub_GEO013_wf/anat_fit_wf/surface_recon_wf/midthickness/mapflow/_midthickness1".
250528-00:15:52,608 nipype.workflow INFO:
	 [Node] Executing "_midthickness1" <smriprep.interfaces.freesurfer.MakeMidthickness>
250528-00:38:03,65 nipype.workflow INFO:
	 [Node] Finished "_midthickness1", elapsed time 1330.44885s.
250528-00:38:05,677 nipype.workflow INFO:
	 [Node] Setting-up "_midthickness0" in "/work/fmriprep_25_0_wf/sub_GEO013_wf/anat_fit_wf/surface_recon_wf/midthickness/mapflow/_midthickness0".
250528-00:38:05,718 nipype.workflow INFO:
	 [Node] Cached "_midthickness0" - collecting precomputed outputs
250528-00:38:05,718 nipype.workflow INFO:
	 [Node] "_midthickness0" found cached.
250528-00:38:05,718 nipype.workflow INFO:
	 [Node] Setting-up "_midthickness1" in "/work/fmriprep_25_0_wf/sub_GEO013_wf/anat_fit_wf/surface_recon_wf/midthickness/mapflow/_midthickness1".
250528-00:38:05,725 nipype.workflow INFO:
	 [Node] Cached "_midthickness1" - collecting precomputed outputs
250528-00:38:05,725 nipype.workflow INFO:
	 [Node] "_midthickness1" found cached.
250528-00:38:06,978 nipype.workflow INFO:
	 [Node] Setting-up "fmriprep_25_0_wf.sub_GEO013_wf.anat_fit_wf.surface_recon_wf.save_midthickness" in "/work/fmriprep_25_0_wf/sub_GEO013_wf/anat_fit_wf/surface_recon_wf/save_midthickness".
250528-00:38:07,489 nipype.workflow INFO:
	 [Node] Executing "save_midthickness" <nipype.interfaces.io.DataSink>
250528-00:38:07,818 nipype.workflow INFO:
	 [Node] Finished "save_midthickness", elapsed time 0.327868s.
250528-00:38:08,974 nipype.workflow INFO:
	 [Node] Setting-up "fmriprep_25_0_wf.sub_GEO013_wf.anat_fit_wf.surface_recon_wf.sync" in "/work/fmriprep_25_0_wf/sub_GEO013_wf/anat_fit_wf/surface_recon_wf/sync".
250528-00:38:09,524 nipype.workflow INFO:
	 [Node] Executing "sync" <nipype.interfaces.utility.wrappers.Function>
250528-00:38:09,526 nipype.workflow INFO:
	 [Node] Finished "sync", elapsed time 0.001192s.
250528-00:38:10,978 nipype.workflow INFO:
	 [Node] Setting-up "fmriprep_25_0_wf.sub_GEO013_wf.anat_fit_wf.bbreg" in "/work/fmriprep_25_0_wf/sub_GEO013_wf/anat_fit_wf/bbreg".
250528-00:38:10,979 nipype.workflow INFO:
	 [Node] Setting-up "fmriprep_25_0_wf.sub_GEO013_wf.anat_fit_wf.gifti_surface_wf.get_surfaces" in "/work/fmriprep_25_0_wf/sub_GEO013_wf/anat_fit_wf/gifti_surface_wf/get_surfaces".
250528-00:38:10,980 nipype.workflow INFO:
	 [Node] Setting-up "fmriprep_25_0_wf.sub_GEO013_wf.anat_fit_wf.gifti_spheres_wf.get_surfaces" in "/work/fmriprep_25_0_wf/sub_GEO013_wf/anat_fit_wf/gifti_spheres_wf/get_surfaces".
250528-00:38:10,981 nipype.workflow INFO:
	 [Node] Setting-up "fmriprep_25_0_wf.sub_GEO013_wf.anat_fit_wf.gifti_morphometrics_wf.get_surfaces" in "/work/fmriprep_25_0_wf/sub_GEO013_wf/anat_fit_wf/gifti_morphometrics_wf/get_surfaces".
250528-00:38:10,982 nipype.workflow INFO:
	 [Node] Setting-up "fmriprep_25_0_wf.sub_GEO013_wf.anat_fit_wf.refinement_wf.segs_to_native_wf_aseg.fs_datasource" in "/work/fmriprep_25_0_wf/sub_GEO013_wf/anat_fit_wf/refinement_wf/segs_to_native_wf_aseg/fs_datasource".
250528-00:38:10,992 nipype.workflow INFO:
	 [Node] Setting-up "fmriprep_25_0_wf.sub_GEO013_wf.anat_fit_wf.anat_reports_wf.recon_report" in "/work/fmriprep_25_0_wf/sub_GEO013_wf/anat_fit_wf/anat_reports_wf/recon_report".
250528-00:38:11,117 nipype.workflow INFO:
	 [Node] Setting-up "fmriprep_25_0_wf.sub_GEO013_wf.bold_ses_t2_task_image_run_1_wf.bold_fit_wf.bold_reg_wf.bbreg_wf.fssource" in "/work/fmriprep_25_0_wf/sub_GEO013_wf/bold_ses_t2_task_image_run_1_wf/bold_fit_wf/bold_reg_wf/bbreg_wf/fssource".
250528-00:38:11,118 nipype.workflow INFO:
	 [Node] Setting-up "fmriprep_25_0_wf.sub_GEO013_wf.bold_ses_t2_task_image_run_2_wf.bold_fit_wf.bold_reg_wf.bbreg_wf.fssource" in "/work/fmriprep_25_0_wf/sub_GEO013_wf/bold_ses_t2_task_image_run_2_wf/bold_fit_wf/bold_reg_wf/bbreg_wf/fssource".
250528-00:38:11,564 nipype.workflow INFO:
	 [Node] Executing "recon_report" <smriprep.interfaces.reports.FSSurfaceReport>
250528-00:38:11,732 nipype.workflow INFO:
	 [Node] Executing "get_surfaces" <nipype.interfaces.utility.wrappers.Function>
250528-00:38:11,747 nipype.workflow INFO:
	 [Node] Executing "get_surfaces" <niworkflows.interfaces.patches.FreeSurferSource>
250528-00:38:11,751 nipype.workflow INFO:
	 [Node] Executing "get_surfaces" <nipype.interfaces.utility.wrappers.Function>
250528-00:38:11,765 nipype.workflow INFO:
	 [Node] Finished "get_surfaces", elapsed time 0.011449s.
250528-00:38:11,766 nipype.workflow INFO:
	 [Node] Finished "get_surfaces", elapsed time 0.032971s.
250528-00:38:11,977 nipype.workflow INFO:
	 [Node] Executing "bbreg" <nipype.interfaces.freesurfer.preprocess.BBRegister>
250528-00:38:12,197 nipype.workflow INFO:
	 [Node] Executing "fssource" <fmriprep.interfaces.patches.FreeSurferSource>
250528-00:38:12,217 nipype.workflow INFO:
	 [Node] Executing "fs_datasource" <niworkflows.interfaces.patches.FreeSurferSource>
250528-00:38:12,315 nipype.workflow INFO:
	 [Node] Executing "fssource" <fmriprep.interfaces.patches.FreeSurferSource>
250528-00:38:12,493 nipype.workflow INFO:
	 [Node] Finished "fs_datasource", elapsed time 0.274841s.
250528-00:38:12,494 nipype.workflow INFO:
	 [Node] Finished "get_surfaces", elapsed time 0.743993s.
250528-00:38:12,494 nipype.workflow INFO:
	 [Node] Finished "fssource", elapsed time 0.177843s.
250528-00:38:12,494 nipype.workflow INFO:
	 [Node] Finished "fssource", elapsed time 0.294465s.
250528-00:38:13,24 nipype.workflow INFO:
	 [Node] Setting-up "fmriprep_25_0_wf.sub_GEO013_wf.bold_ses_t2_task_image_run_3_wf.bold_fit_wf.bold_reg_wf.bbreg_wf.fssource" in "/work/fmriprep_25_0_wf/sub_GEO013_wf/bold_ses_t2_task_image_run_3_wf/bold_fit_wf/bold_reg_wf/bbreg_wf/fssource".
250528-00:38:13,39 nipype.workflow INFO:
	 [Node] Setting-up "fmriprep_25_0_wf.sub_GEO013_wf.bold_ses_t2_task_image_run_4_wf.bold_fit_wf.bold_reg_wf.bbreg_wf.fssource" in "/work/fmriprep_25_0_wf/sub_GEO013_wf/bold_ses_t2_task_image_run_4_wf/bold_fit_wf/bold_reg_wf/bbreg_wf/fssource".
250528-00:38:14,405 nipype.workflow INFO:
	 [Node] Executing "fssource" <fmriprep.interfaces.patches.FreeSurferSource>
250528-00:38:14,433 nipype.workflow INFO:
	 [Node] Finished "fssource", elapsed time 0.026839s.
250528-00:38:14,470 nipype.workflow INFO:
	 [Node] Executing "fssource" <fmriprep.interfaces.patches.FreeSurferSource>
250528-00:38:14,498 nipype.workflow INFO:
	 [Node] Finished "fssource", elapsed time 0.026038s.
250528-00:38:14,992 nipype.workflow INFO:
	 [Node] Setting-up "fmriprep_25_0_wf.sub_GEO013_wf.bold_ses_t2_task_image_run_5_wf.bold_fit_wf.bold_reg_wf.bbreg_wf.fssource" in "/work/fmriprep_25_0_wf/sub_GEO013_wf/bold_ses_t2_task_image_run_5_wf/bold_fit_wf/bold_reg_wf/bbreg_wf/fssource".
250528-00:38:15,9 nipype.workflow INFO:
	 [Node] Setting-up "fmriprep_25_0_wf.sub_GEO013_wf.bold_ses_t3_task_image_run_1_wf.bold_fit_wf.bold_reg_wf.bbreg_wf.fssource" in "/work/fmriprep_25_0_wf/sub_GEO013_wf/bold_ses_t3_task_image_run_1_wf/bold_fit_wf/bold_reg_wf/bbreg_wf/fssource".
250528-00:38:15,23 nipype.workflow INFO:
	 [Node] Setting-up "fmriprep_25_0_wf.sub_GEO013_wf.bold_ses_t3_task_image_run_2_wf.bold_fit_wf.bold_reg_wf.bbreg_wf.fssource" in "/work/fmriprep_25_0_wf/sub_GEO013_wf/bold_ses_t3_task_image_run_2_wf/bold_fit_wf/bold_reg_wf/bbreg_wf/fssource".
250528-00:38:15,33 nipype.workflow INFO:
	 [Node] Setting-up "fmriprep_25_0_wf.sub_GEO013_wf.bold_ses_t3_task_image_run_3_wf.bold_fit_wf.bold_reg_wf.bbreg_wf.fssource" in "/work/fmriprep_25_0_wf/sub_GEO013_wf/bold_ses_t3_task_image_run_3_wf/bold_fit_wf/bold_reg_wf/bbreg_wf/fssource".
250528-00:38:16,175 nipype.workflow INFO:
	 [Node] Executing "fssource" <fmriprep.interfaces.patches.FreeSurferSource>
250528-00:38:16,202 nipype.workflow INFO:
	 [Node] Finished "fssource", elapsed time 0.025418s.
250528-00:38:16,538 nipype.workflow INFO:
	 [Node] Executing "fssource" <fmriprep.interfaces.patches.FreeSurferSource>
250528-00:38:16,552 nipype.workflow INFO:
	 [Node] Finished "fssource", elapsed time 0.013142s.
250528-00:38:16,661 nipype.workflow INFO:
	 [Node] Executing "fssource" <fmriprep.interfaces.patches.FreeSurferSource>
250528-00:38:16,680 nipype.workflow INFO:
	 [Node] Finished "fssource", elapsed time 0.017089s.
250528-00:38:16,992 nipype.workflow INFO:
	 [Node] Executing "fssource" <fmriprep.interfaces.patches.FreeSurferSource>
250528-00:38:17,9 nipype.workflow INFO:
	 [Node] Finished "fssource", elapsed time 0.015827s.
250528-00:38:17,13 nipype.workflow INFO:
	 [Node] Setting-up "fmriprep_25_0_wf.sub_GEO013_wf.bold_ses_t3_task_image_run_4_wf.bold_fit_wf.bold_reg_wf.bbreg_wf.fssource" in "/work/fmriprep_25_0_wf/sub_GEO013_wf/bold_ses_t3_task_image_run_4_wf/bold_fit_wf/bold_reg_wf/bbreg_wf/fssource".
250528-00:38:17,22 nipype.workflow INFO:
	 [Node] Setting-up "fmriprep_25_0_wf.sub_GEO013_wf.bold_ses_t3_task_image_run_5_wf.bold_fit_wf.bold_reg_wf.bbreg_wf.fssource" in "/work/fmriprep_25_0_wf/sub_GEO013_wf/bold_ses_t3_task_image_run_5_wf/bold_fit_wf/bold_reg_wf/bbreg_wf/fssource".
250528-00:38:17,31 nipype.workflow INFO:
	 [Node] Setting-up "fmriprep_25_0_wf.sub_GEO013_wf.bold_ses_t3_task_retrans_run_1_wf.bold_fit_wf.bold_reg_wf.bbreg_wf.fssource" in "/work/fmriprep_25_0_wf/sub_GEO013_wf/bold_ses_t3_task_retrans_run_1_wf/bold_fit_wf/bold_reg_wf/bbreg_wf/fssource".
250528-00:38:17,735 nipype.workflow INFO:
	 [Node] Executing "fssource" <fmriprep.interfaces.patches.FreeSurferSource>
250528-00:38:17,756 nipype.workflow INFO:
	 [Node] Finished "fssource", elapsed time 0.01958s.
250528-00:38:18,47 nipype.workflow INFO:
	 [Node] Executing "fssource" <fmriprep.interfaces.patches.FreeSurferSource>
250528-00:38:18,66 nipype.workflow INFO:
	 [Node] Finished "fssource", elapsed time 0.01743s.
250528-00:38:18,969 nipype.workflow INFO:
	 [Node] Executing "fssource" <fmriprep.interfaces.patches.FreeSurferSource>
250528-00:38:18,983 nipype.workflow INFO:
	 [Node] Finished "fssource", elapsed time 0.013255s.
250528-00:38:29,824 nipype.workflow INFO:
	 [Node] Setting-up "fmriprep_25_0_wf.sub_GEO013_wf.anat_fit_wf.refinement_wf.segs_to_native_wf_aseg.select_seg" in "/work/fmriprep_25_0_wf/sub_GEO013_wf/anat_fit_wf/refinement_wf/segs_to_native_wf_aseg/select_seg".
250528-00:38:30,817 nipype.workflow INFO:
	 [Node] Executing "select_seg" <nipype.interfaces.utility.wrappers.Function>
250528-00:38:30,819 nipype.workflow INFO:
	 [Node] Finished "select_seg", elapsed time 0.000858s.
250528-00:38:32,222 nipype.workflow INFO:
	 [Node] Setting-up "fmriprep_25_0_wf.sub_GEO013_wf.anat_fit_wf.refinement_wf.segs_to_native_wf_aseg.resample" in "/work/fmriprep_25_0_wf/sub_GEO013_wf/anat_fit_wf/refinement_wf/segs_to_native_wf_aseg/resample".
250528-00:38:32,225 nipype.workflow INFO:
	 [Node] Setting-up "_fs2gii1" in "/work/fmriprep_25_0_wf/sub_GEO013_wf/anat_fit_wf/gifti_surface_wf/fs2gii/mapflow/_fs2gii1".
250528-00:38:32,225 nipype.workflow INFO:
	 [Node] Setting-up "_fs2gii0" in "/work/fmriprep_25_0_wf/sub_GEO013_wf/anat_fit_wf/gifti_surface_wf/fs2gii/mapflow/_fs2gii0".
250528-00:38:32,225 nipype.workflow INFO:
	 [Node] Setting-up "_fs2gii2" in "/work/fmriprep_25_0_wf/sub_GEO013_wf/anat_fit_wf/gifti_surface_wf/fs2gii/mapflow/_fs2gii2".
250528-00:38:32,225 nipype.workflow INFO:
	 [Node] Setting-up "_fs2gii3" in "/work/fmriprep_25_0_wf/sub_GEO013_wf/anat_fit_wf/gifti_surface_wf/fs2gii/mapflow/_fs2gii3".
250528-00:38:32,226 nipype.workflow INFO:
	 [Node] Setting-up "_fs2gii4" in "/work/fmriprep_25_0_wf/sub_GEO013_wf/anat_fit_wf/gifti_surface_wf/fs2gii/mapflow/_fs2gii4".
250528-00:38:32,710 nipype.workflow INFO:
	 [Node] Executing "_fs2gii0" <nipype.interfaces.freesurfer.utils.MRIsConvert>
250528-00:38:32,727 nipype.workflow INFO:
	 [Node] Executing "_fs2gii1" <nipype.interfaces.freesurfer.utils.MRIsConvert>
250528-00:38:32,856 nipype.workflow INFO:
	 [Node] Executing "resample" <nipype.interfaces.freesurfer.preprocess.ApplyVolTransform>
250528-00:38:32,917 nipype.workflow INFO:
	 [Node] Executing "_fs2gii3" <nipype.interfaces.freesurfer.utils.MRIsConvert>
250528-00:38:32,951 nipype.workflow INFO:
	 [Node] Executing "_fs2gii4" <nipype.interfaces.freesurfer.utils.MRIsConvert>
250528-00:38:33,162 nipype.workflow INFO:
	 [Node] Executing "_fs2gii2" <nipype.interfaces.freesurfer.utils.MRIsConvert>
250528-00:38:34,760 nipype.workflow INFO:
	 [Node] Finished "_fs2gii0", elapsed time 2.048362s.
250528-00:38:34,832 nipype.workflow INFO:
	 [Node] Finished "_fs2gii1", elapsed time 2.103181s.
250528-00:38:34,858 nipype.workflow INFO:
	 [Node] Finished "_fs2gii3", elapsed time 1.939351s.
250528-00:38:34,995 nipype.workflow INFO:
	 [Node] Finished "_fs2gii4", elapsed time 2.042595s.
250528-00:38:35,70 nipype.workflow INFO:
	 [Node] Finished "resample", elapsed time 2.21255s.
250528-00:38:35,427 nipype.workflow INFO:
	 [Node] Finished "_fs2gii2", elapsed time 2.263335s.
250528-00:38:36,223 nipype.workflow INFO:
	 [Node] Setting-up "fmriprep_25_0_wf.sub_GEO013_wf.anat_fit_wf.refinement_wf.refine" in "/work/fmriprep_25_0_wf/sub_GEO013_wf/anat_fit_wf/refinement_wf/refine".
250528-00:38:36,225 nipype.workflow INFO:
	 [Node] Setting-up "_fs2gii5" in "/work/fmriprep_25_0_wf/sub_GEO013_wf/anat_fit_wf/gifti_surface_wf/fs2gii/mapflow/_fs2gii5".
250528-00:38:36,226 nipype.workflow INFO:
	 [Node] Setting-up "_fs2gii0" in "/work/fmriprep_25_0_wf/sub_GEO013_wf/anat_fit_wf/gifti_spheres_wf/fs2gii/mapflow/_fs2gii0".
250528-00:38:36,227 nipype.workflow INFO:
	 [Node] Setting-up "_fs2gii1" in "/work/fmriprep_25_0_wf/sub_GEO013_wf/anat_fit_wf/gifti_spheres_wf/fs2gii/mapflow/_fs2gii1".
250528-00:38:36,228 nipype.workflow INFO:
	 [Node] Setting-up "_fs2gii2" in "/work/fmriprep_25_0_wf/sub_GEO013_wf/anat_fit_wf/gifti_spheres_wf/fs2gii/mapflow/_fs2gii2".
250528-00:38:36,613 nipype.workflow INFO:
	 [Node] Executing "_fs2gii5" <nipype.interfaces.freesurfer.utils.MRIsConvert>
250528-00:38:36,831 nipype.workflow INFO:
	 [Node] Executing "refine" <niworkflows.interfaces.freesurfer.RefineBrainMask>
250528-00:38:36,982 nipype.workflow INFO:
	 [Node] Executing "_fs2gii1" <nipype.interfaces.freesurfer.utils.MRIsConvert>
250528-00:38:36,989 nipype.workflow INFO:
	 [Node] Executing "_fs2gii2" <nipype.interfaces.freesurfer.utils.MRIsConvert>
250528-00:38:37,75 nipype.workflow INFO:
	 [Node] Executing "_fs2gii0" <nipype.interfaces.freesurfer.utils.MRIsConvert>
250528-00:38:37,395 nipype.workflow INFO:
	 [Node] Finished "recon_report", elapsed time 25.829007s.
250528-00:38:38,679 nipype.workflow INFO:
	 [Node] Finished "_fs2gii5", elapsed time 2.064832s.
250528-00:38:38,792 nipype.workflow INFO:
	 [Node] Finished "_fs2gii1", elapsed time 1.808119s.
250528-00:38:38,854 nipype.workflow INFO:
	 [Node] Finished "_fs2gii2", elapsed time 1.8636490000000001s.
250528-00:38:39,269 nipype.workflow INFO:
	 [Node] Finished "_fs2gii0", elapsed time 2.192988s.
250528-00:38:39,966 nipype.workflow INFO:
	 [Node] Setting-up "_fs2gii3" in "/work/fmriprep_25_0_wf/sub_GEO013_wf/anat_fit_wf/gifti_spheres_wf/fs2gii/mapflow/_fs2gii3".
250528-00:38:39,968 nipype.workflow INFO:
	 [Node] Setting-up "_morphs2gii0" in "/work/fmriprep_25_0_wf/sub_GEO013_wf/anat_fit_wf/gifti_morphometrics_wf/morphs2gii/mapflow/_morphs2gii0".
250528-00:38:40,361 nipype.workflow INFO:
	 [Node] Setting-up "_morphs2gii1" in "/work/fmriprep_25_0_wf/sub_GEO013_wf/anat_fit_wf/gifti_morphometrics_wf/morphs2gii/mapflow/_morphs2gii1".
250528-00:38:40,362 nipype.workflow INFO:
	 [Node] Setting-up "_morphs2gii2" in "/work/fmriprep_25_0_wf/sub_GEO013_wf/anat_fit_wf/gifti_morphometrics_wf/morphs2gii/mapflow/_morphs2gii2".
250528-00:38:40,362 nipype.workflow INFO:
	 [Node] Setting-up "_morphs2gii3" in "/work/fmriprep_25_0_wf/sub_GEO013_wf/anat_fit_wf/gifti_morphometrics_wf/morphs2gii/mapflow/_morphs2gii3".
250528-00:38:40,453 nipype.workflow INFO:
	 [Node] Executing "_morphs2gii0" <smriprep.interfaces.freesurfer.MRIsConvertData>
250528-00:38:40,475 nipype.workflow INFO:
	 [Node] Executing "_fs2gii3" <nipype.interfaces.freesurfer.utils.MRIsConvert>
250528-00:38:40,667 nipype.workflow INFO:
	 [Node] Setting-up "_fs2gii0" in "/work/fmriprep_25_0_wf/sub_GEO013_wf/anat_fit_wf/gifti_surface_wf/fs2gii/mapflow/_fs2gii0".
250528-00:38:40,671 nipype.workflow INFO:
	 [Node] Cached "_fs2gii0" - collecting precomputed outputs
250528-00:38:40,672 nipype.workflow INFO:
	 [Node] "_fs2gii0" found cached.
250528-00:38:40,674 nipype.workflow INFO:
	 [Node] Setting-up "_fs2gii1" in "/work/fmriprep_25_0_wf/sub_GEO013_wf/anat_fit_wf/gifti_surface_wf/fs2gii/mapflow/_fs2gii1".
250528-00:38:40,679 nipype.workflow INFO:
	 [Node] Cached "_fs2gii1" - collecting precomputed outputs
250528-00:38:40,679 nipype.workflow INFO:
	 [Node] "_fs2gii1" found cached.
250528-00:38:40,680 nipype.workflow INFO:
	 [Node] Setting-up "_fs2gii2" in "/work/fmriprep_25_0_wf/sub_GEO013_wf/anat_fit_wf/gifti_surface_wf/fs2gii/mapflow/_fs2gii2".
250528-00:38:40,685 nipype.workflow INFO:
	 [Node] Cached "_fs2gii2" - collecting precomputed outputs
250528-00:38:40,685 nipype.workflow INFO:
	 [Node] "_fs2gii2" found cached.
250528-00:38:40,686 nipype.workflow INFO:
	 [Node] Setting-up "_fs2gii3" in "/work/fmriprep_25_0_wf/sub_GEO013_wf/anat_fit_wf/gifti_surface_wf/fs2gii/mapflow/_fs2gii3".
250528-00:38:40,691 nipype.workflow INFO:
	 [Node] Cached "_fs2gii3" - collecting precomputed outputs
250528-00:38:40,691 nipype.workflow INFO:
	 [Node] "_fs2gii3" found cached.
250528-00:38:40,692 nipype.workflow INFO:
	 [Node] Setting-up "_fs2gii4" in "/work/fmriprep_25_0_wf/sub_GEO013_wf/anat_fit_wf/gifti_surface_wf/fs2gii/mapflow/_fs2gii4".
250528-00:38:40,696 nipype.workflow INFO:
	 [Node] Cached "_fs2gii4" - collecting precomputed outputs
250528-00:38:40,696 nipype.workflow INFO:
	 [Node] "_fs2gii4" found cached.
250528-00:38:40,697 nipype.workflow INFO:
	 [Node] Setting-up "_fs2gii5" in "/work/fmriprep_25_0_wf/sub_GEO013_wf/anat_fit_wf/gifti_surface_wf/fs2gii/mapflow/_fs2gii5".
250528-00:38:40,702 nipype.workflow INFO:
	 [Node] Cached "_fs2gii5" - collecting precomputed outputs
250528-00:38:40,702 nipype.workflow INFO:
	 [Node] "_fs2gii5" found cached.
250528-00:38:40,949 nipype.workflow INFO:
	 [Node] Executing "_morphs2gii3" <smriprep.interfaces.freesurfer.MRIsConvertData>
250528-00:38:40,995 nipype.workflow INFO:
	 [Node] Executing "_morphs2gii1" <smriprep.interfaces.freesurfer.MRIsConvertData>
250528-00:38:41,1 nipype.workflow INFO:
	 [Node] Executing "_morphs2gii2" <smriprep.interfaces.freesurfer.MRIsConvertData>
250528-00:38:41,744 nipype.workflow INFO:
	 [Node] Finished "_morphs2gii0", elapsed time 1.288159s.
250528-00:38:42,56 nipype.workflow INFO:
	 [Node] Finished "_morphs2gii3", elapsed time 1.105331s.
250528-00:38:42,151 nipype.workflow INFO:
	 [Node] Finished "_fs2gii3", elapsed time 1.6741540000000001s.
250528-00:38:42,275 nipype.workflow INFO:
	 [Node] Finished "_morphs2gii2", elapsed time 1.271849s.
250528-00:38:42,347 nipype.workflow INFO:
	 [Node] Finished "_morphs2gii1", elapsed time 1.350478s.
250528-00:38:44,361 nipype.workflow INFO:
	 [Node] Setting-up "_fix_surfs1" in "/work/fmriprep_25_0_wf/sub_GEO013_wf/anat_fit_wf/gifti_surface_wf/fix_surfs/mapflow/_fix_surfs1".
250528-00:38:44,361 nipype.workflow INFO:
	 [Node] Setting-up "_fix_surfs0" in "/work/fmriprep_25_0_wf/sub_GEO013_wf/anat_fit_wf/gifti_surface_wf/fix_surfs/mapflow/_fix_surfs0".
250528-00:38:44,362 nipype.workflow INFO:
	 [Node] Setting-up "_fix_surfs2" in "/work/fmriprep_25_0_wf/sub_GEO013_wf/anat_fit_wf/gifti_surface_wf/fix_surfs/mapflow/_fix_surfs2".
250528-00:38:44,364 nipype.workflow INFO:
	 [Node] Setting-up "_fix_surfs3" in "/work/fmriprep_25_0_wf/sub_GEO013_wf/anat_fit_wf/gifti_surface_wf/fix_surfs/mapflow/_fix_surfs3".
250528-00:38:44,754 nipype.workflow INFO:
	 [Node] Setting-up "_morphs2gii0" in "/work/fmriprep_25_0_wf/sub_GEO013_wf/anat_fit_wf/gifti_morphometrics_wf/morphs2gii/mapflow/_morphs2gii0".
250528-00:38:44,761 nipype.workflow INFO:
	 [Node] Cached "_morphs2gii0" - collecting precomputed outputs
250528-00:38:44,762 nipype.workflow INFO:
	 [Node] "_morphs2gii0" found cached.
250528-00:38:44,763 nipype.workflow INFO:
	 [Node] Setting-up "_morphs2gii1" in "/work/fmriprep_25_0_wf/sub_GEO013_wf/anat_fit_wf/gifti_morphometrics_wf/morphs2gii/mapflow/_morphs2gii1".
250528-00:38:44,768 nipype.workflow INFO:
	 [Node] Cached "_morphs2gii1" - collecting precomputed outputs
250528-00:38:44,769 nipype.workflow INFO:
	 [Node] "_morphs2gii1" found cached.
250528-00:38:44,769 nipype.workflow INFO:
	 [Node] Setting-up "_morphs2gii2" in "/work/fmriprep_25_0_wf/sub_GEO013_wf/anat_fit_wf/gifti_morphometrics_wf/morphs2gii/mapflow/_morphs2gii2".
250528-00:38:44,776 nipype.workflow INFO:
	 [Node] Cached "_morphs2gii2" - collecting precomputed outputs
250528-00:38:44,776 nipype.workflow INFO:
	 [Node] "_morphs2gii2" found cached.
250528-00:38:44,776 nipype.workflow INFO:
	 [Node] Setting-up "_morphs2gii3" in "/work/fmriprep_25_0_wf/sub_GEO013_wf/anat_fit_wf/gifti_morphometrics_wf/morphs2gii/mapflow/_morphs2gii3".
250528-00:38:44,781 nipype.workflow INFO:
	 [Node] Cached "_morphs2gii3" - collecting precomputed outputs
250528-00:38:44,781 nipype.workflow INFO:
	 [Node] "_morphs2gii3" found cached.
250528-00:38:45,58 nipype.workflow INFO:
	 [Node] Executing "_fix_surfs2" <smriprep.interfaces.surf.NormalizeSurf>
250528-00:38:45,693 nipype.workflow INFO:
	 [Node] Executing "_fix_surfs3" <smriprep.interfaces.surf.NormalizeSurf>
250528-00:38:45,772 nipype.workflow INFO:
	 [Node] Setting-up "_fs2gii0" in "/work/fmriprep_25_0_wf/sub_GEO013_wf/anat_fit_wf/gifti_spheres_wf/fs2gii/mapflow/_fs2gii0".
250528-00:38:45,778 nipype.workflow INFO:
	 [Node] Cached "_fs2gii0" - collecting precomputed outputs
250528-00:38:45,778 nipype.workflow INFO:
	 [Node] "_fs2gii0" found cached.
250528-00:38:45,779 nipype.workflow INFO:
	 [Node] Setting-up "_fs2gii1" in "/work/fmriprep_25_0_wf/sub_GEO013_wf/anat_fit_wf/gifti_spheres_wf/fs2gii/mapflow/_fs2gii1".
250528-00:38:45,785 nipype.workflow INFO:
	 [Node] Cached "_fs2gii1" - collecting precomputed outputs
250528-00:38:45,785 nipype.workflow INFO:
	 [Node] "_fs2gii1" found cached.
250528-00:38:45,787 nipype.workflow INFO:
	 [Node] Setting-up "_fs2gii2" in "/work/fmriprep_25_0_wf/sub_GEO013_wf/anat_fit_wf/gifti_spheres_wf/fs2gii/mapflow/_fs2gii2".
250528-00:38:45,792 nipype.workflow INFO:
	 [Node] Executing "_fix_surfs1" <smriprep.interfaces.surf.NormalizeSurf>
250528-00:38:45,796 nipype.workflow INFO:
	 [Node] Cached "_fs2gii2" - collecting precomputed outputs
250528-00:38:45,796 nipype.workflow INFO:
	 [Node] "_fs2gii2" found cached.
250528-00:38:45,797 nipype.workflow INFO:
	 [Node] Setting-up "_fs2gii3" in "/work/fmriprep_25_0_wf/sub_GEO013_wf/anat_fit_wf/gifti_spheres_wf/fs2gii/mapflow/_fs2gii3".
250528-00:38:45,805 nipype.workflow INFO:
	 [Node] Finished "_fix_surfs2", elapsed time 0.745938s.
250528-00:38:45,809 nipype.workflow INFO:
	 [Node] Cached "_fs2gii3" - collecting precomputed outputs
250528-00:38:45,809 nipype.workflow INFO:
	 [Node] "_fs2gii3" found cached.
250528-00:38:46,9 nipype.workflow INFO:
	 [Node] Executing "_fix_surfs0" <smriprep.interfaces.surf.NormalizeSurf>
250528-00:38:46,707 nipype.workflow INFO:
	 [Node] Finished "_fix_surfs0", elapsed time 0.696597s.
250528-00:38:46,830 nipype.workflow INFO:
	 [Node] Finished "_fix_surfs1", elapsed time 1.036518s.
250528-00:38:46,907 nipype.workflow INFO:
	 [Node] Finished "_fix_surfs3", elapsed time 1.211959s.
250528-00:38:48,69 nipype.workflow INFO:
	 [Node] Setting-up "_fix_surfs4" in "/work/fmriprep_25_0_wf/sub_GEO013_wf/anat_fit_wf/gifti_surface_wf/fix_surfs/mapflow/_fix_surfs4".
250528-00:38:49,333 nipype.workflow INFO:
	 [Node] Executing "_fix_surfs4" <smriprep.interfaces.surf.NormalizeSurf>
250528-00:38:49,757 nipype.workflow INFO:
	 [Node] Setting-up "_fix_surfs5" in "/work/fmriprep_25_0_wf/sub_GEO013_wf/anat_fit_wf/gifti_surface_wf/fix_surfs/mapflow/_fix_surfs5".
250528-00:38:50,125 nipype.workflow INFO:
	 [Node] Finished "_fix_surfs4", elapsed time 0.790786s.
250528-00:38:50,416 nipype.workflow INFO:
	 [Node] Executing "_fix_surfs5" <smriprep.interfaces.surf.NormalizeSurf>
250528-00:38:50,519 nipype.workflow INFO:
	 [Node] Setting-up "_fix_surfs0" in "/work/fmriprep_25_0_wf/sub_GEO013_wf/anat_fit_wf/gifti_spheres_wf/fix_surfs/mapflow/_fix_surfs0".
250528-00:38:50,519 nipype.workflow INFO:
	 [Node] Setting-up "_fix_surfs1" in "/work/fmriprep_25_0_wf/sub_GEO013_wf/anat_fit_wf/gifti_spheres_wf/fix_surfs/mapflow/_fix_surfs1".
250528-00:38:50,519 nipype.workflow INFO:
	 [Node] Setting-up "_fix_surfs2" in "/work/fmriprep_25_0_wf/sub_GEO013_wf/anat_fit_wf/gifti_spheres_wf/fix_surfs/mapflow/_fix_surfs2".
250528-00:38:50,520 nipype.workflow INFO:
	 [Node] Setting-up "_fix_surfs3" in "/work/fmriprep_25_0_wf/sub_GEO013_wf/anat_fit_wf/gifti_spheres_wf/fix_surfs/mapflow/_fix_surfs3".
250528-00:38:51,75 nipype.workflow INFO:
	 [Node] Executing "_fix_surfs0" <smriprep.interfaces.surf.NormalizeSurf>
250528-00:38:51,94 nipype.workflow INFO:
	 [Node] Finished "_fix_surfs5", elapsed time 0.676389s.
250528-00:38:51,307 nipype.workflow INFO:
	 [Node] Executing "_fix_surfs1" <smriprep.interfaces.surf.NormalizeSurf>
250528-00:38:51,390 nipype.workflow INFO:
	 [Node] Executing "_fix_surfs2" <smriprep.interfaces.surf.NormalizeSurf>
250528-00:38:51,406 nipype.workflow INFO:
	 [Node] Executing "_fix_surfs3" <smriprep.interfaces.surf.NormalizeSurf>
250528-00:38:51,792 nipype.workflow INFO:
	 [Node] Finished "_fix_surfs0", elapsed time 0.713303s.
250528-00:38:52,23 nipype.workflow INFO:
	 [Node] Finished "_fix_surfs1", elapsed time 0.715269s.
250528-00:38:52,74 nipype.workflow INFO:
	 [Node] Finished "_fix_surfs2", elapsed time 0.682556s.
250528-00:38:52,390 nipype.workflow INFO:
	 [Node] Finished "_fix_surfs3", elapsed time 0.976331s.
250528-00:38:52,840 nipype.workflow INFO:
	 [Node] Setting-up "_fix_surfs0" in "/work/fmriprep_25_0_wf/sub_GEO013_wf/anat_fit_wf/gifti_surface_wf/fix_surfs/mapflow/_fix_surfs0".
250528-00:38:52,844 nipype.workflow INFO:
	 [Node] Cached "_fix_surfs0" - collecting precomputed outputs
250528-00:38:52,845 nipype.workflow INFO:
	 [Node] "_fix_surfs0" found cached.
250528-00:38:52,846 nipype.workflow INFO:
	 [Node] Setting-up "_fix_surfs1" in "/work/fmriprep_25_0_wf/sub_GEO013_wf/anat_fit_wf/gifti_surface_wf/fix_surfs/mapflow/_fix_surfs1".
250528-00:38:52,849 nipype.workflow INFO:
	 [Node] Cached "_fix_surfs1" - collecting precomputed outputs
250528-00:38:52,849 nipype.workflow INFO:
	 [Node] "_fix_surfs1" found cached.
250528-00:38:52,850 nipype.workflow INFO:
	 [Node] Setting-up "_fix_surfs2" in "/work/fmriprep_25_0_wf/sub_GEO013_wf/anat_fit_wf/gifti_surface_wf/fix_surfs/mapflow/_fix_surfs2".
250528-00:38:52,853 nipype.workflow INFO:
	 [Node] Cached "_fix_surfs2" - collecting precomputed outputs
250528-00:38:52,853 nipype.workflow INFO:
	 [Node] "_fix_surfs2" found cached.
250528-00:38:52,854 nipype.workflow INFO:
	 [Node] Setting-up "_fix_surfs3" in "/work/fmriprep_25_0_wf/sub_GEO013_wf/anat_fit_wf/gifti_surface_wf/fix_surfs/mapflow/_fix_surfs3".
250528-00:38:52,858 nipype.workflow INFO:
	 [Node] Cached "_fix_surfs3" - collecting precomputed outputs
250528-00:38:52,858 nipype.workflow INFO:
	 [Node] "_fix_surfs3" found cached.
250528-00:38:52,858 nipype.workflow INFO:
	 [Node] Setting-up "_fix_surfs4" in "/work/fmriprep_25_0_wf/sub_GEO013_wf/anat_fit_wf/gifti_surface_wf/fix_surfs/mapflow/_fix_surfs4".
250528-00:38:52,861 nipype.workflow INFO:
	 [Node] Cached "_fix_surfs4" - collecting precomputed outputs
250528-00:38:52,861 nipype.workflow INFO:
	 [Node] "_fix_surfs4" found cached.
250528-00:38:52,862 nipype.workflow INFO:
	 [Node] Setting-up "_fix_surfs5" in "/work/fmriprep_25_0_wf/sub_GEO013_wf/anat_fit_wf/gifti_surface_wf/fix_surfs/mapflow/_fix_surfs5".
250528-00:38:52,865 nipype.workflow INFO:
	 [Node] Cached "_fix_surfs5" - collecting precomputed outputs
250528-00:38:52,865 nipype.workflow INFO:
	 [Node] "_fix_surfs5" found cached.
250528-00:38:57,753 nipype.workflow INFO:
	 [Node] Setting-up "_invert_sulc0" in "/work/fmriprep_25_0_wf/sub_GEO013_wf/anat_fit_wf/msm_sulc_wf/invert_sulc/mapflow/_invert_sulc0".
250528-00:38:57,754 nipype.workflow INFO:
	 [Node] Setting-up "_invert_sulc1" in "/work/fmriprep_25_0_wf/sub_GEO013_wf/anat_fit_wf/msm_sulc_wf/invert_sulc/mapflow/_invert_sulc1".
250528-00:38:58,633 nipype.workflow INFO:
	 [Node] Setting-up "_fix_surfs0" in "/work/fmriprep_25_0_wf/sub_GEO013_wf/anat_fit_wf/gifti_spheres_wf/fix_surfs/mapflow/_fix_surfs0".
250528-00:38:58,639 nipype.workflow INFO:
	 [Node] Cached "_fix_surfs0" - collecting precomputed outputs
250528-00:38:58,639 nipype.workflow INFO:
	 [Node] "_fix_surfs0" found cached.
250528-00:38:58,639 nipype.workflow INFO:
	 [Node] Setting-up "_fix_surfs1" in "/work/fmriprep_25_0_wf/sub_GEO013_wf/anat_fit_wf/gifti_spheres_wf/fix_surfs/mapflow/_fix_surfs1".
250528-00:38:58,644 nipype.workflow INFO:
	 [Node] Cached "_fix_surfs1" - collecting precomputed outputs
250528-00:38:58,644 nipype.workflow INFO:
	 [Node] "_fix_surfs1" found cached.
250528-00:38:58,644 nipype.workflow INFO:
	 [Node] Setting-up "_fix_surfs2" in "/work/fmriprep_25_0_wf/sub_GEO013_wf/anat_fit_wf/gifti_spheres_wf/fix_surfs/mapflow/_fix_surfs2".
250528-00:38:58,648 nipype.workflow INFO:
	 [Node] Executing "_invert_sulc0" <smriprep.interfaces.gifti.MetricMath>
250528-00:38:58,652 nipype.workflow INFO:
	 [Node] Cached "_fix_surfs2" - collecting precomputed outputs
250528-00:38:58,652 nipype.workflow INFO:
	 [Node] "_fix_surfs2" found cached.
250528-00:38:58,653 nipype.workflow INFO:
	 [Node] Setting-up "_fix_surfs3" in "/work/fmriprep_25_0_wf/sub_GEO013_wf/anat_fit_wf/gifti_spheres_wf/fix_surfs/mapflow/_fix_surfs3".
250528-00:38:58,653 nipype.workflow INFO:
	 [Node] Executing "_invert_sulc1" <smriprep.interfaces.gifti.MetricMath>
250528-00:38:58,658 nipype.workflow INFO:
	 [Node] Cached "_fix_surfs3" - collecting precomputed outputs
250528-00:38:58,658 nipype.workflow INFO:
	 [Node] "_fix_surfs3" found cached.
250528-00:38:58,683 nipype.workflow INFO:
	 [Node] Finished "refine", elapsed time 21.850987s.
250528-00:38:58,784 nipype.workflow INFO:
	 [Node] Finished "_invert_sulc1", elapsed time 0.129739s.
250528-00:38:58,788 nipype.workflow INFO:
	 [Node] Finished "_invert_sulc0", elapsed time 0.139044s.
250528-00:39:08,378 nipype.workflow INFO:
	 [Node] Setting-up "fmriprep_25_0_wf.sub_GEO013_wf.bold_ses_t2_task_image_run_1_wf.bold_fit_wf.bold_reg_wf.bbreg_wf.mri_coreg" in "/work/fmriprep_25_0_wf/sub_GEO013_wf/bold_ses_t2_task_image_run_1_wf/bold_fit_wf/bold_reg_wf/bbreg_wf/mri_coreg".
250528-00:39:09,14 nipype.workflow INFO:
	 [Node] Executing "mri_coreg" <fmriprep.interfaces.patches.MRICoreg>
250528-00:39:54,718 nipype.workflow INFO:
	 [Node] Finished "mri_coreg", elapsed time 45.702325s.
250528-00:39:56,508 nipype.workflow INFO:
	 [Node] Setting-up "fmriprep_25_0_wf.sub_GEO013_wf.bold_ses_t2_task_image_run_2_wf.bold_fit_wf.bold_reg_wf.bbreg_wf.mri_coreg" in "/work/fmriprep_25_0_wf/sub_GEO013_wf/bold_ses_t2_task_image_run_2_wf/bold_fit_wf/bold_reg_wf/bbreg_wf/mri_coreg".
250528-00:39:57,172 nipype.workflow INFO:
	 [Node] Executing "mri_coreg" <fmriprep.interfaces.patches.MRICoreg>
250528-00:40:42,612 nipype.workflow INFO:
	 [Node] Finished "mri_coreg", elapsed time 45.433006s.
250528-00:40:44,472 nipype.workflow INFO:
	 [Node] Setting-up "fmriprep_25_0_wf.sub_GEO013_wf.bold_ses_t2_task_image_run_3_wf.bold_fit_wf.bold_reg_wf.bbreg_wf.mri_coreg" in "/work/fmriprep_25_0_wf/sub_GEO013_wf/bold_ses_t2_task_image_run_3_wf/bold_fit_wf/bold_reg_wf/bbreg_wf/mri_coreg".
250528-00:40:45,6 nipype.workflow INFO:
	 [Node] Executing "mri_coreg" <fmriprep.interfaces.patches.MRICoreg>
250528-00:40:48,517 nipype.workflow INFO:
	 [Node] Finished "bbreg", elapsed time 156.538511s.
250528-00:40:53,737 nipype.workflow INFO:
	 [Node] Setting-up "_invert_sulc0" in "/work/fmriprep_25_0_wf/sub_GEO013_wf/anat_fit_wf/msm_sulc_wf/invert_sulc/mapflow/_invert_sulc0".
250528-00:40:53,749 nipype.workflow INFO:
	 [Node] Cached "_invert_sulc0" - collecting precomputed outputs
250528-00:40:53,749 nipype.workflow INFO:
	 [Node] "_invert_sulc0" found cached.
250528-00:40:53,752 nipype.workflow INFO:
	 [Node] Setting-up "_invert_sulc1" in "/work/fmriprep_25_0_wf/sub_GEO013_wf/anat_fit_wf/msm_sulc_wf/invert_sulc/mapflow/_invert_sulc1".
250528-00:40:53,763 nipype.workflow INFO:
	 [Node] Cached "_invert_sulc1" - collecting precomputed outputs
250528-00:40:53,763 nipype.workflow INFO:
	 [Node] "_invert_sulc1" found cached.
250528-00:40:57,281 nipype.workflow INFO:
	 [Node] Setting-up "fmriprep_25_0_wf.sub_GEO013_wf.anat_fit_wf.applyrefined" in "/work/fmriprep_25_0_wf/sub_GEO013_wf/anat_fit_wf/applyrefined".
250528-00:40:57,977 nipype.workflow INFO:
	 [Node] Executing "applyrefined" <nipype.interfaces.fsl.maths.ApplyMask>
250528-00:41:00,9 nipype.workflow INFO:
	 [Node] Finished "applyrefined", elapsed time 2.029322s.
250528-00:41:02,612 nipype.workflow INFO:
	 [Node] Setting-up "fmriprep_25_0_wf.sub_GEO013_wf.anat_fit_wf.t2w_resample" in "/work/fmriprep_25_0_wf/sub_GEO013_wf/anat_fit_wf/t2w_resample".
250528-00:41:03,157 nipype.workflow INFO:
	 [Node] Executing "t2w_resample" <niworkflows.interfaces.fixes.FixHeaderApplyTransforms>
250528-00:41:29,968 nipype.workflow INFO:
	 [Node] Finished "mri_coreg", elapsed time 44.96094s.
250528-00:41:30,633 nipype.workflow INFO:
	 [Node] Setting-up "fmriprep_25_0_wf.sub_GEO013_wf.bold_ses_t2_task_image_run_4_wf.bold_fit_wf.bold_reg_wf.bbreg_wf.mri_coreg" in "/work/fmriprep_25_0_wf/sub_GEO013_wf/bold_ses_t2_task_image_run_4_wf/bold_fit_wf/bold_reg_wf/bbreg_wf/mri_coreg".
250528-00:41:30,824 nipype.workflow INFO:
	 [Node] Executing "mri_coreg" <fmriprep.interfaces.patches.MRICoreg>
250528-00:41:30,837 nipype.workflow INFO:
	 [Node] Finished "t2w_resample", elapsed time 27.678156s.
250528-00:41:36,650 nipype.workflow INFO:
	 [Node] Setting-up "fmriprep_25_0_wf.sub_GEO013_wf.anat_fit_wf.fast" in "/work/fmriprep_25_0_wf/sub_GEO013_wf/anat_fit_wf/fast".
250528-00:41:36,763 nipype.workflow INFO:
	 [Node] Executing "fast" <nipype.interfaces.fsl.preprocess.FAST>
250528-00:42:15,528 nipype.workflow INFO:
	 [Node] Finished "mri_coreg", elapsed time 44.696368s.
250528-00:42:17,61 nipype.workflow INFO:
	 [Node] Setting-up "fmriprep_25_0_wf.sub_GEO013_wf.bold_ses_t2_task_image_run_5_wf.bold_fit_wf.bold_reg_wf.bbreg_wf.mri_coreg" in "/work/fmriprep_25_0_wf/sub_GEO013_wf/bold_ses_t2_task_image_run_5_wf/bold_fit_wf/bold_reg_wf/bbreg_wf/mri_coreg".
250528-00:42:17,265 nipype.workflow INFO:
	 [Node] Executing "mri_coreg" <fmriprep.interfaces.patches.MRICoreg>
250528-00:42:52,990 nipype.workflow INFO:
	 [Node] Finished "fast", elapsed time 76.225575s.
250528-00:42:55,212 nipype.workflow INFO:
	 [Node] Setting-up "fmriprep_25_0_wf.sub_GEO013_wf.ds_std_volumes_wf.mask_anat" in "/work/fmriprep_25_0_wf/sub_GEO013_wf/ds_std_volumes_wf/mask_anat".
250528-00:42:55,470 nipype.workflow INFO:
	 [Node] Executing "mask_anat" <niworkflows.interfaces.nibabel.ApplyMask>
250528-00:42:56,365 nipype.workflow INFO:
	 [Node] Finished "mask_anat", elapsed time 0.893572s.
250528-00:42:56,985 nipype.workflow INFO:
	 [Node] Setting-up "fmriprep_25_0_wf.sub_GEO013_wf.bold_ses_t2_task_image_run_1_wf.bold_anat_wf.gen_ref" in "/work/fmriprep_25_0_wf/sub_GEO013_wf/bold_ses_t2_task_image_run_1_wf/bold_anat_wf/gen_ref".
250528-00:42:57,146 nipype.workflow INFO:
	 [Node] Executing "gen_ref" <niworkflows.interfaces.nibabel.GenerateSamplingReference>
250528-00:42:58,40 nipype.workflow INFO:
	 [Node] Finished "gen_ref", elapsed time 0.892971s.
250528-00:42:59,115 nipype.workflow INFO:
	 [Node] Setting-up "fmriprep_25_0_wf.sub_GEO013_wf.bold_ses_t2_task_image_run_2_wf.bold_anat_wf.gen_ref" in "/work/fmriprep_25_0_wf/sub_GEO013_wf/bold_ses_t2_task_image_run_2_wf/bold_anat_wf/gen_ref".
250528-00:42:59,260 nipype.workflow INFO:
	 [Node] Executing "gen_ref" <niworkflows.interfaces.nibabel.GenerateSamplingReference>
250528-00:43:00,327 nipype.workflow INFO:
	 [Node] Finished "gen_ref", elapsed time 1.065371s.
250528-00:43:01,121 nipype.workflow INFO:
	 [Node] Setting-up "fmriprep_25_0_wf.sub_GEO013_wf.bold_ses_t2_task_image_run_3_wf.bold_anat_wf.gen_ref" in "/work/fmriprep_25_0_wf/sub_GEO013_wf/bold_ses_t2_task_image_run_3_wf/bold_anat_wf/gen_ref".
250528-00:43:01,293 nipype.workflow INFO:
	 [Node] Executing "gen_ref" <niworkflows.interfaces.nibabel.GenerateSamplingReference>
250528-00:43:01,981 nipype.workflow INFO:
	 [Node] Finished "mri_coreg", elapsed time 44.715273s.
250528-00:43:02,269 nipype.workflow INFO:
	 [Node] Finished "gen_ref", elapsed time 0.97479s.
250528-00:43:03,48 nipype.workflow INFO:
	 [Node] Setting-up "fmriprep_25_0_wf.sub_GEO013_wf.bold_ses_t3_task_image_run_1_wf.bold_fit_wf.bold_reg_wf.bbreg_wf.mri_coreg" in "/work/fmriprep_25_0_wf/sub_GEO013_wf/bold_ses_t3_task_image_run_1_wf/bold_fit_wf/bold_reg_wf/bbreg_wf/mri_coreg".
250528-00:43:03,53 nipype.workflow INFO:
	 [Node] Setting-up "fmriprep_25_0_wf.sub_GEO013_wf.bold_ses_t2_task_image_run_4_wf.bold_anat_wf.gen_ref" in "/work/fmriprep_25_0_wf/sub_GEO013_wf/bold_ses_t2_task_image_run_4_wf/bold_anat_wf/gen_ref".
250528-00:43:03,180 nipype.workflow INFO:
	 [Node] Executing "gen_ref" <niworkflows.interfaces.nibabel.GenerateSamplingReference>
250528-00:43:03,229 nipype.workflow INFO:
	 [Node] Executing "mri_coreg" <fmriprep.interfaces.patches.MRICoreg>
250528-00:43:04,96 nipype.workflow INFO:
	 [Node] Finished "gen_ref", elapsed time 0.914785s.
250528-00:43:05,82 nipype.workflow INFO:
	 [Node] Setting-up "fmriprep_25_0_wf.sub_GEO013_wf.bold_ses_t2_task_image_run_5_wf.bold_anat_wf.gen_ref" in "/work/fmriprep_25_0_wf/sub_GEO013_wf/bold_ses_t2_task_image_run_5_wf/bold_anat_wf/gen_ref".
250528-00:43:05,229 nipype.workflow INFO:
	 [Node] Executing "gen_ref" <niworkflows.interfaces.nibabel.GenerateSamplingReference>
250528-00:43:06,123 nipype.workflow INFO:
	 [Node] Finished "gen_ref", elapsed time 0.89247s.
250528-00:43:07,48 nipype.workflow INFO:
	 [Node] Setting-up "fmriprep_25_0_wf.sub_GEO013_wf.bold_ses_t3_task_image_run_1_wf.bold_anat_wf.gen_ref" in "/work/fmriprep_25_0_wf/sub_GEO013_wf/bold_ses_t3_task_image_run_1_wf/bold_anat_wf/gen_ref".
250528-00:43:07,155 nipype.workflow INFO:
	 [Node] Executing "gen_ref" <niworkflows.interfaces.nibabel.GenerateSamplingReference>
250528-00:43:08,213 nipype.workflow INFO:
	 [Node] Finished "gen_ref", elapsed time 1.056612s.
250528-00:43:09,85 nipype.workflow INFO:
	 [Node] Setting-up "fmriprep_25_0_wf.sub_GEO013_wf.bold_ses_t3_task_image_run_2_wf.bold_anat_wf.gen_ref" in "/work/fmriprep_25_0_wf/sub_GEO013_wf/bold_ses_t3_task_image_run_2_wf/bold_anat_wf/gen_ref".
250528-00:43:09,312 nipype.workflow INFO:
	 [Node] Executing "gen_ref" <niworkflows.interfaces.nibabel.GenerateSamplingReference>
250528-00:43:10,294 nipype.workflow INFO:
	 [Node] Finished "gen_ref", elapsed time 0.980877s.
250528-00:43:11,100 nipype.workflow INFO:
	 [Node] Setting-up "fmriprep_25_0_wf.sub_GEO013_wf.bold_ses_t3_task_image_run_3_wf.bold_anat_wf.gen_ref" in "/work/fmriprep_25_0_wf/sub_GEO013_wf/bold_ses_t3_task_image_run_3_wf/bold_anat_wf/gen_ref".
250528-00:43:11,246 nipype.workflow INFO:
	 [Node] Executing "gen_ref" <niworkflows.interfaces.nibabel.GenerateSamplingReference>
250528-00:43:12,254 nipype.workflow INFO:
	 [Node] Finished "gen_ref", elapsed time 1.006643s.
250528-00:43:13,37 nipype.workflow INFO:
	 [Node] Setting-up "fmriprep_25_0_wf.sub_GEO013_wf.bold_ses_t3_task_image_run_4_wf.bold_anat_wf.gen_ref" in "/work/fmriprep_25_0_wf/sub_GEO013_wf/bold_ses_t3_task_image_run_4_wf/bold_anat_wf/gen_ref".
250528-00:43:13,170 nipype.workflow INFO:
	 [Node] Executing "gen_ref" <niworkflows.interfaces.nibabel.GenerateSamplingReference>
250528-00:43:14,129 nipype.workflow INFO:
	 [Node] Finished "gen_ref", elapsed time 0.95798s.
250528-00:43:15,47 nipype.workflow INFO:
	 [Node] Setting-up "fmriprep_25_0_wf.sub_GEO013_wf.bold_ses_t3_task_image_run_5_wf.bold_anat_wf.gen_ref" in "/work/fmriprep_25_0_wf/sub_GEO013_wf/bold_ses_t3_task_image_run_5_wf/bold_anat_wf/gen_ref".
250528-00:43:15,308 nipype.workflow INFO:
	 [Node] Executing "gen_ref" <niworkflows.interfaces.nibabel.GenerateSamplingReference>
250528-00:43:16,250 nipype.workflow INFO:
	 [Node] Finished "gen_ref", elapsed time 0.935489s.
250528-00:43:17,57 nipype.workflow INFO:
	 [Node] Setting-up "fmriprep_25_0_wf.sub_GEO013_wf.bold_ses_t3_task_retrans_run_1_wf.bold_anat_wf.gen_ref" in "/work/fmriprep_25_0_wf/sub_GEO013_wf/bold_ses_t3_task_retrans_run_1_wf/bold_anat_wf/gen_ref".
250528-00:43:17,191 nipype.workflow INFO:
	 [Node] Executing "gen_ref" <niworkflows.interfaces.nibabel.GenerateSamplingReference>
250528-00:43:18,106 nipype.workflow INFO:
	 [Node] Finished "gen_ref", elapsed time 0.913772s.
250528-00:43:18,938 nipype.workflow INFO:
	 [Node] Setting-up "fmriprep_25_0_wf.sub_GEO013_wf.anat_fit_wf.lut_t1w_dseg" in "/work/fmriprep_25_0_wf/sub_GEO013_wf/anat_fit_wf/lut_t1w_dseg".
250528-00:43:19,50 nipype.workflow INFO:
	 [Node] Executing "lut_t1w_dseg" <nipype.interfaces.utility.wrappers.Function>
250528-00:43:19,250 nipype.workflow INFO:
	 [Node] Finished "lut_t1w_dseg", elapsed time 0.198393s.
250528-00:43:28,929 nipype.workflow INFO:
	 [Node] Setting-up "_create_wm_distvol0" in "/work/fmriprep_25_0_wf/sub_GEO013_wf/anat_fit_wf/anat_ribbon_wf/create_wm_distvol/mapflow/_create_wm_distvol0".
250528-00:43:29,36 nipype.workflow INFO:
	 [Node] Executing "_create_wm_distvol0" <smriprep.interfaces.workbench.CreateSignedDistanceVolume>
250528-00:43:49,100 nipype.workflow INFO:
	 [Node] Finished "mri_coreg", elapsed time 45.869642s.
250528-00:43:51,333 nipype.workflow INFO:
	 [Node] Setting-up "fmriprep_25_0_wf.sub_GEO013_wf.bold_ses_t3_task_image_run_2_wf.bold_fit_wf.bold_reg_wf.bbreg_wf.mri_coreg" in "/work/fmriprep_25_0_wf/sub_GEO013_wf/bold_ses_t3_task_image_run_2_wf/bold_fit_wf/bold_reg_wf/bbreg_wf/mri_coreg".
250528-00:43:51,476 nipype.workflow INFO:
	 [Node] Executing "mri_coreg" <fmriprep.interfaces.patches.MRICoreg>
250528-00:44:15,827 nipype.workflow INFO:
	 [Node] Finished "_create_wm_distvol0", elapsed time 43.522961s.
250528-00:44:25,223 nipype.workflow INFO:
	 [Node] Setting-up "fmriprep_25_0_wf.sub_GEO013_wf.anat_fit_wf.anat_reports_wf.seg_rpt" in "/work/fmriprep_25_0_wf/sub_GEO013_wf/anat_fit_wf/anat_reports_wf/seg_rpt".
250528-00:44:25,532 nipype.workflow INFO:
	 [Node] Executing "seg_rpt" <niworkflows.interfaces.reportlets.masks.ROIsPlot>
250528-00:44:39,340 nipype.workflow INFO:
	 [Node] Finished "mri_coreg", elapsed time 47.863281s.
250528-00:44:41,536 nipype.workflow INFO:
	 [Node] Setting-up "fmriprep_25_0_wf.sub_GEO013_wf.bold_ses_t3_task_image_run_3_wf.bold_fit_wf.bold_reg_wf.bbreg_wf.mri_coreg" in "/work/fmriprep_25_0_wf/sub_GEO013_wf/bold_ses_t3_task_image_run_3_wf/bold_fit_wf/bold_reg_wf/bbreg_wf/mri_coreg".
250528-00:44:41,712 nipype.workflow INFO:
	 [Node] Executing "mri_coreg" <fmriprep.interfaces.patches.MRICoreg>
250528-00:44:41,722 nipype.workflow INFO:
	 [Node] Finished "seg_rpt", elapsed time 16.188321s.
250528-00:44:43,632 nipype.workflow INFO:
	 [Node] Setting-up "fmriprep_25_0_wf.sub_GEO013_wf.bold_ses_t2_task_image_run_1_wf.bold_fit_wf.func_fit_reports_wf.t1w_wm" in "/work/fmriprep_25_0_wf/sub_GEO013_wf/bold_ses_t2_task_image_run_1_wf/bold_fit_wf/func_fit_reports_wf/t1w_wm".
250528-00:44:43,771 nipype.workflow INFO:
	 [Node] Executing "t1w_wm" <nipype.interfaces.utility.wrappers.Function>
250528-00:44:43,854 nipype.workflow INFO:
	 [Node] Finished "t1w_wm", elapsed time 0.08112s.
250528-00:44:45,607 nipype.workflow INFO:
	 [Node] Setting-up "fmriprep_25_0_wf.sub_GEO013_wf.bold_ses_t2_task_image_run_2_wf.bold_fit_wf.func_fit_reports_wf.t1w_wm" in "/work/fmriprep_25_0_wf/sub_GEO013_wf/bold_ses_t2_task_image_run_2_wf/bold_fit_wf/func_fit_reports_wf/t1w_wm".
250528-00:44:45,699 nipype.workflow INFO:
	 [Node] Executing "t1w_wm" <nipype.interfaces.utility.wrappers.Function>
250528-00:44:45,778 nipype.workflow INFO:
	 [Node] Finished "t1w_wm", elapsed time 0.078007s.
250528-00:44:47,613 nipype.workflow INFO:
	 [Node] Setting-up "fmriprep_25_0_wf.sub_GEO013_wf.bold_ses_t2_task_image_run_3_wf.bold_fit_wf.func_fit_reports_wf.t1w_wm" in "/work/fmriprep_25_0_wf/sub_GEO013_wf/bold_ses_t2_task_image_run_3_wf/bold_fit_wf/func_fit_reports_wf/t1w_wm".
250528-00:44:47,709 nipype.workflow INFO:
	 [Node] Executing "t1w_wm" <nipype.interfaces.utility.wrappers.Function>
250528-00:44:47,787 nipype.workflow INFO:
	 [Node] Finished "t1w_wm", elapsed time 0.076762s.
250528-00:44:49,559 nipype.workflow INFO:
	 [Node] Setting-up "fmriprep_25_0_wf.sub_GEO013_wf.bold_ses_t2_task_image_run_4_wf.bold_fit_wf.func_fit_reports_wf.t1w_wm" in "/work/fmriprep_25_0_wf/sub_GEO013_wf/bold_ses_t2_task_image_run_4_wf/bold_fit_wf/func_fit_reports_wf/t1w_wm".
250528-00:44:49,661 nipype.workflow INFO:
	 [Node] Executing "t1w_wm" <nipype.interfaces.utility.wrappers.Function>
250528-00:44:49,752 nipype.workflow INFO:
	 [Node] Finished "t1w_wm", elapsed time 0.089491s.
250528-00:44:51,622 nipype.workflow INFO:
	 [Node] Setting-up "fmriprep_25_0_wf.sub_GEO013_wf.bold_ses_t2_task_image_run_5_wf.bold_fit_wf.func_fit_reports_wf.t1w_wm" in "/work/fmriprep_25_0_wf/sub_GEO013_wf/bold_ses_t2_task_image_run_5_wf/bold_fit_wf/func_fit_reports_wf/t1w_wm".
250528-00:44:51,733 nipype.workflow INFO:
	 [Node] Executing "t1w_wm" <nipype.interfaces.utility.wrappers.Function>
250528-00:44:51,852 nipype.workflow INFO:
	 [Node] Finished "t1w_wm", elapsed time 0.117588s.
250528-00:44:53,627 nipype.workflow INFO:
	 [Node] Setting-up "fmriprep_25_0_wf.sub_GEO013_wf.bold_ses_t3_task_image_run_1_wf.bold_fit_wf.func_fit_reports_wf.t1w_wm" in "/work/fmriprep_25_0_wf/sub_GEO013_wf/bold_ses_t3_task_image_run_1_wf/bold_fit_wf/func_fit_reports_wf/t1w_wm".
250528-00:44:53,733 nipype.workflow INFO:
	 [Node] Executing "t1w_wm" <nipype.interfaces.utility.wrappers.Function>
250528-00:44:53,834 nipype.workflow INFO:
	 [Node] Finished "t1w_wm", elapsed time 0.099502s.
250528-00:44:55,663 nipype.workflow INFO:
	 [Node] Setting-up "fmriprep_25_0_wf.sub_GEO013_wf.bold_ses_t3_task_image_run_2_wf.bold_fit_wf.func_fit_reports_wf.t1w_wm" in "/work/fmriprep_25_0_wf/sub_GEO013_wf/bold_ses_t3_task_image_run_2_wf/bold_fit_wf/func_fit_reports_wf/t1w_wm".
250528-00:44:55,760 nipype.workflow INFO:
	 [Node] Executing "t1w_wm" <nipype.interfaces.utility.wrappers.Function>
250528-00:44:55,839 nipype.workflow INFO:
	 [Node] Finished "t1w_wm", elapsed time 0.078344s.
250528-00:44:57,607 nipype.workflow INFO:
	 [Node] Setting-up "fmriprep_25_0_wf.sub_GEO013_wf.bold_ses_t3_task_image_run_3_wf.bold_fit_wf.func_fit_reports_wf.t1w_wm" in "/work/fmriprep_25_0_wf/sub_GEO013_wf/bold_ses_t3_task_image_run_3_wf/bold_fit_wf/func_fit_reports_wf/t1w_wm".
250528-00:44:57,704 nipype.workflow INFO:
	 [Node] Executing "t1w_wm" <nipype.interfaces.utility.wrappers.Function>
250528-00:44:57,784 nipype.workflow INFO:
	 [Node] Finished "t1w_wm", elapsed time 0.078472s.
250528-00:44:59,618 nipype.workflow INFO:
	 [Node] Setting-up "fmriprep_25_0_wf.sub_GEO013_wf.bold_ses_t3_task_image_run_4_wf.bold_fit_wf.func_fit_reports_wf.t1w_wm" in "/work/fmriprep_25_0_wf/sub_GEO013_wf/bold_ses_t3_task_image_run_4_wf/bold_fit_wf/func_fit_reports_wf/t1w_wm".
250528-00:44:59,736 nipype.workflow INFO:
	 [Node] Executing "t1w_wm" <nipype.interfaces.utility.wrappers.Function>
250528-00:44:59,817 nipype.workflow INFO:
	 [Node] Finished "t1w_wm", elapsed time 0.079939s.
250528-00:45:01,644 nipype.workflow INFO:
	 [Node] Setting-up "fmriprep_25_0_wf.sub_GEO013_wf.bold_ses_t3_task_image_run_5_wf.bold_fit_wf.func_fit_reports_wf.t1w_wm" in "/work/fmriprep_25_0_wf/sub_GEO013_wf/bold_ses_t3_task_image_run_5_wf/bold_fit_wf/func_fit_reports_wf/t1w_wm".
250528-00:45:01,796 nipype.workflow INFO:
	 [Node] Executing "t1w_wm" <nipype.interfaces.utility.wrappers.Function>
250528-00:45:01,890 nipype.workflow INFO:
	 [Node] Finished "t1w_wm", elapsed time 0.091989s.
250528-00:45:03,624 nipype.workflow INFO:
	 [Node] Setting-up "fmriprep_25_0_wf.sub_GEO013_wf.bold_ses_t3_task_retrans_run_1_wf.bold_fit_wf.func_fit_reports_wf.t1w_wm" in "/work/fmriprep_25_0_wf/sub_GEO013_wf/bold_ses_t3_task_retrans_run_1_wf/bold_fit_wf/func_fit_reports_wf/t1w_wm".
250528-00:45:03,749 nipype.workflow INFO:
	 [Node] Executing "t1w_wm" <nipype.interfaces.utility.wrappers.Function>
250528-00:45:03,845 nipype.workflow INFO:
	 [Node] Finished "t1w_wm", elapsed time 0.095093s.
250528-00:45:05,620 nipype.workflow INFO:
	 [Node] Setting-up "fmriprep_25_0_wf.sub_GEO013_wf.bold_ses_t2_task_image_run_1_wf.bold_confounds_wf.acc_masks" in "/work/fmriprep_25_0_wf/sub_GEO013_wf/bold_ses_t2_task_image_run_1_wf/bold_confounds_wf/acc_masks".
250528-00:45:05,990 nipype.workflow INFO:
	 [Node] Executing "acc_masks" <fmriprep.interfaces.confounds.aCompCorMasks>
250528-00:45:08,888 nipype.workflow INFO:
	 [Node] Finished "acc_masks", elapsed time 2.896424s.
250528-00:45:09,617 nipype.workflow INFO:
	 [Node] Setting-up "fmriprep_25_0_wf.sub_GEO013_wf.bold_ses_t2_task_image_run_2_wf.bold_confounds_wf.acc_masks" in "/work/fmriprep_25_0_wf/sub_GEO013_wf/bold_ses_t2_task_image_run_2_wf/bold_confounds_wf/acc_masks".
250528-00:45:09,925 nipype.workflow INFO:
	 [Node] Executing "acc_masks" <fmriprep.interfaces.confounds.aCompCorMasks>
250528-00:45:12,869 nipype.workflow INFO:
	 [Node] Finished "acc_masks", elapsed time 2.943555s.
250528-00:45:13,525 nipype.workflow INFO:
	 [Node] Setting-up "fmriprep_25_0_wf.sub_GEO013_wf.bold_ses_t2_task_image_run_3_wf.bold_confounds_wf.acc_masks" in "/work/fmriprep_25_0_wf/sub_GEO013_wf/bold_ses_t2_task_image_run_3_wf/bold_confounds_wf/acc_masks".
250528-00:45:13,930 nipype.workflow INFO:
	 [Node] Executing "acc_masks" <fmriprep.interfaces.confounds.aCompCorMasks>
250528-00:45:17,364 nipype.workflow INFO:
	 [Node] Finished "acc_masks", elapsed time 3.429048s.
250528-00:45:19,620 nipype.workflow INFO:
	 [Node] Setting-up "fmriprep_25_0_wf.sub_GEO013_wf.bold_ses_t2_task_image_run_4_wf.bold_confounds_wf.acc_masks" in "/work/fmriprep_25_0_wf/sub_GEO013_wf/bold_ses_t2_task_image_run_4_wf/bold_confounds_wf/acc_masks".
250528-00:45:19,893 nipype.workflow INFO:
	 [Node] Executing "acc_masks" <fmriprep.interfaces.confounds.aCompCorMasks>
250528-00:45:23,51 nipype.workflow INFO:
	 [Node] Finished "acc_masks", elapsed time 3.156691s.
250528-00:45:23,515 nipype.workflow INFO:
	 [Node] Setting-up "fmriprep_25_0_wf.sub_GEO013_wf.bold_ses_t2_task_image_run_5_wf.bold_confounds_wf.acc_masks" in "/work/fmriprep_25_0_wf/sub_GEO013_wf/bold_ses_t2_task_image_run_5_wf/bold_confounds_wf/acc_masks".
250528-00:45:23,783 nipype.workflow INFO:
	 [Node] Executing "acc_masks" <fmriprep.interfaces.confounds.aCompCorMasks>
250528-00:45:27,504 nipype.workflow INFO:
	 [Node] Finished "acc_masks", elapsed time 3.719948s.
250528-00:45:29,509 nipype.workflow INFO:
	 [Node] Finished "mri_coreg", elapsed time 47.795963s.
250528-00:45:29,622 nipype.workflow INFO:
	 [Node] Setting-up "fmriprep_25_0_wf.sub_GEO013_wf.bold_ses_t3_task_image_run_1_wf.bold_confounds_wf.acc_masks" in "/work/fmriprep_25_0_wf/sub_GEO013_wf/bold_ses_t3_task_image_run_1_wf/bold_confounds_wf/acc_masks".
250528-00:45:29,928 nipype.workflow INFO:
	 [Node] Executing "acc_masks" <fmriprep.interfaces.confounds.aCompCorMasks>
250528-00:45:31,672 nipype.workflow INFO:
	 [Node] Setting-up "fmriprep_25_0_wf.sub_GEO013_wf.bold_ses_t3_task_image_run_4_wf.bold_fit_wf.bold_reg_wf.bbreg_wf.mri_coreg" in "/work/fmriprep_25_0_wf/sub_GEO013_wf/bold_ses_t3_task_image_run_4_wf/bold_fit_wf/bold_reg_wf/bbreg_wf/mri_coreg".
250528-00:45:31,885 nipype.workflow INFO:
	 [Node] Executing "mri_coreg" <fmriprep.interfaces.patches.MRICoreg>
250528-00:45:33,665 nipype.workflow INFO:
	 [Node] Finished "acc_masks", elapsed time 3.736392s.
250528-00:45:35,674 nipype.workflow INFO:
	 [Node] Setting-up "fmriprep_25_0_wf.sub_GEO013_wf.bold_ses_t3_task_image_run_2_wf.bold_confounds_wf.acc_masks" in "/work/fmriprep_25_0_wf/sub_GEO013_wf/bold_ses_t3_task_image_run_2_wf/bold_confounds_wf/acc_masks".
250528-00:45:35,881 nipype.workflow INFO:
	 [Node] Executing "acc_masks" <fmriprep.interfaces.confounds.aCompCorMasks>
250528-00:45:38,887 nipype.workflow INFO:
	 [Node] Finished "acc_masks", elapsed time 3.002267s.
250528-00:45:39,633 nipype.workflow INFO:
	 [Node] Setting-up "fmriprep_25_0_wf.sub_GEO013_wf.bold_ses_t3_task_image_run_3_wf.bold_confounds_wf.acc_masks" in "/work/fmriprep_25_0_wf/sub_GEO013_wf/bold_ses_t3_task_image_run_3_wf/bold_confounds_wf/acc_masks".
250528-00:45:39,840 nipype.workflow INFO:
	 [Node] Executing "acc_masks" <fmriprep.interfaces.confounds.aCompCorMasks>
250528-00:45:42,724 nipype.workflow INFO:
	 [Node] Finished "acc_masks", elapsed time 2.882675s.
250528-00:45:43,633 nipype.workflow INFO:
	 [Node] Setting-up "fmriprep_25_0_wf.sub_GEO013_wf.bold_ses_t3_task_image_run_4_wf.bold_confounds_wf.acc_masks" in "/work/fmriprep_25_0_wf/sub_GEO013_wf/bold_ses_t3_task_image_run_4_wf/bold_confounds_wf/acc_masks".
250528-00:45:43,841 nipype.workflow INFO:
	 [Node] Executing "acc_masks" <fmriprep.interfaces.confounds.aCompCorMasks>
250528-00:45:46,872 nipype.workflow INFO:
	 [Node] Finished "acc_masks", elapsed time 3.029023s.
250528-00:45:47,519 nipype.workflow INFO:
	 [Node] Setting-up "fmriprep_25_0_wf.sub_GEO013_wf.bold_ses_t3_task_image_run_5_wf.bold_confounds_wf.acc_masks" in "/work/fmriprep_25_0_wf/sub_GEO013_wf/bold_ses_t3_task_image_run_5_wf/bold_confounds_wf/acc_masks".
250528-00:45:47,772 nipype.workflow INFO:
	 [Node] Executing "acc_masks" <fmriprep.interfaces.confounds.aCompCorMasks>
250528-00:45:50,729 nipype.workflow INFO:
	 [Node] Finished "acc_masks", elapsed time 2.955366s.
250528-00:45:51,645 nipype.workflow INFO:
	 [Node] Setting-up "fmriprep_25_0_wf.sub_GEO013_wf.bold_ses_t3_task_retrans_run_1_wf.bold_confounds_wf.acc_masks" in "/work/fmriprep_25_0_wf/sub_GEO013_wf/bold_ses_t3_task_retrans_run_1_wf/bold_confounds_wf/acc_masks".
250528-00:45:51,824 nipype.workflow INFO:
	 [Node] Executing "acc_masks" <fmriprep.interfaces.confounds.aCompCorMasks>
250528-00:45:54,908 nipype.workflow INFO:
	 [Node] Finished "acc_masks", elapsed time 3.082644s.
250528-00:45:56,168 nipype.workflow INFO:
	 [Node] Setting-up "_create_wm_distvol1" in "/work/fmriprep_25_0_wf/sub_GEO013_wf/anat_fit_wf/anat_ribbon_wf/create_wm_distvol/mapflow/_create_wm_distvol1".
250528-00:45:56,383 nipype.workflow INFO:
	 [Node] Executing "_create_wm_distvol1" <smriprep.interfaces.workbench.CreateSignedDistanceVolume>
250528-00:46:18,787 nipype.workflow INFO:
	 [Node] Finished "mri_coreg", elapsed time 46.897343s.
250528-00:46:19,569 nipype.workflow INFO:
	 [Node] Setting-up "fmriprep_25_0_wf.sub_GEO013_wf.bold_ses_t3_task_image_run_5_wf.bold_fit_wf.bold_reg_wf.bbreg_wf.mri_coreg" in "/work/fmriprep_25_0_wf/sub_GEO013_wf/bold_ses_t3_task_image_run_5_wf/bold_fit_wf/bold_reg_wf/bbreg_wf/mri_coreg".
250528-00:46:19,736 nipype.workflow INFO:
	 [Node] Executing "mri_coreg" <fmriprep.interfaces.patches.MRICoreg>
250528-00:46:42,51 nipype.workflow INFO:
	 [Node] Finished "_create_wm_distvol1", elapsed time 45.458056s.
250528-00:46:43,749 nipype.workflow INFO:
	 [Node] Setting-up "_create_wm_distvol0" in "/work/fmriprep_25_0_wf/sub_GEO013_wf/anat_fit_wf/anat_ribbon_wf/create_wm_distvol/mapflow/_create_wm_distvol0".
250528-00:46:43,765 nipype.workflow INFO:
	 [Node] Cached "_create_wm_distvol0" - collecting precomputed outputs
250528-00:46:43,765 nipype.workflow INFO:
	 [Node] "_create_wm_distvol0" found cached.
250528-00:46:43,766 nipype.workflow INFO:
	 [Node] Setting-up "_create_wm_distvol1" in "/work/fmriprep_25_0_wf/sub_GEO013_wf/anat_fit_wf/anat_ribbon_wf/create_wm_distvol/mapflow/_create_wm_distvol1".
250528-00:46:43,770 nipype.workflow INFO:
	 [Node] Cached "_create_wm_distvol1" - collecting precomputed outputs
250528-00:46:43,770 nipype.workflow INFO:
	 [Node] "_create_wm_distvol1" found cached.
250528-00:46:45,696 nipype.workflow INFO:
	 [Node] Setting-up "_create_pial_distvol0" in "/work/fmriprep_25_0_wf/sub_GEO013_wf/anat_fit_wf/anat_ribbon_wf/create_pial_distvol/mapflow/_create_pial_distvol0".
250528-00:46:45,817 nipype.workflow INFO:
	 [Node] Executing "_create_pial_distvol0" <smriprep.interfaces.workbench.CreateSignedDistanceVolume>
250528-00:47:03,849 nipype.workflow INFO:
	 [Node] Finished "mri_coreg", elapsed time 44.111869s.
250528-00:47:05,593 nipype.workflow INFO:
	 [Node] Setting-up "fmriprep_25_0_wf.sub_GEO013_wf.bold_ses_t3_task_retrans_run_1_wf.bold_fit_wf.bold_reg_wf.bbreg_wf.mri_coreg" in "/work/fmriprep_25_0_wf/sub_GEO013_wf/bold_ses_t3_task_retrans_run_1_wf/bold_fit_wf/bold_reg_wf/bbreg_wf/mri_coreg".
250528-00:47:05,771 nipype.workflow INFO:
	 [Node] Executing "mri_coreg" <fmriprep.interfaces.patches.MRICoreg>
250528-00:47:36,621 nipype.workflow INFO:
	 [Node] Finished "_create_pial_distvol0", elapsed time 50.629007s.
250528-00:47:37,679 nipype.workflow INFO:
	 [Node] Setting-up "_create_pial_distvol1" in "/work/fmriprep_25_0_wf/sub_GEO013_wf/anat_fit_wf/anat_ribbon_wf/create_pial_distvol/mapflow/_create_pial_distvol1".
250528-00:47:37,781 nipype.workflow INFO:
	 [Node] Executing "_create_pial_distvol1" <smriprep.interfaces.workbench.CreateSignedDistanceVolume>
250528-00:47:51,533 nipype.workflow INFO:
	 [Node] Finished "mri_coreg", elapsed time 45.760284s.
250528-00:47:53,666 nipype.workflow INFO:
	 [Node] Setting-up "fmriprep_25_0_wf.sub_GEO013_wf.bold_ses_t2_task_image_run_1_wf.bold_fit_wf.bold_reg_wf.bbreg_wf.bbregister" in "/work/fmriprep_25_0_wf/sub_GEO013_wf/bold_ses_t2_task_image_run_1_wf/bold_fit_wf/bold_reg_wf/bbreg_wf/bbregister".
250528-00:47:53,820 nipype.workflow INFO:
	 [Node] Executing "bbregister" <nipype.interfaces.freesurfer.preprocess.BBRegister>
250528-00:47:56,948 nipype.workflow INFO:
	 [Node] Setting-up "_project_unproject1" in "/work/fmriprep_25_0_wf/sub_GEO013_wf/anat_fit_wf/fsLR_reg_wf/project_unproject/mapflow/_project_unproject1".
250528-00:47:56,951 nipype.workflow INFO:
	 [Node] Setting-up "_project_unproject0" in "/work/fmriprep_25_0_wf/sub_GEO013_wf/anat_fit_wf/fsLR_reg_wf/project_unproject/mapflow/_project_unproject0".
250528-00:47:57,346 nipype.workflow INFO:
	 [Node] Executing "_project_unproject1" <smriprep.interfaces.workbench.SurfaceSphereProjectUnproject>
250528-00:47:57,351 nipype.workflow INFO:
	 [Node] Executing "_project_unproject0" <smriprep.interfaces.workbench.SurfaceSphereProjectUnproject>
250528-00:48:00,844 nipype.workflow INFO:
	 [Node] Finished "_project_unproject0", elapsed time 3.2565049999999998s.
250528-00:48:00,874 nipype.workflow INFO:
	 [Node] Finished "_project_unproject1", elapsed time 3.283235s.
250528-00:48:03,24 nipype.workflow INFO:
	 [Node] Setting-up "_project_unproject0" in "/work/fmriprep_25_0_wf/sub_GEO013_wf/anat_fit_wf/fsLR_reg_wf/project_unproject/mapflow/_project_unproject0".
250528-00:48:03,28 nipype.workflow INFO:
	 [Node] Cached "_project_unproject0" - collecting precomputed outputs
250528-00:48:03,28 nipype.workflow INFO:
	 [Node] "_project_unproject0" found cached.
250528-00:48:03,28 nipype.workflow INFO:
	 [Node] Setting-up "_project_unproject1" in "/work/fmriprep_25_0_wf/sub_GEO013_wf/anat_fit_wf/fsLR_reg_wf/project_unproject/mapflow/_project_unproject1".
250528-00:48:03,32 nipype.workflow INFO:
	 [Node] Cached "_project_unproject1" - collecting precomputed outputs
250528-00:48:03,32 nipype.workflow INFO:
	 [Node] "_project_unproject1" found cached.
250528-00:48:12,954 nipype.workflow INFO:
	 [Node] Setting-up "_regress_affine1" in "/work/fmriprep_25_0_wf/sub_GEO013_wf/anat_fit_wf/msm_sulc_wf/regress_affine/mapflow/_regress_affine1".
250528-00:48:12,958 nipype.workflow INFO:
	 [Node] Setting-up "_regress_affine0" in "/work/fmriprep_25_0_wf/sub_GEO013_wf/anat_fit_wf/msm_sulc_wf/regress_affine/mapflow/_regress_affine0".
250528-00:48:13,73 nipype.workflow INFO:
	 [Node] Executing "_regress_affine1" <smriprep.interfaces.workbench.SurfaceAffineRegression>
250528-00:48:13,77 nipype.workflow INFO:
	 [Node] Executing "_regress_affine0" <smriprep.interfaces.workbench.SurfaceAffineRegression>
250528-00:48:13,760 nipype.workflow INFO:
	 [Node] Finished "_regress_affine0", elapsed time 0.432045s.
250528-00:48:13,945 nipype.workflow INFO:
	 [Node] Finished "_regress_affine1", elapsed time 0.583802s.
250528-00:48:15,24 nipype.workflow INFO:
	 [Node] Setting-up "_regress_affine0" in "/work/fmriprep_25_0_wf/sub_GEO013_wf/anat_fit_wf/msm_sulc_wf/regress_affine/mapflow/_regress_affine0".
250528-00:48:15,29 nipype.workflow INFO:
	 [Node] Cached "_regress_affine0" - collecting precomputed outputs
250528-00:48:15,29 nipype.workflow INFO:
	 [Node] "_regress_affine0" found cached.
250528-00:48:15,30 nipype.workflow INFO:
	 [Node] Setting-up "_regress_affine1" in "/work/fmriprep_25_0_wf/sub_GEO013_wf/anat_fit_wf/msm_sulc_wf/regress_affine/mapflow/_regress_affine1".
250528-00:48:15,34 nipype.workflow INFO:
	 [Node] Cached "_regress_affine1" - collecting precomputed outputs
250528-00:48:15,34 nipype.workflow INFO:
	 [Node] "_regress_affine1" found cached.
250528-00:48:17,624 nipype.workflow INFO:
	 [Node] Finished "bbregister", elapsed time 23.802993s.
250528-00:48:18,944 nipype.workflow INFO:
	 [Node] Setting-up "fmriprep_25_0_wf.sub_GEO013_wf.bold_ses_t2_task_image_run_2_wf.bold_fit_wf.bold_reg_wf.bbreg_wf.bbregister" in "/work/fmriprep_25_0_wf/sub_GEO013_wf/bold_ses_t2_task_image_run_2_wf/bold_fit_wf/bold_reg_wf/bbreg_wf/bbregister".
250528-00:48:19,103 nipype.workflow INFO:
	 [Node] Executing "bbregister" <nipype.interfaces.freesurfer.preprocess.BBRegister>
250528-00:48:19,493 nipype.workflow INFO:
	 [Node] Setting-up "_apply_surface_affine0" in "/work/fmriprep_25_0_wf/sub_GEO013_wf/anat_fit_wf/msm_sulc_wf/apply_surface_affine/mapflow/_apply_surface_affine0".
250528-00:48:19,494 nipype.workflow INFO:
	 [Node] Setting-up "_apply_surface_affine1" in "/work/fmriprep_25_0_wf/sub_GEO013_wf/anat_fit_wf/msm_sulc_wf/apply_surface_affine/mapflow/_apply_surface_affine1".
250528-00:48:19,621 nipype.workflow INFO:
	 [Node] Executing "_apply_surface_affine0" <smriprep.interfaces.workbench.SurfaceApplyAffine>
250528-00:48:19,632 nipype.workflow INFO:
	 [Node] Executing "_apply_surface_affine1" <smriprep.interfaces.workbench.SurfaceApplyAffine>
250528-00:48:20,832 nipype.workflow INFO:
	 [Node] Finished "_apply_surface_affine0", elapsed time 0.964947s.
250528-00:48:20,843 nipype.workflow INFO:
	 [Node] Finished "_apply_surface_affine1", elapsed time 0.9763s.
250528-00:48:20,936 nipype.workflow INFO:
	 [Node] Setting-up "fmriprep_25_0_wf.sub_GEO013_wf.bold_ses_t2_task_image_run_1_wf.bold_fit_wf.bold_reg_wf.bbreg_wf.compare_transforms" in "/work/fmriprep_25_0_wf/sub_GEO013_wf/bold_ses_t2_task_image_run_1_wf/bold_fit_wf/bold_reg_wf/bbreg_wf/compare_transforms".
250528-00:48:21,60 nipype.workflow INFO:
	 [Node] Executing "compare_transforms" <nipype.interfaces.utility.wrappers.Function>
250528-00:48:21,76 nipype.workflow INFO:
	 [Node] Finished "compare_transforms", elapsed time 0.01545s.
250528-00:48:24,384 nipype.workflow INFO:
	 [Node] Setting-up "_apply_surface_affine0" in "/work/fmriprep_25_0_wf/sub_GEO013_wf/anat_fit_wf/msm_sulc_wf/apply_surface_affine/mapflow/_apply_surface_affine0".
250528-00:48:24,389 nipype.workflow INFO:
	 [Node] Cached "_apply_surface_affine0" - collecting precomputed outputs
250528-00:48:24,389 nipype.workflow INFO:
	 [Node] "_apply_surface_affine0" found cached.
250528-00:48:24,390 nipype.workflow INFO:
	 [Node] Setting-up "_apply_surface_affine1" in "/work/fmriprep_25_0_wf/sub_GEO013_wf/anat_fit_wf/msm_sulc_wf/apply_surface_affine/mapflow/_apply_surface_affine1".
250528-00:48:24,395 nipype.workflow INFO:
	 [Node] Cached "_apply_surface_affine1" - collecting precomputed outputs
250528-00:48:24,395 nipype.workflow INFO:
	 [Node] "_apply_surface_affine1" found cached.
250528-00:48:26,937 nipype.workflow INFO:
	 [Node] Setting-up "fmriprep_25_0_wf.sub_GEO013_wf.bold_ses_t2_task_image_run_1_wf.bold_fit_wf.bold_reg_wf.bbreg_wf.concat_xfm" in "/work/fmriprep_25_0_wf/sub_GEO013_wf/bold_ses_t2_task_image_run_1_wf/bold_fit_wf/bold_reg_wf/bbreg_wf/concat_xfm".
250528-00:48:26,938 nipype.workflow INFO:
	 [Node] Setting-up "_modify_sphere1" in "/work/fmriprep_25_0_wf/sub_GEO013_wf/anat_fit_wf/msm_sulc_wf/modify_sphere/mapflow/_modify_sphere1".
250528-00:48:26,940 nipype.workflow INFO:
	 [Node] Setting-up "_modify_sphere0" in "/work/fmriprep_25_0_wf/sub_GEO013_wf/anat_fit_wf/msm_sulc_wf/modify_sphere/mapflow/_modify_sphere0".
250528-00:48:27,72 nipype.workflow INFO:
	 [Node] Executing "concat_xfm" <niworkflows.interfaces.nitransforms.ConcatenateXFMs>
250528-00:48:27,114 nipype.workflow INFO:
	 [Node] Executing "_modify_sphere1" <smriprep.interfaces.workbench.SurfaceModifySphere>
250528-00:48:27,131 nipype.workflow INFO:
	 [Node] Executing "_modify_sphere0" <smriprep.interfaces.workbench.SurfaceModifySphere>
250528-00:48:27,142 nipype.workflow INFO:
	 [Node] Finished "concat_xfm", elapsed time 0.069251s.
250528-00:48:28,273 nipype.workflow INFO:
	 [Node] Finished "_modify_sphere0", elapsed time 0.966323s.
250528-00:48:28,304 nipype.workflow INFO:
	 [Node] Finished "_modify_sphere1", elapsed time 0.933021s.
250528-00:48:29,821 nipype.workflow INFO:
	 [Node] Finished "_create_pial_distvol1", elapsed time 51.796709s.
250528-00:48:30,935 nipype.workflow INFO:
	 [Node] Setting-up "fmriprep_25_0_wf.sub_GEO013_wf.bold_ses_t2_task_image_run_1_wf.bold_fit_wf.func_fit_reports_wf.t1w_boldref" in "/work/fmriprep_25_0_wf/sub_GEO013_wf/bold_ses_t2_task_image_run_1_wf/bold_fit_wf/func_fit_reports_wf/t1w_boldref".
250528-00:48:31,54 nipype.workflow INFO:
	 [Node] Setting-up "_create_pial_distvol0" in "/work/fmriprep_25_0_wf/sub_GEO013_wf/anat_fit_wf/anat_ribbon_wf/create_pial_distvol/mapflow/_create_pial_distvol0".
250528-00:48:31,56 nipype.workflow INFO:
	 [Node] Setting-up "_modify_sphere0" in "/work/fmriprep_25_0_wf/sub_GEO013_wf/anat_fit_wf/msm_sulc_wf/modify_sphere/mapflow/_modify_sphere0".
250528-00:48:31,61 nipype.workflow INFO:
	 [Node] Cached "_modify_sphere0" - collecting precomputed outputs
250528-00:48:31,61 nipype.workflow INFO:
	 [Node] "_modify_sphere0" found cached.
250528-00:48:31,61 nipype.workflow INFO:
	 [Node] Setting-up "_modify_sphere1" in "/work/fmriprep_25_0_wf/sub_GEO013_wf/anat_fit_wf/msm_sulc_wf/modify_sphere/mapflow/_modify_sphere1".
250528-00:48:31,63 nipype.workflow INFO:
	 [Node] Cached "_create_pial_distvol0" - collecting precomputed outputs
250528-00:48:31,63 nipype.workflow INFO:
	 [Node] "_create_pial_distvol0" found cached.
250528-00:48:31,64 nipype.workflow INFO:
	 [Node] Setting-up "_create_pial_distvol1" in "/work/fmriprep_25_0_wf/sub_GEO013_wf/anat_fit_wf/anat_ribbon_wf/create_pial_distvol/mapflow/_create_pial_distvol1".
250528-00:48:31,67 nipype.workflow INFO:
	 [Node] Cached "_modify_sphere1" - collecting precomputed outputs
250528-00:48:31,68 nipype.workflow INFO:
	 [Node] "_modify_sphere1" found cached.
250528-00:48:31,68 nipype.workflow INFO:
	 [Node] Cached "_create_pial_distvol1" - collecting precomputed outputs
250528-00:48:31,69 nipype.workflow INFO:
	 [Node] "_create_pial_distvol1" found cached.
250528-00:48:31,137 nipype.workflow INFO:
	 [Node] Executing "t1w_boldref" <niworkflows.interfaces.fixes.FixHeaderApplyTransforms>
250528-00:48:31,616 nipype.workflow INFO:
	 [Node] Setting-up "fmriprep_25_0_wf.sub_GEO013_wf.bold_ses_t2_task_image_run_1_wf.bold_confounds_wf.t1w_mask_tfm" in "/work/fmriprep_25_0_wf/sub_GEO013_wf/bold_ses_t2_task_image_run_1_wf/bold_confounds_wf/t1w_mask_tfm".
250528-00:48:31,817 nipype.workflow INFO:
	 [Node] Executing "t1w_mask_tfm" <niworkflows.interfaces.fixes.FixHeaderApplyTransforms>
250528-00:48:32,876 nipype.workflow INFO:
	 [Node] Setting-up "fmriprep_25_0_wf.sub_GEO013_wf.anat_fit_wf.anat_ribbon_wf.make_ribbon" in "/work/fmriprep_25_0_wf/sub_GEO013_wf/anat_fit_wf/anat_ribbon_wf/make_ribbon".
250528-00:48:32,925 nipype.workflow INFO:
	 [Node] Finished "t1w_boldref", elapsed time 1.786097s.
250528-00:48:33,94 nipype.workflow INFO:
	 [Node] Executing "make_ribbon" <smriprep.interfaces.surf.MakeRibbon>
250528-00:48:33,758 nipype.workflow INFO:
	 [Node] Setting-up "_acc_msk_tfm0" in "/work/fmriprep_25_0_wf/sub_GEO013_wf/bold_ses_t2_task_image_run_1_wf/bold_confounds_wf/acc_msk_tfm/mapflow/_acc_msk_tfm0".
250528-00:48:33,759 nipype.workflow INFO:
	 [Node] Setting-up "_acc_msk_tfm1" in "/work/fmriprep_25_0_wf/sub_GEO013_wf/bold_ses_t2_task_image_run_1_wf/bold_confounds_wf/acc_msk_tfm/mapflow/_acc_msk_tfm1".
250528-00:48:33,760 nipype.workflow INFO:
	 [Node] Setting-up "_acc_msk_tfm2" in "/work/fmriprep_25_0_wf/sub_GEO013_wf/bold_ses_t2_task_image_run_1_wf/bold_confounds_wf/acc_msk_tfm/mapflow/_acc_msk_tfm2".
250528-00:48:33,860 nipype.workflow INFO:
	 [Node] Finished "make_ribbon", elapsed time 0.76518s.
250528-00:48:33,945 nipype.workflow INFO:
	 [Node] Executing "_acc_msk_tfm2" <niworkflows.interfaces.fixes.FixHeaderApplyTransforms>
250528-00:48:33,949 nipype.workflow INFO:
	 [Node] Executing "_acc_msk_tfm0" <niworkflows.interfaces.fixes.FixHeaderApplyTransforms>
250528-00:48:33,957 nipype.workflow INFO:
	 [Node] Executing "_acc_msk_tfm1" <niworkflows.interfaces.fixes.FixHeaderApplyTransforms>
250528-00:48:34,14 nipype.workflow INFO:
	 [Node] Finished "t1w_mask_tfm", elapsed time 2.195239s.
250528-00:48:34,889 nipype.workflow INFO:
	 [Node] Finished "_acc_msk_tfm2", elapsed time 0.943435s.
250528-00:48:34,902 nipype.workflow INFO:
	 [Node] Finished "_acc_msk_tfm1", elapsed time 0.943669s.
250528-00:48:35,30 nipype.workflow INFO:
	 [Node] Finished "_acc_msk_tfm0", elapsed time 1.079595s.
250528-00:48:37,13 nipype.workflow INFO:
	 [Node] Setting-up "fmriprep_25_0_wf.sub_GEO013_wf.bold_ses_t2_task_image_run_1_wf.bold_fit_wf.func_fit_reports_wf.boldref_wm" in "/work/fmriprep_25_0_wf/sub_GEO013_wf/bold_ses_t2_task_image_run_1_wf/bold_fit_wf/func_fit_reports_wf/boldref_wm".
250528-00:48:37,15 nipype.workflow INFO:
	 [Node] Setting-up "fmriprep_25_0_wf.sub_GEO013_wf.bold_ses_t2_task_image_run_1_wf.bold_confounds_wf.union_mask" in "/work/fmriprep_25_0_wf/sub_GEO013_wf/bold_ses_t2_task_image_run_1_wf/bold_confounds_wf/union_mask".
250528-00:48:37,134 nipype.workflow INFO:
	 [Node] Executing "union_mask" <nipype.interfaces.utility.wrappers.Function>
250528-00:48:37,161 nipype.workflow INFO:
	 [Node] Executing "boldref_wm" <niworkflows.interfaces.fixes.FixHeaderApplyTransforms>
250528-00:48:37,200 nipype.workflow INFO:
	 [Node] Finished "union_mask", elapsed time 0.065222s.
250528-00:48:37,543 nipype.workflow INFO:
	 [Node] Setting-up "_acc_msk_tfm0" in "/work/fmriprep_25_0_wf/sub_GEO013_wf/bold_ses_t2_task_image_run_1_wf/bold_confounds_wf/acc_msk_tfm/mapflow/_acc_msk_tfm0".
250528-00:48:37,548 nipype.workflow INFO:
	 [Node] Cached "_acc_msk_tfm0" - collecting precomputed outputs
250528-00:48:37,548 nipype.workflow INFO:
	 [Node] "_acc_msk_tfm0" found cached.
250528-00:48:37,550 nipype.workflow INFO:
	 [Node] Setting-up "_acc_msk_tfm1" in "/work/fmriprep_25_0_wf/sub_GEO013_wf/bold_ses_t2_task_image_run_1_wf/bold_confounds_wf/acc_msk_tfm/mapflow/_acc_msk_tfm1".
250528-00:48:37,554 nipype.workflow INFO:
	 [Node] Cached "_acc_msk_tfm1" - collecting precomputed outputs
250528-00:48:37,554 nipype.workflow INFO:
	 [Node] "_acc_msk_tfm1" found cached.
250528-00:48:37,555 nipype.workflow INFO:
	 [Node] Setting-up "_acc_msk_tfm2" in "/work/fmriprep_25_0_wf/sub_GEO013_wf/bold_ses_t2_task_image_run_1_wf/bold_confounds_wf/acc_msk_tfm/mapflow/_acc_msk_tfm2".
250528-00:48:37,559 nipype.workflow INFO:
	 [Node] Cached "_acc_msk_tfm2" - collecting precomputed outputs
250528-00:48:37,559 nipype.workflow INFO:
	 [Node] "_acc_msk_tfm2" found cached.
250528-00:48:37,638 nipype.workflow INFO:
	 [Node] Finished "boldref_wm", elapsed time 0.476635s.
250528-00:48:39,446 nipype.workflow INFO:
	 [Node] Setting-up "fmriprep_25_0_wf.sub_GEO013_wf.bold_ses_t2_task_image_run_1_wf.bold_fit_wf.func_fit_reports_wf.epi_t1_report" in "/work/fmriprep_25_0_wf/sub_GEO013_wf/bold_ses_t2_task_image_run_1_wf/bold_fit_wf/func_fit_reports_wf/epi_t1_report".
250528-00:48:39,493 nipype.workflow INFO:
	 [Node] Setting-up "fmriprep_25_0_wf.sub_GEO013_wf.bold_ses_t2_task_image_run_1_wf.bold_confounds_wf.dilated_mask" in "/work/fmriprep_25_0_wf/sub_GEO013_wf/bold_ses_t2_task_image_run_1_wf/bold_confounds_wf/dilated_mask".
250528-00:48:39,568 nipype.workflow INFO:
	 [Node] Executing "epi_t1_report" <nireports.interfaces.reporting.base.SimpleBeforeAfterRPT>
250528-00:48:39,569 nipype.interface INFO:
	 Report - setting before (/out/sub-GEO013/ses-t2/func/sub-GEO013_ses-t2_task-image_run-1_desc-coreg_boldref.nii.gz) and after (/work/fmriprep_25_0_wf/sub_GEO013_wf/bold_ses_t2_task_image_run_1_wf/bold_fit_wf/func_fit_reports_wf/t1w_boldref/sub-GEO013_desc-preproc_T1w_trans.nii.gz) images
250528-00:48:39,569 nipype.interface INFO:
	 Generating visual report
250528-00:48:39,601 nipype.workflow INFO:
	 [Node] Executing "dilated_mask" <niworkflows.interfaces.morphology.BinaryDilation>
250528-00:48:39,655 nipype.workflow INFO:
	 [Node] Finished "dilated_mask", elapsed time 0.052466s.
250528-00:48:41,436 nipype.workflow INFO:
	 [Node] Setting-up "fmriprep_25_0_wf.sub_GEO013_wf.bold_ses_t2_task_image_run_1_wf.bold_confounds_wf.subtract_mask" in "/work/fmriprep_25_0_wf/sub_GEO013_wf/bold_ses_t2_task_image_run_1_wf/bold_confounds_wf/subtract_mask".
250528-00:48:41,436 nipype.workflow INFO:
	 [Node] Setting-up "_acc_msk_brain0" in "/work/fmriprep_25_0_wf/sub_GEO013_wf/bold_ses_t2_task_image_run_1_wf/bold_confounds_wf/acc_msk_brain/mapflow/_acc_msk_brain0".
250528-00:48:41,438 nipype.workflow INFO:
	 [Node] Setting-up "_acc_msk_brain1" in "/work/fmriprep_25_0_wf/sub_GEO013_wf/bold_ses_t2_task_image_run_1_wf/bold_confounds_wf/acc_msk_brain/mapflow/_acc_msk_brain1".
250528-00:48:41,439 nipype.workflow INFO:
	 [Node] Setting-up "_acc_msk_brain2" in "/work/fmriprep_25_0_wf/sub_GEO013_wf/bold_ses_t2_task_image_run_1_wf/bold_confounds_wf/acc_msk_brain/mapflow/_acc_msk_brain2".
250528-00:48:41,566 nipype.workflow INFO:
	 [Node] Executing "subtract_mask" <niworkflows.interfaces.morphology.BinarySubtraction>
250528-00:48:41,601 nipype.workflow INFO:
	 [Node] Executing "_acc_msk_brain0" <niworkflows.interfaces.nibabel.ApplyMask>
250528-00:48:41,601 nipype.workflow INFO:
	 [Node] Executing "_acc_msk_brain1" <niworkflows.interfaces.nibabel.ApplyMask>
250528-00:48:41,611 nipype.workflow INFO:
	 [Node] Finished "subtract_mask", elapsed time 0.043756s.
250528-00:48:41,615 nipype.workflow INFO:
	 [Node] Executing "_acc_msk_brain2" <niworkflows.interfaces.nibabel.ApplyMask>
250528-00:48:41,690 nipype.workflow INFO:
	 [Node] Finished "_acc_msk_brain1", elapsed time 0.087519s.
250528-00:48:41,721 nipype.workflow INFO:
	 [Node] Finished "_acc_msk_brain2", elapsed time 0.104643s.
250528-00:48:41,724 nipype.workflow INFO:
	 [Node] Finished "_acc_msk_brain0", elapsed time 0.121669s.
250528-00:48:43,568 nipype.workflow INFO:
	 [Node] Setting-up "_acc_msk_brain0" in "/work/fmriprep_25_0_wf/sub_GEO013_wf/bold_ses_t2_task_image_run_1_wf/bold_confounds_wf/acc_msk_brain/mapflow/_acc_msk_brain0".
250528-00:48:43,572 nipype.workflow INFO:
	 [Node] Cached "_acc_msk_brain0" - collecting precomputed outputs
250528-00:48:43,572 nipype.workflow INFO:
	 [Node] "_acc_msk_brain0" found cached.
250528-00:48:43,573 nipype.workflow INFO:
	 [Node] Setting-up "_acc_msk_brain1" in "/work/fmriprep_25_0_wf/sub_GEO013_wf/bold_ses_t2_task_image_run_1_wf/bold_confounds_wf/acc_msk_brain/mapflow/_acc_msk_brain1".
250528-00:48:43,577 nipype.workflow INFO:
	 [Node] Cached "_acc_msk_brain1" - collecting precomputed outputs
250528-00:48:43,577 nipype.workflow INFO:
	 [Node] "_acc_msk_brain1" found cached.
250528-00:48:43,577 nipype.workflow INFO:
	 [Node] Setting-up "_acc_msk_brain2" in "/work/fmriprep_25_0_wf/sub_GEO013_wf/bold_ses_t2_task_image_run_1_wf/bold_confounds_wf/acc_msk_brain/mapflow/_acc_msk_brain2".
250528-00:48:43,582 nipype.workflow INFO:
	 [Node] Cached "_acc_msk_brain2" - collecting precomputed outputs
250528-00:48:43,582 nipype.workflow INFO:
	 [Node] "_acc_msk_brain2" found cached.
250528-00:48:46,92 nipype.workflow INFO:
	 [Node] Finished "bbregister", elapsed time 26.987156s.
250528-00:48:47,412 nipype.workflow INFO:
	 [Node] Setting-up "fmriprep_25_0_wf.sub_GEO013_wf.bold_ses_t2_task_image_run_3_wf.bold_fit_wf.bold_reg_wf.bbreg_wf.bbregister" in "/work/fmriprep_25_0_wf/sub_GEO013_wf/bold_ses_t2_task_image_run_3_wf/bold_fit_wf/bold_reg_wf/bbreg_wf/bbregister".
250528-00:48:47,563 nipype.workflow INFO:
	 [Node] Executing "bbregister" <nipype.interfaces.freesurfer.preprocess.BBRegister>
250528-00:48:47,948 nipype.workflow INFO:
	 [Node] Setting-up "_acc_msk_bin0" in "/work/fmriprep_25_0_wf/sub_GEO013_wf/bold_ses_t2_task_image_run_1_wf/bold_confounds_wf/acc_msk_bin/mapflow/_acc_msk_bin0".
250528-00:48:47,949 nipype.workflow INFO:
	 [Node] Setting-up "_acc_msk_bin1" in "/work/fmriprep_25_0_wf/sub_GEO013_wf/bold_ses_t2_task_image_run_1_wf/bold_confounds_wf/acc_msk_bin/mapflow/_acc_msk_bin1".
250528-00:48:47,949 nipype.workflow INFO:
	 [Node] Setting-up "_acc_msk_bin2" in "/work/fmriprep_25_0_wf/sub_GEO013_wf/bold_ses_t2_task_image_run_1_wf/bold_confounds_wf/acc_msk_bin/mapflow/_acc_msk_bin2".
250528-00:48:48,90 nipype.workflow INFO:
	 [Node] Executing "_acc_msk_bin0" <niworkflows.interfaces.nibabel.Binarize>
250528-00:48:48,108 nipype.workflow INFO:
	 [Node] Executing "_acc_msk_bin1" <niworkflows.interfaces.nibabel.Binarize>
250528-00:48:48,112 nipype.workflow INFO:
	 [Node] Executing "_acc_msk_bin2" <niworkflows.interfaces.nibabel.Binarize>
250528-00:48:48,193 nipype.workflow INFO:
	 [Node] Finished "_acc_msk_bin0", elapsed time 0.102008s.
250528-00:48:48,242 nipype.workflow INFO:
	 [Node] Finished "_acc_msk_bin1", elapsed time 0.132591s.
250528-00:48:48,254 nipype.workflow INFO:
	 [Node] Finished "_acc_msk_bin2", elapsed time 0.141262s.
250528-00:48:49,399 nipype.workflow INFO:
	 [Node] Setting-up "fmriprep_25_0_wf.sub_GEO013_wf.bold_ses_t2_task_image_run_2_wf.bold_fit_wf.bold_reg_wf.bbreg_wf.compare_transforms" in "/work/fmriprep_25_0_wf/sub_GEO013_wf/bold_ses_t2_task_image_run_2_wf/bold_fit_wf/bold_reg_wf/bbreg_wf/compare_transforms".
250528-00:48:49,500 nipype.workflow INFO:
	 [Node] Setting-up "_acc_msk_bin0" in "/work/fmriprep_25_0_wf/sub_GEO013_wf/bold_ses_t2_task_image_run_1_wf/bold_confounds_wf/acc_msk_bin/mapflow/_acc_msk_bin0".
250528-00:48:49,504 nipype.workflow INFO:
	 [Node] Cached "_acc_msk_bin0" - collecting precomputed outputs
250528-00:48:49,504 nipype.workflow INFO:
	 [Node] "_acc_msk_bin0" found cached.
250528-00:48:49,505 nipype.workflow INFO:
	 [Node] Setting-up "_acc_msk_bin1" in "/work/fmriprep_25_0_wf/sub_GEO013_wf/bold_ses_t2_task_image_run_1_wf/bold_confounds_wf/acc_msk_bin/mapflow/_acc_msk_bin1".
250528-00:48:49,508 nipype.workflow INFO:
	 [Node] Cached "_acc_msk_bin1" - collecting precomputed outputs
250528-00:48:49,508 nipype.workflow INFO:
	 [Node] "_acc_msk_bin1" found cached.
250528-00:48:49,509 nipype.workflow INFO:
	 [Node] Setting-up "_acc_msk_bin2" in "/work/fmriprep_25_0_wf/sub_GEO013_wf/bold_ses_t2_task_image_run_1_wf/bold_confounds_wf/acc_msk_bin/mapflow/_acc_msk_bin2".
250528-00:48:49,512 nipype.workflow INFO:
	 [Node] Cached "_acc_msk_bin2" - collecting precomputed outputs
250528-00:48:49,512 nipype.workflow INFO:
	 [Node] "_acc_msk_bin2" found cached.
250528-00:48:49,534 nipype.workflow INFO:
	 [Node] Executing "compare_transforms" <nipype.interfaces.utility.wrappers.Function>
250528-00:48:49,548 nipype.workflow INFO:
	 [Node] Finished "compare_transforms", elapsed time 0.012579s.
250528-00:48:56,445 nipype.workflow INFO:
	 [Node] Setting-up "fmriprep_25_0_wf.sub_GEO013_wf.bold_ses_t2_task_image_run_2_wf.bold_fit_wf.bold_reg_wf.bbreg_wf.concat_xfm" in "/work/fmriprep_25_0_wf/sub_GEO013_wf/bold_ses_t2_task_image_run_2_wf/bold_fit_wf/bold_reg_wf/bbreg_wf/concat_xfm".
250528-00:48:56,656 nipype.workflow INFO:
	 [Node] Executing "concat_xfm" <niworkflows.interfaces.nitransforms.ConcatenateXFMs>
250528-00:48:56,726 nipype.workflow INFO:
	 [Node] Finished "concat_xfm", elapsed time 0.067473s.
250528-00:48:58,149 nipype.workflow INFO:
	 [Node] Finished "epi_t1_report", elapsed time 18.580321s.
250528-00:49:00,990 nipype.workflow INFO:
	 [Node] Setting-up "fmriprep_25_0_wf.sub_GEO013_wf.bold_ses_t2_task_image_run_2_wf.bold_fit_wf.func_fit_reports_wf.t1w_boldref" in "/work/fmriprep_25_0_wf/sub_GEO013_wf/bold_ses_t2_task_image_run_2_wf/bold_fit_wf/func_fit_reports_wf/t1w_boldref".
250528-00:49:01,467 nipype.workflow INFO:
	 [Node] Executing "t1w_boldref" <niworkflows.interfaces.fixes.FixHeaderApplyTransforms>
250528-00:49:02,35 nipype.workflow INFO:
	 [Node] Setting-up "fmriprep_25_0_wf.sub_GEO013_wf.bold_ses_t2_task_image_run_2_wf.bold_confounds_wf.t1w_mask_tfm" in "/work/fmriprep_25_0_wf/sub_GEO013_wf/bold_ses_t2_task_image_run_2_wf/bold_confounds_wf/t1w_mask_tfm".
250528-00:49:02,664 nipype.workflow INFO:
	 [Node] Setting-up "fmriprep_25_0_wf.sub_GEO013_wf.bold_ses_t2_task_image_run_1_wf.bold_fit_wf.func_fit_reports_wf.ds_epi_t1_report" in "/work/fmriprep_25_0_wf/sub_GEO013_wf/bold_ses_t2_task_image_run_1_wf/bold_fit_wf/func_fit_reports_wf/ds_epi_t1_report".
250528-00:49:02,950 nipype.workflow INFO:
	 [Node] Executing "t1w_mask_tfm" <niworkflows.interfaces.fixes.FixHeaderApplyTransforms>
250528-00:49:03,515 nipype.workflow INFO:
	 [Node] Executing "ds_epi_t1_report" <fmriprep.interfaces.DerivativesDataSink>
250528-00:49:03,562 nipype.workflow INFO:
	 [Node] Finished "t1w_boldref", elapsed time 2.093842s.
250528-00:49:03,682 nipype.workflow INFO:
	 [Node] Finished "ds_epi_t1_report", elapsed time 0.161759s.
250528-00:49:04,103 nipype.workflow INFO:
	 [Node] Setting-up "_acc_msk_tfm0" in "/work/fmriprep_25_0_wf/sub_GEO013_wf/bold_ses_t2_task_image_run_2_wf/bold_confounds_wf/acc_msk_tfm/mapflow/_acc_msk_tfm0".
250528-00:49:04,105 nipype.workflow INFO:
	 [Node] Setting-up "_acc_msk_tfm1" in "/work/fmriprep_25_0_wf/sub_GEO013_wf/bold_ses_t2_task_image_run_2_wf/bold_confounds_wf/acc_msk_tfm/mapflow/_acc_msk_tfm1".
250528-00:49:04,105 nipype.workflow INFO:
	 [Node] Setting-up "_acc_msk_tfm2" in "/work/fmriprep_25_0_wf/sub_GEO013_wf/bold_ses_t2_task_image_run_2_wf/bold_confounds_wf/acc_msk_tfm/mapflow/_acc_msk_tfm2".
250528-00:49:04,558 nipype.workflow INFO:
	 [Node] Executing "_acc_msk_tfm0" <niworkflows.interfaces.fixes.FixHeaderApplyTransforms>
250528-00:49:04,598 nipype.workflow INFO:
	 [Node] Executing "_acc_msk_tfm2" <niworkflows.interfaces.fixes.FixHeaderApplyTransforms>
250528-00:49:04,802 nipype.workflow INFO:
	 [Node] Executing "_acc_msk_tfm1" <niworkflows.interfaces.fixes.FixHeaderApplyTransforms>
250528-00:49:05,172 nipype.workflow INFO:
	 [Node] Setting-up "fmriprep_25_0_wf.sub_GEO013_wf.bold_ses_t2_task_image_run_2_wf.bold_fit_wf.func_fit_reports_wf.boldref_wm" in "/work/fmriprep_25_0_wf/sub_GEO013_wf/bold_ses_t2_task_image_run_2_wf/bold_fit_wf/func_fit_reports_wf/boldref_wm".
250528-00:49:05,497 nipype.workflow INFO:
	 [Node] Executing "boldref_wm" <niworkflows.interfaces.fixes.FixHeaderApplyTransforms>
250528-00:49:05,664 nipype.workflow INFO:
	 [Node] Finished "_acc_msk_tfm0", elapsed time 1.100905s.
250528-00:49:05,749 nipype.workflow INFO:
	 [Node] Finished "_acc_msk_tfm2", elapsed time 1.144518s.
250528-00:49:05,830 nipype.workflow INFO:
	 [Node] Finished "t1w_mask_tfm", elapsed time 2.878984s.
250528-00:49:06,16 nipype.workflow INFO:
	 [Node] Finished "_acc_msk_tfm1", elapsed time 1.210289s.
250528-00:49:06,110 nipype.workflow INFO:
	 [Node] Finished "boldref_wm", elapsed time 0.612667s.
250528-00:49:07,10 nipype.workflow INFO:
	 [Node] Setting-up "fmriprep_25_0_wf.sub_GEO013_wf.bold_ses_t2_task_image_run_2_wf.bold_fit_wf.func_fit_reports_wf.epi_t1_report" in "/work/fmriprep_25_0_wf/sub_GEO013_wf/bold_ses_t2_task_image_run_2_wf/bold_fit_wf/func_fit_reports_wf/epi_t1_report".
250528-00:49:07,11 nipype.workflow INFO:
	 [Node] Setting-up "fmriprep_25_0_wf.sub_GEO013_wf.bold_ses_t2_task_image_run_2_wf.bold_confounds_wf.union_mask" in "/work/fmriprep_25_0_wf/sub_GEO013_wf/bold_ses_t2_task_image_run_2_wf/bold_confounds_wf/union_mask".
250528-00:49:07,204 nipype.workflow INFO:
	 [Node] Setting-up "_acc_msk_tfm0" in "/work/fmriprep_25_0_wf/sub_GEO013_wf/bold_ses_t2_task_image_run_2_wf/bold_confounds_wf/acc_msk_tfm/mapflow/_acc_msk_tfm0".
250528-00:49:07,225 nipype.workflow INFO:
	 [Node] Cached "_acc_msk_tfm0" - collecting precomputed outputs
250528-00:49:07,226 nipype.workflow INFO:
	 [Node] "_acc_msk_tfm0" found cached.
250528-00:49:07,226 nipype.workflow INFO:
	 [Node] Setting-up "_acc_msk_tfm1" in "/work/fmriprep_25_0_wf/sub_GEO013_wf/bold_ses_t2_task_image_run_2_wf/bold_confounds_wf/acc_msk_tfm/mapflow/_acc_msk_tfm1".
250528-00:49:07,256 nipype.workflow INFO:
	 [Node] Cached "_acc_msk_tfm1" - collecting precomputed outputs
250528-00:49:07,256 nipype.workflow INFO:
	 [Node] "_acc_msk_tfm1" found cached.
250528-00:49:07,257 nipype.workflow INFO:
	 [Node] Setting-up "_acc_msk_tfm2" in "/work/fmriprep_25_0_wf/sub_GEO013_wf/bold_ses_t2_task_image_run_2_wf/bold_confounds_wf/acc_msk_tfm/mapflow/_acc_msk_tfm2".
250528-00:49:07,279 nipype.workflow INFO:
	 [Node] Cached "_acc_msk_tfm2" - collecting precomputed outputs
250528-00:49:07,279 nipype.workflow INFO:
	 [Node] "_acc_msk_tfm2" found cached.
250528-00:49:07,284 nipype.workflow INFO:
	 [Node] Executing "epi_t1_report" <nireports.interfaces.reporting.base.SimpleBeforeAfterRPT>
250528-00:49:07,286 nipype.interface INFO:
	 Report - setting before (/out/sub-GEO013/ses-t2/func/sub-GEO013_ses-t2_task-image_run-2_desc-coreg_boldref.nii.gz) and after (/work/fmriprep_25_0_wf/sub_GEO013_wf/bold_ses_t2_task_image_run_2_wf/bold_fit_wf/func_fit_reports_wf/t1w_boldref/sub-GEO013_desc-preproc_T1w_trans.nii.gz) images
250528-00:49:07,286 nipype.interface INFO:
	 Generating visual report
250528-00:49:07,358 nipype.workflow INFO:
	 [Node] Executing "union_mask" <nipype.interfaces.utility.wrappers.Function>
250528-00:49:07,464 nipype.workflow INFO:
	 [Node] Finished "union_mask", elapsed time 0.104817s.
250528-00:49:09,357 nipype.workflow INFO:
	 [Node] Setting-up "fmriprep_25_0_wf.sub_GEO013_wf.bold_ses_t2_task_image_run_2_wf.bold_confounds_wf.dilated_mask" in "/work/fmriprep_25_0_wf/sub_GEO013_wf/bold_ses_t2_task_image_run_2_wf/bold_confounds_wf/dilated_mask".
250528-00:49:10,21 nipype.workflow INFO:
	 [Node] Executing "dilated_mask" <niworkflows.interfaces.morphology.BinaryDilation>
250528-00:49:10,127 nipype.workflow INFO:
	 [Node] Finished "dilated_mask", elapsed time 0.102412s.
250528-00:49:11,120 nipype.workflow INFO:
	 [Node] Setting-up "fmriprep_25_0_wf.sub_GEO013_wf.bold_ses_t2_task_image_run_2_wf.bold_confounds_wf.subtract_mask" in "/work/fmriprep_25_0_wf/sub_GEO013_wf/bold_ses_t2_task_image_run_2_wf/bold_confounds_wf/subtract_mask".
250528-00:49:11,138 nipype.workflow INFO:
	 [Node] Setting-up "_acc_msk_brain0" in "/work/fmriprep_25_0_wf/sub_GEO013_wf/bold_ses_t2_task_image_run_2_wf/bold_confounds_wf/acc_msk_brain/mapflow/_acc_msk_brain0".
250528-00:49:11,142 nipype.workflow INFO:
	 [Node] Setting-up "_acc_msk_brain1" in "/work/fmriprep_25_0_wf/sub_GEO013_wf/bold_ses_t2_task_image_run_2_wf/bold_confounds_wf/acc_msk_brain/mapflow/_acc_msk_brain1".
250528-00:49:11,145 nipype.workflow INFO:
	 [Node] Setting-up "_acc_msk_brain2" in "/work/fmriprep_25_0_wf/sub_GEO013_wf/bold_ses_t2_task_image_run_2_wf/bold_confounds_wf/acc_msk_brain/mapflow/_acc_msk_brain2".
250528-00:49:11,861 nipype.workflow INFO:
	 [Node] Executing "subtract_mask" <niworkflows.interfaces.morphology.BinarySubtraction>
250528-00:49:11,893 nipype.workflow INFO:
	 [Node] Executing "_acc_msk_brain0" <niworkflows.interfaces.nibabel.ApplyMask>
250528-00:49:11,973 nipype.workflow INFO:
	 [Node] Executing "_acc_msk_brain2" <niworkflows.interfaces.nibabel.ApplyMask>
250528-00:49:11,974 nipype.workflow INFO:
	 [Node] Executing "_acc_msk_brain1" <niworkflows.interfaces.nibabel.ApplyMask>
250528-00:49:11,990 nipype.workflow INFO:
	 [Node] Finished "subtract_mask", elapsed time 0.126068s.
250528-00:49:12,78 nipype.workflow INFO:
	 [Node] Finished "_acc_msk_brain0", elapsed time 0.181684s.
250528-00:49:12,135 nipype.workflow INFO:
	 [Node] Finished "_acc_msk_brain2", elapsed time 0.15754s.
250528-00:49:12,156 nipype.workflow INFO:
	 [Node] Finished "_acc_msk_brain1", elapsed time 0.179126s.
250528-00:49:13,342 nipype.workflow INFO:
	 [Node] Setting-up "_acc_msk_brain0" in "/work/fmriprep_25_0_wf/sub_GEO013_wf/bold_ses_t2_task_image_run_2_wf/bold_confounds_wf/acc_msk_brain/mapflow/_acc_msk_brain0".
250528-00:49:13,348 nipype.workflow INFO:
	 [Node] Cached "_acc_msk_brain0" - collecting precomputed outputs
250528-00:49:13,348 nipype.workflow INFO:
	 [Node] "_acc_msk_brain0" found cached.
250528-00:49:13,349 nipype.workflow INFO:
	 [Node] Setting-up "_acc_msk_brain1" in "/work/fmriprep_25_0_wf/sub_GEO013_wf/bold_ses_t2_task_image_run_2_wf/bold_confounds_wf/acc_msk_brain/mapflow/_acc_msk_brain1".
250528-00:49:13,353 nipype.workflow INFO:
	 [Node] Cached "_acc_msk_brain1" - collecting precomputed outputs
250528-00:49:13,353 nipype.workflow INFO:
	 [Node] "_acc_msk_brain1" found cached.
250528-00:49:13,354 nipype.workflow INFO:
	 [Node] Setting-up "_acc_msk_brain2" in "/work/fmriprep_25_0_wf/sub_GEO013_wf/bold_ses_t2_task_image_run_2_wf/bold_confounds_wf/acc_msk_brain/mapflow/_acc_msk_brain2".
250528-00:49:13,363 nipype.workflow INFO:
	 [Node] Cached "_acc_msk_brain2" - collecting precomputed outputs
250528-00:49:13,363 nipype.workflow INFO:
	 [Node] "_acc_msk_brain2" found cached.
250528-00:49:17,127 nipype.workflow INFO:
	 [Node] Setting-up "_acc_msk_bin0" in "/work/fmriprep_25_0_wf/sub_GEO013_wf/bold_ses_t2_task_image_run_2_wf/bold_confounds_wf/acc_msk_bin/mapflow/_acc_msk_bin0".
250528-00:49:17,129 nipype.workflow INFO:
	 [Node] Setting-up "_acc_msk_bin1" in "/work/fmriprep_25_0_wf/sub_GEO013_wf/bold_ses_t2_task_image_run_2_wf/bold_confounds_wf/acc_msk_bin/mapflow/_acc_msk_bin1".
250528-00:49:17,130 nipype.workflow INFO:
	 [Node] Setting-up "_acc_msk_bin2" in "/work/fmriprep_25_0_wf/sub_GEO013_wf/bold_ses_t2_task_image_run_2_wf/bold_confounds_wf/acc_msk_bin/mapflow/_acc_msk_bin2".
250528-00:49:17,253 nipype.workflow INFO:
	 [Node] Executing "_acc_msk_bin0" <niworkflows.interfaces.nibabel.Binarize>
250528-00:49:17,261 nipype.workflow INFO:
	 [Node] Executing "_acc_msk_bin2" <niworkflows.interfaces.nibabel.Binarize>
250528-00:49:17,273 nipype.workflow INFO:
	 [Node] Executing "_acc_msk_bin1" <niworkflows.interfaces.nibabel.Binarize>
250528-00:49:17,337 nipype.workflow INFO:
	 [Node] Finished "_acc_msk_bin2", elapsed time 0.074445s.
250528-00:49:17,342 nipype.workflow INFO:
	 [Node] Finished "_acc_msk_bin0", elapsed time 0.08735s.
250528-00:49:17,370 nipype.workflow INFO:
	 [Node] Finished "_acc_msk_bin1", elapsed time 0.095856s.
250528-00:49:19,230 nipype.workflow INFO:
	 [Node] Setting-up "_acc_msk_bin0" in "/work/fmriprep_25_0_wf/sub_GEO013_wf/bold_ses_t2_task_image_run_2_wf/bold_confounds_wf/acc_msk_bin/mapflow/_acc_msk_bin0".
250528-00:49:19,235 nipype.workflow INFO:
	 [Node] Cached "_acc_msk_bin0" - collecting precomputed outputs
250528-00:49:19,235 nipype.workflow INFO:
	 [Node] "_acc_msk_bin0" found cached.
250528-00:49:19,235 nipype.workflow INFO:
	 [Node] Setting-up "_acc_msk_bin1" in "/work/fmriprep_25_0_wf/sub_GEO013_wf/bold_ses_t2_task_image_run_2_wf/bold_confounds_wf/acc_msk_bin/mapflow/_acc_msk_bin1".
250528-00:49:19,240 nipype.workflow INFO:
	 [Node] Cached "_acc_msk_bin1" - collecting precomputed outputs
250528-00:49:19,240 nipype.workflow INFO:
	 [Node] "_acc_msk_bin1" found cached.
250528-00:49:19,240 nipype.workflow INFO:
	 [Node] Setting-up "_acc_msk_bin2" in "/work/fmriprep_25_0_wf/sub_GEO013_wf/bold_ses_t2_task_image_run_2_wf/bold_confounds_wf/acc_msk_bin/mapflow/_acc_msk_bin2".
250528-00:49:19,245 nipype.workflow INFO:
	 [Node] Cached "_acc_msk_bin2" - collecting precomputed outputs
250528-00:49:19,245 nipype.workflow INFO:
	 [Node] "_acc_msk_bin2" found cached.
250528-00:49:22,154 nipype.workflow INFO:
	 [Node] Finished "bbregister", elapsed time 34.590028s.
250528-00:49:23,127 nipype.workflow INFO:
	 [Node] Setting-up "fmriprep_25_0_wf.sub_GEO013_wf.bold_ses_t2_task_image_run_4_wf.bold_fit_wf.bold_reg_wf.bbreg_wf.bbregister" in "/work/fmriprep_25_0_wf/sub_GEO013_wf/bold_ses_t2_task_image_run_4_wf/bold_fit_wf/bold_reg_wf/bbreg_wf/bbregister".
250528-00:49:23,340 nipype.workflow INFO:
	 [Node] Executing "bbregister" <nipype.interfaces.freesurfer.preprocess.BBRegister>
250528-00:49:25,114 nipype.workflow INFO:
	 [Node] Setting-up "fmriprep_25_0_wf.sub_GEO013_wf.bold_ses_t2_task_image_run_3_wf.bold_fit_wf.bold_reg_wf.bbreg_wf.compare_transforms" in "/work/fmriprep_25_0_wf/sub_GEO013_wf/bold_ses_t2_task_image_run_3_wf/bold_fit_wf/bold_reg_wf/bbreg_wf/compare_transforms".
250528-00:49:25,203 nipype.workflow INFO:
	 [Node] Finished "epi_t1_report", elapsed time 17.917278s.
250528-00:49:25,270 nipype.workflow INFO:
	 [Node] Executing "compare_transforms" <nipype.interfaces.utility.wrappers.Function>
250528-00:49:25,281 nipype.workflow INFO:
	 [Node] Finished "compare_transforms", elapsed time 0.009655s.
250528-00:49:28,297 nipype.workflow INFO:
	 [Node] Setting-up "fmriprep_25_0_wf.sub_GEO013_wf.bold_ses_t2_task_image_run_2_wf.bold_fit_wf.func_fit_reports_wf.ds_epi_t1_report" in "/work/fmriprep_25_0_wf/sub_GEO013_wf/bold_ses_t2_task_image_run_2_wf/bold_fit_wf/func_fit_reports_wf/ds_epi_t1_report".
250528-00:49:28,747 nipype.workflow INFO:
	 [Node] Executing "ds_epi_t1_report" <fmriprep.interfaces.DerivativesDataSink>
250528-00:49:28,851 nipype.workflow INFO:
	 [Node] Finished "ds_epi_t1_report", elapsed time 0.102519s.
250528-00:49:31,125 nipype.workflow INFO:
	 [Node] Setting-up "fmriprep_25_0_wf.sub_GEO013_wf.bold_ses_t2_task_image_run_3_wf.bold_fit_wf.bold_reg_wf.bbreg_wf.concat_xfm" in "/work/fmriprep_25_0_wf/sub_GEO013_wf/bold_ses_t2_task_image_run_3_wf/bold_fit_wf/bold_reg_wf/bbreg_wf/concat_xfm".
250528-00:49:31,263 nipype.workflow INFO:
	 [Node] Executing "concat_xfm" <niworkflows.interfaces.nitransforms.ConcatenateXFMs>
250528-00:49:31,303 nipype.workflow INFO:
	 [Node] Finished "concat_xfm", elapsed time 0.03841s.
250528-00:49:35,137 nipype.workflow INFO:
	 [Node] Setting-up "fmriprep_25_0_wf.sub_GEO013_wf.bold_ses_t2_task_image_run_3_wf.bold_fit_wf.func_fit_reports_wf.t1w_boldref" in "/work/fmriprep_25_0_wf/sub_GEO013_wf/bold_ses_t2_task_image_run_3_wf/bold_fit_wf/func_fit_reports_wf/t1w_boldref".
250528-00:49:35,352 nipype.workflow INFO:
	 [Node] Executing "t1w_boldref" <niworkflows.interfaces.fixes.FixHeaderApplyTransforms>
250528-00:49:35,797 nipype.workflow INFO:
	 [Node] Setting-up "fmriprep_25_0_wf.sub_GEO013_wf.bold_ses_t2_task_image_run_3_wf.bold_confounds_wf.t1w_mask_tfm" in "/work/fmriprep_25_0_wf/sub_GEO013_wf/bold_ses_t2_task_image_run_3_wf/bold_confounds_wf/t1w_mask_tfm".
250528-00:49:35,956 nipype.workflow INFO:
	 [Node] Executing "t1w_mask_tfm" <niworkflows.interfaces.fixes.FixHeaderApplyTransforms>
250528-00:49:37,144 nipype.workflow INFO:
	 [Node] Finished "t1w_boldref", elapsed time 1.790771s.
250528-00:49:37,779 nipype.workflow INFO:
	 [Node] Setting-up "_acc_msk_tfm0" in "/work/fmriprep_25_0_wf/sub_GEO013_wf/bold_ses_t2_task_image_run_3_wf/bold_confounds_wf/acc_msk_tfm/mapflow/_acc_msk_tfm0".
250528-00:49:37,779 nipype.workflow INFO:
	 [Node] Setting-up "_acc_msk_tfm1" in "/work/fmriprep_25_0_wf/sub_GEO013_wf/bold_ses_t2_task_image_run_3_wf/bold_confounds_wf/acc_msk_tfm/mapflow/_acc_msk_tfm1".
250528-00:49:37,780 nipype.workflow INFO:
	 [Node] Setting-up "_acc_msk_tfm2" in "/work/fmriprep_25_0_wf/sub_GEO013_wf/bold_ses_t2_task_image_run_3_wf/bold_confounds_wf/acc_msk_tfm/mapflow/_acc_msk_tfm2".
250528-00:49:37,951 nipype.workflow INFO:
	 [Node] Executing "_acc_msk_tfm2" <niworkflows.interfaces.fixes.FixHeaderApplyTransforms>
250528-00:49:37,954 nipype.workflow INFO:
	 [Node] Executing "_acc_msk_tfm0" <niworkflows.interfaces.fixes.FixHeaderApplyTransforms>
250528-00:49:37,962 nipype.workflow INFO:
	 [Node] Executing "_acc_msk_tfm1" <niworkflows.interfaces.fixes.FixHeaderApplyTransforms>
250528-00:49:38,343 nipype.workflow INFO:
	 [Node] Finished "t1w_mask_tfm", elapsed time 2.385725s.
250528-00:49:38,888 nipype.workflow INFO:
	 [Node] Finished "_acc_msk_tfm0", elapsed time 0.932901s.
250528-00:49:38,888 nipype.workflow INFO:
	 [Node] Finished "_acc_msk_tfm2", elapsed time 0.935978s.
250528-00:49:38,937 nipype.workflow INFO:
	 [Node] Finished "_acc_msk_tfm1", elapsed time 0.973992s.
250528-00:49:39,123 nipype.workflow INFO:
	 [Node] Setting-up "fmriprep_25_0_wf.sub_GEO013_wf.bold_ses_t2_task_image_run_3_wf.bold_fit_wf.func_fit_reports_wf.boldref_wm" in "/work/fmriprep_25_0_wf/sub_GEO013_wf/bold_ses_t2_task_image_run_3_wf/bold_fit_wf/func_fit_reports_wf/boldref_wm".
250528-00:49:39,124 nipype.workflow INFO:
	 [Node] Setting-up "fmriprep_25_0_wf.sub_GEO013_wf.bold_ses_t2_task_image_run_3_wf.bold_confounds_wf.union_mask" in "/work/fmriprep_25_0_wf/sub_GEO013_wf/bold_ses_t2_task_image_run_3_wf/bold_confounds_wf/union_mask".
250528-00:49:39,253 nipype.workflow INFO:
	 [Node] Executing "union_mask" <nipype.interfaces.utility.wrappers.Function>
250528-00:49:39,283 nipype.workflow INFO:
	 [Node] Executing "boldref_wm" <niworkflows.interfaces.fixes.FixHeaderApplyTransforms>
250528-00:49:39,302 nipype.workflow INFO:
	 [Node] Finished "union_mask", elapsed time 0.047849s.
250528-00:49:39,818 nipype.workflow INFO:
	 [Node] Finished "boldref_wm", elapsed time 0.532903s.
250528-00:49:41,126 nipype.workflow INFO:
	 [Node] Setting-up "fmriprep_25_0_wf.sub_GEO013_wf.bold_ses_t2_task_image_run_3_wf.bold_confounds_wf.dilated_mask" in "/work/fmriprep_25_0_wf/sub_GEO013_wf/bold_ses_t2_task_image_run_3_wf/bold_confounds_wf/dilated_mask".
250528-00:49:41,131 nipype.workflow INFO:
	 [Node] Setting-up "fmriprep_25_0_wf.sub_GEO013_wf.bold_ses_t2_task_image_run_3_wf.bold_fit_wf.func_fit_reports_wf.epi_t1_report" in "/work/fmriprep_25_0_wf/sub_GEO013_wf/bold_ses_t2_task_image_run_3_wf/bold_fit_wf/func_fit_reports_wf/epi_t1_report".
250528-00:49:41,207 nipype.workflow INFO:
	 [Node] Setting-up "_acc_msk_tfm0" in "/work/fmriprep_25_0_wf/sub_GEO013_wf/bold_ses_t2_task_image_run_3_wf/bold_confounds_wf/acc_msk_tfm/mapflow/_acc_msk_tfm0".
250528-00:49:41,212 nipype.workflow INFO:
	 [Node] Cached "_acc_msk_tfm0" - collecting precomputed outputs
250528-00:49:41,212 nipype.workflow INFO:
	 [Node] "_acc_msk_tfm0" found cached.
250528-00:49:41,213 nipype.workflow INFO:
	 [Node] Setting-up "_acc_msk_tfm1" in "/work/fmriprep_25_0_wf/sub_GEO013_wf/bold_ses_t2_task_image_run_3_wf/bold_confounds_wf/acc_msk_tfm/mapflow/_acc_msk_tfm1".
250528-00:49:41,218 nipype.workflow INFO:
	 [Node] Cached "_acc_msk_tfm1" - collecting precomputed outputs
250528-00:49:41,219 nipype.workflow INFO:
	 [Node] "_acc_msk_tfm1" found cached.
250528-00:49:41,219 nipype.workflow INFO:
	 [Node] Setting-up "_acc_msk_tfm2" in "/work/fmriprep_25_0_wf/sub_GEO013_wf/bold_ses_t2_task_image_run_3_wf/bold_confounds_wf/acc_msk_tfm/mapflow/_acc_msk_tfm2".
250528-00:49:41,225 nipype.workflow INFO:
	 [Node] Cached "_acc_msk_tfm2" - collecting precomputed outputs
250528-00:49:41,225 nipype.workflow INFO:
	 [Node] "_acc_msk_tfm2" found cached.
250528-00:49:41,330 nipype.workflow INFO:
	 [Node] Executing "epi_t1_report" <nireports.interfaces.reporting.base.SimpleBeforeAfterRPT>
250528-00:49:41,331 nipype.workflow INFO:
	 [Node] Executing "dilated_mask" <niworkflows.interfaces.morphology.BinaryDilation>
250528-00:49:41,331 nipype.interface INFO:
	 Report - setting before (/out/sub-GEO013/ses-t2/func/sub-GEO013_ses-t2_task-image_run-3_desc-coreg_boldref.nii.gz) and after (/work/fmriprep_25_0_wf/sub_GEO013_wf/bold_ses_t2_task_image_run_3_wf/bold_fit_wf/func_fit_reports_wf/t1w_boldref/sub-GEO013_desc-preproc_T1w_trans.nii.gz) images
250528-00:49:41,331 nipype.interface INFO:
	 Generating visual report
250528-00:49:41,384 nipype.workflow INFO:
	 [Node] Finished "dilated_mask", elapsed time 0.052447s.
250528-00:49:43,175 nipype.workflow INFO:
	 [Node] Setting-up "fmriprep_25_0_wf.sub_GEO013_wf.bold_ses_t2_task_image_run_3_wf.bold_confounds_wf.subtract_mask" in "/work/fmriprep_25_0_wf/sub_GEO013_wf/bold_ses_t2_task_image_run_3_wf/bold_confounds_wf/subtract_mask".
250528-00:49:43,280 nipype.workflow INFO:
	 [Node] Executing "subtract_mask" <niworkflows.interfaces.morphology.BinarySubtraction>
250528-00:49:43,319 nipype.workflow INFO:
	 [Node] Finished "subtract_mask", elapsed time 0.037849s.
250528-00:49:45,148 nipype.workflow INFO:
	 [Node] Setting-up "_acc_msk_brain0" in "/work/fmriprep_25_0_wf/sub_GEO013_wf/bold_ses_t2_task_image_run_3_wf/bold_confounds_wf/acc_msk_brain/mapflow/_acc_msk_brain0".
250528-00:49:45,149 nipype.workflow INFO:
	 [Node] Setting-up "_acc_msk_brain1" in "/work/fmriprep_25_0_wf/sub_GEO013_wf/bold_ses_t2_task_image_run_3_wf/bold_confounds_wf/acc_msk_brain/mapflow/_acc_msk_brain1".
250528-00:49:45,149 nipype.workflow INFO:
	 [Node] Setting-up "_acc_msk_brain2" in "/work/fmriprep_25_0_wf/sub_GEO013_wf/bold_ses_t2_task_image_run_3_wf/bold_confounds_wf/acc_msk_brain/mapflow/_acc_msk_brain2".
250528-00:49:45,298 nipype.workflow INFO:
	 [Node] Executing "_acc_msk_brain0" <niworkflows.interfaces.nibabel.ApplyMask>
250528-00:49:45,327 nipype.workflow INFO:
	 [Node] Executing "_acc_msk_brain2" <niworkflows.interfaces.nibabel.ApplyMask>
250528-00:49:45,335 nipype.workflow INFO:
	 [Node] Executing "_acc_msk_brain1" <niworkflows.interfaces.nibabel.ApplyMask>
250528-00:49:45,407 nipype.workflow INFO:
	 [Node] Finished "_acc_msk_brain0", elapsed time 0.107686s.
250528-00:49:45,412 nipype.workflow INFO:
	 [Node] Finished "_acc_msk_brain2", elapsed time 0.082949s.
250528-00:49:45,418 nipype.workflow INFO:
	 [Node] Finished "_acc_msk_brain1", elapsed time 0.081888s.
250528-00:49:47,106 nipype.workflow INFO:
	 [Node] Setting-up "_acc_msk_brain0" in "/work/fmriprep_25_0_wf/sub_GEO013_wf/bold_ses_t2_task_image_run_3_wf/bold_confounds_wf/acc_msk_brain/mapflow/_acc_msk_brain0".
250528-00:49:47,110 nipype.workflow INFO:
	 [Node] Cached "_acc_msk_brain0" - collecting precomputed outputs
250528-00:49:47,110 nipype.workflow INFO:
	 [Node] "_acc_msk_brain0" found cached.
250528-00:49:47,111 nipype.workflow INFO:
	 [Node] Setting-up "_acc_msk_brain1" in "/work/fmriprep_25_0_wf/sub_GEO013_wf/bold_ses_t2_task_image_run_3_wf/bold_confounds_wf/acc_msk_brain/mapflow/_acc_msk_brain1".
250528-00:49:47,115 nipype.workflow INFO:
	 [Node] Cached "_acc_msk_brain1" - collecting precomputed outputs
250528-00:49:47,115 nipype.workflow INFO:
	 [Node] "_acc_msk_brain1" found cached.
250528-00:49:47,116 nipype.workflow INFO:
	 [Node] Setting-up "_acc_msk_brain2" in "/work/fmriprep_25_0_wf/sub_GEO013_wf/bold_ses_t2_task_image_run_3_wf/bold_confounds_wf/acc_msk_brain/mapflow/_acc_msk_brain2".
250528-00:49:47,120 nipype.workflow INFO:
	 [Node] Cached "_acc_msk_brain2" - collecting precomputed outputs
250528-00:49:47,120 nipype.workflow INFO:
	 [Node] "_acc_msk_brain2" found cached.
250528-00:49:51,126 nipype.workflow INFO:
	 [Node] Setting-up "_acc_msk_bin0" in "/work/fmriprep_25_0_wf/sub_GEO013_wf/bold_ses_t2_task_image_run_3_wf/bold_confounds_wf/acc_msk_bin/mapflow/_acc_msk_bin0".
250528-00:49:51,127 nipype.workflow INFO:
	 [Node] Setting-up "_acc_msk_bin1" in "/work/fmriprep_25_0_wf/sub_GEO013_wf/bold_ses_t2_task_image_run_3_wf/bold_confounds_wf/acc_msk_bin/mapflow/_acc_msk_bin1".
250528-00:49:51,127 nipype.workflow INFO:
	 [Node] Setting-up "_acc_msk_bin2" in "/work/fmriprep_25_0_wf/sub_GEO013_wf/bold_ses_t2_task_image_run_3_wf/bold_confounds_wf/acc_msk_bin/mapflow/_acc_msk_bin2".
250528-00:49:51,263 nipype.workflow INFO:
	 [Node] Executing "_acc_msk_bin0" <niworkflows.interfaces.nibabel.Binarize>
250528-00:49:51,266 nipype.workflow INFO:
	 [Node] Executing "_acc_msk_bin1" <niworkflows.interfaces.nibabel.Binarize>
250528-00:49:51,279 nipype.workflow INFO:
	 [Node] Executing "_acc_msk_bin2" <niworkflows.interfaces.nibabel.Binarize>
250528-00:49:51,368 nipype.workflow INFO:
	 [Node] Finished "_acc_msk_bin1", elapsed time 0.101319s.
250528-00:49:51,369 nipype.workflow INFO:
	 [Node] Finished "_acc_msk_bin0", elapsed time 0.104832s.
250528-00:49:51,369 nipype.workflow INFO:
	 [Node] Finished "_acc_msk_bin2", elapsed time 0.089023s.
250528-00:49:52,672 nipype.workflow INFO:
	 [Node] Finished "bbregister", elapsed time 29.330956s.
250528-00:49:53,212 nipype.workflow INFO:
	 [Node] Setting-up "_acc_msk_bin0" in "/work/fmriprep_25_0_wf/sub_GEO013_wf/bold_ses_t2_task_image_run_3_wf/bold_confounds_wf/acc_msk_bin/mapflow/_acc_msk_bin0".
250528-00:49:53,216 nipype.workflow INFO:
	 [Node] Cached "_acc_msk_bin0" - collecting precomputed outputs
250528-00:49:53,217 nipype.workflow INFO:
	 [Node] "_acc_msk_bin0" found cached.
250528-00:49:53,217 nipype.workflow INFO:
	 [Node] Setting-up "_acc_msk_bin1" in "/work/fmriprep_25_0_wf/sub_GEO013_wf/bold_ses_t2_task_image_run_3_wf/bold_confounds_wf/acc_msk_bin/mapflow/_acc_msk_bin1".
250528-00:49:53,224 nipype.workflow INFO:
	 [Node] Cached "_acc_msk_bin1" - collecting precomputed outputs
250528-00:49:53,224 nipype.workflow INFO:
	 [Node] "_acc_msk_bin1" found cached.
250528-00:49:53,225 nipype.workflow INFO:
	 [Node] Setting-up "_acc_msk_bin2" in "/work/fmriprep_25_0_wf/sub_GEO013_wf/bold_ses_t2_task_image_run_3_wf/bold_confounds_wf/acc_msk_bin/mapflow/_acc_msk_bin2".
250528-00:49:53,229 nipype.workflow INFO:
	 [Node] Cached "_acc_msk_bin2" - collecting precomputed outputs
250528-00:49:53,229 nipype.workflow INFO:
	 [Node] "_acc_msk_bin2" found cached.
250528-00:49:55,193 nipype.workflow INFO:
	 [Node] Setting-up "fmriprep_25_0_wf.sub_GEO013_wf.bold_ses_t2_task_image_run_5_wf.bold_fit_wf.bold_reg_wf.bbreg_wf.bbregister" in "/work/fmriprep_25_0_wf/sub_GEO013_wf/bold_ses_t2_task_image_run_5_wf/bold_fit_wf/bold_reg_wf/bbreg_wf/bbregister".
250528-00:49:55,364 nipype.workflow INFO:
	 [Node] Executing "bbregister" <nipype.interfaces.freesurfer.preprocess.BBRegister>
250528-00:49:57,181 nipype.workflow INFO:
	 [Node] Setting-up "fmriprep_25_0_wf.sub_GEO013_wf.bold_ses_t2_task_image_run_4_wf.bold_fit_wf.bold_reg_wf.bbreg_wf.compare_transforms" in "/work/fmriprep_25_0_wf/sub_GEO013_wf/bold_ses_t2_task_image_run_4_wf/bold_fit_wf/bold_reg_wf/bbreg_wf/compare_transforms".
250528-00:49:57,332 nipype.workflow INFO:
	 [Node] Executing "compare_transforms" <nipype.interfaces.utility.wrappers.Function>
250528-00:49:57,344 nipype.workflow INFO:
	 [Node] Finished "compare_transforms", elapsed time 0.01134s.
250528-00:49:59,489 nipype.workflow INFO:
	 [Node] Finished "epi_t1_report", elapsed time 18.158125s.
250528-00:50:03,326 nipype.workflow INFO:
	 [Node] Setting-up "fmriprep_25_0_wf.sub_GEO013_wf.bold_ses_t2_task_image_run_3_wf.bold_fit_wf.func_fit_reports_wf.ds_epi_t1_report" in "/work/fmriprep_25_0_wf/sub_GEO013_wf/bold_ses_t2_task_image_run_3_wf/bold_fit_wf/func_fit_reports_wf/ds_epi_t1_report".
250528-00:50:03,717 nipype.workflow INFO:
	 [Node] Setting-up "fmriprep_25_0_wf.sub_GEO013_wf.bold_ses_t2_task_image_run_4_wf.bold_fit_wf.bold_reg_wf.bbreg_wf.concat_xfm" in "/work/fmriprep_25_0_wf/sub_GEO013_wf/bold_ses_t2_task_image_run_4_wf/bold_fit_wf/bold_reg_wf/bbreg_wf/concat_xfm".
250528-00:50:04,86 nipype.workflow INFO:
	 [Node] Executing "concat_xfm" <niworkflows.interfaces.nitransforms.ConcatenateXFMs>
250528-00:50:04,102 nipype.workflow INFO:
	 [Node] Executing "ds_epi_t1_report" <fmriprep.interfaces.DerivativesDataSink>
250528-00:50:04,185 nipype.workflow INFO:
	 [Node] Finished "concat_xfm", elapsed time 0.098053s.
250528-00:50:04,305 nipype.workflow INFO:
	 [Node] Finished "ds_epi_t1_report", elapsed time 0.200388s.
250528-00:50:07,867 nipype.workflow INFO:
	 [Node] Setting-up "fmriprep_25_0_wf.sub_GEO013_wf.bold_ses_t2_task_image_run_4_wf.bold_fit_wf.func_fit_reports_wf.t1w_boldref" in "/work/fmriprep_25_0_wf/sub_GEO013_wf/bold_ses_t2_task_image_run_4_wf/bold_fit_wf/func_fit_reports_wf/t1w_boldref".
250528-00:50:08,520 nipype.workflow INFO:
	 [Node] Executing "t1w_boldref" <niworkflows.interfaces.fixes.FixHeaderApplyTransforms>
250528-00:50:09,49 nipype.workflow INFO:
	 [Node] Setting-up "fmriprep_25_0_wf.sub_GEO013_wf.bold_ses_t2_task_image_run_4_wf.bold_confounds_wf.t1w_mask_tfm" in "/work/fmriprep_25_0_wf/sub_GEO013_wf/bold_ses_t2_task_image_run_4_wf/bold_confounds_wf/t1w_mask_tfm".
250528-00:50:09,793 nipype.workflow INFO:
	 [Node] Executing "t1w_mask_tfm" <niworkflows.interfaces.fixes.FixHeaderApplyTransforms>
250528-00:50:10,562 nipype.workflow INFO:
	 [Node] Finished "t1w_boldref", elapsed time 2.040702s.
250528-00:50:10,834 nipype.workflow INFO:
	 [Node] Setting-up "_acc_msk_tfm0" in "/work/fmriprep_25_0_wf/sub_GEO013_wf/bold_ses_t2_task_image_run_4_wf/bold_confounds_wf/acc_msk_tfm/mapflow/_acc_msk_tfm0".
250528-00:50:10,835 nipype.workflow INFO:
	 [Node] Setting-up "_acc_msk_tfm1" in "/work/fmriprep_25_0_wf/sub_GEO013_wf/bold_ses_t2_task_image_run_4_wf/bold_confounds_wf/acc_msk_tfm/mapflow/_acc_msk_tfm1".
250528-00:50:10,835 nipype.workflow INFO:
	 [Node] Setting-up "_acc_msk_tfm2" in "/work/fmriprep_25_0_wf/sub_GEO013_wf/bold_ses_t2_task_image_run_4_wf/bold_confounds_wf/acc_msk_tfm/mapflow/_acc_msk_tfm2".
250528-00:50:11,291 nipype.workflow INFO:
	 [Node] Executing "_acc_msk_tfm2" <niworkflows.interfaces.fixes.FixHeaderApplyTransforms>
250528-00:50:11,316 nipype.workflow INFO:
	 [Node] Executing "_acc_msk_tfm1" <niworkflows.interfaces.fixes.FixHeaderApplyTransforms>
250528-00:50:11,435 nipype.workflow INFO:
	 [Node] Executing "_acc_msk_tfm0" <niworkflows.interfaces.fixes.FixHeaderApplyTransforms>
250528-00:50:11,767 nipype.workflow INFO:
	 [Node] Setting-up "fmriprep_25_0_wf.sub_GEO013_wf.bold_ses_t2_task_image_run_4_wf.bold_fit_wf.func_fit_reports_wf.boldref_wm" in "/work/fmriprep_25_0_wf/sub_GEO013_wf/bold_ses_t2_task_image_run_4_wf/bold_fit_wf/func_fit_reports_wf/boldref_wm".
250528-00:50:12,241 nipype.workflow INFO:
	 [Node] Executing "boldref_wm" <niworkflows.interfaces.fixes.FixHeaderApplyTransforms>
250528-00:50:12,428 nipype.workflow INFO:
	 [Node] Finished "t1w_mask_tfm", elapsed time 2.631471s.
250528-00:50:12,463 nipype.workflow INFO:
	 [Node] Finished "_acc_msk_tfm1", elapsed time 1.145747s.
250528-00:50:12,580 nipype.workflow INFO:
	 [Node] Finished "_acc_msk_tfm2", elapsed time 1.286579s.
250528-00:50:12,656 nipype.workflow INFO:
	 [Node] Finished "_acc_msk_tfm0", elapsed time 1.213397s.
250528-00:50:12,763 nipype.workflow INFO:
	 [Node] Finished "boldref_wm", elapsed time 0.519298s.
250528-00:50:13,773 nipype.workflow INFO:
	 [Node] Setting-up "fmriprep_25_0_wf.sub_GEO013_wf.bold_ses_t2_task_image_run_4_wf.bold_confounds_wf.union_mask" in "/work/fmriprep_25_0_wf/sub_GEO013_wf/bold_ses_t2_task_image_run_4_wf/bold_confounds_wf/union_mask".
250528-00:50:14,170 nipype.workflow INFO:
	 [Node] Setting-up "_acc_msk_tfm0" in "/work/fmriprep_25_0_wf/sub_GEO013_wf/bold_ses_t2_task_image_run_4_wf/bold_confounds_wf/acc_msk_tfm/mapflow/_acc_msk_tfm0".
250528-00:50:14,181 nipype.workflow INFO:
	 [Node] Setting-up "fmriprep_25_0_wf.sub_GEO013_wf.bold_ses_t2_task_image_run_4_wf.bold_fit_wf.func_fit_reports_wf.epi_t1_report" in "/work/fmriprep_25_0_wf/sub_GEO013_wf/bold_ses_t2_task_image_run_4_wf/bold_fit_wf/func_fit_reports_wf/epi_t1_report".
250528-00:50:14,197 nipype.workflow INFO:
	 [Node] Cached "_acc_msk_tfm0" - collecting precomputed outputs
250528-00:50:14,197 nipype.workflow INFO:
	 [Node] "_acc_msk_tfm0" found cached.
250528-00:50:14,198 nipype.workflow INFO:
	 [Node] Setting-up "_acc_msk_tfm1" in "/work/fmriprep_25_0_wf/sub_GEO013_wf/bold_ses_t2_task_image_run_4_wf/bold_confounds_wf/acc_msk_tfm/mapflow/_acc_msk_tfm1".
250528-00:50:14,219 nipype.workflow INFO:
	 [Node] Cached "_acc_msk_tfm1" - collecting precomputed outputs
250528-00:50:14,219 nipype.workflow INFO:
	 [Node] "_acc_msk_tfm1" found cached.
250528-00:50:14,220 nipype.workflow INFO:
	 [Node] Setting-up "_acc_msk_tfm2" in "/work/fmriprep_25_0_wf/sub_GEO013_wf/bold_ses_t2_task_image_run_4_wf/bold_confounds_wf/acc_msk_tfm/mapflow/_acc_msk_tfm2".
250528-00:50:14,231 nipype.workflow INFO:
	 [Node] Cached "_acc_msk_tfm2" - collecting precomputed outputs
250528-00:50:14,231 nipype.workflow INFO:
	 [Node] "_acc_msk_tfm2" found cached.
250528-00:50:14,279 nipype.workflow INFO:
	 [Node] Executing "union_mask" <nipype.interfaces.utility.wrappers.Function>
250528-00:50:15,113 nipype.workflow INFO:
	 [Node] Finished "union_mask", elapsed time 0.826199s.
250528-00:50:15,503 nipype.workflow INFO:
	 [Node] Executing "epi_t1_report" <nireports.interfaces.reporting.base.SimpleBeforeAfterRPT>
250528-00:50:15,514 nipype.interface INFO:
	 Report - setting before (/out/sub-GEO013/ses-t2/func/sub-GEO013_ses-t2_task-image_run-4_desc-coreg_boldref.nii.gz) and after (/work/fmriprep_25_0_wf/sub_GEO013_wf/bold_ses_t2_task_image_run_4_wf/bold_fit_wf/func_fit_reports_wf/t1w_boldref/sub-GEO013_desc-preproc_T1w_trans.nii.gz) images
250528-00:50:15,514 nipype.interface INFO:
	 Generating visual report
250528-00:50:17,910 nipype.workflow INFO:
	 [Node] Setting-up "fmriprep_25_0_wf.sub_GEO013_wf.bold_ses_t2_task_image_run_4_wf.bold_confounds_wf.dilated_mask" in "/work/fmriprep_25_0_wf/sub_GEO013_wf/bold_ses_t2_task_image_run_4_wf/bold_confounds_wf/dilated_mask".
250528-00:50:17,918 nipype.workflow INFO:
	 [Node] Setting-up "_acc_msk_brain0" in "/work/fmriprep_25_0_wf/sub_GEO013_wf/bold_ses_t2_task_image_run_4_wf/bold_confounds_wf/acc_msk_brain/mapflow/_acc_msk_brain0".
250528-00:50:17,919 nipype.workflow INFO:
	 [Node] Setting-up "_acc_msk_brain1" in "/work/fmriprep_25_0_wf/sub_GEO013_wf/bold_ses_t2_task_image_run_4_wf/bold_confounds_wf/acc_msk_brain/mapflow/_acc_msk_brain1".
250528-00:50:17,921 nipype.workflow INFO:
	 [Node] Setting-up "_acc_msk_brain2" in "/work/fmriprep_25_0_wf/sub_GEO013_wf/bold_ses_t2_task_image_run_4_wf/bold_confounds_wf/acc_msk_brain/mapflow/_acc_msk_brain2".
250528-00:50:18,613 nipype.workflow INFO:
	 [Node] Executing "_acc_msk_brain0" <niworkflows.interfaces.nibabel.ApplyMask>
250528-00:50:18,638 nipype.workflow INFO:
	 [Node] Executing "dilated_mask" <niworkflows.interfaces.morphology.BinaryDilation>
250528-00:50:18,657 nipype.workflow INFO:
	 [Node] Executing "_acc_msk_brain1" <niworkflows.interfaces.nibabel.ApplyMask>
250528-00:50:18,781 nipype.workflow INFO:
	 [Node] Finished "dilated_mask", elapsed time 0.138565s.
250528-00:50:18,781 nipype.workflow INFO:
	 [Node] Executing "_acc_msk_brain2" <niworkflows.interfaces.nibabel.ApplyMask>
250528-00:50:18,809 nipype.workflow INFO:
	 [Node] Finished "_acc_msk_brain0", elapsed time 0.190499s.
250528-00:50:18,863 nipype.workflow INFO:
	 [Node] Finished "_acc_msk_brain1", elapsed time 0.202017s.
250528-00:50:18,974 nipype.workflow INFO:
	 [Node] Finished "_acc_msk_brain2", elapsed time 0.190398s.
250528-00:50:19,875 nipype.workflow INFO:
	 [Node] Setting-up "fmriprep_25_0_wf.sub_GEO013_wf.bold_ses_t2_task_image_run_4_wf.bold_confounds_wf.subtract_mask" in "/work/fmriprep_25_0_wf/sub_GEO013_wf/bold_ses_t2_task_image_run_4_wf/bold_confounds_wf/subtract_mask".
250528-00:50:20,305 nipype.workflow INFO:
	 [Node] Setting-up "_acc_msk_brain0" in "/work/fmriprep_25_0_wf/sub_GEO013_wf/bold_ses_t2_task_image_run_4_wf/bold_confounds_wf/acc_msk_brain/mapflow/_acc_msk_brain0".
250528-00:50:20,337 nipype.workflow INFO:
	 [Node] Cached "_acc_msk_brain0" - collecting precomputed outputs
250528-00:50:20,337 nipype.workflow INFO:
	 [Node] "_acc_msk_brain0" found cached.
250528-00:50:20,337 nipype.workflow INFO:
	 [Node] Setting-up "_acc_msk_brain1" in "/work/fmriprep_25_0_wf/sub_GEO013_wf/bold_ses_t2_task_image_run_4_wf/bold_confounds_wf/acc_msk_brain/mapflow/_acc_msk_brain1".
250528-00:50:20,378 nipype.workflow INFO:
	 [Node] Cached "_acc_msk_brain1" - collecting precomputed outputs
250528-00:50:20,378 nipype.workflow INFO:
	 [Node] "_acc_msk_brain1" found cached.
250528-00:50:20,379 nipype.workflow INFO:
	 [Node] Setting-up "_acc_msk_brain2" in "/work/fmriprep_25_0_wf/sub_GEO013_wf/bold_ses_t2_task_image_run_4_wf/bold_confounds_wf/acc_msk_brain/mapflow/_acc_msk_brain2".
250528-00:50:20,405 nipype.workflow INFO:
	 [Node] Cached "_acc_msk_brain2" - collecting precomputed outputs
250528-00:50:20,405 nipype.workflow INFO:
	 [Node] "_acc_msk_brain2" found cached.
250528-00:50:20,518 nipype.workflow INFO:
	 [Node] Executing "subtract_mask" <niworkflows.interfaces.morphology.BinarySubtraction>
250528-00:50:20,641 nipype.workflow INFO:
	 [Node] Finished "subtract_mask", elapsed time 0.12087s.
250528-00:50:23,893 nipype.workflow INFO:
	 [Node] Setting-up "_acc_msk_bin0" in "/work/fmriprep_25_0_wf/sub_GEO013_wf/bold_ses_t2_task_image_run_4_wf/bold_confounds_wf/acc_msk_bin/mapflow/_acc_msk_bin0".
250528-00:50:23,899 nipype.workflow INFO:
	 [Node] Setting-up "_acc_msk_bin1" in "/work/fmriprep_25_0_wf/sub_GEO013_wf/bold_ses_t2_task_image_run_4_wf/bold_confounds_wf/acc_msk_bin/mapflow/_acc_msk_bin1".
250528-00:50:23,903 nipype.workflow INFO:
	 [Node] Setting-up "_acc_msk_bin2" in "/work/fmriprep_25_0_wf/sub_GEO013_wf/bold_ses_t2_task_image_run_4_wf/bold_confounds_wf/acc_msk_bin/mapflow/_acc_msk_bin2".
250528-00:50:24,417 nipype.workflow INFO:
	 [Node] Executing "_acc_msk_bin0" <niworkflows.interfaces.nibabel.Binarize>
250528-00:50:24,483 nipype.workflow INFO:
	 [Node] Executing "_acc_msk_bin2" <niworkflows.interfaces.nibabel.Binarize>
250528-00:50:24,492 nipype.workflow INFO:
	 [Node] Executing "_acc_msk_bin1" <niworkflows.interfaces.nibabel.Binarize>
250528-00:50:24,617 nipype.workflow INFO:
	 [Node] Finished "_acc_msk_bin0", elapsed time 0.19654s.
250528-00:50:24,674 nipype.workflow INFO:
	 [Node] Finished "_acc_msk_bin2", elapsed time 0.187702s.
250528-00:50:24,706 nipype.workflow INFO:
	 [Node] Finished "_acc_msk_bin1", elapsed time 0.21158s.
250528-00:50:26,356 nipype.workflow INFO:
	 [Node] Setting-up "_acc_msk_bin0" in "/work/fmriprep_25_0_wf/sub_GEO013_wf/bold_ses_t2_task_image_run_4_wf/bold_confounds_wf/acc_msk_bin/mapflow/_acc_msk_bin0".
250528-00:50:26,365 nipype.workflow INFO:
	 [Node] Cached "_acc_msk_bin0" - collecting precomputed outputs
250528-00:50:26,365 nipype.workflow INFO:
	 [Node] "_acc_msk_bin0" found cached.
250528-00:50:26,366 nipype.workflow INFO:
	 [Node] Setting-up "_acc_msk_bin1" in "/work/fmriprep_25_0_wf/sub_GEO013_wf/bold_ses_t2_task_image_run_4_wf/bold_confounds_wf/acc_msk_bin/mapflow/_acc_msk_bin1".
250528-00:50:26,378 nipype.workflow INFO:
	 [Node] Cached "_acc_msk_bin1" - collecting precomputed outputs
250528-00:50:26,378 nipype.workflow INFO:
	 [Node] "_acc_msk_bin1" found cached.
250528-00:50:26,379 nipype.workflow INFO:
	 [Node] Setting-up "_acc_msk_bin2" in "/work/fmriprep_25_0_wf/sub_GEO013_wf/bold_ses_t2_task_image_run_4_wf/bold_confounds_wf/acc_msk_bin/mapflow/_acc_msk_bin2".
250528-00:50:26,392 nipype.workflow INFO:
	 [Node] Cached "_acc_msk_bin2" - collecting precomputed outputs
250528-00:50:26,392 nipype.workflow INFO:
	 [Node] "_acc_msk_bin2" found cached.
250528-00:50:28,124 nipype.workflow INFO:
	 [Node] Finished "bbregister", elapsed time 32.759298s.
250528-00:50:29,903 nipype.workflow INFO:
	 [Node] Setting-up "fmriprep_25_0_wf.sub_GEO013_wf.bold_ses_t3_task_image_run_1_wf.bold_fit_wf.bold_reg_wf.bbreg_wf.bbregister" in "/work/fmriprep_25_0_wf/sub_GEO013_wf/bold_ses_t3_task_image_run_1_wf/bold_fit_wf/bold_reg_wf/bbreg_wf/bbregister".
250528-00:50:30,112 nipype.workflow INFO:
	 [Node] Executing "bbregister" <nipype.interfaces.freesurfer.preprocess.BBRegister>
250528-00:50:31,747 nipype.workflow INFO:
	 [Node] Setting-up "fmriprep_25_0_wf.sub_GEO013_wf.bold_ses_t2_task_image_run_5_wf.bold_fit_wf.bold_reg_wf.bbreg_wf.compare_transforms" in "/work/fmriprep_25_0_wf/sub_GEO013_wf/bold_ses_t2_task_image_run_5_wf/bold_fit_wf/bold_reg_wf/bbreg_wf/compare_transforms".
250528-00:50:31,906 nipype.workflow INFO:
	 [Node] Executing "compare_transforms" <nipype.interfaces.utility.wrappers.Function>
250528-00:50:31,923 nipype.workflow INFO:
	 [Node] Finished "compare_transforms", elapsed time 0.015589s.
250528-00:50:33,400 nipype.workflow INFO:
	 [Node] Finished "epi_t1_report", elapsed time 17.893312s.
250528-00:50:37,185 nipype.workflow INFO:
	 [Node] Setting-up "fmriprep_25_0_wf.sub_GEO013_wf.bold_ses_t2_task_image_run_4_wf.bold_fit_wf.func_fit_reports_wf.ds_epi_t1_report" in "/work/fmriprep_25_0_wf/sub_GEO013_wf/bold_ses_t2_task_image_run_4_wf/bold_fit_wf/func_fit_reports_wf/ds_epi_t1_report".
250528-00:50:37,353 nipype.workflow INFO:
	 [Node] Executing "ds_epi_t1_report" <fmriprep.interfaces.DerivativesDataSink>
250528-00:50:37,437 nipype.workflow INFO:
	 [Node] Finished "ds_epi_t1_report", elapsed time 0.082685s.
250528-00:50:37,869 nipype.workflow INFO:
	 [Node] Setting-up "fmriprep_25_0_wf.sub_GEO013_wf.bold_ses_t2_task_image_run_5_wf.bold_fit_wf.bold_reg_wf.bbreg_wf.concat_xfm" in "/work/fmriprep_25_0_wf/sub_GEO013_wf/bold_ses_t2_task_image_run_5_wf/bold_fit_wf/bold_reg_wf/bbreg_wf/concat_xfm".
250528-00:50:38,91 nipype.workflow INFO:
	 [Node] Executing "concat_xfm" <niworkflows.interfaces.nitransforms.ConcatenateXFMs>
250528-00:50:38,146 nipype.workflow INFO:
	 [Node] Finished "concat_xfm", elapsed time 0.052438s.
250528-00:50:41,883 nipype.workflow INFO:
	 [Node] Setting-up "fmriprep_25_0_wf.sub_GEO013_wf.bold_ses_t2_task_image_run_5_wf.bold_fit_wf.func_fit_reports_wf.t1w_boldref" in "/work/fmriprep_25_0_wf/sub_GEO013_wf/bold_ses_t2_task_image_run_5_wf/bold_fit_wf/func_fit_reports_wf/t1w_boldref".
250528-00:50:42,53 nipype.workflow INFO:
	 [Node] Executing "t1w_boldref" <niworkflows.interfaces.fixes.FixHeaderApplyTransforms>
250528-00:50:42,510 nipype.workflow INFO:
	 [Node] Setting-up "fmriprep_25_0_wf.sub_GEO013_wf.bold_ses_t2_task_image_run_5_wf.bold_confounds_wf.t1w_mask_tfm" in "/work/fmriprep_25_0_wf/sub_GEO013_wf/bold_ses_t2_task_image_run_5_wf/bold_confounds_wf/t1w_mask_tfm".
250528-00:50:43,171 nipype.workflow INFO:
	 [Node] Executing "t1w_mask_tfm" <niworkflows.interfaces.fixes.FixHeaderApplyTransforms>
250528-00:50:43,824 nipype.workflow INFO:
	 [Node] Finished "t1w_boldref", elapsed time 1.7697850000000002s.
250528-00:50:44,906 nipype.workflow INFO:
	 [Node] Setting-up "_acc_msk_tfm0" in "/work/fmriprep_25_0_wf/sub_GEO013_wf/bold_ses_t2_task_image_run_5_wf/bold_confounds_wf/acc_msk_tfm/mapflow/_acc_msk_tfm0".
250528-00:50:44,906 nipype.workflow INFO:
	 [Node] Setting-up "_acc_msk_tfm1" in "/work/fmriprep_25_0_wf/sub_GEO013_wf/bold_ses_t2_task_image_run_5_wf/bold_confounds_wf/acc_msk_tfm/mapflow/_acc_msk_tfm1".
250528-00:50:44,906 nipype.workflow INFO:
	 [Node] Setting-up "_acc_msk_tfm2" in "/work/fmriprep_25_0_wf/sub_GEO013_wf/bold_ses_t2_task_image_run_5_wf/bold_confounds_wf/acc_msk_tfm/mapflow/_acc_msk_tfm2".
250528-00:50:45,78 nipype.workflow INFO:
	 [Node] Executing "_acc_msk_tfm1" <niworkflows.interfaces.fixes.FixHeaderApplyTransforms>
250528-00:50:45,98 nipype.workflow INFO:
	 [Node] Executing "_acc_msk_tfm2" <niworkflows.interfaces.fixes.FixHeaderApplyTransforms>
250528-00:50:45,99 nipype.workflow INFO:
	 [Node] Executing "_acc_msk_tfm0" <niworkflows.interfaces.fixes.FixHeaderApplyTransforms>
250528-00:50:45,502 nipype.workflow INFO:
	 [Node] Finished "t1w_mask_tfm", elapsed time 2.326134s.
250528-00:50:45,878 nipype.workflow INFO:
	 [Node] Setting-up "fmriprep_25_0_wf.sub_GEO013_wf.bold_ses_t2_task_image_run_5_wf.bold_fit_wf.func_fit_reports_wf.boldref_wm" in "/work/fmriprep_25_0_wf/sub_GEO013_wf/bold_ses_t2_task_image_run_5_wf/bold_fit_wf/func_fit_reports_wf/boldref_wm".
250528-00:50:46,55 nipype.workflow INFO:
	 [Node] Finished "_acc_msk_tfm0", elapsed time 0.954534s.
250528-00:50:46,94 nipype.workflow INFO:
	 [Node] Finished "_acc_msk_tfm1", elapsed time 1.014858s.
250528-00:50:46,116 nipype.workflow INFO:
	 [Node] Finished "_acc_msk_tfm2", elapsed time 1.016502s.
250528-00:50:46,183 nipype.workflow INFO:
	 [Node] Executing "boldref_wm" <niworkflows.interfaces.fixes.FixHeaderApplyTransforms>
250528-00:50:46,668 nipype.workflow INFO:
	 [Node] Finished "boldref_wm", elapsed time 0.483687s.
250528-00:50:47,875 nipype.workflow INFO:
	 [Node] Setting-up "fmriprep_25_0_wf.sub_GEO013_wf.bold_ses_t2_task_image_run_5_wf.bold_confounds_wf.union_mask" in "/work/fmriprep_25_0_wf/sub_GEO013_wf/bold_ses_t2_task_image_run_5_wf/bold_confounds_wf/union_mask".
250528-00:50:47,991 nipype.workflow INFO:
	 [Node] Setting-up "_acc_msk_tfm0" in "/work/fmriprep_25_0_wf/sub_GEO013_wf/bold_ses_t2_task_image_run_5_wf/bold_confounds_wf/acc_msk_tfm/mapflow/_acc_msk_tfm0".
250528-00:50:48,5 nipype.workflow INFO:
	 [Node] Cached "_acc_msk_tfm0" - collecting precomputed outputs
250528-00:50:48,5 nipype.workflow INFO:
	 [Node] "_acc_msk_tfm0" found cached.
250528-00:50:48,6 nipype.workflow INFO:
	 [Node] Setting-up "_acc_msk_tfm1" in "/work/fmriprep_25_0_wf/sub_GEO013_wf/bold_ses_t2_task_image_run_5_wf/bold_confounds_wf/acc_msk_tfm/mapflow/_acc_msk_tfm1".
250528-00:50:48,16 nipype.workflow INFO:
	 [Node] Cached "_acc_msk_tfm1" - collecting precomputed outputs
250528-00:50:48,16 nipype.workflow INFO:
	 [Node] "_acc_msk_tfm1" found cached.
250528-00:50:48,17 nipype.workflow INFO:
	 [Node] Setting-up "_acc_msk_tfm2" in "/work/fmriprep_25_0_wf/sub_GEO013_wf/bold_ses_t2_task_image_run_5_wf/bold_confounds_wf/acc_msk_tfm/mapflow/_acc_msk_tfm2".
250528-00:50:48,42 nipype.workflow INFO:
	 [Node] Cached "_acc_msk_tfm2" - collecting precomputed outputs
250528-00:50:48,42 nipype.workflow INFO:
	 [Node] "_acc_msk_tfm2" found cached.
250528-00:50:48,80 nipype.workflow INFO:
	 [Node] Executing "union_mask" <nipype.interfaces.utility.wrappers.Function>
250528-00:50:48,150 nipype.workflow INFO:
	 [Node] Setting-up "fmriprep_25_0_wf.sub_GEO013_wf.bold_ses_t2_task_image_run_5_wf.bold_fit_wf.func_fit_reports_wf.epi_t1_report" in "/work/fmriprep_25_0_wf/sub_GEO013_wf/bold_ses_t2_task_image_run_5_wf/bold_fit_wf/func_fit_reports_wf/epi_t1_report".
250528-00:50:48,178 nipype.workflow INFO:
	 [Node] Finished "union_mask", elapsed time 0.093565s.
250528-00:50:48,401 nipype.workflow INFO:
	 [Node] Executing "epi_t1_report" <nireports.interfaces.reporting.base.SimpleBeforeAfterRPT>
250528-00:50:48,402 nipype.interface INFO:
	 Report - setting before (/out/sub-GEO013/ses-t2/func/sub-GEO013_ses-t2_task-image_run-5_desc-coreg_boldref.nii.gz) and after (/work/fmriprep_25_0_wf/sub_GEO013_wf/bold_ses_t2_task_image_run_5_wf/bold_fit_wf/func_fit_reports_wf/t1w_boldref/sub-GEO013_desc-preproc_T1w_trans.nii.gz) images
250528-00:50:48,402 nipype.interface INFO:
	 Generating visual report
250528-00:50:49,948 nipype.workflow INFO:
	 [Node] Setting-up "fmriprep_25_0_wf.sub_GEO013_wf.bold_ses_t2_task_image_run_5_wf.bold_confounds_wf.dilated_mask" in "/work/fmriprep_25_0_wf/sub_GEO013_wf/bold_ses_t2_task_image_run_5_wf/bold_confounds_wf/dilated_mask".
250528-00:50:50,89 nipype.workflow INFO:
	 [Node] Executing "dilated_mask" <niworkflows.interfaces.morphology.BinaryDilation>
250528-00:50:50,159 nipype.workflow INFO:
	 [Node] Finished "dilated_mask", elapsed time 0.069008s.
250528-00:50:51,860 nipype.workflow INFO:
	 [Node] Setting-up "fmriprep_25_0_wf.sub_GEO013_wf.bold_ses_t2_task_image_run_5_wf.bold_confounds_wf.subtract_mask" in "/work/fmriprep_25_0_wf/sub_GEO013_wf/bold_ses_t2_task_image_run_5_wf/bold_confounds_wf/subtract_mask".
250528-00:50:51,861 nipype.workflow INFO:
	 [Node] Setting-up "_acc_msk_brain0" in "/work/fmriprep_25_0_wf/sub_GEO013_wf/bold_ses_t2_task_image_run_5_wf/bold_confounds_wf/acc_msk_brain/mapflow/_acc_msk_brain0".
250528-00:50:51,862 nipype.workflow INFO:
	 [Node] Setting-up "_acc_msk_brain1" in "/work/fmriprep_25_0_wf/sub_GEO013_wf/bold_ses_t2_task_image_run_5_wf/bold_confounds_wf/acc_msk_brain/mapflow/_acc_msk_brain1".
250528-00:50:51,862 nipype.workflow INFO:
	 [Node] Setting-up "_acc_msk_brain2" in "/work/fmriprep_25_0_wf/sub_GEO013_wf/bold_ses_t2_task_image_run_5_wf/bold_confounds_wf/acc_msk_brain/mapflow/_acc_msk_brain2".
250528-00:50:52,135 nipype.workflow INFO:
	 [Node] Executing "subtract_mask" <niworkflows.interfaces.morphology.BinarySubtraction>
250528-00:50:52,170 nipype.workflow INFO:
	 [Node] Executing "_acc_msk_brain0" <niworkflows.interfaces.nibabel.ApplyMask>
250528-00:50:52,178 nipype.workflow INFO:
	 [Node] Finished "subtract_mask", elapsed time 0.041772s.
250528-00:50:52,179 nipype.workflow INFO:
	 [Node] Executing "_acc_msk_brain1" <niworkflows.interfaces.nibabel.ApplyMask>
250528-00:50:52,192 nipype.workflow INFO:
	 [Node] Executing "_acc_msk_brain2" <niworkflows.interfaces.nibabel.ApplyMask>
250528-00:50:52,262 nipype.workflow INFO:
	 [Node] Finished "_acc_msk_brain1", elapsed time 0.080963s.
250528-00:50:52,271 nipype.workflow INFO:
	 [Node] Finished "_acc_msk_brain2", elapsed time 0.077136s.
250528-00:50:52,273 nipype.workflow INFO:
	 [Node] Finished "_acc_msk_brain0", elapsed time 0.101912s.
250528-00:50:54,19 nipype.workflow INFO:
	 [Node] Setting-up "_acc_msk_brain0" in "/work/fmriprep_25_0_wf/sub_GEO013_wf/bold_ses_t2_task_image_run_5_wf/bold_confounds_wf/acc_msk_brain/mapflow/_acc_msk_brain0".
250528-00:50:54,24 nipype.workflow INFO:
	 [Node] Cached "_acc_msk_brain0" - collecting precomputed outputs
250528-00:50:54,24 nipype.workflow INFO:
	 [Node] "_acc_msk_brain0" found cached.
250528-00:50:54,24 nipype.workflow INFO:
	 [Node] Setting-up "_acc_msk_brain1" in "/work/fmriprep_25_0_wf/sub_GEO013_wf/bold_ses_t2_task_image_run_5_wf/bold_confounds_wf/acc_msk_brain/mapflow/_acc_msk_brain1".
250528-00:50:54,29 nipype.workflow INFO:
	 [Node] Cached "_acc_msk_brain1" - collecting precomputed outputs
250528-00:50:54,29 nipype.workflow INFO:
	 [Node] "_acc_msk_brain1" found cached.
250528-00:50:54,29 nipype.workflow INFO:
	 [Node] Setting-up "_acc_msk_brain2" in "/work/fmriprep_25_0_wf/sub_GEO013_wf/bold_ses_t2_task_image_run_5_wf/bold_confounds_wf/acc_msk_brain/mapflow/_acc_msk_brain2".
250528-00:50:54,33 nipype.workflow INFO:
	 [Node] Cached "_acc_msk_brain2" - collecting precomputed outputs
250528-00:50:54,33 nipype.workflow INFO:
	 [Node] "_acc_msk_brain2" found cached.
250528-00:50:57,847 nipype.workflow INFO:
	 [Node] Setting-up "_acc_msk_bin0" in "/work/fmriprep_25_0_wf/sub_GEO013_wf/bold_ses_t2_task_image_run_5_wf/bold_confounds_wf/acc_msk_bin/mapflow/_acc_msk_bin0".
250528-00:50:57,848 nipype.workflow INFO:
	 [Node] Setting-up "_acc_msk_bin1" in "/work/fmriprep_25_0_wf/sub_GEO013_wf/bold_ses_t2_task_image_run_5_wf/bold_confounds_wf/acc_msk_bin/mapflow/_acc_msk_bin1".
250528-00:50:57,849 nipype.workflow INFO:
	 [Node] Setting-up "_acc_msk_bin2" in "/work/fmriprep_25_0_wf/sub_GEO013_wf/bold_ses_t2_task_image_run_5_wf/bold_confounds_wf/acc_msk_bin/mapflow/_acc_msk_bin2".
250528-00:50:58,23 nipype.workflow INFO:
	 [Node] Finished "bbregister", elapsed time 27.910189s.
250528-00:50:58,261 nipype.workflow INFO:
	 [Node] Executing "_acc_msk_bin1" <niworkflows.interfaces.nibabel.Binarize>
250528-00:50:58,299 nipype.workflow INFO:
	 [Node] Executing "_acc_msk_bin2" <niworkflows.interfaces.nibabel.Binarize>
250528-00:50:58,301 nipype.workflow INFO:
	 [Node] Executing "_acc_msk_bin0" <niworkflows.interfaces.nibabel.Binarize>
250528-00:50:58,371 nipype.workflow INFO:
	 [Node] Finished "_acc_msk_bin1", elapsed time 0.109589s.
250528-00:50:58,416 nipype.workflow INFO:
	 [Node] Finished "_acc_msk_bin2", elapsed time 0.115006s.
250528-00:50:58,418 nipype.workflow INFO:
	 [Node] Finished "_acc_msk_bin0", elapsed time 0.116032s.
250528-00:50:59,888 nipype.workflow INFO:
	 [Node] Setting-up "fmriprep_25_0_wf.sub_GEO013_wf.bold_ses_t3_task_image_run_2_wf.bold_fit_wf.bold_reg_wf.bbreg_wf.bbregister" in "/work/fmriprep_25_0_wf/sub_GEO013_wf/bold_ses_t3_task_image_run_2_wf/bold_fit_wf/bold_reg_wf/bbreg_wf/bbregister".
250528-00:51:00,269 nipype.workflow INFO:
	 [Node] Executing "bbregister" <nipype.interfaces.freesurfer.preprocess.BBRegister>
250528-00:51:01,542 nipype.workflow INFO:
	 [Node] Setting-up "_acc_msk_bin0" in "/work/fmriprep_25_0_wf/sub_GEO013_wf/bold_ses_t2_task_image_run_5_wf/bold_confounds_wf/acc_msk_bin/mapflow/_acc_msk_bin0".
250528-00:51:01,546 nipype.workflow INFO:
	 [Node] Cached "_acc_msk_bin0" - collecting precomputed outputs
250528-00:51:01,546 nipype.workflow INFO:
	 [Node] "_acc_msk_bin0" found cached.
250528-00:51:01,547 nipype.workflow INFO:
	 [Node] Setting-up "_acc_msk_bin1" in "/work/fmriprep_25_0_wf/sub_GEO013_wf/bold_ses_t2_task_image_run_5_wf/bold_confounds_wf/acc_msk_bin/mapflow/_acc_msk_bin1".
250528-00:51:01,552 nipype.workflow INFO:
	 [Node] Cached "_acc_msk_bin1" - collecting precomputed outputs
250528-00:51:01,552 nipype.workflow INFO:
	 [Node] "_acc_msk_bin1" found cached.
250528-00:51:01,553 nipype.workflow INFO:
	 [Node] Setting-up "_acc_msk_bin2" in "/work/fmriprep_25_0_wf/sub_GEO013_wf/bold_ses_t2_task_image_run_5_wf/bold_confounds_wf/acc_msk_bin/mapflow/_acc_msk_bin2".
250528-00:51:01,560 nipype.workflow INFO:
	 [Node] Cached "_acc_msk_bin2" - collecting precomputed outputs
250528-00:51:01,560 nipype.workflow INFO:
	 [Node] "_acc_msk_bin2" found cached.
250528-00:51:01,868 nipype.workflow INFO:
	 [Node] Setting-up "fmriprep_25_0_wf.sub_GEO013_wf.bold_ses_t3_task_image_run_1_wf.bold_fit_wf.bold_reg_wf.bbreg_wf.compare_transforms" in "/work/fmriprep_25_0_wf/sub_GEO013_wf/bold_ses_t3_task_image_run_1_wf/bold_fit_wf/bold_reg_wf/bbreg_wf/compare_transforms".
250528-00:51:02,295 nipype.workflow INFO:
	 [Node] Executing "compare_transforms" <nipype.interfaces.utility.wrappers.Function>
250528-00:51:02,324 nipype.workflow INFO:
	 [Node] Finished "compare_transforms", elapsed time 0.02281s.
250528-00:51:05,144 nipype.workflow INFO:
	 [Node] Finished "epi_t1_report", elapsed time 16.741801s.
250528-00:51:13,258 nipype.workflow INFO:
	 [Node] Setting-up "fmriprep_25_0_wf.sub_GEO013_wf.bold_ses_t2_task_image_run_5_wf.bold_fit_wf.func_fit_reports_wf.ds_epi_t1_report" in "/work/fmriprep_25_0_wf/sub_GEO013_wf/bold_ses_t2_task_image_run_5_wf/bold_fit_wf/func_fit_reports_wf/ds_epi_t1_report".
250528-00:51:13,526 nipype.workflow INFO:
	 [Node] Setting-up "fmriprep_25_0_wf.sub_GEO013_wf.bold_ses_t3_task_image_run_1_wf.bold_fit_wf.bold_reg_wf.bbreg_wf.concat_xfm" in "/work/fmriprep_25_0_wf/sub_GEO013_wf/bold_ses_t3_task_image_run_1_wf/bold_fit_wf/bold_reg_wf/bbreg_wf/concat_xfm".
250528-00:51:13,795 nipype.workflow INFO:
	 [Node] Executing "ds_epi_t1_report" <fmriprep.interfaces.DerivativesDataSink>
250528-00:51:14,0 nipype.workflow INFO:
	 [Node] Executing "concat_xfm" <niworkflows.interfaces.nitransforms.ConcatenateXFMs>
250528-00:51:14,19 nipype.workflow INFO:
	 [Node] Finished "ds_epi_t1_report", elapsed time 0.223081s.
250528-00:51:14,71 nipype.workflow INFO:
	 [Node] Finished "concat_xfm", elapsed time 0.069708s.
250528-00:51:17,653 nipype.workflow INFO:
	 [Node] Setting-up "fmriprep_25_0_wf.sub_GEO013_wf.bold_ses_t3_task_image_run_1_wf.bold_fit_wf.func_fit_reports_wf.t1w_boldref" in "/work/fmriprep_25_0_wf/sub_GEO013_wf/bold_ses_t3_task_image_run_1_wf/bold_fit_wf/func_fit_reports_wf/t1w_boldref".
250528-00:51:17,894 nipype.workflow INFO:
	 [Node] Executing "t1w_boldref" <niworkflows.interfaces.fixes.FixHeaderApplyTransforms>
250528-00:51:18,324 nipype.workflow INFO:
	 [Node] Setting-up "fmriprep_25_0_wf.sub_GEO013_wf.bold_ses_t3_task_image_run_1_wf.bold_confounds_wf.t1w_mask_tfm" in "/work/fmriprep_25_0_wf/sub_GEO013_wf/bold_ses_t3_task_image_run_1_wf/bold_confounds_wf/t1w_mask_tfm".
250528-00:51:18,595 nipype.workflow INFO:
	 [Node] Executing "t1w_mask_tfm" <niworkflows.interfaces.fixes.FixHeaderApplyTransforms>
250528-00:51:19,825 nipype.workflow INFO:
	 [Node] Finished "t1w_boldref", elapsed time 1.929503s.
250528-00:51:20,336 nipype.workflow INFO:
	 [Node] Setting-up "_acc_msk_tfm0" in "/work/fmriprep_25_0_wf/sub_GEO013_wf/bold_ses_t3_task_image_run_1_wf/bold_confounds_wf/acc_msk_tfm/mapflow/_acc_msk_tfm0".
250528-00:51:20,337 nipype.workflow INFO:
	 [Node] Setting-up "_acc_msk_tfm1" in "/work/fmriprep_25_0_wf/sub_GEO013_wf/bold_ses_t3_task_image_run_1_wf/bold_confounds_wf/acc_msk_tfm/mapflow/_acc_msk_tfm1".
250528-00:51:20,339 nipype.workflow INFO:
	 [Node] Setting-up "_acc_msk_tfm2" in "/work/fmriprep_25_0_wf/sub_GEO013_wf/bold_ses_t3_task_image_run_1_wf/bold_confounds_wf/acc_msk_tfm/mapflow/_acc_msk_tfm2".
250528-00:51:20,629 nipype.workflow INFO:
	 [Node] Executing "_acc_msk_tfm2" <niworkflows.interfaces.fixes.FixHeaderApplyTransforms>
250528-00:51:20,634 nipype.workflow INFO:
	 [Node] Executing "_acc_msk_tfm1" <niworkflows.interfaces.fixes.FixHeaderApplyTransforms>
250528-00:51:20,647 nipype.workflow INFO:
	 [Node] Executing "_acc_msk_tfm0" <niworkflows.interfaces.fixes.FixHeaderApplyTransforms>
250528-00:51:20,960 nipype.workflow INFO:
	 [Node] Finished "t1w_mask_tfm", elapsed time 2.364074s.
250528-00:51:21,651 nipype.workflow INFO:
	 [Node] Setting-up "fmriprep_25_0_wf.sub_GEO013_wf.bold_ses_t3_task_image_run_1_wf.bold_fit_wf.func_fit_reports_wf.boldref_wm" in "/work/fmriprep_25_0_wf/sub_GEO013_wf/bold_ses_t3_task_image_run_1_wf/bold_fit_wf/func_fit_reports_wf/boldref_wm".
250528-00:51:21,652 nipype.workflow INFO:
	 [Node] Setting-up "fmriprep_25_0_wf.sub_GEO013_wf.bold_ses_t3_task_image_run_1_wf.bold_confounds_wf.union_mask" in "/work/fmriprep_25_0_wf/sub_GEO013_wf/bold_ses_t3_task_image_run_1_wf/bold_confounds_wf/union_mask".
250528-00:51:21,704 nipype.workflow INFO:
	 [Node] Finished "_acc_msk_tfm1", elapsed time 1.068263s.
250528-00:51:21,760 nipype.workflow INFO:
	 [Node] Finished "_acc_msk_tfm2", elapsed time 1.129855s.
250528-00:51:21,840 nipype.workflow INFO:
	 [Node] Finished "_acc_msk_tfm0", elapsed time 1.191717s.
250528-00:51:21,882 nipype.workflow INFO:
	 [Node] Executing "union_mask" <nipype.interfaces.utility.wrappers.Function>
250528-00:51:21,911 nipype.workflow INFO:
	 [Node] Executing "boldref_wm" <niworkflows.interfaces.fixes.FixHeaderApplyTransforms>
250528-00:51:21,933 nipype.workflow INFO:
	 [Node] Finished "union_mask", elapsed time 0.050062s.
250528-00:51:22,445 nipype.workflow INFO:
	 [Node] Finished "boldref_wm", elapsed time 0.532648s.
250528-00:51:23,637 nipype.workflow INFO:
	 [Node] Setting-up "fmriprep_25_0_wf.sub_GEO013_wf.bold_ses_t3_task_image_run_1_wf.bold_fit_wf.func_fit_reports_wf.epi_t1_report" in "/work/fmriprep_25_0_wf/sub_GEO013_wf/bold_ses_t3_task_image_run_1_wf/bold_fit_wf/func_fit_reports_wf/epi_t1_report".
250528-00:51:23,639 nipype.workflow INFO:
	 [Node] Setting-up "fmriprep_25_0_wf.sub_GEO013_wf.bold_ses_t3_task_image_run_1_wf.bold_confounds_wf.dilated_mask" in "/work/fmriprep_25_0_wf/sub_GEO013_wf/bold_ses_t3_task_image_run_1_wf/bold_confounds_wf/dilated_mask".
250528-00:51:23,828 nipype.workflow INFO:
	 [Node] Setting-up "_acc_msk_tfm0" in "/work/fmriprep_25_0_wf/sub_GEO013_wf/bold_ses_t3_task_image_run_1_wf/bold_confounds_wf/acc_msk_tfm/mapflow/_acc_msk_tfm0".
250528-00:51:23,833 nipype.workflow INFO:
	 [Node] Cached "_acc_msk_tfm0" - collecting precomputed outputs
250528-00:51:23,833 nipype.workflow INFO:
	 [Node] "_acc_msk_tfm0" found cached.
250528-00:51:23,834 nipype.workflow INFO:
	 [Node] Setting-up "_acc_msk_tfm1" in "/work/fmriprep_25_0_wf/sub_GEO013_wf/bold_ses_t3_task_image_run_1_wf/bold_confounds_wf/acc_msk_tfm/mapflow/_acc_msk_tfm1".
250528-00:51:23,838 nipype.workflow INFO:
	 [Node] Cached "_acc_msk_tfm1" - collecting precomputed outputs
250528-00:51:23,838 nipype.workflow INFO:
	 [Node] "_acc_msk_tfm1" found cached.
250528-00:51:23,838 nipype.workflow INFO:
	 [Node] Setting-up "_acc_msk_tfm2" in "/work/fmriprep_25_0_wf/sub_GEO013_wf/bold_ses_t3_task_image_run_1_wf/bold_confounds_wf/acc_msk_tfm/mapflow/_acc_msk_tfm2".
250528-00:51:23,843 nipype.workflow INFO:
	 [Node] Cached "_acc_msk_tfm2" - collecting precomputed outputs
250528-00:51:23,843 nipype.workflow INFO:
	 [Node] "_acc_msk_tfm2" found cached.
250528-00:51:23,857 nipype.workflow INFO:
	 [Node] Executing "epi_t1_report" <nireports.interfaces.reporting.base.SimpleBeforeAfterRPT>
250528-00:51:23,858 nipype.interface INFO:
	 Report - setting before (/out/sub-GEO013/ses-t3/func/sub-GEO013_ses-t3_task-image_run-1_desc-coreg_boldref.nii.gz) and after (/work/fmriprep_25_0_wf/sub_GEO013_wf/bold_ses_t3_task_image_run_1_wf/bold_fit_wf/func_fit_reports_wf/t1w_boldref/sub-GEO013_desc-preproc_T1w_trans.nii.gz) images
250528-00:51:23,859 nipype.interface INFO:
	 Generating visual report
250528-00:51:23,942 nipype.workflow INFO:
	 [Node] Executing "dilated_mask" <niworkflows.interfaces.morphology.BinaryDilation>
250528-00:51:23,993 nipype.workflow INFO:
	 [Node] Finished "dilated_mask", elapsed time 0.049852s.
250528-00:51:25,699 nipype.workflow INFO:
	 [Node] Setting-up "fmriprep_25_0_wf.sub_GEO013_wf.bold_ses_t3_task_image_run_1_wf.bold_confounds_wf.subtract_mask" in "/work/fmriprep_25_0_wf/sub_GEO013_wf/bold_ses_t3_task_image_run_1_wf/bold_confounds_wf/subtract_mask".
250528-00:51:25,904 nipype.workflow INFO:
	 [Node] Executing "subtract_mask" <niworkflows.interfaces.morphology.BinarySubtraction>
250528-00:51:25,951 nipype.workflow INFO:
	 [Node] Finished "subtract_mask", elapsed time 0.045909s.
250528-00:51:27,644 nipype.workflow INFO:
	 [Node] Setting-up "_acc_msk_brain0" in "/work/fmriprep_25_0_wf/sub_GEO013_wf/bold_ses_t3_task_image_run_1_wf/bold_confounds_wf/acc_msk_brain/mapflow/_acc_msk_brain0".
250528-00:51:27,645 nipype.workflow INFO:
	 [Node] Setting-up "_acc_msk_brain1" in "/work/fmriprep_25_0_wf/sub_GEO013_wf/bold_ses_t3_task_image_run_1_wf/bold_confounds_wf/acc_msk_brain/mapflow/_acc_msk_brain1".
250528-00:51:27,646 nipype.workflow INFO:
	 [Node] Setting-up "_acc_msk_brain2" in "/work/fmriprep_25_0_wf/sub_GEO013_wf/bold_ses_t3_task_image_run_1_wf/bold_confounds_wf/acc_msk_brain/mapflow/_acc_msk_brain2".
250528-00:51:27,847 nipype.workflow INFO:
	 [Node] Executing "_acc_msk_brain0" <niworkflows.interfaces.nibabel.ApplyMask>
250528-00:51:27,867 nipype.workflow INFO:
	 [Node] Executing "_acc_msk_brain1" <niworkflows.interfaces.nibabel.ApplyMask>
250528-00:51:27,929 nipype.workflow INFO:
	 [Node] Executing "_acc_msk_brain2" <niworkflows.interfaces.nibabel.ApplyMask>
250528-00:51:27,946 nipype.workflow INFO:
	 [Node] Finished "_acc_msk_brain1", elapsed time 0.077978s.
250528-00:51:27,957 nipype.workflow INFO:
	 [Node] Finished "_acc_msk_brain0", elapsed time 0.108945s.
250528-00:51:28,39 nipype.workflow INFO:
	 [Node] Finished "_acc_msk_brain2", elapsed time 0.109014s.
250528-00:51:29,756 nipype.workflow INFO:
	 [Node] Setting-up "_acc_msk_brain0" in "/work/fmriprep_25_0_wf/sub_GEO013_wf/bold_ses_t3_task_image_run_1_wf/bold_confounds_wf/acc_msk_brain/mapflow/_acc_msk_brain0".
250528-00:51:29,760 nipype.workflow INFO:
	 [Node] Cached "_acc_msk_brain0" - collecting precomputed outputs
250528-00:51:29,760 nipype.workflow INFO:
	 [Node] "_acc_msk_brain0" found cached.
250528-00:51:29,760 nipype.workflow INFO:
	 [Node] Setting-up "_acc_msk_brain1" in "/work/fmriprep_25_0_wf/sub_GEO013_wf/bold_ses_t3_task_image_run_1_wf/bold_confounds_wf/acc_msk_brain/mapflow/_acc_msk_brain1".
250528-00:51:29,764 nipype.workflow INFO:
	 [Node] Cached "_acc_msk_brain1" - collecting precomputed outputs
250528-00:51:29,764 nipype.workflow INFO:
	 [Node] "_acc_msk_brain1" found cached.
250528-00:51:29,764 nipype.workflow INFO:
	 [Node] Setting-up "_acc_msk_brain2" in "/work/fmriprep_25_0_wf/sub_GEO013_wf/bold_ses_t3_task_image_run_1_wf/bold_confounds_wf/acc_msk_brain/mapflow/_acc_msk_brain2".
250528-00:51:29,769 nipype.workflow INFO:
	 [Node] Cached "_acc_msk_brain2" - collecting precomputed outputs
250528-00:51:29,769 nipype.workflow INFO:
	 [Node] "_acc_msk_brain2" found cached.
250528-00:51:31,679 nipype.workflow INFO:
	 [Node] Finished "bbregister", elapsed time 31.408389s.
250528-00:51:33,654 nipype.workflow INFO:
	 [Node] Setting-up "fmriprep_25_0_wf.sub_GEO013_wf.bold_ses_t3_task_image_run_3_wf.bold_fit_wf.bold_reg_wf.bbreg_wf.bbregister" in "/work/fmriprep_25_0_wf/sub_GEO013_wf/bold_ses_t3_task_image_run_3_wf/bold_fit_wf/bold_reg_wf/bbreg_wf/bbregister".
250528-00:51:34,240 nipype.workflow INFO:
	 [Node] Executing "bbregister" <nipype.interfaces.freesurfer.preprocess.BBRegister>
250528-00:51:34,520 nipype.workflow INFO:
	 [Node] Setting-up "_acc_msk_bin0" in "/work/fmriprep_25_0_wf/sub_GEO013_wf/bold_ses_t3_task_image_run_1_wf/bold_confounds_wf/acc_msk_bin/mapflow/_acc_msk_bin0".
250528-00:51:34,521 nipype.workflow INFO:
	 [Node] Setting-up "_acc_msk_bin1" in "/work/fmriprep_25_0_wf/sub_GEO013_wf/bold_ses_t3_task_image_run_1_wf/bold_confounds_wf/acc_msk_bin/mapflow/_acc_msk_bin1".
250528-00:51:34,522 nipype.workflow INFO:
	 [Node] Setting-up "_acc_msk_bin2" in "/work/fmriprep_25_0_wf/sub_GEO013_wf/bold_ses_t3_task_image_run_1_wf/bold_confounds_wf/acc_msk_bin/mapflow/_acc_msk_bin2".
250528-00:51:34,806 nipype.workflow INFO:
	 [Node] Executing "_acc_msk_bin2" <niworkflows.interfaces.nibabel.Binarize>
250528-00:51:34,824 nipype.workflow INFO:
	 [Node] Executing "_acc_msk_bin1" <niworkflows.interfaces.nibabel.Binarize>
250528-00:51:34,847 nipype.workflow INFO:
	 [Node] Executing "_acc_msk_bin0" <niworkflows.interfaces.nibabel.Binarize>
250528-00:51:34,915 nipype.workflow INFO:
	 [Node] Finished "_acc_msk_bin2", elapsed time 0.108133s.
250528-00:51:34,935 nipype.workflow INFO:
	 [Node] Finished "_acc_msk_bin1", elapsed time 0.110309s.
250528-00:51:34,983 nipype.workflow INFO:
	 [Node] Finished "_acc_msk_bin0", elapsed time 0.134697s.
250528-00:51:35,668 nipype.workflow INFO:
	 [Node] Setting-up "fmriprep_25_0_wf.sub_GEO013_wf.bold_ses_t3_task_image_run_2_wf.bold_fit_wf.bold_reg_wf.bbreg_wf.compare_transforms" in "/work/fmriprep_25_0_wf/sub_GEO013_wf/bold_ses_t3_task_image_run_2_wf/bold_fit_wf/bold_reg_wf/bbreg_wf/compare_transforms".
250528-00:51:35,995 nipype.workflow INFO:
	 [Node] Executing "compare_transforms" <nipype.interfaces.utility.wrappers.Function>
250528-00:51:36,10 nipype.workflow INFO:
	 [Node] Finished "compare_transforms", elapsed time 0.013588s.
250528-00:51:36,69 nipype.workflow INFO:
	 [Node] Setting-up "_acc_msk_bin0" in "/work/fmriprep_25_0_wf/sub_GEO013_wf/bold_ses_t3_task_image_run_1_wf/bold_confounds_wf/acc_msk_bin/mapflow/_acc_msk_bin0".
250528-00:51:36,77 nipype.workflow INFO:
	 [Node] Cached "_acc_msk_bin0" - collecting precomputed outputs
250528-00:51:36,77 nipype.workflow INFO:
	 [Node] "_acc_msk_bin0" found cached.
250528-00:51:36,77 nipype.workflow INFO:
	 [Node] Setting-up "_acc_msk_bin1" in "/work/fmriprep_25_0_wf/sub_GEO013_wf/bold_ses_t3_task_image_run_1_wf/bold_confounds_wf/acc_msk_bin/mapflow/_acc_msk_bin1".
250528-00:51:36,83 nipype.workflow INFO:
	 [Node] Cached "_acc_msk_bin1" - collecting precomputed outputs
250528-00:51:36,83 nipype.workflow INFO:
	 [Node] "_acc_msk_bin1" found cached.
250528-00:51:36,84 nipype.workflow INFO:
	 [Node] Setting-up "_acc_msk_bin2" in "/work/fmriprep_25_0_wf/sub_GEO013_wf/bold_ses_t3_task_image_run_1_wf/bold_confounds_wf/acc_msk_bin/mapflow/_acc_msk_bin2".
250528-00:51:36,88 nipype.workflow INFO:
	 [Node] Cached "_acc_msk_bin2" - collecting precomputed outputs
250528-00:51:36,88 nipype.workflow INFO:
	 [Node] "_acc_msk_bin2" found cached.
250528-00:51:40,559 nipype.workflow INFO:
	 [Node] Finished "epi_t1_report", elapsed time 16.700418s.
250528-00:51:43,732 nipype.workflow INFO:
	 [Node] Setting-up "fmriprep_25_0_wf.sub_GEO013_wf.bold_ses_t3_task_image_run_1_wf.bold_fit_wf.func_fit_reports_wf.ds_epi_t1_report" in "/work/fmriprep_25_0_wf/sub_GEO013_wf/bold_ses_t3_task_image_run_1_wf/bold_fit_wf/func_fit_reports_wf/ds_epi_t1_report".
250528-00:51:44,30 nipype.workflow INFO:
	 [Node] Executing "ds_epi_t1_report" <fmriprep.interfaces.DerivativesDataSink>
250528-00:51:44,114 nipype.workflow INFO:
	 [Node] Setting-up "fmriprep_25_0_wf.sub_GEO013_wf.bold_ses_t3_task_image_run_2_wf.bold_fit_wf.bold_reg_wf.bbreg_wf.concat_xfm" in "/work/fmriprep_25_0_wf/sub_GEO013_wf/bold_ses_t3_task_image_run_2_wf/bold_fit_wf/bold_reg_wf/bbreg_wf/concat_xfm".
250528-00:51:44,166 nipype.workflow INFO:
	 [Node] Finished "ds_epi_t1_report", elapsed time 0.134758s.
250528-00:51:44,496 nipype.workflow INFO:
	 [Node] Executing "concat_xfm" <niworkflows.interfaces.nitransforms.ConcatenateXFMs>
250528-00:51:44,581 nipype.workflow INFO:
	 [Node] Finished "concat_xfm", elapsed time 0.084041s.
250528-00:51:48,114 nipype.workflow INFO:
	 [Node] Setting-up "fmriprep_25_0_wf.sub_GEO013_wf.bold_ses_t3_task_image_run_2_wf.bold_fit_wf.func_fit_reports_wf.t1w_boldref" in "/work/fmriprep_25_0_wf/sub_GEO013_wf/bold_ses_t3_task_image_run_2_wf/bold_fit_wf/func_fit_reports_wf/t1w_boldref".
250528-00:51:48,470 nipype.workflow INFO:
	 [Node] Executing "t1w_boldref" <niworkflows.interfaces.fixes.FixHeaderApplyTransforms>
250528-00:51:48,918 nipype.workflow INFO:
	 [Node] Setting-up "fmriprep_25_0_wf.sub_GEO013_wf.bold_ses_t3_task_image_run_2_wf.bold_confounds_wf.t1w_mask_tfm" in "/work/fmriprep_25_0_wf/sub_GEO013_wf/bold_ses_t3_task_image_run_2_wf/bold_confounds_wf/t1w_mask_tfm".
250528-00:51:49,318 nipype.workflow INFO:
	 [Node] Executing "t1w_mask_tfm" <niworkflows.interfaces.fixes.FixHeaderApplyTransforms>
250528-00:51:50,195 nipype.workflow INFO:
	 [Node] Finished "t1w_boldref", elapsed time 1.723243s.
250528-00:51:50,847 nipype.workflow INFO:
	 [Node] Setting-up "_acc_msk_tfm0" in "/work/fmriprep_25_0_wf/sub_GEO013_wf/bold_ses_t3_task_image_run_2_wf/bold_confounds_wf/acc_msk_tfm/mapflow/_acc_msk_tfm0".
250528-00:51:50,848 nipype.workflow INFO:
	 [Node] Setting-up "_acc_msk_tfm1" in "/work/fmriprep_25_0_wf/sub_GEO013_wf/bold_ses_t3_task_image_run_2_wf/bold_confounds_wf/acc_msk_tfm/mapflow/_acc_msk_tfm1".
250528-00:51:50,849 nipype.workflow INFO:
	 [Node] Setting-up "_acc_msk_tfm2" in "/work/fmriprep_25_0_wf/sub_GEO013_wf/bold_ses_t3_task_image_run_2_wf/bold_confounds_wf/acc_msk_tfm/mapflow/_acc_msk_tfm2".
250528-00:51:51,119 nipype.workflow INFO:
	 [Node] Executing "_acc_msk_tfm1" <niworkflows.interfaces.fixes.FixHeaderApplyTransforms>
250528-00:51:51,176 nipype.workflow INFO:
	 [Node] Executing "_acc_msk_tfm0" <niworkflows.interfaces.fixes.FixHeaderApplyTransforms>
250528-00:51:51,192 nipype.workflow INFO:
	 [Node] Executing "_acc_msk_tfm2" <niworkflows.interfaces.fixes.FixHeaderApplyTransforms>
250528-00:51:51,578 nipype.workflow INFO:
	 [Node] Finished "t1w_mask_tfm", elapsed time 2.257163s.
250528-00:51:52,30 nipype.workflow INFO:
	 [Node] Setting-up "fmriprep_25_0_wf.sub_GEO013_wf.bold_ses_t3_task_image_run_2_wf.bold_confounds_wf.union_mask" in "/work/fmriprep_25_0_wf/sub_GEO013_wf/bold_ses_t3_task_image_run_2_wf/bold_confounds_wf/union_mask".
250528-00:51:52,30 nipype.workflow INFO:
	 [Node] Setting-up "fmriprep_25_0_wf.sub_GEO013_wf.bold_ses_t3_task_image_run_2_wf.bold_fit_wf.func_fit_reports_wf.boldref_wm" in "/work/fmriprep_25_0_wf/sub_GEO013_wf/bold_ses_t3_task_image_run_2_wf/bold_fit_wf/func_fit_reports_wf/boldref_wm".
250528-00:51:52,109 nipype.workflow INFO:
	 [Node] Finished "_acc_msk_tfm0", elapsed time 0.932535s.
250528-00:51:52,125 nipype.workflow INFO:
	 [Node] Finished "_acc_msk_tfm1", elapsed time 1.005259s.
250528-00:51:52,232 nipype.workflow INFO:
	 [Node] Executing "union_mask" <nipype.interfaces.utility.wrappers.Function>
250528-00:51:52,275 nipype.workflow INFO:
	 [Node] Executing "boldref_wm" <niworkflows.interfaces.fixes.FixHeaderApplyTransforms>
250528-00:51:52,302 nipype.workflow INFO:
	 [Node] Finished "union_mask", elapsed time 0.068767s.
250528-00:51:52,552 nipype.workflow INFO:
	 [Node] Finished "_acc_msk_tfm2", elapsed time 1.358787s.
250528-00:51:52,862 nipype.workflow INFO:
	 [Node] Finished "boldref_wm", elapsed time 0.586109s.
250528-00:51:54,46 nipype.workflow INFO:
	 [Node] Setting-up "fmriprep_25_0_wf.sub_GEO013_wf.bold_ses_t3_task_image_run_2_wf.bold_fit_wf.func_fit_reports_wf.epi_t1_report" in "/work/fmriprep_25_0_wf/sub_GEO013_wf/bold_ses_t3_task_image_run_2_wf/bold_fit_wf/func_fit_reports_wf/epi_t1_report".
250528-00:51:54,47 nipype.workflow INFO:
	 [Node] Setting-up "fmriprep_25_0_wf.sub_GEO013_wf.bold_ses_t3_task_image_run_2_wf.bold_confounds_wf.dilated_mask" in "/work/fmriprep_25_0_wf/sub_GEO013_wf/bold_ses_t3_task_image_run_2_wf/bold_confounds_wf/dilated_mask".
250528-00:51:54,264 nipype.workflow INFO:
	 [Node] Setting-up "_acc_msk_tfm0" in "/work/fmriprep_25_0_wf/sub_GEO013_wf/bold_ses_t3_task_image_run_2_wf/bold_confounds_wf/acc_msk_tfm/mapflow/_acc_msk_tfm0".
250528-00:51:54,269 nipype.workflow INFO:
	 [Node] Cached "_acc_msk_tfm0" - collecting precomputed outputs
250528-00:51:54,269 nipype.workflow INFO:
	 [Node] "_acc_msk_tfm0" found cached.
250528-00:51:54,270 nipype.workflow INFO:
	 [Node] Setting-up "_acc_msk_tfm1" in "/work/fmriprep_25_0_wf/sub_GEO013_wf/bold_ses_t3_task_image_run_2_wf/bold_confounds_wf/acc_msk_tfm/mapflow/_acc_msk_tfm1".
250528-00:51:54,275 nipype.workflow INFO:
	 [Node] Cached "_acc_msk_tfm1" - collecting precomputed outputs
250528-00:51:54,275 nipype.workflow INFO:
	 [Node] "_acc_msk_tfm1" found cached.
250528-00:51:54,275 nipype.workflow INFO:
	 [Node] Setting-up "_acc_msk_tfm2" in "/work/fmriprep_25_0_wf/sub_GEO013_wf/bold_ses_t3_task_image_run_2_wf/bold_confounds_wf/acc_msk_tfm/mapflow/_acc_msk_tfm2".
250528-00:51:54,281 nipype.workflow INFO:
	 [Node] Cached "_acc_msk_tfm2" - collecting precomputed outputs
250528-00:51:54,281 nipype.workflow INFO:
	 [Node] "_acc_msk_tfm2" found cached.
250528-00:51:54,332 nipype.workflow INFO:
	 [Node] Executing "dilated_mask" <niworkflows.interfaces.morphology.BinaryDilation>
250528-00:51:54,494 nipype.workflow INFO:
	 [Node] Executing "epi_t1_report" <nireports.interfaces.reporting.base.SimpleBeforeAfterRPT>
250528-00:51:54,495 nipype.interface INFO:
	 Report - setting before (/out/sub-GEO013/ses-t3/func/sub-GEO013_ses-t3_task-image_run-2_desc-coreg_boldref.nii.gz) and after (/work/fmriprep_25_0_wf/sub_GEO013_wf/bold_ses_t3_task_image_run_2_wf/bold_fit_wf/func_fit_reports_wf/t1w_boldref/sub-GEO013_desc-preproc_T1w_trans.nii.gz) images
250528-00:51:54,495 nipype.interface INFO:
	 Generating visual report
250528-00:51:54,540 nipype.workflow INFO:
	 [Node] Finished "dilated_mask", elapsed time 0.207166s.
250528-00:51:56,191 nipype.workflow INFO:
	 [Node] Setting-up "fmriprep_25_0_wf.sub_GEO013_wf.bold_ses_t3_task_image_run_2_wf.bold_confounds_wf.subtract_mask" in "/work/fmriprep_25_0_wf/sub_GEO013_wf/bold_ses_t3_task_image_run_2_wf/bold_confounds_wf/subtract_mask".
250528-00:51:56,564 nipype.workflow INFO:
	 [Node] Executing "subtract_mask" <niworkflows.interfaces.morphology.BinarySubtraction>
250528-00:51:56,617 nipype.workflow INFO:
	 [Node] Finished "subtract_mask", elapsed time 0.052268s.
250528-00:51:58,13 nipype.workflow INFO:
	 [Node] Setting-up "_acc_msk_brain0" in "/work/fmriprep_25_0_wf/sub_GEO013_wf/bold_ses_t3_task_image_run_2_wf/bold_confounds_wf/acc_msk_brain/mapflow/_acc_msk_brain0".
250528-00:51:58,15 nipype.workflow INFO:
	 [Node] Setting-up "_acc_msk_brain1" in "/work/fmriprep_25_0_wf/sub_GEO013_wf/bold_ses_t3_task_image_run_2_wf/bold_confounds_wf/acc_msk_brain/mapflow/_acc_msk_brain1".
250528-00:51:58,16 nipype.workflow INFO:
	 [Node] Setting-up "_acc_msk_brain2" in "/work/fmriprep_25_0_wf/sub_GEO013_wf/bold_ses_t3_task_image_run_2_wf/bold_confounds_wf/acc_msk_brain/mapflow/_acc_msk_brain2".
250528-00:51:58,421 nipype.workflow INFO:
	 [Node] Executing "_acc_msk_brain2" <niworkflows.interfaces.nibabel.ApplyMask>
250528-00:51:58,479 nipype.workflow INFO:
	 [Node] Executing "_acc_msk_brain0" <niworkflows.interfaces.nibabel.ApplyMask>
250528-00:51:58,498 nipype.workflow INFO:
	 [Node] Executing "_acc_msk_brain1" <niworkflows.interfaces.nibabel.ApplyMask>
250528-00:51:58,526 nipype.workflow INFO:
	 [Node] Finished "_acc_msk_brain2", elapsed time 0.102669s.
250528-00:51:58,572 nipype.workflow INFO:
	 [Node] Finished "_acc_msk_brain1", elapsed time 0.072442s.
250528-00:51:58,581 nipype.workflow INFO:
	 [Node] Finished "_acc_msk_brain0", elapsed time 0.100662s.
250528-00:52:00,158 nipype.workflow INFO:
	 [Node] Setting-up "_acc_msk_brain0" in "/work/fmriprep_25_0_wf/sub_GEO013_wf/bold_ses_t3_task_image_run_2_wf/bold_confounds_wf/acc_msk_brain/mapflow/_acc_msk_brain0".
250528-00:52:00,163 nipype.workflow INFO:
	 [Node] Cached "_acc_msk_brain0" - collecting precomputed outputs
250528-00:52:00,163 nipype.workflow INFO:
	 [Node] "_acc_msk_brain0" found cached.
250528-00:52:00,163 nipype.workflow INFO:
	 [Node] Setting-up "_acc_msk_brain1" in "/work/fmriprep_25_0_wf/sub_GEO013_wf/bold_ses_t3_task_image_run_2_wf/bold_confounds_wf/acc_msk_brain/mapflow/_acc_msk_brain1".
250528-00:52:00,167 nipype.workflow INFO:
	 [Node] Cached "_acc_msk_brain1" - collecting precomputed outputs
250528-00:52:00,168 nipype.workflow INFO:
	 [Node] "_acc_msk_brain1" found cached.
250528-00:52:00,168 nipype.workflow INFO:
	 [Node] Setting-up "_acc_msk_brain2" in "/work/fmriprep_25_0_wf/sub_GEO013_wf/bold_ses_t3_task_image_run_2_wf/bold_confounds_wf/acc_msk_brain/mapflow/_acc_msk_brain2".
250528-00:52:00,172 nipype.workflow INFO:
	 [Node] Cached "_acc_msk_brain2" - collecting precomputed outputs
250528-00:52:00,172 nipype.workflow INFO:
	 [Node] "_acc_msk_brain2" found cached.
250528-00:52:04,137 nipype.workflow INFO:
	 [Node] Setting-up "_acc_msk_bin0" in "/work/fmriprep_25_0_wf/sub_GEO013_wf/bold_ses_t3_task_image_run_2_wf/bold_confounds_wf/acc_msk_bin/mapflow/_acc_msk_bin0".
250528-00:52:04,138 nipype.workflow INFO:
	 [Node] Setting-up "_acc_msk_bin1" in "/work/fmriprep_25_0_wf/sub_GEO013_wf/bold_ses_t3_task_image_run_2_wf/bold_confounds_wf/acc_msk_bin/mapflow/_acc_msk_bin1".
250528-00:52:04,140 nipype.workflow INFO:
	 [Node] Setting-up "_acc_msk_bin2" in "/work/fmriprep_25_0_wf/sub_GEO013_wf/bold_ses_t3_task_image_run_2_wf/bold_confounds_wf/acc_msk_bin/mapflow/_acc_msk_bin2".
250528-00:52:04,443 nipype.workflow INFO:
	 [Node] Executing "_acc_msk_bin2" <niworkflows.interfaces.nibabel.Binarize>
250528-00:52:04,454 nipype.workflow INFO:
	 [Node] Executing "_acc_msk_bin0" <niworkflows.interfaces.nibabel.Binarize>
250528-00:52:04,465 nipype.workflow INFO:
	 [Node] Executing "_acc_msk_bin1" <niworkflows.interfaces.nibabel.Binarize>
250528-00:52:04,540 nipype.workflow INFO:
	 [Node] Finished "_acc_msk_bin2", elapsed time 0.095693s.
250528-00:52:04,584 nipype.workflow INFO:
	 [Node] Finished "_acc_msk_bin1", elapsed time 0.118436s.
250528-00:52:04,600 nipype.workflow INFO:
	 [Node] Finished "_acc_msk_bin0", elapsed time 0.144578s.
250528-00:52:06,259 nipype.workflow INFO:
	 [Node] Setting-up "_acc_msk_bin0" in "/work/fmriprep_25_0_wf/sub_GEO013_wf/bold_ses_t3_task_image_run_2_wf/bold_confounds_wf/acc_msk_bin/mapflow/_acc_msk_bin0".
250528-00:52:06,264 nipype.workflow INFO:
	 [Node] Cached "_acc_msk_bin0" - collecting precomputed outputs
250528-00:52:06,264 nipype.workflow INFO:
	 [Node] "_acc_msk_bin0" found cached.
250528-00:52:06,264 nipype.workflow INFO:
	 [Node] Setting-up "_acc_msk_bin1" in "/work/fmriprep_25_0_wf/sub_GEO013_wf/bold_ses_t3_task_image_run_2_wf/bold_confounds_wf/acc_msk_bin/mapflow/_acc_msk_bin1".
250528-00:52:06,269 nipype.workflow INFO:
	 [Node] Cached "_acc_msk_bin1" - collecting precomputed outputs
250528-00:52:06,269 nipype.workflow INFO:
	 [Node] "_acc_msk_bin1" found cached.
250528-00:52:06,270 nipype.workflow INFO:
	 [Node] Setting-up "_acc_msk_bin2" in "/work/fmriprep_25_0_wf/sub_GEO013_wf/bold_ses_t3_task_image_run_2_wf/bold_confounds_wf/acc_msk_bin/mapflow/_acc_msk_bin2".
250528-00:52:06,275 nipype.workflow INFO:
	 [Node] Cached "_acc_msk_bin2" - collecting precomputed outputs
250528-00:52:06,275 nipype.workflow INFO:
	 [Node] "_acc_msk_bin2" found cached.
250528-00:52:07,967 nipype.workflow INFO:
	 [Node] Finished "bbregister", elapsed time 33.725785s.
250528-00:52:10,282 nipype.workflow INFO:
	 [Node] Setting-up "fmriprep_25_0_wf.sub_GEO013_wf.bold_ses_t3_task_image_run_4_wf.bold_fit_wf.bold_reg_wf.bbreg_wf.bbregister" in "/work/fmriprep_25_0_wf/sub_GEO013_wf/bold_ses_t3_task_image_run_4_wf/bold_fit_wf/bold_reg_wf/bbreg_wf/bbregister".
250528-00:52:10,727 nipype.workflow INFO:
	 [Node] Executing "bbregister" <nipype.interfaces.freesurfer.preprocess.BBRegister>
250528-00:52:12,446 nipype.workflow INFO:
	 [Node] Setting-up "fmriprep_25_0_wf.sub_GEO013_wf.bold_ses_t3_task_image_run_3_wf.bold_fit_wf.bold_reg_wf.bbreg_wf.compare_transforms" in "/work/fmriprep_25_0_wf/sub_GEO013_wf/bold_ses_t3_task_image_run_3_wf/bold_fit_wf/bold_reg_wf/bbreg_wf/compare_transforms".
250528-00:52:12,735 nipype.workflow INFO:
	 [Node] Executing "compare_transforms" <nipype.interfaces.utility.wrappers.Function>
250528-00:52:12,746 nipype.workflow INFO:
	 [Node] Finished "compare_transforms", elapsed time 0.009015s.
250528-00:52:12,766 nipype.workflow INFO:
	 [Node] Finished "epi_t1_report", elapsed time 18.271236s.
250528-00:52:15,799 nipype.workflow INFO:
	 [Node] Setting-up "fmriprep_25_0_wf.sub_GEO013_wf.bold_ses_t3_task_image_run_2_wf.bold_fit_wf.func_fit_reports_wf.ds_epi_t1_report" in "/work/fmriprep_25_0_wf/sub_GEO013_wf/bold_ses_t3_task_image_run_2_wf/bold_fit_wf/func_fit_reports_wf/ds_epi_t1_report".
250528-00:52:15,999 nipype.workflow INFO:
	 [Node] Executing "ds_epi_t1_report" <fmriprep.interfaces.DerivativesDataSink>
250528-00:52:16,75 nipype.workflow INFO:
	 [Node] Finished "ds_epi_t1_report", elapsed time 0.07418s.
250528-00:52:18,297 nipype.workflow INFO:
	 [Node] Setting-up "fmriprep_25_0_wf.sub_GEO013_wf.bold_ses_t3_task_image_run_3_wf.bold_fit_wf.bold_reg_wf.bbreg_wf.concat_xfm" in "/work/fmriprep_25_0_wf/sub_GEO013_wf/bold_ses_t3_task_image_run_3_wf/bold_fit_wf/bold_reg_wf/bbreg_wf/concat_xfm".
250528-00:52:18,644 nipype.workflow INFO:
	 [Node] Executing "concat_xfm" <niworkflows.interfaces.nitransforms.ConcatenateXFMs>
250528-00:52:18,717 nipype.workflow INFO:
	 [Node] Finished "concat_xfm", elapsed time 0.071631s.
250528-00:52:22,294 nipype.workflow INFO:
	 [Node] Setting-up "fmriprep_25_0_wf.sub_GEO013_wf.bold_ses_t3_task_image_run_3_wf.bold_fit_wf.func_fit_reports_wf.t1w_boldref" in "/work/fmriprep_25_0_wf/sub_GEO013_wf/bold_ses_t3_task_image_run_3_wf/bold_fit_wf/func_fit_reports_wf/t1w_boldref".
250528-00:52:22,609 nipype.workflow INFO:
	 [Node] Executing "t1w_boldref" <niworkflows.interfaces.fixes.FixHeaderApplyTransforms>
250528-00:52:23,17 nipype.workflow INFO:
	 [Node] Setting-up "fmriprep_25_0_wf.sub_GEO013_wf.bold_ses_t3_task_image_run_3_wf.bold_confounds_wf.t1w_mask_tfm" in "/work/fmriprep_25_0_wf/sub_GEO013_wf/bold_ses_t3_task_image_run_3_wf/bold_confounds_wf/t1w_mask_tfm".
250528-00:52:23,410 nipype.workflow INFO:
	 [Node] Executing "t1w_mask_tfm" <niworkflows.interfaces.fixes.FixHeaderApplyTransforms>
250528-00:52:24,427 nipype.workflow INFO:
	 [Node] Finished "t1w_boldref", elapsed time 1.816386s.
250528-00:52:25,208 nipype.workflow INFO:
	 [Node] Setting-up "_acc_msk_tfm0" in "/work/fmriprep_25_0_wf/sub_GEO013_wf/bold_ses_t3_task_image_run_3_wf/bold_confounds_wf/acc_msk_tfm/mapflow/_acc_msk_tfm0".
250528-00:52:25,209 nipype.workflow INFO:
	 [Node] Setting-up "_acc_msk_tfm1" in "/work/fmriprep_25_0_wf/sub_GEO013_wf/bold_ses_t3_task_image_run_3_wf/bold_confounds_wf/acc_msk_tfm/mapflow/_acc_msk_tfm1".
250528-00:52:25,211 nipype.workflow INFO:
	 [Node] Setting-up "_acc_msk_tfm2" in "/work/fmriprep_25_0_wf/sub_GEO013_wf/bold_ses_t3_task_image_run_3_wf/bold_confounds_wf/acc_msk_tfm/mapflow/_acc_msk_tfm2".
250528-00:52:25,633 nipype.workflow INFO:
	 [Node] Executing "_acc_msk_tfm1" <niworkflows.interfaces.fixes.FixHeaderApplyTransforms>
250528-00:52:25,655 nipype.workflow INFO:
	 [Node] Executing "_acc_msk_tfm0" <niworkflows.interfaces.fixes.FixHeaderApplyTransforms>
250528-00:52:25,699 nipype.workflow INFO:
	 [Node] Executing "_acc_msk_tfm2" <niworkflows.interfaces.fixes.FixHeaderApplyTransforms>
250528-00:52:25,772 nipype.workflow INFO:
	 [Node] Finished "t1w_mask_tfm", elapsed time 2.360322s.
250528-00:52:26,417 nipype.workflow INFO:
	 [Node] Setting-up "fmriprep_25_0_wf.sub_GEO013_wf.bold_ses_t3_task_image_run_3_wf.bold_fit_wf.func_fit_reports_wf.boldref_wm" in "/work/fmriprep_25_0_wf/sub_GEO013_wf/bold_ses_t3_task_image_run_3_wf/bold_fit_wf/func_fit_reports_wf/boldref_wm".
250528-00:52:26,417 nipype.workflow INFO:
	 [Node] Setting-up "fmriprep_25_0_wf.sub_GEO013_wf.bold_ses_t3_task_image_run_3_wf.bold_confounds_wf.union_mask" in "/work/fmriprep_25_0_wf/sub_GEO013_wf/bold_ses_t3_task_image_run_3_wf/bold_confounds_wf/union_mask".
250528-00:52:26,668 nipype.workflow INFO:
	 [Node] Finished "_acc_msk_tfm0", elapsed time 1.011881s.
250528-00:52:26,740 nipype.workflow INFO:
	 [Node] Finished "_acc_msk_tfm1", elapsed time 1.105274s.
250528-00:52:26,783 nipype.workflow INFO:
	 [Node] Finished "_acc_msk_tfm2", elapsed time 1.081382s.
250528-00:52:26,844 nipype.workflow INFO:
	 [Node] Executing "boldref_wm" <niworkflows.interfaces.fixes.FixHeaderApplyTransforms>
250528-00:52:26,899 nipype.workflow INFO:
	 [Node] Executing "union_mask" <nipype.interfaces.utility.wrappers.Function>
250528-00:52:26,959 nipype.workflow INFO:
	 [Node] Finished "union_mask", elapsed time 0.059097s.
250528-00:52:27,409 nipype.workflow INFO:
	 [Node] Finished "boldref_wm", elapsed time 0.56379s.
250528-00:52:28,414 nipype.workflow INFO:
	 [Node] Setting-up "fmriprep_25_0_wf.sub_GEO013_wf.bold_ses_t3_task_image_run_3_wf.bold_fit_wf.func_fit_reports_wf.epi_t1_report" in "/work/fmriprep_25_0_wf/sub_GEO013_wf/bold_ses_t3_task_image_run_3_wf/bold_fit_wf/func_fit_reports_wf/epi_t1_report".
250528-00:52:28,415 nipype.workflow INFO:
	 [Node] Setting-up "fmriprep_25_0_wf.sub_GEO013_wf.bold_ses_t3_task_image_run_3_wf.bold_confounds_wf.dilated_mask" in "/work/fmriprep_25_0_wf/sub_GEO013_wf/bold_ses_t3_task_image_run_3_wf/bold_confounds_wf/dilated_mask".
250528-00:52:28,639 nipype.workflow INFO:
	 [Node] Setting-up "_acc_msk_tfm0" in "/work/fmriprep_25_0_wf/sub_GEO013_wf/bold_ses_t3_task_image_run_3_wf/bold_confounds_wf/acc_msk_tfm/mapflow/_acc_msk_tfm0".
250528-00:52:28,644 nipype.workflow INFO:
	 [Node] Cached "_acc_msk_tfm0" - collecting precomputed outputs
250528-00:52:28,644 nipype.workflow INFO:
	 [Node] "_acc_msk_tfm0" found cached.
250528-00:52:28,645 nipype.workflow INFO:
	 [Node] Setting-up "_acc_msk_tfm1" in "/work/fmriprep_25_0_wf/sub_GEO013_wf/bold_ses_t3_task_image_run_3_wf/bold_confounds_wf/acc_msk_tfm/mapflow/_acc_msk_tfm1".
250528-00:52:28,649 nipype.workflow INFO:
	 [Node] Cached "_acc_msk_tfm1" - collecting precomputed outputs
250528-00:52:28,649 nipype.workflow INFO:
	 [Node] "_acc_msk_tfm1" found cached.
250528-00:52:28,650 nipype.workflow INFO:
	 [Node] Setting-up "_acc_msk_tfm2" in "/work/fmriprep_25_0_wf/sub_GEO013_wf/bold_ses_t3_task_image_run_3_wf/bold_confounds_wf/acc_msk_tfm/mapflow/_acc_msk_tfm2".
250528-00:52:28,655 nipype.workflow INFO:
	 [Node] Cached "_acc_msk_tfm2" - collecting precomputed outputs
250528-00:52:28,655 nipype.workflow INFO:
	 [Node] "_acc_msk_tfm2" found cached.
250528-00:52:28,683 nipype.workflow INFO:
	 [Node] Executing "dilated_mask" <niworkflows.interfaces.morphology.BinaryDilation>
250528-00:52:28,688 nipype.workflow INFO:
	 [Node] Executing "epi_t1_report" <nireports.interfaces.reporting.base.SimpleBeforeAfterRPT>
250528-00:52:28,689 nipype.interface INFO:
	 Report - setting before (/out/sub-GEO013/ses-t3/func/sub-GEO013_ses-t3_task-image_run-3_desc-coreg_boldref.nii.gz) and after (/work/fmriprep_25_0_wf/sub_GEO013_wf/bold_ses_t3_task_image_run_3_wf/bold_fit_wf/func_fit_reports_wf/t1w_boldref/sub-GEO013_desc-preproc_T1w_trans.nii.gz) images
250528-00:52:28,689 nipype.interface INFO:
	 Generating visual report
250528-00:52:28,749 nipype.workflow INFO:
	 [Node] Finished "dilated_mask", elapsed time 0.064653s.
250528-00:52:30,569 nipype.workflow INFO:
	 [Node] Setting-up "fmriprep_25_0_wf.sub_GEO013_wf.bold_ses_t3_task_image_run_3_wf.bold_confounds_wf.subtract_mask" in "/work/fmriprep_25_0_wf/sub_GEO013_wf/bold_ses_t3_task_image_run_3_wf/bold_confounds_wf/subtract_mask".
250528-00:52:30,824 nipype.workflow INFO:
	 [Node] Executing "subtract_mask" <niworkflows.interfaces.morphology.BinarySubtraction>
250528-00:52:30,877 nipype.workflow INFO:
	 [Node] Finished "subtract_mask", elapsed time 0.051413s.
250528-00:52:32,431 nipype.workflow INFO:
	 [Node] Setting-up "_acc_msk_brain0" in "/work/fmriprep_25_0_wf/sub_GEO013_wf/bold_ses_t3_task_image_run_3_wf/bold_confounds_wf/acc_msk_brain/mapflow/_acc_msk_brain0".
250528-00:52:32,432 nipype.workflow INFO:
	 [Node] Setting-up "_acc_msk_brain1" in "/work/fmriprep_25_0_wf/sub_GEO013_wf/bold_ses_t3_task_image_run_3_wf/bold_confounds_wf/acc_msk_brain/mapflow/_acc_msk_brain1".
250528-00:52:32,433 nipype.workflow INFO:
	 [Node] Setting-up "_acc_msk_brain2" in "/work/fmriprep_25_0_wf/sub_GEO013_wf/bold_ses_t3_task_image_run_3_wf/bold_confounds_wf/acc_msk_brain/mapflow/_acc_msk_brain2".
250528-00:52:32,746 nipype.workflow INFO:
	 [Node] Executing "_acc_msk_brain2" <niworkflows.interfaces.nibabel.ApplyMask>
250528-00:52:32,747 nipype.workflow INFO:
	 [Node] Executing "_acc_msk_brain0" <niworkflows.interfaces.nibabel.ApplyMask>
250528-00:52:32,784 nipype.workflow INFO:
	 [Node] Executing "_acc_msk_brain1" <niworkflows.interfaces.nibabel.ApplyMask>
250528-00:52:32,835 nipype.workflow INFO:
	 [Node] Finished "_acc_msk_brain2", elapsed time 0.088181s.
250528-00:52:32,863 nipype.workflow INFO:
	 [Node] Finished "_acc_msk_brain1", elapsed time 0.077567s.
250528-00:52:32,880 nipype.workflow INFO:
	 [Node] Finished "_acc_msk_brain0", elapsed time 0.131956s.
250528-00:52:34,536 nipype.workflow INFO:
	 [Node] Setting-up "_acc_msk_brain0" in "/work/fmriprep_25_0_wf/sub_GEO013_wf/bold_ses_t3_task_image_run_3_wf/bold_confounds_wf/acc_msk_brain/mapflow/_acc_msk_brain0".
250528-00:52:34,541 nipype.workflow INFO:
	 [Node] Cached "_acc_msk_brain0" - collecting precomputed outputs
250528-00:52:34,541 nipype.workflow INFO:
	 [Node] "_acc_msk_brain0" found cached.
250528-00:52:34,542 nipype.workflow INFO:
	 [Node] Setting-up "_acc_msk_brain1" in "/work/fmriprep_25_0_wf/sub_GEO013_wf/bold_ses_t3_task_image_run_3_wf/bold_confounds_wf/acc_msk_brain/mapflow/_acc_msk_brain1".
250528-00:52:34,546 nipype.workflow INFO:
	 [Node] Cached "_acc_msk_brain1" - collecting precomputed outputs
250528-00:52:34,546 nipype.workflow INFO:
	 [Node] "_acc_msk_brain1" found cached.
250528-00:52:34,547 nipype.workflow INFO:
	 [Node] Setting-up "_acc_msk_brain2" in "/work/fmriprep_25_0_wf/sub_GEO013_wf/bold_ses_t3_task_image_run_3_wf/bold_confounds_wf/acc_msk_brain/mapflow/_acc_msk_brain2".
250528-00:52:34,551 nipype.workflow INFO:
	 [Node] Cached "_acc_msk_brain2" - collecting precomputed outputs
250528-00:52:34,551 nipype.workflow INFO:
	 [Node] "_acc_msk_brain2" found cached.
250528-00:52:38,413 nipype.workflow INFO:
	 [Node] Setting-up "_acc_msk_bin0" in "/work/fmriprep_25_0_wf/sub_GEO013_wf/bold_ses_t3_task_image_run_3_wf/bold_confounds_wf/acc_msk_bin/mapflow/_acc_msk_bin0".
250528-00:52:38,414 nipype.workflow INFO:
	 [Node] Setting-up "_acc_msk_bin1" in "/work/fmriprep_25_0_wf/sub_GEO013_wf/bold_ses_t3_task_image_run_3_wf/bold_confounds_wf/acc_msk_bin/mapflow/_acc_msk_bin1".
250528-00:52:38,415 nipype.workflow INFO:
	 [Node] Setting-up "_acc_msk_bin2" in "/work/fmriprep_25_0_wf/sub_GEO013_wf/bold_ses_t3_task_image_run_3_wf/bold_confounds_wf/acc_msk_bin/mapflow/_acc_msk_bin2".
250528-00:52:38,876 nipype.workflow INFO:
	 [Node] Executing "_acc_msk_bin0" <niworkflows.interfaces.nibabel.Binarize>
250528-00:52:38,926 nipype.workflow INFO:
	 [Node] Finished "bbregister", elapsed time 28.198166s.
250528-00:52:39,10 nipype.workflow INFO:
	 [Node] Finished "_acc_msk_bin0", elapsed time 0.13029s.
250528-00:52:39,72 nipype.workflow INFO:
	 [Node] Executing "_acc_msk_bin2" <niworkflows.interfaces.nibabel.Binarize>
250528-00:52:39,154 nipype.workflow INFO:
	 [Node] Executing "_acc_msk_bin1" <niworkflows.interfaces.nibabel.Binarize>
250528-00:52:39,166 nipype.workflow INFO:
	 [Node] Finished "_acc_msk_bin2", elapsed time 0.092386s.
250528-00:52:39,276 nipype.workflow INFO:
	 [Node] Finished "_acc_msk_bin1", elapsed time 0.120344s.
250528-00:52:40,315 nipype.workflow INFO:
	 [Node] Setting-up "fmriprep_25_0_wf.sub_GEO013_wf.bold_ses_t3_task_image_run_5_wf.bold_fit_wf.bold_reg_wf.bbreg_wf.bbregister" in "/work/fmriprep_25_0_wf/sub_GEO013_wf/bold_ses_t3_task_image_run_5_wf/bold_fit_wf/bold_reg_wf/bbreg_wf/bbregister".
250528-00:52:40,664 nipype.workflow INFO:
	 [Node] Executing "bbregister" <nipype.interfaces.freesurfer.preprocess.BBRegister>
250528-00:52:41,214 nipype.workflow INFO:
	 [Node] Setting-up "_acc_msk_bin0" in "/work/fmriprep_25_0_wf/sub_GEO013_wf/bold_ses_t3_task_image_run_3_wf/bold_confounds_wf/acc_msk_bin/mapflow/_acc_msk_bin0".
250528-00:52:41,219 nipype.workflow INFO:
	 [Node] Cached "_acc_msk_bin0" - collecting precomputed outputs
250528-00:52:41,220 nipype.workflow INFO:
	 [Node] "_acc_msk_bin0" found cached.
250528-00:52:41,220 nipype.workflow INFO:
	 [Node] Setting-up "_acc_msk_bin1" in "/work/fmriprep_25_0_wf/sub_GEO013_wf/bold_ses_t3_task_image_run_3_wf/bold_confounds_wf/acc_msk_bin/mapflow/_acc_msk_bin1".
250528-00:52:41,224 nipype.workflow INFO:
	 [Node] Cached "_acc_msk_bin1" - collecting precomputed outputs
250528-00:52:41,224 nipype.workflow INFO:
	 [Node] "_acc_msk_bin1" found cached.
250528-00:52:41,225 nipype.workflow INFO:
	 [Node] Setting-up "_acc_msk_bin2" in "/work/fmriprep_25_0_wf/sub_GEO013_wf/bold_ses_t3_task_image_run_3_wf/bold_confounds_wf/acc_msk_bin/mapflow/_acc_msk_bin2".
250528-00:52:41,229 nipype.workflow INFO:
	 [Node] Cached "_acc_msk_bin2" - collecting precomputed outputs
250528-00:52:41,229 nipype.workflow INFO:
	 [Node] "_acc_msk_bin2" found cached.
250528-00:52:42,419 nipype.workflow INFO:
	 [Node] Setting-up "fmriprep_25_0_wf.sub_GEO013_wf.bold_ses_t3_task_image_run_4_wf.bold_fit_wf.bold_reg_wf.bbreg_wf.compare_transforms" in "/work/fmriprep_25_0_wf/sub_GEO013_wf/bold_ses_t3_task_image_run_4_wf/bold_fit_wf/bold_reg_wf/bbreg_wf/compare_transforms".
250528-00:52:42,642 nipype.workflow INFO:
	 [Node] Executing "compare_transforms" <nipype.interfaces.utility.wrappers.Function>
250528-00:52:42,668 nipype.workflow INFO:
	 [Node] Finished "compare_transforms", elapsed time 0.024204s.
250528-00:52:46,259 nipype.workflow INFO:
	 [Node] Finished "epi_t1_report", elapsed time 17.569709s.
250528-00:52:49,373 nipype.workflow INFO:
	 [Node] Setting-up "fmriprep_25_0_wf.sub_GEO013_wf.bold_ses_t3_task_image_run_3_wf.bold_fit_wf.func_fit_reports_wf.ds_epi_t1_report" in "/work/fmriprep_25_0_wf/sub_GEO013_wf/bold_ses_t3_task_image_run_3_wf/bold_fit_wf/func_fit_reports_wf/ds_epi_t1_report".
250528-00:52:49,739 nipype.workflow INFO:
	 [Node] Executing "ds_epi_t1_report" <fmriprep.interfaces.DerivativesDataSink>
250528-00:52:49,755 nipype.workflow INFO:
	 [Node] Setting-up "fmriprep_25_0_wf.sub_GEO013_wf.bold_ses_t3_task_image_run_4_wf.bold_fit_wf.bold_reg_wf.bbreg_wf.concat_xfm" in "/work/fmriprep_25_0_wf/sub_GEO013_wf/bold_ses_t3_task_image_run_4_wf/bold_fit_wf/bold_reg_wf/bbreg_wf/concat_xfm".
250528-00:52:50,30 nipype.workflow INFO:
	 [Node] Finished "ds_epi_t1_report", elapsed time 0.289282s.
250528-00:52:50,211 nipype.workflow INFO:
	 [Node] Executing "concat_xfm" <niworkflows.interfaces.nitransforms.ConcatenateXFMs>
250528-00:52:50,363 nipype.workflow INFO:
	 [Node] Finished "concat_xfm", elapsed time 0.151624s.
250528-00:52:53,634 nipype.workflow INFO:
	 [Node] Setting-up "fmriprep_25_0_wf.sub_GEO013_wf.bold_ses_t3_task_image_run_4_wf.bold_fit_wf.func_fit_reports_wf.t1w_boldref" in "/work/fmriprep_25_0_wf/sub_GEO013_wf/bold_ses_t3_task_image_run_4_wf/bold_fit_wf/func_fit_reports_wf/t1w_boldref".
250528-00:52:53,960 nipype.workflow INFO:
	 [Node] Executing "t1w_boldref" <niworkflows.interfaces.fixes.FixHeaderApplyTransforms>
250528-00:52:54,381 nipype.workflow INFO:
	 [Node] Setting-up "fmriprep_25_0_wf.sub_GEO013_wf.bold_ses_t3_task_image_run_4_wf.bold_confounds_wf.t1w_mask_tfm" in "/work/fmriprep_25_0_wf/sub_GEO013_wf/bold_ses_t3_task_image_run_4_wf/bold_confounds_wf/t1w_mask_tfm".
250528-00:52:54,789 nipype.workflow INFO:
	 [Node] Executing "t1w_mask_tfm" <niworkflows.interfaces.fixes.FixHeaderApplyTransforms>
250528-00:52:55,737 nipype.workflow INFO:
	 [Node] Finished "t1w_boldref", elapsed time 1.775892s.
250528-00:52:56,804 nipype.workflow INFO:
	 [Node] Setting-up "_acc_msk_tfm0" in "/work/fmriprep_25_0_wf/sub_GEO013_wf/bold_ses_t3_task_image_run_4_wf/bold_confounds_wf/acc_msk_tfm/mapflow/_acc_msk_tfm0".
250528-00:52:56,804 nipype.workflow INFO:
	 [Node] Setting-up "_acc_msk_tfm1" in "/work/fmriprep_25_0_wf/sub_GEO013_wf/bold_ses_t3_task_image_run_4_wf/bold_confounds_wf/acc_msk_tfm/mapflow/_acc_msk_tfm1".
250528-00:52:56,805 nipype.workflow INFO:
	 [Node] Setting-up "_acc_msk_tfm2" in "/work/fmriprep_25_0_wf/sub_GEO013_wf/bold_ses_t3_task_image_run_4_wf/bold_confounds_wf/acc_msk_tfm/mapflow/_acc_msk_tfm2".
250528-00:52:57,69 nipype.workflow INFO:
	 [Node] Finished "t1w_mask_tfm", elapsed time 2.2788180000000002s.
250528-00:52:57,362 nipype.workflow INFO:
	 [Node] Executing "_acc_msk_tfm2" <niworkflows.interfaces.fixes.FixHeaderApplyTransforms>
250528-00:52:57,375 nipype.workflow INFO:
	 [Node] Executing "_acc_msk_tfm0" <niworkflows.interfaces.fixes.FixHeaderApplyTransforms>
250528-00:52:57,420 nipype.workflow INFO:
	 [Node] Executing "_acc_msk_tfm1" <niworkflows.interfaces.fixes.FixHeaderApplyTransforms>
250528-00:52:57,770 nipype.workflow INFO:
	 [Node] Setting-up "fmriprep_25_0_wf.sub_GEO013_wf.bold_ses_t3_task_image_run_4_wf.bold_fit_wf.func_fit_reports_wf.boldref_wm" in "/work/fmriprep_25_0_wf/sub_GEO013_wf/bold_ses_t3_task_image_run_4_wf/bold_fit_wf/func_fit_reports_wf/boldref_wm".
250528-00:52:57,771 nipype.workflow INFO:
	 [Node] Setting-up "fmriprep_25_0_wf.sub_GEO013_wf.bold_ses_t3_task_image_run_4_wf.bold_confounds_wf.union_mask" in "/work/fmriprep_25_0_wf/sub_GEO013_wf/bold_ses_t3_task_image_run_4_wf/bold_confounds_wf/union_mask".
250528-00:52:58,423 nipype.workflow INFO:
	 [Node] Finished "_acc_msk_tfm0", elapsed time 1.044856s.
250528-00:52:58,555 nipype.workflow INFO:
	 [Node] Executing "boldref_wm" <niworkflows.interfaces.fixes.FixHeaderApplyTransforms>
250528-00:52:58,556 nipype.workflow INFO:
	 [Node] Executing "union_mask" <nipype.interfaces.utility.wrappers.Function>
250528-00:52:58,640 nipype.workflow INFO:
	 [Node] Finished "_acc_msk_tfm2", elapsed time 1.2756s.
250528-00:52:58,668 nipype.workflow INFO:
	 [Node] Finished "union_mask", elapsed time 0.110934s.
250528-00:52:58,907 nipype.workflow INFO:
	 [Node] Finished "_acc_msk_tfm1", elapsed time 1.4849269999999999s.
250528-00:52:59,180 nipype.workflow INFO:
	 [Node] Finished "boldref_wm", elapsed time 0.623606s.
250528-00:52:59,788 nipype.workflow INFO:
	 [Node] Setting-up "fmriprep_25_0_wf.sub_GEO013_wf.bold_ses_t3_task_image_run_4_wf.bold_fit_wf.func_fit_reports_wf.epi_t1_report" in "/work/fmriprep_25_0_wf/sub_GEO013_wf/bold_ses_t3_task_image_run_4_wf/bold_fit_wf/func_fit_reports_wf/epi_t1_report".
250528-00:52:59,789 nipype.workflow INFO:
	 [Node] Setting-up "fmriprep_25_0_wf.sub_GEO013_wf.bold_ses_t3_task_image_run_4_wf.bold_confounds_wf.dilated_mask" in "/work/fmriprep_25_0_wf/sub_GEO013_wf/bold_ses_t3_task_image_run_4_wf/bold_confounds_wf/dilated_mask".
250528-00:53:00,64 nipype.workflow INFO:
	 [Node] Setting-up "_acc_msk_tfm0" in "/work/fmriprep_25_0_wf/sub_GEO013_wf/bold_ses_t3_task_image_run_4_wf/bold_confounds_wf/acc_msk_tfm/mapflow/_acc_msk_tfm0".
250528-00:53:00,75 nipype.workflow INFO:
	 [Node] Cached "_acc_msk_tfm0" - collecting precomputed outputs
250528-00:53:00,75 nipype.workflow INFO:
	 [Node] "_acc_msk_tfm0" found cached.
250528-00:53:00,76 nipype.workflow INFO:
	 [Node] Setting-up "_acc_msk_tfm1" in "/work/fmriprep_25_0_wf/sub_GEO013_wf/bold_ses_t3_task_image_run_4_wf/bold_confounds_wf/acc_msk_tfm/mapflow/_acc_msk_tfm1".
250528-00:53:00,83 nipype.workflow INFO:
	 [Node] Cached "_acc_msk_tfm1" - collecting precomputed outputs
250528-00:53:00,83 nipype.workflow INFO:
	 [Node] "_acc_msk_tfm1" found cached.
250528-00:53:00,84 nipype.workflow INFO:
	 [Node] Setting-up "_acc_msk_tfm2" in "/work/fmriprep_25_0_wf/sub_GEO013_wf/bold_ses_t3_task_image_run_4_wf/bold_confounds_wf/acc_msk_tfm/mapflow/_acc_msk_tfm2".
250528-00:53:00,92 nipype.workflow INFO:
	 [Node] Cached "_acc_msk_tfm2" - collecting precomputed outputs
250528-00:53:00,92 nipype.workflow INFO:
	 [Node] "_acc_msk_tfm2" found cached.
250528-00:53:00,127 nipype.workflow INFO:
	 [Node] Executing "epi_t1_report" <nireports.interfaces.reporting.base.SimpleBeforeAfterRPT>
250528-00:53:00,128 nipype.interface INFO:
	 Report - setting before (/out/sub-GEO013/ses-t3/func/sub-GEO013_ses-t3_task-image_run-4_desc-coreg_boldref.nii.gz) and after (/work/fmriprep_25_0_wf/sub_GEO013_wf/bold_ses_t3_task_image_run_4_wf/bold_fit_wf/func_fit_reports_wf/t1w_boldref/sub-GEO013_desc-preproc_T1w_trans.nii.gz) images
250528-00:53:00,128 nipype.interface INFO:
	 Generating visual report
250528-00:53:00,172 nipype.workflow INFO:
	 [Node] Executing "dilated_mask" <niworkflows.interfaces.morphology.BinaryDilation>
250528-00:53:00,226 nipype.workflow INFO:
	 [Node] Finished "dilated_mask", elapsed time 0.0529s.
250528-00:53:01,908 nipype.workflow INFO:
	 [Node] Setting-up "fmriprep_25_0_wf.sub_GEO013_wf.bold_ses_t3_task_image_run_4_wf.bold_confounds_wf.subtract_mask" in "/work/fmriprep_25_0_wf/sub_GEO013_wf/bold_ses_t3_task_image_run_4_wf/bold_confounds_wf/subtract_mask".
250528-00:53:02,210 nipype.workflow INFO:
	 [Node] Executing "subtract_mask" <niworkflows.interfaces.morphology.BinarySubtraction>
250528-00:53:02,276 nipype.workflow INFO:
	 [Node] Finished "subtract_mask", elapsed time 0.064332s.
250528-00:53:03,765 nipype.workflow INFO:
	 [Node] Setting-up "_acc_msk_brain0" in "/work/fmriprep_25_0_wf/sub_GEO013_wf/bold_ses_t3_task_image_run_4_wf/bold_confounds_wf/acc_msk_brain/mapflow/_acc_msk_brain0".
250528-00:53:03,767 nipype.workflow INFO:
	 [Node] Setting-up "_acc_msk_brain1" in "/work/fmriprep_25_0_wf/sub_GEO013_wf/bold_ses_t3_task_image_run_4_wf/bold_confounds_wf/acc_msk_brain/mapflow/_acc_msk_brain1".
250528-00:53:03,770 nipype.workflow INFO:
	 [Node] Setting-up "_acc_msk_brain2" in "/work/fmriprep_25_0_wf/sub_GEO013_wf/bold_ses_t3_task_image_run_4_wf/bold_confounds_wf/acc_msk_brain/mapflow/_acc_msk_brain2".
250528-00:53:03,987 nipype.workflow INFO:
	 [Node] Executing "_acc_msk_brain2" <niworkflows.interfaces.nibabel.ApplyMask>
250528-00:53:04,6 nipype.workflow INFO:
	 [Node] Executing "_acc_msk_brain1" <niworkflows.interfaces.nibabel.ApplyMask>
250528-00:53:04,8 nipype.workflow INFO:
	 [Node] Executing "_acc_msk_brain0" <niworkflows.interfaces.nibabel.ApplyMask>
250528-00:53:04,106 nipype.workflow INFO:
	 [Node] Finished "_acc_msk_brain1", elapsed time 0.09873s.
250528-00:53:04,108 nipype.workflow INFO:
	 [Node] Finished "_acc_msk_brain2", elapsed time 0.119699s.
250528-00:53:04,135 nipype.workflow INFO:
	 [Node] Finished "_acc_msk_brain0", elapsed time 0.12651s.
250528-00:53:05,808 nipype.workflow INFO:
	 [Node] Setting-up "_acc_msk_brain0" in "/work/fmriprep_25_0_wf/sub_GEO013_wf/bold_ses_t3_task_image_run_4_wf/bold_confounds_wf/acc_msk_brain/mapflow/_acc_msk_brain0".
250528-00:53:05,813 nipype.workflow INFO:
	 [Node] Cached "_acc_msk_brain0" - collecting precomputed outputs
250528-00:53:05,813 nipype.workflow INFO:
	 [Node] "_acc_msk_brain0" found cached.
250528-00:53:05,813 nipype.workflow INFO:
	 [Node] Setting-up "_acc_msk_brain1" in "/work/fmriprep_25_0_wf/sub_GEO013_wf/bold_ses_t3_task_image_run_4_wf/bold_confounds_wf/acc_msk_brain/mapflow/_acc_msk_brain1".
250528-00:53:05,818 nipype.workflow INFO:
	 [Node] Cached "_acc_msk_brain1" - collecting precomputed outputs
250528-00:53:05,818 nipype.workflow INFO:
	 [Node] "_acc_msk_brain1" found cached.
250528-00:53:05,818 nipype.workflow INFO:
	 [Node] Setting-up "_acc_msk_brain2" in "/work/fmriprep_25_0_wf/sub_GEO013_wf/bold_ses_t3_task_image_run_4_wf/bold_confounds_wf/acc_msk_brain/mapflow/_acc_msk_brain2".
250528-00:53:05,822 nipype.workflow INFO:
	 [Node] Cached "_acc_msk_brain2" - collecting precomputed outputs
250528-00:53:05,822 nipype.workflow INFO:
	 [Node] "_acc_msk_brain2" found cached.
250528-00:53:09,755 nipype.workflow INFO:
	 [Node] Setting-up "_acc_msk_bin0" in "/work/fmriprep_25_0_wf/sub_GEO013_wf/bold_ses_t3_task_image_run_4_wf/bold_confounds_wf/acc_msk_bin/mapflow/_acc_msk_bin0".
250528-00:53:09,756 nipype.workflow INFO:
	 [Node] Setting-up "_acc_msk_bin1" in "/work/fmriprep_25_0_wf/sub_GEO013_wf/bold_ses_t3_task_image_run_4_wf/bold_confounds_wf/acc_msk_bin/mapflow/_acc_msk_bin1".
250528-00:53:09,756 nipype.workflow INFO:
	 [Node] Setting-up "_acc_msk_bin2" in "/work/fmriprep_25_0_wf/sub_GEO013_wf/bold_ses_t3_task_image_run_4_wf/bold_confounds_wf/acc_msk_bin/mapflow/_acc_msk_bin2".
250528-00:53:10,272 nipype.workflow INFO:
	 [Node] Executing "_acc_msk_bin2" <niworkflows.interfaces.nibabel.Binarize>
250528-00:53:10,272 nipype.workflow INFO:
	 [Node] Executing "_acc_msk_bin0" <niworkflows.interfaces.nibabel.Binarize>
250528-00:53:10,296 nipype.workflow INFO:
	 [Node] Executing "_acc_msk_bin1" <niworkflows.interfaces.nibabel.Binarize>
250528-00:53:10,515 nipype.workflow INFO:
	 [Node] Finished "_acc_msk_bin1", elapsed time 0.217723s.
250528-00:53:10,560 nipype.workflow INFO:
	 [Node] Finished "_acc_msk_bin0", elapsed time 0.285916s.
250528-00:53:10,565 nipype.workflow INFO:
	 [Node] Finished "_acc_msk_bin2", elapsed time 0.29209s.
250528-00:53:11,915 nipype.workflow INFO:
	 [Node] Setting-up "_acc_msk_bin0" in "/work/fmriprep_25_0_wf/sub_GEO013_wf/bold_ses_t3_task_image_run_4_wf/bold_confounds_wf/acc_msk_bin/mapflow/_acc_msk_bin0".
250528-00:53:11,924 nipype.workflow INFO:
	 [Node] Cached "_acc_msk_bin0" - collecting precomputed outputs
250528-00:53:11,924 nipype.workflow INFO:
	 [Node] "_acc_msk_bin0" found cached.
250528-00:53:11,925 nipype.workflow INFO:
	 [Node] Setting-up "_acc_msk_bin1" in "/work/fmriprep_25_0_wf/sub_GEO013_wf/bold_ses_t3_task_image_run_4_wf/bold_confounds_wf/acc_msk_bin/mapflow/_acc_msk_bin1".
250528-00:53:11,933 nipype.workflow INFO:
	 [Node] Cached "_acc_msk_bin1" - collecting precomputed outputs
250528-00:53:11,933 nipype.workflow INFO:
	 [Node] "_acc_msk_bin1" found cached.
250528-00:53:11,934 nipype.workflow INFO:
	 [Node] Setting-up "_acc_msk_bin2" in "/work/fmriprep_25_0_wf/sub_GEO013_wf/bold_ses_t3_task_image_run_4_wf/bold_confounds_wf/acc_msk_bin/mapflow/_acc_msk_bin2".
250528-00:53:11,942 nipype.workflow INFO:
	 [Node] Cached "_acc_msk_bin2" - collecting precomputed outputs
250528-00:53:11,942 nipype.workflow INFO:
	 [Node] "_acc_msk_bin2" found cached.
250528-00:53:15,205 nipype.workflow INFO:
	 [Node] Finished "bbregister", elapsed time 34.540231s.
250528-00:53:17,336 nipype.workflow INFO:
	 [Node] Finished "epi_t1_report", elapsed time 17.20825s.
250528-00:53:17,781 nipype.workflow INFO:
	 [Node] Setting-up "fmriprep_25_0_wf.sub_GEO013_wf.bold_ses_t3_task_retrans_run_1_wf.bold_fit_wf.bold_reg_wf.bbreg_wf.bbregister" in "/work/fmriprep_25_0_wf/sub_GEO013_wf/bold_ses_t3_task_retrans_run_1_wf/bold_fit_wf/bold_reg_wf/bbreg_wf/bbregister".
250528-00:53:18,163 nipype.workflow INFO:
	 [Node] Executing "bbregister" <nipype.interfaces.freesurfer.preprocess.BBRegister>
250528-00:53:19,666 nipype.workflow INFO:
	 [Node] Setting-up "fmriprep_25_0_wf.sub_GEO013_wf.bold_ses_t3_task_image_run_5_wf.bold_fit_wf.bold_reg_wf.bbreg_wf.compare_transforms" in "/work/fmriprep_25_0_wf/sub_GEO013_wf/bold_ses_t3_task_image_run_5_wf/bold_fit_wf/bold_reg_wf/bbreg_wf/compare_transforms".
250528-00:53:19,669 nipype.workflow INFO:
	 [Node] Setting-up "fmriprep_25_0_wf.sub_GEO013_wf.bold_ses_t3_task_image_run_4_wf.bold_fit_wf.func_fit_reports_wf.ds_epi_t1_report" in "/work/fmriprep_25_0_wf/sub_GEO013_wf/bold_ses_t3_task_image_run_4_wf/bold_fit_wf/func_fit_reports_wf/ds_epi_t1_report".
250528-00:53:20,10 nipype.workflow INFO:
	 [Node] Executing "compare_transforms" <nipype.interfaces.utility.wrappers.Function>
250528-00:53:20,49 nipype.workflow INFO:
	 [Node] Finished "compare_transforms", elapsed time 0.037776s.
250528-00:53:20,209 nipype.workflow INFO:
	 [Node] Executing "ds_epi_t1_report" <fmriprep.interfaces.DerivativesDataSink>
250528-00:53:20,445 nipype.workflow INFO:
	 [Node] Finished "ds_epi_t1_report", elapsed time 0.23279s.
250528-00:53:26,769 nipype.workflow INFO:
	 [Node] Setting-up "fmriprep_25_0_wf.sub_GEO013_wf.bold_ses_t3_task_image_run_5_wf.bold_fit_wf.bold_reg_wf.bbreg_wf.concat_xfm" in "/work/fmriprep_25_0_wf/sub_GEO013_wf/bold_ses_t3_task_image_run_5_wf/bold_fit_wf/bold_reg_wf/bbreg_wf/concat_xfm".
250528-00:53:27,110 nipype.workflow INFO:
	 [Node] Executing "concat_xfm" <niworkflows.interfaces.nitransforms.ConcatenateXFMs>
250528-00:53:27,205 nipype.workflow INFO:
	 [Node] Finished "concat_xfm", elapsed time 0.093369s.
250528-00:53:30,780 nipype.workflow INFO:
	 [Node] Setting-up "fmriprep_25_0_wf.sub_GEO013_wf.bold_ses_t3_task_image_run_5_wf.bold_fit_wf.func_fit_reports_wf.t1w_boldref" in "/work/fmriprep_25_0_wf/sub_GEO013_wf/bold_ses_t3_task_image_run_5_wf/bold_fit_wf/func_fit_reports_wf/t1w_boldref".
250528-00:53:31,448 nipype.workflow INFO:
	 [Node] Executing "t1w_boldref" <niworkflows.interfaces.fixes.FixHeaderApplyTransforms>
250528-00:53:32,66 nipype.workflow INFO:
	 [Node] Setting-up "fmriprep_25_0_wf.sub_GEO013_wf.bold_ses_t3_task_image_run_5_wf.bold_confounds_wf.t1w_mask_tfm" in "/work/fmriprep_25_0_wf/sub_GEO013_wf/bold_ses_t3_task_image_run_5_wf/bold_confounds_wf/t1w_mask_tfm".
250528-00:53:32,494 nipype.workflow INFO:
	 [Node] Executing "t1w_mask_tfm" <niworkflows.interfaces.fixes.FixHeaderApplyTransforms>
250528-00:53:33,271 nipype.workflow INFO:
	 [Node] Finished "t1w_boldref", elapsed time 1.8208199999999999s.
250528-00:53:33,831 nipype.workflow INFO:
	 [Node] Setting-up "_acc_msk_tfm0" in "/work/fmriprep_25_0_wf/sub_GEO013_wf/bold_ses_t3_task_image_run_5_wf/bold_confounds_wf/acc_msk_tfm/mapflow/_acc_msk_tfm0".
250528-00:53:33,832 nipype.workflow INFO:
	 [Node] Setting-up "_acc_msk_tfm2" in "/work/fmriprep_25_0_wf/sub_GEO013_wf/bold_ses_t3_task_image_run_5_wf/bold_confounds_wf/acc_msk_tfm/mapflow/_acc_msk_tfm2".
250528-00:53:33,832 nipype.workflow INFO:
	 [Node] Setting-up "_acc_msk_tfm1" in "/work/fmriprep_25_0_wf/sub_GEO013_wf/bold_ses_t3_task_image_run_5_wf/bold_confounds_wf/acc_msk_tfm/mapflow/_acc_msk_tfm1".
250528-00:53:34,225 nipype.workflow INFO:
	 [Node] Executing "_acc_msk_tfm0" <niworkflows.interfaces.fixes.FixHeaderApplyTransforms>
250528-00:53:34,258 nipype.workflow INFO:
	 [Node] Executing "_acc_msk_tfm2" <niworkflows.interfaces.fixes.FixHeaderApplyTransforms>
250528-00:53:34,299 nipype.workflow INFO:
	 [Node] Executing "_acc_msk_tfm1" <niworkflows.interfaces.fixes.FixHeaderApplyTransforms>
250528-00:53:34,774 nipype.workflow INFO:
	 [Node] Setting-up "fmriprep_25_0_wf.sub_GEO013_wf.bold_ses_t3_task_image_run_5_wf.bold_fit_wf.func_fit_reports_wf.boldref_wm" in "/work/fmriprep_25_0_wf/sub_GEO013_wf/bold_ses_t3_task_image_run_5_wf/bold_fit_wf/func_fit_reports_wf/boldref_wm".
250528-00:53:34,941 nipype.workflow INFO:
	 [Node] Finished "t1w_mask_tfm", elapsed time 2.444954s.
250528-00:53:35,341 nipype.workflow INFO:
	 [Node] Executing "boldref_wm" <niworkflows.interfaces.fixes.FixHeaderApplyTransforms>
250528-00:53:35,416 nipype.workflow INFO:
	 [Node] Finished "_acc_msk_tfm0", elapsed time 1.188013s.
250528-00:53:35,566 nipype.workflow INFO:
	 [Node] Finished "_acc_msk_tfm1", elapsed time 1.265707s.
250528-00:53:35,593 nipype.workflow INFO:
	 [Node] Finished "_acc_msk_tfm2", elapsed time 1.333608s.
250528-00:53:36,128 nipype.workflow INFO:
	 [Node] Finished "boldref_wm", elapsed time 0.785188s.
250528-00:53:36,767 nipype.workflow INFO:
	 [Node] Setting-up "fmriprep_25_0_wf.sub_GEO013_wf.bold_ses_t3_task_image_run_5_wf.bold_fit_wf.func_fit_reports_wf.epi_t1_report" in "/work/fmriprep_25_0_wf/sub_GEO013_wf/bold_ses_t3_task_image_run_5_wf/bold_fit_wf/func_fit_reports_wf/epi_t1_report".
250528-00:53:36,768 nipype.workflow INFO:
	 [Node] Setting-up "fmriprep_25_0_wf.sub_GEO013_wf.bold_ses_t3_task_image_run_5_wf.bold_confounds_wf.union_mask" in "/work/fmriprep_25_0_wf/sub_GEO013_wf/bold_ses_t3_task_image_run_5_wf/bold_confounds_wf/union_mask".
250528-00:53:37,10 nipype.workflow INFO:
	 [Node] Setting-up "_acc_msk_tfm0" in "/work/fmriprep_25_0_wf/sub_GEO013_wf/bold_ses_t3_task_image_run_5_wf/bold_confounds_wf/acc_msk_tfm/mapflow/_acc_msk_tfm0".
250528-00:53:37,17 nipype.workflow INFO:
	 [Node] Cached "_acc_msk_tfm0" - collecting precomputed outputs
250528-00:53:37,17 nipype.workflow INFO:
	 [Node] "_acc_msk_tfm0" found cached.
250528-00:53:37,18 nipype.workflow INFO:
	 [Node] Setting-up "_acc_msk_tfm1" in "/work/fmriprep_25_0_wf/sub_GEO013_wf/bold_ses_t3_task_image_run_5_wf/bold_confounds_wf/acc_msk_tfm/mapflow/_acc_msk_tfm1".
250528-00:53:37,26 nipype.workflow INFO:
	 [Node] Cached "_acc_msk_tfm1" - collecting precomputed outputs
250528-00:53:37,26 nipype.workflow INFO:
	 [Node] "_acc_msk_tfm1" found cached.
250528-00:53:37,26 nipype.workflow INFO:
	 [Node] Setting-up "_acc_msk_tfm2" in "/work/fmriprep_25_0_wf/sub_GEO013_wf/bold_ses_t3_task_image_run_5_wf/bold_confounds_wf/acc_msk_tfm/mapflow/_acc_msk_tfm2".
250528-00:53:37,35 nipype.workflow INFO:
	 [Node] Cached "_acc_msk_tfm2" - collecting precomputed outputs
250528-00:53:37,35 nipype.workflow INFO:
	 [Node] "_acc_msk_tfm2" found cached.
250528-00:53:37,134 nipype.workflow INFO:
	 [Node] Executing "union_mask" <nipype.interfaces.utility.wrappers.Function>
250528-00:53:37,214 nipype.workflow INFO:
	 [Node] Executing "epi_t1_report" <nireports.interfaces.reporting.base.SimpleBeforeAfterRPT>
250528-00:53:37,216 nipype.interface INFO:
	 Report - setting before (/out/sub-GEO013/ses-t3/func/sub-GEO013_ses-t3_task-image_run-5_desc-coreg_boldref.nii.gz) and after (/work/fmriprep_25_0_wf/sub_GEO013_wf/bold_ses_t3_task_image_run_5_wf/bold_fit_wf/func_fit_reports_wf/t1w_boldref/sub-GEO013_desc-preproc_T1w_trans.nii.gz) images
250528-00:53:37,216 nipype.interface INFO:
	 Generating visual report
250528-00:53:37,359 nipype.workflow INFO:
	 [Node] Finished "union_mask", elapsed time 0.222358s.
250528-00:53:39,59 nipype.workflow INFO:
	 [Node] Setting-up "fmriprep_25_0_wf.sub_GEO013_wf.bold_ses_t3_task_image_run_5_wf.bold_confounds_wf.dilated_mask" in "/work/fmriprep_25_0_wf/sub_GEO013_wf/bold_ses_t3_task_image_run_5_wf/bold_confounds_wf/dilated_mask".
250528-00:53:39,430 nipype.workflow INFO:
	 [Node] Executing "dilated_mask" <niworkflows.interfaces.morphology.BinaryDilation>
250528-00:53:39,513 nipype.workflow INFO:
	 [Node] Finished "dilated_mask", elapsed time 0.080338s.
250528-00:53:40,830 nipype.workflow INFO:
	 [Node] Setting-up "fmriprep_25_0_wf.sub_GEO013_wf.bold_ses_t3_task_image_run_5_wf.bold_confounds_wf.subtract_mask" in "/work/fmriprep_25_0_wf/sub_GEO013_wf/bold_ses_t3_task_image_run_5_wf/bold_confounds_wf/subtract_mask".
250528-00:53:40,833 nipype.workflow INFO:
	 [Node] Setting-up "_acc_msk_brain0" in "/work/fmriprep_25_0_wf/sub_GEO013_wf/bold_ses_t3_task_image_run_5_wf/bold_confounds_wf/acc_msk_brain/mapflow/_acc_msk_brain0".
250528-00:53:40,834 nipype.workflow INFO:
	 [Node] Setting-up "_acc_msk_brain1" in "/work/fmriprep_25_0_wf/sub_GEO013_wf/bold_ses_t3_task_image_run_5_wf/bold_confounds_wf/acc_msk_brain/mapflow/_acc_msk_brain1".
250528-00:53:40,834 nipype.workflow INFO:
	 [Node] Setting-up "_acc_msk_brain2" in "/work/fmriprep_25_0_wf/sub_GEO013_wf/bold_ses_t3_task_image_run_5_wf/bold_confounds_wf/acc_msk_brain/mapflow/_acc_msk_brain2".
250528-00:53:41,251 nipype.workflow INFO:
	 [Node] Executing "subtract_mask" <niworkflows.interfaces.morphology.BinarySubtraction>
250528-00:53:41,323 nipype.workflow INFO:
	 [Node] Finished "subtract_mask", elapsed time 0.0701s.
250528-00:53:41,350 nipype.workflow INFO:
	 [Node] Executing "_acc_msk_brain1" <niworkflows.interfaces.nibabel.ApplyMask>
250528-00:53:41,360 nipype.workflow INFO:
	 [Node] Executing "_acc_msk_brain0" <niworkflows.interfaces.nibabel.ApplyMask>
250528-00:53:41,552 nipype.workflow INFO:
	 [Node] Finished "_acc_msk_brain1", elapsed time 0.200618s.
250528-00:53:41,567 nipype.workflow INFO:
	 [Node] Executing "_acc_msk_brain2" <niworkflows.interfaces.nibabel.ApplyMask>
250528-00:53:41,571 nipype.workflow INFO:
	 [Node] Finished "_acc_msk_brain0", elapsed time 0.209324s.
250528-00:53:41,767 nipype.workflow INFO:
	 [Node] Finished "_acc_msk_brain2", elapsed time 0.198671s.
250528-00:53:43,165 nipype.workflow INFO:
	 [Node] Setting-up "_acc_msk_brain0" in "/work/fmriprep_25_0_wf/sub_GEO013_wf/bold_ses_t3_task_image_run_5_wf/bold_confounds_wf/acc_msk_brain/mapflow/_acc_msk_brain0".
250528-00:53:43,172 nipype.workflow INFO:
	 [Node] Cached "_acc_msk_brain0" - collecting precomputed outputs
250528-00:53:43,172 nipype.workflow INFO:
	 [Node] "_acc_msk_brain0" found cached.
250528-00:53:43,173 nipype.workflow INFO:
	 [Node] Setting-up "_acc_msk_brain1" in "/work/fmriprep_25_0_wf/sub_GEO013_wf/bold_ses_t3_task_image_run_5_wf/bold_confounds_wf/acc_msk_brain/mapflow/_acc_msk_brain1".
250528-00:53:43,183 nipype.workflow INFO:
	 [Node] Cached "_acc_msk_brain1" - collecting precomputed outputs
250528-00:53:43,183 nipype.workflow INFO:
	 [Node] "_acc_msk_brain1" found cached.
250528-00:53:43,183 nipype.workflow INFO:
	 [Node] Setting-up "_acc_msk_brain2" in "/work/fmriprep_25_0_wf/sub_GEO013_wf/bold_ses_t3_task_image_run_5_wf/bold_confounds_wf/acc_msk_brain/mapflow/_acc_msk_brain2".
250528-00:53:43,190 nipype.workflow INFO:
	 [Node] Cached "_acc_msk_brain2" - collecting precomputed outputs
250528-00:53:43,190 nipype.workflow INFO:
	 [Node] "_acc_msk_brain2" found cached.
250528-00:53:44,496 nipype.workflow INFO:
	 [Node] Finished "bbregister", elapsed time 26.331732s.
250528-00:53:47,493 nipype.workflow INFO:
	 [Node] Setting-up "fmriprep_25_0_wf.sub_GEO013_wf.anat_fit_wf.register_template_wf.registration" in "/work/fmriprep_25_0_wf/sub_GEO013_wf/anat_fit_wf/register_template_wf/_template_MNI152NLin2009cAsym/registration".
250528-00:53:48,71 nipype.workflow INFO:
	 [Node] Executing "registration" <niworkflows.interfaces.norm.SpatialNormalization>
250528-00:53:55,211 nipype.workflow INFO:
	 [Node] Finished "epi_t1_report", elapsed time 17.995319s.
250528-00:53:56,899 nipype.workflow INFO:
	 [Node] Setting-up "fmriprep_25_0_wf.sub_GEO013_wf.bold_ses_t3_task_retrans_run_1_wf.bold_fit_wf.bold_reg_wf.bbreg_wf.compare_transforms" in "/work/fmriprep_25_0_wf/sub_GEO013_wf/bold_ses_t3_task_retrans_run_1_wf/bold_fit_wf/bold_reg_wf/bbreg_wf/compare_transforms".
250528-00:53:57,470 nipype.workflow INFO:
	 [Node] Executing "compare_transforms" <nipype.interfaces.utility.wrappers.Function>
250528-00:53:57,482 nipype.workflow INFO:
	 [Node] Finished "compare_transforms", elapsed time 0.010227s.
250528-00:54:01,138 nipype.workflow INFO:
	 [Node] Setting-up "fmriprep_25_0_wf.sub_GEO013_wf.bold_ses_t3_task_image_run_5_wf.bold_fit_wf.func_fit_reports_wf.ds_epi_t1_report" in "/work/fmriprep_25_0_wf/sub_GEO013_wf/bold_ses_t3_task_image_run_5_wf/bold_fit_wf/func_fit_reports_wf/ds_epi_t1_report".
250528-00:54:01,746 nipype.workflow INFO:
	 [Node] Executing "ds_epi_t1_report" <fmriprep.interfaces.DerivativesDataSink>
250528-00:54:01,912 nipype.workflow INFO:
	 [Node] Finished "ds_epi_t1_report", elapsed time 0.164717s.
250528-00:54:05,220 nipype.workflow INFO:
	 [Node] Setting-up "fmriprep_25_0_wf.sub_GEO013_wf.bold_ses_t2_task_image_run_1_wf.bold_confounds_wf.acompcor" in "/work/fmriprep_25_0_wf/sub_GEO013_wf/bold_ses_t2_task_image_run_1_wf/bold_confounds_wf/acompcor".
250528-00:54:05,534 nipype.workflow INFO:
	 [Node] Executing "acompcor" <niworkflows.interfaces.patches.RobustACompCor>
250528-00:54:11,911 nipype.workflow INFO:
	 [Node] Finished "acompcor", elapsed time 6.376181s.
250528-00:54:13,619 nipype.workflow INFO:
	 [Node] Setting-up "fmriprep_25_0_wf.sub_GEO013_wf.bold_ses_t3_task_retrans_run_1_wf.bold_fit_wf.bold_reg_wf.bbreg_wf.concat_xfm" in "/work/fmriprep_25_0_wf/sub_GEO013_wf/bold_ses_t3_task_retrans_run_1_wf/bold_fit_wf/bold_reg_wf/bbreg_wf/concat_xfm".
250528-00:54:13,858 nipype.workflow INFO:
	 [Node] Executing "concat_xfm" <niworkflows.interfaces.nitransforms.ConcatenateXFMs>
250528-00:54:13,920 nipype.workflow INFO:
	 [Node] Finished "concat_xfm", elapsed time 0.060406s.
250528-00:54:16,758 nipype.workflow INFO:
	 [Node] Setting-up "fmriprep_25_0_wf.sub_GEO013_wf.bold_ses_t2_task_image_run_2_wf.bold_confounds_wf.acompcor" in "/work/fmriprep_25_0_wf/sub_GEO013_wf/bold_ses_t2_task_image_run_2_wf/bold_confounds_wf/acompcor".
250528-00:54:17,63 nipype.workflow INFO:
	 [Node] Executing "acompcor" <niworkflows.interfaces.patches.RobustACompCor>
250528-00:54:22,785 nipype.workflow INFO:
	 [Node] Finished "acompcor", elapsed time 5.720169s.
250528-00:54:23,543 nipype.workflow INFO:
	 [Node] Setting-up "fmriprep_25_0_wf.sub_GEO013_wf.bold_ses_t3_task_retrans_run_1_wf.bold_fit_wf.func_fit_reports_wf.t1w_boldref" in "/work/fmriprep_25_0_wf/sub_GEO013_wf/bold_ses_t3_task_retrans_run_1_wf/bold_fit_wf/func_fit_reports_wf/t1w_boldref".
250528-00:54:23,895 nipype.workflow INFO:
	 [Node] Executing "t1w_boldref" <niworkflows.interfaces.fixes.FixHeaderApplyTransforms>
250528-00:54:25,635 nipype.workflow INFO:
	 [Node] Finished "t1w_boldref", elapsed time 1.7379s.
250528-00:54:27,506 nipype.workflow INFO:
	 [Node] Setting-up "fmriprep_25_0_wf.sub_GEO013_wf.bold_ses_t3_task_retrans_run_1_wf.bold_fit_wf.func_fit_reports_wf.boldref_wm" in "/work/fmriprep_25_0_wf/sub_GEO013_wf/bold_ses_t3_task_retrans_run_1_wf/bold_fit_wf/func_fit_reports_wf/boldref_wm".
250528-00:54:27,977 nipype.workflow INFO:
	 [Node] Executing "boldref_wm" <niworkflows.interfaces.fixes.FixHeaderApplyTransforms>
250528-00:54:28,655 nipype.workflow INFO:
	 [Node] Finished "boldref_wm", elapsed time 0.675452s.
250528-00:54:30,644 nipype.workflow INFO:
	 [Node] Setting-up "fmriprep_25_0_wf.sub_GEO013_wf.bold_ses_t3_task_retrans_run_1_wf.bold_confounds_wf.t1w_mask_tfm" in "/work/fmriprep_25_0_wf/sub_GEO013_wf/bold_ses_t3_task_retrans_run_1_wf/bold_confounds_wf/t1w_mask_tfm".
250528-00:54:31,471 nipype.workflow INFO:
	 [Node] Executing "t1w_mask_tfm" <niworkflows.interfaces.fixes.FixHeaderApplyTransforms>
250528-00:54:33,900 nipype.workflow INFO:
	 [Node] Finished "t1w_mask_tfm", elapsed time 2.427288s.
250528-00:54:35,684 nipype.workflow INFO:
	 [Node] Setting-up "fmriprep_25_0_wf.sub_GEO013_wf.bold_ses_t3_task_retrans_run_1_wf.bold_fit_wf.func_fit_reports_wf.epi_t1_report" in "/work/fmriprep_25_0_wf/sub_GEO013_wf/bold_ses_t3_task_retrans_run_1_wf/bold_fit_wf/func_fit_reports_wf/epi_t1_report".
250528-00:54:36,1 nipype.workflow INFO:
	 [Node] Executing "epi_t1_report" <nireports.interfaces.reporting.base.SimpleBeforeAfterRPT>
250528-00:54:36,3 nipype.interface INFO:
	 Report - setting before (/out/sub-GEO013/ses-t3/func/sub-GEO013_ses-t3_task-retrans_run-1_desc-coreg_boldref.nii.gz) and after (/work/fmriprep_25_0_wf/sub_GEO013_wf/bold_ses_t3_task_retrans_run_1_wf/bold_fit_wf/func_fit_reports_wf/t1w_boldref/sub-GEO013_desc-preproc_T1w_trans.nii.gz) images
250528-00:54:36,3 nipype.interface INFO:
	 Generating visual report
250528-00:54:54,797 nipype.workflow INFO:
	 [Node] Finished "epi_t1_report", elapsed time 18.784824s.
250528-00:54:56,302 nipype.workflow INFO:
	 [Node] Setting-up "fmriprep_25_0_wf.sub_GEO013_wf.bold_ses_t3_task_retrans_run_1_wf.bold_confounds_wf.union_mask" in "/work/fmriprep_25_0_wf/sub_GEO013_wf/bold_ses_t3_task_retrans_run_1_wf/bold_confounds_wf/union_mask".
250528-00:54:56,514 nipype.workflow INFO:
	 [Node] Executing "union_mask" <nipype.interfaces.utility.wrappers.Function>
250528-00:54:56,597 nipype.workflow INFO:
	 [Node] Finished "union_mask", elapsed time 0.082193s.
250528-00:54:57,648 nipype.workflow INFO:
	 [Node] Setting-up "fmriprep_25_0_wf.sub_GEO013_wf.bold_ses_t3_task_retrans_run_1_wf.bold_fit_wf.func_fit_reports_wf.ds_epi_t1_report" in "/work/fmriprep_25_0_wf/sub_GEO013_wf/bold_ses_t3_task_retrans_run_1_wf/bold_fit_wf/func_fit_reports_wf/ds_epi_t1_report".
250528-00:54:57,893 nipype.workflow INFO:
	 [Node] Executing "ds_epi_t1_report" <fmriprep.interfaces.DerivativesDataSink>
250528-00:54:58,31 nipype.workflow INFO:
	 [Node] Finished "ds_epi_t1_report", elapsed time 0.136128s.
250528-00:54:59,654 nipype.workflow INFO:
	 [Node] Setting-up "fmriprep_25_0_wf.sub_GEO013_wf.bold_ses_t3_task_retrans_run_1_wf.bold_confounds_wf.dilated_mask" in "/work/fmriprep_25_0_wf/sub_GEO013_wf/bold_ses_t3_task_retrans_run_1_wf/bold_confounds_wf/dilated_mask".
250528-00:55:00,251 nipype.workflow INFO:
	 [Node] Executing "dilated_mask" <niworkflows.interfaces.morphology.BinaryDilation>
250528-00:55:00,333 nipype.workflow INFO:
	 [Node] Finished "dilated_mask", elapsed time 0.079615s.
250528-00:55:01,676 nipype.workflow INFO:
	 [Node] Setting-up "fmriprep_25_0_wf.sub_GEO013_wf.bold_ses_t2_task_image_run_3_wf.bold_confounds_wf.acompcor" in "/work/fmriprep_25_0_wf/sub_GEO013_wf/bold_ses_t2_task_image_run_3_wf/bold_confounds_wf/acompcor".
250528-00:55:02,593 nipype.workflow INFO:
	 [Node] Executing "acompcor" <niworkflows.interfaces.patches.RobustACompCor>
250528-00:55:12,260 nipype.workflow INFO:
	 [Node] Finished "acompcor", elapsed time 9.664907s.
250528-00:55:13,566 nipype.workflow INFO:
	 [Node] Setting-up "fmriprep_25_0_wf.sub_GEO013_wf.bold_ses_t2_task_image_run_4_wf.bold_confounds_wf.acompcor" in "/work/fmriprep_25_0_wf/sub_GEO013_wf/bold_ses_t2_task_image_run_4_wf/bold_confounds_wf/acompcor".
250528-00:55:14,17 nipype.workflow INFO:
	 [Node] Executing "acompcor" <niworkflows.interfaces.patches.RobustACompCor>
250528-00:55:19,568 nipype.workflow INFO:
	 [Node] Finished "acompcor", elapsed time 5.547322s.
250528-00:55:21,684 nipype.workflow INFO:
	 [Node] Setting-up "fmriprep_25_0_wf.sub_GEO013_wf.bold_ses_t2_task_image_run_5_wf.bold_confounds_wf.acompcor" in "/work/fmriprep_25_0_wf/sub_GEO013_wf/bold_ses_t2_task_image_run_5_wf/bold_confounds_wf/acompcor".
250528-00:55:22,390 nipype.workflow INFO:
	 [Node] Executing "acompcor" <niworkflows.interfaces.patches.RobustACompCor>
250528-00:55:31,805 nipype.workflow INFO:
	 [Node] Finished "acompcor", elapsed time 9.400332s.
250528-00:55:33,567 nipype.workflow INFO:
	 [Node] Setting-up "fmriprep_25_0_wf.sub_GEO013_wf.bold_ses_t3_task_image_run_1_wf.bold_confounds_wf.acompcor" in "/work/fmriprep_25_0_wf/sub_GEO013_wf/bold_ses_t3_task_image_run_1_wf/bold_confounds_wf/acompcor".
250528-00:55:34,8 nipype.workflow INFO:
	 [Node] Executing "acompcor" <niworkflows.interfaces.patches.RobustACompCor>
250528-00:55:39,565 nipype.workflow INFO:
	 [Node] Finished "acompcor", elapsed time 5.5564599999999995s.
250528-00:55:41,681 nipype.workflow INFO:
	 [Node] Setting-up "fmriprep_25_0_wf.sub_GEO013_wf.bold_ses_t3_task_image_run_2_wf.bold_confounds_wf.acompcor" in "/work/fmriprep_25_0_wf/sub_GEO013_wf/bold_ses_t3_task_image_run_2_wf/bold_confounds_wf/acompcor".
250528-00:55:42,93 nipype.workflow INFO:
	 [Node] Executing "acompcor" <niworkflows.interfaces.patches.RobustACompCor>
250528-00:55:48,21 nipype.workflow INFO:
	 [Node] Finished "acompcor", elapsed time 5.925914s.
250528-00:55:49,693 nipype.workflow INFO:
	 [Node] Setting-up "fmriprep_25_0_wf.sub_GEO013_wf.bold_ses_t3_task_image_run_3_wf.bold_confounds_wf.acompcor" in "/work/fmriprep_25_0_wf/sub_GEO013_wf/bold_ses_t3_task_image_run_3_wf/bold_confounds_wf/acompcor".
250528-00:55:50,508 nipype.workflow INFO:
	 [Node] Executing "acompcor" <niworkflows.interfaces.patches.RobustACompCor>
250528-00:55:56,157 nipype.workflow INFO:
	 [Node] Finished "acompcor", elapsed time 5.648213s.
250528-00:55:57,580 nipype.workflow INFO:
	 [Node] Setting-up "fmriprep_25_0_wf.sub_GEO013_wf.bold_ses_t3_task_image_run_4_wf.bold_confounds_wf.acompcor" in "/work/fmriprep_25_0_wf/sub_GEO013_wf/bold_ses_t3_task_image_run_4_wf/bold_confounds_wf/acompcor".
250528-00:55:58,36 nipype.workflow INFO:
	 [Node] Executing "acompcor" <niworkflows.interfaces.patches.RobustACompCor>
250528-00:56:04,752 nipype.workflow INFO:
	 [Node] Finished "acompcor", elapsed time 6.714447s.
250528-00:56:05,693 nipype.workflow INFO:
	 [Node] Setting-up "fmriprep_25_0_wf.sub_GEO013_wf.bold_ses_t3_task_retrans_run_1_wf.bold_confounds_wf.subtract_mask" in "/work/fmriprep_25_0_wf/sub_GEO013_wf/bold_ses_t3_task_retrans_run_1_wf/bold_confounds_wf/subtract_mask".
250528-00:56:05,981 nipype.workflow INFO:
	 [Node] Executing "subtract_mask" <niworkflows.interfaces.morphology.BinarySubtraction>
250528-00:56:06,106 nipype.workflow INFO:
	 [Node] Finished "subtract_mask", elapsed time 0.124067s.
250528-00:56:07,586 nipype.workflow INFO:
	 [Node] Setting-up "fmriprep_25_0_wf.sub_GEO013_wf.bold_ses_t2_task_image_run_1_wf.bold_confounds_wf.crowncompcor" in "/work/fmriprep_25_0_wf/sub_GEO013_wf/bold_ses_t2_task_image_run_1_wf/bold_confounds_wf/crowncompcor".
250528-00:56:07,927 nipype.workflow INFO:
	 [Node] Executing "crowncompcor" <niworkflows.interfaces.patches.RobustACompCor>
250528-00:56:15,994 nipype.workflow INFO:
	 [Node] Finished "crowncompcor", elapsed time 8.064314s.
250528-00:56:17,723 nipype.workflow INFO:
	 [Node] Setting-up "fmriprep_25_0_wf.sub_GEO013_wf.bold_ses_t2_task_image_run_1_wf.bold_confounds_wf.rename_acompcor" in "/work/fmriprep_25_0_wf/sub_GEO013_wf/bold_ses_t2_task_image_run_1_wf/bold_confounds_wf/rename_acompcor".
250528-00:56:18,776 nipype.workflow INFO:
	 [Node] Executing "rename_acompcor" <fmriprep.interfaces.confounds.RenameACompCor>
250528-00:56:19,323 nipype.workflow INFO:
	 [Node] Finished "rename_acompcor", elapsed time 0.545785s.
250528-00:56:21,674 nipype.workflow INFO:
	 [Node] Setting-up "fmriprep_25_0_wf.sub_GEO013_wf.bold_ses_t2_task_image_run_1_wf.bold_confounds_wf.signals" in "/work/fmriprep_25_0_wf/sub_GEO013_wf/bold_ses_t2_task_image_run_1_wf/bold_confounds_wf/signals".
250528-00:56:22,136 nipype.workflow INFO:
	 [Node] Executing "signals" <niworkflows.interfaces.images.SignalExtraction>
250528-00:56:28,288 nipype.workflow INFO:
	 [Node] Finished "signals", elapsed time 6.15071s.
250528-00:56:29,691 nipype.workflow INFO:
	 [Node] Setting-up "fmriprep_25_0_wf.sub_GEO013_wf.bold_ses_t2_task_image_run_2_wf.bold_confounds_wf.crowncompcor" in "/work/fmriprep_25_0_wf/sub_GEO013_wf/bold_ses_t2_task_image_run_2_wf/bold_confounds_wf/crowncompcor".
250528-00:56:30,130 nipype.workflow INFO:
	 [Node] Executing "crowncompcor" <niworkflows.interfaces.patches.RobustACompCor>
250528-00:56:37,946 nipype.workflow INFO:
	 [Node] Finished "crowncompcor", elapsed time 7.814366s.
250528-00:56:39,585 nipype.workflow INFO:
	 [Node] Setting-up "fmriprep_25_0_wf.sub_GEO013_wf.bold_ses_t2_task_image_run_2_wf.bold_confounds_wf.rename_acompcor" in "/work/fmriprep_25_0_wf/sub_GEO013_wf/bold_ses_t2_task_image_run_2_wf/bold_confounds_wf/rename_acompcor".
250528-00:56:40,158 nipype.workflow INFO:
	 [Node] Executing "rename_acompcor" <fmriprep.interfaces.confounds.RenameACompCor>
250528-00:56:40,370 nipype.workflow INFO:
	 [Node] Finished "rename_acompcor", elapsed time 0.21107s.
250528-00:56:41,811 nipype.workflow INFO:
	 [Node] Setting-up "fmriprep_25_0_wf.sub_GEO013_wf.bold_ses_t2_task_image_run_2_wf.bold_confounds_wf.signals" in "/work/fmriprep_25_0_wf/sub_GEO013_wf/bold_ses_t2_task_image_run_2_wf/bold_confounds_wf/signals".
250528-00:56:42,94 nipype.workflow INFO:
	 [Node] Executing "signals" <niworkflows.interfaces.images.SignalExtraction>
250528-00:56:48,323 nipype.workflow INFO:
	 [Node] Finished "signals", elapsed time 6.227604s.
250528-00:56:49,702 nipype.workflow INFO:
	 [Node] Setting-up "fmriprep_25_0_wf.sub_GEO013_wf.bold_ses_t2_task_image_run_3_wf.bold_confounds_wf.crowncompcor" in "/work/fmriprep_25_0_wf/sub_GEO013_wf/bold_ses_t2_task_image_run_3_wf/bold_confounds_wf/crowncompcor".
250528-00:56:50,209 nipype.workflow INFO:
	 [Node] Executing "crowncompcor" <niworkflows.interfaces.patches.RobustACompCor>
250528-00:57:02,218 nipype.workflow INFO:
	 [Node] Finished "crowncompcor", elapsed time 12.007998s.
250528-00:57:03,792 nipype.workflow INFO:
	 [Node] Setting-up "fmriprep_25_0_wf.sub_GEO013_wf.bold_ses_t2_task_image_run_3_wf.bold_confounds_wf.rename_acompcor" in "/work/fmriprep_25_0_wf/sub_GEO013_wf/bold_ses_t2_task_image_run_3_wf/bold_confounds_wf/rename_acompcor".
250528-00:57:04,586 nipype.workflow INFO:
	 [Node] Executing "rename_acompcor" <fmriprep.interfaces.confounds.RenameACompCor>
250528-00:57:04,787 nipype.workflow INFO:
	 [Node] Finished "rename_acompcor", elapsed time 0.199892s.
250528-00:57:05,836 nipype.workflow INFO:
	 [Node] Setting-up "fmriprep_25_0_wf.sub_GEO013_wf.bold_ses_t2_task_image_run_3_wf.bold_confounds_wf.signals" in "/work/fmriprep_25_0_wf/sub_GEO013_wf/bold_ses_t2_task_image_run_3_wf/bold_confounds_wf/signals".
250528-00:57:06,140 nipype.workflow INFO:
	 [Node] Executing "signals" <niworkflows.interfaces.images.SignalExtraction>
250528-00:57:12,509 nipype.workflow INFO:
	 [Node] Finished "signals", elapsed time 6.368521s.
250528-00:57:13,702 nipype.workflow INFO:
	 [Node] Setting-up "fmriprep_25_0_wf.sub_GEO013_wf.bold_ses_t2_task_image_run_4_wf.bold_confounds_wf.crowncompcor" in "/work/fmriprep_25_0_wf/sub_GEO013_wf/bold_ses_t2_task_image_run_4_wf/bold_confounds_wf/crowncompcor".
250528-00:57:14,65 nipype.workflow INFO:
	 [Node] Executing "crowncompcor" <niworkflows.interfaces.patches.RobustACompCor>
250528-00:57:22,329 nipype.workflow INFO:
	 [Node] Finished "crowncompcor", elapsed time 8.261848s.
250528-00:57:23,756 nipype.workflow INFO:
	 [Node] Setting-up "fmriprep_25_0_wf.sub_GEO013_wf.bold_ses_t2_task_image_run_4_wf.bold_confounds_wf.rename_acompcor" in "/work/fmriprep_25_0_wf/sub_GEO013_wf/bold_ses_t2_task_image_run_4_wf/bold_confounds_wf/rename_acompcor".
250528-00:57:24,97 nipype.workflow INFO:
	 [Node] Executing "rename_acompcor" <fmriprep.interfaces.confounds.RenameACompCor>
250528-00:57:24,347 nipype.workflow INFO:
	 [Node] Finished "rename_acompcor", elapsed time 0.24863s.
250528-00:57:25,708 nipype.workflow INFO:
	 [Node] Setting-up "fmriprep_25_0_wf.sub_GEO013_wf.bold_ses_t2_task_image_run_4_wf.bold_confounds_wf.signals" in "/work/fmriprep_25_0_wf/sub_GEO013_wf/bold_ses_t2_task_image_run_4_wf/bold_confounds_wf/signals".
250528-00:57:26,68 nipype.workflow INFO:
	 [Node] Executing "signals" <niworkflows.interfaces.images.SignalExtraction>
250528-00:57:32,562 nipype.workflow INFO:
	 [Node] Finished "signals", elapsed time 6.492351s.
250528-00:57:33,744 nipype.workflow INFO:
	 [Node] Setting-up "fmriprep_25_0_wf.sub_GEO013_wf.bold_ses_t2_task_image_run_5_wf.bold_confounds_wf.crowncompcor" in "/work/fmriprep_25_0_wf/sub_GEO013_wf/bold_ses_t2_task_image_run_5_wf/bold_confounds_wf/crowncompcor".
250528-00:57:34,48 nipype.workflow INFO:
	 [Node] Executing "crowncompcor" <niworkflows.interfaces.patches.RobustACompCor>
250528-00:57:46,277 nipype.workflow INFO:
	 [Node] Finished "crowncompcor", elapsed time 12.226715s.
250528-00:57:47,726 nipype.workflow INFO:
	 [Node] Setting-up "fmriprep_25_0_wf.sub_GEO013_wf.bold_ses_t2_task_image_run_5_wf.bold_confounds_wf.rename_acompcor" in "/work/fmriprep_25_0_wf/sub_GEO013_wf/bold_ses_t2_task_image_run_5_wf/bold_confounds_wf/rename_acompcor".
250528-00:57:48,48 nipype.workflow INFO:
	 [Node] Executing "rename_acompcor" <fmriprep.interfaces.confounds.RenameACompCor>
250528-00:57:48,306 nipype.workflow INFO:
	 [Node] Finished "rename_acompcor", elapsed time 0.256559s.
250528-00:57:49,736 nipype.workflow INFO:
	 [Node] Setting-up "fmriprep_25_0_wf.sub_GEO013_wf.bold_ses_t2_task_image_run_5_wf.bold_confounds_wf.signals" in "/work/fmriprep_25_0_wf/sub_GEO013_wf/bold_ses_t2_task_image_run_5_wf/bold_confounds_wf/signals".
250528-00:57:50,402 nipype.workflow INFO:
	 [Node] Executing "signals" <niworkflows.interfaces.images.SignalExtraction>
250528-00:57:56,564 nipype.workflow INFO:
	 [Node] Finished "signals", elapsed time 6.161515s.
250528-00:57:57,990 nipype.workflow INFO:
	 [Node] Setting-up "fmriprep_25_0_wf.sub_GEO013_wf.bold_ses_t3_task_image_run_1_wf.bold_confounds_wf.crowncompcor" in "/work/fmriprep_25_0_wf/sub_GEO013_wf/bold_ses_t3_task_image_run_1_wf/bold_confounds_wf/crowncompcor".
250528-00:57:58,414 nipype.workflow INFO:
	 [Node] Executing "crowncompcor" <niworkflows.interfaces.patches.RobustACompCor>
250528-00:58:06,606 nipype.workflow INFO:
	 [Node] Finished "crowncompcor", elapsed time 8.190886s.
250528-00:58:07,777 nipype.workflow INFO:
	 [Node] Setting-up "fmriprep_25_0_wf.sub_GEO013_wf.bold_ses_t3_task_image_run_1_wf.bold_confounds_wf.rename_acompcor" in "/work/fmriprep_25_0_wf/sub_GEO013_wf/bold_ses_t3_task_image_run_1_wf/bold_confounds_wf/rename_acompcor".
250528-00:58:08,290 nipype.workflow INFO:
	 [Node] Executing "rename_acompcor" <fmriprep.interfaces.confounds.RenameACompCor>
250528-00:58:08,518 nipype.workflow INFO:
	 [Node] Finished "rename_acompcor", elapsed time 0.224864s.
250528-00:58:09,665 nipype.workflow INFO:
	 [Node] Setting-up "fmriprep_25_0_wf.sub_GEO013_wf.bold_ses_t3_task_image_run_1_wf.bold_confounds_wf.signals" in "/work/fmriprep_25_0_wf/sub_GEO013_wf/bold_ses_t3_task_image_run_1_wf/bold_confounds_wf/signals".
250528-00:58:09,968 nipype.workflow INFO:
	 [Node] Executing "signals" <niworkflows.interfaces.images.SignalExtraction>
250528-00:58:16,151 nipype.workflow INFO:
	 [Node] Finished "signals", elapsed time 6.180083s.
250528-00:58:17,767 nipype.workflow INFO:
	 [Node] Setting-up "fmriprep_25_0_wf.sub_GEO013_wf.bold_ses_t3_task_image_run_2_wf.bold_confounds_wf.crowncompcor" in "/work/fmriprep_25_0_wf/sub_GEO013_wf/bold_ses_t3_task_image_run_2_wf/bold_confounds_wf/crowncompcor".
250528-00:58:18,87 nipype.workflow INFO:
	 [Node] Executing "crowncompcor" <niworkflows.interfaces.patches.RobustACompCor>
250528-00:58:26,626 nipype.workflow INFO:
	 [Node] Finished "crowncompcor", elapsed time 8.538258s.
250528-00:58:27,813 nipype.workflow INFO:
	 [Node] Setting-up "fmriprep_25_0_wf.sub_GEO013_wf.bold_ses_t3_task_image_run_2_wf.bold_confounds_wf.rename_acompcor" in "/work/fmriprep_25_0_wf/sub_GEO013_wf/bold_ses_t3_task_image_run_2_wf/bold_confounds_wf/rename_acompcor".
250528-00:58:28,62 nipype.workflow INFO:
	 [Node] Executing "rename_acompcor" <fmriprep.interfaces.confounds.RenameACompCor>
250528-00:58:28,257 nipype.workflow INFO:
	 [Node] Finished "rename_acompcor", elapsed time 0.193925s.
250528-00:58:29,672 nipype.workflow INFO:
	 [Node] Setting-up "fmriprep_25_0_wf.sub_GEO013_wf.bold_ses_t3_task_image_run_2_wf.bold_confounds_wf.signals" in "/work/fmriprep_25_0_wf/sub_GEO013_wf/bold_ses_t3_task_image_run_2_wf/bold_confounds_wf/signals".
250528-00:58:29,995 nipype.workflow INFO:
	 [Node] Executing "signals" <niworkflows.interfaces.images.SignalExtraction>
250528-00:58:36,133 nipype.workflow INFO:
	 [Node] Finished "signals", elapsed time 6.136505s.
250528-00:58:37,688 nipype.workflow INFO:
	 [Node] Setting-up "fmriprep_25_0_wf.sub_GEO013_wf.bold_ses_t3_task_image_run_3_wf.bold_confounds_wf.crowncompcor" in "/work/fmriprep_25_0_wf/sub_GEO013_wf/bold_ses_t3_task_image_run_3_wf/bold_confounds_wf/crowncompcor".
250528-00:58:38,568 nipype.workflow INFO:
	 [Node] Executing "crowncompcor" <niworkflows.interfaces.patches.RobustACompCor>
250528-00:58:47,285 nipype.workflow INFO:
	 [Node] Finished "crowncompcor", elapsed time 8.712775s.
250528-00:58:47,677 nipype.workflow INFO:
	 [Node] Setting-up "fmriprep_25_0_wf.sub_GEO013_wf.bold_ses_t3_task_image_run_3_wf.bold_confounds_wf.rename_acompcor" in "/work/fmriprep_25_0_wf/sub_GEO013_wf/bold_ses_t3_task_image_run_3_wf/bold_confounds_wf/rename_acompcor".
250528-00:58:47,926 nipype.workflow INFO:
	 [Node] Executing "rename_acompcor" <fmriprep.interfaces.confounds.RenameACompCor>
250528-00:58:48,183 nipype.workflow INFO:
	 [Node] Finished "rename_acompcor", elapsed time 0.255994s.
250528-00:58:49,802 nipype.workflow INFO:
	 [Node] Setting-up "fmriprep_25_0_wf.sub_GEO013_wf.bold_ses_t3_task_image_run_3_wf.bold_confounds_wf.signals" in "/work/fmriprep_25_0_wf/sub_GEO013_wf/bold_ses_t3_task_image_run_3_wf/bold_confounds_wf/signals".
250528-00:58:50,217 nipype.workflow INFO:
	 [Node] Executing "signals" <niworkflows.interfaces.images.SignalExtraction>
250528-00:58:56,326 nipype.workflow INFO:
	 [Node] Finished "signals", elapsed time 6.108137s.
250528-00:58:57,914 nipype.workflow INFO:
	 [Node] Setting-up "fmriprep_25_0_wf.sub_GEO013_wf.bold_ses_t3_task_image_run_4_wf.bold_confounds_wf.crowncompcor" in "/work/fmriprep_25_0_wf/sub_GEO013_wf/bold_ses_t3_task_image_run_4_wf/bold_confounds_wf/crowncompcor".
250528-00:58:58,312 nipype.workflow INFO:
	 [Node] Executing "crowncompcor" <niworkflows.interfaces.patches.RobustACompCor>
250528-00:59:06,526 nipype.workflow INFO:
	 [Node] Finished "crowncompcor", elapsed time 8.211585s.
250528-00:59:07,711 nipype.workflow INFO:
	 [Node] Setting-up "fmriprep_25_0_wf.sub_GEO013_wf.bold_ses_t3_task_image_run_4_wf.bold_confounds_wf.rename_acompcor" in "/work/fmriprep_25_0_wf/sub_GEO013_wf/bold_ses_t3_task_image_run_4_wf/bold_confounds_wf/rename_acompcor".
250528-00:59:08,170 nipype.workflow INFO:
	 [Node] Executing "rename_acompcor" <fmriprep.interfaces.confounds.RenameACompCor>
250528-00:59:08,392 nipype.workflow INFO:
	 [Node] Finished "rename_acompcor", elapsed time 0.221389s.
250528-00:59:09,817 nipype.workflow INFO:
	 [Node] Setting-up "fmriprep_25_0_wf.sub_GEO013_wf.bold_ses_t3_task_image_run_4_wf.bold_confounds_wf.signals" in "/work/fmriprep_25_0_wf/sub_GEO013_wf/bold_ses_t3_task_image_run_4_wf/bold_confounds_wf/signals".
250528-00:59:10,422 nipype.workflow INFO:
	 [Node] Executing "signals" <niworkflows.interfaces.images.SignalExtraction>
250528-00:59:16,904 nipype.workflow INFO:
	 [Node] Finished "signals", elapsed time 6.478972s.
250528-00:59:17,867 nipype.workflow INFO:
	 [Node] Setting-up "fmriprep_25_0_wf.sub_GEO013_wf.bold_ses_t3_task_image_run_5_wf.bold_confounds_wf.crowncompcor" in "/work/fmriprep_25_0_wf/sub_GEO013_wf/bold_ses_t3_task_image_run_5_wf/bold_confounds_wf/crowncompcor".
250528-00:59:18,184 nipype.workflow INFO:
	 [Node] Executing "crowncompcor" <niworkflows.interfaces.patches.RobustACompCor>
250528-00:59:26,344 nipype.workflow INFO:
	 [Node] Finished "crowncompcor", elapsed time 8.158429s.
250528-00:59:27,863 nipype.workflow INFO:
	 [Node] Setting-up "fmriprep_25_0_wf.sub_GEO013_wf.bold_ses_t3_task_retrans_run_1_wf.bold_confounds_wf.crowncompcor" in "/work/fmriprep_25_0_wf/sub_GEO013_wf/bold_ses_t3_task_retrans_run_1_wf/bold_confounds_wf/crowncompcor".
250528-00:59:28,409 nipype.workflow INFO:
	 [Node] Executing "crowncompcor" <niworkflows.interfaces.patches.RobustACompCor>
250528-00:59:38,598 nipype.workflow INFO:
	 [Node] Finished "crowncompcor", elapsed time 10.188178s.
250528-00:59:39,977 nipype.workflow INFO:
	 [Node] Setting-up "fmriprep_25_0_wf.sub_GEO013_wf.bold_ses_t2_task_image_run_1_wf.bold_confounds_wf.crowncc_metadata_fmt" in "/work/fmriprep_25_0_wf/sub_GEO013_wf/bold_ses_t2_task_image_run_1_wf/bold_confounds_wf/crowncc_metadata_fmt".
250528-00:59:40,195 nipype.workflow INFO:
	 [Node] Executing "crowncc_metadata_fmt" <niworkflows.interfaces.utility.TSV2JSON>
250528-00:59:40,311 nipype.workflow INFO:
	 [Node] Finished "crowncc_metadata_fmt", elapsed time 0.11462s.
250528-00:59:42,439 nipype.workflow INFO:
	 [Node] Setting-up "fmriprep_25_0_wf.sub_GEO013_wf.bold_ses_t2_task_image_run_1_wf.bold_confounds_wf.rois_plot" in "/work/fmriprep_25_0_wf/sub_GEO013_wf/bold_ses_t2_task_image_run_1_wf/bold_confounds_wf/rois_plot".
250528-00:59:42,776 nipype.workflow INFO:
	 [Node] Executing "rois_plot" <niworkflows.interfaces.reportlets.masks.ROIsPlot>
250528-01:00:05,198 nipype.workflow INFO:
	 [Node] Finished "rois_plot", elapsed time 22.384789s.
250528-01:00:07,935 nipype.workflow INFO:
	 [Node] Setting-up "fmriprep_25_0_wf.sub_GEO013_wf.bold_ses_t2_task_image_run_1_wf.bold_confounds_wf.acc_metadata_filter" in "/work/fmriprep_25_0_wf/sub_GEO013_wf/bold_ses_t2_task_image_run_1_wf/bold_confounds_wf/acc_metadata_filter".
250528-01:00:08,313 nipype.workflow INFO:
	 [Node] Executing "acc_metadata_filter" <fmriprep.interfaces.confounds.FilterDropped>
250528-01:00:08,407 nipype.workflow INFO:
	 [Node] Finished "acc_metadata_filter", elapsed time 0.090087s.
250528-01:00:12,252 nipype.workflow INFO:
	 [Node] Setting-up "fmriprep_25_0_wf.sub_GEO013_wf.bold_ses_t2_task_image_run_2_wf.bold_confounds_wf.crowncc_metadata_fmt" in "/work/fmriprep_25_0_wf/sub_GEO013_wf/bold_ses_t2_task_image_run_2_wf/bold_confounds_wf/crowncc_metadata_fmt".
250528-01:00:12,500 nipype.workflow INFO:
	 [Node] Executing "crowncc_metadata_fmt" <niworkflows.interfaces.utility.TSV2JSON>
250528-01:00:12,513 nipype.workflow INFO:
	 [Node] Finished "crowncc_metadata_fmt", elapsed time 0.01157s.
250528-01:00:15,686 nipype.workflow INFO:
	 [Node] Setting-up "fmriprep_25_0_wf.sub_GEO013_wf.bold_ses_t2_task_image_run_2_wf.bold_confounds_wf.rois_plot" in "/work/fmriprep_25_0_wf/sub_GEO013_wf/bold_ses_t2_task_image_run_2_wf/bold_confounds_wf/rois_plot".
250528-01:00:16,81 nipype.workflow INFO:
	 [Node] Executing "rois_plot" <niworkflows.interfaces.reportlets.masks.ROIsPlot>
250528-01:00:32,294 nipype.workflow INFO:
	 [Node] Finished "rois_plot", elapsed time 16.211146s.
250528-01:00:34,544 nipype.workflow INFO:
	 [Node] Setting-up "fmriprep_25_0_wf.sub_GEO013_wf.bold_ses_t2_task_image_run_2_wf.bold_confounds_wf.acc_metadata_filter" in "/work/fmriprep_25_0_wf/sub_GEO013_wf/bold_ses_t2_task_image_run_2_wf/bold_confounds_wf/acc_metadata_filter".
250528-01:00:34,742 nipype.workflow INFO:
	 [Node] Executing "acc_metadata_filter" <fmriprep.interfaces.confounds.FilterDropped>
250528-01:00:34,772 nipype.workflow INFO:
	 [Node] Finished "acc_metadata_filter", elapsed time 0.029114s.
250528-01:00:37,946 nipype.workflow INFO:
	 [Node] Setting-up "fmriprep_25_0_wf.sub_GEO013_wf.bold_ses_t2_task_image_run_3_wf.bold_confounds_wf.crowncc_metadata_fmt" in "/work/fmriprep_25_0_wf/sub_GEO013_wf/bold_ses_t2_task_image_run_3_wf/bold_confounds_wf/crowncc_metadata_fmt".
250528-01:00:38,249 nipype.workflow INFO:
	 [Node] Executing "crowncc_metadata_fmt" <niworkflows.interfaces.utility.TSV2JSON>
250528-01:00:38,275 nipype.workflow INFO:
	 [Node] Finished "crowncc_metadata_fmt", elapsed time 0.024198s.
250528-01:00:42,267 nipype.workflow INFO:
	 [Node] Setting-up "fmriprep_25_0_wf.sub_GEO013_wf.bold_ses_t2_task_image_run_3_wf.bold_confounds_wf.rois_plot" in "/work/fmriprep_25_0_wf/sub_GEO013_wf/bold_ses_t2_task_image_run_3_wf/bold_confounds_wf/rois_plot".
250528-01:00:42,583 nipype.workflow INFO:
	 [Node] Executing "rois_plot" <niworkflows.interfaces.reportlets.masks.ROIsPlot>
250528-01:00:59,508 nipype.workflow INFO:
	 [Node] Finished "rois_plot", elapsed time 16.92349s.
250528-01:01:00,570 nipype.workflow INFO:
	 [Node] Setting-up "fmriprep_25_0_wf.sub_GEO013_wf.bold_ses_t2_task_image_run_3_wf.bold_confounds_wf.acc_metadata_filter" in "/work/fmriprep_25_0_wf/sub_GEO013_wf/bold_ses_t2_task_image_run_3_wf/bold_confounds_wf/acc_metadata_filter".
250528-01:01:00,792 nipype.workflow INFO:
	 [Node] Executing "acc_metadata_filter" <fmriprep.interfaces.confounds.FilterDropped>
250528-01:01:00,828 nipype.workflow INFO:
	 [Node] Finished "acc_metadata_filter", elapsed time 0.035225s.
250528-01:01:04,224 nipype.workflow INFO:
	 [Node] Setting-up "fmriprep_25_0_wf.sub_GEO013_wf.bold_ses_t2_task_image_run_4_wf.bold_confounds_wf.crowncc_metadata_fmt" in "/work/fmriprep_25_0_wf/sub_GEO013_wf/bold_ses_t2_task_image_run_4_wf/bold_confounds_wf/crowncc_metadata_fmt".
250528-01:01:04,473 nipype.workflow INFO:
	 [Node] Executing "crowncc_metadata_fmt" <niworkflows.interfaces.utility.TSV2JSON>
250528-01:01:04,487 nipype.workflow INFO:
	 [Node] Finished "crowncc_metadata_fmt", elapsed time 0.01289s.
250528-01:01:07,796 nipype.workflow INFO:
	 [Node] Setting-up "fmriprep_25_0_wf.sub_GEO013_wf.bold_ses_t2_task_image_run_4_wf.bold_confounds_wf.rois_plot" in "/work/fmriprep_25_0_wf/sub_GEO013_wf/bold_ses_t2_task_image_run_4_wf/bold_confounds_wf/rois_plot".
250528-01:01:08,823 nipype.workflow INFO:
	 [Node] Executing "rois_plot" <niworkflows.interfaces.reportlets.masks.ROIsPlot>
250528-01:01:26,597 nipype.workflow INFO:
	 [Node] Finished "rois_plot", elapsed time 17.772566s.
250528-01:01:28,695 nipype.workflow INFO:
	 [Node] Setting-up "fmriprep_25_0_wf.sub_GEO013_wf.bold_ses_t2_task_image_run_4_wf.bold_confounds_wf.acc_metadata_filter" in "/work/fmriprep_25_0_wf/sub_GEO013_wf/bold_ses_t2_task_image_run_4_wf/bold_confounds_wf/acc_metadata_filter".
250528-01:01:29,8 nipype.workflow INFO:
	 [Node] Executing "acc_metadata_filter" <fmriprep.interfaces.confounds.FilterDropped>
250528-01:01:29,81 nipype.workflow INFO:
	 [Node] Finished "acc_metadata_filter", elapsed time 0.069034s.
250528-01:01:32,523 nipype.workflow INFO:
	 [Node] Setting-up "fmriprep_25_0_wf.sub_GEO013_wf.bold_ses_t2_task_image_run_5_wf.bold_confounds_wf.crowncc_metadata_fmt" in "/work/fmriprep_25_0_wf/sub_GEO013_wf/bold_ses_t2_task_image_run_5_wf/bold_confounds_wf/crowncc_metadata_fmt".
250528-01:01:32,708 nipype.workflow INFO:
	 [Node] Executing "crowncc_metadata_fmt" <niworkflows.interfaces.utility.TSV2JSON>
250528-01:01:32,723 nipype.workflow INFO:
	 [Node] Finished "crowncc_metadata_fmt", elapsed time 0.013533s.
250528-01:01:35,929 nipype.workflow INFO:
	 [Node] Setting-up "fmriprep_25_0_wf.sub_GEO013_wf.bold_ses_t2_task_image_run_5_wf.bold_confounds_wf.rois_plot" in "/work/fmriprep_25_0_wf/sub_GEO013_wf/bold_ses_t2_task_image_run_5_wf/bold_confounds_wf/rois_plot".
250528-01:01:36,238 nipype.workflow INFO:
	 [Node] Executing "rois_plot" <niworkflows.interfaces.reportlets.masks.ROIsPlot>
250528-01:01:54,599 nipype.workflow INFO:
	 [Node] Finished "rois_plot", elapsed time 18.360006s.
250528-01:01:56,936 nipype.workflow INFO:
	 [Node] Setting-up "fmriprep_25_0_wf.sub_GEO013_wf.bold_ses_t2_task_image_run_5_wf.bold_confounds_wf.acc_metadata_filter" in "/work/fmriprep_25_0_wf/sub_GEO013_wf/bold_ses_t2_task_image_run_5_wf/bold_confounds_wf/acc_metadata_filter".
250528-01:01:57,214 nipype.workflow INFO:
	 [Node] Executing "acc_metadata_filter" <fmriprep.interfaces.confounds.FilterDropped>
250528-01:01:57,249 nipype.workflow INFO:
	 [Node] Finished "acc_metadata_filter", elapsed time 0.033045s.
250528-01:02:00,161 nipype.workflow INFO:
	 [Node] Setting-up "fmriprep_25_0_wf.sub_GEO013_wf.bold_ses_t3_task_image_run_1_wf.bold_confounds_wf.crowncc_metadata_fmt" in "/work/fmriprep_25_0_wf/sub_GEO013_wf/bold_ses_t3_task_image_run_1_wf/bold_confounds_wf/crowncc_metadata_fmt".
250528-01:02:00,344 nipype.workflow INFO:
	 [Node] Executing "crowncc_metadata_fmt" <niworkflows.interfaces.utility.TSV2JSON>
250528-01:02:00,354 nipype.workflow INFO:
	 [Node] Finished "crowncc_metadata_fmt", elapsed time 0.008914s.
250528-01:02:01,539 nipype.workflow INFO:
	 [Node] Setting-up "fmriprep_25_0_wf.sub_GEO013_wf.bold_ses_t3_task_image_run_1_wf.bold_confounds_wf.rois_plot" in "/work/fmriprep_25_0_wf/sub_GEO013_wf/bold_ses_t3_task_image_run_1_wf/bold_confounds_wf/rois_plot".
250528-01:02:02,530 nipype.workflow INFO:
	 [Node] Executing "rois_plot" <niworkflows.interfaces.reportlets.masks.ROIsPlot>
250528-01:02:20,228 nipype.workflow INFO:
	 [Node] Finished "rois_plot", elapsed time 17.68937s.
250528-01:02:20,954 nipype.workflow INFO:
	 [Node] Setting-up "fmriprep_25_0_wf.sub_GEO013_wf.bold_ses_t3_task_image_run_1_wf.bold_confounds_wf.acc_metadata_filter" in "/work/fmriprep_25_0_wf/sub_GEO013_wf/bold_ses_t3_task_image_run_1_wf/bold_confounds_wf/acc_metadata_filter".
250528-01:02:21,139 nipype.workflow INFO:
	 [Node] Executing "acc_metadata_filter" <fmriprep.interfaces.confounds.FilterDropped>
250528-01:02:21,195 nipype.workflow INFO:
	 [Node] Finished "acc_metadata_filter", elapsed time 0.054331s.
250528-01:02:25,49 nipype.workflow INFO:
	 [Node] Setting-up "fmriprep_25_0_wf.sub_GEO013_wf.bold_ses_t3_task_image_run_2_wf.bold_confounds_wf.crowncc_metadata_fmt" in "/work/fmriprep_25_0_wf/sub_GEO013_wf/bold_ses_t3_task_image_run_2_wf/bold_confounds_wf/crowncc_metadata_fmt".
250528-01:02:25,595 nipype.workflow INFO:
	 [Node] Executing "crowncc_metadata_fmt" <niworkflows.interfaces.utility.TSV2JSON>
250528-01:02:25,613 nipype.workflow INFO:
	 [Node] Finished "crowncc_metadata_fmt", elapsed time 0.016843s.
250528-01:02:28,551 nipype.workflow INFO:
	 [Node] Setting-up "fmriprep_25_0_wf.sub_GEO013_wf.bold_ses_t3_task_image_run_2_wf.bold_confounds_wf.rois_plot" in "/work/fmriprep_25_0_wf/sub_GEO013_wf/bold_ses_t3_task_image_run_2_wf/bold_confounds_wf/rois_plot".
250528-01:02:29,182 nipype.workflow INFO:
	 [Node] Executing "rois_plot" <niworkflows.interfaces.reportlets.masks.ROIsPlot>
250528-01:02:47,774 nipype.workflow INFO:
	 [Node] Finished "rois_plot", elapsed time 18.59084s.
250528-01:02:49,475 nipype.workflow INFO:
	 [Node] Setting-up "fmriprep_25_0_wf.sub_GEO013_wf.bold_ses_t3_task_image_run_2_wf.bold_confounds_wf.acc_metadata_filter" in "/work/fmriprep_25_0_wf/sub_GEO013_wf/bold_ses_t3_task_image_run_2_wf/bold_confounds_wf/acc_metadata_filter".
250528-01:02:49,650 nipype.workflow INFO:
	 [Node] Executing "acc_metadata_filter" <fmriprep.interfaces.confounds.FilterDropped>
250528-01:02:49,717 nipype.workflow INFO:
	 [Node] Finished "acc_metadata_filter", elapsed time 0.065862s.
250528-01:02:52,622 nipype.workflow INFO:
	 [Node] Setting-up "fmriprep_25_0_wf.sub_GEO013_wf.bold_ses_t3_task_image_run_3_wf.bold_confounds_wf.crowncc_metadata_fmt" in "/work/fmriprep_25_0_wf/sub_GEO013_wf/bold_ses_t3_task_image_run_3_wf/bold_confounds_wf/crowncc_metadata_fmt".
250528-01:02:52,813 nipype.workflow INFO:
	 [Node] Executing "crowncc_metadata_fmt" <niworkflows.interfaces.utility.TSV2JSON>
250528-01:02:52,829 nipype.workflow INFO:
	 [Node] Finished "crowncc_metadata_fmt", elapsed time 0.014738s.
250528-01:02:54,240 nipype.workflow INFO:
	 [Node] Setting-up "fmriprep_25_0_wf.sub_GEO013_wf.bold_ses_t3_task_image_run_3_wf.bold_confounds_wf.rois_plot" in "/work/fmriprep_25_0_wf/sub_GEO013_wf/bold_ses_t3_task_image_run_3_wf/bold_confounds_wf/rois_plot".
250528-01:02:54,610 nipype.workflow INFO:
	 [Node] Executing "rois_plot" <niworkflows.interfaces.reportlets.masks.ROIsPlot>
250528-01:03:13,858 nipype.workflow INFO:
	 [Node] Finished "rois_plot", elapsed time 19.246513s.
250528-01:03:15,370 nipype.workflow INFO:
	 [Node] Setting-up "fmriprep_25_0_wf.sub_GEO013_wf.bold_ses_t3_task_image_run_3_wf.bold_confounds_wf.acc_metadata_filter" in "/work/fmriprep_25_0_wf/sub_GEO013_wf/bold_ses_t3_task_image_run_3_wf/bold_confounds_wf/acc_metadata_filter".
250528-01:03:15,679 nipype.workflow INFO:
	 [Node] Executing "acc_metadata_filter" <fmriprep.interfaces.confounds.FilterDropped>
250528-01:03:15,710 nipype.workflow INFO:
	 [Node] Finished "acc_metadata_filter", elapsed time 0.030114s.
250528-01:03:18,640 nipype.workflow INFO:
	 [Node] Setting-up "fmriprep_25_0_wf.sub_GEO013_wf.bold_ses_t3_task_image_run_4_wf.bold_confounds_wf.crowncc_metadata_fmt" in "/work/fmriprep_25_0_wf/sub_GEO013_wf/bold_ses_t3_task_image_run_4_wf/bold_confounds_wf/crowncc_metadata_fmt".
250528-01:03:18,849 nipype.workflow INFO:
	 [Node] Executing "crowncc_metadata_fmt" <niworkflows.interfaces.utility.TSV2JSON>
250528-01:03:18,864 nipype.workflow INFO:
	 [Node] Finished "crowncc_metadata_fmt", elapsed time 0.014273s.
250528-01:03:20,57 nipype.workflow INFO:
	 [Node] Setting-up "fmriprep_25_0_wf.sub_GEO013_wf.bold_ses_t3_task_image_run_4_wf.bold_confounds_wf.rois_plot" in "/work/fmriprep_25_0_wf/sub_GEO013_wf/bold_ses_t3_task_image_run_4_wf/bold_confounds_wf/rois_plot".
250528-01:03:20,338 nipype.workflow INFO:
	 [Node] Executing "rois_plot" <niworkflows.interfaces.reportlets.masks.ROIsPlot>
250528-01:03:38,847 nipype.workflow INFO:
	 [Node] Finished "rois_plot", elapsed time 18.507723s.
250528-01:03:39,486 nipype.workflow INFO:
	 [Node] Setting-up "fmriprep_25_0_wf.sub_GEO013_wf.bold_ses_t3_task_image_run_4_wf.bold_confounds_wf.acc_metadata_filter" in "/work/fmriprep_25_0_wf/sub_GEO013_wf/bold_ses_t3_task_image_run_4_wf/bold_confounds_wf/acc_metadata_filter".
250528-01:03:39,675 nipype.workflow INFO:
	 [Node] Executing "acc_metadata_filter" <fmriprep.interfaces.confounds.FilterDropped>
250528-01:03:39,705 nipype.workflow INFO:
	 [Node] Finished "acc_metadata_filter", elapsed time 0.02925s.
250528-01:03:42,602 nipype.workflow INFO:
	 [Node] Setting-up "fmriprep_25_0_wf.sub_GEO013_wf.bold_ses_t3_task_image_run_5_wf.bold_confounds_wf.crowncc_metadata_fmt" in "/work/fmriprep_25_0_wf/sub_GEO013_wf/bold_ses_t3_task_image_run_5_wf/bold_confounds_wf/crowncc_metadata_fmt".
250528-01:03:43,429 nipype.workflow INFO:
	 [Node] Executing "crowncc_metadata_fmt" <niworkflows.interfaces.utility.TSV2JSON>
250528-01:03:43,605 nipype.workflow INFO:
	 [Node] Finished "crowncc_metadata_fmt", elapsed time 0.174772s.
250528-01:03:45,496 nipype.workflow INFO:
	 [Node] Setting-up "fmriprep_25_0_wf.sub_GEO013_wf.bold_ses_t3_task_retrans_run_1_wf.bold_confounds_wf.crowncc_metadata_fmt" in "/work/fmriprep_25_0_wf/sub_GEO013_wf/bold_ses_t3_task_retrans_run_1_wf/bold_confounds_wf/crowncc_metadata_fmt".
250528-01:03:45,709 nipype.workflow INFO:
	 [Node] Executing "crowncc_metadata_fmt" <niworkflows.interfaces.utility.TSV2JSON>
250528-01:03:45,722 nipype.workflow INFO:
	 [Node] Finished "crowncc_metadata_fmt", elapsed time 0.011241s.
250528-01:03:47,678 nipype.workflow INFO:
	 [Node] Setting-up "fmriprep_25_0_wf.sub_GEO013_wf.bold_ses_t2_task_image_run_1_wf.bold_confounds_wf.compcor_plot" in "/work/fmriprep_25_0_wf/sub_GEO013_wf/bold_ses_t2_task_image_run_1_wf/bold_confounds_wf/compcor_plot".
250528-01:03:48,338 nipype.workflow INFO:
	 [Node] Executing "compcor_plot" <nireports.interfaces.nuisance.CompCorVariancePlot>
250528-01:03:48,993 nipype.workflow INFO:
	 [Node] Finished "compcor_plot", elapsed time 0.643767s.
250528-01:03:52,104 nipype.workflow INFO:
	 [Node] Setting-up "fmriprep_25_0_wf.sub_GEO013_wf.bold_ses_t2_task_image_run_1_wf.bold_confounds_wf.acc_metadata_fmt" in "/work/fmriprep_25_0_wf/sub_GEO013_wf/bold_ses_t2_task_image_run_1_wf/bold_confounds_wf/acc_metadata_fmt".
250528-01:03:52,234 nipype.workflow INFO:
	 [Node] Executing "acc_metadata_fmt" <niworkflows.interfaces.utility.TSV2JSON>
250528-01:03:52,247 nipype.workflow INFO:
	 [Node] Finished "acc_metadata_fmt", elapsed time 0.012012s.
250528-01:03:53,505 nipype.workflow INFO:
	 [Node] Setting-up "fmriprep_25_0_wf.sub_GEO013_wf.bold_ses_t2_task_image_run_1_wf.bold_confounds_wf.model_expansion" in "/work/fmriprep_25_0_wf/sub_GEO013_wf/bold_ses_t2_task_image_run_1_wf/bold_confounds_wf/model_expansion".
250528-01:03:53,708 nipype.workflow INFO:
	 [Node] Executing "model_expansion" <niworkflows.interfaces.confounds.ExpandModel>
250528-01:03:53,934 nipype.workflow INFO:
	 [Node] Finished "model_expansion", elapsed time 0.224874s.
250528-01:03:55,483 nipype.workflow INFO:
	 [Node] Setting-up "fmriprep_25_0_wf.sub_GEO013_wf.bold_ses_t2_task_image_run_1_wf.bold_confounds_wf.conf_corr_plot" in "/work/fmriprep_25_0_wf/sub_GEO013_wf/bold_ses_t2_task_image_run_1_wf/bold_confounds_wf/conf_corr_plot".
250528-01:03:55,748 nipype.workflow INFO:
	 [Node] Executing "conf_corr_plot" <nireports.interfaces.nuisance.ConfoundsCorrelationPlot>
250528-01:03:56,735 nipype.workflow INFO:
	 [Node] Finished "conf_corr_plot", elapsed time 0.986209s.
250528-01:03:57,507 nipype.workflow INFO:
	 [Node] Setting-up "fmriprep_25_0_wf.sub_GEO013_wf.bold_ses_t2_task_image_run_2_wf.bold_confounds_wf.compcor_plot" in "/work/fmriprep_25_0_wf/sub_GEO013_wf/bold_ses_t2_task_image_run_2_wf/bold_confounds_wf/compcor_plot".
250528-01:03:57,768 nipype.workflow INFO:
	 [Node] Executing "compcor_plot" <nireports.interfaces.nuisance.CompCorVariancePlot>
250528-01:03:58,34 nipype.workflow INFO:
	 [Node] Finished "compcor_plot", elapsed time 0.265457s.
250528-01:04:00,76 nipype.workflow INFO:
	 [Node] Setting-up "fmriprep_25_0_wf.sub_GEO013_wf.bold_ses_t2_task_image_run_2_wf.bold_confounds_wf.acc_metadata_fmt" in "/work/fmriprep_25_0_wf/sub_GEO013_wf/bold_ses_t2_task_image_run_2_wf/bold_confounds_wf/acc_metadata_fmt".
250528-01:04:00,434 nipype.workflow INFO:
	 [Node] Executing "acc_metadata_fmt" <niworkflows.interfaces.utility.TSV2JSON>
250528-01:04:00,449 nipype.workflow INFO:
	 [Node] Finished "acc_metadata_fmt", elapsed time 0.013453s.
250528-01:04:01,502 nipype.workflow INFO:
	 [Node] Setting-up "fmriprep_25_0_wf.sub_GEO013_wf.bold_ses_t2_task_image_run_2_wf.bold_confounds_wf.model_expansion" in "/work/fmriprep_25_0_wf/sub_GEO013_wf/bold_ses_t2_task_image_run_2_wf/bold_confounds_wf/model_expansion".
250528-01:04:01,727 nipype.workflow INFO:
	 [Node] Executing "model_expansion" <niworkflows.interfaces.confounds.ExpandModel>
250528-01:04:01,935 nipype.workflow INFO:
	 [Node] Finished "model_expansion", elapsed time 0.206697s.
250528-01:04:03,521 nipype.workflow INFO:
	 [Node] Setting-up "fmriprep_25_0_wf.sub_GEO013_wf.bold_ses_t2_task_image_run_2_wf.bold_confounds_wf.conf_corr_plot" in "/work/fmriprep_25_0_wf/sub_GEO013_wf/bold_ses_t2_task_image_run_2_wf/bold_confounds_wf/conf_corr_plot".
250528-01:04:03,724 nipype.workflow INFO:
	 [Node] Executing "conf_corr_plot" <nireports.interfaces.nuisance.ConfoundsCorrelationPlot>
250528-01:04:04,623 nipype.workflow INFO:
	 [Node] Finished "conf_corr_plot", elapsed time 0.897384s.
250528-01:04:05,519 nipype.workflow INFO:
	 [Node] Setting-up "fmriprep_25_0_wf.sub_GEO013_wf.bold_ses_t2_task_image_run_3_wf.bold_confounds_wf.compcor_plot" in "/work/fmriprep_25_0_wf/sub_GEO013_wf/bold_ses_t2_task_image_run_3_wf/bold_confounds_wf/compcor_plot".
250528-01:04:05,788 nipype.workflow INFO:
	 [Node] Executing "compcor_plot" <nireports.interfaces.nuisance.CompCorVariancePlot>
250528-01:04:06,266 nipype.workflow INFO:
	 [Node] Finished "compcor_plot", elapsed time 0.477368s.
250528-01:04:09,695 nipype.workflow INFO:
	 [Node] Setting-up "fmriprep_25_0_wf.sub_GEO013_wf.bold_ses_t2_task_image_run_3_wf.bold_confounds_wf.acc_metadata_fmt" in "/work/fmriprep_25_0_wf/sub_GEO013_wf/bold_ses_t2_task_image_run_3_wf/bold_confounds_wf/acc_metadata_fmt".
250528-01:04:10,225 nipype.workflow INFO:
	 [Node] Executing "acc_metadata_fmt" <niworkflows.interfaces.utility.TSV2JSON>
250528-01:04:10,237 nipype.workflow INFO:
	 [Node] Finished "acc_metadata_fmt", elapsed time 0.011095s.
250528-01:04:12,210 nipype.workflow INFO:
	 [Node] Setting-up "fmriprep_25_0_wf.sub_GEO013_wf.bold_ses_t2_task_image_run_3_wf.bold_confounds_wf.model_expansion" in "/work/fmriprep_25_0_wf/sub_GEO013_wf/bold_ses_t2_task_image_run_3_wf/bold_confounds_wf/model_expansion".
250528-01:04:12,361 nipype.workflow INFO:
	 [Node] Executing "model_expansion" <niworkflows.interfaces.confounds.ExpandModel>
250528-01:04:12,567 nipype.workflow INFO:
	 [Node] Finished "model_expansion", elapsed time 0.204972s.
250528-01:04:14,84 nipype.workflow INFO:
	 [Node] Setting-up "fmriprep_25_0_wf.sub_GEO013_wf.bold_ses_t2_task_image_run_3_wf.bold_confounds_wf.conf_corr_plot" in "/work/fmriprep_25_0_wf/sub_GEO013_wf/bold_ses_t2_task_image_run_3_wf/bold_confounds_wf/conf_corr_plot".
250528-01:04:14,268 nipype.workflow INFO:
	 [Node] Executing "conf_corr_plot" <nireports.interfaces.nuisance.ConfoundsCorrelationPlot>
250528-01:04:15,126 nipype.workflow INFO:
	 [Node] Finished "conf_corr_plot", elapsed time 0.856767s.
250528-01:04:16,86 nipype.workflow INFO:
	 [Node] Setting-up "fmriprep_25_0_wf.sub_GEO013_wf.bold_ses_t2_task_image_run_4_wf.bold_confounds_wf.compcor_plot" in "/work/fmriprep_25_0_wf/sub_GEO013_wf/bold_ses_t2_task_image_run_4_wf/bold_confounds_wf/compcor_plot".
250528-01:04:16,244 nipype.workflow INFO:
	 [Node] Executing "compcor_plot" <nireports.interfaces.nuisance.CompCorVariancePlot>
250528-01:04:16,505 nipype.workflow INFO:
	 [Node] Finished "compcor_plot", elapsed time 0.260014s.
250528-01:04:18,665 nipype.workflow INFO:
	 [Node] Setting-up "fmriprep_25_0_wf.sub_GEO013_wf.bold_ses_t2_task_image_run_4_wf.bold_confounds_wf.acc_metadata_fmt" in "/work/fmriprep_25_0_wf/sub_GEO013_wf/bold_ses_t2_task_image_run_4_wf/bold_confounds_wf/acc_metadata_fmt".
250528-01:04:18,899 nipype.workflow INFO:
	 [Node] Executing "acc_metadata_fmt" <niworkflows.interfaces.utility.TSV2JSON>
250528-01:04:18,912 nipype.workflow INFO:
	 [Node] Finished "acc_metadata_fmt", elapsed time 0.011078s.
250528-01:04:19,964 nipype.workflow INFO:
	 [Node] Setting-up "fmriprep_25_0_wf.sub_GEO013_wf.bold_ses_t2_task_image_run_4_wf.bold_confounds_wf.model_expansion" in "/work/fmriprep_25_0_wf/sub_GEO013_wf/bold_ses_t2_task_image_run_4_wf/bold_confounds_wf/model_expansion".
250528-01:04:20,138 nipype.workflow INFO:
	 [Node] Executing "model_expansion" <niworkflows.interfaces.confounds.ExpandModel>
250528-01:04:20,372 nipype.workflow INFO:
	 [Node] Finished "model_expansion", elapsed time 0.232045s.
250528-01:04:22,89 nipype.workflow INFO:
	 [Node] Setting-up "fmriprep_25_0_wf.sub_GEO013_wf.bold_ses_t2_task_image_run_4_wf.bold_confounds_wf.conf_corr_plot" in "/work/fmriprep_25_0_wf/sub_GEO013_wf/bold_ses_t2_task_image_run_4_wf/bold_confounds_wf/conf_corr_plot".
250528-01:04:22,276 nipype.workflow INFO:
	 [Node] Executing "conf_corr_plot" <nireports.interfaces.nuisance.ConfoundsCorrelationPlot>
250528-01:04:23,138 nipype.workflow INFO:
	 [Node] Finished "conf_corr_plot", elapsed time 0.860212s.
250528-01:04:24,83 nipype.workflow INFO:
	 [Node] Setting-up "fmriprep_25_0_wf.sub_GEO013_wf.bold_ses_t2_task_image_run_5_wf.bold_confounds_wf.compcor_plot" in "/work/fmriprep_25_0_wf/sub_GEO013_wf/bold_ses_t2_task_image_run_5_wf/bold_confounds_wf/compcor_plot".
250528-01:04:24,289 nipype.workflow INFO:
	 [Node] Executing "compcor_plot" <nireports.interfaces.nuisance.CompCorVariancePlot>
250528-01:04:24,592 nipype.workflow INFO:
	 [Node] Finished "compcor_plot", elapsed time 0.301817s.
250528-01:04:26,866 nipype.workflow INFO:
	 [Node] Setting-up "fmriprep_25_0_wf.sub_GEO013_wf.bold_ses_t2_task_image_run_5_wf.bold_confounds_wf.acc_metadata_fmt" in "/work/fmriprep_25_0_wf/sub_GEO013_wf/bold_ses_t2_task_image_run_5_wf/bold_confounds_wf/acc_metadata_fmt".
250528-01:04:27,108 nipype.workflow INFO:
	 [Node] Executing "acc_metadata_fmt" <niworkflows.interfaces.utility.TSV2JSON>
250528-01:04:27,121 nipype.workflow INFO:
	 [Node] Finished "acc_metadata_fmt", elapsed time 0.011162s.
250528-01:04:28,238 nipype.workflow INFO:
	 [Node] Setting-up "fmriprep_25_0_wf.sub_GEO013_wf.bold_ses_t2_task_image_run_5_wf.bold_confounds_wf.model_expansion" in "/work/fmriprep_25_0_wf/sub_GEO013_wf/bold_ses_t2_task_image_run_5_wf/bold_confounds_wf/model_expansion".
250528-01:04:28,873 nipype.workflow INFO:
	 [Node] Executing "model_expansion" <niworkflows.interfaces.confounds.ExpandModel>
250528-01:04:29,273 nipype.workflow INFO:
	 [Node] Finished "model_expansion", elapsed time 0.387906s.
250528-01:04:30,22 nipype.workflow INFO:
	 [Node] Setting-up "fmriprep_25_0_wf.sub_GEO013_wf.bold_ses_t2_task_image_run_5_wf.bold_confounds_wf.conf_corr_plot" in "/work/fmriprep_25_0_wf/sub_GEO013_wf/bold_ses_t2_task_image_run_5_wf/bold_confounds_wf/conf_corr_plot".
250528-01:04:30,636 nipype.workflow INFO:
	 [Node] Executing "conf_corr_plot" <nireports.interfaces.nuisance.ConfoundsCorrelationPlot>
250528-01:04:31,828 nipype.workflow INFO:
	 [Node] Finished "conf_corr_plot", elapsed time 1.179718s.
250528-01:04:34,561 nipype.workflow INFO:
	 [Node] Setting-up "fmriprep_25_0_wf.sub_GEO013_wf.bold_ses_t3_task_image_run_1_wf.bold_confounds_wf.compcor_plot" in "/work/fmriprep_25_0_wf/sub_GEO013_wf/bold_ses_t3_task_image_run_1_wf/bold_confounds_wf/compcor_plot".
250528-01:04:34,845 nipype.workflow INFO:
	 [Node] Executing "compcor_plot" <nireports.interfaces.nuisance.CompCorVariancePlot>
250528-01:04:35,326 nipype.workflow INFO:
	 [Node] Finished "compcor_plot", elapsed time 0.480056s.
250528-01:04:37,46 nipype.workflow INFO:
	 [Node] Setting-up "fmriprep_25_0_wf.sub_GEO013_wf.bold_ses_t3_task_image_run_1_wf.bold_confounds_wf.acc_metadata_fmt" in "/work/fmriprep_25_0_wf/sub_GEO013_wf/bold_ses_t3_task_image_run_1_wf/bold_confounds_wf/acc_metadata_fmt".
250528-01:04:37,221 nipype.workflow INFO:
	 [Node] Executing "acc_metadata_fmt" <niworkflows.interfaces.utility.TSV2JSON>
250528-01:04:37,232 nipype.workflow INFO:
	 [Node] Finished "acc_metadata_fmt", elapsed time 0.009777s.
250528-01:04:38,249 nipype.workflow INFO:
	 [Node] Setting-up "fmriprep_25_0_wf.sub_GEO013_wf.bold_ses_t3_task_image_run_1_wf.bold_confounds_wf.model_expansion" in "/work/fmriprep_25_0_wf/sub_GEO013_wf/bold_ses_t3_task_image_run_1_wf/bold_confounds_wf/model_expansion".
250528-01:04:38,456 nipype.workflow INFO:
	 [Node] Executing "model_expansion" <niworkflows.interfaces.confounds.ExpandModel>
250528-01:04:38,641 nipype.workflow INFO:
	 [Node] Finished "model_expansion", elapsed time 0.183576s.
250528-01:04:40,106 nipype.workflow INFO:
	 [Node] Setting-up "fmriprep_25_0_wf.sub_GEO013_wf.bold_ses_t3_task_image_run_1_wf.bold_confounds_wf.conf_corr_plot" in "/work/fmriprep_25_0_wf/sub_GEO013_wf/bold_ses_t3_task_image_run_1_wf/bold_confounds_wf/conf_corr_plot".
250528-01:04:40,294 nipype.workflow INFO:
	 [Node] Executing "conf_corr_plot" <nireports.interfaces.nuisance.ConfoundsCorrelationPlot>
250528-01:04:41,158 nipype.workflow INFO:
	 [Node] Finished "conf_corr_plot", elapsed time 0.863391s.
250528-01:04:42,117 nipype.workflow INFO:
	 [Node] Setting-up "fmriprep_25_0_wf.sub_GEO013_wf.bold_ses_t3_task_image_run_2_wf.bold_confounds_wf.compcor_plot" in "/work/fmriprep_25_0_wf/sub_GEO013_wf/bold_ses_t3_task_image_run_2_wf/bold_confounds_wf/compcor_plot".
250528-01:04:42,290 nipype.workflow INFO:
	 [Node] Executing "compcor_plot" <nireports.interfaces.nuisance.CompCorVariancePlot>
250528-01:04:42,548 nipype.workflow INFO:
	 [Node] Finished "compcor_plot", elapsed time 0.256739s.
250528-01:04:44,904 nipype.workflow INFO:
	 [Node] Setting-up "fmriprep_25_0_wf.sub_GEO013_wf.bold_ses_t3_task_image_run_2_wf.bold_confounds_wf.acc_metadata_fmt" in "/work/fmriprep_25_0_wf/sub_GEO013_wf/bold_ses_t3_task_image_run_2_wf/bold_confounds_wf/acc_metadata_fmt".
250528-01:04:45,72 nipype.workflow INFO:
	 [Node] Executing "acc_metadata_fmt" <niworkflows.interfaces.utility.TSV2JSON>
250528-01:04:45,83 nipype.workflow INFO:
	 [Node] Finished "acc_metadata_fmt", elapsed time 0.009532s.
250528-01:04:46,85 nipype.workflow INFO:
	 [Node] Setting-up "fmriprep_25_0_wf.sub_GEO013_wf.bold_ses_t3_task_image_run_2_wf.bold_confounds_wf.model_expansion" in "/work/fmriprep_25_0_wf/sub_GEO013_wf/bold_ses_t3_task_image_run_2_wf/bold_confounds_wf/model_expansion".
250528-01:04:46,232 nipype.workflow INFO:
	 [Node] Executing "model_expansion" <niworkflows.interfaces.confounds.ExpandModel>
250528-01:04:46,406 nipype.workflow INFO:
	 [Node] Finished "model_expansion", elapsed time 0.172967s.
250528-01:04:48,415 nipype.workflow INFO:
	 [Node] Setting-up "fmriprep_25_0_wf.sub_GEO013_wf.bold_ses_t3_task_image_run_2_wf.bold_confounds_wf.conf_corr_plot" in "/work/fmriprep_25_0_wf/sub_GEO013_wf/bold_ses_t3_task_image_run_2_wf/bold_confounds_wf/conf_corr_plot".
250528-01:04:48,898 nipype.workflow INFO:
	 [Node] Executing "conf_corr_plot" <nireports.interfaces.nuisance.ConfoundsCorrelationPlot>
250528-01:04:50,70 nipype.workflow INFO:
	 [Node] Finished "conf_corr_plot", elapsed time 1.1702569999999999s.
250528-01:04:52,314 nipype.workflow INFO:
	 [Node] Setting-up "fmriprep_25_0_wf.sub_GEO013_wf.bold_ses_t3_task_image_run_3_wf.bold_confounds_wf.compcor_plot" in "/work/fmriprep_25_0_wf/sub_GEO013_wf/bold_ses_t3_task_image_run_3_wf/bold_confounds_wf/compcor_plot".
250528-01:04:52,563 nipype.workflow INFO:
	 [Node] Executing "compcor_plot" <nireports.interfaces.nuisance.CompCorVariancePlot>
250528-01:04:52,830 nipype.workflow INFO:
	 [Node] Finished "compcor_plot", elapsed time 0.26602s.
250528-01:04:54,845 nipype.workflow INFO:
	 [Node] Setting-up "fmriprep_25_0_wf.sub_GEO013_wf.bold_ses_t3_task_image_run_3_wf.bold_confounds_wf.acc_metadata_fmt" in "/work/fmriprep_25_0_wf/sub_GEO013_wf/bold_ses_t3_task_image_run_3_wf/bold_confounds_wf/acc_metadata_fmt".
250528-01:04:55,90 nipype.workflow INFO:
	 [Node] Executing "acc_metadata_fmt" <niworkflows.interfaces.utility.TSV2JSON>
250528-01:04:55,101 nipype.workflow INFO:
	 [Node] Finished "acc_metadata_fmt", elapsed time 0.009168s.
250528-01:04:56,156 nipype.workflow INFO:
	 [Node] Setting-up "fmriprep_25_0_wf.sub_GEO013_wf.bold_ses_t3_task_image_run_3_wf.bold_confounds_wf.model_expansion" in "/work/fmriprep_25_0_wf/sub_GEO013_wf/bold_ses_t3_task_image_run_3_wf/bold_confounds_wf/model_expansion".
250528-01:04:56,311 nipype.workflow INFO:
	 [Node] Executing "model_expansion" <niworkflows.interfaces.confounds.ExpandModel>
250528-01:04:56,582 nipype.workflow INFO:
	 [Node] Finished "model_expansion", elapsed time 0.268493s.
250528-01:04:58,138 nipype.workflow INFO:
	 [Node] Setting-up "fmriprep_25_0_wf.sub_GEO013_wf.bold_ses_t3_task_image_run_3_wf.bold_confounds_wf.conf_corr_plot" in "/work/fmriprep_25_0_wf/sub_GEO013_wf/bold_ses_t3_task_image_run_3_wf/bold_confounds_wf/conf_corr_plot".
250528-01:04:58,364 nipype.workflow INFO:
	 [Node] Executing "conf_corr_plot" <nireports.interfaces.nuisance.ConfoundsCorrelationPlot>
250528-01:04:59,214 nipype.workflow INFO:
	 [Node] Finished "conf_corr_plot", elapsed time 0.848188s.
250528-01:05:00,228 nipype.workflow INFO:
	 [Node] Setting-up "fmriprep_25_0_wf.sub_GEO013_wf.bold_ses_t3_task_image_run_4_wf.bold_confounds_wf.compcor_plot" in "/work/fmriprep_25_0_wf/sub_GEO013_wf/bold_ses_t3_task_image_run_4_wf/bold_confounds_wf/compcor_plot".
250528-01:05:01,4 nipype.workflow INFO:
	 [Node] Executing "compcor_plot" <nireports.interfaces.nuisance.CompCorVariancePlot>
250528-01:05:01,281 nipype.workflow INFO:
	 [Node] Finished "compcor_plot", elapsed time 0.275264s.
250528-01:05:02,894 nipype.workflow INFO:
	 [Node] Setting-up "fmriprep_25_0_wf.sub_GEO013_wf.bold_ses_t3_task_image_run_4_wf.bold_confounds_wf.acc_metadata_fmt" in "/work/fmriprep_25_0_wf/sub_GEO013_wf/bold_ses_t3_task_image_run_4_wf/bold_confounds_wf/acc_metadata_fmt".
250528-01:05:03,49 nipype.workflow INFO:
	 [Node] Executing "acc_metadata_fmt" <niworkflows.interfaces.utility.TSV2JSON>
250528-01:05:03,58 nipype.workflow INFO:
	 [Node] Finished "acc_metadata_fmt", elapsed time 0.007938s.
250528-01:05:04,112 nipype.workflow INFO:
	 [Node] Setting-up "fmriprep_25_0_wf.sub_GEO013_wf.bold_ses_t3_task_image_run_4_wf.bold_confounds_wf.model_expansion" in "/work/fmriprep_25_0_wf/sub_GEO013_wf/bold_ses_t3_task_image_run_4_wf/bold_confounds_wf/model_expansion".
250528-01:05:04,274 nipype.workflow INFO:
	 [Node] Executing "model_expansion" <niworkflows.interfaces.confounds.ExpandModel>
250528-01:05:04,464 nipype.workflow INFO:
	 [Node] Finished "model_expansion", elapsed time 0.188306s.
250528-01:05:06,129 nipype.workflow INFO:
	 [Node] Setting-up "fmriprep_25_0_wf.sub_GEO013_wf.bold_ses_t3_task_image_run_4_wf.bold_confounds_wf.conf_corr_plot" in "/work/fmriprep_25_0_wf/sub_GEO013_wf/bold_ses_t3_task_image_run_4_wf/bold_confounds_wf/conf_corr_plot".
250528-01:05:06,322 nipype.workflow INFO:
	 [Node] Executing "conf_corr_plot" <nireports.interfaces.nuisance.ConfoundsCorrelationPlot>
250528-01:05:07,148 nipype.workflow INFO:
	 [Node] Finished "conf_corr_plot", elapsed time 0.824121s.
250528-01:05:10,939 nipype.workflow INFO:
	 [Node] Setting-up "fmriprep_25_0_wf.sub_GEO013_wf.bold_ses_t2_task_image_run_1_wf.bold_confounds_wf.spike_regressors" in "/work/fmriprep_25_0_wf/sub_GEO013_wf/bold_ses_t2_task_image_run_1_wf/bold_confounds_wf/spike_regressors".
250528-01:05:11,189 nipype.workflow INFO:
	 [Node] Executing "spike_regressors" <niworkflows.interfaces.confounds.SpikeRegressors>
250528-01:05:11,488 nipype.workflow INFO:
	 [Node] Finished "spike_regressors", elapsed time 0.298348s.
250528-01:05:15,611 nipype.workflow INFO:
	 [Node] Setting-up "fmriprep_25_0_wf.sub_GEO013_wf.bold_ses_t2_task_image_run_2_wf.bold_confounds_wf.spike_regressors" in "/work/fmriprep_25_0_wf/sub_GEO013_wf/bold_ses_t2_task_image_run_2_wf/bold_confounds_wf/spike_regressors".
250528-01:05:15,761 nipype.workflow INFO:
	 [Node] Executing "spike_regressors" <niworkflows.interfaces.confounds.SpikeRegressors>
250528-01:05:15,971 nipype.workflow INFO:
	 [Node] Finished "spike_regressors", elapsed time 0.209162s.
250528-01:05:20,152 nipype.workflow INFO:
	 [Node] Setting-up "fmriprep_25_0_wf.sub_GEO013_wf.bold_ses_t2_task_image_run_3_wf.bold_confounds_wf.spike_regressors" in "/work/fmriprep_25_0_wf/sub_GEO013_wf/bold_ses_t2_task_image_run_3_wf/bold_confounds_wf/spike_regressors".
250528-01:05:20,295 nipype.workflow INFO:
	 [Node] Executing "spike_regressors" <niworkflows.interfaces.confounds.SpikeRegressors>
250528-01:05:20,461 nipype.workflow INFO:
	 [Node] Finished "spike_regressors", elapsed time 0.164424s.
250528-01:05:24,702 nipype.workflow INFO:
	 [Node] Setting-up "fmriprep_25_0_wf.sub_GEO013_wf.bold_ses_t2_task_image_run_4_wf.bold_confounds_wf.spike_regressors" in "/work/fmriprep_25_0_wf/sub_GEO013_wf/bold_ses_t2_task_image_run_4_wf/bold_confounds_wf/spike_regressors".
250528-01:05:24,838 nipype.workflow INFO:
	 [Node] Executing "spike_regressors" <niworkflows.interfaces.confounds.SpikeRegressors>
250528-01:05:24,991 nipype.workflow INFO:
	 [Node] Finished "spike_regressors", elapsed time 0.151893s.
250528-01:05:30,183 nipype.workflow INFO:
	 [Node] Setting-up "fmriprep_25_0_wf.sub_GEO013_wf.bold_ses_t2_task_image_run_5_wf.bold_confounds_wf.spike_regressors" in "/work/fmriprep_25_0_wf/sub_GEO013_wf/bold_ses_t2_task_image_run_5_wf/bold_confounds_wf/spike_regressors".
250528-01:05:30,380 nipype.workflow INFO:
	 [Node] Executing "spike_regressors" <niworkflows.interfaces.confounds.SpikeRegressors>
250528-01:05:30,580 nipype.workflow INFO:
	 [Node] Finished "spike_regressors", elapsed time 0.196983s.
250528-01:05:35,309 nipype.workflow INFO:
	 [Node] Setting-up "fmriprep_25_0_wf.sub_GEO013_wf.bold_ses_t3_task_image_run_1_wf.bold_confounds_wf.spike_regressors" in "/work/fmriprep_25_0_wf/sub_GEO013_wf/bold_ses_t3_task_image_run_1_wf/bold_confounds_wf/spike_regressors".
250528-01:05:35,476 nipype.workflow INFO:
	 [Node] Executing "spike_regressors" <niworkflows.interfaces.confounds.SpikeRegressors>
250528-01:05:35,644 nipype.workflow INFO:
	 [Node] Finished "spike_regressors", elapsed time 0.166957s.
250528-01:05:39,681 nipype.workflow INFO:
	 [Node] Setting-up "fmriprep_25_0_wf.sub_GEO013_wf.bold_ses_t3_task_image_run_2_wf.bold_confounds_wf.spike_regressors" in "/work/fmriprep_25_0_wf/sub_GEO013_wf/bold_ses_t3_task_image_run_2_wf/bold_confounds_wf/spike_regressors".
250528-01:05:40,8 nipype.workflow INFO:
	 [Node] Executing "spike_regressors" <niworkflows.interfaces.confounds.SpikeRegressors>
250528-01:05:40,179 nipype.workflow INFO:
	 [Node] Finished "spike_regressors", elapsed time 0.169377s.
250528-01:05:44,226 nipype.workflow INFO:
	 [Node] Setting-up "fmriprep_25_0_wf.sub_GEO013_wf.bold_ses_t3_task_image_run_3_wf.bold_confounds_wf.spike_regressors" in "/work/fmriprep_25_0_wf/sub_GEO013_wf/bold_ses_t3_task_image_run_3_wf/bold_confounds_wf/spike_regressors".
250528-01:05:44,394 nipype.workflow INFO:
	 [Node] Executing "spike_regressors" <niworkflows.interfaces.confounds.SpikeRegressors>
250528-01:05:44,563 nipype.workflow INFO:
	 [Node] Finished "spike_regressors", elapsed time 0.167858s.
250528-01:05:49,100 nipype.workflow INFO:
	 [Node] Setting-up "fmriprep_25_0_wf.sub_GEO013_wf.bold_ses_t3_task_image_run_4_wf.bold_confounds_wf.spike_regressors" in "/work/fmriprep_25_0_wf/sub_GEO013_wf/bold_ses_t3_task_image_run_4_wf/bold_confounds_wf/spike_regressors".
250528-01:05:49,298 nipype.workflow INFO:
	 [Node] Executing "spike_regressors" <niworkflows.interfaces.confounds.SpikeRegressors>
250528-01:05:49,518 nipype.workflow INFO:
	 [Node] Finished "spike_regressors", elapsed time 0.215077s.
250528-01:06:01,930 nipype.workflow INFO:
	 [Node] Setting-up "_msmsulc0" in "/work/fmriprep_25_0_wf/sub_GEO013_wf/anat_fit_wf/msm_sulc_wf/msmsulc/mapflow/_msmsulc0".
250528-01:06:02,270 nipype.workflow INFO:
	 [Node] Executing "_msmsulc0" <smriprep.interfaces.msm.MSM>
250528-01:15:51,527 nipype.workflow INFO:
	 [Node] Finished "registration", elapsed time 1323.454517s.
250528-01:15:52,711 nipype.workflow INFO:
	 [Node] Setting-up "fmriprep_25_0_wf.sub_GEO013_wf.anat_fit_wf.register_template_wf.outputnode" in "/work/fmriprep_25_0_wf/sub_GEO013_wf/anat_fit_wf/register_template_wf/outputnode".
250528-01:15:53,185 nipype.workflow INFO:
	 [Node] Executing "outputnode" <nipype.interfaces.utility.base.IdentityInterface>
250528-01:15:53,187 nipype.workflow INFO:
	 [Node] Finished "outputnode", elapsed time 0.000598s.
250528-01:16:07,357 nipype.workflow INFO:
	 [Node] Setting-up "_msmsulc1" in "/work/fmriprep_25_0_wf/sub_GEO013_wf/anat_fit_wf/msm_sulc_wf/msmsulc/mapflow/_msmsulc1".
250528-01:16:07,394 nipype.workflow INFO:
	 [Node] Setting-up "_acc_msk_bin0" in "/work/fmriprep_25_0_wf/sub_GEO013_wf/bold_ses_t3_task_image_run_5_wf/bold_confounds_wf/acc_msk_bin/mapflow/_acc_msk_bin0".
250528-01:16:07,401 nipype.workflow INFO:
	 [Node] Setting-up "_acc_msk_bin1" in "/work/fmriprep_25_0_wf/sub_GEO013_wf/bold_ses_t3_task_image_run_5_wf/bold_confounds_wf/acc_msk_bin/mapflow/_acc_msk_bin1".
250528-01:16:07,413 nipype.workflow INFO:
	 [Node] Setting-up "_acc_msk_bin2" in "/work/fmriprep_25_0_wf/sub_GEO013_wf/bold_ses_t3_task_image_run_5_wf/bold_confounds_wf/acc_msk_bin/mapflow/_acc_msk_bin2".
250528-01:16:07,459 nipype.workflow INFO:
	 [Node] Setting-up "_acc_msk_tfm0" in "/work/fmriprep_25_0_wf/sub_GEO013_wf/bold_ses_t3_task_retrans_run_1_wf/bold_confounds_wf/acc_msk_tfm/mapflow/_acc_msk_tfm0".
250528-01:16:07,468 nipype.workflow INFO:
	 [Node] Setting-up "_acc_msk_tfm1" in "/work/fmriprep_25_0_wf/sub_GEO013_wf/bold_ses_t3_task_retrans_run_1_wf/bold_confounds_wf/acc_msk_tfm/mapflow/_acc_msk_tfm1".
250528-01:16:07,885 nipype.workflow INFO:
	 [Node] Setting-up "fmriprep_25_0_wf.sub_GEO013_wf.anat_fit_wf.template_buffer" in "/work/fmriprep_25_0_wf/sub_GEO013_wf/anat_fit_wf/template_buffer".
250528-01:16:07,937 nipype.workflow INFO:
	 [Node] Executing "_acc_msk_bin0" <niworkflows.interfaces.nibabel.Binarize>
250528-01:16:07,938 nipype.workflow INFO:
	 [Node] Executing "_msmsulc1" <smriprep.interfaces.msm.MSM>
250528-01:16:08,51 nipype.workflow INFO:
	 [Node] Executing "_acc_msk_bin2" <niworkflows.interfaces.nibabel.Binarize>
250528-01:16:08,58 nipype.workflow INFO:
	 [Node] Executing "_acc_msk_tfm0" <niworkflows.interfaces.fixes.FixHeaderApplyTransforms>
250528-01:16:08,67 nipype.workflow INFO:
	 [Node] Executing "_acc_msk_tfm1" <niworkflows.interfaces.fixes.FixHeaderApplyTransforms>
250528-01:16:08,87 nipype.workflow INFO:
	 [Node] Executing "_acc_msk_bin1" <niworkflows.interfaces.nibabel.Binarize>
250528-01:16:08,288 nipype.workflow INFO:
	 [Node] Finished "_acc_msk_bin0", elapsed time 0.349854s.
250528-01:16:08,289 nipype.workflow INFO:
	 [Node] Executing "template_buffer" <nipype.interfaces.utility.base.Merge>
250528-01:16:08,291 nipype.workflow INFO:
	 [Node] Finished "template_buffer", elapsed time 0.000838s.
250528-01:16:08,322 nipype.workflow INFO:
	 [Node] Finished "_acc_msk_bin1", elapsed time 0.233985s.
250528-01:16:08,395 nipype.workflow INFO:
	 [Node] Finished "_acc_msk_bin2", elapsed time 0.343732s.
250528-01:16:09,353 nipype.workflow INFO:
	 [Node] Finished "_acc_msk_tfm1", elapsed time 1.285056s.
250528-01:16:09,461 nipype.workflow INFO:
	 [Node] Finished "_acc_msk_tfm0", elapsed time 1.402271s.
250528-01:16:17,18 nipype.workflow INFO:
	 [Node] Setting-up "_acc_msk_tfm2" in "/work/fmriprep_25_0_wf/sub_GEO013_wf/bold_ses_t3_task_retrans_run_1_wf/bold_confounds_wf/acc_msk_tfm/mapflow/_acc_msk_tfm2".
250528-01:16:17,358 nipype.workflow INFO:
	 [Node] Setting-up "_acc_msk_bin0" in "/work/fmriprep_25_0_wf/sub_GEO013_wf/bold_ses_t3_task_image_run_5_wf/bold_confounds_wf/acc_msk_bin/mapflow/_acc_msk_bin0".
250528-01:16:17,363 nipype.workflow INFO:
	 [Node] Cached "_acc_msk_bin0" - collecting precomputed outputs
250528-01:16:17,363 nipype.workflow INFO:
	 [Node] "_acc_msk_bin0" found cached.
250528-01:16:17,363 nipype.workflow INFO:
	 [Node] Setting-up "_acc_msk_bin1" in "/work/fmriprep_25_0_wf/sub_GEO013_wf/bold_ses_t3_task_image_run_5_wf/bold_confounds_wf/acc_msk_bin/mapflow/_acc_msk_bin1".
250528-01:16:17,369 nipype.workflow INFO:
	 [Node] Cached "_acc_msk_bin1" - collecting precomputed outputs
250528-01:16:17,369 nipype.workflow INFO:
	 [Node] "_acc_msk_bin1" found cached.
250528-01:16:17,370 nipype.workflow INFO:
	 [Node] Setting-up "_acc_msk_bin2" in "/work/fmriprep_25_0_wf/sub_GEO013_wf/bold_ses_t3_task_image_run_5_wf/bold_confounds_wf/acc_msk_bin/mapflow/_acc_msk_bin2".
250528-01:16:17,376 nipype.workflow INFO:
	 [Node] Cached "_acc_msk_bin2" - collecting precomputed outputs
250528-01:16:17,376 nipype.workflow INFO:
	 [Node] "_acc_msk_bin2" found cached.
250528-01:16:17,447 nipype.workflow INFO:
	 [Node] Setting-up "fmriprep_25_0_wf.sub_GEO013_wf.anat_fit_wf.anat2std_buffer" in "/work/fmriprep_25_0_wf/sub_GEO013_wf/anat_fit_wf/anat2std_buffer".
250528-01:16:17,454 nipype.workflow INFO:
	 [Node] Setting-up "fmriprep_25_0_wf.sub_GEO013_wf.anat_fit_wf.std2anat_buffer" in "/work/fmriprep_25_0_wf/sub_GEO013_wf/anat_fit_wf/std2anat_buffer".
250528-01:16:17,599 nipype.workflow INFO:
	 [Node] Executing "_acc_msk_tfm2" <niworkflows.interfaces.fixes.FixHeaderApplyTransforms>
250528-01:16:18,6 nipype.workflow INFO:
	 [Node] Executing "std2anat_buffer" <nipype.interfaces.utility.base.Merge>
250528-01:16:18,8 nipype.workflow INFO:
	 [Node] Finished "std2anat_buffer", elapsed time 0.00062s.
250528-01:16:18,42 nipype.workflow INFO:
	 [Node] Executing "anat2std_buffer" <nipype.interfaces.utility.base.Merge>
250528-01:16:18,45 nipype.workflow INFO:
	 [Node] Finished "anat2std_buffer", elapsed time 0.000583s.
250528-01:16:19,7 nipype.workflow INFO:
	 [Node] Finished "_acc_msk_tfm2", elapsed time 1.4070719999999999s.
250528-01:16:22,859 nipype.workflow INFO:
	 [Node] Setting-up "fmriprep_25_0_wf.sub_GEO013_wf.bold_ses_t3_task_image_run_5_wf.bold_confounds_wf.acompcor" in "/work/fmriprep_25_0_wf/sub_GEO013_wf/bold_ses_t3_task_image_run_5_wf/bold_confounds_wf/acompcor".
250528-01:16:23,371 nipype.workflow INFO:
	 [Node] Executing "acompcor" <niworkflows.interfaces.patches.RobustACompCor>
250528-01:16:25,820 nipype.workflow INFO:
	 [Node] Setting-up "fmriprep_25_0_wf.sub_GEO013_wf.ds_std_volumes_wf.anat2std_mask" in "/work/fmriprep_25_0_wf/sub_GEO013_wf/ds_std_volumes_wf/_in_tuple_MNI152NLin2009cAsym.resnative/anat2std_mask".
250528-01:16:25,822 nipype.workflow INFO:
	 [Node] Setting-up "fmriprep_25_0_wf.sub_GEO013_wf.ds_std_volumes_wf.anat2std_dseg" in "/work/fmriprep_25_0_wf/sub_GEO013_wf/ds_std_volumes_wf/_in_tuple_MNI152NLin2009cAsym.resnative/anat2std_dseg".
250528-01:16:26,408 nipype.workflow INFO:
	 [Node] Setting-up "fmriprep_25_0_wf.sub_GEO013_wf.ds_std_volumes_wf.anat2std_t1w" in "/work/fmriprep_25_0_wf/sub_GEO013_wf/ds_std_volumes_wf/_in_tuple_MNI152NLin2009cAsym.resnative/anat2std_t1w".
250528-01:16:26,633 nipype.workflow INFO:
	 [Node] Executing "anat2std_dseg" <niworkflows.interfaces.fixes.FixHeaderApplyTransforms>
250528-01:16:26,779 nipype.workflow INFO:
	 [Node] Executing "anat2std_mask" <niworkflows.interfaces.fixes.FixHeaderApplyTransforms>
250528-01:16:27,177 nipype.workflow INFO:
	 [Node] Executing "anat2std_t1w" <niworkflows.interfaces.fixes.FixHeaderApplyTransforms>
250528-01:16:29,269 nipype.workflow INFO:
	 [Node] Finished "acompcor", elapsed time 5.89687s.
250528-01:16:31,566 nipype.workflow INFO:
	 [Node] Setting-up "fmriprep_25_0_wf.sub_GEO013_wf.anat_fit_wf.anat_reports_wf.t1w_std" in "/work/fmriprep_25_0_wf/sub_GEO013_wf/anat_fit_wf/anat_reports_wf/_in_tuple_MNI152NLin2009cAsym.resnative/t1w_std".
250528-01:16:31,566 nipype.workflow INFO:
	 [Node] Setting-up "fmriprep_25_0_wf.sub_GEO013_wf.anat_fit_wf.anat_reports_wf.mask_std" in "/work/fmriprep_25_0_wf/sub_GEO013_wf/anat_fit_wf/anat_reports_wf/_in_tuple_MNI152NLin2009cAsym.resnative/mask_std".
250528-01:16:31,568 nipype.workflow INFO:
	 [Node] Setting-up "fmriprep_25_0_wf.sub_GEO013_wf.bold_ses_t2_task_image_run_1_wf.carpetplot_wf.mrg_xfms" in "/work/fmriprep_25_0_wf/sub_GEO013_wf/bold_ses_t2_task_image_run_1_wf/carpetplot_wf/mrg_xfms".
250528-01:16:32,114 nipype.workflow INFO:
	 [Node] Executing "mask_std" <niworkflows.interfaces.fixes.FixHeaderApplyTransforms>
250528-01:16:32,271 nipype.workflow INFO:
	 [Node] Executing "t1w_std" <niworkflows.interfaces.fixes.FixHeaderApplyTransforms>
250528-01:16:32,331 nipype.workflow INFO:
	 [Node] Executing "mrg_xfms" <nipype.interfaces.utility.base.Merge>
250528-01:16:32,333 nipype.workflow INFO:
	 [Node] Finished "mrg_xfms", elapsed time 0.000481s.
250528-01:16:33,503 nipype.workflow INFO:
	 [Node] Setting-up "fmriprep_25_0_wf.sub_GEO013_wf.bold_ses_t2_task_image_run_1_wf.ds_bold_std_wf.sources" in "/work/fmriprep_25_0_wf/sub_GEO013_wf/bold_ses_t2_task_image_run_1_wf/ds_bold_std_wf/_in_tuple_MNI152NLin2009cAsym.resnative/sources".
250528-01:16:34,236 nipype.workflow INFO:
	 [Node] Executing "sources" <fmriprep.interfaces.bids.BIDSURI>
250528-01:16:34,240 nipype.workflow INFO:
	 [Node] Finished "sources", elapsed time 0.001298s.
250528-01:16:36,562 nipype.workflow INFO:
	 [Node] Setting-up "fmriprep_25_0_wf.sub_GEO013_wf.bold_ses_t2_task_image_run_1_wf.ds_bold_std_wf.boldref2target" in "/work/fmriprep_25_0_wf/sub_GEO013_wf/bold_ses_t2_task_image_run_1_wf/ds_bold_std_wf/_in_tuple_MNI152NLin2009cAsym.resnative/boldref2target".
250528-01:16:36,909 nipype.workflow INFO:
	 [Node] Executing "boldref2target" <nipype.interfaces.utility.base.Merge>
250528-01:16:36,911 nipype.workflow INFO:
	 [Node] Finished "boldref2target", elapsed time 0.000551s.
250528-01:16:37,502 nipype.workflow INFO:
	 [Node] Setting-up "fmriprep_25_0_wf.sub_GEO013_wf.bold_ses_t2_task_image_run_2_wf.carpetplot_wf.mrg_xfms" in "/work/fmriprep_25_0_wf/sub_GEO013_wf/bold_ses_t2_task_image_run_2_wf/carpetplot_wf/mrg_xfms".
250528-01:16:37,994 nipype.workflow INFO:
	 [Node] Executing "mrg_xfms" <nipype.interfaces.utility.base.Merge>
250528-01:16:37,996 nipype.workflow INFO:
	 [Node] Finished "mrg_xfms", elapsed time 0.000503s.
250528-01:16:41,253 nipype.workflow INFO:
	 [Node] Setting-up "fmriprep_25_0_wf.sub_GEO013_wf.bold_ses_t2_task_image_run_2_wf.ds_bold_std_wf.sources" in "/work/fmriprep_25_0_wf/sub_GEO013_wf/bold_ses_t2_task_image_run_2_wf/ds_bold_std_wf/_in_tuple_MNI152NLin2009cAsym.resnative/sources".
250528-01:16:41,815 nipype.workflow INFO:
	 [Node] Executing "sources" <fmriprep.interfaces.bids.BIDSURI>
250528-01:16:41,818 nipype.workflow INFO:
	 [Node] Finished "sources", elapsed time 0.001559s.
250528-01:16:43,664 nipype.workflow INFO:
	 [Node] Setting-up "fmriprep_25_0_wf.sub_GEO013_wf.bold_ses_t2_task_image_run_2_wf.ds_bold_std_wf.boldref2target" in "/work/fmriprep_25_0_wf/sub_GEO013_wf/bold_ses_t2_task_image_run_2_wf/ds_bold_std_wf/_in_tuple_MNI152NLin2009cAsym.resnative/boldref2target".
250528-01:16:44,37 nipype.workflow INFO:
	 [Node] Executing "boldref2target" <nipype.interfaces.utility.base.Merge>
250528-01:16:44,39 nipype.workflow INFO:
	 [Node] Finished "boldref2target", elapsed time 0.000502s.
250528-01:16:45,671 nipype.workflow INFO:
	 [Node] Setting-up "fmriprep_25_0_wf.sub_GEO013_wf.bold_ses_t2_task_image_run_3_wf.carpetplot_wf.mrg_xfms" in "/work/fmriprep_25_0_wf/sub_GEO013_wf/bold_ses_t2_task_image_run_3_wf/carpetplot_wf/mrg_xfms".
250528-01:16:46,76 nipype.workflow INFO:
	 [Node] Executing "mrg_xfms" <nipype.interfaces.utility.base.Merge>
250528-01:16:46,78 nipype.workflow INFO:
	 [Node] Finished "mrg_xfms", elapsed time 0.000676s.
250528-01:16:48,956 nipype.workflow INFO:
	 [Node] Setting-up "fmriprep_25_0_wf.sub_GEO013_wf.bold_ses_t2_task_image_run_3_wf.ds_bold_std_wf.sources" in "/work/fmriprep_25_0_wf/sub_GEO013_wf/bold_ses_t2_task_image_run_3_wf/ds_bold_std_wf/_in_tuple_MNI152NLin2009cAsym.resnative/sources".
250528-01:16:49,992 nipype.workflow INFO:
	 [Node] Executing "sources" <fmriprep.interfaces.bids.BIDSURI>
250528-01:16:49,995 nipype.workflow INFO:
	 [Node] Finished "sources", elapsed time 0.001382s.
250528-01:16:51,673 nipype.workflow INFO:
	 [Node] Setting-up "fmriprep_25_0_wf.sub_GEO013_wf.bold_ses_t2_task_image_run_3_wf.ds_bold_std_wf.boldref2target" in "/work/fmriprep_25_0_wf/sub_GEO013_wf/bold_ses_t2_task_image_run_3_wf/ds_bold_std_wf/_in_tuple_MNI152NLin2009cAsym.resnative/boldref2target".
250528-01:16:52,68 nipype.workflow INFO:
	 [Node] Executing "boldref2target" <nipype.interfaces.utility.base.Merge>
250528-01:16:52,70 nipype.workflow INFO:
	 [Node] Finished "boldref2target", elapsed time 0.000607s.
250528-01:16:53,684 nipype.workflow INFO:
	 [Node] Setting-up "fmriprep_25_0_wf.sub_GEO013_wf.bold_ses_t2_task_image_run_4_wf.carpetplot_wf.mrg_xfms" in "/work/fmriprep_25_0_wf/sub_GEO013_wf/bold_ses_t2_task_image_run_4_wf/carpetplot_wf/mrg_xfms".
250528-01:16:54,277 nipype.workflow INFO:
	 [Node] Executing "mrg_xfms" <nipype.interfaces.utility.base.Merge>
250528-01:16:54,279 nipype.workflow INFO:
	 [Node] Finished "mrg_xfms", elapsed time 0.000479s.
250528-01:16:56,699 nipype.workflow INFO:
	 [Node] Setting-up "fmriprep_25_0_wf.sub_GEO013_wf.bold_ses_t2_task_image_run_4_wf.ds_bold_std_wf.sources" in "/work/fmriprep_25_0_wf/sub_GEO013_wf/bold_ses_t2_task_image_run_4_wf/ds_bold_std_wf/_in_tuple_MNI152NLin2009cAsym.resnative/sources".
250528-01:16:57,364 nipype.workflow INFO:
	 [Node] Executing "sources" <fmriprep.interfaces.bids.BIDSURI>
250528-01:16:57,367 nipype.workflow INFO:
	 [Node] Finished "sources", elapsed time 0.001436s.
250528-01:16:57,403 nipype.workflow INFO:
	 [Node] Finished "anat2std_t1w", elapsed time 30.224587s.
250528-01:16:59,695 nipype.workflow INFO:
	 [Node] Setting-up "fmriprep_25_0_wf.sub_GEO013_wf.bold_ses_t2_task_image_run_4_wf.ds_bold_std_wf.boldref2target" in "/work/fmriprep_25_0_wf/sub_GEO013_wf/bold_ses_t2_task_image_run_4_wf/ds_bold_std_wf/_in_tuple_MNI152NLin2009cAsym.resnative/boldref2target".
250528-01:16:59,699 nipype.workflow INFO:
	 [Node] Setting-up "fmriprep_25_0_wf.sub_GEO013_wf.bold_ses_t2_task_image_run_5_wf.carpetplot_wf.mrg_xfms" in "/work/fmriprep_25_0_wf/sub_GEO013_wf/bold_ses_t2_task_image_run_5_wf/carpetplot_wf/mrg_xfms".
250528-01:17:00,168 nipype.workflow INFO:
	 [Node] Executing "boldref2target" <nipype.interfaces.utility.base.Merge>
250528-01:17:00,170 nipype.workflow INFO:
	 [Node] Finished "boldref2target", elapsed time 0.000725s.
250528-01:17:00,281 nipype.workflow INFO:
	 [Node] Executing "mrg_xfms" <nipype.interfaces.utility.base.Merge>
250528-01:17:00,283 nipype.workflow INFO:
	 [Node] Finished "mrg_xfms", elapsed time 0.000481s.
250528-01:17:01,505 nipype.workflow INFO:
	 [Node] Finished "t1w_std", elapsed time 29.232884s.
250528-01:17:01,679 nipype.workflow INFO:
	 [Node] Setting-up "fmriprep_25_0_wf.sub_GEO013_wf.bold_ses_t2_task_image_run_5_wf.ds_bold_std_wf.sources" in "/work/fmriprep_25_0_wf/sub_GEO013_wf/bold_ses_t2_task_image_run_5_wf/ds_bold_std_wf/_in_tuple_MNI152NLin2009cAsym.resnative/sources".
250528-01:17:01,680 nipype.workflow INFO:
	 [Node] Setting-up "fmriprep_25_0_wf.sub_GEO013_wf.bold_ses_t2_task_image_run_5_wf.ds_bold_std_wf.boldref2target" in "/work/fmriprep_25_0_wf/sub_GEO013_wf/bold_ses_t2_task_image_run_5_wf/ds_bold_std_wf/_in_tuple_MNI152NLin2009cAsym.resnative/boldref2target".
250528-01:17:02,346 nipype.workflow INFO:
	 [Node] Executing "boldref2target" <nipype.interfaces.utility.base.Merge>
250528-01:17:02,348 nipype.workflow INFO:
	 [Node] Finished "boldref2target", elapsed time 0.000976s.
250528-01:17:02,392 nipype.workflow INFO:
	 [Node] Executing "sources" <fmriprep.interfaces.bids.BIDSURI>
250528-01:17:02,396 nipype.workflow INFO:
	 [Node] Finished "sources", elapsed time 0.001775s.
250528-01:17:04,644 nipype.workflow INFO:
	 [Node] Setting-up "fmriprep_25_0_wf.sub_GEO013_wf.bold_ses_t3_task_image_run_1_wf.carpetplot_wf.mrg_xfms" in "/work/fmriprep_25_0_wf/sub_GEO013_wf/bold_ses_t3_task_image_run_1_wf/carpetplot_wf/mrg_xfms".
250528-01:17:04,646 nipype.workflow INFO:
	 [Node] Setting-up "fmriprep_25_0_wf.sub_GEO013_wf.bold_ses_t3_task_image_run_1_wf.ds_bold_std_wf.boldref2target" in "/work/fmriprep_25_0_wf/sub_GEO013_wf/bold_ses_t3_task_image_run_1_wf/ds_bold_std_wf/_in_tuple_MNI152NLin2009cAsym.resnative/boldref2target".
250528-01:17:04,647 nipype.workflow INFO:
	 [Node] Setting-up "fmriprep_25_0_wf.sub_GEO013_wf.bold_ses_t3_task_image_run_1_wf.ds_bold_std_wf.sources" in "/work/fmriprep_25_0_wf/sub_GEO013_wf/bold_ses_t3_task_image_run_1_wf/ds_bold_std_wf/_in_tuple_MNI152NLin2009cAsym.resnative/sources".
250528-01:17:05,306 nipype.workflow INFO:
	 [Node] Executing "boldref2target" <nipype.interfaces.utility.base.Merge>
250528-01:17:05,308 nipype.workflow INFO:
	 [Node] Finished "boldref2target", elapsed time 0.000539s.
250528-01:17:05,386 nipype.workflow INFO:
	 [Node] Executing "mrg_xfms" <nipype.interfaces.utility.base.Merge>
250528-01:17:05,388 nipype.workflow INFO:
	 [Node] Finished "mrg_xfms", elapsed time 0.00053s.
250528-01:17:05,430 nipype.workflow INFO:
	 [Node] Executing "sources" <fmriprep.interfaces.bids.BIDSURI>
250528-01:17:05,432 nipype.workflow INFO:
	 [Node] Finished "sources", elapsed time 0.001116s.
250528-01:17:08,519 nipype.workflow INFO:
	 [Node] Setting-up "fmriprep_25_0_wf.sub_GEO013_wf.bold_ses_t3_task_image_run_2_wf.carpetplot_wf.mrg_xfms" in "/work/fmriprep_25_0_wf/sub_GEO013_wf/bold_ses_t3_task_image_run_2_wf/carpetplot_wf/mrg_xfms".
250528-01:17:09,78 nipype.workflow INFO:
	 [Node] Executing "mrg_xfms" <nipype.interfaces.utility.base.Merge>
250528-01:17:09,80 nipype.workflow INFO:
	 [Node] Finished "mrg_xfms", elapsed time 0.000644s.
250528-01:17:09,584 nipype.workflow INFO:
	 [Node] Setting-up "fmriprep_25_0_wf.sub_GEO013_wf.bold_ses_t3_task_image_run_2_wf.ds_bold_std_wf.boldref2target" in "/work/fmriprep_25_0_wf/sub_GEO013_wf/bold_ses_t3_task_image_run_2_wf/ds_bold_std_wf/_in_tuple_MNI152NLin2009cAsym.resnative/boldref2target".
250528-01:17:09,584 nipype.workflow INFO:
	 [Node] Setting-up "fmriprep_25_0_wf.sub_GEO013_wf.bold_ses_t3_task_image_run_2_wf.ds_bold_std_wf.sources" in "/work/fmriprep_25_0_wf/sub_GEO013_wf/bold_ses_t3_task_image_run_2_wf/ds_bold_std_wf/_in_tuple_MNI152NLin2009cAsym.resnative/sources".
250528-01:17:10,43 nipype.workflow INFO:
	 [Node] Setting-up "fmriprep_25_0_wf.sub_GEO013_wf.bold_ses_t3_task_image_run_3_wf.carpetplot_wf.mrg_xfms" in "/work/fmriprep_25_0_wf/sub_GEO013_wf/bold_ses_t3_task_image_run_3_wf/carpetplot_wf/mrg_xfms".
250528-01:17:10,533 nipype.workflow INFO:
	 [Node] Executing "boldref2target" <nipype.interfaces.utility.base.Merge>
250528-01:17:10,535 nipype.workflow INFO:
	 [Node] Finished "boldref2target", elapsed time 0.000575s.
250528-01:17:10,611 nipype.workflow INFO:
	 [Node] Executing "sources" <fmriprep.interfaces.bids.BIDSURI>
250528-01:17:10,613 nipype.workflow INFO:
	 [Node] Finished "sources", elapsed time 0.001168s.
250528-01:17:10,695 nipype.workflow INFO:
	 [Node] Executing "mrg_xfms" <nipype.interfaces.utility.base.Merge>
250528-01:17:10,697 nipype.workflow INFO:
	 [Node] Finished "mrg_xfms", elapsed time 0.000857s.
250528-01:17:13,63 nipype.workflow INFO:
	 [Node] Setting-up "fmriprep_25_0_wf.sub_GEO013_wf.bold_ses_t3_task_image_run_3_wf.ds_bold_std_wf.sources" in "/work/fmriprep_25_0_wf/sub_GEO013_wf/bold_ses_t3_task_image_run_3_wf/ds_bold_std_wf/_in_tuple_MNI152NLin2009cAsym.resnative/sources".
250528-01:17:13,63 nipype.workflow INFO:
	 [Node] Setting-up "fmriprep_25_0_wf.sub_GEO013_wf.bold_ses_t3_task_image_run_3_wf.ds_bold_std_wf.boldref2target" in "/work/fmriprep_25_0_wf/sub_GEO013_wf/bold_ses_t3_task_image_run_3_wf/ds_bold_std_wf/_in_tuple_MNI152NLin2009cAsym.resnative/boldref2target".
250528-01:17:13,69 nipype.workflow INFO:
	 [Node] Setting-up "fmriprep_25_0_wf.sub_GEO013_wf.bold_ses_t3_task_image_run_4_wf.carpetplot_wf.mrg_xfms" in "/work/fmriprep_25_0_wf/sub_GEO013_wf/bold_ses_t3_task_image_run_4_wf/carpetplot_wf/mrg_xfms".
250528-01:17:13,663 nipype.workflow INFO:
	 [Node] Executing "mrg_xfms" <nipype.interfaces.utility.base.Merge>
250528-01:17:13,667 nipype.workflow INFO:
	 [Node] Finished "mrg_xfms", elapsed time 0.000723s.
250528-01:17:13,686 nipype.workflow INFO:
	 [Node] Executing "sources" <fmriprep.interfaces.bids.BIDSURI>
250528-01:17:13,688 nipype.workflow INFO:
	 [Node] Finished "sources", elapsed time 0.001335s.
250528-01:17:13,696 nipype.workflow INFO:
	 [Node] Executing "boldref2target" <nipype.interfaces.utility.base.Merge>
250528-01:17:13,698 nipype.workflow INFO:
	 [Node] Finished "boldref2target", elapsed time 0.000532s.
250528-01:17:16,727 nipype.workflow INFO:
	 [Node] Setting-up "fmriprep_25_0_wf.sub_GEO013_wf.bold_ses_t3_task_image_run_4_wf.ds_bold_std_wf.sources" in "/work/fmriprep_25_0_wf/sub_GEO013_wf/bold_ses_t3_task_image_run_4_wf/ds_bold_std_wf/_in_tuple_MNI152NLin2009cAsym.resnative/sources".
250528-01:17:16,727 nipype.workflow INFO:
	 [Node] Setting-up "fmriprep_25_0_wf.sub_GEO013_wf.bold_ses_t3_task_image_run_4_wf.ds_bold_std_wf.boldref2target" in "/work/fmriprep_25_0_wf/sub_GEO013_wf/bold_ses_t3_task_image_run_4_wf/ds_bold_std_wf/_in_tuple_MNI152NLin2009cAsym.resnative/boldref2target".
250528-01:17:16,744 nipype.workflow INFO:
	 [Node] Setting-up "fmriprep_25_0_wf.sub_GEO013_wf.bold_ses_t3_task_image_run_5_wf.carpetplot_wf.mrg_xfms" in "/work/fmriprep_25_0_wf/sub_GEO013_wf/bold_ses_t3_task_image_run_5_wf/carpetplot_wf/mrg_xfms".
250528-01:17:17,286 nipype.workflow INFO:
	 [Node] Executing "sources" <fmriprep.interfaces.bids.BIDSURI>
250528-01:17:17,289 nipype.workflow INFO:
	 [Node] Finished "sources", elapsed time 0.001188s.
250528-01:17:17,409 nipype.workflow INFO:
	 [Node] Executing "mrg_xfms" <nipype.interfaces.utility.base.Merge>
250528-01:17:17,411 nipype.workflow INFO:
	 [Node] Finished "mrg_xfms", elapsed time 0.000553s.
250528-01:17:17,473 nipype.workflow INFO:
	 [Node] Executing "boldref2target" <nipype.interfaces.utility.base.Merge>
250528-01:17:17,492 nipype.workflow INFO:
	 [Node] Finished "boldref2target", elapsed time 0.008494s.
250528-01:17:19,66 nipype.workflow INFO:
	 [Node] Setting-up "fmriprep_25_0_wf.sub_GEO013_wf.bold_ses_t3_task_image_run_5_wf.ds_bold_std_wf.sources" in "/work/fmriprep_25_0_wf/sub_GEO013_wf/bold_ses_t3_task_image_run_5_wf/ds_bold_std_wf/_in_tuple_MNI152NLin2009cAsym.resnative/sources".
250528-01:17:19,900 nipype.workflow INFO:
	 [Node] Setting-up "fmriprep_25_0_wf.sub_GEO013_wf.bold_ses_t3_task_image_run_5_wf.ds_bold_std_wf.boldref2target" in "/work/fmriprep_25_0_wf/sub_GEO013_wf/bold_ses_t3_task_image_run_5_wf/ds_bold_std_wf/_in_tuple_MNI152NLin2009cAsym.resnative/boldref2target".
250528-01:17:19,949 nipype.workflow INFO:
	 [Node] Finished "anat2std_mask", elapsed time 53.166496s.
250528-01:17:20,27 nipype.workflow INFO:
	 [Node] Executing "sources" <fmriprep.interfaces.bids.BIDSURI>
250528-01:17:20,30 nipype.workflow INFO:
	 [Node] Finished "sources", elapsed time 0.001142s.
250528-01:17:20,84 nipype.workflow INFO:
	 [Node] Finished "mask_std", elapsed time 47.967645s.
250528-01:17:20,367 nipype.workflow INFO:
	 [Node] Setting-up "_acc_msk_tfm0" in "/work/fmriprep_25_0_wf/sub_GEO013_wf/bold_ses_t3_task_retrans_run_1_wf/bold_confounds_wf/acc_msk_tfm/mapflow/_acc_msk_tfm0".
250528-01:17:20,387 nipype.workflow INFO:
	 [Node] Cached "_acc_msk_tfm0" - collecting precomputed outputs
250528-01:17:20,387 nipype.workflow INFO:
	 [Node] "_acc_msk_tfm0" found cached.
250528-01:17:20,391 nipype.workflow INFO:
	 [Node] Setting-up "_acc_msk_tfm1" in "/work/fmriprep_25_0_wf/sub_GEO013_wf/bold_ses_t3_task_retrans_run_1_wf/bold_confounds_wf/acc_msk_tfm/mapflow/_acc_msk_tfm1".
250528-01:17:20,403 nipype.workflow INFO:
	 [Node] Cached "_acc_msk_tfm1" - collecting precomputed outputs
250528-01:17:20,403 nipype.workflow INFO:
	 [Node] "_acc_msk_tfm1" found cached.
250528-01:17:20,404 nipype.workflow INFO:
	 [Node] Setting-up "_acc_msk_tfm2" in "/work/fmriprep_25_0_wf/sub_GEO013_wf/bold_ses_t3_task_retrans_run_1_wf/bold_confounds_wf/acc_msk_tfm/mapflow/_acc_msk_tfm2".
250528-01:17:20,413 nipype.workflow INFO:
	 [Node] Cached "_acc_msk_tfm2" - collecting precomputed outputs
250528-01:17:20,413 nipype.workflow INFO:
	 [Node] "_acc_msk_tfm2" found cached.
250528-01:17:20,480 nipype.workflow INFO:
	 [Node] Executing "boldref2target" <nipype.interfaces.utility.base.Merge>
250528-01:17:20,482 nipype.workflow INFO:
	 [Node] Finished "boldref2target", elapsed time 0.000569s.
250528-01:17:22,15 nipype.workflow INFO:
	 [Node] Setting-up "fmriprep_25_0_wf.sub_GEO013_wf.bold_ses_t3_task_retrans_run_1_wf.carpetplot_wf.mrg_xfms" in "/work/fmriprep_25_0_wf/sub_GEO013_wf/bold_ses_t3_task_retrans_run_1_wf/carpetplot_wf/mrg_xfms".
250528-01:17:22,16 nipype.workflow INFO:
	 [Node] Setting-up "fmriprep_25_0_wf.sub_GEO013_wf.bold_ses_t3_task_retrans_run_1_wf.ds_bold_std_wf.boldref2target" in "/work/fmriprep_25_0_wf/sub_GEO013_wf/bold_ses_t3_task_retrans_run_1_wf/ds_bold_std_wf/_in_tuple_MNI152NLin2009cAsym.resnative/boldref2target".
250528-01:17:22,17 nipype.workflow INFO:
	 [Node] Setting-up "fmriprep_25_0_wf.sub_GEO013_wf.bold_ses_t3_task_retrans_run_1_wf.ds_bold_std_wf.sources" in "/work/fmriprep_25_0_wf/sub_GEO013_wf/bold_ses_t3_task_retrans_run_1_wf/ds_bold_std_wf/_in_tuple_MNI152NLin2009cAsym.resnative/sources".
250528-01:17:22,659 nipype.workflow INFO:
	 [Node] Executing "sources" <fmriprep.interfaces.bids.BIDSURI>
250528-01:17:22,661 nipype.workflow INFO:
	 [Node] Finished "sources", elapsed time 0.001002s.
250528-01:17:22,915 nipype.workflow INFO:
	 [Node] Executing "mrg_xfms" <nipype.interfaces.utility.base.Merge>
250528-01:17:22,916 nipype.workflow INFO:
	 [Node] Finished "mrg_xfms", elapsed time 0.000618s.
250528-01:17:22,969 nipype.workflow INFO:
	 [Node] Executing "boldref2target" <nipype.interfaces.utility.base.Merge>
250528-01:17:22,970 nipype.workflow INFO:
	 [Node] Finished "boldref2target", elapsed time 0.000549s.
250528-01:17:23,760 nipype.interface WARNING:
	 Changing /out/sub-GEO013/anat/sub-GEO013_space-MNI152NLin2009cAsym_desc-brain_mask.nii.gz dtype from float64 to uint8
250528-01:17:27,369 nipype.workflow INFO:
	 [Node] Finished "anat2std_dseg", elapsed time 60.733716s.
250528-01:17:28,864 nipype.workflow INFO:
	 [Node] Setting-up "fmriprep_25_0_wf.sub_GEO013_wf.anat_fit_wf.anat_reports_wf.norm_msk" in "/work/fmriprep_25_0_wf/sub_GEO013_wf/anat_fit_wf/anat_reports_wf/_in_tuple_MNI152NLin2009cAsym.resnative/norm_msk".
250528-01:17:28,872 nipype.workflow INFO:
	 [Node] Setting-up "fmriprep_25_0_wf.sub_GEO013_wf.bold_ses_t2_task_image_run_1_wf.carpetplot_wf.resample_parc" in "/work/fmriprep_25_0_wf/sub_GEO013_wf/bold_ses_t2_task_image_run_1_wf/carpetplot_wf/resample_parc".
250528-01:17:29,265 nipype.workflow INFO:
	 [Node] Executing "norm_msk" <nipype.interfaces.utility.wrappers.Function>
250528-01:17:29,464 nipype.workflow INFO:
	 [Node] Executing "resample_parc" <niworkflows.interfaces.fixes.FixHeaderApplyTransforms>
250528-01:17:30,324 nipype.interface WARNING:
	 Changing /out/sub-GEO013/anat/sub-GEO013_space-MNI152NLin2009cAsym_dseg.nii.gz dtype from float64 to int16
250528-01:17:30,907 nipype.workflow INFO:
	 [Node] Finished "norm_msk", elapsed time 1.640762s.
250528-01:17:33,120 nipype.workflow INFO:
	 [Node] Finished "resample_parc", elapsed time 3.655024s.
250528-01:17:33,876 nipype.workflow INFO:
	 [Node] Setting-up "fmriprep_25_0_wf.sub_GEO013_wf.bold_ses_t2_task_image_run_1_wf.ds_bold_std_wf.resample_ref" in "/work/fmriprep_25_0_wf/sub_GEO013_wf/bold_ses_t2_task_image_run_1_wf/ds_bold_std_wf/_in_tuple_MNI152NLin2009cAsym.resnative/resample_ref".
250528-01:17:33,877 nipype.workflow INFO:
	 [Node] Setting-up "fmriprep_25_0_wf.sub_GEO013_wf.bold_ses_t2_task_image_run_1_wf.ds_bold_std_wf.resample_mask" in "/work/fmriprep_25_0_wf/sub_GEO013_wf/bold_ses_t2_task_image_run_1_wf/ds_bold_std_wf/_in_tuple_MNI152NLin2009cAsym.resnative/resample_mask".
250528-01:17:33,880 nipype.workflow INFO:
	 [Node] Setting-up "fmriprep_25_0_wf.sub_GEO013_wf.bold_ses_t2_task_image_run_2_wf.carpetplot_wf.resample_parc" in "/work/fmriprep_25_0_wf/sub_GEO013_wf/bold_ses_t2_task_image_run_2_wf/carpetplot_wf/resample_parc".
250528-01:17:34,586 nipype.workflow INFO:
	 [Node] Executing "resample_ref" <niworkflows.interfaces.fixes.FixHeaderApplyTransforms>
250528-01:17:34,593 nipype.workflow INFO:
	 [Node] Executing "resample_mask" <niworkflows.interfaces.fixes.FixHeaderApplyTransforms>
250528-01:17:34,599 nipype.workflow INFO:
	 [Node] Executing "resample_parc" <niworkflows.interfaces.fixes.FixHeaderApplyTransforms>
250528-01:17:35,439 nipype.workflow INFO:
	 [Node] Setting-up "fmriprep_25_0_wf.sub_GEO013_wf.bold_ses_t2_task_image_run_2_wf.ds_bold_std_wf.resample_ref" in "/work/fmriprep_25_0_wf/sub_GEO013_wf/bold_ses_t2_task_image_run_2_wf/ds_bold_std_wf/_in_tuple_MNI152NLin2009cAsym.resnative/resample_ref".
250528-01:17:35,868 nipype.workflow INFO:
	 [Node] Setting-up "fmriprep_25_0_wf.sub_GEO013_wf.bold_ses_t2_task_image_run_2_wf.ds_bold_std_wf.resample_mask" in "/work/fmriprep_25_0_wf/sub_GEO013_wf/bold_ses_t2_task_image_run_2_wf/ds_bold_std_wf/_in_tuple_MNI152NLin2009cAsym.resnative/resample_mask".
250528-01:17:35,871 nipype.workflow INFO:
	 [Node] Setting-up "fmriprep_25_0_wf.sub_GEO013_wf.bold_ses_t2_task_image_run_3_wf.carpetplot_wf.resample_parc" in "/work/fmriprep_25_0_wf/sub_GEO013_wf/bold_ses_t2_task_image_run_3_wf/carpetplot_wf/resample_parc".
250528-01:17:36,152 nipype.workflow INFO:
	 [Node] Executing "resample_ref" <niworkflows.interfaces.fixes.FixHeaderApplyTransforms>
250528-01:17:36,272 nipype.workflow INFO:
	 [Node] Executing "resample_mask" <niworkflows.interfaces.fixes.FixHeaderApplyTransforms>
250528-01:17:36,432 nipype.workflow INFO:
	 [Node] Executing "resample_parc" <niworkflows.interfaces.fixes.FixHeaderApplyTransforms>
250528-01:17:37,318 nipype.workflow INFO:
	 [Node] Finished "resample_ref", elapsed time 2.729802s.
250528-01:17:38,19 nipype.workflow INFO:
	 [Node] Finished "resample_mask", elapsed time 3.425099s.
250528-01:17:38,164 nipype.workflow INFO:
	 [Node] Finished "resample_parc", elapsed time 3.56372s.
250528-01:17:38,773 nipype.workflow INFO:
	 [Node] Finished "resample_ref", elapsed time 2.619614s.
250528-01:17:39,582 nipype.workflow INFO:
	 [Node] Finished "resample_mask", elapsed time 3.309202s.
250528-01:17:39,924 nipype.workflow INFO:
	 [Node] Finished "resample_parc", elapsed time 3.48559s.
250528-01:17:41,296 nipype.workflow INFO:
	 [Node] Setting-up "fmriprep_25_0_wf.sub_GEO013_wf.bold_ses_t2_task_image_run_3_wf.ds_bold_std_wf.resample_ref" in "/work/fmriprep_25_0_wf/sub_GEO013_wf/bold_ses_t2_task_image_run_3_wf/ds_bold_std_wf/_in_tuple_MNI152NLin2009cAsym.resnative/resample_ref".
250528-01:17:41,297 nipype.workflow INFO:
	 [Node] Setting-up "fmriprep_25_0_wf.sub_GEO013_wf.bold_ses_t2_task_image_run_3_wf.ds_bold_std_wf.resample_mask" in "/work/fmriprep_25_0_wf/sub_GEO013_wf/bold_ses_t2_task_image_run_3_wf/ds_bold_std_wf/_in_tuple_MNI152NLin2009cAsym.resnative/resample_mask".
250528-01:17:41,300 nipype.workflow INFO:
	 [Node] Setting-up "fmriprep_25_0_wf.sub_GEO013_wf.bold_ses_t2_task_image_run_4_wf.carpetplot_wf.resample_parc" in "/work/fmriprep_25_0_wf/sub_GEO013_wf/bold_ses_t2_task_image_run_4_wf/carpetplot_wf/resample_parc".
250528-01:17:41,619 nipype.workflow INFO:
	 [Node] Executing "resample_parc" <niworkflows.interfaces.fixes.FixHeaderApplyTransforms>
250528-01:17:41,679 nipype.workflow INFO:
	 [Node] Executing "resample_mask" <niworkflows.interfaces.fixes.FixHeaderApplyTransforms>
250528-01:17:41,758 nipype.workflow INFO:
	 [Node] Executing "resample_ref" <niworkflows.interfaces.fixes.FixHeaderApplyTransforms>
250528-01:17:42,278 nipype.workflow INFO:
	 [Node] Setting-up "fmriprep_25_0_wf.sub_GEO013_wf.bold_ses_t2_task_image_run_4_wf.ds_bold_std_wf.resample_ref" in "/work/fmriprep_25_0_wf/sub_GEO013_wf/bold_ses_t2_task_image_run_4_wf/ds_bold_std_wf/_in_tuple_MNI152NLin2009cAsym.resnative/resample_ref".
250528-01:17:42,581 nipype.workflow INFO:
	 [Node] Setting-up "fmriprep_25_0_wf.sub_GEO013_wf.bold_ses_t2_task_image_run_4_wf.ds_bold_std_wf.resample_mask" in "/work/fmriprep_25_0_wf/sub_GEO013_wf/bold_ses_t2_task_image_run_4_wf/ds_bold_std_wf/_in_tuple_MNI152NLin2009cAsym.resnative/resample_mask".
250528-01:17:42,598 nipype.workflow INFO:
	 [Node] Setting-up "fmriprep_25_0_wf.sub_GEO013_wf.bold_ses_t2_task_image_run_5_wf.carpetplot_wf.resample_parc" in "/work/fmriprep_25_0_wf/sub_GEO013_wf/bold_ses_t2_task_image_run_5_wf/carpetplot_wf/resample_parc".
250528-01:17:42,925 nipype.workflow INFO:
	 [Node] Executing "resample_ref" <niworkflows.interfaces.fixes.FixHeaderApplyTransforms>
250528-01:17:43,54 nipype.workflow INFO:
	 [Node] Executing "resample_parc" <niworkflows.interfaces.fixes.FixHeaderApplyTransforms>
250528-01:17:43,54 nipype.workflow INFO:
	 [Node] Executing "resample_mask" <niworkflows.interfaces.fixes.FixHeaderApplyTransforms>
250528-01:17:44,301 nipype.workflow INFO:
	 [Node] Finished "resample_ref", elapsed time 2.540988s.
250528-01:17:44,992 nipype.workflow INFO:
	 [Node] Finished "resample_mask", elapsed time 3.312163s.
250528-01:17:45,45 nipype.workflow INFO:
	 [Node] Finished "resample_parc", elapsed time 3.424025s.
250528-01:17:45,790 nipype.workflow INFO:
	 [Node] Finished "resample_ref", elapsed time 2.863894s.
250528-01:17:46,366 nipype.workflow INFO:
	 [Node] Finished "resample_mask", elapsed time 3.310302s.
250528-01:17:46,556 nipype.workflow INFO:
	 [Node] Finished "resample_parc", elapsed time 3.501071s.
250528-01:17:46,692 nipype.workflow INFO:
	 [Node] Setting-up "fmriprep_25_0_wf.sub_GEO013_wf.bold_ses_t2_task_image_run_5_wf.ds_bold_std_wf.resample_ref" in "/work/fmriprep_25_0_wf/sub_GEO013_wf/bold_ses_t2_task_image_run_5_wf/ds_bold_std_wf/_in_tuple_MNI152NLin2009cAsym.resnative/resample_ref".
250528-01:17:46,693 nipype.workflow INFO:
	 [Node] Setting-up "fmriprep_25_0_wf.sub_GEO013_wf.bold_ses_t2_task_image_run_5_wf.ds_bold_std_wf.resample_mask" in "/work/fmriprep_25_0_wf/sub_GEO013_wf/bold_ses_t2_task_image_run_5_wf/ds_bold_std_wf/_in_tuple_MNI152NLin2009cAsym.resnative/resample_mask".
250528-01:17:47,316 nipype.workflow INFO:
	 [Node] Executing "resample_mask" <niworkflows.interfaces.fixes.FixHeaderApplyTransforms>
250528-01:17:48,149 nipype.workflow INFO:
	 [Node] Setting-up "fmriprep_25_0_wf.sub_GEO013_wf.bold_ses_t3_task_image_run_1_wf.carpetplot_wf.resample_parc" in "/work/fmriprep_25_0_wf/sub_GEO013_wf/bold_ses_t3_task_image_run_1_wf/carpetplot_wf/resample_parc".
250528-01:17:48,150 nipype.workflow INFO:
	 [Node] Setting-up "fmriprep_25_0_wf.sub_GEO013_wf.bold_ses_t3_task_image_run_1_wf.ds_bold_std_wf.resample_ref" in "/work/fmriprep_25_0_wf/sub_GEO013_wf/bold_ses_t3_task_image_run_1_wf/ds_bold_std_wf/_in_tuple_MNI152NLin2009cAsym.resnative/resample_ref".
250528-01:17:48,587 nipype.workflow INFO:
	 [Node] Executing "resample_ref" <niworkflows.interfaces.fixes.FixHeaderApplyTransforms>
250528-01:17:48,676 nipype.workflow INFO:
	 [Node] Executing "resample_ref" <niworkflows.interfaces.fixes.FixHeaderApplyTransforms>
250528-01:17:48,688 nipype.workflow INFO:
	 [Node] Setting-up "fmriprep_25_0_wf.sub_GEO013_wf.bold_ses_t3_task_image_run_1_wf.ds_bold_std_wf.resample_mask" in "/work/fmriprep_25_0_wf/sub_GEO013_wf/bold_ses_t3_task_image_run_1_wf/ds_bold_std_wf/_in_tuple_MNI152NLin2009cAsym.resnative/resample_mask".
250528-01:17:49,145 nipype.workflow INFO:
	 [Node] Executing "resample_parc" <niworkflows.interfaces.fixes.FixHeaderApplyTransforms>
250528-01:17:49,994 nipype.workflow INFO:
	 [Node] Executing "resample_mask" <niworkflows.interfaces.fixes.FixHeaderApplyTransforms>
250528-01:17:50,461 nipype.workflow INFO:
	 [Node] Finished "resample_mask", elapsed time 3.144726s.
250528-01:17:50,805 nipype.workflow INFO:
	 [Node] Setting-up "fmriprep_25_0_wf.sub_GEO013_wf.bold_ses_t3_task_image_run_2_wf.carpetplot_wf.resample_parc" in "/work/fmriprep_25_0_wf/sub_GEO013_wf/bold_ses_t3_task_image_run_2_wf/carpetplot_wf/resample_parc".
250528-01:17:51,308 nipype.workflow INFO:
	 [Node] Executing "resample_parc" <niworkflows.interfaces.fixes.FixHeaderApplyTransforms>
250528-01:17:51,618 nipype.workflow INFO:
	 [Node] Finished "resample_ref", elapsed time 2.940769s.
250528-01:17:51,867 nipype.workflow INFO:
	 [Node] Finished "resample_ref", elapsed time 3.2786239999999998s.
250528-01:17:52,812 nipype.workflow INFO:
	 [Node] Finished "resample_parc", elapsed time 3.666183s.
250528-01:17:53,187 nipype.workflow INFO:
	 [Node] Finished "resample_mask", elapsed time 3.191401s.
250528-01:17:54,286 nipype.workflow INFO:
	 [Node] Setting-up "fmriprep_25_0_wf.sub_GEO013_wf.bold_ses_t3_task_image_run_2_wf.ds_bold_std_wf.resample_ref" in "/work/fmriprep_25_0_wf/sub_GEO013_wf/bold_ses_t3_task_image_run_2_wf/ds_bold_std_wf/_in_tuple_MNI152NLin2009cAsym.resnative/resample_ref".
250528-01:17:54,287 nipype.workflow INFO:
	 [Node] Setting-up "fmriprep_25_0_wf.sub_GEO013_wf.bold_ses_t3_task_image_run_2_wf.ds_bold_std_wf.resample_mask" in "/work/fmriprep_25_0_wf/sub_GEO013_wf/bold_ses_t3_task_image_run_2_wf/ds_bold_std_wf/_in_tuple_MNI152NLin2009cAsym.resnative/resample_mask".
250528-01:17:54,289 nipype.workflow INFO:
	 [Node] Setting-up "fmriprep_25_0_wf.sub_GEO013_wf.bold_ses_t3_task_image_run_3_wf.carpetplot_wf.resample_parc" in "/work/fmriprep_25_0_wf/sub_GEO013_wf/bold_ses_t3_task_image_run_3_wf/carpetplot_wf/resample_parc".
250528-01:17:54,700 nipype.workflow INFO:
	 [Node] Executing "resample_parc" <niworkflows.interfaces.fixes.FixHeaderApplyTransforms>
250528-01:17:54,912 nipype.workflow INFO:
	 [Node] Executing "resample_mask" <niworkflows.interfaces.fixes.FixHeaderApplyTransforms>
250528-01:17:54,937 nipype.workflow INFO:
	 [Node] Finished "resample_parc", elapsed time 3.6285920000000003s.
250528-01:17:55,40 nipype.workflow INFO:
	 [Node] Executing "resample_ref" <niworkflows.interfaces.fixes.FixHeaderApplyTransforms>
250528-01:17:56,605 nipype.workflow INFO:
	 [Node] Setting-up "fmriprep_25_0_wf.sub_GEO013_wf.bold_ses_t3_task_image_run_3_wf.ds_bold_std_wf.resample_ref" in "/work/fmriprep_25_0_wf/sub_GEO013_wf/bold_ses_t3_task_image_run_3_wf/ds_bold_std_wf/_in_tuple_MNI152NLin2009cAsym.resnative/resample_ref".
250528-01:17:56,610 nipype.workflow INFO:
	 [Node] Setting-up "fmriprep_25_0_wf.sub_GEO013_wf.bold_ses_t3_task_image_run_3_wf.ds_bold_std_wf.resample_mask" in "/work/fmriprep_25_0_wf/sub_GEO013_wf/bold_ses_t3_task_image_run_3_wf/ds_bold_std_wf/_in_tuple_MNI152NLin2009cAsym.resnative/resample_mask".
250528-01:17:57,113 nipype.workflow INFO:
	 [Node] Executing "resample_mask" <niworkflows.interfaces.fixes.FixHeaderApplyTransforms>
250528-01:17:57,200 nipype.workflow INFO:
	 [Node] Executing "resample_ref" <niworkflows.interfaces.fixes.FixHeaderApplyTransforms>
250528-01:17:57,231 nipype.workflow INFO:
	 [Node] Setting-up "fmriprep_25_0_wf.sub_GEO013_wf.bold_ses_t3_task_image_run_4_wf.carpetplot_wf.resample_parc" in "/work/fmriprep_25_0_wf/sub_GEO013_wf/bold_ses_t3_task_image_run_4_wf/carpetplot_wf/resample_parc".
250528-01:17:57,642 nipype.workflow INFO:
	 [Node] Finished "resample_ref", elapsed time 2.6006679999999998s.
250528-01:17:57,817 nipype.workflow INFO:
	 [Node] Executing "resample_parc" <niworkflows.interfaces.fixes.FixHeaderApplyTransforms>
250528-01:17:58,390 nipype.workflow INFO:
	 [Node] Finished "resample_parc", elapsed time 3.688844s.
250528-01:17:58,428 nipype.workflow INFO:
	 [Node] Finished "resample_mask", elapsed time 3.514668s.
250528-01:17:59,666 nipype.workflow INFO:
	 [Node] Finished "resample_ref", elapsed time 2.464478s.
250528-01:18:00,375 nipype.workflow INFO:
	 [Node] Setting-up "fmriprep_25_0_wf.sub_GEO013_wf.bold_ses_t3_task_image_run_4_wf.ds_bold_std_wf.resample_ref" in "/work/fmriprep_25_0_wf/sub_GEO013_wf/bold_ses_t3_task_image_run_4_wf/ds_bold_std_wf/_in_tuple_MNI152NLin2009cAsym.resnative/resample_ref".
250528-01:18:00,375 nipype.workflow INFO:
	 [Node] Setting-up "fmriprep_25_0_wf.sub_GEO013_wf.bold_ses_t3_task_image_run_4_wf.ds_bold_std_wf.resample_mask" in "/work/fmriprep_25_0_wf/sub_GEO013_wf/bold_ses_t3_task_image_run_4_wf/ds_bold_std_wf/_in_tuple_MNI152NLin2009cAsym.resnative/resample_mask".
250528-01:18:00,377 nipype.workflow INFO:
	 [Node] Setting-up "fmriprep_25_0_wf.sub_GEO013_wf.bold_ses_t3_task_image_run_5_wf.carpetplot_wf.resample_parc" in "/work/fmriprep_25_0_wf/sub_GEO013_wf/bold_ses_t3_task_image_run_5_wf/carpetplot_wf/resample_parc".
250528-01:18:00,472 nipype.workflow INFO:
	 [Node] Finished "resample_mask", elapsed time 3.357508s.
250528-01:18:00,960 nipype.workflow INFO:
	 [Node] Executing "resample_mask" <niworkflows.interfaces.fixes.FixHeaderApplyTransforms>
250528-01:18:00,984 nipype.workflow INFO:
	 [Node] Executing "resample_parc" <niworkflows.interfaces.fixes.FixHeaderApplyTransforms>
250528-01:18:01,7 nipype.workflow INFO:
	 [Node] Executing "resample_ref" <niworkflows.interfaces.fixes.FixHeaderApplyTransforms>
250528-01:18:01,628 nipype.workflow INFO:
	 [Node] Finished "resample_parc", elapsed time 3.8094479999999997s.
250528-01:18:02,432 nipype.workflow INFO:
	 [Node] Setting-up "fmriprep_25_0_wf.sub_GEO013_wf.bold_ses_t3_task_image_run_5_wf.ds_bold_std_wf.resample_ref" in "/work/fmriprep_25_0_wf/sub_GEO013_wf/bold_ses_t3_task_image_run_5_wf/ds_bold_std_wf/_in_tuple_MNI152NLin2009cAsym.resnative/resample_ref".
250528-01:18:02,433 nipype.workflow INFO:
	 [Node] Setting-up "fmriprep_25_0_wf.sub_GEO013_wf.bold_ses_t3_task_image_run_5_wf.ds_bold_std_wf.resample_mask" in "/work/fmriprep_25_0_wf/sub_GEO013_wf/bold_ses_t3_task_image_run_5_wf/ds_bold_std_wf/_in_tuple_MNI152NLin2009cAsym.resnative/resample_mask".
250528-01:18:03,131 nipype.workflow INFO:
	 [Node] Executing "resample_ref" <niworkflows.interfaces.fixes.FixHeaderApplyTransforms>
250528-01:18:03,133 nipype.workflow INFO:
	 [Node] Executing "resample_mask" <niworkflows.interfaces.fixes.FixHeaderApplyTransforms>
250528-01:18:03,228 nipype.workflow INFO:
	 [Node] Setting-up "fmriprep_25_0_wf.sub_GEO013_wf.bold_ses_t3_task_retrans_run_1_wf.carpetplot_wf.resample_parc" in "/work/fmriprep_25_0_wf/sub_GEO013_wf/bold_ses_t3_task_retrans_run_1_wf/carpetplot_wf/resample_parc".
250528-01:18:03,564 nipype.workflow INFO:
	 [Node] Executing "resample_parc" <niworkflows.interfaces.fixes.FixHeaderApplyTransforms>
250528-01:18:03,796 nipype.workflow INFO:
	 [Node] Finished "resample_ref", elapsed time 2.7878309999999997s.
250528-01:18:04,321 nipype.workflow INFO:
	 [Node] Finished "resample_mask", elapsed time 3.360134s.
250528-01:18:04,677 nipype.workflow INFO:
	 [Node] Finished "resample_parc", elapsed time 3.692239s.
250528-01:18:05,211 nipype.workflow INFO:
	 [Node] Setting-up "fmriprep_25_0_wf.sub_GEO013_wf.bold_ses_t3_task_retrans_run_1_wf.ds_bold_std_wf.resample_ref" in "/work/fmriprep_25_0_wf/sub_GEO013_wf/bold_ses_t3_task_retrans_run_1_wf/ds_bold_std_wf/_in_tuple_MNI152NLin2009cAsym.resnative/resample_ref".
250528-01:18:05,212 nipype.workflow INFO:
	 [Node] Setting-up "fmriprep_25_0_wf.sub_GEO013_wf.bold_ses_t3_task_retrans_run_1_wf.ds_bold_std_wf.resample_mask" in "/work/fmriprep_25_0_wf/sub_GEO013_wf/bold_ses_t3_task_retrans_run_1_wf/ds_bold_std_wf/_in_tuple_MNI152NLin2009cAsym.resnative/resample_mask".
250528-01:18:05,698 nipype.workflow INFO:
	 [Node] Executing "resample_mask" <niworkflows.interfaces.fixes.FixHeaderApplyTransforms>
250528-01:18:05,807 nipype.workflow INFO:
	 [Node] Executing "resample_ref" <niworkflows.interfaces.fixes.FixHeaderApplyTransforms>
250528-01:18:05,828 nipype.workflow INFO:
	 [Node] Finished "resample_ref", elapsed time 2.694919s.
250528-01:18:06,482 nipype.workflow INFO:
	 [Node] Finished "resample_mask", elapsed time 3.34761s.
250528-01:18:07,322 nipype.workflow INFO:
	 [Node] Finished "resample_parc", elapsed time 3.756768s.
250528-01:18:08,239 nipype.workflow INFO:
	 [Node] Setting-up "fmriprep_25_0_wf.sub_GEO013_wf.anat_fit_wf.anat_reports_wf.norm_rpt" in "/work/fmriprep_25_0_wf/sub_GEO013_wf/anat_fit_wf/anat_reports_wf/_in_tuple_MNI152NLin2009cAsym.resnative/norm_rpt".
250528-01:18:08,483 nipype.workflow INFO:
	 [Node] Finished "resample_ref", elapsed time 2.675033s.
250528-01:18:08,854 nipype.workflow INFO:
	 [Node] Executing "norm_rpt" <niworkflows.interfaces.reportlets.registration.SimpleBeforeAfterRPT>
250528-01:18:08,956 nipype.workflow INFO:
	 [Node] Finished "resample_mask", elapsed time 3.257524s.
250528-01:18:10,232 nipype.interface WARNING:
	 Changing /out/sub-GEO013/ses-t2/func/sub-GEO013_ses-t2_task-image_run-1_space-MNI152NLin2009cAsym_desc-brain_mask.nii.gz dtype from float64 to uint8
250528-01:18:12,710 nipype.interface WARNING:
	 Changing /out/sub-GEO013/ses-t2/func/sub-GEO013_ses-t2_task-image_run-2_space-MNI152NLin2009cAsym_desc-brain_mask.nii.gz dtype from float64 to uint8
250528-01:18:15,417 nipype.interface WARNING:
	 Changing /out/sub-GEO013/ses-t2/func/sub-GEO013_ses-t2_task-image_run-3_space-MNI152NLin2009cAsym_desc-brain_mask.nii.gz dtype from float64 to uint8
250528-01:18:17,865 nipype.interface WARNING:
	 Changing /out/sub-GEO013/ses-t2/func/sub-GEO013_ses-t2_task-image_run-4_space-MNI152NLin2009cAsym_desc-brain_mask.nii.gz dtype from float64 to uint8
250528-01:18:20,765 nipype.interface WARNING:
	 Changing /out/sub-GEO013/ses-t2/func/sub-GEO013_ses-t2_task-image_run-5_space-MNI152NLin2009cAsym_desc-brain_mask.nii.gz dtype from float64 to uint8
250528-01:18:23,970 nipype.interface WARNING:
	 Changing /out/sub-GEO013/ses-t3/func/sub-GEO013_ses-t3_task-image_run-1_space-MNI152NLin2009cAsym_desc-brain_mask.nii.gz dtype from float64 to uint8
250528-01:18:27,169 nipype.interface WARNING:
	 Changing /out/sub-GEO013/ses-t3/func/sub-GEO013_ses-t3_task-image_run-2_space-MNI152NLin2009cAsym_desc-brain_mask.nii.gz dtype from float64 to uint8
250528-01:18:28,384 nipype.workflow INFO:
	 [Node] Finished "norm_rpt", elapsed time 19.528713s.
250528-01:18:29,715 nipype.interface WARNING:
	 Changing /out/sub-GEO013/ses-t3/func/sub-GEO013_ses-t3_task-image_run-3_space-MNI152NLin2009cAsym_desc-brain_mask.nii.gz dtype from float64 to uint8
250528-01:18:34,20 nipype.interface WARNING:
	 Changing /out/sub-GEO013/ses-t3/func/sub-GEO013_ses-t3_task-image_run-4_space-MNI152NLin2009cAsym_desc-brain_mask.nii.gz dtype from float64 to uint8
250528-01:18:36,636 nipype.interface WARNING:
	 Changing /out/sub-GEO013/ses-t3/func/sub-GEO013_ses-t3_task-image_run-5_space-MNI152NLin2009cAsym_desc-brain_mask.nii.gz dtype from float64 to uint8
250528-01:18:37,470 nipype.workflow INFO:
	 [Node] Setting-up "fmriprep_25_0_wf.sub_GEO013_wf.bold_ses_t2_task_image_run_1_wf.carpetplot_wf.parcels" in "/work/fmriprep_25_0_wf/sub_GEO013_wf/bold_ses_t2_task_image_run_1_wf/carpetplot_wf/parcels".
250528-01:18:37,477 nipype.workflow INFO:
	 [Node] Setting-up "fmriprep_25_0_wf.sub_GEO013_wf.bold_ses_t2_task_image_run_2_wf.carpetplot_wf.parcels" in "/work/fmriprep_25_0_wf/sub_GEO013_wf/bold_ses_t2_task_image_run_2_wf/carpetplot_wf/parcels".
250528-01:18:38,48 nipype.workflow INFO:
	 [Node] Executing "parcels" <nipype.interfaces.utility.wrappers.Function>
250528-01:18:38,87 nipype.workflow INFO:
	 [Node] Executing "parcels" <nipype.interfaces.utility.wrappers.Function>
250528-01:18:38,175 nipype.workflow INFO:
	 [Node] Finished "parcels", elapsed time 0.087397s.
250528-01:18:38,317 nipype.workflow INFO:
	 [Node] Finished "parcels", elapsed time 0.267961s.
250528-01:18:42,362 nipype.interface WARNING:
	 Changing /out/sub-GEO013/ses-t3/func/sub-GEO013_ses-t3_task-retrans_run-1_space-MNI152NLin2009cAsym_desc-brain_mask.nii.gz dtype from float64 to uint8
250528-01:18:45,130 nipype.workflow INFO:
	 [Node] Setting-up "fmriprep_25_0_wf.sub_GEO013_wf.bold_ses_t2_task_image_run_3_wf.carpetplot_wf.parcels" in "/work/fmriprep_25_0_wf/sub_GEO013_wf/bold_ses_t2_task_image_run_3_wf/carpetplot_wf/parcels".
250528-01:18:45,136 nipype.workflow INFO:
	 [Node] Setting-up "fmriprep_25_0_wf.sub_GEO013_wf.bold_ses_t2_task_image_run_4_wf.carpetplot_wf.parcels" in "/work/fmriprep_25_0_wf/sub_GEO013_wf/bold_ses_t2_task_image_run_4_wf/carpetplot_wf/parcels".
250528-01:18:45,146 nipype.workflow INFO:
	 [Node] Setting-up "fmriprep_25_0_wf.sub_GEO013_wf.bold_ses_t2_task_image_run_5_wf.carpetplot_wf.parcels" in "/work/fmriprep_25_0_wf/sub_GEO013_wf/bold_ses_t2_task_image_run_5_wf/carpetplot_wf/parcels".
250528-01:18:45,151 nipype.workflow INFO:
	 [Node] Setting-up "fmriprep_25_0_wf.sub_GEO013_wf.bold_ses_t3_task_image_run_1_wf.carpetplot_wf.parcels" in "/work/fmriprep_25_0_wf/sub_GEO013_wf/bold_ses_t3_task_image_run_1_wf/carpetplot_wf/parcels".
250528-01:18:45,561 nipype.workflow INFO:
	 [Node] Setting-up "fmriprep_25_0_wf.sub_GEO013_wf.bold_ses_t3_task_image_run_2_wf.carpetplot_wf.parcels" in "/work/fmriprep_25_0_wf/sub_GEO013_wf/bold_ses_t3_task_image_run_2_wf/carpetplot_wf/parcels".
250528-01:18:45,562 nipype.workflow INFO:
	 [Node] Setting-up "fmriprep_25_0_wf.sub_GEO013_wf.bold_ses_t3_task_image_run_3_wf.carpetplot_wf.parcels" in "/work/fmriprep_25_0_wf/sub_GEO013_wf/bold_ses_t3_task_image_run_3_wf/carpetplot_wf/parcels".
250528-01:18:45,666 nipype.workflow INFO:
	 [Node] Executing "parcels" <nipype.interfaces.utility.wrappers.Function>
250528-01:18:45,670 nipype.workflow INFO:
	 [Node] Executing "parcels" <nipype.interfaces.utility.wrappers.Function>
250528-01:18:45,781 nipype.workflow INFO:
	 [Node] Executing "parcels" <nipype.interfaces.utility.wrappers.Function>
250528-01:18:45,800 nipype.workflow INFO:
	 [Node] Executing "parcels" <nipype.interfaces.utility.wrappers.Function>
250528-01:18:45,817 nipype.workflow INFO:
	 [Node] Finished "parcels", elapsed time 0.146254s.
250528-01:18:45,822 nipype.workflow INFO:
	 [Node] Finished "parcels", elapsed time 0.154346s.
250528-01:18:45,898 nipype.workflow INFO:
	 [Node] Finished "parcels", elapsed time 0.115422s.
250528-01:18:45,918 nipype.workflow INFO:
	 [Node] Finished "parcels", elapsed time 0.11609s.
250528-01:18:46,240 nipype.workflow INFO:
	 [Node] Executing "parcels" <nipype.interfaces.utility.wrappers.Function>
250528-01:18:46,307 nipype.workflow INFO:
	 [Node] Finished "parcels", elapsed time 0.065703s.
250528-01:18:46,408 nipype.workflow INFO:
	 [Node] Executing "parcels" <nipype.interfaces.utility.wrappers.Function>
250528-01:18:46,585 nipype.workflow INFO:
	 [Node] Finished "parcels", elapsed time 0.17517s.
250528-01:18:47,576 nipype.workflow INFO:
	 [Node] Setting-up "fmriprep_25_0_wf.sub_GEO013_wf.bold_ses_t3_task_image_run_4_wf.carpetplot_wf.parcels" in "/work/fmriprep_25_0_wf/sub_GEO013_wf/bold_ses_t3_task_image_run_4_wf/carpetplot_wf/parcels".
250528-01:18:47,577 nipype.workflow INFO:
	 [Node] Setting-up "fmriprep_25_0_wf.sub_GEO013_wf.bold_ses_t3_task_image_run_5_wf.carpetplot_wf.parcels" in "/work/fmriprep_25_0_wf/sub_GEO013_wf/bold_ses_t3_task_image_run_5_wf/carpetplot_wf/parcels".
250528-01:18:47,589 nipype.workflow INFO:
	 [Node] Setting-up "fmriprep_25_0_wf.sub_GEO013_wf.bold_ses_t3_task_image_run_5_wf.bold_confounds_wf.rename_acompcor" in "/work/fmriprep_25_0_wf/sub_GEO013_wf/bold_ses_t3_task_image_run_5_wf/bold_confounds_wf/rename_acompcor".
250528-01:18:47,590 nipype.workflow INFO:
	 [Node] Setting-up "fmriprep_25_0_wf.sub_GEO013_wf.bold_ses_t3_task_image_run_5_wf.bold_confounds_wf.signals" in "/work/fmriprep_25_0_wf/sub_GEO013_wf/bold_ses_t3_task_image_run_5_wf/bold_confounds_wf/signals".
250528-01:18:48,87 nipype.workflow INFO:
	 [Node] Executing "parcels" <nipype.interfaces.utility.wrappers.Function>
250528-01:18:48,168 nipype.workflow INFO:
	 [Node] Finished "parcels", elapsed time 0.080166s.
250528-01:18:48,197 nipype.workflow INFO:
	 [Node] Executing "rename_acompcor" <fmriprep.interfaces.confounds.RenameACompCor>
250528-01:18:48,218 nipype.workflow INFO:
	 [Node] Executing "signals" <niworkflows.interfaces.images.SignalExtraction>
250528-01:18:48,588 nipype.workflow INFO:
	 [Node] Executing "parcels" <nipype.interfaces.utility.wrappers.Function>
250528-01:18:48,663 nipype.workflow INFO:
	 [Node] Finished "rename_acompcor", elapsed time 0.464786s.
250528-01:18:48,711 nipype.workflow INFO:
	 [Node] Finished "parcels", elapsed time 0.121543s.
250528-01:18:50,673 nipype.workflow INFO:
	 [Node] Setting-up "fmriprep_25_0_wf.sub_GEO013_wf.bold_ses_t3_task_image_run_5_wf.bold_confounds_wf.acc_metadata_filter" in "/work/fmriprep_25_0_wf/sub_GEO013_wf/bold_ses_t3_task_image_run_5_wf/bold_confounds_wf/acc_metadata_filter".
250528-01:18:50,708 nipype.workflow INFO:
	 [Node] Setting-up "_anat2std_tpms0" in "/work/fmriprep_25_0_wf/sub_GEO013_wf/ds_std_volumes_wf/_in_tuple_MNI152NLin2009cAsym.resnative/anat2std_tpms/mapflow/_anat2std_tpms0".
250528-01:18:50,743 nipype.workflow INFO:
	 [Node] Setting-up "_anat2std_tpms1" in "/work/fmriprep_25_0_wf/sub_GEO013_wf/ds_std_volumes_wf/_in_tuple_MNI152NLin2009cAsym.resnative/anat2std_tpms/mapflow/_anat2std_tpms1".
250528-01:18:51,813 nipype.workflow INFO:
	 [Node] Executing "_anat2std_tpms1" <niworkflows.interfaces.fixes.FixHeaderApplyTransforms>
250528-01:18:52,153 nipype.workflow INFO:
	 [Node] Executing "acc_metadata_filter" <fmriprep.interfaces.confounds.FilterDropped>
250528-01:18:52,180 nipype.workflow INFO:
	 [Node] Executing "_anat2std_tpms0" <niworkflows.interfaces.fixes.FixHeaderApplyTransforms>
250528-01:18:52,338 nipype.workflow INFO:
	 [Node] Finished "acc_metadata_filter", elapsed time 0.183057s.
250528-01:18:54,547 nipype.workflow INFO:
	 [Node] Finished "signals", elapsed time 6.328132s.
250528-01:18:55,564 nipype.workflow INFO:
	 [Node] Setting-up "fmriprep_25_0_wf.sub_GEO013_wf.bold_ses_t3_task_image_run_5_wf.bold_confounds_wf.compcor_plot" in "/work/fmriprep_25_0_wf/sub_GEO013_wf/bold_ses_t3_task_image_run_5_wf/bold_confounds_wf/compcor_plot".
250528-01:18:57,316 nipype.workflow INFO:
	 [Node] Executing "compcor_plot" <nireports.interfaces.nuisance.CompCorVariancePlot>
250528-01:18:57,586 nipype.workflow INFO:
	 [Node] Setting-up "fmriprep_25_0_wf.sub_GEO013_wf.bold_ses_t3_task_image_run_5_wf.bold_confounds_wf.rois_plot" in "/work/fmriprep_25_0_wf/sub_GEO013_wf/bold_ses_t3_task_image_run_5_wf/bold_confounds_wf/rois_plot".
250528-01:18:57,701 nipype.workflow INFO:
	 [Node] Finished "compcor_plot", elapsed time 0.383938s.
250528-01:18:58,166 nipype.workflow INFO:
	 [Node] Executing "rois_plot" <niworkflows.interfaces.reportlets.masks.ROIsPlot>
250528-01:18:59,980 nipype.workflow INFO:
	 [Node] Setting-up "fmriprep_25_0_wf.sub_GEO013_wf.bold_ses_t3_task_image_run_5_wf.bold_confounds_wf.acc_metadata_fmt" in "/work/fmriprep_25_0_wf/sub_GEO013_wf/bold_ses_t3_task_image_run_5_wf/bold_confounds_wf/acc_metadata_fmt".
250528-01:19:00,461 nipype.workflow INFO:
	 [Node] Executing "acc_metadata_fmt" <niworkflows.interfaces.utility.TSV2JSON>
250528-01:19:00,470 nipype.workflow INFO:
	 [Node] Finished "acc_metadata_fmt", elapsed time 0.007815s.
250528-01:19:01,981 nipype.workflow INFO:
	 [Node] Setting-up "fmriprep_25_0_wf.sub_GEO013_wf.bold_ses_t3_task_image_run_5_wf.bold_confounds_wf.model_expansion" in "/work/fmriprep_25_0_wf/sub_GEO013_wf/bold_ses_t3_task_image_run_5_wf/bold_confounds_wf/model_expansion".
250528-01:19:02,969 nipype.workflow INFO:
	 [Node] Executing "model_expansion" <niworkflows.interfaces.confounds.ExpandModel>
250528-01:19:03,253 nipype.workflow INFO:
	 [Node] Finished "model_expansion", elapsed time 0.28218s.
250528-01:19:03,748 nipype.workflow INFO:
	 [Node] Finished "_anat2std_tpms1", elapsed time 11.931006s.
250528-01:19:03,984 nipype.workflow INFO:
	 [Node] Setting-up "fmriprep_25_0_wf.sub_GEO013_wf.bold_ses_t3_task_image_run_5_wf.bold_confounds_wf.conf_corr_plot" in "/work/fmriprep_25_0_wf/sub_GEO013_wf/bold_ses_t3_task_image_run_5_wf/bold_confounds_wf/conf_corr_plot".
250528-01:19:04,354 nipype.workflow INFO:
	 [Node] Executing "conf_corr_plot" <nireports.interfaces.nuisance.ConfoundsCorrelationPlot>
250528-01:19:04,538 nipype.workflow INFO:
	 [Node] Finished "_anat2std_tpms0", elapsed time 12.357373s.
250528-01:19:05,75 nipype.workflow INFO:
	 [Node] Finished "conf_corr_plot", elapsed time 0.719895s.
250528-01:19:07,242 nipype.workflow INFO:
	 [Node] Setting-up "fmriprep_25_0_wf.sub_GEO013_wf.bold_ses_t3_task_image_run_5_wf.bold_confounds_wf.spike_regressors" in "/work/fmriprep_25_0_wf/sub_GEO013_wf/bold_ses_t3_task_image_run_5_wf/bold_confounds_wf/spike_regressors".
250528-01:19:07,781 nipype.workflow INFO:
	 [Node] Executing "spike_regressors" <niworkflows.interfaces.confounds.SpikeRegressors>
250528-01:19:07,989 nipype.workflow INFO:
	 [Node] Finished "spike_regressors", elapsed time 0.206895s.
250528-01:19:08,690 nipype.workflow INFO:
	 [Node] Setting-up "_anat2std_tpms2" in "/work/fmriprep_25_0_wf/sub_GEO013_wf/ds_std_volumes_wf/_in_tuple_MNI152NLin2009cAsym.resnative/anat2std_tpms/mapflow/_anat2std_tpms2".
250528-01:19:08,816 nipype.workflow INFO:
	 [Node] Setting-up "_acc_msk_brain0" in "/work/fmriprep_25_0_wf/sub_GEO013_wf/bold_ses_t3_task_retrans_run_1_wf/bold_confounds_wf/acc_msk_brain/mapflow/_acc_msk_brain0".
250528-01:19:09,272 nipype.workflow INFO:
	 [Node] Executing "_anat2std_tpms2" <niworkflows.interfaces.fixes.FixHeaderApplyTransforms>
250528-01:19:09,380 nipype.workflow INFO:
	 [Node] Executing "_acc_msk_brain0" <niworkflows.interfaces.nibabel.ApplyMask>
250528-01:19:09,515 nipype.workflow INFO:
	 [Node] Finished "_acc_msk_brain0", elapsed time 0.132979s.
250528-01:19:10,217 nipype.workflow INFO:
	 [Node] Setting-up "_acc_msk_brain1" in "/work/fmriprep_25_0_wf/sub_GEO013_wf/bold_ses_t3_task_retrans_run_1_wf/bold_confounds_wf/acc_msk_brain/mapflow/_acc_msk_brain1".
250528-01:19:10,588 nipype.workflow INFO:
	 [Node] Executing "_acc_msk_brain1" <niworkflows.interfaces.nibabel.ApplyMask>
250528-01:19:10,803 nipype.workflow INFO:
	 [Node] Finished "_acc_msk_brain1", elapsed time 0.21377s.
250528-01:19:13,312 nipype.workflow INFO:
	 [Node] Setting-up "_acc_msk_brain2" in "/work/fmriprep_25_0_wf/sub_GEO013_wf/bold_ses_t3_task_retrans_run_1_wf/bold_confounds_wf/acc_msk_brain/mapflow/_acc_msk_brain2".
250528-01:19:13,528 nipype.workflow INFO:
	 [Node] Finished "rois_plot", elapsed time 15.361004s.
250528-01:19:13,965 nipype.workflow INFO:
	 [Node] Executing "_acc_msk_brain2" <niworkflows.interfaces.nibabel.ApplyMask>
250528-01:19:14,265 nipype.workflow INFO:
	 [Node] Finished "_acc_msk_brain2", elapsed time 0.298857s.
250528-01:19:15,794 nipype.workflow INFO:
	 [Node] Setting-up "_acc_msk_brain0" in "/work/fmriprep_25_0_wf/sub_GEO013_wf/bold_ses_t3_task_retrans_run_1_wf/bold_confounds_wf/acc_msk_brain/mapflow/_acc_msk_brain0".
250528-01:19:15,799 nipype.workflow INFO:
	 [Node] Cached "_acc_msk_brain0" - collecting precomputed outputs
250528-01:19:15,799 nipype.workflow INFO:
	 [Node] "_acc_msk_brain0" found cached.
250528-01:19:15,800 nipype.workflow INFO:
	 [Node] Setting-up "_acc_msk_brain1" in "/work/fmriprep_25_0_wf/sub_GEO013_wf/bold_ses_t3_task_retrans_run_1_wf/bold_confounds_wf/acc_msk_brain/mapflow/_acc_msk_brain1".
250528-01:19:15,804 nipype.workflow INFO:
	 [Node] Cached "_acc_msk_brain1" - collecting precomputed outputs
250528-01:19:15,804 nipype.workflow INFO:
	 [Node] "_acc_msk_brain1" found cached.
250528-01:19:15,805 nipype.workflow INFO:
	 [Node] Setting-up "_acc_msk_brain2" in "/work/fmriprep_25_0_wf/sub_GEO013_wf/bold_ses_t3_task_retrans_run_1_wf/bold_confounds_wf/acc_msk_brain/mapflow/_acc_msk_brain2".
250528-01:19:15,809 nipype.workflow INFO:
	 [Node] Cached "_acc_msk_brain2" - collecting precomputed outputs
250528-01:19:15,809 nipype.workflow INFO:
	 [Node] "_acc_msk_brain2" found cached.
250528-01:19:16,863 nipype.workflow INFO:
	 [Node] Setting-up "fmriprep_25_0_wf.sub_GEO013_wf.bold_ses_t2_task_image_run_1_wf.carpetplot_wf.conf_plot" in "/work/fmriprep_25_0_wf/sub_GEO013_wf/bold_ses_t2_task_image_run_1_wf/carpetplot_wf/conf_plot".
250528-01:19:16,865 nipype.workflow INFO:
	 [Node] Setting-up "fmriprep_25_0_wf.sub_GEO013_wf.bold_ses_t2_task_image_run_2_wf.carpetplot_wf.conf_plot" in "/work/fmriprep_25_0_wf/sub_GEO013_wf/bold_ses_t2_task_image_run_2_wf/carpetplot_wf/conf_plot".
250528-01:19:17,501 nipype.workflow INFO:
	 [Node] Executing "conf_plot" <fmriprep.interfaces.confounds.FMRISummary>
250528-01:19:17,565 nipype.workflow INFO:
	 [Node] Executing "conf_plot" <fmriprep.interfaces.confounds.FMRISummary>
250528-01:19:19,754 nipype.workflow INFO:
	 [Node] Setting-up "_acc_msk_bin0" in "/work/fmriprep_25_0_wf/sub_GEO013_wf/bold_ses_t3_task_retrans_run_1_wf/bold_confounds_wf/acc_msk_bin/mapflow/_acc_msk_bin0".
250528-01:19:19,756 nipype.workflow INFO:
	 [Node] Setting-up "_acc_msk_bin1" in "/work/fmriprep_25_0_wf/sub_GEO013_wf/bold_ses_t3_task_retrans_run_1_wf/bold_confounds_wf/acc_msk_bin/mapflow/_acc_msk_bin1".
250528-01:19:20,663 nipype.workflow INFO:
	 [Node] Executing "_acc_msk_bin0" <niworkflows.interfaces.nibabel.Binarize>
250528-01:19:21,98 nipype.workflow INFO:
	 [Node] Finished "_acc_msk_bin0", elapsed time 0.433502s.
250528-01:19:21,111 nipype.workflow INFO:
	 [Node] Executing "_acc_msk_bin1" <niworkflows.interfaces.nibabel.Binarize>
250528-01:19:21,224 nipype.workflow INFO:
	 [Node] Finished "_anat2std_tpms2", elapsed time 11.950714s.
250528-01:19:21,321 nipype.workflow INFO:
	 [Node] Finished "_acc_msk_bin1", elapsed time 0.209114s.
250528-01:19:23,645 nipype.workflow INFO:
	 [Node] Setting-up "_acc_msk_bin2" in "/work/fmriprep_25_0_wf/sub_GEO013_wf/bold_ses_t3_task_retrans_run_1_wf/bold_confounds_wf/acc_msk_bin/mapflow/_acc_msk_bin2".
250528-01:19:24,43 nipype.workflow INFO:
	 [Node] Setting-up "_anat2std_tpms0" in "/work/fmriprep_25_0_wf/sub_GEO013_wf/ds_std_volumes_wf/_in_tuple_MNI152NLin2009cAsym.resnative/anat2std_tpms/mapflow/_anat2std_tpms0".
250528-01:19:24,49 nipype.workflow INFO:
	 [Node] Cached "_anat2std_tpms0" - collecting precomputed outputs
250528-01:19:24,49 nipype.workflow INFO:
	 [Node] "_anat2std_tpms0" found cached.
250528-01:19:24,50 nipype.workflow INFO:
	 [Node] Setting-up "_anat2std_tpms1" in "/work/fmriprep_25_0_wf/sub_GEO013_wf/ds_std_volumes_wf/_in_tuple_MNI152NLin2009cAsym.resnative/anat2std_tpms/mapflow/_anat2std_tpms1".
250528-01:19:24,55 nipype.workflow INFO:
	 [Node] Cached "_anat2std_tpms1" - collecting precomputed outputs
250528-01:19:24,55 nipype.workflow INFO:
	 [Node] "_anat2std_tpms1" found cached.
250528-01:19:24,55 nipype.workflow INFO:
	 [Node] Setting-up "_anat2std_tpms2" in "/work/fmriprep_25_0_wf/sub_GEO013_wf/ds_std_volumes_wf/_in_tuple_MNI152NLin2009cAsym.resnative/anat2std_tpms/mapflow/_anat2std_tpms2".
250528-01:19:24,60 nipype.workflow INFO:
	 [Node] Cached "_anat2std_tpms2" - collecting precomputed outputs
250528-01:19:24,60 nipype.workflow INFO:
	 [Node] "_anat2std_tpms2" found cached.
250528-01:19:24,164 nipype.workflow INFO:
	 [Node] Executing "_acc_msk_bin2" <niworkflows.interfaces.nibabel.Binarize>
250528-01:19:24,304 nipype.workflow INFO:
	 [Node] Finished "_acc_msk_bin2", elapsed time 0.138946s.
250528-01:19:28,281 nipype.workflow INFO:
	 [Node] Finished "conf_plot", elapsed time 10.779482s.
250528-01:19:29,266 nipype.workflow INFO:
	 [Node] Finished "conf_plot", elapsed time 11.69768s.
250528-01:19:31,294 nipype.workflow INFO:
	 [Node] Setting-up "_acc_msk_bin0" in "/work/fmriprep_25_0_wf/sub_GEO013_wf/bold_ses_t3_task_retrans_run_1_wf/bold_confounds_wf/acc_msk_bin/mapflow/_acc_msk_bin0".
250528-01:19:31,299 nipype.workflow INFO:
	 [Node] Cached "_acc_msk_bin0" - collecting precomputed outputs
250528-01:19:31,300 nipype.workflow INFO:
	 [Node] "_acc_msk_bin0" found cached.
250528-01:19:31,301 nipype.workflow INFO:
	 [Node] Setting-up "_acc_msk_bin1" in "/work/fmriprep_25_0_wf/sub_GEO013_wf/bold_ses_t3_task_retrans_run_1_wf/bold_confounds_wf/acc_msk_bin/mapflow/_acc_msk_bin1".
250528-01:19:31,306 nipype.workflow INFO:
	 [Node] Cached "_acc_msk_bin1" - collecting precomputed outputs
250528-01:19:31,306 nipype.workflow INFO:
	 [Node] "_acc_msk_bin1" found cached.
250528-01:19:31,307 nipype.workflow INFO:
	 [Node] Setting-up "_acc_msk_bin2" in "/work/fmriprep_25_0_wf/sub_GEO013_wf/bold_ses_t3_task_retrans_run_1_wf/bold_confounds_wf/acc_msk_bin/mapflow/_acc_msk_bin2".
250528-01:19:31,310 nipype.workflow INFO:
	 [Node] Cached "_acc_msk_bin2" - collecting precomputed outputs
250528-01:19:31,310 nipype.workflow INFO:
	 [Node] "_acc_msk_bin2" found cached.
250528-01:19:31,349 nipype.workflow INFO:
	 [Node] Setting-up "fmriprep_25_0_wf.sub_GEO013_wf.bold_ses_t2_task_image_run_3_wf.carpetplot_wf.conf_plot" in "/work/fmriprep_25_0_wf/sub_GEO013_wf/bold_ses_t2_task_image_run_3_wf/carpetplot_wf/conf_plot".
250528-01:19:31,351 nipype.workflow INFO:
	 [Node] Setting-up "fmriprep_25_0_wf.sub_GEO013_wf.bold_ses_t2_task_image_run_4_wf.carpetplot_wf.conf_plot" in "/work/fmriprep_25_0_wf/sub_GEO013_wf/bold_ses_t2_task_image_run_4_wf/carpetplot_wf/conf_plot".
250528-01:19:32,499 nipype.workflow INFO:
	 [Node] Executing "conf_plot" <fmriprep.interfaces.confounds.FMRISummary>
250528-01:19:32,522 nipype.workflow INFO:
	 [Node] Executing "conf_plot" <fmriprep.interfaces.confounds.FMRISummary>
250528-01:19:39,26 nipype.workflow INFO:
	 [Node] Setting-up "fmriprep_25_0_wf.sub_GEO013_wf.bold_ses_t3_task_retrans_run_1_wf.carpetplot_wf.parcels" in "/work/fmriprep_25_0_wf/sub_GEO013_wf/bold_ses_t3_task_retrans_run_1_wf/carpetplot_wf/parcels".
250528-01:19:39,354 nipype.workflow INFO:
	 [Node] Executing "parcels" <nipype.interfaces.utility.wrappers.Function>
250528-01:19:39,515 nipype.workflow INFO:
	 [Node] Finished "parcels", elapsed time 0.159195s.
250528-01:19:43,478 nipype.workflow INFO:
	 [Node] Finished "conf_plot", elapsed time 10.955292s.
250528-01:19:44,98 nipype.workflow INFO:
	 [Node] Finished "conf_plot", elapsed time 11.597733999999999s.
250528-01:19:45,449 nipype.workflow INFO:
	 [Node] Setting-up "fmriprep_25_0_wf.sub_GEO013_wf.bold_ses_t2_task_image_run_5_wf.carpetplot_wf.conf_plot" in "/work/fmriprep_25_0_wf/sub_GEO013_wf/bold_ses_t2_task_image_run_5_wf/carpetplot_wf/conf_plot".
250528-01:19:45,450 nipype.workflow INFO:
	 [Node] Setting-up "fmriprep_25_0_wf.sub_GEO013_wf.bold_ses_t3_task_image_run_1_wf.carpetplot_wf.conf_plot" in "/work/fmriprep_25_0_wf/sub_GEO013_wf/bold_ses_t3_task_image_run_1_wf/carpetplot_wf/conf_plot".
250528-01:19:45,982 nipype.workflow INFO:
	 [Node] Executing "conf_plot" <fmriprep.interfaces.confounds.FMRISummary>
250528-01:19:46,78 nipype.workflow INFO:
	 [Node] Executing "conf_plot" <fmriprep.interfaces.confounds.FMRISummary>
250528-01:19:57,52 nipype.workflow INFO:
	 [Node] Finished "conf_plot", elapsed time 11.059259s.
250528-01:19:57,127 nipype.workflow INFO:
	 [Node] Finished "conf_plot", elapsed time 11.047589s.
250528-01:19:58,896 nipype.workflow INFO:
	 [Node] Setting-up "fmriprep_25_0_wf.sub_GEO013_wf.bold_ses_t3_task_image_run_2_wf.carpetplot_wf.conf_plot" in "/work/fmriprep_25_0_wf/sub_GEO013_wf/bold_ses_t3_task_image_run_2_wf/carpetplot_wf/conf_plot".
250528-01:19:58,908 nipype.workflow INFO:
	 [Node] Setting-up "fmriprep_25_0_wf.sub_GEO013_wf.bold_ses_t3_task_image_run_3_wf.carpetplot_wf.conf_plot" in "/work/fmriprep_25_0_wf/sub_GEO013_wf/bold_ses_t3_task_image_run_3_wf/carpetplot_wf/conf_plot".
250528-01:19:59,592 nipype.workflow INFO:
	 [Node] Executing "conf_plot" <fmriprep.interfaces.confounds.FMRISummary>
250528-01:19:59,593 nipype.workflow INFO:
	 [Node] Executing "conf_plot" <fmriprep.interfaces.confounds.FMRISummary>
250528-01:20:10,849 nipype.workflow INFO:
	 [Node] Finished "conf_plot", elapsed time 11.255096s.
250528-01:20:11,509 nipype.workflow INFO:
	 [Node] Finished "conf_plot", elapsed time 11.916353s.
250528-01:20:12,852 nipype.workflow INFO:
	 [Node] Setting-up "fmriprep_25_0_wf.sub_GEO013_wf.bold_ses_t3_task_image_run_4_wf.carpetplot_wf.conf_plot" in "/work/fmriprep_25_0_wf/sub_GEO013_wf/bold_ses_t3_task_image_run_4_wf/carpetplot_wf/conf_plot".
250528-01:20:12,861 nipype.workflow INFO:
	 [Node] Setting-up "fmriprep_25_0_wf.sub_GEO013_wf.bold_ses_t3_task_image_run_5_wf.carpetplot_wf.conf_plot" in "/work/fmriprep_25_0_wf/sub_GEO013_wf/bold_ses_t3_task_image_run_5_wf/carpetplot_wf/conf_plot".
250528-01:20:13,931 nipype.workflow INFO:
	 [Node] Executing "conf_plot" <fmriprep.interfaces.confounds.FMRISummary>
250528-01:20:14,770 nipype.workflow INFO:
	 [Node] Executing "conf_plot" <fmriprep.interfaces.confounds.FMRISummary>
250528-01:20:25,377 nipype.workflow INFO:
	 [Node] Finished "conf_plot", elapsed time 11.445454s.
250528-01:20:25,862 nipype.workflow INFO:
	 [Node] Finished "conf_plot", elapsed time 11.091473s.
250528-01:39:15,228 nipype.workflow INFO:
	 [Node] Finished "_msmsulc0", elapsed time 1992.950024s.
250528-01:39:16,148 nipype.workflow INFO:
	 [Node] Setting-up "fmriprep_25_0_wf.sub_GEO013_wf.bold_ses_t2_task_image_run_1_wf.bold_anat_wf.resample" in "/work/fmriprep_25_0_wf/sub_GEO013_wf/bold_ses_t2_task_image_run_1_wf/bold_anat_wf/resample".
250528-01:39:17,107 nipype.workflow INFO:
	 [Node] Executing "resample" <fmriprep.interfaces.resampling.ResampleSeries>
250528-01:39:38,908 nipype.workflow INFO:
	 [Node] Finished "resample", elapsed time 21.799345s.
250528-01:39:40,173 nipype.workflow INFO:
	 [Node] Setting-up "fmriprep_25_0_wf.sub_GEO013_wf.bold_ses_t2_task_image_run_1_wf.bold_std_wf.resample" in "/work/fmriprep_25_0_wf/sub_GEO013_wf/bold_ses_t2_task_image_run_1_wf/bold_std_wf/_in_tuple_MNI152NLin2009cAsym.resnative/resample".
250528-01:39:40,852 nipype.workflow INFO:
	 [Node] Executing "resample" <fmriprep.interfaces.resampling.ResampleSeries>
250528-01:40:15,412 nipype.workflow INFO:
	 [Node] Finished "resample", elapsed time 34.556645s.
250528-01:40:18,175 nipype.workflow INFO:
	 [Node] Setting-up "fmriprep_25_0_wf.sub_GEO013_wf.bold_ses_t2_task_image_run_2_wf.bold_anat_wf.resample" in "/work/fmriprep_25_0_wf/sub_GEO013_wf/bold_ses_t2_task_image_run_2_wf/bold_anat_wf/resample".
250528-01:40:19,320 nipype.workflow INFO:
	 [Node] Executing "resample" <fmriprep.interfaces.resampling.ResampleSeries>
250528-01:40:41,530 nipype.workflow INFO:
	 [Node] Finished "resample", elapsed time 22.20788s.
250528-01:40:42,245 nipype.workflow INFO:
	 [Node] Setting-up "fmriprep_25_0_wf.sub_GEO013_wf.bold_ses_t2_task_image_run_2_wf.bold_std_wf.resample" in "/work/fmriprep_25_0_wf/sub_GEO013_wf/bold_ses_t2_task_image_run_2_wf/bold_std_wf/_in_tuple_MNI152NLin2009cAsym.resnative/resample".
250528-01:40:42,793 nipype.workflow INFO:
	 [Node] Executing "resample" <fmriprep.interfaces.resampling.ResampleSeries>
250528-01:41:16,709 nipype.workflow INFO:
	 [Node] Finished "resample", elapsed time 33.907383s.
250528-01:41:18,241 nipype.workflow INFO:
	 [Node] Setting-up "fmriprep_25_0_wf.sub_GEO013_wf.bold_ses_t2_task_image_run_3_wf.bold_anat_wf.resample" in "/work/fmriprep_25_0_wf/sub_GEO013_wf/bold_ses_t2_task_image_run_3_wf/bold_anat_wf/resample".
250528-01:41:18,977 nipype.workflow INFO:
	 [Node] Executing "resample" <fmriprep.interfaces.resampling.ResampleSeries>
250528-01:41:40,559 nipype.workflow INFO:
	 [Node] Finished "resample", elapsed time 21.580193s.
250528-01:41:42,237 nipype.workflow INFO:
	 [Node] Setting-up "fmriprep_25_0_wf.sub_GEO013_wf.bold_ses_t2_task_image_run_3_wf.bold_std_wf.resample" in "/work/fmriprep_25_0_wf/sub_GEO013_wf/bold_ses_t2_task_image_run_3_wf/bold_std_wf/_in_tuple_MNI152NLin2009cAsym.resnative/resample".
250528-01:41:42,748 nipype.workflow INFO:
	 [Node] Executing "resample" <fmriprep.interfaces.resampling.ResampleSeries>
250528-01:42:15,631 nipype.workflow INFO:
	 [Node] Finished "resample", elapsed time 32.881935s.
250528-01:42:18,269 nipype.workflow INFO:
	 [Node] Setting-up "fmriprep_25_0_wf.sub_GEO013_wf.bold_ses_t2_task_image_run_4_wf.bold_anat_wf.resample" in "/work/fmriprep_25_0_wf/sub_GEO013_wf/bold_ses_t2_task_image_run_4_wf/bold_anat_wf/resample".
250528-01:42:20,427 nipype.workflow INFO:
	 [Node] Executing "resample" <fmriprep.interfaces.resampling.ResampleSeries>
250528-01:42:43,341 nipype.workflow INFO:
	 [Node] Finished "resample", elapsed time 22.912385s.
250528-01:42:46,149 nipype.workflow INFO:
	 [Node] Setting-up "fmriprep_25_0_wf.sub_GEO013_wf.bold_ses_t2_task_image_run_4_wf.bold_std_wf.resample" in "/work/fmriprep_25_0_wf/sub_GEO013_wf/bold_ses_t2_task_image_run_4_wf/bold_std_wf/_in_tuple_MNI152NLin2009cAsym.resnative/resample".
250528-01:42:46,622 nipype.workflow INFO:
	 [Node] Executing "resample" <fmriprep.interfaces.resampling.ResampleSeries>
250528-01:43:20,361 nipype.workflow INFO:
	 [Node] Finished "resample", elapsed time 33.730603s.
250528-01:43:22,249 nipype.workflow INFO:
	 [Node] Setting-up "fmriprep_25_0_wf.sub_GEO013_wf.bold_ses_t2_task_image_run_5_wf.bold_anat_wf.resample" in "/work/fmriprep_25_0_wf/sub_GEO013_wf/bold_ses_t2_task_image_run_5_wf/bold_anat_wf/resample".
250528-01:43:23,130 nipype.workflow INFO:
	 [Node] Executing "resample" <fmriprep.interfaces.resampling.ResampleSeries>
250528-01:43:51,898 nipype.workflow INFO:
	 [Node] Finished "resample", elapsed time 28.76656s.
250528-01:43:54,266 nipype.workflow INFO:
	 [Node] Setting-up "fmriprep_25_0_wf.sub_GEO013_wf.bold_ses_t2_task_image_run_5_wf.bold_std_wf.resample" in "/work/fmriprep_25_0_wf/sub_GEO013_wf/bold_ses_t2_task_image_run_5_wf/bold_std_wf/_in_tuple_MNI152NLin2009cAsym.resnative/resample".
250528-01:43:55,114 nipype.workflow INFO:
	 [Node] Executing "resample" <fmriprep.interfaces.resampling.ResampleSeries>
250528-01:44:30,897 nipype.workflow INFO:
	 [Node] Finished "resample", elapsed time 35.775035s.
250528-01:44:32,268 nipype.workflow INFO:
	 [Node] Setting-up "fmriprep_25_0_wf.sub_GEO013_wf.bold_ses_t3_task_image_run_1_wf.bold_anat_wf.resample" in "/work/fmriprep_25_0_wf/sub_GEO013_wf/bold_ses_t3_task_image_run_1_wf/bold_anat_wf/resample".
250528-01:44:34,269 nipype.workflow INFO:
	 [Node] Executing "resample" <fmriprep.interfaces.resampling.ResampleSeries>
250528-01:45:00,616 nipype.workflow INFO:
	 [Node] Finished "resample", elapsed time 26.345203s.
250528-01:45:02,289 nipype.workflow INFO:
	 [Node] Setting-up "fmriprep_25_0_wf.sub_GEO013_wf.bold_ses_t3_task_image_run_1_wf.bold_std_wf.resample" in "/work/fmriprep_25_0_wf/sub_GEO013_wf/bold_ses_t3_task_image_run_1_wf/bold_std_wf/_in_tuple_MNI152NLin2009cAsym.resnative/resample".
250528-01:45:04,115 nipype.workflow INFO:
	 [Node] Executing "resample" <fmriprep.interfaces.resampling.ResampleSeries>
250528-01:45:36,821 nipype.workflow INFO:
	 [Node] Finished "resample", elapsed time 32.697994s.
250528-01:45:38,295 nipype.workflow INFO:
	 [Node] Setting-up "fmriprep_25_0_wf.sub_GEO013_wf.bold_ses_t3_task_image_run_2_wf.bold_anat_wf.resample" in "/work/fmriprep_25_0_wf/sub_GEO013_wf/bold_ses_t3_task_image_run_2_wf/bold_anat_wf/resample".
250528-01:45:40,846 nipype.workflow INFO:
	 [Node] Executing "resample" <fmriprep.interfaces.resampling.ResampleSeries>
250528-01:46:03,81 nipype.workflow INFO:
	 [Node] Finished "resample", elapsed time 22.233142s.
250528-01:46:04,300 nipype.workflow INFO:
	 [Node] Setting-up "fmriprep_25_0_wf.sub_GEO013_wf.bold_ses_t3_task_image_run_2_wf.bold_std_wf.resample" in "/work/fmriprep_25_0_wf/sub_GEO013_wf/bold_ses_t3_task_image_run_2_wf/bold_std_wf/_in_tuple_MNI152NLin2009cAsym.resnative/resample".
250528-01:46:04,827 nipype.workflow INFO:
	 [Node] Executing "resample" <fmriprep.interfaces.resampling.ResampleSeries>
250528-01:46:43,811 nipype.workflow INFO:
	 [Node] Finished "resample", elapsed time 38.976027s.
250528-01:46:46,320 nipype.workflow INFO:
	 [Node] Setting-up "fmriprep_25_0_wf.sub_GEO013_wf.bold_ses_t3_task_image_run_3_wf.bold_anat_wf.resample" in "/work/fmriprep_25_0_wf/sub_GEO013_wf/bold_ses_t3_task_image_run_3_wf/bold_anat_wf/resample".
250528-01:46:47,964 nipype.workflow INFO:
	 [Node] Executing "resample" <fmriprep.interfaces.resampling.ResampleSeries>
250528-01:47:09,939 nipype.workflow INFO:
	 [Node] Finished "resample", elapsed time 21.973863s.
250528-01:47:12,322 nipype.workflow INFO:
	 [Node] Setting-up "fmriprep_25_0_wf.sub_GEO013_wf.bold_ses_t3_task_image_run_3_wf.bold_std_wf.resample" in "/work/fmriprep_25_0_wf/sub_GEO013_wf/bold_ses_t3_task_image_run_3_wf/bold_std_wf/_in_tuple_MNI152NLin2009cAsym.resnative/resample".
250528-01:47:13,772 nipype.workflow INFO:
	 [Node] Executing "resample" <fmriprep.interfaces.resampling.ResampleSeries>
250528-01:47:47,375 nipype.workflow INFO:
	 [Node] Finished "resample", elapsed time 33.601809s.
250528-01:47:48,351 nipype.workflow INFO:
	 [Node] Setting-up "fmriprep_25_0_wf.sub_GEO013_wf.bold_ses_t3_task_image_run_4_wf.bold_anat_wf.resample" in "/work/fmriprep_25_0_wf/sub_GEO013_wf/bold_ses_t3_task_image_run_4_wf/bold_anat_wf/resample".
250528-01:47:49,38 nipype.workflow INFO:
	 [Node] Executing "resample" <fmriprep.interfaces.resampling.ResampleSeries>
250528-01:48:10,358 nipype.workflow INFO:
	 [Node] Finished "resample", elapsed time 21.318504s.
250528-01:48:12,343 nipype.workflow INFO:
	 [Node] Setting-up "fmriprep_25_0_wf.sub_GEO013_wf.bold_ses_t3_task_image_run_4_wf.bold_std_wf.resample" in "/work/fmriprep_25_0_wf/sub_GEO013_wf/bold_ses_t3_task_image_run_4_wf/bold_std_wf/_in_tuple_MNI152NLin2009cAsym.resnative/resample".
250528-01:48:12,749 nipype.workflow INFO:
	 [Node] Executing "resample" <fmriprep.interfaces.resampling.ResampleSeries>
250528-01:48:46,667 nipype.workflow INFO:
	 [Node] Finished "resample", elapsed time 33.91581s.
250528-01:48:48,342 nipype.workflow INFO:
	 [Node] Setting-up "fmriprep_25_0_wf.sub_GEO013_wf.bold_ses_t3_task_image_run_5_wf.bold_anat_wf.resample" in "/work/fmriprep_25_0_wf/sub_GEO013_wf/bold_ses_t3_task_image_run_5_wf/bold_anat_wf/resample".
250528-01:48:48,746 nipype.workflow INFO:
	 [Node] Executing "resample" <fmriprep.interfaces.resampling.ResampleSeries>
250528-01:48:51,570 nipype.workflow INFO:
	 [Node] Finished "_msmsulc1", elapsed time 1963.630718s.
250528-01:48:54,965 nipype.workflow INFO:
	 [Node] Setting-up "_msmsulc0" in "/work/fmriprep_25_0_wf/sub_GEO013_wf/anat_fit_wf/msm_sulc_wf/msmsulc/mapflow/_msmsulc0".
250528-01:48:55,6 nipype.workflow INFO:
	 [Node] Cached "_msmsulc0" - collecting precomputed outputs
250528-01:48:55,6 nipype.workflow INFO:
	 [Node] "_msmsulc0" found cached.
250528-01:48:55,7 nipype.workflow INFO:
	 [Node] Setting-up "_msmsulc1" in "/work/fmriprep_25_0_wf/sub_GEO013_wf/anat_fit_wf/msm_sulc_wf/msmsulc/mapflow/_msmsulc1".
250528-01:48:55,22 nipype.workflow INFO:
	 [Node] Cached "_msmsulc1" - collecting precomputed outputs
250528-01:48:55,23 nipype.workflow INFO:
	 [Node] "_msmsulc1" found cached.
250528-01:48:56,774 nipype.workflow INFO:
	 [Node] Setting-up "fmriprep_25_0_wf.sub_GEO013_wf.bold_ses_t2_task_image_run_1_wf.ds_bold_std_wf.ds_bold" in "/work/fmriprep_25_0_wf/sub_GEO013_wf/bold_ses_t2_task_image_run_1_wf/ds_bold_std_wf/_in_tuple_MNI152NLin2009cAsym.resnative/ds_bold".
250528-01:48:57,358 nipype.workflow INFO:
	 [Node] Executing "ds_bold" <fmriprep.interfaces.DerivativesDataSink>
250528-01:49:10,133 nipype.workflow INFO:
	 [Node] Finished "resample", elapsed time 21.385714s.
250528-01:49:12,344 nipype.workflow INFO:
	 [Node] Setting-up "fmriprep_25_0_wf.sub_GEO013_wf.bold_ses_t3_task_image_run_5_wf.bold_std_wf.resample" in "/work/fmriprep_25_0_wf/sub_GEO013_wf/bold_ses_t3_task_image_run_5_wf/bold_std_wf/_in_tuple_MNI152NLin2009cAsym.resnative/resample".
250528-01:49:12,582 nipype.workflow INFO:
	 [Node] Executing "resample" <fmriprep.interfaces.resampling.ResampleSeries>
250528-01:49:23,967 nipype.workflow INFO:
	 [Node] Finished "ds_bold", elapsed time 26.607653s.
250528-01:49:26,373 nipype.workflow INFO:
	 [Node] Setting-up "fmriprep_25_0_wf.sub_GEO013_wf.bold_ses_t2_task_image_run_2_wf.ds_bold_std_wf.ds_bold" in "/work/fmriprep_25_0_wf/sub_GEO013_wf/bold_ses_t2_task_image_run_2_wf/ds_bold_std_wf/_in_tuple_MNI152NLin2009cAsym.resnative/ds_bold".
250528-01:49:27,543 nipype.workflow INFO:
	 [Node] Executing "ds_bold" <fmriprep.interfaces.DerivativesDataSink>
250528-01:49:45,421 nipype.workflow INFO:
	 [Node] Finished "resample", elapsed time 32.838324s.
250528-01:49:46,349 nipype.workflow INFO:
	 [Node] Setting-up "fmriprep_25_0_wf.sub_GEO013_wf.bold_ses_t3_task_retrans_run_1_wf.bold_anat_wf.resample" in "/work/fmriprep_25_0_wf/sub_GEO013_wf/bold_ses_t3_task_retrans_run_1_wf/bold_anat_wf/resample".
250528-01:49:46,879 nipype.workflow INFO:
	 [Node] Executing "resample" <fmriprep.interfaces.resampling.ResampleSeries>
250528-01:49:55,25 nipype.workflow INFO:
	 [Node] Finished "ds_bold", elapsed time 27.480292s.
250528-01:49:56,389 nipype.workflow INFO:
	 [Node] Setting-up "fmriprep_25_0_wf.sub_GEO013_wf.bold_ses_t2_task_image_run_3_wf.ds_bold_std_wf.ds_bold" in "/work/fmriprep_25_0_wf/sub_GEO013_wf/bold_ses_t2_task_image_run_3_wf/ds_bold_std_wf/_in_tuple_MNI152NLin2009cAsym.resnative/ds_bold".
250528-01:49:57,296 nipype.workflow INFO:
	 [Node] Executing "ds_bold" <fmriprep.interfaces.DerivativesDataSink>
250528-01:50:12,568 nipype.workflow INFO:
	 [Node] Finished "resample", elapsed time 25.688033s.
250528-01:50:14,363 nipype.workflow INFO:
	 [Node] Setting-up "fmriprep_25_0_wf.sub_GEO013_wf.bold_ses_t3_task_retrans_run_1_wf.bold_std_wf.resample" in "/work/fmriprep_25_0_wf/sub_GEO013_wf/bold_ses_t3_task_retrans_run_1_wf/bold_std_wf/_in_tuple_MNI152NLin2009cAsym.resnative/resample".
250528-01:50:14,907 nipype.workflow INFO:
	 [Node] Executing "resample" <fmriprep.interfaces.resampling.ResampleSeries>
250528-01:50:23,69 nipype.workflow INFO:
	 [Node] Finished "ds_bold", elapsed time 25.771789s.
250528-01:50:24,337 nipype.workflow INFO:
	 [Node] Setting-up "fmriprep_25_0_wf.sub_GEO013_wf.bold_ses_t2_task_image_run_4_wf.ds_bold_std_wf.ds_bold" in "/work/fmriprep_25_0_wf/sub_GEO013_wf/bold_ses_t2_task_image_run_4_wf/ds_bold_std_wf/_in_tuple_MNI152NLin2009cAsym.resnative/ds_bold".
250528-01:50:24,982 nipype.workflow INFO:
	 [Node] Executing "ds_bold" <fmriprep.interfaces.DerivativesDataSink>
250528-01:50:51,21 nipype.workflow INFO:
	 [Node] Finished "ds_bold", elapsed time 26.037505s.
250528-01:50:52,401 nipype.workflow INFO:
	 [Node] Setting-up "fmriprep_25_0_wf.sub_GEO013_wf.bold_ses_t2_task_image_run_5_wf.ds_bold_std_wf.ds_bold" in "/work/fmriprep_25_0_wf/sub_GEO013_wf/bold_ses_t2_task_image_run_5_wf/ds_bold_std_wf/_in_tuple_MNI152NLin2009cAsym.resnative/ds_bold".
250528-01:50:53,124 nipype.workflow INFO:
	 [Node] Executing "ds_bold" <fmriprep.interfaces.DerivativesDataSink>
250528-01:50:53,239 nipype.workflow INFO:
	 [Node] Finished "resample", elapsed time 38.33071s.
250528-01:50:54,389 nipype.workflow INFO:
	 [Node] Setting-up "fmriprep_25_0_wf.sub_GEO013_wf.bold_ses_t3_task_image_run_1_wf.ds_bold_std_wf.ds_bold" in "/work/fmriprep_25_0_wf/sub_GEO013_wf/bold_ses_t3_task_image_run_1_wf/ds_bold_std_wf/_in_tuple_MNI152NLin2009cAsym.resnative/ds_bold".
250528-01:50:54,408 nipype.workflow INFO:
	 [Node] Setting-up "fmriprep_25_0_wf.sub_GEO013_wf.bold_ses_t3_task_image_run_2_wf.ds_bold_std_wf.ds_bold" in "/work/fmriprep_25_0_wf/sub_GEO013_wf/bold_ses_t3_task_image_run_2_wf/ds_bold_std_wf/_in_tuple_MNI152NLin2009cAsym.resnative/ds_bold".
250528-01:50:54,429 nipype.workflow INFO:
	 [Node] Setting-up "fmriprep_25_0_wf.sub_GEO013_wf.bold_ses_t3_task_image_run_3_wf.ds_bold_std_wf.ds_bold" in "/work/fmriprep_25_0_wf/sub_GEO013_wf/bold_ses_t3_task_image_run_3_wf/ds_bold_std_wf/_in_tuple_MNI152NLin2009cAsym.resnative/ds_bold".
250528-01:50:54,446 nipype.workflow INFO:
	 [Node] Setting-up "fmriprep_25_0_wf.sub_GEO013_wf.bold_ses_t3_task_image_run_4_wf.ds_bold_std_wf.ds_bold" in "/work/fmriprep_25_0_wf/sub_GEO013_wf/bold_ses_t3_task_image_run_4_wf/ds_bold_std_wf/_in_tuple_MNI152NLin2009cAsym.resnative/ds_bold".
250528-01:50:54,482 nipype.workflow INFO:
	 [Node] Setting-up "fmriprep_25_0_wf.sub_GEO013_wf.bold_ses_t3_task_image_run_5_wf.ds_bold_std_wf.ds_bold" in "/work/fmriprep_25_0_wf/sub_GEO013_wf/bold_ses_t3_task_image_run_5_wf/ds_bold_std_wf/_in_tuple_MNI152NLin2009cAsym.resnative/ds_bold".
250528-01:50:54,487 nipype.workflow INFO:
	 [Node] Setting-up "fmriprep_25_0_wf.sub_GEO013_wf.bold_ses_t3_task_retrans_run_1_wf.bold_confounds_wf.acompcor" in "/work/fmriprep_25_0_wf/sub_GEO013_wf/bold_ses_t3_task_retrans_run_1_wf/bold_confounds_wf/acompcor".
250528-01:50:54,505 nipype.workflow INFO:
	 [Node] Setting-up "fmriprep_25_0_wf.sub_GEO013_wf.bold_ses_t3_task_retrans_run_1_wf.ds_bold_std_wf.ds_bold" in "/work/fmriprep_25_0_wf/sub_GEO013_wf/bold_ses_t3_task_retrans_run_1_wf/ds_bold_std_wf/_in_tuple_MNI152NLin2009cAsym.resnative/ds_bold".
250528-01:50:56,417 nipype.workflow INFO:
	 [Node] Executing "ds_bold" <fmriprep.interfaces.DerivativesDataSink>
250528-01:50:56,700 nipype.workflow INFO:
	 [Node] Executing "acompcor" <niworkflows.interfaces.patches.RobustACompCor>
250528-01:50:56,837 nipype.workflow INFO:
	 [Node] Executing "ds_bold" <fmriprep.interfaces.DerivativesDataSink>
250528-01:50:56,875 nipype.workflow INFO:
	 [Node] Executing "ds_bold" <fmriprep.interfaces.DerivativesDataSink>
250528-01:50:57,91 nipype.workflow INFO:
	 [Node] Executing "ds_bold" <fmriprep.interfaces.DerivativesDataSink>
250528-01:50:57,110 nipype.workflow INFO:
	 [Node] Executing "ds_bold" <fmriprep.interfaces.DerivativesDataSink>
250528-01:50:57,255 nipype.workflow INFO:
	 [Node] Executing "ds_bold" <fmriprep.interfaces.DerivativesDataSink>
250528-01:51:07,931 nipype.workflow INFO:
	 [Node] Finished "acompcor", elapsed time 11.205897s.
250528-01:51:10,386 nipype.workflow INFO:
	 [Node] Setting-up "fmriprep_25_0_wf.sub_GEO013_wf.bold_ses_t3_task_retrans_run_1_wf.bold_confounds_wf.rename_acompcor" in "/work/fmriprep_25_0_wf/sub_GEO013_wf/bold_ses_t3_task_retrans_run_1_wf/bold_confounds_wf/rename_acompcor".
250528-01:51:11,2 nipype.workflow INFO:
	 [Node] Executing "rename_acompcor" <fmriprep.interfaces.confounds.RenameACompCor>
250528-01:51:11,511 nipype.workflow INFO:
	 [Node] Finished "rename_acompcor", elapsed time 0.507805s.
250528-01:51:12,406 nipype.workflow INFO:
	 [Node] Setting-up "fmriprep_25_0_wf.sub_GEO013_wf.bold_ses_t3_task_retrans_run_1_wf.bold_confounds_wf.signals" in "/work/fmriprep_25_0_wf/sub_GEO013_wf/bold_ses_t3_task_retrans_run_1_wf/bold_confounds_wf/signals".
250528-01:51:13,492 nipype.workflow INFO:
	 [Node] Executing "signals" <niworkflows.interfaces.images.SignalExtraction>
250528-01:51:21,658 nipype.workflow INFO:
	 [Node] Finished "signals", elapsed time 8.054274s.
250528-01:51:24,453 nipype.workflow INFO:
	 [Node] Setting-up "fmriprep_25_0_wf.sub_GEO013_wf.bold_ses_t3_task_retrans_run_1_wf.bold_confounds_wf.rois_plot" in "/work/fmriprep_25_0_wf/sub_GEO013_wf/bold_ses_t3_task_retrans_run_1_wf/bold_confounds_wf/rois_plot".
250528-01:51:24,791 nipype.workflow INFO:
	 [Node] Executing "rois_plot" <niworkflows.interfaces.reportlets.masks.ROIsPlot>
250528-01:51:25,306 nipype.workflow INFO:
	 [Node] Finished "ds_bold", elapsed time 32.180279s.
250528-01:51:26,813 nipype.workflow INFO:
	 [Node] Setting-up "fmriprep_25_0_wf.sub_GEO013_wf.bold_ses_t3_task_retrans_run_1_wf.bold_confounds_wf.acc_metadata_filter" in "/work/fmriprep_25_0_wf/sub_GEO013_wf/bold_ses_t3_task_retrans_run_1_wf/bold_confounds_wf/acc_metadata_filter".
250528-01:51:27,209 nipype.workflow INFO:
	 [Node] Executing "acc_metadata_filter" <fmriprep.interfaces.confounds.FilterDropped>
250528-01:51:27,348 nipype.workflow INFO:
	 [Node] Finished "acc_metadata_filter", elapsed time 0.137692s.
250528-01:51:28,425 nipype.workflow INFO:
	 [Node] Finished "ds_bold", elapsed time 31.586458s.
250528-01:51:31,449 nipype.workflow INFO:
	 [Node] Finished "ds_bold", elapsed time 34.356333s.
250528-01:51:31,617 nipype.workflow INFO:
	 [Node] Setting-up "fmriprep_25_0_wf.sub_GEO013_wf.bold_ses_t3_task_retrans_run_1_wf.bold_confounds_wf.compcor_plot" in "/work/fmriprep_25_0_wf/sub_GEO013_wf/bold_ses_t3_task_retrans_run_1_wf/bold_confounds_wf/compcor_plot".
250528-01:51:31,904 nipype.workflow INFO:
	 [Node] Finished "ds_bold", elapsed time 35.026786s.
250528-01:51:32,43 nipype.workflow INFO:
	 [Node] Setting-up "fmriprep_25_0_wf.sub_GEO013_wf.bold_ses_t3_task_retrans_run_1_wf.bold_confounds_wf.acc_metadata_fmt" in "/work/fmriprep_25_0_wf/sub_GEO013_wf/bold_ses_t3_task_retrans_run_1_wf/bold_confounds_wf/acc_metadata_fmt".
250528-01:51:32,126 nipype.workflow INFO:
	 [Node] Executing "compcor_plot" <nireports.interfaces.nuisance.CompCorVariancePlot>
250528-01:51:32,502 nipype.workflow INFO:
	 [Node] Finished "ds_bold", elapsed time 36.083432s.
250528-01:51:32,714 nipype.workflow INFO:
	 [Node] Executing "acc_metadata_fmt" <niworkflows.interfaces.utility.TSV2JSON>
250528-01:51:32,739 nipype.workflow INFO:
	 [Node] Finished "acc_metadata_fmt", elapsed time 0.024528s.
250528-01:51:33,25 nipype.workflow INFO:
	 [Node] Finished "compcor_plot", elapsed time 0.89807s.
250528-01:51:33,949 nipype.workflow INFO:
	 [Node] Setting-up "fmriprep_25_0_wf.sub_GEO013_wf.bold_ses_t3_task_retrans_run_1_wf.bold_confounds_wf.model_expansion" in "/work/fmriprep_25_0_wf/sub_GEO013_wf/bold_ses_t3_task_retrans_run_1_wf/bold_confounds_wf/model_expansion".
250528-01:51:33,963 nipype.workflow INFO:
	 [Node] Setting-up "fmriprep_25_0_wf.sub_GEO013_wf.bold_ses_t3_task_retrans_run_1_wf.bold_confounds_wf.conf_corr_plot" in "/work/fmriprep_25_0_wf/sub_GEO013_wf/bold_ses_t3_task_retrans_run_1_wf/bold_confounds_wf/conf_corr_plot".
250528-01:51:34,238 nipype.workflow INFO:
	 [Node] Finished "ds_bold", elapsed time 37.126826s.
250528-01:51:34,673 nipype.workflow INFO:
	 [Node] Executing "model_expansion" <niworkflows.interfaces.confounds.ExpandModel>
250528-01:51:34,837 nipype.workflow INFO:
	 [Node] Executing "conf_corr_plot" <nireports.interfaces.nuisance.ConfoundsCorrelationPlot>
250528-01:51:35,143 nipype.workflow INFO:
	 [Node] Finished "ds_bold", elapsed time 37.884466s.
250528-01:51:35,243 nipype.workflow INFO:
	 [Node] Finished "model_expansion", elapsed time 0.569219s.
250528-01:51:36,355 nipype.workflow INFO:
	 [Node] Finished "conf_corr_plot", elapsed time 1.506327s.
250528-01:51:45,999 nipype.workflow INFO:
	 [Node] Finished "rois_plot", elapsed time 21.206987s.
250528-01:51:46,541 nipype.workflow INFO:
	 [Node] Setting-up "fmriprep_25_0_wf.sub_GEO013_wf.bold_ses_t3_task_retrans_run_1_wf.bold_confounds_wf.spike_regressors" in "/work/fmriprep_25_0_wf/sub_GEO013_wf/bold_ses_t3_task_retrans_run_1_wf/bold_confounds_wf/spike_regressors".
250528-01:51:47,205 nipype.workflow INFO:
	 [Node] Executing "spike_regressors" <niworkflows.interfaces.confounds.SpikeRegressors>
250528-01:51:47,459 nipype.workflow INFO:
	 [Node] Finished "spike_regressors", elapsed time 0.252043s.
250528-01:51:51,405 nipype.workflow INFO:
	 [Node] Setting-up "fmriprep_25_0_wf.sub_GEO013_wf.bold_ses_t3_task_retrans_run_1_wf.carpetplot_wf.conf_plot" in "/work/fmriprep_25_0_wf/sub_GEO013_wf/bold_ses_t3_task_retrans_run_1_wf/carpetplot_wf/conf_plot".
250528-01:51:52,859 nipype.workflow INFO:
	 [Node] Executing "conf_plot" <fmriprep.interfaces.confounds.FMRISummary>
250528-01:52:05,996 nipype.workflow INFO:
	 [Node] Finished "conf_plot", elapsed time 13.125747s.
250528-01:52:12,608 nipype.workflow IMPORTANT:
	 fMRIPrep finished successfully!
250528-01:52:12,639 nipype.workflow IMPORTANT:
	 Works derived from this fMRIPrep execution should include the boilerplate text found in <OUTPUT_PATH>/logs/CITATION.md.
