250527-16:47:58,966 nipype.workflow IMPORTANT:
	 Running fMRIPrep version 25.0.0

         License NOTICE ##################################################
         fMRIPrep 25.0.0
         Copyright The NiPreps Developers.
         
         This product includes software developed by
         the NiPreps Community (https://nipreps.org/).
         
         Portions of this software were developed at the Department of
         Psychology at Stanford University, Stanford, CA, US.
         
         This software is also distributed as a Docker container image.
         The bootstrapping file for the image ("Dockerfile") is licensed
         under the MIT License.
         
         This software may be distributed through an add-on package called
         "Docker Wrapper" that is under the BSD 3-clause License.
         #################################################################
250527-17:26:28,67 nipype.workflow IMPORTANT:
	 Building fMRIPrep's workflow:
           * BIDS dataset path: /data.
           * Participant list: ['GEO021'].
           * Run identifier: 20250527-150749_df672c3e-dbbb-4f6b-b0a3-2df776cf6254.
           * Output spaces: MNI152NLin2009cAsym:res-native.
           * Pre-run FreeSurfer's SUBJECTS_DIR: /out/sourcedata/freesurfer.
250527-17:26:41,67 nipype.workflow INFO:
	 ANAT Stage 1: Adding template workflow
250527-17:26:53,4 nipype.workflow INFO:
	 ANAT Stage 2: Preparing brain extraction workflow
250527-17:26:53,196 nipype.workflow INFO:
	 ANAT Stage 3: Preparing segmentation workflow
250527-17:26:53,201 nipype.workflow INFO:
	 ANAT Stage 4: Preparing normalization workflow for ['MNI152NLin2009cAsym']
250527-17:26:53,224 nipype.workflow INFO:
	 ANAT Stage 5: Preparing surface reconstruction workflow
250527-17:26:53,243 nipype.workflow INFO:
	 ANAT Stage 6: Preparing mask refinement workflow
250527-17:26:53,246 nipype.workflow INFO:
	 ANAT Stage 7: Creating T2w template
250527-17:26:53,250 nipype.workflow INFO:
	 ANAT Stage 8: Creating GIFTI surfaces for ['white', 'pial', 'midthickness', 'sphere_reg', 'sphere']
250527-17:26:53,264 nipype.workflow INFO:
	 ANAT Stage 8: Creating GIFTI metrics for ['thickness', 'sulc']
250527-17:26:53,270 nipype.workflow INFO:
	 ANAT Stage 8a: Creating cortical ribbon mask
250527-17:26:53,273 nipype.workflow INFO:
	 ANAT Stage 9: Creating fsLR registration sphere
250527-17:26:53,277 nipype.workflow INFO:
	 ANAT Stage 10: Creating MSM-Sulc registration sphere
250527-17:27:20,570 nipype.workflow INFO:
	 No single-band-reference found for sub-GEO021_ses-t2_task-image_run-1_bold.nii.gz.
250527-17:27:20,804 nipype.workflow INFO:
	 Stage 1: Adding HMC boldref workflow
250527-17:27:20,811 nipype.workflow INFO:
	 Stage 2: Adding motion correction workflow
250527-17:27:20,817 nipype.workflow INFO:
	 Stage 3: Adding coregistration boldref workflow
250527-17:27:24,59 nipype.workflow INFO:
	 No single-band-reference found for sub-GEO021_ses-t2_task-image_run-2_bold.nii.gz.
250527-17:27:24,204 nipype.workflow INFO:
	 Stage 1: Adding HMC boldref workflow
250527-17:27:24,210 nipype.workflow INFO:
	 Stage 2: Adding motion correction workflow
250527-17:27:24,214 nipype.workflow INFO:
	 Stage 3: Adding coregistration boldref workflow
250527-17:27:27,458 nipype.workflow INFO:
	 No single-band-reference found for sub-GEO021_ses-t2_task-image_run-3_bold.nii.gz.
250527-17:27:27,596 nipype.workflow INFO:
	 Stage 1: Adding HMC boldref workflow
250527-17:27:27,602 nipype.workflow INFO:
	 Stage 2: Adding motion correction workflow
250527-17:27:27,605 nipype.workflow INFO:
	 Stage 3: Adding coregistration boldref workflow
250527-17:27:30,530 nipype.workflow INFO:
	 No single-band-reference found for sub-GEO021_ses-t2_task-image_run-4_bold.nii.gz.
250527-17:27:30,666 nipype.workflow INFO:
	 Stage 1: Adding HMC boldref workflow
250527-17:27:30,672 nipype.workflow INFO:
	 Stage 2: Adding motion correction workflow
250527-17:27:30,676 nipype.workflow INFO:
	 Stage 3: Adding coregistration boldref workflow
250527-17:27:33,685 nipype.workflow INFO:
	 No single-band-reference found for sub-GEO021_ses-t2_task-image_run-5_bold.nii.gz.
250527-17:27:33,827 nipype.workflow INFO:
	 Stage 1: Adding HMC boldref workflow
250527-17:27:33,833 nipype.workflow INFO:
	 Stage 2: Adding motion correction workflow
250527-17:27:33,836 nipype.workflow INFO:
	 Stage 3: Adding coregistration boldref workflow
250527-17:27:41,867 nipype.workflow INFO:
	 fMRIPrep workflow graph with 1026 nodes built successfully.
250527-17:28:47,59 nipype.workflow IMPORTANT:
	 fMRIPrep started!
250527-17:29:09,464 nipype.workflow INFO:
	 [Node] Setting-up "fmriprep_25_0_wf.sub_GEO021_wf.bidssrc" in "/work/fmriprep_25_0_wf/sub_GEO021_wf/bidssrc".
250527-17:29:09,826 nipype.workflow INFO:
	 [Node] Executing "bidssrc" <niworkflows.interfaces.bids.BIDSDataGrabber>
250527-17:29:09,829 nipype.interface INFO:
	 No "flair" images found for sub-GEO021
250527-17:29:09,829 nipype.interface INFO:
	 No "fmap" images found for sub-GEO021
250527-17:29:09,829 nipype.interface INFO:
	 No "sbref" images found for sub-GEO021
250527-17:29:09,830 nipype.interface INFO:
	 No "roi" images found for sub-GEO021
250527-17:29:09,830 nipype.interface INFO:
	 No "pet" images found for sub-GEO021
250527-17:29:09,830 nipype.interface INFO:
	 No "asl" images found for sub-GEO021
250527-17:29:09,830 nipype.workflow INFO:
	 [Node] Finished "bidssrc", elapsed time 0.001293s.
250527-17:29:10,12 nipype.workflow INFO:
	 [Node] Setting-up "fmriprep_25_0_wf.sub_GEO021_wf.anat_fit_wf.brain_extraction_wf.res_tmpl" in "/work/fmriprep_25_0_wf/sub_GEO021_wf/anat_fit_wf/brain_extraction_wf/res_tmpl".
250527-17:29:10,496 nipype.workflow INFO:
	 [Node] Executing "res_tmpl" <niworkflows.interfaces.nibabel.RegridToZooms>
250527-17:29:11,95 nipype.workflow INFO:
	 [Node] Setting-up "fmriprep_25_0_wf.sub_GEO021_wf.anat_fit_wf.brain_extraction_wf.full_wm" in "/work/fmriprep_25_0_wf/sub_GEO021_wf/anat_fit_wf/brain_extraction_wf/full_wm".
250527-17:29:11,212 nipype.workflow INFO:
	 [Node] Setting-up "fmriprep_25_0_wf.sub_GEO021_wf.anat_fit_wf.brain_extraction_wf.lap_tmpl" in "/work/fmriprep_25_0_wf/sub_GEO021_wf/anat_fit_wf/brain_extraction_wf/lap_tmpl".
250527-17:29:11,294 nipype.workflow INFO:
	 [Node] Setting-up "fmriprep_25_0_wf.sub_GEO021_wf.bold_ses_t2_task_image_run_1_wf.bold_fit_wf.hmc_boldref_wf.validation_and_dummies_wf.val_bold" in "/work/fmriprep_25_0_wf/sub_GEO021_wf/bold_ses_t2_task_image_run_1_wf/bold_fit_wf/hmc_boldref_wf/validation_and_dummies_wf/val_bold".
250527-17:29:11,324 nipype.workflow INFO:
	 [Node] Setting-up "fmriprep_25_0_wf.sub_GEO021_wf.bold_ses_t2_task_image_run_1_wf.bold_fit_wf.hmc_boldref_wf.validation_and_dummies_wf.get_dummy" in "/work/fmriprep_25_0_wf/sub_GEO021_wf/bold_ses_t2_task_image_run_1_wf/bold_fit_wf/hmc_boldref_wf/validation_and_dummies_wf/get_dummy".
250527-17:29:11,774 nipype.workflow INFO:
	 [Node] Executing "full_wm" <nipype.interfaces.utility.wrappers.Function>
250527-17:29:11,848 nipype.workflow INFO:
	 [Node] Executing "lap_tmpl" <nipype.interfaces.ants.utils.ImageMath>
250527-17:29:11,953 nipype.workflow INFO:
	 [Node] Finished "res_tmpl", elapsed time 1.456234s.
250527-17:29:12,166 nipype.workflow INFO:
	 [Node] Executing "val_bold" <niworkflows.interfaces.header.ValidateImage>
250527-17:29:12,231 nipype.workflow INFO:
	 [Node] Executing "get_dummy" <niworkflows.interfaces.bold.NonsteadyStatesDetector>
250527-17:29:12,251 nipype.workflow INFO:
	 [Node] Finished "val_bold", elapsed time 0.082414s.
250527-17:29:13,72 nipype.workflow INFO:
	 [Node] Finished "full_wm", elapsed time 1.294994s.
250527-17:29:13,385 nipype.workflow INFO:
	 [Node] Setting-up "fmriprep_25_0_wf.sub_GEO021_wf.bold_ses_t2_task_image_run_1_wf.bold_fit_wf.ds_hmc_wf.sources" in "/work/fmriprep_25_0_wf/sub_GEO021_wf/bold_ses_t2_task_image_run_1_wf/bold_fit_wf/ds_hmc_wf/sources".
250527-17:29:13,419 nipype.workflow INFO:
	 [Node] Setting-up "fmriprep_25_0_wf.sub_GEO021_wf.bold_ses_t2_task_image_run_1_wf.bold_fit_wf.ds_hmc_boldref_wf.sources" in "/work/fmriprep_25_0_wf/sub_GEO021_wf/bold_ses_t2_task_image_run_1_wf/bold_fit_wf/ds_hmc_boldref_wf/sources".
250527-17:29:13,757 nipype.workflow INFO:
	 [Node] Setting-up "fmriprep_25_0_wf.sub_GEO021_wf.bold_ses_t2_task_image_run_1_wf.bold_native_wf.bold_source" in "/work/fmriprep_25_0_wf/sub_GEO021_wf/bold_ses_t2_task_image_run_1_wf/bold_native_wf/bold_source".
250527-17:29:13,758 nipype.workflow INFO:
	 [Node] Setting-up "fmriprep_25_0_wf.sub_GEO021_wf.bold_ses_t2_task_image_run_2_wf.bold_fit_wf.hmc_boldref_wf.validation_and_dummies_wf.val_bold" in "/work/fmriprep_25_0_wf/sub_GEO021_wf/bold_ses_t2_task_image_run_2_wf/bold_fit_wf/hmc_boldref_wf/validation_and_dummies_wf/val_bold".
250527-17:29:13,852 nipype.workflow INFO:
	 [Node] Setting-up "fmriprep_25_0_wf.sub_GEO021_wf.bold_ses_t2_task_image_run_2_wf.bold_fit_wf.hmc_boldref_wf.validation_and_dummies_wf.get_dummy" in "/work/fmriprep_25_0_wf/sub_GEO021_wf/bold_ses_t2_task_image_run_2_wf/bold_fit_wf/hmc_boldref_wf/validation_and_dummies_wf/get_dummy".
250527-17:29:13,972 nipype.workflow INFO:
	 [Node] Setting-up "fmriprep_25_0_wf.sub_GEO021_wf.bold_ses_t2_task_image_run_1_wf.bold_fit_wf.ds_boldmask_wf.sources" in "/work/fmriprep_25_0_wf/sub_GEO021_wf/bold_ses_t2_task_image_run_1_wf/bold_fit_wf/ds_boldmask_wf/sources".
250527-17:29:14,131 nipype.workflow INFO:
	 [Node] Executing "sources" <fmriprep.interfaces.bids.BIDSURI>
250527-17:29:14,135 nipype.workflow INFO:
	 [Node] Finished "sources", elapsed time 0.000698s.
250527-17:29:14,171 nipype.workflow INFO:
	 [Node] Executing "sources" <fmriprep.interfaces.bids.BIDSURI>
250527-17:29:14,180 nipype.workflow INFO:
	 [Node] Finished "sources", elapsed time 0.003067s.
250527-17:29:14,589 nipype.workflow INFO:
	 [Node] Executing "bold_source" <nipype.interfaces.utility.base.Select>
250527-17:29:14,590 nipype.workflow INFO:
	 [Node] Finished "bold_source", elapsed time 0.000595s.
250527-17:29:14,628 nipype.workflow INFO:
	 [Node] Executing "get_dummy" <niworkflows.interfaces.bold.NonsteadyStatesDetector>
250527-17:29:14,635 nipype.workflow INFO:
	 [Node] Executing "sources" <fmriprep.interfaces.bids.BIDSURI>
250527-17:29:14,638 nipype.workflow INFO:
	 [Node] Finished "sources", elapsed time 0.000676s.
250527-17:29:14,669 nipype.workflow INFO:
	 [Node] Executing "val_bold" <niworkflows.interfaces.header.ValidateImage>
250527-17:29:14,781 nipype.workflow INFO:
	 [Node] Finished "val_bold", elapsed time 0.11034s.
250527-17:29:15,220 nipype.workflow INFO:
	 [Node] Finished "get_dummy", elapsed time 2.986512s.
250527-17:29:15,845 nipype.workflow INFO:
	 [Node] Setting-up "fmriprep_25_0_wf.sub_GEO021_wf.bold_ses_t2_task_image_run_2_wf.bold_fit_wf.ds_hmc_boldref_wf.sources" in "/work/fmriprep_25_0_wf/sub_GEO021_wf/bold_ses_t2_task_image_run_2_wf/bold_fit_wf/ds_hmc_boldref_wf/sources".
250527-17:29:15,846 nipype.workflow INFO:
	 [Node] Setting-up "fmriprep_25_0_wf.sub_GEO021_wf.bold_ses_t2_task_image_run_2_wf.bold_fit_wf.ds_hmc_wf.sources" in "/work/fmriprep_25_0_wf/sub_GEO021_wf/bold_ses_t2_task_image_run_2_wf/bold_fit_wf/ds_hmc_wf/sources".
250527-17:29:15,953 nipype.workflow INFO:
	 [Node] Setting-up "fmriprep_25_0_wf.sub_GEO021_wf.bold_ses_t2_task_image_run_2_wf.bold_fit_wf.ds_boldmask_wf.sources" in "/work/fmriprep_25_0_wf/sub_GEO021_wf/bold_ses_t2_task_image_run_2_wf/bold_fit_wf/ds_boldmask_wf/sources".
250527-17:29:15,953 nipype.workflow INFO:
	 [Node] Setting-up "fmriprep_25_0_wf.sub_GEO021_wf.bold_ses_t2_task_image_run_2_wf.bold_native_wf.bold_source" in "/work/fmriprep_25_0_wf/sub_GEO021_wf/bold_ses_t2_task_image_run_2_wf/bold_native_wf/bold_source".
250527-17:29:15,954 nipype.workflow INFO:
	 [Node] Setting-up "fmriprep_25_0_wf.sub_GEO021_wf.bold_ses_t2_task_image_run_3_wf.bold_fit_wf.hmc_boldref_wf.validation_and_dummies_wf.val_bold" in "/work/fmriprep_25_0_wf/sub_GEO021_wf/bold_ses_t2_task_image_run_3_wf/bold_fit_wf/hmc_boldref_wf/validation_and_dummies_wf/val_bold".
250527-17:29:15,954 nipype.workflow INFO:
	 [Node] Setting-up "fmriprep_25_0_wf.sub_GEO021_wf.bold_ses_t2_task_image_run_3_wf.bold_fit_wf.hmc_boldref_wf.validation_and_dummies_wf.get_dummy" in "/work/fmriprep_25_0_wf/sub_GEO021_wf/bold_ses_t2_task_image_run_3_wf/bold_fit_wf/hmc_boldref_wf/validation_and_dummies_wf/get_dummy".
250527-17:29:16,637 nipype.workflow INFO:
	 [Node] Executing "bold_source" <nipype.interfaces.utility.base.Select>
250527-17:29:16,638 nipype.workflow INFO:
	 [Node] Finished "bold_source", elapsed time 0.000513s.
250527-17:29:16,686 nipype.workflow INFO:
	 [Node] Executing "sources" <fmriprep.interfaces.bids.BIDSURI>
250527-17:29:16,688 nipype.workflow INFO:
	 [Node] Finished "sources", elapsed time 0.000595s.
250527-17:29:16,724 nipype.workflow INFO:
	 [Node] Executing "sources" <fmriprep.interfaces.bids.BIDSURI>
250527-17:29:16,728 nipype.workflow INFO:
	 [Node] Finished "sources", elapsed time 0.001138s.
250527-17:29:16,798 nipype.workflow INFO:
	 [Node] Executing "sources" <fmriprep.interfaces.bids.BIDSURI>
250527-17:29:16,800 nipype.workflow INFO:
	 [Node] Finished "sources", elapsed time 0.000698s.
250527-17:29:16,815 nipype.workflow INFO:
	 [Node] Executing "val_bold" <niworkflows.interfaces.header.ValidateImage>
250527-17:29:16,914 nipype.workflow INFO:
	 [Node] Finished "val_bold", elapsed time 0.097828s.
250527-17:29:16,986 nipype.workflow INFO:
	 [Node] Executing "get_dummy" <niworkflows.interfaces.bold.NonsteadyStatesDetector>
250527-17:29:17,854 nipype.workflow INFO:
	 [Node] Setting-up "fmriprep_25_0_wf.sub_GEO021_wf.bold_ses_t2_task_image_run_3_wf.bold_fit_wf.ds_hmc_wf.sources" in "/work/fmriprep_25_0_wf/sub_GEO021_wf/bold_ses_t2_task_image_run_3_wf/bold_fit_wf/ds_hmc_wf/sources".
250527-17:29:17,855 nipype.workflow INFO:
	 [Node] Setting-up "fmriprep_25_0_wf.sub_GEO021_wf.bold_ses_t2_task_image_run_3_wf.bold_fit_wf.ds_boldmask_wf.sources" in "/work/fmriprep_25_0_wf/sub_GEO021_wf/bold_ses_t2_task_image_run_3_wf/bold_fit_wf/ds_boldmask_wf/sources".
250527-17:29:17,855 nipype.workflow INFO:
	 [Node] Setting-up "fmriprep_25_0_wf.sub_GEO021_wf.bold_ses_t2_task_image_run_3_wf.bold_fit_wf.ds_hmc_boldref_wf.sources" in "/work/fmriprep_25_0_wf/sub_GEO021_wf/bold_ses_t2_task_image_run_3_wf/bold_fit_wf/ds_hmc_boldref_wf/sources".
250527-17:29:17,856 nipype.workflow INFO:
	 [Node] Setting-up "fmriprep_25_0_wf.sub_GEO021_wf.bold_ses_t2_task_image_run_3_wf.bold_native_wf.bold_source" in "/work/fmriprep_25_0_wf/sub_GEO021_wf/bold_ses_t2_task_image_run_3_wf/bold_native_wf/bold_source".
250527-17:29:17,857 nipype.workflow INFO:
	 [Node] Setting-up "fmriprep_25_0_wf.sub_GEO021_wf.bold_ses_t2_task_image_run_4_wf.bold_fit_wf.hmc_boldref_wf.validation_and_dummies_wf.val_bold" in "/work/fmriprep_25_0_wf/sub_GEO021_wf/bold_ses_t2_task_image_run_4_wf/bold_fit_wf/hmc_boldref_wf/validation_and_dummies_wf/val_bold".
250527-17:29:18,42 nipype.workflow INFO:
	 [Node] Finished "get_dummy", elapsed time 3.412277s.
250527-17:29:18,525 nipype.workflow INFO:
	 [Node] Executing "bold_source" <nipype.interfaces.utility.base.Select>
250527-17:29:18,527 nipype.workflow INFO:
	 [Node] Finished "bold_source", elapsed time 0.000517s.
250527-17:29:18,619 nipype.workflow INFO:
	 [Node] Executing "sources" <fmriprep.interfaces.bids.BIDSURI>
250527-17:29:18,621 nipype.workflow INFO:
	 [Node] Finished "sources", elapsed time 0.000633s.
250527-17:29:18,653 nipype.workflow INFO:
	 [Node] Executing "sources" <fmriprep.interfaces.bids.BIDSURI>
250527-17:29:18,658 nipype.workflow INFO:
	 [Node] Finished "sources", elapsed time 0.003772s.
250527-17:29:18,680 nipype.workflow INFO:
	 [Node] Executing "val_bold" <niworkflows.interfaces.header.ValidateImage>
250527-17:29:18,687 nipype.workflow INFO:
	 [Node] Executing "sources" <fmriprep.interfaces.bids.BIDSURI>
250527-17:29:18,689 nipype.workflow INFO:
	 [Node] Finished "sources", elapsed time 0.00067s.
250527-17:29:18,785 nipype.workflow INFO:
	 [Node] Finished "val_bold", elapsed time 0.103577s.
250527-17:29:19,832 nipype.workflow INFO:
	 [Node] Setting-up "fmriprep_25_0_wf.sub_GEO021_wf.bold_ses_t2_task_image_run_4_wf.bold_fit_wf.hmc_boldref_wf.validation_and_dummies_wf.get_dummy" in "/work/fmriprep_25_0_wf/sub_GEO021_wf/bold_ses_t2_task_image_run_4_wf/bold_fit_wf/hmc_boldref_wf/validation_and_dummies_wf/get_dummy".
250527-17:29:19,833 nipype.workflow INFO:
	 [Node] Setting-up "fmriprep_25_0_wf.sub_GEO021_wf.bold_ses_t2_task_image_run_4_wf.bold_fit_wf.ds_hmc_boldref_wf.sources" in "/work/fmriprep_25_0_wf/sub_GEO021_wf/bold_ses_t2_task_image_run_4_wf/bold_fit_wf/ds_hmc_boldref_wf/sources".
250527-17:29:19,834 nipype.workflow INFO:
	 [Node] Setting-up "fmriprep_25_0_wf.sub_GEO021_wf.bold_ses_t2_task_image_run_4_wf.bold_fit_wf.ds_hmc_wf.sources" in "/work/fmriprep_25_0_wf/sub_GEO021_wf/bold_ses_t2_task_image_run_4_wf/bold_fit_wf/ds_hmc_wf/sources".
250527-17:29:19,834 nipype.workflow INFO:
	 [Node] Setting-up "fmriprep_25_0_wf.sub_GEO021_wf.bold_ses_t2_task_image_run_4_wf.bold_fit_wf.ds_boldmask_wf.sources" in "/work/fmriprep_25_0_wf/sub_GEO021_wf/bold_ses_t2_task_image_run_4_wf/bold_fit_wf/ds_boldmask_wf/sources".
250527-17:29:19,835 nipype.workflow INFO:
	 [Node] Setting-up "fmriprep_25_0_wf.sub_GEO021_wf.bold_ses_t2_task_image_run_4_wf.bold_native_wf.bold_source" in "/work/fmriprep_25_0_wf/sub_GEO021_wf/bold_ses_t2_task_image_run_4_wf/bold_native_wf/bold_source".
250527-17:29:19,835 nipype.workflow INFO:
	 [Node] Setting-up "fmriprep_25_0_wf.sub_GEO021_wf.bold_ses_t2_task_image_run_5_wf.bold_fit_wf.hmc_boldref_wf.validation_and_dummies_wf.val_bold" in "/work/fmriprep_25_0_wf/sub_GEO021_wf/bold_ses_t2_task_image_run_5_wf/bold_fit_wf/hmc_boldref_wf/validation_and_dummies_wf/val_bold".
250527-17:29:20,255 nipype.workflow INFO:
	 [Node] Executing "bold_source" <nipype.interfaces.utility.base.Select>
250527-17:29:20,256 nipype.workflow INFO:
	 [Node] Finished "bold_source", elapsed time 0.000544s.
250527-17:29:20,331 nipype.workflow INFO:
	 [Node] Executing "get_dummy" <niworkflows.interfaces.bold.NonsteadyStatesDetector>
250527-17:29:20,403 nipype.workflow INFO:
	 [Node] Finished "get_dummy", elapsed time 3.414932s.
250527-17:29:20,479 nipype.workflow INFO:
	 [Node] Executing "val_bold" <niworkflows.interfaces.header.ValidateImage>
250527-17:29:20,480 nipype.workflow INFO:
	 [Node] Executing "sources" <fmriprep.interfaces.bids.BIDSURI>
250527-17:29:20,486 nipype.workflow INFO:
	 [Node] Finished "sources", elapsed time 0.002233s.
250527-17:29:20,511 nipype.workflow INFO:
	 [Node] Executing "sources" <fmriprep.interfaces.bids.BIDSURI>
250527-17:29:20,512 nipype.workflow INFO:
	 [Node] Finished "sources", elapsed time 0.00059s.
250527-17:29:20,542 nipype.workflow INFO:
	 [Node] Executing "sources" <fmriprep.interfaces.bids.BIDSURI>
250527-17:29:20,544 nipype.workflow INFO:
	 [Node] Finished "sources", elapsed time 0.000897s.
250527-17:29:20,618 nipype.workflow INFO:
	 [Node] Finished "val_bold", elapsed time 0.135116s.
250527-17:29:21,828 nipype.workflow INFO:
	 [Node] Setting-up "fmriprep_25_0_wf.sub_GEO021_wf.bold_ses_t2_task_image_run_5_wf.bold_fit_wf.hmc_boldref_wf.validation_and_dummies_wf.get_dummy" in "/work/fmriprep_25_0_wf/sub_GEO021_wf/bold_ses_t2_task_image_run_5_wf/bold_fit_wf/hmc_boldref_wf/validation_and_dummies_wf/get_dummy".
250527-17:29:21,830 nipype.workflow INFO:
	 [Node] Setting-up "fmriprep_25_0_wf.sub_GEO021_wf.bold_ses_t2_task_image_run_5_wf.bold_fit_wf.ds_hmc_wf.sources" in "/work/fmriprep_25_0_wf/sub_GEO021_wf/bold_ses_t2_task_image_run_5_wf/bold_fit_wf/ds_hmc_wf/sources".
250527-17:29:21,830 nipype.workflow INFO:
	 [Node] Setting-up "fmriprep_25_0_wf.sub_GEO021_wf.bold_ses_t2_task_image_run_5_wf.bold_fit_wf.ds_boldmask_wf.sources" in "/work/fmriprep_25_0_wf/sub_GEO021_wf/bold_ses_t2_task_image_run_5_wf/bold_fit_wf/ds_boldmask_wf/sources".
250527-17:29:21,831 nipype.workflow INFO:
	 [Node] Setting-up "fmriprep_25_0_wf.sub_GEO021_wf.bold_ses_t2_task_image_run_5_wf.bold_native_wf.bold_source" in "/work/fmriprep_25_0_wf/sub_GEO021_wf/bold_ses_t2_task_image_run_5_wf/bold_native_wf/bold_source".
250527-17:29:21,833 nipype.workflow INFO:
	 [Node] Finished "lap_tmpl", elapsed time 9.732327s.
250527-17:29:22,154 nipype.workflow INFO:
	 [Node] Executing "get_dummy" <niworkflows.interfaces.bold.NonsteadyStatesDetector>
250527-17:29:22,260 nipype.workflow INFO:
	 [Node] Executing "bold_source" <nipype.interfaces.utility.base.Select>
250527-17:29:22,261 nipype.workflow INFO:
	 [Node] Finished "bold_source", elapsed time 0.000557s.
250527-17:29:22,278 nipype.workflow INFO:
	 [Node] Executing "sources" <fmriprep.interfaces.bids.BIDSURI>
250527-17:29:22,280 nipype.workflow INFO:
	 [Node] Finished "sources", elapsed time 0.000529s.
250527-17:29:22,287 nipype.workflow INFO:
	 [Node] Executing "sources" <fmriprep.interfaces.bids.BIDSURI>
250527-17:29:22,288 nipype.workflow INFO:
	 [Node] Finished "sources", elapsed time 0.000547s.
250527-17:29:23,806 nipype.workflow INFO:
	 [Node] Finished "get_dummy", elapsed time 3.473629s.
250527-17:29:23,844 nipype.workflow INFO:
	 [Node] Setting-up "fmriprep_25_0_wf.sub_GEO021_wf.bold_ses_t2_task_image_run_5_wf.bold_fit_wf.ds_hmc_boldref_wf.sources" in "/work/fmriprep_25_0_wf/sub_GEO021_wf/bold_ses_t2_task_image_run_5_wf/bold_fit_wf/ds_hmc_boldref_wf/sources".
250527-17:29:24,403 nipype.workflow INFO:
	 [Node] Executing "sources" <fmriprep.interfaces.bids.BIDSURI>
250527-17:29:24,405 nipype.workflow INFO:
	 [Node] Finished "sources", elapsed time 0.000685s.
250527-17:29:25,369 nipype.workflow INFO:
	 [Node] Setting-up "fmriprep_25_0_wf.sub_GEO021_wf.anat_fit_wf.t2w_template_wf.anat_ref_dimensions" in "/work/fmriprep_25_0_wf/sub_GEO021_wf/anat_fit_wf/t2w_template_wf/anat_ref_dimensions".
250527-17:29:25,433 nipype.workflow INFO:
	 [Node] Setting-up "fmriprep_25_0_wf.sub_GEO021_wf.anat_fit_wf.anat_template_wf.anat_ref_dimensions" in "/work/fmriprep_25_0_wf/sub_GEO021_wf/anat_fit_wf/anat_template_wf/anat_ref_dimensions".
250527-17:29:25,705 nipype.workflow INFO:
	 [Node] Finished "get_dummy", elapsed time 3.55011s.
250527-17:29:25,705 nipype.workflow INFO:
	 [Node] Executing "anat_ref_dimensions" <niworkflows.interfaces.images.TemplateDimensions>
250527-17:29:26,128 nipype.workflow INFO:
	 [Node] Finished "anat_ref_dimensions", elapsed time 0.421477s.
250527-17:29:26,333 nipype.workflow INFO:
	 [Node] Setting-up "fmriprep_25_0_wf.sub_GEO021_wf.anat_fit_wf.brain_extraction_wf.mrg_tmpl" in "/work/fmriprep_25_0_wf/sub_GEO021_wf/anat_fit_wf/brain_extraction_wf/mrg_tmpl".
250527-17:29:26,613 nipype.workflow INFO:
	 [Node] Executing "mrg_tmpl" <nipype.interfaces.utility.base.Merge>
250527-17:29:26,614 nipype.workflow INFO:
	 [Node] Finished "mrg_tmpl", elapsed time 0.000492s.
250527-17:29:27,114 nipype.workflow INFO:
	 [Node] Setting-up "fmriprep_25_0_wf.sub_GEO021_wf.bids_info" in "/work/fmriprep_25_0_wf/sub_GEO021_wf/bids_info".
250527-17:29:27,998 nipype.workflow INFO:
	 [Node] Setting-up "fmriprep_25_0_wf.sub_GEO021_wf.bold_ses_t2_task_image_run_1_wf.bold_fit_wf.hmc_boldref_wf.gen_avg" in "/work/fmriprep_25_0_wf/sub_GEO021_wf/bold_ses_t2_task_image_run_1_wf/bold_fit_wf/hmc_boldref_wf/gen_avg".
250527-17:29:28,0 nipype.workflow INFO:
	 [Node] Setting-up "fmriprep_25_0_wf.sub_GEO021_wf.bold_ses_t2_task_image_run_1_wf.bold_native_wf.validate_bold" in "/work/fmriprep_25_0_wf/sub_GEO021_wf/bold_ses_t2_task_image_run_1_wf/bold_native_wf/validate_bold".
250527-17:29:28,35 nipype.workflow INFO:
	 [Node] Executing "bids_info" <niworkflows.interfaces.bids.BIDSInfo>
250527-17:29:28,42 nipype.workflow INFO:
	 [Node] Finished "bids_info", elapsed time 0.005709s.
250527-17:29:28,95 nipype.workflow INFO:
	 [Node] Executing "anat_ref_dimensions" <niworkflows.interfaces.images.TemplateDimensions>
250527-17:29:28,432 nipype.workflow INFO:
	 [Node] Finished "anat_ref_dimensions", elapsed time 0.335266s.
250527-17:29:28,846 nipype.workflow INFO:
	 [Node] Executing "gen_avg" <niworkflows.interfaces.images.RobustAverage>
250527-17:29:28,917 nipype.workflow INFO:
	 [Node] Executing "validate_bold" <niworkflows.interfaces.header.ValidateImage>
250527-17:29:29,39 nipype.workflow INFO:
	 [Node] Finished "validate_bold", elapsed time 0.121281s.
250527-17:29:31,53 nipype.workflow INFO:
	 [Node] Setting-up "fmriprep_25_0_wf.sub_GEO021_wf.bold_ses_t2_task_image_run_2_wf.bold_fit_wf.hmc_boldref_wf.gen_avg" in "/work/fmriprep_25_0_wf/sub_GEO021_wf/bold_ses_t2_task_image_run_2_wf/bold_fit_wf/hmc_boldref_wf/gen_avg".
250527-17:29:31,56 nipype.workflow INFO:
	 [Node] Setting-up "fmriprep_25_0_wf.sub_GEO021_wf.bold_ses_t2_task_image_run_2_wf.bold_native_wf.validate_bold" in "/work/fmriprep_25_0_wf/sub_GEO021_wf/bold_ses_t2_task_image_run_2_wf/bold_native_wf/validate_bold".
250527-17:29:31,272 nipype.workflow INFO:
	 [Node] Executing "validate_bold" <niworkflows.interfaces.header.ValidateImage>
250527-17:29:31,360 nipype.workflow INFO:
	 [Node] Finished "validate_bold", elapsed time 0.086295s.
250527-17:29:31,376 nipype.workflow INFO:
	 [Node] Executing "gen_avg" <niworkflows.interfaces.images.RobustAverage>
250527-17:29:32,693 nipype.interface INFO:
	 stderr 2025-05-27T17:29:32.693624:++ 3dvolreg: AFNI version=AFNI_25.0.11 (Mar 24 2025) [64-bit]
250527-17:29:32,693 nipype.interface INFO:
	 stderr 2025-05-27T17:29:32.693624:++ Authored by: RW Cox
250527-17:29:32,707 nipype.interface INFO:
	 stderr 2025-05-27T17:29:32.707519:** AFNI converts NIFTI_datatype=512 (UINT16) in file /work/fmriprep_25_0_wf/sub_GEO021_wf/bold_ses_t2_task_image_run_1_wf/bold_fit_wf/hmc_boldref_wf/gen_avg/sub-GEO021_ses-t2_task-image_run-1_bold_sliced.nii.gz to FLOAT32
250527-17:29:32,707 nipype.interface INFO:
	 stderr 2025-05-27T17:29:32.707519:     Warnings of this type will be muted for this session.
250527-17:29:32,707 nipype.interface INFO:
	 stderr 2025-05-27T17:29:32.707519:     Set AFNI_NIFTI_TYPE_WARN to YES to see them all, NO to see none.
250527-17:29:32,709 nipype.interface INFO:
	 stderr 2025-05-27T17:29:32.709353:[7m*+ WARNING:[0m   If you are performing spatial transformations on an oblique dset,
250527-17:29:32,709 nipype.interface INFO:
	 stderr 2025-05-27T17:29:32.709353:  such as /work/fmriprep_25_0_wf/sub_GEO021_wf/bold_ses_t2_task_image_run_1_wf/bold_fit_wf/hmc_boldref_wf/gen_avg/sub-GEO021_ses-t2_task-image_run-1_bold_sliced.nii.gz,
250527-17:29:32,709 nipype.interface INFO:
	 stderr 2025-05-27T17:29:32.709353:  or viewing/combining it with volumes of differing obliquity,
250527-17:29:32,709 nipype.interface INFO:
	 stderr 2025-05-27T17:29:32.709353:  you should consider running: 
250527-17:29:32,709 nipype.interface INFO:
	 stderr 2025-05-27T17:29:32.709353:     3dWarp -deoblique 
250527-17:29:32,709 nipype.interface INFO:
	 stderr 2025-05-27T17:29:32.709353:  on this and  other oblique datasets in the same session.
250527-17:29:32,709 nipype.interface INFO:
	 stderr 2025-05-27T17:29:32.709353: See 3dWarp -help for details.
250527-17:29:32,709 nipype.interface INFO:
	 stderr 2025-05-27T17:29:32.709353:++ Oblique dataset:/work/fmriprep_25_0_wf/sub_GEO021_wf/bold_ses_t2_task_image_run_1_wf/bold_fit_wf/hmc_boldref_wf/gen_avg/sub-GEO021_ses-t2_task-image_run-1_bold_sliced.nii.gz is 33.999996 degrees from plumb.
250527-17:29:32,709 nipype.interface INFO:
	 stderr 2025-05-27T17:29:32.709519:++ Coarse del was 10, replaced with 6
250527-17:29:32,779 nipype.workflow INFO:
	 [Node] Setting-up "fmriprep_25_0_wf.sub_GEO021_wf.bold_ses_t2_task_image_run_3_wf.bold_fit_wf.hmc_boldref_wf.gen_avg" in "/work/fmriprep_25_0_wf/sub_GEO021_wf/bold_ses_t2_task_image_run_3_wf/bold_fit_wf/hmc_boldref_wf/gen_avg".
250527-17:29:32,783 nipype.workflow INFO:
	 [Node] Setting-up "fmriprep_25_0_wf.sub_GEO021_wf.bold_ses_t2_task_image_run_3_wf.bold_native_wf.validate_bold" in "/work/fmriprep_25_0_wf/sub_GEO021_wf/bold_ses_t2_task_image_run_3_wf/bold_native_wf/validate_bold".
250527-17:29:33,32 nipype.interface INFO:
	 stderr 2025-05-27T17:29:33.032603:++ edt_blur: sigx 2, dx 1, fwhm 4.70964, sfac 2.5, firx 5
250527-17:29:33,93 nipype.workflow INFO:
	 [Node] Executing "validate_bold" <niworkflows.interfaces.header.ValidateImage>
250527-17:29:33,108 nipype.workflow INFO:
	 [Node] Executing "gen_avg" <niworkflows.interfaces.images.RobustAverage>
250527-17:29:33,186 nipype.workflow INFO:
	 [Node] Finished "validate_bold", elapsed time 0.092217s.
250527-17:29:35,24 nipype.interface INFO:
	 stderr 2025-05-27T17:29:35.024226:++ 3dvolreg: AFNI version=AFNI_25.0.11 (Mar 24 2025) [64-bit]
250527-17:29:35,24 nipype.interface INFO:
	 stderr 2025-05-27T17:29:35.024226:++ Authored by: RW Cox
250527-17:29:35,28 nipype.interface INFO:
	 stderr 2025-05-27T17:29:35.028110:** AFNI converts NIFTI_datatype=512 (UINT16) in file /work/fmriprep_25_0_wf/sub_GEO021_wf/bold_ses_t2_task_image_run_2_wf/bold_fit_wf/hmc_boldref_wf/gen_avg/sub-GEO021_ses-t2_task-image_run-2_bold_sliced.nii.gz to FLOAT32
250527-17:29:35,28 nipype.interface INFO:
	 stderr 2025-05-27T17:29:35.028110:     Warnings of this type will be muted for this session.
250527-17:29:35,28 nipype.interface INFO:
	 stderr 2025-05-27T17:29:35.028110:     Set AFNI_NIFTI_TYPE_WARN to YES to see them all, NO to see none.
250527-17:29:35,29 nipype.interface INFO:
	 stderr 2025-05-27T17:29:35.029893:[7m*+ WARNING:[0m   If you are performing spatial transformations on an oblique dset,
250527-17:29:35,29 nipype.interface INFO:
	 stderr 2025-05-27T17:29:35.029893:  such as /work/fmriprep_25_0_wf/sub_GEO021_wf/bold_ses_t2_task_image_run_2_wf/bold_fit_wf/hmc_boldref_wf/gen_avg/sub-GEO021_ses-t2_task-image_run-2_bold_sliced.nii.gz,
250527-17:29:35,30 nipype.interface INFO:
	 stderr 2025-05-27T17:29:35.029893:  or viewing/combining it with volumes of differing obliquity,
250527-17:29:35,30 nipype.interface INFO:
	 stderr 2025-05-27T17:29:35.029893:  you should consider running: 
250527-17:29:35,30 nipype.interface INFO:
	 stderr 2025-05-27T17:29:35.029893:     3dWarp -deoblique 
250527-17:29:35,30 nipype.interface INFO:
	 stderr 2025-05-27T17:29:35.029893:  on this and  other oblique datasets in the same session.
250527-17:29:35,30 nipype.interface INFO:
	 stderr 2025-05-27T17:29:35.029893: See 3dWarp -help for details.
250527-17:29:35,30 nipype.interface INFO:
	 stderr 2025-05-27T17:29:35.029893:++ Oblique dataset:/work/fmriprep_25_0_wf/sub_GEO021_wf/bold_ses_t2_task_image_run_2_wf/bold_fit_wf/hmc_boldref_wf/gen_avg/sub-GEO021_ses-t2_task-image_run-2_bold_sliced.nii.gz is 33.999996 degrees from plumb.
250527-17:29:35,30 nipype.interface INFO:
	 stderr 2025-05-27T17:29:35.030141:++ Coarse del was 10, replaced with 6
250527-17:29:35,54 nipype.workflow INFO:
	 [Node] Setting-up "fmriprep_25_0_wf.sub_GEO021_wf.bold_ses_t2_task_image_run_4_wf.bold_fit_wf.hmc_boldref_wf.gen_avg" in "/work/fmriprep_25_0_wf/sub_GEO021_wf/bold_ses_t2_task_image_run_4_wf/bold_fit_wf/hmc_boldref_wf/gen_avg".
250527-17:29:35,57 nipype.workflow INFO:
	 [Node] Setting-up "fmriprep_25_0_wf.sub_GEO021_wf.bold_ses_t2_task_image_run_4_wf.bold_native_wf.validate_bold" in "/work/fmriprep_25_0_wf/sub_GEO021_wf/bold_ses_t2_task_image_run_4_wf/bold_native_wf/validate_bold".
250527-17:29:35,342 nipype.interface INFO:
	 stderr 2025-05-27T17:29:35.341994:++ edt_blur: sigx 2, dx 1, fwhm 4.70964, sfac 2.5, firx 5
250527-17:29:35,426 nipype.workflow INFO:
	 [Node] Executing "validate_bold" <niworkflows.interfaces.header.ValidateImage>
250527-17:29:35,532 nipype.workflow INFO:
	 [Node] Finished "validate_bold", elapsed time 0.104553s.
250527-17:29:35,594 nipype.workflow INFO:
	 [Node] Executing "gen_avg" <niworkflows.interfaces.images.RobustAverage>
250527-17:29:36,690 nipype.interface INFO:
	 stderr 2025-05-27T17:29:36.690819:++ 3dvolreg: AFNI version=AFNI_25.0.11 (Mar 24 2025) [64-bit]
250527-17:29:36,690 nipype.interface INFO:
	 stderr 2025-05-27T17:29:36.690819:++ Authored by: RW Cox
250527-17:29:36,694 nipype.interface INFO:
	 stderr 2025-05-27T17:29:36.694199:** AFNI converts NIFTI_datatype=512 (UINT16) in file /work/fmriprep_25_0_wf/sub_GEO021_wf/bold_ses_t2_task_image_run_3_wf/bold_fit_wf/hmc_boldref_wf/gen_avg/sub-GEO021_ses-t2_task-image_run-3_bold_sliced.nii.gz to FLOAT32
250527-17:29:36,694 nipype.interface INFO:
	 stderr 2025-05-27T17:29:36.694199:     Warnings of this type will be muted for this session.
250527-17:29:36,694 nipype.interface INFO:
	 stderr 2025-05-27T17:29:36.694199:     Set AFNI_NIFTI_TYPE_WARN to YES to see them all, NO to see none.
250527-17:29:36,696 nipype.interface INFO:
	 stderr 2025-05-27T17:29:36.696099:[7m*+ WARNING:[0m   If you are performing spatial transformations on an oblique dset,
250527-17:29:36,696 nipype.interface INFO:
	 stderr 2025-05-27T17:29:36.696099:  such as /work/fmriprep_25_0_wf/sub_GEO021_wf/bold_ses_t2_task_image_run_3_wf/bold_fit_wf/hmc_boldref_wf/gen_avg/sub-GEO021_ses-t2_task-image_run-3_bold_sliced.nii.gz,
250527-17:29:36,696 nipype.interface INFO:
	 stderr 2025-05-27T17:29:36.696099:  or viewing/combining it with volumes of differing obliquity,
250527-17:29:36,696 nipype.interface INFO:
	 stderr 2025-05-27T17:29:36.696099:  you should consider running: 
250527-17:29:36,696 nipype.interface INFO:
	 stderr 2025-05-27T17:29:36.696099:     3dWarp -deoblique 
250527-17:29:36,696 nipype.interface INFO:
	 stderr 2025-05-27T17:29:36.696099:  on this and  other oblique datasets in the same session.
250527-17:29:36,696 nipype.interface INFO:
	 stderr 2025-05-27T17:29:36.696099: See 3dWarp -help for details.
250527-17:29:36,696 nipype.interface INFO:
	 stderr 2025-05-27T17:29:36.696099:++ Oblique dataset:/work/fmriprep_25_0_wf/sub_GEO021_wf/bold_ses_t2_task_image_run_3_wf/bold_fit_wf/hmc_boldref_wf/gen_avg/sub-GEO021_ses-t2_task-image_run-3_bold_sliced.nii.gz is 33.999996 degrees from plumb.
250527-17:29:36,696 nipype.interface INFO:
	 stderr 2025-05-27T17:29:36.696242:++ Coarse del was 10, replaced with 6
250527-17:29:37,11 nipype.interface INFO:
	 stderr 2025-05-27T17:29:37.011659:++ edt_blur: sigx 2, dx 1, fwhm 4.70964, sfac 2.5, firx 5
250527-17:29:37,138 nipype.workflow INFO:
	 [Node] Setting-up "fmriprep_25_0_wf.sub_GEO021_wf.bold_ses_t2_task_image_run_5_wf.bold_fit_wf.hmc_boldref_wf.gen_avg" in "/work/fmriprep_25_0_wf/sub_GEO021_wf/bold_ses_t2_task_image_run_5_wf/bold_fit_wf/hmc_boldref_wf/gen_avg".
250527-17:29:37,364 nipype.workflow INFO:
	 [Node] Setting-up "fmriprep_25_0_wf.sub_GEO021_wf.bold_ses_t2_task_image_run_5_wf.bold_native_wf.validate_bold" in "/work/fmriprep_25_0_wf/sub_GEO021_wf/bold_ses_t2_task_image_run_5_wf/bold_native_wf/validate_bold".
250527-17:29:37,547 nipype.workflow INFO:
	 [Node] Executing "gen_avg" <niworkflows.interfaces.images.RobustAverage>
250527-17:29:37,751 nipype.workflow INFO:
	 [Node] Executing "validate_bold" <niworkflows.interfaces.header.ValidateImage>
250527-17:29:37,844 nipype.workflow INFO:
	 [Node] Finished "validate_bold", elapsed time 0.091457s.
250527-17:29:38,971 nipype.interface INFO:
	 stderr 2025-05-27T17:29:38.971389:++ 3dvolreg: AFNI version=AFNI_25.0.11 (Mar 24 2025) [64-bit]
250527-17:29:38,971 nipype.interface INFO:
	 stderr 2025-05-27T17:29:38.971389:++ Authored by: RW Cox
250527-17:29:38,974 nipype.interface INFO:
	 stderr 2025-05-27T17:29:38.974902:** AFNI converts NIFTI_datatype=512 (UINT16) in file /work/fmriprep_25_0_wf/sub_GEO021_wf/bold_ses_t2_task_image_run_4_wf/bold_fit_wf/hmc_boldref_wf/gen_avg/sub-GEO021_ses-t2_task-image_run-4_bold_sliced.nii.gz to FLOAT32
250527-17:29:38,974 nipype.interface INFO:
	 stderr 2025-05-27T17:29:38.974902:     Warnings of this type will be muted for this session.
250527-17:29:38,975 nipype.interface INFO:
	 stderr 2025-05-27T17:29:38.974902:     Set AFNI_NIFTI_TYPE_WARN to YES to see them all, NO to see none.
250527-17:29:38,976 nipype.interface INFO:
	 stderr 2025-05-27T17:29:38.976512:[7m*+ WARNING:[0m   If you are performing spatial transformations on an oblique dset,
250527-17:29:38,976 nipype.interface INFO:
	 stderr 2025-05-27T17:29:38.976512:  such as /work/fmriprep_25_0_wf/sub_GEO021_wf/bold_ses_t2_task_image_run_4_wf/bold_fit_wf/hmc_boldref_wf/gen_avg/sub-GEO021_ses-t2_task-image_run-4_bold_sliced.nii.gz,
250527-17:29:38,976 nipype.interface INFO:
	 stderr 2025-05-27T17:29:38.976512:  or viewing/combining it with volumes of differing obliquity,
250527-17:29:38,976 nipype.interface INFO:
	 stderr 2025-05-27T17:29:38.976512:  you should consider running: 
250527-17:29:38,976 nipype.interface INFO:
	 stderr 2025-05-27T17:29:38.976512:     3dWarp -deoblique 
250527-17:29:38,976 nipype.interface INFO:
	 stderr 2025-05-27T17:29:38.976512:  on this and  other oblique datasets in the same session.
250527-17:29:38,976 nipype.interface INFO:
	 stderr 2025-05-27T17:29:38.976512: See 3dWarp -help for details.
250527-17:29:38,976 nipype.interface INFO:
	 stderr 2025-05-27T17:29:38.976512:++ Oblique dataset:/work/fmriprep_25_0_wf/sub_GEO021_wf/bold_ses_t2_task_image_run_4_wf/bold_fit_wf/hmc_boldref_wf/gen_avg/sub-GEO021_ses-t2_task-image_run-4_bold_sliced.nii.gz is 33.999996 degrees from plumb.
250527-17:29:38,976 nipype.interface INFO:
	 stderr 2025-05-27T17:29:38.976821:++ Coarse del was 10, replaced with 6
250527-17:29:39,283 nipype.interface INFO:
	 stderr 2025-05-27T17:29:39.283071:++ edt_blur: sigx 2, dx 1, fwhm 4.70964, sfac 2.5, firx 5
250527-17:29:41,30 nipype.interface INFO:
	 stderr 2025-05-27T17:29:41.030739:++ 3dvolreg: AFNI version=AFNI_25.0.11 (Mar 24 2025) [64-bit]
250527-17:29:41,30 nipype.interface INFO:
	 stderr 2025-05-27T17:29:41.030739:++ Authored by: RW Cox
250527-17:29:41,33 nipype.interface INFO:
	 stderr 2025-05-27T17:29:41.033851:** AFNI converts NIFTI_datatype=512 (UINT16) in file /work/fmriprep_25_0_wf/sub_GEO021_wf/bold_ses_t2_task_image_run_5_wf/bold_fit_wf/hmc_boldref_wf/gen_avg/sub-GEO021_ses-t2_task-image_run-5_bold_sliced.nii.gz to FLOAT32
250527-17:29:41,33 nipype.interface INFO:
	 stderr 2025-05-27T17:29:41.033851:     Warnings of this type will be muted for this session.
250527-17:29:41,33 nipype.interface INFO:
	 stderr 2025-05-27T17:29:41.033851:     Set AFNI_NIFTI_TYPE_WARN to YES to see them all, NO to see none.
250527-17:29:41,35 nipype.interface INFO:
	 stderr 2025-05-27T17:29:41.035356:[7m*+ WARNING:[0m   If you are performing spatial transformations on an oblique dset,
250527-17:29:41,35 nipype.interface INFO:
	 stderr 2025-05-27T17:29:41.035356:  such as /work/fmriprep_25_0_wf/sub_GEO021_wf/bold_ses_t2_task_image_run_5_wf/bold_fit_wf/hmc_boldref_wf/gen_avg/sub-GEO021_ses-t2_task-image_run-5_bold_sliced.nii.gz,
250527-17:29:41,35 nipype.interface INFO:
	 stderr 2025-05-27T17:29:41.035356:  or viewing/combining it with volumes of differing obliquity,
250527-17:29:41,35 nipype.interface INFO:
	 stderr 2025-05-27T17:29:41.035356:  you should consider running: 
250527-17:29:41,35 nipype.interface INFO:
	 stderr 2025-05-27T17:29:41.035356:     3dWarp -deoblique 
250527-17:29:41,35 nipype.interface INFO:
	 stderr 2025-05-27T17:29:41.035356:  on this and  other oblique datasets in the same session.
250527-17:29:41,35 nipype.interface INFO:
	 stderr 2025-05-27T17:29:41.035356: See 3dWarp -help for details.
250527-17:29:41,35 nipype.interface INFO:
	 stderr 2025-05-27T17:29:41.035356:++ Oblique dataset:/work/fmriprep_25_0_wf/sub_GEO021_wf/bold_ses_t2_task_image_run_5_wf/bold_fit_wf/hmc_boldref_wf/gen_avg/sub-GEO021_ses-t2_task-image_run-5_bold_sliced.nii.gz is 33.999996 degrees from plumb.
250527-17:29:41,35 nipype.interface INFO:
	 stderr 2025-05-27T17:29:41.035601:++ Coarse del was 10, replaced with 6
250527-17:29:41,339 nipype.interface INFO:
	 stderr 2025-05-27T17:29:41.339668:++ edt_blur: sigx 2, dx 1, fwhm 4.70964, sfac 2.5, firx 5
250527-17:29:44,243 nipype.workflow INFO:
	 [Node] Setting-up "fmriprep_25_0_wf.sub_GEO021_wf.anat_fit_wf.fs_isrunning" in "/work/fmriprep_25_0_wf/sub_GEO021_wf/anat_fit_wf/fs_isrunning".
250527-17:29:44,245 nipype.workflow INFO:
	 [Node] Setting-up "fmriprep_25_0_wf.sub_GEO021_wf.anat_fit_wf.ds_t1w_mask_wf.raw_sources" in "/work/fmriprep_25_0_wf/sub_GEO021_wf/anat_fit_wf/ds_t1w_mask_wf/raw_sources".
250527-17:29:44,546 nipype.workflow INFO:
	 [Node] Setting-up "fmriprep_25_0_wf.sub_GEO021_wf.anat_fit_wf.ds_ribbon_mask_wf.raw_sources" in "/work/fmriprep_25_0_wf/sub_GEO021_wf/anat_fit_wf/ds_ribbon_mask_wf/raw_sources".
250527-17:29:45,8 nipype.workflow INFO:
	 [Node] Executing "fs_isrunning" <nipype.interfaces.utility.wrappers.Function>
250527-17:29:45,10 nipype.workflow INFO:
	 [Node] Finished "fs_isrunning", elapsed time 0.00092s.
250527-17:29:45,13 nipype.workflow INFO:
	 [Node] Executing "raw_sources" <nipype.interfaces.utility.wrappers.Function>
250527-17:29:45,15 nipype.workflow INFO:
	 [Node] Finished "raw_sources", elapsed time 0.000841s.
250527-17:29:45,72 nipype.workflow INFO:
	 [Node] Executing "raw_sources" <nipype.interfaces.utility.wrappers.Function>
250527-17:29:45,74 nipype.workflow INFO:
	 [Node] Finished "raw_sources", elapsed time 0.000793s.
250527-17:29:47,711 nipype.workflow INFO:
	 [Node] Setting-up "fmriprep_25_0_wf.sub_GEO021_wf.anat_fit_wf.register_template_wf.set_reference" in "/work/fmriprep_25_0_wf/sub_GEO021_wf/anat_fit_wf/register_template_wf/_template_MNI152NLin2009cAsym/set_reference".
250527-17:29:48,301 nipype.workflow INFO:
	 [Node] Executing "set_reference" <nipype.interfaces.utility.wrappers.Function>
250527-17:29:48,303 nipype.workflow INFO:
	 [Node] Finished "set_reference", elapsed time 0.000994s.
250527-17:29:56,693 nipype.interface INFO:
	 stderr 2025-05-27T17:29:56.693381:++ Max displacement in automask = 1.41 (mm) at sub-brick 7
250527-17:29:56,693 nipype.interface INFO:
	 stderr 2025-05-27T17:29:56.693381:++ Max delta displ  in automask = 1.11 (mm) at sub-brick 7
250527-17:29:58,570 nipype.interface INFO:
	 stderr 2025-05-27T17:29:58.570221:++ Max displacement in automask = 1.07 (mm) at sub-brick 4
250527-17:29:58,570 nipype.interface INFO:
	 stderr 2025-05-27T17:29:58.570221:++ Max delta displ  in automask = 0.85 (mm) at sub-brick 15
250527-17:29:59,586 nipype.workflow INFO:
	 [Node] Finished "gen_avg", elapsed time 30.739315s.
250527-17:30:00,569 nipype.interface INFO:
	 stderr 2025-05-27T17:30:00.569568:++ Max displacement in automask = 0.85 (mm) at sub-brick 1
250527-17:30:00,569 nipype.interface INFO:
	 stderr 2025-05-27T17:30:00.569568:++ Max delta displ  in automask = 0.89 (mm) at sub-brick 3
250527-17:30:01,119 nipype.workflow INFO:
	 [Node] Setting-up "fmriprep_25_0_wf.sub_GEO021_wf.bold_ses_t2_task_image_run_1_wf.bold_fit_wf.fmapref_buffer" in "/work/fmriprep_25_0_wf/sub_GEO021_wf/bold_ses_t2_task_image_run_1_wf/bold_fit_wf/fmapref_buffer".
250527-17:30:01,464 nipype.workflow INFO:
	 [Node] Executing "fmapref_buffer" <nipype.interfaces.utility.wrappers.Function>
250527-17:30:01,466 nipype.workflow INFO:
	 [Node] Finished "fmapref_buffer", elapsed time 0.001033s.
250527-17:30:01,534 nipype.interface WARNING:
	 Changing /out/sub-GEO021/ses-t2/func/sub-GEO021_ses-t2_task-image_run-1_desc-hmc_boldref.nii.gz dtype from uint16 to float32
250527-17:30:01,852 nipype.workflow INFO:
	 [Node] Finished "gen_avg", elapsed time 30.474992s.
250527-17:30:02,244 nipype.workflow INFO:
	 [Node] Setting-up "fmriprep_25_0_wf.sub_GEO021_wf.bold_ses_t2_task_image_run_1_wf.bold_fit_wf.bold_hmc_wf.mcflirt" in "/work/fmriprep_25_0_wf/sub_GEO021_wf/bold_ses_t2_task_image_run_1_wf/bold_fit_wf/bold_hmc_wf/mcflirt".
250527-17:30:02,678 nipype.workflow INFO:
	 [Node] Executing "mcflirt" <nipype.interfaces.fsl.preprocess.MCFLIRT>
250527-17:30:02,711 nipype.interface INFO:
	 stderr 2025-05-27T17:30:02.711061:++ Max displacement in automask = 1.60 (mm) at sub-brick 8
250527-17:30:02,711 nipype.interface INFO:
	 stderr 2025-05-27T17:30:02.711061:++ Max delta displ  in automask = 1.29 (mm) at sub-brick 8
250527-17:30:03,117 nipype.workflow INFO:
	 [Node] Setting-up "fmriprep_25_0_wf.sub_GEO021_wf.bold_ses_t2_task_image_run_2_wf.bold_fit_wf.fmapref_buffer" in "/work/fmriprep_25_0_wf/sub_GEO021_wf/bold_ses_t2_task_image_run_2_wf/bold_fit_wf/fmapref_buffer".
250527-17:30:03,533 nipype.workflow INFO:
	 [Node] Executing "fmapref_buffer" <nipype.interfaces.utility.wrappers.Function>
250527-17:30:03,536 nipype.workflow INFO:
	 [Node] Finished "fmapref_buffer", elapsed time 0.001128s.
250527-17:30:03,547 nipype.interface WARNING:
	 Changing /out/sub-GEO021/ses-t2/func/sub-GEO021_ses-t2_task-image_run-2_desc-hmc_boldref.nii.gz dtype from uint16 to float32
250527-17:30:03,641 nipype.workflow INFO:
	 [Node] Finished "gen_avg", elapsed time 30.531369s.
250527-17:30:04,130 nipype.workflow INFO:
	 [Node] Setting-up "fmriprep_25_0_wf.sub_GEO021_wf.bold_ses_t2_task_image_run_1_wf.bold_fit_wf.ds_coreg_boldref_wf.sources" in "/work/fmriprep_25_0_wf/sub_GEO021_wf/bold_ses_t2_task_image_run_1_wf/bold_fit_wf/ds_coreg_boldref_wf/sources".
250527-17:30:04,197 nipype.workflow INFO:
	 [Node] Setting-up "fmriprep_25_0_wf.sub_GEO021_wf.bold_ses_t2_task_image_run_2_wf.bold_fit_wf.bold_hmc_wf.mcflirt" in "/work/fmriprep_25_0_wf/sub_GEO021_wf/bold_ses_t2_task_image_run_2_wf/bold_fit_wf/bold_hmc_wf/mcflirt".
250527-17:30:04,688 nipype.workflow INFO:
	 [Node] Executing "mcflirt" <nipype.interfaces.fsl.preprocess.MCFLIRT>
250527-17:30:04,762 nipype.workflow INFO:
	 [Node] Executing "sources" <fmriprep.interfaces.bids.BIDSURI>
250527-17:30:04,764 nipype.workflow INFO:
	 [Node] Finished "sources", elapsed time 0.000575s.
250527-17:30:04,890 nipype.interface INFO:
	 stderr 2025-05-27T17:30:04.890568:++ Max displacement in automask = 0.86 (mm) at sub-brick 18
250527-17:30:04,890 nipype.interface INFO:
	 stderr 2025-05-27T17:30:04.890568:++ Max delta displ  in automask = 0.93 (mm) at sub-brick 19
250527-17:30:05,98 nipype.workflow INFO:
	 [Node] Setting-up "fmriprep_25_0_wf.sub_GEO021_wf.bold_ses_t2_task_image_run_3_wf.bold_fit_wf.fmapref_buffer" in "/work/fmriprep_25_0_wf/sub_GEO021_wf/bold_ses_t2_task_image_run_3_wf/bold_fit_wf/fmapref_buffer".
250527-17:30:05,512 nipype.workflow INFO:
	 [Node] Finished "gen_avg", elapsed time 29.917404s.
250527-17:30:05,597 nipype.interface WARNING:
	 Changing /out/sub-GEO021/ses-t2/func/sub-GEO021_ses-t2_task-image_run-3_desc-hmc_boldref.nii.gz dtype from uint16 to float32
250527-17:30:05,604 nipype.workflow INFO:
	 [Node] Executing "fmapref_buffer" <nipype.interfaces.utility.wrappers.Function>
250527-17:30:05,606 nipype.workflow INFO:
	 [Node] Finished "fmapref_buffer", elapsed time 0.00095s.
250527-17:30:06,226 nipype.workflow INFO:
	 [Node] Setting-up "fmriprep_25_0_wf.sub_GEO021_wf.bold_ses_t2_task_image_run_2_wf.bold_fit_wf.ds_coreg_boldref_wf.sources" in "/work/fmriprep_25_0_wf/sub_GEO021_wf/bold_ses_t2_task_image_run_2_wf/bold_fit_wf/ds_coreg_boldref_wf/sources".
250527-17:30:06,269 nipype.workflow INFO:
	 [Node] Setting-up "fmriprep_25_0_wf.sub_GEO021_wf.bold_ses_t2_task_image_run_3_wf.bold_fit_wf.bold_hmc_wf.mcflirt" in "/work/fmriprep_25_0_wf/sub_GEO021_wf/bold_ses_t2_task_image_run_3_wf/bold_fit_wf/bold_hmc_wf/mcflirt".
250527-17:30:06,861 nipype.workflow INFO:
	 [Node] Executing "mcflirt" <nipype.interfaces.fsl.preprocess.MCFLIRT>
250527-17:30:06,987 nipype.workflow INFO:
	 [Node] Executing "sources" <fmriprep.interfaces.bids.BIDSURI>
250527-17:30:06,989 nipype.workflow INFO:
	 [Node] Finished "sources", elapsed time 0.000572s.
250527-17:30:07,84 nipype.workflow INFO:
	 [Node] Setting-up "fmriprep_25_0_wf.sub_GEO021_wf.bold_ses_t2_task_image_run_4_wf.bold_fit_wf.fmapref_buffer" in "/work/fmriprep_25_0_wf/sub_GEO021_wf/bold_ses_t2_task_image_run_4_wf/bold_fit_wf/fmapref_buffer".
250527-17:30:07,292 nipype.workflow INFO:
	 [Node] Executing "fmapref_buffer" <nipype.interfaces.utility.wrappers.Function>
250527-17:30:07,293 nipype.workflow INFO:
	 [Node] Finished "fmapref_buffer", elapsed time 0.000635s.
250527-17:30:07,399 nipype.interface WARNING:
	 Changing /out/sub-GEO021/ses-t2/func/sub-GEO021_ses-t2_task-image_run-4_desc-hmc_boldref.nii.gz dtype from uint16 to float32
250527-17:30:07,836 nipype.workflow INFO:
	 [Node] Finished "gen_avg", elapsed time 30.2878s.
250527-17:30:08,53 nipype.workflow INFO:
	 [Node] Setting-up "fmriprep_25_0_wf.sub_GEO021_wf.bold_ses_t2_task_image_run_3_wf.bold_fit_wf.ds_coreg_boldref_wf.sources" in "/work/fmriprep_25_0_wf/sub_GEO021_wf/bold_ses_t2_task_image_run_3_wf/bold_fit_wf/ds_coreg_boldref_wf/sources".
250527-17:30:08,647 nipype.workflow INFO:
	 [Node] Executing "sources" <fmriprep.interfaces.bids.BIDSURI>
250527-17:30:08,648 nipype.workflow INFO:
	 [Node] Finished "sources", elapsed time 0.000598s.
250527-17:30:09,89 nipype.workflow INFO:
	 [Node] Setting-up "fmriprep_25_0_wf.sub_GEO021_wf.bold_ses_t2_task_image_run_5_wf.bold_fit_wf.fmapref_buffer" in "/work/fmriprep_25_0_wf/sub_GEO021_wf/bold_ses_t2_task_image_run_5_wf/bold_fit_wf/fmapref_buffer".
250527-17:30:09,500 nipype.interface WARNING:
	 Changing /out/sub-GEO021/ses-t2/func/sub-GEO021_ses-t2_task-image_run-5_desc-hmc_boldref.nii.gz dtype from uint16 to float32
250527-17:30:10,87 nipype.workflow INFO:
	 [Node] Executing "fmapref_buffer" <nipype.interfaces.utility.wrappers.Function>
250527-17:30:10,89 nipype.workflow INFO:
	 [Node] Finished "fmapref_buffer", elapsed time 0.000864s.
250527-17:30:10,398 nipype.workflow INFO:
	 [Node] Setting-up "fmriprep_25_0_wf.sub_GEO021_wf.bold_ses_t2_task_image_run_4_wf.bold_fit_wf.ds_coreg_boldref_wf.sources" in "/work/fmriprep_25_0_wf/sub_GEO021_wf/bold_ses_t2_task_image_run_4_wf/bold_fit_wf/ds_coreg_boldref_wf/sources".
250527-17:30:11,0 nipype.workflow INFO:
	 [Node] Setting-up "fmriprep_25_0_wf.sub_GEO021_wf.bold_ses_t2_task_image_run_5_wf.bold_fit_wf.ds_coreg_boldref_wf.sources" in "/work/fmriprep_25_0_wf/sub_GEO021_wf/bold_ses_t2_task_image_run_5_wf/bold_fit_wf/ds_coreg_boldref_wf/sources".
250527-17:30:11,379 nipype.workflow INFO:
	 [Node] Executing "sources" <fmriprep.interfaces.bids.BIDSURI>
250527-17:30:11,380 nipype.workflow INFO:
	 [Node] Finished "sources", elapsed time 0.000509s.
250527-17:30:11,408 nipype.workflow INFO:
	 [Node] Executing "sources" <fmriprep.interfaces.bids.BIDSURI>
250527-17:30:11,410 nipype.workflow INFO:
	 [Node] Finished "sources", elapsed time 0.000647s.
250527-17:33:01,357 nipype.workflow INFO:
	 [Node] Finished "mcflirt", elapsed time 176.667365s.
250527-17:33:01,848 nipype.workflow INFO:
	 [Node] Finished "mcflirt", elapsed time 179.169177s.
250527-17:33:04,594 nipype.workflow INFO:
	 [Node] Setting-up "_denoise0" in "/work/fmriprep_25_0_wf/sub_GEO021_wf/anat_fit_wf/anat_template_wf/denoise/mapflow/_denoise0".
250527-17:33:06,938 nipype.workflow INFO:
	 [Node] Finished "mcflirt", elapsed time 180.076328s.
250527-17:33:07,758 nipype.workflow INFO:
	 [Node] Executing "_denoise0" <nipype.interfaces.ants.segmentation.DenoiseImage>
250527-17:33:09,84 nipype.workflow INFO:
	 [Node] Setting-up "fmriprep_25_0_wf.sub_GEO021_wf.bold_ses_t2_task_image_run_4_wf.bold_fit_wf.bold_hmc_wf.mcflirt" in "/work/fmriprep_25_0_wf/sub_GEO021_wf/bold_ses_t2_task_image_run_4_wf/bold_fit_wf/bold_hmc_wf/mcflirt".
250527-17:33:11,766 nipype.workflow INFO:
	 [Node] Executing "mcflirt" <nipype.interfaces.fsl.preprocess.MCFLIRT>
250527-17:33:46,965 nipype.workflow INFO:
	 [Node] Finished "_denoise0", elapsed time 38.242188s.
250527-17:33:49,706 nipype.workflow INFO:
	 [Node] Setting-up "_denoise0" in "/work/fmriprep_25_0_wf/sub_GEO021_wf/anat_fit_wf/t2w_template_wf/denoise/mapflow/_denoise0".
250527-17:33:50,149 nipype.workflow INFO:
	 [Node] Executing "_denoise0" <nipype.interfaces.ants.segmentation.DenoiseImage>
250527-17:34:51,841 nipype.workflow INFO:
	 [Node] Finished "_denoise0", elapsed time 61.484842s.
250527-17:34:53,215 nipype.workflow INFO:
	 [Node] Setting-up "fmriprep_25_0_wf.sub_GEO021_wf.bold_ses_t2_task_image_run_5_wf.bold_fit_wf.bold_hmc_wf.mcflirt" in "/work/fmriprep_25_0_wf/sub_GEO021_wf/bold_ses_t2_task_image_run_5_wf/bold_fit_wf/bold_hmc_wf/mcflirt".
250527-17:34:54,126 nipype.workflow INFO:
	 [Node] Setting-up "_anat_conform0" in "/work/fmriprep_25_0_wf/sub_GEO021_wf/anat_fit_wf/anat_template_wf/anat_conform/mapflow/_anat_conform0".
250527-17:34:54,659 nipype.workflow INFO:
	 [Node] Executing "_anat_conform0" <niworkflows.interfaces.images.Conform>
250527-17:34:54,876 nipype.workflow INFO:
	 [Node] Setting-up "_anat_conform0" in "/work/fmriprep_25_0_wf/sub_GEO021_wf/anat_fit_wf/t2w_template_wf/anat_conform/mapflow/_anat_conform0".
250527-17:34:54,941 nipype.workflow INFO:
	 [Node] Finished "_anat_conform0", elapsed time 0.280477s.
250527-17:34:55,34 nipype.workflow INFO:
	 [Node] Executing "mcflirt" <nipype.interfaces.fsl.preprocess.MCFLIRT>
250527-17:34:55,677 nipype.workflow INFO:
	 [Node] Executing "_anat_conform0" <niworkflows.interfaces.images.Conform>
250527-17:34:55,830 nipype.workflow INFO:
	 [Node] Finished "_anat_conform0", elapsed time 0.15268s.
250527-17:34:57,132 nipype.workflow INFO:
	 [Node] Setting-up "fmriprep_25_0_wf.sub_GEO021_wf.anat_fit_wf.anat_template_wf.get1st" in "/work/fmriprep_25_0_wf/sub_GEO021_wf/anat_fit_wf/anat_template_wf/get1st".
250527-17:34:57,133 nipype.workflow INFO:
	 [Node] Setting-up "fmriprep_25_0_wf.sub_GEO021_wf.anat_fit_wf.t2w_template_wf.get1st" in "/work/fmriprep_25_0_wf/sub_GEO021_wf/anat_fit_wf/t2w_template_wf/get1st".
250527-17:34:57,623 nipype.workflow INFO:
	 [Node] Executing "get1st" <nipype.interfaces.utility.base.Select>
250527-17:34:57,624 nipype.workflow INFO:
	 [Node] Finished "get1st", elapsed time 0.000474s.
250527-17:34:57,711 nipype.workflow INFO:
	 [Node] Executing "get1st" <nipype.interfaces.utility.base.Select>
250527-17:34:57,712 nipype.workflow INFO:
	 [Node] Finished "get1st", elapsed time 0.000484s.
250527-17:35:01,90 nipype.workflow INFO:
	 [Node] Setting-up "fmriprep_25_0_wf.sub_GEO021_wf.anat_fit_wf.surface_recon_wf.fov_check" in "/work/fmriprep_25_0_wf/sub_GEO021_wf/anat_fit_wf/surface_recon_wf/fov_check".
250527-17:35:01,774 nipype.workflow INFO:
	 [Node] Executing "fov_check" <nipype.interfaces.utility.wrappers.Function>
250527-17:35:01,858 nipype.workflow INFO:
	 [Node] Setting-up "_truncate_images0" in "/work/fmriprep_25_0_wf/sub_GEO021_wf/anat_fit_wf/brain_extraction_wf/truncate_images/mapflow/_truncate_images0".
250527-17:35:02,454 nipype.workflow INFO:
	 [Node] Setting-up "fmriprep_25_0_wf.sub_GEO021_wf.anat_fit_wf.surface_recon_wf.recon_config" in "/work/fmriprep_25_0_wf/sub_GEO021_wf/anat_fit_wf/surface_recon_wf/recon_config".
250527-17:35:02,562 nipype.workflow INFO:
	 [Node] Finished "fov_check", elapsed time 0.787112s.
250527-17:35:02,675 nipype.workflow INFO:
	 [Node] Executing "_truncate_images0" <nipype.interfaces.ants.utils.ImageMath>
250527-17:35:03,103 nipype.workflow INFO:
	 [Node] Executing "recon_config" <niworkflows.interfaces.freesurfer.FSDetectInputs>
250527-17:35:03,224 nipype.workflow INFO:
	 [Node] Finished "recon_config", elapsed time 0.118987s.
250527-17:35:07,968 nipype.workflow INFO:
	 [Node] Finished "_truncate_images0", elapsed time 5.291398s.
250527-17:36:13,780 nipype.workflow INFO:
	 [Node] Finished "mcflirt", elapsed time 182.002243s.
250527-17:36:15,182 nipype.workflow INFO:
	 [Node] Setting-up "fmriprep_25_0_wf.sub_GEO021_wf.bold_ses_t2_task_image_run_1_wf.bold_fit_wf.enhance_and_skullstrip_bold_wf.init_aff" in "/work/fmriprep_25_0_wf/sub_GEO021_wf/bold_ses_t2_task_image_run_1_wf/bold_fit_wf/enhance_and_skullstrip_bold_wf/init_aff".
250527-17:36:16,209 nipype.workflow INFO:
	 [Node] Executing "init_aff" <nipype.interfaces.ants.utils.AI>
250527-17:36:42,739 nipype.workflow INFO:
	 [Node] Finished "init_aff", elapsed time 26.387565s.
250527-17:36:45,287 nipype.workflow INFO:
	 [Node] Setting-up "fmriprep_25_0_wf.sub_GEO021_wf.bold_ses_t2_task_image_run_1_wf.bold_fit_wf.bold_hmc_wf.fsl2itk" in "/work/fmriprep_25_0_wf/sub_GEO021_wf/bold_ses_t2_task_image_run_1_wf/bold_fit_wf/bold_hmc_wf/fsl2itk".
250527-17:36:46,511 nipype.workflow INFO:
	 [Node] Executing "fsl2itk" <niworkflows.interfaces.itk.MCFLIRT2ITK>
250527-17:36:46,512 nipype.interface WARNING:
	 Multithreading is deprecated. Remove the num_threads input.
250527-17:36:48,573 nipype.workflow INFO:
	 [Node] Finished "fsl2itk", elapsed time 2.061287s.
250527-17:36:49,161 nipype.workflow INFO:
	 [Node] Setting-up "fmriprep_25_0_wf.sub_GEO021_wf.bold_ses_t2_task_image_run_2_wf.bold_fit_wf.enhance_and_skullstrip_bold_wf.init_aff" in "/work/fmriprep_25_0_wf/sub_GEO021_wf/bold_ses_t2_task_image_run_2_wf/bold_fit_wf/enhance_and_skullstrip_bold_wf/init_aff".
250527-17:36:49,585 nipype.workflow INFO:
	 [Node] Executing "init_aff" <nipype.interfaces.ants.utils.AI>
250527-17:37:15,37 nipype.workflow INFO:
	 [Node] Finished "init_aff", elapsed time 25.447692s.
250527-17:37:17,175 nipype.workflow INFO:
	 [Node] Setting-up "fmriprep_25_0_wf.sub_GEO021_wf.bold_ses_t2_task_image_run_2_wf.bold_fit_wf.bold_hmc_wf.fsl2itk" in "/work/fmriprep_25_0_wf/sub_GEO021_wf/bold_ses_t2_task_image_run_2_wf/bold_fit_wf/bold_hmc_wf/fsl2itk".
250527-17:37:18,466 nipype.workflow INFO:
	 [Node] Executing "fsl2itk" <niworkflows.interfaces.itk.MCFLIRT2ITK>
250527-17:37:18,467 nipype.interface WARNING:
	 Multithreading is deprecated. Remove the num_threads input.
250527-17:37:20,332 nipype.workflow INFO:
	 [Node] Finished "fsl2itk", elapsed time 1.864548s.
250527-17:37:21,181 nipype.workflow INFO:
	 [Node] Setting-up "fmriprep_25_0_wf.sub_GEO021_wf.bold_ses_t2_task_image_run_3_wf.bold_fit_wf.enhance_and_skullstrip_bold_wf.init_aff" in "/work/fmriprep_25_0_wf/sub_GEO021_wf/bold_ses_t2_task_image_run_3_wf/bold_fit_wf/enhance_and_skullstrip_bold_wf/init_aff".
250527-17:37:22,46 nipype.workflow INFO:
	 [Node] Executing "init_aff" <nipype.interfaces.ants.utils.AI>
250527-17:37:43,281 nipype.workflow INFO:
	 [Node] Finished "mcflirt", elapsed time 168.245484s.
250527-17:37:47,667 nipype.workflow INFO:
	 [Node] Finished "init_aff", elapsed time 25.619679s.
250527-17:37:49,759 nipype.workflow INFO:
	 [Node] Setting-up "fmriprep_25_0_wf.sub_GEO021_wf.bold_ses_t2_task_image_run_3_wf.bold_fit_wf.bold_hmc_wf.fsl2itk" in "/work/fmriprep_25_0_wf/sub_GEO021_wf/bold_ses_t2_task_image_run_3_wf/bold_fit_wf/bold_hmc_wf/fsl2itk".
250527-17:37:50,893 nipype.workflow INFO:
	 [Node] Setting-up "fmriprep_25_0_wf.sub_GEO021_wf.bold_ses_t2_task_image_run_1_wf.bold_confounds_wf.motion_params" in "/work/fmriprep_25_0_wf/sub_GEO021_wf/bold_ses_t2_task_image_run_1_wf/bold_confounds_wf/motion_params".
250527-17:37:50,993 nipype.workflow INFO:
	 [Node] Executing "fsl2itk" <niworkflows.interfaces.itk.MCFLIRT2ITK>
250527-17:37:50,995 nipype.interface WARNING:
	 Multithreading is deprecated. Remove the num_threads input.
250527-17:37:51,598 nipype.workflow INFO:
	 [Node] Executing "motion_params" <fmriprep.interfaces.confounds.FSLMotionParams>
250527-17:37:51,966 nipype.workflow INFO:
	 [Node] Finished "motion_params", elapsed time 0.36683s.
250527-17:37:53,427 nipype.workflow INFO:
	 [Node] Finished "fsl2itk", elapsed time 2.432048s.
250527-17:37:54,509 nipype.workflow INFO:
	 [Node] Setting-up "fmriprep_25_0_wf.sub_GEO021_wf.bold_ses_t2_task_image_run_1_wf.bold_confounds_wf.rmsd" in "/work/fmriprep_25_0_wf/sub_GEO021_wf/bold_ses_t2_task_image_run_1_wf/bold_confounds_wf/rmsd".
250527-17:37:55,2 nipype.workflow INFO:
	 [Node] Executing "rmsd" <fmriprep.interfaces.confounds.FSLRMSDeviation>
250527-17:37:55,675 nipype.workflow INFO:
	 [Node] Setting-up "fmriprep_25_0_wf.sub_GEO021_wf.bold_ses_t2_task_image_run_4_wf.bold_fit_wf.enhance_and_skullstrip_bold_wf.init_aff" in "/work/fmriprep_25_0_wf/sub_GEO021_wf/bold_ses_t2_task_image_run_4_wf/bold_fit_wf/enhance_and_skullstrip_bold_wf/init_aff".
250527-17:37:56,315 nipype.workflow INFO:
	 [Node] Finished "rmsd", elapsed time 1.311946s.
250527-17:37:56,942 nipype.workflow INFO:
	 [Node] Executing "init_aff" <nipype.interfaces.ants.utils.AI>
250527-17:37:59,777 nipype.workflow INFO:
	 [Node] Setting-up "fmriprep_25_0_wf.sub_GEO021_wf.bold_ses_t2_task_image_run_2_wf.bold_confounds_wf.motion_params" in "/work/fmriprep_25_0_wf/sub_GEO021_wf/bold_ses_t2_task_image_run_2_wf/bold_confounds_wf/motion_params".
250527-17:38:00,268 nipype.workflow INFO:
	 [Node] Executing "motion_params" <fmriprep.interfaces.confounds.FSLMotionParams>
250527-17:38:00,549 nipype.workflow INFO:
	 [Node] Finished "motion_params", elapsed time 0.279962s.
250527-17:38:02,750 nipype.workflow INFO:
	 [Node] Setting-up "fmriprep_25_0_wf.sub_GEO021_wf.bold_ses_t2_task_image_run_2_wf.bold_confounds_wf.rmsd" in "/work/fmriprep_25_0_wf/sub_GEO021_wf/bold_ses_t2_task_image_run_2_wf/bold_confounds_wf/rmsd".
250527-17:38:03,533 nipype.workflow INFO:
	 [Node] Executing "rmsd" <fmriprep.interfaces.confounds.FSLRMSDeviation>
250527-17:38:03,801 nipype.workflow INFO:
	 [Node] Finished "rmsd", elapsed time 0.266864s.
250527-17:38:06,776 nipype.workflow INFO:
	 [Node] Setting-up "fmriprep_25_0_wf.sub_GEO021_wf.bold_ses_t2_task_image_run_3_wf.bold_confounds_wf.motion_params" in "/work/fmriprep_25_0_wf/sub_GEO021_wf/bold_ses_t2_task_image_run_3_wf/bold_confounds_wf/motion_params".
250527-17:38:07,499 nipype.workflow INFO:
	 [Node] Executing "motion_params" <fmriprep.interfaces.confounds.FSLMotionParams>
250527-17:38:07,703 nipype.workflow INFO:
	 [Node] Finished "motion_params", elapsed time 0.202772s.
250527-17:38:10,158 nipype.workflow INFO:
	 [Node] Setting-up "fmriprep_25_0_wf.sub_GEO021_wf.bold_ses_t2_task_image_run_3_wf.bold_confounds_wf.rmsd" in "/work/fmriprep_25_0_wf/sub_GEO021_wf/bold_ses_t2_task_image_run_3_wf/bold_confounds_wf/rmsd".
250527-17:38:10,498 nipype.workflow INFO:
	 [Node] Executing "rmsd" <fmriprep.interfaces.confounds.FSLRMSDeviation>
250527-17:38:10,683 nipype.workflow INFO:
	 [Node] Finished "rmsd", elapsed time 0.182819s.
250527-17:38:11,694 nipype.workflow INFO:
	 [Node] Setting-up "fmriprep_25_0_wf.sub_GEO021_wf.bold_ses_t2_task_image_run_1_wf.bold_confounds_wf.fdisp" in "/work/fmriprep_25_0_wf/sub_GEO021_wf/bold_ses_t2_task_image_run_1_wf/bold_confounds_wf/fdisp".
250527-17:38:12,167 nipype.workflow INFO:
	 [Node] Executing "fdisp" <fmriprep.interfaces.confounds.FramewiseDisplacement>
250527-17:38:12,220 nipype.workflow INFO:
	 [Node] Finished "fdisp", elapsed time 0.052669s.
250527-17:38:14,553 nipype.workflow INFO:
	 [Node] Setting-up "fmriprep_25_0_wf.sub_GEO021_wf.bold_ses_t2_task_image_run_2_wf.bold_confounds_wf.fdisp" in "/work/fmriprep_25_0_wf/sub_GEO021_wf/bold_ses_t2_task_image_run_2_wf/bold_confounds_wf/fdisp".
250527-17:38:15,7 nipype.workflow INFO:
	 [Node] Executing "fdisp" <fmriprep.interfaces.confounds.FramewiseDisplacement>
250527-17:38:15,144 nipype.workflow INFO:
	 [Node] Finished "fdisp", elapsed time 0.135606s.
250527-17:38:15,766 nipype.workflow INFO:
	 [Node] Setting-up "fmriprep_25_0_wf.sub_GEO021_wf.bold_ses_t2_task_image_run_3_wf.bold_confounds_wf.fdisp" in "/work/fmriprep_25_0_wf/sub_GEO021_wf/bold_ses_t2_task_image_run_3_wf/bold_confounds_wf/fdisp".
250527-17:38:16,203 nipype.workflow INFO:
	 [Node] Executing "fdisp" <fmriprep.interfaces.confounds.FramewiseDisplacement>
250527-17:38:16,280 nipype.workflow INFO:
	 [Node] Finished "fdisp", elapsed time 0.07543s.
250527-17:38:22,231 nipype.workflow INFO:
	 [Node] Finished "init_aff", elapsed time 25.081092s.
250527-17:38:23,784 nipype.workflow INFO:
	 [Node] Setting-up "fmriprep_25_0_wf.sub_GEO021_wf.bold_ses_t2_task_image_run_4_wf.bold_fit_wf.bold_hmc_wf.fsl2itk" in "/work/fmriprep_25_0_wf/sub_GEO021_wf/bold_ses_t2_task_image_run_4_wf/bold_fit_wf/bold_hmc_wf/fsl2itk".
250527-17:38:25,458 nipype.workflow INFO:
	 [Node] Executing "fsl2itk" <niworkflows.interfaces.itk.MCFLIRT2ITK>
250527-17:38:25,459 nipype.interface WARNING:
	 Multithreading is deprecated. Remove the num_threads input.
250527-17:38:27,114 nipype.workflow INFO:
	 [Node] Finished "fsl2itk", elapsed time 1.654898s.
250527-17:38:29,787 nipype.workflow INFO:
	 [Node] Setting-up "fmriprep_25_0_wf.sub_GEO021_wf.bold_ses_t2_task_image_run_5_wf.bold_fit_wf.enhance_and_skullstrip_bold_wf.init_aff" in "/work/fmriprep_25_0_wf/sub_GEO021_wf/bold_ses_t2_task_image_run_5_wf/bold_fit_wf/enhance_and_skullstrip_bold_wf/init_aff".
250527-17:38:30,377 nipype.workflow INFO:
	 [Node] Executing "init_aff" <nipype.interfaces.ants.utils.AI>
250527-17:38:31,773 nipype.workflow INFO:
	 [Node] Setting-up "fmriprep_25_0_wf.sub_GEO021_wf.bold_ses_t2_task_image_run_4_wf.bold_confounds_wf.motion_params" in "/work/fmriprep_25_0_wf/sub_GEO021_wf/bold_ses_t2_task_image_run_4_wf/bold_confounds_wf/motion_params".
250527-17:38:32,304 nipype.workflow INFO:
	 [Node] Executing "motion_params" <fmriprep.interfaces.confounds.FSLMotionParams>
250527-17:38:32,552 nipype.workflow INFO:
	 [Node] Finished "motion_params", elapsed time 0.246993s.
250527-17:38:33,694 nipype.workflow INFO:
	 [Node] Setting-up "fmriprep_25_0_wf.sub_GEO021_wf.bold_ses_t2_task_image_run_4_wf.bold_confounds_wf.rmsd" in "/work/fmriprep_25_0_wf/sub_GEO021_wf/bold_ses_t2_task_image_run_4_wf/bold_confounds_wf/rmsd".
250527-17:38:34,235 nipype.workflow INFO:
	 [Node] Executing "rmsd" <fmriprep.interfaces.confounds.FSLRMSDeviation>
250527-17:38:34,460 nipype.workflow INFO:
	 [Node] Finished "rmsd", elapsed time 0.223914s.
250527-17:38:35,685 nipype.workflow INFO:
	 [Node] Setting-up "fmriprep_25_0_wf.sub_GEO021_wf.bold_ses_t2_task_image_run_4_wf.bold_confounds_wf.fdisp" in "/work/fmriprep_25_0_wf/sub_GEO021_wf/bold_ses_t2_task_image_run_4_wf/bold_confounds_wf/fdisp".
250527-17:38:35,959 nipype.workflow INFO:
	 [Node] Executing "fdisp" <fmriprep.interfaces.confounds.FramewiseDisplacement>
250527-17:38:36,11 nipype.workflow INFO:
	 [Node] Finished "fdisp", elapsed time 0.051501s.
250527-17:38:55,520 nipype.workflow INFO:
	 [Node] Finished "init_aff", elapsed time 24.930693s.
250527-17:38:57,912 nipype.workflow INFO:
	 [Node] Setting-up "fmriprep_25_0_wf.sub_GEO021_wf.bold_ses_t2_task_image_run_5_wf.bold_fit_wf.bold_hmc_wf.fsl2itk" in "/work/fmriprep_25_0_wf/sub_GEO021_wf/bold_ses_t2_task_image_run_5_wf/bold_fit_wf/bold_hmc_wf/fsl2itk".
250527-17:39:00,941 nipype.workflow INFO:
	 [Node] Executing "fsl2itk" <niworkflows.interfaces.itk.MCFLIRT2ITK>
250527-17:39:00,943 nipype.interface WARNING:
	 Multithreading is deprecated. Remove the num_threads input.
250527-17:39:03,45 nipype.workflow INFO:
	 [Node] Finished "fsl2itk", elapsed time 2.102453s.
250527-17:39:05,791 nipype.workflow INFO:
	 [Node] Setting-up "fmriprep_25_0_wf.sub_GEO021_wf.bold_ses_t2_task_image_run_1_wf.bold_fit_wf.enhance_and_skullstrip_bold_wf.norm" in "/work/fmriprep_25_0_wf/sub_GEO021_wf/bold_ses_t2_task_image_run_1_wf/bold_fit_wf/enhance_and_skullstrip_bold_wf/norm".
250527-17:39:06,772 nipype.workflow INFO:
	 [Node] Executing "norm" <niworkflows.interfaces.fixes.FixHeaderRegistration>
250527-17:39:07,578 nipype.workflow INFO:
	 [Node] Finished "norm", elapsed time 0.804947s.
250527-17:39:08,111 nipype.workflow INFO:
	 [Node] Setting-up "fmriprep_25_0_wf.sub_GEO021_wf.bold_ses_t2_task_image_run_2_wf.bold_fit_wf.enhance_and_skullstrip_bold_wf.norm" in "/work/fmriprep_25_0_wf/sub_GEO021_wf/bold_ses_t2_task_image_run_2_wf/bold_fit_wf/enhance_and_skullstrip_bold_wf/norm".
250527-17:39:08,115 nipype.workflow INFO:
	 [Node] Setting-up "fmriprep_25_0_wf.sub_GEO021_wf.bold_ses_t2_task_image_run_1_wf.bold_fit_wf.enhance_and_skullstrip_bold_wf.map_brainmask" in "/work/fmriprep_25_0_wf/sub_GEO021_wf/bold_ses_t2_task_image_run_1_wf/bold_fit_wf/enhance_and_skullstrip_bold_wf/map_brainmask".
250527-17:39:08,690 nipype.workflow INFO:
	 [Node] Executing "norm" <niworkflows.interfaces.fixes.FixHeaderRegistration>
250527-17:39:09,222 nipype.workflow INFO:
	 [Node] Executing "map_brainmask" <niworkflows.interfaces.fixes.FixHeaderApplyTransforms>
250527-17:39:09,514 nipype.workflow INFO:
	 [Node] Finished "norm", elapsed time 0.822445s.
250527-17:39:10,272 nipype.workflow INFO:
	 [Node] Finished "map_brainmask", elapsed time 1.048605s.
250527-17:39:12,171 nipype.workflow INFO:
	 [Node] Setting-up "fmriprep_25_0_wf.sub_GEO021_wf.bold_ses_t2_task_image_run_2_wf.bold_fit_wf.enhance_and_skullstrip_bold_wf.map_brainmask" in "/work/fmriprep_25_0_wf/sub_GEO021_wf/bold_ses_t2_task_image_run_2_wf/bold_fit_wf/enhance_and_skullstrip_bold_wf/map_brainmask".
250527-17:39:12,171 nipype.workflow INFO:
	 [Node] Setting-up "fmriprep_25_0_wf.sub_GEO021_wf.bold_ses_t2_task_image_run_3_wf.bold_fit_wf.enhance_and_skullstrip_bold_wf.norm" in "/work/fmriprep_25_0_wf/sub_GEO021_wf/bold_ses_t2_task_image_run_3_wf/bold_fit_wf/enhance_and_skullstrip_bold_wf/norm".
250527-17:39:12,915 nipype.workflow INFO:
	 [Node] Executing "norm" <niworkflows.interfaces.fixes.FixHeaderRegistration>
250527-17:39:12,916 nipype.workflow INFO:
	 [Node] Executing "map_brainmask" <niworkflows.interfaces.fixes.FixHeaderApplyTransforms>
250527-17:39:13,673 nipype.workflow INFO:
	 [Node] Finished "map_brainmask", elapsed time 0.755633s.
250527-17:39:14,205 nipype.workflow INFO:
	 [Node] Finished "norm", elapsed time 1.078193s.
250527-17:39:16,183 nipype.workflow INFO:
	 [Node] Setting-up "fmriprep_25_0_wf.sub_GEO021_wf.bold_ses_t2_task_image_run_4_wf.bold_fit_wf.enhance_and_skullstrip_bold_wf.norm" in "/work/fmriprep_25_0_wf/sub_GEO021_wf/bold_ses_t2_task_image_run_4_wf/bold_fit_wf/enhance_and_skullstrip_bold_wf/norm".
250527-17:39:16,184 nipype.workflow INFO:
	 [Node] Setting-up "fmriprep_25_0_wf.sub_GEO021_wf.bold_ses_t2_task_image_run_3_wf.bold_fit_wf.enhance_and_skullstrip_bold_wf.map_brainmask" in "/work/fmriprep_25_0_wf/sub_GEO021_wf/bold_ses_t2_task_image_run_3_wf/bold_fit_wf/enhance_and_skullstrip_bold_wf/map_brainmask".
250527-17:39:16,921 nipype.workflow INFO:
	 [Node] Executing "norm" <niworkflows.interfaces.fixes.FixHeaderRegistration>
250527-17:39:17,173 nipype.workflow INFO:
	 [Node] Executing "map_brainmask" <niworkflows.interfaces.fixes.FixHeaderApplyTransforms>
250527-17:39:17,893 nipype.workflow INFO:
	 [Node] Finished "map_brainmask", elapsed time 0.718745s.
250527-17:39:17,999 nipype.workflow INFO:
	 [Node] Finished "norm", elapsed time 1.076655s.
250527-17:39:20,177 nipype.workflow INFO:
	 [Node] Setting-up "fmriprep_25_0_wf.sub_GEO021_wf.bold_ses_t2_task_image_run_5_wf.bold_fit_wf.enhance_and_skullstrip_bold_wf.norm" in "/work/fmriprep_25_0_wf/sub_GEO021_wf/bold_ses_t2_task_image_run_5_wf/bold_fit_wf/enhance_and_skullstrip_bold_wf/norm".
250527-17:39:20,178 nipype.workflow INFO:
	 [Node] Setting-up "fmriprep_25_0_wf.sub_GEO021_wf.bold_ses_t2_task_image_run_4_wf.bold_fit_wf.enhance_and_skullstrip_bold_wf.map_brainmask" in "/work/fmriprep_25_0_wf/sub_GEO021_wf/bold_ses_t2_task_image_run_4_wf/bold_fit_wf/enhance_and_skullstrip_bold_wf/map_brainmask".
250527-17:39:21,690 nipype.workflow INFO:
	 [Node] Executing "norm" <niworkflows.interfaces.fixes.FixHeaderRegistration>
250527-17:39:21,805 nipype.workflow INFO:
	 [Node] Executing "map_brainmask" <niworkflows.interfaces.fixes.FixHeaderApplyTransforms>
250527-17:39:22,638 nipype.workflow INFO:
	 [Node] Finished "norm", elapsed time 0.762665s.
250527-17:39:23,176 nipype.workflow INFO:
	 [Node] Finished "map_brainmask", elapsed time 1.369618s.
250527-17:39:24,465 nipype.workflow INFO:
	 [Node] Setting-up "fmriprep_25_0_wf.sub_GEO021_wf.bold_ses_t2_task_image_run_5_wf.bold_fit_wf.enhance_and_skullstrip_bold_wf.map_brainmask" in "/work/fmriprep_25_0_wf/sub_GEO021_wf/bold_ses_t2_task_image_run_5_wf/bold_fit_wf/enhance_and_skullstrip_bold_wf/map_brainmask".
250527-17:39:24,466 nipype.workflow INFO:
	 [Node] Setting-up "fmriprep_25_0_wf.sub_GEO021_wf.bold_ses_t2_task_image_run_5_wf.bold_confounds_wf.motion_params" in "/work/fmriprep_25_0_wf/sub_GEO021_wf/bold_ses_t2_task_image_run_5_wf/bold_confounds_wf/motion_params".
250527-17:39:24,466 nipype.workflow INFO:
	 [Node] Setting-up "fmriprep_25_0_wf.sub_GEO021_wf.bold_ses_t2_task_image_run_5_wf.bold_confounds_wf.rmsd" in "/work/fmriprep_25_0_wf/sub_GEO021_wf/bold_ses_t2_task_image_run_5_wf/bold_confounds_wf/rmsd".
250527-17:39:25,35 nipype.workflow INFO:
	 [Node] Executing "motion_params" <fmriprep.interfaces.confounds.FSLMotionParams>
250527-17:39:25,41 nipype.workflow INFO:
	 [Node] Executing "map_brainmask" <niworkflows.interfaces.fixes.FixHeaderApplyTransforms>
250527-17:39:25,194 nipype.workflow INFO:
	 [Node] Executing "rmsd" <fmriprep.interfaces.confounds.FSLRMSDeviation>
250527-17:39:25,360 nipype.workflow INFO:
	 [Node] Finished "motion_params", elapsed time 0.323712s.
250527-17:39:25,468 nipype.workflow INFO:
	 [Node] Finished "rmsd", elapsed time 0.272092s.
250527-17:39:25,696 nipype.workflow INFO:
	 [Node] Finished "map_brainmask", elapsed time 0.653955s.
250527-17:39:30,957 nipype.workflow INFO:
	 [Node] Setting-up "fmriprep_25_0_wf.sub_GEO021_wf.bold_ses_t2_task_image_run_5_wf.bold_confounds_wf.fdisp" in "/work/fmriprep_25_0_wf/sub_GEO021_wf/bold_ses_t2_task_image_run_5_wf/bold_confounds_wf/fdisp".
250527-17:39:31,617 nipype.workflow INFO:
	 [Node] Executing "fdisp" <fmriprep.interfaces.confounds.FramewiseDisplacement>
250527-17:39:31,735 nipype.workflow INFO:
	 [Node] Finished "fdisp", elapsed time 0.11681s.
250527-17:39:31,832 nipype.workflow INFO:
	 [Node] Setting-up "_inu_n40" in "/work/fmriprep_25_0_wf/sub_GEO021_wf/anat_fit_wf/brain_extraction_wf/inu_n4/mapflow/_inu_n40".
250527-17:39:32,378 nipype.workflow INFO:
	 [Node] Executing "_inu_n40" <nipype.interfaces.ants.segmentation.N4BiasFieldCorrection>
250527-17:39:33,859 nipype.workflow INFO:
	 [Node] Setting-up "fmriprep_25_0_wf.sub_GEO021_wf.bold_ses_t2_task_image_run_1_wf.bold_fit_wf.enhance_and_skullstrip_bold_wf.n4_correct" in "/work/fmriprep_25_0_wf/sub_GEO021_wf/bold_ses_t2_task_image_run_1_wf/bold_fit_wf/enhance_and_skullstrip_bold_wf/n4_correct".
250527-17:39:34,211 nipype.workflow INFO:
	 [Node] Executing "n4_correct" <niworkflows.interfaces.fixes.FixN4BiasFieldCorrection>
250527-17:39:35,814 nipype.workflow INFO:
	 [Node] Finished "n4_correct", elapsed time 1.601909s.
250527-17:39:37,778 nipype.workflow INFO:
	 [Node] Setting-up "fmriprep_25_0_wf.sub_GEO021_wf.bold_ses_t2_task_image_run_2_wf.bold_fit_wf.enhance_and_skullstrip_bold_wf.n4_correct" in "/work/fmriprep_25_0_wf/sub_GEO021_wf/bold_ses_t2_task_image_run_2_wf/bold_fit_wf/enhance_and_skullstrip_bold_wf/n4_correct".
250527-17:39:38,172 nipype.workflow INFO:
	 [Node] Executing "n4_correct" <niworkflows.interfaces.fixes.FixN4BiasFieldCorrection>
250527-17:39:40,518 nipype.workflow INFO:
	 [Node] Finished "n4_correct", elapsed time 2.344776s.
250527-17:39:41,867 nipype.workflow INFO:
	 [Node] Setting-up "fmriprep_25_0_wf.sub_GEO021_wf.bold_ses_t2_task_image_run_3_wf.bold_fit_wf.enhance_and_skullstrip_bold_wf.n4_correct" in "/work/fmriprep_25_0_wf/sub_GEO021_wf/bold_ses_t2_task_image_run_3_wf/bold_fit_wf/enhance_and_skullstrip_bold_wf/n4_correct".
250527-17:39:42,521 nipype.workflow INFO:
	 [Node] Executing "n4_correct" <niworkflows.interfaces.fixes.FixN4BiasFieldCorrection>
250527-17:39:44,730 nipype.workflow INFO:
	 [Node] Finished "n4_correct", elapsed time 2.207854s.
250527-17:39:45,859 nipype.workflow INFO:
	 [Node] Setting-up "fmriprep_25_0_wf.sub_GEO021_wf.bold_ses_t2_task_image_run_4_wf.bold_fit_wf.enhance_and_skullstrip_bold_wf.n4_correct" in "/work/fmriprep_25_0_wf/sub_GEO021_wf/bold_ses_t2_task_image_run_4_wf/bold_fit_wf/enhance_and_skullstrip_bold_wf/n4_correct".
250527-17:39:46,452 nipype.workflow INFO:
	 [Node] Executing "n4_correct" <niworkflows.interfaces.fixes.FixN4BiasFieldCorrection>
250527-17:39:47,308 nipype.workflow INFO:
	 [Node] Finished "_inu_n40", elapsed time 14.929119s.
250527-17:39:48,560 nipype.workflow INFO:
	 [Node] Finished "n4_correct", elapsed time 2.107048s.
250527-17:39:49,851 nipype.workflow INFO:
	 [Node] Setting-up "fmriprep_25_0_wf.sub_GEO021_wf.bold_ses_t2_task_image_run_5_wf.bold_fit_wf.enhance_and_skullstrip_bold_wf.n4_correct" in "/work/fmriprep_25_0_wf/sub_GEO021_wf/bold_ses_t2_task_image_run_5_wf/bold_fit_wf/enhance_and_skullstrip_bold_wf/n4_correct".
250527-17:39:49,853 nipype.workflow INFO:
	 [Node] Setting-up "fmriprep_25_0_wf.sub_GEO021_wf.anat_fit_wf.surface_recon_wf.autorecon1" in "/work/fmriprep_25_0_wf/sub_GEO021_wf/anat_fit_wf/surface_recon_wf/autorecon1".
250527-17:39:50,353 nipype.workflow INFO:
	 [Node] Executing "n4_correct" <niworkflows.interfaces.fixes.FixN4BiasFieldCorrection>
250527-17:39:50,454 nipype.workflow INFO:
	 [Node] Executing "autorecon1" <smriprep.interfaces.freesurfer.ReconAll>
250527-17:39:51,250 nipype.workflow INFO:
	 [Node] Finished "n4_correct", elapsed time 0.896243s.
250527-17:39:51,860 nipype.workflow INFO:
	 [Node] Setting-up "fmriprep_25_0_wf.sub_GEO021_wf.anat_fit_wf.brain_extraction_wf.res_target" in "/work/fmriprep_25_0_wf/sub_GEO021_wf/anat_fit_wf/brain_extraction_wf/res_target".
250527-17:39:52,347 nipype.workflow INFO:
	 [Node] Executing "res_target" <niworkflows.interfaces.nibabel.RegridToZooms>
250527-17:39:53,387 nipype.workflow INFO:
	 [Node] Finished "res_target", elapsed time 1.038713s.
250527-17:39:55,850 nipype.workflow INFO:
	 [Node] Setting-up "fmriprep_25_0_wf.sub_GEO021_wf.anat_fit_wf.brain_extraction_wf.lap_target" in "/work/fmriprep_25_0_wf/sub_GEO021_wf/anat_fit_wf/brain_extraction_wf/lap_target".
250527-17:39:56,892 nipype.workflow INFO:
	 [Node] Executing "lap_target" <nipype.interfaces.ants.utils.ImageMath>
250527-17:40:04,765 nipype.workflow INFO:
	 [Node] Finished "lap_target", elapsed time 7.87138s.
250527-17:40:05,860 nipype.workflow INFO:
	 [Node] Setting-up "fmriprep_25_0_wf.sub_GEO021_wf.bold_ses_t2_task_image_run_1_wf.bold_fit_wf.enhance_and_skullstrip_bold_wf.skullstrip_first_pass" in "/work/fmriprep_25_0_wf/sub_GEO021_wf/bold_ses_t2_task_image_run_1_wf/bold_fit_wf/enhance_and_skullstrip_bold_wf/skullstrip_first_pass".
250527-17:40:07,499 nipype.workflow INFO:
	 [Node] Executing "skullstrip_first_pass" <nipype.interfaces.fsl.preprocess.BET>
250527-17:40:09,69 nipype.workflow INFO:
	 [Node] Finished "skullstrip_first_pass", elapsed time 1.569092s.
250527-17:40:12,863 nipype.interface WARNING:
	 Changing /out/sub-GEO021/ses-t2/func/sub-GEO021_ses-t2_task-image_run-1_desc-coreg_boldref.nii.gz dtype from uint16 to float32
250527-17:40:13,632 nipype.workflow INFO:
	 [Node] Setting-up "fmriprep_25_0_wf.sub_GEO021_wf.bold_ses_t2_task_image_run_2_wf.bold_fit_wf.enhance_and_skullstrip_bold_wf.skullstrip_first_pass" in "/work/fmriprep_25_0_wf/sub_GEO021_wf/bold_ses_t2_task_image_run_2_wf/bold_fit_wf/enhance_and_skullstrip_bold_wf/skullstrip_first_pass".
250527-17:40:14,309 nipype.workflow INFO:
	 [Node] Executing "skullstrip_first_pass" <nipype.interfaces.fsl.preprocess.BET>
250527-17:40:15,799 nipype.workflow INFO:
	 [Node] Finished "skullstrip_first_pass", elapsed time 1.489136s.
250527-17:40:19,433 nipype.interface WARNING:
	 Changing /out/sub-GEO021/ses-t2/func/sub-GEO021_ses-t2_task-image_run-2_desc-coreg_boldref.nii.gz dtype from uint16 to float32
250527-17:40:20,588 nipype.workflow INFO:
	 [Node] Setting-up "fmriprep_25_0_wf.sub_GEO021_wf.bold_ses_t2_task_image_run_3_wf.bold_fit_wf.enhance_and_skullstrip_bold_wf.skullstrip_first_pass" in "/work/fmriprep_25_0_wf/sub_GEO021_wf/bold_ses_t2_task_image_run_3_wf/bold_fit_wf/enhance_and_skullstrip_bold_wf/skullstrip_first_pass".
250527-17:40:21,939 nipype.workflow INFO:
	 [Node] Executing "skullstrip_first_pass" <nipype.interfaces.fsl.preprocess.BET>
250527-17:40:23,979 nipype.workflow INFO:
	 [Node] Finished "skullstrip_first_pass", elapsed time 2.039501s.
250527-17:40:25,576 nipype.interface WARNING:
	 Changing /out/sub-GEO021/ses-t2/func/sub-GEO021_ses-t2_task-image_run-3_desc-coreg_boldref.nii.gz dtype from uint16 to float32
250527-17:40:26,507 nipype.workflow INFO:
	 [Node] Setting-up "fmriprep_25_0_wf.sub_GEO021_wf.bold_ses_t2_task_image_run_4_wf.bold_fit_wf.enhance_and_skullstrip_bold_wf.skullstrip_first_pass" in "/work/fmriprep_25_0_wf/sub_GEO021_wf/bold_ses_t2_task_image_run_4_wf/bold_fit_wf/enhance_and_skullstrip_bold_wf/skullstrip_first_pass".
250527-17:40:27,954 nipype.workflow INFO:
	 [Node] Executing "skullstrip_first_pass" <nipype.interfaces.fsl.preprocess.BET>
250527-17:40:29,557 nipype.workflow INFO:
	 [Node] Finished "skullstrip_first_pass", elapsed time 1.6023420000000002s.
250527-17:40:31,658 nipype.interface WARNING:
	 Changing /out/sub-GEO021/ses-t2/func/sub-GEO021_ses-t2_task-image_run-4_desc-coreg_boldref.nii.gz dtype from uint16 to float32
250527-17:40:32,973 nipype.workflow INFO:
	 [Node] Setting-up "fmriprep_25_0_wf.sub_GEO021_wf.bold_ses_t2_task_image_run_5_wf.bold_fit_wf.enhance_and_skullstrip_bold_wf.skullstrip_first_pass" in "/work/fmriprep_25_0_wf/sub_GEO021_wf/bold_ses_t2_task_image_run_5_wf/bold_fit_wf/enhance_and_skullstrip_bold_wf/skullstrip_first_pass".
250527-17:40:33,753 nipype.workflow INFO:
	 [Node] Executing "skullstrip_first_pass" <nipype.interfaces.fsl.preprocess.BET>
250527-17:40:35,298 nipype.workflow INFO:
	 [Node] Finished "skullstrip_first_pass", elapsed time 1.543743s.
250527-17:40:37,800 nipype.interface WARNING:
	 Changing /out/sub-GEO021/ses-t2/func/sub-GEO021_ses-t2_task-image_run-5_desc-coreg_boldref.nii.gz dtype from uint16 to float32
250527-17:40:38,706 nipype.workflow INFO:
	 [Node] Setting-up "fmriprep_25_0_wf.sub_GEO021_wf.anat_fit_wf.brain_extraction_wf.mrg_target" in "/work/fmriprep_25_0_wf/sub_GEO021_wf/anat_fit_wf/brain_extraction_wf/mrg_target".
250527-17:40:39,10 nipype.workflow INFO:
	 [Node] Executing "mrg_target" <nipype.interfaces.utility.base.Merge>
250527-17:40:39,11 nipype.workflow INFO:
	 [Node] Finished "mrg_target", elapsed time 0.000361s.
250527-17:40:41,210 nipype.workflow INFO:
	 [Node] Setting-up "fmriprep_25_0_wf.sub_GEO021_wf.bold_ses_t2_task_image_run_1_wf.bold_fit_wf.enhance_and_skullstrip_bold_wf.first_dilate" in "/work/fmriprep_25_0_wf/sub_GEO021_wf/bold_ses_t2_task_image_run_1_wf/bold_fit_wf/enhance_and_skullstrip_bold_wf/first_dilate".
250527-17:40:41,641 nipype.workflow INFO:
	 [Node] Executing "first_dilate" <niworkflows.interfaces.nibabel.BinaryDilation>
250527-17:40:42,36 nipype.workflow INFO:
	 [Node] Finished "first_dilate", elapsed time 0.393373s.
250527-17:40:43,263 nipype.workflow INFO:
	 [Node] Setting-up "fmriprep_25_0_wf.sub_GEO021_wf.bold_ses_t2_task_image_run_1_wf.bold_fit_wf.ds_boldreg_wf.sources" in "/work/fmriprep_25_0_wf/sub_GEO021_wf/bold_ses_t2_task_image_run_1_wf/bold_fit_wf/ds_boldreg_wf/sources".
250527-17:40:43,868 nipype.workflow INFO:
	 [Node] Executing "sources" <fmriprep.interfaces.bids.BIDSURI>
250527-17:40:43,870 nipype.workflow INFO:
	 [Node] Finished "sources", elapsed time 0.000532s.
250527-17:40:45,271 nipype.workflow INFO:
	 [Node] Setting-up "fmriprep_25_0_wf.sub_GEO021_wf.bold_ses_t2_task_image_run_1_wf.bold_std_wf.gen_ref" in "/work/fmriprep_25_0_wf/sub_GEO021_wf/bold_ses_t2_task_image_run_1_wf/bold_std_wf/_in_tuple_MNI152NLin2009cAsym.resnative/gen_ref".
250527-17:40:46,158 nipype.workflow INFO:
	 [Node] Executing "gen_ref" <niworkflows.interfaces.nibabel.GenerateSamplingReference>
250527-17:40:47,310 nipype.workflow INFO:
	 [Node] Finished "gen_ref", elapsed time 1.150858s.
250527-17:40:49,254 nipype.workflow INFO:
	 [Node] Setting-up "fmriprep_25_0_wf.sub_GEO021_wf.bold_ses_t2_task_image_run_2_wf.bold_fit_wf.enhance_and_skullstrip_bold_wf.first_dilate" in "/work/fmriprep_25_0_wf/sub_GEO021_wf/bold_ses_t2_task_image_run_2_wf/bold_fit_wf/enhance_and_skullstrip_bold_wf/first_dilate".
250527-17:40:49,593 nipype.workflow INFO:
	 [Node] Executing "first_dilate" <niworkflows.interfaces.nibabel.BinaryDilation>
250527-17:40:49,892 nipype.workflow INFO:
	 [Node] Finished "first_dilate", elapsed time 0.298133s.
250527-17:40:51,256 nipype.workflow INFO:
	 [Node] Setting-up "fmriprep_25_0_wf.sub_GEO021_wf.bold_ses_t2_task_image_run_2_wf.bold_fit_wf.ds_boldreg_wf.sources" in "/work/fmriprep_25_0_wf/sub_GEO021_wf/bold_ses_t2_task_image_run_2_wf/bold_fit_wf/ds_boldreg_wf/sources".
250527-17:40:52,239 nipype.workflow INFO:
	 [Node] Executing "sources" <fmriprep.interfaces.bids.BIDSURI>
250527-17:40:52,241 nipype.workflow INFO:
	 [Node] Finished "sources", elapsed time 0.000597s.
250527-17:40:53,256 nipype.workflow INFO:
	 [Node] Setting-up "fmriprep_25_0_wf.sub_GEO021_wf.bold_ses_t2_task_image_run_2_wf.bold_std_wf.gen_ref" in "/work/fmriprep_25_0_wf/sub_GEO021_wf/bold_ses_t2_task_image_run_2_wf/bold_std_wf/_in_tuple_MNI152NLin2009cAsym.resnative/gen_ref".
250527-17:40:54,538 nipype.workflow INFO:
	 [Node] Executing "gen_ref" <niworkflows.interfaces.nibabel.GenerateSamplingReference>
250527-17:40:55,884 nipype.workflow INFO:
	 [Node] Finished "gen_ref", elapsed time 1.345599s.
250527-17:40:57,251 nipype.workflow INFO:
	 [Node] Setting-up "fmriprep_25_0_wf.sub_GEO021_wf.bold_ses_t2_task_image_run_3_wf.bold_fit_wf.enhance_and_skullstrip_bold_wf.first_dilate" in "/work/fmriprep_25_0_wf/sub_GEO021_wf/bold_ses_t2_task_image_run_3_wf/bold_fit_wf/enhance_and_skullstrip_bold_wf/first_dilate".
250527-17:40:58,272 nipype.workflow INFO:
	 [Node] Executing "first_dilate" <niworkflows.interfaces.nibabel.BinaryDilation>
250527-17:40:58,553 nipype.workflow INFO:
	 [Node] Finished "first_dilate", elapsed time 0.28021s.
250527-17:40:59,244 nipype.workflow INFO:
	 [Node] Setting-up "fmriprep_25_0_wf.sub_GEO021_wf.bold_ses_t2_task_image_run_3_wf.bold_fit_wf.ds_boldreg_wf.sources" in "/work/fmriprep_25_0_wf/sub_GEO021_wf/bold_ses_t2_task_image_run_3_wf/bold_fit_wf/ds_boldreg_wf/sources".
250527-17:40:59,836 nipype.workflow INFO:
	 [Node] Executing "sources" <fmriprep.interfaces.bids.BIDSURI>
250527-17:40:59,838 nipype.workflow INFO:
	 [Node] Finished "sources", elapsed time 0.00067s.
250527-17:41:01,281 nipype.workflow INFO:
	 [Node] Setting-up "fmriprep_25_0_wf.sub_GEO021_wf.bold_ses_t2_task_image_run_3_wf.bold_std_wf.gen_ref" in "/work/fmriprep_25_0_wf/sub_GEO021_wf/bold_ses_t2_task_image_run_3_wf/bold_std_wf/_in_tuple_MNI152NLin2009cAsym.resnative/gen_ref".
250527-17:41:02,108 nipype.workflow INFO:
	 [Node] Executing "gen_ref" <niworkflows.interfaces.nibabel.GenerateSamplingReference>
250527-17:41:03,292 nipype.workflow INFO:
	 [Node] Finished "gen_ref", elapsed time 1.182904s.
250527-17:41:05,285 nipype.workflow INFO:
	 [Node] Setting-up "fmriprep_25_0_wf.sub_GEO021_wf.bold_ses_t2_task_image_run_4_wf.bold_fit_wf.enhance_and_skullstrip_bold_wf.first_dilate" in "/work/fmriprep_25_0_wf/sub_GEO021_wf/bold_ses_t2_task_image_run_4_wf/bold_fit_wf/enhance_and_skullstrip_bold_wf/first_dilate".
250527-17:41:05,740 nipype.workflow INFO:
	 [Node] Executing "first_dilate" <niworkflows.interfaces.nibabel.BinaryDilation>
250527-17:41:06,15 nipype.workflow INFO:
	 [Node] Finished "first_dilate", elapsed time 0.273389s.
250527-17:41:07,281 nipype.workflow INFO:
	 [Node] Setting-up "fmriprep_25_0_wf.sub_GEO021_wf.bold_ses_t2_task_image_run_4_wf.bold_fit_wf.ds_boldreg_wf.sources" in "/work/fmriprep_25_0_wf/sub_GEO021_wf/bold_ses_t2_task_image_run_4_wf/bold_fit_wf/ds_boldreg_wf/sources".
250527-17:41:07,773 nipype.workflow INFO:
	 [Node] Executing "sources" <fmriprep.interfaces.bids.BIDSURI>
250527-17:41:07,775 nipype.workflow INFO:
	 [Node] Finished "sources", elapsed time 0.000631s.
250527-17:41:09,267 nipype.workflow INFO:
	 [Node] Setting-up "fmriprep_25_0_wf.sub_GEO021_wf.bold_ses_t2_task_image_run_4_wf.bold_std_wf.gen_ref" in "/work/fmriprep_25_0_wf/sub_GEO021_wf/bold_ses_t2_task_image_run_4_wf/bold_std_wf/_in_tuple_MNI152NLin2009cAsym.resnative/gen_ref".
250527-17:41:10,190 nipype.workflow INFO:
	 [Node] Executing "gen_ref" <niworkflows.interfaces.nibabel.GenerateSamplingReference>
250527-17:41:10,987 nipype.workflow INFO:
	 [Node] Finished "gen_ref", elapsed time 0.796578s.
250527-17:41:13,263 nipype.workflow INFO:
	 [Node] Setting-up "fmriprep_25_0_wf.sub_GEO021_wf.bold_ses_t2_task_image_run_5_wf.bold_fit_wf.enhance_and_skullstrip_bold_wf.first_dilate" in "/work/fmriprep_25_0_wf/sub_GEO021_wf/bold_ses_t2_task_image_run_5_wf/bold_fit_wf/enhance_and_skullstrip_bold_wf/first_dilate".
250527-17:41:13,882 nipype.workflow INFO:
	 [Node] Executing "first_dilate" <niworkflows.interfaces.nibabel.BinaryDilation>
250527-17:41:14,272 nipype.workflow INFO:
	 [Node] Finished "first_dilate", elapsed time 0.389702s.
250527-17:41:15,254 nipype.workflow INFO:
	 [Node] Setting-up "fmriprep_25_0_wf.sub_GEO021_wf.bold_ses_t2_task_image_run_5_wf.bold_fit_wf.ds_boldreg_wf.sources" in "/work/fmriprep_25_0_wf/sub_GEO021_wf/bold_ses_t2_task_image_run_5_wf/bold_fit_wf/ds_boldreg_wf/sources".
250527-17:41:15,698 nipype.workflow INFO:
	 [Node] Executing "sources" <fmriprep.interfaces.bids.BIDSURI>
250527-17:41:15,700 nipype.workflow INFO:
	 [Node] Finished "sources", elapsed time 0.000577s.
250527-17:41:17,269 nipype.workflow INFO:
	 [Node] Setting-up "fmriprep_25_0_wf.sub_GEO021_wf.bold_ses_t2_task_image_run_5_wf.bold_std_wf.gen_ref" in "/work/fmriprep_25_0_wf/sub_GEO021_wf/bold_ses_t2_task_image_run_5_wf/bold_std_wf/_in_tuple_MNI152NLin2009cAsym.resnative/gen_ref".
250527-17:41:17,621 nipype.workflow INFO:
	 [Node] Executing "gen_ref" <niworkflows.interfaces.nibabel.GenerateSamplingReference>
250527-17:41:18,413 nipype.workflow INFO:
	 [Node] Finished "gen_ref", elapsed time 0.791198s.
250527-17:41:19,274 nipype.workflow INFO:
	 [Node] Setting-up "fmriprep_25_0_wf.sub_GEO021_wf.bold_ses_t2_task_image_run_1_wf.bold_fit_wf.enhance_and_skullstrip_bold_wf.first_mask" in "/work/fmriprep_25_0_wf/sub_GEO021_wf/bold_ses_t2_task_image_run_1_wf/bold_fit_wf/enhance_and_skullstrip_bold_wf/first_mask".
250527-17:41:19,660 nipype.workflow INFO:
	 [Node] Executing "first_mask" <niworkflows.interfaces.nibabel.ApplyMask>
250527-17:41:19,753 nipype.workflow INFO:
	 [Node] Finished "first_mask", elapsed time 0.091326s.
250527-17:41:21,281 nipype.workflow INFO:
	 [Node] Setting-up "fmriprep_25_0_wf.sub_GEO021_wf.bold_ses_t2_task_image_run_2_wf.bold_fit_wf.enhance_and_skullstrip_bold_wf.first_mask" in "/work/fmriprep_25_0_wf/sub_GEO021_wf/bold_ses_t2_task_image_run_2_wf/bold_fit_wf/enhance_and_skullstrip_bold_wf/first_mask".
250527-17:41:21,951 nipype.workflow INFO:
	 [Node] Executing "first_mask" <niworkflows.interfaces.nibabel.ApplyMask>
250527-17:41:22,51 nipype.workflow INFO:
	 [Node] Finished "first_mask", elapsed time 0.098472s.
250527-17:41:23,279 nipype.workflow INFO:
	 [Node] Setting-up "fmriprep_25_0_wf.sub_GEO021_wf.bold_ses_t2_task_image_run_3_wf.bold_fit_wf.enhance_and_skullstrip_bold_wf.first_mask" in "/work/fmriprep_25_0_wf/sub_GEO021_wf/bold_ses_t2_task_image_run_3_wf/bold_fit_wf/enhance_and_skullstrip_bold_wf/first_mask".
250527-17:41:23,373 nipype.workflow INFO:
	 [Node] Executing "first_mask" <niworkflows.interfaces.nibabel.ApplyMask>
250527-17:41:23,457 nipype.workflow INFO:
	 [Node] Finished "first_mask", elapsed time 0.083115s.
250527-17:41:25,293 nipype.workflow INFO:
	 [Node] Setting-up "fmriprep_25_0_wf.sub_GEO021_wf.bold_ses_t2_task_image_run_4_wf.bold_fit_wf.enhance_and_skullstrip_bold_wf.first_mask" in "/work/fmriprep_25_0_wf/sub_GEO021_wf/bold_ses_t2_task_image_run_4_wf/bold_fit_wf/enhance_and_skullstrip_bold_wf/first_mask".
250527-17:41:25,710 nipype.workflow INFO:
	 [Node] Executing "first_mask" <niworkflows.interfaces.nibabel.ApplyMask>
250527-17:41:25,843 nipype.workflow INFO:
	 [Node] Finished "first_mask", elapsed time 0.131753s.
250527-17:41:27,317 nipype.workflow INFO:
	 [Node] Setting-up "fmriprep_25_0_wf.sub_GEO021_wf.bold_ses_t2_task_image_run_5_wf.bold_fit_wf.enhance_and_skullstrip_bold_wf.first_mask" in "/work/fmriprep_25_0_wf/sub_GEO021_wf/bold_ses_t2_task_image_run_5_wf/bold_fit_wf/enhance_and_skullstrip_bold_wf/first_mask".
250527-17:41:27,518 nipype.workflow INFO:
	 [Node] Executing "first_mask" <niworkflows.interfaces.nibabel.ApplyMask>
250527-17:41:27,597 nipype.workflow INFO:
	 [Node] Finished "first_mask", elapsed time 0.077678s.
250527-17:41:29,324 nipype.workflow INFO:
	 [Node] Setting-up "fmriprep_25_0_wf.sub_GEO021_wf.bold_ses_t2_task_image_run_1_wf.bold_fit_wf.enhance_and_skullstrip_bold_wf.unifize" in "/work/fmriprep_25_0_wf/sub_GEO021_wf/bold_ses_t2_task_image_run_1_wf/bold_fit_wf/enhance_and_skullstrip_bold_wf/unifize".
250527-17:41:29,612 nipype.workflow INFO:
	 [Node] Executing "unifize" <nipype.interfaces.afni.utils.Unifize>
250527-17:44:40,758 nipype.workflow INFO:
	 [Node] Finished "unifize", elapsed time 191.145398s.
250527-17:44:43,299 nipype.workflow INFO:
	 [Node] Setting-up "fmriprep_25_0_wf.sub_GEO021_wf.bold_ses_t2_task_image_run_2_wf.bold_fit_wf.enhance_and_skullstrip_bold_wf.unifize" in "/work/fmriprep_25_0_wf/sub_GEO021_wf/bold_ses_t2_task_image_run_2_wf/bold_fit_wf/enhance_and_skullstrip_bold_wf/unifize".
250527-17:44:43,776 nipype.workflow INFO:
	 [Node] Executing "unifize" <nipype.interfaces.afni.utils.Unifize>
250527-17:46:53,269 nipype.workflow INFO:
	 [Node] Finished "autorecon1", elapsed time 422.813277s.
250527-17:46:55,318 nipype.workflow INFO:
	 [Node] Setting-up "fmriprep_25_0_wf.sub_GEO021_wf.bold_ses_t2_task_image_run_3_wf.bold_fit_wf.enhance_and_skullstrip_bold_wf.unifize" in "/work/fmriprep_25_0_wf/sub_GEO021_wf/bold_ses_t2_task_image_run_3_wf/bold_fit_wf/enhance_and_skullstrip_bold_wf/unifize".
250527-17:46:55,328 nipype.workflow INFO:
	 [Node] Setting-up "fmriprep_25_0_wf.sub_GEO021_wf.bold_ses_t2_task_image_run_4_wf.bold_fit_wf.enhance_and_skullstrip_bold_wf.unifize" in "/work/fmriprep_25_0_wf/sub_GEO021_wf/bold_ses_t2_task_image_run_4_wf/bold_fit_wf/enhance_and_skullstrip_bold_wf/unifize".
250527-17:46:55,348 nipype.workflow INFO:
	 [Node] Setting-up "fmriprep_25_0_wf.sub_GEO021_wf.bold_ses_t2_task_image_run_1_wf.bold_fit_wf.enhance_and_skullstrip_bold_wf.fixhdr_unifize" in "/work/fmriprep_25_0_wf/sub_GEO021_wf/bold_ses_t2_task_image_run_1_wf/bold_fit_wf/enhance_and_skullstrip_bold_wf/fixhdr_unifize".
250527-17:46:55,355 nipype.workflow INFO:
	 [Node] Setting-up "fmriprep_25_0_wf.sub_GEO021_wf.anat_fit_wf.surface_recon_wf.fsnative2t1w_xfm" in "/work/fmriprep_25_0_wf/sub_GEO021_wf/anat_fit_wf/surface_recon_wf/fsnative2t1w_xfm".
250527-17:46:55,368 nipype.workflow INFO:
	 [Node] Setting-up "fmriprep_25_0_wf.sub_GEO021_wf.bold_ses_t2_task_image_run_5_wf.bold_fit_wf.enhance_and_skullstrip_bold_wf.unifize" in "/work/fmriprep_25_0_wf/sub_GEO021_wf/bold_ses_t2_task_image_run_5_wf/bold_fit_wf/enhance_and_skullstrip_bold_wf/unifize".
250527-17:46:56,75 nipype.workflow INFO:
	 [Node] Executing "unifize" <nipype.interfaces.afni.utils.Unifize>
250527-17:46:56,90 nipype.workflow INFO:
	 [Node] Executing "fsnative2t1w_xfm" <niworkflows.interfaces.freesurfer.PatchedRobustRegister>
250527-17:46:56,111 nipype.workflow INFO:
	 [Node] Executing "unifize" <nipype.interfaces.afni.utils.Unifize>
250527-17:46:56,334 nipype.workflow INFO:
	 [Node] Executing "fixhdr_unifize" <niworkflows.interfaces.header.CopyXForm>
250527-17:46:56,389 nipype.workflow INFO:
	 [Node] Executing "unifize" <nipype.interfaces.afni.utils.Unifize>
250527-17:46:56,572 nipype.workflow INFO:
	 [Node] Finished "fixhdr_unifize", elapsed time 0.236831s.
250527-17:46:57,293 nipype.workflow INFO:
	 [Node] Setting-up "fmriprep_25_0_wf.sub_GEO021_wf.bold_ses_t2_task_image_run_1_wf.bold_fit_wf.enhance_and_skullstrip_bold_wf.skullstrip_second_pass" in "/work/fmriprep_25_0_wf/sub_GEO021_wf/bold_ses_t2_task_image_run_1_wf/bold_fit_wf/enhance_and_skullstrip_bold_wf/skullstrip_second_pass".
250527-17:46:58,121 nipype.workflow INFO:
	 [Node] Executing "skullstrip_second_pass" <nipype.interfaces.afni.preprocess.Automask>
250527-17:46:58,804 nipype.workflow INFO:
	 [Node] Finished "skullstrip_second_pass", elapsed time 0.68202s.
250527-17:47:01,313 nipype.workflow INFO:
	 [Node] Setting-up "fmriprep_25_0_wf.sub_GEO021_wf.bold_ses_t2_task_image_run_1_wf.bold_fit_wf.enhance_and_skullstrip_bold_wf.fixhdr_skullstrip2" in "/work/fmriprep_25_0_wf/sub_GEO021_wf/bold_ses_t2_task_image_run_1_wf/bold_fit_wf/enhance_and_skullstrip_bold_wf/fixhdr_skullstrip2".
250527-17:47:02,18 nipype.workflow INFO:
	 [Node] Executing "fixhdr_skullstrip2" <niworkflows.interfaces.header.CopyXForm>
250527-17:47:02,202 nipype.workflow INFO:
	 [Node] Finished "fixhdr_skullstrip2", elapsed time 0.183065s.
250527-17:47:03,326 nipype.workflow INFO:
	 [Node] Setting-up "fmriprep_25_0_wf.sub_GEO021_wf.bold_ses_t2_task_image_run_1_wf.bold_fit_wf.enhance_and_skullstrip_bold_wf.combine_masks" in "/work/fmriprep_25_0_wf/sub_GEO021_wf/bold_ses_t2_task_image_run_1_wf/bold_fit_wf/enhance_and_skullstrip_bold_wf/combine_masks".
250527-17:47:03,944 nipype.workflow INFO:
	 [Node] Executing "combine_masks" <nipype.interfaces.fsl.maths.BinaryMaths>
250527-17:47:04,388 nipype.workflow INFO:
	 [Node] Finished "combine_masks", elapsed time 0.443097s.
250527-17:47:05,320 nipype.workflow INFO:
	 [Node] Setting-up "fmriprep_25_0_wf.sub_GEO021_wf.bold_ses_t2_task_image_run_1_wf.bold_fit_wf.enhance_and_skullstrip_bold_wf.apply_mask" in "/work/fmriprep_25_0_wf/sub_GEO021_wf/bold_ses_t2_task_image_run_1_wf/bold_fit_wf/enhance_and_skullstrip_bold_wf/apply_mask".
250527-17:47:06,59 nipype.workflow INFO:
	 [Node] Executing "apply_mask" <niworkflows.interfaces.nibabel.ApplyMask>
250527-17:47:06,62 nipype.interface WARNING:
	 Changing /out/sub-GEO021/ses-t2/func/sub-GEO021_ses-t2_task-image_run-1_desc-brain_mask.nii.gz dtype from float32 to uint8
250527-17:47:06,160 nipype.workflow INFO:
	 [Node] Finished "apply_mask", elapsed time 0.100084s.
250527-17:47:25,917 nipype.workflow INFO:
	 [Node] Finished "fsnative2t1w_xfm", elapsed time 29.825884s.
250527-17:47:58,125 nipype.workflow INFO:
	 [Node] Finished "unifize", elapsed time 194.347419s.
250527-17:48:00,383 nipype.workflow INFO:
	 [Node] Setting-up "fmriprep_25_0_wf.sub_GEO021_wf.bold_ses_t2_task_image_run_2_wf.bold_fit_wf.enhance_and_skullstrip_bold_wf.fixhdr_unifize" in "/work/fmriprep_25_0_wf/sub_GEO021_wf/bold_ses_t2_task_image_run_2_wf/bold_fit_wf/enhance_and_skullstrip_bold_wf/fixhdr_unifize".
250527-17:48:01,423 nipype.workflow INFO:
	 [Node] Executing "fixhdr_unifize" <niworkflows.interfaces.header.CopyXForm>
250527-17:48:01,729 nipype.workflow INFO:
	 [Node] Finished "fixhdr_unifize", elapsed time 0.304631s.
250527-17:48:02,370 nipype.workflow INFO:
	 [Node] Setting-up "fmriprep_25_0_wf.sub_GEO021_wf.bold_ses_t2_task_image_run_2_wf.bold_fit_wf.enhance_and_skullstrip_bold_wf.skullstrip_second_pass" in "/work/fmriprep_25_0_wf/sub_GEO021_wf/bold_ses_t2_task_image_run_2_wf/bold_fit_wf/enhance_and_skullstrip_bold_wf/skullstrip_second_pass".
250527-17:48:03,23 nipype.workflow INFO:
	 [Node] Executing "skullstrip_second_pass" <nipype.interfaces.afni.preprocess.Automask>
250527-17:48:03,671 nipype.workflow INFO:
	 [Node] Finished "skullstrip_second_pass", elapsed time 0.647218s.
250527-17:48:04,348 nipype.workflow INFO:
	 [Node] Setting-up "fmriprep_25_0_wf.sub_GEO021_wf.bold_ses_t2_task_image_run_2_wf.bold_fit_wf.enhance_and_skullstrip_bold_wf.fixhdr_skullstrip2" in "/work/fmriprep_25_0_wf/sub_GEO021_wf/bold_ses_t2_task_image_run_2_wf/bold_fit_wf/enhance_and_skullstrip_bold_wf/fixhdr_skullstrip2".
250527-17:48:04,846 nipype.workflow INFO:
	 [Node] Executing "fixhdr_skullstrip2" <niworkflows.interfaces.header.CopyXForm>
250527-17:48:04,998 nipype.workflow INFO:
	 [Node] Finished "fixhdr_skullstrip2", elapsed time 0.15068s.
250527-17:48:06,352 nipype.workflow INFO:
	 [Node] Setting-up "fmriprep_25_0_wf.sub_GEO021_wf.bold_ses_t2_task_image_run_2_wf.bold_fit_wf.enhance_and_skullstrip_bold_wf.combine_masks" in "/work/fmriprep_25_0_wf/sub_GEO021_wf/bold_ses_t2_task_image_run_2_wf/bold_fit_wf/enhance_and_skullstrip_bold_wf/combine_masks".
250527-17:48:06,858 nipype.workflow INFO:
	 [Node] Executing "combine_masks" <nipype.interfaces.fsl.maths.BinaryMaths>
250527-17:48:07,347 nipype.workflow INFO:
	 [Node] Finished "combine_masks", elapsed time 0.488259s.
250527-17:48:08,349 nipype.workflow INFO:
	 [Node] Setting-up "fmriprep_25_0_wf.sub_GEO021_wf.bold_ses_t2_task_image_run_2_wf.bold_fit_wf.enhance_and_skullstrip_bold_wf.apply_mask" in "/work/fmriprep_25_0_wf/sub_GEO021_wf/bold_ses_t2_task_image_run_2_wf/bold_fit_wf/enhance_and_skullstrip_bold_wf/apply_mask".
250527-17:48:08,970 nipype.interface WARNING:
	 Changing /out/sub-GEO021/ses-t2/func/sub-GEO021_ses-t2_task-image_run-2_desc-brain_mask.nii.gz dtype from float32 to uint8
250527-17:48:09,349 nipype.workflow INFO:
	 [Node] Executing "apply_mask" <niworkflows.interfaces.nibabel.ApplyMask>
250527-17:48:09,486 nipype.workflow INFO:
	 [Node] Finished "apply_mask", elapsed time 0.136234s.
250527-17:50:08,887 nipype.workflow INFO:
	 [Node] Finished "unifize", elapsed time 192.811436s.
250527-17:50:09,776 nipype.workflow INFO:
	 [Node] Finished "unifize", elapsed time 193.664372s.
250527-17:50:10,397 nipype.workflow INFO:
	 [Node] Setting-up "fmriprep_25_0_wf.sub_GEO021_wf.anat_fit_wf.brain_extraction_wf.init_aff" in "/work/fmriprep_25_0_wf/sub_GEO021_wf/anat_fit_wf/brain_extraction_wf/init_aff".
250527-17:50:11,306 nipype.workflow INFO:
	 [Node] Executing "init_aff" <nipype.interfaces.ants.utils.AI>
250527-17:50:25,673 nipype.workflow INFO:
	 [Node] Finished "init_aff", elapsed time 14.365723s.
250527-17:50:28,358 nipype.workflow INFO:
	 [Node] Setting-up "fmriprep_25_0_wf.sub_GEO021_wf.bold_ses_t2_task_image_run_1_wf.bold_native_wf.boldref_bold" in "/work/fmriprep_25_0_wf/sub_GEO021_wf/bold_ses_t2_task_image_run_1_wf/bold_native_wf/boldref_bold".
250527-17:50:29,75 nipype.workflow INFO:
	 [Node] Finished "unifize", elapsed time 212.684614s.
250527-17:50:30,370 nipype.workflow INFO:
	 [Node] Setting-up "fmriprep_25_0_wf.sub_GEO021_wf.bold_ses_t2_task_image_run_3_wf.bold_fit_wf.enhance_and_skullstrip_bold_wf.fixhdr_unifize" in "/work/fmriprep_25_0_wf/sub_GEO021_wf/bold_ses_t2_task_image_run_3_wf/bold_fit_wf/enhance_and_skullstrip_bold_wf/fixhdr_unifize".
250527-17:50:30,611 nipype.workflow INFO:
	 [Node] Executing "boldref_bold" <fmriprep.interfaces.resampling.ResampleSeries>
250527-17:50:31,877 nipype.workflow INFO:
	 [Node] Executing "fixhdr_unifize" <niworkflows.interfaces.header.CopyXForm>
250527-17:50:32,339 nipype.workflow INFO:
	 [Node] Finished "fixhdr_unifize", elapsed time 0.460683s.
250527-17:50:34,384 nipype.workflow INFO:
	 [Node] Setting-up "fmriprep_25_0_wf.sub_GEO021_wf.bold_ses_t2_task_image_run_4_wf.bold_fit_wf.enhance_and_skullstrip_bold_wf.fixhdr_unifize" in "/work/fmriprep_25_0_wf/sub_GEO021_wf/bold_ses_t2_task_image_run_4_wf/bold_fit_wf/enhance_and_skullstrip_bold_wf/fixhdr_unifize".
250527-17:50:35,233 nipype.workflow INFO:
	 [Node] Executing "fixhdr_unifize" <niworkflows.interfaces.header.CopyXForm>
250527-17:50:35,377 nipype.workflow INFO:
	 [Node] Finished "fixhdr_unifize", elapsed time 0.142811s.
250527-17:50:36,308 nipype.workflow INFO:
	 [Node] Setting-up "fmriprep_25_0_wf.sub_GEO021_wf.bold_ses_t2_task_image_run_5_wf.bold_fit_wf.enhance_and_skullstrip_bold_wf.fixhdr_unifize" in "/work/fmriprep_25_0_wf/sub_GEO021_wf/bold_ses_t2_task_image_run_5_wf/bold_fit_wf/enhance_and_skullstrip_bold_wf/fixhdr_unifize".
250527-17:50:37,213 nipype.workflow INFO:
	 [Node] Executing "fixhdr_unifize" <niworkflows.interfaces.header.CopyXForm>
250527-17:50:37,662 nipype.workflow INFO:
	 [Node] Finished "fixhdr_unifize", elapsed time 0.446879s.
250527-17:50:38,404 nipype.workflow INFO:
	 [Node] Setting-up "fmriprep_25_0_wf.sub_GEO021_wf.bold_ses_t2_task_image_run_3_wf.bold_fit_wf.enhance_and_skullstrip_bold_wf.skullstrip_second_pass" in "/work/fmriprep_25_0_wf/sub_GEO021_wf/bold_ses_t2_task_image_run_3_wf/bold_fit_wf/enhance_and_skullstrip_bold_wf/skullstrip_second_pass".
250527-17:50:38,911 nipype.workflow INFO:
	 [Node] Executing "skullstrip_second_pass" <nipype.interfaces.afni.preprocess.Automask>
250527-17:50:39,725 nipype.workflow INFO:
	 [Node] Finished "skullstrip_second_pass", elapsed time 0.813321s.
250527-17:50:42,316 nipype.workflow INFO:
	 [Node] Setting-up "fmriprep_25_0_wf.sub_GEO021_wf.bold_ses_t2_task_image_run_4_wf.bold_fit_wf.enhance_and_skullstrip_bold_wf.skullstrip_second_pass" in "/work/fmriprep_25_0_wf/sub_GEO021_wf/bold_ses_t2_task_image_run_4_wf/bold_fit_wf/enhance_and_skullstrip_bold_wf/skullstrip_second_pass".
250527-17:50:42,891 nipype.workflow INFO:
	 [Node] Executing "skullstrip_second_pass" <nipype.interfaces.afni.preprocess.Automask>
250527-17:50:43,484 nipype.workflow INFO:
	 [Node] Finished "skullstrip_second_pass", elapsed time 0.592222s.
250527-17:50:46,314 nipype.workflow INFO:
	 [Node] Setting-up "fmriprep_25_0_wf.sub_GEO021_wf.bold_ses_t2_task_image_run_5_wf.bold_fit_wf.enhance_and_skullstrip_bold_wf.skullstrip_second_pass" in "/work/fmriprep_25_0_wf/sub_GEO021_wf/bold_ses_t2_task_image_run_5_wf/bold_fit_wf/enhance_and_skullstrip_bold_wf/skullstrip_second_pass".
250527-17:50:46,916 nipype.workflow INFO:
	 [Node] Executing "skullstrip_second_pass" <nipype.interfaces.afni.preprocess.Automask>
250527-17:50:47,382 nipype.workflow INFO:
	 [Node] Finished "skullstrip_second_pass", elapsed time 0.464449s.
250527-17:50:48,364 nipype.workflow INFO:
	 [Node] Setting-up "fmriprep_25_0_wf.sub_GEO021_wf.bold_ses_t2_task_image_run_3_wf.bold_fit_wf.enhance_and_skullstrip_bold_wf.fixhdr_skullstrip2" in "/work/fmriprep_25_0_wf/sub_GEO021_wf/bold_ses_t2_task_image_run_3_wf/bold_fit_wf/enhance_and_skullstrip_bold_wf/fixhdr_skullstrip2".
250527-17:50:48,792 nipype.workflow INFO:
	 [Node] Executing "fixhdr_skullstrip2" <niworkflows.interfaces.header.CopyXForm>
250527-17:50:48,869 nipype.workflow INFO:
	 [Node] Finished "fixhdr_skullstrip2", elapsed time 0.076173s.
250527-17:50:50,367 nipype.workflow INFO:
	 [Node] Setting-up "fmriprep_25_0_wf.sub_GEO021_wf.bold_ses_t2_task_image_run_4_wf.bold_fit_wf.enhance_and_skullstrip_bold_wf.fixhdr_skullstrip2" in "/work/fmriprep_25_0_wf/sub_GEO021_wf/bold_ses_t2_task_image_run_4_wf/bold_fit_wf/enhance_and_skullstrip_bold_wf/fixhdr_skullstrip2".
250527-17:50:50,605 nipype.workflow INFO:
	 [Node] Executing "fixhdr_skullstrip2" <niworkflows.interfaces.header.CopyXForm>
250527-17:50:50,733 nipype.workflow INFO:
	 [Node] Finished "fixhdr_skullstrip2", elapsed time 0.127169s.
250527-17:50:52,371 nipype.workflow INFO:
	 [Node] Setting-up "fmriprep_25_0_wf.sub_GEO021_wf.bold_ses_t2_task_image_run_5_wf.bold_fit_wf.enhance_and_skullstrip_bold_wf.fixhdr_skullstrip2" in "/work/fmriprep_25_0_wf/sub_GEO021_wf/bold_ses_t2_task_image_run_5_wf/bold_fit_wf/enhance_and_skullstrip_bold_wf/fixhdr_skullstrip2".
250527-17:50:52,815 nipype.workflow INFO:
	 [Node] Executing "fixhdr_skullstrip2" <niworkflows.interfaces.header.CopyXForm>
250527-17:50:52,953 nipype.workflow INFO:
	 [Node] Finished "fixhdr_skullstrip2", elapsed time 0.136697s.
250527-17:50:54,383 nipype.workflow INFO:
	 [Node] Setting-up "fmriprep_25_0_wf.sub_GEO021_wf.bold_ses_t2_task_image_run_3_wf.bold_fit_wf.enhance_and_skullstrip_bold_wf.combine_masks" in "/work/fmriprep_25_0_wf/sub_GEO021_wf/bold_ses_t2_task_image_run_3_wf/bold_fit_wf/enhance_and_skullstrip_bold_wf/combine_masks".
250527-17:50:55,326 nipype.workflow INFO:
	 [Node] Executing "combine_masks" <nipype.interfaces.fsl.maths.BinaryMaths>
250527-17:50:55,732 nipype.workflow INFO:
	 [Node] Finished "combine_masks", elapsed time 0.404852s.
250527-17:50:56,364 nipype.workflow INFO:
	 [Node] Setting-up "fmriprep_25_0_wf.sub_GEO021_wf.bold_ses_t2_task_image_run_4_wf.bold_fit_wf.enhance_and_skullstrip_bold_wf.combine_masks" in "/work/fmriprep_25_0_wf/sub_GEO021_wf/bold_ses_t2_task_image_run_4_wf/bold_fit_wf/enhance_and_skullstrip_bold_wf/combine_masks".
250527-17:50:56,823 nipype.workflow INFO:
	 [Node] Executing "combine_masks" <nipype.interfaces.fsl.maths.BinaryMaths>
250527-17:50:57,69 nipype.workflow INFO:
	 [Node] Finished "combine_masks", elapsed time 0.244738s.
250527-17:50:58,371 nipype.workflow INFO:
	 [Node] Setting-up "fmriprep_25_0_wf.sub_GEO021_wf.bold_ses_t2_task_image_run_5_wf.bold_fit_wf.enhance_and_skullstrip_bold_wf.combine_masks" in "/work/fmriprep_25_0_wf/sub_GEO021_wf/bold_ses_t2_task_image_run_5_wf/bold_fit_wf/enhance_and_skullstrip_bold_wf/combine_masks".
250527-17:50:58,741 nipype.workflow INFO:
	 [Node] Executing "combine_masks" <nipype.interfaces.fsl.maths.BinaryMaths>
250527-17:50:58,975 nipype.workflow INFO:
	 [Node] Finished "combine_masks", elapsed time 0.233032s.
250527-17:51:00,370 nipype.workflow INFO:
	 [Node] Setting-up "fmriprep_25_0_wf.sub_GEO021_wf.bold_ses_t2_task_image_run_3_wf.bold_fit_wf.enhance_and_skullstrip_bold_wf.apply_mask" in "/work/fmriprep_25_0_wf/sub_GEO021_wf/bold_ses_t2_task_image_run_3_wf/bold_fit_wf/enhance_and_skullstrip_bold_wf/apply_mask".
250527-17:51:00,497 nipype.workflow INFO:
	 [Node] Executing "apply_mask" <niworkflows.interfaces.nibabel.ApplyMask>
250527-17:51:00,566 nipype.workflow INFO:
	 [Node] Finished "apply_mask", elapsed time 0.068148s.
250527-17:51:03,66 nipype.interface WARNING:
	 Changing /out/sub-GEO021/ses-t2/func/sub-GEO021_ses-t2_task-image_run-3_desc-brain_mask.nii.gz dtype from float32 to uint8
250527-17:51:04,60 nipype.workflow INFO:
	 [Node] Setting-up "fmriprep_25_0_wf.sub_GEO021_wf.bold_ses_t2_task_image_run_4_wf.bold_fit_wf.enhance_and_skullstrip_bold_wf.apply_mask" in "/work/fmriprep_25_0_wf/sub_GEO021_wf/bold_ses_t2_task_image_run_4_wf/bold_fit_wf/enhance_and_skullstrip_bold_wf/apply_mask".
250527-17:51:05,533 nipype.workflow INFO:
	 [Node] Executing "apply_mask" <niworkflows.interfaces.nibabel.ApplyMask>
250527-17:51:05,695 nipype.workflow INFO:
	 [Node] Finished "apply_mask", elapsed time 0.160641s.
250527-17:51:07,131 nipype.interface WARNING:
	 Changing /out/sub-GEO021/ses-t2/func/sub-GEO021_ses-t2_task-image_run-4_desc-brain_mask.nii.gz dtype from float32 to uint8
250527-17:51:07,624 nipype.workflow INFO:
	 [Node] Setting-up "fmriprep_25_0_wf.sub_GEO021_wf.bold_ses_t2_task_image_run_5_wf.bold_fit_wf.enhance_and_skullstrip_bold_wf.apply_mask" in "/work/fmriprep_25_0_wf/sub_GEO021_wf/bold_ses_t2_task_image_run_5_wf/bold_fit_wf/enhance_and_skullstrip_bold_wf/apply_mask".
250527-17:51:09,528 nipype.workflow INFO:
	 [Node] Finished "boldref_bold", elapsed time 38.910201s.
250527-17:51:09,572 nipype.workflow INFO:
	 [Node] Executing "apply_mask" <niworkflows.interfaces.nibabel.ApplyMask>
250527-17:51:09,668 nipype.workflow INFO:
	 [Node] Finished "apply_mask", elapsed time 0.095918s.
250527-17:51:10,363 nipype.workflow INFO:
	 [Node] Setting-up "fmriprep_25_0_wf.sub_GEO021_wf.bold_ses_t2_task_image_run_2_wf.bold_native_wf.boldref_bold" in "/work/fmriprep_25_0_wf/sub_GEO021_wf/bold_ses_t2_task_image_run_2_wf/bold_native_wf/boldref_bold".
250527-17:51:11,553 nipype.workflow INFO:
	 [Node] Executing "boldref_bold" <fmriprep.interfaces.resampling.ResampleSeries>
250527-17:51:12,701 nipype.interface WARNING:
	 Changing /out/sub-GEO021/ses-t2/func/sub-GEO021_ses-t2_task-image_run-5_desc-brain_mask.nii.gz dtype from float32 to uint8
250527-17:51:13,370 nipype.workflow INFO:
	 [Node] Setting-up "fmriprep_25_0_wf.sub_GEO021_wf.bold_ses_t2_task_image_run_1_wf.bold_confounds_wf.dvars" in "/work/fmriprep_25_0_wf/sub_GEO021_wf/bold_ses_t2_task_image_run_1_wf/bold_confounds_wf/dvars".
250527-17:51:14,49 nipype.workflow INFO:
	 [Node] Executing "dvars" <nipype.algorithms.confounds.ComputeDVARS>
250527-17:51:31,356 nipype.workflow INFO:
	 [Node] Finished "dvars", elapsed time 17.306556s.
250527-17:51:32,377 nipype.workflow INFO:
	 [Node] Setting-up "fmriprep_25_0_wf.sub_GEO021_wf.bold_ses_t2_task_image_run_1_wf.bold_confounds_wf.tcompcor" in "/work/fmriprep_25_0_wf/sub_GEO021_wf/bold_ses_t2_task_image_run_1_wf/bold_confounds_wf/tcompcor".
250527-17:51:34,273 nipype.workflow INFO:
	 [Node] Executing "tcompcor" <niworkflows.interfaces.patches.RobustTCompCor>
250527-17:51:45,283 nipype.workflow INFO:
	 [Node] Finished "tcompcor", elapsed time 11.009096s.
250527-17:51:48,769 nipype.workflow INFO:
	 [Node] Setting-up "fmriprep_25_0_wf.sub_GEO021_wf.bold_ses_t2_task_image_run_1_wf.bold_confounds_wf.tcc_metadata_filter" in "/work/fmriprep_25_0_wf/sub_GEO021_wf/bold_ses_t2_task_image_run_1_wf/bold_confounds_wf/tcc_metadata_filter".
250527-17:51:50,241 nipype.workflow INFO:
	 [Node] Finished "boldref_bold", elapsed time 38.687298s.
250527-17:51:50,335 nipype.workflow INFO:
	 [Node] Executing "tcc_metadata_filter" <fmriprep.interfaces.confounds.FilterDropped>
250527-17:51:50,423 nipype.workflow INFO:
	 [Node] Finished "tcc_metadata_filter", elapsed time 0.087377s.
250527-17:51:51,84 nipype.workflow INFO:
	 [Node] Setting-up "fmriprep_25_0_wf.sub_GEO021_wf.bold_ses_t2_task_image_run_3_wf.bold_native_wf.boldref_bold" in "/work/fmriprep_25_0_wf/sub_GEO021_wf/bold_ses_t2_task_image_run_3_wf/bold_native_wf/boldref_bold".
250527-17:51:51,95 nipype.workflow INFO:
	 [Node] Setting-up "fmriprep_25_0_wf.sub_GEO021_wf.bold_ses_t2_task_image_run_2_wf.bold_confounds_wf.dvars" in "/work/fmriprep_25_0_wf/sub_GEO021_wf/bold_ses_t2_task_image_run_2_wf/bold_confounds_wf/dvars".
250527-17:51:51,619 nipype.workflow INFO:
	 [Node] Executing "boldref_bold" <fmriprep.interfaces.resampling.ResampleSeries>
250527-17:51:51,652 nipype.workflow INFO:
	 [Node] Executing "dvars" <nipype.algorithms.confounds.ComputeDVARS>
250527-17:52:10,235 nipype.workflow INFO:
	 [Node] Finished "dvars", elapsed time 18.582097s.
250527-17:52:11,80 nipype.workflow INFO:
	 [Node] Setting-up "fmriprep_25_0_wf.sub_GEO021_wf.bold_ses_t2_task_image_run_2_wf.bold_confounds_wf.tcompcor" in "/work/fmriprep_25_0_wf/sub_GEO021_wf/bold_ses_t2_task_image_run_2_wf/bold_confounds_wf/tcompcor".
250527-17:52:11,522 nipype.workflow INFO:
	 [Node] Executing "tcompcor" <niworkflows.interfaces.patches.RobustTCompCor>
250527-17:52:22,468 nipype.workflow INFO:
	 [Node] Finished "tcompcor", elapsed time 10.945303s.
250527-17:52:25,554 nipype.workflow INFO:
	 [Node] Setting-up "fmriprep_25_0_wf.sub_GEO021_wf.bold_ses_t2_task_image_run_2_wf.bold_confounds_wf.tcc_metadata_filter" in "/work/fmriprep_25_0_wf/sub_GEO021_wf/bold_ses_t2_task_image_run_2_wf/bold_confounds_wf/tcc_metadata_filter".
250527-17:52:26,54 nipype.workflow INFO:
	 [Node] Executing "tcc_metadata_filter" <fmriprep.interfaces.confounds.FilterDropped>
250527-17:52:26,104 nipype.workflow INFO:
	 [Node] Finished "tcc_metadata_filter", elapsed time 0.049213s.
250527-17:52:27,857 nipype.workflow INFO:
	 [Node] Setting-up "fmriprep_25_0_wf.sub_GEO021_wf.bold_ses_t2_task_image_run_1_wf.bold_confounds_wf.tcc_metadata_fmt" in "/work/fmriprep_25_0_wf/sub_GEO021_wf/bold_ses_t2_task_image_run_1_wf/bold_confounds_wf/tcc_metadata_fmt".
250527-17:52:28,256 nipype.workflow INFO:
	 [Node] Executing "tcc_metadata_fmt" <niworkflows.interfaces.utility.TSV2JSON>
250527-17:52:28,264 nipype.workflow INFO:
	 [Node] Finished "tcc_metadata_fmt", elapsed time 0.00656s.
250527-17:52:29,873 nipype.workflow INFO:
	 [Node] Setting-up "fmriprep_25_0_wf.sub_GEO021_wf.bold_ses_t2_task_image_run_2_wf.bold_confounds_wf.tcc_metadata_fmt" in "/work/fmriprep_25_0_wf/sub_GEO021_wf/bold_ses_t2_task_image_run_2_wf/bold_confounds_wf/tcc_metadata_fmt".
250527-17:52:30,659 nipype.workflow INFO:
	 [Node] Finished "boldref_bold", elapsed time 39.038895s.
250527-17:52:31,11 nipype.workflow INFO:
	 [Node] Executing "tcc_metadata_fmt" <niworkflows.interfaces.utility.TSV2JSON>
250527-17:52:31,17 nipype.workflow INFO:
	 [Node] Finished "tcc_metadata_fmt", elapsed time 0.005635s.
250527-17:52:31,844 nipype.workflow INFO:
	 [Node] Setting-up "fmriprep_25_0_wf.sub_GEO021_wf.bold_ses_t2_task_image_run_4_wf.bold_native_wf.boldref_bold" in "/work/fmriprep_25_0_wf/sub_GEO021_wf/bold_ses_t2_task_image_run_4_wf/bold_native_wf/boldref_bold".
250527-17:52:31,855 nipype.workflow INFO:
	 [Node] Setting-up "fmriprep_25_0_wf.sub_GEO021_wf.bold_ses_t2_task_image_run_3_wf.bold_confounds_wf.dvars" in "/work/fmriprep_25_0_wf/sub_GEO021_wf/bold_ses_t2_task_image_run_3_wf/bold_confounds_wf/dvars".
250527-17:52:32,398 nipype.workflow INFO:
	 [Node] Executing "boldref_bold" <fmriprep.interfaces.resampling.ResampleSeries>
250527-17:52:32,507 nipype.workflow INFO:
	 [Node] Executing "dvars" <nipype.algorithms.confounds.ComputeDVARS>
250527-17:52:50,399 nipype.workflow INFO:
	 [Node] Finished "dvars", elapsed time 17.891013s.
250527-17:52:51,868 nipype.workflow INFO:
	 [Node] Setting-up "fmriprep_25_0_wf.sub_GEO021_wf.bold_ses_t2_task_image_run_3_wf.bold_confounds_wf.tcompcor" in "/work/fmriprep_25_0_wf/sub_GEO021_wf/bold_ses_t2_task_image_run_3_wf/bold_confounds_wf/tcompcor".
250527-17:52:53,461 nipype.workflow INFO:
	 [Node] Executing "tcompcor" <niworkflows.interfaces.patches.RobustTCompCor>
250527-17:53:03,995 nipype.workflow INFO:
	 [Node] Finished "tcompcor", elapsed time 10.532536s.
250527-17:53:09,173 nipype.workflow INFO:
	 [Node] Setting-up "fmriprep_25_0_wf.sub_GEO021_wf.bold_ses_t2_task_image_run_3_wf.bold_confounds_wf.tcc_metadata_filter" in "/work/fmriprep_25_0_wf/sub_GEO021_wf/bold_ses_t2_task_image_run_3_wf/bold_confounds_wf/tcc_metadata_filter".
250527-17:53:11,46 nipype.workflow INFO:
	 [Node] Executing "tcc_metadata_filter" <fmriprep.interfaces.confounds.FilterDropped>
250527-17:53:11,431 nipype.workflow INFO:
	 [Node] Finished "boldref_bold", elapsed time 39.032524s.
250527-17:53:11,618 nipype.workflow INFO:
	 [Node] Finished "tcc_metadata_filter", elapsed time 0.570462s.
250527-17:53:12,773 nipype.workflow INFO:
	 [Node] Setting-up "fmriprep_25_0_wf.sub_GEO021_wf.bold_ses_t2_task_image_run_5_wf.bold_native_wf.boldref_bold" in "/work/fmriprep_25_0_wf/sub_GEO021_wf/bold_ses_t2_task_image_run_5_wf/bold_native_wf/boldref_bold".
250527-17:53:12,773 nipype.workflow INFO:
	 [Node] Setting-up "fmriprep_25_0_wf.sub_GEO021_wf.bold_ses_t2_task_image_run_4_wf.bold_confounds_wf.dvars" in "/work/fmriprep_25_0_wf/sub_GEO021_wf/bold_ses_t2_task_image_run_4_wf/bold_confounds_wf/dvars".
250527-17:53:14,399 nipype.workflow INFO:
	 [Node] Executing "dvars" <nipype.algorithms.confounds.ComputeDVARS>
250527-17:53:14,442 nipype.workflow INFO:
	 [Node] Executing "boldref_bold" <fmriprep.interfaces.resampling.ResampleSeries>
250527-17:53:33,237 nipype.workflow INFO:
	 [Node] Finished "dvars", elapsed time 18.836747s.
250527-17:53:34,792 nipype.workflow INFO:
	 [Node] Setting-up "fmriprep_25_0_wf.sub_GEO021_wf.bold_ses_t2_task_image_run_4_wf.bold_confounds_wf.tcompcor" in "/work/fmriprep_25_0_wf/sub_GEO021_wf/bold_ses_t2_task_image_run_4_wf/bold_confounds_wf/tcompcor".
250527-17:53:35,484 nipype.workflow INFO:
	 [Node] Executing "tcompcor" <niworkflows.interfaces.patches.RobustTCompCor>
250527-17:53:47,312 nipype.workflow INFO:
	 [Node] Finished "tcompcor", elapsed time 11.827201s.
250527-17:53:51,773 nipype.workflow INFO:
	 [Node] Setting-up "fmriprep_25_0_wf.sub_GEO021_wf.bold_ses_t2_task_image_run_4_wf.bold_confounds_wf.tcc_metadata_filter" in "/work/fmriprep_25_0_wf/sub_GEO021_wf/bold_ses_t2_task_image_run_4_wf/bold_confounds_wf/tcc_metadata_filter".
250527-17:53:54,736 nipype.workflow INFO:
	 [Node] Finished "boldref_bold", elapsed time 40.289986999999996s.
250527-17:53:54,831 nipype.workflow INFO:
	 [Node] Executing "tcc_metadata_filter" <fmriprep.interfaces.confounds.FilterDropped>
250527-17:53:54,884 nipype.workflow INFO:
	 [Node] Finished "tcc_metadata_filter", elapsed time 0.052205s.
250527-17:53:56,40 nipype.workflow INFO:
	 [Node] Setting-up "fmriprep_25_0_wf.sub_GEO021_wf.anat_fit_wf.brain_extraction_wf.norm" in "/work/fmriprep_25_0_wf/sub_GEO021_wf/anat_fit_wf/brain_extraction_wf/norm".
250527-17:53:56,46 nipype.workflow INFO:
	 [Node] Setting-up "fmriprep_25_0_wf.sub_GEO021_wf.bold_ses_t2_task_image_run_5_wf.bold_confounds_wf.dvars" in "/work/fmriprep_25_0_wf/sub_GEO021_wf/bold_ses_t2_task_image_run_5_wf/bold_confounds_wf/dvars".
250527-17:53:56,519 nipype.workflow INFO:
	 [Node] Executing "dvars" <nipype.algorithms.confounds.ComputeDVARS>
250527-17:53:56,687 nipype.workflow INFO:
	 [Node] Executing "norm" <niworkflows.interfaces.fixes.FixHeaderRegistration>
250527-17:54:15,974 nipype.workflow INFO:
	 [Node] Finished "dvars", elapsed time 19.453494s.
250527-17:54:18,126 nipype.workflow INFO:
	 [Node] Setting-up "fmriprep_25_0_wf.sub_GEO021_wf.bold_ses_t2_task_image_run_5_wf.bold_confounds_wf.tcompcor" in "/work/fmriprep_25_0_wf/sub_GEO021_wf/bold_ses_t2_task_image_run_5_wf/bold_confounds_wf/tcompcor".
250527-17:54:19,422 nipype.workflow INFO:
	 [Node] Executing "tcompcor" <niworkflows.interfaces.patches.RobustTCompCor>
250527-17:54:30,874 nipype.workflow INFO:
	 [Node] Finished "tcompcor", elapsed time 11.450339s.
250527-17:54:34,655 nipype.workflow INFO:
	 [Node] Setting-up "fmriprep_25_0_wf.sub_GEO021_wf.bold_ses_t2_task_image_run_5_wf.bold_confounds_wf.tcc_metadata_filter" in "/work/fmriprep_25_0_wf/sub_GEO021_wf/bold_ses_t2_task_image_run_5_wf/bold_confounds_wf/tcc_metadata_filter".
250527-17:54:35,307 nipype.workflow INFO:
	 [Node] Executing "tcc_metadata_filter" <fmriprep.interfaces.confounds.FilterDropped>
250527-17:54:35,470 nipype.workflow INFO:
	 [Node] Finished "tcc_metadata_filter", elapsed time 0.161338s.
250527-17:54:36,982 nipype.workflow INFO:
	 [Node] Setting-up "fmriprep_25_0_wf.sub_GEO021_wf.bold_ses_t2_task_image_run_3_wf.bold_confounds_wf.tcc_metadata_fmt" in "/work/fmriprep_25_0_wf/sub_GEO021_wf/bold_ses_t2_task_image_run_3_wf/bold_confounds_wf/tcc_metadata_fmt".
250527-17:54:38,96 nipype.workflow INFO:
	 [Node] Executing "tcc_metadata_fmt" <niworkflows.interfaces.utility.TSV2JSON>
250527-17:54:38,102 nipype.workflow INFO:
	 [Node] Finished "tcc_metadata_fmt", elapsed time 0.005142s.
250527-17:54:38,978 nipype.workflow INFO:
	 [Node] Setting-up "fmriprep_25_0_wf.sub_GEO021_wf.bold_ses_t2_task_image_run_4_wf.bold_confounds_wf.tcc_metadata_fmt" in "/work/fmriprep_25_0_wf/sub_GEO021_wf/bold_ses_t2_task_image_run_4_wf/bold_confounds_wf/tcc_metadata_fmt".
250527-17:54:39,659 nipype.workflow INFO:
	 [Node] Executing "tcc_metadata_fmt" <niworkflows.interfaces.utility.TSV2JSON>
250527-17:54:39,668 nipype.workflow INFO:
	 [Node] Finished "tcc_metadata_fmt", elapsed time 0.008201s.
250527-17:54:40,988 nipype.workflow INFO:
	 [Node] Setting-up "fmriprep_25_0_wf.sub_GEO021_wf.bold_ses_t2_task_image_run_5_wf.bold_confounds_wf.tcc_metadata_fmt" in "/work/fmriprep_25_0_wf/sub_GEO021_wf/bold_ses_t2_task_image_run_5_wf/bold_confounds_wf/tcc_metadata_fmt".
250527-17:54:41,733 nipype.workflow INFO:
	 [Node] Executing "tcc_metadata_fmt" <niworkflows.interfaces.utility.TSV2JSON>
250527-17:54:42,266 nipype.workflow INFO:
	 [Node] Finished "tcc_metadata_fmt", elapsed time 0.532507s.
250527-17:59:26,707 nipype.workflow INFO:
	 [Node] Finished "norm", elapsed time 330.018669s.
250527-17:59:29,79 nipype.workflow INFO:
	 [Node] Setting-up "fmriprep_25_0_wf.sub_GEO021_wf.anat_fit_wf.brain_extraction_wf.map_brainmask" in "/work/fmriprep_25_0_wf/sub_GEO021_wf/anat_fit_wf/brain_extraction_wf/map_brainmask".
250527-17:59:29,79 nipype.workflow INFO:
	 [Node] Setting-up "fmriprep_25_0_wf.sub_GEO021_wf.anat_fit_wf.brain_extraction_wf.map_wmmask" in "/work/fmriprep_25_0_wf/sub_GEO021_wf/anat_fit_wf/brain_extraction_wf/map_wmmask".
250527-17:59:29,971 nipype.workflow INFO:
	 [Node] Executing "map_brainmask" <niworkflows.interfaces.fixes.FixHeaderApplyTransforms>
250527-17:59:30,19 nipype.workflow INFO:
	 [Node] Executing "map_wmmask" <niworkflows.interfaces.fixes.FixHeaderApplyTransforms>
250527-17:59:42,741 nipype.workflow INFO:
	 [Node] Finished "map_brainmask", elapsed time 12.768707s.
250527-17:59:44,155 nipype.workflow INFO:
	 [Node] Finished "map_wmmask", elapsed time 14.131293s.
250527-17:59:45,82 nipype.workflow INFO:
	 [Node] Setting-up "fmriprep_25_0_wf.sub_GEO021_wf.anat_fit_wf.brain_extraction_wf.thr_brainmask" in "/work/fmriprep_25_0_wf/sub_GEO021_wf/anat_fit_wf/brain_extraction_wf/thr_brainmask".
250527-17:59:45,755 nipype.workflow INFO:
	 [Node] Setting-up "_inu_n4_final0" in "/work/fmriprep_25_0_wf/sub_GEO021_wf/anat_fit_wf/brain_extraction_wf/inu_n4_final/mapflow/_inu_n4_final0".
250527-17:59:45,906 nipype.workflow INFO:
	 [Node] Executing "thr_brainmask" <nipype.interfaces.ants.utils.ThresholdImage>
250527-17:59:46,796 nipype.workflow INFO:
	 [Node] Executing "_inu_n4_final0" <nipype.interfaces.ants.segmentation.N4BiasFieldCorrection>
250527-17:59:46,959 nipype.workflow INFO:
	 [Node] Finished "thr_brainmask", elapsed time 1.05246s.
250527-17:59:49,28 nipype.workflow INFO:
	 [Node] Setting-up "fmriprep_25_0_wf.sub_GEO021_wf.anat_fit_wf.brain_extraction_wf.atropos_wf.dil_brainmask" in "/work/fmriprep_25_0_wf/sub_GEO021_wf/anat_fit_wf/brain_extraction_wf/atropos_wf/dil_brainmask".
250527-17:59:49,707 nipype.workflow INFO:
	 [Node] Executing "dil_brainmask" <nipype.interfaces.ants.utils.ImageMath>
250527-17:59:50,916 nipype.workflow INFO:
	 [Node] Finished "dil_brainmask", elapsed time 1.20804s.
250527-17:59:53,76 nipype.workflow INFO:
	 [Node] Setting-up "fmriprep_25_0_wf.sub_GEO021_wf.anat_fit_wf.brain_extraction_wf.atropos_wf.03_pad_mask" in "/work/fmriprep_25_0_wf/sub_GEO021_wf/anat_fit_wf/brain_extraction_wf/atropos_wf/03_pad_mask".
250527-17:59:53,637 nipype.workflow INFO:
	 [Node] Executing "03_pad_mask" <nipype.interfaces.ants.utils.ImageMath>
250527-17:59:54,363 nipype.workflow INFO:
	 [Node] Finished "03_pad_mask", elapsed time 0.724881s.
250527-17:59:55,81 nipype.workflow INFO:
	 [Node] Setting-up "fmriprep_25_0_wf.sub_GEO021_wf.anat_fit_wf.brain_extraction_wf.atropos_wf.get_brainmask" in "/work/fmriprep_25_0_wf/sub_GEO021_wf/anat_fit_wf/brain_extraction_wf/atropos_wf/get_brainmask".
250527-17:59:55,839 nipype.workflow INFO:
	 [Node] Executing "get_brainmask" <nipype.interfaces.ants.utils.ImageMath>
250527-17:59:56,988 nipype.workflow INFO:
	 [Node] Finished "get_brainmask", elapsed time 1.148256s.
250527-18:00:00,507 nipype.workflow INFO:
	 [Node] Finished "_inu_n4_final0", elapsed time 13.692391s.
250527-18:00:03,117 nipype.workflow INFO:
	 [Node] Setting-up "fmriprep_25_0_wf.sub_GEO021_wf.anat_fit_wf.brain_extraction_wf.atropos_wf.01_atropos" in "/work/fmriprep_25_0_wf/sub_GEO021_wf/anat_fit_wf/brain_extraction_wf/atropos_wf/01_atropos".
250527-18:00:03,945 nipype.workflow INFO:
	 [Node] Setting-up "_apply_mask0" in "/work/fmriprep_25_0_wf/sub_GEO021_wf/anat_fit_wf/brain_extraction_wf/apply_mask/mapflow/_apply_mask0".
250527-18:00:04,266 nipype.workflow INFO:
	 [Node] Executing "01_atropos" <nipype.interfaces.ants.segmentation.Atropos>
250527-18:00:05,318 nipype.workflow INFO:
	 [Node] Executing "_apply_mask0" <niworkflows.interfaces.nibabel.ApplyMask>
250527-18:00:06,49 nipype.workflow INFO:
	 [Node] Finished "_apply_mask0", elapsed time 0.729757s.
250527-18:00:24,403 nipype.workflow INFO:
	 [Node] Finished "01_atropos", elapsed time 20.135856s.
250527-18:00:25,118 nipype.workflow INFO:
	 [Node] Setting-up "fmriprep_25_0_wf.sub_GEO021_wf.anat_fit_wf.brain_extraction_wf.atropos_wf.02_pad_segm" in "/work/fmriprep_25_0_wf/sub_GEO021_wf/anat_fit_wf/brain_extraction_wf/atropos_wf/02_pad_segm".
250527-18:00:25,911 nipype.workflow INFO:
	 [Node] Executing "02_pad_segm" <nipype.interfaces.ants.utils.ImageMath>
250527-18:00:26,829 nipype.workflow INFO:
	 [Node] Finished "02_pad_segm", elapsed time 0.916834s.
250527-18:00:30,655 nipype.workflow INFO:
	 [Node] Setting-up "fmriprep_25_0_wf.sub_GEO021_wf.anat_fit_wf.brain_extraction_wf.atropos_wf.04_sel_labels" in "/work/fmriprep_25_0_wf/sub_GEO021_wf/anat_fit_wf/brain_extraction_wf/atropos_wf/04_sel_labels".
250527-18:00:31,749 nipype.workflow INFO:
	 [Node] Executing "04_sel_labels" <nipype.interfaces.utility.wrappers.Function>
250527-18:00:32,387 nipype.workflow INFO:
	 [Node] Finished "04_sel_labels", elapsed time 0.636193s.
250527-18:00:35,308 nipype.workflow INFO:
	 [Node] Setting-up "fmriprep_25_0_wf.sub_GEO021_wf.anat_fit_wf.brain_extraction_wf.atropos_wf.05_get_wm" in "/work/fmriprep_25_0_wf/sub_GEO021_wf/anat_fit_wf/brain_extraction_wf/atropos_wf/05_get_wm".
250527-18:00:35,308 nipype.workflow INFO:
	 [Node] Setting-up "fmriprep_25_0_wf.sub_GEO021_wf.anat_fit_wf.brain_extraction_wf.atropos_wf.06_get_gm" in "/work/fmriprep_25_0_wf/sub_GEO021_wf/anat_fit_wf/brain_extraction_wf/atropos_wf/06_get_gm".
250527-18:00:35,309 nipype.workflow INFO:
	 [Node] Setting-up "fmriprep_25_0_wf.sub_GEO021_wf.anat_fit_wf.brain_extraction_wf.atropos_wf.10_me_csf" in "/work/fmriprep_25_0_wf/sub_GEO021_wf/anat_fit_wf/brain_extraction_wf/atropos_wf/10_me_csf".
250527-18:00:35,309 nipype.workflow INFO:
	 [Node] Setting-up "fmriprep_25_0_wf.sub_GEO021_wf.anat_fit_wf.brain_extraction_wf.atropos_wf.27_depad_csf" in "/work/fmriprep_25_0_wf/sub_GEO021_wf/anat_fit_wf/brain_extraction_wf/atropos_wf/27_depad_csf".
250527-18:00:35,311 nipype.workflow INFO:
	 [Node] Setting-up "fmriprep_25_0_wf.sub_GEO021_wf.anat_fit_wf.brain_extraction_wf.atropos_wf.apply_wm_prior" in "/work/fmriprep_25_0_wf/sub_GEO021_wf/anat_fit_wf/brain_extraction_wf/atropos_wf/apply_wm_prior".
250527-18:00:36,95 nipype.workflow INFO:
	 [Node] Executing "06_get_gm" <nipype.interfaces.ants.utils.ImageMath>
250527-18:00:36,286 nipype.workflow INFO:
	 [Node] Executing "05_get_wm" <nipype.interfaces.ants.utils.ImageMath>
250527-18:00:36,369 nipype.workflow INFO:
	 [Node] Executing "10_me_csf" <nipype.interfaces.ants.utils.ImageMath>
250527-18:00:36,514 nipype.workflow INFO:
	 [Node] Executing "27_depad_csf" <nipype.interfaces.ants.utils.ImageMath>
250527-18:00:36,582 nipype.workflow INFO:
	 [Node] Executing "apply_wm_prior" <nipype.interfaces.utility.wrappers.Function>
250527-18:00:37,199 nipype.workflow INFO:
	 [Node] Finished "27_depad_csf", elapsed time 0.682903s.
250527-18:00:37,365 nipype.workflow INFO:
	 [Node] Finished "06_get_gm", elapsed time 1.268907s.
250527-18:00:37,573 nipype.workflow INFO:
	 [Node] Finished "05_get_wm", elapsed time 1.28627s.
250527-18:00:37,662 nipype.workflow INFO:
	 [Node] Finished "apply_wm_prior", elapsed time 1.078346s.
250527-18:00:38,990 nipype.workflow INFO:
	 [Node] Finished "10_me_csf", elapsed time 2.619957s.
250527-18:00:39,321 nipype.workflow INFO:
	 [Node] Setting-up "fmriprep_25_0_wf.sub_GEO021_wf.anat_fit_wf.brain_extraction_wf.atropos_wf.09_relabel_wm" in "/work/fmriprep_25_0_wf/sub_GEO021_wf/anat_fit_wf/brain_extraction_wf/atropos_wf/09_relabel_wm".
250527-18:00:39,322 nipype.workflow INFO:
	 [Node] Setting-up "fmriprep_25_0_wf.sub_GEO021_wf.anat_fit_wf.brain_extraction_wf.atropos_wf.07_fill_gm" in "/work/fmriprep_25_0_wf/sub_GEO021_wf/anat_fit_wf/brain_extraction_wf/atropos_wf/07_fill_gm".
250527-18:00:40,85 nipype.workflow INFO:
	 [Node] Executing "09_relabel_wm" <nipype.interfaces.ants.utils.MultiplyImages>
250527-18:00:40,268 nipype.workflow INFO:
	 [Node] Executing "07_fill_gm" <nipype.interfaces.ants.utils.ImageMath>
250527-18:00:40,917 nipype.workflow INFO:
	 [Node] Finished "09_relabel_wm", elapsed time 0.830745s.
250527-18:00:43,324 nipype.workflow INFO:
	 [Node] Setting-up "fmriprep_25_0_wf.sub_GEO021_wf.anat_fit_wf.brain_extraction_wf.atropos_wf.26_depad_wm" in "/work/fmriprep_25_0_wf/sub_GEO021_wf/anat_fit_wf/brain_extraction_wf/atropos_wf/26_depad_wm".
250527-18:00:44,70 nipype.workflow INFO:
	 [Node] Executing "26_depad_wm" <nipype.interfaces.ants.utils.ImageMath>
250527-18:00:45,36 nipype.workflow INFO:
	 [Node] Finished "26_depad_wm", elapsed time 0.964544s.
250527-18:00:46,597 nipype.workflow INFO:
	 [Node] Finished "07_fill_gm", elapsed time 6.327245s.
250527-18:00:47,299 nipype.workflow INFO:
	 [Node] Setting-up "fmriprep_25_0_wf.sub_GEO021_wf.anat_fit_wf.brain_extraction_wf.atropos_wf.08_mult_gm" in "/work/fmriprep_25_0_wf/sub_GEO021_wf/anat_fit_wf/brain_extraction_wf/atropos_wf/08_mult_gm".
250527-18:00:48,34 nipype.workflow INFO:
	 [Node] Setting-up "_inu_n4_final0" in "/work/fmriprep_25_0_wf/sub_GEO021_wf/anat_fit_wf/brain_extraction_wf/atropos_wf/inu_n4_final/mapflow/_inu_n4_final0".
250527-18:00:48,161 nipype.workflow INFO:
	 [Node] Executing "08_mult_gm" <nipype.interfaces.ants.utils.MultiplyImages>
250527-18:00:48,814 nipype.workflow INFO:
	 [Node] Executing "_inu_n4_final0" <nipype.interfaces.ants.segmentation.N4BiasFieldCorrection>
250527-18:00:49,75 nipype.workflow INFO:
	 [Node] Finished "08_mult_gm", elapsed time 0.912497s.
250527-18:00:51,247 nipype.workflow INFO:
	 [Node] Setting-up "fmriprep_25_0_wf.sub_GEO021_wf.anat_fit_wf.brain_extraction_wf.atropos_wf.11_add_gm" in "/work/fmriprep_25_0_wf/sub_GEO021_wf/anat_fit_wf/brain_extraction_wf/atropos_wf/11_add_gm".
250527-18:00:52,188 nipype.workflow INFO:
	 [Node] Executing "11_add_gm" <nipype.interfaces.ants.utils.ImageMath>
250527-18:00:54,227 nipype.workflow INFO:
	 [Node] Finished "11_add_gm", elapsed time 2.037606s.
250527-18:00:55,329 nipype.workflow INFO:
	 [Node] Setting-up "fmriprep_25_0_wf.sub_GEO021_wf.anat_fit_wf.brain_extraction_wf.atropos_wf.12_relabel_gm" in "/work/fmriprep_25_0_wf/sub_GEO021_wf/anat_fit_wf/brain_extraction_wf/atropos_wf/12_relabel_gm".
250527-18:00:56,884 nipype.workflow INFO:
	 [Node] Executing "12_relabel_gm" <nipype.interfaces.ants.utils.MultiplyImages>
250527-18:00:57,701 nipype.workflow INFO:
	 [Node] Finished "12_relabel_gm", elapsed time 0.815913s.
250527-18:00:59,305 nipype.workflow INFO:
	 [Node] Setting-up "fmriprep_25_0_wf.sub_GEO021_wf.anat_fit_wf.brain_extraction_wf.atropos_wf.13_add_gm_wm" in "/work/fmriprep_25_0_wf/sub_GEO021_wf/anat_fit_wf/brain_extraction_wf/atropos_wf/13_add_gm_wm".
250527-18:01:00,592 nipype.workflow INFO:
	 [Node] Executing "13_add_gm_wm" <nipype.interfaces.ants.utils.ImageMath>
250527-18:01:02,192 nipype.workflow INFO:
	 [Node] Finished "13_add_gm_wm", elapsed time 1.598497s.
250527-18:01:03,44 nipype.workflow INFO:
	 [Node] Finished "_inu_n4_final0", elapsed time 14.228576s.
250527-18:01:03,338 nipype.workflow INFO:
	 [Node] Setting-up "fmriprep_25_0_wf.sub_GEO021_wf.anat_fit_wf.brain_extraction_wf.atropos_wf.25_depad_gm" in "/work/fmriprep_25_0_wf/sub_GEO021_wf/anat_fit_wf/brain_extraction_wf/atropos_wf/25_depad_gm".
250527-18:01:04,795 nipype.workflow INFO:
	 [Node] Executing "25_depad_gm" <nipype.interfaces.ants.utils.ImageMath>
250527-18:01:05,342 nipype.workflow INFO:
	 [Node] Setting-up "fmriprep_25_0_wf.sub_GEO021_wf.anat_fit_wf.brain_extraction_wf.atropos_wf.14_sel_labels2" in "/work/fmriprep_25_0_wf/sub_GEO021_wf/anat_fit_wf/brain_extraction_wf/atropos_wf/14_sel_labels2".
250527-18:01:05,342 nipype.workflow INFO:
	 [Node] Setting-up "fmriprep_25_0_wf.sub_GEO021_wf.anat_fit_wf.brain_extraction_wf.atropos_wf.24_depad_segm" in "/work/fmriprep_25_0_wf/sub_GEO021_wf/anat_fit_wf/brain_extraction_wf/atropos_wf/24_depad_segm".
250527-18:01:05,812 nipype.workflow INFO:
	 [Node] Finished "25_depad_gm", elapsed time 1.015821s.
250527-18:01:07,62 nipype.workflow INFO:
	 [Node] Executing "14_sel_labels2" <nipype.interfaces.utility.wrappers.Function>
250527-18:01:07,228 nipype.workflow INFO:
	 [Node] Executing "24_depad_segm" <nipype.interfaces.ants.utils.ImageMath>
250527-18:01:07,262 nipype.workflow INFO:
	 [Node] Setting-up "fmriprep_25_0_wf.sub_GEO021_wf.anat_fit_wf.brain_extraction_wf.atropos_wf.merge_tpms" in "/work/fmriprep_25_0_wf/sub_GEO021_wf/anat_fit_wf/brain_extraction_wf/atropos_wf/merge_tpms".
250527-18:01:07,892 nipype.workflow INFO:
	 [Node] Finished "14_sel_labels2", elapsed time 0.829565s.
250527-18:01:08,451 nipype.workflow INFO:
	 [Node] Finished "24_depad_segm", elapsed time 1.222355s.
250527-18:01:08,998 nipype.workflow INFO:
	 [Node] Executing "merge_tpms" <nipype.interfaces.utility.base.Merge>
250527-18:01:08,999 nipype.workflow INFO:
	 [Node] Finished "merge_tpms", elapsed time 0.000431s.
250527-18:01:09,317 nipype.workflow INFO:
	 [Node] Setting-up "fmriprep_25_0_wf.sub_GEO021_wf.anat_fit_wf.brain_extraction_wf.atropos_wf.15_add_7" in "/work/fmriprep_25_0_wf/sub_GEO021_wf/anat_fit_wf/brain_extraction_wf/atropos_wf/15_add_7".
250527-18:01:10,783 nipype.workflow INFO:
	 [Node] Executing "15_add_7" <nipype.interfaces.ants.utils.ImageMath>
250527-18:01:12,594 nipype.workflow INFO:
	 [Node] Finished "15_add_7", elapsed time 1.810012s.
250527-18:01:15,342 nipype.workflow INFO:
	 [Node] Setting-up "fmriprep_25_0_wf.sub_GEO021_wf.anat_fit_wf.brain_extraction_wf.atropos_wf.16_me_7" in "/work/fmriprep_25_0_wf/sub_GEO021_wf/anat_fit_wf/brain_extraction_wf/atropos_wf/16_me_7".
250527-18:01:16,530 nipype.workflow INFO:
	 [Node] Executing "16_me_7" <nipype.interfaces.ants.utils.ImageMath>
250527-18:01:18,579 nipype.workflow INFO:
	 [Node] Finished "16_me_7", elapsed time 2.047435s.
250527-18:01:19,326 nipype.workflow INFO:
	 [Node] Setting-up "fmriprep_25_0_wf.sub_GEO021_wf.anat_fit_wf.brain_extraction_wf.atropos_wf.17_comp_7" in "/work/fmriprep_25_0_wf/sub_GEO021_wf/anat_fit_wf/brain_extraction_wf/atropos_wf/17_comp_7".
250527-18:01:19,850 nipype.workflow INFO:
	 [Node] Executing "17_comp_7" <nipype.interfaces.ants.utils.ImageMath>
250527-18:01:21,172 nipype.workflow INFO:
	 [Node] Finished "17_comp_7", elapsed time 1.320531s.
250527-18:01:23,313 nipype.workflow INFO:
	 [Node] Setting-up "fmriprep_25_0_wf.sub_GEO021_wf.anat_fit_wf.brain_extraction_wf.atropos_wf.18_md_7" in "/work/fmriprep_25_0_wf/sub_GEO021_wf/anat_fit_wf/brain_extraction_wf/atropos_wf/18_md_7".
250527-18:01:24,62 nipype.workflow INFO:
	 [Node] Executing "18_md_7" <nipype.interfaces.ants.utils.ImageMath>
250527-18:01:25,502 nipype.workflow INFO:
	 [Node] Finished "18_md_7", elapsed time 1.439347s.
250527-18:01:27,306 nipype.workflow INFO:
	 [Node] Setting-up "fmriprep_25_0_wf.sub_GEO021_wf.anat_fit_wf.brain_extraction_wf.atropos_wf.19_fill_7" in "/work/fmriprep_25_0_wf/sub_GEO021_wf/anat_fit_wf/brain_extraction_wf/atropos_wf/19_fill_7".
250527-18:01:27,990 nipype.workflow INFO:
	 [Node] Executing "19_fill_7" <nipype.interfaces.ants.utils.ImageMath>
250527-18:01:33,629 nipype.workflow INFO:
	 [Node] Finished "19_fill_7", elapsed time 5.63859s.
250527-18:01:35,321 nipype.workflow INFO:
	 [Node] Setting-up "fmriprep_25_0_wf.sub_GEO021_wf.anat_fit_wf.brain_extraction_wf.atropos_wf.20_add_7_2" in "/work/fmriprep_25_0_wf/sub_GEO021_wf/anat_fit_wf/brain_extraction_wf/atropos_wf/20_add_7_2".
250527-18:01:36,345 nipype.workflow INFO:
	 [Node] Executing "20_add_7_2" <nipype.interfaces.ants.utils.ImageMath>
250527-18:01:37,804 nipype.workflow INFO:
	 [Node] Finished "20_add_7_2", elapsed time 1.457861s.
250527-18:01:39,310 nipype.workflow INFO:
	 [Node] Setting-up "fmriprep_25_0_wf.sub_GEO021_wf.anat_fit_wf.brain_extraction_wf.atropos_wf.21_md_7_2" in "/work/fmriprep_25_0_wf/sub_GEO021_wf/anat_fit_wf/brain_extraction_wf/atropos_wf/21_md_7_2".
250527-18:01:39,822 nipype.workflow INFO:
	 [Node] Executing "21_md_7_2" <nipype.interfaces.ants.utils.ImageMath>
250527-18:01:41,182 nipype.workflow INFO:
	 [Node] Finished "21_md_7_2", elapsed time 1.358911s.
250527-18:01:43,332 nipype.workflow INFO:
	 [Node] Setting-up "fmriprep_25_0_wf.sub_GEO021_wf.anat_fit_wf.brain_extraction_wf.atropos_wf.22_me_7_2" in "/work/fmriprep_25_0_wf/sub_GEO021_wf/anat_fit_wf/brain_extraction_wf/atropos_wf/22_me_7_2".
250527-18:01:43,804 nipype.workflow INFO:
	 [Node] Executing "22_me_7_2" <nipype.interfaces.ants.utils.ImageMath>
250527-18:01:45,802 nipype.workflow INFO:
	 [Node] Finished "22_me_7_2", elapsed time 1.9969160000000001s.
250527-18:01:47,325 nipype.workflow INFO:
	 [Node] Setting-up "fmriprep_25_0_wf.sub_GEO021_wf.anat_fit_wf.brain_extraction_wf.atropos_wf.23_depad_mask" in "/work/fmriprep_25_0_wf/sub_GEO021_wf/anat_fit_wf/brain_extraction_wf/atropos_wf/23_depad_mask".
250527-18:01:47,824 nipype.workflow INFO:
	 [Node] Executing "23_depad_mask" <nipype.interfaces.ants.utils.ImageMath>
250527-18:01:48,513 nipype.workflow INFO:
	 [Node] Finished "23_depad_mask", elapsed time 0.68859s.
250527-18:01:49,253 nipype.workflow INFO:
	 [Node] Setting-up "fmriprep_25_0_wf.sub_GEO021_wf.anat_fit_wf.brain_extraction_wf.atropos_wf.msk_conform" in "/work/fmriprep_25_0_wf/sub_GEO021_wf/anat_fit_wf/brain_extraction_wf/atropos_wf/msk_conform".
250527-18:01:50,164 nipype.workflow INFO:
	 [Node] Executing "msk_conform" <nipype.interfaces.utility.wrappers.Function>
250527-18:01:50,384 nipype.workflow INFO:
	 [Node] Finished "msk_conform", elapsed time 0.21935s.
250527-18:02:01,803 nipype.workflow INFO:
	 [Node] Setting-up "_apply_mask0" in "/work/fmriprep_25_0_wf/sub_GEO021_wf/anat_fit_wf/brain_extraction_wf/atropos_wf/apply_mask/mapflow/_apply_mask0".
250527-18:02:02,291 nipype.workflow INFO:
	 [Node] Executing "_apply_mask0" <niworkflows.interfaces.nibabel.ApplyMask>
250527-18:02:03,1 nipype.workflow INFO:
	 [Node] Finished "_apply_mask0", elapsed time 0.708633s.
250527-18:02:05,859 nipype.workflow INFO:
	 [Node] Setting-up "fmriprep_25_0_wf.sub_GEO021_wf.anat_fit_wf.register_template_wf.trunc_mov" in "/work/fmriprep_25_0_wf/sub_GEO021_wf/anat_fit_wf/register_template_wf/_template_MNI152NLin2009cAsym/trunc_mov".
250527-18:02:06,140 nipype.workflow INFO:
	 [Node] Setting-up "fmriprep_25_0_wf.sub_GEO021_wf.ds_std_volumes_wf.gen_ref" in "/work/fmriprep_25_0_wf/sub_GEO021_wf/ds_std_volumes_wf/_in_tuple_MNI152NLin2009cAsym.resnative/gen_ref".
250527-18:02:06,177 nipype.workflow INFO:
	 [Node] Setting-up "fmriprep_25_0_wf.sub_GEO021_wf.anat_fit_wf.surface_recon_wf.skull_strip_extern" in "/work/fmriprep_25_0_wf/sub_GEO021_wf/anat_fit_wf/surface_recon_wf/skull_strip_extern".
250527-18:02:07,474 nipype.workflow INFO:
	 [Node] Executing "trunc_mov" <nipype.interfaces.ants.utils.ImageMath>
250527-18:02:07,486 nipype.workflow INFO:
	 [Node] Executing "gen_ref" <niworkflows.interfaces.nibabel.GenerateSamplingReference>
250527-18:02:07,666 nipype.workflow INFO:
	 [Node] Executing "skull_strip_extern" <niworkflows.interfaces.freesurfer.FSInjectBrainExtracted>
250527-18:02:08,949 nipype.workflow INFO:
	 [Node] Finished "skull_strip_extern", elapsed time 1.282339s.
250527-18:02:09,611 nipype.workflow INFO:
	 [Node] Finished "gen_ref", elapsed time 2.123685s.
250527-18:02:12,192 nipype.workflow INFO:
	 [Node] Setting-up "fmriprep_25_0_wf.sub_GEO021_wf.anat_fit_wf.surface_recon_wf.autorecon_resume_wf.gcareg" in "/work/fmriprep_25_0_wf/sub_GEO021_wf/anat_fit_wf/surface_recon_wf/autorecon_resume_wf/gcareg".
250527-18:02:13,89 nipype.workflow INFO:
	 [Node] Executing "gcareg" <smriprep.interfaces.freesurfer.ReconAll>
250527-18:02:13,97 nipype.interface INFO:
	 resume recon-all : recon-all -openmp 7 -subjid sub-GEO021 -sd /out/sourcedata/freesurfer -gcareg
250527-18:02:13,98 nipype.interface INFO:
	 resume recon-all : recon-all -openmp 7 -subjid sub-GEO021 -sd /out/sourcedata/freesurfer -gcareg
250527-18:02:13,497 nipype.workflow INFO:
	 [Node] Finished "trunc_mov", elapsed time 6.021393s.
250527-18:03:58,753 nipype.workflow INFO:
	 [Node] Finished "gcareg", elapsed time 105.661743s.
250527-18:04:00,218 nipype.workflow INFO:
	 [Node] Setting-up "fmriprep_25_0_wf.sub_GEO021_wf.anat_fit_wf.surface_recon_wf.autorecon_resume_wf.autorecon2_vol" in "/work/fmriprep_25_0_wf/sub_GEO021_wf/anat_fit_wf/surface_recon_wf/autorecon_resume_wf/autorecon2_vol".
250527-18:04:01,65 nipype.workflow INFO:
	 [Node] Executing "autorecon2_vol" <smriprep.interfaces.freesurfer.ReconAll>
250527-18:04:01,68 nipype.interface INFO:
	 resume recon-all : recon-all -autorecon2-volonly -openmp 7 -subjid sub-GEO021 -sd /out/sourcedata/freesurfer -nogcareg
250527-18:04:01,69 nipype.interface INFO:
	 resume recon-all : recon-all -autorecon2-volonly -openmp 7 -subjid sub-GEO021 -sd /out/sourcedata/freesurfer -nogcareg
250527-19:22:34,327 nipype.workflow INFO:
	 [Node] Finished "autorecon2_vol", elapsed time 4713.25538s.
250527-19:22:38,973 nipype.workflow INFO:
	 [Node] Setting-up "_autorecon_surfs0" in "/work/fmriprep_25_0_wf/sub_GEO021_wf/anat_fit_wf/surface_recon_wf/autorecon_resume_wf/autorecon_surfs/mapflow/_autorecon_surfs0".
250527-19:22:40,704 nipype.workflow INFO:
	 [Node] Executing "_autorecon_surfs0" <smriprep.interfaces.freesurfer.ReconAll>
250527-19:22:40,711 nipype.interface INFO:
	 resume recon-all : recon-all -autorecon-hemi lh -noparcstats -noparcstats2 -noparcstats3 -nohyporelabel -nobalabels -lh-only -openmp 7 -subjid sub-GEO021 -sd /out/sourcedata/freesurfer 
250527-19:22:40,712 nipype.interface INFO:
	 resume recon-all : recon-all -autorecon-hemi lh -noparcstats -noparcstats2 -noparcstats3 -nohyporelabel -nobalabels -lh-only -openmp 7 -subjid sub-GEO021 -sd /out/sourcedata/freesurfer 
250527-19:41:32,297 nipype.workflow INFO:
	 [Node] Finished "_autorecon_surfs0", elapsed time 1131.589892s.
250527-19:41:35,188 nipype.workflow INFO:
	 [Node] Setting-up "_autorecon_surfs1" in "/work/fmriprep_25_0_wf/sub_GEO021_wf/anat_fit_wf/surface_recon_wf/autorecon_resume_wf/autorecon_surfs/mapflow/_autorecon_surfs1".
250527-19:41:36,519 nipype.workflow INFO:
	 [Node] Executing "_autorecon_surfs1" <smriprep.interfaces.freesurfer.ReconAll>
250527-19:41:36,525 nipype.interface INFO:
	 resume recon-all : recon-all -autorecon-hemi rh -noparcstats -noparcstats2 -noparcstats3 -nohyporelabel -nobalabels -rh-only -openmp 7 -subjid sub-GEO021 -sd /out/sourcedata/freesurfer 
250527-19:41:36,526 nipype.interface INFO:
	 resume recon-all : recon-all -autorecon-hemi rh -noparcstats -noparcstats2 -noparcstats3 -nohyporelabel -nobalabels -rh-only -openmp 7 -subjid sub-GEO021 -sd /out/sourcedata/freesurfer 
250527-20:01:04,452 nipype.workflow INFO:
	 [Node] Finished "_autorecon_surfs1", elapsed time 1167.931832s.
250527-20:01:07,843 nipype.workflow INFO:
	 [Node] Setting-up "_autorecon_surfs0" in "/work/fmriprep_25_0_wf/sub_GEO021_wf/anat_fit_wf/surface_recon_wf/autorecon_resume_wf/autorecon_surfs/mapflow/_autorecon_surfs0".
250527-20:01:10,136 nipype.workflow INFO:
	 [Node] Executing "_autorecon_surfs0" <smriprep.interfaces.freesurfer.ReconAll>
250527-20:01:10,308 nipype.interface INFO:
	 recon-all complete : Not running
250527-20:01:10,309 nipype.interface INFO:
	 recon-all complete : Not running
250527-20:01:10,561 nipype.workflow INFO:
	 [Node] Finished "_autorecon_surfs0", elapsed time 0.423015s.
250527-20:01:11,177 nipype.workflow INFO:
	 [Node] Setting-up "_autorecon_surfs1" in "/work/fmriprep_25_0_wf/sub_GEO021_wf/anat_fit_wf/surface_recon_wf/autorecon_resume_wf/autorecon_surfs/mapflow/_autorecon_surfs1".
250527-20:01:12,920 nipype.workflow INFO:
	 [Node] Executing "_autorecon_surfs1" <smriprep.interfaces.freesurfer.ReconAll>
250527-20:01:12,959 nipype.interface INFO:
	 recon-all complete : Not running
250527-20:01:12,960 nipype.interface INFO:
	 recon-all complete : Not running
250527-20:01:13,493 nipype.workflow INFO:
	 [Node] Finished "_autorecon_surfs1", elapsed time 0.571438s.
250527-20:01:15,316 nipype.workflow INFO:
	 [Node] Setting-up "fmriprep_25_0_wf.sub_GEO021_wf.anat_fit_wf.surface_recon_wf.autorecon_resume_wf.cortribbon" in "/work/fmriprep_25_0_wf/sub_GEO021_wf/anat_fit_wf/surface_recon_wf/autorecon_resume_wf/cortribbon".
250527-20:01:16,772 nipype.workflow INFO:
	 [Node] Executing "cortribbon" <smriprep.interfaces.freesurfer.ReconAll>
250527-20:01:16,774 nipype.interface INFO:
	 resume recon-all : recon-all -parallel -subjid sub-GEO021 -sd /out/sourcedata/freesurfer -T2pial -cortribbon
250527-20:01:16,775 nipype.interface INFO:
	 resume recon-all : recon-all -parallel -subjid sub-GEO021 -sd /out/sourcedata/freesurfer -T2pial -cortribbon
250527-20:44:30,932 nipype.workflow INFO:
	 [Node] Finished "cortribbon", elapsed time 2594.158285s.
250527-20:44:35,569 nipype.workflow INFO:
	 [Node] Setting-up "_parcstats0" in "/work/fmriprep_25_0_wf/sub_GEO021_wf/anat_fit_wf/surface_recon_wf/autorecon_resume_wf/parcstats/mapflow/_parcstats0".
250527-20:44:36,959 nipype.workflow INFO:
	 [Node] Executing "_parcstats0" <smriprep.interfaces.freesurfer.ReconAll>
250527-20:44:36,962 nipype.interface INFO:
	 resume recon-all : recon-all -autorecon-hemi lh -nohyporelabel -lh-only -openmp 7 -subjid sub-GEO021 -sd /out/sourcedata/freesurfer -notessellate -nosmooth1 -noinflate1 -noqsphere -nofix -nowhite -nosmooth2 -noinflate2 -nocurvHK -nocurvstats -nosphere -nosurfreg -nojacobian_white -noavgcurv -nocortparc -nopial -nocortparc2 -nocortparc3 -nopctsurfcon
250527-20:44:36,963 nipype.interface INFO:
	 resume recon-all : recon-all -autorecon-hemi lh -nohyporelabel -lh-only -openmp 7 -subjid sub-GEO021 -sd /out/sourcedata/freesurfer -notessellate -nosmooth1 -noinflate1 -noqsphere -nofix -nowhite -nosmooth2 -noinflate2 -nocurvHK -nocurvstats -nosphere -nosurfreg -nojacobian_white -noavgcurv -nocortparc -nopial -nocortparc2 -nocortparc3 -nopctsurfcon
250527-20:47:21,996 nipype.workflow INFO:
	 [Node] Finished "_parcstats0", elapsed time 165.034998s.
250527-20:47:23,617 nipype.workflow INFO:
	 [Node] Setting-up "_parcstats1" in "/work/fmriprep_25_0_wf/sub_GEO021_wf/anat_fit_wf/surface_recon_wf/autorecon_resume_wf/parcstats/mapflow/_parcstats1".
250527-20:47:23,911 nipype.workflow INFO:
	 [Node] Executing "_parcstats1" <smriprep.interfaces.freesurfer.ReconAll>
250527-20:47:24,242 nipype.interface INFO:
	 resume recon-all : recon-all -autorecon-hemi rh -nohyporelabel -rh-only -openmp 7 -subjid sub-GEO021 -sd /out/sourcedata/freesurfer -notessellate -nosmooth1 -noinflate1 -noqsphere -nofix -nowhite -nosmooth2 -noinflate2 -nocurvHK -nocurvstats -nosphere -nosurfreg -nojacobian_white -noavgcurv -nocortparc -nopial -nocortparc2 -nocortparc3 -nopctsurfcon
250527-20:47:24,243 nipype.interface INFO:
	 resume recon-all : recon-all -autorecon-hemi rh -nohyporelabel -rh-only -openmp 7 -subjid sub-GEO021 -sd /out/sourcedata/freesurfer -notessellate -nosmooth1 -noinflate1 -noqsphere -nofix -nowhite -nosmooth2 -noinflate2 -nocurvHK -nocurvstats -nosphere -nosurfreg -nojacobian_white -noavgcurv -nocortparc -nopial -nocortparc2 -nocortparc3 -nopctsurfcon
250527-20:50:13,318 nipype.workflow INFO:
	 [Node] Finished "_parcstats1", elapsed time 169.405629s.
250527-20:50:15,824 nipype.workflow INFO:
	 [Node] Setting-up "_parcstats0" in "/work/fmriprep_25_0_wf/sub_GEO021_wf/anat_fit_wf/surface_recon_wf/autorecon_resume_wf/parcstats/mapflow/_parcstats0".
250527-20:50:16,456 nipype.workflow INFO:
	 [Node] Executing "_parcstats0" <smriprep.interfaces.freesurfer.ReconAll>
250527-20:50:16,598 nipype.interface INFO:
	 recon-all complete : Not running
250527-20:50:16,599 nipype.interface INFO:
	 recon-all complete : Not running
250527-20:50:16,904 nipype.workflow INFO:
	 [Node] Finished "_parcstats0", elapsed time 0.445378s.
250527-20:50:17,134 nipype.workflow INFO:
	 [Node] Setting-up "_parcstats1" in "/work/fmriprep_25_0_wf/sub_GEO021_wf/anat_fit_wf/surface_recon_wf/autorecon_resume_wf/parcstats/mapflow/_parcstats1".
250527-20:50:17,824 nipype.workflow INFO:
	 [Node] Executing "_parcstats1" <smriprep.interfaces.freesurfer.ReconAll>
250527-20:50:17,876 nipype.interface INFO:
	 recon-all complete : Not running
250527-20:50:17,877 nipype.interface INFO:
	 recon-all complete : Not running
250527-20:50:18,87 nipype.workflow INFO:
	 [Node] Finished "_parcstats1", elapsed time 0.261962s.
250527-20:50:19,644 nipype.workflow INFO:
	 [Node] Setting-up "fmriprep_25_0_wf.sub_GEO021_wf.anat_fit_wf.surface_recon_wf.autorecon_resume_wf.autorecon3" in "/work/fmriprep_25_0_wf/sub_GEO021_wf/anat_fit_wf/surface_recon_wf/autorecon_resume_wf/autorecon3".
250527-20:50:20,641 nipype.workflow INFO:
	 [Node] Executing "autorecon3" <smriprep.interfaces.freesurfer.ReconAll>
250527-20:50:20,647 nipype.interface INFO:
	 resume recon-all : recon-all -autorecon3 -openmp 7 -subjid sub-GEO021 -sd /out/sourcedata/freesurfer -nosphere -nosurfreg -nojacobian_white -noavgcurv -nocortparc -nopial -noparcstats -nocortparc2 -noparcstats2 -nocortparc3 -noparcstats3 -nopctsurfcon -nocortribbon -nobalabels
250527-20:50:20,648 nipype.interface INFO:
	 resume recon-all : recon-all -autorecon3 -openmp 7 -subjid sub-GEO021 -sd /out/sourcedata/freesurfer -nosphere -nosurfreg -nojacobian_white -noavgcurv -nocortparc -nopial -noparcstats -nocortparc2 -noparcstats2 -nocortparc3 -noparcstats3 -nopctsurfcon -nocortribbon -nobalabels
250527-20:55:36,903 nipype.workflow INFO:
	 [Node] Finished "autorecon3", elapsed time 316.259922s.
250527-20:55:39,617 nipype.workflow INFO:
	 [Node] Setting-up "fmriprep_25_0_wf.sub_GEO021_wf.anat_fit_wf.surface_recon_wf.get_surfaces" in "/work/fmriprep_25_0_wf/sub_GEO021_wf/anat_fit_wf/surface_recon_wf/get_surfaces".
250527-20:55:40,318 nipype.workflow INFO:
	 [Node] Executing "get_surfaces" <niworkflows.interfaces.patches.FreeSurferSource>
250527-20:55:40,334 nipype.workflow INFO:
	 [Node] Finished "get_surfaces", elapsed time 0.014155s.
250527-20:55:43,691 nipype.workflow INFO:
	 [Node] Setting-up "_midthickness0" in "/work/fmriprep_25_0_wf/sub_GEO021_wf/anat_fit_wf/surface_recon_wf/midthickness/mapflow/_midthickness0".
250527-20:55:47,436 nipype.workflow INFO:
	 [Node] Executing "_midthickness0" <smriprep.interfaces.freesurfer.MakeMidthickness>
250527-21:13:24,207 nipype.workflow INFO:
	 [Node] Finished "_midthickness0", elapsed time 1056.768991s.
250527-21:13:25,825 nipype.workflow INFO:
	 [Node] Setting-up "_midthickness1" in "/work/fmriprep_25_0_wf/sub_GEO021_wf/anat_fit_wf/surface_recon_wf/midthickness/mapflow/_midthickness1".
250527-21:13:26,455 nipype.workflow INFO:
	 [Node] Executing "_midthickness1" <smriprep.interfaces.freesurfer.MakeMidthickness>
250527-21:30:19,734 nipype.workflow INFO:
	 [Node] Finished "_midthickness1", elapsed time 1013.276254s.
250527-21:30:22,359 nipype.workflow INFO:
	 [Node] Setting-up "_midthickness0" in "/work/fmriprep_25_0_wf/sub_GEO021_wf/anat_fit_wf/surface_recon_wf/midthickness/mapflow/_midthickness0".
250527-21:30:22,390 nipype.workflow INFO:
	 [Node] Cached "_midthickness0" - collecting precomputed outputs
250527-21:30:22,390 nipype.workflow INFO:
	 [Node] "_midthickness0" found cached.
250527-21:30:22,391 nipype.workflow INFO:
	 [Node] Setting-up "_midthickness1" in "/work/fmriprep_25_0_wf/sub_GEO021_wf/anat_fit_wf/surface_recon_wf/midthickness/mapflow/_midthickness1".
250527-21:30:22,397 nipype.workflow INFO:
	 [Node] Cached "_midthickness1" - collecting precomputed outputs
250527-21:30:22,397 nipype.workflow INFO:
	 [Node] "_midthickness1" found cached.
250527-21:30:23,906 nipype.workflow INFO:
	 [Node] Setting-up "fmriprep_25_0_wf.sub_GEO021_wf.anat_fit_wf.surface_recon_wf.save_midthickness" in "/work/fmriprep_25_0_wf/sub_GEO021_wf/anat_fit_wf/surface_recon_wf/save_midthickness".
250527-21:30:24,484 nipype.workflow INFO:
	 [Node] Executing "save_midthickness" <nipype.interfaces.io.DataSink>
250527-21:30:24,803 nipype.workflow INFO:
	 [Node] Finished "save_midthickness", elapsed time 0.317415s.
250527-21:30:25,942 nipype.workflow INFO:
	 [Node] Setting-up "fmriprep_25_0_wf.sub_GEO021_wf.anat_fit_wf.surface_recon_wf.sync" in "/work/fmriprep_25_0_wf/sub_GEO021_wf/anat_fit_wf/surface_recon_wf/sync".
250527-21:30:26,518 nipype.workflow INFO:
	 [Node] Executing "sync" <nipype.interfaces.utility.wrappers.Function>
250527-21:30:26,520 nipype.workflow INFO:
	 [Node] Finished "sync", elapsed time 0.000932s.
250527-21:30:27,903 nipype.workflow INFO:
	 [Node] Setting-up "fmriprep_25_0_wf.sub_GEO021_wf.anat_fit_wf.bbreg" in "/work/fmriprep_25_0_wf/sub_GEO021_wf/anat_fit_wf/bbreg".
250527-21:30:27,904 nipype.workflow INFO:
	 [Node] Setting-up "fmriprep_25_0_wf.sub_GEO021_wf.anat_fit_wf.gifti_surface_wf.get_surfaces" in "/work/fmriprep_25_0_wf/sub_GEO021_wf/anat_fit_wf/gifti_surface_wf/get_surfaces".
250527-21:30:27,904 nipype.workflow INFO:
	 [Node] Setting-up "fmriprep_25_0_wf.sub_GEO021_wf.anat_fit_wf.gifti_spheres_wf.get_surfaces" in "/work/fmriprep_25_0_wf/sub_GEO021_wf/anat_fit_wf/gifti_spheres_wf/get_surfaces".
250527-21:30:27,905 nipype.workflow INFO:
	 [Node] Setting-up "fmriprep_25_0_wf.sub_GEO021_wf.anat_fit_wf.gifti_morphometrics_wf.get_surfaces" in "/work/fmriprep_25_0_wf/sub_GEO021_wf/anat_fit_wf/gifti_morphometrics_wf/get_surfaces".
250527-21:30:27,907 nipype.workflow INFO:
	 [Node] Setting-up "fmriprep_25_0_wf.sub_GEO021_wf.anat_fit_wf.refinement_wf.segs_to_native_wf_aseg.fs_datasource" in "/work/fmriprep_25_0_wf/sub_GEO021_wf/anat_fit_wf/refinement_wf/segs_to_native_wf_aseg/fs_datasource".
250527-21:30:27,914 nipype.workflow INFO:
	 [Node] Setting-up "fmriprep_25_0_wf.sub_GEO021_wf.anat_fit_wf.anat_reports_wf.recon_report" in "/work/fmriprep_25_0_wf/sub_GEO021_wf/anat_fit_wf/anat_reports_wf/recon_report".
250527-21:30:27,920 nipype.workflow INFO:
	 [Node] Setting-up "fmriprep_25_0_wf.sub_GEO021_wf.bold_ses_t2_task_image_run_1_wf.bold_fit_wf.bold_reg_wf.bbreg_wf.fssource" in "/work/fmriprep_25_0_wf/sub_GEO021_wf/bold_ses_t2_task_image_run_1_wf/bold_fit_wf/bold_reg_wf/bbreg_wf/fssource".
250527-21:30:27,933 nipype.workflow INFO:
	 [Node] Setting-up "fmriprep_25_0_wf.sub_GEO021_wf.bold_ses_t2_task_image_run_2_wf.bold_fit_wf.bold_reg_wf.bbreg_wf.fssource" in "/work/fmriprep_25_0_wf/sub_GEO021_wf/bold_ses_t2_task_image_run_2_wf/bold_fit_wf/bold_reg_wf/bbreg_wf/fssource".
250527-21:30:28,813 nipype.workflow INFO:
	 [Node] Executing "recon_report" <smriprep.interfaces.reports.FSSurfaceReport>
250527-21:30:28,990 nipype.workflow INFO:
	 [Node] Executing "get_surfaces" <niworkflows.interfaces.patches.FreeSurferSource>
250527-21:30:29,115 nipype.workflow INFO:
	 [Node] Executing "fssource" <fmriprep.interfaces.patches.FreeSurferSource>
250527-21:30:29,175 nipype.workflow INFO:
	 [Node] Executing "fssource" <fmriprep.interfaces.patches.FreeSurferSource>
250527-21:30:29,294 nipype.workflow INFO:
	 [Node] Executing "get_surfaces" <nipype.interfaces.utility.wrappers.Function>
250527-21:30:29,298 nipype.workflow INFO:
	 [Node] Finished "get_surfaces", elapsed time 0.002768s.
250527-21:30:29,424 nipype.workflow INFO:
	 [Node] Executing "fs_datasource" <niworkflows.interfaces.patches.FreeSurferSource>
250527-21:30:29,478 nipype.workflow INFO:
	 [Node] Finished "get_surfaces", elapsed time 0.486919s.
250527-21:30:29,478 nipype.workflow INFO:
	 [Node] Finished "fssource", elapsed time 0.360797s.
250527-21:30:29,478 nipype.workflow INFO:
	 [Node] Finished "fssource", elapsed time 0.301219s.
250527-21:30:29,479 nipype.workflow INFO:
	 [Node] Finished "fs_datasource", elapsed time 0.053113s.
250527-21:30:29,577 nipype.workflow INFO:
	 [Node] Executing "get_surfaces" <nipype.interfaces.utility.wrappers.Function>
250527-21:30:29,581 nipype.workflow INFO:
	 [Node] Finished "get_surfaces", elapsed time 0.002281s.
250527-21:30:29,826 nipype.workflow INFO:
	 [Node] Executing "bbreg" <nipype.interfaces.freesurfer.preprocess.BBRegister>
250527-21:30:29,917 nipype.workflow INFO:
	 [Node] Setting-up "fmriprep_25_0_wf.sub_GEO021_wf.bold_ses_t2_task_image_run_3_wf.bold_fit_wf.bold_reg_wf.bbreg_wf.fssource" in "/work/fmriprep_25_0_wf/sub_GEO021_wf/bold_ses_t2_task_image_run_3_wf/bold_fit_wf/bold_reg_wf/bbreg_wf/fssource".
250527-21:30:30,309 nipype.workflow INFO:
	 [Node] Executing "fssource" <fmriprep.interfaces.patches.FreeSurferSource>
250527-21:30:30,321 nipype.workflow INFO:
	 [Node] Finished "fssource", elapsed time 0.011035s.
250527-21:30:31,953 nipype.workflow INFO:
	 [Node] Setting-up "fmriprep_25_0_wf.sub_GEO021_wf.bold_ses_t2_task_image_run_4_wf.bold_fit_wf.bold_reg_wf.bbreg_wf.fssource" in "/work/fmriprep_25_0_wf/sub_GEO021_wf/bold_ses_t2_task_image_run_4_wf/bold_fit_wf/bold_reg_wf/bbreg_wf/fssource".
250527-21:30:31,971 nipype.workflow INFO:
	 [Node] Setting-up "fmriprep_25_0_wf.sub_GEO021_wf.bold_ses_t2_task_image_run_5_wf.bold_fit_wf.bold_reg_wf.bbreg_wf.fssource" in "/work/fmriprep_25_0_wf/sub_GEO021_wf/bold_ses_t2_task_image_run_5_wf/bold_fit_wf/bold_reg_wf/bbreg_wf/fssource".
250527-21:30:34,172 nipype.workflow INFO:
	 [Node] Executing "fssource" <fmriprep.interfaces.patches.FreeSurferSource>
250527-21:30:34,189 nipype.workflow INFO:
	 [Node] Finished "fssource", elapsed time 0.01628s.
250527-21:30:34,303 nipype.workflow INFO:
	 [Node] Executing "fssource" <fmriprep.interfaces.patches.FreeSurferSource>
250527-21:30:34,316 nipype.workflow INFO:
	 [Node] Finished "fssource", elapsed time 0.012193s.
250527-21:30:38,482 nipype.workflow INFO:
	 [Node] Setting-up "fmriprep_25_0_wf.sub_GEO021_wf.anat_fit_wf.refinement_wf.segs_to_native_wf_aseg.select_seg" in "/work/fmriprep_25_0_wf/sub_GEO021_wf/anat_fit_wf/refinement_wf/segs_to_native_wf_aseg/select_seg".
250527-21:30:39,251 nipype.workflow INFO:
	 [Node] Executing "select_seg" <nipype.interfaces.utility.wrappers.Function>
250527-21:30:39,253 nipype.workflow INFO:
	 [Node] Finished "select_seg", elapsed time 0.000791s.
250527-21:30:40,415 nipype.workflow INFO:
	 [Node] Setting-up "fmriprep_25_0_wf.sub_GEO021_wf.anat_fit_wf.refinement_wf.segs_to_native_wf_aseg.resample" in "/work/fmriprep_25_0_wf/sub_GEO021_wf/anat_fit_wf/refinement_wf/segs_to_native_wf_aseg/resample".
250527-21:30:40,416 nipype.workflow INFO:
	 [Node] Setting-up "_fs2gii1" in "/work/fmriprep_25_0_wf/sub_GEO021_wf/anat_fit_wf/gifti_surface_wf/fs2gii/mapflow/_fs2gii1".
250527-21:30:40,416 nipype.workflow INFO:
	 [Node] Setting-up "_fs2gii0" in "/work/fmriprep_25_0_wf/sub_GEO021_wf/anat_fit_wf/gifti_surface_wf/fs2gii/mapflow/_fs2gii0".
250527-21:30:40,417 nipype.workflow INFO:
	 [Node] Setting-up "_fs2gii2" in "/work/fmriprep_25_0_wf/sub_GEO021_wf/anat_fit_wf/gifti_surface_wf/fs2gii/mapflow/_fs2gii2".
250527-21:30:40,418 nipype.workflow INFO:
	 [Node] Setting-up "_fs2gii3" in "/work/fmriprep_25_0_wf/sub_GEO021_wf/anat_fit_wf/gifti_surface_wf/fs2gii/mapflow/_fs2gii3".
250527-21:30:40,419 nipype.workflow INFO:
	 [Node] Setting-up "_fs2gii4" in "/work/fmriprep_25_0_wf/sub_GEO021_wf/anat_fit_wf/gifti_surface_wf/fs2gii/mapflow/_fs2gii4".
250527-21:30:41,214 nipype.workflow INFO:
	 [Node] Executing "_fs2gii0" <nipype.interfaces.freesurfer.utils.MRIsConvert>
250527-21:30:41,224 nipype.workflow INFO:
	 [Node] Executing "_fs2gii4" <nipype.interfaces.freesurfer.utils.MRIsConvert>
250527-21:30:41,277 nipype.workflow INFO:
	 [Node] Executing "_fs2gii1" <nipype.interfaces.freesurfer.utils.MRIsConvert>
250527-21:30:41,320 nipype.workflow INFO:
	 [Node] Executing "resample" <nipype.interfaces.freesurfer.preprocess.ApplyVolTransform>
250527-21:30:41,590 nipype.workflow INFO:
	 [Node] Executing "_fs2gii3" <nipype.interfaces.freesurfer.utils.MRIsConvert>
250527-21:30:41,806 nipype.workflow INFO:
	 [Node] Executing "_fs2gii2" <nipype.interfaces.freesurfer.utils.MRIsConvert>
250527-21:30:42,776 nipype.workflow INFO:
	 [Node] Finished "_fs2gii1", elapsed time 1.4946139999999999s.
250527-21:30:42,868 nipype.workflow INFO:
	 [Node] Finished "_fs2gii0", elapsed time 1.653116s.
250527-21:30:42,933 nipype.workflow INFO:
	 [Node] Finished "_fs2gii4", elapsed time 1.707923s.
250527-21:30:43,88 nipype.workflow INFO:
	 [Node] Finished "_fs2gii2", elapsed time 1.28061s.
250527-21:30:43,177 nipype.workflow INFO:
	 [Node] Finished "resample", elapsed time 1.855944s.
250527-21:30:43,184 nipype.workflow INFO:
	 [Node] Finished "_fs2gii3", elapsed time 1.4429750000000001s.
250527-21:30:44,494 nipype.workflow INFO:
	 [Node] Setting-up "_fs2gii5" in "/work/fmriprep_25_0_wf/sub_GEO021_wf/anat_fit_wf/gifti_surface_wf/fs2gii/mapflow/_fs2gii5".
250527-21:30:44,496 nipype.workflow INFO:
	 [Node] Setting-up "_fs2gii0" in "/work/fmriprep_25_0_wf/sub_GEO021_wf/anat_fit_wf/gifti_spheres_wf/fs2gii/mapflow/_fs2gii0".
250527-21:30:44,496 nipype.workflow INFO:
	 [Node] Setting-up "_fs2gii1" in "/work/fmriprep_25_0_wf/sub_GEO021_wf/anat_fit_wf/gifti_spheres_wf/fs2gii/mapflow/_fs2gii1".
250527-21:30:44,499 nipype.workflow INFO:
	 [Node] Setting-up "_fs2gii2" in "/work/fmriprep_25_0_wf/sub_GEO021_wf/anat_fit_wf/gifti_spheres_wf/fs2gii/mapflow/_fs2gii2".
250527-21:30:44,499 nipype.workflow INFO:
	 [Node] Setting-up "_fs2gii3" in "/work/fmriprep_25_0_wf/sub_GEO021_wf/anat_fit_wf/gifti_spheres_wf/fs2gii/mapflow/_fs2gii3".
250527-21:30:45,146 nipype.workflow INFO:
	 [Node] Executing "_fs2gii5" <nipype.interfaces.freesurfer.utils.MRIsConvert>
250527-21:30:46,119 nipype.workflow INFO:
	 [Node] Executing "_fs2gii0" <nipype.interfaces.freesurfer.utils.MRIsConvert>
250527-21:30:46,506 nipype.workflow INFO:
	 [Node] Setting-up "fmriprep_25_0_wf.sub_GEO021_wf.anat_fit_wf.refinement_wf.refine" in "/work/fmriprep_25_0_wf/sub_GEO021_wf/anat_fit_wf/refinement_wf/refine".
250527-21:30:46,588 nipype.workflow INFO:
	 [Node] Finished "_fs2gii5", elapsed time 1.440323s.
250527-21:30:46,597 nipype.workflow INFO:
	 [Node] Executing "_fs2gii2" <nipype.interfaces.freesurfer.utils.MRIsConvert>
250527-21:30:46,623 nipype.workflow INFO:
	 [Node] Executing "_fs2gii1" <nipype.interfaces.freesurfer.utils.MRIsConvert>
250527-21:30:47,230 nipype.workflow INFO:
	 [Node] Executing "refine" <niworkflows.interfaces.freesurfer.RefineBrainMask>
250527-21:30:47,243 nipype.workflow INFO:
	 [Node] Executing "_fs2gii3" <nipype.interfaces.freesurfer.utils.MRIsConvert>
250527-21:30:47,718 nipype.workflow INFO:
	 [Node] Finished "_fs2gii0", elapsed time 1.597239s.
250527-21:30:48,298 nipype.workflow INFO:
	 [Node] Finished "_fs2gii1", elapsed time 1.674064s.
250527-21:30:48,366 nipype.workflow INFO:
	 [Node] Finished "_fs2gii2", elapsed time 1.768304s.
250527-21:30:48,793 nipype.workflow INFO:
	 [Node] Setting-up "_fs2gii0" in "/work/fmriprep_25_0_wf/sub_GEO021_wf/anat_fit_wf/gifti_surface_wf/fs2gii/mapflow/_fs2gii0".
250527-21:30:48,797 nipype.workflow INFO:
	 [Node] Cached "_fs2gii0" - collecting precomputed outputs
250527-21:30:48,797 nipype.workflow INFO:
	 [Node] "_fs2gii0" found cached.
250527-21:30:48,798 nipype.workflow INFO:
	 [Node] Setting-up "_fs2gii1" in "/work/fmriprep_25_0_wf/sub_GEO021_wf/anat_fit_wf/gifti_surface_wf/fs2gii/mapflow/_fs2gii1".
250527-21:30:48,802 nipype.workflow INFO:
	 [Node] Cached "_fs2gii1" - collecting precomputed outputs
250527-21:30:48,802 nipype.workflow INFO:
	 [Node] "_fs2gii1" found cached.
250527-21:30:48,803 nipype.workflow INFO:
	 [Node] Setting-up "_fs2gii2" in "/work/fmriprep_25_0_wf/sub_GEO021_wf/anat_fit_wf/gifti_surface_wf/fs2gii/mapflow/_fs2gii2".
250527-21:30:48,806 nipype.workflow INFO:
	 [Node] Cached "_fs2gii2" - collecting precomputed outputs
250527-21:30:48,806 nipype.workflow INFO:
	 [Node] "_fs2gii2" found cached.
250527-21:30:48,807 nipype.workflow INFO:
	 [Node] Setting-up "_fs2gii3" in "/work/fmriprep_25_0_wf/sub_GEO021_wf/anat_fit_wf/gifti_surface_wf/fs2gii/mapflow/_fs2gii3".
250527-21:30:48,810 nipype.workflow INFO:
	 [Node] Cached "_fs2gii3" - collecting precomputed outputs
250527-21:30:48,810 nipype.workflow INFO:
	 [Node] "_fs2gii3" found cached.
250527-21:30:48,811 nipype.workflow INFO:
	 [Node] Setting-up "_fs2gii4" in "/work/fmriprep_25_0_wf/sub_GEO021_wf/anat_fit_wf/gifti_surface_wf/fs2gii/mapflow/_fs2gii4".
250527-21:30:48,814 nipype.workflow INFO:
	 [Node] Cached "_fs2gii4" - collecting precomputed outputs
250527-21:30:48,814 nipype.workflow INFO:
	 [Node] "_fs2gii4" found cached.
250527-21:30:48,815 nipype.workflow INFO:
	 [Node] Setting-up "_fs2gii5" in "/work/fmriprep_25_0_wf/sub_GEO021_wf/anat_fit_wf/gifti_surface_wf/fs2gii/mapflow/_fs2gii5".
250527-21:30:48,818 nipype.workflow INFO:
	 [Node] Cached "_fs2gii5" - collecting precomputed outputs
250527-21:30:48,819 nipype.workflow INFO:
	 [Node] "_fs2gii5" found cached.
250527-21:30:48,863 nipype.workflow INFO:
	 [Node] Finished "_fs2gii3", elapsed time 1.618588s.
250527-21:30:49,142 nipype.workflow INFO:
	 [Node] Finished "recon_report", elapsed time 20.328073s.
250527-21:30:52,216 nipype.workflow INFO:
	 [Node] Setting-up "_morphs2gii1" in "/work/fmriprep_25_0_wf/sub_GEO021_wf/anat_fit_wf/gifti_morphometrics_wf/morphs2gii/mapflow/_morphs2gii1".
250527-21:30:52,216 nipype.workflow INFO:
	 [Node] Setting-up "_morphs2gii0" in "/work/fmriprep_25_0_wf/sub_GEO021_wf/anat_fit_wf/gifti_morphometrics_wf/morphs2gii/mapflow/_morphs2gii0".
250527-21:30:52,217 nipype.workflow INFO:
	 [Node] Setting-up "_morphs2gii2" in "/work/fmriprep_25_0_wf/sub_GEO021_wf/anat_fit_wf/gifti_morphometrics_wf/morphs2gii/mapflow/_morphs2gii2".
250527-21:30:52,218 nipype.workflow INFO:
	 [Node] Setting-up "_morphs2gii3" in "/work/fmriprep_25_0_wf/sub_GEO021_wf/anat_fit_wf/gifti_morphometrics_wf/morphs2gii/mapflow/_morphs2gii3".
250527-21:30:52,523 nipype.workflow INFO:
	 [Node] Setting-up "_fix_surfs0" in "/work/fmriprep_25_0_wf/sub_GEO021_wf/anat_fit_wf/gifti_surface_wf/fix_surfs/mapflow/_fix_surfs0".
250527-21:30:53,84 nipype.workflow INFO:
	 [Node] Setting-up "_fs2gii0" in "/work/fmriprep_25_0_wf/sub_GEO021_wf/anat_fit_wf/gifti_spheres_wf/fs2gii/mapflow/_fs2gii0".
250527-21:30:53,88 nipype.workflow INFO:
	 [Node] Cached "_fs2gii0" - collecting precomputed outputs
250527-21:30:53,88 nipype.workflow INFO:
	 [Node] "_fs2gii0" found cached.
250527-21:30:53,89 nipype.workflow INFO:
	 [Node] Setting-up "_fs2gii1" in "/work/fmriprep_25_0_wf/sub_GEO021_wf/anat_fit_wf/gifti_spheres_wf/fs2gii/mapflow/_fs2gii1".
250527-21:30:53,95 nipype.workflow INFO:
	 [Node] Cached "_fs2gii1" - collecting precomputed outputs
250527-21:30:53,95 nipype.workflow INFO:
	 [Node] "_fs2gii1" found cached.
250527-21:30:53,95 nipype.workflow INFO:
	 [Node] Setting-up "_fs2gii2" in "/work/fmriprep_25_0_wf/sub_GEO021_wf/anat_fit_wf/gifti_spheres_wf/fs2gii/mapflow/_fs2gii2".
250527-21:30:53,105 nipype.workflow INFO:
	 [Node] Cached "_fs2gii2" - collecting precomputed outputs
250527-21:30:53,105 nipype.workflow INFO:
	 [Node] "_fs2gii2" found cached.
250527-21:30:53,105 nipype.workflow INFO:
	 [Node] Setting-up "_fs2gii3" in "/work/fmriprep_25_0_wf/sub_GEO021_wf/anat_fit_wf/gifti_spheres_wf/fs2gii/mapflow/_fs2gii3".
250527-21:30:53,109 nipype.workflow INFO:
	 [Node] Cached "_fs2gii3" - collecting precomputed outputs
250527-21:30:53,109 nipype.workflow INFO:
	 [Node] "_fs2gii3" found cached.
250527-21:30:53,394 nipype.workflow INFO:
	 [Node] Executing "_morphs2gii0" <smriprep.interfaces.freesurfer.MRIsConvertData>
250527-21:30:53,480 nipype.workflow INFO:
	 [Node] Executing "_morphs2gii1" <smriprep.interfaces.freesurfer.MRIsConvertData>
250527-21:30:53,503 nipype.workflow INFO:
	 [Node] Executing "_morphs2gii3" <smriprep.interfaces.freesurfer.MRIsConvertData>
250527-21:30:53,694 nipype.workflow INFO:
	 [Node] Executing "_fix_surfs0" <smriprep.interfaces.surf.NormalizeSurf>
250527-21:30:53,792 nipype.workflow INFO:
	 [Node] Executing "_morphs2gii2" <smriprep.interfaces.freesurfer.MRIsConvertData>
250527-21:30:54,247 nipype.workflow INFO:
	 [Node] Finished "_fix_surfs0", elapsed time 0.551571s.
250527-21:30:54,389 nipype.workflow INFO:
	 [Node] Finished "_morphs2gii0", elapsed time 0.993317s.
250527-21:30:54,568 nipype.workflow INFO:
	 [Node] Finished "_morphs2gii3", elapsed time 1.063285s.
250527-21:30:54,627 nipype.workflow INFO:
	 [Node] Finished "_morphs2gii1", elapsed time 1.14552s.
250527-21:30:54,802 nipype.workflow INFO:
	 [Node] Setting-up "_fix_surfs1" in "/work/fmriprep_25_0_wf/sub_GEO021_wf/anat_fit_wf/gifti_surface_wf/fix_surfs/mapflow/_fix_surfs1".
250527-21:30:54,908 nipype.workflow INFO:
	 [Node] Finished "_morphs2gii2", elapsed time 1.114074s.
250527-21:30:55,249 nipype.workflow INFO:
	 [Node] Executing "_fix_surfs1" <smriprep.interfaces.surf.NormalizeSurf>
250527-21:30:55,845 nipype.workflow INFO:
	 [Node] Finished "_fix_surfs1", elapsed time 0.594779s.
250527-21:30:56,558 nipype.workflow INFO:
	 [Node] Setting-up "_fix_surfs2" in "/work/fmriprep_25_0_wf/sub_GEO021_wf/anat_fit_wf/gifti_surface_wf/fix_surfs/mapflow/_fix_surfs2".
250527-21:30:56,559 nipype.workflow INFO:
	 [Node] Setting-up "_fix_surfs3" in "/work/fmriprep_25_0_wf/sub_GEO021_wf/anat_fit_wf/gifti_surface_wf/fix_surfs/mapflow/_fix_surfs3".
250527-21:30:56,560 nipype.workflow INFO:
	 [Node] Setting-up "_fix_surfs4" in "/work/fmriprep_25_0_wf/sub_GEO021_wf/anat_fit_wf/gifti_surface_wf/fix_surfs/mapflow/_fix_surfs4".
250527-21:30:56,562 nipype.workflow INFO:
	 [Node] Setting-up "_fix_surfs5" in "/work/fmriprep_25_0_wf/sub_GEO021_wf/anat_fit_wf/gifti_surface_wf/fix_surfs/mapflow/_fix_surfs5".
250527-21:30:57,172 nipype.workflow INFO:
	 [Node] Setting-up "_morphs2gii0" in "/work/fmriprep_25_0_wf/sub_GEO021_wf/anat_fit_wf/gifti_morphometrics_wf/morphs2gii/mapflow/_morphs2gii0".
250527-21:30:57,210 nipype.workflow INFO:
	 [Node] Cached "_morphs2gii0" - collecting precomputed outputs
250527-21:30:57,210 nipype.workflow INFO:
	 [Node] "_morphs2gii0" found cached.
250527-21:30:57,212 nipype.workflow INFO:
	 [Node] Setting-up "_morphs2gii1" in "/work/fmriprep_25_0_wf/sub_GEO021_wf/anat_fit_wf/gifti_morphometrics_wf/morphs2gii/mapflow/_morphs2gii1".
250527-21:30:57,215 nipype.workflow INFO:
	 [Node] Cached "_morphs2gii1" - collecting precomputed outputs
250527-21:30:57,215 nipype.workflow INFO:
	 [Node] "_morphs2gii1" found cached.
250527-21:30:57,216 nipype.workflow INFO:
	 [Node] Setting-up "_morphs2gii2" in "/work/fmriprep_25_0_wf/sub_GEO021_wf/anat_fit_wf/gifti_morphometrics_wf/morphs2gii/mapflow/_morphs2gii2".
250527-21:30:57,220 nipype.workflow INFO:
	 [Node] Cached "_morphs2gii2" - collecting precomputed outputs
250527-21:30:57,220 nipype.workflow INFO:
	 [Node] "_morphs2gii2" found cached.
250527-21:30:57,221 nipype.workflow INFO:
	 [Node] Setting-up "_morphs2gii3" in "/work/fmriprep_25_0_wf/sub_GEO021_wf/anat_fit_wf/gifti_morphometrics_wf/morphs2gii/mapflow/_morphs2gii3".
250527-21:30:57,224 nipype.workflow INFO:
	 [Node] Cached "_morphs2gii3" - collecting precomputed outputs
250527-21:30:57,224 nipype.workflow INFO:
	 [Node] "_morphs2gii3" found cached.
250527-21:30:57,453 nipype.workflow INFO:
	 [Node] Executing "_fix_surfs3" <smriprep.interfaces.surf.NormalizeSurf>
250527-21:30:57,596 nipype.workflow INFO:
	 [Node] Executing "_fix_surfs4" <smriprep.interfaces.surf.NormalizeSurf>
250527-21:30:57,657 nipype.workflow INFO:
	 [Node] Executing "_fix_surfs2" <smriprep.interfaces.surf.NormalizeSurf>
250527-21:30:57,753 nipype.workflow INFO:
	 [Node] Executing "_fix_surfs5" <smriprep.interfaces.surf.NormalizeSurf>
250527-21:30:58,99 nipype.workflow INFO:
	 [Node] Finished "_fix_surfs3", elapsed time 0.644334s.
250527-21:30:58,138 nipype.workflow INFO:
	 [Node] Finished "_fix_surfs4", elapsed time 0.540742s.
250527-21:30:58,308 nipype.workflow INFO:
	 [Node] Finished "_fix_surfs2", elapsed time 0.649171s.
250527-21:30:58,354 nipype.workflow INFO:
	 [Node] Finished "_fix_surfs5", elapsed time 0.599831s.
250527-21:30:59,524 nipype.workflow INFO:
	 [Node] Setting-up "_fix_surfs0" in "/work/fmriprep_25_0_wf/sub_GEO021_wf/anat_fit_wf/gifti_spheres_wf/fix_surfs/mapflow/_fix_surfs0".
250527-21:30:59,525 nipype.workflow INFO:
	 [Node] Setting-up "_fix_surfs1" in "/work/fmriprep_25_0_wf/sub_GEO021_wf/anat_fit_wf/gifti_spheres_wf/fix_surfs/mapflow/_fix_surfs1".
250527-21:31:00,257 nipype.workflow INFO:
	 [Node] Executing "_fix_surfs1" <smriprep.interfaces.surf.NormalizeSurf>
250527-21:31:00,272 nipype.workflow INFO:
	 [Node] Executing "_fix_surfs0" <smriprep.interfaces.surf.NormalizeSurf>
250527-21:31:00,807 nipype.workflow INFO:
	 [Node] Finished "_fix_surfs1", elapsed time 0.549618s.
250527-21:31:00,982 nipype.workflow INFO:
	 [Node] Finished "_fix_surfs0", elapsed time 0.708902s.
250527-21:31:01,826 nipype.workflow INFO:
	 [Node] Setting-up "_fix_surfs0" in "/work/fmriprep_25_0_wf/sub_GEO021_wf/anat_fit_wf/gifti_surface_wf/fix_surfs/mapflow/_fix_surfs0".
250527-21:31:01,829 nipype.workflow INFO:
	 [Node] Cached "_fix_surfs0" - collecting precomputed outputs
250527-21:31:01,829 nipype.workflow INFO:
	 [Node] "_fix_surfs0" found cached.
250527-21:31:01,830 nipype.workflow INFO:
	 [Node] Setting-up "_fix_surfs1" in "/work/fmriprep_25_0_wf/sub_GEO021_wf/anat_fit_wf/gifti_surface_wf/fix_surfs/mapflow/_fix_surfs1".
250527-21:31:01,833 nipype.workflow INFO:
	 [Node] Cached "_fix_surfs1" - collecting precomputed outputs
250527-21:31:01,833 nipype.workflow INFO:
	 [Node] "_fix_surfs1" found cached.
250527-21:31:01,833 nipype.workflow INFO:
	 [Node] Setting-up "_fix_surfs2" in "/work/fmriprep_25_0_wf/sub_GEO021_wf/anat_fit_wf/gifti_surface_wf/fix_surfs/mapflow/_fix_surfs2".
250527-21:31:01,837 nipype.workflow INFO:
	 [Node] Cached "_fix_surfs2" - collecting precomputed outputs
250527-21:31:01,837 nipype.workflow INFO:
	 [Node] "_fix_surfs2" found cached.
250527-21:31:01,838 nipype.workflow INFO:
	 [Node] Setting-up "_fix_surfs3" in "/work/fmriprep_25_0_wf/sub_GEO021_wf/anat_fit_wf/gifti_surface_wf/fix_surfs/mapflow/_fix_surfs3".
250527-21:31:01,844 nipype.workflow INFO:
	 [Node] Cached "_fix_surfs3" - collecting precomputed outputs
250527-21:31:01,844 nipype.workflow INFO:
	 [Node] "_fix_surfs3" found cached.
250527-21:31:01,844 nipype.workflow INFO:
	 [Node] Setting-up "_fix_surfs4" in "/work/fmriprep_25_0_wf/sub_GEO021_wf/anat_fit_wf/gifti_surface_wf/fix_surfs/mapflow/_fix_surfs4".
250527-21:31:01,848 nipype.workflow INFO:
	 [Node] Cached "_fix_surfs4" - collecting precomputed outputs
250527-21:31:01,848 nipype.workflow INFO:
	 [Node] "_fix_surfs4" found cached.
250527-21:31:01,848 nipype.workflow INFO:
	 [Node] Setting-up "_fix_surfs5" in "/work/fmriprep_25_0_wf/sub_GEO021_wf/anat_fit_wf/gifti_surface_wf/fix_surfs/mapflow/_fix_surfs5".
250527-21:31:01,851 nipype.workflow INFO:
	 [Node] Cached "_fix_surfs5" - collecting precomputed outputs
250527-21:31:01,851 nipype.workflow INFO:
	 [Node] "_fix_surfs5" found cached.
250527-21:31:02,578 nipype.workflow INFO:
	 [Node] Setting-up "_fix_surfs2" in "/work/fmriprep_25_0_wf/sub_GEO021_wf/anat_fit_wf/gifti_spheres_wf/fix_surfs/mapflow/_fix_surfs2".
250527-21:31:02,579 nipype.workflow INFO:
	 [Node] Setting-up "_fix_surfs3" in "/work/fmriprep_25_0_wf/sub_GEO021_wf/anat_fit_wf/gifti_spheres_wf/fix_surfs/mapflow/_fix_surfs3".
250527-21:31:03,375 nipype.workflow INFO:
	 [Node] Executing "_fix_surfs3" <smriprep.interfaces.surf.NormalizeSurf>
250527-21:31:03,526 nipype.workflow INFO:
	 [Node] Executing "_fix_surfs2" <smriprep.interfaces.surf.NormalizeSurf>
250527-21:31:04,62 nipype.workflow INFO:
	 [Node] Finished "_fix_surfs3", elapsed time 0.685718s.
250527-21:31:04,117 nipype.workflow INFO:
	 [Node] Finished "_fix_surfs2", elapsed time 0.589576s.
250527-21:31:07,900 nipype.workflow INFO:
	 [Node] Finished "refine", elapsed time 20.668653s.
250527-21:31:10,395 nipype.workflow INFO:
	 [Node] Setting-up "_invert_sulc0" in "/work/fmriprep_25_0_wf/sub_GEO021_wf/anat_fit_wf/msm_sulc_wf/invert_sulc/mapflow/_invert_sulc0".
250527-21:31:10,399 nipype.workflow INFO:
	 [Node] Setting-up "_invert_sulc1" in "/work/fmriprep_25_0_wf/sub_GEO021_wf/anat_fit_wf/msm_sulc_wf/invert_sulc/mapflow/_invert_sulc1".
250527-21:31:10,849 nipype.workflow INFO:
	 [Node] Executing "_invert_sulc1" <smriprep.interfaces.gifti.MetricMath>
250527-21:31:10,976 nipype.workflow INFO:
	 [Node] Finished "_invert_sulc1", elapsed time 0.1251s.
250527-21:31:11,70 nipype.workflow INFO:
	 [Node] Executing "_invert_sulc0" <smriprep.interfaces.gifti.MetricMath>
250527-21:31:11,206 nipype.workflow INFO:
	 [Node] Finished "_invert_sulc0", elapsed time 0.135185s.
250527-21:31:11,426 nipype.workflow INFO:
	 [Node] Setting-up "_fix_surfs0" in "/work/fmriprep_25_0_wf/sub_GEO021_wf/anat_fit_wf/gifti_spheres_wf/fix_surfs/mapflow/_fix_surfs0".
250527-21:31:11,428 nipype.workflow INFO:
	 [Node] Cached "_fix_surfs0" - collecting precomputed outputs
250527-21:31:11,428 nipype.workflow INFO:
	 [Node] "_fix_surfs0" found cached.
250527-21:31:11,429 nipype.workflow INFO:
	 [Node] Setting-up "_fix_surfs1" in "/work/fmriprep_25_0_wf/sub_GEO021_wf/anat_fit_wf/gifti_spheres_wf/fix_surfs/mapflow/_fix_surfs1".
250527-21:31:11,432 nipype.workflow INFO:
	 [Node] Cached "_fix_surfs1" - collecting precomputed outputs
250527-21:31:11,432 nipype.workflow INFO:
	 [Node] "_fix_surfs1" found cached.
250527-21:31:11,432 nipype.workflow INFO:
	 [Node] Setting-up "_fix_surfs2" in "/work/fmriprep_25_0_wf/sub_GEO021_wf/anat_fit_wf/gifti_spheres_wf/fix_surfs/mapflow/_fix_surfs2".
250527-21:31:11,435 nipype.workflow INFO:
	 [Node] Cached "_fix_surfs2" - collecting precomputed outputs
250527-21:31:11,435 nipype.workflow INFO:
	 [Node] "_fix_surfs2" found cached.
250527-21:31:11,436 nipype.workflow INFO:
	 [Node] Setting-up "_fix_surfs3" in "/work/fmriprep_25_0_wf/sub_GEO021_wf/anat_fit_wf/gifti_spheres_wf/fix_surfs/mapflow/_fix_surfs3".
250527-21:31:11,439 nipype.workflow INFO:
	 [Node] Cached "_fix_surfs3" - collecting precomputed outputs
250527-21:31:11,439 nipype.workflow INFO:
	 [Node] "_fix_surfs3" found cached.
250527-21:31:17,934 nipype.workflow INFO:
	 [Node] Setting-up "fmriprep_25_0_wf.sub_GEO021_wf.anat_fit_wf.applyrefined" in "/work/fmriprep_25_0_wf/sub_GEO021_wf/anat_fit_wf/applyrefined".
250527-21:31:18,566 nipype.workflow INFO:
	 [Node] Executing "applyrefined" <nipype.interfaces.fsl.maths.ApplyMask>
250527-21:31:19,923 nipype.workflow INFO:
	 [Node] Finished "applyrefined", elapsed time 1.356101s.
250527-21:31:21,444 nipype.workflow INFO:
	 [Node] Setting-up "fmriprep_25_0_wf.sub_GEO021_wf.bold_ses_t2_task_image_run_1_wf.bold_fit_wf.bold_reg_wf.bbreg_wf.mri_coreg" in "/work/fmriprep_25_0_wf/sub_GEO021_wf/bold_ses_t2_task_image_run_1_wf/bold_fit_wf/bold_reg_wf/bbreg_wf/mri_coreg".
250527-21:31:21,785 nipype.workflow INFO:
	 [Node] Executing "mri_coreg" <fmriprep.interfaces.patches.MRICoreg>
250527-21:32:06,796 nipype.workflow INFO:
	 [Node] Finished "mri_coreg", elapsed time 45.010039s.
250527-21:32:09,554 nipype.workflow INFO:
	 [Node] Setting-up "fmriprep_25_0_wf.sub_GEO021_wf.bold_ses_t2_task_image_run_2_wf.bold_fit_wf.bold_reg_wf.bbreg_wf.mri_coreg" in "/work/fmriprep_25_0_wf/sub_GEO021_wf/bold_ses_t2_task_image_run_2_wf/bold_fit_wf/bold_reg_wf/bbreg_wf/mri_coreg".
250527-21:32:11,679 nipype.workflow INFO:
	 [Node] Executing "mri_coreg" <fmriprep.interfaces.patches.MRICoreg>
250527-21:32:44,146 nipype.workflow INFO:
	 [Node] Finished "bbreg", elapsed time 134.305316s.
250527-21:32:51,621 nipype.workflow INFO:
	 [Node] Setting-up "_invert_sulc0" in "/work/fmriprep_25_0_wf/sub_GEO021_wf/anat_fit_wf/msm_sulc_wf/invert_sulc/mapflow/_invert_sulc0".
250527-21:32:51,632 nipype.workflow INFO:
	 [Node] Cached "_invert_sulc0" - collecting precomputed outputs
250527-21:32:51,632 nipype.workflow INFO:
	 [Node] "_invert_sulc0" found cached.
250527-21:32:51,640 nipype.workflow INFO:
	 [Node] Setting-up "_invert_sulc1" in "/work/fmriprep_25_0_wf/sub_GEO021_wf/anat_fit_wf/msm_sulc_wf/invert_sulc/mapflow/_invert_sulc1".
250527-21:32:51,663 nipype.workflow INFO:
	 [Node] Cached "_invert_sulc1" - collecting precomputed outputs
250527-21:32:51,664 nipype.workflow INFO:
	 [Node] "_invert_sulc1" found cached.
250527-21:32:55,780 nipype.workflow INFO:
	 [Node] Setting-up "fmriprep_25_0_wf.sub_GEO021_wf.anat_fit_wf.fast" in "/work/fmriprep_25_0_wf/sub_GEO021_wf/anat_fit_wf/fast".
250527-21:32:56,497 nipype.workflow INFO:
	 [Node] Finished "mri_coreg", elapsed time 44.816499s.
250527-21:32:56,557 nipype.workflow INFO:
	 [Node] Executing "fast" <nipype.interfaces.fsl.preprocess.FAST>
250527-21:32:58,87 nipype.workflow INFO:
	 [Node] Setting-up "fmriprep_25_0_wf.sub_GEO021_wf.bold_ses_t2_task_image_run_3_wf.bold_fit_wf.bold_reg_wf.bbreg_wf.mri_coreg" in "/work/fmriprep_25_0_wf/sub_GEO021_wf/bold_ses_t2_task_image_run_3_wf/bold_fit_wf/bold_reg_wf/bbreg_wf/mri_coreg".
250527-21:32:59,42 nipype.workflow INFO:
	 [Node] Executing "mri_coreg" <fmriprep.interfaces.patches.MRICoreg>
250527-21:33:41,456 nipype.workflow INFO:
	 [Node] Finished "mri_coreg", elapsed time 42.413208s.
250527-21:33:44,131 nipype.workflow INFO:
	 [Node] Setting-up "fmriprep_25_0_wf.sub_GEO021_wf.bold_ses_t2_task_image_run_4_wf.bold_fit_wf.bold_reg_wf.bbreg_wf.mri_coreg" in "/work/fmriprep_25_0_wf/sub_GEO021_wf/bold_ses_t2_task_image_run_4_wf/bold_fit_wf/bold_reg_wf/bbreg_wf/mri_coreg".
250527-21:33:45,532 nipype.workflow INFO:
	 [Node] Executing "mri_coreg" <fmriprep.interfaces.patches.MRICoreg>
250527-21:34:03,274 nipype.workflow INFO:
	 [Node] Finished "fast", elapsed time 66.716202s.
250527-21:34:08,112 nipype.workflow INFO:
	 [Node] Setting-up "fmriprep_25_0_wf.sub_GEO021_wf.anat_fit_wf.t2w_resample" in "/work/fmriprep_25_0_wf/sub_GEO021_wf/anat_fit_wf/t2w_resample".
250527-21:34:08,873 nipype.workflow INFO:
	 [Node] Executing "t2w_resample" <niworkflows.interfaces.fixes.FixHeaderApplyTransforms>
250527-21:34:28,880 nipype.workflow INFO:
	 [Node] Finished "mri_coreg", elapsed time 43.346797s.
250527-21:34:30,143 nipype.workflow INFO:
	 [Node] Setting-up "fmriprep_25_0_wf.sub_GEO021_wf.bold_ses_t2_task_image_run_5_wf.bold_fit_wf.bold_reg_wf.bbreg_wf.mri_coreg" in "/work/fmriprep_25_0_wf/sub_GEO021_wf/bold_ses_t2_task_image_run_5_wf/bold_fit_wf/bold_reg_wf/bbreg_wf/mri_coreg".
250527-21:34:30,968 nipype.workflow INFO:
	 [Node] Executing "mri_coreg" <fmriprep.interfaces.patches.MRICoreg>
250527-21:34:35,941 nipype.workflow INFO:
	 [Node] Finished "t2w_resample", elapsed time 27.066609s.
250527-21:34:43,410 nipype.workflow INFO:
	 [Node] Setting-up "fmriprep_25_0_wf.sub_GEO021_wf.ds_std_volumes_wf.mask_anat" in "/work/fmriprep_25_0_wf/sub_GEO021_wf/ds_std_volumes_wf/mask_anat".
250527-21:34:44,249 nipype.workflow INFO:
	 [Node] Executing "mask_anat" <niworkflows.interfaces.nibabel.ApplyMask>
250527-21:34:45,26 nipype.workflow INFO:
	 [Node] Finished "mask_anat", elapsed time 0.775824s.
250527-21:34:45,652 nipype.workflow INFO:
	 [Node] Setting-up "fmriprep_25_0_wf.sub_GEO021_wf.bold_ses_t2_task_image_run_1_wf.bold_anat_wf.gen_ref" in "/work/fmriprep_25_0_wf/sub_GEO021_wf/bold_ses_t2_task_image_run_1_wf/bold_anat_wf/gen_ref".
250527-21:34:46,625 nipype.workflow INFO:
	 [Node] Executing "gen_ref" <niworkflows.interfaces.nibabel.GenerateSamplingReference>
250527-21:34:47,667 nipype.workflow INFO:
	 [Node] Finished "gen_ref", elapsed time 1.040553s.
250527-21:34:49,725 nipype.workflow INFO:
	 [Node] Setting-up "fmriprep_25_0_wf.sub_GEO021_wf.bold_ses_t2_task_image_run_2_wf.bold_anat_wf.gen_ref" in "/work/fmriprep_25_0_wf/sub_GEO021_wf/bold_ses_t2_task_image_run_2_wf/bold_anat_wf/gen_ref".
250527-21:34:50,530 nipype.workflow INFO:
	 [Node] Executing "gen_ref" <niworkflows.interfaces.nibabel.GenerateSamplingReference>
250527-21:34:51,429 nipype.workflow INFO:
	 [Node] Finished "gen_ref", elapsed time 0.89769s.
250527-21:34:53,635 nipype.workflow INFO:
	 [Node] Setting-up "fmriprep_25_0_wf.sub_GEO021_wf.bold_ses_t2_task_image_run_3_wf.bold_anat_wf.gen_ref" in "/work/fmriprep_25_0_wf/sub_GEO021_wf/bold_ses_t2_task_image_run_3_wf/bold_anat_wf/gen_ref".
250527-21:34:54,272 nipype.workflow INFO:
	 [Node] Executing "gen_ref" <niworkflows.interfaces.nibabel.GenerateSamplingReference>
250527-21:34:55,301 nipype.workflow INFO:
	 [Node] Finished "gen_ref", elapsed time 1.027707s.
250527-21:34:57,701 nipype.workflow INFO:
	 [Node] Setting-up "fmriprep_25_0_wf.sub_GEO021_wf.bold_ses_t2_task_image_run_4_wf.bold_anat_wf.gen_ref" in "/work/fmriprep_25_0_wf/sub_GEO021_wf/bold_ses_t2_task_image_run_4_wf/bold_anat_wf/gen_ref".
250527-21:34:58,519 nipype.workflow INFO:
	 [Node] Executing "gen_ref" <niworkflows.interfaces.nibabel.GenerateSamplingReference>
250527-21:34:59,520 nipype.workflow INFO:
	 [Node] Finished "gen_ref", elapsed time 0.999638s.
250527-21:35:01,705 nipype.workflow INFO:
	 [Node] Setting-up "fmriprep_25_0_wf.sub_GEO021_wf.bold_ses_t2_task_image_run_5_wf.bold_anat_wf.gen_ref" in "/work/fmriprep_25_0_wf/sub_GEO021_wf/bold_ses_t2_task_image_run_5_wf/bold_anat_wf/gen_ref".
250527-21:35:02,639 nipype.workflow INFO:
	 [Node] Executing "gen_ref" <niworkflows.interfaces.nibabel.GenerateSamplingReference>
250527-21:35:03,590 nipype.workflow INFO:
	 [Node] Finished "gen_ref", elapsed time 0.950613s.
250527-21:35:05,761 nipype.workflow INFO:
	 [Node] Setting-up "fmriprep_25_0_wf.sub_GEO021_wf.anat_fit_wf.lut_t1w_dseg" in "/work/fmriprep_25_0_wf/sub_GEO021_wf/anat_fit_wf/lut_t1w_dseg".
250527-21:35:06,649 nipype.workflow INFO:
	 [Node] Executing "lut_t1w_dseg" <nipype.interfaces.utility.wrappers.Function>
250527-21:35:07,9 nipype.workflow INFO:
	 [Node] Finished "lut_t1w_dseg", elapsed time 0.358253s.
250527-21:35:16,30 nipype.workflow INFO:
	 [Node] Finished "mri_coreg", elapsed time 45.061131s.
250527-21:35:23,935 nipype.workflow INFO:
	 [Node] Setting-up "_create_wm_distvol0" in "/work/fmriprep_25_0_wf/sub_GEO021_wf/anat_fit_wf/anat_ribbon_wf/create_wm_distvol/mapflow/_create_wm_distvol0".
250527-21:35:24,238 nipype.workflow INFO:
	 [Node] Setting-up "fmriprep_25_0_wf.sub_GEO021_wf.bold_ses_t2_task_image_run_1_wf.bold_fit_wf.bold_reg_wf.bbreg_wf.bbregister" in "/work/fmriprep_25_0_wf/sub_GEO021_wf/bold_ses_t2_task_image_run_1_wf/bold_fit_wf/bold_reg_wf/bbreg_wf/bbregister".
250527-21:35:24,728 nipype.workflow INFO:
	 [Node] Executing "_create_wm_distvol0" <smriprep.interfaces.workbench.CreateSignedDistanceVolume>
250527-21:35:24,997 nipype.workflow INFO:
	 [Node] Executing "bbregister" <nipype.interfaces.freesurfer.preprocess.BBRegister>
250527-21:35:42,750 nipype.workflow INFO:
	 [Node] Setting-up "fmriprep_25_0_wf.sub_GEO021_wf.anat_fit_wf.anat_reports_wf.seg_rpt" in "/work/fmriprep_25_0_wf/sub_GEO021_wf/anat_fit_wf/anat_reports_wf/seg_rpt".
250527-21:35:42,751 nipype.workflow INFO:
	 [Node] Setting-up "fmriprep_25_0_wf.sub_GEO021_wf.bold_ses_t2_task_image_run_1_wf.bold_fit_wf.func_fit_reports_wf.t1w_wm" in "/work/fmriprep_25_0_wf/sub_GEO021_wf/bold_ses_t2_task_image_run_1_wf/bold_fit_wf/func_fit_reports_wf/t1w_wm".
250527-21:35:42,757 nipype.workflow INFO:
	 [Node] Setting-up "fmriprep_25_0_wf.sub_GEO021_wf.bold_ses_t2_task_image_run_2_wf.bold_fit_wf.func_fit_reports_wf.t1w_wm" in "/work/fmriprep_25_0_wf/sub_GEO021_wf/bold_ses_t2_task_image_run_2_wf/bold_fit_wf/func_fit_reports_wf/t1w_wm".
250527-21:35:42,763 nipype.workflow INFO:
	 [Node] Setting-up "fmriprep_25_0_wf.sub_GEO021_wf.bold_ses_t2_task_image_run_3_wf.bold_fit_wf.func_fit_reports_wf.t1w_wm" in "/work/fmriprep_25_0_wf/sub_GEO021_wf/bold_ses_t2_task_image_run_3_wf/bold_fit_wf/func_fit_reports_wf/t1w_wm".
250527-21:35:42,770 nipype.workflow INFO:
	 [Node] Setting-up "fmriprep_25_0_wf.sub_GEO021_wf.bold_ses_t2_task_image_run_4_wf.bold_fit_wf.func_fit_reports_wf.t1w_wm" in "/work/fmriprep_25_0_wf/sub_GEO021_wf/bold_ses_t2_task_image_run_4_wf/bold_fit_wf/func_fit_reports_wf/t1w_wm".
250527-21:35:42,784 nipype.workflow INFO:
	 [Node] Setting-up "fmriprep_25_0_wf.sub_GEO021_wf.bold_ses_t2_task_image_run_5_wf.bold_fit_wf.func_fit_reports_wf.t1w_wm" in "/work/fmriprep_25_0_wf/sub_GEO021_wf/bold_ses_t2_task_image_run_5_wf/bold_fit_wf/func_fit_reports_wf/t1w_wm".
250527-21:35:43,264 nipype.workflow INFO:
	 [Node] Executing "t1w_wm" <nipype.interfaces.utility.wrappers.Function>
250527-21:35:43,412 nipype.workflow INFO:
	 [Node] Executing "t1w_wm" <nipype.interfaces.utility.wrappers.Function>
250527-21:35:43,448 nipype.workflow INFO:
	 [Node] Executing "seg_rpt" <niworkflows.interfaces.reportlets.masks.ROIsPlot>
250527-21:35:43,452 nipype.workflow INFO:
	 [Node] Executing "t1w_wm" <nipype.interfaces.utility.wrappers.Function>
250527-21:35:43,465 nipype.workflow INFO:
	 [Node] Executing "t1w_wm" <nipype.interfaces.utility.wrappers.Function>
250527-21:35:43,467 nipype.workflow INFO:
	 [Node] Executing "t1w_wm" <nipype.interfaces.utility.wrappers.Function>
250527-21:35:43,486 nipype.workflow INFO:
	 [Node] Finished "t1w_wm", elapsed time 0.220781s.
250527-21:35:43,535 nipype.workflow INFO:
	 [Node] Finished "t1w_wm", elapsed time 0.122071s.
250527-21:35:43,554 nipype.workflow INFO:
	 [Node] Finished "t1w_wm", elapsed time 0.100393s.
250527-21:35:43,624 nipype.workflow INFO:
	 [Node] Finished "t1w_wm", elapsed time 0.155285s.
250527-21:35:43,740 nipype.workflow INFO:
	 [Node] Finished "t1w_wm", elapsed time 0.273914s.
250527-21:35:45,118 nipype.workflow INFO:
	 [Node] Setting-up "fmriprep_25_0_wf.sub_GEO021_wf.bold_ses_t2_task_image_run_1_wf.bold_confounds_wf.acc_masks" in "/work/fmriprep_25_0_wf/sub_GEO021_wf/bold_ses_t2_task_image_run_1_wf/bold_confounds_wf/acc_masks".
250527-21:35:45,123 nipype.workflow INFO:
	 [Node] Setting-up "fmriprep_25_0_wf.sub_GEO021_wf.bold_ses_t2_task_image_run_2_wf.bold_confounds_wf.acc_masks" in "/work/fmriprep_25_0_wf/sub_GEO021_wf/bold_ses_t2_task_image_run_2_wf/bold_confounds_wf/acc_masks".
250527-21:35:45,129 nipype.workflow INFO:
	 [Node] Setting-up "fmriprep_25_0_wf.sub_GEO021_wf.bold_ses_t2_task_image_run_3_wf.bold_confounds_wf.acc_masks" in "/work/fmriprep_25_0_wf/sub_GEO021_wf/bold_ses_t2_task_image_run_3_wf/bold_confounds_wf/acc_masks".
250527-21:35:45,133 nipype.workflow INFO:
	 [Node] Setting-up "fmriprep_25_0_wf.sub_GEO021_wf.bold_ses_t2_task_image_run_4_wf.bold_confounds_wf.acc_masks" in "/work/fmriprep_25_0_wf/sub_GEO021_wf/bold_ses_t2_task_image_run_4_wf/bold_confounds_wf/acc_masks".
250527-21:35:45,140 nipype.workflow INFO:
	 [Node] Setting-up "fmriprep_25_0_wf.sub_GEO021_wf.bold_ses_t2_task_image_run_5_wf.bold_confounds_wf.acc_masks" in "/work/fmriprep_25_0_wf/sub_GEO021_wf/bold_ses_t2_task_image_run_5_wf/bold_confounds_wf/acc_masks".
250527-21:35:45,847 nipype.workflow INFO:
	 [Node] Executing "acc_masks" <fmriprep.interfaces.confounds.aCompCorMasks>
250527-21:35:45,905 nipype.workflow INFO:
	 [Node] Executing "acc_masks" <fmriprep.interfaces.confounds.aCompCorMasks>
250527-21:35:45,976 nipype.workflow INFO:
	 [Node] Executing "acc_masks" <fmriprep.interfaces.confounds.aCompCorMasks>
250527-21:35:45,977 nipype.workflow INFO:
	 [Node] Executing "acc_masks" <fmriprep.interfaces.confounds.aCompCorMasks>
250527-21:35:45,979 nipype.workflow INFO:
	 [Node] Executing "acc_masks" <fmriprep.interfaces.confounds.aCompCorMasks>
250527-21:35:49,103 nipype.workflow INFO:
	 [Node] Finished "acc_masks", elapsed time 3.124283s.
250527-21:35:49,170 nipype.workflow INFO:
	 [Node] Finished "acc_masks", elapsed time 3.321881s.
250527-21:35:49,233 nipype.workflow INFO:
	 [Node] Finished "acc_masks", elapsed time 3.327036s.
250527-21:35:49,249 nipype.workflow INFO:
	 [Node] Finished "acc_masks", elapsed time 3.269137s.
250527-21:35:49,580 nipype.workflow INFO:
	 [Node] Finished "acc_masks", elapsed time 3.601614s.
250527-21:35:49,762 nipype.workflow INFO:
	 [Node] Finished "bbregister", elapsed time 24.764212s.
250527-21:35:51,108 nipype.workflow INFO:
	 [Node] Setting-up "fmriprep_25_0_wf.sub_GEO021_wf.bold_ses_t2_task_image_run_2_wf.bold_fit_wf.bold_reg_wf.bbreg_wf.bbregister" in "/work/fmriprep_25_0_wf/sub_GEO021_wf/bold_ses_t2_task_image_run_2_wf/bold_fit_wf/bold_reg_wf/bbreg_wf/bbregister".
250527-21:35:51,776 nipype.workflow INFO:
	 [Node] Executing "bbregister" <nipype.interfaces.freesurfer.preprocess.BBRegister>
250527-21:35:52,283 nipype.workflow INFO:
	 [Node] Setting-up "_create_pial_distvol1" in "/work/fmriprep_25_0_wf/sub_GEO021_wf/anat_fit_wf/anat_ribbon_wf/create_pial_distvol/mapflow/_create_pial_distvol1".
250527-21:35:52,283 nipype.workflow INFO:
	 [Node] Setting-up "_create_pial_distvol0" in "/work/fmriprep_25_0_wf/sub_GEO021_wf/anat_fit_wf/anat_ribbon_wf/create_pial_distvol/mapflow/_create_pial_distvol0".
250527-21:35:52,299 nipype.workflow INFO:
	 [Node] Setting-up "_create_wm_distvol1" in "/work/fmriprep_25_0_wf/sub_GEO021_wf/anat_fit_wf/anat_ribbon_wf/create_wm_distvol/mapflow/_create_wm_distvol1".
250527-21:35:52,826 nipype.workflow INFO:
	 [Node] Executing "_create_wm_distvol1" <smriprep.interfaces.workbench.CreateSignedDistanceVolume>
250527-21:35:52,890 nipype.workflow INFO:
	 [Node] Executing "_create_pial_distvol1" <smriprep.interfaces.workbench.CreateSignedDistanceVolume>
250527-21:35:53,69 nipype.workflow INFO:
	 [Node] Executing "_create_pial_distvol0" <smriprep.interfaces.workbench.CreateSignedDistanceVolume>
250527-21:35:59,916 nipype.workflow INFO:
	 [Node] Setting-up "_project_unproject0" in "/work/fmriprep_25_0_wf/sub_GEO021_wf/anat_fit_wf/fsLR_reg_wf/project_unproject/mapflow/_project_unproject0".
250527-21:35:59,918 nipype.workflow INFO:
	 [Node] Setting-up "_project_unproject1" in "/work/fmriprep_25_0_wf/sub_GEO021_wf/anat_fit_wf/fsLR_reg_wf/project_unproject/mapflow/_project_unproject1".
250527-21:35:59,989 nipype.workflow INFO:
	 [Node] Finished "seg_rpt", elapsed time 16.539266s.
250527-21:36:00,734 nipype.workflow INFO:
	 [Node] Executing "_project_unproject1" <smriprep.interfaces.workbench.SurfaceSphereProjectUnproject>
250527-21:36:00,800 nipype.workflow INFO:
	 [Node] Executing "_project_unproject0" <smriprep.interfaces.workbench.SurfaceSphereProjectUnproject>
250527-21:36:02,309 nipype.workflow INFO:
	 [Node] Setting-up "fmriprep_25_0_wf.sub_GEO021_wf.bold_ses_t2_task_image_run_1_wf.bold_fit_wf.bold_reg_wf.bbreg_wf.compare_transforms" in "/work/fmriprep_25_0_wf/sub_GEO021_wf/bold_ses_t2_task_image_run_1_wf/bold_fit_wf/bold_reg_wf/bbreg_wf/compare_transforms".
250527-21:36:03,293 nipype.workflow INFO:
	 [Node] Executing "compare_transforms" <nipype.interfaces.utility.wrappers.Function>
250527-21:36:03,369 nipype.workflow INFO:
	 [Node] Finished "compare_transforms", elapsed time 0.074793s.
250527-21:36:03,935 nipype.workflow INFO:
	 [Node] Finished "_create_wm_distvol0", elapsed time 36.292678s.
250527-21:36:04,87 nipype.workflow INFO:
	 [Node] Finished "_project_unproject1", elapsed time 3.127353s.
250527-21:36:04,209 nipype.workflow INFO:
	 [Node] Finished "_project_unproject0", elapsed time 3.166373s.
250527-21:36:15,515 nipype.workflow INFO:
	 [Node] Finished "bbregister", elapsed time 23.737649s.
250527-21:36:19,977 nipype.workflow INFO:
	 [Node] Setting-up "fmriprep_25_0_wf.sub_GEO021_wf.bold_ses_t2_task_image_run_3_wf.bold_fit_wf.bold_reg_wf.bbreg_wf.bbregister" in "/work/fmriprep_25_0_wf/sub_GEO021_wf/bold_ses_t2_task_image_run_3_wf/bold_fit_wf/bold_reg_wf/bbreg_wf/bbregister".
250527-21:36:20,966 nipype.workflow INFO:
	 [Node] Executing "bbregister" <nipype.interfaces.freesurfer.preprocess.BBRegister>
250527-21:36:22,99 nipype.workflow INFO:
	 [Node] Setting-up "_project_unproject0" in "/work/fmriprep_25_0_wf/sub_GEO021_wf/anat_fit_wf/fsLR_reg_wf/project_unproject/mapflow/_project_unproject0".
250527-21:36:22,103 nipype.workflow INFO:
	 [Node] Cached "_project_unproject0" - collecting precomputed outputs
250527-21:36:22,104 nipype.workflow INFO:
	 [Node] "_project_unproject0" found cached.
250527-21:36:22,104 nipype.workflow INFO:
	 [Node] Setting-up "_project_unproject1" in "/work/fmriprep_25_0_wf/sub_GEO021_wf/anat_fit_wf/fsLR_reg_wf/project_unproject/mapflow/_project_unproject1".
250527-21:36:22,108 nipype.workflow INFO:
	 [Node] Cached "_project_unproject1" - collecting precomputed outputs
250527-21:36:22,108 nipype.workflow INFO:
	 [Node] "_project_unproject1" found cached.
250527-21:36:25,82 nipype.workflow INFO:
	 [Node] Setting-up "fmriprep_25_0_wf.sub_GEO021_wf.bold_ses_t2_task_image_run_2_wf.bold_fit_wf.bold_reg_wf.bbreg_wf.compare_transforms" in "/work/fmriprep_25_0_wf/sub_GEO021_wf/bold_ses_t2_task_image_run_2_wf/bold_fit_wf/bold_reg_wf/bbreg_wf/compare_transforms".
250527-21:36:25,441 nipype.workflow INFO:
	 [Node] Setting-up "fmriprep_25_0_wf.sub_GEO021_wf.bold_ses_t2_task_image_run_1_wf.bold_fit_wf.bold_reg_wf.bbreg_wf.concat_xfm" in "/work/fmriprep_25_0_wf/sub_GEO021_wf/bold_ses_t2_task_image_run_1_wf/bold_fit_wf/bold_reg_wf/bbreg_wf/concat_xfm".
250527-21:36:25,696 nipype.workflow INFO:
	 [Node] Executing "compare_transforms" <nipype.interfaces.utility.wrappers.Function>
250527-21:36:25,707 nipype.workflow INFO:
	 [Node] Finished "compare_transforms", elapsed time 0.009578s.
250527-21:36:26,227 nipype.workflow INFO:
	 [Node] Executing "concat_xfm" <niworkflows.interfaces.nitransforms.ConcatenateXFMs>
250527-21:36:26,438 nipype.workflow INFO:
	 [Node] Finished "concat_xfm", elapsed time 0.210076s.
250527-21:36:29,542 nipype.workflow INFO:
	 [Node] Finished "_create_wm_distvol1", elapsed time 36.472002s.
250527-21:36:35,415 nipype.workflow INFO:
	 [Node] Finished "_create_pial_distvol1", elapsed time 42.300365s.
250527-21:36:35,424 nipype.workflow INFO:
	 [Node] Setting-up "_create_wm_distvol0" in "/work/fmriprep_25_0_wf/sub_GEO021_wf/anat_fit_wf/anat_ribbon_wf/create_wm_distvol/mapflow/_create_wm_distvol0".
250527-21:36:35,431 nipype.workflow INFO:
	 [Node] Cached "_create_wm_distvol0" - collecting precomputed outputs
250527-21:36:35,431 nipype.workflow INFO:
	 [Node] "_create_wm_distvol0" found cached.
250527-21:36:35,432 nipype.workflow INFO:
	 [Node] Setting-up "_create_wm_distvol1" in "/work/fmriprep_25_0_wf/sub_GEO021_wf/anat_fit_wf/anat_ribbon_wf/create_wm_distvol/mapflow/_create_wm_distvol1".
250527-21:36:35,437 nipype.workflow INFO:
	 [Node] Cached "_create_wm_distvol1" - collecting precomputed outputs
250527-21:36:35,437 nipype.workflow INFO:
	 [Node] "_create_wm_distvol1" found cached.
250527-21:36:35,939 nipype.workflow INFO:
	 [Node] Finished "_create_pial_distvol0", elapsed time 42.621041s.
250527-21:36:42,11 nipype.workflow INFO:
	 [Node] Setting-up "fmriprep_25_0_wf.sub_GEO021_wf.bold_ses_t2_task_image_run_1_wf.bold_fit_wf.func_fit_reports_wf.t1w_boldref" in "/work/fmriprep_25_0_wf/sub_GEO021_wf/bold_ses_t2_task_image_run_1_wf/bold_fit_wf/func_fit_reports_wf/t1w_boldref".
250527-21:36:42,622 nipype.workflow INFO:
	 [Node] Executing "t1w_boldref" <niworkflows.interfaces.fixes.FixHeaderApplyTransforms>
250527-21:36:43,399 nipype.workflow INFO:
	 [Node] Setting-up "fmriprep_25_0_wf.sub_GEO021_wf.bold_ses_t2_task_image_run_1_wf.bold_confounds_wf.t1w_mask_tfm" in "/work/fmriprep_25_0_wf/sub_GEO021_wf/bold_ses_t2_task_image_run_1_wf/bold_confounds_wf/t1w_mask_tfm".
250527-21:36:43,866 nipype.workflow INFO:
	 [Node] Executing "t1w_mask_tfm" <niworkflows.interfaces.fixes.FixHeaderApplyTransforms>
250527-21:36:44,185 nipype.workflow INFO:
	 [Node] Setting-up "fmriprep_25_0_wf.sub_GEO021_wf.bold_ses_t2_task_image_run_2_wf.bold_fit_wf.bold_reg_wf.bbreg_wf.concat_xfm" in "/work/fmriprep_25_0_wf/sub_GEO021_wf/bold_ses_t2_task_image_run_2_wf/bold_fit_wf/bold_reg_wf/bbreg_wf/concat_xfm".
250527-21:36:44,715 nipype.workflow INFO:
	 [Node] Setting-up "_create_pial_distvol0" in "/work/fmriprep_25_0_wf/sub_GEO021_wf/anat_fit_wf/anat_ribbon_wf/create_pial_distvol/mapflow/_create_pial_distvol0".
250527-21:36:44,716 nipype.workflow INFO:
	 [Node] Finished "t1w_boldref", elapsed time 2.093284s.
250527-21:36:44,723 nipype.workflow INFO:
	 [Node] Cached "_create_pial_distvol0" - collecting precomputed outputs
250527-21:36:44,723 nipype.workflow INFO:
	 [Node] "_create_pial_distvol0" found cached.
250527-21:36:44,724 nipype.workflow INFO:
	 [Node] Setting-up "_create_pial_distvol1" in "/work/fmriprep_25_0_wf/sub_GEO021_wf/anat_fit_wf/anat_ribbon_wf/create_pial_distvol/mapflow/_create_pial_distvol1".
250527-21:36:44,731 nipype.workflow INFO:
	 [Node] Cached "_create_pial_distvol1" - collecting precomputed outputs
250527-21:36:44,732 nipype.workflow INFO:
	 [Node] "_create_pial_distvol1" found cached.
250527-21:36:45,278 nipype.workflow INFO:
	 [Node] Executing "concat_xfm" <niworkflows.interfaces.nitransforms.ConcatenateXFMs>
250527-21:36:45,685 nipype.workflow INFO:
	 [Node] Finished "concat_xfm", elapsed time 0.405271s.
250527-21:36:45,931 nipype.workflow INFO:
	 [Node] Setting-up "_acc_msk_tfm0" in "/work/fmriprep_25_0_wf/sub_GEO021_wf/bold_ses_t2_task_image_run_1_wf/bold_confounds_wf/acc_msk_tfm/mapflow/_acc_msk_tfm0".
250527-21:36:45,931 nipype.workflow INFO:
	 [Node] Setting-up "_acc_msk_tfm2" in "/work/fmriprep_25_0_wf/sub_GEO021_wf/bold_ses_t2_task_image_run_1_wf/bold_confounds_wf/acc_msk_tfm/mapflow/_acc_msk_tfm2".
250527-21:36:45,931 nipype.workflow INFO:
	 [Node] Setting-up "_acc_msk_tfm1" in "/work/fmriprep_25_0_wf/sub_GEO021_wf/bold_ses_t2_task_image_run_1_wf/bold_confounds_wf/acc_msk_tfm/mapflow/_acc_msk_tfm1".
250527-21:36:46,179 nipype.workflow INFO:
	 [Node] Finished "t1w_mask_tfm", elapsed time 2.311527s.
250527-21:36:46,240 nipype.workflow INFO:
	 [Node] Setting-up "fmriprep_25_0_wf.sub_GEO021_wf.bold_ses_t2_task_image_run_1_wf.bold_fit_wf.func_fit_reports_wf.boldref_wm" in "/work/fmriprep_25_0_wf/sub_GEO021_wf/bold_ses_t2_task_image_run_1_wf/bold_fit_wf/func_fit_reports_wf/boldref_wm".
250527-21:36:46,242 nipype.workflow INFO:
	 [Node] Setting-up "fmriprep_25_0_wf.sub_GEO021_wf.anat_fit_wf.anat_ribbon_wf.make_ribbon" in "/work/fmriprep_25_0_wf/sub_GEO021_wf/anat_fit_wf/anat_ribbon_wf/make_ribbon".
250527-21:36:46,968 nipype.workflow INFO:
	 [Node] Executing "_acc_msk_tfm2" <niworkflows.interfaces.fixes.FixHeaderApplyTransforms>
250527-21:36:46,971 nipype.workflow INFO:
	 [Node] Executing "_acc_msk_tfm0" <niworkflows.interfaces.fixes.FixHeaderApplyTransforms>
250527-21:36:47,11 nipype.workflow INFO:
	 [Node] Executing "make_ribbon" <smriprep.interfaces.surf.MakeRibbon>
250527-21:36:47,431 nipype.workflow INFO:
	 [Node] Executing "_acc_msk_tfm1" <niworkflows.interfaces.fixes.FixHeaderApplyTransforms>
250527-21:36:47,575 nipype.workflow INFO:
	 [Node] Executing "boldref_wm" <niworkflows.interfaces.fixes.FixHeaderApplyTransforms>
250527-21:36:47,659 nipype.workflow INFO:
	 [Node] Finished "make_ribbon", elapsed time 0.646991s.
250527-21:36:48,468 nipype.workflow INFO:
	 [Node] Finished "boldref_wm", elapsed time 0.891849s.
250527-21:36:48,518 nipype.workflow INFO:
	 [Node] Finished "_acc_msk_tfm0", elapsed time 1.546617s.
250527-21:36:48,593 nipype.workflow INFO:
	 [Node] Finished "_acc_msk_tfm2", elapsed time 1.6234899999999999s.
250527-21:36:48,640 nipype.workflow INFO:
	 [Node] Finished "bbregister", elapsed time 27.673782s.
250527-21:36:48,744 nipype.workflow INFO:
	 [Node] Finished "_acc_msk_tfm1", elapsed time 1.308589s.
250527-21:36:50,160 nipype.workflow INFO:
	 [Node] Setting-up "fmriprep_25_0_wf.sub_GEO021_wf.bold_ses_t2_task_image_run_1_wf.bold_confounds_wf.union_mask" in "/work/fmriprep_25_0_wf/sub_GEO021_wf/bold_ses_t2_task_image_run_1_wf/bold_confounds_wf/union_mask".
250527-21:36:50,162 nipype.workflow INFO:
	 [Node] Setting-up "_regress_affine0" in "/work/fmriprep_25_0_wf/sub_GEO021_wf/anat_fit_wf/msm_sulc_wf/regress_affine/mapflow/_regress_affine0".
250527-21:36:50,425 nipype.workflow INFO:
	 [Node] Setting-up "fmriprep_25_0_wf.sub_GEO021_wf.bold_ses_t2_task_image_run_4_wf.bold_fit_wf.bold_reg_wf.bbreg_wf.bbregister" in "/work/fmriprep_25_0_wf/sub_GEO021_wf/bold_ses_t2_task_image_run_4_wf/bold_fit_wf/bold_reg_wf/bbreg_wf/bbregister".
250527-21:36:51,166 nipype.workflow INFO:
	 [Node] Executing "union_mask" <nipype.interfaces.utility.wrappers.Function>
250527-21:36:51,210 nipype.workflow INFO:
	 [Node] Executing "_regress_affine0" <smriprep.interfaces.workbench.SurfaceAffineRegression>
250527-21:36:51,268 nipype.workflow INFO:
	 [Node] Finished "union_mask", elapsed time 0.101413s.
250527-21:36:51,330 nipype.workflow INFO:
	 [Node] Executing "bbregister" <nipype.interfaces.freesurfer.preprocess.BBRegister>
250527-21:36:51,880 nipype.workflow INFO:
	 [Node] Finished "_regress_affine0", elapsed time 0.468178s.
250527-21:36:54,243 nipype.workflow INFO:
	 [Node] Setting-up "fmriprep_25_0_wf.sub_GEO021_wf.bold_ses_t2_task_image_run_2_wf.bold_fit_wf.func_fit_reports_wf.t1w_boldref" in "/work/fmriprep_25_0_wf/sub_GEO021_wf/bold_ses_t2_task_image_run_2_wf/bold_fit_wf/func_fit_reports_wf/t1w_boldref".
250527-21:36:54,604 nipype.workflow INFO:
	 [Node] Setting-up "_acc_msk_tfm0" in "/work/fmriprep_25_0_wf/sub_GEO021_wf/bold_ses_t2_task_image_run_1_wf/bold_confounds_wf/acc_msk_tfm/mapflow/_acc_msk_tfm0".
250527-21:36:54,607 nipype.workflow INFO:
	 [Node] Cached "_acc_msk_tfm0" - collecting precomputed outputs
250527-21:36:54,608 nipype.workflow INFO:
	 [Node] "_acc_msk_tfm0" found cached.
250527-21:36:54,609 nipype.workflow INFO:
	 [Node] Setting-up "_acc_msk_tfm1" in "/work/fmriprep_25_0_wf/sub_GEO021_wf/bold_ses_t2_task_image_run_1_wf/bold_confounds_wf/acc_msk_tfm/mapflow/_acc_msk_tfm1".
250527-21:36:54,612 nipype.workflow INFO:
	 [Node] Cached "_acc_msk_tfm1" - collecting precomputed outputs
250527-21:36:54,613 nipype.workflow INFO:
	 [Node] "_acc_msk_tfm1" found cached.
250527-21:36:54,613 nipype.workflow INFO:
	 [Node] Setting-up "_acc_msk_tfm2" in "/work/fmriprep_25_0_wf/sub_GEO021_wf/bold_ses_t2_task_image_run_1_wf/bold_confounds_wf/acc_msk_tfm/mapflow/_acc_msk_tfm2".
250527-21:36:54,618 nipype.workflow INFO:
	 [Node] Cached "_acc_msk_tfm2" - collecting precomputed outputs
250527-21:36:54,618 nipype.workflow INFO:
	 [Node] "_acc_msk_tfm2" found cached.
250527-21:36:54,777 nipype.workflow INFO:
	 [Node] Executing "t1w_boldref" <niworkflows.interfaces.fixes.FixHeaderApplyTransforms>
250527-21:36:55,602 nipype.workflow INFO:
	 [Node] Setting-up "fmriprep_25_0_wf.sub_GEO021_wf.bold_ses_t2_task_image_run_2_wf.bold_confounds_wf.t1w_mask_tfm" in "/work/fmriprep_25_0_wf/sub_GEO021_wf/bold_ses_t2_task_image_run_2_wf/bold_confounds_wf/t1w_mask_tfm".
250527-21:36:56,191 nipype.workflow INFO:
	 [Node] Setting-up "fmriprep_25_0_wf.sub_GEO021_wf.bold_ses_t2_task_image_run_3_wf.bold_fit_wf.bold_reg_wf.bbreg_wf.compare_transforms" in "/work/fmriprep_25_0_wf/sub_GEO021_wf/bold_ses_t2_task_image_run_3_wf/bold_fit_wf/bold_reg_wf/bbreg_wf/compare_transforms".
250527-21:36:56,193 nipype.workflow INFO:
	 [Node] Setting-up "fmriprep_25_0_wf.sub_GEO021_wf.bold_ses_t2_task_image_run_1_wf.bold_fit_wf.func_fit_reports_wf.epi_t1_report" in "/work/fmriprep_25_0_wf/sub_GEO021_wf/bold_ses_t2_task_image_run_1_wf/bold_fit_wf/func_fit_reports_wf/epi_t1_report".
250527-21:36:56,244 nipype.workflow INFO:
	 [Node] Executing "t1w_mask_tfm" <niworkflows.interfaces.fixes.FixHeaderApplyTransforms>
250527-21:36:57,505 nipype.workflow INFO:
	 [Node] Finished "t1w_boldref", elapsed time 2.726938s.
250527-21:36:57,709 nipype.workflow INFO:
	 [Node] Executing "compare_transforms" <nipype.interfaces.utility.wrappers.Function>
250527-21:36:57,718 nipype.workflow INFO:
	 [Node] Finished "compare_transforms", elapsed time 0.00814s.
250527-21:36:57,878 nipype.workflow INFO:
	 [Node] Executing "epi_t1_report" <nireports.interfaces.reporting.base.SimpleBeforeAfterRPT>
250527-21:36:57,879 nipype.interface INFO:
	 Report - setting before (/out/sub-GEO021/ses-t2/func/sub-GEO021_ses-t2_task-image_run-1_desc-coreg_boldref.nii.gz) and after (/work/fmriprep_25_0_wf/sub_GEO021_wf/bold_ses_t2_task_image_run_1_wf/bold_fit_wf/func_fit_reports_wf/t1w_boldref/sub-GEO021_ses-t2_desc-preproc_T1w_trans.nii.gz) images
250527-21:36:57,880 nipype.interface INFO:
	 Generating visual report
250527-21:36:59,64 nipype.workflow INFO:
	 [Node] Setting-up "_regress_affine1" in "/work/fmriprep_25_0_wf/sub_GEO021_wf/anat_fit_wf/msm_sulc_wf/regress_affine/mapflow/_regress_affine1".
250527-21:36:59,89 nipype.workflow INFO:
	 [Node] Setting-up "fmriprep_25_0_wf.sub_GEO021_wf.bold_ses_t2_task_image_run_1_wf.bold_confounds_wf.dilated_mask" in "/work/fmriprep_25_0_wf/sub_GEO021_wf/bold_ses_t2_task_image_run_1_wf/bold_confounds_wf/dilated_mask".
250527-21:36:59,494 nipype.workflow INFO:
	 [Node] Executing "_regress_affine1" <smriprep.interfaces.workbench.SurfaceAffineRegression>
250527-21:36:59,670 nipype.workflow INFO:
	 [Node] Executing "dilated_mask" <niworkflows.interfaces.morphology.BinaryDilation>
250527-21:36:59,770 nipype.workflow INFO:
	 [Node] Finished "t1w_mask_tfm", elapsed time 3.52448s.
250527-21:36:59,798 nipype.workflow INFO:
	 [Node] Finished "dilated_mask", elapsed time 0.126909s.
250527-21:37:00,243 nipype.workflow INFO:
	 [Node] Finished "_regress_affine1", elapsed time 0.525819s.
250527-21:37:01,633 nipype.workflow INFO:
	 [Node] Setting-up "fmriprep_25_0_wf.sub_GEO021_wf.bold_ses_t2_task_image_run_2_wf.bold_fit_wf.func_fit_reports_wf.boldref_wm" in "/work/fmriprep_25_0_wf/sub_GEO021_wf/bold_ses_t2_task_image_run_2_wf/bold_fit_wf/func_fit_reports_wf/boldref_wm".
250527-21:37:01,634 nipype.workflow INFO:
	 [Node] Setting-up "_acc_msk_tfm0" in "/work/fmriprep_25_0_wf/sub_GEO021_wf/bold_ses_t2_task_image_run_2_wf/bold_confounds_wf/acc_msk_tfm/mapflow/_acc_msk_tfm0".
250527-21:37:01,636 nipype.workflow INFO:
	 [Node] Setting-up "_acc_msk_tfm1" in "/work/fmriprep_25_0_wf/sub_GEO021_wf/bold_ses_t2_task_image_run_2_wf/bold_confounds_wf/acc_msk_tfm/mapflow/_acc_msk_tfm1".
250527-21:37:02,576 nipype.workflow INFO:
	 [Node] Executing "_acc_msk_tfm0" <niworkflows.interfaces.fixes.FixHeaderApplyTransforms>
250527-21:37:02,583 nipype.workflow INFO:
	 [Node] Executing "boldref_wm" <niworkflows.interfaces.fixes.FixHeaderApplyTransforms>
250527-21:37:02,667 nipype.workflow INFO:
	 [Node] Executing "_acc_msk_tfm1" <niworkflows.interfaces.fixes.FixHeaderApplyTransforms>
250527-21:37:03,86 nipype.workflow INFO:
	 [Node] Finished "boldref_wm", elapsed time 0.501779s.
250527-21:37:03,506 nipype.workflow INFO:
	 [Node] Finished "_acc_msk_tfm0", elapsed time 0.929392s.
250527-21:37:03,691 nipype.workflow INFO:
	 [Node] Finished "_acc_msk_tfm1", elapsed time 1.023148s.
250527-21:37:04,535 nipype.workflow INFO:
	 [Node] Setting-up "fmriprep_25_0_wf.sub_GEO021_wf.bold_ses_t2_task_image_run_2_wf.bold_confounds_wf.union_mask" in "/work/fmriprep_25_0_wf/sub_GEO021_wf/bold_ses_t2_task_image_run_2_wf/bold_confounds_wf/union_mask".
250527-21:37:04,535 nipype.workflow INFO:
	 [Node] Setting-up "fmriprep_25_0_wf.sub_GEO021_wf.bold_ses_t2_task_image_run_1_wf.bold_confounds_wf.subtract_mask" in "/work/fmriprep_25_0_wf/sub_GEO021_wf/bold_ses_t2_task_image_run_1_wf/bold_confounds_wf/subtract_mask".
250527-21:37:04,892 nipype.workflow INFO:
	 [Node] Setting-up "fmriprep_25_0_wf.sub_GEO021_wf.bold_ses_t2_task_image_run_3_wf.bold_fit_wf.bold_reg_wf.bbreg_wf.concat_xfm" in "/work/fmriprep_25_0_wf/sub_GEO021_wf/bold_ses_t2_task_image_run_3_wf/bold_fit_wf/bold_reg_wf/bbreg_wf/concat_xfm".
250527-21:37:04,898 nipype.workflow INFO:
	 [Node] Setting-up "_acc_msk_tfm2" in "/work/fmriprep_25_0_wf/sub_GEO021_wf/bold_ses_t2_task_image_run_2_wf/bold_confounds_wf/acc_msk_tfm/mapflow/_acc_msk_tfm2".
250527-21:37:04,923 nipype.workflow INFO:
	 [Node] Setting-up "_regress_affine0" in "/work/fmriprep_25_0_wf/sub_GEO021_wf/anat_fit_wf/msm_sulc_wf/regress_affine/mapflow/_regress_affine0".
250527-21:37:04,926 nipype.workflow INFO:
	 [Node] Cached "_regress_affine0" - collecting precomputed outputs
250527-21:37:04,926 nipype.workflow INFO:
	 [Node] "_regress_affine0" found cached.
250527-21:37:04,927 nipype.workflow INFO:
	 [Node] Setting-up "_regress_affine1" in "/work/fmriprep_25_0_wf/sub_GEO021_wf/anat_fit_wf/msm_sulc_wf/regress_affine/mapflow/_regress_affine1".
250527-21:37:04,931 nipype.workflow INFO:
	 [Node] Cached "_regress_affine1" - collecting precomputed outputs
250527-21:37:04,931 nipype.workflow INFO:
	 [Node] "_regress_affine1" found cached.
250527-21:37:05,155 nipype.workflow INFO:
	 [Node] Setting-up "fmriprep_25_0_wf.sub_GEO021_wf.bold_ses_t2_task_image_run_2_wf.bold_fit_wf.func_fit_reports_wf.epi_t1_report" in "/work/fmriprep_25_0_wf/sub_GEO021_wf/bold_ses_t2_task_image_run_2_wf/bold_fit_wf/func_fit_reports_wf/epi_t1_report".
250527-21:37:05,171 nipype.workflow INFO:
	 [Node] Executing "subtract_mask" <niworkflows.interfaces.morphology.BinarySubtraction>
250527-21:37:05,293 nipype.workflow INFO:
	 [Node] Executing "union_mask" <nipype.interfaces.utility.wrappers.Function>
250527-21:37:05,312 nipype.workflow INFO:
	 [Node] Finished "subtract_mask", elapsed time 0.139894s.
250527-21:37:05,381 nipype.workflow INFO:
	 [Node] Finished "union_mask", elapsed time 0.086024s.
250527-21:37:05,715 nipype.workflow INFO:
	 [Node] Executing "_acc_msk_tfm2" <niworkflows.interfaces.fixes.FixHeaderApplyTransforms>
250527-21:37:05,761 nipype.workflow INFO:
	 [Node] Executing "concat_xfm" <niworkflows.interfaces.nitransforms.ConcatenateXFMs>
250527-21:37:05,813 nipype.workflow INFO:
	 [Node] Executing "epi_t1_report" <nireports.interfaces.reporting.base.SimpleBeforeAfterRPT>
250527-21:37:05,814 nipype.interface INFO:
	 Report - setting before (/out/sub-GEO021/ses-t2/func/sub-GEO021_ses-t2_task-image_run-2_desc-coreg_boldref.nii.gz) and after (/work/fmriprep_25_0_wf/sub_GEO021_wf/bold_ses_t2_task_image_run_2_wf/bold_fit_wf/func_fit_reports_wf/t1w_boldref/sub-GEO021_ses-t2_desc-preproc_T1w_trans.nii.gz) images
250527-21:37:05,814 nipype.interface INFO:
	 Generating visual report
250527-21:37:05,909 nipype.workflow INFO:
	 [Node] Finished "concat_xfm", elapsed time 0.147071s.
250527-21:37:06,743 nipype.workflow INFO:
	 [Node] Finished "_acc_msk_tfm2", elapsed time 1.027481s.
250527-21:37:08,833 nipype.workflow INFO:
	 [Node] Setting-up "fmriprep_25_0_wf.sub_GEO021_wf.bold_ses_t2_task_image_run_2_wf.bold_confounds_wf.dilated_mask" in "/work/fmriprep_25_0_wf/sub_GEO021_wf/bold_ses_t2_task_image_run_2_wf/bold_confounds_wf/dilated_mask".
250527-21:37:08,835 nipype.workflow INFO:
	 [Node] Setting-up "_acc_msk_brain0" in "/work/fmriprep_25_0_wf/sub_GEO021_wf/bold_ses_t2_task_image_run_1_wf/bold_confounds_wf/acc_msk_brain/mapflow/_acc_msk_brain0".
250527-21:37:08,836 nipype.workflow INFO:
	 [Node] Setting-up "_acc_msk_brain1" in "/work/fmriprep_25_0_wf/sub_GEO021_wf/bold_ses_t2_task_image_run_1_wf/bold_confounds_wf/acc_msk_brain/mapflow/_acc_msk_brain1".
250527-21:37:08,836 nipype.workflow INFO:
	 [Node] Setting-up "_acc_msk_brain2" in "/work/fmriprep_25_0_wf/sub_GEO021_wf/bold_ses_t2_task_image_run_1_wf/bold_confounds_wf/acc_msk_brain/mapflow/_acc_msk_brain2".
250527-21:37:09,335 nipype.workflow INFO:
	 [Node] Executing "_acc_msk_brain0" <niworkflows.interfaces.nibabel.ApplyMask>
250527-21:37:09,440 nipype.workflow INFO:
	 [Node] Executing "_acc_msk_brain1" <niworkflows.interfaces.nibabel.ApplyMask>
250527-21:37:09,442 nipype.workflow INFO:
	 [Node] Executing "dilated_mask" <niworkflows.interfaces.morphology.BinaryDilation>
250527-21:37:09,504 nipype.workflow INFO:
	 [Node] Finished "_acc_msk_brain0", elapsed time 0.167658s.
250527-21:37:09,550 nipype.workflow INFO:
	 [Node] Setting-up "_acc_msk_tfm0" in "/work/fmriprep_25_0_wf/sub_GEO021_wf/bold_ses_t2_task_image_run_2_wf/bold_confounds_wf/acc_msk_tfm/mapflow/_acc_msk_tfm0".
250527-21:37:09,553 nipype.workflow INFO:
	 [Node] Cached "_acc_msk_tfm0" - collecting precomputed outputs
250527-21:37:09,554 nipype.workflow INFO:
	 [Node] "_acc_msk_tfm0" found cached.
250527-21:37:09,555 nipype.workflow INFO:
	 [Node] Setting-up "_acc_msk_tfm1" in "/work/fmriprep_25_0_wf/sub_GEO021_wf/bold_ses_t2_task_image_run_2_wf/bold_confounds_wf/acc_msk_tfm/mapflow/_acc_msk_tfm1".
250527-21:37:09,558 nipype.workflow INFO:
	 [Node] Finished "dilated_mask", elapsed time 0.114726s.
250527-21:37:09,559 nipype.workflow INFO:
	 [Node] Cached "_acc_msk_tfm1" - collecting precomputed outputs
250527-21:37:09,559 nipype.workflow INFO:
	 [Node] "_acc_msk_tfm1" found cached.
250527-21:37:09,560 nipype.workflow INFO:
	 [Node] Setting-up "_acc_msk_tfm2" in "/work/fmriprep_25_0_wf/sub_GEO021_wf/bold_ses_t2_task_image_run_2_wf/bold_confounds_wf/acc_msk_tfm/mapflow/_acc_msk_tfm2".
250527-21:37:09,573 nipype.workflow INFO:
	 [Node] Cached "_acc_msk_tfm2" - collecting precomputed outputs
250527-21:37:09,573 nipype.workflow INFO:
	 [Node] "_acc_msk_tfm2" found cached.
250527-21:37:09,581 nipype.workflow INFO:
	 [Node] Finished "_acc_msk_brain1", elapsed time 0.139883s.
250527-21:37:09,653 nipype.workflow INFO:
	 [Node] Executing "_acc_msk_brain2" <niworkflows.interfaces.nibabel.ApplyMask>
250527-21:37:10,171 nipype.workflow INFO:
	 [Node] Finished "_acc_msk_brain2", elapsed time 0.516336s.
250527-21:37:11,158 nipype.workflow INFO:
	 [Node] Setting-up "fmriprep_25_0_wf.sub_GEO021_wf.bold_ses_t2_task_image_run_3_wf.bold_fit_wf.func_fit_reports_wf.t1w_boldref" in "/work/fmriprep_25_0_wf/sub_GEO021_wf/bold_ses_t2_task_image_run_3_wf/bold_fit_wf/func_fit_reports_wf/t1w_boldref".
250527-21:37:12,208 nipype.workflow INFO:
	 [Node] Executing "t1w_boldref" <niworkflows.interfaces.fixes.FixHeaderApplyTransforms>
250527-21:37:12,979 nipype.workflow INFO:
	 [Node] Setting-up "fmriprep_25_0_wf.sub_GEO021_wf.bold_ses_t2_task_image_run_3_wf.bold_confounds_wf.t1w_mask_tfm" in "/work/fmriprep_25_0_wf/sub_GEO021_wf/bold_ses_t2_task_image_run_3_wf/bold_confounds_wf/t1w_mask_tfm".
250527-21:37:14,128 nipype.workflow INFO:
	 [Node] Setting-up "fmriprep_25_0_wf.sub_GEO021_wf.bold_ses_t2_task_image_run_2_wf.bold_confounds_wf.subtract_mask" in "/work/fmriprep_25_0_wf/sub_GEO021_wf/bold_ses_t2_task_image_run_2_wf/bold_confounds_wf/subtract_mask".
250527-21:37:14,130 nipype.workflow INFO:
	 [Node] Setting-up "_acc_msk_tfm0" in "/work/fmriprep_25_0_wf/sub_GEO021_wf/bold_ses_t2_task_image_run_3_wf/bold_confounds_wf/acc_msk_tfm/mapflow/_acc_msk_tfm0".
250527-21:37:14,512 nipype.workflow INFO:
	 [Node] Finished "t1w_boldref", elapsed time 2.302721s.
250527-21:37:14,519 nipype.workflow INFO:
	 [Node] Executing "t1w_mask_tfm" <niworkflows.interfaces.fixes.FixHeaderApplyTransforms>
250527-21:37:14,538 nipype.workflow INFO:
	 [Node] Setting-up "_acc_msk_brain0" in "/work/fmriprep_25_0_wf/sub_GEO021_wf/bold_ses_t2_task_image_run_1_wf/bold_confounds_wf/acc_msk_brain/mapflow/_acc_msk_brain0".
250527-21:37:14,542 nipype.workflow INFO:
	 [Node] Cached "_acc_msk_brain0" - collecting precomputed outputs
250527-21:37:14,542 nipype.workflow INFO:
	 [Node] "_acc_msk_brain0" found cached.
250527-21:37:14,543 nipype.workflow INFO:
	 [Node] Setting-up "_acc_msk_brain1" in "/work/fmriprep_25_0_wf/sub_GEO021_wf/bold_ses_t2_task_image_run_1_wf/bold_confounds_wf/acc_msk_brain/mapflow/_acc_msk_brain1".
250527-21:37:14,546 nipype.workflow INFO:
	 [Node] Cached "_acc_msk_brain1" - collecting precomputed outputs
250527-21:37:14,546 nipype.workflow INFO:
	 [Node] "_acc_msk_brain1" found cached.
250527-21:37:14,547 nipype.workflow INFO:
	 [Node] Setting-up "_acc_msk_brain2" in "/work/fmriprep_25_0_wf/sub_GEO021_wf/bold_ses_t2_task_image_run_1_wf/bold_confounds_wf/acc_msk_brain/mapflow/_acc_msk_brain2".
250527-21:37:14,554 nipype.workflow INFO:
	 [Node] Cached "_acc_msk_brain2" - collecting precomputed outputs
250527-21:37:14,554 nipype.workflow INFO:
	 [Node] "_acc_msk_brain2" found cached.
250527-21:37:14,848 nipype.workflow INFO:
	 [Node] Executing "subtract_mask" <niworkflows.interfaces.morphology.BinarySubtraction>
250527-21:37:14,922 nipype.workflow INFO:
	 [Node] Finished "subtract_mask", elapsed time 0.072971s.
250527-21:37:15,35 nipype.workflow INFO:
	 [Node] Executing "_acc_msk_tfm0" <niworkflows.interfaces.fixes.FixHeaderApplyTransforms>
250527-21:37:15,130 nipype.workflow INFO:
	 [Node] Finished "epi_t1_report", elapsed time 17.249947s.
250527-21:37:16,143 nipype.workflow INFO:
	 [Node] Finished "_acc_msk_tfm0", elapsed time 1.105662s.
250527-21:37:16,456 nipype.workflow INFO:
	 [Node] Setting-up "fmriprep_25_0_wf.sub_GEO021_wf.bold_ses_t2_task_image_run_3_wf.bold_fit_wf.func_fit_reports_wf.boldref_wm" in "/work/fmriprep_25_0_wf/sub_GEO021_wf/bold_ses_t2_task_image_run_3_wf/bold_fit_wf/func_fit_reports_wf/boldref_wm".
250527-21:37:16,944 nipype.workflow INFO:
	 [Node] Finished "t1w_mask_tfm", elapsed time 2.412259s.
250527-21:37:17,87 nipype.workflow INFO:
	 [Node] Executing "boldref_wm" <niworkflows.interfaces.fixes.FixHeaderApplyTransforms>
250527-21:37:17,690 nipype.workflow INFO:
	 [Node] Setting-up "fmriprep_25_0_wf.sub_GEO021_wf.bold_ses_t2_task_image_run_1_wf.bold_fit_wf.func_fit_reports_wf.ds_epi_t1_report" in "/work/fmriprep_25_0_wf/sub_GEO021_wf/bold_ses_t2_task_image_run_1_wf/bold_fit_wf/func_fit_reports_wf/ds_epi_t1_report".
250527-21:37:17,785 nipype.workflow INFO:
	 [Node] Finished "boldref_wm", elapsed time 0.696454s.
250527-21:37:17,824 nipype.workflow INFO:
	 [Node] Setting-up "_apply_surface_affine0" in "/work/fmriprep_25_0_wf/sub_GEO021_wf/anat_fit_wf/msm_sulc_wf/apply_surface_affine/mapflow/_apply_surface_affine0".
250527-21:37:17,827 nipype.workflow INFO:
	 [Node] Setting-up "_acc_msk_tfm1" in "/work/fmriprep_25_0_wf/sub_GEO021_wf/bold_ses_t2_task_image_run_3_wf/bold_confounds_wf/acc_msk_tfm/mapflow/_acc_msk_tfm1".
250527-21:37:18,275 nipype.workflow INFO:
	 [Node] Executing "_acc_msk_tfm1" <niworkflows.interfaces.fixes.FixHeaderApplyTransforms>
250527-21:37:18,375 nipype.workflow INFO:
	 [Node] Setting-up "fmriprep_25_0_wf.sub_GEO021_wf.bold_ses_t2_task_image_run_3_wf.bold_confounds_wf.union_mask" in "/work/fmriprep_25_0_wf/sub_GEO021_wf/bold_ses_t2_task_image_run_3_wf/bold_confounds_wf/union_mask".
250527-21:37:18,382 nipype.workflow INFO:
	 [Node] Setting-up "_apply_surface_affine1" in "/work/fmriprep_25_0_wf/sub_GEO021_wf/anat_fit_wf/msm_sulc_wf/apply_surface_affine/mapflow/_apply_surface_affine1".
250527-21:37:18,544 nipype.workflow INFO:
	 [Node] Executing "ds_epi_t1_report" <fmriprep.interfaces.DerivativesDataSink>
250527-21:37:18,547 nipype.workflow INFO:
	 [Node] Executing "_apply_surface_affine0" <smriprep.interfaces.workbench.SurfaceApplyAffine>
250527-21:37:18,799 nipype.workflow INFO:
	 [Node] Setting-up "fmriprep_25_0_wf.sub_GEO021_wf.bold_ses_t2_task_image_run_3_wf.bold_fit_wf.func_fit_reports_wf.epi_t1_report" in "/work/fmriprep_25_0_wf/sub_GEO021_wf/bold_ses_t2_task_image_run_3_wf/bold_fit_wf/func_fit_reports_wf/epi_t1_report".
250527-21:37:19,239 nipype.workflow INFO:
	 [Node] Finished "ds_epi_t1_report", elapsed time 0.692613s.
250527-21:37:19,451 nipype.workflow INFO:
	 [Node] Executing "union_mask" <nipype.interfaces.utility.wrappers.Function>
250527-21:37:19,532 nipype.workflow INFO:
	 [Node] Executing "_apply_surface_affine1" <smriprep.interfaces.workbench.SurfaceApplyAffine>
250527-21:37:19,605 nipype.workflow INFO:
	 [Node] Executing "epi_t1_report" <nireports.interfaces.reporting.base.SimpleBeforeAfterRPT>
250527-21:37:19,607 nipype.interface INFO:
	 Report - setting before (/out/sub-GEO021/ses-t2/func/sub-GEO021_ses-t2_task-image_run-3_desc-coreg_boldref.nii.gz) and after (/work/fmriprep_25_0_wf/sub_GEO021_wf/bold_ses_t2_task_image_run_3_wf/bold_fit_wf/func_fit_reports_wf/t1w_boldref/sub-GEO021_ses-t2_desc-preproc_T1w_trans.nii.gz) images
250527-21:37:19,607 nipype.interface INFO:
	 Generating visual report
250527-21:37:19,688 nipype.workflow INFO:
	 [Node] Finished "_acc_msk_tfm1", elapsed time 1.411929s.
250527-21:37:19,693 nipype.workflow INFO:
	 [Node] Finished "union_mask", elapsed time 0.239179s.
250527-21:37:20,242 nipype.workflow INFO:
	 [Node] Finished "_apply_surface_affine0", elapsed time 1.436488s.
250527-21:37:20,465 nipype.workflow INFO:
	 [Node] Setting-up "_acc_msk_tfm2" in "/work/fmriprep_25_0_wf/sub_GEO021_wf/bold_ses_t2_task_image_run_3_wf/bold_confounds_wf/acc_msk_tfm/mapflow/_acc_msk_tfm2".
250527-21:37:20,467 nipype.workflow INFO:
	 [Node] Setting-up "_acc_msk_brain0" in "/work/fmriprep_25_0_wf/sub_GEO021_wf/bold_ses_t2_task_image_run_2_wf/bold_confounds_wf/acc_msk_brain/mapflow/_acc_msk_brain0".
250527-21:37:20,813 nipype.workflow INFO:
	 [Node] Finished "_apply_surface_affine1", elapsed time 1.073621s.
250527-21:37:21,153 nipype.workflow INFO:
	 [Node] Executing "_acc_msk_brain0" <niworkflows.interfaces.nibabel.ApplyMask>
250527-21:37:21,651 nipype.workflow INFO:
	 [Node] Finished "_acc_msk_brain0", elapsed time 0.497053s.
250527-21:37:21,752 nipype.workflow INFO:
	 [Node] Finished "bbregister", elapsed time 30.420795s.
250527-21:37:22,258 nipype.workflow INFO:
	 [Node] Executing "_acc_msk_tfm2" <niworkflows.interfaces.fixes.FixHeaderApplyTransforms>
250527-21:37:22,457 nipype.workflow INFO:
	 [Node] Setting-up "fmriprep_25_0_wf.sub_GEO021_wf.bold_ses_t2_task_image_run_3_wf.bold_confounds_wf.dilated_mask" in "/work/fmriprep_25_0_wf/sub_GEO021_wf/bold_ses_t2_task_image_run_3_wf/bold_confounds_wf/dilated_mask".
250527-21:37:22,458 nipype.workflow INFO:
	 [Node] Setting-up "_acc_msk_brain1" in "/work/fmriprep_25_0_wf/sub_GEO021_wf/bold_ses_t2_task_image_run_2_wf/bold_confounds_wf/acc_msk_brain/mapflow/_acc_msk_brain1".
250527-21:37:22,459 nipype.workflow INFO:
	 [Node] Setting-up "_acc_msk_brain2" in "/work/fmriprep_25_0_wf/sub_GEO021_wf/bold_ses_t2_task_image_run_2_wf/bold_confounds_wf/acc_msk_brain/mapflow/_acc_msk_brain2".
250527-21:37:23,296 nipype.workflow INFO:
	 [Node] Setting-up "_apply_surface_affine0" in "/work/fmriprep_25_0_wf/sub_GEO021_wf/anat_fit_wf/msm_sulc_wf/apply_surface_affine/mapflow/_apply_surface_affine0".
250527-21:37:23,300 nipype.workflow INFO:
	 [Node] Cached "_apply_surface_affine0" - collecting precomputed outputs
250527-21:37:23,300 nipype.workflow INFO:
	 [Node] "_apply_surface_affine0" found cached.
250527-21:37:23,300 nipype.workflow INFO:
	 [Node] Setting-up "_apply_surface_affine1" in "/work/fmriprep_25_0_wf/sub_GEO021_wf/anat_fit_wf/msm_sulc_wf/apply_surface_affine/mapflow/_apply_surface_affine1".
250527-21:37:23,314 nipype.workflow INFO:
	 [Node] Cached "_apply_surface_affine1" - collecting precomputed outputs
250527-21:37:23,314 nipype.workflow INFO:
	 [Node] "_apply_surface_affine1" found cached.
250527-21:37:23,337 nipype.workflow INFO:
	 [Node] Finished "epi_t1_report", elapsed time 17.523275s.
250527-21:37:23,342 nipype.workflow INFO:
	 [Node] Executing "_acc_msk_brain1" <niworkflows.interfaces.nibabel.ApplyMask>
250527-21:37:23,463 nipype.workflow INFO:
	 [Node] Executing "dilated_mask" <niworkflows.interfaces.morphology.BinaryDilation>
250527-21:37:23,553 nipype.workflow INFO:
	 [Node] Finished "_acc_msk_brain1", elapsed time 0.209419s.
250527-21:37:23,555 nipype.workflow INFO:
	 [Node] Executing "_acc_msk_brain2" <niworkflows.interfaces.nibabel.ApplyMask>
250527-21:37:23,574 nipype.workflow INFO:
	 [Node] Finished "dilated_mask", elapsed time 0.109227s.
250527-21:37:23,602 nipype.workflow INFO:
	 [Node] Finished "_acc_msk_tfm2", elapsed time 1.342498s.
250527-21:37:23,883 nipype.workflow INFO:
	 [Node] Finished "_acc_msk_brain2", elapsed time 0.325865s.
250527-21:37:24,501 nipype.workflow INFO:
	 [Node] Setting-up "fmriprep_25_0_wf.sub_GEO021_wf.bold_ses_t2_task_image_run_5_wf.bold_fit_wf.bold_reg_wf.bbreg_wf.bbregister" in "/work/fmriprep_25_0_wf/sub_GEO021_wf/bold_ses_t2_task_image_run_5_wf/bold_fit_wf/bold_reg_wf/bbreg_wf/bbregister".
250527-21:37:25,355 nipype.workflow INFO:
	 [Node] Executing "bbregister" <nipype.interfaces.freesurfer.preprocess.BBRegister>
250527-21:37:25,833 nipype.workflow INFO:
	 [Node] Setting-up "fmriprep_25_0_wf.sub_GEO021_wf.bold_ses_t2_task_image_run_2_wf.bold_fit_wf.func_fit_reports_wf.ds_epi_t1_report" in "/work/fmriprep_25_0_wf/sub_GEO021_wf/bold_ses_t2_task_image_run_2_wf/bold_fit_wf/func_fit_reports_wf/ds_epi_t1_report".
250527-21:37:25,835 nipype.workflow INFO:
	 [Node] Setting-up "fmriprep_25_0_wf.sub_GEO021_wf.bold_ses_t2_task_image_run_3_wf.bold_confounds_wf.subtract_mask" in "/work/fmriprep_25_0_wf/sub_GEO021_wf/bold_ses_t2_task_image_run_3_wf/bold_confounds_wf/subtract_mask".
250527-21:37:25,835 nipype.workflow INFO:
	 [Node] Setting-up "_acc_msk_bin0" in "/work/fmriprep_25_0_wf/sub_GEO021_wf/bold_ses_t2_task_image_run_1_wf/bold_confounds_wf/acc_msk_bin/mapflow/_acc_msk_bin0".
250527-21:37:25,836 nipype.workflow INFO:
	 [Node] Setting-up "_acc_msk_bin1" in "/work/fmriprep_25_0_wf/sub_GEO021_wf/bold_ses_t2_task_image_run_1_wf/bold_confounds_wf/acc_msk_bin/mapflow/_acc_msk_bin1".
250527-21:37:26,276 nipype.workflow INFO:
	 [Node] Setting-up "_acc_msk_tfm0" in "/work/fmriprep_25_0_wf/sub_GEO021_wf/bold_ses_t2_task_image_run_3_wf/bold_confounds_wf/acc_msk_tfm/mapflow/_acc_msk_tfm0".
250527-21:37:26,281 nipype.workflow INFO:
	 [Node] Cached "_acc_msk_tfm0" - collecting precomputed outputs
250527-21:37:26,281 nipype.workflow INFO:
	 [Node] "_acc_msk_tfm0" found cached.
250527-21:37:26,282 nipype.workflow INFO:
	 [Node] Setting-up "_acc_msk_tfm1" in "/work/fmriprep_25_0_wf/sub_GEO021_wf/bold_ses_t2_task_image_run_3_wf/bold_confounds_wf/acc_msk_tfm/mapflow/_acc_msk_tfm1".
250527-21:37:26,292 nipype.workflow INFO:
	 [Node] Cached "_acc_msk_tfm1" - collecting precomputed outputs
250527-21:37:26,292 nipype.workflow INFO:
	 [Node] "_acc_msk_tfm1" found cached.
250527-21:37:26,294 nipype.workflow INFO:
	 [Node] Setting-up "_acc_msk_tfm2" in "/work/fmriprep_25_0_wf/sub_GEO021_wf/bold_ses_t2_task_image_run_3_wf/bold_confounds_wf/acc_msk_tfm/mapflow/_acc_msk_tfm2".
250527-21:37:26,298 nipype.workflow INFO:
	 [Node] Cached "_acc_msk_tfm2" - collecting precomputed outputs
250527-21:37:26,298 nipype.workflow INFO:
	 [Node] "_acc_msk_tfm2" found cached.
250527-21:37:26,312 nipype.workflow INFO:
	 [Node] Executing "ds_epi_t1_report" <fmriprep.interfaces.DerivativesDataSink>
250527-21:37:26,412 nipype.workflow INFO:
	 [Node] Executing "_acc_msk_bin0" <niworkflows.interfaces.nibabel.Binarize>
250527-21:37:26,457 nipype.workflow INFO:
	 [Node] Setting-up "fmriprep_25_0_wf.sub_GEO021_wf.bold_ses_t2_task_image_run_4_wf.bold_fit_wf.bold_reg_wf.bbreg_wf.compare_transforms" in "/work/fmriprep_25_0_wf/sub_GEO021_wf/bold_ses_t2_task_image_run_4_wf/bold_fit_wf/bold_reg_wf/bbreg_wf/compare_transforms".
250527-21:37:26,564 nipype.workflow INFO:
	 [Node] Executing "subtract_mask" <niworkflows.interfaces.morphology.BinarySubtraction>
250527-21:37:26,616 nipype.workflow INFO:
	 [Node] Finished "ds_epi_t1_report", elapsed time 0.302091s.
250527-21:37:26,651 nipype.workflow INFO:
	 [Node] Executing "_acc_msk_bin1" <niworkflows.interfaces.nibabel.Binarize>
250527-21:37:26,756 nipype.workflow INFO:
	 [Node] Finished "subtract_mask", elapsed time 0.19127s.
250527-21:37:26,816 nipype.workflow INFO:
	 [Node] Finished "_acc_msk_bin0", elapsed time 0.402735s.
250527-21:37:26,886 nipype.workflow INFO:
	 [Node] Finished "_acc_msk_bin1", elapsed time 0.233066s.
250527-21:37:27,234 nipype.workflow INFO:
	 [Node] Executing "compare_transforms" <nipype.interfaces.utility.wrappers.Function>
250527-21:37:27,246 nipype.workflow INFO:
	 [Node] Finished "compare_transforms", elapsed time 0.010957s.
250527-21:37:31,341 nipype.workflow INFO:
	 [Node] Setting-up "_acc_msk_bin2" in "/work/fmriprep_25_0_wf/sub_GEO021_wf/bold_ses_t2_task_image_run_1_wf/bold_confounds_wf/acc_msk_bin/mapflow/_acc_msk_bin2".
250527-21:37:31,344 nipype.workflow INFO:
	 [Node] Setting-up "_modify_sphere0" in "/work/fmriprep_25_0_wf/sub_GEO021_wf/anat_fit_wf/msm_sulc_wf/modify_sphere/mapflow/_modify_sphere0".
250527-21:37:31,553 nipype.workflow INFO:
	 [Node] Setting-up "_acc_msk_brain0" in "/work/fmriprep_25_0_wf/sub_GEO021_wf/bold_ses_t2_task_image_run_2_wf/bold_confounds_wf/acc_msk_brain/mapflow/_acc_msk_brain0".
250527-21:37:31,560 nipype.workflow INFO:
	 [Node] Cached "_acc_msk_brain0" - collecting precomputed outputs
250527-21:37:31,560 nipype.workflow INFO:
	 [Node] "_acc_msk_brain0" found cached.
250527-21:37:31,560 nipype.workflow INFO:
	 [Node] Setting-up "_acc_msk_brain1" in "/work/fmriprep_25_0_wf/sub_GEO021_wf/bold_ses_t2_task_image_run_2_wf/bold_confounds_wf/acc_msk_brain/mapflow/_acc_msk_brain1".
250527-21:37:31,564 nipype.workflow INFO:
	 [Node] Cached "_acc_msk_brain1" - collecting precomputed outputs
250527-21:37:31,564 nipype.workflow INFO:
	 [Node] "_acc_msk_brain1" found cached.
250527-21:37:31,565 nipype.workflow INFO:
	 [Node] Setting-up "_acc_msk_brain2" in "/work/fmriprep_25_0_wf/sub_GEO021_wf/bold_ses_t2_task_image_run_2_wf/bold_confounds_wf/acc_msk_brain/mapflow/_acc_msk_brain2".
250527-21:37:31,619 nipype.workflow INFO:
	 [Node] Cached "_acc_msk_brain2" - collecting precomputed outputs
250527-21:37:31,619 nipype.workflow INFO:
	 [Node] "_acc_msk_brain2" found cached.
250527-21:37:31,661 nipype.workflow INFO:
	 [Node] Setting-up "_modify_sphere1" in "/work/fmriprep_25_0_wf/sub_GEO021_wf/anat_fit_wf/msm_sulc_wf/modify_sphere/mapflow/_modify_sphere1".
250527-21:37:32,39 nipype.workflow INFO:
	 [Node] Executing "_acc_msk_bin2" <niworkflows.interfaces.nibabel.Binarize>
250527-21:37:32,291 nipype.workflow INFO:
	 [Node] Finished "_acc_msk_bin2", elapsed time 0.251232s.
250527-21:37:32,297 nipype.workflow INFO:
	 [Node] Executing "_modify_sphere0" <smriprep.interfaces.workbench.SurfaceModifySphere>
250527-21:37:32,568 nipype.workflow INFO:
	 [Node] Executing "_modify_sphere1" <smriprep.interfaces.workbench.SurfaceModifySphere>
250527-21:37:33,495 nipype.workflow INFO:
	 [Node] Finished "_modify_sphere0", elapsed time 0.941617s.
250527-21:37:33,896 nipype.workflow INFO:
	 [Node] Finished "_modify_sphere1", elapsed time 1.109133s.
250527-21:37:35,17 nipype.workflow INFO:
	 [Node] Setting-up "_acc_msk_brain0" in "/work/fmriprep_25_0_wf/sub_GEO021_wf/bold_ses_t2_task_image_run_3_wf/bold_confounds_wf/acc_msk_brain/mapflow/_acc_msk_brain0".
250527-21:37:35,334 nipype.workflow INFO:
	 [Node] Setting-up "_acc_msk_brain1" in "/work/fmriprep_25_0_wf/sub_GEO021_wf/bold_ses_t2_task_image_run_3_wf/bold_confounds_wf/acc_msk_brain/mapflow/_acc_msk_brain1".
250527-21:37:35,336 nipype.workflow INFO:
	 [Node] Setting-up "fmriprep_25_0_wf.sub_GEO021_wf.bold_ses_t2_task_image_run_4_wf.bold_fit_wf.bold_reg_wf.bbreg_wf.concat_xfm" in "/work/fmriprep_25_0_wf/sub_GEO021_wf/bold_ses_t2_task_image_run_4_wf/bold_fit_wf/bold_reg_wf/bbreg_wf/concat_xfm".
250527-21:37:35,792 nipype.workflow INFO:
	 [Node] Setting-up "_acc_msk_brain2" in "/work/fmriprep_25_0_wf/sub_GEO021_wf/bold_ses_t2_task_image_run_3_wf/bold_confounds_wf/acc_msk_brain/mapflow/_acc_msk_brain2".
250527-21:37:36,98 nipype.workflow INFO:
	 [Node] Executing "_acc_msk_brain0" <niworkflows.interfaces.nibabel.ApplyMask>
250527-21:37:36,108 nipype.workflow INFO:
	 [Node] Setting-up "_modify_sphere0" in "/work/fmriprep_25_0_wf/sub_GEO021_wf/anat_fit_wf/msm_sulc_wf/modify_sphere/mapflow/_modify_sphere0".
250527-21:37:36,118 nipype.workflow INFO:
	 [Node] Cached "_modify_sphere0" - collecting precomputed outputs
250527-21:37:36,118 nipype.workflow INFO:
	 [Node] "_modify_sphere0" found cached.
250527-21:37:36,119 nipype.workflow INFO:
	 [Node] Setting-up "_modify_sphere1" in "/work/fmriprep_25_0_wf/sub_GEO021_wf/anat_fit_wf/msm_sulc_wf/modify_sphere/mapflow/_modify_sphere1".
250527-21:37:36,132 nipype.workflow INFO:
	 [Node] Cached "_modify_sphere1" - collecting precomputed outputs
250527-21:37:36,132 nipype.workflow INFO:
	 [Node] "_modify_sphere1" found cached.
250527-21:37:36,271 nipype.workflow INFO:
	 [Node] Setting-up "_acc_msk_bin0" in "/work/fmriprep_25_0_wf/sub_GEO021_wf/bold_ses_t2_task_image_run_1_wf/bold_confounds_wf/acc_msk_bin/mapflow/_acc_msk_bin0".
250527-21:37:36,279 nipype.workflow INFO:
	 [Node] Cached "_acc_msk_bin0" - collecting precomputed outputs
250527-21:37:36,279 nipype.workflow INFO:
	 [Node] "_acc_msk_bin0" found cached.
250527-21:37:36,289 nipype.workflow INFO:
	 [Node] Setting-up "_acc_msk_bin1" in "/work/fmriprep_25_0_wf/sub_GEO021_wf/bold_ses_t2_task_image_run_1_wf/bold_confounds_wf/acc_msk_bin/mapflow/_acc_msk_bin1".
250527-21:37:36,295 nipype.workflow INFO:
	 [Node] Cached "_acc_msk_bin1" - collecting precomputed outputs
250527-21:37:36,295 nipype.workflow INFO:
	 [Node] "_acc_msk_bin1" found cached.
250527-21:37:36,295 nipype.workflow INFO:
	 [Node] Setting-up "_acc_msk_bin2" in "/work/fmriprep_25_0_wf/sub_GEO021_wf/bold_ses_t2_task_image_run_1_wf/bold_confounds_wf/acc_msk_bin/mapflow/_acc_msk_bin2".
250527-21:37:36,299 nipype.workflow INFO:
	 [Node] Cached "_acc_msk_bin2" - collecting precomputed outputs
250527-21:37:36,299 nipype.workflow INFO:
	 [Node] "_acc_msk_bin2" found cached.
250527-21:37:36,314 nipype.workflow INFO:
	 [Node] Finished "_acc_msk_brain0", elapsed time 0.214611s.
250527-21:37:36,387 nipype.workflow INFO:
	 [Node] Executing "_acc_msk_brain1" <niworkflows.interfaces.nibabel.ApplyMask>
250527-21:37:36,529 nipype.workflow INFO:
	 [Node] Executing "concat_xfm" <niworkflows.interfaces.nitransforms.ConcatenateXFMs>
250527-21:37:36,568 nipype.workflow INFO:
	 [Node] Finished "_acc_msk_brain1", elapsed time 0.179247s.
250527-21:37:36,647 nipype.workflow INFO:
	 [Node] Executing "_acc_msk_brain2" <niworkflows.interfaces.nibabel.ApplyMask>
250527-21:37:36,665 nipype.workflow INFO:
	 [Node] Finished "concat_xfm", elapsed time 0.135473s.
250527-21:37:36,805 nipype.workflow INFO:
	 [Node] Finished "_acc_msk_brain2", elapsed time 0.156505s.
250527-21:37:36,965 nipype.workflow INFO:
	 [Node] Finished "epi_t1_report", elapsed time 17.357999s.
250527-21:37:42,329 nipype.workflow INFO:
	 [Node] Setting-up "_acc_msk_bin0" in "/work/fmriprep_25_0_wf/sub_GEO021_wf/bold_ses_t2_task_image_run_2_wf/bold_confounds_wf/acc_msk_bin/mapflow/_acc_msk_bin0".
250527-21:37:42,330 nipype.workflow INFO:
	 [Node] Setting-up "_acc_msk_bin1" in "/work/fmriprep_25_0_wf/sub_GEO021_wf/bold_ses_t2_task_image_run_2_wf/bold_confounds_wf/acc_msk_bin/mapflow/_acc_msk_bin1".
250527-21:37:42,330 nipype.workflow INFO:
	 [Node] Setting-up "_acc_msk_bin2" in "/work/fmriprep_25_0_wf/sub_GEO021_wf/bold_ses_t2_task_image_run_2_wf/bold_confounds_wf/acc_msk_bin/mapflow/_acc_msk_bin2".
250527-21:37:42,635 nipype.workflow INFO:
	 [Node] Setting-up "fmriprep_25_0_wf.sub_GEO021_wf.bold_ses_t2_task_image_run_4_wf.bold_fit_wf.func_fit_reports_wf.t1w_boldref" in "/work/fmriprep_25_0_wf/sub_GEO021_wf/bold_ses_t2_task_image_run_4_wf/bold_fit_wf/func_fit_reports_wf/t1w_boldref".
250527-21:37:43,128 nipype.workflow INFO:
	 [Node] Executing "_acc_msk_bin0" <niworkflows.interfaces.nibabel.Binarize>
250527-21:37:43,539 nipype.workflow INFO:
	 [Node] Finished "_acc_msk_bin0", elapsed time 0.408682s.
250527-21:37:43,585 nipype.workflow INFO:
	 [Node] Executing "_acc_msk_bin1" <niworkflows.interfaces.nibabel.Binarize>
250527-21:37:43,614 nipype.workflow INFO:
	 [Node] Executing "t1w_boldref" <niworkflows.interfaces.fixes.FixHeaderApplyTransforms>
250527-21:37:43,938 nipype.workflow INFO:
	 [Node] Executing "_acc_msk_bin2" <niworkflows.interfaces.nibabel.Binarize>
250527-21:37:43,945 nipype.workflow INFO:
	 [Node] Finished "_acc_msk_bin1", elapsed time 0.359217s.
250527-21:37:44,243 nipype.workflow INFO:
	 [Node] Setting-up "fmriprep_25_0_wf.sub_GEO021_wf.bold_ses_t2_task_image_run_4_wf.bold_confounds_wf.t1w_mask_tfm" in "/work/fmriprep_25_0_wf/sub_GEO021_wf/bold_ses_t2_task_image_run_4_wf/bold_confounds_wf/t1w_mask_tfm".
250527-21:37:44,555 nipype.workflow INFO:
	 [Node] Finished "_acc_msk_bin2", elapsed time 0.615097s.
250527-21:37:45,214 nipype.workflow INFO:
	 [Node] Executing "t1w_mask_tfm" <niworkflows.interfaces.fixes.FixHeaderApplyTransforms>
250527-21:37:45,608 nipype.workflow INFO:
	 [Node] Finished "t1w_boldref", elapsed time 1.933509s.
250527-21:37:46,942 nipype.workflow INFO:
	 [Node] Setting-up "_acc_msk_brain0" in "/work/fmriprep_25_0_wf/sub_GEO021_wf/bold_ses_t2_task_image_run_3_wf/bold_confounds_wf/acc_msk_brain/mapflow/_acc_msk_brain0".
250527-21:37:46,946 nipype.workflow INFO:
	 [Node] Cached "_acc_msk_brain0" - collecting precomputed outputs
250527-21:37:46,946 nipype.workflow INFO:
	 [Node] "_acc_msk_brain0" found cached.
250527-21:37:46,946 nipype.workflow INFO:
	 [Node] Setting-up "_acc_msk_brain1" in "/work/fmriprep_25_0_wf/sub_GEO021_wf/bold_ses_t2_task_image_run_3_wf/bold_confounds_wf/acc_msk_brain/mapflow/_acc_msk_brain1".
250527-21:37:46,949 nipype.workflow INFO:
	 [Node] Cached "_acc_msk_brain1" - collecting precomputed outputs
250527-21:37:46,949 nipype.workflow INFO:
	 [Node] "_acc_msk_brain1" found cached.
250527-21:37:46,950 nipype.workflow INFO:
	 [Node] Setting-up "_acc_msk_brain2" in "/work/fmriprep_25_0_wf/sub_GEO021_wf/bold_ses_t2_task_image_run_3_wf/bold_confounds_wf/acc_msk_brain/mapflow/_acc_msk_brain2".
250527-21:37:46,953 nipype.workflow INFO:
	 [Node] Cached "_acc_msk_brain2" - collecting precomputed outputs
250527-21:37:46,953 nipype.workflow INFO:
	 [Node] "_acc_msk_brain2" found cached.
250527-21:37:47,625 nipype.workflow INFO:
	 [Node] Finished "t1w_mask_tfm", elapsed time 2.409982s.
250527-21:37:48,200 nipype.workflow INFO:
	 [Node] Setting-up "fmriprep_25_0_wf.sub_GEO021_wf.bold_ses_t2_task_image_run_3_wf.bold_fit_wf.func_fit_reports_wf.ds_epi_t1_report" in "/work/fmriprep_25_0_wf/sub_GEO021_wf/bold_ses_t2_task_image_run_3_wf/bold_fit_wf/func_fit_reports_wf/ds_epi_t1_report".
250527-21:37:48,203 nipype.workflow INFO:
	 [Node] Setting-up "_acc_msk_tfm0" in "/work/fmriprep_25_0_wf/sub_GEO021_wf/bold_ses_t2_task_image_run_4_wf/bold_confounds_wf/acc_msk_tfm/mapflow/_acc_msk_tfm0".
250527-21:37:48,516 nipype.workflow INFO:
	 [Node] Setting-up "fmriprep_25_0_wf.sub_GEO021_wf.bold_ses_t2_task_image_run_4_wf.bold_fit_wf.func_fit_reports_wf.boldref_wm" in "/work/fmriprep_25_0_wf/sub_GEO021_wf/bold_ses_t2_task_image_run_4_wf/bold_fit_wf/func_fit_reports_wf/boldref_wm".
250527-21:37:48,517 nipype.workflow INFO:
	 [Node] Setting-up "fmriprep_25_0_wf.sub_GEO021_wf.bold_ses_t2_task_image_run_4_wf.bold_confounds_wf.union_mask" in "/work/fmriprep_25_0_wf/sub_GEO021_wf/bold_ses_t2_task_image_run_4_wf/bold_confounds_wf/union_mask".
250527-21:37:48,951 nipype.workflow INFO:
	 [Node] Setting-up "_acc_msk_tfm1" in "/work/fmriprep_25_0_wf/sub_GEO021_wf/bold_ses_t2_task_image_run_4_wf/bold_confounds_wf/acc_msk_tfm/mapflow/_acc_msk_tfm1".
250527-21:37:48,951 nipype.workflow INFO:
	 [Node] Setting-up "_acc_msk_tfm2" in "/work/fmriprep_25_0_wf/sub_GEO021_wf/bold_ses_t2_task_image_run_4_wf/bold_confounds_wf/acc_msk_tfm/mapflow/_acc_msk_tfm2".
250527-21:37:48,975 nipype.workflow INFO:
	 [Node] Setting-up "_acc_msk_bin0" in "/work/fmriprep_25_0_wf/sub_GEO021_wf/bold_ses_t2_task_image_run_2_wf/bold_confounds_wf/acc_msk_bin/mapflow/_acc_msk_bin0".
250527-21:37:48,992 nipype.workflow INFO:
	 [Node] Cached "_acc_msk_bin0" - collecting precomputed outputs
250527-21:37:48,992 nipype.workflow INFO:
	 [Node] "_acc_msk_bin0" found cached.
250527-21:37:48,993 nipype.workflow INFO:
	 [Node] Setting-up "_acc_msk_bin1" in "/work/fmriprep_25_0_wf/sub_GEO021_wf/bold_ses_t2_task_image_run_2_wf/bold_confounds_wf/acc_msk_bin/mapflow/_acc_msk_bin1".
250527-21:37:48,996 nipype.workflow INFO:
	 [Node] Cached "_acc_msk_bin1" - collecting precomputed outputs
250527-21:37:48,996 nipype.workflow INFO:
	 [Node] "_acc_msk_bin1" found cached.
250527-21:37:48,997 nipype.workflow INFO:
	 [Node] Setting-up "_acc_msk_bin2" in "/work/fmriprep_25_0_wf/sub_GEO021_wf/bold_ses_t2_task_image_run_2_wf/bold_confounds_wf/acc_msk_bin/mapflow/_acc_msk_bin2".
250527-21:37:49,0 nipype.workflow INFO:
	 [Node] Cached "_acc_msk_bin2" - collecting precomputed outputs
250527-21:37:49,0 nipype.workflow INFO:
	 [Node] "_acc_msk_bin2" found cached.
250527-21:37:49,471 nipype.workflow INFO:
	 [Node] Executing "ds_epi_t1_report" <fmriprep.interfaces.DerivativesDataSink>
250527-21:37:49,608 nipype.workflow INFO:
	 [Node] Executing "union_mask" <nipype.interfaces.utility.wrappers.Function>
250527-21:37:49,703 nipype.workflow INFO:
	 [Node] Finished "union_mask", elapsed time 0.093535s.
250527-21:37:49,918 nipype.workflow INFO:
	 [Node] Executing "boldref_wm" <niworkflows.interfaces.fixes.FixHeaderApplyTransforms>
250527-21:37:49,937 nipype.workflow INFO:
	 [Node] Executing "_acc_msk_tfm1" <niworkflows.interfaces.fixes.FixHeaderApplyTransforms>
250527-21:37:49,992 nipype.workflow INFO:
	 [Node] Finished "ds_epi_t1_report", elapsed time 0.519827s.
250527-21:37:50,113 nipype.workflow INFO:
	 [Node] Executing "_acc_msk_tfm0" <niworkflows.interfaces.fixes.FixHeaderApplyTransforms>
250527-21:37:50,143 nipype.workflow INFO:
	 [Node] Executing "_acc_msk_tfm2" <niworkflows.interfaces.fixes.FixHeaderApplyTransforms>
250527-21:37:50,563 nipype.workflow INFO:
	 [Node] Setting-up "fmriprep_25_0_wf.sub_GEO021_wf.bold_ses_t2_task_image_run_4_wf.bold_confounds_wf.dilated_mask" in "/work/fmriprep_25_0_wf/sub_GEO021_wf/bold_ses_t2_task_image_run_4_wf/bold_confounds_wf/dilated_mask".
250527-21:37:50,621 nipype.workflow INFO:
	 [Node] Finished "boldref_wm", elapsed time 0.701296s.
250527-21:37:51,19 nipype.workflow INFO:
	 [Node] Executing "dilated_mask" <niworkflows.interfaces.morphology.BinaryDilation>
250527-21:37:51,55 nipype.workflow INFO:
	 [Node] Finished "_acc_msk_tfm1", elapsed time 1.116414s.
250527-21:37:51,179 nipype.workflow INFO:
	 [Node] Finished "dilated_mask", elapsed time 0.159507s.
250527-21:37:51,260 nipype.workflow INFO:
	 [Node] Finished "_acc_msk_tfm2", elapsed time 1.116222s.
250527-21:37:51,262 nipype.workflow INFO:
	 [Node] Finished "_acc_msk_tfm0", elapsed time 1.147566s.
250527-21:37:53,167 nipype.workflow INFO:
	 [Node] Setting-up "_acc_msk_bin0" in "/work/fmriprep_25_0_wf/sub_GEO021_wf/bold_ses_t2_task_image_run_3_wf/bold_confounds_wf/acc_msk_bin/mapflow/_acc_msk_bin0".
250527-21:37:53,167 nipype.workflow INFO:
	 [Node] Setting-up "_acc_msk_bin1" in "/work/fmriprep_25_0_wf/sub_GEO021_wf/bold_ses_t2_task_image_run_3_wf/bold_confounds_wf/acc_msk_bin/mapflow/_acc_msk_bin1".
250527-21:37:53,402 nipype.workflow INFO:
	 [Node] Setting-up "fmriprep_25_0_wf.sub_GEO021_wf.bold_ses_t2_task_image_run_4_wf.bold_confounds_wf.subtract_mask" in "/work/fmriprep_25_0_wf/sub_GEO021_wf/bold_ses_t2_task_image_run_4_wf/bold_confounds_wf/subtract_mask".
250527-21:37:53,402 nipype.workflow INFO:
	 [Node] Setting-up "_acc_msk_bin2" in "/work/fmriprep_25_0_wf/sub_GEO021_wf/bold_ses_t2_task_image_run_3_wf/bold_confounds_wf/acc_msk_bin/mapflow/_acc_msk_bin2".
250527-21:37:53,407 nipype.workflow INFO:
	 [Node] Setting-up "fmriprep_25_0_wf.sub_GEO021_wf.bold_ses_t2_task_image_run_4_wf.bold_fit_wf.func_fit_reports_wf.epi_t1_report" in "/work/fmriprep_25_0_wf/sub_GEO021_wf/bold_ses_t2_task_image_run_4_wf/bold_fit_wf/func_fit_reports_wf/epi_t1_report".
250527-21:37:53,891 nipype.workflow INFO:
	 [Node] Executing "_acc_msk_bin0" <niworkflows.interfaces.nibabel.Binarize>
250527-21:37:54,43 nipype.workflow INFO:
	 [Node] Executing "_acc_msk_bin2" <niworkflows.interfaces.nibabel.Binarize>
250527-21:37:54,150 nipype.workflow INFO:
	 [Node] Setting-up "_acc_msk_tfm0" in "/work/fmriprep_25_0_wf/sub_GEO021_wf/bold_ses_t2_task_image_run_4_wf/bold_confounds_wf/acc_msk_tfm/mapflow/_acc_msk_tfm0".
250527-21:37:54,156 nipype.workflow INFO:
	 [Node] Cached "_acc_msk_tfm0" - collecting precomputed outputs
250527-21:37:54,156 nipype.workflow INFO:
	 [Node] "_acc_msk_tfm0" found cached.
250527-21:37:54,157 nipype.workflow INFO:
	 [Node] Setting-up "_acc_msk_tfm1" in "/work/fmriprep_25_0_wf/sub_GEO021_wf/bold_ses_t2_task_image_run_4_wf/bold_confounds_wf/acc_msk_tfm/mapflow/_acc_msk_tfm1".
250527-21:37:54,161 nipype.workflow INFO:
	 [Node] Cached "_acc_msk_tfm1" - collecting precomputed outputs
250527-21:37:54,161 nipype.workflow INFO:
	 [Node] "_acc_msk_tfm1" found cached.
250527-21:37:54,161 nipype.workflow INFO:
	 [Node] Setting-up "_acc_msk_tfm2" in "/work/fmriprep_25_0_wf/sub_GEO021_wf/bold_ses_t2_task_image_run_4_wf/bold_confounds_wf/acc_msk_tfm/mapflow/_acc_msk_tfm2".
250527-21:37:54,168 nipype.workflow INFO:
	 [Node] Cached "_acc_msk_tfm2" - collecting precomputed outputs
250527-21:37:54,168 nipype.workflow INFO:
	 [Node] "_acc_msk_tfm2" found cached.
250527-21:37:54,197 nipype.workflow INFO:
	 [Node] Finished "_acc_msk_bin0", elapsed time 0.303497s.
250527-21:37:54,268 nipype.workflow INFO:
	 [Node] Executing "epi_t1_report" <nireports.interfaces.reporting.base.SimpleBeforeAfterRPT>
250527-21:37:54,269 nipype.interface INFO:
	 Report - setting before (/out/sub-GEO021/ses-t2/func/sub-GEO021_ses-t2_task-image_run-4_desc-coreg_boldref.nii.gz) and after (/work/fmriprep_25_0_wf/sub_GEO021_wf/bold_ses_t2_task_image_run_4_wf/bold_fit_wf/func_fit_reports_wf/t1w_boldref/sub-GEO021_ses-t2_desc-preproc_T1w_trans.nii.gz) images
250527-21:37:54,269 nipype.interface INFO:
	 Generating visual report
250527-21:37:54,296 nipype.workflow INFO:
	 [Node] Finished "_acc_msk_bin2", elapsed time 0.251471s.
250527-21:37:54,401 nipype.workflow INFO:
	 [Node] Executing "_acc_msk_bin1" <niworkflows.interfaces.nibabel.Binarize>
250527-21:37:54,870 nipype.workflow INFO:
	 [Node] Finished "_acc_msk_bin1", elapsed time 0.467203s.
250527-21:37:54,914 nipype.workflow INFO:
	 [Node] Executing "subtract_mask" <niworkflows.interfaces.morphology.BinarySubtraction>
250527-21:37:55,128 nipype.workflow INFO:
	 [Node] Finished "subtract_mask", elapsed time 0.212368s.
250527-21:37:57,489 nipype.workflow INFO:
	 [Node] Setting-up "_acc_msk_brain0" in "/work/fmriprep_25_0_wf/sub_GEO021_wf/bold_ses_t2_task_image_run_4_wf/bold_confounds_wf/acc_msk_brain/mapflow/_acc_msk_brain0".
250527-21:37:57,491 nipype.workflow INFO:
	 [Node] Setting-up "_acc_msk_brain1" in "/work/fmriprep_25_0_wf/sub_GEO021_wf/bold_ses_t2_task_image_run_4_wf/bold_confounds_wf/acc_msk_brain/mapflow/_acc_msk_brain1".
250527-21:37:57,492 nipype.workflow INFO:
	 [Node] Setting-up "_acc_msk_brain2" in "/work/fmriprep_25_0_wf/sub_GEO021_wf/bold_ses_t2_task_image_run_4_wf/bold_confounds_wf/acc_msk_brain/mapflow/_acc_msk_brain2".
250527-21:37:57,977 nipype.workflow INFO:
	 [Node] Setting-up "_acc_msk_bin0" in "/work/fmriprep_25_0_wf/sub_GEO021_wf/bold_ses_t2_task_image_run_3_wf/bold_confounds_wf/acc_msk_bin/mapflow/_acc_msk_bin0".
250527-21:37:57,981 nipype.workflow INFO:
	 [Node] Cached "_acc_msk_bin0" - collecting precomputed outputs
250527-21:37:57,982 nipype.workflow INFO:
	 [Node] "_acc_msk_bin0" found cached.
250527-21:37:57,982 nipype.workflow INFO:
	 [Node] Setting-up "_acc_msk_bin1" in "/work/fmriprep_25_0_wf/sub_GEO021_wf/bold_ses_t2_task_image_run_3_wf/bold_confounds_wf/acc_msk_bin/mapflow/_acc_msk_bin1".
250527-21:37:57,986 nipype.workflow INFO:
	 [Node] Cached "_acc_msk_bin1" - collecting precomputed outputs
250527-21:37:57,986 nipype.workflow INFO:
	 [Node] "_acc_msk_bin1" found cached.
250527-21:37:57,986 nipype.workflow INFO:
	 [Node] Setting-up "_acc_msk_bin2" in "/work/fmriprep_25_0_wf/sub_GEO021_wf/bold_ses_t2_task_image_run_3_wf/bold_confounds_wf/acc_msk_bin/mapflow/_acc_msk_bin2".
250527-21:37:57,989 nipype.workflow INFO:
	 [Node] Cached "_acc_msk_bin2" - collecting precomputed outputs
250527-21:37:57,989 nipype.workflow INFO:
	 [Node] "_acc_msk_bin2" found cached.
250527-21:37:58,277 nipype.workflow INFO:
	 [Node] Executing "_acc_msk_brain0" <niworkflows.interfaces.nibabel.ApplyMask>
250527-21:37:58,300 nipype.workflow INFO:
	 [Node] Executing "_acc_msk_brain1" <niworkflows.interfaces.nibabel.ApplyMask>
250527-21:37:58,440 nipype.workflow INFO:
	 [Node] Finished "_acc_msk_brain1", elapsed time 0.139072s.
250527-21:37:58,450 nipype.workflow INFO:
	 [Node] Finished "_acc_msk_brain0", elapsed time 0.170822s.
250527-21:37:58,489 nipype.workflow INFO:
	 [Node] Executing "_acc_msk_brain2" <niworkflows.interfaces.nibabel.ApplyMask>
250527-21:37:58,626 nipype.workflow INFO:
	 [Node] Finished "_acc_msk_brain2", elapsed time 0.136487s.
250527-21:38:00,71 nipype.workflow INFO:
	 [Node] Setting-up "_acc_msk_brain0" in "/work/fmriprep_25_0_wf/sub_GEO021_wf/bold_ses_t2_task_image_run_4_wf/bold_confounds_wf/acc_msk_brain/mapflow/_acc_msk_brain0".
250527-21:38:00,81 nipype.workflow INFO:
	 [Node] Cached "_acc_msk_brain0" - collecting precomputed outputs
250527-21:38:00,81 nipype.workflow INFO:
	 [Node] "_acc_msk_brain0" found cached.
250527-21:38:00,82 nipype.workflow INFO:
	 [Node] Setting-up "_acc_msk_brain1" in "/work/fmriprep_25_0_wf/sub_GEO021_wf/bold_ses_t2_task_image_run_4_wf/bold_confounds_wf/acc_msk_brain/mapflow/_acc_msk_brain1".
250527-21:38:00,94 nipype.workflow INFO:
	 [Node] Cached "_acc_msk_brain1" - collecting precomputed outputs
250527-21:38:00,94 nipype.workflow INFO:
	 [Node] "_acc_msk_brain1" found cached.
250527-21:38:00,95 nipype.workflow INFO:
	 [Node] Setting-up "_acc_msk_brain2" in "/work/fmriprep_25_0_wf/sub_GEO021_wf/bold_ses_t2_task_image_run_4_wf/bold_confounds_wf/acc_msk_brain/mapflow/_acc_msk_brain2".
250527-21:38:00,101 nipype.workflow INFO:
	 [Node] Cached "_acc_msk_brain2" - collecting precomputed outputs
250527-21:38:00,101 nipype.workflow INFO:
	 [Node] "_acc_msk_brain2" found cached.
250527-21:38:05,372 nipype.workflow INFO:
	 [Node] Setting-up "_acc_msk_bin0" in "/work/fmriprep_25_0_wf/sub_GEO021_wf/bold_ses_t2_task_image_run_4_wf/bold_confounds_wf/acc_msk_bin/mapflow/_acc_msk_bin0".
250527-21:38:05,372 nipype.workflow INFO:
	 [Node] Setting-up "_acc_msk_bin1" in "/work/fmriprep_25_0_wf/sub_GEO021_wf/bold_ses_t2_task_image_run_4_wf/bold_confounds_wf/acc_msk_bin/mapflow/_acc_msk_bin1".
250527-21:38:05,374 nipype.workflow INFO:
	 [Node] Setting-up "_acc_msk_bin2" in "/work/fmriprep_25_0_wf/sub_GEO021_wf/bold_ses_t2_task_image_run_4_wf/bold_confounds_wf/acc_msk_bin/mapflow/_acc_msk_bin2".
250527-21:38:06,61 nipype.workflow INFO:
	 [Node] Executing "_acc_msk_bin0" <niworkflows.interfaces.nibabel.Binarize>
250527-21:38:06,180 nipype.workflow INFO:
	 [Node] Executing "_acc_msk_bin2" <niworkflows.interfaces.nibabel.Binarize>
250527-21:38:06,230 nipype.workflow INFO:
	 [Node] Executing "_acc_msk_bin1" <niworkflows.interfaces.nibabel.Binarize>
250527-21:38:06,248 nipype.workflow INFO:
	 [Node] Finished "_acc_msk_bin0", elapsed time 0.186606s.
250527-21:38:06,351 nipype.workflow INFO:
	 [Node] Finished "_acc_msk_bin2", elapsed time 0.170573s.
250527-21:38:06,466 nipype.workflow INFO:
	 [Node] Finished "_acc_msk_bin1", elapsed time 0.235425s.
250527-21:38:06,850 nipype.workflow INFO:
	 [Node] Finished "bbregister", elapsed time 41.49429s.
250527-21:38:07,875 nipype.workflow INFO:
	 [Node] Setting-up "_acc_msk_bin0" in "/work/fmriprep_25_0_wf/sub_GEO021_wf/bold_ses_t2_task_image_run_4_wf/bold_confounds_wf/acc_msk_bin/mapflow/_acc_msk_bin0".
250527-21:38:07,879 nipype.workflow INFO:
	 [Node] Cached "_acc_msk_bin0" - collecting precomputed outputs
250527-21:38:07,879 nipype.workflow INFO:
	 [Node] "_acc_msk_bin0" found cached.
250527-21:38:07,880 nipype.workflow INFO:
	 [Node] Setting-up "_acc_msk_bin1" in "/work/fmriprep_25_0_wf/sub_GEO021_wf/bold_ses_t2_task_image_run_4_wf/bold_confounds_wf/acc_msk_bin/mapflow/_acc_msk_bin1".
250527-21:38:07,887 nipype.workflow INFO:
	 [Node] Cached "_acc_msk_bin1" - collecting precomputed outputs
250527-21:38:07,887 nipype.workflow INFO:
	 [Node] "_acc_msk_bin1" found cached.
250527-21:38:07,887 nipype.workflow INFO:
	 [Node] Setting-up "_acc_msk_bin2" in "/work/fmriprep_25_0_wf/sub_GEO021_wf/bold_ses_t2_task_image_run_4_wf/bold_confounds_wf/acc_msk_bin/mapflow/_acc_msk_bin2".
250527-21:38:07,892 nipype.workflow INFO:
	 [Node] Cached "_acc_msk_bin2" - collecting precomputed outputs
250527-21:38:07,892 nipype.workflow INFO:
	 [Node] "_acc_msk_bin2" found cached.
250527-21:38:10,594 nipype.workflow INFO:
	 [Node] Setting-up "fmriprep_25_0_wf.sub_GEO021_wf.anat_fit_wf.register_template_wf.registration" in "/work/fmriprep_25_0_wf/sub_GEO021_wf/anat_fit_wf/register_template_wf/_template_MNI152NLin2009cAsym/registration".
250527-21:38:11,280 nipype.workflow INFO:
	 [Node] Executing "registration" <niworkflows.interfaces.norm.SpatialNormalization>
250527-21:38:13,144 nipype.workflow INFO:
	 [Node] Finished "epi_t1_report", elapsed time 18.875456s.
250527-21:38:15,341 nipype.workflow INFO:
	 [Node] Setting-up "fmriprep_25_0_wf.sub_GEO021_wf.bold_ses_t2_task_image_run_5_wf.bold_fit_wf.bold_reg_wf.bbreg_wf.compare_transforms" in "/work/fmriprep_25_0_wf/sub_GEO021_wf/bold_ses_t2_task_image_run_5_wf/bold_fit_wf/bold_reg_wf/bbreg_wf/compare_transforms".
250527-21:38:16,5 nipype.workflow INFO:
	 [Node] Executing "compare_transforms" <nipype.interfaces.utility.wrappers.Function>
250527-21:38:16,19 nipype.workflow INFO:
	 [Node] Finished "compare_transforms", elapsed time 0.013256s.
250527-21:38:20,85 nipype.workflow INFO:
	 [Node] Setting-up "fmriprep_25_0_wf.sub_GEO021_wf.bold_ses_t2_task_image_run_4_wf.bold_fit_wf.func_fit_reports_wf.ds_epi_t1_report" in "/work/fmriprep_25_0_wf/sub_GEO021_wf/bold_ses_t2_task_image_run_4_wf/bold_fit_wf/func_fit_reports_wf/ds_epi_t1_report".
250527-21:38:21,732 nipype.workflow INFO:
	 [Node] Executing "ds_epi_t1_report" <fmriprep.interfaces.DerivativesDataSink>
250527-21:38:21,995 nipype.workflow INFO:
	 [Node] Finished "ds_epi_t1_report", elapsed time 0.261927s.
250527-21:38:27,653 nipype.workflow INFO:
	 [Node] Setting-up "fmriprep_25_0_wf.sub_GEO021_wf.bold_ses_t2_task_image_run_1_wf.bold_confounds_wf.acompcor" in "/work/fmriprep_25_0_wf/sub_GEO021_wf/bold_ses_t2_task_image_run_1_wf/bold_confounds_wf/acompcor".
250527-21:38:28,343 nipype.workflow INFO:
	 [Node] Executing "acompcor" <niworkflows.interfaces.patches.RobustACompCor>
250527-21:38:39,69 nipype.workflow INFO:
	 [Node] Finished "acompcor", elapsed time 10.725089s.
250527-21:38:42,35 nipype.workflow INFO:
	 [Node] Setting-up "fmriprep_25_0_wf.sub_GEO021_wf.bold_ses_t2_task_image_run_5_wf.bold_fit_wf.bold_reg_wf.bbreg_wf.concat_xfm" in "/work/fmriprep_25_0_wf/sub_GEO021_wf/bold_ses_t2_task_image_run_5_wf/bold_fit_wf/bold_reg_wf/bbreg_wf/concat_xfm".
250527-21:38:42,722 nipype.workflow INFO:
	 [Node] Executing "concat_xfm" <niworkflows.interfaces.nitransforms.ConcatenateXFMs>
250527-21:38:42,946 nipype.workflow INFO:
	 [Node] Finished "concat_xfm", elapsed time 0.22252s.
250527-21:38:46,49 nipype.workflow INFO:
	 [Node] Setting-up "fmriprep_25_0_wf.sub_GEO021_wf.bold_ses_t2_task_image_run_2_wf.bold_confounds_wf.acompcor" in "/work/fmriprep_25_0_wf/sub_GEO021_wf/bold_ses_t2_task_image_run_2_wf/bold_confounds_wf/acompcor".
250527-21:38:46,797 nipype.workflow INFO:
	 [Node] Executing "acompcor" <niworkflows.interfaces.patches.RobustACompCor>
250527-21:38:53,255 nipype.workflow INFO:
	 [Node] Finished "acompcor", elapsed time 6.456819s.
250527-21:38:54,303 nipype.workflow INFO:
	 [Node] Setting-up "fmriprep_25_0_wf.sub_GEO021_wf.bold_ses_t2_task_image_run_5_wf.bold_fit_wf.func_fit_reports_wf.t1w_boldref" in "/work/fmriprep_25_0_wf/sub_GEO021_wf/bold_ses_t2_task_image_run_5_wf/bold_fit_wf/func_fit_reports_wf/t1w_boldref".
250527-21:38:55,139 nipype.workflow INFO:
	 [Node] Executing "t1w_boldref" <niworkflows.interfaces.fixes.FixHeaderApplyTransforms>
250527-21:38:57,101 nipype.workflow INFO:
	 [Node] Finished "t1w_boldref", elapsed time 1.960979s.
250527-21:38:58,381 nipype.workflow INFO:
	 [Node] Setting-up "fmriprep_25_0_wf.sub_GEO021_wf.bold_ses_t2_task_image_run_5_wf.bold_fit_wf.func_fit_reports_wf.boldref_wm" in "/work/fmriprep_25_0_wf/sub_GEO021_wf/bold_ses_t2_task_image_run_5_wf/bold_fit_wf/func_fit_reports_wf/boldref_wm".
250527-21:38:58,750 nipype.workflow INFO:
	 [Node] Executing "boldref_wm" <niworkflows.interfaces.fixes.FixHeaderApplyTransforms>
250527-21:38:59,442 nipype.workflow INFO:
	 [Node] Finished "boldref_wm", elapsed time 0.691104s.
250527-21:39:03,466 nipype.workflow INFO:
	 [Node] Setting-up "fmriprep_25_0_wf.sub_GEO021_wf.bold_ses_t2_task_image_run_5_wf.bold_confounds_wf.t1w_mask_tfm" in "/work/fmriprep_25_0_wf/sub_GEO021_wf/bold_ses_t2_task_image_run_5_wf/bold_confounds_wf/t1w_mask_tfm".
250527-21:39:04,259 nipype.workflow INFO:
	 [Node] Executing "t1w_mask_tfm" <niworkflows.interfaces.fixes.FixHeaderApplyTransforms>
250527-21:39:07,514 nipype.workflow INFO:
	 [Node] Finished "t1w_mask_tfm", elapsed time 3.253586s.
250527-21:39:08,419 nipype.workflow INFO:
	 [Node] Setting-up "fmriprep_25_0_wf.sub_GEO021_wf.bold_ses_t2_task_image_run_5_wf.bold_fit_wf.func_fit_reports_wf.epi_t1_report" in "/work/fmriprep_25_0_wf/sub_GEO021_wf/bold_ses_t2_task_image_run_5_wf/bold_fit_wf/func_fit_reports_wf/epi_t1_report".
250527-21:39:09,90 nipype.workflow INFO:
	 [Node] Executing "epi_t1_report" <nireports.interfaces.reporting.base.SimpleBeforeAfterRPT>
250527-21:39:09,91 nipype.interface INFO:
	 Report - setting before (/out/sub-GEO021/ses-t2/func/sub-GEO021_ses-t2_task-image_run-5_desc-coreg_boldref.nii.gz) and after (/work/fmriprep_25_0_wf/sub_GEO021_wf/bold_ses_t2_task_image_run_5_wf/bold_fit_wf/func_fit_reports_wf/t1w_boldref/sub-GEO021_ses-t2_desc-preproc_T1w_trans.nii.gz) images
250527-21:39:09,91 nipype.interface INFO:
	 Generating visual report
250527-21:39:28,618 nipype.workflow INFO:
	 [Node] Finished "epi_t1_report", elapsed time 19.526915s.
250527-21:39:31,624 nipype.workflow INFO:
	 [Node] Setting-up "fmriprep_25_0_wf.sub_GEO021_wf.bold_ses_t2_task_image_run_5_wf.bold_confounds_wf.union_mask" in "/work/fmriprep_25_0_wf/sub_GEO021_wf/bold_ses_t2_task_image_run_5_wf/bold_confounds_wf/union_mask".
250527-21:39:32,107 nipype.workflow INFO:
	 [Node] Executing "union_mask" <nipype.interfaces.utility.wrappers.Function>
250527-21:39:32,175 nipype.workflow INFO:
	 [Node] Finished "union_mask", elapsed time 0.065697s.
250527-21:39:34,449 nipype.workflow INFO:
	 [Node] Setting-up "fmriprep_25_0_wf.sub_GEO021_wf.bold_ses_t2_task_image_run_5_wf.bold_fit_wf.func_fit_reports_wf.ds_epi_t1_report" in "/work/fmriprep_25_0_wf/sub_GEO021_wf/bold_ses_t2_task_image_run_5_wf/bold_fit_wf/func_fit_reports_wf/ds_epi_t1_report".
250527-21:39:34,897 nipype.workflow INFO:
	 [Node] Executing "ds_epi_t1_report" <fmriprep.interfaces.DerivativesDataSink>
250527-21:39:35,205 nipype.workflow INFO:
	 [Node] Finished "ds_epi_t1_report", elapsed time 0.306603s.
250527-21:39:36,419 nipype.workflow INFO:
	 [Node] Setting-up "fmriprep_25_0_wf.sub_GEO021_wf.bold_ses_t2_task_image_run_5_wf.bold_confounds_wf.dilated_mask" in "/work/fmriprep_25_0_wf/sub_GEO021_wf/bold_ses_t2_task_image_run_5_wf/bold_confounds_wf/dilated_mask".
250527-21:39:37,190 nipype.workflow INFO:
	 [Node] Executing "dilated_mask" <niworkflows.interfaces.morphology.BinaryDilation>
250527-21:39:37,306 nipype.workflow INFO:
	 [Node] Finished "dilated_mask", elapsed time 0.114955s.
250527-21:39:38,347 nipype.workflow INFO:
	 [Node] Setting-up "fmriprep_25_0_wf.sub_GEO021_wf.bold_ses_t2_task_image_run_3_wf.bold_confounds_wf.acompcor" in "/work/fmriprep_25_0_wf/sub_GEO021_wf/bold_ses_t2_task_image_run_3_wf/bold_confounds_wf/acompcor".
250527-21:39:39,150 nipype.workflow INFO:
	 [Node] Executing "acompcor" <niworkflows.interfaces.patches.RobustACompCor>
250527-21:39:49,505 nipype.workflow INFO:
	 [Node] Finished "acompcor", elapsed time 10.352691s.
250527-21:39:50,434 nipype.workflow INFO:
	 [Node] Setting-up "fmriprep_25_0_wf.sub_GEO021_wf.bold_ses_t2_task_image_run_4_wf.bold_confounds_wf.acompcor" in "/work/fmriprep_25_0_wf/sub_GEO021_wf/bold_ses_t2_task_image_run_4_wf/bold_confounds_wf/acompcor".
250527-21:39:50,978 nipype.workflow INFO:
	 [Node] Executing "acompcor" <niworkflows.interfaces.patches.RobustACompCor>
250527-21:39:56,847 nipype.workflow INFO:
	 [Node] Finished "acompcor", elapsed time 5.867445s.
250527-21:39:59,539 nipype.workflow INFO:
	 [Node] Setting-up "fmriprep_25_0_wf.sub_GEO021_wf.bold_ses_t2_task_image_run_5_wf.bold_confounds_wf.subtract_mask" in "/work/fmriprep_25_0_wf/sub_GEO021_wf/bold_ses_t2_task_image_run_5_wf/bold_confounds_wf/subtract_mask".
250527-21:39:59,904 nipype.workflow INFO:
	 [Node] Executing "subtract_mask" <niworkflows.interfaces.morphology.BinarySubtraction>
250527-21:39:59,973 nipype.workflow INFO:
	 [Node] Finished "subtract_mask", elapsed time 0.066813s.
250527-21:40:02,499 nipype.workflow INFO:
	 [Node] Setting-up "fmriprep_25_0_wf.sub_GEO021_wf.bold_ses_t2_task_image_run_1_wf.bold_confounds_wf.crowncompcor" in "/work/fmriprep_25_0_wf/sub_GEO021_wf/bold_ses_t2_task_image_run_1_wf/bold_confounds_wf/crowncompcor".
250527-21:40:03,338 nipype.workflow INFO:
	 [Node] Executing "crowncompcor" <niworkflows.interfaces.patches.RobustACompCor>
250527-21:40:15,198 nipype.workflow INFO:
	 [Node] Finished "crowncompcor", elapsed time 11.85935s.
250527-21:40:16,448 nipype.workflow INFO:
	 [Node] Setting-up "fmriprep_25_0_wf.sub_GEO021_wf.bold_ses_t2_task_image_run_1_wf.bold_confounds_wf.rename_acompcor" in "/work/fmriprep_25_0_wf/sub_GEO021_wf/bold_ses_t2_task_image_run_1_wf/bold_confounds_wf/rename_acompcor".
250527-21:40:17,217 nipype.workflow INFO:
	 [Node] Executing "rename_acompcor" <fmriprep.interfaces.confounds.RenameACompCor>
250527-21:40:17,603 nipype.workflow INFO:
	 [Node] Finished "rename_acompcor", elapsed time 0.38499s.
250527-21:40:18,417 nipype.workflow INFO:
	 [Node] Setting-up "fmriprep_25_0_wf.sub_GEO021_wf.bold_ses_t2_task_image_run_1_wf.bold_confounds_wf.signals" in "/work/fmriprep_25_0_wf/sub_GEO021_wf/bold_ses_t2_task_image_run_1_wf/bold_confounds_wf/signals".
250527-21:40:19,591 nipype.workflow INFO:
	 [Node] Executing "signals" <niworkflows.interfaces.images.SignalExtraction>
250527-21:40:25,890 nipype.workflow INFO:
	 [Node] Finished "signals", elapsed time 6.297319s.
250527-21:40:26,486 nipype.workflow INFO:
	 [Node] Setting-up "fmriprep_25_0_wf.sub_GEO021_wf.bold_ses_t2_task_image_run_2_wf.bold_confounds_wf.crowncompcor" in "/work/fmriprep_25_0_wf/sub_GEO021_wf/bold_ses_t2_task_image_run_2_wf/bold_confounds_wf/crowncompcor".
250527-21:40:27,119 nipype.workflow INFO:
	 [Node] Executing "crowncompcor" <niworkflows.interfaces.patches.RobustACompCor>
250527-21:40:34,883 nipype.workflow INFO:
	 [Node] Finished "crowncompcor", elapsed time 7.761827s.
250527-21:40:36,383 nipype.workflow INFO:
	 [Node] Setting-up "fmriprep_25_0_wf.sub_GEO021_wf.bold_ses_t2_task_image_run_2_wf.bold_confounds_wf.rename_acompcor" in "/work/fmriprep_25_0_wf/sub_GEO021_wf/bold_ses_t2_task_image_run_2_wf/bold_confounds_wf/rename_acompcor".
250527-21:40:37,217 nipype.workflow INFO:
	 [Node] Executing "rename_acompcor" <fmriprep.interfaces.confounds.RenameACompCor>
250527-21:40:37,483 nipype.workflow INFO:
	 [Node] Finished "rename_acompcor", elapsed time 0.265054s.
250527-21:40:38,356 nipype.workflow INFO:
	 [Node] Setting-up "fmriprep_25_0_wf.sub_GEO021_wf.bold_ses_t2_task_image_run_2_wf.bold_confounds_wf.signals" in "/work/fmriprep_25_0_wf/sub_GEO021_wf/bold_ses_t2_task_image_run_2_wf/bold_confounds_wf/signals".
250527-21:40:38,956 nipype.workflow INFO:
	 [Node] Executing "signals" <niworkflows.interfaces.images.SignalExtraction>
250527-21:40:44,917 nipype.workflow INFO:
	 [Node] Finished "signals", elapsed time 5.959403s.
250527-21:40:46,502 nipype.workflow INFO:
	 [Node] Setting-up "fmriprep_25_0_wf.sub_GEO021_wf.bold_ses_t2_task_image_run_3_wf.bold_confounds_wf.crowncompcor" in "/work/fmriprep_25_0_wf/sub_GEO021_wf/bold_ses_t2_task_image_run_3_wf/bold_confounds_wf/crowncompcor".
250527-21:40:47,157 nipype.workflow INFO:
	 [Node] Executing "crowncompcor" <niworkflows.interfaces.patches.RobustACompCor>
250527-21:40:58,695 nipype.workflow INFO:
	 [Node] Finished "crowncompcor", elapsed time 11.535255s.
250527-21:41:00,489 nipype.workflow INFO:
	 [Node] Setting-up "fmriprep_25_0_wf.sub_GEO021_wf.bold_ses_t2_task_image_run_3_wf.bold_confounds_wf.rename_acompcor" in "/work/fmriprep_25_0_wf/sub_GEO021_wf/bold_ses_t2_task_image_run_3_wf/bold_confounds_wf/rename_acompcor".
250527-21:41:01,674 nipype.workflow INFO:
	 [Node] Executing "rename_acompcor" <fmriprep.interfaces.confounds.RenameACompCor>
250527-21:41:02,22 nipype.workflow INFO:
	 [Node] Finished "rename_acompcor", elapsed time 0.335637s.
250527-21:41:04,432 nipype.workflow INFO:
	 [Node] Setting-up "fmriprep_25_0_wf.sub_GEO021_wf.bold_ses_t2_task_image_run_3_wf.bold_confounds_wf.signals" in "/work/fmriprep_25_0_wf/sub_GEO021_wf/bold_ses_t2_task_image_run_3_wf/bold_confounds_wf/signals".
250527-21:41:05,264 nipype.workflow INFO:
	 [Node] Executing "signals" <niworkflows.interfaces.images.SignalExtraction>
250527-21:41:11,212 nipype.workflow INFO:
	 [Node] Finished "signals", elapsed time 5.946965s.
250527-21:41:12,479 nipype.workflow INFO:
	 [Node] Setting-up "fmriprep_25_0_wf.sub_GEO021_wf.bold_ses_t2_task_image_run_4_wf.bold_confounds_wf.crowncompcor" in "/work/fmriprep_25_0_wf/sub_GEO021_wf/bold_ses_t2_task_image_run_4_wf/bold_confounds_wf/crowncompcor".
250527-21:41:13,396 nipype.workflow INFO:
	 [Node] Executing "crowncompcor" <niworkflows.interfaces.patches.RobustACompCor>
250527-21:41:20,718 nipype.workflow INFO:
	 [Node] Finished "crowncompcor", elapsed time 7.320971s.
250527-21:41:23,425 nipype.workflow INFO:
	 [Node] Setting-up "fmriprep_25_0_wf.sub_GEO021_wf.bold_ses_t2_task_image_run_4_wf.bold_confounds_wf.rename_acompcor" in "/work/fmriprep_25_0_wf/sub_GEO021_wf/bold_ses_t2_task_image_run_4_wf/bold_confounds_wf/rename_acompcor".
250527-21:41:24,75 nipype.workflow INFO:
	 [Node] Executing "rename_acompcor" <fmriprep.interfaces.confounds.RenameACompCor>
250527-21:41:24,324 nipype.workflow INFO:
	 [Node] Finished "rename_acompcor", elapsed time 0.247861s.
250527-21:41:26,497 nipype.workflow INFO:
	 [Node] Setting-up "fmriprep_25_0_wf.sub_GEO021_wf.bold_ses_t2_task_image_run_4_wf.bold_confounds_wf.signals" in "/work/fmriprep_25_0_wf/sub_GEO021_wf/bold_ses_t2_task_image_run_4_wf/bold_confounds_wf/signals".
250527-21:41:27,373 nipype.workflow INFO:
	 [Node] Executing "signals" <niworkflows.interfaces.images.SignalExtraction>
250527-21:41:34,0 nipype.workflow INFO:
	 [Node] Finished "signals", elapsed time 6.625042s.
250527-21:41:36,532 nipype.workflow INFO:
	 [Node] Setting-up "fmriprep_25_0_wf.sub_GEO021_wf.bold_ses_t2_task_image_run_5_wf.bold_confounds_wf.crowncompcor" in "/work/fmriprep_25_0_wf/sub_GEO021_wf/bold_ses_t2_task_image_run_5_wf/bold_confounds_wf/crowncompcor".
250527-21:41:37,701 nipype.workflow INFO:
	 [Node] Executing "crowncompcor" <niworkflows.interfaces.patches.RobustACompCor>
250527-21:41:46,577 nipype.workflow INFO:
	 [Node] Finished "crowncompcor", elapsed time 8.873992s.
250527-21:41:48,600 nipype.workflow INFO:
	 [Node] Setting-up "fmriprep_25_0_wf.sub_GEO021_wf.bold_ses_t2_task_image_run_1_wf.bold_confounds_wf.crowncc_metadata_fmt" in "/work/fmriprep_25_0_wf/sub_GEO021_wf/bold_ses_t2_task_image_run_1_wf/bold_confounds_wf/crowncc_metadata_fmt".
250527-21:41:49,231 nipype.workflow INFO:
	 [Node] Executing "crowncc_metadata_fmt" <niworkflows.interfaces.utility.TSV2JSON>
250527-21:41:49,277 nipype.workflow INFO:
	 [Node] Finished "crowncc_metadata_fmt", elapsed time 0.04432s.
250527-21:41:51,781 nipype.workflow INFO:
	 [Node] Setting-up "fmriprep_25_0_wf.sub_GEO021_wf.bold_ses_t2_task_image_run_1_wf.bold_confounds_wf.rois_plot" in "/work/fmriprep_25_0_wf/sub_GEO021_wf/bold_ses_t2_task_image_run_1_wf/bold_confounds_wf/rois_plot".
250527-21:41:53,78 nipype.workflow INFO:
	 [Node] Executing "rois_plot" <niworkflows.interfaces.reportlets.masks.ROIsPlot>
250527-21:42:10,220 nipype.workflow INFO:
	 [Node] Finished "rois_plot", elapsed time 17.130619s.
250527-21:42:12,500 nipype.workflow INFO:
	 [Node] Setting-up "fmriprep_25_0_wf.sub_GEO021_wf.bold_ses_t2_task_image_run_1_wf.bold_confounds_wf.acc_metadata_filter" in "/work/fmriprep_25_0_wf/sub_GEO021_wf/bold_ses_t2_task_image_run_1_wf/bold_confounds_wf/acc_metadata_filter".
250527-21:42:13,276 nipype.workflow INFO:
	 [Node] Executing "acc_metadata_filter" <fmriprep.interfaces.confounds.FilterDropped>
250527-21:42:13,374 nipype.workflow INFO:
	 [Node] Finished "acc_metadata_filter", elapsed time 0.097192s.
250527-21:42:16,949 nipype.workflow INFO:
	 [Node] Setting-up "fmriprep_25_0_wf.sub_GEO021_wf.bold_ses_t2_task_image_run_2_wf.bold_confounds_wf.crowncc_metadata_fmt" in "/work/fmriprep_25_0_wf/sub_GEO021_wf/bold_ses_t2_task_image_run_2_wf/bold_confounds_wf/crowncc_metadata_fmt".
250527-21:42:17,556 nipype.workflow INFO:
	 [Node] Executing "crowncc_metadata_fmt" <niworkflows.interfaces.utility.TSV2JSON>
250527-21:42:17,568 nipype.workflow INFO:
	 [Node] Finished "crowncc_metadata_fmt", elapsed time 0.010908s.
250527-21:42:20,337 nipype.workflow INFO:
	 [Node] Setting-up "fmriprep_25_0_wf.sub_GEO021_wf.bold_ses_t2_task_image_run_2_wf.bold_confounds_wf.rois_plot" in "/work/fmriprep_25_0_wf/sub_GEO021_wf/bold_ses_t2_task_image_run_2_wf/bold_confounds_wf/rois_plot".
250527-21:42:21,412 nipype.workflow INFO:
	 [Node] Executing "rois_plot" <niworkflows.interfaces.reportlets.masks.ROIsPlot>
250527-21:42:39,342 nipype.workflow INFO:
	 [Node] Finished "rois_plot", elapsed time 17.928462s.
250527-21:42:41,277 nipype.workflow INFO:
	 [Node] Setting-up "fmriprep_25_0_wf.sub_GEO021_wf.bold_ses_t2_task_image_run_2_wf.bold_confounds_wf.acc_metadata_filter" in "/work/fmriprep_25_0_wf/sub_GEO021_wf/bold_ses_t2_task_image_run_2_wf/bold_confounds_wf/acc_metadata_filter".
250527-21:42:41,962 nipype.workflow INFO:
	 [Node] Executing "acc_metadata_filter" <fmriprep.interfaces.confounds.FilterDropped>
250527-21:42:42,31 nipype.workflow INFO:
	 [Node] Finished "acc_metadata_filter", elapsed time 0.067438s.
250527-21:42:45,707 nipype.workflow INFO:
	 [Node] Setting-up "fmriprep_25_0_wf.sub_GEO021_wf.bold_ses_t2_task_image_run_3_wf.bold_confounds_wf.crowncc_metadata_fmt" in "/work/fmriprep_25_0_wf/sub_GEO021_wf/bold_ses_t2_task_image_run_3_wf/bold_confounds_wf/crowncc_metadata_fmt".
250527-21:42:46,549 nipype.workflow INFO:
	 [Node] Executing "crowncc_metadata_fmt" <niworkflows.interfaces.utility.TSV2JSON>
250527-21:42:46,570 nipype.workflow INFO:
	 [Node] Finished "crowncc_metadata_fmt", elapsed time 0.019778s.
250527-21:42:49,492 nipype.workflow INFO:
	 [Node] Setting-up "fmriprep_25_0_wf.sub_GEO021_wf.bold_ses_t2_task_image_run_3_wf.bold_confounds_wf.rois_plot" in "/work/fmriprep_25_0_wf/sub_GEO021_wf/bold_ses_t2_task_image_run_3_wf/bold_confounds_wf/rois_plot".
250527-21:42:50,141 nipype.workflow INFO:
	 [Node] Executing "rois_plot" <niworkflows.interfaces.reportlets.masks.ROIsPlot>
250527-21:43:09,47 nipype.workflow INFO:
	 [Node] Finished "rois_plot", elapsed time 18.904961s.
250527-21:43:10,44 nipype.workflow INFO:
	 [Node] Setting-up "fmriprep_25_0_wf.sub_GEO021_wf.bold_ses_t2_task_image_run_3_wf.bold_confounds_wf.acc_metadata_filter" in "/work/fmriprep_25_0_wf/sub_GEO021_wf/bold_ses_t2_task_image_run_3_wf/bold_confounds_wf/acc_metadata_filter".
250527-21:43:10,682 nipype.workflow INFO:
	 [Node] Executing "acc_metadata_filter" <fmriprep.interfaces.confounds.FilterDropped>
250527-21:43:11,6 nipype.workflow INFO:
	 [Node] Finished "acc_metadata_filter", elapsed time 0.317127s.
250527-21:43:14,52 nipype.workflow INFO:
	 [Node] Setting-up "fmriprep_25_0_wf.sub_GEO021_wf.bold_ses_t2_task_image_run_4_wf.bold_confounds_wf.crowncc_metadata_fmt" in "/work/fmriprep_25_0_wf/sub_GEO021_wf/bold_ses_t2_task_image_run_4_wf/bold_confounds_wf/crowncc_metadata_fmt".
250527-21:43:14,746 nipype.workflow INFO:
	 [Node] Executing "crowncc_metadata_fmt" <niworkflows.interfaces.utility.TSV2JSON>
250527-21:43:14,761 nipype.workflow INFO:
	 [Node] Finished "crowncc_metadata_fmt", elapsed time 0.013384s.
250527-21:43:17,579 nipype.workflow INFO:
	 [Node] Setting-up "fmriprep_25_0_wf.sub_GEO021_wf.bold_ses_t2_task_image_run_4_wf.bold_confounds_wf.rois_plot" in "/work/fmriprep_25_0_wf/sub_GEO021_wf/bold_ses_t2_task_image_run_4_wf/bold_confounds_wf/rois_plot".
250527-21:43:18,78 nipype.workflow INFO:
	 [Node] Executing "rois_plot" <niworkflows.interfaces.reportlets.masks.ROIsPlot>
250527-21:43:36,570 nipype.workflow INFO:
	 [Node] Finished "rois_plot", elapsed time 18.490035s.
250527-21:43:38,297 nipype.workflow INFO:
	 [Node] Setting-up "fmriprep_25_0_wf.sub_GEO021_wf.bold_ses_t2_task_image_run_4_wf.bold_confounds_wf.acc_metadata_filter" in "/work/fmriprep_25_0_wf/sub_GEO021_wf/bold_ses_t2_task_image_run_4_wf/bold_confounds_wf/acc_metadata_filter".
250527-21:43:38,976 nipype.workflow INFO:
	 [Node] Executing "acc_metadata_filter" <fmriprep.interfaces.confounds.FilterDropped>
250527-21:43:39,83 nipype.workflow INFO:
	 [Node] Finished "acc_metadata_filter", elapsed time 0.105827s.
250527-21:43:42,388 nipype.workflow INFO:
	 [Node] Setting-up "fmriprep_25_0_wf.sub_GEO021_wf.bold_ses_t2_task_image_run_5_wf.bold_confounds_wf.crowncc_metadata_fmt" in "/work/fmriprep_25_0_wf/sub_GEO021_wf/bold_ses_t2_task_image_run_5_wf/bold_confounds_wf/crowncc_metadata_fmt".
250527-21:43:43,479 nipype.workflow INFO:
	 [Node] Executing "crowncc_metadata_fmt" <niworkflows.interfaces.utility.TSV2JSON>
250527-21:43:43,490 nipype.workflow INFO:
	 [Node] Finished "crowncc_metadata_fmt", elapsed time 0.009268s.
250527-21:43:44,755 nipype.workflow INFO:
	 [Node] Setting-up "fmriprep_25_0_wf.sub_GEO021_wf.bold_ses_t2_task_image_run_1_wf.bold_confounds_wf.compcor_plot" in "/work/fmriprep_25_0_wf/sub_GEO021_wf/bold_ses_t2_task_image_run_1_wf/bold_confounds_wf/compcor_plot".
250527-21:43:45,364 nipype.workflow INFO:
	 [Node] Executing "compcor_plot" <nireports.interfaces.nuisance.CompCorVariancePlot>
250527-21:43:45,787 nipype.workflow INFO:
	 [Node] Finished "compcor_plot", elapsed time 0.421088s.
250527-21:43:48,928 nipype.workflow INFO:
	 [Node] Setting-up "fmriprep_25_0_wf.sub_GEO021_wf.bold_ses_t2_task_image_run_1_wf.bold_confounds_wf.acc_metadata_fmt" in "/work/fmriprep_25_0_wf/sub_GEO021_wf/bold_ses_t2_task_image_run_1_wf/bold_confounds_wf/acc_metadata_fmt".
250527-21:43:49,399 nipype.workflow INFO:
	 [Node] Executing "acc_metadata_fmt" <niworkflows.interfaces.utility.TSV2JSON>
250527-21:43:49,424 nipype.workflow INFO:
	 [Node] Finished "acc_metadata_fmt", elapsed time 0.023607s.
250527-21:43:51,250 nipype.workflow INFO:
	 [Node] Setting-up "fmriprep_25_0_wf.sub_GEO021_wf.bold_ses_t2_task_image_run_1_wf.bold_confounds_wf.model_expansion" in "/work/fmriprep_25_0_wf/sub_GEO021_wf/bold_ses_t2_task_image_run_1_wf/bold_confounds_wf/model_expansion".
250527-21:43:52,493 nipype.workflow INFO:
	 [Node] Executing "model_expansion" <niworkflows.interfaces.confounds.ExpandModel>
250527-21:43:53,86 nipype.workflow INFO:
	 [Node] Finished "model_expansion", elapsed time 0.591184s.
250527-21:43:55,173 nipype.workflow INFO:
	 [Node] Setting-up "fmriprep_25_0_wf.sub_GEO021_wf.bold_ses_t2_task_image_run_1_wf.bold_confounds_wf.conf_corr_plot" in "/work/fmriprep_25_0_wf/sub_GEO021_wf/bold_ses_t2_task_image_run_1_wf/bold_confounds_wf/conf_corr_plot".
250527-21:43:56,134 nipype.workflow INFO:
	 [Node] Executing "conf_corr_plot" <nireports.interfaces.nuisance.ConfoundsCorrelationPlot>
250527-21:43:57,310 nipype.workflow INFO:
	 [Node] Finished "conf_corr_plot", elapsed time 1.173741s.
250527-21:43:59,363 nipype.workflow INFO:
	 [Node] Setting-up "fmriprep_25_0_wf.sub_GEO021_wf.bold_ses_t2_task_image_run_2_wf.bold_confounds_wf.compcor_plot" in "/work/fmriprep_25_0_wf/sub_GEO021_wf/bold_ses_t2_task_image_run_2_wf/bold_confounds_wf/compcor_plot".
250527-21:43:59,938 nipype.workflow INFO:
	 [Node] Executing "compcor_plot" <nireports.interfaces.nuisance.CompCorVariancePlot>
250527-21:44:00,325 nipype.workflow INFO:
	 [Node] Finished "compcor_plot", elapsed time 0.386143s.
250527-21:44:02,732 nipype.workflow INFO:
	 [Node] Setting-up "fmriprep_25_0_wf.sub_GEO021_wf.bold_ses_t2_task_image_run_2_wf.bold_confounds_wf.acc_metadata_fmt" in "/work/fmriprep_25_0_wf/sub_GEO021_wf/bold_ses_t2_task_image_run_2_wf/bold_confounds_wf/acc_metadata_fmt".
250527-21:44:04,127 nipype.workflow INFO:
	 [Node] Executing "acc_metadata_fmt" <niworkflows.interfaces.utility.TSV2JSON>
250527-21:44:04,138 nipype.workflow INFO:
	 [Node] Finished "acc_metadata_fmt", elapsed time 0.00931s.
250527-21:44:05,445 nipype.workflow INFO:
	 [Node] Setting-up "fmriprep_25_0_wf.sub_GEO021_wf.bold_ses_t2_task_image_run_2_wf.bold_confounds_wf.model_expansion" in "/work/fmriprep_25_0_wf/sub_GEO021_wf/bold_ses_t2_task_image_run_2_wf/bold_confounds_wf/model_expansion".
250527-21:44:05,782 nipype.workflow INFO:
	 [Node] Executing "model_expansion" <niworkflows.interfaces.confounds.ExpandModel>
250527-21:44:06,94 nipype.workflow INFO:
	 [Node] Finished "model_expansion", elapsed time 0.310778s.
250527-21:44:07,240 nipype.workflow INFO:
	 [Node] Setting-up "fmriprep_25_0_wf.sub_GEO021_wf.bold_ses_t2_task_image_run_2_wf.bold_confounds_wf.conf_corr_plot" in "/work/fmriprep_25_0_wf/sub_GEO021_wf/bold_ses_t2_task_image_run_2_wf/bold_confounds_wf/conf_corr_plot".
250527-21:44:08,74 nipype.workflow INFO:
	 [Node] Executing "conf_corr_plot" <nireports.interfaces.nuisance.ConfoundsCorrelationPlot>
250527-21:44:09,75 nipype.workflow INFO:
	 [Node] Finished "conf_corr_plot", elapsed time 0.989653s.
250527-21:44:11,300 nipype.workflow INFO:
	 [Node] Setting-up "fmriprep_25_0_wf.sub_GEO021_wf.bold_ses_t2_task_image_run_3_wf.bold_confounds_wf.compcor_plot" in "/work/fmriprep_25_0_wf/sub_GEO021_wf/bold_ses_t2_task_image_run_3_wf/bold_confounds_wf/compcor_plot".
250527-21:44:11,772 nipype.workflow INFO:
	 [Node] Executing "compcor_plot" <nireports.interfaces.nuisance.CompCorVariancePlot>
250527-21:44:12,152 nipype.workflow INFO:
	 [Node] Finished "compcor_plot", elapsed time 0.378787s.
250527-21:44:15,402 nipype.workflow INFO:
	 [Node] Setting-up "fmriprep_25_0_wf.sub_GEO021_wf.bold_ses_t2_task_image_run_3_wf.bold_confounds_wf.acc_metadata_fmt" in "/work/fmriprep_25_0_wf/sub_GEO021_wf/bold_ses_t2_task_image_run_3_wf/bold_confounds_wf/acc_metadata_fmt".
250527-21:44:16,195 nipype.workflow INFO:
	 [Node] Executing "acc_metadata_fmt" <niworkflows.interfaces.utility.TSV2JSON>
250527-21:44:16,208 nipype.workflow INFO:
	 [Node] Finished "acc_metadata_fmt", elapsed time 0.01238s.
250527-21:44:17,692 nipype.workflow INFO:
	 [Node] Setting-up "fmriprep_25_0_wf.sub_GEO021_wf.bold_ses_t2_task_image_run_3_wf.bold_confounds_wf.model_expansion" in "/work/fmriprep_25_0_wf/sub_GEO021_wf/bold_ses_t2_task_image_run_3_wf/bold_confounds_wf/model_expansion".
250527-21:44:18,638 nipype.workflow INFO:
	 [Node] Executing "model_expansion" <niworkflows.interfaces.confounds.ExpandModel>
250527-21:44:18,838 nipype.workflow INFO:
	 [Node] Finished "model_expansion", elapsed time 0.198583s.
250527-21:44:19,763 nipype.workflow INFO:
	 [Node] Setting-up "fmriprep_25_0_wf.sub_GEO021_wf.bold_ses_t2_task_image_run_3_wf.bold_confounds_wf.conf_corr_plot" in "/work/fmriprep_25_0_wf/sub_GEO021_wf/bold_ses_t2_task_image_run_3_wf/bold_confounds_wf/conf_corr_plot".
250527-21:44:20,394 nipype.workflow INFO:
	 [Node] Executing "conf_corr_plot" <nireports.interfaces.nuisance.ConfoundsCorrelationPlot>
250527-21:44:21,492 nipype.workflow INFO:
	 [Node] Finished "conf_corr_plot", elapsed time 1.096289s.
250527-21:44:23,717 nipype.workflow INFO:
	 [Node] Setting-up "fmriprep_25_0_wf.sub_GEO021_wf.bold_ses_t2_task_image_run_4_wf.bold_confounds_wf.compcor_plot" in "/work/fmriprep_25_0_wf/sub_GEO021_wf/bold_ses_t2_task_image_run_4_wf/bold_confounds_wf/compcor_plot".
250527-21:44:25,79 nipype.workflow INFO:
	 [Node] Executing "compcor_plot" <nireports.interfaces.nuisance.CompCorVariancePlot>
250527-21:44:25,567 nipype.workflow INFO:
	 [Node] Finished "compcor_plot", elapsed time 0.486298s.
250527-21:44:29,544 nipype.workflow INFO:
	 [Node] Setting-up "fmriprep_25_0_wf.sub_GEO021_wf.bold_ses_t2_task_image_run_4_wf.bold_confounds_wf.acc_metadata_fmt" in "/work/fmriprep_25_0_wf/sub_GEO021_wf/bold_ses_t2_task_image_run_4_wf/bold_confounds_wf/acc_metadata_fmt".
250527-21:44:31,223 nipype.workflow INFO:
	 [Node] Executing "acc_metadata_fmt" <niworkflows.interfaces.utility.TSV2JSON>
250527-21:44:31,230 nipype.workflow INFO:
	 [Node] Finished "acc_metadata_fmt", elapsed time 0.005982s.
250527-21:44:33,784 nipype.workflow INFO:
	 [Node] Setting-up "fmriprep_25_0_wf.sub_GEO021_wf.bold_ses_t2_task_image_run_4_wf.bold_confounds_wf.model_expansion" in "/work/fmriprep_25_0_wf/sub_GEO021_wf/bold_ses_t2_task_image_run_4_wf/bold_confounds_wf/model_expansion".
250527-21:44:34,384 nipype.workflow INFO:
	 [Node] Executing "model_expansion" <niworkflows.interfaces.confounds.ExpandModel>
250527-21:44:34,552 nipype.workflow INFO:
	 [Node] Finished "model_expansion", elapsed time 0.166045s.
250527-21:44:35,858 nipype.workflow INFO:
	 [Node] Setting-up "fmriprep_25_0_wf.sub_GEO021_wf.bold_ses_t2_task_image_run_4_wf.bold_confounds_wf.conf_corr_plot" in "/work/fmriprep_25_0_wf/sub_GEO021_wf/bold_ses_t2_task_image_run_4_wf/bold_confounds_wf/conf_corr_plot".
250527-21:44:36,317 nipype.workflow INFO:
	 [Node] Executing "conf_corr_plot" <nireports.interfaces.nuisance.ConfoundsCorrelationPlot>
250527-21:44:37,101 nipype.workflow INFO:
	 [Node] Finished "conf_corr_plot", elapsed time 0.782379s.
250527-21:44:41,155 nipype.workflow INFO:
	 [Node] Setting-up "fmriprep_25_0_wf.sub_GEO021_wf.bold_ses_t2_task_image_run_1_wf.bold_confounds_wf.spike_regressors" in "/work/fmriprep_25_0_wf/sub_GEO021_wf/bold_ses_t2_task_image_run_1_wf/bold_confounds_wf/spike_regressors".
250527-21:44:41,856 nipype.workflow INFO:
	 [Node] Executing "spike_regressors" <niworkflows.interfaces.confounds.SpikeRegressors>
250527-21:44:42,115 nipype.workflow INFO:
	 [Node] Finished "spike_regressors", elapsed time 0.257621s.
250527-21:44:48,692 nipype.workflow INFO:
	 [Node] Setting-up "fmriprep_25_0_wf.sub_GEO021_wf.bold_ses_t2_task_image_run_2_wf.bold_confounds_wf.spike_regressors" in "/work/fmriprep_25_0_wf/sub_GEO021_wf/bold_ses_t2_task_image_run_2_wf/bold_confounds_wf/spike_regressors".
250527-21:44:49,294 nipype.workflow INFO:
	 [Node] Executing "spike_regressors" <niworkflows.interfaces.confounds.SpikeRegressors>
250527-21:44:49,852 nipype.workflow INFO:
	 [Node] Finished "spike_regressors", elapsed time 0.554234s.
250527-21:44:55,227 nipype.workflow INFO:
	 [Node] Setting-up "fmriprep_25_0_wf.sub_GEO021_wf.bold_ses_t2_task_image_run_3_wf.bold_confounds_wf.spike_regressors" in "/work/fmriprep_25_0_wf/sub_GEO021_wf/bold_ses_t2_task_image_run_3_wf/bold_confounds_wf/spike_regressors".
250527-21:44:57,105 nipype.workflow INFO:
	 [Node] Executing "spike_regressors" <niworkflows.interfaces.confounds.SpikeRegressors>
250527-21:44:57,778 nipype.workflow INFO:
	 [Node] Finished "spike_regressors", elapsed time 0.67119s.
250527-21:45:04,990 nipype.workflow INFO:
	 [Node] Setting-up "fmriprep_25_0_wf.sub_GEO021_wf.bold_ses_t2_task_image_run_4_wf.bold_confounds_wf.spike_regressors" in "/work/fmriprep_25_0_wf/sub_GEO021_wf/bold_ses_t2_task_image_run_4_wf/bold_confounds_wf/spike_regressors".
250527-21:45:05,605 nipype.workflow INFO:
	 [Node] Executing "spike_regressors" <niworkflows.interfaces.confounds.SpikeRegressors>
250527-21:45:05,825 nipype.workflow INFO:
	 [Node] Finished "spike_regressors", elapsed time 0.219522s.
250527-21:45:14,149 nipype.workflow INFO:
	 [Node] Setting-up "_msmsulc0" in "/work/fmriprep_25_0_wf/sub_GEO021_wf/anat_fit_wf/msm_sulc_wf/msmsulc/mapflow/_msmsulc0".
250527-21:45:14,595 nipype.workflow INFO:
	 [Node] Executing "_msmsulc0" <smriprep.interfaces.msm.MSM>
250527-22:00:58,761 nipype.workflow INFO:
	 [Node] Finished "registration", elapsed time 1367.480073s.
250527-22:01:01,77 nipype.workflow INFO:
	 [Node] Setting-up "fmriprep_25_0_wf.sub_GEO021_wf.anat_fit_wf.register_template_wf.outputnode" in "/work/fmriprep_25_0_wf/sub_GEO021_wf/anat_fit_wf/register_template_wf/outputnode".
250527-22:01:01,573 nipype.workflow INFO:
	 [Node] Executing "outputnode" <nipype.interfaces.utility.base.IdentityInterface>
250527-22:01:01,574 nipype.workflow INFO:
	 [Node] Finished "outputnode", elapsed time 0.000532s.
250527-22:01:08,862 nipype.workflow INFO:
	 [Node] Setting-up "_msmsulc1" in "/work/fmriprep_25_0_wf/sub_GEO021_wf/anat_fit_wf/msm_sulc_wf/msmsulc/mapflow/_msmsulc1".
250527-22:01:08,902 nipype.workflow INFO:
	 [Node] Setting-up "_acc_msk_tfm0" in "/work/fmriprep_25_0_wf/sub_GEO021_wf/bold_ses_t2_task_image_run_5_wf/bold_confounds_wf/acc_msk_tfm/mapflow/_acc_msk_tfm0".
250527-22:01:08,909 nipype.workflow INFO:
	 [Node] Setting-up "_acc_msk_tfm1" in "/work/fmriprep_25_0_wf/sub_GEO021_wf/bold_ses_t2_task_image_run_5_wf/bold_confounds_wf/acc_msk_tfm/mapflow/_acc_msk_tfm1".
250527-22:01:08,918 nipype.workflow INFO:
	 [Node] Setting-up "_acc_msk_tfm2" in "/work/fmriprep_25_0_wf/sub_GEO021_wf/bold_ses_t2_task_image_run_5_wf/bold_confounds_wf/acc_msk_tfm/mapflow/_acc_msk_tfm2".
250527-22:01:09,160 nipype.workflow INFO:
	 [Node] Setting-up "fmriprep_25_0_wf.sub_GEO021_wf.anat_fit_wf.template_buffer" in "/work/fmriprep_25_0_wf/sub_GEO021_wf/anat_fit_wf/template_buffer".
250527-22:01:09,630 nipype.workflow INFO:
	 [Node] Executing "_msmsulc1" <smriprep.interfaces.msm.MSM>
250527-22:01:09,692 nipype.workflow INFO:
	 [Node] Executing "_acc_msk_tfm0" <niworkflows.interfaces.fixes.FixHeaderApplyTransforms>
250527-22:01:09,848 nipype.workflow INFO:
	 [Node] Executing "_acc_msk_tfm1" <niworkflows.interfaces.fixes.FixHeaderApplyTransforms>
250527-22:01:09,866 nipype.workflow INFO:
	 [Node] Executing "_acc_msk_tfm2" <niworkflows.interfaces.fixes.FixHeaderApplyTransforms>
250527-22:01:09,915 nipype.workflow INFO:
	 [Node] Executing "template_buffer" <nipype.interfaces.utility.base.Merge>
250527-22:01:09,917 nipype.workflow INFO:
	 [Node] Finished "template_buffer", elapsed time 0.00061s.
250527-22:01:11,360 nipype.workflow INFO:
	 [Node] Finished "_acc_msk_tfm0", elapsed time 1.6664919999999999s.
250527-22:01:11,405 nipype.workflow INFO:
	 [Node] Finished "_acc_msk_tfm1", elapsed time 1.556283s.
250527-22:01:11,678 nipype.workflow INFO:
	 [Node] Finished "_acc_msk_tfm2", elapsed time 1.8112650000000001s.
250527-22:01:18,578 nipype.workflow INFO:
	 [Node] Setting-up "fmriprep_25_0_wf.sub_GEO021_wf.anat_fit_wf.anat2std_buffer" in "/work/fmriprep_25_0_wf/sub_GEO021_wf/anat_fit_wf/anat2std_buffer".
250527-22:01:18,579 nipype.workflow INFO:
	 [Node] Setting-up "fmriprep_25_0_wf.sub_GEO021_wf.anat_fit_wf.std2anat_buffer" in "/work/fmriprep_25_0_wf/sub_GEO021_wf/anat_fit_wf/std2anat_buffer".
250527-22:01:18,869 nipype.workflow INFO:
	 [Node] Setting-up "_acc_msk_tfm0" in "/work/fmriprep_25_0_wf/sub_GEO021_wf/bold_ses_t2_task_image_run_5_wf/bold_confounds_wf/acc_msk_tfm/mapflow/_acc_msk_tfm0".
250527-22:01:18,873 nipype.workflow INFO:
	 [Node] Cached "_acc_msk_tfm0" - collecting precomputed outputs
250527-22:01:18,873 nipype.workflow INFO:
	 [Node] "_acc_msk_tfm0" found cached.
250527-22:01:18,873 nipype.workflow INFO:
	 [Node] Setting-up "_acc_msk_tfm1" in "/work/fmriprep_25_0_wf/sub_GEO021_wf/bold_ses_t2_task_image_run_5_wf/bold_confounds_wf/acc_msk_tfm/mapflow/_acc_msk_tfm1".
250527-22:01:18,877 nipype.workflow INFO:
	 [Node] Cached "_acc_msk_tfm1" - collecting precomputed outputs
250527-22:01:18,877 nipype.workflow INFO:
	 [Node] "_acc_msk_tfm1" found cached.
250527-22:01:18,877 nipype.workflow INFO:
	 [Node] Setting-up "_acc_msk_tfm2" in "/work/fmriprep_25_0_wf/sub_GEO021_wf/bold_ses_t2_task_image_run_5_wf/bold_confounds_wf/acc_msk_tfm/mapflow/_acc_msk_tfm2".
250527-22:01:18,880 nipype.workflow INFO:
	 [Node] Cached "_acc_msk_tfm2" - collecting precomputed outputs
250527-22:01:18,880 nipype.workflow INFO:
	 [Node] "_acc_msk_tfm2" found cached.
250527-22:01:18,920 nipype.workflow INFO:
	 [Node] Executing "anat2std_buffer" <nipype.interfaces.utility.base.Merge>
250527-22:01:18,921 nipype.workflow INFO:
	 [Node] Finished "anat2std_buffer", elapsed time 0.000405s.
250527-22:01:18,969 nipype.workflow INFO:
	 [Node] Executing "std2anat_buffer" <nipype.interfaces.utility.base.Merge>
250527-22:01:18,971 nipype.workflow INFO:
	 [Node] Finished "std2anat_buffer", elapsed time 0.000513s.
250527-22:01:24,779 nipype.workflow INFO:
	 [Node] Setting-up "fmriprep_25_0_wf.sub_GEO021_wf.ds_std_volumes_wf.anat2std_mask" in "/work/fmriprep_25_0_wf/sub_GEO021_wf/ds_std_volumes_wf/_in_tuple_MNI152NLin2009cAsym.resnative/anat2std_mask".
250527-22:01:24,781 nipype.workflow INFO:
	 [Node] Setting-up "fmriprep_25_0_wf.sub_GEO021_wf.ds_std_volumes_wf.anat2std_dseg" in "/work/fmriprep_25_0_wf/sub_GEO021_wf/ds_std_volumes_wf/_in_tuple_MNI152NLin2009cAsym.resnative/anat2std_dseg".
250527-22:01:25,239 nipype.workflow INFO:
	 [Node] Setting-up "fmriprep_25_0_wf.sub_GEO021_wf.ds_std_volumes_wf.anat2std_t1w" in "/work/fmriprep_25_0_wf/sub_GEO021_wf/ds_std_volumes_wf/_in_tuple_MNI152NLin2009cAsym.resnative/anat2std_t1w".
250527-22:01:25,240 nipype.workflow INFO:
	 [Node] Setting-up "fmriprep_25_0_wf.sub_GEO021_wf.anat_fit_wf.anat_reports_wf.t1w_std" in "/work/fmriprep_25_0_wf/sub_GEO021_wf/anat_fit_wf/anat_reports_wf/_in_tuple_MNI152NLin2009cAsym.resnative/t1w_std".
250527-22:01:25,241 nipype.workflow INFO:
	 [Node] Setting-up "fmriprep_25_0_wf.sub_GEO021_wf.anat_fit_wf.anat_reports_wf.mask_std" in "/work/fmriprep_25_0_wf/sub_GEO021_wf/anat_fit_wf/anat_reports_wf/_in_tuple_MNI152NLin2009cAsym.resnative/mask_std".
250527-22:01:25,243 nipype.workflow INFO:
	 [Node] Setting-up "fmriprep_25_0_wf.sub_GEO021_wf.bold_ses_t2_task_image_run_1_wf.carpetplot_wf.mrg_xfms" in "/work/fmriprep_25_0_wf/sub_GEO021_wf/bold_ses_t2_task_image_run_1_wf/carpetplot_wf/mrg_xfms".
250527-22:01:25,658 nipype.workflow INFO:
	 [Node] Executing "anat2std_dseg" <niworkflows.interfaces.fixes.FixHeaderApplyTransforms>
250527-22:01:26,272 nipype.workflow INFO:
	 [Node] Executing "anat2std_mask" <niworkflows.interfaces.fixes.FixHeaderApplyTransforms>
250527-22:01:26,563 nipype.workflow INFO:
	 [Node] Executing "anat2std_t1w" <niworkflows.interfaces.fixes.FixHeaderApplyTransforms>
250527-22:01:26,620 nipype.workflow INFO:
	 [Node] Executing "mask_std" <niworkflows.interfaces.fixes.FixHeaderApplyTransforms>
250527-22:01:26,653 nipype.workflow INFO:
	 [Node] Executing "t1w_std" <niworkflows.interfaces.fixes.FixHeaderApplyTransforms>
250527-22:01:26,741 nipype.workflow INFO:
	 [Node] Executing "mrg_xfms" <nipype.interfaces.utility.base.Merge>
250527-22:01:26,742 nipype.workflow INFO:
	 [Node] Finished "mrg_xfms", elapsed time 0.00052s.
250527-22:01:28,734 nipype.workflow INFO:
	 [Node] Setting-up "fmriprep_25_0_wf.sub_GEO021_wf.bold_ses_t2_task_image_run_1_wf.ds_bold_std_wf.sources" in "/work/fmriprep_25_0_wf/sub_GEO021_wf/bold_ses_t2_task_image_run_1_wf/ds_bold_std_wf/_in_tuple_MNI152NLin2009cAsym.resnative/sources".
250527-22:01:29,390 nipype.workflow INFO:
	 [Node] Executing "sources" <fmriprep.interfaces.bids.BIDSURI>
250527-22:01:29,392 nipype.workflow INFO:
	 [Node] Finished "sources", elapsed time 0.001082s.
250527-22:01:30,778 nipype.workflow INFO:
	 [Node] Setting-up "fmriprep_25_0_wf.sub_GEO021_wf.bold_ses_t2_task_image_run_1_wf.ds_bold_std_wf.boldref2target" in "/work/fmriprep_25_0_wf/sub_GEO021_wf/bold_ses_t2_task_image_run_1_wf/ds_bold_std_wf/_in_tuple_MNI152NLin2009cAsym.resnative/boldref2target".
250527-22:01:31,358 nipype.workflow INFO:
	 [Node] Executing "boldref2target" <nipype.interfaces.utility.base.Merge>
250527-22:01:31,360 nipype.workflow INFO:
	 [Node] Finished "boldref2target", elapsed time 0.000413s.
250527-22:01:33,763 nipype.workflow INFO:
	 [Node] Setting-up "fmriprep_25_0_wf.sub_GEO021_wf.bold_ses_t2_task_image_run_2_wf.carpetplot_wf.mrg_xfms" in "/work/fmriprep_25_0_wf/sub_GEO021_wf/bold_ses_t2_task_image_run_2_wf/carpetplot_wf/mrg_xfms".
250527-22:01:34,641 nipype.workflow INFO:
	 [Node] Executing "mrg_xfms" <nipype.interfaces.utility.base.Merge>
250527-22:01:34,643 nipype.workflow INFO:
	 [Node] Finished "mrg_xfms", elapsed time 0.000503s.
250527-22:01:37,897 nipype.workflow INFO:
	 [Node] Setting-up "fmriprep_25_0_wf.sub_GEO021_wf.bold_ses_t2_task_image_run_2_wf.ds_bold_std_wf.boldref2target" in "/work/fmriprep_25_0_wf/sub_GEO021_wf/bold_ses_t2_task_image_run_2_wf/ds_bold_std_wf/_in_tuple_MNI152NLin2009cAsym.resnative/boldref2target".
250527-22:01:38,536 nipype.workflow INFO:
	 [Node] Executing "boldref2target" <nipype.interfaces.utility.base.Merge>
250527-22:01:38,537 nipype.workflow INFO:
	 [Node] Finished "boldref2target", elapsed time 0.000479s.
250527-22:01:40,829 nipype.workflow INFO:
	 [Node] Setting-up "fmriprep_25_0_wf.sub_GEO021_wf.bold_ses_t2_task_image_run_2_wf.ds_bold_std_wf.sources" in "/work/fmriprep_25_0_wf/sub_GEO021_wf/bold_ses_t2_task_image_run_2_wf/ds_bold_std_wf/_in_tuple_MNI152NLin2009cAsym.resnative/sources".
250527-22:01:41,234 nipype.workflow INFO:
	 [Node] Executing "sources" <fmriprep.interfaces.bids.BIDSURI>
250527-22:01:41,237 nipype.workflow INFO:
	 [Node] Finished "sources", elapsed time 0.000983s.
250527-22:01:42,814 nipype.workflow INFO:
	 [Node] Setting-up "fmriprep_25_0_wf.sub_GEO021_wf.bold_ses_t2_task_image_run_3_wf.carpetplot_wf.mrg_xfms" in "/work/fmriprep_25_0_wf/sub_GEO021_wf/bold_ses_t2_task_image_run_3_wf/carpetplot_wf/mrg_xfms".
250527-22:01:44,176 nipype.workflow INFO:
	 [Node] Executing "mrg_xfms" <nipype.interfaces.utility.base.Merge>
250527-22:01:44,337 nipype.workflow INFO:
	 [Node] Finished "mrg_xfms", elapsed time 0.000475s.
250527-22:01:46,758 nipype.workflow INFO:
	 [Node] Setting-up "fmriprep_25_0_wf.sub_GEO021_wf.bold_ses_t2_task_image_run_3_wf.ds_bold_std_wf.sources" in "/work/fmriprep_25_0_wf/sub_GEO021_wf/bold_ses_t2_task_image_run_3_wf/ds_bold_std_wf/_in_tuple_MNI152NLin2009cAsym.resnative/sources".
250527-22:01:47,741 nipype.workflow INFO:
	 [Node] Executing "sources" <fmriprep.interfaces.bids.BIDSURI>
250527-22:01:47,743 nipype.workflow INFO:
	 [Node] Finished "sources", elapsed time 0.00098s.
250527-22:01:48,736 nipype.workflow INFO:
	 [Node] Setting-up "fmriprep_25_0_wf.sub_GEO021_wf.bold_ses_t2_task_image_run_3_wf.ds_bold_std_wf.boldref2target" in "/work/fmriprep_25_0_wf/sub_GEO021_wf/bold_ses_t2_task_image_run_3_wf/ds_bold_std_wf/_in_tuple_MNI152NLin2009cAsym.resnative/boldref2target".
250527-22:01:49,833 nipype.workflow INFO:
	 [Node] Executing "boldref2target" <nipype.interfaces.utility.base.Merge>
250527-22:01:49,835 nipype.workflow INFO:
	 [Node] Finished "boldref2target", elapsed time 0.000478s.
250527-22:01:51,879 nipype.workflow INFO:
	 [Node] Setting-up "fmriprep_25_0_wf.sub_GEO021_wf.bold_ses_t2_task_image_run_4_wf.carpetplot_wf.mrg_xfms" in "/work/fmriprep_25_0_wf/sub_GEO021_wf/bold_ses_t2_task_image_run_4_wf/carpetplot_wf/mrg_xfms".
250527-22:01:52,890 nipype.workflow INFO:
	 [Node] Executing "mrg_xfms" <nipype.interfaces.utility.base.Merge>
250527-22:01:52,895 nipype.workflow INFO:
	 [Node] Finished "mrg_xfms", elapsed time 0.002156s.
250527-22:01:56,573 nipype.workflow INFO:
	 [Node] Finished "t1w_std", elapsed time 29.918719s.
250527-22:01:56,716 nipype.workflow INFO:
	 [Node] Setting-up "fmriprep_25_0_wf.sub_GEO021_wf.bold_ses_t2_task_image_run_4_wf.ds_bold_std_wf.sources" in "/work/fmriprep_25_0_wf/sub_GEO021_wf/bold_ses_t2_task_image_run_4_wf/ds_bold_std_wf/_in_tuple_MNI152NLin2009cAsym.resnative/sources".
250527-22:01:57,373 nipype.workflow INFO:
	 [Node] Executing "sources" <fmriprep.interfaces.bids.BIDSURI>
250527-22:01:57,375 nipype.workflow INFO:
	 [Node] Finished "sources", elapsed time 0.001208s.
250527-22:01:58,350 nipype.workflow INFO:
	 [Node] Finished "anat2std_t1w", elapsed time 31.784879s.
250527-22:01:59,52 nipype.workflow INFO:
	 [Node] Setting-up "fmriprep_25_0_wf.sub_GEO021_wf.bold_ses_t2_task_image_run_4_wf.ds_bold_std_wf.boldref2target" in "/work/fmriprep_25_0_wf/sub_GEO021_wf/bold_ses_t2_task_image_run_4_wf/ds_bold_std_wf/_in_tuple_MNI152NLin2009cAsym.resnative/boldref2target".
250527-22:01:59,53 nipype.workflow INFO:
	 [Node] Setting-up "fmriprep_25_0_wf.sub_GEO021_wf.bold_ses_t2_task_image_run_5_wf.carpetplot_wf.mrg_xfms" in "/work/fmriprep_25_0_wf/sub_GEO021_wf/bold_ses_t2_task_image_run_5_wf/carpetplot_wf/mrg_xfms".
250527-22:01:59,55 nipype.workflow INFO:
	 [Node] Setting-up "fmriprep_25_0_wf.sub_GEO021_wf.bold_ses_t2_task_image_run_5_wf.ds_bold_std_wf.boldref2target" in "/work/fmriprep_25_0_wf/sub_GEO021_wf/bold_ses_t2_task_image_run_5_wf/ds_bold_std_wf/_in_tuple_MNI152NLin2009cAsym.resnative/boldref2target".
250527-22:01:59,688 nipype.workflow INFO:
	 [Node] Executing "boldref2target" <nipype.interfaces.utility.base.Merge>
250527-22:01:59,691 nipype.workflow INFO:
	 [Node] Finished "boldref2target", elapsed time 0.000595s.
250527-22:02:00,10 nipype.workflow INFO:
	 [Node] Executing "mrg_xfms" <nipype.interfaces.utility.base.Merge>
250527-22:02:00,12 nipype.workflow INFO:
	 [Node] Finished "mrg_xfms", elapsed time 0.000736s.
250527-22:02:00,102 nipype.workflow INFO:
	 [Node] Executing "boldref2target" <nipype.interfaces.utility.base.Merge>
250527-22:02:00,103 nipype.workflow INFO:
	 [Node] Finished "boldref2target", elapsed time 0.000561s.
250527-22:02:02,231 nipype.workflow INFO:
	 [Node] Setting-up "fmriprep_25_0_wf.sub_GEO021_wf.bold_ses_t2_task_image_run_5_wf.ds_bold_std_wf.sources" in "/work/fmriprep_25_0_wf/sub_GEO021_wf/bold_ses_t2_task_image_run_5_wf/ds_bold_std_wf/_in_tuple_MNI152NLin2009cAsym.resnative/sources".
250527-22:02:02,768 nipype.workflow INFO:
	 [Node] Executing "sources" <fmriprep.interfaces.bids.BIDSURI>
250527-22:02:02,774 nipype.workflow INFO:
	 [Node] Finished "sources", elapsed time 0.00243s.
250527-22:02:05,88 nipype.workflow INFO:
	 [Node] Setting-up "fmriprep_25_0_wf.sub_GEO021_wf.bold_ses_t2_task_image_run_1_wf.carpetplot_wf.resample_parc" in "/work/fmriprep_25_0_wf/sub_GEO021_wf/bold_ses_t2_task_image_run_1_wf/carpetplot_wf/resample_parc".
250527-22:02:05,94 nipype.workflow INFO:
	 [Node] Setting-up "fmriprep_25_0_wf.sub_GEO021_wf.bold_ses_t2_task_image_run_1_wf.ds_bold_std_wf.resample_ref" in "/work/fmriprep_25_0_wf/sub_GEO021_wf/bold_ses_t2_task_image_run_1_wf/ds_bold_std_wf/_in_tuple_MNI152NLin2009cAsym.resnative/resample_ref".
250527-22:02:05,334 nipype.workflow INFO:
	 [Node] Setting-up "fmriprep_25_0_wf.sub_GEO021_wf.bold_ses_t2_task_image_run_1_wf.ds_bold_std_wf.resample_mask" in "/work/fmriprep_25_0_wf/sub_GEO021_wf/bold_ses_t2_task_image_run_1_wf/ds_bold_std_wf/_in_tuple_MNI152NLin2009cAsym.resnative/resample_mask".
250527-22:02:05,645 nipype.workflow INFO:
	 [Node] Executing "resample_parc" <niworkflows.interfaces.fixes.FixHeaderApplyTransforms>
250527-22:02:05,715 nipype.workflow INFO:
	 [Node] Executing "resample_ref" <niworkflows.interfaces.fixes.FixHeaderApplyTransforms>
250527-22:02:05,801 nipype.workflow INFO:
	 [Node] Executing "resample_mask" <niworkflows.interfaces.fixes.FixHeaderApplyTransforms>
250527-22:02:08,688 nipype.workflow INFO:
	 [Node] Finished "resample_ref", elapsed time 2.970383s.
250527-22:02:09,47 nipype.workflow INFO:
	 [Node] Finished "resample_parc", elapsed time 3.400234s.
250527-22:02:09,254 nipype.workflow INFO:
	 [Node] Finished "resample_mask", elapsed time 3.44896s.
250527-22:02:10,548 nipype.workflow INFO:
	 [Node] Setting-up "fmriprep_25_0_wf.sub_GEO021_wf.bold_ses_t2_task_image_run_2_wf.carpetplot_wf.resample_parc" in "/work/fmriprep_25_0_wf/sub_GEO021_wf/bold_ses_t2_task_image_run_2_wf/carpetplot_wf/resample_parc".
250527-22:02:11,281 nipype.workflow INFO:
	 [Node] Executing "resample_parc" <niworkflows.interfaces.fixes.FixHeaderApplyTransforms>
250527-22:02:12,883 nipype.workflow INFO:
	 [Node] Setting-up "fmriprep_25_0_wf.sub_GEO021_wf.bold_ses_t2_task_image_run_2_wf.ds_bold_std_wf.resample_ref" in "/work/fmriprep_25_0_wf/sub_GEO021_wf/bold_ses_t2_task_image_run_2_wf/ds_bold_std_wf/_in_tuple_MNI152NLin2009cAsym.resnative/resample_ref".
250527-22:02:12,884 nipype.workflow INFO:
	 [Node] Setting-up "fmriprep_25_0_wf.sub_GEO021_wf.bold_ses_t2_task_image_run_2_wf.ds_bold_std_wf.resample_mask" in "/work/fmriprep_25_0_wf/sub_GEO021_wf/bold_ses_t2_task_image_run_2_wf/ds_bold_std_wf/_in_tuple_MNI152NLin2009cAsym.resnative/resample_mask".
250527-22:02:13,584 nipype.workflow INFO:
	 [Node] Executing "resample_ref" <niworkflows.interfaces.fixes.FixHeaderApplyTransforms>
250527-22:02:13,605 nipype.workflow INFO:
	 [Node] Executing "resample_mask" <niworkflows.interfaces.fixes.FixHeaderApplyTransforms>
250527-22:02:13,805 nipype.workflow INFO:
	 [Node] Finished "mask_std", elapsed time 47.183494s.
250527-22:02:14,724 nipype.workflow INFO:
	 [Node] Finished "resample_parc", elapsed time 3.440619s.
250527-22:02:15,335 nipype.workflow INFO:
	 [Node] Setting-up "fmriprep_25_0_wf.sub_GEO021_wf.anat_fit_wf.anat_reports_wf.norm_msk" in "/work/fmriprep_25_0_wf/sub_GEO021_wf/anat_fit_wf/anat_reports_wf/_in_tuple_MNI152NLin2009cAsym.resnative/norm_msk".
250527-22:02:16,294 nipype.workflow INFO:
	 [Node] Executing "norm_msk" <nipype.interfaces.utility.wrappers.Function>
250527-22:02:16,337 nipype.workflow INFO:
	 [Node] Finished "resample_ref", elapsed time 2.752137s.
250527-22:02:17,358 nipype.workflow INFO:
	 [Node] Finished "resample_mask", elapsed time 3.7523s.
250527-22:02:17,445 nipype.workflow INFO:
	 [Node] Setting-up "fmriprep_25_0_wf.sub_GEO021_wf.bold_ses_t2_task_image_run_3_wf.carpetplot_wf.resample_parc" in "/work/fmriprep_25_0_wf/sub_GEO021_wf/bold_ses_t2_task_image_run_3_wf/carpetplot_wf/resample_parc".
250527-22:02:17,446 nipype.workflow INFO:
	 [Node] Setting-up "fmriprep_25_0_wf.sub_GEO021_wf.bold_ses_t2_task_image_run_3_wf.ds_bold_std_wf.resample_ref" in "/work/fmriprep_25_0_wf/sub_GEO021_wf/bold_ses_t2_task_image_run_3_wf/ds_bold_std_wf/_in_tuple_MNI152NLin2009cAsym.resnative/resample_ref".
250527-22:02:18,40 nipype.workflow INFO:
	 [Node] Executing "resample_parc" <niworkflows.interfaces.fixes.FixHeaderApplyTransforms>
250527-22:02:18,142 nipype.workflow INFO:
	 [Node] Finished "norm_msk", elapsed time 1.846274s.
250527-22:02:18,349 nipype.workflow INFO:
	 [Node] Executing "resample_ref" <niworkflows.interfaces.fixes.FixHeaderApplyTransforms>
250527-22:02:19,473 nipype.workflow INFO:
	 [Node] Setting-up "fmriprep_25_0_wf.sub_GEO021_wf.bold_ses_t2_task_image_run_3_wf.ds_bold_std_wf.resample_mask" in "/work/fmriprep_25_0_wf/sub_GEO021_wf/bold_ses_t2_task_image_run_3_wf/ds_bold_std_wf/_in_tuple_MNI152NLin2009cAsym.resnative/resample_mask".
250527-22:02:19,821 nipype.workflow INFO:
	 [Node] Finished "anat2std_mask", elapsed time 53.547429s.
250527-22:02:20,255 nipype.workflow INFO:
	 [Node] Executing "resample_mask" <niworkflows.interfaces.fixes.FixHeaderApplyTransforms>
250527-22:02:21,314 nipype.workflow INFO:
	 [Node] Finished "resample_ref", elapsed time 2.963749s.
250527-22:02:21,371 nipype.workflow INFO:
	 [Node] Finished "resample_parc", elapsed time 3.327391s.
250527-22:02:21,575 nipype.workflow INFO:
	 [Node] Setting-up "fmriprep_25_0_wf.sub_GEO021_wf.bold_ses_t2_task_image_run_4_wf.carpetplot_wf.resample_parc" in "/work/fmriprep_25_0_wf/sub_GEO021_wf/bold_ses_t2_task_image_run_4_wf/carpetplot_wf/resample_parc".
250527-22:02:22,319 nipype.interface WARNING:
	 Changing /out/sub-GEO021/ses-t2/anat/sub-GEO021_ses-t2_space-MNI152NLin2009cAsym_desc-brain_mask.nii.gz dtype from float64 to uint8
250527-22:02:22,481 nipype.workflow INFO:
	 [Node] Executing "resample_parc" <niworkflows.interfaces.fixes.FixHeaderApplyTransforms>
250527-22:02:24,201 nipype.workflow INFO:
	 [Node] Finished "resample_mask", elapsed time 3.943693s.
250527-22:02:25,303 nipype.workflow INFO:
	 [Node] Setting-up "fmriprep_25_0_wf.sub_GEO021_wf.bold_ses_t2_task_image_run_4_wf.ds_bold_std_wf.resample_ref" in "/work/fmriprep_25_0_wf/sub_GEO021_wf/bold_ses_t2_task_image_run_4_wf/ds_bold_std_wf/_in_tuple_MNI152NLin2009cAsym.resnative/resample_ref".
250527-22:02:25,305 nipype.workflow INFO:
	 [Node] Setting-up "fmriprep_25_0_wf.sub_GEO021_wf.bold_ses_t2_task_image_run_4_wf.ds_bold_std_wf.resample_mask" in "/work/fmriprep_25_0_wf/sub_GEO021_wf/bold_ses_t2_task_image_run_4_wf/ds_bold_std_wf/_in_tuple_MNI152NLin2009cAsym.resnative/resample_mask".
250527-22:02:25,307 nipype.workflow INFO:
	 [Node] Setting-up "fmriprep_25_0_wf.sub_GEO021_wf.bold_ses_t2_task_image_run_5_wf.carpetplot_wf.resample_parc" in "/work/fmriprep_25_0_wf/sub_GEO021_wf/bold_ses_t2_task_image_run_5_wf/carpetplot_wf/resample_parc".
250527-22:02:25,308 nipype.workflow INFO:
	 [Node] Setting-up "fmriprep_25_0_wf.sub_GEO021_wf.bold_ses_t2_task_image_run_5_wf.ds_bold_std_wf.resample_ref" in "/work/fmriprep_25_0_wf/sub_GEO021_wf/bold_ses_t2_task_image_run_5_wf/ds_bold_std_wf/_in_tuple_MNI152NLin2009cAsym.resnative/resample_ref".
250527-22:02:26,33 nipype.workflow INFO:
	 [Node] Finished "anat2std_dseg", elapsed time 60.373023s.
250527-22:02:26,188 nipype.workflow INFO:
	 [Node] Finished "resample_parc", elapsed time 3.705474s.
250527-22:02:26,355 nipype.workflow INFO:
	 [Node] Executing "resample_mask" <niworkflows.interfaces.fixes.FixHeaderApplyTransforms>
250527-22:02:26,372 nipype.workflow INFO:
	 [Node] Executing "resample_parc" <niworkflows.interfaces.fixes.FixHeaderApplyTransforms>
250527-22:02:26,403 nipype.workflow INFO:
	 [Node] Executing "resample_ref" <niworkflows.interfaces.fixes.FixHeaderApplyTransforms>
250527-22:02:26,689 nipype.workflow INFO:
	 [Node] Executing "resample_ref" <niworkflows.interfaces.fixes.FixHeaderApplyTransforms>
250527-22:02:28,313 nipype.interface WARNING:
	 Changing /out/sub-GEO021/ses-t2/anat/sub-GEO021_ses-t2_space-MNI152NLin2009cAsym_dseg.nii.gz dtype from float64 to int16
250527-22:02:29,348 nipype.workflow INFO:
	 [Node] Finished "resample_ref", elapsed time 2.944373s.
250527-22:02:30,192 nipype.workflow INFO:
	 [Node] Finished "resample_parc", elapsed time 3.8193669999999997s.
250527-22:02:30,294 nipype.workflow INFO:
	 [Node] Finished "resample_mask", elapsed time 3.937596s.
250527-22:02:30,370 nipype.workflow INFO:
	 [Node] Finished "resample_ref", elapsed time 3.679664s.
250527-22:02:30,743 nipype.workflow INFO:
	 [Node] Setting-up "fmriprep_25_0_wf.sub_GEO021_wf.bold_ses_t2_task_image_run_5_wf.ds_bold_std_wf.resample_mask" in "/work/fmriprep_25_0_wf/sub_GEO021_wf/bold_ses_t2_task_image_run_5_wf/ds_bold_std_wf/_in_tuple_MNI152NLin2009cAsym.resnative/resample_mask".
250527-22:02:31,589 nipype.workflow INFO:
	 [Node] Executing "resample_mask" <niworkflows.interfaces.fixes.FixHeaderApplyTransforms>
250527-22:02:32,627 nipype.workflow INFO:
	 [Node] Setting-up "fmriprep_25_0_wf.sub_GEO021_wf.anat_fit_wf.anat_reports_wf.norm_rpt" in "/work/fmriprep_25_0_wf/sub_GEO021_wf/anat_fit_wf/anat_reports_wf/_in_tuple_MNI152NLin2009cAsym.resnative/norm_rpt".
250527-22:02:33,857 nipype.workflow INFO:
	 [Node] Executing "norm_rpt" <niworkflows.interfaces.reportlets.registration.SimpleBeforeAfterRPT>
250527-22:02:35,454 nipype.workflow INFO:
	 [Node] Finished "resample_mask", elapsed time 3.862909s.
250527-22:02:36,828 nipype.interface WARNING:
	 Changing /out/sub-GEO021/ses-t2/func/sub-GEO021_ses-t2_task-image_run-1_space-MNI152NLin2009cAsym_desc-brain_mask.nii.gz dtype from float64 to uint8
250527-22:02:41,483 nipype.interface WARNING:
	 Changing /out/sub-GEO021/ses-t2/func/sub-GEO021_ses-t2_task-image_run-2_space-MNI152NLin2009cAsym_desc-brain_mask.nii.gz dtype from float64 to uint8
250527-22:02:45,301 nipype.interface WARNING:
	 Changing /out/sub-GEO021/ses-t2/func/sub-GEO021_ses-t2_task-image_run-3_space-MNI152NLin2009cAsym_desc-brain_mask.nii.gz dtype from float64 to uint8
250527-22:02:50,769 nipype.interface WARNING:
	 Changing /out/sub-GEO021/ses-t2/func/sub-GEO021_ses-t2_task-image_run-4_space-MNI152NLin2009cAsym_desc-brain_mask.nii.gz dtype from float64 to uint8
250527-22:02:53,95 nipype.workflow INFO:
	 [Node] Finished "norm_rpt", elapsed time 19.236902s.
250527-22:02:53,306 nipype.workflow INFO:
	 [Node] Setting-up "fmriprep_25_0_wf.sub_GEO021_wf.bold_ses_t2_task_image_run_1_wf.carpetplot_wf.parcels" in "/work/fmriprep_25_0_wf/sub_GEO021_wf/bold_ses_t2_task_image_run_1_wf/carpetplot_wf/parcels".
250527-22:02:53,311 nipype.workflow INFO:
	 [Node] Setting-up "fmriprep_25_0_wf.sub_GEO021_wf.bold_ses_t2_task_image_run_2_wf.carpetplot_wf.parcels" in "/work/fmriprep_25_0_wf/sub_GEO021_wf/bold_ses_t2_task_image_run_2_wf/carpetplot_wf/parcels".
250527-22:02:53,323 nipype.workflow INFO:
	 [Node] Setting-up "fmriprep_25_0_wf.sub_GEO021_wf.bold_ses_t2_task_image_run_3_wf.carpetplot_wf.parcels" in "/work/fmriprep_25_0_wf/sub_GEO021_wf/bold_ses_t2_task_image_run_3_wf/carpetplot_wf/parcels".
250527-22:02:53,327 nipype.workflow INFO:
	 [Node] Setting-up "fmriprep_25_0_wf.sub_GEO021_wf.bold_ses_t2_task_image_run_4_wf.carpetplot_wf.parcels" in "/work/fmriprep_25_0_wf/sub_GEO021_wf/bold_ses_t2_task_image_run_4_wf/carpetplot_wf/parcels".
250527-22:02:54,640 nipype.workflow INFO:
	 [Node] Executing "parcels" <nipype.interfaces.utility.wrappers.Function>
250527-22:02:54,663 nipype.workflow INFO:
	 [Node] Executing "parcels" <nipype.interfaces.utility.wrappers.Function>
250527-22:02:54,669 nipype.workflow INFO:
	 [Node] Executing "parcels" <nipype.interfaces.utility.wrappers.Function>
250527-22:02:54,690 nipype.workflow INFO:
	 [Node] Executing "parcels" <nipype.interfaces.utility.wrappers.Function>
250527-22:02:54,809 nipype.interface WARNING:
	 Changing /out/sub-GEO021/ses-t2/func/sub-GEO021_ses-t2_task-image_run-5_space-MNI152NLin2009cAsym_desc-brain_mask.nii.gz dtype from float64 to uint8
250527-22:02:54,829 nipype.workflow INFO:
	 [Node] Finished "parcels", elapsed time 0.158877s.
250527-22:02:54,835 nipype.workflow INFO:
	 [Node] Finished "parcels", elapsed time 0.170327s.
250527-22:02:54,835 nipype.workflow INFO:
	 [Node] Finished "parcels", elapsed time 0.19342s.
250527-22:02:54,845 nipype.workflow INFO:
	 [Node] Finished "parcels", elapsed time 0.153983s.
250527-22:02:56,105 nipype.workflow INFO:
	 [Node] Setting-up "_acc_msk_brain0" in "/work/fmriprep_25_0_wf/sub_GEO021_wf/bold_ses_t2_task_image_run_5_wf/bold_confounds_wf/acc_msk_brain/mapflow/_acc_msk_brain0".
250527-22:02:57,359 nipype.workflow INFO:
	 [Node] Executing "_acc_msk_brain0" <niworkflows.interfaces.nibabel.ApplyMask>
250527-22:02:57,668 nipype.workflow INFO:
	 [Node] Finished "_acc_msk_brain0", elapsed time 0.30797s.
250527-22:02:58,175 nipype.workflow INFO:
	 [Node] Setting-up "fmriprep_25_0_wf.sub_GEO021_wf.bold_ses_t2_task_image_run_1_wf.carpetplot_wf.conf_plot" in "/work/fmriprep_25_0_wf/sub_GEO021_wf/bold_ses_t2_task_image_run_1_wf/carpetplot_wf/conf_plot".
250527-22:02:58,176 nipype.workflow INFO:
	 [Node] Setting-up "fmriprep_25_0_wf.sub_GEO021_wf.bold_ses_t2_task_image_run_2_wf.carpetplot_wf.conf_plot" in "/work/fmriprep_25_0_wf/sub_GEO021_wf/bold_ses_t2_task_image_run_2_wf/carpetplot_wf/conf_plot".
250527-22:02:58,183 nipype.workflow INFO:
	 [Node] Setting-up "_acc_msk_brain1" in "/work/fmriprep_25_0_wf/sub_GEO021_wf/bold_ses_t2_task_image_run_5_wf/bold_confounds_wf/acc_msk_brain/mapflow/_acc_msk_brain1".
250527-22:02:58,193 nipype.workflow INFO:
	 [Node] Setting-up "_acc_msk_brain2" in "/work/fmriprep_25_0_wf/sub_GEO021_wf/bold_ses_t2_task_image_run_5_wf/bold_confounds_wf/acc_msk_brain/mapflow/_acc_msk_brain2".
250527-22:02:58,467 nipype.workflow INFO:
	 [Node] Setting-up "_anat2std_tpms0" in "/work/fmriprep_25_0_wf/sub_GEO021_wf/ds_std_volumes_wf/_in_tuple_MNI152NLin2009cAsym.resnative/anat2std_tpms/mapflow/_anat2std_tpms0".
250527-22:02:59,409 nipype.workflow INFO:
	 [Node] Executing "_acc_msk_brain1" <niworkflows.interfaces.nibabel.ApplyMask>
250527-22:02:59,459 nipype.workflow INFO:
	 [Node] Executing "conf_plot" <fmriprep.interfaces.confounds.FMRISummary>
250527-22:02:59,518 nipype.workflow INFO:
	 [Node] Executing "_acc_msk_brain2" <niworkflows.interfaces.nibabel.ApplyMask>
250527-22:02:59,620 nipype.workflow INFO:
	 [Node] Finished "_acc_msk_brain1", elapsed time 0.205386s.
250527-22:02:59,750 nipype.workflow INFO:
	 [Node] Finished "_acc_msk_brain2", elapsed time 0.228888s.
250527-22:02:59,758 nipype.workflow INFO:
	 [Node] Executing "_anat2std_tpms0" <niworkflows.interfaces.fixes.FixHeaderApplyTransforms>
250527-22:02:59,870 nipype.workflow INFO:
	 [Node] Executing "conf_plot" <fmriprep.interfaces.confounds.FMRISummary>
250527-22:03:00,612 nipype.workflow INFO:
	 [Node] Setting-up "_anat2std_tpms1" in "/work/fmriprep_25_0_wf/sub_GEO021_wf/ds_std_volumes_wf/_in_tuple_MNI152NLin2009cAsym.resnative/anat2std_tpms/mapflow/_anat2std_tpms1".
250527-22:03:01,467 nipype.workflow INFO:
	 [Node] Executing "_anat2std_tpms1" <niworkflows.interfaces.fixes.FixHeaderApplyTransforms>
250527-22:03:03,262 nipype.workflow INFO:
	 [Node] Setting-up "_acc_msk_brain0" in "/work/fmriprep_25_0_wf/sub_GEO021_wf/bold_ses_t2_task_image_run_5_wf/bold_confounds_wf/acc_msk_brain/mapflow/_acc_msk_brain0".
250527-22:03:03,266 nipype.workflow INFO:
	 [Node] Cached "_acc_msk_brain0" - collecting precomputed outputs
250527-22:03:03,266 nipype.workflow INFO:
	 [Node] "_acc_msk_brain0" found cached.
250527-22:03:03,267 nipype.workflow INFO:
	 [Node] Setting-up "_acc_msk_brain1" in "/work/fmriprep_25_0_wf/sub_GEO021_wf/bold_ses_t2_task_image_run_5_wf/bold_confounds_wf/acc_msk_brain/mapflow/_acc_msk_brain1".
250527-22:03:03,272 nipype.workflow INFO:
	 [Node] Cached "_acc_msk_brain1" - collecting precomputed outputs
250527-22:03:03,272 nipype.workflow INFO:
	 [Node] "_acc_msk_brain1" found cached.
250527-22:03:03,272 nipype.workflow INFO:
	 [Node] Setting-up "_acc_msk_brain2" in "/work/fmriprep_25_0_wf/sub_GEO021_wf/bold_ses_t2_task_image_run_5_wf/bold_confounds_wf/acc_msk_brain/mapflow/_acc_msk_brain2".
250527-22:03:03,277 nipype.workflow INFO:
	 [Node] Cached "_acc_msk_brain2" - collecting precomputed outputs
250527-22:03:03,277 nipype.workflow INFO:
	 [Node] "_acc_msk_brain2" found cached.
250527-22:03:04,718 nipype.workflow INFO:
	 [Node] Setting-up "_anat2std_tpms2" in "/work/fmriprep_25_0_wf/sub_GEO021_wf/ds_std_volumes_wf/_in_tuple_MNI152NLin2009cAsym.resnative/anat2std_tpms/mapflow/_anat2std_tpms2".
250527-22:03:05,533 nipype.workflow INFO:
	 [Node] Executing "_anat2std_tpms2" <niworkflows.interfaces.fixes.FixHeaderApplyTransforms>
250527-22:03:11,632 nipype.workflow INFO:
	 [Node] Finished "conf_plot", elapsed time 12.169584s.
250527-22:03:11,715 nipype.workflow INFO:
	 [Node] Finished "conf_plot", elapsed time 11.842044s.
250527-22:03:12,344 nipype.workflow INFO:
	 [Node] Finished "_anat2std_tpms0", elapsed time 12.584438s.
250527-22:03:12,552 nipype.workflow INFO:
	 [Node] Setting-up "fmriprep_25_0_wf.sub_GEO021_wf.bold_ses_t2_task_image_run_3_wf.carpetplot_wf.conf_plot" in "/work/fmriprep_25_0_wf/sub_GEO021_wf/bold_ses_t2_task_image_run_3_wf/carpetplot_wf/conf_plot".
250527-22:03:13,687 nipype.workflow INFO:
	 [Node] Executing "conf_plot" <fmriprep.interfaces.confounds.FMRISummary>
250527-22:03:13,935 nipype.workflow INFO:
	 [Node] Finished "_anat2std_tpms1", elapsed time 12.464508s.
250527-22:03:15,301 nipype.workflow INFO:
	 [Node] Setting-up "fmriprep_25_0_wf.sub_GEO021_wf.bold_ses_t2_task_image_run_4_wf.carpetplot_wf.conf_plot" in "/work/fmriprep_25_0_wf/sub_GEO021_wf/bold_ses_t2_task_image_run_4_wf/carpetplot_wf/conf_plot".
250527-22:03:16,489 nipype.workflow INFO:
	 [Node] Executing "conf_plot" <fmriprep.interfaces.confounds.FMRISummary>
250527-22:03:18,254 nipype.workflow INFO:
	 [Node] Setting-up "_acc_msk_bin0" in "/work/fmriprep_25_0_wf/sub_GEO021_wf/bold_ses_t2_task_image_run_5_wf/bold_confounds_wf/acc_msk_bin/mapflow/_acc_msk_bin0".
250527-22:03:18,258 nipype.workflow INFO:
	 [Node] Setting-up "_acc_msk_bin1" in "/work/fmriprep_25_0_wf/sub_GEO021_wf/bold_ses_t2_task_image_run_5_wf/bold_confounds_wf/acc_msk_bin/mapflow/_acc_msk_bin1".
250527-22:03:18,316 nipype.workflow INFO:
	 [Node] Finished "_anat2std_tpms2", elapsed time 12.780317s.
250527-22:03:19,570 nipype.workflow INFO:
	 [Node] Executing "_acc_msk_bin0" <niworkflows.interfaces.nibabel.Binarize>
250527-22:03:19,576 nipype.workflow INFO:
	 [Node] Executing "_acc_msk_bin1" <niworkflows.interfaces.nibabel.Binarize>
250527-22:03:19,846 nipype.workflow INFO:
	 [Node] Finished "_acc_msk_bin0", elapsed time 0.275204s.
250527-22:03:19,850 nipype.workflow INFO:
	 [Node] Finished "_acc_msk_bin1", elapsed time 0.270708s.
250527-22:03:20,648 nipype.workflow INFO:
	 [Node] Setting-up "_acc_msk_bin2" in "/work/fmriprep_25_0_wf/sub_GEO021_wf/bold_ses_t2_task_image_run_5_wf/bold_confounds_wf/acc_msk_bin/mapflow/_acc_msk_bin2".
250527-22:03:21,286 nipype.workflow INFO:
	 [Node] Setting-up "_anat2std_tpms0" in "/work/fmriprep_25_0_wf/sub_GEO021_wf/ds_std_volumes_wf/_in_tuple_MNI152NLin2009cAsym.resnative/anat2std_tpms/mapflow/_anat2std_tpms0".
250527-22:03:21,297 nipype.workflow INFO:
	 [Node] Cached "_anat2std_tpms0" - collecting precomputed outputs
250527-22:03:21,297 nipype.workflow INFO:
	 [Node] "_anat2std_tpms0" found cached.
250527-22:03:21,298 nipype.workflow INFO:
	 [Node] Setting-up "_anat2std_tpms1" in "/work/fmriprep_25_0_wf/sub_GEO021_wf/ds_std_volumes_wf/_in_tuple_MNI152NLin2009cAsym.resnative/anat2std_tpms/mapflow/_anat2std_tpms1".
250527-22:03:21,312 nipype.workflow INFO:
	 [Node] Cached "_anat2std_tpms1" - collecting precomputed outputs
250527-22:03:21,312 nipype.workflow INFO:
	 [Node] "_anat2std_tpms1" found cached.
250527-22:03:21,313 nipype.workflow INFO:
	 [Node] Setting-up "_anat2std_tpms2" in "/work/fmriprep_25_0_wf/sub_GEO021_wf/ds_std_volumes_wf/_in_tuple_MNI152NLin2009cAsym.resnative/anat2std_tpms/mapflow/_anat2std_tpms2".
250527-22:03:21,325 nipype.workflow INFO:
	 [Node] Cached "_anat2std_tpms2" - collecting precomputed outputs
250527-22:03:21,325 nipype.workflow INFO:
	 [Node] "_anat2std_tpms2" found cached.
250527-22:03:21,487 nipype.workflow INFO:
	 [Node] Executing "_acc_msk_bin2" <niworkflows.interfaces.nibabel.Binarize>
250527-22:03:21,761 nipype.workflow INFO:
	 [Node] Finished "_acc_msk_bin2", elapsed time 0.273695s.
250527-22:03:25,761 nipype.workflow INFO:
	 [Node] Finished "conf_plot", elapsed time 12.071884s.
250527-22:03:28,431 nipype.workflow INFO:
	 [Node] Finished "conf_plot", elapsed time 11.939963s.
250527-22:03:28,772 nipype.workflow INFO:
	 [Node] Setting-up "_acc_msk_bin0" in "/work/fmriprep_25_0_wf/sub_GEO021_wf/bold_ses_t2_task_image_run_5_wf/bold_confounds_wf/acc_msk_bin/mapflow/_acc_msk_bin0".
250527-22:03:28,783 nipype.workflow INFO:
	 [Node] Cached "_acc_msk_bin0" - collecting precomputed outputs
250527-22:03:28,783 nipype.workflow INFO:
	 [Node] "_acc_msk_bin0" found cached.
250527-22:03:28,784 nipype.workflow INFO:
	 [Node] Setting-up "_acc_msk_bin1" in "/work/fmriprep_25_0_wf/sub_GEO021_wf/bold_ses_t2_task_image_run_5_wf/bold_confounds_wf/acc_msk_bin/mapflow/_acc_msk_bin1".
250527-22:03:28,788 nipype.workflow INFO:
	 [Node] Cached "_acc_msk_bin1" - collecting precomputed outputs
250527-22:03:28,789 nipype.workflow INFO:
	 [Node] "_acc_msk_bin1" found cached.
250527-22:03:28,789 nipype.workflow INFO:
	 [Node] Setting-up "_acc_msk_bin2" in "/work/fmriprep_25_0_wf/sub_GEO021_wf/bold_ses_t2_task_image_run_5_wf/bold_confounds_wf/acc_msk_bin/mapflow/_acc_msk_bin2".
250527-22:03:28,795 nipype.workflow INFO:
	 [Node] Cached "_acc_msk_bin2" - collecting precomputed outputs
250527-22:03:28,796 nipype.workflow INFO:
	 [Node] "_acc_msk_bin2" found cached.
250527-22:03:30,542 nipype.workflow INFO:
	 [Node] Setting-up "fmriprep_25_0_wf.sub_GEO021_wf.bold_ses_t2_task_image_run_5_wf.bold_confounds_wf.acompcor" in "/work/fmriprep_25_0_wf/sub_GEO021_wf/bold_ses_t2_task_image_run_5_wf/bold_confounds_wf/acompcor".
250527-22:03:31,515 nipype.workflow INFO:
	 [Node] Executing "acompcor" <niworkflows.interfaces.patches.RobustACompCor>
250527-22:03:34,33 nipype.workflow INFO:
	 [Node] Setting-up "fmriprep_25_0_wf.sub_GEO021_wf.bold_ses_t2_task_image_run_5_wf.carpetplot_wf.parcels" in "/work/fmriprep_25_0_wf/sub_GEO021_wf/bold_ses_t2_task_image_run_5_wf/carpetplot_wf/parcels".
250527-22:03:35,145 nipype.workflow INFO:
	 [Node] Executing "parcels" <nipype.interfaces.utility.wrappers.Function>
250527-22:03:35,337 nipype.workflow INFO:
	 [Node] Finished "parcels", elapsed time 0.189224s.
250527-22:03:38,116 nipype.workflow INFO:
	 [Node] Finished "acompcor", elapsed time 6.598572s.
250527-22:03:40,369 nipype.workflow INFO:
	 [Node] Setting-up "fmriprep_25_0_wf.sub_GEO021_wf.bold_ses_t2_task_image_run_5_wf.bold_confounds_wf.rename_acompcor" in "/work/fmriprep_25_0_wf/sub_GEO021_wf/bold_ses_t2_task_image_run_5_wf/bold_confounds_wf/rename_acompcor".
250527-22:03:40,371 nipype.workflow INFO:
	 [Node] Setting-up "fmriprep_25_0_wf.sub_GEO021_wf.bold_ses_t2_task_image_run_5_wf.bold_confounds_wf.signals" in "/work/fmriprep_25_0_wf/sub_GEO021_wf/bold_ses_t2_task_image_run_5_wf/bold_confounds_wf/signals".
250527-22:03:41,536 nipype.workflow INFO:
	 [Node] Executing "signals" <niworkflows.interfaces.images.SignalExtraction>
250527-22:03:41,559 nipype.workflow INFO:
	 [Node] Executing "rename_acompcor" <fmriprep.interfaces.confounds.RenameACompCor>
250527-22:03:41,987 nipype.workflow INFO:
	 [Node] Finished "rename_acompcor", elapsed time 0.425854s.
250527-22:03:42,650 nipype.workflow INFO:
	 [Node] Setting-up "fmriprep_25_0_wf.sub_GEO021_wf.bold_ses_t2_task_image_run_5_wf.bold_confounds_wf.compcor_plot" in "/work/fmriprep_25_0_wf/sub_GEO021_wf/bold_ses_t2_task_image_run_5_wf/bold_confounds_wf/compcor_plot".
250527-22:03:43,693 nipype.workflow INFO:
	 [Node] Executing "compcor_plot" <nireports.interfaces.nuisance.CompCorVariancePlot>
250527-22:03:44,102 nipype.workflow INFO:
	 [Node] Finished "compcor_plot", elapsed time 0.406371s.
250527-22:03:44,650 nipype.workflow INFO:
	 [Node] Setting-up "fmriprep_25_0_wf.sub_GEO021_wf.bold_ses_t2_task_image_run_5_wf.bold_confounds_wf.acc_metadata_filter" in "/work/fmriprep_25_0_wf/sub_GEO021_wf/bold_ses_t2_task_image_run_5_wf/bold_confounds_wf/acc_metadata_filter".
250527-22:03:45,474 nipype.workflow INFO:
	 [Node] Executing "acc_metadata_filter" <fmriprep.interfaces.confounds.FilterDropped>
250527-22:03:45,574 nipype.workflow INFO:
	 [Node] Finished "acc_metadata_filter", elapsed time 0.097094s.
250527-22:03:46,648 nipype.workflow INFO:
	 [Node] Setting-up "fmriprep_25_0_wf.sub_GEO021_wf.bold_ses_t2_task_image_run_5_wf.bold_confounds_wf.acc_metadata_fmt" in "/work/fmriprep_25_0_wf/sub_GEO021_wf/bold_ses_t2_task_image_run_5_wf/bold_confounds_wf/acc_metadata_fmt".
250527-22:03:47,727 nipype.workflow INFO:
	 [Node] Executing "acc_metadata_fmt" <niworkflows.interfaces.utility.TSV2JSON>
250527-22:03:47,742 nipype.workflow INFO:
	 [Node] Finished "acc_metadata_fmt", elapsed time 0.013092s.
250527-22:03:47,869 nipype.workflow INFO:
	 [Node] Finished "signals", elapsed time 6.332247s.
250527-22:03:48,935 nipype.workflow INFO:
	 [Node] Setting-up "fmriprep_25_0_wf.sub_GEO021_wf.bold_ses_t2_task_image_run_5_wf.bold_confounds_wf.rois_plot" in "/work/fmriprep_25_0_wf/sub_GEO021_wf/bold_ses_t2_task_image_run_5_wf/bold_confounds_wf/rois_plot".
250527-22:03:49,678 nipype.workflow INFO:
	 [Node] Executing "rois_plot" <niworkflows.interfaces.reportlets.masks.ROIsPlot>
250527-22:03:53,712 nipype.workflow INFO:
	 [Node] Setting-up "fmriprep_25_0_wf.sub_GEO021_wf.bold_ses_t2_task_image_run_5_wf.bold_confounds_wf.model_expansion" in "/work/fmriprep_25_0_wf/sub_GEO021_wf/bold_ses_t2_task_image_run_5_wf/bold_confounds_wf/model_expansion".
250527-22:03:53,714 nipype.workflow INFO:
	 [Node] Setting-up "fmriprep_25_0_wf.sub_GEO021_wf.bold_ses_t2_task_image_run_5_wf.bold_confounds_wf.conf_corr_plot" in "/work/fmriprep_25_0_wf/sub_GEO021_wf/bold_ses_t2_task_image_run_5_wf/bold_confounds_wf/conf_corr_plot".
250527-22:03:55,208 nipype.workflow INFO:
	 [Node] Executing "model_expansion" <niworkflows.interfaces.confounds.ExpandModel>
250527-22:03:55,397 nipype.workflow INFO:
	 [Node] Finished "model_expansion", elapsed time 0.177008s.
250527-22:03:55,683 nipype.workflow INFO:
	 [Node] Executing "conf_corr_plot" <nireports.interfaces.nuisance.ConfoundsCorrelationPlot>
250527-22:03:56,477 nipype.workflow INFO:
	 [Node] Setting-up "fmriprep_25_0_wf.sub_GEO021_wf.bold_ses_t2_task_image_run_5_wf.bold_confounds_wf.spike_regressors" in "/work/fmriprep_25_0_wf/sub_GEO021_wf/bold_ses_t2_task_image_run_5_wf/bold_confounds_wf/spike_regressors".
250527-22:03:56,689 nipype.workflow INFO:
	 [Node] Finished "conf_corr_plot", elapsed time 1.003489s.
250527-22:03:57,609 nipype.workflow INFO:
	 [Node] Executing "spike_regressors" <niworkflows.interfaces.confounds.SpikeRegressors>
250527-22:03:57,870 nipype.workflow INFO:
	 [Node] Finished "spike_regressors", elapsed time 0.259958s.
250527-22:04:07,878 nipype.workflow INFO:
	 [Node] Finished "rois_plot", elapsed time 18.198561s.
250527-22:04:10,762 nipype.workflow INFO:
	 [Node] Setting-up "fmriprep_25_0_wf.sub_GEO021_wf.bold_ses_t2_task_image_run_5_wf.carpetplot_wf.conf_plot" in "/work/fmriprep_25_0_wf/sub_GEO021_wf/bold_ses_t2_task_image_run_5_wf/carpetplot_wf/conf_plot".
250527-22:04:11,337 nipype.workflow INFO:
	 [Node] Executing "conf_plot" <fmriprep.interfaces.confounds.FMRISummary>
250527-22:04:21,999 nipype.workflow INFO:
	 [Node] Finished "conf_plot", elapsed time 10.658365s.
250527-22:18:57,670 nipype.workflow INFO:
	 [Node] Finished "_msmsulc0", elapsed time 2023.068265s.
250527-22:18:59,289 nipype.workflow INFO:
	 [Node] Setting-up "fmriprep_25_0_wf.sub_GEO021_wf.bold_ses_t2_task_image_run_1_wf.bold_anat_wf.resample" in "/work/fmriprep_25_0_wf/sub_GEO021_wf/bold_ses_t2_task_image_run_1_wf/bold_anat_wf/resample".
250527-22:19:00,16 nipype.workflow INFO:
	 [Node] Executing "resample" <fmriprep.interfaces.resampling.ResampleSeries>
250527-22:19:21,362 nipype.workflow INFO:
	 [Node] Finished "resample", elapsed time 21.34419s.
250527-22:19:23,286 nipype.workflow INFO:
	 [Node] Setting-up "fmriprep_25_0_wf.sub_GEO021_wf.bold_ses_t2_task_image_run_1_wf.bold_std_wf.resample" in "/work/fmriprep_25_0_wf/sub_GEO021_wf/bold_ses_t2_task_image_run_1_wf/bold_std_wf/_in_tuple_MNI152NLin2009cAsym.resnative/resample".
250527-22:19:24,523 nipype.workflow INFO:
	 [Node] Executing "resample" <fmriprep.interfaces.resampling.ResampleSeries>
250527-22:19:58,542 nipype.workflow INFO:
	 [Node] Finished "resample", elapsed time 33.997058s.
250527-22:19:59,285 nipype.workflow INFO:
	 [Node] Setting-up "fmriprep_25_0_wf.sub_GEO021_wf.bold_ses_t2_task_image_run_2_wf.bold_anat_wf.resample" in "/work/fmriprep_25_0_wf/sub_GEO021_wf/bold_ses_t2_task_image_run_2_wf/bold_anat_wf/resample".
250527-22:19:59,770 nipype.workflow INFO:
	 [Node] Executing "resample" <fmriprep.interfaces.resampling.ResampleSeries>
250527-22:20:20,276 nipype.workflow INFO:
	 [Node] Finished "resample", elapsed time 20.505209s.
250527-22:20:21,300 nipype.workflow INFO:
	 [Node] Setting-up "fmriprep_25_0_wf.sub_GEO021_wf.bold_ses_t2_task_image_run_2_wf.bold_std_wf.resample" in "/work/fmriprep_25_0_wf/sub_GEO021_wf/bold_ses_t2_task_image_run_2_wf/bold_std_wf/_in_tuple_MNI152NLin2009cAsym.resnative/resample".
250527-22:20:21,770 nipype.workflow INFO:
	 [Node] Executing "resample" <fmriprep.interfaces.resampling.ResampleSeries>
250527-22:20:55,115 nipype.workflow INFO:
	 [Node] Finished "resample", elapsed time 33.343523s.
250527-22:20:57,305 nipype.workflow INFO:
	 [Node] Setting-up "fmriprep_25_0_wf.sub_GEO021_wf.bold_ses_t2_task_image_run_3_wf.bold_anat_wf.resample" in "/work/fmriprep_25_0_wf/sub_GEO021_wf/bold_ses_t2_task_image_run_3_wf/bold_anat_wf/resample".
250527-22:20:58,316 nipype.workflow INFO:
	 [Node] Executing "resample" <fmriprep.interfaces.resampling.ResampleSeries>
250527-22:21:18,605 nipype.workflow INFO:
	 [Node] Finished "resample", elapsed time 20.283531s.
250527-22:21:19,247 nipype.workflow INFO:
	 [Node] Setting-up "fmriprep_25_0_wf.sub_GEO021_wf.bold_ses_t2_task_image_run_3_wf.bold_std_wf.resample" in "/work/fmriprep_25_0_wf/sub_GEO021_wf/bold_ses_t2_task_image_run_3_wf/bold_std_wf/_in_tuple_MNI152NLin2009cAsym.resnative/resample".
250527-22:21:20,912 nipype.workflow INFO:
	 [Node] Executing "resample" <fmriprep.interfaces.resampling.ResampleSeries>
250527-22:21:54,880 nipype.workflow INFO:
	 [Node] Finished "resample", elapsed time 33.967412s.
250527-22:21:57,340 nipype.workflow INFO:
	 [Node] Setting-up "fmriprep_25_0_wf.sub_GEO021_wf.bold_ses_t2_task_image_run_4_wf.bold_anat_wf.resample" in "/work/fmriprep_25_0_wf/sub_GEO021_wf/bold_ses_t2_task_image_run_4_wf/bold_anat_wf/resample".
250527-22:21:58,195 nipype.workflow INFO:
	 [Node] Executing "resample" <fmriprep.interfaces.resampling.ResampleSeries>
250527-22:22:18,488 nipype.workflow INFO:
	 [Node] Finished "resample", elapsed time 20.291481s.
250527-22:22:19,321 nipype.workflow INFO:
	 [Node] Setting-up "fmriprep_25_0_wf.sub_GEO021_wf.bold_ses_t2_task_image_run_4_wf.bold_std_wf.resample" in "/work/fmriprep_25_0_wf/sub_GEO021_wf/bold_ses_t2_task_image_run_4_wf/bold_std_wf/_in_tuple_MNI152NLin2009cAsym.resnative/resample".
250527-22:22:19,746 nipype.workflow INFO:
	 [Node] Executing "resample" <fmriprep.interfaces.resampling.ResampleSeries>
250527-22:22:53,772 nipype.workflow INFO:
	 [Node] Finished "resample", elapsed time 34.024268s.
250527-22:22:55,329 nipype.workflow INFO:
	 [Node] Setting-up "fmriprep_25_0_wf.sub_GEO021_wf.bold_ses_t2_task_image_run_5_wf.bold_anat_wf.resample" in "/work/fmriprep_25_0_wf/sub_GEO021_wf/bold_ses_t2_task_image_run_5_wf/bold_anat_wf/resample".
250527-22:22:56,199 nipype.workflow INFO:
	 [Node] Executing "resample" <fmriprep.interfaces.resampling.ResampleSeries>
250527-22:23:15,318 nipype.workflow INFO:
	 [Node] Finished "resample", elapsed time 19.117936s.
250527-22:23:17,325 nipype.workflow INFO:
	 [Node] Setting-up "fmriprep_25_0_wf.sub_GEO021_wf.bold_ses_t2_task_image_run_5_wf.bold_std_wf.resample" in "/work/fmriprep_25_0_wf/sub_GEO021_wf/bold_ses_t2_task_image_run_5_wf/bold_std_wf/_in_tuple_MNI152NLin2009cAsym.resnative/resample".
250527-22:23:20,119 nipype.workflow INFO:
	 [Node] Executing "resample" <fmriprep.interfaces.resampling.ResampleSeries>
250527-22:23:50,488 nipype.workflow INFO:
	 [Node] Finished "resample", elapsed time 30.366941s.
250527-22:23:51,358 nipype.workflow INFO:
	 [Node] Setting-up "fmriprep_25_0_wf.sub_GEO021_wf.bold_ses_t2_task_image_run_1_wf.ds_bold_std_wf.ds_bold" in "/work/fmriprep_25_0_wf/sub_GEO021_wf/bold_ses_t2_task_image_run_1_wf/ds_bold_std_wf/_in_tuple_MNI152NLin2009cAsym.resnative/ds_bold".
250527-22:23:51,390 nipype.workflow INFO:
	 [Node] Setting-up "fmriprep_25_0_wf.sub_GEO021_wf.bold_ses_t2_task_image_run_2_wf.ds_bold_std_wf.ds_bold" in "/work/fmriprep_25_0_wf/sub_GEO021_wf/bold_ses_t2_task_image_run_2_wf/ds_bold_std_wf/_in_tuple_MNI152NLin2009cAsym.resnative/ds_bold".
250527-22:23:51,402 nipype.workflow INFO:
	 [Node] Setting-up "fmriprep_25_0_wf.sub_GEO021_wf.bold_ses_t2_task_image_run_3_wf.ds_bold_std_wf.ds_bold" in "/work/fmriprep_25_0_wf/sub_GEO021_wf/bold_ses_t2_task_image_run_3_wf/ds_bold_std_wf/_in_tuple_MNI152NLin2009cAsym.resnative/ds_bold".
250527-22:23:51,414 nipype.workflow INFO:
	 [Node] Setting-up "fmriprep_25_0_wf.sub_GEO021_wf.bold_ses_t2_task_image_run_4_wf.ds_bold_std_wf.ds_bold" in "/work/fmriprep_25_0_wf/sub_GEO021_wf/bold_ses_t2_task_image_run_4_wf/ds_bold_std_wf/_in_tuple_MNI152NLin2009cAsym.resnative/ds_bold".
250527-22:23:51,424 nipype.workflow INFO:
	 [Node] Setting-up "fmriprep_25_0_wf.sub_GEO021_wf.bold_ses_t2_task_image_run_5_wf.ds_bold_std_wf.ds_bold" in "/work/fmriprep_25_0_wf/sub_GEO021_wf/bold_ses_t2_task_image_run_5_wf/ds_bold_std_wf/_in_tuple_MNI152NLin2009cAsym.resnative/ds_bold".
250527-22:23:52,435 nipype.workflow INFO:
	 [Node] Executing "ds_bold" <fmriprep.interfaces.DerivativesDataSink>
250527-22:23:52,774 nipype.workflow INFO:
	 [Node] Executing "ds_bold" <fmriprep.interfaces.DerivativesDataSink>
250527-22:23:52,775 nipype.workflow INFO:
	 [Node] Executing "ds_bold" <fmriprep.interfaces.DerivativesDataSink>
250527-22:23:52,784 nipype.workflow INFO:
	 [Node] Executing "ds_bold" <fmriprep.interfaces.DerivativesDataSink>
250527-22:23:52,790 nipype.workflow INFO:
	 [Node] Executing "ds_bold" <fmriprep.interfaces.DerivativesDataSink>
250527-22:24:19,16 nipype.workflow INFO:
	 [Node] Finished "ds_bold", elapsed time 26.579753s.
250527-22:24:22,309 nipype.workflow INFO:
	 [Node] Finished "ds_bold", elapsed time 29.509944s.
250527-22:24:22,374 nipype.workflow INFO:
	 [Node] Finished "ds_bold", elapsed time 29.588063s.
250527-22:24:23,156 nipype.workflow INFO:
	 [Node] Finished "ds_bold", elapsed time 30.365021s.
250527-22:24:26,237 nipype.workflow INFO:
	 [Node] Finished "ds_bold", elapsed time 33.461108s.
250527-22:33:18,700 nipype.workflow INFO:
	 [Node] Finished "_msmsulc1", elapsed time 1929.059335s.
250527-22:33:22,18 nipype.workflow INFO:
	 [Node] Setting-up "_msmsulc0" in "/work/fmriprep_25_0_wf/sub_GEO021_wf/anat_fit_wf/msm_sulc_wf/msmsulc/mapflow/_msmsulc0".
250527-22:33:22,74 nipype.workflow INFO:
	 [Node] Cached "_msmsulc0" - collecting precomputed outputs
250527-22:33:22,74 nipype.workflow INFO:
	 [Node] "_msmsulc0" found cached.
250527-22:33:22,75 nipype.workflow INFO:
	 [Node] Setting-up "_msmsulc1" in "/work/fmriprep_25_0_wf/sub_GEO021_wf/anat_fit_wf/msm_sulc_wf/msmsulc/mapflow/_msmsulc1".
250527-22:33:22,81 nipype.workflow INFO:
	 [Node] Cached "_msmsulc1" - collecting precomputed outputs
250527-22:33:22,81 nipype.workflow INFO:
	 [Node] "_msmsulc1" found cached.
250527-22:33:37,346 nipype.workflow IMPORTANT:
	 fMRIPrep finished successfully!
250527-22:33:37,477 nipype.workflow IMPORTANT:
	 Works derived from this fMRIPrep execution should include the boilerplate text found in <OUTPUT_PATH>/logs/CITATION.md.
